# 260408_13:21:58.935381
t	CH1	CH2
0.000000e+00	-5.452062e-03	1.292133e+00
1.000000e-08	-4.628346e-03	9.753494e-01
2.000000e-08	-3.920755e-03	7.648106e-01
3.000000e-08	-3.606773e-03	5.356867e-01
4.000000e-08	-3.380205e-03	3.352617e-01
5.000000e-08	-3.337426e-03	7.102889e-02
6.000000e-08	1.966729e-03	-1.409950e-01
7.000000e-08	3.496754e-03	-3.589961e-01
8.000000e-08	-2.900117e-03	-5.724500e-01
9.000000e-08	2.526823e-03	-8.111526e-01
1.000000e-07	-2.372167e-03	-9.911276e-01
1.100000e-07	5.549644e-04	-1.190551e+00
1.200000e-07	2.313369e-03	-1.385312e+00
1.300000e-07	4.645301e-02	-1.645200e+00
1.400000e-07	7.573120e-02	-1.884261e+00
1.500000e-07	-6.499975e-02	-2.170625e+00
1.600000e-07	-2.184615e-02	-2.515841e+00
1.700000e-07	-4.571458e-02	-2.717394e+00
1.800000e-07	-6.895890e-02	-2.824583e+00
1.900000e-07	9.484054e-02	-2.941119e+00
2.000000e-07	4.977721e-02	-3.191676e+00
2.100000e-07	-1.121835e-01	-3.464813e+00
2.200000e-07	1.738694e-01	-3.610999e+00
2.300000e-07	-1.273144e-01	-3.844782e+00
2.400000e-07	6.901329e-04	-4.086415e+00
2.500000e-07	9.738838e-02	-4.284207e+00
2.600000e-07	-1.226372e-01	-4.517437e+00
2.700000e-07	1.050719e-01	-4.697932e+00
2.800000e-07	-1.840759e-02	-4.925940e+00
2.900000e-07	-5.839202e-02	-5.171069e+00
3.000000e-07	1.022226e-01	-5.411129e+00
3.100000e-07	-1.240062e-01	-5.686311e+00
3.200000e-07	9.327785e-02	-5.872229e+00
3.300000e-07	-3.304012e-02	-6.032654e+00
3.400000e-07	-8.026004e-03	-6.284308e+00
3.500000e-07	5.892372e-02	-6.464755e+00
3.600000e-07	-7.336629e-02	-6.704360e+00
3.700000e-07	9.441772e-02	-6.842254e+00
3.800000e-07	-9.668998e-02	-7.106382e+00
3.900000e-07	3.746545e-02	-7.295310e+00
4.000000e-07	2.275202e-02	-7.475252e+00
4.100000e-07	-3.953961e-02	-7.696360e+00
4.200000e-07	6.393869e-02	-7.874403e+00
4.300000e-07	-6.027712e-02	-8.085754e+00
4.400000e-07	4.794709e-02	-8.262649e+00
4.500000e-07	-4.630961e-02	-8.378522e+00
4.600000e-07	1.400960e-02	-8.549988e+00
4.700000e-07	2.469552e-02	-8.717935e+00
4.800000e-07	-1.085803e-02	-8.936408e+00
4.900000e-07	1.435647e-02	-9.034150e+00
5.000000e-07	-4.127535e-02	-9.159096e+00
5.100000e-07	4.240291e-02	-9.349411e+00
5.200000e-07	-1.937011e-02	-9.456281e+00
5.300000e-07	9.646280e-03	-9.633150e+00
5.400000e-07	-9.369865e-03	-9.748542e+00
5.500000e-07	1.510831e-02	-9.916356e+00
5.600000e-07	-2.765533e-04	-1.003265e+01
5.700000e-07	-1.436084e-02	-1.018004e+01
5.800000e-07	1.029886e-02	-1.029753e+01
5.900000e-07	-1.434400e-04	-1.047531e+01
6.000000e-07	5.630007e-03	-1.054909e+01
6.100000e-07	-1.329087e-02	-1.066573e+01
6.200000e-07	1.747106e-02	-1.077157e+01
6.300000e-07	-1.850271e-03	-1.088693e+01
6.400000e-07	1.802262e-03	-1.098062e+01
6.500000e-07	-8.263630e-03	-1.107493e+01
6.600000e-07	1.112643e-02	-1.120025e+01
6.700000e-07	3.029583e-03	-1.130540e+01
6.800000e-07	-1.315800e-04	-1.141519e+01
6.900000e-07	3.906791e-03	-1.148580e+01
7.000000e-07	1.090198e-03	-1.162017e+01
7.100000e-07	3.273488e-03	-1.167583e+01
7.200000e-07	-2.058341e-03	-1.174062e+01
7.300000e-07	7.695133e-03	-1.185372e+01
7.400000e-07	2.089970e-03	-1.188591e+01
7.500000e-07	4.641057e-03	-1.199059e+01
7.600000e-07	3.147008e-04	-1.202065e+01
7.700000e-07	4.791335e-03	-1.205683e+01
7.800000e-07	2.314331e-03	-1.210583e+01
7.900000e-07	4.383823e-03	-1.212849e+01
8.000000e-07	4.118587e-03	-1.216811e+01
8.100000e-07	1.866657e-03	-1.223210e+01
8.200000e-07	4.086706e-03	-1.225077e+01
8.300000e-07	5.225119e-03	-1.225277e+01
8.400000e-07	4.938115e-03	-1.226375e+01
8.500000e-07	4.046626e-03	-1.226326e+01
8.600000e-07	7.355084e-03	-1.230636e+01
8.700000e-07	9.975408e-03	-1.234641e+01
8.800000e-07	8.768326e-03	-1.228643e+01
8.900000e-07	8.984028e-03	-1.230691e+01
9.000000e-07	1.136955e-02	-1.228589e+01
9.100000e-07	1.532822e-02	-1.231533e+01
9.200000e-07	1.753134e-02	-1.230578e+01
9.300000e-07	2.199219e-02	-1.229381e+01
9.400000e-07	2.821878e-02	-1.226317e+01
9.500000e-07	3.587324e-02	-1.223117e+01
9.600000e-07	4.547214e-02	-1.218109e+01
9.700000e-07	5.684705e-02	-1.212949e+01
9.800000e-07	6.103834e-02	-1.213791e+01
9.900000e-07	5.268713e-02	-1.210486e+01
1.000000e-06	3.699951e-02	-1.205120e+01
1.010000e-06	2.532517e-02	-1.197041e+01
1.020000e-06	1.842237e-02	-1.193638e+01
1.030000e-06	1.302686e-02	-1.181274e+01
1.040000e-06	1.007529e-02	-1.173744e+01
1.050000e-06	7.784164e-03	-1.167280e+01
1.060000e-06	8.030928e-03	-1.155902e+01
1.070000e-06	6.967103e-03	-1.148480e+01
1.080000e-06	5.440932e-03	-1.139747e+01
1.090000e-06	3.595677e-03	-1.129525e+01
1.100000e-06	3.571223e-03	-1.116704e+01
1.110000e-06	3.188997e-03	-1.106217e+01
1.120000e-06	2.925342e-03	-1.097994e+01
1.130000e-06	2.536591e-03	-1.090423e+01
1.140000e-06	1.407095e-03	-1.074796e+01
1.150000e-06	1.675925e-03	-1.066380e+01
1.160000e-06	1.187809e-03	-1.055937e+01
1.170000e-06	8.397386e-04	-1.043423e+01
1.180000e-06	1.241713e-03	-1.036391e+01
1.190000e-06	1.182248e-03	-1.016849e+01
1.200000e-06	5.174316e-04	-1.005223e+01
1.210000e-06	2.253764e-04	-9.936833e+00
1.220000e-06	6.450906e-04	-9.800596e+00
1.230000e-06	2.969266e-04	-9.692825e+00
1.240000e-06	-9.063346e-04	-9.537411e+00
1.250000e-06	-1.126054e-03	-9.378541e+00
1.260000e-06	9.176718e-05	-9.291645e+00
1.270000e-06	-7.401589e-04	-9.074182e+00
1.280000e-06	-1.268453e-03	-8.886885e+00
1.290000e-06	-1.580070e-03	-8.788416e+00
1.300000e-06	-6.844785e-04	-8.582069e+00
1.310000e-06	-1.378040e-03	-8.440147e+00
1.320000e-06	-2.295488e-03	-8.263152e+00
1.330000e-06	-1.941336e-03	-8.095735e+00
1.340000e-06	-1.925560e-03	-7.945332e+00
1.350000e-06	-2.094509e-03	-7.705831e+00
1.360000e-06	-3.053402e-03	-7.494354e+00
1.370000e-06	-2.612479e-03	-7.365806e+00
1.380000e-06	-2.463301e-03	-7.134254e+00
1.390000e-06	-2.354190e-03	-6.894806e+00
1.400000e-06	-3.697931e-03	-6.756859e+00
1.410000e-06	-3.174028e-03	-6.545436e+00
1.420000e-06	-2.864580e-03	-6.377385e+00
1.430000e-06	-2.843755e-03	-6.146313e+00
1.440000e-06	-3.971505e-03	-5.947911e+00
1.450000e-06	-3.675802e-03	-5.768363e+00
1.460000e-06	-3.211437e-03	-5.577464e+00
1.470000e-06	-3.159220e-03	-5.336359e+00
1.480000e-06	-3.945864e-03	-5.095760e+00
1.490000e-06	-2.948328e-03	-4.810577e+00
1.500000e-06	-3.071544e-03	-4.628546e+00
1.510000e-06	-3.539143e-03	-4.439601e+00
1.520000e-06	-4.133936e-03	-4.251597e+00
1.530000e-06	-3.288391e-03	-4.052603e+00
1.540000e-06	-3.875722e-03	-3.799624e+00
1.550000e-06	-4.108215e-03	-3.599000e+00
1.560000e-06	-4.353793e-03	-3.399418e+00
1.570000e-06	-4.858047e-03	-3.199445e+00
1.580000e-06	-4.090484e-03	-2.944784e+00
1.590000e-06	-3.181516e-03	-2.685234e+00
1.600000e-06	-4.443529e-03	-2.473184e+00
1.610000e-06	-4.821371e-03	-2.254633e+00
1.620000e-06	-4.768203e-03	-2.049924e+00
1.630000e-06	-4.377634e-03	-1.810055e+00
1.640000e-06	-4.882166e-03	-1.540370e+00
1.650000e-06	-4.856670e-03	-1.362182e+00
1.660000e-06	-4.915704e-03	-1.040503e+00
1.670000e-06	-4.865301e-03	-8.410777e-01
1.680000e-06	-5.323508e-03	-6.204526e-01
1.690000e-06	-5.037819e-03	-3.689423e-01
1.700000e-06	-4.454050e-03	-1.377909e-01
1.710000e-06	-1.411346e-03	4.261157e-02
1.720000e-06	3.340550e-03	2.978158e-01
1.730000e-06	-4.751930e-03	4.787907e-01
1.740000e-06	5.740300e-04	7.173657e-01
1.750000e-06	-3.280143e-03	8.958618e-01
1.760000e-06	-1.592235e-03	1.149500e+00
1.770000e-06	-3.967250e-03	1.400050e+00
1.780000e-06	4.329330e-03	1.673707e+00
1.790000e-06	3.570804e-02	1.870708e+00
1.800000e-06	6.715570e-02	2.043709e+00
1.810000e-06	-4.102756e-02	2.308870e+00
1.820000e-06	-4.466870e-02	2.559050e+00
1.830000e-06	-2.935001e-02	2.800551e+00
1.840000e-06	-4.433271e-02	2.978470e+00
1.850000e-06	-3.584952e-02	3.170422e+00
1.860000e-06	1.399443e-01	3.325985e+00
1.870000e-06	-8.538241e-02	3.571022e+00
1.880000e-06	-5.685491e-03	3.686336e+00
1.890000e-06	8.915802e-02	3.962046e+00
1.900000e-06	-1.182573e-01	4.230579e+00
1.910000e-06	6.073084e-02	4.401524e+00
1.920000e-06	4.058052e-03	4.611753e+00
1.930000e-06	-4.732027e-02	4.833100e+00
1.940000e-06	4.903439e-02	5.107886e+00
1.950000e-06	-3.185164e-02	5.340994e+00
1.960000e-06	6.897069e-03	5.590521e+00
1.970000e-06	-4.045831e-03	5.779174e+00
1.980000e-06	-2.230051e-02	6.021519e+00
1.990000e-06	6.570250e-03	6.211628e+00
2.000000e-06	-1.471449e-02	6.410544e+00
2.010000e-06	3.626412e-02	6.612177e+00
2.020000e-06	-2.859583e-02	6.832700e+00
2.030000e-06	1.254984e-02	7.022625e+00
2.040000e-06	-9.918915e-03	7.191098e+00
2.050000e-06	-2.813237e-02	7.452518e+00
2.060000e-06	2.408650e-02	7.642623e+00
2.070000e-06	-1.309467e-02	7.781126e+00
2.080000e-06	7.445676e-03	8.022601e+00
2.090000e-06	-8.765828e-03	8.230648e+00
2.100000e-06	-1.106822e-02	8.370490e+00
2.110000e-06	-3.139798e-03	8.535859e+00
2.120000e-06	-5.113916e-03	8.673203e+00
2.130000e-06	3.252669e-03	8.791569e+00
2.140000e-06	-9.578116e-03	8.969085e+00
2.150000e-06	4.221132e-03	9.177937e+00
2.160000e-06	-7.196044e-03	9.313832e+00
2.170000e-06	-9.545931e-03	9.434700e+00
2.180000e-06	4.945270e-04	9.580440e+00
2.190000e-06	-3.868809e-03	9.726933e+00
2.200000e-06	-2.810500e-03	9.862831e+00
2.210000e-06	-8.947603e-03	1.002072e+01
2.220000e-06	4.747560e-04	1.011646e+01
2.230000e-06	-7.252398e-03	1.029325e+01
2.240000e-06	-9.423843e-03	1.040954e+01
2.250000e-06	-5.104096e-03	1.049631e+01
2.260000e-06	-1.524840e-03	1.067472e+01
2.270000e-06	-4.665091e-03	1.080004e+01
2.280000e-06	-1.002535e-02	1.090525e+01
2.290000e-06	-3.134411e-03	1.102167e+01
2.300000e-06	-5.744217e-03	1.109576e+01
2.310000e-06	-7.602762e-03	1.121014e+01
2.320000e-06	-8.502883e-03	1.130530e+01
2.330000e-06	-4.567713e-03	1.141916e+01
2.340000e-06	-6.153346e-03	1.152480e+01
2.350000e-06	-7.188402e-03	1.162267e+01
2.360000e-06	-5.495446e-03	1.170486e+01
2.370000e-06	-8.030026e-03	1.177904e+01
2.380000e-06	-8.253545e-03	1.183262e+01
2.390000e-06	-7.502015e-03	1.188480e+01
2.400000e-06	-5.251122e-03	1.195796e+01
2.410000e-06	-7.262307e-03	1.200154e+01
2.420000e-06	-8.637661e-03	1.207412e+01
2.430000e-06	-9.260487e-03	1.210641e+01
2.440000e-06	-9.332722e-03	1.215793e+01
2.450000e-06	-8.693454e-03	1.219854e+01
2.460000e-06	-8.546419e-03	1.220159e+01
2.470000e-06	-8.374019e-03	1.224512e+01
2.480000e-06	-1.334723e-02	1.229430e+01
2.490000e-06	-1.099193e-02	1.231436e+01
2.500000e-06	-1.100328e-02	1.232845e+01
2.510000e-06	-1.136576e-02	1.235784e+01
2.520000e-06	-1.390560e-02	1.236846e+01
2.530000e-06	-1.484954e-02	1.236851e+01
2.540000e-06	-1.432478e-02	1.238051e+01
2.550000e-06	-1.710669e-02	1.237701e+01
2.560000e-06	-1.883746e-02	1.237694e+01
2.570000e-06	-2.249280e-02	1.234788e+01
2.580000e-06	-2.610228e-02	1.234793e+01
2.590000e-06	-3.110471e-02	1.231728e+01
2.600000e-06	-3.814733e-02	1.230478e+01
2.610000e-06	-4.772144e-02	1.224422e+01
2.620000e-06	-5.985170e-02	1.223057e+01
2.630000e-06	-6.663980e-02	1.220951e+01
2.640000e-06	-6.279119e-02	1.214791e+01
2.650000e-06	-4.874522e-02	1.211480e+01
2.660000e-06	-3.480503e-02	1.201259e+01
2.670000e-06	-2.630363e-02	1.198794e+01
2.680000e-06	-2.145949e-02	1.193683e+01
2.690000e-06	-1.965970e-02	1.187359e+01
2.700000e-06	-1.632636e-02	1.177701e+01
2.710000e-06	-1.415011e-02	1.171471e+01
2.720000e-06	-1.289326e-02	1.162996e+01
2.730000e-06	-1.186604e-02	1.144380e+01
2.740000e-06	-1.073634e-02	1.141008e+01
2.750000e-06	-1.152890e-02	1.130430e+01
2.760000e-06	-1.006774e-02	1.123007e+01
2.770000e-06	-1.038626e-02	1.112581e+01
2.780000e-06	-9.539502e-03	1.099056e+01
2.790000e-06	-8.777920e-03	1.090731e+01
2.800000e-06	-8.484234e-03	1.080260e+01
2.810000e-06	-7.192834e-03	1.069383e+01
2.820000e-06	-8.749446e-03	1.057946e+01
2.830000e-06	-7.207574e-03	1.044013e+01
2.840000e-06	-9.173335e-03	1.030583e+01
2.850000e-06	-6.974452e-03	1.022901e+01
2.860000e-06	-7.822316e-03	1.010520e+01
2.870000e-06	-6.040767e-03	9.896834e+00
2.880000e-06	-8.584899e-03	9.790040e+00
2.890000e-06	-7.101107e-03	9.682621e+00
2.900000e-06	-7.347679e-03	9.522776e+00
2.910000e-06	-5.584741e-03	9.357887e+00
2.920000e-06	-6.244397e-03	9.211022e+00
2.930000e-06	-6.260755e-03	9.062175e+00
2.940000e-06	-6.486853e-03	8.922724e+00
2.950000e-06	-6.353149e-03	8.715336e+00
2.960000e-06	-6.394791e-03	8.557439e+00
2.970000e-06	-5.584749e-03	8.461097e+00
2.980000e-06	-5.906230e-03	8.220120e+00
2.990000e-06	-5.809976e-03	8.031024e+00
3.000000e-06	-6.549477e-03	7.882626e+00
3.010000e-06	-5.582894e-03	7.674180e+00
3.020000e-06	-5.793197e-03	7.495253e+00
3.030000e-06	-5.334687e-03	7.253522e+00
3.040000e-06	-5.373182e-03	7.094675e+00
3.050000e-06	-5.119129e-03	6.883758e+00
3.060000e-06	-5.437935e-03	6.695257e+00
3.070000e-06	-5.688224e-03	6.514262e+00
3.080000e-06	-5.376974e-03	6.303258e+00
3.090000e-06	-4.991771e-03	6.105234e+00
3.100000e-06	-5.405884e-03	5.976833e+00
3.110000e-06	-5.283983e-03	5.713279e+00
3.120000e-06	-5.013492e-03	5.524679e+00
3.130000e-06	-5.342681e-03	5.304306e+00
3.140000e-06	-4.837568e-03	5.072102e+00
3.150000e-06	-5.933079e-03	4.787470e+00
3.160000e-06	-5.266680e-03	4.600470e+00
3.170000e-06	-4.993934e-03	4.409600e+00
3.180000e-06	-5.272545e-03	4.166992e+00
3.190000e-06	-5.082342e-03	3.956389e+00
3.200000e-06	-5.248766e-03	3.725816e+00
3.210000e-06	-5.062779e-03	3.567834e+00
3.220000e-06	-4.247765e-03	3.313224e+00
3.230000e-06	-4.058266e-03	3.093583e+00
3.240000e-06	-4.436889e-03	2.862657e+00
3.250000e-06	-4.262366e-03	2.644025e+00
3.260000e-06	-5.032279e-03	2.410395e+00
3.270000e-06	-4.525086e-03	2.188391e+00
3.280000e-06	-3.850602e-03	1.998895e+00
3.290000e-06	-4.246625e-03	1.785866e+00
3.300000e-06	-4.959222e-03	1.514134e+00
3.310000e-06	-4.932236e-03	1.251601e+00
3.320000e-06	-3.501121e-03	9.883934e-01
3.330000e-06	-2.779585e-03	7.357393e-01
3.340000e-06	-3.136585e-03	5.067132e-01
3.350000e-06	-4.208559e-03	3.177384e-01
3.360000e-06	-3.317444e-03	6.052895e-02
3.370000e-06	2.579035e-03	-1.284514e-01
3.380000e-06	4.825371e-03	-2.984199e-01
3.390000e-06	-1.944447e-03	-5.504777e-01
3.400000e-06	2.046737e-03	-7.905775e-01
3.410000e-06	-2.374153e-03	-9.905762e-01
3.420000e-06	1.498984e-03	-1.199524e+00
3.430000e-06	2.035838e-03	-1.417254e+00
3.440000e-06	4.331834e-02	-1.674679e+00
3.450000e-06	7.722649e-02	-1.862782e+00
3.460000e-06	-6.067783e-02	-2.150403e+00
3.470000e-06	-2.442213e-02	-2.473787e+00
3.480000e-06	-4.299972e-02	-2.726941e+00
3.490000e-06	-7.169312e-02	-2.842058e+00
3.500000e-06	8.512847e-02	-2.998042e+00
3.510000e-06	6.312606e-02	-3.190121e+00
3.520000e-06	-1.233772e-01	-3.456261e+00
3.530000e-06	1.741607e-01	-3.620550e+00
3.540000e-06	-1.136357e-01	-3.842708e+00
3.550000e-06	-1.318821e-02	-4.105831e+00
3.560000e-06	1.075501e-01	-4.253758e+00
3.570000e-06	-1.219799e-01	-4.454187e+00
3.580000e-06	9.688744e-02	-4.744839e+00
3.590000e-06	-5.585168e-03	-4.874888e+00
3.600000e-06	-7.035687e-02	-5.181595e+00
3.610000e-06	1.098275e-01	-5.420697e+00
3.620000e-06	-1.233631e-01	-5.675159e+00
3.630000e-06	8.616156e-02	-5.874281e+00
3.640000e-06	-2.442242e-02	-6.023124e+00
3.650000e-06	-1.779942e-02	-6.265836e+00
3.660000e-06	6.574447e-02	-6.463683e+00
3.670000e-06	-7.641574e-02	-6.704387e+00
3.680000e-06	9.439133e-02	-6.822153e+00
3.690000e-06	-8.977281e-02	-7.116433e+00
3.700000e-06	2.763173e-02	-7.337308e+00
3.710000e-06	3.014453e-02	-7.433156e+00
3.720000e-06	-4.560695e-02	-7.645358e+00
3.730000e-06	6.686078e-02	-7.893909e+00
3.740000e-06	-5.911575e-02	-8.034278e+00
3.750000e-06	4.632781e-02	-8.232728e+00
3.760000e-06	-4.004645e-02	-8.369494e+00
3.770000e-06	6.436325e-03	-8.520487e+00
3.780000e-06	2.821668e-02	-8.705986e+00
3.790000e-06	-1.281981e-02	-8.856833e+00
3.800000e-06	1.813495e-02	-9.022698e+00
3.810000e-06	-4.257394e-02	-9.151021e+00
3.820000e-06	4.063350e-02	-9.287884e+00
3.830000e-06	-1.697471e-02	-9.463810e+00
3.840000e-06	8.095563e-03	-9.642702e+00
3.850000e-06	-7.657785e-03	-9.769491e+00
3.860000e-06	1.264506e-02	-9.875883e+00
3.870000e-06	1.893886e-03	-1.004258e+01
3.880000e-06	-1.498910e-02	-1.019164e+01
3.890000e-06	1.100054e-02	-1.033643e+01
3.900000e-06	2.227498e-05	-1.045375e+01
3.910000e-06	6.685876e-03	-1.058957e+01
3.920000e-06	-1.388730e-02	-1.067585e+01
3.930000e-06	1.747157e-02	-1.079312e+01
3.940000e-06	-2.117976e-03	-1.087535e+01
3.950000e-06	2.176717e-03	-1.097277e+01
3.960000e-06	-7.870183e-03	-1.111685e+01
3.970000e-06	9.522563e-03	-1.124220e+01
3.980000e-06	2.904243e-03	-1.126485e+01
3.990000e-06	-9.472111e-04	-1.142220e+01
4.000000e-06	5.065228e-03	-1.148683e+01
4.010000e-06	2.702751e-04	-1.162315e+01
4.020000e-06	3.059325e-03	-1.166535e+01
4.030000e-06	-1.656268e-03	-1.174049e+01
4.040000e-06	8.322841e-03	-1.183225e+01
4.050000e-06	1.792981e-03	-1.186538e+01
4.060000e-06	4.724379e-03	-1.194216e+01
4.070000e-06	2.139743e-04	-1.202117e+01
4.080000e-06	4.256306e-03	-1.204475e+01
4.090000e-06	2.337855e-03	-1.211641e+01
4.100000e-06	3.550575e-03	-1.211803e+01
4.110000e-06	5.201914e-03	-1.215904e+01
4.120000e-06	1.860753e-03	-1.222057e+01
4.130000e-06	4.557692e-03	-1.220117e+01
4.140000e-06	4.324745e-03	-1.229317e+01
4.150000e-06	4.864482e-03	-1.230478e+01
4.160000e-06	3.476459e-03	-1.232488e+01
4.170000e-06	6.881595e-03	-1.230431e+01
4.180000e-06	1.019251e-02	-1.229433e+01
4.190000e-06	9.906253e-03	-1.232586e+01
4.200000e-06	8.685848e-03	-1.233491e+01
4.210000e-06	1.088150e-02	-1.231541e+01
4.220000e-06	1.487143e-02	-1.232586e+01
4.230000e-06	1.820314e-02	-1.225530e+01
4.240000e-06	2.156858e-02	-1.227433e+01
4.250000e-06	2.759350e-02	-1.226318e+01
4.260000e-06	3.548955e-02	-1.223070e+01
4.270000e-06	4.521794e-02	-1.221067e+01
4.280000e-06	5.733326e-02	-1.215844e+01
4.290000e-06	6.226525e-02	-1.209739e+01
4.300000e-06	5.323181e-02	-1.208478e+01
4.310000e-06	3.723873e-02	-1.206215e+01
4.320000e-06	2.575577e-02	-1.197906e+01
4.330000e-06	1.843652e-02	-1.188643e+01
4.340000e-06	1.315299e-02	-1.180317e+01
4.350000e-06	1.053809e-02	-1.175794e+01
4.360000e-06	7.877828e-03	-1.166480e+01
4.370000e-06	7.805428e-03	-1.157004e+01
4.380000e-06	7.151319e-03	-1.149423e+01
4.390000e-06	5.370798e-03	-1.137952e+01
4.400000e-06	3.996190e-03	-1.122320e+01
4.410000e-06	4.018448e-03	-1.114961e+01
4.420000e-06	3.462412e-03	-1.107275e+01
4.430000e-06	2.820583e-03	-1.093954e+01
4.440000e-06	2.412842e-03	-1.089325e+01
4.450000e-06	1.937325e-03	-1.075050e+01
4.460000e-06	2.073798e-03	-1.068373e+01
4.470000e-06	1.193761e-03	-1.060101e+01
4.480000e-06	9.407089e-04	-1.045167e+01
4.490000e-06	1.573374e-04	-1.036541e+01
4.500000e-06	7.158965e-04	-1.018949e+01
4.510000e-06	1.028225e-03	-1.006320e+01
4.520000e-06	1.765043e-03	-9.946463e+00
4.530000e-06	1.303889e-03	-9.841064e+00
4.540000e-06	-1.774767e-03	-9.703807e+00
4.550000e-06	8.782521e-04	-9.577489e+00
4.560000e-06	-2.395763e-03	-9.350045e+00
4.570000e-06	1.528214e-03	-9.222672e+00
4.580000e-06	3.485769e-04	-9.104780e+00
4.590000e-06	3.156352e-04	-8.934836e+00
4.600000e-06	-1.665154e-03	-8.809967e+00
4.610000e-06	-1.948151e-03	-8.579996e+00
4.620000e-06	-1.518627e-04	-8.471622e+00
4.630000e-06	-2.028062e-03	-8.274703e+00
4.640000e-06	-2.757725e-03	-8.075299e+00
4.650000e-06	-1.949704e-03	-7.934858e+00
4.660000e-06	-1.569473e-03	-7.716833e+00
4.670000e-06	-1.322568e-03	-7.483335e+00
4.680000e-06	-1.634015e-03	-7.326282e+00
4.690000e-06	-1.452602e-03	-7.126356e+00
4.700000e-06	-3.447441e-03	-6.935786e+00
4.710000e-06	-4.173159e-03	-6.735887e+00
4.720000e-06	-3.564519e-03	-6.535892e+00
4.730000e-06	-3.263870e-03	-6.398990e+00
4.740000e-06	-2.068245e-03	-6.166886e+00
4.750000e-06	-2.709286e-03	-5.967363e+00
4.760000e-06	-3.389102e-03	-5.745865e+00
4.770000e-06	-3.307908e-03	-5.587342e+00
4.780000e-06	-2.653322e-03	-5.304835e+00
4.790000e-06	-3.139606e-03	-5.093783e+00
4.800000e-06	-2.619631e-03	-4.849625e+00
4.810000e-06	-4.456345e-03	-4.631100e+00
4.820000e-06	-4.407964e-03	-4.441029e+00
4.830000e-06	-4.315007e-03	-4.232179e+00
4.840000e-06	-2.354562e-03	-4.042078e+00
4.850000e-06	-3.934845e-03	-3.871075e+00
4.860000e-06	-3.017645e-03	-3.620021e+00
4.870000e-06	-4.034971e-03	-3.388500e+00
4.880000e-06	-4.653775e-03	-3.186967e+00
4.890000e-06	-3.603200e-03	-2.834838e+00
4.900000e-06	-3.338872e-03	-2.715287e+00
4.910000e-06	-3.987832e-03	-2.481708e+00
4.920000e-06	-5.387590e-03	-2.254679e+00
4.930000e-06	-4.871953e-03	-2.040000e+00
4.940000e-06	-4.145421e-03	-1.829523e+00
4.950000e-06	-4.460279e-03	-1.598847e+00
4.960000e-06	-5.120224e-03	-1.333737e+00
4.970000e-06	-5.618870e-03	-1.062155e+00
4.980000e-06	-5.642252e-03	-8.301340e-01
4.990000e-06	-5.380338e-03	-6.304737e-01
5.000000e-06	-4.161039e-03	-3.693698e-01
5.010000e-06	-4.406288e-03	-1.678661e-01
5.020000e-06	-1.707771e-03	1.318131e-02
5.030000e-06	2.541490e-03	2.963158e-01
5.040000e-06	-3.622636e-03	4.767445e-01
5.050000e-06	7.513329e-04	6.858872e-01
5.060000e-06	-2.454302e-03	8.522068e-01
5.070000e-06	-1.774550e-03	1.178869e+00
5.080000e-06	-3.999099e-03	1.392099e+00
5.090000e-06	3.666380e-03	1.611473e+00
5.100000e-06	3.429103e-02	1.832707e+00
5.110000e-06	6.877142e-02	2.042235e+00
5.120000e-06	-3.713989e-02	2.316289e+00
5.130000e-06	-4.703760e-02	2.590947e+00
5.140000e-06	-2.860526e-02	2.810073e+00
5.150000e-06	-4.328239e-02	3.010422e+00
5.160000e-06	-4.108225e-02	3.108917e+00
5.170000e-06	1.390531e-01	3.306863e+00
5.180000e-06	-7.291325e-02	3.569545e+00
5.190000e-06	-1.802005e-02	3.715263e+00
5.200000e-06	9.806965e-02	3.909416e+00
5.210000e-06	-1.203608e-01	4.181449e+00
5.220000e-06	5.641037e-02	4.400549e+00
5.230000e-06	1.211103e-02	4.622102e+00
5.240000e-06	-5.280680e-02	4.861624e+00
5.250000e-06	4.732797e-02	5.116335e+00
5.260000e-06	-2.956717e-02	5.392012e+00
5.270000e-06	6.745005e-03	5.579995e+00
5.280000e-06	-1.671315e-03	5.810648e+00
5.290000e-06	-2.442795e-02	6.001547e+00
5.300000e-06	8.012808e-03	6.222096e+00
5.310000e-06	-1.491835e-02	6.380043e+00
5.320000e-06	3.459098e-02	6.631600e+00
5.330000e-06	-2.706081e-02	6.841549e+00
5.340000e-06	1.092715e-02	7.032173e+00
5.350000e-06	-4.877821e-03	7.200023e+00
5.360000e-06	-3.180217e-02	7.379620e+00
5.370000e-06	2.387844e-02	7.611073e+00
5.380000e-06	-1.140128e-02	7.791620e+00
5.390000e-06	6.225529e-03	7.991191e+00
5.400000e-06	-7.603155e-03	8.231624e+00
5.410000e-06	-1.270292e-02	8.349471e+00
5.420000e-06	-2.908237e-04	8.506934e+00
5.430000e-06	-5.919482e-03	8.653701e+00
5.440000e-06	3.093714e-03	8.799524e+00
5.450000e-06	-1.047873e-02	8.989958e+00
5.460000e-06	4.020376e-03	9.168412e+00
5.470000e-06	-6.484657e-03	9.295858e+00
5.480000e-06	-1.022856e-02	9.413723e+00
5.490000e-06	4.639484e-04	9.597537e+00
5.500000e-06	-4.525769e-03	9.715957e+00
5.510000e-06	-2.842736e-03	9.855328e+00
5.520000e-06	-9.101554e-03	1.004252e+01
5.530000e-06	9.717502e-04	1.016796e+01
5.540000e-06	-6.897398e-03	1.027468e+01
5.550000e-06	-9.879169e-03	1.036002e+01
5.560000e-06	-5.263440e-03	1.050436e+01
5.570000e-06	-1.199245e-03	1.065522e+01
5.580000e-06	-4.109900e-03	1.077010e+01
5.590000e-06	-1.023082e-02	1.090588e+01
5.600000e-06	-4.056900e-03	1.096054e+01
5.610000e-06	-5.699112e-03	1.110526e+01
5.620000e-06	-6.972246e-03	1.120009e+01
5.630000e-06	-8.004683e-03	1.129538e+01
5.640000e-06	-4.707380e-03	1.140214e+01
5.650000e-06	-6.961400e-03	1.149693e+01
5.660000e-06	-7.593420e-03	1.160117e+01
5.670000e-06	-5.699106e-03	1.171333e+01
5.680000e-06	-8.629214e-03	1.176949e+01
5.690000e-06	-7.926450e-03	1.181320e+01
5.700000e-06	-7.020353e-03	1.194483e+01
5.710000e-06	-5.450841e-03	1.195788e+01
5.720000e-06	-6.950977e-03	1.204004e+01
5.730000e-06	-9.008000e-03	1.207510e+01
5.740000e-06	-8.961053e-03	1.212486e+01
5.750000e-06	-8.632708e-03	1.214646e+01
5.760000e-06	-8.303066e-03	1.217004e+01
5.770000e-06	-8.582202e-03	1.220265e+01
5.780000e-06	-8.191036e-03	1.225427e+01
5.790000e-06	-1.261446e-02	1.230580e+01
5.800000e-06	-1.213762e-02	1.231680e+01
5.810000e-06	-1.184682e-02	1.233791e+01
5.820000e-06	-1.178404e-02	1.235643e+01
5.830000e-06	-1.264784e-02	1.237801e+01
5.840000e-06	-1.277098e-02	1.239741e+01
5.850000e-06	-1.413483e-02	1.238059e+01
5.860000e-06	-1.734460e-02	1.237842e+01
5.870000e-06	-1.866520e-02	1.238746e+01
5.880000e-06	-2.218198e-02	1.236941e+01
5.890000e-06	-2.539698e-02	1.231783e+01
5.900000e-06	-3.083908e-02	1.231785e+01
5.910000e-06	-3.743755e-02	1.231425e+01
5.920000e-06	-4.651589e-02	1.227367e+01
5.930000e-06	-5.892730e-02	1.219314e+01
5.940000e-06	-6.682109e-02	1.218796e+01
5.950000e-06	-6.351303e-02	1.214630e+01
5.960000e-06	-4.920082e-02	1.205478e+01
5.970000e-06	-3.574760e-02	1.205264e+01
5.980000e-06	-2.658439e-02	1.199654e+01
5.990000e-06	-2.100798e-02	1.194483e+01
6.000000e-06	-1.928286e-02	1.187167e+01
6.010000e-06	-1.605836e-02	1.180794e+01
6.020000e-06	-1.440181e-02	1.171588e+01
6.030000e-06	-1.210268e-02	1.161959e+01
6.040000e-06	-1.161662e-02	1.150483e+01
6.050000e-06	-1.170934e-02	1.141004e+01
6.060000e-06	-1.140892e-02	1.133335e+01
6.070000e-06	-9.516077e-03	1.119906e+01
6.080000e-06	-1.024452e-02	1.113533e+01
6.090000e-06	-9.580248e-03	1.099012e+01
6.100000e-06	-9.608118e-03	1.091588e+01
6.110000e-06	-9.048837e-03	1.085007e+01
6.120000e-06	-8.279713e-03	1.074490e+01
6.130000e-06	-8.598822e-03	1.058048e+01
6.140000e-06	-7.277819e-03	1.042314e+01
6.150000e-06	-8.755443e-03	1.035481e+01
6.160000e-06	-7.449858e-03	1.019107e+01
6.170000e-06	-8.156527e-03	1.009368e+01
6.180000e-06	-5.745318e-03	9.965888e+00
6.190000e-06	-7.267711e-03	9.810011e+00
6.200000e-06	-6.720825e-03	9.660745e+00
6.210000e-06	-7.968698e-03	9.533674e+00
6.220000e-06	-5.404765e-03	9.346939e+00
6.230000e-06	-7.382631e-03	9.219547e+00
6.240000e-06	-6.104061e-03	9.013250e+00
6.250000e-06	-6.505015e-03	8.894304e+00
6.260000e-06	-5.379991e-03	8.694360e+00
6.270000e-06	-6.150841e-03	8.555891e+00
6.280000e-06	-6.280497e-03	8.430549e+00
6.290000e-06	-6.179466e-03	8.262623e+00
6.300000e-06	-5.578940e-03	8.061125e+00
6.310000e-06	-6.254236e-03	7.872703e+00
6.320000e-06	-5.747452e-03	7.675202e+00
6.330000e-06	-5.762114e-03	7.505701e+00
6.340000e-06	-5.813716e-03	7.273083e+00
6.350000e-06	-5.529972e-03	7.083204e+00
6.360000e-06	-5.058219e-03	6.914207e+00
6.370000e-06	-5.978737e-03	6.747735e+00
6.380000e-06	-6.004651e-03	6.523254e+00
6.390000e-06	-5.549580e-03	6.294287e+00
6.400000e-06	-5.042380e-03	6.156286e+00
6.410000e-06	-6.057380e-03	5.947862e+00
6.420000e-06	-5.205170e-03	5.747335e+00
6.430000e-06	-5.282631e-03	5.515786e+00
6.440000e-06	-5.167922e-03	5.324210e+00
6.450000e-06	-5.399419e-03	5.070644e+00
6.460000e-06	-4.908565e-03	4.829970e+00
6.470000e-06	-5.058341e-03	4.620521e+00
6.480000e-06	-5.742394e-03	4.419947e+00
6.490000e-06	-4.935317e-03	4.227970e+00
6.500000e-06	-4.446046e-03	3.949293e+00
6.510000e-06	-4.958165e-03	3.787392e+00
6.520000e-06	-5.154480e-03	3.546888e+00
6.530000e-06	-5.164354e-03	3.291656e+00
6.540000e-06	-4.675560e-03	3.074655e+00
6.550000e-06	-4.651767e-03	2.883707e+00
6.560000e-06	-4.107082e-03	2.694127e+00
6.570000e-06	-4.436565e-03	2.428974e+00
6.580000e-06	-4.646328e-03	2.207896e+00
6.590000e-06	-4.527377e-03	1.979374e+00
6.600000e-06	-3.875528e-03	1.715416e+00
6.610000e-06	-4.202043e-03	1.534711e+00
6.620000e-06	-4.059516e-03	1.272600e+00
6.630000e-06	-4.840033e-03	1.015346e+00
6.640000e-06	-3.678226e-03	7.773183e-01
6.650000e-06	-3.674047e-03	5.447106e-01
6.660000e-06	-2.887182e-03	3.573396e-01
6.670000e-06	-2.742190e-03	6.047916e-02
6.680000e-06	2.329445e-03	-1.359172e-01
6.690000e-06	5.487912e-03	-3.083923e-01
6.700000e-06	-1.742156e-03	-5.284700e-01
6.710000e-06	2.694103e-03	-8.005264e-01
6.720000e-06	-2.094794e-03	-1.001051e+00
6.730000e-06	1.586911e-03	-1.160200e+00
6.740000e-06	1.490009e-03	-1.465733e+00
6.750000e-06	4.037905e-02	-1.641637e+00
6.760000e-06	7.950901e-02	-1.873212e+00
6.770000e-06	-5.784663e-02	-2.130475e+00
6.780000e-06	-2.781915e-02	-2.467363e+00
6.790000e-06	-3.975070e-02	-2.747415e+00
6.800000e-06	-7.180805e-02	-2.830105e+00
6.810000e-06	7.563126e-02	-2.968588e+00
6.820000e-06	7.497270e-02	-3.151578e+00
6.830000e-06	-1.352716e-01	-3.464281e+00
6.840000e-06	1.730885e-01	-3.600475e+00
6.850000e-06	-1.002137e-01	-3.762602e+00
6.860000e-06	-2.783834e-02	-4.085235e+00
6.870000e-06	1.148404e-01	-4.273757e+00
6.880000e-06	-1.205977e-01	-4.504909e+00
6.890000e-06	8.989213e-02	-4.705808e+00
6.900000e-06	9.539967e-03	-4.917888e+00
6.910000e-06	-8.325668e-02	-5.179493e+00
6.920000e-06	1.136041e-01	-5.379672e+00
6.930000e-06	-1.219226e-01	-5.635228e+00
6.940000e-06	7.849145e-02	-5.843753e+00
6.950000e-06	-1.561147e-02	-5.970150e+00
6.960000e-06	-2.684901e-02	-6.244707e+00
6.970000e-06	7.307684e-02	-6.473855e+00
6.980000e-06	-7.957597e-02	-6.666357e+00
6.990000e-06	9.231021e-02	-6.822103e+00
7.000000e-06	-8.167335e-02	-7.095331e+00
7.010000e-06	1.840704e-02	-7.284378e+00
7.020000e-06	3.743099e-02	-7.454679e+00
7.030000e-06	-5.175723e-02	-7.685858e+00
7.040000e-06	6.888860e-02	-7.872356e+00
7.050000e-06	-5.500348e-02	-8.053804e+00
7.060000e-06	4.360116e-02	-8.211748e+00
7.070000e-06	-3.610057e-02	-8.368495e+00
7.080000e-06	-6.258829e-04	-8.548385e+00
7.090000e-06	3.286390e-02	-8.726458e+00
7.100000e-06	-1.607879e-02	-8.904403e+00
7.110000e-06	1.981645e-02	-9.032179e+00
7.120000e-06	-4.415261e-02	-9.139468e+00
7.130000e-06	4.113735e-02	-9.277835e+00
7.140000e-06	-1.467460e-02	-9.473855e+00
7.150000e-06	7.056869e-03	-9.663175e+00
7.160000e-06	-6.776149e-03	-9.780017e+00
7.170000e-06	1.227466e-02	-9.916336e+00
7.180000e-06	3.142785e-03	-1.002212e+01
7.190000e-06	-1.718961e-02	-1.017019e+01
7.200000e-06	1.192340e-02	-1.030591e+01
7.210000e-06	-1.183228e-04	-1.046375e+01
7.220000e-06	7.945102e-03	-1.058959e+01
7.230000e-06	-1.432714e-02	-1.067376e+01
7.240000e-06	1.662684e-02	-1.081010e+01
7.250000e-06	8.836997e-04	-1.089630e+01
7.260000e-06	2.108063e-03	-1.100124e+01
7.270000e-06	-7.250990e-03	-1.107443e+01
7.280000e-06	8.679769e-03	-1.119319e+01
7.290000e-06	5.237604e-03	-1.131648e+01
7.300000e-06	-1.853992e-03	-1.141473e+01
7.310000e-06	4.498914e-03	-1.151648e+01
7.320000e-06	-4.424325e-04	-1.160357e+01
7.330000e-06	3.300208e-03	-1.168433e+01
7.340000e-06	-1.131094e-03	-1.175953e+01
7.350000e-06	8.658172e-03	-1.186325e+01
7.360000e-06	2.289147e-03	-1.187198e+01
7.370000e-06	4.314676e-03	-1.195154e+01
7.380000e-06	5.061952e-04	-1.201170e+01
7.390000e-06	3.746852e-03	-1.211385e+01
7.400000e-06	6.314286e-04	-1.212741e+01
7.410000e-06	3.483812e-03	-1.213846e+01
7.420000e-06	4.944780e-03	-1.217854e+01
7.430000e-06	1.805704e-03	-1.221165e+01
7.440000e-06	4.785307e-03	-1.224170e+01
7.450000e-06	5.527042e-03	-1.229323e+01
7.460000e-06	5.131029e-03	-1.227425e+01
7.470000e-06	2.946555e-03	-1.228388e+01
7.480000e-06	6.275003e-03	-1.235541e+01
7.490000e-06	9.404096e-03	-1.230588e+01
7.500000e-06	8.313238e-03	-1.232588e+01
7.510000e-06	9.058595e-03	-1.229496e+01
7.520000e-06	1.090162e-02	-1.229433e+01
7.530000e-06	1.476482e-02	-1.232436e+01
7.540000e-06	1.776597e-02	-1.230693e+01
7.550000e-06	2.128929e-02	-1.229133e+01
7.560000e-06	2.780738e-02	-1.222173e+01
7.570000e-06	3.431807e-02	-1.224223e+01
7.580000e-06	4.407029e-02	-1.221205e+01
7.590000e-06	5.619081e-02	-1.216002e+01
7.600000e-06	6.128927e-02	-1.210843e+01
7.610000e-06	5.416304e-02	-1.210580e+01
7.620000e-06	3.821415e-02	-1.207922e+01
7.630000e-06	2.634440e-02	-1.198856e+01
7.640000e-06	1.861218e-02	-1.191541e+01
7.650000e-06	1.315194e-02	-1.184117e+01
7.660000e-06	9.501266e-03	-1.174751e+01
7.670000e-06	9.073093e-03	-1.167473e+01
7.680000e-06	7.706738e-03	-1.157907e+01
7.690000e-06	7.388819e-03	-1.150480e+01
7.700000e-06	5.744421e-03	-1.145006e+01
7.710000e-06	4.002469e-03	-1.130442e+01
7.720000e-06	3.653966e-03	-1.116704e+01
7.730000e-06	3.267158e-03	-1.106518e+01
7.740000e-06	2.621280e-03	-1.094659e+01
7.750000e-06	1.892052e-03	-1.090420e+01
7.760000e-06	1.893330e-03	-1.075999e+01
7.770000e-06	1.610381e-03	-1.069380e+01
7.780000e-06	1.774402e-03	-1.057952e+01
7.790000e-06	1.224494e-03	-1.048173e+01
7.800000e-06	1.336105e-03	-1.038746e+01
7.810000e-06	4.260709e-04	-1.017859e+01
7.820000e-06	1.177390e-03	-1.006380e+01
7.830000e-06	4.677942e-04	-9.965408e+00
7.840000e-06	-4.485456e-04	-9.851048e+00
7.850000e-06	8.564151e-05	-9.684258e+00
7.860000e-06	5.244756e-04	-9.598841e+00
7.870000e-06	-5.420493e-04	-9.428714e+00
7.880000e-06	-1.198824e-04	-9.264175e+00
7.890000e-06	-3.249129e-04	-9.114853e+00
7.900000e-06	-4.416000e-04	-8.915939e+00
7.910000e-06	-7.976759e-04	-8.779436e+00
7.920000e-06	-1.487361e-03	-8.648615e+00
7.930000e-06	-1.050432e-03	-8.440623e+00
7.940000e-06	-1.221229e-03	-8.273706e+00
7.950000e-06	-1.625789e-03	-8.095334e+00
7.960000e-06	-1.422184e-03	-7.947408e+00
7.970000e-06	-1.206531e-03	-7.736307e+00
7.980000e-06	-2.037055e-03	-7.533932e+00
7.990000e-06	-1.819784e-03	-7.325761e+00
8.000000e-06	-3.240123e-03	-7.158462e+00
8.010000e-06	-2.534184e-03	-6.925916e+00
8.020000e-06	-3.160500e-03	-6.765761e+00
8.030000e-06	-3.449907e-03	-6.576439e+00
8.040000e-06	-2.471781e-03	-6.378515e+00
8.050000e-06	-4.048932e-03	-6.146415e+00
8.060000e-06	-1.600612e-03	-5.966366e+00
8.070000e-06	-1.554439e-03	-5.727468e+00
8.080000e-06	-4.735824e-03	-5.607443e+00
8.090000e-06	-2.733937e-03	-5.335913e+00
8.100000e-06	-5.832752e-03	-5.122811e+00
8.110000e-06	-2.203546e-03	-4.840153e+00
8.120000e-06	-5.666054e-03	-4.620025e+00
8.130000e-06	-2.412104e-03	-4.462604e+00
8.140000e-06	-4.040516e-03	-4.241157e+00
8.150000e-06	-3.207332e-03	-4.043629e+00
8.160000e-06	-3.289161e-03	-3.831521e+00
8.170000e-06	-3.310658e-03	-3.599573e+00
8.180000e-06	-4.431240e-03	-3.418494e+00
8.190000e-06	-5.902714e-03	-3.177972e+00
8.200000e-06	-4.985892e-03	-2.933836e+00
8.210000e-06	-3.899034e-03	-2.706260e+00
8.220000e-06	-4.219906e-03	-2.539707e+00
8.230000e-06	-5.345852e-03	-2.246733e+00
8.240000e-06	-3.874945e-03	-2.018555e+00
8.250000e-06	-4.872170e-03	-1.860076e+00
8.260000e-06	-3.816240e-03	-1.638470e+00
8.270000e-06	-5.703383e-03	-1.333786e+00
8.280000e-06	-4.428303e-03	-1.072687e+00
8.290000e-06	-6.939532e-03	-8.696317e-01
8.300000e-06	-6.111354e-03	-6.325025e-01
8.310000e-06	-5.341824e-03	-3.788474e-01
8.320000e-06	-3.273209e-03	-1.688733e-01
8.330000e-06	-2.722673e-03	2.360781e-02
8.340000e-06	4.080059e-03	2.973382e-01
8.350000e-06	-3.345918e-03	4.847918e-01
8.360000e-06	8.827410e-04	6.758344e-01
8.370000e-06	-3.215158e-03	9.127617e-01
8.380000e-06	-1.076551e-03	1.149417e+00
8.390000e-06	-3.774768e-03	1.390372e+00
8.400000e-06	2.395301e-03	1.610607e+00
8.410000e-06	3.152628e-02	1.832127e+00
8.420000e-06	6.894602e-02	2.063655e+00
8.430000e-06	-3.202282e-02	2.296337e+00
8.440000e-06	-4.901812e-02	2.577021e+00
8.450000e-06	-2.863023e-02	2.821051e+00
8.460000e-06	-4.261587e-02	3.011519e+00
8.470000e-06	-4.340646e-02	3.146365e+00
8.480000e-06	1.347721e-01	3.305760e+00
8.490000e-06	-6.050126e-02	3.549974e+00
8.500000e-06	-3.103792e-02	3.686186e+00
8.510000e-06	1.081282e-01	3.928438e+00
8.520000e-06	-1.184076e-01	4.190520e+00
8.530000e-06	5.109955e-02	4.400049e+00
8.540000e-06	1.746089e-02	4.631628e+00
8.550000e-06	-5.582182e-02	4.801124e+00
8.560000e-06	4.740188e-02	5.147907e+00
8.570000e-06	-2.785678e-02	5.347996e+00
8.580000e-06	3.680763e-03	5.549020e+00
8.590000e-06	2.786330e-03	5.751566e+00
8.600000e-06	-2.480223e-02	6.011072e+00
8.610000e-06	7.571400e-03	6.182095e+00
8.620000e-06	-1.691159e-02	6.380495e+00
8.630000e-06	3.529579e-02	6.612075e+00
8.640000e-06	-2.468759e-02	6.803146e+00
8.650000e-06	6.195866e-03	7.031173e+00
8.660000e-06	-2.390670e-03	7.200996e+00
8.670000e-06	-3.203213e-02	7.379015e+00
8.680000e-06	2.497394e-02	7.603119e+00
8.690000e-06	-1.058120e-02	7.801124e+00
8.700000e-06	3.984654e-03	7.960616e+00
8.710000e-06	-5.772848e-03	8.191047e+00
8.720000e-06	-1.477415e-02	8.338444e+00
8.730000e-06	-5.008681e-04	8.526281e+00
8.740000e-06	-6.247867e-03	8.644226e+00
8.750000e-06	3.732704e-03	8.791974e+00
8.760000e-06	-1.182092e-02	8.927910e+00
8.770000e-06	2.779680e-03	9.148487e+00
8.780000e-06	-4.995145e-03	9.264809e+00
8.790000e-06	-1.131943e-02	9.443198e+00
8.800000e-06	-5.952877e-04	9.537939e+00
8.810000e-06	-5.650018e-03	9.695311e+00
8.820000e-06	-1.640479e-03	9.882327e+00
8.830000e-06	-9.762161e-03	1.002060e+01
8.840000e-06	-1.206225e-04	1.011904e+01
8.850000e-06	-7.298360e-03	1.031373e+01
8.860000e-06	-8.968773e-03	1.036010e+01
8.870000e-06	-5.409016e-03	1.051583e+01
8.880000e-06	-2.098965e-03	1.063270e+01
8.890000e-06	-3.883091e-03	1.074996e+01
8.900000e-06	-9.530123e-03	1.087583e+01
8.910000e-06	-3.498402e-03	1.102167e+01
8.920000e-06	-6.907101e-03	1.106628e+01
8.930000e-06	-8.061124e-03	1.116952e+01
8.940000e-06	-8.393036e-03	1.128638e+01
8.950000e-06	-3.762907e-03	1.142006e+01
8.960000e-06	-6.936200e-03	1.151592e+01
8.970000e-06	-7.823057e-03	1.160064e+01
8.980000e-06	-4.819547e-03	1.169581e+01
8.990000e-06	-7.378875e-03	1.177049e+01
9.000000e-06	-8.626206e-03	1.182162e+01
9.010000e-06	-8.269614e-03	1.190482e+01
9.020000e-06	-4.940218e-03	1.194794e+01
9.030000e-06	-6.531853e-03	1.202165e+01
9.040000e-06	-9.283294e-03	1.204368e+01
9.050000e-06	-9.298643e-03	1.208793e+01
9.060000e-06	-8.579813e-03	1.211753e+01
9.070000e-06	-8.413009e-03	1.219854e+01
9.080000e-06	-9.203367e-03	1.222172e+01
9.090000e-06	-8.817333e-03	1.226417e+01
9.100000e-06	-1.212582e-02	1.223525e+01
9.110000e-06	-1.073587e-02	1.231443e+01
9.120000e-06	-1.143999e-02	1.227741e+01
9.130000e-06	-1.230716e-02	1.231541e+01
9.140000e-06	-1.358717e-02	1.238806e+01
9.150000e-06	-1.322215e-02	1.238741e+01
9.160000e-06	-1.369985e-02	1.241838e+01
9.170000e-06	-1.740423e-02	1.236696e+01
9.180000e-06	-1.913448e-02	1.238646e+01
9.190000e-06	-2.253098e-02	1.235643e+01
9.200000e-06	-2.620577e-02	1.234736e+01
9.210000e-06	-3.044282e-02	1.231542e+01
9.220000e-06	-3.702567e-02	1.228633e+01
9.230000e-06	-4.687985e-02	1.226275e+01
9.240000e-06	-5.813452e-02	1.223060e+01
9.250000e-06	-6.596856e-02	1.219006e+01
9.260000e-06	-6.288580e-02	1.208841e+01
9.270000e-06	-5.047943e-02	1.208588e+01
9.280000e-06	-3.638172e-02	1.207259e+01
9.290000e-06	-2.681793e-02	1.199944e+01
9.300000e-06	-2.127728e-02	1.194580e+01
9.310000e-06	-1.822713e-02	1.186217e+01
9.320000e-06	-1.581955e-02	1.178944e+01
9.330000e-06	-1.404057e-02	1.169536e+01
9.340000e-06	-1.375386e-02	1.164161e+01
9.350000e-06	-1.322642e-02	1.148435e+01
9.360000e-06	-1.185353e-02	1.140106e+01
9.370000e-06	-1.195997e-02	1.131685e+01
9.380000e-06	-1.044552e-02	1.121007e+01
9.390000e-06	-1.041498e-02	1.110433e+01
9.400000e-06	-9.263277e-03	1.102104e+01
9.410000e-06	-9.675181e-03	1.090686e+01
9.420000e-06	-9.533008e-03	1.087054e+01
9.430000e-06	-9.304929e-03	1.072485e+01
9.440000e-06	-8.531546e-03	1.054894e+01
9.450000e-06	-7.437630e-03	1.047167e+01
9.460000e-06	-8.243630e-03	1.031483e+01
9.470000e-06	-7.963137e-03	1.019947e+01
9.480000e-06	-8.420869e-03	1.006423e+01
9.490000e-06	-6.280794e-03	1.001591e+01
9.500000e-06	-7.077774e-03	9.829540e+00
9.510000e-06	-8.166304e-03	9.630695e+00
9.520000e-06	-7.256575e-03	9.504726e+00
9.530000e-06	-5.868918e-03	9.378012e+00
9.540000e-06	-6.071365e-03	9.241045e+00
9.550000e-06	-6.425222e-03	9.103251e+00
9.560000e-06	-6.654804e-03	8.895249e+00
9.570000e-06	-6.068181e-03	8.745783e+00
9.580000e-06	-6.620848e-03	8.558914e+00
9.590000e-06	-6.188472e-03	8.429547e+00
9.600000e-06	-5.834236e-03	8.262099e+00
9.610000e-06	-6.182952e-03	8.083274e+00
9.620000e-06	-6.534801e-03	7.844732e+00
9.630000e-06	-5.252012e-03	7.694733e+00
9.640000e-06	-5.588496e-03	7.525274e+00
9.650000e-06	-4.853149e-03	7.243204e+00
9.660000e-06	-6.304880e-03	7.085132e+00
9.670000e-06	-5.829395e-03	6.934283e+00
9.680000e-06	-6.310010e-03	6.727311e+00
9.690000e-06	-5.369536e-03	6.514754e+00
9.700000e-06	-5.732507e-03	6.305762e+00
9.710000e-06	-6.277658e-03	6.125813e+00
9.720000e-06	-5.373145e-03	5.969936e+00
9.730000e-06	-4.980611e-03	5.705313e+00
9.740000e-06	-5.287094e-03	5.506783e+00
9.750000e-06	-4.663369e-03	5.323338e+00
9.760000e-06	-4.771574e-03	5.044098e+00
9.770000e-06	-4.872692e-03	4.820975e+00
9.780000e-06	-5.446654e-03	4.638519e+00
9.790000e-06	-5.484599e-03	4.410474e+00
9.800000e-06	-4.956917e-03	4.189522e+00
9.810000e-06	-3.752554e-03	3.967341e+00
9.820000e-06	-4.832298e-03	3.757871e+00
9.830000e-06	-5.062580e-03	3.539241e+00
9.840000e-06	-4.712645e-03	3.363286e+00
9.850000e-06	-4.846418e-03	3.075655e+00
9.860000e-06	-3.833885e-03	2.924183e+00
9.870000e-06	-4.847051e-03	2.686155e+00
9.880000e-06	-4.316804e-03	2.439504e+00
9.890000e-06	-4.348768e-03	2.229872e+00
9.900000e-06	-3.932531e-03	2.028973e+00
9.910000e-06	-4.450761e-03	1.775367e+00
9.920000e-06	-3.890572e-03	1.494663e+00
9.930000e-06	-4.411618e-03	1.311130e+00
9.940000e-06	-4.340899e-03	1.036979e+00
9.950000e-06	-3.825796e-03	7.878446e-01
9.960000e-06	-2.985962e-03	5.462633e-01
9.970000e-06	-3.459887e-03	3.263619e-01
9.980000e-06	-3.144172e-03	3.415923e-02
9.990000e-06	1.805672e-03	-1.483423e-01
1.000000e-05	5.880746e-03	-3.273685e-01
1.001000e-05	-3.175505e-03	-5.064223e-01
1.002000e-05	1.799123e-03	-8.100525e-01
1.003000e-05	-3.146582e-03	-9.499724e-01
1.004000e-05	2.186963e-03	-1.209995e+00
1.005000e-05	8.891542e-04	-1.401233e+00
1.006000e-05	3.735287e-02	-1.662180e+00
1.007000e-05	8.041380e-02	-1.833204e+00
1.008000e-05	-5.134467e-02	-2.160123e+00
1.009000e-05	-3.081545e-02	-2.485860e+00
1.010000e-05	-3.811950e-02	-2.698790e+00
1.011000e-05	-7.389627e-02	-2.852704e+00
1.012000e-05	6.628557e-02	-2.971021e+00
1.013000e-05	8.967588e-02	-3.149494e+00
1.014000e-05	-1.433782e-01	-3.454237e+00
1.015000e-05	1.677934e-01	-3.600049e+00
1.016000e-05	-8.616290e-02	-3.782076e+00
1.017000e-05	-4.283053e-02	-4.014833e+00
1.018000e-05	1.221282e-01	-4.203235e+00
1.019000e-05	-1.182808e-01	-4.462782e+00
1.020000e-05	7.957475e-02	-4.756380e+00
1.021000e-05	2.330923e-02	-4.877337e+00
1.022000e-05	-9.381802e-02	-5.161518e+00
1.023000e-05	1.171127e-01	-5.339518e+00
1.024000e-05	-1.180086e-01	-5.623632e+00
1.025000e-05	7.073687e-02	-5.812250e+00
1.026000e-05	-4.525395e-03	-5.989526e+00
1.027000e-05	-3.609609e-02	-6.223254e+00
1.028000e-05	7.807755e-02	-6.462728e+00
1.029000e-05	-8.065700e-02	-6.685408e+00
1.030000e-05	8.964352e-02	-6.875199e+00
1.031000e-05	-7.459682e-02	-7.055361e+00
1.032000e-05	6.986516e-03	-7.295331e+00
1.033000e-05	4.831356e-02	-7.443175e+00
1.034000e-05	-5.688378e-02	-7.624677e+00
1.035000e-05	7.064652e-02	-7.883679e+00
1.036000e-05	-5.495542e-02	-8.055306e+00
1.037000e-05	4.133034e-02	-8.211725e+00
1.038000e-05	-3.144881e-02	-8.348439e+00
1.039000e-05	-5.606704e-03	-8.498436e+00
1.040000e-05	3.655152e-02	-8.706914e+00
1.041000e-05	-1.625709e-02	-8.883284e+00
1.042000e-05	2.176016e-02	-9.012221e+00
1.043000e-05	-4.602946e-02	-9.160992e+00
1.044000e-05	3.770105e-02	-9.275408e+00
1.045000e-05	-1.091484e-02	-9.434253e+00
1.046000e-05	5.246985e-03	-9.614648e+00
1.047000e-05	-3.574008e-03	-9.738990e+00
1.048000e-05	9.658280e-03	-9.895331e+00
1.049000e-05	6.261513e-03	-1.000212e+01
1.050000e-05	-1.846432e-02	-1.017012e+01
1.051000e-05	1.081811e-02	-1.026643e+01
1.052000e-05	-8.361336e-04	-1.042375e+01
1.053000e-05	9.256957e-03	-1.052901e+01
1.054000e-05	-1.377814e-02	-1.067378e+01
1.055000e-05	1.462120e-02	-1.077002e+01
1.056000e-05	1.206576e-03	-1.088588e+01
1.057000e-05	1.774936e-03	-1.097164e+01
1.058000e-05	-5.873209e-03	-1.106338e+01
1.059000e-05	6.878087e-03	-1.123264e+01
1.060000e-05	3.785693e-03	-1.130286e+01
1.061000e-05	-1.357479e-03	-1.139120e+01
1.062000e-05	6.063447e-03	-1.149588e+01
1.063000e-05	6.683150e-04	-1.160164e+01
1.064000e-05	2.325091e-03	-1.165580e+01
1.065000e-05	-2.915930e-03	-1.173998e+01
1.066000e-05	8.589576e-03	-1.180229e+01
1.067000e-05	2.270106e-03	-1.188733e+01
1.068000e-05	3.945154e-03	-1.201006e+01
1.069000e-05	4.917743e-05	-1.204265e+01
1.070000e-05	3.609160e-03	-1.206431e+01
1.071000e-05	2.071875e-03	-1.209691e+01
1.072000e-05	3.138812e-03	-1.213749e+01
1.073000e-05	4.691815e-03	-1.217004e+01
1.074000e-05	2.442360e-03	-1.219112e+01
1.075000e-05	4.482880e-03	-1.223070e+01
1.076000e-05	3.596520e-03	-1.223330e+01
1.077000e-05	4.697043e-03	-1.226568e+01
1.078000e-05	4.384945e-03	-1.229530e+01
1.079000e-05	6.744851e-03	-1.231738e+01
1.080000e-05	8.173136e-03	-1.227698e+01
1.081000e-05	7.435815e-03	-1.231688e+01
1.082000e-05	9.748746e-03	-1.232740e+01
1.083000e-05	1.236495e-02	-1.228693e+01
1.084000e-05	1.473911e-02	-1.230432e+01
1.085000e-05	1.620089e-02	-1.229435e+01
1.086000e-05	2.077077e-02	-1.228388e+01
1.087000e-05	2.700223e-02	-1.226475e+01
1.088000e-05	3.388852e-02	-1.225220e+01
1.089000e-05	4.389573e-02	-1.221120e+01
1.090000e-05	5.597136e-02	-1.213804e+01
1.091000e-05	6.211461e-02	-1.212596e+01
1.092000e-05	5.354376e-02	-1.209588e+01
1.093000e-05	3.839907e-02	-1.208274e+01
1.094000e-05	2.675571e-02	-1.196002e+01
1.095000e-05	1.929258e-02	-1.191746e+01
1.096000e-05	1.373824e-02	-1.188227e+01
1.097000e-05	1.002757e-02	-1.175803e+01
1.098000e-05	8.306117e-03	-1.166428e+01
1.099000e-05	8.204851e-03	-1.161954e+01
1.100000e-05	6.962145e-03	-1.146633e+01
1.101000e-05	4.742385e-03	-1.144014e+01
1.102000e-05	3.877870e-03	-1.129313e+01
1.103000e-05	3.494546e-03	-1.120006e+01
1.104000e-05	3.794189e-03	-1.109433e+01
1.105000e-05	2.741291e-03	-1.099859e+01
1.106000e-05	2.187055e-03	-1.089488e+01
1.107000e-05	2.200822e-03	-1.073004e+01
1.108000e-05	2.471570e-03	-1.068575e+01
1.109000e-05	1.633976e-03	-1.059957e+01
1.110000e-05	1.356189e-03	-1.047531e+01
1.111000e-05	1.626674e-03	-1.033641e+01
1.112000e-05	-1.487269e-04	-1.018999e+01
1.113000e-05	1.296766e-04	-1.008480e+01
1.114000e-05	-1.053929e-04	-9.948463e+00
1.115000e-05	2.724656e-04	-9.830594e+00
1.116000e-05	1.528831e-03	-9.713858e+00
1.117000e-05	1.814048e-04	-9.628490e+00
1.118000e-05	-7.725425e-04	-9.368564e+00
1.119000e-05	3.792526e-04	-9.282704e+00
1.120000e-05	5.081673e-04	-9.136405e+00
1.121000e-05	-1.096114e-03	-8.936410e+00
1.122000e-05	-2.216662e-03	-8.799521e+00
1.123000e-05	-1.542842e-03	-8.570594e+00
1.124000e-05	-3.097803e-04	-8.454703e+00
1.125000e-05	-1.201082e-03	-8.262780e+00
1.126000e-05	-1.124780e-03	-8.115833e+00
1.127000e-05	-1.704012e-03	-7.919963e+00
1.128000e-05	-1.122713e-03	-7.726812e+00
1.129000e-05	-3.516635e-03	-7.535832e+00
1.130000e-05	-2.620818e-03	-7.306260e+00
1.131000e-05	-2.187217e-03	-7.167990e+00
1.132000e-05	-1.958868e-03	-6.947264e+00
1.133000e-05	-3.706481e-03	-6.767411e+00
1.134000e-05	-3.595314e-03	-6.577967e+00
1.135000e-05	-3.624356e-03	-6.390044e+00
1.136000e-05	-2.369145e-03	-6.177987e+00
1.137000e-05	-3.003988e-03	-5.957461e+00
1.138000e-05	-3.232244e-03	-5.766467e+00
1.139000e-05	-4.885070e-03	-5.589441e+00
1.140000e-05	-3.094122e-03	-5.389415e+00
1.141000e-05	-4.284741e-03	-5.114283e+00
1.142000e-05	-1.428727e-03	-4.841199e+00
1.143000e-05	-4.420105e-03	-4.670649e+00
1.144000e-05	-3.731209e-03	-4.461602e+00
1.145000e-05	-5.059997e-03	-4.263649e+00
1.146000e-05	-3.056915e-03	-4.064755e+00
1.147000e-05	-4.363686e-03	-3.862603e+00
1.148000e-05	-4.090092e-03	-3.620625e+00
1.149000e-05	-4.506416e-03	-3.419550e+00
1.150000e-05	-4.511157e-03	-3.230971e+00
1.151000e-05	-4.251174e-03	-2.967863e+00
1.152000e-05	-3.780601e-03	-2.727240e+00
1.153000e-05	-4.380594e-03	-2.483753e+00
1.154000e-05	-4.873420e-03	-2.303162e+00
1.155000e-05	-5.575399e-03	-2.029650e+00
1.156000e-05	-4.962957e-03	-1.830976e+00
1.157000e-05	-4.297438e-03	-1.639015e+00
1.158000e-05	-4.578447e-03	-1.352858e+00
1.159000e-05	-5.427263e-03	-1.084208e+00
1.160000e-05	-6.149989e-03	-8.517028e-01
1.161000e-05	-5.178056e-03	-6.695027e-01
1.162000e-05	-4.546990e-03	-3.690211e-01
1.163000e-05	-4.699759e-03	-1.594461e-01
1.164000e-05	-2.930282e-03	1.307882e-02
1.165000e-05	3.284747e-03	2.966644e-01
1.166000e-05	-2.495092e-03	4.647145e-01
1.167000e-05	3.375452e-04	7.276858e-01
1.168000e-05	-2.976640e-03	8.827354e-01
1.169000e-05	-1.872004e-03	1.139391e+00
1.170000e-05	-3.371809e-03	1.369549e+00
1.171000e-05	3.234666e-03	1.601133e+00
1.172000e-05	3.011489e-02	1.852578e+00
1.173000e-05	6.883357e-02	2.032633e+00
1.174000e-05	-2.606032e-02	2.317332e+00
1.175000e-05	-5.271368e-02	2.536543e+00
1.176000e-05	-2.751785e-02	2.791546e+00
1.177000e-05	-4.253052e-02	2.979997e+00
1.178000e-05	-4.724936e-02	3.128393e+00
1.179000e-05	1.316725e-01	3.304735e+00
1.180000e-05	-4.889686e-02	3.548944e+00
1.181000e-05	-4.362741e-02	3.666257e+00
1.182000e-05	1.172936e-01	3.907888e+00
1.183000e-05	-1.188661e-01	4.140520e+00
1.184000e-05	4.238081e-02	4.420997e+00
1.185000e-05	2.452553e-02	4.591051e+00
1.186000e-05	-5.617002e-02	4.792221e+00
1.187000e-05	4.787761e-02	5.146908e+00
1.188000e-05	-2.549261e-02	5.338965e+00
1.189000e-05	-8.671465e-04	5.547970e+00
1.190000e-05	2.999162e-03	5.799567e+00
1.191000e-05	-2.591217e-02	6.021097e+00
1.192000e-05	8.453483e-03	6.199070e+00
1.193000e-05	-1.628989e-02	6.390472e+00
1.194000e-05	3.390781e-02	6.611596e+00
1.195000e-05	-2.191987e-02	6.802074e+00
1.196000e-05	3.783540e-03	7.019573e+00
1.197000e-05	1.933083e-03	7.200072e+00
1.198000e-05	-3.522096e-02	7.389970e+00
1.199000e-05	2.195297e-02	7.590570e+00
1.200000e-05	-1.148468e-02	7.801099e+00
1.201000e-05	4.163677e-03	8.001596e+00
1.202000e-05	-2.181896e-03	8.211523e+00
1.203000e-05	-1.568263e-02	8.357939e+00
1.204000e-05	-9.584947e-04	8.495329e+00
1.205000e-05	-8.543782e-03	8.661201e+00
1.206000e-05	4.898518e-03	8.750069e+00
1.207000e-05	-1.055607e-02	8.959857e+00
1.208000e-05	3.605032e-03	9.115987e+00
1.209000e-05	-4.587892e-03	9.265807e+00
1.210000e-05	-1.176609e-02	9.432123e+00
1.211000e-05	3.481303e-04	9.546890e+00
1.212000e-05	-5.571798e-03	9.707831e+00
1.213000e-05	-6.018541e-04	9.863272e+00
1.214000e-05	-9.397980e-03	1.002012e+01
1.215000e-05	-2.919111e-04	1.014791e+01
1.216000e-05	-6.711569e-03	1.025368e+01
1.217000e-05	-9.804099e-03	1.039062e+01
1.218000e-05	-7.147632e-03	1.051638e+01
1.219000e-05	-2.911824e-03	1.063225e+01
1.220000e-05	-3.766410e-03	1.075907e+01
1.221000e-05	-9.756362e-03	1.092628e+01
1.222000e-05	-3.909844e-03	1.096859e+01
1.223000e-05	-5.909569e-03	1.107578e+01
1.224000e-05	-6.605204e-03	1.119099e+01
1.225000e-05	-7.784448e-03	1.128678e+01
1.226000e-05	-4.722378e-03	1.141052e+01
1.227000e-05	-6.529322e-03	1.150833e+01
1.228000e-05	-8.038010e-03	1.161104e+01
1.229000e-05	-4.711387e-03	1.169526e+01
1.230000e-05	-7.864770e-03	1.178849e+01
1.231000e-05	-7.750555e-03	1.184117e+01
1.232000e-05	-8.805458e-03	1.186530e+01
1.233000e-05	-5.113262e-03	1.195543e+01
1.234000e-05	-6.848491e-03	1.198152e+01
1.235000e-05	-7.842718e-03	1.206163e+01
1.236000e-05	-8.651410e-03	1.210546e+01
1.237000e-05	-8.298741e-03	1.212889e+01
1.238000e-05	-8.168340e-03	1.216054e+01
1.239000e-05	-9.374156e-03	1.218217e+01
1.240000e-05	-8.863374e-03	1.223324e+01
1.241000e-05	-1.102920e-02	1.227580e+01
1.242000e-05	-1.034087e-02	1.231583e+01
1.243000e-05	-1.146008e-02	1.231433e+01
1.244000e-05	-1.200443e-02	1.228591e+01
1.245000e-05	-1.244640e-02	1.238641e+01
1.246000e-05	-1.325930e-02	1.236748e+01
1.247000e-05	-1.396713e-02	1.237056e+01
1.248000e-05	-1.690750e-02	1.237697e+01
1.249000e-05	-1.865018e-02	1.235841e+01
1.250000e-05	-2.156653e-02	1.238598e+01
1.251000e-05	-2.518371e-02	1.231686e+01
1.252000e-05	-3.085279e-02	1.232686e+01
1.253000e-05	-3.725635e-02	1.227420e+01
1.254000e-05	-4.651234e-02	1.225275e+01
1.255000e-05	-5.747050e-02	1.219062e+01
1.256000e-05	-6.650488e-02	1.220046e+01
1.257000e-05	-6.373583e-02	1.213681e+01
1.258000e-05	-4.947122e-02	1.209430e+01
1.259000e-05	-3.682746e-02	1.203160e+01
1.260000e-05	-2.731456e-02	1.198796e+01
1.261000e-05	-2.194529e-02	1.189681e+01
1.262000e-05	-1.863294e-02	1.185165e+01
1.263000e-05	-1.745165e-02	1.179047e+01
1.264000e-05	-1.472441e-02	1.172530e+01
1.265000e-05	-1.383866e-02	1.160107e+01
1.266000e-05	-1.296586e-02	1.151430e+01
1.267000e-05	-1.213182e-02	1.139067e+01
1.268000e-05	-1.206406e-02	1.130681e+01
1.269000e-05	-1.117295e-02	1.123851e+01
1.270000e-05	-1.054323e-02	1.112528e+01
1.271000e-05	-8.369692e-03	1.103004e+01
1.272000e-05	-1.001521e-02	1.091575e+01
1.273000e-05	-9.351910e-03	1.082105e+01
1.274000e-05	-8.577503e-03	1.072430e+01
1.275000e-05	-8.465430e-03	1.059853e+01
1.276000e-05	-7.974235e-03	1.044265e+01
1.277000e-05	-9.135271e-03	1.032626e+01
1.278000e-05	-7.641635e-03	1.020052e+01
1.279000e-05	-8.243976e-03	1.010373e+01
1.280000e-05	-6.594951e-03	9.966460e+00
1.281000e-05	-7.645206e-03	9.788439e+00
1.282000e-05	-7.055147e-03	9.691150e+00
1.283000e-05	-7.235183e-03	9.514328e+00
1.284000e-05	-6.094938e-03	9.367991e+00
1.285000e-05	-7.723309e-03	9.252125e+00
1.286000e-05	-6.498067e-03	9.071229e+00
1.287000e-05	-6.528826e-03	8.914282e+00
1.288000e-05	-5.478709e-03	8.756832e+00
1.289000e-05	-7.346342e-03	8.567492e+00
1.290000e-05	-6.265873e-03	8.432095e+00
1.291000e-05	-5.727747e-03	8.250701e+00
1.292000e-05	-5.634697e-03	8.102649e+00
1.293000e-05	-6.131812e-03	7.903174e+00
1.294000e-05	-6.288684e-03	7.734355e+00
1.295000e-05	-5.864722e-03	7.481761e+00
1.296000e-05	-5.573760e-03	7.302208e+00
1.297000e-05	-5.974209e-03	7.103653e+00
1.298000e-05	-5.563373e-03	6.944281e+00
1.299000e-05	-5.919632e-03	6.766408e+00
1.300000e-05	-5.305209e-03	6.533832e+00
1.301000e-05	-5.309169e-03	6.334284e+00
1.302000e-05	-5.654679e-03	6.174812e+00
1.303000e-05	-5.694918e-03	6.018338e+00
1.304000e-05	-5.077936e-03	5.745838e+00
1.305000e-05	-4.635616e-03	5.524336e+00
1.306000e-05	-4.764879e-03	5.365832e+00
1.307000e-05	-4.654341e-03	5.102227e+00
1.308000e-05	-4.785773e-03	4.849499e+00
1.309000e-05	-5.730154e-03	4.650540e+00
1.310000e-05	-5.488679e-03	4.431025e+00
1.311000e-05	-4.738293e-03	4.220969e+00
1.312000e-05	-3.937317e-03	4.017347e+00
1.313000e-05	-4.447377e-03	3.776870e+00
1.314000e-05	-4.747836e-03	3.566866e+00
1.315000e-05	-4.547682e-03	3.346215e+00
1.316000e-05	-4.537920e-03	3.123605e+00
1.317000e-05	-4.737871e-03	2.914208e+00
1.318000e-05	-4.632699e-03	2.715185e+00
1.319000e-05	-4.411828e-03	2.460550e+00
1.320000e-05	-3.610277e-03	2.208450e+00
1.321000e-05	-4.162052e-03	1.989948e+00
1.322000e-05	-4.241289e-03	1.836394e+00
1.323000e-05	-5.037517e-03	1.525685e+00
1.324000e-05	-3.880543e-03	1.304158e+00
1.325000e-05	-4.207827e-03	1.020527e+00
1.326000e-05	-4.411438e-03	7.678472e-01
1.327000e-05	-4.260526e-03	5.382619e-01
1.328000e-05	-4.274387e-03	3.682959e-01
1.329000e-05	-2.753486e-03	5.218378e-02
1.330000e-05	7.261116e-04	-7.738979e-02
1.331000e-05	5.917901e-03	-3.183960e-01
1.332000e-05	-2.881347e-03	-5.458889e-01
1.333000e-05	2.734176e-03	-7.679247e-01
1.334000e-05	-2.721516e-03	-9.710237e-01
1.335000e-05	1.157379e-03	-1.169422e+00
1.336000e-05	4.273007e-04	-1.443232e+00
1.337000e-05	3.486372e-02	-1.621628e+00
1.338000e-05	8.151770e-02	-1.805179e+00
1.339000e-05	-4.712940e-02	-2.125997e+00
1.340000e-05	-3.547330e-02	-2.455287e+00
1.341000e-05	-3.455031e-02	-2.687412e+00
1.342000e-05	-7.333588e-02	-2.854155e+00
1.343000e-05	5.652544e-02	-2.969041e+00
1.344000e-05	1.001650e-01	-3.119445e+00
1.345000e-05	-1.484445e-01	-3.433706e+00
1.346000e-05	1.613918e-01	-3.590471e+00
1.347000e-05	-6.860559e-02	-3.790182e+00
1.348000e-05	-5.638868e-02	-4.044809e+00
1.349000e-05	1.299163e-01	-4.242684e+00
1.350000e-05	-1.156995e-01	-4.483628e+00
1.351000e-05	6.830057e-02	-4.686811e+00
1.352000e-05	3.603558e-02	-4.915311e+00
1.353000e-05	-1.036781e-01	-5.149018e+00
1.354000e-05	1.200261e-01	-5.388043e+00
1.355000e-05	-1.130377e-01	-5.625729e+00
1.356000e-05	6.037498e-02	-5.782158e+00
1.357000e-05	6.665614e-03	-6.012073e+00
1.358000e-05	-4.280911e-02	-6.223830e+00
1.359000e-05	8.329606e-02	-6.453250e+00
1.360000e-05	-8.294258e-02	-6.665329e+00
1.361000e-05	8.438000e-02	-6.833199e+00
1.362000e-05	-6.491172e-02	-7.072358e+00
1.363000e-05	-2.894670e-03	-7.314781e+00
1.364000e-05	5.618206e-02	-7.432628e+00
1.365000e-05	-6.113613e-02	-7.663659e+00
1.366000e-05	7.259544e-02	-7.812378e+00
1.367000e-05	-5.255822e-02	-8.063755e+00
1.368000e-05	3.519535e-02	-8.241697e+00
1.369000e-05	-2.578270e-02	-8.337940e+00
1.370000e-05	-1.096095e-02	-8.537011e+00
1.371000e-05	3.983277e-02	-8.694956e+00
1.372000e-05	-1.792585e-02	-8.855833e+00
1.373000e-05	2.469773e-02	-9.032175e+00
1.374000e-05	-4.466158e-02	-9.147443e+00
1.375000e-05	3.575578e-02	-9.305857e+00
1.376000e-05	-8.833369e-03	-9.464856e+00
1.377000e-05	2.965561e-03	-9.603174e+00
1.378000e-05	-2.013574e-03	-9.768413e+00
1.379000e-05	6.541841e-03	-9.885829e+00
1.380000e-05	8.527173e-03	-9.982523e+00
1.381000e-05	-1.891557e-02	-1.017006e+01
1.382000e-05	1.221112e-02	-1.029576e+01
1.383000e-05	-9.969768e-04	-1.044430e+01
1.384000e-05	8.673683e-03	-1.056961e+01
1.385000e-05	-1.334195e-02	-1.063575e+01
1.386000e-05	1.429432e-02	-1.077100e+01
1.387000e-05	1.316233e-03	-1.085583e+01
1.388000e-05	1.063047e-03	-1.102164e+01
1.389000e-05	-6.793034e-03	-1.109393e+01
1.390000e-05	6.249962e-03	-1.118370e+01
1.391000e-05	6.067091e-03	-1.131540e+01
1.392000e-05	-8.967913e-04	-1.140070e+01
1.393000e-05	5.477874e-03	-1.151578e+01
1.394000e-05	-4.261596e-04	-1.158212e+01
1.395000e-05	2.650629e-03	-1.164635e+01
1.396000e-05	-2.826795e-03	-1.173858e+01
1.397000e-05	7.148633e-03	-1.185364e+01
1.398000e-05	1.805469e-03	-1.190445e+01
1.399000e-05	4.929696e-03	-1.196952e+01
1.400000e-05	3.319188e-04	-1.203170e+01
1.401000e-05	3.415386e-03	-1.209491e+01
1.402000e-05	1.765304e-03	-1.211641e+01
1.403000e-05	2.853006e-03	-1.215799e+01
1.404000e-05	3.925265e-03	-1.217007e+01
1.405000e-05	1.941549e-03	-1.220167e+01
1.406000e-05	4.673009e-03	-1.221064e+01
1.407000e-05	4.276272e-03	-1.225227e+01
1.408000e-05	3.462478e-03	-1.228423e+01
1.409000e-05	2.535033e-03	-1.227531e+01
1.410000e-05	6.194569e-03	-1.233788e+01
1.411000e-05	9.171618e-03	-1.228636e+01
1.412000e-05	8.519415e-03	-1.229591e+01
1.413000e-05	8.663807e-03	-1.228638e+01
1.414000e-05	1.096410e-02	-1.233591e+01
1.415000e-05	1.315238e-02	-1.231543e+01
1.416000e-05	1.724482e-02	-1.228686e+01
1.417000e-05	2.017974e-02	-1.227235e+01
1.418000e-05	2.689025e-02	-1.225382e+01
1.419000e-05	3.362274e-02	-1.221112e+01
1.420000e-05	4.331466e-02	-1.222005e+01
1.421000e-05	5.595420e-02	-1.214056e+01
1.422000e-05	6.214770e-02	-1.210543e+01
1.423000e-05	5.409411e-02	-1.208478e+01
1.424000e-05	3.880411e-02	-1.205320e+01
1.425000e-05	2.628247e-02	-1.201966e+01
1.426000e-05	1.941262e-02	-1.192638e+01
1.427000e-05	1.373484e-02	-1.186267e+01
1.428000e-05	1.051267e-02	-1.177904e+01
1.429000e-05	8.694820e-03	-1.168587e+01
1.430000e-05	8.384243e-03	-1.158212e+01
1.431000e-05	7.541999e-03	-1.149485e+01
1.432000e-05	5.262483e-03	-1.142104e+01
1.433000e-05	4.189217e-03	-1.129495e+01
1.434000e-05	3.442954e-03	-1.117908e+01
1.435000e-05	2.958786e-03	-1.111387e+01
1.436000e-05	2.236474e-03	-1.098954e+01
1.437000e-05	2.827095e-03	-1.088333e+01
1.438000e-05	3.000030e-03	-1.081004e+01
1.439000e-05	1.715537e-03	-1.069628e+01
1.440000e-05	1.162171e-03	-1.056002e+01
1.441000e-05	2.261324e-03	-1.046420e+01
1.442000e-05	1.016557e-03	-1.034646e+01
1.443000e-05	1.432135e-03	-1.025002e+01
1.444000e-05	9.522040e-04	-1.008475e+01
1.445000e-05	1.310856e-03	-9.947541e+00
1.446000e-05	-2.162123e-04	-9.821639e+00
1.447000e-05	1.057982e-04	-9.747389e+00
1.448000e-05	-2.087735e-04	-9.558512e+00
1.449000e-05	-1.301035e-04	-9.400020e+00
1.450000e-05	5.922003e-04	-9.233578e+00
1.451000e-05	-1.213513e-04	-9.155811e+00
1.452000e-05	-1.131933e-03	-8.938415e+00
1.453000e-05	-1.465500e-03	-8.830596e+00
1.454000e-05	-7.893310e-04	-8.621668e+00
1.455000e-05	-6.667266e-04	-8.442198e+00
1.456000e-05	-2.479190e-03	-8.264381e+00
1.457000e-05	-3.238025e-03	-8.127312e+00
1.458000e-05	-1.784451e-03	-7.918440e+00
1.459000e-05	-1.166031e-03	-7.716384e+00
1.460000e-05	-2.126869e-03	-7.504284e+00
1.461000e-05	-2.945768e-03	-7.345838e+00
1.462000e-05	-2.846619e-03	-7.209466e+00
1.463000e-05	-2.542972e-03	-6.945885e+00
1.464000e-05	-3.086934e-03	-6.747288e+00
1.465000e-05	-2.818478e-03	-6.538967e+00
1.466000e-05	-2.904261e-03	-6.365769e+00
1.467000e-05	-3.214096e-03	-6.170390e+00
1.468000e-05	-4.113277e-03	-5.938992e+00
1.469000e-05	-3.637894e-03	-5.736465e+00
1.470000e-05	-4.097699e-03	-5.589545e+00
1.471000e-05	-2.800927e-03	-5.367964e+00
1.472000e-05	-4.478315e-03	-5.136810e+00
1.473000e-05	-3.394028e-03	-4.885778e+00
1.474000e-05	-4.265722e-03	-4.652653e+00
1.475000e-05	-3.441862e-03	-4.484729e+00
1.476000e-05	-4.630200e-03	-4.282653e+00
1.477000e-05	-3.572106e-03	-4.082657e+00
1.478000e-05	-4.244438e-03	-3.853150e+00
1.479000e-05	-3.680379e-03	-3.629549e+00
1.480000e-05	-4.250540e-03	-3.438021e+00
1.481000e-05	-5.133455e-03	-3.190002e+00
1.482000e-05	-5.400006e-03	-2.956914e+00
1.483000e-05	-3.896803e-03	-2.726314e+00
1.484000e-05	-3.820409e-03	-2.516339e+00
1.485000e-05	-4.806624e-03	-2.305663e+00
1.486000e-05	-4.953449e-03	-2.022201e+00
1.487000e-05	-4.674155e-03	-1.830051e+00
1.488000e-05	-4.394990e-03	-1.601028e+00
1.489000e-05	-5.216704e-03	-1.357337e+00
1.490000e-05	-5.081318e-03	-1.073662e+00
1.491000e-05	-5.600459e-03	-9.007315e-01
1.492000e-05	-5.049864e-03	-6.731001e-01
1.493000e-05	-5.112764e-03	-3.685462e-01
1.494000e-05	-4.020651e-03	-1.683962e-01
1.495000e-05	-1.780205e-03	3.052769e-02
1.496000e-05	4.084858e-03	2.761418e-01
1.497000e-05	-3.054698e-03	4.842857e-01
1.498000e-05	-3.425233e-04	6.867645e-01
1.499000e-05	-2.775079e-03	8.142853e-01
1.500000e-05	-2.325819e-03	1.147867e+00
1.501000e-05	-3.914219e-03	1.359366e+00
1.502000e-05	2.627091e-03	1.621651e+00
1.503000e-05	2.887550e-02	1.811628e+00
1.504000e-05	6.956210e-02	2.032655e+00
1.505000e-05	-2.104367e-02	2.295759e+00
1.506000e-05	-5.463451e-02	2.528540e+00
1.507000e-05	-2.598627e-02	2.789947e+00
1.508000e-05	-4.112582e-02	2.988943e+00
1.509000e-05	-5.053076e-02	3.156340e+00
1.510000e-05	1.260565e-01	3.314263e+00
1.511000e-05	-3.554905e-02	3.569441e+00
1.512000e-05	-5.801930e-02	3.696184e+00
1.513000e-05	1.259160e-01	3.935391e+00
1.514000e-05	-1.168813e-01	4.178916e+00
1.515000e-05	3.754399e-02	4.409997e+00
1.516000e-05	3.225969e-02	4.631100e+00
1.517000e-05	-5.952078e-02	4.804074e+00
1.518000e-05	4.442243e-02	5.065832e+00
1.519000e-05	-2.179751e-02	5.357920e+00
1.520000e-05	-3.469944e-03	5.529371e+00
1.521000e-05	6.918983e-03	5.779117e+00
1.522000e-05	-2.742854e-02	5.980471e+00
1.523000e-05	7.854727e-03	6.189069e+00
1.524000e-05	-1.724198e-02	6.438540e+00
1.525000e-05	3.326164e-02	6.588542e+00
1.526000e-05	-1.799691e-02	6.789070e+00
1.527000e-05	-5.671233e-05	6.991047e+00
1.528000e-05	3.704805e-03	7.150441e+00
1.529000e-05	-3.696638e-02	7.367941e+00
1.530000e-05	2.344224e-02	7.580070e+00
1.531000e-05	-8.487136e-03	7.795019e+00
1.532000e-05	2.014492e-03	8.019470e+00
1.533000e-05	-1.988293e-03	8.164091e+00
1.534000e-05	-1.636709e-02	8.347387e+00
1.535000e-05	-2.910328e-04	8.474833e+00
1.536000e-05	-8.794100e-03	8.653154e+00
1.537000e-05	5.133844e-03	8.770469e+00
1.538000e-05	-1.100893e-02	8.987484e+00
1.539000e-05	2.759441e-03	9.156358e+00
1.540000e-05	-4.261424e-03	9.293757e+00
1.541000e-05	-1.265696e-02	9.421672e+00
1.542000e-05	1.593337e-03	9.558915e+00
1.543000e-05	-5.922034e-03	9.705758e+00
1.544000e-05	-1.554329e-03	9.854244e+00
1.545000e-05	-1.056519e-02	9.979999e+00
1.546000e-05	6.091528e-04	1.013734e+01
1.547000e-05	-6.850904e-03	1.022480e+01
1.548000e-05	-9.777109e-03	1.038894e+01
1.549000e-05	-7.028407e-03	1.050736e+01
1.550000e-05	-1.999812e-03	1.060214e+01
1.551000e-05	-3.351842e-03	1.078849e+01
1.552000e-05	-1.011360e-02	1.088525e+01
1.553000e-05	-4.395569e-03	1.095959e+01
1.554000e-05	-6.446345e-03	1.106475e+01
1.555000e-05	-6.561055e-03	1.114949e+01
1.556000e-05	-8.454385e-03	1.130486e+01
1.557000e-05	-4.581867e-03	1.139157e+01
1.558000e-05	-6.804083e-03	1.146686e+01
1.559000e-05	-7.137956e-03	1.160952e+01
1.560000e-05	-5.214838e-03	1.171625e+01
1.561000e-05	-7.756750e-03	1.175851e+01
1.562000e-05	-8.118593e-03	1.180260e+01
1.563000e-05	-7.608890e-03	1.186573e+01
1.564000e-05	-3.988822e-03	1.192833e+01
1.565000e-05	-7.144241e-03	1.205049e+01
1.566000e-05	-8.771608e-03	1.205367e+01
1.567000e-05	-9.098776e-03	1.211586e+01
1.568000e-05	-7.802839e-03	1.212784e+01
1.569000e-05	-8.808049e-03	1.215959e+01
1.570000e-05	-8.563800e-03	1.223212e+01
1.571000e-05	-7.399412e-03	1.224372e+01
1.572000e-05	-1.175930e-02	1.228427e+01
1.573000e-05	-1.179727e-02	1.232526e+01
1.574000e-05	-1.209851e-02	1.230643e+01
1.575000e-05	-1.157397e-02	1.235593e+01
1.576000e-05	-1.249041e-02	1.237843e+01
1.577000e-05	-1.224365e-02	1.241744e+01
1.578000e-05	-1.320789e-02	1.236941e+01
1.579000e-05	-1.648621e-02	1.236899e+01
1.580000e-05	-1.768804e-02	1.236943e+01
1.581000e-05	-2.192570e-02	1.232686e+01
1.582000e-05	-2.569448e-02	1.230643e+01
1.583000e-05	-3.093899e-02	1.233683e+01
1.584000e-05	-3.630377e-02	1.228335e+01
1.585000e-05	-4.600149e-02	1.226369e+01
1.586000e-05	-5.828269e-02	1.221204e+01
1.587000e-05	-6.559457e-02	1.218009e+01
1.588000e-05	-6.406109e-02	1.214699e+01
1.589000e-05	-5.012529e-02	1.210430e+01
1.590000e-05	-3.701613e-02	1.204172e+01
1.591000e-05	-2.769420e-02	1.200056e+01
1.592000e-05	-2.313374e-02	1.192578e+01
1.593000e-05	-1.954671e-02	1.186273e+01
1.594000e-05	-1.787637e-02	1.176854e+01
1.595000e-05	-1.407695e-02	1.174433e+01
1.596000e-05	-1.386923e-02	1.167152e+01
1.597000e-05	-1.192087e-02	1.151381e+01
1.598000e-05	-1.180218e-02	1.138954e+01
1.599000e-05	-1.122342e-02	1.131528e+01
1.600000e-05	-1.047772e-02	1.123109e+01
1.601000e-05	-1.069133e-02	1.113631e+01
1.602000e-05	-1.009693e-02	1.098059e+01
1.603000e-05	-1.116237e-02	1.091683e+01
1.604000e-05	-1.015360e-02	1.085160e+01
1.605000e-05	-8.034271e-03	1.070478e+01
1.606000e-05	-7.545081e-03	1.055949e+01
1.607000e-05	-8.427128e-03	1.045470e+01
1.608000e-05	-8.486730e-03	1.031498e+01
1.609000e-05	-7.843405e-03	1.020004e+01
1.610000e-05	-7.902963e-03	1.007480e+01
1.611000e-05	-6.296712e-03	9.998462e+00
1.612000e-05	-7.842434e-03	9.850044e+00
1.613000e-05	-7.257244e-03	9.652750e+00
1.614000e-05	-7.071658e-03	9.534858e+00
1.615000e-05	-6.338963e-03	9.388891e+00
1.616000e-05	-6.613850e-03	9.252605e+00
1.617000e-05	-6.290038e-03	9.102775e+00
1.618000e-05	-5.961787e-03	8.937854e+00
1.619000e-05	-6.878470e-03	8.766412e+00
1.620000e-05	-7.257051e-03	8.570964e+00
1.621000e-05	-5.955426e-03	8.453070e+00
1.622000e-05	-4.514264e-03	8.252628e+00
1.623000e-05	-6.298708e-03	8.053227e+00
1.624000e-05	-7.525600e-03	7.884203e+00
1.625000e-05	-5.275120e-03	7.703762e+00
1.626000e-05	-4.721447e-03	7.535703e+00
1.627000e-05	-5.288007e-03	7.285183e+00
1.628000e-05	-5.879009e-03	7.105204e+00
1.629000e-05	-5.373870e-03	6.924831e+00
1.630000e-05	-5.441196e-03	6.748862e+00
1.631000e-05	-5.669179e-03	6.565811e+00
1.632000e-05	-5.554729e-03	6.355308e+00
1.633000e-05	-5.173856e-03	6.155861e+00
1.634000e-05	-5.190132e-03	5.977889e+00
1.635000e-05	-5.567117e-03	5.737734e+00
1.636000e-05	-5.158649e-03	5.555861e+00
1.637000e-05	-4.548145e-03	5.355337e+00
1.638000e-05	-4.794344e-03	5.114728e+00
1.639000e-05	-5.067904e-03	4.820174e+00
1.640000e-05	-5.038729e-03	4.630072e+00
1.641000e-05	-4.543432e-03	4.461028e+00
1.642000e-05	-5.369846e-03	4.211150e+00
1.643000e-05	-4.952103e-03	3.988467e+00
1.644000e-05	-4.638144e-03	3.777941e+00
1.645000e-05	-4.626108e-03	3.598849e+00
1.646000e-05	-4.451047e-03	3.334288e+00
1.647000e-05	-4.070353e-03	3.106737e+00
1.648000e-05	-4.532115e-03	2.919729e+00
1.649000e-05	-4.208352e-03	2.715213e+00
1.650000e-05	-4.328014e-03	2.440603e+00
1.651000e-05	-3.941561e-03	2.200402e+00
1.652000e-05	-4.783793e-03	2.009922e+00
1.653000e-05	-4.986794e-03	1.826922e+00
1.654000e-05	-5.021093e-03	1.584289e+00
1.655000e-05	-4.742328e-03	1.316682e+00
1.656000e-05	-3.920715e-03	1.081970e+00
1.657000e-05	-4.585489e-03	7.977911e-01
1.658000e-05	-3.914783e-03	5.671933e-01
1.659000e-05	-2.378211e-03	3.482696e-01
1.660000e-05	-2.216933e-03	8.360797e-02
1.661000e-05	3.990536e-04	-1.178423e-01
1.662000e-05	5.045591e-03	-3.167921e-01
1.663000e-05	-4.177105e-03	-5.184134e-01
1.664000e-05	2.551257e-03	-7.405212e-01
1.665000e-05	-3.692103e-03	-9.585175e-01
1.666000e-05	2.236493e-03	-1.159496e+00
1.667000e-05	7.465903e-04	-1.405155e+00
1.668000e-05	3.291237e-02	-1.621630e+00
1.669000e-05	8.256611e-02	-1.811679e+00
1.670000e-05	-4.223547e-02	-2.104466e+00
1.671000e-05	-3.868607e-02	-2.421762e+00
1.672000e-05	-3.245300e-02	-2.696861e+00
1.673000e-05	-7.336309e-02	-2.811654e+00
1.674000e-05	4.535608e-02	-2.978093e+00
1.675000e-05	1.104669e-01	-3.108545e+00
1.676000e-05	-1.504195e-01	-3.433180e+00
1.677000e-05	1.532953e-01	-3.558999e+00
1.678000e-05	-5.226138e-02	-3.790524e+00
1.679000e-05	-6.897699e-02	-4.033311e+00
1.680000e-05	1.365780e-01	-4.242229e+00
1.681000e-05	-1.104984e-01	-4.463781e+00
1.682000e-05	5.563887e-02	-4.663387e+00
1.683000e-05	4.918145e-02	-4.903813e+00
1.684000e-05	-1.108177e-01	-5.139045e+00
1.685000e-05	1.227438e-01	-5.406416e+00
1.686000e-05	-1.075045e-01	-5.582151e+00
1.687000e-05	4.930910e-02	-5.861752e+00
1.688000e-05	1.806304e-02	-5.961098e+00
1.689000e-05	-5.010529e-02	-6.243328e+00
1.690000e-05	8.556074e-02	-6.403729e+00
1.691000e-05	-8.126813e-02	-6.634780e+00
1.692000e-05	8.017988e-02	-6.812126e+00
1.693000e-05	-5.548925e-02	-7.054323e+00
1.694000e-05	-1.305914e-02	-7.265832e+00
1.695000e-05	6.463159e-02	-7.411151e+00
1.696000e-05	-6.364739e-02	-7.603200e+00
1.697000e-05	7.211804e-02	-7.882805e+00
1.698000e-05	-4.941621e-02	-8.032730e+00
1.699000e-05	3.091216e-02	-8.181146e+00
1.700000e-05	-1.952760e-02	-8.349016e+00
1.701000e-05	-1.693195e-02	-8.536410e+00
1.702000e-05	4.263649e-02	-8.654361e+00
1.703000e-05	-2.046975e-02	-8.875306e+00
1.704000e-05	2.638683e-02	-9.011149e+00
1.705000e-05	-4.280794e-02	-9.147445e+00
1.706000e-05	3.340221e-02	-9.299481e+00
1.707000e-05	-5.481754e-03	-9.484376e+00
1.708000e-05	-2.724918e-04	-9.622702e+00
1.709000e-05	-6.363688e-04	-9.738986e+00
1.710000e-05	5.618654e-03	-9.875729e+00
1.711000e-05	1.109993e-02	-1.001217e+01
1.712000e-05	-2.015776e-02	-1.017811e+01
1.713000e-05	1.153796e-02	-1.027579e+01
1.714000e-05	-1.825955e-04	-1.040470e+01
1.715000e-05	8.407395e-03	-1.053801e+01
1.716000e-05	-1.327687e-02	-1.067323e+01
1.717000e-05	1.339470e-02	-1.072947e+01
1.718000e-05	2.171248e-03	-1.087570e+01
1.719000e-05	-4.076040e-04	-1.097114e+01
1.720000e-05	-6.097760e-03	-1.107376e+01
1.721000e-05	5.837211e-03	-1.119320e+01
1.722000e-05	8.162437e-03	-1.129395e+01
1.723000e-05	-3.026459e-03	-1.137067e+01
1.724000e-05	5.916722e-03	-1.147485e+01
1.725000e-05	-3.993010e-04	-1.158109e+01
1.726000e-05	4.306185e-03	-1.169270e+01
1.727000e-05	-2.757172e-03	-1.176001e+01
1.728000e-05	7.130404e-03	-1.185214e+01
1.729000e-05	2.124218e-03	-1.187536e+01
1.730000e-05	3.495170e-03	-1.198901e+01
1.731000e-05	6.929426e-04	-1.199212e+01
1.732000e-05	3.698709e-03	-1.209520e+01
1.733000e-05	2.038221e-03	-1.212486e+01
1.734000e-05	2.537021e-03	-1.210951e+01
1.735000e-05	4.481756e-03	-1.218004e+01
1.736000e-05	9.069830e-04	-1.221022e+01
1.737000e-05	3.834864e-03	-1.224165e+01
1.738000e-05	4.006397e-03	-1.223378e+01
1.739000e-05	4.554434e-03	-1.224333e+01
1.740000e-05	2.956516e-03	-1.226383e+01
1.741000e-05	6.026275e-03	-1.233588e+01
1.742000e-05	8.573372e-03	-1.230688e+01
1.743000e-05	9.456535e-03	-1.229538e+01
1.744000e-05	8.578909e-03	-1.230738e+01
1.745000e-05	1.063352e-02	-1.229680e+01
1.746000e-05	1.347984e-02	-1.230588e+01
1.747000e-05	1.729590e-02	-1.230493e+01
1.748000e-05	2.117911e-02	-1.228583e+01
1.749000e-05	2.588342e-02	-1.224422e+01
1.750000e-05	3.387104e-02	-1.222070e+01
1.751000e-05	4.261742e-02	-1.220164e+01
1.752000e-05	5.581638e-02	-1.214702e+01
1.753000e-05	6.081996e-02	-1.211843e+01
1.754000e-05	5.533524e-02	-1.210381e+01
1.755000e-05	4.032053e-02	-1.205422e+01
1.756000e-05	2.730091e-02	-1.199962e+01
1.757000e-05	1.911775e-02	-1.191734e+01
1.758000e-05	1.328854e-02	-1.184072e+01
1.759000e-05	1.093176e-02	-1.179851e+01
1.760000e-05	8.585459e-03	-1.167583e+01
1.761000e-05	7.794832e-03	-1.158012e+01
1.762000e-05	8.447923e-03	-1.147636e+01
1.763000e-05	6.293741e-03	-1.138052e+01
1.764000e-05	4.835259e-03	-1.125480e+01
1.765000e-05	3.977876e-03	-1.120909e+01
1.766000e-05	3.853121e-03	-1.111340e+01
1.767000e-05	3.056433e-03	-1.098004e+01
1.768000e-05	2.527858e-03	-1.091430e+01
1.769000e-05	2.702244e-03	-1.081062e+01
1.770000e-05	2.053538e-03	-1.065483e+01
1.771000e-05	1.142500e-03	-1.059097e+01
1.772000e-05	1.241937e-03	-1.047528e+01
1.773000e-05	1.584581e-03	-1.036754e+01
1.774000e-05	6.649140e-04	-1.017869e+01
1.775000e-05	1.403145e-03	-1.006476e+01
1.776000e-05	4.948342e-04	-9.957439e+00
1.777000e-05	5.652839e-05	-9.812624e+00
1.778000e-05	8.632512e-04	-9.726860e+00
1.779000e-05	6.552147e-04	-9.600988e+00
1.780000e-05	-3.022868e-04	-9.381166e+00
1.781000e-05	-2.184421e-04	-9.263753e+00
1.782000e-05	-7.328462e-04	-9.106383e+00
1.783000e-05	-3.013656e-04	-8.948966e+00
1.784000e-05	-4.489529e-04	-8.820620e+00
1.785000e-05	-1.016342e-03	-8.600991e+00
1.786000e-05	-1.487460e-03	-8.430653e+00
1.787000e-05	-1.735024e-03	-8.296307e+00
1.788000e-05	-2.399553e-03	-8.145886e+00
1.789000e-05	-2.054634e-03	-7.937440e+00
1.790000e-05	-1.890930e-03	-7.734356e+00
1.791000e-05	-2.686935e-03	-7.545887e+00
1.792000e-05	-2.349393e-03	-7.346884e+00
1.793000e-05	-2.676053e-03	-7.218465e+00
1.794000e-05	-2.606922e-03	-6.947936e+00
1.795000e-05	-3.090213e-03	-6.726916e+00
1.796000e-05	-2.755409e-03	-6.548916e+00
1.797000e-05	-3.088929e-03	-6.399045e+00
1.798000e-05	-3.864109e-03	-6.177993e+00
1.799000e-05	-4.317651e-03	-6.008971e+00
1.800000e-05	-3.337149e-03	-5.809462e+00
1.801000e-05	-5.010722e-03	-5.600469e+00
1.802000e-05	-3.132068e-03	-5.337965e+00
1.803000e-05	-4.675994e-03	-5.137760e+00
1.804000e-05	-2.787719e-03	-4.844782e+00
1.805000e-05	-4.873286e-03	-4.658175e+00
1.806000e-05	-3.637410e-03	-4.473134e+00
1.807000e-05	-3.929454e-03	-4.304709e+00
1.808000e-05	-3.598796e-03	-4.063202e+00
1.809000e-05	-4.335113e-03	-3.884680e+00
1.810000e-05	-3.934920e-03	-3.620579e+00
1.811000e-05	-5.143515e-03	-3.452054e+00
1.812000e-05	-4.837078e-03	-3.219975e+00
1.813000e-05	-5.541036e-03	-3.017994e+00
1.814000e-05	-3.981394e-03	-2.726842e+00
1.815000e-05	-4.095630e-03	-2.506338e+00
1.816000e-05	-4.397867e-03	-2.325765e+00
1.817000e-05	-5.052149e-03	-2.010579e+00
1.818000e-05	-4.271156e-03	-1.850625e+00
1.819000e-05	-5.834114e-03	-1.621524e+00
1.820000e-05	-4.537497e-03	-1.356347e+00
1.821000e-05	-4.617676e-03	-1.114708e+00
1.822000e-05	-4.414729e-03	-8.711053e-01
1.823000e-05	-6.347628e-03	-7.036250e-01
1.824000e-05	-4.989255e-03	-3.795987e-01
1.825000e-05	-4.818099e-03	-1.978986e-01
1.826000e-05	-1.940769e-03	-8.423694e-03
1.827000e-05	4.262257e-03	2.636105e-01
1.828000e-05	-1.400475e-03	4.521578e-01
1.829000e-05	-2.275229e-04	6.451393e-01
1.830000e-05	-2.486618e-03	8.410820e-01
1.831000e-05	-1.498816e-03	1.147866e+00
1.832000e-05	-2.136523e-03	1.368845e+00
1.833000e-05	2.156407e-03	1.639046e+00
1.834000e-05	2.614504e-02	1.832500e+00
1.835000e-05	6.904642e-02	2.091004e+00
1.836000e-05	-1.523083e-02	2.275236e+00
1.837000e-05	-5.657031e-02	2.508462e+00
1.838000e-05	-2.512171e-02	2.770521e+00
1.839000e-05	-4.107752e-02	2.978469e+00
1.840000e-05	-5.184258e-02	3.119416e+00
1.841000e-05	1.199286e-01	3.272712e+00
1.842000e-05	-2.112931e-02	3.539446e+00
1.843000e-05	-7.112355e-02	3.673758e+00
1.844000e-05	1.323521e-01	3.937816e+00
1.845000e-05	-1.152703e-01	4.099895e+00
1.846000e-05	2.941713e-02	4.389520e+00
1.847000e-05	3.743226e-02	4.579150e+00
1.848000e-05	-6.219399e-02	4.821969e+00
1.849000e-05	4.228316e-02	5.074280e+00
1.850000e-05	-1.678062e-02	5.346890e+00
1.851000e-05	-5.462696e-03	5.567415e+00
1.852000e-05	8.905123e-03	5.758418e+00
1.853000e-05	-3.021701e-02	5.991022e+00
1.854000e-05	7.573122e-03	6.158992e+00
1.855000e-05	-1.735480e-02	6.369993e+00
1.856000e-05	3.139991e-02	6.558616e+00
1.857000e-05	-1.553896e-02	6.791071e+00
1.858000e-05	-2.883000e-03	6.980070e+00
1.859000e-05	7.363750e-03	7.159992e+00
1.860000e-05	-4.011534e-02	7.338915e+00
1.861000e-05	2.132603e-02	7.559015e+00
1.862000e-05	-7.340404e-03	7.769493e+00
1.863000e-05	4.723402e-04	8.000116e+00
1.864000e-05	-2.030731e-04	8.180470e+00
1.865000e-05	-1.844226e-02	8.337412e+00
1.866000e-05	1.071325e-03	8.465206e+00
1.867000e-05	-1.003334e-02	8.643175e+00
1.868000e-05	4.511889e-03	8.779494e+00
1.869000e-05	-1.169373e-02	8.907338e+00
1.870000e-05	1.564264e-03	9.135908e+00
1.871000e-05	-3.032029e-03	9.235278e+00
1.872000e-05	-1.249432e-02	9.402021e+00
1.873000e-05	1.456798e-03	9.518389e+00
1.874000e-05	-6.530098e-03	9.666708e+00
1.875000e-05	-4.864399e-04	9.823698e+00
1.876000e-05	-9.883223e-03	9.981049e+00
1.877000e-05	6.252640e-04	1.010738e+01
1.878000e-05	-6.924319e-03	1.024217e+01
1.879000e-05	-9.233225e-03	1.039952e+01
1.880000e-05	-7.166118e-03	1.047578e+01
1.881000e-05	-2.667538e-03	1.065270e+01
1.882000e-05	-3.560246e-03	1.072749e+01
1.883000e-05	-1.041509e-02	1.087526e+01
1.884000e-05	-3.474098e-03	1.097104e+01
1.885000e-05	-5.731721e-03	1.107573e+01
1.886000e-05	-7.193487e-03	1.118799e+01
1.887000e-05	-8.796977e-03	1.129420e+01
1.888000e-05	-3.533983e-03	1.132958e+01
1.889000e-05	-5.947952e-03	1.149485e+01
1.890000e-05	-8.340635e-03	1.164056e+01
1.891000e-05	-4.370018e-03	1.170530e+01
1.892000e-05	-7.081499e-03	1.174854e+01
1.893000e-05	-7.872359e-03	1.183110e+01
1.894000e-05	-9.013485e-03	1.190625e+01
1.895000e-05	-4.862053e-03	1.193791e+01
1.896000e-05	-6.655954e-03	1.201057e+01
1.897000e-05	-7.962217e-03	1.203270e+01
1.898000e-05	-9.174399e-03	1.208683e+01
1.899000e-05	-7.950188e-03	1.212548e+01
1.900000e-05	-7.427890e-03	1.216062e+01
1.901000e-05	-8.619159e-03	1.223214e+01
1.902000e-05	-7.760272e-03	1.225522e+01
1.903000e-05	-1.219119e-02	1.229530e+01
1.904000e-05	-1.132688e-02	1.229535e+01
1.905000e-05	-1.073714e-02	1.232630e+01
1.906000e-05	-1.247498e-02	1.234743e+01
1.907000e-05	-1.074981e-02	1.237651e+01
1.908000e-05	-1.412335e-02	1.238994e+01
1.909000e-05	-1.220863e-02	1.238804e+01
1.910000e-05	-1.717884e-02	1.240949e+01
1.911000e-05	-1.970458e-02	1.232646e+01
1.912000e-05	-2.172498e-02	1.233799e+01
1.913000e-05	-2.634921e-02	1.232586e+01
1.914000e-05	-2.929676e-02	1.233591e+01
1.915000e-05	-3.642378e-02	1.228487e+01
1.916000e-05	-4.531163e-02	1.225322e+01
1.917000e-05	-5.594672e-02	1.219022e+01
1.918000e-05	-6.746885e-02	1.217009e+01
1.919000e-05	-6.426705e-02	1.212691e+01
1.920000e-05	-5.121164e-02	1.207530e+01
1.921000e-05	-3.695220e-02	1.203422e+01
1.922000e-05	-2.793580e-02	1.198859e+01
1.923000e-05	-2.317224e-02	1.192696e+01
1.924000e-05	-1.953069e-02	1.190272e+01
1.925000e-05	-1.719859e-02	1.175002e+01
1.926000e-05	-1.521941e-02	1.173536e+01
1.927000e-05	-1.445845e-02	1.164164e+01
1.928000e-05	-1.263019e-02	1.149695e+01
1.929000e-05	-1.088258e-02	1.143066e+01
1.930000e-05	-1.131896e-02	1.130736e+01
1.931000e-05	-1.100068e-02	1.121097e+01
1.932000e-05	-1.181719e-02	1.110436e+01
1.933000e-05	-9.798594e-03	1.102064e+01
1.934000e-05	-1.061974e-02	1.089634e+01
1.935000e-05	-8.212682e-03	1.088267e+01
1.936000e-05	-8.156176e-03	1.073736e+01
1.937000e-05	-7.859420e-03	1.057962e+01
1.938000e-05	-9.034232e-03	1.045328e+01
1.939000e-05	-8.850768e-03	1.035591e+01
1.940000e-05	-8.163345e-03	1.020160e+01
1.941000e-05	-8.594379e-03	1.010425e+01
1.942000e-05	-6.551114e-03	9.968438e+00
1.943000e-05	-7.144232e-03	9.839043e+00
1.944000e-05	-6.705514e-03	9.663175e+00
1.945000e-05	-8.088558e-03	9.515331e+00
1.946000e-05	-6.461840e-03	9.368440e+00
1.947000e-05	-6.643221e-03	9.232027e+00
1.948000e-05	-5.779523e-03	9.143703e+00
1.949000e-05	-7.315961e-03	8.896782e+00
1.950000e-05	-6.704710e-03	8.776465e+00
1.951000e-05	-5.956676e-03	8.588444e+00
1.952000e-05	-4.894919e-03	8.422648e+00
1.953000e-05	-5.825789e-03	8.263148e+00
1.954000e-05	-5.795689e-03	8.093705e+00
1.955000e-05	-6.305525e-03	7.914681e+00
1.956000e-05	-5.459131e-03	7.714263e+00
1.957000e-05	-5.538945e-03	7.524832e+00
1.958000e-05	-5.619993e-03	7.284181e+00
1.959000e-05	-5.074121e-03	7.114333e+00
1.960000e-05	-5.154894e-03	6.936362e+00
1.961000e-05	-5.008751e-03	6.736313e+00
1.962000e-05	-5.588935e-03	6.515807e+00
1.963000e-05	-4.979977e-03	6.346312e+00
1.964000e-05	-5.537867e-03	6.157912e+00
1.965000e-05	-5.752961e-03	5.987447e+00
1.966000e-05	-5.778609e-03	5.776961e+00
1.967000e-05	-4.983879e-03	5.546438e+00
1.968000e-05	-4.754416e-03	5.346861e+00
1.969000e-05	-4.830931e-03	5.102754e+00
1.970000e-05	-4.837575e-03	4.860552e+00
1.971000e-05	-4.467408e-03	4.659624e+00
1.972000e-05	-5.014209e-03	4.421554e+00
1.973000e-05	-5.452144e-03	4.262571e+00
1.974000e-05	-5.098029e-03	3.998495e+00
1.975000e-05	-4.404019e-03	3.786920e+00
1.976000e-05	-4.671055e-03	3.589947e+00
1.977000e-05	-5.839088e-03	3.357237e+00
1.978000e-05	-5.097856e-03	3.105241e+00
1.979000e-05	-4.230357e-03	2.914763e+00
1.980000e-05	-3.752366e-03	2.717763e+00
1.981000e-05	-4.949566e-03	2.449501e+00
1.982000e-05	-5.070553e-03	2.210497e+00
1.983000e-05	-4.704492e-03	1.999526e+00
1.984000e-05	-3.800801e-03	1.808417e+00
1.985000e-05	-4.536037e-03	1.557316e+00
1.986000e-05	-4.800571e-03	1.293184e+00
1.987000e-05	-3.705493e-03	1.030083e+00
1.988000e-05	-3.206491e-03	7.883697e-01
1.989000e-05	-4.599524e-03	5.778748e-01
1.990000e-05	-4.882487e-03	3.673934e-01
1.991000e-05	-2.871616e-03	7.228667e-02
1.992000e-05	9.095220e-04	-9.636328e-02
1.993000e-05	5.838463e-03	-3.163171e-01
1.994000e-05	-3.957872e-03	-4.963359e-01
1.995000e-05	2.820801e-03	-7.589447e-01
1.996000e-05	-2.870822e-03	-9.489222e-01
1.997000e-05	1.369118e-03	-1.137995e+00
1.998000e-05	-1.727753e-03	-1.401146e+00
1.999000e-05	3.072086e-02	-1.592550e+00
2.000000e-05	8.248084e-02	-1.781179e+00
2.001000e-05	-3.469014e-02	-2.076393e+00
2.002000e-05	-4.304402e-02	-2.442233e+00
2.003000e-05	-2.908496e-02	-2.645291e+00
2.004000e-05	-7.358556e-02	-2.811549e+00
2.005000e-05	3.580735e-02	-2.987443e+00
2.006000e-05	1.202731e-01	-3.147966e+00
2.007000e-05	-1.510714e-01	-3.411107e+00
2.008000e-05	1.418000e-01	-3.579994e+00
2.009000e-05	-4.110125e-02	-3.798574e+00
2.010000e-05	-8.081796e-02	-4.041233e+00
2.011000e-05	1.415994e-01	-4.241703e+00
2.012000e-05	-1.048277e-01	-4.431704e+00
2.013000e-05	4.324994e-02	-4.655835e+00
2.014000e-05	6.197941e-02	-4.863253e+00
2.015000e-05	-1.166174e-01	-5.138537e+00
2.016000e-05	1.207383e-01	-5.345570e+00
2.017000e-05	-1.004058e-01	-5.612081e+00
2.018000e-05	3.790278e-02	-5.852698e+00
2.019000e-05	2.723759e-02	-5.981071e+00
2.020000e-05	-5.958752e-02	-6.242779e+00
2.021000e-05	8.913022e-02	-6.401223e+00
2.022000e-05	-7.733050e-02	-6.623277e+00
2.023000e-05	7.506939e-02	-6.812599e+00
2.024000e-05	-4.486700e-02	-7.011571e+00
2.025000e-05	-2.446325e-02	-7.293251e+00
2.026000e-05	6.992059e-02	-7.410698e+00
2.027000e-05	-6.773135e-02	-7.632153e+00
2.028000e-05	7.116114e-02	-7.821795e+00
2.029000e-05	-4.409040e-02	-8.004177e+00
2.030000e-05	2.688132e-02	-8.180099e+00
2.031000e-05	-1.332980e-02	-8.355990e+00
2.032000e-05	-2.271633e-02	-8.497936e+00
2.033000e-05	4.615035e-02	-8.704307e+00
2.034000e-05	-2.014610e-02	-8.864779e+00
2.035000e-05	2.684957e-02	-9.070621e+00
2.036000e-05	-4.280735e-02	-9.117461e+00
2.037000e-05	2.961427e-02	-9.317307e+00
2.038000e-05	-2.108542e-03	-9.441801e+00
2.039000e-05	-2.430887e-03	-9.624124e+00
2.040000e-05	7.871256e-04	-9.707411e+00
2.041000e-05	3.013737e-03	-9.904303e+00
2.042000e-05	1.297115e-02	-1.001904e+01
2.043000e-05	-1.929222e-02	-1.014911e+01
2.044000e-05	1.175020e-02	-1.031437e+01
2.045000e-05	-1.200801e-03	-1.041320e+01
2.046000e-05	8.195775e-03	-1.054793e+01
2.047000e-05	-1.322581e-02	-1.064475e+01
2.048000e-05	1.215207e-02	-1.079904e+01
2.049000e-05	3.914484e-03	-1.086485e+01
2.050000e-05	1.331463e-06	-1.098011e+01
2.051000e-05	-4.373996e-03	-1.105372e+01
2.052000e-05	5.392766e-03	-1.118067e+01
2.053000e-05	7.950750e-03	-1.128533e+01
2.054000e-05	-2.492064e-03	-1.139209e+01
2.055000e-05	5.537998e-03	-1.148433e+01
2.056000e-05	-1.014727e-03	-1.159259e+01
2.057000e-05	3.903492e-03	-1.166365e+01
2.058000e-05	-2.281375e-03	-1.176863e+01
2.059000e-05	7.335347e-03	-1.181219e+01
2.060000e-05	1.957595e-03	-1.188430e+01
2.061000e-05	3.563221e-03	-1.192899e+01
2.062000e-05	6.683101e-04	-1.201969e+01
2.063000e-05	3.727811e-03	-1.208278e+01
2.064000e-05	2.184409e-03	-1.207441e+01
2.065000e-05	1.993105e-03	-1.210846e+01
2.066000e-05	4.437620e-03	-1.217004e+01
2.067000e-05	1.807009e-03	-1.220167e+01
2.068000e-05	3.839331e-03	-1.221120e+01
2.069000e-05	3.830260e-03	-1.223172e+01
2.070000e-05	4.967706e-03	-1.228425e+01
2.071000e-05	3.663433e-03	-1.227477e+01
2.072000e-05	6.307038e-03	-1.231483e+01
2.073000e-05	8.947680e-03	-1.234688e+01
2.074000e-05	9.310531e-03	-1.230641e+01
2.075000e-05	8.625859e-03	-1.232689e+01
2.076000e-05	1.020580e-02	-1.231538e+01
2.077000e-05	1.260862e-02	-1.231633e+01
2.078000e-05	1.790791e-02	-1.228433e+01
2.079000e-05	2.176565e-02	-1.223475e+01
2.080000e-05	2.616202e-02	-1.227428e+01
2.081000e-05	3.300866e-02	-1.225220e+01
2.082000e-05	4.247589e-02	-1.222214e+01
2.083000e-05	5.593037e-02	-1.213754e+01
2.084000e-05	6.080183e-02	-1.211746e+01
2.085000e-05	5.587003e-02	-1.208631e+01
2.086000e-05	4.072767e-02	-1.208485e+01
2.087000e-05	2.738477e-02	-1.200914e+01
2.088000e-05	1.964576e-02	-1.192586e+01
2.089000e-05	1.470032e-02	-1.185272e+01
2.090000e-05	1.105048e-02	-1.176847e+01
2.091000e-05	7.783435e-03	-1.171480e+01
2.092000e-05	8.396044e-03	-1.157169e+01
2.093000e-05	7.242653e-03	-1.151535e+01
2.094000e-05	6.066737e-03	-1.140057e+01
2.095000e-05	4.983302e-03	-1.126538e+01
2.096000e-05	4.372726e-03	-1.121064e+01
2.097000e-05	4.287423e-03	-1.106538e+01
2.098000e-05	2.529392e-03	-1.096961e+01
2.099000e-05	2.184354e-03	-1.090520e+01
2.100000e-05	2.613051e-03	-1.076902e+01
2.101000e-05	2.396475e-03	-1.065438e+01
2.102000e-05	2.150426e-03	-1.057109e+01
2.103000e-05	1.532274e-03	-1.048386e+01
2.104000e-05	7.951697e-04	-1.037856e+01
2.105000e-05	1.371431e-03	-1.018055e+01
2.106000e-05	7.585115e-04	-1.010578e+01
2.107000e-05	-4.637320e-04	-9.967962e+00
2.108000e-05	-8.480357e-05	-9.833601e+00
2.109000e-05	3.102113e-04	-9.724886e+00
2.110000e-05	-2.206830e-04	-9.556989e+00
2.111000e-05	-1.044763e-03	-9.420042e+00
2.112000e-05	2.939431e-04	-9.254180e+00
2.113000e-05	2.642455e-04	-9.154906e+00
2.114000e-05	-4.036659e-05	-8.967467e+00
2.115000e-05	-2.648931e-03	-8.849545e+00
2.116000e-05	-1.323717e-03	-8.642673e+00
2.117000e-05	-1.152088e-03	-8.483752e+00
2.118000e-05	-1.208396e-03	-8.314783e+00
2.119000e-05	-2.109212e-03	-8.134462e+00
2.120000e-05	-2.788541e-03	-7.978541e+00
2.121000e-05	-2.594771e-03	-7.747439e+00
2.122000e-05	-2.820416e-03	-7.587786e+00
2.123000e-05	-2.432627e-03	-7.357463e+00
2.124000e-05	-2.828305e-03	-7.186541e+00
2.125000e-05	-4.322333e-03	-6.976961e+00
2.126000e-05	-3.581498e-03	-6.767966e+00
2.127000e-05	-2.426394e-03	-6.617942e+00
2.128000e-05	-3.354369e-03	-6.399020e+00
2.129000e-05	-3.521847e-03	-6.180994e+00
2.130000e-05	-3.999497e-03	-5.957969e+00
2.131000e-05	-2.930241e-03	-5.788041e+00
2.132000e-05	-4.420465e-03	-5.640996e+00
2.133000e-05	-3.662054e-03	-5.377992e+00
2.134000e-05	-4.347076e-03	-5.125837e+00
2.135000e-05	-3.148040e-03	-4.865209e+00
2.136000e-05	-3.957866e-03	-4.662779e+00
2.137000e-05	-4.387418e-03	-4.474682e+00
2.138000e-05	-3.503773e-03	-4.293758e+00
2.139000e-05	-2.746817e-03	-4.095229e+00
2.140000e-05	-4.011672e-03	-3.912653e+00
2.141000e-05	-4.394101e-03	-3.661103e+00
2.142000e-05	-5.498989e-03	-3.440950e+00
2.143000e-05	-5.038130e-03	-3.240023e+00
2.144000e-05	-4.783160e-03	-2.967439e+00
2.145000e-05	-3.406889e-03	-2.747343e+00
2.146000e-05	-4.185665e-03	-2.536368e+00
2.147000e-05	-3.348589e-03	-2.316812e+00
2.148000e-05	-5.430951e-03	-2.041180e+00
2.149000e-05	-4.144121e-03	-1.871629e+00
2.150000e-05	-4.476086e-03	-1.632075e+00
2.151000e-05	-4.978389e-03	-1.383894e+00
2.152000e-05	-5.178766e-03	-1.103736e+00
2.153000e-05	-5.053811e-03	-9.042115e-01
2.154000e-05	-5.018564e-03	-6.332091e-01
2.155000e-05	-4.833315e-03	-4.095763e-01
2.156000e-05	-3.915184e-03	-1.984761e-01
2.157000e-05	-2.565588e-03	1.977497e-03
2.158000e-05	3.591525e-03	2.656878e-01
2.159000e-05	-1.394809e-03	4.536830e-01
2.160000e-05	3.739681e-04	6.457292e-01
2.161000e-05	-1.542275e-03	8.620539e-01
2.162000e-05	-2.607307e-03	1.106340e+00
2.163000e-05	-3.129494e-03	1.308417e+00
2.164000e-05	2.789452e-03	1.558466e+00
2.165000e-05	2.562624e-02	1.811525e+00
2.166000e-05	6.792441e-02	2.001525e+00
2.167000e-05	-9.014037e-03	2.262083e+00
2.168000e-05	-5.843287e-02	2.477386e+00
2.169000e-05	-2.459534e-02	2.779972e+00
2.170000e-05	-4.146295e-02	2.948445e+00
2.171000e-05	-5.441384e-02	3.105791e+00
2.172000e-05	1.131492e-01	3.253208e+00
2.173000e-05	-7.831905e-03	3.529889e+00
2.174000e-05	-8.334277e-02	3.725284e+00
2.175000e-05	1.366643e-01	3.875311e+00
2.176000e-05	-1.093674e-01	4.127993e+00
2.177000e-05	2.085393e-02	4.359513e+00
2.178000e-05	4.398062e-02	4.611471e+00
2.179000e-05	-6.090366e-02	4.780053e+00
2.180000e-05	4.235484e-02	5.063403e+00
2.181000e-05	-1.471511e-02	5.309412e+00
2.182000e-05	-1.309390e-02	5.526989e+00
2.183000e-05	9.591203e-03	5.709364e+00
2.184000e-05	-2.774330e-02	5.990067e+00
2.185000e-05	8.097428e-03	6.158990e+00
2.186000e-05	-1.684637e-02	6.379491e+00
2.187000e-05	2.932843e-02	6.599488e+00
2.188000e-05	-1.176884e-02	6.801472e+00
2.189000e-05	-7.149530e-03	7.000050e+00
2.190000e-05	9.831600e-03	7.199940e+00
2.191000e-05	-4.017950e-02	7.347389e+00
2.192000e-05	2.055439e-02	7.579543e+00
2.193000e-05	-5.370877e-03	7.760073e+00
2.194000e-05	-8.563091e-04	7.981594e+00
2.195000e-05	2.012745e-03	8.199942e+00
2.196000e-05	-1.979997e-02	8.326916e+00
2.197000e-05	5.156633e-04	8.453804e+00
2.198000e-05	-1.089032e-02	8.601649e+00
2.199000e-05	5.547400e-03	8.757940e+00
2.200000e-05	-1.020032e-02	8.936434e+00
2.201000e-05	1.792984e-03	9.096807e+00
2.202000e-05	-2.294905e-03	9.264729e+00
2.203000e-05	-1.388289e-02	9.402547e+00
2.204000e-05	3.238419e-04	9.507334e+00
2.205000e-05	-5.792553e-03	9.665256e+00
2.206000e-05	1.409663e-03	9.822223e+00
2.207000e-05	-1.054789e-02	9.998994e+00
2.208000e-05	1.747321e-04	1.009689e+01
2.209000e-05	-6.734817e-03	1.023275e+01
2.210000e-05	-8.509595e-03	1.036896e+01
2.211000e-05	-7.518758e-03	1.049331e+01
2.212000e-05	-1.598548e-03	1.066175e+01
2.213000e-05	-2.618883e-03	1.075696e+01
2.214000e-05	-1.007523e-02	1.086473e+01
2.215000e-05	-3.947847e-03	1.095906e+01
2.216000e-05	-4.654868e-03	1.104483e+01
2.217000e-05	-5.495315e-03	1.117956e+01
2.218000e-05	-9.038525e-03	1.128625e+01
2.219000e-05	-4.846900e-03	1.143014e+01
2.220000e-05	-5.596105e-03	1.146530e+01
2.221000e-05	-7.099493e-03	1.163152e+01
2.222000e-05	-4.975587e-03	1.166481e+01
2.223000e-05	-7.513455e-03	1.171691e+01
2.224000e-05	-7.062853e-03	1.180022e+01
2.225000e-05	-8.598307e-03	1.186533e+01
2.226000e-05	-4.195012e-03	1.193793e+01
2.227000e-05	-6.752745e-03	1.198157e+01
2.228000e-05	-7.958114e-03	1.204267e+01
2.229000e-05	-9.115901e-03	1.212381e+01
2.230000e-05	-7.818678e-03	1.211701e+01
2.231000e-05	-7.490645e-03	1.217754e+01
2.232000e-05	-8.669658e-03	1.221212e+01
2.233000e-05	-7.891275e-03	1.222380e+01
2.234000e-05	-1.134151e-02	1.222578e+01
2.235000e-05	-1.163393e-02	1.231486e+01
2.236000e-05	-1.136610e-02	1.229486e+01
2.237000e-05	-1.137238e-02	1.234838e+01
2.238000e-05	-1.168378e-02	1.236788e+01
2.239000e-05	-1.282206e-02	1.234891e+01
2.240000e-05	-1.459322e-02	1.235749e+01
2.241000e-05	-1.727308e-02	1.239904e+01
2.242000e-05	-1.780185e-02	1.238696e+01
2.243000e-05	-2.140382e-02	1.238841e+01
2.244000e-05	-2.508841e-02	1.236698e+01
2.245000e-05	-3.007668e-02	1.232593e+01
2.246000e-05	-3.572497e-02	1.228630e+01
2.247000e-05	-4.539412e-02	1.225565e+01
2.248000e-05	-5.637411e-02	1.220217e+01
2.249000e-05	-6.582476e-02	1.215951e+01
2.250000e-05	-6.492745e-02	1.212846e+01
2.251000e-05	-5.225434e-02	1.210533e+01
2.252000e-05	-3.929435e-02	1.200315e+01
2.253000e-05	-2.827815e-02	1.200952e+01
2.254000e-05	-2.230009e-02	1.193631e+01
2.255000e-05	-1.899623e-02	1.182173e+01
2.256000e-05	-1.749821e-02	1.173897e+01
2.257000e-05	-1.533339e-02	1.170583e+01
2.258000e-05	-1.453976e-02	1.163207e+01
2.259000e-05	-1.221179e-02	1.154532e+01
2.260000e-05	-1.249858e-02	1.141072e+01
2.261000e-05	-1.275992e-02	1.130625e+01
2.262000e-05	-1.183703e-02	1.120907e+01
2.263000e-05	-1.038258e-02	1.112528e+01
2.264000e-05	-8.350733e-03	1.101057e+01
2.265000e-05	-1.069494e-02	1.091586e+01
2.266000e-05	-8.903717e-03	1.086217e+01
2.267000e-05	-9.235793e-03	1.072530e+01
2.268000e-05	-8.216945e-03	1.062212e+01
2.269000e-05	-8.645240e-03	1.045422e+01
2.270000e-05	-8.311137e-03	1.034631e+01
2.271000e-05	-7.482445e-03	1.026107e+01
2.272000e-05	-7.601249e-03	1.011478e+01
2.273000e-05	-7.092267e-03	9.988488e+00
2.274000e-05	-7.568742e-03	9.839518e+00
2.275000e-05	-6.531456e-03	9.673624e+00
2.276000e-05	-7.004611e-03	9.515760e+00
2.277000e-05	-6.368994e-03	9.419443e+00
2.278000e-05	-6.193137e-03	9.273053e+00
2.279000e-05	-5.890315e-03	9.103773e+00
2.280000e-05	-6.349289e-03	8.956308e+00
2.281000e-05	-5.631156e-03	8.756409e+00
2.282000e-05	-6.196060e-03	8.600992e+00
2.283000e-05	-5.777810e-03	8.451651e+00
2.284000e-05	-5.851501e-03	8.272652e+00
2.285000e-05	-5.521781e-03	8.074751e+00
2.286000e-05	-5.859975e-03	7.906758e+00
2.287000e-05	-5.933200e-03	7.733886e+00
2.288000e-05	-5.674987e-03	7.524884e+00
2.289000e-05	-4.871708e-03	7.326807e+00
2.290000e-05	-4.833993e-03	7.095411e+00
2.291000e-05	-4.745376e-03	6.935387e+00
2.292000e-05	-5.451792e-03	6.796865e+00
2.293000e-05	-5.849958e-03	6.558811e+00
2.294000e-05	-5.349724e-03	6.365913e+00
2.295000e-05	-5.545864e-03	6.127438e+00
2.296000e-05	-4.479712e-03	6.000471e+00
2.297000e-05	-3.858211e-03	5.777838e+00
2.298000e-05	-5.132396e-03	5.546917e+00
2.299000e-05	-6.147620e-03	5.376337e+00
2.300000e-05	-4.974914e-03	5.104233e+00
2.301000e-05	-4.170657e-03	4.880628e+00
2.302000e-05	-4.683091e-03	4.631548e+00
2.303000e-05	-5.145473e-03	4.463153e+00
2.304000e-05	-4.761449e-03	4.313501e+00
2.305000e-05	-4.920803e-03	3.989072e+00
2.306000e-05	-4.922307e-03	3.807515e+00
2.307000e-05	-4.939143e-03	3.579449e+00
2.308000e-05	-4.298677e-03	3.387815e+00
2.309000e-05	-4.187131e-03	3.156237e+00
2.310000e-05	-4.659809e-03	2.905763e+00
2.311000e-05	-4.865769e-03	2.735193e+00
2.312000e-05	-4.735344e-03	2.450603e+00
2.313000e-05	-4.403652e-03	2.229525e+00
2.314000e-05	-4.791056e-03	2.009075e+00
2.315000e-05	-4.550004e-03	1.778996e+00
2.316000e-05	-3.974803e-03	1.557212e+00
2.317000e-05	-4.110075e-03	1.334710e+00
2.318000e-05	-5.345274e-03	1.063578e+00
2.319000e-05	-4.825128e-03	7.789710e-01
2.320000e-05	-3.984504e-03	5.579194e-01
2.321000e-05	-3.810240e-03	3.374411e-01
2.322000e-05	-3.408910e-03	1.342120e-01
2.323000e-05	-3.410814e-04	-1.058921e-01
2.324000e-05	6.960356e-03	-3.163397e-01
2.325000e-05	-3.251527e-03	-5.053120e-01
2.326000e-05	1.936639e-03	-7.910436e-01
2.327000e-05	-3.752493e-03	-9.784211e-01
2.328000e-05	2.027298e-03	-1.169921e+00
2.329000e-05	-7.569470e-04	-1.382022e+00
2.330000e-05	2.800354e-02	-1.592103e+00
2.331000e-05	8.199115e-02	-1.831603e+00
2.332000e-05	-2.942618e-02	-2.065361e+00
2.333000e-05	-4.777219e-02	-2.433126e+00
2.334000e-05	-2.549776e-02	-2.707313e+00
2.335000e-05	-7.265978e-02	-2.812579e+00
2.336000e-05	2.589373e-02	-2.957568e+00
2.337000e-05	1.279192e-01	-3.146417e+00
2.338000e-05	-1.493429e-01	-3.413104e+00
2.339000e-05	1.294938e-01	-3.598495e+00
2.340000e-05	-2.551113e-02	-3.739545e+00
2.341000e-05	-8.991857e-02	-4.053182e+00
2.342000e-05	1.449891e-01	-4.212652e+00
2.343000e-05	-9.680934e-02	-4.423228e+00
2.344000e-05	3.189373e-02	-4.714754e+00
2.345000e-05	7.315750e-02	-4.903253e+00
2.346000e-05	-1.235165e-01	-5.148994e+00
2.347000e-05	1.211749e-01	-5.336966e+00
2.348000e-05	-9.128292e-02	-5.590647e+00
2.349000e-05	2.676664e-02	-5.831200e+00
2.350000e-05	3.709926e-02	-5.960044e+00
2.351000e-05	-6.566964e-02	-6.224293e+00
2.352000e-05	9.046506e-02	-6.421648e+00
2.353000e-05	-7.499513e-02	-6.643729e+00
2.354000e-05	6.912908e-02	-6.813150e+00
2.355000e-05	-3.260178e-02	-7.024149e+00
2.356000e-05	-3.515445e-02	-7.242704e+00
2.357000e-05	7.514842e-02	-7.420675e+00
2.358000e-05	-6.955796e-02	-7.623624e+00
2.359000e-05	6.959977e-02	-7.811096e+00
2.360000e-05	-3.945666e-02	-7.992702e+00
2.361000e-05	2.103871e-02	-8.201095e+00
2.362000e-05	-7.151067e-03	-8.336961e+00
2.363000e-05	-2.829373e-02	-8.467809e+00
2.364000e-05	4.872303e-02	-8.666427e+00
2.365000e-05	-2.114478e-02	-8.863230e+00
2.366000e-05	2.719648e-02	-9.018148e+00
2.367000e-05	-4.109769e-02	-9.148415e+00
2.368000e-05	2.518745e-02	-9.256407e+00
2.369000e-05	1.627797e-03	-9.412271e+00
2.370000e-05	-3.880207e-03	-9.612674e+00
2.371000e-05	3.750922e-03	-9.766512e+00
2.372000e-05	-4.427165e-04	-9.845881e+00
2.373000e-05	1.422228e-02	-9.989597e+00
2.374000e-05	-2.085331e-02	-1.018053e+01
2.375000e-05	1.064937e-02	-1.027442e+01
2.376000e-05	-2.808251e-04	-1.043275e+01
2.377000e-05	8.473029e-03	-1.055694e+01
2.378000e-05	-1.314011e-02	-1.063327e+01
2.379000e-05	1.077046e-02	-1.076909e+01
2.380000e-05	6.519327e-03	-1.088425e+01
2.381000e-05	2.455779e-04	-1.099964e+01
2.382000e-05	-3.936476e-03	-1.104281e+01
2.383000e-05	2.676069e-03	-1.119259e+01
2.384000e-05	7.758697e-03	-1.127386e+01
2.385000e-05	-4.721117e-03	-1.138065e+01
2.386000e-05	6.785894e-03	-1.150381e+01
2.387000e-05	-1.955855e-04	-1.161117e+01
2.388000e-05	4.165310e-03	-1.165337e+01
2.389000e-05	-3.583777e-03	-1.174908e+01
2.390000e-05	6.987937e-03	-1.177277e+01
2.391000e-05	3.413998e-03	-1.190491e+01
2.392000e-05	4.122629e-03	-1.198001e+01
2.393000e-05	2.460357e-04	-1.202119e+01
2.394000e-05	2.060187e-03	-1.207328e+01
2.395000e-05	2.832966e-03	-1.211746e+01
2.396000e-05	2.581156e-03	-1.210698e+01
2.397000e-05	5.004909e-03	-1.218854e+01
2.398000e-05	1.185990e-03	-1.222175e+01
2.399000e-05	3.937140e-03	-1.222062e+01
2.400000e-05	4.107215e-03	-1.227427e+01
2.401000e-05	5.255246e-03	-1.224330e+01
2.402000e-05	3.740184e-03	-1.229538e+01
2.403000e-05	4.576052e-03	-1.225586e+01
2.404000e-05	8.733584e-03	-1.233541e+01
2.405000e-05	9.514833e-03	-1.233488e+01
2.406000e-05	9.142086e-03	-1.237483e+01
2.407000e-05	1.072999e-02	-1.229688e+01
2.408000e-05	1.349687e-02	-1.233491e+01
2.409000e-05	1.756696e-02	-1.229688e+01
2.410000e-05	1.891615e-02	-1.230376e+01
2.411000e-05	2.734407e-02	-1.227280e+01
2.412000e-05	3.189304e-02	-1.225175e+01
2.413000e-05	4.504863e-02	-1.218962e+01
2.414000e-05	5.563694e-02	-1.214809e+01
2.415000e-05	6.248736e-02	-1.213846e+01
2.416000e-05	5.706862e-02	-1.208536e+01
2.417000e-05	3.857590e-02	-1.206220e+01
2.418000e-05	2.845109e-02	-1.203104e+01
2.419000e-05	1.738173e-02	-1.195688e+01
2.420000e-05	1.505734e-02	-1.184312e+01
2.421000e-05	1.101200e-02	-1.174901e+01
2.422000e-05	9.983647e-03	-1.164438e+01
2.423000e-05	8.624242e-03	-1.158072e+01
2.424000e-05	8.879925e-03	-1.153485e+01
2.425000e-05	6.673121e-03	-1.142220e+01
2.426000e-05	4.318779e-03	-1.131688e+01
2.427000e-05	2.784476e-03	-1.120961e+01
2.428000e-05	2.848761e-03	-1.110628e+01
2.429000e-05	1.931752e-03	-1.098952e+01
2.430000e-05	3.246728e-03	-1.091493e+01
2.431000e-05	2.306161e-03	-1.082162e+01
2.432000e-05	2.080432e-03	-1.070576e+01
2.433000e-05	1.593856e-03	-1.058912e+01
2.434000e-05	1.856980e-03	-1.049573e+01
2.435000e-05	1.942711e-03	-1.038746e+01
2.436000e-05	1.500041e-04	-1.024112e+01
2.437000e-05	7.073614e-04	-1.008476e+01
2.438000e-05	4.808408e-04	-9.967539e+00
2.439000e-05	-2.029030e-04	-9.853118e+00
2.440000e-05	-4.054512e-04	-9.724835e+00
2.441000e-05	5.027173e-04	-9.567444e+00
2.442000e-05	2.688449e-04	-9.429673e+00
2.443000e-05	6.524060e-05	-9.293756e+00
2.444000e-05	-3.729689e-04	-9.156837e+00
2.445000e-05	-5.072241e-04	-8.958939e+00
2.446000e-05	-8.783963e-04	-8.839520e+00
2.447000e-05	-1.964681e-03	-8.641772e+00
2.448000e-05	-2.456530e-03	-8.454702e+00
2.449000e-05	-1.671669e-03	-8.316361e+00
2.450000e-05	-1.399578e-03	-8.136859e+00
2.451000e-05	-1.180553e-03	-7.967918e+00
2.452000e-05	-3.151152e-03	-7.760491e+00
2.453000e-05	-3.135997e-03	-7.576485e+00
2.454000e-05	-2.555018e-03	-7.315891e+00
2.455000e-05	-2.094465e-03	-7.158941e+00
2.456000e-05	-3.966816e-03	-6.987890e+00
2.457000e-05	-3.984586e-03	-6.807965e+00
2.458000e-05	-3.337354e-03	-6.580420e+00
2.459000e-05	-3.203072e-03	-6.361075e+00
2.460000e-05	-3.347510e-03	-6.209095e+00
2.461000e-05	-3.714400e-03	-5.979017e+00
2.462000e-05	-3.108309e-03	-5.797944e+00
2.463000e-05	-4.150553e-03	-5.631046e+00
2.464000e-05	-3.146841e-03	-5.389419e+00
2.465000e-05	-4.686700e-03	-5.148840e+00
2.466000e-05	-3.261089e-03	-4.884432e+00
2.467000e-05	-4.410876e-03	-4.670632e+00
2.468000e-05	-3.364607e-03	-4.463182e+00
2.469000e-05	-4.970198e-03	-4.254156e+00
2.470000e-05	-2.842988e-03	-4.093757e+00
2.471000e-05	-3.719831e-03	-3.886252e+00
2.472000e-05	-3.080487e-03	-3.650603e+00
2.473000e-05	-5.171277e-03	-3.441074e+00
2.474000e-05	-4.637216e-03	-3.191079e+00
2.475000e-05	-4.860462e-03	-3.000566e+00
2.476000e-05	-3.600062e-03	-2.748318e+00
2.477000e-05	-3.949288e-03	-2.504914e+00
2.478000e-05	-3.712593e-03	-2.326237e+00
2.479000e-05	-4.756198e-03	-2.071682e+00
2.480000e-05	-3.705770e-03	-1.843133e+00
2.481000e-05	-4.016351e-03	-1.622124e+00
2.482000e-05	-5.579212e-03	-1.366392e+00
2.483000e-05	-5.467821e-03	-1.107288e+00
2.484000e-05	-5.304472e-03	-9.037606e-01
2.485000e-05	-4.958213e-03	-6.940531e-01
2.486000e-05	-4.452903e-03	-4.395528e-01
2.487000e-05	-4.080051e-03	-2.606290e-01
2.488000e-05	-2.455279e-03	5.103057e-02
2.489000e-05	4.010810e-03	2.746629e-01
2.490000e-05	-1.448522e-03	4.522080e-01
2.491000e-05	-7.345689e-04	6.332815e-01
2.492000e-05	-7.881426e-04	8.336041e-01
2.493000e-05	-2.654646e-03	1.065759e+00
2.494000e-05	-2.468447e-03	1.317791e+00
2.495000e-05	1.803398e-03	1.560450e+00
2.496000e-05	2.396795e-02	1.761027e+00
2.497000e-05	6.778896e-02	2.021003e+00
2.498000e-05	-4.348902e-03	2.222630e+00
2.499000e-05	-6.124191e-02	2.474815e+00
2.500000e-05	-2.462371e-02	2.770446e+00
2.501000e-05	-4.076482e-02	2.947367e+00
2.502000e-05	-5.587529e-02	3.074887e+00
2.503000e-05	1.045870e-01	3.250680e+00
2.504000e-05	6.276834e-03	3.497391e+00
2.505000e-05	-9.390430e-02	3.684182e+00
2.506000e-05	1.404383e-01	3.897386e+00
2.507000e-05	-1.046234e-01	4.149487e+00
2.508000e-05	1.009249e-02	4.378994e+00
2.509000e-05	4.802346e-02	4.557995e+00
2.510000e-05	-6.184490e-02	4.771023e+00
2.511000e-05	3.935315e-02	5.066253e+00
2.512000e-05	-1.000553e-02	5.288837e+00
2.513000e-05	-1.433145e-02	5.528412e+00
2.514000e-05	1.265521e-02	5.786438e+00
2.515000e-05	-2.898095e-02	5.980564e+00
2.516000e-05	6.044069e-03	6.161042e+00
2.517000e-05	-1.498503e-02	6.368971e+00
2.518000e-05	2.899584e-02	6.569519e+00
2.519000e-05	-8.565304e-03	6.801046e+00
2.520000e-05	-1.191304e-02	6.951092e+00
2.521000e-05	1.271588e-02	7.178441e+00
2.522000e-05	-4.055320e-02	7.286362e+00
2.523000e-05	1.914536e-02	7.550466e+00
2.524000e-05	-4.147060e-03	7.769990e+00
2.525000e-05	-2.257253e-03	7.999987e+00
2.526000e-05	3.642203e-03	8.170047e+00
2.527000e-05	-1.988704e-02	8.316863e+00
2.528000e-05	2.073346e-03	8.463757e+00
2.529000e-05	-1.058848e-02	8.601624e+00
2.530000e-05	5.007529e-03	8.747642e+00
2.531000e-05	-1.090276e-02	8.956858e+00
2.532000e-05	1.732658e-03	9.045403e+00
2.533000e-05	-7.656727e-04	9.293752e+00
2.534000e-05	-1.332499e-02	9.451622e+00
2.535000e-05	7.946982e-04	9.546435e+00
2.536000e-05	-6.214127e-03	9.705779e+00
2.537000e-05	1.008507e-03	9.822243e+00
2.538000e-05	-1.028551e-02	9.980115e+00
2.539000e-05	6.184664e-05	1.011693e+01
2.540000e-05	-6.342448e-03	1.023162e+01
2.541000e-05	-8.412498e-03	1.038899e+01
2.542000e-05	-7.048243e-03	1.049485e+01
2.543000e-05	-2.048617e-03	1.063065e+01
2.544000e-05	-2.823930e-03	1.078698e+01
2.545000e-05	-8.663925e-03	1.085328e+01
2.546000e-05	-2.968551e-03	1.096749e+01
2.547000e-05	-5.442820e-03	1.107473e+01
2.548000e-05	-6.003691e-03	1.118852e+01
2.549000e-05	-8.284803e-03	1.125175e+01
2.550000e-05	-4.680003e-03	1.137166e+01
2.551000e-05	-6.427764e-03	1.146485e+01
2.552000e-05	-7.447823e-03	1.159052e+01
2.553000e-05	-3.914892e-03	1.169333e+01
2.554000e-05	-7.006361e-03	1.174847e+01
2.555000e-05	-8.076363e-03	1.179110e+01
2.556000e-05	-8.462775e-03	1.190423e+01
2.557000e-05	-3.811422e-03	1.192646e+01
2.558000e-05	-7.146891e-03	1.199262e+01
2.559000e-05	-8.536858e-03	1.205212e+01
2.560000e-05	-8.396183e-03	1.210381e+01
2.561000e-05	-7.704031e-03	1.215796e+01
2.562000e-05	-7.902127e-03	1.217059e+01
2.563000e-05	-8.689459e-03	1.219909e+01
2.564000e-05	-7.924837e-03	1.223275e+01
2.565000e-05	-1.096017e-02	1.225470e+01
2.566000e-05	-1.163661e-02	1.227485e+01
2.567000e-05	-1.123112e-02	1.228598e+01
2.568000e-05	-1.105397e-02	1.231643e+01
2.569000e-05	-1.236234e-02	1.237844e+01
2.570000e-05	-1.341753e-02	1.236796e+01
2.571000e-05	-1.511970e-02	1.234851e+01
2.572000e-05	-1.546023e-02	1.237796e+01
2.573000e-05	-2.018889e-02	1.237791e+01
2.574000e-05	-1.906430e-02	1.234849e+01
2.575000e-05	-2.495662e-02	1.233535e+01
2.576000e-05	-2.959522e-02	1.231690e+01
2.577000e-05	-3.510703e-02	1.232443e+01
2.578000e-05	-4.690876e-02	1.225232e+01
2.579000e-05	-5.536351e-02	1.220267e+01
2.580000e-05	-6.638148e-02	1.220056e+01
2.581000e-05	-6.471532e-02	1.213796e+01
2.582000e-05	-5.346529e-02	1.209531e+01
2.583000e-05	-4.000374e-02	1.207330e+01
2.584000e-05	-2.731938e-02	1.197859e+01
2.585000e-05	-2.294142e-02	1.193591e+01
2.586000e-05	-1.952794e-02	1.185265e+01
2.587000e-05	-1.866514e-02	1.178854e+01
2.588000e-05	-1.527586e-02	1.170435e+01
2.589000e-05	-1.275985e-02	1.163469e+01
2.590000e-05	-1.348231e-02	1.155738e+01
2.591000e-05	-1.119262e-02	1.138112e+01
2.592000e-05	-1.256836e-02	1.131736e+01
2.593000e-05	-1.098257e-02	1.121212e+01
2.594000e-05	-1.173387e-02	1.112383e+01
2.595000e-05	-8.628483e-03	1.102165e+01
2.596000e-05	-9.944399e-03	1.090636e+01
2.597000e-05	-8.537133e-03	1.086263e+01
2.598000e-05	-9.334067e-03	1.072596e+01
2.599000e-05	-9.120185e-03	1.057002e+01
2.600000e-05	-8.349184e-03	1.045373e+01
2.601000e-05	-8.160599e-03	1.032646e+01
2.602000e-05	-7.390458e-03	1.025217e+01
2.603000e-05	-8.236526e-03	1.010586e+01
2.604000e-05	-6.147023e-03	9.979537e+00
2.605000e-05	-6.368412e-03	9.851643e+00
2.606000e-05	-7.330518e-03	9.662177e+00
2.607000e-05	-7.282946e-03	9.504856e+00
2.608000e-05	-6.056154e-03	9.379469e+00
2.609000e-05	-6.147350e-03	9.274600e+00
2.610000e-05	-5.826226e-03	9.155832e+00
2.611000e-05	-6.981636e-03	8.927281e+00
2.612000e-05	-5.382199e-03	8.777861e+00
2.613000e-05	-6.597999e-03	8.589444e+00
2.614000e-05	-5.699046e-03	8.463602e+00
2.615000e-05	-5.614659e-03	8.323227e+00
2.616000e-05	-6.009849e-03	8.094758e+00
2.617000e-05	-6.124487e-03	7.905259e+00
2.618000e-05	-4.983495e-03	7.766362e+00
2.619000e-05	-4.867810e-03	7.534308e+00
2.620000e-05	-5.279234e-03	7.295910e+00
2.621000e-05	-5.989546e-03	7.154760e+00
2.622000e-05	-5.539156e-03	6.936364e+00
2.623000e-05	-5.255389e-03	6.796965e+00
2.624000e-05	-5.074422e-03	6.557361e+00
2.625000e-05	-5.282937e-03	6.366841e+00
2.626000e-05	-5.195967e-03	6.177864e+00
2.627000e-05	-5.094007e-03	5.979416e+00
2.628000e-05	-5.234122e-03	5.749463e+00
2.629000e-05	-5.565811e-03	5.576890e+00
2.630000e-05	-5.616770e-03	5.397442e+00
2.631000e-05	-4.904457e-03	5.125779e+00
2.632000e-05	-4.959806e-03	4.852628e+00
2.633000e-05	-5.072596e-03	4.623050e+00
2.634000e-05	-5.165824e-03	4.441603e+00
2.635000e-05	-5.320586e-03	4.262523e+00
2.636000e-05	-4.612667e-03	4.009026e+00
2.637000e-05	-5.460930e-03	3.808890e+00
2.638000e-05	-4.656797e-03	3.610451e+00
2.639000e-05	-4.921556e-03	3.369813e+00
2.640000e-05	-4.601640e-03	3.117288e+00
2.641000e-05	-5.571630e-03	2.955385e+00
2.642000e-05	-4.546033e-03	2.706192e+00
2.643000e-05	-4.512818e-03	2.439605e+00
2.644000e-05	-4.715819e-03	2.251026e+00
2.645000e-05	-5.044043e-03	2.011051e+00
2.646000e-05	-4.314966e-03	1.816926e+00
2.647000e-05	-5.100375e-03	1.527316e+00
2.648000e-05	-4.702575e-03	1.315711e+00
2.649000e-05	-5.330541e-03	1.092953e+00
2.650000e-05	-4.108931e-03	8.189485e-01
2.651000e-05	-4.272521e-03	5.679185e-01
2.652000e-05	-4.370238e-03	3.883972e-01
2.653000e-05	-3.077911e-03	7.821424e-02
2.654000e-05	1.970508e-04	-1.372909e-01
2.655000e-05	5.466279e-03	-3.168696e-01
2.656000e-05	-3.613998e-03	-5.043345e-01
2.657000e-05	2.256621e-03	-7.899974e-01
2.658000e-05	-2.767918e-03	-9.483948e-01
2.659000e-05	1.074902e-03	-1.137419e+00
2.660000e-05	-1.961220e-03	-1.389023e+00
2.661000e-05	2.609245e-02	-1.589573e+00
2.662000e-05	8.185511e-02	-1.791072e+00
2.663000e-05	-2.223423e-02	-2.092883e+00
2.664000e-05	-5.028939e-02	-2.413178e+00
2.665000e-05	-2.364229e-02	-2.684842e+00
2.666000e-05	-7.229030e-02	-2.801627e+00
2.667000e-05	1.603566e-02	-2.979417e+00
2.668000e-05	1.342392e-01	-3.135362e+00
2.669000e-05	-1.456206e-01	-3.412075e+00
2.670000e-05	1.156756e-01	-3.588497e+00
2.671000e-05	-1.080956e-02	-3.759997e+00
2.672000e-05	-1.009834e-01	-4.013128e+00
2.673000e-05	1.461538e-01	-4.192099e+00
2.674000e-05	-8.957167e-02	-4.423675e+00
2.675000e-05	1.923467e-02	-4.633834e+00
2.676000e-05	8.430610e-02	-4.852703e+00
2.677000e-05	-1.284078e-01	-5.137464e+00
2.678000e-05	1.165009e-01	-5.327588e+00
2.679000e-05	-8.122824e-02	-5.560551e+00
2.680000e-05	1.501098e-02	-5.790601e+00
2.681000e-05	4.743705e-02	-5.958517e+00
2.682000e-05	-7.002189e-02	-6.202174e+00
2.683000e-05	9.075561e-02	-6.422025e+00
2.684000e-05	-7.163149e-02	-6.622753e+00
2.685000e-05	5.963393e-02	-6.811624e+00
2.686000e-05	-2.374079e-02	-7.030720e+00
2.687000e-05	-4.477415e-02	-7.284303e+00
2.688000e-05	8.092449e-02	-7.401495e+00
2.689000e-05	-6.862722e-02	-7.612673e+00
2.690000e-05	6.662667e-02	-7.810244e+00
2.691000e-05	-3.428052e-02	-8.021672e+00
2.692000e-05	1.436436e-02	-8.182545e+00
2.693000e-05	-1.632311e-03	-8.336910e+00
2.694000e-05	-3.389366e-02	-8.494286e+00
2.695000e-05	5.094129e-02	-8.653400e+00
2.696000e-05	-2.075961e-02	-8.854353e+00
2.697000e-05	2.738468e-02	-8.980648e+00
2.698000e-05	-4.014786e-02	-9.114465e+00
2.699000e-05	2.222494e-02	-9.344328e+00
2.700000e-05	4.214538e-03	-9.403195e+00
2.701000e-05	-7.235849e-03	-9.610619e+00
2.702000e-05	4.952753e-03	-9.726860e+00
2.703000e-05	-1.108155e-03	-9.864279e+00
2.704000e-05	1.612798e-02	-9.978620e+00
2.705000e-05	-2.123723e-02	-1.011799e+01
2.706000e-05	9.462152e-03	-1.028326e+01
2.707000e-05	-5.964249e-04	-1.041315e+01
2.708000e-05	8.873755e-03	-1.054852e+01
2.709000e-05	-1.181231e-02	-1.062225e+01
2.710000e-05	8.493986e-03	-1.078052e+01
2.711000e-05	6.147675e-03	-1.085420e+01
2.712000e-05	-2.056182e-03	-1.101014e+01
2.713000e-05	-4.337410e-03	-1.104378e+01
2.714000e-05	2.259488e-03	-1.122264e+01
2.715000e-05	9.223976e-03	-1.125526e+01
2.716000e-05	-3.427751e-03	-1.138012e+01
2.717000e-05	6.194483e-03	-1.141475e+01
2.718000e-05	-1.058429e-04	-1.159061e+01
2.719000e-05	3.507480e-03	-1.162480e+01
2.720000e-05	-3.255559e-03	-1.172898e+01
2.721000e-05	6.029870e-03	-1.180214e+01
2.722000e-05	3.145675e-03	-1.187333e+01
2.723000e-05	4.000142e-03	-1.197057e+01
2.724000e-05	1.243422e-03	-1.198112e+01
2.725000e-05	2.701300e-03	-1.208525e+01
2.726000e-05	3.509423e-03	-1.208538e+01
2.727000e-05	1.886307e-03	-1.212859e+01
2.728000e-05	4.230615e-03	-1.213754e+01
2.729000e-05	1.743301e-03	-1.219115e+01
2.730000e-05	4.560619e-03	-1.220170e+01
2.731000e-05	4.162037e-03	-1.227183e+01
2.732000e-05	5.254024e-03	-1.229483e+01
2.733000e-05	3.787164e-03	-1.225485e+01
2.734000e-05	6.045521e-03	-1.232681e+01
2.735000e-05	8.910732e-03	-1.233643e+01
2.736000e-05	8.936796e-03	-1.230591e+01
2.737000e-05	9.430861e-03	-1.233778e+01
2.738000e-05	1.199321e-02	-1.230638e+01
2.739000e-05	1.366197e-02	-1.232480e+01
2.740000e-05	1.753066e-02	-1.232586e+01
2.741000e-05	2.001577e-02	-1.231528e+01
2.742000e-05	2.641726e-02	-1.227328e+01
2.743000e-05	3.315629e-02	-1.223165e+01
2.744000e-05	4.266866e-02	-1.219167e+01
2.745000e-05	5.419358e-02	-1.218910e+01
2.746000e-05	6.248976e-02	-1.214691e+01
2.747000e-05	5.711129e-02	-1.210636e+01
2.748000e-05	4.182748e-02	-1.208270e+01
2.749000e-05	2.804072e-02	-1.198969e+01
2.750000e-05	2.066382e-02	-1.195745e+01
2.751000e-05	1.499410e-02	-1.183223e+01
2.752000e-05	1.099819e-02	-1.176056e+01
2.753000e-05	9.546647e-03	-1.169585e+01
2.754000e-05	9.306120e-03	-1.160119e+01
2.755000e-05	8.462946e-03	-1.150691e+01
2.756000e-05	5.594704e-03	-1.141112e+01
2.757000e-05	3.611092e-03	-1.127645e+01
2.758000e-05	3.879788e-03	-1.120900e+01
2.759000e-05	3.513466e-03	-1.112883e+01
2.760000e-05	2.662001e-03	-1.100109e+01
2.761000e-05	2.730604e-03	-1.091433e+01
2.762000e-05	2.582733e-03	-1.081107e+01
2.763000e-05	2.435491e-03	-1.073638e+01
2.764000e-05	1.793223e-03	-1.060104e+01
2.765000e-05	1.777754e-03	-1.048428e+01
2.766000e-05	2.053021e-03	-1.039599e+01
2.767000e-05	4.418652e-04	-1.024164e+01
2.768000e-05	9.367068e-04	-1.010735e+01
2.769000e-05	7.495521e-04	-9.938015e+00
2.770000e-05	-5.797586e-04	-9.862097e+00
2.771000e-05	-2.134852e-04	-9.716887e+00
2.772000e-05	7.360058e-04	-9.599022e+00
2.773000e-05	-1.295363e-04	-9.441120e+00
2.774000e-05	-3.977619e-04	-9.274853e+00
2.775000e-05	-8.666990e-04	-9.124911e+00
2.776000e-05	-9.075564e-04	-8.970514e+00
2.777000e-05	-2.063599e-03	-8.830119e+00
2.778000e-05	-2.431341e-03	-8.642201e+00
2.779000e-05	-1.745942e-03	-8.494232e+00
2.780000e-05	-2.448336e-03	-8.325905e+00
2.781000e-05	-2.234336e-03	-8.157387e+00
2.782000e-05	-2.326676e-03	-7.979437e+00
2.783000e-05	-2.055250e-03	-7.736467e+00
2.784000e-05	-2.736843e-03	-7.567011e+00
2.785000e-05	-2.136526e-03	-7.398445e+00
2.786000e-05	-2.819800e-03	-7.209544e+00
2.787000e-05	-2.891518e-03	-6.978492e+00
2.788000e-05	-3.808550e-03	-6.776972e+00
2.789000e-05	-2.643078e-03	-6.610091e+00
2.790000e-05	-3.483190e-03	-6.422071e+00
2.791000e-05	-4.162679e-03	-6.210046e+00
2.792000e-05	-3.910314e-03	-6.078570e+00
2.793000e-05	-4.083094e-03	-5.789965e+00
2.794000e-05	-3.969648e-03	-5.661570e+00
2.795000e-05	-3.147929e-03	-5.380468e+00
2.796000e-05	-4.160251e-03	-5.157340e+00
2.797000e-05	-2.577963e-03	-4.917802e+00
2.798000e-05	-4.340199e-03	-4.691709e+00
2.799000e-05	-3.809896e-03	-4.513628e+00
2.800000e-05	-3.355575e-03	-4.274285e+00
2.801000e-05	-1.928616e-03	-4.075338e+00
2.802000e-05	-3.014958e-03	-3.905784e+00
2.803000e-05	-3.889975e-03	-3.643653e+00
2.804000e-05	-5.746166e-03	-3.451106e+00
2.805000e-05	-4.322162e-03	-3.240628e+00
2.806000e-05	-4.949662e-03	-3.019449e+00
2.807000e-05	-3.578664e-03	-2.766945e+00
2.808000e-05	-4.320063e-03	-2.566343e+00
2.809000e-05	-3.627659e-03	-2.337413e+00
2.810000e-05	-3.945495e-03	-2.081710e+00
2.811000e-05	-4.316650e-03	-1.872183e+00
2.812000e-05	-4.148045e-03	-1.683029e+00
2.813000e-05	-4.261847e-03	-1.417419e+00
2.814000e-05	-4.433308e-03	-1.117264e+00
2.815000e-05	-5.313398e-03	-9.307855e-01
2.816000e-05	-5.047880e-03	-6.851557e-01
2.817000e-05	-4.662380e-03	-4.205802e-01
2.818000e-05	-4.875024e-03	-1.989728e-01
2.819000e-05	-3.402843e-03	2.942229e-02
2.820000e-05	3.658018e-03	2.331338e-01
2.821000e-05	-3.680474e-04	4.221315e-01
2.822000e-05	-3.781619e-04	6.442080e-01
2.823000e-05	-6.779661e-04	8.315750e-01
2.824000e-05	-2.540747e-03	1.097160e+00
2.825000e-05	-2.402925e-03	1.316943e+00
2.826000e-05	2.153707e-04	1.538492e+00
2.827000e-05	2.262741e-02	1.780447e+00
2.828000e-05	6.578649e-02	1.990550e+00
2.829000e-05	1.734404e-03	2.234679e+00
2.830000e-05	-6.288654e-02	2.464710e+00
2.831000e-05	-2.382263e-02	2.749392e+00
2.832000e-05	-4.021550e-02	2.918421e+00
2.833000e-05	-5.579542e-02	3.105792e+00
2.834000e-05	9.785729e-02	3.251609e+00
2.835000e-05	2.014660e-02	3.527390e+00
2.836000e-05	-1.045268e-01	3.653654e+00
2.837000e-05	1.409589e-01	3.836280e+00
2.838000e-05	-9.677407e-02	4.169285e+00
2.839000e-05	2.748210e-03	4.339944e+00
2.840000e-05	5.551529e-02	4.558494e+00
2.841000e-05	-6.240611e-02	4.822524e+00
2.842000e-05	3.318806e-02	5.030600e+00
2.843000e-05	-6.058149e-03	5.296291e+00
2.844000e-05	-1.721310e-02	5.506988e+00
2.845000e-05	1.485417e-02	5.746911e+00
2.846000e-05	-2.804263e-02	5.959471e+00
2.847000e-05	5.892901e-03	6.149491e+00
2.848000e-05	-1.687841e-02	6.378414e+00
2.849000e-05	2.477944e-02	6.577541e+00
2.850000e-05	-4.551417e-03	6.760043e+00
2.851000e-05	-1.262181e-02	6.979946e+00
2.852000e-05	1.463448e-02	7.177512e+00
2.853000e-05	-4.188753e-02	7.317516e+00
2.854000e-05	1.654559e-02	7.543890e+00
2.855000e-05	-1.223261e-03	7.757965e+00
2.856000e-05	-4.274724e-03	8.048537e+00
2.857000e-05	4.718711e-03	8.160041e+00
2.858000e-05	-2.126603e-02	8.335837e+00
2.859000e-05	1.641111e-03	8.454781e+00
2.860000e-05	-1.083159e-02	8.612148e+00
2.861000e-05	6.030997e-03	8.735865e+00
2.862000e-05	-9.940401e-03	8.937382e+00
2.863000e-05	7.100285e-04	9.073331e+00
2.864000e-05	-5.568596e-04	9.253177e+00
2.865000e-05	-1.389329e-02	9.391072e+00
2.866000e-05	7.894714e-04	9.527886e+00
2.867000e-05	-6.190805e-03	9.645801e+00
2.868000e-05	1.309036e-03	9.821098e+00
2.869000e-05	-1.039919e-02	9.968015e+00
2.870000e-05	7.023460e-04	1.011844e+01
2.871000e-05	-5.766296e-03	1.021125e+01
2.872000e-05	-7.396322e-03	1.036802e+01
2.873000e-05	-7.597071e-03	1.050275e+01
2.874000e-05	-1.851902e-03	1.060317e+01
2.875000e-05	-2.848460e-03	1.072801e+01
2.876000e-05	-9.604548e-03	1.089473e+01
2.877000e-05	-4.509854e-03	1.095999e+01
2.878000e-05	-4.835521e-03	1.108323e+01
2.879000e-05	-5.234184e-03	1.120047e+01
2.880000e-05	-8.187396e-03	1.125325e+01
2.881000e-05	-4.381905e-03	1.135911e+01
2.882000e-05	-5.847517e-03	1.147378e+01
2.883000e-05	-7.092961e-03	1.161119e+01
2.884000e-05	-4.894442e-03	1.169578e+01
2.885000e-05	-7.230753e-03	1.171749e+01
2.886000e-05	-8.257941e-03	1.183065e+01
2.887000e-05	-8.268499e-03	1.185573e+01
2.888000e-05	-4.141244e-03	1.194688e+01
2.889000e-05	-6.646182e-03	1.199014e+01
2.890000e-05	-7.486521e-03	1.204117e+01
2.891000e-05	-9.192894e-03	1.212588e+01
2.892000e-05	-7.124233e-03	1.212698e+01
2.893000e-05	-8.487808e-03	1.215013e+01
2.894000e-05	-9.383600e-03	1.221017e+01
2.895000e-05	-8.354163e-03	1.228173e+01
2.896000e-05	-1.129445e-02	1.225372e+01
2.897000e-05	-1.099209e-02	1.230540e+01
2.898000e-05	-1.046291e-02	1.231690e+01
2.899000e-05	-1.076837e-02	1.234741e+01
2.900000e-05	-1.314681e-02	1.235691e+01
2.901000e-05	-1.337876e-02	1.238904e+01
2.902000e-05	-1.457591e-02	1.237997e+01
2.903000e-05	-1.676413e-02	1.238604e+01
2.904000e-05	-1.898685e-02	1.239793e+01
2.905000e-05	-2.115371e-02	1.235593e+01
2.906000e-05	-2.482916e-02	1.237595e+01
2.907000e-05	-2.994888e-02	1.229491e+01
2.908000e-05	-3.513481e-02	1.228481e+01
2.909000e-05	-4.406098e-02	1.227380e+01
2.910000e-05	-5.606748e-02	1.217264e+01
2.911000e-05	-6.643667e-02	1.219056e+01
2.912000e-05	-6.551974e-02	1.212848e+01
2.913000e-05	-5.249580e-02	1.211536e+01
2.914000e-05	-3.944735e-02	1.207275e+01
2.915000e-05	-2.891981e-02	1.196899e+01
2.916000e-05	-2.322890e-02	1.192543e+01
2.917000e-05	-1.917771e-02	1.191322e+01
2.918000e-05	-1.682931e-02	1.175954e+01
2.919000e-05	-1.484016e-02	1.175538e+01
2.920000e-05	-1.348899e-02	1.165020e+01
2.921000e-05	-1.292809e-02	1.151691e+01
2.922000e-05	-1.259591e-02	1.143117e+01
2.923000e-05	-1.303763e-02	1.130493e+01
2.924000e-05	-1.084649e-02	1.122009e+01
2.925000e-05	-1.097793e-02	1.113496e+01
2.926000e-05	-8.633254e-03	1.101172e+01
2.927000e-05	-1.015525e-02	1.094786e+01
2.928000e-05	-8.477000e-03	1.085162e+01
2.929000e-05	-8.796465e-03	1.074439e+01
2.930000e-05	-7.987075e-03	1.060054e+01
2.931000e-05	-8.116336e-03	1.049273e+01
2.932000e-05	-7.915279e-03	1.033746e+01
2.933000e-05	-7.003180e-03	1.025107e+01
2.934000e-05	-7.304737e-03	1.010576e+01
2.935000e-05	-6.883049e-03	1.002044e+01
2.936000e-05	-6.865364e-03	9.831193e+00
2.937000e-05	-6.768180e-03	9.712253e+00
2.938000e-05	-6.695659e-03	9.563784e+00
2.939000e-05	-6.025076e-03	9.389467e+00
2.940000e-05	-6.514851e-03	9.272576e+00
2.941000e-05	-6.541848e-03	9.125281e+00
2.942000e-05	-6.236065e-03	8.955960e+00
2.943000e-05	-5.499751e-03	8.747411e+00
2.944000e-05	-6.615751e-03	8.609019e+00
2.945000e-05	-5.805714e-03	8.473602e+00
2.946000e-05	-5.606261e-03	8.284703e+00
2.947000e-05	-5.484538e-03	8.105209e+00
2.948000e-05	-6.389715e-03	7.914807e+00
2.949000e-05	-5.163721e-03	7.746364e+00
2.950000e-05	-4.965984e-03	7.564886e+00
2.951000e-05	-5.459772e-03	7.296704e+00
2.952000e-05	-5.612989e-03	7.136886e+00
2.953000e-05	-4.867589e-03	6.947887e+00
2.954000e-05	-4.679945e-03	6.758921e+00
2.955000e-05	-5.869449e-03	6.537861e+00
2.956000e-05	-5.568197e-03	6.377865e+00
2.957000e-05	-5.452576e-03	6.166970e+00
2.958000e-05	-5.019445e-03	5.998994e+00
2.959000e-05	-5.456884e-03	5.767441e+00
2.960000e-05	-4.867246e-03	5.577942e+00
2.961000e-05	-5.194597e-03	5.397416e+00
2.962000e-05	-5.347872e-03	5.154258e+00
2.963000e-05	-4.952105e-03	4.841183e+00
2.964000e-05	-4.925972e-03	4.673600e+00
2.965000e-05	-4.736397e-03	4.443177e+00
2.966000e-05	-5.668959e-03	4.222603e+00
2.967000e-05	-4.881745e-03	3.980520e+00
2.968000e-05	-3.561793e-03	3.819949e+00
2.969000e-05	-6.156641e-03	3.610074e+00
2.970000e-05	-4.142742e-03	3.378342e+00
2.971000e-05	-5.646479e-03	3.125837e+00
2.972000e-05	-3.035541e-03	2.936314e+00
2.973000e-05	-5.182541e-03	2.757289e+00
2.974000e-05	-4.322172e-03	2.522702e+00
2.975000e-05	-5.076544e-03	2.241154e+00
2.976000e-05	-4.544579e-03	2.060576e+00
2.977000e-05	-4.720090e-03	1.838445e+00
2.978000e-05	-4.931217e-03	1.547317e+00
2.979000e-05	-3.916654e-03	1.354862e+00
2.980000e-05	-4.801347e-03	1.084108e+00
2.981000e-05	-4.874660e-03	8.294985e-01
2.982000e-05	-4.136937e-03	6.069736e-01
2.983000e-05	-3.214725e-03	3.873460e-01
2.984000e-05	-2.331246e-03	1.342630e-01
2.985000e-05	-1.736636e-03	-4.578816e-02
2.986000e-05	6.084532e-03	-2.868608e-01
2.987000e-05	-2.023804e-03	-4.863383e-01
2.988000e-05	2.616212e-03	-7.583961e-01
2.989000e-05	-4.047951e-03	-9.369185e-01
2.990000e-05	3.474732e-04	-1.147892e+00
2.991000e-05	-7.724914e-04	-1.331070e+00
2.992000e-05	2.475190e-02	-1.571524e+00
2.993000e-05	8.047088e-02	-1.811049e+00
2.994000e-05	-1.433781e-02	-2.095262e+00
2.995000e-05	-5.452006e-02	-2.462107e+00
2.996000e-05	-2.137519e-02	-2.677259e+00
2.997000e-05	-7.347342e-02	-2.831601e+00
2.998000e-05	7.639692e-03	-2.939945e+00
2.999000e-05	1.399828e-01	-3.095887e+00
3.000000e-05	-1.377907e-01	-3.411099e+00
3.001000e-05	1.013170e-01	-3.560500e+00
3.002000e-05	4.622627e-03	-3.746364e+00
3.003000e-05	-1.116151e-01	-4.012627e+00
3.004000e-05	1.455713e-01	-4.241099e+00
3.005000e-05	-8.070188e-02	-4.432125e+00
3.006000e-05	7.146769e-03	-4.624704e+00
3.007000e-05	9.457767e-02	-4.821200e+00
3.008000e-05	-1.298734e-01	-5.117865e+00
3.009000e-05	1.118869e-01	-5.348991e+00
3.010000e-05	-7.199504e-02	-5.580970e+00
3.011000e-05	2.111540e-03	-5.802091e+00
3.012000e-05	5.780283e-02	-5.967967e+00
3.013000e-05	-7.526009e-02	-6.198550e+00
3.014000e-05	9.039962e-02	-6.411150e+00
3.015000e-05	-6.697357e-02	-6.614252e+00
3.016000e-05	5.281903e-02	-6.801027e+00
3.017000e-05	-1.290306e-02	-6.991227e+00
3.018000e-05	-5.508948e-02	-7.261630e+00
3.019000e-05	8.425934e-02	-7.412070e+00
3.020000e-05	-6.892471e-02	-7.600571e+00
3.021000e-05	6.269181e-02	-7.811770e+00
3.022000e-05	-2.856431e-02	-8.022175e+00
3.023000e-05	8.865214e-03	-8.180094e+00
3.024000e-05	4.286307e-03	-8.327014e+00
3.025000e-05	-3.800557e-02	-8.526335e+00
3.026000e-05	5.193498e-02	-8.663926e+00
3.027000e-05	-1.933507e-02	-8.863730e+00
3.028000e-05	2.619596e-02	-9.000169e+00
3.029000e-05	-3.833759e-02	-9.107389e+00
3.030000e-05	1.855648e-02	-9.287456e+00
3.031000e-05	9.160972e-03	-9.412327e+00
3.032000e-05	-1.058027e-02	-9.602045e+00
3.033000e-05	6.384671e-03	-9.715913e+00
3.034000e-05	-3.030124e-03	-9.824729e+00
3.035000e-05	1.828939e-02	-9.980518e+00
3.036000e-05	-2.162104e-02	-1.013798e+01
3.037000e-05	9.261744e-03	-1.026433e+01
3.038000e-05	-8.512503e-05	-1.043312e+01
3.039000e-05	9.062600e-03	-1.051881e+01
3.040000e-05	-1.221623e-02	-1.062315e+01
3.041000e-05	7.244438e-03	-1.075749e+01
3.042000e-05	8.106334e-03	-1.089382e+01
3.043000e-05	-1.841067e-03	-1.098062e+01
3.044000e-05	-3.563621e-03	-1.103380e+01
3.045000e-05	9.271198e-04	-1.120117e+01
3.046000e-05	1.042217e-02	-1.129435e+01
3.047000e-05	-3.602264e-03	-1.138202e+01
3.048000e-05	6.199812e-03	-1.149386e+01
3.049000e-05	2.181988e-04	-1.157054e+01
3.050000e-05	4.222874e-03	-1.168432e+01
3.051000e-05	-4.039531e-03	-1.169856e+01
3.052000e-05	5.344593e-03	-1.179224e+01
3.053000e-05	3.569796e-03	-1.189383e+01
3.054000e-05	4.479610e-03	-1.195856e+01
3.055000e-05	2.785478e-03	-1.199764e+01
3.056000e-05	2.086149e-03	-1.209378e+01
3.057000e-05	2.368106e-03	-1.207483e+01
3.058000e-05	2.475257e-03	-1.214591e+01
3.059000e-05	5.718202e-03	-1.218864e+01
3.060000e-05	2.436007e-03	-1.221112e+01
3.061000e-05	3.659593e-03	-1.225170e+01
3.062000e-05	5.197960e-03	-1.224275e+01
3.063000e-05	5.086943e-03	-1.231428e+01
3.064000e-05	4.363846e-03	-1.227435e+01
3.065000e-05	6.345090e-03	-1.230586e+01
3.066000e-05	9.170062e-03	-1.233591e+01
3.067000e-05	8.969637e-03	-1.233698e+01
3.068000e-05	8.626949e-03	-1.232738e+01
3.069000e-05	1.122823e-02	-1.232644e+01
3.070000e-05	1.352533e-02	-1.229385e+01
3.071000e-05	1.771727e-02	-1.233433e+01
3.072000e-05	2.071255e-02	-1.229280e+01
3.073000e-05	2.695556e-02	-1.227418e+01
3.074000e-05	3.333809e-02	-1.224022e+01
3.075000e-05	4.186366e-02	-1.221072e+01
3.076000e-05	5.362426e-02	-1.215954e+01
3.077000e-05	6.114969e-02	-1.212793e+01
3.078000e-05	5.719442e-02	-1.211686e+01
3.079000e-05	4.309410e-02	-1.209375e+01
3.080000e-05	2.913638e-02	-1.200052e+01
3.081000e-05	2.115979e-02	-1.197646e+01
3.082000e-05	1.461392e-02	-1.184278e+01
3.083000e-05	1.158720e-02	-1.178997e+01
3.084000e-05	8.909920e-03	-1.171535e+01
3.085000e-05	8.357006e-03	-1.161912e+01
3.086000e-05	7.882775e-03	-1.153528e+01
3.087000e-05	6.188540e-03	-1.143864e+01
3.088000e-05	4.889603e-03	-1.127891e+01
3.089000e-05	3.285497e-03	-1.122859e+01
3.090000e-05	3.153467e-03	-1.111636e+01
3.091000e-05	2.926629e-03	-1.100156e+01
3.092000e-05	3.381507e-03	-1.090436e+01
3.093000e-05	2.936790e-03	-1.079057e+01
3.094000e-05	2.696425e-03	-1.069635e+01
3.095000e-05	1.353511e-03	-1.062007e+01
3.096000e-05	8.928340e-04	-1.048381e+01
3.097000e-05	1.465993e-03	-1.041896e+01
3.098000e-05	3.023508e-04	-1.019017e+01
3.099000e-05	-7.776913e-05	-1.008576e+01
3.100000e-05	1.002794e-03	-9.939014e+00
3.101000e-05	5.111377e-04	-9.873703e+00
3.102000e-05	2.956912e-04	-9.735381e+00
3.103000e-05	-1.194223e-03	-9.570515e+00
3.104000e-05	-7.318615e-04	-9.443098e+00
3.105000e-05	-1.177911e-04	-9.295255e+00
3.106000e-05	-6.876427e-04	-9.157860e+00
3.107000e-05	-1.187058e-03	-8.960041e+00
3.108000e-05	-2.548891e-03	-8.852677e+00
3.109000e-05	-6.379323e-04	-8.633178e+00
3.110000e-05	-7.620779e-04	-8.513180e+00
3.111000e-05	-1.523287e-03	-8.335813e+00
3.112000e-05	-2.931075e-03	-8.138790e+00
3.113000e-05	-2.214487e-03	-8.029023e+00
3.114000e-05	-2.007089e-03	-7.747018e+00
3.115000e-05	-3.445525e-03	-7.516441e+00
3.116000e-05	-3.631702e-03	-7.389442e+00
3.117000e-05	-2.172067e-03	-7.208068e+00
3.118000e-05	-2.857845e-03	-6.978944e+00
3.119000e-05	-3.777894e-03	-6.819042e+00
3.120000e-05	-3.742321e-03	-6.649545e+00
3.121000e-05	-3.269116e-03	-6.451073e+00
3.122000e-05	-2.249618e-03	-6.241071e+00
3.123000e-05	-4.130236e-03	-5.989095e+00
3.124000e-05	-3.324355e-03	-5.800046e+00
3.125000e-05	-4.185214e-03	-5.632054e+00
3.126000e-05	-3.470382e-03	-5.402144e+00
3.127000e-05	-3.994540e-03	-5.177472e+00
3.128000e-05	-2.496807e-03	-4.906789e+00
3.129000e-05	-4.036009e-03	-4.674781e+00
3.130000e-05	-3.534268e-03	-4.503732e+00
3.131000e-05	-4.180041e-03	-4.304858e+00
3.132000e-05	-2.223590e-03	-4.074761e+00
3.133000e-05	-3.405297e-03	-3.926712e+00
3.134000e-05	-3.358296e-03	-3.661704e+00
3.135000e-05	-4.835852e-03	-3.452127e+00
3.136000e-05	-4.533548e-03	-3.262150e+00
3.137000e-05	-4.559650e-03	-3.029974e+00
3.138000e-05	-3.136034e-03	-2.797397e+00
3.139000e-05	-4.098510e-03	-2.578440e+00
3.140000e-05	-4.135287e-03	-2.286862e+00
3.141000e-05	-4.359725e-03	-2.092683e+00
3.142000e-05	-3.573232e-03	-1.884183e+00
3.143000e-05	-3.521267e-03	-1.671680e+00
3.144000e-05	-4.353831e-03	-1.419472e+00
3.145000e-05	-4.924317e-03	-1.157344e+00
3.146000e-05	-5.845833e-03	-9.141657e-01
3.147000e-05	-5.147806e-03	-7.146882e-01
3.148000e-05	-4.876310e-03	-4.500527e-01
3.149000e-05	-3.893475e-03	-2.405526e-01
3.150000e-05	-2.855809e-03	-1.100020e-02
3.151000e-05	3.181776e-03	2.426353e-01
3.152000e-05	-1.247410e-03	4.326063e-01
3.153000e-05	-3.207350e-03	6.332138e-01
3.154000e-05	-1.156492e-03	8.214764e-01
3.155000e-05	-2.508586e-03	1.066211e+00
3.156000e-05	-2.063297e-03	1.295292e+00
3.157000e-05	6.166781e-04	1.516877e+00
3.158000e-05	2.069103e-02	1.769445e+00
3.159000e-05	6.471075e-02	2.000025e+00
3.160000e-05	7.485567e-03	2.232004e+00
3.161000e-05	-6.582894e-02	2.444211e+00
3.162000e-05	-2.453123e-02	2.759441e+00
3.163000e-05	-4.122683e-02	2.937918e+00
3.164000e-05	-5.596882e-02	3.083757e+00
3.165000e-05	8.802396e-02	3.273083e+00
3.166000e-05	3.403135e-02	3.517290e+00
3.167000e-05	-1.138693e-01	3.663632e+00
3.168000e-05	1.425537e-01	3.833757e+00
3.169000e-05	-8.877398e-02	4.106912e+00
3.170000e-05	-7.166423e-03	4.356940e+00
3.171000e-05	5.972961e-02	4.578991e+00
3.172000e-05	-6.149638e-02	4.769124e+00
3.173000e-05	3.039271e-02	5.002573e+00
3.174000e-05	-3.086558e-03	5.325286e+00
3.175000e-05	-2.196628e-02	5.485388e+00
3.176000e-05	1.463119e-02	5.676217e+00
3.177000e-05	-2.688595e-02	5.929466e+00
3.178000e-05	4.883031e-03	6.147941e+00
3.179000e-05	-1.434302e-02	6.356415e+00
3.180000e-05	2.399059e-02	6.538336e+00
3.181000e-05	-3.362581e-04	6.750519e+00
3.182000e-05	-1.770220e-02	6.939991e+00
3.183000e-05	1.684300e-02	7.176920e+00
3.184000e-05	-4.184559e-02	7.316832e+00
3.185000e-05	1.584616e-02	7.556988e+00
3.186000e-05	6.185921e-06	7.769015e+00
3.187000e-05	-5.582687e-03	7.937990e+00
3.188000e-05	6.813215e-03	8.129563e+00
3.189000e-05	-2.097296e-02	8.326886e+00
3.190000e-05	2.263982e-03	8.474256e+00
3.191000e-05	-1.224628e-02	8.600649e+00
3.192000e-05	5.838341e-03	8.746938e+00
3.193000e-05	-9.123262e-03	8.905209e+00
3.194000e-05	3.740754e-04	9.064903e+00
3.195000e-05	-1.357170e-04	9.255150e+00
3.196000e-05	-1.408944e-02	9.381570e+00
3.197000e-05	1.369128e-03	9.525867e+00
3.198000e-05	-5.474570e-03	9.665199e+00
3.199000e-05	1.347607e-03	9.810643e+00
3.200000e-05	-1.020208e-02	9.979995e+00
3.201000e-05	5.305832e-05	1.009731e+01
3.202000e-05	-5.374004e-03	1.027322e+01
3.203000e-05	-8.074473e-03	1.035951e+01
3.204000e-05	-8.272845e-03	1.046425e+01
3.205000e-05	-2.087857e-03	1.063224e+01
3.206000e-05	-2.360764e-03	1.073597e+01
3.207000e-05	-8.275316e-03	1.085368e+01
3.208000e-05	-3.492104e-03	1.097849e+01
3.209000e-05	-5.171508e-03	1.104473e+01
3.210000e-05	-5.362576e-03	1.112691e+01
3.211000e-05	-8.708845e-03	1.129333e+01
3.212000e-05	-4.454327e-03	1.136009e+01
3.213000e-05	-5.890926e-03	1.144232e+01
3.214000e-05	-7.363761e-03	1.160909e+01
3.215000e-05	-5.493569e-03	1.165425e+01
3.216000e-05	-7.905235e-03	1.175646e+01
3.217000e-05	-8.085050e-03	1.177262e+01
3.218000e-05	-8.950016e-03	1.187476e+01
3.219000e-05	-4.041351e-03	1.192638e+01
3.220000e-05	-5.640411e-03	1.196897e+01
3.221000e-05	-7.710988e-03	1.205167e+01
3.222000e-05	-9.921924e-03	1.208535e+01
3.223000e-05	-8.427106e-03	1.210641e+01
3.224000e-05	-9.015353e-03	1.217849e+01
3.225000e-05	-8.810984e-03	1.217072e+01
3.226000e-05	-7.432157e-03	1.220267e+01
3.227000e-05	-1.100449e-02	1.226380e+01
3.228000e-05	-1.224853e-02	1.230528e+01
3.229000e-05	-1.174683e-02	1.232546e+01
3.230000e-05	-1.105294e-02	1.232591e+01
3.231000e-05	-1.260531e-02	1.236804e+01
3.232000e-05	-1.344898e-02	1.236701e+01
3.233000e-05	-1.436706e-02	1.236799e+01
3.234000e-05	-1.637429e-02	1.236847e+01
3.235000e-05	-1.820652e-02	1.237649e+01
3.236000e-05	-2.169869e-02	1.230796e+01
3.237000e-05	-2.542833e-02	1.234698e+01
3.238000e-05	-3.009713e-02	1.233588e+01
3.239000e-05	-3.467451e-02	1.229481e+01
3.240000e-05	-4.423553e-02	1.225332e+01
3.241000e-05	-5.573193e-02	1.221211e+01
3.242000e-05	-6.610203e-02	1.217009e+01
3.243000e-05	-6.593604e-02	1.216951e+01
3.244000e-05	-5.366128e-02	1.210533e+01
3.245000e-05	-3.958870e-02	1.204315e+01
3.246000e-05	-2.942360e-02	1.201761e+01
3.247000e-05	-2.292257e-02	1.193646e+01
3.248000e-05	-1.977251e-02	1.187183e+01
3.249000e-05	-1.775261e-02	1.184002e+01
3.250000e-05	-1.473329e-02	1.172583e+01
3.251000e-05	-1.328598e-02	1.165062e+01
3.252000e-05	-1.256607e-02	1.151636e+01
3.253000e-05	-1.238966e-02	1.140074e+01
3.254000e-05	-1.151045e-02	1.132635e+01
3.255000e-05	-9.721405e-03	1.125212e+01
3.256000e-05	-1.100201e-02	1.112538e+01
3.257000e-05	-9.197986e-03	1.106160e+01
3.258000e-05	-1.033766e-02	1.094899e+01
3.259000e-05	-7.277538e-03	1.087218e+01
3.260000e-05	-8.921058e-03	1.075684e+01
3.261000e-05	-8.302791e-03	1.058962e+01
3.262000e-05	-8.541543e-03	1.051430e+01
3.263000e-05	-7.573229e-03	1.038646e+01
3.264000e-05	-7.387125e-03	1.022122e+01
3.265000e-05	-7.988987e-03	1.011426e+01
3.266000e-05	-7.065979e-03	9.998465e+00
3.267000e-05	-6.472507e-03	9.841193e+00
3.268000e-05	-6.668334e-03	9.675252e+00
3.269000e-05	-6.342413e-03	9.536885e+00
3.270000e-05	-6.025899e-03	9.418470e+00
3.271000e-05	-6.203909e-03	9.272254e+00
3.272000e-05	-5.227648e-03	9.127380e+00
3.273000e-05	-5.900449e-03	8.987834e+00
3.274000e-05	-6.103004e-03	8.788966e+00
3.275000e-05	-6.231596e-03	8.622019e+00
3.276000e-05	-5.491896e-03	8.473631e+00
3.277000e-05	-5.273844e-03	8.313310e+00
3.278000e-05	-5.863444e-03	8.095211e+00
3.279000e-05	-6.105533e-03	7.893759e+00
3.280000e-05	-5.453987e-03	7.765358e+00
3.281000e-05	-5.284437e-03	7.566813e+00
3.282000e-05	-5.767753e-03	7.345862e+00
3.283000e-05	-6.184216e-03	7.136335e+00
3.284000e-05	-5.044362e-03	6.937390e+00
3.285000e-05	-4.783437e-03	6.769441e+00
3.286000e-05	-5.578419e-03	6.549417e+00
3.287000e-05	-5.448382e-03	6.346889e+00
3.288000e-05	-4.673094e-03	6.187044e+00
3.289000e-05	-5.573472e-03	6.020420e+00
3.290000e-05	-5.553996e-03	5.767466e+00
3.291000e-05	-5.418945e-03	5.577442e+00
3.292000e-05	-5.162891e-03	5.408341e+00
3.293000e-05	-4.582151e-03	5.205940e+00
3.294000e-05	-4.928447e-03	4.882753e+00
3.295000e-05	-4.947565e-03	4.652178e+00
3.296000e-05	-5.372839e-03	4.463083e+00
3.297000e-05	-5.665644e-03	4.231260e+00
3.298000e-05	-5.522117e-03	4.050470e+00
3.299000e-05	-5.046773e-03	3.821525e+00
3.300000e-05	-5.162603e-03	3.640550e+00
3.301000e-05	-4.867369e-03	3.437892e+00
3.302000e-05	-3.837055e-03	3.186341e+00
3.303000e-05	-4.957110e-03	2.967284e+00
3.304000e-05	-5.251565e-03	2.737791e+00
3.305000e-05	-4.927114e-03	2.450112e+00
3.306000e-05	-4.521085e-03	2.272503e+00
3.307000e-05	-5.321554e-03	2.030131e+00
3.308000e-05	-4.227299e-03	1.822428e+00
3.309000e-05	-4.641026e-03	1.567922e+00
3.310000e-05	-4.315889e-03	1.356261e+00
3.311000e-05	-3.915555e-03	1.103134e+00
3.312000e-05	-3.731817e-03	8.389473e-01
3.313000e-05	-4.816387e-03	5.883750e-01
3.314000e-05	-4.364909e-03	4.080011e-01
3.315000e-05	-3.417615e-03	1.747896e-01
3.316000e-05	-9.862231e-04	-5.521321e-02
3.317000e-05	6.287066e-03	-2.752144e-01
3.318000e-05	-2.244310e-03	-4.513095e-01
3.319000e-05	2.161956e-03	-7.503624e-01
3.320000e-05	-2.409251e-03	-9.178620e-01
3.321000e-05	1.134256e-03	-1.137343e+00
3.322000e-05	-1.282483e-03	-1.348970e+00
3.323000e-05	2.247592e-02	-1.599576e+00
3.324000e-05	7.969658e-02	-1.761571e+00
3.325000e-05	-8.199209e-03	-2.033733e+00
3.326000e-05	-5.815312e-02	-2.402149e+00
3.327000e-05	-1.929412e-02	-2.684707e+00
3.328000e-05	-7.125040e-02	-2.801024e+00
3.329000e-05	-4.919677e-04	-2.888912e+00
3.330000e-05	1.435369e-01	-3.105888e+00
3.331000e-05	-1.298586e-01	-3.370524e+00
3.332000e-05	8.450052e-02	-3.579471e+00
3.333000e-05	2.177369e-02	-3.695415e+00
3.334000e-05	-1.202734e-01	-4.002626e+00
3.335000e-05	1.459318e-01	-4.191077e+00
3.336000e-05	-7.083926e-02	-4.400678e+00
3.337000e-05	-6.509942e-03	-4.633829e+00
3.338000e-05	1.017641e-01	-4.812649e+00
3.339000e-05	-1.303087e-01	-5.056360e+00
3.340000e-05	1.045539e-01	-5.268514e+00
3.341000e-05	-6.091241e-02	-5.560118e+00
3.342000e-05	-1.094498e-02	-5.792121e+00
3.343000e-05	6.524097e-02	-5.938539e+00
3.344000e-05	-7.761347e-02	-6.181122e+00
3.345000e-05	8.884035e-02	-6.400020e+00
3.346000e-05	-6.056824e-02	-6.621674e+00
3.347000e-05	4.348974e-02	-6.762046e+00
3.348000e-05	-2.549287e-03	-7.020094e+00
3.349000e-05	-6.405037e-02	-7.263681e+00
3.350000e-05	8.743689e-02	-7.352070e+00
3.351000e-05	-6.717263e-02	-7.613069e+00
3.352000e-05	5.938481e-02	-7.802698e+00
3.353000e-05	-2.339272e-02	-8.011574e+00
3.354000e-05	1.277990e-03	-8.171118e+00
3.355000e-05	1.063784e-02	-8.305889e+00
3.356000e-05	-4.206352e-02	-8.466362e+00
3.357000e-05	5.273036e-02	-8.681851e+00
3.358000e-05	-1.983122e-02	-8.823779e+00
3.359000e-05	2.455830e-02	-8.992615e+00
3.360000e-05	-3.566879e-02	-9.117412e+00
3.361000e-05	1.484889e-02	-9.266781e+00
3.362000e-05	1.241071e-02	-9.432672e+00
3.363000e-05	-1.215901e-02	-9.579919e+00
3.364000e-05	8.347679e-03	-9.766387e+00
3.365000e-05	-5.308349e-03	-9.842678e+00
3.366000e-05	1.942352e-02	-9.990516e+00
3.367000e-05	-2.218246e-02	-1.013803e+01
3.368000e-05	8.313942e-03	-1.027338e+01
3.369000e-05	5.730204e-04	-1.037315e+01
3.370000e-05	7.675940e-03	-1.053693e+01
3.371000e-05	-1.062063e-02	-1.064265e+01
3.372000e-05	6.211821e-03	-1.077901e+01
3.373000e-05	8.778401e-03	-1.085417e+01
3.374000e-05	-2.770388e-03	-1.095909e+01
3.375000e-05	-3.384233e-03	-1.106230e+01
3.376000e-05	2.265939e-04	-1.117164e+01
3.377000e-05	1.093608e-02	-1.126688e+01
3.378000e-05	-3.851947e-03	-1.138152e+01
3.379000e-05	6.352794e-03	-1.148433e+01
3.380000e-05	-6.226349e-04	-1.155906e+01
3.381000e-05	3.724360e-03	-1.163325e+01
3.382000e-05	-2.073064e-03	-1.171843e+01
3.383000e-05	5.811496e-03	-1.183170e+01
3.384000e-05	3.817382e-03	-1.192438e+01
3.385000e-05	3.274699e-03	-1.195909e+01
3.386000e-05	1.495965e-03	-1.203110e+01
3.387000e-05	2.611406e-03	-1.203475e+01
3.388000e-05	3.846063e-03	-1.211488e+01
3.389000e-05	2.604414e-03	-1.215796e+01
3.390000e-05	4.958847e-03	-1.215959e+01
3.391000e-05	2.234785e-03	-1.217102e+01
3.392000e-05	3.038608e-03	-1.225317e+01
3.393000e-05	4.725386e-03	-1.224175e+01
3.394000e-05	5.136763e-03	-1.226370e+01
3.395000e-05	4.532368e-03	-1.230430e+01
3.396000e-05	5.292074e-03	-1.229576e+01
3.397000e-05	9.174067e-03	-1.230636e+01
3.398000e-05	9.936595e-03	-1.230591e+01
3.399000e-05	8.802220e-03	-1.233536e+01
3.400000e-05	1.157184e-02	-1.231394e+01
3.401000e-05	1.368191e-02	-1.230633e+01
3.402000e-05	1.807132e-02	-1.231528e+01
3.403000e-05	2.009132e-02	-1.230471e+01
3.404000e-05	2.552249e-02	-1.227377e+01
3.405000e-05	3.264664e-02	-1.224024e+01
3.406000e-05	4.076864e-02	-1.225112e+01
3.407000e-05	5.284875e-02	-1.214902e+01
3.408000e-05	6.137650e-02	-1.212441e+01
3.409000e-05	5.803600e-02	-1.211641e+01
3.410000e-05	4.368284e-02	-1.209425e+01
3.411000e-05	2.976569e-02	-1.199865e+01
3.412000e-05	2.047867e-02	-1.197798e+01
3.413000e-05	1.467268e-02	-1.186325e+01
3.414000e-05	1.185297e-02	-1.176897e+01
3.415000e-05	8.816582e-03	-1.170688e+01
3.416000e-05	8.536941e-03	-1.161159e+01
3.417000e-05	7.573471e-03	-1.153838e+01
3.418000e-05	6.439969e-03	-1.142157e+01
3.419000e-05	4.321652e-03	-1.133548e+01
3.420000e-05	3.493240e-03	-1.118101e+01
3.421000e-05	3.279223e-03	-1.109646e+01
3.422000e-05	2.947593e-03	-1.099054e+01
3.423000e-05	3.022617e-03	-1.089478e+01
3.424000e-05	2.266042e-03	-1.083962e+01
3.425000e-05	1.099552e-03	-1.071543e+01
3.426000e-05	1.164872e-03	-1.063064e+01
3.427000e-05	2.004158e-03	-1.050481e+01
3.428000e-05	8.889774e-04	-1.035944e+01
3.429000e-05	4.556150e-04	-1.025970e+01
3.430000e-05	4.701485e-04	-1.006678e+01
3.431000e-05	1.975097e-04	-1.000904e+01
3.432000e-05	-1.034860e-03	-9.862701e+00
3.433000e-05	-5.755744e-04	-9.747306e+00
3.434000e-05	1.907020e-04	-9.612174e+00
3.435000e-05	-2.144825e-05	-9.432648e+00
3.436000e-05	-1.061448e-03	-9.293328e+00
3.437000e-05	-4.178354e-04	-9.147389e+00
3.438000e-05	-2.620751e-05	-8.960571e+00
3.439000e-05	-2.318167e-03	-8.841524e+00
3.440000e-05	-1.794387e-03	-8.703201e+00
3.441000e-05	-1.183380e-03	-8.493756e+00
3.442000e-05	-7.849586e-04	-8.318311e+00
3.443000e-05	-2.490786e-03	-8.108542e+00
3.444000e-05	-2.620481e-03	-8.019447e+00
3.445000e-05	-2.896902e-03	-7.837941e+00
3.446000e-05	-2.368153e-03	-7.569387e+00
3.447000e-05	-1.850828e-03	-7.399942e+00
3.448000e-05	-2.731766e-03	-7.209995e+00
3.449000e-05	-2.467692e-03	-7.010643e+00
3.450000e-05	-3.379874e-03	-6.799519e+00
3.451000e-05	-2.748012e-03	-6.622022e+00
3.452000e-05	-3.492994e-03	-6.440571e+00
3.453000e-05	-3.363410e-03	-6.181569e+00
3.454000e-05	-3.552719e-03	-6.040070e+00
3.455000e-05	-1.754762e-03	-5.862070e+00
3.456000e-05	-4.465302e-03	-5.631655e+00
3.457000e-05	-3.162757e-03	-5.400100e+00
3.458000e-05	-4.663118e-03	-5.167890e+00
3.459000e-05	-2.560294e-03	-4.966361e+00
3.460000e-05	-3.535509e-03	-4.712735e+00
3.461000e-05	-3.249668e-03	-4.473234e+00
3.462000e-05	-3.866501e-03	-4.324815e+00
3.463000e-05	-2.887539e-03	-4.125737e+00
3.464000e-05	-4.113517e-03	-3.895364e+00
3.465000e-05	-3.708012e-03	-3.691682e+00
3.466000e-05	-4.432723e-03	-3.483603e+00
3.467000e-05	-3.974326e-03	-3.252559e+00
3.468000e-05	-4.546638e-03	-3.009496e+00
3.469000e-05	-3.854709e-03	-2.778945e+00
3.470000e-05	-4.460113e-03	-2.556415e+00
3.471000e-05	-3.870433e-03	-2.387394e+00
3.472000e-05	-4.491124e-03	-2.093159e+00
3.473000e-05	-4.191718e-03	-1.864208e+00
3.474000e-05	-4.482218e-03	-1.643154e+00
3.475000e-05	-5.243741e-03	-1.439994e+00
3.476000e-05	-5.023157e-03	-1.196316e+00
3.477000e-05	-6.404189e-03	-9.568319e-01
3.478000e-05	-4.922263e-03	-7.051882e-01
3.479000e-05	-4.646827e-03	-4.415802e-01
3.480000e-05	-4.679282e-03	-2.305501e-01
3.481000e-05	-3.288277e-03	2.042124e-02
3.482000e-05	2.323848e-03	2.115750e-01
3.483000e-05	1.941808e-04	4.016540e-01
3.484000e-05	-1.971468e-03	6.631316e-01
3.485000e-05	-7.210691e-04	8.315265e-01
3.486000e-05	-2.374691e-03	1.035081e+00
3.487000e-05	-1.284611e-03	1.285884e+00
3.488000e-05	-1.334571e-04	1.486419e+00
3.489000e-05	2.001774e-02	1.738522e+00
3.490000e-05	6.116135e-02	1.989425e+00
3.491000e-05	1.254865e-02	2.203110e+00
3.492000e-05	-6.746804e-02	2.452734e+00
3.493000e-05	-2.325926e-02	2.779468e+00
3.494000e-05	-4.001334e-02	2.928393e+00
3.495000e-05	-5.723993e-02	3.083286e+00
3.496000e-05	7.894225e-02	3.231076e+00
3.497000e-05	4.770891e-02	3.476313e+00
3.498000e-05	-1.221197e-01	3.653205e+00
3.499000e-05	1.416177e-01	3.852754e+00
3.500000e-05	-8.080546e-02	4.085713e+00
3.501000e-05	-1.718333e-02	4.319415e+00
3.502000e-05	6.133656e-02	4.559842e+00
3.503000e-05	-6.078648e-02	4.778966e+00
3.504000e-05	2.671831e-02	5.040673e+00
3.505000e-05	2.830434e-03	5.296281e+00
3.506000e-05	-2.326043e-02	5.486885e+00
3.507000e-05	1.664342e-02	5.705260e+00
3.508000e-05	-2.718858e-02	5.927989e+00
3.509000e-05	2.752752e-03	6.117862e+00
3.510000e-05	-1.315776e-02	6.316887e+00
3.511000e-05	2.058377e-02	6.506490e+00
3.512000e-05	1.738987e-03	6.766917e+00
3.513000e-05	-2.134049e-02	6.967994e+00
3.514000e-05	1.987548e-02	7.147937e+00
3.515000e-05	-4.018043e-02	7.316362e+00
3.516000e-05	1.432532e-02	7.527412e+00
3.517000e-05	2.648184e-03	7.706536e+00
3.518000e-05	-6.938963e-03	7.946437e+00
3.519000e-05	7.005654e-03	8.167890e+00
3.520000e-05	-2.149681e-02	8.275862e+00
3.521000e-05	3.182196e-03	8.452678e+00
3.522000e-05	-1.152972e-02	8.621644e+00
3.523000e-05	4.761593e-03	8.738392e+00
3.524000e-05	-9.596533e-03	8.935856e+00
3.525000e-05	1.927588e-04	9.064827e+00
3.526000e-05	1.060907e-03	9.243674e+00
3.527000e-05	-1.547859e-02	9.392066e+00
3.528000e-05	1.424620e-04	9.514358e+00
3.529000e-05	-5.439097e-03	9.642703e+00
3.530000e-05	-2.009986e-04	9.809618e+00
3.531000e-05	-9.770584e-03	9.988512e+00
3.532000e-05	-8.426530e-04	1.010688e+01
3.533000e-05	-3.376020e-03	1.022112e+01
3.534000e-05	-7.881471e-03	1.037802e+01
3.535000e-05	-8.469407e-03	1.046375e+01
3.536000e-05	-1.037857e-03	1.064165e+01
3.537000e-05	-4.307417e-03	1.075586e+01
3.538000e-05	-9.334362e-03	1.088320e+01
3.539000e-05	-5.966639e-03	1.092896e+01
3.540000e-05	-5.245944e-03	1.105330e+01
3.541000e-05	-5.033632e-03	1.114794e+01
3.542000e-05	-8.229668e-03	1.128417e+01
3.543000e-05	-4.561417e-03	1.135754e+01
3.544000e-05	-6.071006e-03	1.148538e+01
3.545000e-05	-7.677901e-03	1.157849e+01
3.546000e-05	-5.811959e-03	1.168328e+01
3.547000e-05	-7.598934e-03	1.173641e+01
3.548000e-05	-8.552634e-03	1.180070e+01
3.549000e-05	-8.771150e-03	1.187425e+01
3.550000e-05	-4.260256e-03	1.191841e+01
3.551000e-05	-6.509252e-03	1.198859e+01
3.552000e-05	-6.889757e-03	1.200222e+01
3.553000e-05	-8.783361e-03	1.210478e+01
3.554000e-05	-8.517382e-03	1.215651e+01
3.555000e-05	-9.717281e-03	1.219001e+01
3.556000e-05	-9.600257e-03	1.221114e+01
3.557000e-05	-8.552920e-03	1.223265e+01
3.558000e-05	-1.137094e-02	1.224375e+01
3.559000e-05	-1.163357e-02	1.223490e+01
3.560000e-05	-1.095085e-02	1.233636e+01
3.561000e-05	-1.125657e-02	1.230796e+01
3.562000e-05	-1.296730e-02	1.236644e+01
3.563000e-05	-1.368371e-02	1.240899e+01
3.564000e-05	-1.353400e-02	1.236047e+01
3.565000e-05	-1.634234e-02	1.236853e+01
3.566000e-05	-1.953381e-02	1.239896e+01
3.567000e-05	-2.149593e-02	1.238551e+01
3.568000e-05	-2.435702e-02	1.233646e+01
3.569000e-05	-2.929160e-02	1.234481e+01
3.570000e-05	-3.543333e-02	1.229430e+01
3.571000e-05	-4.401870e-02	1.227122e+01
3.572000e-05	-5.438137e-02	1.219167e+01
3.573000e-05	-6.551054e-02	1.216954e+01
3.574000e-05	-6.584704e-02	1.216806e+01
3.575000e-05	-5.582588e-02	1.209586e+01
3.576000e-05	-4.059567e-02	1.204370e+01
3.577000e-05	-2.971623e-02	1.199899e+01
3.578000e-05	-2.295397e-02	1.194738e+01
3.579000e-05	-1.946407e-02	1.187427e+01
3.580000e-05	-1.657977e-02	1.181912e+01
3.581000e-05	-1.495245e-02	1.171684e+01
3.582000e-05	-1.392088e-02	1.167264e+01
3.583000e-05	-1.275789e-02	1.158491e+01
3.584000e-05	-1.209642e-02	1.140165e+01
3.585000e-05	-1.137053e-02	1.133645e+01
3.586000e-05	-1.075085e-02	1.123165e+01
3.587000e-05	-1.058410e-02	1.114733e+01
3.588000e-05	-8.875064e-03	1.108217e+01
3.589000e-05	-9.356563e-03	1.092689e+01
3.590000e-05	-8.469814e-03	1.087165e+01
3.591000e-05	-8.706519e-03	1.074588e+01
3.592000e-05	-8.182779e-03	1.064912e+01
3.593000e-05	-8.471349e-03	1.050230e+01
3.594000e-05	-7.465769e-03	1.034794e+01
3.595000e-05	-8.193084e-03	1.026172e+01
3.596000e-05	-7.131000e-03	1.011529e+01
3.597000e-05	-6.433373e-03	1.003844e+01
3.598000e-05	-6.053918e-03	9.851168e+00
3.599000e-05	-6.580407e-03	9.675231e+00
3.600000e-05	-7.039027e-03	9.535913e+00
3.601000e-05	-6.306636e-03	9.397941e+00
3.602000e-05	-6.735515e-03	9.293653e+00
3.603000e-05	-6.421728e-03	9.146888e+00
3.604000e-05	-5.692201e-03	8.946437e+00
3.605000e-05	-5.680019e-03	8.788545e+00
3.606000e-05	-6.000639e-03	8.651573e+00
3.607000e-05	-6.674612e-03	8.462631e+00
3.608000e-05	-6.049503e-03	8.304257e+00
3.609000e-05	-5.963437e-03	8.134259e+00
3.610000e-05	-5.393501e-03	7.965312e+00
3.611000e-05	-5.678009e-03	7.767916e+00
3.612000e-05	-5.085413e-03	7.546884e+00
3.613000e-05	-5.395599e-03	7.345336e+00
3.614000e-05	-6.456213e-03	7.166436e+00
3.615000e-05	-5.354047e-03	6.986391e+00
3.616000e-05	-5.439514e-03	6.827965e+00
3.617000e-05	-4.988573e-03	6.566994e+00
3.618000e-05	-5.065644e-03	6.387841e+00
3.619000e-05	-5.152433e-03	6.169442e+00
3.620000e-05	-6.146752e-03	6.010569e+00
3.621000e-05	-6.258185e-03	5.788912e+00
3.622000e-05	-6.078930e-03	5.578898e+00
3.623000e-05	-5.170127e-03	5.377418e+00
3.624000e-05	-5.262267e-03	5.174466e+00
3.625000e-05	-5.255063e-03	4.871805e+00
3.626000e-05	-4.275281e-03	4.652282e+00
3.627000e-05	-5.355993e-03	4.493732e+00
3.628000e-05	-6.234304e-03	4.282625e+00
3.629000e-05	-5.535160e-03	4.029528e+00
3.630000e-05	-4.519389e-03	3.840526e+00
3.631000e-05	-4.392966e-03	3.601024e+00
3.632000e-05	-4.963394e-03	3.429499e+00
3.633000e-05	-5.605573e-03	3.197943e+00
3.634000e-05	-5.195265e-03	2.957416e+00
3.635000e-05	-4.532775e-03	2.776917e+00
3.636000e-05	-4.856918e-03	2.531309e+00
3.637000e-05	-5.060128e-03	2.261007e+00
3.638000e-05	-4.432739e-03	2.059655e+00
3.639000e-05	-4.195657e-03	1.821629e+00
3.640000e-05	-4.387234e-03	1.588442e+00
3.641000e-05	-5.124832e-03	1.346414e+00
3.642000e-05	-5.078933e-03	1.185188e+00
3.643000e-05	-4.107785e-03	8.200037e-01
3.644000e-05	-4.116488e-03	6.299260e-01
3.645000e-05	-3.549645e-03	3.884787e-01
3.646000e-05	-2.804631e-03	1.489155e-01
3.647000e-05	-8.796081e-04	-8.521058e-02
3.648000e-05	5.997250e-03	-2.948145e-01
3.649000e-05	-2.247670e-03	-4.832068e-01
3.650000e-05	2.598757e-03	-7.192921e-01
3.651000e-05	-1.989249e-03	-9.264145e-01
3.652000e-05	8.767864e-04	-1.107392e+00
3.653000e-05	-2.842983e-04	-1.326970e+00
3.654000e-05	1.971945e-02	-1.590549e+00
3.655000e-05	7.741425e-02	-1.757470e+00
3.656000e-05	-3.371161e-04	-2.023157e+00
3.657000e-05	-6.173126e-02	-2.400600e+00
3.658000e-05	-1.494093e-02	-2.634207e+00
3.659000e-05	-6.949647e-02	-2.800599e+00
3.660000e-05	-7.950190e-03	-2.946938e+00
3.661000e-05	1.460410e-01	-3.097307e+00
3.662000e-05	-1.233394e-01	-3.380571e+00
3.663000e-05	6.961311e-02	-3.549496e+00
3.664000e-05	3.923268e-02	-3.713916e+00
3.665000e-05	-1.278349e-01	-4.000598e+00
3.666000e-05	1.421838e-01	-4.210123e+00
3.667000e-05	-5.969980e-02	-4.361624e+00
3.668000e-05	-1.662124e-02	-4.633227e+00
3.669000e-05	1.110158e-01	-4.772101e+00
3.670000e-05	-1.298325e-01	-5.076406e+00
3.671000e-05	9.643607e-02	-5.327409e+00
3.672000e-05	-5.059356e-02	-5.538068e+00
3.673000e-05	-2.425558e-02	-5.771574e+00
3.674000e-05	7.235436e-02	-5.947992e+00
3.675000e-05	-8.037208e-02	-6.180521e+00
3.676000e-05	8.730045e-02	-6.379098e+00
3.677000e-05	-5.280222e-02	-6.591524e+00
3.678000e-05	3.473277e-02	-6.771521e+00
3.679000e-05	7.700799e-03	-7.018614e+00
3.680000e-05	-7.224815e-02	-7.223732e+00
3.681000e-05	8.871370e-02	-7.370592e+00
3.682000e-05	-6.573301e-02	-7.571590e+00
3.683000e-05	5.273313e-02	-7.800097e+00
3.684000e-05	-1.600318e-02	-8.012077e+00
3.685000e-05	-4.175168e-03	-8.160594e+00
3.686000e-05	1.607352e-02	-8.325910e+00
3.687000e-05	-4.601285e-02	-8.496285e+00
3.688000e-05	5.193722e-02	-8.633276e+00
3.689000e-05	-1.778264e-02	-8.832128e+00
3.690000e-05	2.293909e-02	-8.969517e+00
3.691000e-05	-3.000943e-02	-9.117912e+00
3.692000e-05	8.955289e-03	-9.315303e+00
3.693000e-05	1.470699e-02	-9.440547e+00
3.694000e-05	-1.532542e-02	-9.580570e+00
3.695000e-05	9.421784e-03	-9.715885e+00
3.696000e-05	-6.098296e-03	-9.844254e+00
3.697000e-05	2.031226e-02	-1.001901e+01
3.698000e-05	-1.924294e-02	-1.011896e+01
3.699000e-05	8.197512e-03	-1.028437e+01
3.700000e-05	-4.571370e-05	-1.036062e+01
3.701000e-05	6.980688e-03	-1.053744e+01
3.702000e-05	-1.037600e-02	-1.063170e+01
3.703000e-05	4.233561e-03	-1.074704e+01
3.704000e-05	9.187713e-03	-1.084370e+01
3.705000e-05	-2.331656e-03	-1.098906e+01
3.706000e-05	-2.173305e-03	-1.103280e+01
3.707000e-05	-1.261277e-03	-1.120059e+01
3.708000e-05	1.129576e-02	-1.128480e+01
3.709000e-05	-4.045816e-03	-1.136912e+01
3.710000e-05	6.322128e-03	-1.144627e+01
3.711000e-05	1.536456e-04	-1.156806e+01
3.712000e-05	5.125732e-03	-1.167480e+01
3.713000e-05	-1.987888e-03	-1.173803e+01
3.714000e-05	4.309667e-03	-1.181077e+01
3.715000e-05	4.116848e-03	-1.188438e+01
3.716000e-05	2.362331e-03	-1.195059e+01
3.717000e-05	2.316909e-03	-1.204915e+01
3.718000e-05	2.406884e-03	-1.207588e+01
3.719000e-05	5.137164e-03	-1.209586e+01
3.720000e-05	3.870698e-03	-1.214749e+01
3.721000e-05	5.092894e-03	-1.218944e+01
3.722000e-05	1.105990e-03	-1.220014e+01
3.723000e-05	3.234801e-03	-1.223122e+01
3.724000e-05	4.638547e-03	-1.228270e+01
3.725000e-05	5.585140e-03	-1.227368e+01
3.726000e-05	4.935511e-03	-1.229281e+01
3.727000e-05	5.896487e-03	-1.230631e+01
3.728000e-05	8.243643e-03	-1.230686e+01
3.729000e-05	8.876134e-03	-1.232591e+01
3.730000e-05	8.837254e-03	-1.232696e+01
3.731000e-05	1.198328e-02	-1.232543e+01
3.732000e-05	1.395953e-02	-1.230543e+01
3.733000e-05	1.758119e-02	-1.229486e+01
3.734000e-05	1.909504e-02	-1.227485e+01
3.735000e-05	2.549370e-02	-1.225283e+01
3.736000e-05	3.182756e-02	-1.225065e+01
3.737000e-05	4.138725e-02	-1.220215e+01
3.738000e-05	5.355521e-02	-1.216054e+01
3.739000e-05	6.101749e-02	-1.212586e+01
3.740000e-05	5.921799e-02	-1.211483e+01
3.741000e-05	4.200485e-02	-1.207373e+01
3.742000e-05	3.098659e-02	-1.198167e+01
3.743000e-05	1.837607e-02	-1.195641e+01
3.744000e-05	1.640184e-02	-1.184223e+01
3.745000e-05	1.229852e-02	-1.178954e+01
3.746000e-05	8.940932e-03	-1.176343e+01
3.747000e-05	7.321869e-03	-1.161114e+01
3.748000e-05	6.795413e-03	-1.153690e+01
3.749000e-05	7.305441e-03	-1.146019e+01
3.750000e-05	2.215480e-03	-1.130648e+01
3.751000e-05	3.981985e-03	-1.121254e+01
3.752000e-05	4.099535e-03	-1.114643e+01
3.753000e-05	2.766980e-03	-1.094862e+01
3.754000e-05	2.942203e-03	-1.089536e+01
3.755000e-05	1.821115e-03	-1.081060e+01
3.756000e-05	3.206791e-03	-1.073736e+01
3.757000e-05	5.895602e-04	-1.059107e+01
3.758000e-05	-5.523551e-04	-1.050591e+01
3.759000e-05	-1.766741e-04	-1.040894e+01
3.760000e-05	1.850856e-03	-1.025320e+01
3.761000e-05	2.071445e-03	-1.011638e+01
3.762000e-05	2.571877e-04	-9.979543e+00
3.763000e-05	-1.457663e-03	-9.863229e+00
3.764000e-05	-7.746543e-04	-9.737411e+00
3.765000e-05	-2.044826e-04	-9.631598e+00
3.766000e-05	-3.054639e-04	-9.431650e+00
3.767000e-05	4.434626e-04	-9.314757e+00
3.768000e-05	-6.641113e-05	-9.158939e+00
3.769000e-05	-7.067252e-04	-8.950615e+00
3.770000e-05	-1.788710e-03	-8.863166e+00
3.771000e-05	-1.998284e-03	-8.661751e+00
3.772000e-05	-1.769251e-03	-8.485833e+00
3.773000e-05	-1.636904e-03	-8.356413e+00
3.774000e-05	-1.626636e-03	-8.168517e+00
3.775000e-05	-1.725394e-03	-7.987040e+00
3.776000e-05	-1.612523e-03	-7.778891e+00
3.777000e-05	-1.852229e-03	-7.558545e+00
3.778000e-05	-2.816867e-03	-7.399494e+00
3.779000e-05	-3.149825e-03	-7.231550e+00
3.780000e-05	-3.189650e-03	-7.039548e+00
3.781000e-05	-3.664972e-03	-6.800046e+00
3.782000e-05	-3.132367e-03	-6.609543e+00
3.783000e-05	-2.994554e-03	-6.421704e+00
3.784000e-05	-2.678815e-03	-6.240100e+00
3.785000e-05	-3.114796e-03	-6.042569e+00
3.786000e-05	-3.223415e-03	-5.802050e+00
3.787000e-05	-4.031265e-03	-5.611178e+00
3.788000e-05	-3.844964e-03	-5.422023e+00
3.789000e-05	-4.446155e-03	-5.157996e+00
3.790000e-05	-2.757127e-03	-4.975436e+00
3.791000e-05	-3.725251e-03	-4.713705e+00
3.792000e-05	-4.053593e-03	-4.505632e+00
3.793000e-05	-3.627753e-03	-4.327311e+00
3.794000e-05	-2.452404e-03	-4.144865e+00
3.795000e-05	-2.339735e-03	-3.977287e+00
3.796000e-05	-3.260261e-03	-3.702208e+00
3.797000e-05	-4.632106e-03	-3.463183e+00
3.798000e-05	-4.771680e-03	-3.252153e+00
3.799000e-05	-4.851021e-03	-3.042096e+00
3.800000e-05	-3.540470e-03	-2.818495e+00
3.801000e-05	-4.223463e-03	-2.578895e+00
3.802000e-05	-3.993249e-03	-2.407897e+00
3.803000e-05	-5.046446e-03	-2.123761e+00
3.804000e-05	-4.109804e-03	-1.893684e+00
3.805000e-05	-4.783843e-03	-1.692679e+00
3.806000e-05	-4.419438e-03	-1.431556e+00
3.807000e-05	-5.389134e-03	-1.186918e+00
3.808000e-05	-5.601304e-03	-9.158658e-01
3.809000e-05	-5.912429e-03	-7.257669e-01
3.810000e-05	-4.262103e-03	-4.820579e-01
3.811000e-05	-4.371633e-03	-2.515790e-01
3.812000e-05	-3.163110e-03	-5.153027e-02
3.813000e-05	2.109015e-03	1.520525e-01
3.814000e-05	2.730146e-04	4.422291e-01
3.815000e-05	-2.804740e-03	6.516551e-01
3.816000e-05	-7.508564e-04	8.001041e-01
3.817000e-05	-4.913260e-03	1.032758e+00
3.818000e-05	-3.189063e-03	1.296386e+00
3.819000e-05	-4.934441e-04	1.516318e+00
3.820000e-05	1.905244e-02	1.748394e+00
3.821000e-05	6.135397e-02	1.949420e+00
3.822000e-05	1.708278e-02	2.221530e+00
3.823000e-05	-6.812621e-02	2.462164e+00
3.824000e-05	-2.322957e-02	2.747366e+00
3.825000e-05	-4.037232e-02	2.907338e+00
3.826000e-05	-5.671024e-02	3.094237e+00
3.827000e-05	7.042957e-02	3.221576e+00
3.828000e-05	6.099775e-02	3.465314e+00
3.829000e-05	-1.262035e-01	3.673655e+00
3.830000e-05	1.357485e-01	3.833655e+00
3.831000e-05	-7.042154e-02	4.075859e+00
3.832000e-05	-2.473603e-02	4.336892e+00
3.833000e-05	6.511002e-02	4.536868e+00
3.834000e-05	-6.116204e-02	4.777892e+00
3.835000e-05	1.955154e-02	5.011170e+00
3.836000e-05	8.825234e-03	5.277235e+00
3.837000e-05	-2.453536e-02	5.493233e+00
3.838000e-05	1.715954e-02	5.704811e+00
3.839000e-05	-2.678336e-02	5.948420e+00
3.840000e-05	2.380018e-03	6.126888e+00
3.841000e-05	-1.156505e-02	6.325438e+00
3.842000e-05	1.821328e-02	6.505362e+00
3.843000e-05	6.382623e-03	6.719465e+00
3.844000e-05	-2.271378e-02	6.966442e+00
3.845000e-05	1.982799e-02	7.127969e+00
3.846000e-05	-4.156960e-02	7.306306e+00
3.847000e-05	1.238785e-02	7.477338e+00
3.848000e-05	5.665108e-03	7.757412e+00
3.849000e-05	-8.280187e-03	7.967887e+00
3.850000e-05	6.363201e-03	8.139919e+00
3.851000e-05	-2.180126e-02	8.315410e+00
3.852000e-05	2.892711e-03	8.463181e+00
3.853000e-05	-1.036391e-02	8.590122e+00
3.854000e-05	4.890920e-03	8.755889e+00
3.855000e-05	-8.361995e-03	8.906337e+00
3.856000e-05	-9.859767e-04	9.062306e+00
3.857000e-05	8.024694e-04	9.252603e+00
3.858000e-05	-1.372551e-02	9.391544e+00
3.859000e-05	-7.476227e-05	9.516407e+00
3.860000e-05	-5.131677e-03	9.651777e+00
3.861000e-05	9.916518e-05	9.790664e+00
3.862000e-05	-9.443847e-03	9.938040e+00
3.863000e-05	-2.661866e-05	1.011681e+01
3.864000e-05	-5.012695e-03	1.022062e+01
3.865000e-05	-8.662881e-03	1.035654e+01
3.866000e-05	-8.521974e-03	1.050430e+01
3.867000e-05	-2.167604e-03	1.060211e+01
3.868000e-05	-1.680203e-03	1.070644e+01
3.869000e-05	-9.583127e-03	1.083478e+01
3.870000e-05	-5.709606e-03	1.095849e+01
3.871000e-05	-6.245535e-03	1.105420e+01
3.872000e-05	-5.924522e-03	1.113841e+01
3.873000e-05	-8.032501e-03	1.125578e+01
3.874000e-05	-5.067830e-03	1.135056e+01
3.875000e-05	-5.690940e-03	1.147332e+01
3.876000e-05	-7.689032e-03	1.158756e+01
3.877000e-05	-5.821131e-03	1.166485e+01
3.878000e-05	-6.705444e-03	1.175836e+01
3.879000e-05	-8.318629e-03	1.176957e+01
3.880000e-05	-8.311801e-03	1.185473e+01
3.881000e-05	-5.109064e-03	1.192733e+01
3.882000e-05	-6.613227e-03	1.198909e+01
3.883000e-05	-7.949884e-03	1.203227e+01
3.884000e-05	-1.023160e-02	1.208383e+01
3.885000e-05	-8.701614e-03	1.216744e+01
3.886000e-05	-9.556431e-03	1.217748e+01
3.887000e-05	-9.503979e-03	1.223157e+01
3.888000e-05	-7.945935e-03	1.224320e+01
3.889000e-05	-1.118874e-02	1.224325e+01
3.890000e-05	-1.144077e-02	1.227383e+01
3.891000e-05	-1.073905e-02	1.231485e+01
3.892000e-05	-1.155532e-02	1.228543e+01
3.893000e-05	-1.298534e-02	1.235551e+01
3.894000e-05	-1.359677e-02	1.234696e+01
3.895000e-05	-1.407454e-02	1.236696e+01
3.896000e-05	-1.596599e-02	1.235849e+01
3.897000e-05	-1.850734e-02	1.238741e+01
3.898000e-05	-2.115595e-02	1.234449e+01
3.899000e-05	-2.432957e-02	1.238591e+01
3.900000e-05	-2.907582e-02	1.234543e+01
3.901000e-05	-3.436362e-02	1.229533e+01
3.902000e-05	-4.333846e-02	1.228427e+01
3.903000e-05	-5.453301e-02	1.225172e+01
3.904000e-05	-6.535898e-02	1.221054e+01
3.905000e-05	-6.585724e-02	1.211691e+01
3.906000e-05	-5.533700e-02	1.211483e+01
3.907000e-05	-4.093209e-02	1.206480e+01
3.908000e-05	-2.921323e-02	1.198004e+01
3.909000e-05	-2.255417e-02	1.194641e+01
3.910000e-05	-1.916165e-02	1.187227e+01
3.911000e-05	-1.805510e-02	1.180909e+01
3.912000e-05	-1.546216e-02	1.170641e+01
3.913000e-05	-1.441484e-02	1.169217e+01
3.914000e-05	-1.291584e-02	1.156646e+01
3.915000e-05	-1.128805e-02	1.143120e+01
3.916000e-05	-1.153171e-02	1.135593e+01
3.917000e-05	-1.056843e-02	1.121170e+01
3.918000e-05	-1.089417e-02	1.117684e+01
3.919000e-05	-8.415444e-03	1.104115e+01
3.920000e-05	-9.670991e-03	1.091689e+01
3.921000e-05	-8.572759e-03	1.087265e+01
3.922000e-05	-9.601210e-03	1.072694e+01
3.923000e-05	-7.250105e-03	1.061104e+01
3.924000e-05	-8.045735e-03	1.047275e+01
3.925000e-05	-6.668780e-03	1.041639e+01
3.926000e-05	-8.325761e-03	1.027362e+01
3.927000e-05	-7.756914e-03	1.010686e+01
3.928000e-05	-6.947855e-03	1.002949e+01
3.929000e-05	-5.922271e-03	9.833198e+00
3.930000e-05	-7.861123e-03	9.703775e+00
3.931000e-05	-7.754746e-03	9.546414e+00
3.932000e-05	-7.299579e-03	9.430544e+00
3.933000e-05	-6.475378e-03	9.304233e+00
3.934000e-05	-6.190915e-03	9.126338e+00
3.935000e-05	-5.592268e-03	8.928037e+00
3.936000e-05	-5.690550e-03	8.797991e+00
3.937000e-05	-6.216831e-03	8.630018e+00
3.938000e-05	-6.284951e-03	8.482652e+00
3.939000e-05	-6.475477e-03	8.324284e+00
3.940000e-05	-5.972736e-03	8.145359e+00
3.941000e-05	-5.694738e-03	7.955835e+00
3.942000e-05	-5.757722e-03	7.738940e+00
3.943000e-05	-5.183750e-03	7.588466e+00
3.944000e-05	-5.668900e-03	7.335363e+00
3.945000e-05	-5.368876e-03	7.177364e+00
3.946000e-05	-5.529145e-03	6.968366e+00
3.947000e-05	-6.114972e-03	6.789041e+00
3.948000e-05	-5.974194e-03	6.557993e+00
3.949000e-05	-5.547899e-03	6.386466e+00
3.950000e-05	-5.272633e-03	6.177494e+00
3.951000e-05	-5.856873e-03	6.010097e+00
3.952000e-05	-4.882271e-03	5.849471e+00
3.953000e-05	-5.317867e-03	5.609941e+00
3.954000e-05	-5.167897e-03	5.379899e+00
3.955000e-05	-5.252854e-03	5.190363e+00
3.956000e-05	-5.246944e-03	4.883150e+00
3.957000e-05	-5.056469e-03	4.662207e+00
3.958000e-05	-5.178656e-03	4.474709e+00
3.959000e-05	-5.189890e-03	4.303235e+00
3.960000e-05	-5.436340e-03	4.038551e+00
3.961000e-05	-4.459925e-03	3.831574e+00
3.962000e-05	-4.769895e-03	3.671579e+00
3.963000e-05	-5.029382e-03	3.400945e+00
3.964000e-05	-4.907891e-03	3.157390e+00
3.965000e-05	-4.932367e-03	2.986869e+00
3.966000e-05	-4.291642e-03	2.778867e+00
3.967000e-05	-4.567779e-03	2.460782e+00
3.968000e-05	-4.932088e-03	2.283525e+00
3.969000e-05	-4.431872e-03	2.071608e+00
3.970000e-05	-4.231302e-03	1.860104e+00
3.971000e-05	-4.066493e-03	1.568395e+00
3.972000e-05	-4.667552e-03	1.357343e+00
3.973000e-05	-4.216399e-03	1.075187e+00
3.974000e-05	-4.016060e-03	8.399763e-01
3.975000e-05	-3.825974e-03	6.309738e-01
3.976000e-05	-4.029223e-03	3.989487e-01
3.977000e-05	-2.763687e-03	1.873934e-01
3.978000e-05	-9.944551e-04	-7.415789e-02
3.979000e-05	6.034297e-03	-2.642856e-01
3.980000e-05	-1.497759e-03	-4.527592e-01
3.981000e-05	1.925887e-03	-7.203673e-01
3.982000e-05	-2.031945e-03	-9.368395e-01
3.983000e-05	1.173148e-03	-1.116866e+00
3.984000e-05	-1.414562e-03	-1.307970e+00
3.985000e-05	1.963116e-02	-1.570997e+00
3.986000e-05	7.604233e-02	-1.770544e+00
3.987000e-05	5.817942e-03	-2.083204e+00
3.988000e-05	-6.411686e-02	-2.381548e+00
3.989000e-05	-1.558503e-02	-2.594781e+00
3.990000e-05	-6.973571e-02	-2.800475e+00
3.991000e-05	-1.416887e-02	-2.907887e+00
3.992000e-05	1.471354e-01	-3.075759e+00
3.993000e-05	-1.108516e-01	-3.329022e+00
3.994000e-05	5.556377e-02	-3.549441e+00
3.995000e-05	5.394777e-02	-3.696887e+00
3.996000e-05	-1.376727e-01	-3.972099e+00
3.997000e-05	1.372467e-01	-4.179599e+00
3.998000e-05	-5.070825e-02	-4.381575e+00
3.999000e-05	-2.936926e-02	-4.664752e+00
4.000000e-05	1.162187e-01	-4.791502e+00
4.001000e-05	-1.261104e-01	-5.065706e+00
4.002000e-05	8.821201e-02	-5.336856e+00
4.003000e-05	-3.784689e-02	-5.559509e+00
4.004000e-05	-3.436938e-02	-5.759620e+00
4.005000e-05	8.074025e-02	-5.947489e+00
4.006000e-05	-8.208825e-02	-6.169065e+00
4.007000e-05	8.225210e-02	-6.370045e+00
4.008000e-05	-4.623159e-02	-6.592574e+00
4.009000e-05	2.458075e-02	-6.800046e+00
4.010000e-05	1.823001e-02	-6.998991e+00
4.011000e-05	-7.910379e-02	-7.183178e+00
4.012000e-05	9.067116e-02	-7.379566e+00
4.013000e-05	-6.214833e-02	-7.591118e+00
4.014000e-05	4.732255e-02	-7.801120e+00
4.015000e-05	-9.179291e-03	-7.971644e+00
4.016000e-05	-1.042876e-02	-8.180118e+00
4.017000e-05	2.015704e-02	-8.336360e+00
4.018000e-05	-4.955229e-02	-8.464374e+00
4.019000e-05	5.243215e-02	-8.642774e+00
4.020000e-05	-1.757948e-02	-8.823177e+00
4.021000e-05	2.188838e-02	-8.991020e+00
4.022000e-05	-2.914552e-02	-9.105811e+00
4.023000e-05	4.807052e-03	-9.265327e+00
4.024000e-05	1.844966e-02	-9.422647e+00
4.025000e-05	-1.608026e-02	-9.591622e+00
4.026000e-05	1.084059e-02	-9.696930e+00
4.027000e-05	-7.496203e-03	-9.833752e+00
4.028000e-05	2.140467e-02	-9.938521e+00
4.029000e-05	-2.131929e-02	-1.012539e+01
4.030000e-05	5.746028e-03	-1.025432e+01
4.031000e-05	2.088978e-03	-1.041112e+01
4.032000e-05	7.979311e-03	-1.052691e+01
4.033000e-05	-7.925926e-03	-1.062270e+01
4.034000e-05	3.207581e-03	-1.077889e+01
4.035000e-05	1.135924e-02	-1.082423e+01
4.036000e-05	-3.760731e-03	-1.099957e+01
4.037000e-05	-1.521276e-03	-1.102327e+01
4.038000e-05	-1.448256e-03	-1.119069e+01
4.039000e-05	1.272269e-02	-1.129588e+01
4.040000e-05	-3.850925e-03	-1.136907e+01
4.041000e-05	5.536375e-03	-1.152232e+01
4.042000e-05	-3.385078e-04	-1.153799e+01
4.043000e-05	3.682358e-03	-1.165477e+01
4.044000e-05	-2.084595e-03	-1.173898e+01
4.045000e-05	3.980069e-03	-1.183172e+01
4.046000e-05	4.959045e-03	-1.187390e+01
4.047000e-05	3.142341e-03	-1.194849e+01
4.048000e-05	1.883425e-03	-1.199062e+01
4.049000e-05	1.983870e-03	-1.205325e+01
4.050000e-05	3.646118e-03	-1.210491e+01
4.051000e-05	2.142847e-03	-1.212694e+01
4.052000e-05	5.036369e-03	-1.217909e+01
4.053000e-05	2.305245e-03	-1.220156e+01
4.054000e-05	3.337111e-03	-1.221364e+01
4.055000e-05	4.911258e-03	-1.229423e+01
4.056000e-05	4.962451e-03	-1.226522e+01
4.057000e-05	3.894974e-03	-1.230430e+01
4.058000e-05	4.889469e-03	-1.228528e+01
4.059000e-05	8.730342e-03	-1.229583e+01
4.060000e-05	9.776349e-03	-1.231591e+01
4.061000e-05	9.148118e-03	-1.232636e+01
4.062000e-05	1.046212e-02	-1.230788e+01
4.063000e-05	1.325644e-02	-1.231581e+01
4.064000e-05	1.671505e-02	-1.229483e+01
4.065000e-05	1.980173e-02	-1.229536e+01
4.066000e-05	2.400971e-02	-1.230228e+01
4.067000e-05	3.216933e-02	-1.225215e+01
4.068000e-05	4.077428e-02	-1.224207e+01
4.069000e-05	5.290356e-02	-1.218159e+01
4.070000e-05	6.071690e-02	-1.215796e+01
4.071000e-05	5.831970e-02	-1.210586e+01
4.072000e-05	4.354510e-02	-1.209275e+01
4.073000e-05	3.026334e-02	-1.202014e+01
4.074000e-05	2.012923e-02	-1.192746e+01
4.075000e-05	1.563375e-02	-1.189427e+01
4.076000e-05	1.129879e-02	-1.180959e+01
4.077000e-05	9.341822e-03	-1.169530e+01
4.078000e-05	7.401165e-03	-1.163125e+01
4.079000e-05	6.865509e-03	-1.154641e+01
4.080000e-05	5.979313e-03	-1.147259e+01
4.081000e-05	4.635341e-03	-1.130541e+01
4.082000e-05	3.401524e-03	-1.122055e+01
4.083000e-05	2.880813e-03	-1.109581e+01
4.084000e-05	2.222334e-03	-1.102060e+01
4.085000e-05	3.124883e-03	-1.091488e+01
4.086000e-05	1.711790e-03	-1.083212e+01
4.087000e-05	2.225814e-03	-1.073639e+01
4.088000e-05	1.459726e-03	-1.061159e+01
4.089000e-05	6.781736e-04	-1.051586e+01
4.090000e-05	1.125704e-04	-1.042007e+01
4.091000e-05	1.051681e-03	-1.027122e+01
4.092000e-05	1.146683e-03	-1.014584e+01
4.093000e-05	-2.821053e-04	-9.990491e+00
4.094000e-05	-1.093203e-03	-9.893254e+00
4.095000e-05	-5.046727e-04	-9.756386e+00
4.096000e-05	-3.880965e-05	-9.631074e+00
4.097000e-05	3.233808e-05	-9.452279e+00
4.098000e-05	-3.436590e-04	-9.315832e+00
4.099000e-05	-1.457590e-03	-9.178437e+00
4.100000e-05	-9.502491e-04	-9.029022e+00
4.101000e-05	-1.450934e-03	-8.852575e+00
4.102000e-05	-1.577888e-03	-8.684780e+00
4.103000e-05	3.819086e-05	-8.485784e+00
4.104000e-05	-2.589297e-04	-8.345410e+00
4.105000e-05	-2.821739e-03	-8.198444e+00
4.106000e-05	-3.165631e-03	-8.000094e+00
4.107000e-05	-2.720260e-03	-7.850191e+00
4.108000e-05	-2.116086e-03	-7.608542e+00
4.109000e-05	-2.496265e-03	-7.429543e+00
4.110000e-05	-2.262376e-03	-7.242124e+00
4.111000e-05	-2.626118e-03	-7.010045e+00
4.112000e-05	-3.274843e-03	-6.810045e+00
4.113000e-05	-2.782794e-03	-6.631075e+00
4.114000e-05	-3.239257e-03	-6.452154e+00
4.115000e-05	-2.276955e-03	-6.221673e+00
4.116000e-05	-3.694971e-03	-6.031575e+00
4.117000e-05	-3.330516e-03	-5.830625e+00
4.118000e-05	-4.615405e-03	-5.642674e+00
4.119000e-05	-1.892157e-03	-5.455077e+00
4.120000e-05	-4.087018e-03	-5.189995e+00
4.121000e-05	-2.079418e-03	-4.987940e+00
4.122000e-05	-3.884818e-03	-4.725280e+00
4.123000e-05	-2.838157e-03	-4.514337e+00
4.124000e-05	-3.724862e-03	-4.315786e+00
4.125000e-05	-2.275190e-03	-4.134887e+00
4.126000e-05	-3.825151e-03	-3.946415e+00
4.127000e-05	-3.882303e-03	-3.723232e+00
4.128000e-05	-4.992144e-03	-3.474735e+00
4.129000e-05	-4.570553e-03	-3.282581e+00
4.130000e-05	-4.546821e-03	-3.031075e+00
4.131000e-05	-3.306160e-03	-2.790396e+00
4.132000e-05	-4.405366e-03	-2.587994e+00
4.133000e-05	-3.668062e-03	-2.397774e+00
4.134000e-05	-5.122267e-03	-2.134836e+00
4.135000e-05	-3.705490e-03	-1.884784e+00
4.136000e-05	-4.536116e-03	-1.711208e+00
4.137000e-05	-5.147421e-03	-1.433079e+00
4.138000e-05	-5.676658e-03	-1.137818e+00
4.139000e-05	-5.474960e-03	-9.662947e-01
4.140000e-05	-5.113584e-03	-7.163395e-01
4.141000e-05	-4.652806e-03	-4.615817e-01
4.142000e-05	-4.589491e-03	-2.306304e-01
4.143000e-05	-3.826947e-03	-4.008020e-02
4.144000e-05	2.809595e-03	1.620051e-01
4.145000e-05	2.393220e-04	4.206014e-01
4.146000e-05	-3.186533e-03	6.105776e-01
4.147000e-05	-2.499300e-05	7.599749e-01
4.148000e-05	-4.262556e-03	1.051659e+00
4.149000e-05	-2.722934e-03	1.265759e+00
4.150000e-05	-8.714333e-04	1.514239e+00
4.151000e-05	1.695031e-02	1.738418e+00
4.152000e-05	6.005381e-02	1.977896e+00
4.153000e-05	2.206281e-02	2.201049e+00
4.154000e-05	-6.855406e-02	2.433227e+00
4.155000e-05	-2.406638e-02	2.745891e+00
4.156000e-05	-3.950240e-02	2.897338e+00
4.157000e-05	-5.582829e-02	3.073157e+00
4.158000e-05	6.190748e-02	3.221578e+00
4.159000e-05	7.242654e-02	3.486713e+00
4.160000e-05	-1.304965e-01	3.642179e+00
4.161000e-05	1.304802e-01	3.823128e+00
4.162000e-05	-5.850055e-02	4.084805e+00
4.163000e-05	-3.468337e-02	4.295866e+00
4.164000e-05	6.867118e-02	4.526866e+00
4.165000e-05	-5.710566e-02	4.739341e+00
4.166000e-05	1.665272e-02	5.029945e+00
4.167000e-05	1.300705e-02	5.234307e+00
4.168000e-05	-2.791758e-02	5.486254e+00
4.169000e-05	1.757734e-02	5.654257e+00
4.170000e-05	-2.586849e-02	5.978415e+00
4.171000e-05	2.848299e-04	6.135338e+00
4.172000e-05	-9.798737e-03	6.325836e+00
4.173000e-05	1.533234e-02	6.515283e+00
4.174000e-05	9.575311e-03	6.737962e+00
4.175000e-05	-2.580618e-02	6.977836e+00
4.176000e-05	2.182331e-02	7.136886e+00
4.177000e-05	-3.895368e-02	7.294338e+00
4.178000e-05	8.583472e-03	7.507334e+00
4.179000e-05	6.024962e-03	7.709412e+00
4.180000e-05	-8.949259e-03	7.915861e+00
4.181000e-05	8.946276e-03	8.095938e+00
4.182000e-05	-2.079343e-02	8.296839e+00
4.183000e-05	1.719341e-03	8.433702e+00
4.184000e-05	-1.110568e-02	8.622068e+00
4.185000e-05	4.624653e-03	8.747940e+00
4.186000e-05	-7.467616e-03	8.875306e+00
4.187000e-05	-1.322250e-03	9.074349e+00
4.188000e-05	1.981887e-03	9.203151e+00
4.189000e-05	-1.413609e-02	9.349017e+00
4.190000e-05	-1.033114e-03	9.476882e+00
4.191000e-05	-4.858952e-03	9.663176e+00
4.192000e-05	8.172139e-05	9.810645e+00
4.193000e-05	-1.002669e-02	9.929515e+00
4.194000e-05	-1.612461e-03	1.011576e+01
4.195000e-05	-4.365119e-03	1.019962e+01
4.196000e-05	-8.109559e-03	1.033838e+01
4.197000e-05	-8.654317e-03	1.047318e+01
4.198000e-05	-2.531933e-03	1.057006e+01
4.199000e-05	-1.212634e-03	1.070588e+01
4.200000e-05	-9.346831e-03	1.087328e+01
4.201000e-05	-6.104261e-03	1.094796e+01
4.202000e-05	-4.822755e-03	1.106368e+01
4.203000e-05	-5.348348e-03	1.114746e+01
4.204000e-05	-8.734314e-03	1.123210e+01
4.205000e-05	-5.455535e-03	1.135748e+01
4.206000e-05	-6.229299e-03	1.151314e+01
4.207000e-05	-6.943375e-03	1.153808e+01
4.208000e-05	-5.608161e-03	1.168421e+01
4.209000e-05	-6.093131e-03	1.173641e+01
4.210000e-05	-8.364458e-03	1.182259e+01
4.211000e-05	-9.349066e-03	1.189383e+01
4.212000e-05	-6.355406e-03	1.193586e+01
4.213000e-05	-6.308491e-03	1.197744e+01
4.214000e-05	-8.954275e-03	1.200115e+01
4.215000e-05	-9.772221e-03	1.205538e+01
4.216000e-05	-8.675533e-03	1.214691e+01
4.217000e-05	-8.886115e-03	1.218852e+01
4.218000e-05	-6.824448e-03	1.222207e+01
4.219000e-05	-7.320757e-03	1.225217e+01
4.220000e-05	-1.094290e-02	1.225325e+01
4.221000e-05	-1.218265e-02	1.231480e+01
4.222000e-05	-1.339182e-02	1.232683e+01
4.223000e-05	-1.231793e-02	1.231686e+01
4.224000e-05	-1.392702e-02	1.238646e+01
4.225000e-05	-1.279562e-02	1.235746e+01
4.226000e-05	-1.306275e-02	1.234749e+01
4.227000e-05	-1.524714e-02	1.241852e+01
4.228000e-05	-1.866204e-02	1.237849e+01
4.229000e-05	-2.048336e-02	1.233543e+01
4.230000e-05	-2.443822e-02	1.238691e+01
4.231000e-05	-2.905388e-02	1.230688e+01
4.232000e-05	-3.584302e-02	1.228428e+01
4.233000e-05	-4.384729e-02	1.228178e+01
4.234000e-05	-5.358365e-02	1.220317e+01
4.235000e-05	-6.375453e-02	1.217957e+01
4.236000e-05	-6.590612e-02	1.215744e+01
4.237000e-05	-5.543826e-02	1.210523e+01
4.238000e-05	-4.062509e-02	1.204222e+01
4.239000e-05	-2.887986e-02	1.200101e+01
4.240000e-05	-2.366201e-02	1.194438e+01
4.241000e-05	-1.961355e-02	1.189318e+01
4.242000e-05	-1.845104e-02	1.183012e+01
4.243000e-05	-1.605910e-02	1.174733e+01
4.244000e-05	-1.431933e-02	1.166170e+01
4.245000e-05	-1.235454e-02	1.156796e+01
4.246000e-05	-1.036619e-02	1.141162e+01
4.247000e-05	-1.047282e-02	1.135778e+01
4.248000e-05	-9.906127e-03	1.122069e+01
4.249000e-05	-1.136241e-02	1.115741e+01
4.250000e-05	-1.002608e-02	1.107062e+01
4.251000e-05	-1.066275e-02	1.094842e+01
4.252000e-05	-8.793829e-03	1.088320e+01
4.253000e-05	-9.780196e-03	1.075694e+01
4.254000e-05	-6.654756e-03	1.061109e+01
4.255000e-05	-8.453556e-03	1.048480e+01
4.256000e-05	-6.678999e-03	1.033647e+01
4.257000e-05	-8.765438e-03	1.022110e+01
4.258000e-05	-7.110603e-03	1.010681e+01
4.259000e-05	-7.327903e-03	9.992497e+00
4.260000e-05	-6.655105e-03	9.853148e+00
4.261000e-05	-8.084718e-03	9.695758e+00
4.262000e-05	-7.013788e-03	9.536387e+00
4.263000e-05	-6.815021e-03	9.461068e+00
4.264000e-05	-5.893766e-03	9.282705e+00
4.265000e-05	-6.404627e-03	9.135909e+00
4.266000e-05	-5.612031e-03	8.927439e+00
4.267000e-05	-5.793198e-03	8.798541e+00
4.268000e-05	-6.200964e-03	8.641598e+00
4.269000e-05	-6.284989e-03	8.463706e+00
4.270000e-05	-7.086949e-03	8.302832e+00
4.271000e-05	-6.793666e-03	8.135332e+00
4.272000e-05	-6.065514e-03	7.935286e+00
4.273000e-05	-5.194193e-03	7.748414e+00
4.274000e-05	-5.010135e-03	7.587468e+00
4.275000e-05	-5.688427e-03	7.367815e+00
4.276000e-05	-5.353744e-03	7.176489e+00
4.277000e-05	-5.258619e-03	6.987366e+00
4.278000e-05	-6.063139e-03	6.838467e+00
4.279000e-05	-6.174401e-03	6.587943e+00
4.280000e-05	-5.379970e-03	6.358020e+00
4.281000e-05	-4.778432e-03	6.208025e+00
4.282000e-05	-6.295159e-03	6.001525e+00
4.283000e-05	-5.548623e-03	5.778545e+00
4.284000e-05	-5.341406e-03	5.608520e+00
4.285000e-05	-6.937179e-03	5.398099e+00
4.286000e-05	-3.760839e-03	5.197966e+00
4.287000e-05	-6.754258e-03	4.932756e+00
4.288000e-05	-2.749378e-03	4.682632e+00
4.289000e-05	-5.079355e-03	4.493629e+00
4.290000e-05	-4.563184e-03	4.313155e+00
4.291000e-05	-4.532555e-03	4.009678e+00
4.292000e-05	-6.037586e-03	3.872101e+00
4.293000e-05	-5.568624e-03	3.659573e+00
4.294000e-05	-6.835831e-03	3.408466e+00
4.295000e-05	-4.617032e-03	3.167316e+00
4.296000e-05	-3.652614e-03	2.957388e+00
4.297000e-05	-4.392649e-03	2.777867e+00
4.298000e-05	-3.377573e-03	2.483837e+00
4.299000e-05	-3.950302e-03	2.283630e+00
4.300000e-05	-2.873512e-03	2.032154e+00
4.301000e-05	-4.891563e-03	1.852078e+00
4.302000e-05	-5.927355e-03	1.610401e+00
4.303000e-05	-5.241830e-03	1.417395e+00
4.304000e-05	-5.026765e-03	1.124716e+00
4.305000e-05	-4.221146e-03	8.400474e-01
4.306000e-05	-3.715262e-03	6.399476e-01
4.307000e-05	-2.496555e-03	4.200001e-01
4.308000e-05	-1.857929e-03	1.673171e-01
4.309000e-05	-6.127075e-04	-7.320946e-02
4.310000e-05	6.430746e-03	-2.642369e-01
4.311000e-05	-8.374327e-04	-4.427082e-01
4.312000e-05	1.120423e-03	-6.998396e-01
4.313000e-05	-2.442782e-03	-8.957907e-01
4.314000e-05	-2.252805e-05	-1.085814e+00
4.315000e-05	-3.435375e-04	-1.337965e+00
4.316000e-05	1.853088e-02	-1.580547e+00
4.317000e-05	7.574798e-02	-1.777519e+00
4.318000e-05	1.309389e-02	-2.001656e+00
4.319000e-05	-6.703721e-02	-2.359571e+00
4.320000e-05	-1.480496e-02	-2.644154e+00
4.321000e-05	-6.910148e-02	-2.790024e+00
4.322000e-05	-2.075292e-02	-2.936382e+00
4.323000e-05	1.452479e-01	-3.066237e+00
4.324000e-05	-1.009160e-01	-3.329519e+00
4.325000e-05	4.520921e-02	-3.538445e+00
4.326000e-05	6.653670e-02	-3.676865e+00
4.327000e-05	-1.472927e-01	-4.012550e+00
4.328000e-05	1.347521e-01	-4.190521e+00
4.329000e-05	-3.781485e-02	-4.360495e+00
4.330000e-05	-4.091341e-02	-4.614227e+00
4.331000e-05	1.188057e-01	-4.821599e+00
4.332000e-05	-1.222995e-01	-5.065236e+00
4.333000e-05	7.850884e-02	-5.305885e+00
4.334000e-05	-2.702079e-02	-5.531021e+00
4.335000e-05	-4.568985e-02	-5.770044e+00
4.336000e-05	8.590277e-02	-5.957913e+00
4.337000e-05	-8.224485e-02	-6.198071e+00
4.338000e-05	7.677032e-02	-6.392070e+00
4.339000e-05	-3.894913e-02	-6.600573e+00
4.340000e-05	1.530997e-02	-6.781494e+00
4.341000e-05	2.761024e-02	-6.957641e+00
4.342000e-05	-8.558812e-02	-7.222203e+00
4.343000e-05	8.988254e-02	-7.348941e+00
4.344000e-05	-5.834871e-02	-7.519466e+00
4.345000e-05	4.136321e-02	-7.800564e+00
4.346000e-05	-2.284921e-03	-7.980099e+00
4.347000e-05	-1.541330e-02	-8.150495e+00
4.348000e-05	2.583021e-02	-8.315308e+00
4.349000e-05	-5.208997e-02	-8.474305e+00
4.350000e-05	5.053969e-02	-8.653752e+00
4.351000e-05	-1.609051e-02	-8.840704e+00
4.352000e-05	2.021204e-02	-8.980514e+00
4.353000e-05	-2.568161e-02	-9.125338e+00
4.354000e-05	1.022412e-03	-9.243779e+00
4.355000e-05	2.227588e-02	-9.402198e+00
4.356000e-05	-1.698256e-02	-9.540564e+00
4.357000e-05	1.255488e-02	-9.696810e+00
4.358000e-05	-8.658985e-03	-9.843677e+00
4.359000e-05	2.075355e-02	-9.990492e+00
4.360000e-05	-2.045020e-02	-1.013736e+01
4.361000e-05	5.118683e-03	-1.024378e+01
4.362000e-05	3.884360e-03	-1.040160e+01
4.363000e-05	6.917762e-03	-1.054744e+01
4.364000e-05	-6.874463e-03	-1.062215e+01
4.365000e-05	1.519150e-03	-1.075736e+01
4.366000e-05	1.272023e-02	-1.085230e+01
4.367000e-05	-4.057817e-03	-1.097006e+01
4.368000e-05	-5.934975e-04	-1.102225e+01
4.369000e-05	-1.657489e-03	-1.120056e+01
4.370000e-05	1.243908e-02	-1.127535e+01
4.371000e-05	-3.708427e-03	-1.135954e+01
4.372000e-05	5.820136e-03	-1.145530e+01
4.373000e-05	1.256664e-03	-1.154954e+01
4.374000e-05	2.295642e-03	-1.164372e+01
4.375000e-05	-2.538958e-03	-1.173791e+01
4.376000e-05	4.319681e-03	-1.178222e+01
4.377000e-05	7.603423e-03	-1.188470e+01
4.378000e-05	3.646049e-03	-1.196854e+01
4.379000e-05	2.298861e-03	-1.202159e+01
4.380000e-05	1.889853e-03	-1.207425e+01
4.381000e-05	3.597322e-03	-1.208591e+01
4.382000e-05	1.712020e-03	-1.212689e+01
4.383000e-05	4.951567e-03	-1.216956e+01
4.384000e-05	2.904385e-03	-1.219262e+01
4.385000e-05	3.510477e-03	-1.218117e+01
4.386000e-05	4.076342e-03	-1.225467e+01
4.387000e-05	4.773706e-03	-1.226523e+01
4.388000e-05	3.750058e-03	-1.228473e+01
4.389000e-05	5.058317e-03	-1.229583e+01
4.390000e-05	8.162957e-03	-1.230741e+01
4.391000e-05	9.297798e-03	-1.234633e+01
4.392000e-05	8.565966e-03	-1.231585e+01
4.393000e-05	1.084651e-02	-1.230691e+01
4.394000e-05	1.256187e-02	-1.233638e+01
4.395000e-05	1.666022e-02	-1.232743e+01
4.396000e-05	1.946102e-02	-1.231625e+01
4.397000e-05	2.540535e-02	-1.226378e+01
4.398000e-05	3.146042e-02	-1.224325e+01
4.399000e-05	4.003414e-02	-1.221064e+01
4.400000e-05	5.088783e-02	-1.219056e+01
4.401000e-05	6.025448e-02	-1.214901e+01
4.402000e-05	5.898264e-02	-1.212581e+01
4.403000e-05	4.513866e-02	-1.209328e+01
4.404000e-05	3.125949e-02	-1.205112e+01
4.405000e-05	2.092136e-02	-1.195746e+01
4.406000e-05	1.532881e-02	-1.188277e+01
4.407000e-05	1.109515e-02	-1.180904e+01
4.408000e-05	9.253107e-03	-1.171640e+01
4.409000e-05	7.191062e-03	-1.163172e+01
4.410000e-05	7.375186e-03	-1.153640e+01
4.411000e-05	5.989806e-03	-1.150059e+01
4.412000e-05	3.805862e-03	-1.132649e+01
4.413000e-05	4.074670e-03	-1.125259e+01
4.414000e-05	2.664506e-03	-1.116590e+01
4.415000e-05	2.848209e-03	-1.099017e+01
4.416000e-05	2.612437e-03	-1.090786e+01
4.417000e-05	2.411818e-03	-1.086115e+01
4.418000e-05	1.715938e-03	-1.074633e+01
4.419000e-05	1.514224e-03	-1.064170e+01
4.420000e-05	7.663623e-04	-1.050739e+01
4.421000e-05	1.106732e-03	-1.043107e+01
4.422000e-05	9.435595e-04	-1.025315e+01
4.423000e-05	1.274430e-03	-1.010831e+01
4.424000e-05	1.236261e-03	-1.003009e+01
4.425000e-05	7.050808e-04	-9.883777e+00
4.426000e-05	-2.959706e-04	-9.718313e+00
4.427000e-05	-4.793581e-04	-9.631022e+00
4.428000e-05	-1.569539e-04	-9.464726e+00
4.429000e-05	-1.177645e-03	-9.304387e+00
4.430000e-05	9.419684e-04	-9.189466e+00
4.431000e-05	-1.636978e-03	-8.979520e+00
4.432000e-05	7.053760e-04	-8.882632e+00
4.433000e-05	-5.481425e-04	-8.665902e+00
4.434000e-05	-8.638736e-04	-8.495206e+00
4.435000e-05	-7.681707e-04	-8.356915e+00
4.436000e-05	-3.095615e-03	-8.209015e+00
4.437000e-05	-1.265158e-03	-8.041570e+00
4.438000e-05	-3.610973e-03	-7.810093e+00
4.439000e-05	-2.368127e-03	-7.608144e+00
4.440000e-05	-2.071841e-03	-7.412596e+00
4.441000e-05	-1.506306e-03	-7.260622e+00
4.442000e-05	-1.042562e-03	-7.041547e+00
4.443000e-05	-3.318036e-03	-6.800071e+00
4.444000e-05	-3.837921e-03	-6.620598e+00
4.445000e-05	-3.984109e-03	-6.482655e+00
4.446000e-05	-2.532779e-03	-6.273202e+00
4.447000e-05	-2.105787e-03	-6.030601e+00
4.448000e-05	-3.643045e-03	-5.843177e+00
4.449000e-05	-4.530774e-03	-5.674128e+00
4.450000e-05	-2.949393e-03	-5.442650e+00
4.451000e-05	-3.326415e-03	-5.229521e+00
4.452000e-05	-2.001508e-03	-4.999866e+00
4.453000e-05	-4.280399e-03	-4.694308e+00
4.454000e-05	-4.368484e-03	-4.516758e+00
4.455000e-05	-4.311587e-03	-4.336867e+00
4.456000e-05	-2.931835e-03	-4.116341e+00
4.457000e-05	-3.403099e-03	-3.968336e+00
4.458000e-05	-3.836013e-03	-3.702758e+00
4.459000e-05	-5.205355e-03	-3.483704e+00
4.460000e-05	-5.211307e-03	-3.283629e+00
4.461000e-05	-4.579947e-03	-3.042626e+00
4.462000e-05	-2.560584e-03	-2.820050e+00
4.463000e-05	-3.735077e-03	-2.600496e+00
4.464000e-05	-5.480326e-03	-2.386449e+00
4.465000e-05	-5.440809e-03	-2.134283e+00
4.466000e-05	-3.386474e-03	-1.915311e+00
4.467000e-05	-5.937044e-03	-1.704236e+00
4.468000e-05	-3.761758e-03	-1.464682e+00
4.469000e-05	-7.892795e-03	-1.177396e+00
4.470000e-05	-2.874204e-03	-9.568395e-01
4.471000e-05	-6.769082e-03	-7.468171e-01
4.472000e-05	-3.048380e-03	-4.521591e-01
4.473000e-05	-4.679704e-03	-2.631843e-01
4.474000e-05	-3.683182e-03	-5.055527e-02
4.475000e-05	2.978807e-04	1.600251e-01
4.476000e-05	4.455959e-06	4.416066e-01
4.477000e-05	-1.661757e-03	5.910237e-01
4.478000e-05	1.652538e-03	7.999749e-01
4.479000e-05	-5.191552e-03	1.020600e+00
4.480000e-05	-2.891228e-03	1.245234e+00
4.481000e-05	-1.641507e-03	1.456837e+00
4.482000e-05	1.658489e-02	1.756893e+00
4.483000e-05	5.861438e-02	1.959441e+00
4.484000e-05	2.890229e-02	2.189050e+00
4.485000e-05	-6.765938e-02	2.421624e+00
4.486000e-05	-2.599667e-02	2.737367e+00
4.487000e-05	-4.030940e-02	2.886761e+00
4.488000e-05	-5.509303e-02	3.054635e+00
4.489000e-05	5.354478e-02	3.191548e+00
4.490000e-05	8.351660e-02	3.464784e+00
4.491000e-05	-1.347007e-01	3.652251e+00
4.492000e-05	1.228073e-01	3.812629e+00
4.493000e-05	-4.780798e-02	4.062757e+00
4.494000e-05	-4.319316e-02	4.295362e+00
4.495000e-05	7.280317e-02	4.534788e+00
4.496000e-05	-5.205076e-02	4.726366e+00
4.497000e-05	1.182627e-02	4.999522e+00
4.498000e-05	1.656330e-02	5.273131e+00
4.499000e-05	-3.049546e-02	5.474705e+00
4.500000e-05	1.880383e-02	5.684258e+00
4.501000e-05	-2.442637e-02	5.917390e+00
4.502000e-05	-3.405717e-03	6.086361e+00
4.503000e-05	-8.935871e-03	6.306862e+00
4.504000e-05	1.174682e-02	6.506258e+00
4.505000e-05	1.400754e-02	6.717468e+00
4.506000e-05	-2.623523e-02	6.938412e+00
4.507000e-05	2.363928e-02	7.125965e+00
4.508000e-05	-3.891471e-02	7.294777e+00
4.509000e-05	5.418652e-03	7.474808e+00
4.510000e-05	8.103633e-03	7.745511e+00
4.511000e-05	-9.630443e-03	7.945785e+00
4.512000e-05	1.012396e-02	8.077413e+00
4.513000e-05	-2.068568e-02	8.295360e+00
4.514000e-05	6.581275e-04	8.441154e+00
4.515000e-05	-1.056313e-02	8.549495e+00
4.516000e-05	4.253856e-03	8.717364e+00
4.517000e-05	-6.805132e-03	8.874203e+00
4.518000e-05	-2.805959e-03	9.055174e+00
4.519000e-05	2.271897e-03	9.222574e+00
4.520000e-05	-1.357376e-02	9.349941e+00
4.521000e-05	-4.295698e-04	9.494806e+00
4.522000e-05	-5.239875e-03	9.603127e+00
4.523000e-05	-9.464530e-04	9.780720e+00
4.524000e-05	-8.725841e-03	9.968890e+00
4.525000e-05	-3.232602e-03	1.011628e+01
4.526000e-05	-2.804144e-03	1.021105e+01
4.527000e-05	-9.670394e-03	1.032536e+01
4.528000e-05	-8.074379e-03	1.040313e+01
4.529000e-05	-3.185207e-03	1.061964e+01
4.530000e-05	-1.031571e-03	1.067638e+01
4.531000e-05	-8.399040e-03	1.084320e+01
4.532000e-05	-6.778785e-03	1.096944e+01
4.533000e-05	-5.530208e-03	1.105317e+01
4.534000e-05	-7.489995e-03	1.114989e+01
4.535000e-05	-9.552250e-03	1.119113e+01
4.536000e-05	-4.357327e-03	1.134939e+01
4.537000e-05	-5.355191e-03	1.141427e+01
4.538000e-05	-5.884254e-03	1.157759e+01
4.539000e-05	-6.954723e-03	1.167512e+01
4.540000e-05	-6.117482e-03	1.173791e+01
4.541000e-05	-8.894634e-03	1.181106e+01
4.542000e-05	-9.820407e-03	1.190320e+01
4.543000e-05	-5.250738e-03	1.194886e+01
4.544000e-05	-6.438543e-03	1.195947e+01
4.545000e-05	-6.842123e-03	1.205112e+01
4.546000e-05	-1.078951e-02	1.206471e+01
4.547000e-05	-7.806851e-03	1.211731e+01
4.548000e-05	-9.103343e-03	1.214796e+01
4.549000e-05	-9.867758e-03	1.217112e+01
4.550000e-05	-7.385221e-03	1.219167e+01
4.551000e-05	-1.251689e-02	1.227428e+01
4.552000e-05	-1.003908e-02	1.226478e+01
4.553000e-05	-1.136411e-02	1.230441e+01
4.554000e-05	-1.144857e-02	1.233691e+01
4.555000e-05	-1.278311e-02	1.238848e+01
4.556000e-05	-1.378194e-02	1.236599e+01
4.557000e-05	-1.206592e-02	1.234849e+01
4.558000e-05	-1.578179e-02	1.241547e+01
4.559000e-05	-1.827730e-02	1.238896e+01
4.560000e-05	-2.170192e-02	1.236658e+01
4.561000e-05	-2.430550e-02	1.238646e+01
4.562000e-05	-2.874903e-02	1.231536e+01
4.563000e-05	-3.423448e-02	1.227530e+01
4.564000e-05	-4.175559e-02	1.225522e+01
4.565000e-05	-5.331877e-02	1.223020e+01
4.566000e-05	-6.416825e-02	1.215954e+01
4.567000e-05	-6.597121e-02	1.215794e+01
4.568000e-05	-5.614957e-02	1.209430e+01
4.569000e-05	-4.173462e-02	1.206220e+01
4.570000e-05	-3.057210e-02	1.201957e+01
4.571000e-05	-2.377157e-02	1.195686e+01
4.572000e-05	-1.959604e-02	1.189278e+01
4.573000e-05	-1.634121e-02	1.178069e+01
4.574000e-05	-1.453497e-02	1.173586e+01
4.575000e-05	-1.428927e-02	1.164267e+01
4.576000e-05	-1.416992e-02	1.151838e+01
4.577000e-05	-1.130348e-02	1.145120e+01
4.578000e-05	-1.111645e-02	1.134640e+01
4.579000e-05	-1.081639e-02	1.126109e+01
4.580000e-05	-1.117239e-02	1.114544e+01
4.581000e-05	-8.489603e-03	1.106115e+01
4.582000e-05	-1.015601e-02	1.095591e+01
4.583000e-05	-8.921761e-03	1.088313e+01
4.584000e-05	-9.693917e-03	1.075839e+01
4.585000e-05	-7.004784e-03	1.060059e+01
4.586000e-05	-8.827922e-03	1.050628e+01
4.587000e-05	-7.223442e-03	1.039852e+01
4.588000e-05	-7.238342e-03	1.027020e+01
4.589000e-05	-6.843925e-03	1.012541e+01
4.590000e-05	-8.054124e-03	1.004049e+01
4.591000e-05	-6.826039e-03	9.831173e+00
4.592000e-05	-6.985873e-03	9.695228e+00
4.593000e-05	-6.512802e-03	9.556362e+00
4.594000e-05	-5.916768e-03	9.419572e+00
4.595000e-05	-7.256751e-03	9.263281e+00
4.596000e-05	-7.431575e-03	9.155384e+00
4.597000e-05	-5.490250e-03	8.976940e+00
4.598000e-05	-5.412749e-03	8.809963e+00
4.599000e-05	-6.333516e-03	8.671024e+00
4.600000e-05	-6.392713e-03	8.484181e+00
4.601000e-05	-6.979713e-03	8.346757e+00
4.602000e-05	-6.054998e-03	8.134312e+00
4.603000e-05	-6.010000e-03	7.945361e+00
4.604000e-05	-5.459622e-03	7.787466e+00
4.605000e-05	-5.284883e-03	7.597491e+00
4.606000e-05	-5.869551e-03	7.405910e+00
4.607000e-05	-5.586034e-03	7.198415e+00
4.608000e-05	-5.370894e-03	6.998494e+00
4.609000e-05	-6.209186e-03	6.821420e+00
4.610000e-05	-6.371012e-03	6.568869e+00
4.611000e-05	-5.700456e-03	6.407967e+00
4.612000e-05	-5.354115e-03	6.199021e+00
4.613000e-05	-5.379902e-03	6.030525e+00
4.614000e-05	-5.638909e-03	5.839019e+00
4.615000e-05	-4.552945e-03	5.648995e+00
4.616000e-05	-5.227358e-03	5.409544e+00
4.617000e-05	-4.947119e-03	5.187465e+00
4.618000e-05	-4.982657e-03	4.901662e+00
4.619000e-05	-5.061139e-03	4.685732e+00
4.620000e-05	-4.884067e-03	4.524158e+00
4.621000e-05	-5.173644e-03	4.323707e+00
4.622000e-05	-4.460379e-03	4.051102e+00
4.623000e-05	-4.151092e-03	3.841077e+00
4.624000e-05	-4.561526e-03	3.671053e+00
4.625000e-05	-5.150665e-03	3.433075e+00
4.626000e-05	-4.824440e-03	3.188397e+00
4.627000e-05	-4.331330e-03	2.997892e+00
4.628000e-05	-4.540905e-03	2.799894e+00
4.629000e-05	-4.477812e-03	2.503658e+00
4.630000e-05	-4.568890e-03	2.312084e+00
4.631000e-05	-4.437239e-03	2.092107e+00
4.632000e-05	-4.011721e-03	1.852051e+00
4.633000e-05	-4.311789e-03	1.599397e+00
4.634000e-05	-4.630430e-03	1.398338e+00
4.635000e-05	-4.130855e-03	1.135264e+00
4.636000e-05	-3.705518e-03	8.285002e-01
4.637000e-05	-3.282464e-03	6.420527e-01
4.638000e-05	-4.495337e-03	4.005275e-01
4.639000e-05	-3.652841e-03	2.043947e-01
4.640000e-05	-9.134693e-04	-5.318044e-02
4.641000e-05	6.629902e-03	-2.536356e-01
4.642000e-05	-4.268474e-04	-4.426030e-01
4.643000e-05	1.321130e-03	-6.882907e-01
4.644000e-05	-1.140604e-03	-9.047894e-01
4.645000e-05	3.653509e-04	-1.086316e+00
4.646000e-05	-1.382261e-03	-1.308914e+00
4.647000e-05	1.531270e-02	-1.529472e+00
4.648000e-05	7.194184e-02	-1.747995e+00
4.649000e-05	1.918549e-02	-1.981553e+00
4.650000e-05	-6.832249e-02	-2.381495e+00
4.651000e-05	-1.349661e-02	-2.633630e+00
4.652000e-05	-6.759049e-02	-2.799097e+00
4.653000e-05	-2.688833e-02	-2.936362e+00
4.654000e-05	1.447782e-01	-3.073378e+00
4.655000e-05	-8.939120e-02	-3.307421e+00
4.656000e-05	3.386353e-02	-3.558996e+00
4.657000e-05	7.997933e-02	-3.683283e+00
4.658000e-05	-1.552284e-01	-3.961548e+00
4.659000e-05	1.253057e-01	-4.160071e+00
4.660000e-05	-2.725527e-02	-4.370547e+00
4.661000e-05	-4.941210e-02	-4.652203e+00
4.662000e-05	1.236782e-01	-4.799094e+00
4.663000e-05	-1.158353e-01	-5.035282e+00
4.664000e-05	6.789092e-02	-5.276265e+00
4.665000e-05	-1.512075e-02	-5.519440e+00
4.666000e-05	-5.732445e-02	-5.779070e+00
4.667000e-05	9.168562e-02	-5.939937e+00
4.668000e-05	-8.015010e-02	-6.150016e+00
4.669000e-05	7.246697e-02	-6.371066e+00
4.670000e-05	-3.150893e-02	-6.571095e+00
4.671000e-05	5.894609e-03	-6.780470e+00
4.672000e-05	3.602061e-02	-6.918087e+00
4.673000e-05	-9.046937e-02	-7.182131e+00
4.674000e-05	8.966360e-02	-7.368996e+00
4.675000e-05	-5.352483e-02	-7.559566e+00
4.676000e-05	3.476977e-02	-7.761569e+00
4.677000e-05	3.655324e-03	-7.960069e+00
4.678000e-05	-2.171289e-02	-8.159063e+00
4.679000e-05	2.883128e-02	-8.296786e+00
4.680000e-05	-5.370070e-02	-8.474732e+00
4.681000e-05	5.061433e-02	-8.623202e+00
4.682000e-05	-1.178421e-02	-8.791170e+00
4.683000e-05	1.791848e-02	-8.948567e+00
4.684000e-05	-2.316262e-02	-9.096836e+00
4.685000e-05	-3.309881e-03	-9.224230e+00
4.686000e-05	2.431703e-02	-9.411743e+00
4.687000e-05	-1.964405e-02	-9.571048e+00
4.688000e-05	1.340108e-02	-9.674880e+00
4.689000e-05	-8.476963e-03	-9.843226e+00
4.690000e-05	2.283832e-02	-9.989441e+00
4.691000e-05	-1.943634e-02	-1.008591e+01
4.692000e-05	3.482589e-03	-1.024486e+01
4.693000e-05	4.090526e-03	-1.038167e+01
4.694000e-05	6.096969e-03	-1.052741e+01
4.695000e-05	-6.349001e-03	-1.064220e+01
4.696000e-05	-3.839138e-05	-1.074946e+01
4.697000e-05	1.324364e-02	-1.082225e+01
4.698000e-05	-3.935583e-03	-1.099949e+01
4.699000e-05	-7.058411e-04	-1.102365e+01
4.700000e-05	-3.677617e-03	-1.116059e+01
4.701000e-05	1.194842e-02	-1.128282e+01
4.702000e-05	-3.565148e-03	-1.136859e+01
4.703000e-05	5.281985e-03	-1.143465e+01
4.704000e-05	2.078933e-03	-1.153799e+01
4.705000e-05	3.655128e-03	-1.165382e+01
4.706000e-05	-2.062626e-03	-1.173688e+01
4.707000e-05	2.754298e-03	-1.180264e+01
4.708000e-05	6.218055e-03	-1.186440e+01
4.709000e-05	3.506050e-03	-1.197949e+01
4.710000e-05	2.799497e-03	-1.203162e+01
4.711000e-05	2.931853e-04	-1.205528e+01
4.712000e-05	3.646533e-03	-1.211533e+01
4.713000e-05	1.945369e-03	-1.213801e+01
4.714000e-05	4.580169e-03	-1.216951e+01
4.715000e-05	3.324840e-03	-1.224067e+01
4.716000e-05	3.009535e-03	-1.223112e+01
4.717000e-05	4.301079e-03	-1.226273e+01
4.718000e-05	4.899856e-03	-1.228383e+01
4.719000e-05	3.991721e-03	-1.228428e+01
4.720000e-05	5.075095e-03	-1.228525e+01
4.721000e-05	8.577590e-03	-1.229733e+01
4.722000e-05	9.683607e-03	-1.231591e+01
4.723000e-05	8.339876e-03	-1.233734e+01
4.724000e-05	1.068055e-02	-1.230845e+01
4.725000e-05	1.212142e-02	-1.231536e+01
4.726000e-05	1.620660e-02	-1.230635e+01
4.727000e-05	1.938566e-02	-1.232480e+01
4.728000e-05	2.488983e-02	-1.226476e+01
4.729000e-05	3.120670e-02	-1.228115e+01
4.730000e-05	3.968443e-02	-1.219267e+01
4.731000e-05	5.125070e-02	-1.219154e+01
4.732000e-05	5.947114e-02	-1.214946e+01
4.733000e-05	5.835138e-02	-1.211636e+01
4.734000e-05	4.479401e-02	-1.209527e+01
4.735000e-05	3.098370e-02	-1.201962e+01
4.736000e-05	2.125130e-02	-1.198849e+01
4.737000e-05	1.517043e-02	-1.188133e+01
4.738000e-05	1.165607e-02	-1.179101e+01
4.739000e-05	9.414744e-03	-1.172541e+01
4.740000e-05	8.457293e-03	-1.161057e+01
4.741000e-05	7.434208e-03	-1.154646e+01
4.742000e-05	6.718804e-03	-1.147377e+01
4.743000e-05	4.700574e-03	-1.134688e+01
4.744000e-05	3.823499e-03	-1.122967e+01
4.745000e-05	2.877471e-03	-1.114643e+01
4.746000e-05	2.748256e-03	-1.104915e+01
4.747000e-05	3.532605e-03	-1.088636e+01
4.748000e-05	2.507268e-03	-1.084260e+01
4.749000e-05	1.695793e-03	-1.073491e+01
4.750000e-05	1.234024e-03	-1.062307e+01
4.751000e-05	1.878145e-03	-1.049698e+01
4.752000e-05	1.245422e-03	-1.043954e+01
4.753000e-05	1.424608e-03	-1.028330e+01
4.754000e-05	5.866445e-04	-1.015538e+01
4.755000e-05	1.015720e-03	-9.979644e+00
4.756000e-05	-4.957467e-04	-9.862229e+00
4.757000e-05	5.905652e-04	-9.747937e+00
4.758000e-05	2.157665e-04	-9.650128e+00
4.759000e-05	3.957125e-04	-9.483777e+00
4.760000e-05	-1.022297e-03	-9.326909e+00
4.761000e-05	-4.625207e-04	-9.178538e+00
4.762000e-05	-5.551098e-05	-9.031099e+00
4.763000e-05	-9.728667e-04	-8.882153e+00
4.764000e-05	-1.730931e-03	-8.727331e+00
4.765000e-05	-1.440582e-03	-8.545758e+00
4.766000e-05	-1.548609e-03	-8.357939e+00
4.767000e-05	-1.351050e-03	-8.209017e+00
4.768000e-05	-1.305637e-03	-8.061575e+00
4.769000e-05	-1.525208e-03	-7.830643e+00
4.770000e-05	-2.111544e-03	-7.609417e+00
4.771000e-05	-2.315244e-03	-7.410096e+00
4.772000e-05	-2.222601e-03	-7.251569e+00
4.773000e-05	-3.053069e-03	-7.062148e+00
4.774000e-05	-3.008622e-03	-6.841046e+00
4.775000e-05	-3.211769e-03	-6.661048e+00
4.776000e-05	-3.259470e-03	-6.490704e+00
4.777000e-05	-3.446905e-03	-6.314674e+00
4.778000e-05	-3.478062e-03	-6.072627e+00
4.779000e-05	-2.958353e-03	-5.838679e+00
4.780000e-05	-3.218678e-03	-5.672624e+00
4.781000e-05	-2.661554e-03	-5.474073e+00
4.782000e-05	-4.139572e-03	-5.219498e+00
4.783000e-05	-3.521268e-03	-5.009467e+00
4.784000e-05	-4.215290e-03	-4.714838e+00
4.785000e-05	-3.848832e-03	-4.516762e+00
4.786000e-05	-3.786503e-03	-4.367388e+00
4.787000e-05	-2.730568e-03	-4.108411e+00
4.788000e-05	-3.284115e-03	-3.996416e+00
4.789000e-05	-4.173968e-03	-3.724334e+00
4.790000e-05	-4.116018e-03	-3.515707e+00
4.791000e-05	-4.011736e-03	-3.294632e+00
4.792000e-05	-6.215681e-03	-3.074604e+00
4.793000e-05	-4.554177e-03	-2.818473e+00
4.794000e-05	-4.525855e-03	-2.610498e+00
4.795000e-05	-3.075436e-03	-2.388999e+00
4.796000e-05	-4.466806e-03	-2.175291e+00
4.797000e-05	-4.684814e-03	-1.915813e+00
4.798000e-05	-5.045484e-03	-1.725711e+00
4.799000e-05	-4.208082e-03	-1.482130e+00
4.800000e-05	-5.157270e-03	-1.209421e+00
4.801000e-05	-4.874196e-03	-9.668924e-01
4.802000e-05	-6.367856e-03	-7.472660e-01
4.803000e-05	-5.362008e-03	-4.932329e-01
4.804000e-05	-5.069665e-03	-3.031803e-01
4.805000e-05	-3.389511e-03	-7.115178e-02
4.806000e-05	1.815878e-03	1.579498e-01
4.807000e-05	1.397616e-03	4.200500e-01
4.808000e-05	-3.895815e-03	5.880513e-01
4.809000e-05	3.072759e-04	7.599712e-01
4.810000e-05	-4.341918e-03	1.021623e+00
4.811000e-05	-1.425673e-03	1.273683e+00
4.812000e-05	-2.252580e-03	1.534309e+00
4.813000e-05	1.396846e-02	1.730917e+00
4.814000e-05	5.610421e-02	1.948892e+00
4.815000e-05	3.200200e-02	2.171499e+00
4.816000e-05	-6.612209e-02	2.431104e+00
4.817000e-05	-2.445926e-02	2.716336e+00
4.818000e-05	-3.931566e-02	2.896389e+00
4.819000e-05	-5.466485e-02	3.065257e+00
4.820000e-05	4.561857e-02	3.221571e+00
4.821000e-05	9.259611e-02	3.435262e+00
4.822000e-05	-1.348844e-01	3.650630e+00
4.823000e-05	1.131865e-01	3.761101e+00
4.824000e-05	-3.648571e-02	4.013259e+00
4.825000e-05	-5.144093e-02	4.295840e+00
4.826000e-05	7.457007e-02	4.525838e+00
4.827000e-05	-4.956102e-02	4.768412e+00
4.828000e-05	5.121806e-03	4.931594e+00
4.829000e-05	2.080184e-02	5.212130e+00
4.830000e-05	-3.102909e-02	5.473163e+00
4.831000e-05	2.002917e-02	5.654727e+00
4.832000e-05	-2.296284e-02	5.907912e+00
4.833000e-05	-3.879448e-03	6.105311e+00
4.834000e-05	-7.282315e-03	6.295886e+00
4.835000e-05	1.040472e-02	6.495259e+00
4.836000e-05	1.486892e-02	6.716387e+00
4.837000e-05	-2.852157e-02	6.895865e+00
4.838000e-05	2.357757e-02	7.096388e+00
4.839000e-05	-3.547486e-02	7.305306e+00
4.840000e-05	3.360607e-03	7.485407e+00
4.841000e-05	9.670938e-03	7.735462e+00
4.842000e-05	-1.106959e-02	7.896362e+00
4.843000e-05	9.858660e-03	8.103887e+00
4.844000e-05	-2.019350e-02	8.265277e+00
4.845000e-05	4.903928e-04	8.391577e+00
4.846000e-05	-9.832401e-03	8.579990e+00
4.847000e-05	3.555346e-03	8.686916e+00
4.848000e-05	-6.779142e-03	8.885678e+00
4.849000e-05	-4.012241e-03	9.053347e+00
4.850000e-05	1.900127e-03	9.211623e+00
4.851000e-05	-1.365880e-02	9.369014e+00
4.852000e-05	-1.831866e-03	9.465833e+00
4.853000e-05	-4.421633e-03	9.622649e+00
4.854000e-05	3.133178e-05	9.802139e+00
4.855000e-05	-8.344903e-03	9.938834e+00
4.856000e-05	-2.600696e-03	1.006531e+01
4.857000e-05	-4.934094e-03	1.021952e+01
4.858000e-05	-8.246285e-03	1.033689e+01
4.859000e-05	-9.450516e-03	1.047172e+01
4.860000e-05	-1.717228e-03	1.058014e+01
4.861000e-05	-2.375635e-03	1.068491e+01
4.862000e-05	-8.173829e-03	1.088265e+01
4.863000e-05	-6.005935e-03	1.094594e+01
4.864000e-05	-5.841332e-03	1.107173e+01
4.865000e-05	-5.960805e-03	1.112648e+01
4.866000e-05	-9.164447e-03	1.125172e+01
4.867000e-05	-5.103430e-03	1.132848e+01
4.868000e-05	-4.913128e-03	1.142374e+01
4.869000e-05	-6.885235e-03	1.154756e+01
4.870000e-05	-5.761167e-03	1.165427e+01
4.871000e-05	-6.423444e-03	1.173791e+01
4.872000e-05	-8.168776e-03	1.180960e+01
4.873000e-05	-9.272139e-03	1.187423e+01
4.874000e-05	-5.801776e-03	1.191638e+01
4.875000e-05	-5.820474e-03	1.196954e+01
4.876000e-05	-7.199235e-03	1.205022e+01
4.877000e-05	-9.821732e-03	1.206180e+01
4.878000e-05	-8.373252e-03	1.213636e+01
4.879000e-05	-9.168817e-03	1.213654e+01
4.880000e-05	-8.792957e-03	1.220062e+01
4.881000e-05	-8.283935e-03	1.223322e+01
4.882000e-05	-9.652542e-03	1.228230e+01
4.883000e-05	-1.178364e-02	1.229535e+01
4.884000e-05	-1.073243e-02	1.234440e+01
4.885000e-05	-1.081386e-02	1.232691e+01
4.886000e-05	-1.271782e-02	1.235694e+01
4.887000e-05	-1.263937e-02	1.233791e+01
4.888000e-05	-1.387552e-02	1.237941e+01
4.889000e-05	-1.523255e-02	1.238704e+01
4.890000e-05	-1.867214e-02	1.233794e+01
4.891000e-05	-2.078755e-02	1.237796e+01
4.892000e-05	-2.371623e-02	1.235639e+01
4.893000e-05	-2.793183e-02	1.235440e+01
4.894000e-05	-3.396655e-02	1.232433e+01
4.895000e-05	-4.192409e-02	1.230175e+01
4.896000e-05	-5.289775e-02	1.219012e+01
4.897000e-05	-6.445421e-02	1.221811e+01
4.898000e-05	-6.694711e-02	1.215848e+01
4.899000e-05	-5.619867e-02	1.213631e+01
4.900000e-05	-4.240561e-02	1.205322e+01
4.901000e-05	-3.079564e-02	1.202114e+01
4.902000e-05	-2.290722e-02	1.193649e+01
4.903000e-05	-1.968481e-02	1.188325e+01
4.904000e-05	-1.804564e-02	1.180002e+01
4.905000e-05	-1.549349e-02	1.175541e+01
4.906000e-05	-1.339103e-02	1.168117e+01
4.907000e-05	-1.266845e-02	1.156751e+01
4.908000e-05	-1.217957e-02	1.146167e+01
4.909000e-05	-1.160897e-02	1.137690e+01
4.910000e-05	-1.088905e-02	1.127265e+01
4.911000e-05	-1.102861e-02	1.117639e+01
4.912000e-05	-9.252303e-03	1.107219e+01
4.913000e-05	-1.035111e-02	1.096791e+01
4.914000e-05	-8.460583e-03	1.087368e+01
4.915000e-05	-1.001878e-02	1.076744e+01
4.916000e-05	-7.623675e-03	1.066962e+01
4.917000e-05	-9.107121e-03	1.050528e+01
4.918000e-05	-7.729687e-03	1.038849e+01
4.919000e-05	-8.239748e-03	1.027210e+01
4.920000e-05	-7.688021e-03	1.012783e+01
4.921000e-05	-7.558555e-03	1.006162e+01
4.922000e-05	-7.279316e-03	9.892774e+00
4.923000e-05	-7.377950e-03	9.722277e+00
4.924000e-05	-7.627102e-03	9.577964e+00
4.925000e-05	-7.522009e-03	9.421070e+00
4.926000e-05	-6.392786e-03	9.303733e+00
4.927000e-05	-6.249088e-03	9.185387e+00
4.928000e-05	-6.826999e-03	8.978417e+00
4.929000e-05	-6.387970e-03	8.810594e+00
4.930000e-05	-6.721692e-03	8.671649e+00
4.931000e-05	-5.532251e-03	8.484183e+00
4.932000e-05	-7.221476e-03	8.346337e+00
4.933000e-05	-5.776213e-03	8.147861e+00
4.934000e-05	-6.595302e-03	7.966861e+00
4.935000e-05	-5.892527e-03	7.797941e+00
4.936000e-05	-5.172657e-03	7.641994e+00
4.937000e-05	-5.573996e-03	7.377416e+00
4.938000e-05	-5.154661e-03	7.199040e+00
4.939000e-05	-5.589409e-03	6.989966e+00
4.940000e-05	-5.392501e-03	6.819020e+00
4.941000e-05	-5.410221e-03	6.620491e+00
4.942000e-05	-6.285107e-03	6.398021e+00
4.943000e-05	-4.933155e-03	6.199996e+00
4.944000e-05	-5.177721e-03	6.042099e+00
4.945000e-05	-5.238183e-03	5.800075e+00
4.946000e-05	-4.872930e-03	5.611072e+00
4.947000e-05	-5.282906e-03	5.418495e+00
4.948000e-05	-4.977793e-03	5.227466e+00
4.949000e-05	-5.383630e-03	4.915258e+00
4.950000e-05	-5.063682e-03	4.715780e+00
4.951000e-05	-4.658693e-03	4.504807e+00
4.952000e-05	-4.853365e-03	4.326160e+00
4.953000e-05	-5.141064e-03	4.070077e+00
4.954000e-05	-4.746105e-03	3.850075e+00
4.955000e-05	-4.642894e-03	3.681579e+00
4.956000e-05	-4.444799e-03	3.473475e+00
4.957000e-05	-4.512263e-03	3.218447e+00
4.958000e-05	-4.551656e-03	2.988470e+00
4.959000e-05	-4.646167e-03	2.787023e+00
4.960000e-05	-4.328079e-03	2.594765e+00
4.961000e-05	-4.105183e-03	2.314182e+00
4.962000e-05	-3.141313e-03	2.063159e+00
4.963000e-05	-4.045576e-03	1.874682e+00
4.964000e-05	-4.316331e-03	1.617999e+00
4.965000e-05	-4.719052e-03	1.387921e+00
4.966000e-05	-4.502803e-03	1.145838e+00
4.967000e-05	-3.705485e-03	8.706767e-01
4.968000e-05	-3.168782e-03	6.200264e-01
4.969000e-05	-4.394501e-03	4.406027e-01
4.970000e-05	-3.044669e-03	2.003997e-01
4.971000e-05	-1.513966e-03	-1.268438e-02
4.972000e-05	5.666618e-03	-2.232094e-01
4.973000e-05	-9.546024e-04	-4.430578e-01
4.974000e-05	5.888703e-04	-7.263145e-01
4.975000e-05	-8.835932e-04	-9.042644e-01
4.976000e-05	-4.050317e-05	-1.065286e+00
4.977000e-05	-8.381089e-04	-1.264865e+00
4.978000e-05	1.432359e-02	-1.569521e+00
4.979000e-05	6.983972e-02	-1.757944e+00
4.980000e-05	2.510846e-02	-1.969551e+00
4.981000e-05	-7.080362e-02	-2.310521e+00
4.982000e-05	-1.273255e-02	-2.603151e+00
4.983000e-05	-6.672245e-02	-2.769547e+00
4.984000e-05	-3.128264e-02	-2.865732e+00
4.985000e-05	1.424027e-01	-3.094709e+00
4.986000e-05	-8.005189e-02	-3.306916e+00
4.987000e-05	1.996608e-02	-3.537941e+00
4.988000e-05	9.068381e-02	-3.671682e+00
4.989000e-05	-1.586508e-01	-4.000970e+00
4.990000e-05	1.199953e-01	-4.157920e+00
4.991000e-05	-1.644974e-02	-4.370469e+00
4.992000e-05	-5.971002e-02	-4.583124e+00
4.993000e-05	1.259846e-01	-4.799550e+00
4.994000e-05	-1.095035e-01	-5.032680e+00
4.995000e-05	5.595301e-02	-5.314782e+00
4.996000e-05	-1.054469e-03	-5.528488e+00
4.997000e-05	-6.622883e-02	-5.759525e+00
4.998000e-05	9.591308e-02	-5.936910e+00
4.999000e-05	-8.085071e-02	-6.136465e+00
