# 260408_13:23:23.551414
t	CH1	CH2
0.000000e+00	-5.216782e-03	1.262607e+00
1.000000e-08	-3.908053e-03	9.580938e-01
2.000000e-08	-3.034237e-03	7.272948e-01
3.000000e-08	-4.025024e-03	5.073133e-01
4.000000e-08	-4.502934e-03	3.377647e-01
5.000000e-08	-2.982595e-03	5.320551e-02
6.000000e-08	2.593727e-03	-1.273422e-01
7.000000e-08	5.049998e-03	-3.393946e-01
8.000000e-08	-2.607589e-03	-5.164896e-01
9.000000e-08	2.409171e-03	-8.194488e-01
1.000000e-07	-2.984150e-03	-9.998726e-01
1.100000e-07	8.656613e-04	-1.188400e+00
1.200000e-07	1.150510e-03	-1.452058e+00
1.300000e-07	3.558143e-02	-1.623080e+00
1.400000e-07	9.127841e-02	-1.840084e+00
1.500000e-07	-6.384858e-02	-2.167462e+00
1.600000e-07	-2.423848e-02	-2.501684e+00
1.700000e-07	-3.698706e-02	-2.696289e+00
1.800000e-07	-7.604940e-02	-2.831580e+00
1.900000e-07	5.711735e-02	-2.937522e+00
2.000000e-07	1.136559e-01	-3.097869e+00
2.100000e-07	-1.856175e-01	-3.421030e+00
2.200000e-07	1.795029e-01	-3.589425e+00
2.300000e-07	-9.153681e-02	-3.798026e+00
2.400000e-07	-4.377772e-02	-4.073109e+00
2.500000e-07	1.505990e-01	-4.180107e+00
2.600000e-07	-1.397908e-01	-4.451984e+00
2.700000e-07	8.078179e-02	-4.634207e+00
2.800000e-07	3.994680e-02	-4.870653e+00
2.900000e-07	-1.238165e-01	-5.137416e+00
3.000000e-07	1.476283e-01	-5.316522e+00
3.100000e-07	-1.361850e-01	-5.580905e+00
3.200000e-07	7.268351e-02	-5.789504e+00
3.300000e-07	2.614006e-03	-5.968498e+00
3.400000e-07	-5.006062e-02	-6.189603e+00
3.500000e-07	1.037494e-01	-6.389531e+00
3.600000e-07	-1.030925e-01	-6.642630e+00
3.700000e-07	1.038033e-01	-6.780005e+00
3.800000e-07	-7.643947e-02	-6.969667e+00
3.900000e-07	-2.582267e-03	-7.253032e+00
4.000000e-07	6.207872e-02	-7.370549e+00
4.100000e-07	-7.419235e-02	-7.600555e+00
4.200000e-07	9.047558e-02	-7.781575e+00
4.300000e-07	-6.687041e-02	-7.990533e+00
4.400000e-07	4.444900e-02	-8.149475e+00
4.500000e-07	-2.705886e-02	-8.296841e+00
4.600000e-07	-1.208797e-02	-8.454362e+00
4.700000e-07	4.642604e-02	-8.610658e+00
4.800000e-07	-2.628392e-02	-8.802080e+00
4.900000e-07	3.501588e-02	-9.007497e+00
5.000000e-07	-5.404898e-02	-9.127269e+00
5.100000e-07	4.326216e-02	-9.240985e+00
5.200000e-07	-1.277630e-02	-9.420976e+00
5.300000e-07	6.189022e-03	-9.547426e+00
5.400000e-07	-2.644527e-03	-9.684762e+00
5.500000e-07	6.736385e-03	-9.821133e+00
5.600000e-07	1.184159e-02	-9.937947e+00
5.700000e-07	-2.161003e-02	-1.011479e+01
5.800000e-07	1.528363e-02	-1.021308e+01
5.900000e-07	-2.300160e-03	-1.038105e+01
6.000000e-07	1.244397e-02	-1.051671e+01
6.100000e-07	-1.490882e-02	-1.059000e+01
6.200000e-07	1.802377e-02	-1.072624e+01
6.300000e-07	1.970642e-03	-1.079011e+01
6.400000e-07	1.429233e-03	-1.089787e+01
6.500000e-07	-5.941659e-03	-1.100105e+01
6.600000e-07	7.635396e-03	-1.110582e+01
6.700000e-07	8.178771e-03	-1.119203e+01
6.800000e-07	-2.747340e-03	-1.132680e+01
6.900000e-07	8.545281e-03	-1.140013e+01
7.000000e-07	4.087357e-04	-1.146784e+01
7.100000e-07	5.794252e-03	-1.153850e+01
7.200000e-07	-3.479490e-03	-1.167169e+01
7.300000e-07	1.149548e-02	-1.175792e+01
7.400000e-07	3.519895e-03	-1.177197e+01
7.500000e-07	5.694616e-03	-1.183471e+01
7.600000e-07	2.426966e-04	-1.190687e+01
7.700000e-07	5.228449e-03	-1.197106e+01
7.800000e-07	4.253772e-03	-1.201156e+01
7.900000e-07	2.854182e-03	-1.207422e+01
8.000000e-07	6.829025e-03	-1.209484e+01
8.100000e-07	3.478705e-03	-1.212784e+01
8.200000e-07	6.577051e-03	-1.213797e+01
8.300000e-07	5.545513e-03	-1.217905e+01
8.400000e-07	7.552374e-03	-1.218958e+01
8.500000e-07	4.954959e-03	-1.217160e+01
8.600000e-07	7.803948e-03	-1.222216e+01
8.700000e-07	1.027588e-02	-1.220261e+01
8.800000e-07	1.086993e-02	-1.218166e+01
8.900000e-07	1.145273e-02	-1.223320e+01
9.000000e-07	1.299198e-02	-1.220158e+01
9.100000e-07	1.567852e-02	-1.218011e+01
9.200000e-07	1.893693e-02	-1.220303e+01
9.300000e-07	2.199967e-02	-1.218960e+01
9.400000e-07	2.775799e-02	-1.213995e+01
9.500000e-07	3.333139e-02	-1.217745e+01
9.600000e-07	4.140156e-02	-1.211632e+01
9.700000e-07	5.288733e-02	-1.203334e+01
9.800000e-07	6.106391e-02	-1.204221e+01
9.900000e-07	6.113193e-02	-1.200153e+01
1.000000e-06	4.957255e-02	-1.194790e+01
1.010000e-06	3.591589e-02	-1.183571e+01
1.020000e-06	2.549543e-02	-1.178358e+01
1.030000e-06	1.875952e-02	-1.172540e+01
1.040000e-06	1.398892e-02	-1.167326e+01
1.050000e-06	1.142934e-02	-1.155840e+01
1.060000e-06	1.107465e-02	-1.147479e+01
1.070000e-06	1.063808e-02	-1.134948e+01
1.080000e-06	8.127218e-03	-1.129523e+01
1.090000e-06	7.025091e-03	-1.116200e+01
1.100000e-06	5.083703e-03	-1.109471e+01
1.110000e-06	5.072454e-03	-1.095945e+01
1.120000e-06	4.810789e-03	-1.088679e+01
1.130000e-06	4.610774e-03	-1.077960e+01
1.140000e-06	3.455640e-03	-1.071679e+01
1.150000e-06	3.188924e-03	-1.059061e+01
1.160000e-06	3.433367e-03	-1.049482e+01
1.170000e-06	2.632949e-03	-1.034798e+01
1.180000e-06	1.932342e-03	-1.022263e+01
1.190000e-06	2.033793e-03	-1.012624e+01
1.200000e-06	2.644243e-03	-9.999050e+00
1.210000e-06	1.900288e-03	-9.835182e+00
1.220000e-06	2.035161e-03	-9.766870e+00
1.230000e-06	1.586395e-03	-9.621582e+00
1.240000e-06	1.422196e-03	-9.415236e+00
1.250000e-06	-2.283671e-04	-9.305917e+00
1.260000e-06	7.531198e-04	-9.168951e+00
1.270000e-06	1.101862e-03	-9.032179e+00
1.280000e-06	1.637029e-03	-8.853687e+00
1.290000e-06	1.691117e-04	-8.675340e+00
1.300000e-06	4.890423e-04	-8.546395e+00
1.310000e-06	-1.815219e-04	-8.347472e+00
1.320000e-06	-7.128575e-04	-8.199577e+00
1.330000e-06	-1.412347e-03	-7.992657e+00
1.340000e-06	-1.073089e-03	-7.853612e+00
1.350000e-06	-1.111369e-03	-7.612704e+00
1.360000e-06	-2.211297e-03	-7.382629e+00
1.370000e-06	-1.059882e-03	-7.273189e+00
1.380000e-06	-6.006650e-04	-7.055811e+00
1.390000e-06	-2.221014e-03	-6.823638e+00
1.400000e-06	-2.012914e-03	-6.694708e+00
1.410000e-06	-2.079354e-03	-6.484889e+00
1.420000e-06	-2.746800e-03	-6.298369e+00
1.430000e-06	-2.658359e-03	-6.093817e+00
1.440000e-06	-2.479096e-03	-5.834838e+00
1.450000e-06	-1.470122e-03	-5.673764e+00
1.460000e-06	-4.498551e-03	-5.495846e+00
1.470000e-06	-1.576765e-03	-5.285213e+00
1.480000e-06	-4.068395e-03	-5.051658e+00
1.490000e-06	-2.392954e-03	-4.805500e+00
1.500000e-06	-2.577548e-03	-4.579500e+00
1.510000e-06	-4.563934e-03	-4.409451e+00
1.520000e-06	-1.814695e-03	-4.221026e+00
1.530000e-06	-1.608330e-03	-4.011553e+00
1.540000e-06	-4.045326e-03	-3.782576e+00
1.550000e-06	-2.543606e-03	-3.568470e+00
1.560000e-06	-5.915656e-03	-3.358997e+00
1.570000e-06	-2.762745e-03	-3.118944e+00
1.580000e-06	-6.467810e-03	-2.866287e+00
1.590000e-06	-3.043317e-03	-2.674237e+00
1.600000e-06	-4.813341e-03	-2.472288e+00
1.610000e-06	-3.271896e-03	-2.264173e+00
1.620000e-06	-3.932071e-03	-2.000497e+00
1.630000e-06	-3.774895e-03	-1.790001e+00
1.640000e-06	-4.781420e-03	-1.589026e+00
1.650000e-06	-4.402514e-03	-1.283317e+00
1.660000e-06	-5.228860e-03	-1.053609e+00
1.670000e-06	-6.152734e-03	-8.226515e-01
1.680000e-06	-6.887262e-03	-5.610515e-01
1.690000e-06	-6.516564e-03	-3.390224e-01
1.700000e-06	-4.289721e-03	-1.664210e-01
1.710000e-06	-8.951880e-04	3.158164e-02
1.720000e-06	5.980670e-03	3.472644e-01
1.730000e-06	-3.024697e-03	5.162106e-01
1.740000e-06	2.341841e-03	6.857619e-01
1.750000e-06	-4.759318e-03	8.827343e-01
1.760000e-06	-2.418427e-03	1.178868e+00
1.770000e-06	-5.984153e-03	1.388397e+00
1.780000e-06	1.520679e-03	1.630624e+00
1.790000e-06	2.733740e-02	1.831078e+00
1.800000e-06	7.674098e-02	2.061630e+00
1.810000e-06	-3.278051e-02	2.283210e+00
1.820000e-06	-4.920768e-02	2.568392e+00
1.830000e-06	-2.694527e-02	2.800949e+00
1.840000e-06	-3.597967e-02	2.979347e+00
1.850000e-06	-6.269922e-02	3.126862e+00
1.860000e-06	1.458692e-01	3.275713e+00
1.870000e-06	-5.347406e-02	3.528747e+00
1.880000e-06	-6.399162e-02	3.685766e+00
1.890000e-06	1.512803e-01	3.925786e+00
1.900000e-06	-1.366066e-01	4.178770e+00
1.910000e-06	4.997452e-02	4.388800e+00
1.920000e-06	3.591538e-02	4.580077e+00
1.930000e-06	-7.160321e-02	4.819952e+00
1.940000e-06	5.666921e-02	5.053636e+00
1.950000e-06	-2.888145e-02	5.337813e+00
1.960000e-06	-3.658002e-03	5.555795e+00
1.970000e-06	7.140234e-03	5.765767e+00
1.980000e-06	-3.341879e-02	6.000405e+00
1.990000e-06	1.101252e-02	6.158894e+00
2.000000e-06	-2.188638e-02	6.328350e+00
2.010000e-06	4.215045e-02	6.579491e+00
2.020000e-06	-2.319363e-02	6.780921e+00
2.030000e-06	9.067246e-04	6.989422e+00
2.040000e-06	7.667430e-03	7.167922e+00
2.050000e-06	-4.181353e-02	7.316839e+00
2.060000e-06	2.623556e-02	7.569395e+00
2.070000e-06	-1.573732e-02	7.777367e+00
2.080000e-06	2.732010e-03	7.997920e+00
2.090000e-06	-2.494360e-03	8.128421e+00
2.100000e-06	-1.960720e-02	8.316266e+00
2.110000e-06	2.591748e-03	8.473108e+00
2.120000e-06	-7.284075e-03	8.608529e+00
2.130000e-06	6.470924e-03	8.706820e+00
2.140000e-06	-1.519662e-02	8.884284e+00
2.150000e-06	2.288606e-03	9.034563e+00
2.160000e-06	-4.704846e-03	9.222604e+00
2.170000e-06	-1.590406e-02	9.379127e+00
2.180000e-06	1.367853e-03	9.485691e+00
2.190000e-06	-5.601579e-03	9.602159e+00
2.200000e-06	5.575232e-05	9.762027e+00
2.210000e-06	-1.243817e-02	9.946871e+00
2.220000e-06	1.613855e-03	1.010429e+01
2.230000e-06	-6.776659e-03	1.023050e+01
2.240000e-06	-1.132688e-02	1.034779e+01
2.250000e-06	-8.207145e-03	1.041116e+01
2.260000e-06	-3.669707e-03	1.056942e+01
2.270000e-06	-4.871233e-03	1.069629e+01
2.280000e-06	-1.234073e-02	1.086201e+01
2.290000e-06	-4.261882e-03	1.093635e+01
2.300000e-06	-5.232818e-03	1.103158e+01
2.310000e-06	-7.147526e-03	1.111579e+01
2.320000e-06	-9.648744e-03	1.118055e+01
2.330000e-06	-5.138133e-03	1.130879e+01
2.340000e-06	-8.149697e-03	1.142163e+01
2.350000e-06	-1.026806e-02	1.151624e+01
2.360000e-06	-6.811561e-03	1.159955e+01
2.370000e-06	-9.466513e-03	1.171671e+01
2.380000e-06	-8.053641e-03	1.176635e+01
2.390000e-06	-8.861982e-03	1.181158e+01
2.400000e-06	-4.323467e-03	1.189474e+01
2.410000e-06	-7.793720e-03	1.192727e+01
2.420000e-06	-9.704935e-03	1.195794e+01
2.430000e-06	-1.083240e-02	1.201256e+01
2.440000e-06	-1.098204e-02	1.208266e+01
2.450000e-06	-1.046630e-02	1.207481e+01
2.460000e-06	-1.003379e-02	1.210887e+01
2.470000e-06	-1.052284e-02	1.218094e+01
2.480000e-06	-1.342541e-02	1.220005e+01
2.490000e-06	-1.181151e-02	1.224303e+01
2.500000e-06	-1.132481e-02	1.219410e+01
2.510000e-06	-1.206327e-02	1.223313e+01
2.520000e-06	-1.432630e-02	1.223319e+01
2.530000e-06	-1.695151e-02	1.225364e+01
2.540000e-06	-1.711458e-02	1.224366e+01
2.550000e-06	-1.897847e-02	1.226576e+01
2.560000e-06	-2.062596e-02	1.224418e+01
2.570000e-06	-2.403810e-02	1.225413e+01
2.580000e-06	-2.612180e-02	1.225263e+01
2.590000e-06	-3.052031e-02	1.222168e+01
2.600000e-06	-3.672576e-02	1.221123e+01
2.610000e-06	-4.380919e-02	1.219953e+01
2.620000e-06	-5.480283e-02	1.213742e+01
2.630000e-06	-6.334298e-02	1.210682e+01
2.640000e-06	-6.953566e-02	1.205161e+01
2.650000e-06	-6.081895e-02	1.200046e+01
2.660000e-06	-4.719269e-02	1.190890e+01
2.670000e-06	-3.578566e-02	1.188624e+01
2.680000e-06	-2.589859e-02	1.184211e+01
2.690000e-06	-2.246719e-02	1.175852e+01
2.700000e-06	-2.075229e-02	1.168537e+01
2.710000e-06	-1.822486e-02	1.158150e+01
2.720000e-06	-1.813742e-02	1.148684e+01
2.730000e-06	-1.535359e-02	1.139263e+01
2.740000e-06	-1.458636e-02	1.131432e+01
2.750000e-06	-1.277610e-02	1.123256e+01
2.760000e-06	-1.269349e-02	1.109784e+01
2.770000e-06	-1.204989e-02	1.101216e+01
2.780000e-06	-1.179135e-02	1.092782e+01
2.790000e-06	-1.104671e-02	1.082316e+01
2.800000e-06	-1.059076e-02	1.072837e+01
2.810000e-06	-9.576714e-03	1.064213e+01
2.820000e-06	-9.934277e-03	1.051429e+01
2.830000e-06	-8.858799e-03	1.036845e+01
2.840000e-06	-1.028545e-02	1.025221e+01
2.850000e-06	-9.910497e-03	1.015639e+01
2.860000e-06	-9.312158e-03	9.942580e+00
2.870000e-06	-8.392092e-03	9.854709e+00
2.880000e-06	-8.289430e-03	9.725796e+00
2.890000e-06	-8.176238e-03	9.578923e+00
2.900000e-06	-6.689419e-03	9.441583e+00
2.910000e-06	-6.802982e-03	9.305790e+00
2.920000e-06	-7.046175e-03	9.180499e+00
2.930000e-06	-8.708615e-03	8.970551e+00
2.940000e-06	-7.036406e-03	8.832631e+00
2.950000e-06	-7.862991e-03	8.664132e+00
2.960000e-06	-6.902240e-03	8.524844e+00
2.970000e-06	-7.138419e-03	8.349471e+00
2.980000e-06	-6.123778e-03	8.210024e+00
2.990000e-06	-6.950855e-03	8.011626e+00
3.000000e-06	-6.325042e-03	7.833005e+00
3.010000e-06	-6.010504e-03	7.642155e+00
3.020000e-06	-5.921061e-03	7.370652e+00
3.030000e-06	-6.734511e-03	7.192108e+00
3.040000e-06	-6.521043e-03	7.023108e+00
3.050000e-06	-6.717178e-03	6.893108e+00
3.060000e-06	-6.683263e-03	6.694782e+00
3.070000e-06	-7.303588e-03	6.463130e+00
3.080000e-06	-5.145212e-03	6.274184e+00
3.090000e-06	-4.902912e-03	6.094266e+00
3.100000e-06	-5.098747e-03	5.875818e+00
3.110000e-06	-5.915746e-03	5.634309e+00
3.120000e-06	-6.383982e-03	5.453717e+00
3.130000e-06	-5.828203e-03	5.314208e+00
3.140000e-06	-5.965457e-03	5.033050e+00
3.150000e-06	-5.216947e-03	4.778404e+00
3.160000e-06	-5.378180e-03	4.549324e+00
3.170000e-06	-5.159449e-03	4.331526e+00
3.180000e-06	-5.083934e-03	4.148021e+00
3.190000e-06	-5.474405e-03	3.907315e+00
3.200000e-06	-4.432905e-03	3.696866e+00
3.210000e-06	-4.352147e-03	3.546321e+00
3.220000e-06	-4.578565e-03	3.325693e+00
3.230000e-06	-4.756645e-03	3.055235e+00
3.240000e-06	-4.848145e-03	2.863684e+00
3.250000e-06	-4.545071e-03	2.702683e+00
3.260000e-06	-5.146540e-03	2.399625e+00
3.270000e-06	-4.742139e-03	2.151025e+00
3.280000e-06	-4.447614e-03	1.978446e+00
3.290000e-06	-3.848526e-03	1.717920e+00
3.300000e-06	-3.941004e-03	1.475262e+00
3.310000e-06	-4.531419e-03	1.273157e+00
3.320000e-06	-4.400592e-03	9.713988e-01
3.330000e-06	-4.309989e-03	7.498422e-01
3.340000e-06	-4.198448e-03	5.057708e-01
3.350000e-06	-3.915735e-03	3.364122e-01
3.360000e-06	-3.184641e-03	8.363421e-02
3.370000e-06	2.258323e-03	-1.768173e-01
3.380000e-06	5.008339e-03	-3.473446e-01
3.390000e-06	-3.410132e-03	-5.352933e-01
3.400000e-06	2.745073e-03	-7.474024e-01
3.410000e-06	-2.961902e-03	-9.584749e-01
3.420000e-06	9.874990e-04	-1.178500e+00
3.430000e-06	-4.449088e-04	-1.421627e+00
3.440000e-06	3.370607e-02	-1.611580e+00
3.450000e-06	9.291550e-02	-1.840680e+00
3.460000e-06	-5.920726e-02	-2.127391e+00
3.470000e-06	-2.911747e-02	-2.474709e+00
3.480000e-06	-3.439866e-02	-2.715790e+00
3.490000e-06	-7.492309e-02	-2.841106e+00
3.500000e-06	4.471519e-02	-2.958420e+00
3.510000e-06	1.264757e-01	-3.127320e+00
3.520000e-06	-1.840508e-01	-3.412703e+00
3.530000e-06	1.730151e-01	-3.589424e+00
3.540000e-06	-7.697222e-02	-3.758042e+00
3.550000e-06	-5.788169e-02	-4.063106e+00
3.560000e-06	1.607955e-01	-4.240604e+00
3.570000e-06	-1.356880e-01	-4.471082e+00
3.580000e-06	6.580042e-02	-4.684663e+00
3.590000e-06	5.474026e-02	-4.850103e+00
3.600000e-06	-1.337773e-01	-5.116293e+00
3.610000e-06	1.498996e-01	-5.325921e+00
3.620000e-06	-1.303629e-01	-5.640581e+00
3.630000e-06	6.245701e-02	-5.809003e+00
3.640000e-06	1.640567e-02	-5.978968e+00
3.650000e-06	-6.130997e-02	-6.209052e+00
3.660000e-06	1.085263e-01	-6.398505e+00
3.670000e-06	-1.018387e-01	-6.610605e+00
3.680000e-06	9.873039e-02	-6.798954e+00
3.690000e-06	-6.676140e-02	-7.028521e+00
3.700000e-06	-1.451379e-02	-7.253110e+00
3.710000e-06	7.265159e-02	-7.368003e+00
3.720000e-06	-7.890197e-02	-7.587951e+00
3.730000e-06	8.931141e-02	-7.798680e+00
3.740000e-06	-6.309454e-02	-7.992556e+00
3.750000e-06	3.968882e-02	-8.178875e+00
3.760000e-06	-1.926181e-02	-8.296792e+00
3.770000e-06	-1.865010e-02	-8.463637e+00
3.780000e-06	5.046722e-02	-8.614112e+00
3.790000e-06	-2.904162e-02	-8.851058e+00
3.800000e-06	3.597645e-02	-8.968398e+00
3.810000e-06	-5.378308e-02	-9.117212e+00
3.820000e-06	4.171358e-02	-9.292160e+00
3.830000e-06	-8.149125e-03	-9.351997e+00
3.840000e-06	3.188562e-03	-9.557925e+00
3.850000e-06	5.667645e-04	-9.704787e+00
3.860000e-06	4.311000e-03	-9.841628e+00
3.870000e-06	1.449959e-02	-9.908846e+00
3.880000e-06	-2.314099e-02	-1.005431e+01
3.890000e-06	1.470610e-02	-1.025213e+01
3.900000e-06	-2.119165e-03	-1.039745e+01
3.910000e-06	1.320829e-02	-1.049529e+01
3.920000e-06	-1.515870e-02	-1.057905e+01
3.930000e-06	1.597113e-02	-1.072679e+01
3.940000e-06	3.873743e-03	-1.074898e+01
3.950000e-06	2.205928e-03	-1.089637e+01
3.960000e-06	-4.805878e-03	-1.100108e+01
3.970000e-06	6.167078e-03	-1.113682e+01
3.980000e-06	8.350149e-03	-1.122358e+01
3.990000e-06	-3.880865e-03	-1.131594e+01
4.000000e-06	8.790377e-03	-1.140006e+01
4.010000e-06	-5.978209e-04	-1.153432e+01
4.020000e-06	5.325154e-03	-1.156945e+01
4.030000e-06	-3.380876e-03	-1.163229e+01
4.040000e-06	1.078238e-02	-1.175747e+01
4.050000e-06	4.341309e-03	-1.180145e+01
4.060000e-06	6.534721e-03	-1.184619e+01
4.070000e-06	1.979912e-03	-1.190740e+01
4.080000e-06	3.508177e-03	-1.199003e+01
4.090000e-06	2.949497e-03	-1.200063e+01
4.100000e-06	3.567820e-03	-1.207469e+01
4.110000e-06	6.450570e-03	-1.207527e+01
4.120000e-06	2.822944e-03	-1.211587e+01
4.130000e-06	5.779350e-03	-1.216797e+01
4.140000e-06	5.806903e-03	-1.216900e+01
4.150000e-06	7.876357e-03	-1.215050e+01
4.160000e-06	4.418195e-03	-1.219108e+01
4.170000e-06	6.864323e-03	-1.219210e+01
4.180000e-06	1.055737e-02	-1.220263e+01
4.190000e-06	1.074611e-02	-1.221221e+01
4.200000e-06	1.132449e-02	-1.227311e+01
4.210000e-06	1.303745e-02	-1.219211e+01
4.220000e-06	1.537192e-02	-1.221206e+01
4.230000e-06	1.836364e-02	-1.219063e+01
4.240000e-06	2.186040e-02	-1.219205e+01
4.250000e-06	2.814243e-02	-1.217855e+01
4.260000e-06	3.296107e-02	-1.217752e+01
4.270000e-06	4.061191e-02	-1.213584e+01
4.280000e-06	5.188649e-02	-1.206469e+01
4.290000e-06	6.210818e-02	-1.206376e+01
4.300000e-06	6.137802e-02	-1.202013e+01
4.310000e-06	4.964807e-02	-1.185894e+01
4.320000e-06	3.572143e-02	-1.185624e+01
4.330000e-06	2.626754e-02	-1.182265e+01
4.340000e-06	1.987627e-02	-1.172787e+01
4.350000e-06	1.497824e-02	-1.167279e+01
4.360000e-06	1.182575e-02	-1.157710e+01
4.370000e-06	1.058924e-02	-1.149526e+01
4.380000e-06	1.059716e-02	-1.140100e+01
4.390000e-06	8.472450e-03	-1.126429e+01
4.400000e-06	6.401819e-03	-1.117943e+01
4.410000e-06	5.323959e-03	-1.106281e+01
4.420000e-06	5.332143e-03	-1.098905e+01
4.430000e-06	4.693342e-03	-1.087527e+01
4.440000e-06	4.272516e-03	-1.082003e+01
4.450000e-06	3.548950e-03	-1.068582e+01
4.460000e-06	3.255657e-03	-1.060061e+01
4.470000e-06	2.795456e-03	-1.045581e+01
4.480000e-06	2.480707e-03	-1.035898e+01
4.490000e-06	2.697782e-03	-1.022261e+01
4.500000e-06	1.863477e-03	-1.013637e+01
4.510000e-06	1.699590e-03	-1.000103e+01
4.520000e-06	2.351230e-03	-9.843633e+00
4.530000e-06	2.378346e-03	-9.737919e+00
4.540000e-06	1.776957e-03	-9.612656e+00
4.550000e-06	9.559432e-04	-9.454293e+00
4.560000e-06	2.566818e-04	-9.345267e+00
4.570000e-06	8.493573e-04	-9.168001e+00
4.580000e-06	9.573542e-04	-8.993632e+00
4.590000e-06	8.781475e-04	-8.893263e+00
4.600000e-06	-6.132120e-04	-8.707394e+00
4.610000e-06	2.358024e-04	-8.524893e+00
4.620000e-06	5.507142e-04	-8.369448e+00
4.630000e-06	3.539212e-05	-8.240082e+00
4.640000e-06	-1.269886e-03	-8.053683e+00
4.650000e-06	-1.389601e-03	-7.873258e+00
4.660000e-06	-1.377595e-03	-7.622634e+00
4.670000e-06	-1.511185e-03	-7.442256e+00
4.680000e-06	-1.967247e-03	-7.263260e+00
4.690000e-06	-1.359242e-03	-7.097293e+00
4.700000e-06	-2.527002e-03	-6.893639e+00
4.710000e-06	-2.635621e-03	-6.665787e+00
4.720000e-06	-2.499101e-03	-6.494917e+00
4.730000e-06	-2.489090e-03	-6.295941e+00
4.740000e-06	-2.646027e-03	-6.097415e+00
4.750000e-06	-2.827898e-03	-5.905337e+00
4.760000e-06	-3.065778e-03	-5.743891e+00
4.770000e-06	-3.725423e-03	-5.516901e+00
4.780000e-06	-3.359876e-03	-5.295237e+00
4.790000e-06	-3.801914e-03	-5.062162e+00
4.800000e-06	-3.238966e-03	-4.778974e+00
4.810000e-06	-3.063434e-03	-4.599000e+00
4.820000e-06	-3.776471e-03	-4.410026e+00
4.830000e-06	-3.039996e-03	-4.220582e+00
4.840000e-06	-2.406145e-03	-4.003075e+00
4.850000e-06	-3.477898e-03	-3.820479e+00
4.860000e-06	-3.029569e-03	-3.557451e+00
4.870000e-06	-5.349304e-03	-3.419049e+00
4.880000e-06	-3.449886e-03	-3.189275e+00
4.890000e-06	-5.415081e-03	-2.885841e+00
4.900000e-06	-3.305201e-03	-2.696309e+00
4.910000e-06	-4.796117e-03	-2.483712e+00
4.920000e-06	-3.303946e-03	-2.283659e+00
4.930000e-06	-4.307370e-03	-2.020475e+00
4.940000e-06	-3.109218e-03	-1.779025e+00
4.950000e-06	-4.963380e-03	-1.589920e+00
4.960000e-06	-4.546943e-03	-1.296791e+00
4.970000e-06	-5.843025e-03	-1.074159e+00
4.980000e-06	-4.671657e-03	-8.516553e-01
4.990000e-06	-6.025523e-03	-6.020264e-01
5.000000e-06	-4.377328e-03	-3.599949e-01
5.010000e-06	-4.269710e-03	-1.784674e-01
5.020000e-06	-7.759924e-04	7.008007e-02
5.030000e-06	5.934871e-03	3.356645e-01
5.040000e-06	-4.139108e-03	5.047117e-01
5.050000e-06	1.373011e-03	6.937132e-01
5.060000e-06	-3.368599e-03	9.351940e-01
5.070000e-06	-1.142217e-03	1.149316e+00
5.080000e-06	-3.931431e-03	1.348947e+00
5.090000e-06	2.218389e-03	1.598953e+00
5.100000e-06	2.643400e-02	1.800128e+00
5.110000e-06	7.575270e-02	2.011133e+00
5.120000e-06	-2.966225e-02	2.283688e+00
5.130000e-06	-5.191983e-02	2.515293e+00
5.140000e-06	-2.580711e-02	2.818451e+00
5.150000e-06	-3.530085e-02	2.956475e+00
5.160000e-06	-6.595294e-02	3.137766e+00
5.170000e-06	1.403321e-01	3.305235e+00
5.180000e-06	-3.679294e-02	3.538368e+00
5.190000e-06	-8.152245e-02	3.632687e+00
5.200000e-06	1.604351e-01	3.946237e+00
5.210000e-06	-1.346244e-01	4.108811e+00
5.220000e-06	4.308930e-02	4.328426e+00
5.230000e-06	4.514005e-02	4.579447e+00
5.240000e-06	-7.505089e-02	4.828976e+00
5.250000e-06	5.289971e-02	5.072135e+00
5.260000e-06	-2.612379e-02	5.327241e+00
5.270000e-06	-7.465956e-03	5.528266e+00
5.280000e-06	1.106258e-02	5.756414e+00
5.290000e-06	-3.265920e-02	5.969347e+00
5.300000e-06	1.238593e-02	6.166867e+00
5.310000e-06	-2.341244e-02	6.306941e+00
5.320000e-06	3.811999e-02	6.570442e+00
5.330000e-06	-1.844958e-02	6.767879e+00
5.340000e-06	-2.857445e-03	6.959900e+00
5.350000e-06	1.079207e-02	7.165948e+00
5.360000e-06	-4.461128e-02	7.294738e+00
5.370000e-06	2.579287e-02	7.556397e+00
5.380000e-06	-1.220794e-02	7.737421e+00
5.390000e-06	2.154366e-03	7.936897e+00
5.400000e-06	4.124795e-04	8.157397e+00
5.410000e-06	-2.188456e-02	8.314815e+00
5.420000e-06	2.080373e-03	8.463136e+00
5.430000e-06	-7.833337e-03	8.579474e+00
5.440000e-06	7.425373e-03	8.777373e+00
5.450000e-06	-1.464942e-02	8.854262e+00
5.460000e-06	1.720691e-03	9.072659e+00
5.470000e-06	-3.067505e-03	9.230560e+00
5.480000e-06	-1.724137e-02	9.368996e+00
5.490000e-06	1.430891e-03	9.494241e+00
5.500000e-06	-6.386019e-03	9.602132e+00
5.510000e-06	3.996380e-04	9.798005e+00
5.520000e-06	-1.374512e-02	9.936744e+00
5.530000e-06	1.313759e-03	1.010426e+01
5.540000e-06	-6.753248e-03	1.015102e+01
5.550000e-06	-1.085676e-02	1.033879e+01
5.560000e-06	-1.002379e-02	1.043356e+01
5.570000e-06	-2.295224e-03	1.055898e+01
5.580000e-06	-3.877042e-03	1.065584e+01
5.590000e-06	-1.116951e-02	1.079951e+01
5.600000e-06	-2.958079e-03	1.090837e+01
5.610000e-06	-7.014388e-03	1.100063e+01
5.620000e-06	-6.946104e-03	1.111627e+01
5.630000e-06	-1.072396e-02	1.116045e+01
5.640000e-06	-3.737658e-03	1.132634e+01
5.650000e-06	-7.633946e-03	1.142116e+01
5.660000e-06	-9.826861e-03	1.150734e+01
5.670000e-06	-5.611263e-03	1.157198e+01
5.680000e-06	-8.186397e-03	1.168486e+01
5.690000e-06	-9.430469e-03	1.175700e+01
5.700000e-06	-9.965672e-03	1.179313e+01
5.710000e-06	-3.450434e-03	1.186416e+01
5.720000e-06	-6.997261e-03	1.193727e+01
5.730000e-06	-1.045123e-02	1.195953e+01
5.740000e-06	-1.096155e-02	1.204098e+01
5.750000e-06	-9.802436e-03	1.202329e+01
5.760000e-06	-1.134887e-02	1.208527e+01
5.770000e-06	-1.100607e-02	1.212642e+01
5.780000e-06	-1.072859e-02	1.214895e+01
5.790000e-06	-1.168515e-02	1.219053e+01
5.800000e-06	-1.149004e-02	1.221263e+01
5.810000e-06	-1.303013e-02	1.224363e+01
5.820000e-06	-1.417314e-02	1.221209e+01
5.830000e-06	-1.363528e-02	1.224418e+01
5.840000e-06	-1.555045e-02	1.225469e+01
5.850000e-06	-1.629673e-02	1.222571e+01
5.860000e-06	-2.002143e-02	1.226416e+01
5.870000e-06	-1.972681e-02	1.225426e+01
5.880000e-06	-2.354821e-02	1.227521e+01
5.890000e-06	-2.683117e-02	1.222418e+01
5.900000e-06	-3.072553e-02	1.220306e+01
5.910000e-06	-3.533894e-02	1.220108e+01
5.920000e-06	-4.368704e-02	1.220002e+01
5.930000e-06	-5.495639e-02	1.218947e+01
5.940000e-06	-6.451923e-02	1.203582e+01
5.950000e-06	-6.833082e-02	1.205276e+01
5.960000e-06	-6.037978e-02	1.200055e+01
5.970000e-06	-4.793086e-02	1.191892e+01
5.980000e-06	-3.468128e-02	1.189731e+01
5.990000e-06	-2.854312e-02	1.179268e+01
6.000000e-06	-2.429500e-02	1.175805e+01
6.010000e-06	-2.115623e-02	1.168687e+01
6.020000e-06	-1.831882e-02	1.156461e+01
6.030000e-06	-1.464449e-02	1.148690e+01
6.040000e-06	-1.421554e-02	1.143218e+01
6.050000e-06	-1.429611e-02	1.126642e+01
6.060000e-06	-1.316295e-02	1.121056e+01
6.070000e-06	-1.303791e-02	1.110632e+01
6.080000e-06	-1.157885e-02	1.101166e+01
6.090000e-06	-1.249756e-02	1.089842e+01
6.100000e-06	-1.116910e-02	1.084263e+01
6.110000e-06	-1.036749e-02	1.069845e+01
6.120000e-06	-9.065347e-03	1.061368e+01
6.130000e-06	-9.964556e-03	1.050627e+01
6.140000e-06	-1.062482e-02	1.035805e+01
6.150000e-06	-9.298572e-03	1.022266e+01
6.160000e-06	-9.661754e-03	1.014802e+01
6.170000e-06	-8.227829e-03	9.993153e+00
6.180000e-06	-9.355504e-03	9.874312e+00
6.190000e-06	-8.420550e-03	9.705868e+00
6.200000e-06	-8.627274e-03	9.590426e+00
6.210000e-06	-7.855825e-03	9.413084e+00
6.220000e-06	-8.333926e-03	9.296766e+00
6.230000e-06	-7.148457e-03	9.129500e+00
6.240000e-06	-8.520515e-03	9.011129e+00
6.250000e-06	-6.057656e-03	8.851658e+00
6.260000e-06	-6.872434e-03	8.694258e+00
6.270000e-06	-5.877239e-03	8.496291e+00
6.280000e-06	-7.657891e-03	8.389077e+00
6.290000e-06	-6.720909e-03	8.211546e+00
6.300000e-06	-7.437360e-03	8.022054e+00
6.310000e-06	-6.325540e-03	7.831087e+00
6.320000e-06	-5.820784e-03	7.621210e+00
6.330000e-06	-5.810138e-03	7.411683e+00
6.340000e-06	-5.494823e-03	7.193134e+00
6.350000e-06	-6.405000e-03	7.052609e+00
6.360000e-06	-6.143450e-03	6.905211e+00
6.370000e-06	-6.614552e-03	6.675316e+00
6.380000e-06	-5.803330e-03	6.465710e+00
6.390000e-06	-6.072776e-03	6.273187e+00
6.400000e-06	-5.805462e-03	6.104711e+00
6.410000e-06	-5.575796e-03	5.957313e+00
6.420000e-06	-5.283001e-03	5.654236e+00
6.430000e-06	-5.358635e-03	5.472688e+00
6.440000e-06	-6.585413e-03	5.263213e+00
6.450000e-06	-5.583498e-03	5.022127e+00
6.460000e-06	-5.068296e-03	4.758950e+00
6.470000e-06	-5.463662e-03	4.570470e+00
6.480000e-06	-4.254625e-03	4.391501e+00
6.490000e-06	-4.408906e-03	4.169968e+00
6.500000e-06	-4.667327e-03	3.937367e+00
6.510000e-06	-5.252846e-03	3.747967e+00
6.520000e-06	-5.446919e-03	3.538393e+00
6.530000e-06	-4.632163e-03	3.305264e+00
6.540000e-06	-4.745850e-03	3.065737e+00
6.550000e-06	-4.857318e-03	2.873184e+00
6.560000e-06	-5.063106e-03	2.655308e+00
6.570000e-06	-4.662646e-03	2.381055e+00
6.580000e-06	-3.969540e-03	2.149924e+00
6.590000e-06	-3.668902e-03	1.949949e+00
6.600000e-06	-4.016276e-03	1.701025e+00
6.610000e-06	-4.500102e-03	1.504761e+00
6.620000e-06	-4.619853e-03	1.254709e+00
6.630000e-06	-3.706015e-03	1.051048e+00
6.640000e-06	-4.123526e-03	7.789437e-01
6.650000e-06	-3.424906e-03	5.263171e-01
6.660000e-06	-4.181473e-03	3.353921e-01
6.670000e-06	-3.178877e-03	4.315928e-02
6.680000e-06	1.649636e-03	-1.077944e-01
6.690000e-06	5.837741e-03	-3.573171e-01
6.700000e-06	-3.212224e-03	-5.463146e-01
6.710000e-06	3.235824e-03	-7.899249e-01
6.720000e-06	-3.365041e-03	-9.689208e-01
6.730000e-06	1.923498e-03	-1.176395e+00
6.740000e-06	-4.516973e-04	-1.410055e+00
6.750000e-06	2.977990e-02	-1.630156e+00
6.760000e-06	9.254975e-02	-1.790955e+00
6.770000e-06	-5.246404e-02	-2.143815e+00
6.780000e-06	-3.319622e-02	-2.442630e+00
6.790000e-06	-3.143338e-02	-2.714210e+00
6.800000e-06	-7.435924e-02	-2.852005e+00
6.810000e-06	3.468407e-02	-3.017900e+00
6.820000e-06	1.391559e-01	-3.124872e+00
6.830000e-06	-1.826166e-01	-3.421998e+00
6.840000e-06	1.633019e-01	-3.578374e+00
6.850000e-06	-6.110513e-02	-3.706916e+00
6.860000e-06	-7.579627e-02	-4.052152e+00
6.870000e-06	1.672805e-01	-4.202080e+00
6.880000e-06	-1.268763e-01	-4.431580e+00
6.890000e-06	5.490850e-02	-4.704054e+00
6.900000e-06	6.973728e-02	-4.810582e+00
6.910000e-06	-1.473165e-01	-5.155791e+00
6.920000e-06	1.502112e-01	-5.315317e+00
6.930000e-06	-1.216002e-01	-5.609448e+00
6.940000e-06	5.057149e-02	-5.789503e+00
6.950000e-06	2.628014e-02	-5.976876e+00
6.960000e-06	-7.055349e-02	-6.189048e+00
6.970000e-06	1.124425e-01	-6.407426e+00
6.980000e-06	-1.001268e-01	-6.631534e+00
6.990000e-06	9.390615e-02	-6.810451e+00
7.000000e-06	-5.252527e-02	-6.988121e+00
7.010000e-06	-2.755835e-02	-7.231582e+00
7.020000e-06	7.902370e-02	-7.356475e+00
7.030000e-06	-8.364246e-02	-7.580551e+00
7.040000e-06	9.060340e-02	-7.787471e+00
7.050000e-06	-5.779399e-02	-7.980529e+00
7.060000e-06	3.241372e-02	-8.148422e+00
7.070000e-06	-1.314733e-02	-8.315791e+00
7.080000e-06	-2.501209e-02	-8.492637e+00
7.090000e-06	5.518048e-02	-8.631177e+00
7.100000e-06	-3.021972e-02	-8.830030e+00
7.110000e-06	3.812411e-02	-8.959446e+00
7.120000e-06	-5.366046e-02	-9.054768e+00
7.130000e-06	3.703344e-02	-9.259534e+00
7.140000e-06	-4.934122e-03	-9.319472e+00
7.150000e-06	1.202393e-03	-9.558426e+00
7.160000e-06	2.914839e-03	-9.682188e+00
7.170000e-06	2.370598e-03	-9.830608e+00
7.180000e-06	1.677165e-02	-9.947347e+00
7.190000e-06	-2.457558e-02	-1.006319e+01
7.200000e-06	1.486279e-02	-1.017019e+01
7.210000e-06	-2.092852e-03	-1.034942e+01
7.220000e-06	1.185559e-02	-1.047521e+01
7.230000e-06	-1.575899e-02	-1.059910e+01
7.240000e-06	1.576749e-02	-1.071584e+01
7.250000e-06	6.217489e-03	-1.080050e+01
7.260000e-06	1.798373e-03	-1.092632e+01
7.270000e-06	-4.367757e-03	-1.096950e+01
7.280000e-06	5.023355e-03	-1.116784e+01
7.290000e-06	9.690435e-03	-1.121841e+01
7.300000e-06	-4.595054e-03	-1.131632e+01
7.310000e-06	8.406813e-03	-1.140158e+01
7.320000e-06	2.131981e-04	-1.149429e+01
7.330000e-06	5.798924e-03	-1.155998e+01
7.340000e-06	-3.352425e-03	-1.165271e+01
7.350000e-06	1.035540e-02	-1.175799e+01
7.360000e-06	4.610323e-03	-1.179106e+01
7.370000e-06	5.709841e-03	-1.187573e+01
7.380000e-06	1.667910e-03	-1.184732e+01
7.390000e-06	4.321099e-03	-1.197050e+01
7.400000e-06	4.311086e-03	-1.199060e+01
7.410000e-06	2.164382e-03	-1.205519e+01
7.420000e-06	6.438894e-03	-1.210524e+01
7.430000e-06	3.603457e-03	-1.211540e+01
7.440000e-06	5.494758e-03	-1.216690e+01
7.450000e-06	5.855562e-03	-1.215800e+01
7.460000e-06	7.637897e-03	-1.221005e+01
7.470000e-06	5.468395e-03	-1.220153e+01
7.480000e-06	8.845498e-03	-1.219266e+01
7.490000e-06	9.365630e-03	-1.224263e+01
7.500000e-06	1.082796e-02	-1.223313e+01
7.510000e-06	9.700723e-03	-1.224066e+01
7.520000e-06	1.256732e-02	-1.220311e+01
7.530000e-06	1.438986e-02	-1.221113e+01
7.540000e-06	1.888138e-02	-1.221158e+01
7.550000e-06	2.239015e-02	-1.220010e+01
7.560000e-06	2.771135e-02	-1.217850e+01
7.570000e-06	3.301124e-02	-1.215747e+01
7.580000e-06	4.017709e-02	-1.214744e+01
7.590000e-06	5.222346e-02	-1.209527e+01
7.600000e-06	6.224645e-02	-1.207011e+01
7.610000e-06	6.007406e-02	-1.197154e+01
7.620000e-06	5.163009e-02	-1.194737e+01
7.630000e-06	3.804956e-02	-1.189574e+01
7.640000e-06	2.664236e-02	-1.181258e+01
7.650000e-06	2.054497e-02	-1.173537e+01
7.660000e-06	1.296996e-02	-1.168226e+01
7.670000e-06	1.359884e-02	-1.157895e+01
7.680000e-06	9.028961e-03	-1.147589e+01
7.690000e-06	1.162552e-02	-1.135950e+01
7.700000e-06	7.922114e-03	-1.128529e+01
7.710000e-06	7.868933e-03	-1.118995e+01
7.720000e-06	5.672076e-03	-1.112327e+01
7.730000e-06	6.863830e-03	-1.096900e+01
7.740000e-06	5.006352e-03	-1.089374e+01
7.750000e-06	4.416318e-03	-1.081960e+01
7.760000e-06	1.580052e-03	-1.069634e+01
7.770000e-06	3.373156e-03	-1.056161e+01
7.780000e-06	2.331847e-03	-1.049575e+01
7.790000e-06	3.111081e-03	-1.039948e+01
7.800000e-06	2.491107e-03	-1.025424e+01
7.810000e-06	2.275559e-03	-1.010737e+01
7.820000e-06	3.620829e-03	-9.990454e+00
7.830000e-06	2.600443e-03	-9.874209e+00
7.840000e-06	9.681602e-04	-9.737972e+00
7.850000e-06	1.681442e-04	-9.601657e+00
7.860000e-06	9.196459e-04	-9.477812e+00
7.870000e-06	6.864462e-04	-9.348768e+00
7.880000e-06	4.919275e-04	-9.179524e+00
7.890000e-06	7.304049e-04	-9.034630e+00
7.900000e-06	1.504893e-03	-8.924786e+00
7.910000e-06	-1.142597e-05	-8.716394e+00
7.920000e-06	-1.344715e-04	-8.549418e+00
7.930000e-06	2.012124e-04	-8.379473e+00
7.940000e-06	-1.032081e-03	-8.250155e+00
7.950000e-06	-1.334158e-03	-8.054159e+00
7.960000e-06	-1.755673e-03	-7.883732e+00
7.970000e-06	-9.987267e-04	-7.653742e+00
7.980000e-06	-2.548622e-04	-7.445734e+00
7.990000e-06	-1.706977e-03	-7.284686e+00
8.000000e-06	-2.018221e-03	-7.076311e+00
8.010000e-06	-2.759236e-03	-6.863211e+00
8.020000e-06	-1.938832e-03	-6.703837e+00
8.030000e-06	-2.915529e-03	-6.496366e+00
8.040000e-06	-3.525330e-03	-6.346366e+00
8.050000e-06	-3.266338e-03	-6.135765e+00
8.060000e-06	-2.948372e-03	-5.905767e+00
8.070000e-06	-2.422794e-03	-5.726367e+00
8.080000e-06	-4.099241e-03	-5.485920e+00
8.090000e-06	-3.158079e-03	-5.314290e+00
8.100000e-06	-3.632180e-03	-5.052713e+00
8.110000e-06	-2.428116e-03	-4.789552e+00
8.120000e-06	-3.625945e-03	-4.578452e+00
8.130000e-06	-3.187901e-03	-4.422083e+00
8.140000e-06	-3.527404e-03	-4.211602e+00
8.150000e-06	-3.233069e-03	-4.051654e+00
8.160000e-06	-3.749497e-03	-3.800624e+00
8.170000e-06	-1.921439e-03	-3.589500e+00
8.180000e-06	-4.760519e-03	-3.379023e+00
8.190000e-06	-4.433454e-03	-3.139474e+00
8.200000e-06	-5.948944e-03	-2.914767e+00
8.210000e-06	-2.527627e-03	-2.684737e+00
8.220000e-06	-4.451242e-03	-2.455688e+00
8.230000e-06	-2.857125e-03	-2.265263e+00
8.240000e-06	-5.268307e-03	-2.011130e+00
8.250000e-06	-3.390094e-03	-1.812051e+00
8.260000e-06	-4.300891e-03	-1.610426e+00
8.270000e-06	-5.308319e-03	-1.307839e+00
8.280000e-06	-6.056143e-03	-1.041656e+00
8.290000e-06	-5.018139e-03	-8.536542e-01
8.300000e-06	-3.942873e-03	-6.315764e-01
8.310000e-06	-4.451520e-03	-3.879486e-01
8.320000e-06	-4.231995e-03	-1.790236e-01
8.330000e-06	-1.730620e-03	8.163270e-02
8.340000e-06	5.565992e-03	2.942145e-01
8.350000e-06	-4.211870e-03	4.647869e-01
8.360000e-06	1.279053e-03	6.932357e-01
8.370000e-06	-2.887811e-03	8.645341e-01
8.380000e-06	-1.430052e-04	1.146768e+00
8.390000e-06	-4.289523e-03	1.357922e+00
8.400000e-06	1.481566e-03	1.582050e+00
8.410000e-06	2.471954e-02	1.831052e+00
8.420000e-06	7.590703e-02	2.010981e+00
8.430000e-06	-2.260512e-02	2.264134e+00
8.440000e-06	-5.589213e-02	2.485762e+00
8.450000e-06	-2.548100e-02	2.799399e+00
8.460000e-06	-3.401336e-02	2.968347e+00
8.470000e-06	-6.720382e-02	3.105862e+00
8.480000e-06	1.321316e-01	3.254185e+00
8.490000e-06	-2.042574e-02	3.546767e+00
8.500000e-06	-9.682126e-02	3.684163e+00
8.510000e-06	1.670829e-01	3.945258e+00
8.520000e-06	-1.299131e-01	4.117243e+00
8.530000e-06	3.416269e-02	4.399396e+00
8.540000e-06	4.975244e-02	4.578927e+00
8.550000e-06	-7.849576e-02	4.738375e+00
8.560000e-06	5.164494e-02	5.071154e+00
8.570000e-06	-2.026758e-02	5.306240e+00
8.580000e-06	-1.135192e-02	5.506788e+00
8.590000e-06	1.296543e-02	5.696313e+00
8.600000e-06	-3.276838e-02	5.977399e+00
8.610000e-06	1.141794e-02	6.116818e+00
8.620000e-06	-2.422606e-02	6.328872e+00
8.630000e-06	3.746440e-02	6.497347e+00
8.640000e-06	-1.413519e-02	6.786954e+00
8.650000e-06	-7.450781e-03	6.958922e+00
8.660000e-06	1.294391e-02	7.118371e+00
8.670000e-06	-4.614909e-02	7.267843e+00
8.680000e-06	2.639881e-02	7.515297e+00
8.690000e-06	-1.136380e-02	7.758895e+00
8.700000e-06	-2.199895e-03	7.939346e+00
8.710000e-06	2.652908e-03	8.166867e+00
8.720000e-06	-2.276169e-02	8.306767e+00
8.730000e-06	3.680105e-03	8.383159e+00
8.740000e-06	-1.004012e-02	8.570950e+00
8.750000e-06	8.463549e-03	8.717396e+00
8.760000e-06	-1.388792e-02	8.874713e+00
8.770000e-06	9.131600e-04	9.046233e+00
8.780000e-06	-2.425418e-03	9.210631e+00
8.790000e-06	-1.758546e-02	9.359445e+00
8.800000e-06	1.566026e-03	9.485715e+00
8.810000e-06	-7.047067e-03	9.602156e+00
8.820000e-06	1.005055e-03	9.779980e+00
8.830000e-06	-1.303933e-02	9.946821e+00
8.840000e-06	9.517463e-04	1.008716e+01
8.850000e-06	-6.476649e-03	1.016847e+01
8.860000e-06	-1.114757e-02	1.029727e+01
8.870000e-06	-9.526994e-03	1.038158e+01
8.880000e-06	-2.870366e-03	1.055907e+01
8.890000e-06	-2.774259e-03	1.065426e+01
8.900000e-06	-1.157437e-02	1.075105e+01
8.910000e-06	-2.584756e-03	1.092634e+01
8.920000e-06	-6.034853e-03	1.100065e+01
8.930000e-06	-7.484832e-03	1.110826e+01
8.940000e-06	-1.146753e-02	1.118903e+01
8.950000e-06	-4.469099e-03	1.134492e+01
8.960000e-06	-6.532569e-03	1.138010e+01
8.970000e-06	-9.023176e-03	1.150634e+01
8.980000e-06	-6.310259e-03	1.163302e+01
8.990000e-06	-8.769956e-03	1.167421e+01
9.000000e-06	-8.678838e-03	1.175894e+01
9.010000e-06	-8.988450e-03	1.182066e+01
9.020000e-06	-3.643139e-03	1.186419e+01
9.030000e-06	-8.062809e-03	1.189677e+01
9.040000e-06	-1.018519e-02	1.197037e+01
9.050000e-06	-1.045190e-02	1.200008e+01
9.060000e-06	-9.068226e-03	1.205309e+01
9.070000e-06	-1.106808e-02	1.208534e+01
9.080000e-06	-1.035670e-02	1.212842e+01
9.090000e-06	-1.003638e-02	1.214852e+01
9.100000e-06	-1.185516e-02	1.216998e+01
9.110000e-06	-1.160125e-02	1.220358e+01
9.120000e-06	-1.173153e-02	1.223458e+01
9.130000e-06	-1.262121e-02	1.220315e+01
9.140000e-06	-1.551037e-02	1.226461e+01
9.150000e-06	-1.569563e-02	1.225473e+01
9.160000e-06	-1.722742e-02	1.222521e+01
9.170000e-06	-1.787212e-02	1.229516e+01
9.180000e-06	-1.951995e-02	1.226473e+01
9.190000e-06	-2.404053e-02	1.225473e+01
9.200000e-06	-2.430590e-02	1.227419e+01
9.210000e-06	-3.043421e-02	1.222310e+01
9.220000e-06	-3.610841e-02	1.222057e+01
9.230000e-06	-4.372596e-02	1.216947e+01
9.240000e-06	-5.466293e-02	1.212802e+01
9.250000e-06	-6.294697e-02	1.213627e+01
9.260000e-06	-6.798826e-02	1.204423e+01
9.270000e-06	-6.116693e-02	1.200903e+01
9.280000e-06	-4.902154e-02	1.195852e+01
9.290000e-06	-3.604566e-02	1.188629e+01
9.300000e-06	-2.715757e-02	1.185416e+01
9.310000e-06	-2.309672e-02	1.176010e+01
9.320000e-06	-2.050808e-02	1.171579e+01
9.330000e-06	-1.855682e-02	1.160258e+01
9.340000e-06	-1.677721e-02	1.147949e+01
9.350000e-06	-1.476870e-02	1.142263e+01
9.360000e-06	-1.490642e-02	1.131534e+01
9.370000e-06	-1.322269e-02	1.119103e+01
9.380000e-06	-1.417987e-02	1.109689e+01
9.390000e-06	-1.085900e-02	1.102261e+01
9.400000e-06	-1.151633e-02	1.097839e+01
9.410000e-06	-1.086144e-02	1.082321e+01
9.420000e-06	-1.045837e-02	1.073695e+01
9.430000e-06	-9.775635e-03	1.063218e+01
9.440000e-06	-1.019009e-02	1.049642e+01
9.450000e-06	-1.025931e-02	1.037053e+01
9.460000e-06	-9.703839e-03	1.024363e+01
9.470000e-06	-1.021723e-02	1.014890e+01
9.480000e-06	-8.547468e-03	1.004216e+01
9.490000e-06	-9.396949e-03	9.856288e+00
9.500000e-06	-8.235599e-03	9.708942e+00
9.510000e-06	-8.516101e-03	9.578475e+00
9.520000e-06	-7.300516e-03	9.451633e+00
9.530000e-06	-7.949837e-03	9.337294e+00
9.540000e-06	-6.978260e-03	9.180977e+00
9.550000e-06	-8.388955e-03	9.012649e+00
9.560000e-06	-6.331693e-03	8.833231e+00
9.570000e-06	-7.474107e-03	8.694262e+00
9.580000e-06	-7.341576e-03	8.536344e+00
9.590000e-06	-6.562911e-03	8.360974e+00
9.600000e-06	-5.806111e-03	8.240105e+00
9.610000e-06	-6.647805e-03	8.022128e+00
9.620000e-06	-6.206781e-03	7.852156e+00
9.630000e-06	-5.795241e-03	7.624757e+00
9.640000e-06	-6.218777e-03	7.433178e+00
9.650000e-06	-6.475740e-03	7.204212e+00
9.660000e-06	-6.216077e-03	7.053656e+00
9.670000e-06	-6.110572e-03	6.874708e+00
9.680000e-06	-6.034088e-03	6.644807e+00
9.690000e-06	-6.116261e-03	6.473757e+00
9.700000e-06	-5.418437e-03	6.274233e+00
9.710000e-06	-5.186314e-03	6.095861e+00
9.720000e-06	-4.994462e-03	5.897345e+00
9.730000e-06	-6.378444e-03	5.715863e+00
9.740000e-06	-5.457600e-03	5.485813e+00
9.750000e-06	-6.199972e-03	5.284386e+00
9.760000e-06	-6.190245e-03	5.031108e+00
9.770000e-06	-5.697933e-03	4.807951e+00
9.780000e-06	-5.077850e-03	4.561449e+00
9.790000e-06	-4.589409e-03	4.390455e+00
9.800000e-06	-3.860459e-03	4.157548e+00
9.810000e-06	-3.928405e-03	3.968420e+00
9.820000e-06	-4.577672e-03	3.748947e+00
9.830000e-06	-5.362619e-03	3.579368e+00
9.840000e-06	-6.154366e-03	3.317337e+00
9.850000e-06	-6.441406e-03	3.094761e+00
9.860000e-06	-6.367358e-03	2.882762e+00
9.870000e-06	-4.638535e-03	2.665261e+00
9.880000e-06	-3.838563e-03	2.432504e+00
9.890000e-06	-3.642128e-03	2.209545e+00
9.900000e-06	-3.611614e-03	1.959997e+00
9.910000e-06	-4.147570e-03	1.777469e+00
9.920000e-06	-4.027055e-03	1.504317e+00
9.930000e-06	-5.256829e-03	1.284282e+00
9.940000e-06	-5.570815e-03	1.032151e+00
9.950000e-06	-5.915674e-03	7.589473e-01
9.960000e-06	-4.230489e-03	5.753448e-01
9.970000e-06	-3.209503e-03	3.478424e-01
9.980000e-06	-2.092151e-03	8.425921e-02
9.990000e-06	1.427451e-03	-1.253432e-01
1.000000e-05	6.332685e-03	-3.393159e-01
1.001000e-05	-3.157180e-03	-5.153418e-01
1.002000e-05	2.795911e-03	-8.199261e-01
1.003000e-05	-4.417856e-03	-9.673948e-01
1.004000e-05	7.124936e-04	-1.116395e+00
1.005000e-05	-9.110359e-04	-1.410670e+00
1.006000e-05	2.798342e-02	-1.611051e+00
1.007000e-05	9.250105e-02	-1.819003e+00
1.008000e-05	-4.642307e-02	-2.083213e+00
1.009000e-05	-3.614426e-02	-2.469480e+00
1.010000e-05	-2.685860e-02	-2.702212e+00
1.011000e-05	-7.420168e-02	-2.801580e+00
1.012000e-05	2.097516e-02	-2.915967e+00
1.013000e-05	1.497324e-01	-3.115822e+00
1.014000e-05	-1.794501e-01	-3.410951e+00
1.015000e-05	1.543493e-01	-3.609922e+00
1.016000e-05	-4.589302e-02	-3.736400e+00
1.017000e-05	-9.198399e-02	-4.062503e+00
1.018000e-05	1.715646e-01	-4.219506e+00
1.019000e-05	-1.210179e-01	-4.401032e+00
1.020000e-05	3.900915e-02	-4.622180e+00
1.021000e-05	8.280385e-02	-4.841983e+00
1.022000e-05	-1.542224e-01	-5.094812e+00
1.023000e-05	1.508374e-01	-5.293217e+00
1.024000e-05	-1.126708e-01	-5.589456e+00
1.025000e-05	3.851159e-02	-5.789000e+00
1.026000e-05	3.984526e-02	-5.957822e+00
1.027000e-05	-7.844957e-02	-6.199004e+00
1.028000e-05	1.148566e-01	-6.398527e+00
1.029000e-05	-9.848992e-02	-6.641003e+00
1.030000e-05	8.552921e-02	-6.759527e+00
1.031000e-05	-4.084341e-02	-6.978474e+00
1.032000e-05	-3.980250e-02	-7.241575e+00
1.033000e-05	8.811697e-02	-7.348424e+00
1.034000e-05	-8.683159e-02	-7.609851e+00
1.035000e-05	8.876560e-02	-7.760048e+00
1.036000e-05	-5.403088e-02	-7.958902e+00
1.037000e-05	2.580453e-02	-8.169393e+00
1.038000e-05	-5.059078e-03	-8.315242e+00
1.039000e-05	-3.275437e-02	-8.433133e+00
1.040000e-05	6.013861e-02	-8.612653e+00
1.041000e-05	-3.137949e-02	-8.809058e+00
1.042000e-05	3.855416e-02	-8.917921e+00
1.043000e-05	-5.284460e-02	-9.085214e+00
1.044000e-05	3.264694e-02	-9.190631e+00
1.045000e-05	-8.704598e-05	-9.338953e+00
1.046000e-05	-2.496427e-03	-9.577846e+00
1.047000e-05	5.733731e-03	-9.654288e+00
1.048000e-05	-3.875437e-04	-9.832630e+00
1.049000e-05	1.900229e-02	-9.927318e+00
1.050000e-05	-2.449994e-02	-1.007584e+01
1.051000e-05	1.446620e-02	-1.022358e+01
1.052000e-05	-1.816817e-03	-1.033793e+01
1.053000e-05	1.262419e-02	-1.050471e+01
1.054000e-05	-1.375582e-02	-1.056988e+01
1.055000e-05	1.410436e-02	-1.072677e+01
1.056000e-05	7.018111e-03	-1.077995e+01
1.057000e-05	-1.610436e-04	-1.094574e+01
1.058000e-05	-3.724484e-03	-1.098055e+01
1.059000e-05	2.908018e-03	-1.111536e+01
1.060000e-05	1.067007e-02	-1.119108e+01
1.061000e-05	-3.689068e-03	-1.130634e+01
1.062000e-05	1.005587e-02	-1.139011e+01
1.063000e-05	-7.092404e-04	-1.149422e+01
1.064000e-05	4.781644e-03	-1.155792e+01
1.065000e-05	-4.267023e-03	-1.165221e+01
1.066000e-05	9.482339e-03	-1.173802e+01
1.067000e-05	4.247390e-03	-1.183363e+01
1.068000e-05	6.298622e-03	-1.183476e+01
1.069000e-05	2.693335e-03	-1.191489e+01
1.070000e-05	3.825874e-03	-1.196005e+01
1.071000e-05	3.498364e-03	-1.202058e+01
1.072000e-05	2.622581e-03	-1.205363e+01
1.073000e-05	7.154859e-03	-1.209479e+01
1.074000e-05	3.389489e-03	-1.213689e+01
1.075000e-05	5.790775e-03	-1.214795e+01
1.076000e-05	5.851992e-03	-1.218755e+01
1.077000e-05	7.454054e-03	-1.216945e+01
1.078000e-05	5.503921e-03	-1.221155e+01
1.079000e-05	7.506188e-03	-1.221166e+01
1.080000e-05	1.122558e-02	-1.220308e+01
1.081000e-05	1.041716e-02	-1.223256e+01
1.082000e-05	9.901419e-03	-1.222215e+01
1.083000e-05	1.262580e-02	-1.222368e+01
1.084000e-05	1.568259e-02	-1.218210e+01
1.085000e-05	1.873235e-02	-1.220956e+01
1.086000e-05	2.178432e-02	-1.219110e+01
1.087000e-05	2.762936e-02	-1.219853e+01
1.088000e-05	3.323095e-02	-1.214852e+01
1.089000e-05	4.095837e-02	-1.213591e+01
1.090000e-05	5.176969e-02	-1.208334e+01
1.091000e-05	6.129694e-02	-1.207466e+01
1.092000e-05	6.296935e-02	-1.197103e+01
1.093000e-05	5.005069e-02	-1.191748e+01
1.094000e-05	3.784752e-02	-1.185571e+01
1.095000e-05	2.644489e-02	-1.179215e+01
1.096000e-05	2.016648e-02	-1.174650e+01
1.097000e-05	1.605704e-02	-1.166379e+01
1.098000e-05	1.260764e-02	-1.157908e+01
1.099000e-05	1.337945e-02	-1.146574e+01
1.100000e-05	1.004079e-02	-1.137108e+01
1.101000e-05	7.311211e-03	-1.129679e+01
1.102000e-05	6.386655e-03	-1.120003e+01
1.103000e-05	6.184865e-03	-1.109681e+01
1.104000e-05	6.962638e-03	-1.097745e+01
1.105000e-05	3.431453e-03	-1.087387e+01
1.106000e-05	4.885740e-03	-1.080908e+01
1.107000e-05	4.391439e-03	-1.071777e+01
1.108000e-05	4.869162e-03	-1.062066e+01
1.109000e-05	2.716857e-03	-1.048582e+01
1.110000e-05	2.316695e-03	-1.037900e+01
1.111000e-05	2.720919e-03	-1.029381e+01
1.112000e-05	1.309349e-03	-1.014734e+01
1.113000e-05	1.109529e-03	-1.000003e+01
1.114000e-05	2.175493e-03	-9.874111e+00
1.115000e-05	2.648715e-03	-9.737896e+00
1.116000e-05	1.433121e-03	-9.641257e+00
1.117000e-05	6.776834e-04	-9.454792e+00
1.118000e-05	4.061101e-04	-9.297417e+00
1.119000e-05	1.436916e-03	-9.209504e+00
1.120000e-05	3.466062e-04	-9.042180e+00
1.121000e-05	-4.650959e-04	-8.864791e+00
1.122000e-05	-6.422834e-04	-8.697743e+00
1.123000e-05	-1.130864e-03	-8.508415e+00
1.124000e-05	-1.577483e-05	-8.400003e+00
1.125000e-05	7.582741e-06	-8.250133e+00
1.126000e-05	-7.491882e-04	-8.084814e+00
1.127000e-05	-6.667831e-04	-7.865341e+00
1.128000e-05	-1.786543e-03	-7.662713e+00
1.129000e-05	-2.213701e-03	-7.463713e+00
1.130000e-05	-2.214698e-03	-7.294264e+00
1.131000e-05	-1.942534e-03	-7.087871e+00
1.132000e-05	-2.100730e-03	-6.903212e+00
1.133000e-05	-2.956112e-03	-6.705287e+00
1.134000e-05	-2.914814e-03	-6.533868e+00
1.135000e-05	-2.132975e-03	-6.327423e+00
1.136000e-05	-2.326440e-03	-6.126891e+00
1.137000e-05	-2.647056e-03	-5.887291e+00
1.138000e-05	-2.822317e-03	-5.707368e+00
1.139000e-05	-4.558273e-03	-5.577921e+00
1.140000e-05	-2.872217e-03	-5.307840e+00
1.141000e-05	-2.645067e-03	-5.070159e+00
1.142000e-05	-2.234441e-03	-4.792228e+00
1.143000e-05	-1.809779e-03	-4.609025e+00
1.144000e-05	-3.998484e-03	-4.420605e+00
1.145000e-05	-3.163382e-03	-4.240654e+00
1.146000e-05	-3.642619e-03	-4.019580e+00
1.147000e-05	-1.549358e-03	-3.820148e+00
1.148000e-05	-3.671704e-03	-3.579948e+00
1.149000e-05	-5.775843e-03	-3.390523e+00
1.150000e-05	-4.684746e-03	-3.190926e+00
1.151000e-05	-4.774373e-03	-2.935439e+00
1.152000e-05	-2.121924e-03	-2.715315e+00
1.153000e-05	-4.826994e-03	-2.503733e+00
1.154000e-05	-3.249115e-03	-2.284683e+00
1.155000e-05	-5.155069e-03	-2.041626e+00
1.156000e-05	-2.888482e-03	-1.781552e+00
1.157000e-05	-5.382134e-03	-1.601053e+00
1.158000e-05	-4.219488e-03	-1.268468e+00
1.159000e-05	-4.969199e-03	-1.054179e+00
1.160000e-05	-4.255428e-03	-8.321328e-01
1.161000e-05	-6.263475e-03	-6.711288e-01
1.162000e-05	-4.016403e-03	-3.894976e-01
1.163000e-05	-4.220488e-03	-1.490511e-01
1.164000e-05	-1.776248e-03	2.213507e-02
1.165000e-05	4.478728e-03	2.956830e-01
1.166000e-05	-2.809324e-03	4.647091e-01
1.167000e-05	1.254929e-03	6.956857e-01
1.168000e-05	-2.952282e-03	8.641842e-01
1.169000e-05	-1.759483e-03	1.147316e+00
1.170000e-05	-2.927666e-03	1.358317e+00
1.171000e-05	2.283256e-03	1.529976e+00
1.172000e-05	2.289627e-02	1.799925e+00
1.173000e-05	7.458572e-02	2.000481e+00
1.174000e-05	-1.564763e-02	2.253686e+00
1.175000e-05	-5.873615e-02	2.475836e+00
1.176000e-05	-2.451867e-02	2.779450e+00
1.177000e-05	-3.450186e-02	2.977866e+00
1.178000e-05	-6.887238e-02	3.095288e+00
1.179000e-05	1.237886e-01	3.224133e+00
1.180000e-05	-3.169067e-03	3.547846e+00
1.181000e-05	-1.126631e-01	3.674259e+00
1.182000e-05	1.706755e-01	3.895817e+00
1.183000e-05	-1.269228e-01	4.135768e+00
1.184000e-05	2.373821e-02	4.386847e+00
1.185000e-05	5.841607e-02	4.577946e+00
1.186000e-05	-7.844833e-02	4.819055e+00
1.187000e-05	4.947231e-02	5.009534e+00
1.188000e-05	-1.736472e-02	5.276163e+00
1.189000e-05	-1.506715e-02	5.506292e+00
1.190000e-05	1.451162e-02	5.655792e+00
1.191000e-05	-3.369481e-02	5.968921e+00
1.192000e-05	1.008809e-02	6.137867e+00
1.193000e-05	-2.346142e-02	6.356919e+00
1.194000e-05	3.400099e-02	6.516345e+00
1.195000e-05	-1.049729e-02	6.758350e+00
1.196000e-05	-1.087236e-02	6.969920e+00
1.197000e-05	1.717107e-02	7.156821e+00
1.198000e-05	-4.767293e-02	7.326787e+00
1.199000e-05	2.327978e-02	7.506813e+00
1.200000e-05	-9.842193e-03	7.707395e+00
1.201000e-05	-1.557526e-03	7.946746e+00
1.202000e-05	4.102670e-03	8.128396e+00
1.203000e-05	-2.146609e-02	8.254312e+00
1.204000e-05	3.917183e-03	8.442657e+00
1.205000e-05	-1.127976e-02	8.579974e+00
1.206000e-05	8.452717e-03	8.715922e+00
1.207000e-05	-1.634171e-02	8.862737e+00
1.208000e-05	1.253047e-03	9.053208e+00
1.209000e-05	-3.183547e-03	9.180054e+00
1.210000e-05	-1.755616e-02	9.347321e+00
1.211000e-05	1.700374e-03	9.483762e+00
1.212000e-05	-6.500026e-03	9.651154e+00
1.213000e-05	3.331108e-03	9.780103e+00
1.214000e-05	-1.308480e-02	9.906769e+00
1.215000e-05	-2.428631e-04	1.007469e+01
1.216000e-05	-8.460867e-03	1.021953e+01
1.217000e-05	-1.027423e-02	1.030727e+01
1.218000e-05	-7.580061e-03	1.041206e+01
1.219000e-05	-3.178432e-03	1.052750e+01
1.220000e-05	-3.392415e-03	1.064616e+01
1.221000e-05	-1.238523e-02	1.077158e+01
1.222000e-05	-2.899749e-03	1.090680e+01
1.223000e-05	-4.279030e-03	1.101008e+01
1.224000e-05	-5.671825e-03	1.108624e+01
1.225000e-05	-1.105030e-02	1.115060e+01
1.226000e-05	-6.800519e-03	1.132527e+01
1.227000e-05	-8.188833e-03	1.142010e+01
1.228000e-05	-8.248049e-03	1.145482e+01
1.229000e-05	-5.965552e-03	1.158250e+01
1.230000e-05	-8.338368e-03	1.170474e+01
1.231000e-05	-9.594653e-03	1.176787e+01
1.232000e-05	-8.685249e-03	1.180010e+01
1.233000e-05	-4.627908e-03	1.187416e+01
1.234000e-05	-6.160195e-03	1.193732e+01
1.235000e-05	-8.696593e-03	1.192898e+01
1.236000e-05	-1.132709e-02	1.197906e+01
1.237000e-05	-1.108574e-02	1.210263e+01
1.238000e-05	-1.145442e-02	1.209526e+01
1.239000e-05	-9.934855e-03	1.211690e+01
1.240000e-05	-9.825779e-03	1.214855e+01
1.241000e-05	-1.334514e-02	1.221010e+01
1.242000e-05	-1.277970e-02	1.219413e+01
1.243000e-05	-1.135585e-02	1.221215e+01
1.244000e-05	-1.154731e-02	1.225421e+01
1.245000e-05	-1.356260e-02	1.225371e+01
1.246000e-05	-1.623108e-02	1.227179e+01
1.247000e-05	-1.660978e-02	1.226476e+01
1.248000e-05	-1.936554e-02	1.227671e+01
1.249000e-05	-1.989997e-02	1.224418e+01
1.250000e-05	-2.387714e-02	1.224421e+01
1.251000e-05	-2.567263e-02	1.223463e+01
1.252000e-05	-3.073529e-02	1.220366e+01
1.253000e-05	-3.549450e-02	1.219116e+01
1.254000e-05	-4.305206e-02	1.216102e+01
1.255000e-05	-5.384534e-02	1.212845e+01
1.256000e-05	-6.301723e-02	1.211487e+01
1.257000e-05	-7.017800e-02	1.204224e+01
1.258000e-05	-6.253588e-02	1.199106e+01
1.259000e-05	-4.896799e-02	1.195944e+01
1.260000e-05	-3.681823e-02	1.186476e+01
1.261000e-05	-2.707395e-02	1.182218e+01
1.262000e-05	-2.330499e-02	1.179153e+01
1.263000e-05	-2.033126e-02	1.170527e+01
1.264000e-05	-1.900333e-02	1.162165e+01
1.265000e-05	-1.773422e-02	1.149844e+01
1.266000e-05	-1.627847e-02	1.141213e+01
1.267000e-05	-1.401627e-02	1.128742e+01
1.268000e-05	-1.276140e-02	1.120363e+01
1.269000e-05	-1.418008e-02	1.111884e+01
1.270000e-05	-1.217389e-02	1.103216e+01
1.271000e-05	-1.211988e-02	1.095687e+01
1.272000e-05	-9.742410e-03	1.084419e+01
1.273000e-05	-1.045347e-02	1.072992e+01
1.274000e-05	-8.482882e-03	1.061418e+01
1.275000e-05	-1.139153e-02	1.049639e+01
1.276000e-05	-1.053410e-02	1.037953e+01
1.277000e-05	-1.089565e-02	1.024313e+01
1.278000e-05	-8.737544e-03	1.014737e+01
1.279000e-05	-8.947951e-03	1.002221e+01
1.280000e-05	-7.881650e-03	9.896266e+00
1.281000e-05	-8.914059e-03	9.737467e+00
1.282000e-05	-7.631511e-03	9.609973e+00
1.283000e-05	-8.778366e-03	9.404658e+00
1.284000e-05	-7.650421e-03	9.316840e+00
1.285000e-05	-7.847934e-03	9.180522e+00
1.286000e-05	-8.739897e-03	9.000655e+00
1.287000e-05	-7.570598e-03	8.842636e+00
1.288000e-05	-6.764624e-03	8.654711e+00
1.289000e-05	-5.141636e-03	8.495893e+00
1.290000e-05	-6.663407e-03	8.370055e+00
1.291000e-05	-6.713988e-03	8.221077e+00
1.292000e-05	-7.312308e-03	8.052630e+00
1.293000e-05	-6.310632e-03	7.843632e+00
1.294000e-05	-6.045036e-03	7.644585e+00
1.295000e-05	-5.154992e-03	7.444177e+00
1.296000e-05	-5.382228e-03	7.252656e+00
1.297000e-05	-5.936287e-03	7.024732e+00
1.298000e-05	-6.234559e-03	6.894211e+00
1.299000e-05	-6.324525e-03	6.647293e+00
1.300000e-05	-5.190256e-03	6.464262e+00
1.301000e-05	-5.209393e-03	6.304740e+00
1.302000e-05	-6.359657e-03	6.125292e+00
1.303000e-05	-6.084785e-03	5.940368e+00
1.304000e-05	-5.475435e-03	5.715787e+00
1.305000e-05	-4.312983e-03	5.524289e+00
1.306000e-05	-5.498518e-03	5.294810e+00
1.307000e-05	-5.389047e-03	5.064253e+00
1.308000e-05	-5.390648e-03	4.799452e+00
1.309000e-05	-5.068485e-03	4.590550e+00
1.310000e-05	-4.993042e-03	4.431503e+00
1.311000e-05	-5.273547e-03	4.189050e+00
1.312000e-05	-5.263061e-03	3.958397e+00
1.313000e-05	-5.079146e-03	3.728425e+00
1.314000e-05	-5.132480e-03	3.558898e+00
1.315000e-05	-4.698183e-03	3.318962e+00
1.316000e-05	-4.253772e-03	3.114237e+00
1.317000e-05	-4.683836e-03	2.923238e+00
1.318000e-05	-4.441987e-03	2.674288e+00
1.319000e-05	-4.936573e-03	2.372574e+00
1.320000e-05	-4.862718e-03	2.170500e+00
1.321000e-05	-4.946863e-03	1.980550e+00
1.322000e-05	-4.832546e-03	1.767949e+00
1.323000e-05	-4.297150e-03	1.576314e+00
1.324000e-05	-3.949853e-03	1.294208e+00
1.325000e-05	-3.725439e-03	1.032657e+00
1.326000e-05	-4.396859e-03	7.889484e-01
1.327000e-05	-4.986835e-03	5.079674e-01
1.328000e-05	-4.412304e-03	3.369448e-01
1.329000e-05	-3.067641e-03	1.157853e-01
1.330000e-05	4.423206e-04	-1.238184e-01
1.331000e-05	5.940723e-03	-3.157396e-01
1.332000e-05	-3.922965e-03	-4.957193e-01
1.333000e-05	3.284683e-03	-7.479487e-01
1.334000e-05	-3.465334e-03	-9.574421e-01
1.335000e-05	1.403421e-03	-1.117900e+00
1.336000e-05	-1.606730e-03	-1.399425e+00
1.337000e-05	2.487541e-02	-1.560453e+00
1.338000e-05	9.309588e-02	-1.809431e+00
1.339000e-05	-4.008623e-02	-2.081685e+00
1.340000e-05	-4.199977e-02	-2.452506e+00
1.341000e-05	-2.543824e-02	-2.695134e+00
1.342000e-05	-7.182536e-02	-2.840005e+00
1.343000e-05	1.259092e-02	-2.957846e+00
1.344000e-05	1.598534e-01	-3.112744e+00
1.345000e-05	-1.784384e-01	-3.380977e+00
1.346000e-05	1.432495e-01	-3.587425e+00
1.347000e-05	-2.755264e-02	-3.757437e+00
1.348000e-05	-1.106978e-01	-4.070033e+00
1.349000e-05	1.741748e-01	-4.230504e+00
1.350000e-05	-1.124614e-01	-4.420003e+00
1.351000e-05	2.597731e-02	-4.631657e+00
1.352000e-05	9.856351e-02	-4.790604e+00
1.353000e-05	-1.599090e-01	-5.075312e+00
1.354000e-05	1.472565e-01	-5.326367e+00
1.355000e-05	-1.030750e-01	-5.548947e+00
1.356000e-05	2.392063e-02	-5.789952e+00
1.357000e-05	5.135821e-02	-5.938372e+00
1.358000e-05	-8.626543e-02	-6.167919e+00
1.359000e-05	1.171739e-01	-6.387929e+00
1.360000e-05	-9.494466e-02	-6.591504e+00
1.361000e-05	7.667365e-02	-6.798450e+00
1.362000e-05	-2.810379e-02	-6.958451e+00
1.363000e-05	-5.004219e-02	-7.221458e+00
1.364000e-05	9.536721e-02	-7.337796e+00
1.365000e-05	-8.908759e-02	-7.568421e+00
1.366000e-05	8.596400e-02	-7.778021e+00
1.367000e-05	-4.695785e-02	-7.980375e+00
1.368000e-05	2.018437e-02	-8.148422e+00
1.369000e-05	1.738437e-03	-8.264239e+00
1.370000e-05	-3.834746e-02	-8.442586e+00
1.371000e-05	6.261049e-02	-8.601004e+00
1.372000e-05	-3.206455e-02	-8.790055e+00
1.373000e-05	3.787573e-02	-8.927371e+00
1.374000e-05	-5.049207e-02	-9.075288e+00
1.375000e-05	2.939287e-02	-9.230009e+00
1.376000e-05	4.117731e-03	-9.357999e+00
1.377000e-05	-5.632856e-03	-9.536820e+00
1.378000e-05	8.037783e-03	-9.662137e+00
1.379000e-05	-2.580638e-03	-9.801079e+00
1.380000e-05	2.087551e-02	-9.907345e+00
1.381000e-05	-2.541701e-02	-1.008232e+01
1.382000e-05	1.380712e-02	-1.020261e+01
1.383000e-05	-1.828796e-03	-1.034895e+01
1.384000e-05	1.243057e-02	-1.046627e+01
1.385000e-05	-1.347216e-02	-1.056098e+01
1.386000e-05	1.171282e-02	-1.070674e+01
1.387000e-05	8.511779e-03	-1.078945e+01
1.388000e-05	-7.705520e-04	-1.092679e+01
1.389000e-05	-2.406172e-03	-1.101045e+01
1.390000e-05	1.873460e-03	-1.106687e+01
1.391000e-05	1.137238e-02	-1.123203e+01
1.392000e-05	-5.095632e-03	-1.131587e+01
1.393000e-05	8.211861e-03	-1.137755e+01
1.394000e-05	-8.174851e-06	-1.145569e+01
1.395000e-05	6.716231e-03	-1.155890e+01
1.396000e-05	-2.664484e-03	-1.160268e+01
1.397000e-05	8.740155e-03	-1.175742e+01
1.398000e-05	5.397495e-03	-1.179005e+01
1.399000e-05	5.140376e-03	-1.187536e+01
1.400000e-05	2.296765e-03	-1.190687e+01
1.401000e-05	3.066507e-03	-1.198900e+01
1.402000e-05	2.730781e-03	-1.204151e+01
1.403000e-05	2.679869e-03	-1.204471e+01
1.404000e-05	7.144306e-03	-1.208581e+01
1.405000e-05	3.646736e-03	-1.213687e+01
1.406000e-05	5.458527e-03	-1.215880e+01
1.407000e-05	5.437623e-03	-1.216792e+01
1.408000e-05	8.251537e-03	-1.216956e+01
1.409000e-05	5.394755e-03	-1.222210e+01
1.410000e-05	7.386485e-03	-1.222208e+01
1.411000e-05	9.415584e-03	-1.226258e+01
1.412000e-05	1.053090e-02	-1.223221e+01
1.413000e-05	9.846253e-03	-1.223158e+01
1.414000e-05	1.289989e-02	-1.221309e+01
1.415000e-05	1.599459e-02	-1.218310e+01
1.416000e-05	1.952672e-02	-1.222160e+01
1.417000e-05	2.022768e-02	-1.220207e+01
1.418000e-05	2.616650e-02	-1.216953e+01
1.419000e-05	3.301459e-02	-1.214890e+01
1.420000e-05	4.045689e-02	-1.212842e+01
1.421000e-05	5.134374e-02	-1.209579e+01
1.422000e-05	6.101002e-02	-1.202276e+01
1.423000e-05	6.359841e-02	-1.198066e+01
1.424000e-05	5.216094e-02	-1.191892e+01
1.425000e-05	3.774648e-02	-1.191518e+01
1.426000e-05	2.684442e-02	-1.182160e+01
1.427000e-05	2.013470e-02	-1.175639e+01
1.428000e-05	1.489389e-02	-1.166477e+01
1.429000e-05	1.298688e-02	-1.156950e+01
1.430000e-05	1.136712e-02	-1.149639e+01
1.431000e-05	1.083308e-02	-1.137994e+01
1.432000e-05	8.438047e-03	-1.127687e+01
1.433000e-05	7.168535e-03	-1.122171e+01
1.434000e-05	6.378303e-03	-1.105479e+01
1.435000e-05	4.870915e-03	-1.096853e+01
1.436000e-05	4.909807e-03	-1.093629e+01
1.437000e-05	4.455340e-03	-1.079206e+01
1.438000e-05	4.017513e-03	-1.070837e+01
1.439000e-05	3.465599e-03	-1.060063e+01
1.440000e-05	3.319183e-03	-1.049644e+01
1.441000e-05	2.902989e-03	-1.038953e+01
1.442000e-05	2.217801e-03	-1.027564e+01
1.443000e-05	2.231376e-03	-1.011644e+01
1.444000e-05	2.599155e-03	-1.000106e+01
1.445000e-05	2.472928e-03	-9.884786e+00
1.446000e-05	1.674224e-03	-9.738476e+00
1.447000e-05	1.276019e-03	-9.612159e+00
1.448000e-05	1.449236e-03	-9.476342e+00
1.449000e-05	4.177817e-04	-9.346471e+00
1.450000e-05	1.232989e-03	-9.181107e+00
1.451000e-05	-3.568390e-04	-9.035207e+00
1.452000e-05	1.498561e-04	-8.924841e+00
1.453000e-05	-6.137335e-04	-8.757396e+00
1.454000e-05	-5.241120e-04	-8.557470e+00
1.455000e-05	-3.360750e-06	-8.368980e+00
1.456000e-05	-6.134647e-04	-8.201205e+00
1.457000e-05	-1.257180e-03	-8.091718e+00
1.458000e-05	-1.134142e-03	-7.845789e+00
1.459000e-05	-1.739284e-03	-7.695309e+00
1.460000e-05	-1.963613e-03	-7.464712e+00
1.461000e-05	-1.243653e-03	-7.285817e+00
1.462000e-05	-1.803260e-03	-7.106937e+00
1.463000e-05	-2.566438e-03	-6.885088e+00
1.464000e-05	-3.103529e-03	-6.694868e+00
1.465000e-05	-2.629063e-03	-6.534937e+00
1.466000e-05	-2.344099e-03	-6.308930e+00
1.467000e-05	-2.426283e-03	-6.096346e+00
1.468000e-05	-3.251068e-03	-5.916368e+00
1.469000e-05	-3.349379e-03	-5.736867e+00
1.470000e-05	-4.087363e-03	-5.517925e+00
1.471000e-05	-2.851919e-03	-5.315843e+00
1.472000e-05	-2.765814e-03	-5.074237e+00
1.473000e-05	-3.459921e-03	-4.872628e+00
1.474000e-05	-3.953391e-03	-4.599055e+00
1.475000e-05	-3.515453e-03	-4.422583e+00
1.476000e-05	-2.360079e-03	-4.242607e+00
1.477000e-05	-3.374929e-03	-4.043178e+00
1.478000e-05	-3.631218e-03	-3.812706e+00
1.479000e-05	-3.462510e-03	-3.610476e+00
1.480000e-05	-4.838958e-03	-3.360572e+00
1.481000e-05	-3.725484e-03	-3.210101e+00
1.482000e-05	-5.496573e-03	-2.896218e+00
1.483000e-05	-2.796747e-03	-2.706290e+00
1.484000e-05	-4.612742e-03	-2.504337e+00
1.485000e-05	-2.729468e-03	-2.285209e+00
1.486000e-05	-5.512630e-03	-1.990631e+00
1.487000e-05	-3.556211e-03	-1.821554e+00
1.488000e-05	-5.177796e-03	-1.620553e+00
1.489000e-05	-3.776237e-03	-1.325920e+00
1.490000e-05	-5.693110e-03	-1.054236e+00
1.491000e-05	-4.561833e-03	-8.501865e-01
1.492000e-05	-5.928365e-03	-6.427052e-01
1.493000e-05	-3.885878e-03	-3.789987e-01
1.494000e-05	-4.540574e-03	-1.893750e-01
1.495000e-05	-2.341716e-03	1.002514e-02
1.496000e-05	4.935236e-03	2.951865e-01
1.497000e-05	-2.599205e-03	4.936342e-01
1.498000e-05	6.044414e-04	6.837342e-01
1.499000e-05	-3.350281e-03	8.625826e-01
1.500000e-05	-1.380086e-03	1.155307e+00
1.501000e-05	-3.779119e-03	1.327945e+00
1.502000e-05	9.844620e-04	1.589441e+00
1.503000e-05	2.152202e-02	1.870527e+00
1.504000e-05	7.372208e-02	2.000479e+00
1.505000e-05	-8.831017e-03	2.231157e+00
1.506000e-05	-6.296463e-02	2.474765e+00
1.507000e-05	-2.332476e-02	2.799349e+00
1.508000e-05	-3.366946e-02	2.966867e+00
1.509000e-05	-6.888686e-02	3.085863e+00
1.510000e-05	1.143710e-01	3.211711e+00
1.511000e-05	1.250711e-02	3.545293e+00
1.512000e-05	-1.276588e-01	3.652182e+00
1.513000e-05	1.733576e-01	3.872637e+00
1.514000e-05	-1.203486e-01	4.077190e+00
1.515000e-05	1.535578e-02	4.368396e+00
1.516000e-05	6.496422e-02	4.545393e+00
1.517000e-05	-8.045468e-02	4.778901e+00
1.518000e-05	4.386888e-02	4.971558e+00
1.519000e-05	-1.188874e-02	5.314313e+00
1.520000e-05	-1.871778e-02	5.535207e+00
1.521000e-05	1.645440e-02	5.695685e+00
1.522000e-05	-3.366459e-02	5.988321e+00
1.523000e-05	1.018294e-02	6.124291e+00
1.524000e-05	-2.327564e-02	6.347346e+00
1.525000e-05	3.132955e-02	6.505361e+00
1.526000e-05	-5.796328e-03	6.757324e+00
1.527000e-05	-1.471117e-02	6.907875e+00
1.528000e-05	2.029896e-02	7.126395e+00
1.529000e-05	-4.975937e-02	7.324239e+00
1.530000e-05	2.300193e-02	7.506867e+00
1.531000e-05	-6.457890e-03	7.726765e+00
1.532000e-05	-4.736315e-03	7.968419e+00
1.533000e-05	6.012480e-03	8.145844e+00
1.534000e-05	-2.505454e-02	8.315187e+00
1.535000e-05	3.724033e-03	8.431631e+00
1.536000e-05	-1.167559e-02	8.559925e+00
1.537000e-05	8.558676e-03	8.715795e+00
1.538000e-05	-1.341374e-02	8.842662e+00
1.539000e-05	-7.624582e-04	9.072178e+00
1.540000e-05	-9.355955e-04	9.228976e+00
1.541000e-05	-1.822126e-02	9.357895e+00
1.542000e-05	1.645831e-03	9.465261e+00
1.543000e-05	-6.422174e-03	9.630504e+00
1.544000e-05	1.279128e-03	9.738416e+00
1.545000e-05	-1.389388e-02	9.954243e+00
1.546000e-05	1.112755e-03	1.002518e+01
1.547000e-05	-5.118551e-03	1.017885e+01
1.548000e-05	-1.018108e-02	1.032727e+01
1.549000e-05	-1.037670e-02	1.039008e+01
1.550000e-05	-2.262337e-03	1.056852e+01
1.551000e-05	-1.596015e-03	1.063569e+01
1.552000e-05	-1.083569e-02	1.080961e+01
1.553000e-05	-4.526937e-03	1.091627e+01
1.554000e-05	-6.700451e-03	1.102155e+01
1.555000e-05	-5.801666e-03	1.108777e+01
1.556000e-05	-1.055178e-02	1.117845e+01
1.557000e-05	-5.326356e-03	1.133632e+01
1.558000e-05	-6.511128e-03	1.143105e+01
1.559000e-05	-8.902055e-03	1.145619e+01
1.560000e-05	-5.841194e-03	1.161105e+01
1.561000e-05	-8.554997e-03	1.167529e+01
1.562000e-05	-8.832157e-03	1.174645e+01
1.563000e-05	-9.404075e-03	1.180053e+01
1.564000e-05	-4.278778e-03	1.185469e+01
1.565000e-05	-7.091542e-03	1.191684e+01
1.566000e-05	-9.168857e-03	1.194939e+01
1.567000e-05	-1.074223e-02	1.199965e+01
1.568000e-05	-9.180185e-03	1.205419e+01
1.569000e-05	-1.137161e-02	1.212539e+01
1.570000e-05	-1.025547e-02	1.214695e+01
1.571000e-05	-9.623715e-03	1.216902e+01
1.572000e-05	-1.265021e-02	1.219248e+01
1.573000e-05	-1.206036e-02	1.220208e+01
1.574000e-05	-1.305534e-02	1.220261e+01
1.575000e-05	-1.242418e-02	1.224463e+01
1.576000e-05	-1.418193e-02	1.223376e+01
1.577000e-05	-1.618646e-02	1.226526e+01
1.578000e-05	-1.555603e-02	1.225618e+01
1.579000e-05	-1.917454e-02	1.226374e+01
1.580000e-05	-2.097325e-02	1.225421e+01
1.581000e-05	-2.344266e-02	1.223268e+01
1.582000e-05	-2.529973e-02	1.223319e+01
1.583000e-05	-3.042572e-02	1.222421e+01
1.584000e-05	-3.510636e-02	1.218153e+01
1.585000e-05	-4.306878e-02	1.216005e+01
1.586000e-05	-5.425483e-02	1.214895e+01
1.587000e-05	-6.272728e-02	1.211432e+01
1.588000e-05	-6.903870e-02	1.201429e+01
1.589000e-05	-6.325737e-02	1.200110e+01
1.590000e-05	-5.017008e-02	1.194847e+01
1.591000e-05	-3.624382e-02	1.186581e+01
1.592000e-05	-2.884220e-02	1.180268e+01
1.593000e-05	-2.418587e-02	1.174953e+01
1.594000e-05	-2.164223e-02	1.172629e+01
1.595000e-05	-1.925710e-02	1.158315e+01
1.596000e-05	-1.696419e-02	1.148844e+01
1.597000e-05	-1.565977e-02	1.143358e+01
1.598000e-05	-1.467888e-02	1.132689e+01
1.599000e-05	-1.326364e-02	1.125161e+01
1.600000e-05	-1.254369e-02	1.113782e+01
1.601000e-05	-1.057606e-02	1.103213e+01
1.602000e-05	-1.301239e-02	1.093845e+01
1.603000e-05	-1.248463e-02	1.084271e+01
1.604000e-05	-1.225786e-02	1.076952e+01
1.605000e-05	-9.421622e-03	1.059313e+01
1.606000e-05	-1.081553e-02	1.050634e+01
1.607000e-05	-9.369401e-03	1.037048e+01
1.608000e-05	-9.404503e-03	1.024326e+01
1.609000e-05	-7.861593e-03	1.018839e+01
1.610000e-05	-8.786945e-03	9.962610e+00
1.611000e-05	-7.831217e-03	9.845890e+00
1.612000e-05	-9.114306e-03	9.748424e+00
1.613000e-05	-8.296687e-03	9.589602e+00
1.614000e-05	-8.728528e-03	9.442683e+00
1.615000e-05	-7.664382e-03	9.305815e+00
1.616000e-05	-8.222206e-03	9.211078e+00
1.617000e-05	-7.326159e-03	9.000658e+00
1.618000e-05	-6.578479e-03	8.832683e+00
1.619000e-05	-7.510782e-03	8.673786e+00
1.620000e-05	-5.834852e-03	8.487894e+00
1.621000e-05	-6.931393e-03	8.361003e+00
1.622000e-05	-6.209615e-03	8.221129e+00
1.623000e-05	-7.552017e-03	8.022704e+00
1.624000e-05	-7.037975e-03	7.832182e+00
1.625000e-05	-5.530948e-03	7.683732e+00
1.626000e-05	-5.768888e-03	7.423236e+00
1.627000e-05	-5.505861e-03	7.252731e+00
1.628000e-05	-6.319963e-03	7.033259e+00
1.629000e-05	-5.347301e-03	6.893712e+00
1.630000e-05	-5.818644e-03	6.676810e+00
1.631000e-05	-6.088544e-03	6.494362e+00
1.632000e-05	-6.285600e-03	6.295312e+00
1.633000e-05	-5.799821e-03	6.085315e+00
1.634000e-05	-6.117184e-03	5.918417e+00
1.635000e-05	-5.734931e-03	5.676316e+00
1.636000e-05	-5.072767e-03	5.494861e+00
1.637000e-05	-4.807236e-03	5.316265e+00
1.638000e-05	-5.155898e-03	5.054708e+00
1.639000e-05	-5.496422e-03	4.769476e+00
1.640000e-05	-5.569183e-03	4.591053e+00
1.641000e-05	-5.862472e-03	4.422104e+00
1.642000e-05	-6.246376e-03	4.211623e+00
1.643000e-05	-5.935316e-03	3.969418e+00
1.644000e-05	-6.022078e-03	3.757470e+00
1.645000e-05	-5.487601e-03	3.559445e+00
1.646000e-05	-4.952686e-03	3.298391e+00
1.647000e-05	-3.930705e-03	3.095764e+00
1.648000e-05	-3.834984e-03	2.886762e+00
1.649000e-05	-4.541781e-03	2.737338e+00
1.650000e-05	-4.820469e-03	2.411105e+00
1.651000e-05	-5.729973e-03	2.190627e+00
1.652000e-05	-5.424706e-03	1.991023e+00
1.653000e-05	-6.320577e-03	1.789470e+00
1.654000e-05	-4.795262e-03	1.536468e+00
1.655000e-05	-4.518608e-03	1.304758e+00
1.656000e-05	-3.957783e-03	1.032079e+00
1.657000e-05	-3.727735e-03	7.790013e-01
1.658000e-05	-3.500299e-03	5.374736e-01
1.659000e-05	-3.285415e-03	3.984974e-01
1.660000e-05	-3.833469e-03	1.048122e-01
1.661000e-05	-1.426523e-03	-1.172892e-01
1.662000e-05	5.072446e-03	-3.258370e-01
1.663000e-05	-5.212150e-03	-4.951365e-01
1.664000e-05	2.689866e-03	-7.968198e-01
1.665000e-05	-3.533254e-03	-9.363471e-01
1.666000e-05	2.231629e-03	-1.158367e+00
1.667000e-05	7.486962e-05	-1.408322e+00
1.668000e-05	2.430224e-02	-1.580000e+00
1.669000e-05	9.241533e-02	-1.808404e+00
1.670000e-05	-3.311461e-02	-2.073185e+00
1.671000e-05	-4.838162e-02	-2.459483e+00
1.672000e-05	-2.349270e-02	-2.675133e+00
1.673000e-05	-7.036800e-02	-2.810530e+00
1.674000e-05	1.476440e-03	-2.938197e+00
1.675000e-05	1.681939e-01	-3.082787e+00
1.676000e-05	-1.734601e-01	-3.329447e+00
1.677000e-05	1.314718e-01	-3.591925e+00
1.678000e-05	-9.386956e-03	-3.716789e+00
1.679000e-05	-1.269659e-01	-4.051034e+00
1.680000e-05	1.790277e-01	-4.189478e+00
1.681000e-05	-1.042572e-01	-4.420476e+00
1.682000e-05	9.160210e-03	-4.623156e+00
1.683000e-05	1.095889e-01	-4.779478e+00
1.684000e-05	-1.637430e-01	-5.093088e+00
1.685000e-05	1.434319e-01	-5.295214e+00
1.686000e-05	-9.184999e-02	-5.587451e+00
1.687000e-05	1.052565e-02	-5.759977e+00
1.688000e-05	6.298513e-02	-5.957347e+00
1.689000e-05	-9.364822e-02	-6.158392e+00
1.690000e-05	1.180863e-01	-6.378901e+00
1.691000e-05	-8.942142e-02	-6.610999e+00
1.692000e-05	6.729497e-02	-6.789430e+00
1.693000e-05	-1.634744e-02	-6.977993e+00
1.694000e-05	-6.322498e-02	-7.208554e+00
1.695000e-05	1.014062e-01	-7.319496e+00
1.696000e-05	-8.986894e-02	-7.548422e+00
1.697000e-05	8.287522e-02	-7.737020e+00
1.698000e-05	-4.007231e-02	-7.979450e+00
1.699000e-05	1.197594e-02	-8.096846e+00
1.700000e-05	9.394087e-03	-8.284766e+00
1.701000e-05	-4.563766e-02	-8.402134e+00
1.702000e-05	6.406745e-02	-8.612604e+00
1.703000e-05	-3.270411e-02	-8.811030e+00
1.704000e-05	3.904293e-02	-8.918348e+00
1.705000e-05	-4.753820e-02	-9.064741e+00
1.706000e-05	2.419179e-02	-9.221584e+00
1.707000e-05	9.472579e-03	-9.377400e+00
1.708000e-05	-8.234949e-03	-9.537272e+00
1.709000e-05	9.521963e-03	-9.664734e+00
1.710000e-05	-5.549882e-03	-9.799551e+00
1.711000e-05	2.267631e-02	-9.946297e+00
1.712000e-05	-2.564457e-02	-1.002373e+01
1.713000e-05	1.178301e-02	-1.022156e+01
1.714000e-05	-8.728369e-04	-1.033692e+01
1.715000e-05	1.159374e-02	-1.047419e+01
1.716000e-05	-1.151470e-02	-1.057997e+01
1.717000e-05	9.454101e-03	-1.068474e+01
1.718000e-05	1.085107e-02	-1.078853e+01
1.719000e-05	-1.584656e-03	-1.091784e+01
1.720000e-05	-2.299249e-03	-1.095953e+01
1.721000e-05	6.881536e-04	-1.110779e+01
1.722000e-05	1.202515e-02	-1.120061e+01
1.723000e-05	-5.775507e-03	-1.130721e+01
1.724000e-05	8.885779e-03	-1.139103e+01
1.725000e-05	8.159199e-04	-1.148621e+01
1.726000e-05	5.815665e-03	-1.154792e+01
1.727000e-05	-3.426058e-03	-1.162331e+01
1.728000e-05	8.699780e-03	-1.173592e+01
1.729000e-05	6.182773e-03	-1.179003e+01
1.730000e-05	5.785323e-03	-1.185571e+01
1.731000e-05	1.443379e-03	-1.188539e+01
1.732000e-05	2.772454e-03	-1.200198e+01
1.733000e-05	3.577992e-03	-1.200048e+01
1.734000e-05	1.840894e-03	-1.205369e+01
1.735000e-05	7.040247e-03	-1.210482e+01
1.736000e-05	3.505109e-03	-1.211632e+01
1.737000e-05	6.863483e-03	-1.216943e+01
1.738000e-05	5.592540e-03	-1.215650e+01
1.739000e-05	6.538462e-03	-1.215903e+01
1.740000e-05	5.277696e-03	-1.220108e+01
1.741000e-05	7.836110e-03	-1.219108e+01
1.742000e-05	1.062530e-02	-1.222163e+01
1.743000e-05	1.096265e-02	-1.221318e+01
1.744000e-05	1.009536e-02	-1.221061e+01
1.745000e-05	1.262962e-02	-1.222211e+01
1.746000e-05	1.566071e-02	-1.219156e+01
1.747000e-05	1.852234e-02	-1.219213e+01
1.748000e-05	2.110328e-02	-1.219200e+01
1.749000e-05	2.722951e-02	-1.215945e+01
1.750000e-05	3.219945e-02	-1.216942e+01
1.751000e-05	3.931926e-02	-1.215637e+01
1.752000e-05	5.068930e-02	-1.208577e+01
1.753000e-05	6.061715e-02	-1.206469e+01
1.754000e-05	6.310052e-02	-1.198058e+01
1.755000e-05	5.272611e-02	-1.195707e+01
1.756000e-05	3.862567e-02	-1.186576e+01
1.757000e-05	2.764693e-02	-1.180458e+01
1.758000e-05	2.060872e-02	-1.175850e+01
1.759000e-05	1.627404e-02	-1.165227e+01
1.760000e-05	1.219660e-02	-1.158801e+01
1.761000e-05	1.115950e-02	-1.149772e+01
1.762000e-05	1.054341e-02	-1.140106e+01
1.763000e-05	8.653479e-03	-1.129622e+01
1.764000e-05	6.521196e-03	-1.120008e+01
1.765000e-05	7.080294e-03	-1.108532e+01
1.766000e-05	5.954928e-03	-1.096113e+01
1.767000e-05	4.106504e-03	-1.092584e+01
1.768000e-05	3.615827e-03	-1.080153e+01
1.769000e-05	3.163750e-03	-1.072684e+01
1.770000e-05	3.257939e-03	-1.060253e+01
1.771000e-05	3.298200e-03	-1.050689e+01
1.772000e-05	3.701122e-03	-1.037060e+01
1.773000e-05	2.606547e-03	-1.023579e+01
1.774000e-05	1.335528e-03	-1.011892e+01
1.775000e-05	1.907162e-03	-1.001061e+01
1.776000e-05	2.286570e-03	-9.897214e+00
1.777000e-05	1.126221e-03	-9.756527e+00
1.778000e-05	6.583675e-04	-9.641607e+00
1.779000e-05	1.688145e-03	-9.515861e+00
1.780000e-05	1.261748e-03	-9.348871e+00
1.781000e-05	9.957635e-04	-9.211027e+00
1.782000e-05	-7.745114e-05	-9.054157e+00
1.783000e-05	5.285996e-04	-8.935288e+00
1.784000e-05	-3.104376e-04	-8.706322e+00
1.785000e-05	-7.277486e-04	-8.519972e+00
1.786000e-05	-2.962759e-04	-8.400055e+00
1.787000e-05	1.238646e-04	-8.244161e+00
1.788000e-05	-1.415903e-03	-8.065260e+00
1.789000e-05	-7.969350e-04	-7.897412e+00
1.790000e-05	-1.323637e-03	-7.654737e+00
1.791000e-05	-1.484464e-03	-7.445739e+00
1.792000e-05	-2.244731e-03	-7.305414e+00
1.793000e-05	-2.237480e-03	-7.145789e+00
1.794000e-05	-3.185986e-03	-6.875292e+00
1.795000e-05	-1.792951e-03	-6.706387e+00
1.796000e-05	-2.055172e-03	-6.516471e+00
1.797000e-05	-1.993821e-03	-6.328946e+00
1.798000e-05	-4.043102e-03	-6.146998e+00
1.799000e-05	-2.407879e-03	-5.947397e+00
1.800000e-05	-3.223612e-03	-5.776370e+00
1.801000e-05	-3.383367e-03	-5.569426e+00
1.802000e-05	-3.229914e-03	-5.306895e+00
1.803000e-05	-2.590675e-03	-5.095288e+00
1.804000e-05	-3.436416e-03	-4.851236e+00
1.805000e-05	-2.530508e-03	-4.571025e+00
1.806000e-05	-4.314729e-03	-4.441655e+00
1.807000e-05	-2.762430e-03	-4.252734e+00
1.808000e-05	-3.033872e-03	-4.054157e+00
1.809000e-05	-3.246355e-03	-3.821677e+00
1.810000e-05	-2.992884e-03	-3.609503e+00
1.811000e-05	-4.580293e-03	-3.409105e+00
1.812000e-05	-3.979450e-03	-3.190077e+00
1.813000e-05	-5.472685e-03	-2.977895e+00
1.814000e-05	-3.183666e-03	-2.698344e+00
1.815000e-05	-4.391488e-03	-2.513862e+00
1.816000e-05	-2.037521e-03	-2.286790e+00
1.817000e-05	-5.272555e-03	-2.052606e+00
1.818000e-05	-3.014509e-03	-1.811629e+00
1.819000e-05	-5.467696e-03	-1.610630e+00
1.820000e-05	-5.315073e-03	-1.376917e+00
1.821000e-05	-4.392585e-03	-1.066714e+00
1.822000e-05	-7.152993e-03	-8.646832e-01
1.823000e-05	-4.864751e-03	-6.636328e-01
1.824000e-05	-4.536600e-03	-3.805751e-01
1.825000e-05	-3.630045e-03	-1.795750e-01
1.826000e-05	-1.280780e-03	2.990124e-02
1.827000e-05	2.474829e-03	2.836055e-01
1.828000e-05	-3.261821e-03	4.721829e-01
1.829000e-05	-2.000589e-03	6.836617e-01
1.830000e-05	-1.304356e-03	8.510288e-01
1.831000e-05	-2.106560e-03	1.095188e+00
1.832000e-05	-3.113613e-03	1.367364e+00
1.833000e-05	2.069417e-03	1.549897e+00
1.834000e-05	2.125338e-02	1.791524e+00
1.835000e-05	7.229388e-02	1.978925e+00
1.836000e-05	-3.386001e-03	2.273134e+00
1.837000e-05	-6.554981e-02	2.483161e+00
1.838000e-05	-2.233785e-02	2.757847e+00
1.839000e-05	-3.511041e-02	2.908845e+00
1.840000e-05	-7.028645e-02	3.085334e+00
1.841000e-05	1.051585e-01	3.253632e+00
1.842000e-05	2.959873e-02	3.524789e+00
1.843000e-05	-1.412870e-01	3.643233e+00
1.844000e-05	1.745657e-01	3.864710e+00
1.845000e-05	-1.139746e-01	4.085763e+00
1.846000e-05	5.079809e-03	4.326342e+00
1.847000e-05	7.162815e-02	4.536315e+00
1.848000e-05	-8.091220e-02	4.746849e+00
1.849000e-05	3.932929e-02	5.009048e+00
1.850000e-05	-7.702897e-03	5.325209e+00
1.851000e-05	-2.252205e-02	5.556388e+00
1.852000e-05	2.039249e-02	5.707216e+00
1.853000e-05	-3.281008e-02	5.957846e+00
1.854000e-05	8.570003e-03	6.108241e+00
1.855000e-05	-2.313427e-02	6.325741e+00
1.856000e-05	2.793605e-02	6.485766e+00
1.857000e-05	-1.444346e-03	6.758795e+00
1.858000e-05	-1.925778e-02	6.937017e+00
1.859000e-05	2.344802e-02	7.107840e+00
1.860000e-05	-4.994864e-02	7.306232e+00
1.861000e-05	2.071441e-02	7.516762e+00
1.862000e-05	-3.965827e-03	7.717771e+00
1.863000e-05	-6.745517e-03	7.898818e+00
1.864000e-05	8.198291e-03	8.127292e+00
1.865000e-05	-2.739282e-02	8.285737e+00
1.866000e-05	3.188963e-03	8.431682e+00
1.867000e-05	-1.122473e-02	8.550446e+00
1.868000e-05	1.069420e-02	8.706317e+00
1.869000e-05	-1.354365e-02	8.873758e+00
1.870000e-05	-1.739786e-03	9.042105e+00
1.871000e-05	3.965573e-05	9.230580e+00
1.872000e-05	-1.771513e-02	9.337946e+00
1.873000e-05	9.137546e-04	9.485183e+00
1.874000e-05	-6.634373e-03	9.600552e+00
1.875000e-05	2.148197e-03	9.758446e+00
1.876000e-05	-1.369258e-02	9.887242e+00
1.877000e-05	-5.396318e-04	1.006411e+01
1.878000e-05	-6.208838e-03	1.015892e+01
1.879000e-05	-9.148441e-03	1.030574e+01
1.880000e-05	-9.570081e-03	1.042008e+01
1.881000e-05	-3.627495e-03	1.057895e+01
1.882000e-05	-2.201385e-03	1.068574e+01
1.883000e-05	-1.097030e-02	1.079948e+01
1.884000e-05	-3.826402e-03	1.091674e+01
1.885000e-05	-5.608907e-03	1.106057e+01
1.886000e-05	-6.501347e-03	1.110724e+01
1.887000e-05	-1.088682e-02	1.118995e+01
1.888000e-05	-4.855279e-03	1.130514e+01
1.889000e-05	-6.627568e-03	1.136947e+01
1.890000e-05	-9.256651e-03	1.145679e+01
1.891000e-05	-6.346577e-03	1.161000e+01
1.892000e-05	-8.544756e-03	1.168479e+01
1.893000e-05	-8.462405e-03	1.173790e+01
1.894000e-05	-9.703364e-03	1.177008e+01
1.895000e-05	-4.938612e-03	1.185374e+01
1.896000e-05	-7.196449e-03	1.192679e+01
1.897000e-05	-9.162609e-03	1.195842e+01
1.898000e-05	-1.096371e-02	1.200753e+01
1.899000e-05	-9.776946e-03	1.210314e+01
1.900000e-05	-1.105272e-02	1.209469e+01
1.901000e-05	-1.063561e-02	1.208589e+01
1.902000e-05	-9.806060e-03	1.214897e+01
1.903000e-05	-1.242012e-02	1.217105e+01
1.904000e-05	-1.219202e-02	1.221213e+01
1.905000e-05	-1.282434e-02	1.224258e+01
1.906000e-05	-1.223229e-02	1.221418e+01
1.907000e-05	-1.384128e-02	1.226418e+01
1.908000e-05	-1.508998e-02	1.224571e+01
1.909000e-05	-1.630533e-02	1.227421e+01
1.910000e-05	-1.923561e-02	1.227521e+01
1.911000e-05	-2.029130e-02	1.224419e+01
1.912000e-05	-2.378131e-02	1.225368e+01
1.913000e-05	-2.616339e-02	1.222466e+01
1.914000e-05	-3.027220e-02	1.222313e+01
1.915000e-05	-3.483959e-02	1.219110e+01
1.916000e-05	-4.248720e-02	1.219408e+01
1.917000e-05	-5.248419e-02	1.213947e+01
1.918000e-05	-6.320515e-02	1.210329e+01
1.919000e-05	-6.891173e-02	1.203272e+01
1.920000e-05	-6.431399e-02	1.200063e+01
1.921000e-05	-5.019837e-02	1.195947e+01
1.922000e-05	-3.624087e-02	1.185479e+01
1.923000e-05	-2.891105e-02	1.179518e+01
1.924000e-05	-2.466565e-02	1.180960e+01
1.925000e-05	-2.093648e-02	1.173634e+01
1.926000e-05	-1.855038e-02	1.163371e+01
1.927000e-05	-1.787826e-02	1.154792e+01
1.928000e-05	-1.627273e-02	1.144421e+01
1.929000e-05	-1.458919e-02	1.132989e+01
1.930000e-05	-1.277781e-02	1.120213e+01
1.931000e-05	-1.337261e-02	1.113737e+01
1.932000e-05	-1.184379e-02	1.100366e+01
1.933000e-05	-1.239703e-02	1.093795e+01
1.934000e-05	-1.059815e-02	1.087476e+01
1.935000e-05	-1.175622e-02	1.074750e+01
1.936000e-05	-8.423380e-03	1.063268e+01
1.937000e-05	-1.057916e-02	1.048642e+01
1.938000e-05	-8.881094e-03	1.037905e+01
1.939000e-05	-1.131834e-02	1.024471e+01
1.940000e-05	-8.027765e-03	1.016092e+01
1.941000e-05	-9.859014e-03	1.004316e+01
1.942000e-05	-7.035684e-03	9.896214e+00
1.943000e-05	-8.430965e-03	9.768470e+00
1.944000e-05	-8.554029e-03	9.600205e+00
1.945000e-05	-8.828381e-03	9.434687e+00
1.946000e-05	-6.288666e-03	9.306317e+00
1.947000e-05	-7.980268e-03	9.211101e+00
1.948000e-05	-7.695641e-03	9.041708e+00
1.949000e-05	-7.371484e-03	8.863188e+00
1.950000e-05	-6.266480e-03	8.696287e+00
1.951000e-05	-6.753601e-03	8.537421e+00
1.952000e-05	-7.348623e-03	8.401549e+00
1.953000e-05	-6.129814e-03	8.202654e+00
1.954000e-05	-7.056855e-03	8.032159e+00
1.955000e-05	-6.135777e-03	7.863635e+00
1.956000e-05	-5.915789e-03	7.655236e+00
1.957000e-05	-6.531484e-03	7.455183e+00
1.958000e-05	-5.849214e-03	7.272733e+00
1.959000e-05	-5.746522e-03	7.084737e+00
1.960000e-05	-5.399304e-03	6.885764e+00
1.961000e-05	-6.000075e-03	6.697414e+00
1.962000e-05	-6.114929e-03	6.555211e+00
1.963000e-05	-5.814239e-03	6.335838e+00
1.964000e-05	-5.769073e-03	6.096316e+00
1.965000e-05	-5.879755e-03	5.950401e+00
1.966000e-05	-5.623634e-03	5.716397e+00
1.967000e-05	-5.139385e-03	5.546866e+00
1.968000e-05	-5.699699e-03	5.326818e+00
1.969000e-05	-5.878958e-03	5.056208e+00
1.970000e-05	-5.483427e-03	4.763103e+00
1.971000e-05	-5.162600e-03	4.592526e+00
1.972000e-05	-5.695150e-03	4.432054e+00
1.973000e-05	-5.069156e-03	4.211126e+00
1.974000e-05	-5.646368e-03	3.980422e+00
1.975000e-05	-5.962443e-03	3.747523e+00
1.976000e-05	-5.878817e-03	3.570000e+00
1.977000e-05	-5.364569e-03	3.347815e+00
1.978000e-05	-5.428744e-03	3.117391e+00
1.979000e-05	-5.227721e-03	2.905793e+00
1.980000e-05	-4.772129e-03	2.676391e+00
1.981000e-05	-4.830526e-03	2.443758e+00
1.982000e-05	-5.155882e-03	2.202074e+00
1.983000e-05	-5.187171e-03	2.051003e+00
1.984000e-05	-4.622631e-03	1.820530e+00
1.985000e-05	-5.115764e-03	1.518366e+00
1.986000e-05	-5.166025e-03	1.305340e+00
1.987000e-05	-4.219617e-03	1.031656e+00
1.988000e-05	-4.408776e-03	8.109975e-01
1.989000e-05	-4.985513e-03	5.594449e-01
1.990000e-05	-4.005323e-03	3.589448e-01
1.991000e-05	-2.956654e-03	9.478962e-02
1.992000e-05	-1.891809e-06	-1.141919e-01
1.993000e-05	6.278895e-03	-3.052870e-01
1.994000e-05	-4.643046e-03	-4.832855e-01
1.995000e-05	3.411240e-03	-7.573473e-01
1.996000e-05	-4.314191e-03	-9.473159e-01
1.997000e-05	2.315408e-03	-1.127821e+00
1.998000e-05	-1.848604e-03	-1.397971e+00
1.999000e-05	2.152040e-02	-1.620506e+00
2.000000e-05	9.066938e-02	-1.788970e+00
2.001000e-05	-2.399356e-02	-2.054085e+00
2.002000e-05	-5.147429e-02	-2.420927e+00
2.003000e-05	-1.926331e-02	-2.674709e+00
2.004000e-05	-6.944883e-02	-2.811504e+00
2.005000e-05	-8.619072e-03	-2.896340e+00
2.006000e-05	1.737241e-01	-3.113294e+00
2.007000e-05	-1.683732e-01	-3.348422e+00
2.008000e-05	1.175130e-01	-3.579374e+00
2.009000e-05	1.018969e-02	-3.715314e+00
2.010000e-05	-1.418967e-01	-4.020406e+00
2.011000e-05	1.781415e-01	-4.218975e+00
2.012000e-05	-9.493883e-02	-4.369450e+00
2.013000e-05	-3.962157e-03	-4.581479e+00
2.014000e-05	1.233806e-01	-4.800449e+00
2.015000e-05	-1.662928e-01	-5.094709e+00
2.016000e-05	1.372678e-01	-5.297216e+00
2.017000e-05	-8.008007e-02	-5.556871e+00
2.018000e-05	-3.363096e-03	-5.809422e+00
2.019000e-05	7.484367e-02	-5.935745e+00
2.020000e-05	-9.893354e-02	-6.127894e+00
2.021000e-05	1.170867e-01	-6.378349e+00
2.022000e-05	-8.286670e-02	-6.589971e+00
2.023000e-05	5.695263e-02	-6.758375e+00
2.024000e-05	-3.612548e-03	-6.946895e+00
2.025000e-05	-7.322267e-02	-7.179903e+00
2.026000e-05	1.077441e-01	-7.356946e+00
2.027000e-05	-9.002089e-02	-7.547474e+00
2.028000e-05	7.725543e-02	-7.789376e+00
2.029000e-05	-3.294201e-02	-7.970000e+00
2.030000e-05	6.183162e-03	-8.108419e+00
2.031000e-05	1.703612e-02	-8.254687e+00
2.032000e-05	-5.017393e-02	-8.404657e+00
2.033000e-05	6.346322e-02	-8.581604e+00
2.034000e-05	-3.137679e-02	-8.769575e+00
2.035000e-05	3.722093e-02	-8.935971e+00
2.036000e-05	-4.388205e-02	-9.094139e+00
2.037000e-05	1.784217e-02	-9.200007e+00
2.038000e-05	1.284567e-02	-9.366949e+00
2.039000e-05	-1.365188e-02	-9.556342e+00
2.040000e-05	1.368507e-02	-9.662187e+00
2.041000e-05	-8.752485e-03	-9.780575e+00
2.042000e-05	2.545660e-02	-9.926371e+00
2.043000e-05	-2.701029e-02	-1.007521e+01
2.044000e-05	1.231616e-02	-1.022158e+01
2.045000e-05	-1.198002e-03	-1.032795e+01
2.046000e-05	1.174111e-02	-1.049464e+01
2.047000e-05	-1.208248e-02	-1.058900e+01
2.048000e-05	6.007850e-03	-1.071577e+01
2.049000e-05	1.136060e-02	-1.075887e+01
2.050000e-05	-1.455846e-03	-1.089479e+01
2.051000e-05	-2.458723e-04	-1.097945e+01
2.052000e-05	-1.875275e-03	-1.114671e+01
2.053000e-05	1.239226e-02	-1.118158e+01
2.054000e-05	-6.410847e-03	-1.130681e+01
2.055000e-05	8.999495e-03	-1.143897e+01
2.056000e-05	3.612641e-04	-1.146574e+01
2.057000e-05	6.093575e-03	-1.153838e+01
2.058000e-05	-2.284066e-03	-1.162111e+01
2.059000e-05	7.219533e-03	-1.171744e+01
2.060000e-05	6.168506e-03	-1.180205e+01
2.061000e-05	3.832806e-03	-1.186477e+01
2.062000e-05	2.640044e-03	-1.187684e+01
2.063000e-05	3.153404e-03	-1.200955e+01
2.064000e-05	4.325410e-03	-1.199168e+01
2.065000e-05	2.277603e-03	-1.202264e+01
2.066000e-05	7.565331e-03	-1.206676e+01
2.067000e-05	2.854486e-03	-1.214589e+01
2.068000e-05	5.536636e-03	-1.215847e+01
2.069000e-05	6.859299e-03	-1.217805e+01
2.070000e-05	8.155571e-03	-1.215950e+01
2.071000e-05	5.649437e-03	-1.219063e+01
2.072000e-05	6.557653e-03	-1.222158e+01
2.073000e-05	1.053955e-02	-1.223216e+01
2.074000e-05	1.056950e-02	-1.223115e+01
2.075000e-05	9.578354e-03	-1.225309e+01
2.076000e-05	1.283018e-02	-1.222268e+01
2.077000e-05	1.541284e-02	-1.221168e+01
2.078000e-05	1.944953e-02	-1.219063e+01
2.079000e-05	2.112828e-02	-1.222156e+01
2.080000e-05	2.718682e-02	-1.218055e+01
2.081000e-05	3.286562e-02	-1.214790e+01
2.082000e-05	3.891003e-02	-1.210789e+01
2.083000e-05	5.066027e-02	-1.209576e+01
2.084000e-05	6.038859e-02	-1.207214e+01
2.085000e-05	6.311092e-02	-1.198111e+01
2.086000e-05	5.324689e-02	-1.197855e+01
2.087000e-05	3.812770e-02	-1.188726e+01
2.088000e-05	2.827435e-02	-1.181263e+01
2.089000e-05	2.061382e-02	-1.173950e+01
2.090000e-05	1.623154e-02	-1.163274e+01
2.091000e-05	1.244229e-02	-1.162001e+01
2.092000e-05	1.193895e-02	-1.150687e+01
2.093000e-05	1.135792e-02	-1.140211e+01
2.094000e-05	8.494522e-03	-1.131586e+01
2.095000e-05	6.546592e-03	-1.124003e+01
2.096000e-05	6.080600e-03	-1.108639e+01
2.097000e-05	5.677831e-03	-1.100948e+01
2.098000e-05	5.309070e-03	-1.090737e+01
2.099000e-05	4.656626e-03	-1.079113e+01
2.100000e-05	3.878959e-03	-1.069732e+01
2.101000e-05	4.101887e-03	-1.062216e+01
2.102000e-05	3.452070e-03	-1.050795e+01
2.103000e-05	2.946393e-03	-1.038906e+01
2.104000e-05	1.592190e-03	-1.027622e+01
2.105000e-05	2.275062e-03	-1.012845e+01
2.106000e-05	2.160981e-03	-9.991208e+00
2.107000e-05	2.275350e-03	-9.875314e+00
2.108000e-05	8.035874e-04	-9.778950e+00
2.109000e-05	6.731273e-04	-9.644111e+00
2.110000e-05	1.848293e-03	-9.469891e+00
2.111000e-05	1.022165e-03	-9.339897e+00
2.112000e-05	4.458443e-04	-9.172034e+00
2.113000e-05	2.861955e-04	-9.054208e+00
2.114000e-05	1.628959e-04	-8.917270e+00
2.115000e-05	-1.738011e-04	-8.755922e+00
2.116000e-05	-4.715665e-04	-8.539999e+00
2.117000e-05	-1.054983e-04	-8.391081e+00
2.118000e-05	-7.994150e-05	-8.272661e+00
2.119000e-05	-1.310595e-03	-8.105791e+00
2.120000e-05	-1.732989e-03	-7.878344e+00
2.121000e-05	-1.953896e-03	-7.683664e+00
2.122000e-05	-2.744661e-03	-7.503237e+00
2.123000e-05	-2.095526e-03	-7.345318e+00
2.124000e-05	-2.210140e-03	-7.127845e+00
2.125000e-05	-2.155351e-03	-6.875867e+00
2.126000e-05	-3.058880e-03	-6.705293e+00
2.127000e-05	-2.636287e-03	-6.526919e+00
2.128000e-05	-1.917073e-03	-6.370445e+00
2.129000e-05	-2.792942e-03	-6.167969e+00
2.130000e-05	-3.528090e-03	-5.968469e+00
2.131000e-05	-3.036944e-03	-5.716946e+00
2.132000e-05	-3.482398e-03	-5.520475e+00
2.133000e-05	-3.161717e-03	-5.338000e+00
2.134000e-05	-2.023692e-03	-5.104288e+00
2.135000e-05	-2.594063e-03	-4.903236e+00
2.136000e-05	-1.974792e-03	-4.592179e+00
2.137000e-05	-4.109222e-03	-4.462710e+00
2.138000e-05	-2.914905e-03	-4.263658e+00
2.139000e-05	-2.964889e-03	-4.013159e+00
2.140000e-05	-3.011712e-03	-3.863687e+00
2.141000e-05	-3.584363e-03	-3.591056e+00
2.142000e-05	-4.150789e-03	-3.431128e+00
2.143000e-05	-3.423128e-03	-3.189551e+00
2.144000e-05	-5.278442e-03	-2.915950e+00
2.145000e-05	-3.184287e-03	-2.717896e+00
2.146000e-05	-4.616738e-03	-2.524867e+00
2.147000e-05	-3.052261e-03	-2.304766e+00
2.148000e-05	-4.423841e-03	-1.992712e+00
2.149000e-05	-3.884096e-03	-1.842155e+00
2.150000e-05	-5.427519e-03	-1.650706e+00
2.151000e-05	-3.794466e-03	-1.397945e+00
2.152000e-05	-5.014081e-03	-1.125789e+00
2.153000e-05	-3.751562e-03	-8.657318e-01
2.154000e-05	-6.219200e-03	-6.541843e-01
2.155000e-05	-4.361585e-03	-4.115988e-01
2.156000e-05	-4.455840e-03	-2.010039e-01
2.157000e-05	-2.743449e-03	-1.055125e-02
2.158000e-05	3.914514e-03	2.416556e-01
2.159000e-05	-2.234420e-03	4.645567e-01
2.160000e-05	-5.222558e-04	6.435817e-01
2.161000e-05	-3.009512e-03	8.525318e-01
2.162000e-05	-1.404691e-03	1.085187e+00
2.163000e-05	-2.393032e-03	1.326314e+00
2.164000e-05	1.178101e-03	1.537313e+00
2.165000e-05	1.869971e-02	1.800502e+00
2.166000e-05	7.065144e-02	1.988397e+00
2.167000e-05	3.469986e-03	2.260530e+00
2.168000e-05	-6.951198e-02	2.486161e+00
2.169000e-05	-2.215320e-02	2.717343e+00
2.170000e-05	-3.512700e-02	2.937390e+00
2.171000e-05	-6.960521e-02	3.084264e+00
2.172000e-05	9.580677e-02	3.232480e+00
2.173000e-05	4.538823e-02	3.515191e+00
2.174000e-05	-1.528452e-01	3.662132e+00
2.175000e-05	1.755083e-01	3.813683e+00
2.176000e-05	-1.054758e-01	4.093812e+00
2.177000e-05	-6.677970e-03	4.317892e+00
2.178000e-05	7.560113e-02	4.525861e+00
2.179000e-05	-8.016501e-02	4.767371e+00
2.180000e-05	3.590040e-02	4.970471e+00
2.181000e-05	-1.924232e-03	5.253732e+00
2.182000e-05	-2.662813e-02	5.464759e+00
2.183000e-05	2.041247e-02	5.676236e+00
2.184000e-05	-3.175203e-02	5.955322e+00
2.185000e-05	7.318696e-03	6.145291e+00
2.186000e-05	-2.116252e-02	6.296743e+00
2.187000e-05	2.495832e-02	6.505284e+00
2.188000e-05	2.092567e-03	6.737266e+00
2.189000e-05	-2.251207e-02	6.916888e+00
2.190000e-05	2.581798e-02	7.118866e+00
2.191000e-05	-4.952917e-02	7.284714e+00
2.192000e-05	1.848220e-02	7.465864e+00
2.193000e-05	-8.633455e-04	7.706222e+00
2.194000e-05	-9.311458e-03	7.916817e+00
2.195000e-05	9.183015e-03	8.096765e+00
2.196000e-05	-2.618516e-02	8.286287e+00
2.197000e-05	4.241278e-03	8.441101e+00
2.198000e-05	-1.152240e-02	8.578924e+00
2.199000e-05	7.849512e-03	8.697744e+00
2.200000e-05	-1.267233e-02	8.845262e+00
2.201000e-05	-1.081573e-03	9.023605e+00
2.202000e-05	2.040482e-03	9.151928e+00
2.203000e-05	-1.869179e-02	9.337767e+00
2.204000e-05	1.980710e-04	9.525713e+00
2.205000e-05	-6.988827e-03	9.610077e+00
2.206000e-05	2.434248e-03	9.760019e+00
2.207000e-05	-1.409796e-02	9.906238e+00
2.208000e-05	-4.913705e-04	1.006513e+01
2.209000e-05	-5.442512e-03	1.015797e+01
2.210000e-05	-9.053969e-03	1.031624e+01
2.211000e-05	-9.862360e-03	1.039200e+01
2.212000e-05	-3.668646e-03	1.052899e+01
2.213000e-05	-2.119238e-03	1.066521e+01
2.214000e-05	-1.101170e-02	1.076198e+01
2.215000e-05	-4.159997e-03	1.087634e+01
2.216000e-05	-5.686155e-03	1.099063e+01
2.217000e-05	-6.094805e-03	1.107524e+01
2.218000e-05	-1.077104e-02	1.117095e+01
2.219000e-05	-4.889369e-03	1.125426e+01
2.220000e-05	-6.102054e-03	1.138058e+01
2.221000e-05	-9.048546e-03	1.150379e+01
2.222000e-05	-6.108073e-03	1.156960e+01
2.223000e-05	-7.629911e-03	1.165577e+01
2.224000e-05	-9.228128e-03	1.173742e+01
2.225000e-05	-1.011474e-02	1.180268e+01
2.226000e-05	-3.835253e-03	1.184371e+01
2.227000e-05	-6.831538e-03	1.192727e+01
2.228000e-05	-8.326158e-03	1.192800e+01
2.229000e-05	-1.118650e-02	1.201013e+01
2.230000e-05	-8.886620e-03	1.205466e+01
2.231000e-05	-1.151379e-02	1.205682e+01
2.232000e-05	-1.123537e-02	1.211647e+01
2.233000e-05	-1.019519e-02	1.214989e+01
2.234000e-05	-1.275017e-02	1.218210e+01
2.235000e-05	-1.150644e-02	1.219163e+01
2.236000e-05	-1.325532e-02	1.221308e+01
2.237000e-05	-1.219154e-02	1.218216e+01
2.238000e-05	-1.400537e-02	1.220325e+01
2.239000e-05	-1.439423e-02	1.222327e+01
2.240000e-05	-1.634239e-02	1.224368e+01
2.241000e-05	-1.966140e-02	1.222624e+01
2.242000e-05	-2.003953e-02	1.227419e+01
2.243000e-05	-2.252782e-02	1.222521e+01
2.244000e-05	-2.524892e-02	1.221518e+01
2.245000e-05	-3.000351e-02	1.221163e+01
2.246000e-05	-3.531052e-02	1.218003e+01
2.247000e-05	-4.321735e-02	1.219107e+01
2.248000e-05	-5.195360e-02	1.210895e+01
2.249000e-05	-6.266843e-02	1.213726e+01
2.250000e-05	-6.797599e-02	1.208415e+01
2.251000e-05	-6.340533e-02	1.203058e+01
2.252000e-05	-5.139323e-02	1.194945e+01
2.253000e-05	-3.766390e-02	1.187529e+01
2.254000e-05	-2.959003e-02	1.184373e+01
2.255000e-05	-2.269331e-02	1.176155e+01
2.256000e-05	-2.136873e-02	1.172779e+01
2.257000e-05	-1.933861e-02	1.159316e+01
2.258000e-05	-1.872894e-02	1.154895e+01
2.259000e-05	-1.600096e-02	1.145421e+01
2.260000e-05	-1.398572e-02	1.133695e+01
2.261000e-05	-1.352602e-02	1.125353e+01
2.262000e-05	-1.354326e-02	1.112602e+01
2.263000e-05	-1.018397e-02	1.105371e+01
2.264000e-05	-1.233047e-02	1.095850e+01
2.265000e-05	-1.087837e-02	1.089424e+01
2.266000e-05	-1.237878e-02	1.077911e+01
2.267000e-05	-8.564856e-03	1.064320e+01
2.268000e-05	-1.042203e-02	1.053694e+01
2.269000e-05	-8.657763e-03	1.035951e+01
2.270000e-05	-1.041533e-02	1.027374e+01
2.271000e-05	-7.472452e-03	1.012889e+01
2.272000e-05	-9.211724e-03	1.007366e+01
2.273000e-05	-7.494759e-03	9.917292e+00
2.274000e-05	-8.424116e-03	9.738073e+00
2.275000e-05	-6.968084e-03	9.581032e+00
2.276000e-05	-8.220576e-03	9.413163e+00
2.277000e-05	-6.657058e-03	9.317367e+00
2.278000e-05	-7.793710e-03	9.200626e+00
2.279000e-05	-7.077589e-03	9.022633e+00
2.280000e-05	-6.876680e-03	8.855688e+00
2.281000e-05	-6.252967e-03	8.715737e+00
2.282000e-05	-6.712856e-03	8.537845e+00
2.283000e-05	-6.682320e-03	8.370581e+00
2.284000e-05	-6.643643e-03	8.192657e+00
2.285000e-05	-6.463991e-03	8.073088e+00
2.286000e-05	-6.195769e-03	7.872162e+00
2.287000e-05	-6.208679e-03	7.704733e+00
2.288000e-05	-6.402496e-03	7.484762e+00
2.289000e-05	-6.192838e-03	7.294638e+00
2.290000e-05	-5.984229e-03	7.104361e+00
2.291000e-05	-5.686518e-03	6.906816e+00
2.292000e-05	-5.937587e-03	6.667867e+00
2.293000e-05	-5.623023e-03	6.494866e+00
2.294000e-05	-5.900484e-03	6.317291e+00
2.295000e-05	-5.771136e-03	6.145865e+00
2.296000e-05	-5.703635e-03	5.940394e+00
2.297000e-05	-6.307354e-03	5.727336e+00
2.298000e-05	-5.853361e-03	5.526390e+00
2.299000e-05	-5.867135e-03	5.306315e+00
2.300000e-05	-4.788072e-03	5.066329e+00
2.301000e-05	-5.178499e-03	4.792084e+00
2.302000e-05	-5.590676e-03	4.620133e+00
2.303000e-05	-5.867007e-03	4.402128e+00
2.304000e-05	-5.085032e-03	4.199059e+00
2.305000e-05	-4.660852e-03	3.969048e+00
2.306000e-05	-5.661271e-03	3.770974e+00
2.307000e-05	-5.941145e-03	3.599978e+00
2.308000e-05	-4.671684e-03	3.320970e+00
2.309000e-05	-4.265853e-03	3.097363e+00
2.310000e-05	-4.542947e-03	2.925316e+00
2.311000e-05	-4.723411e-03	2.728311e+00
2.312000e-05	-4.638822e-03	2.455109e+00
2.313000e-05	-4.760312e-03	2.230579e+00
2.314000e-05	-5.446267e-03	2.030600e+00
2.315000e-05	-5.031002e-03	1.812079e+00
2.316000e-05	-4.615919e-03	1.578444e+00
2.317000e-05	-4.311140e-03	1.306316e+00
2.318000e-05	-4.700127e-03	1.073707e+00
2.319000e-05	-3.805755e-03	7.895263e-01
2.320000e-05	-4.231913e-03	5.884526e-01
2.321000e-05	-4.252459e-03	3.799213e-01
2.322000e-05	-3.357371e-03	1.053393e-01
2.323000e-05	-7.193334e-04	-1.147356e-01
2.324000e-05	7.489292e-03	-3.267118e-01
2.325000e-05	-3.989129e-03	-4.532105e-01
2.326000e-05	3.412506e-03	-7.463446e-01
2.327000e-05	-4.302381e-03	-9.353170e-01
2.328000e-05	2.438244e-03	-1.166310e+00
2.329000e-05	-2.123329e-03	-1.348899e+00
2.330000e-05	2.082041e-02	-1.589926e+00
2.331000e-05	8.931859e-02	-1.777919e+00
2.332000e-05	-1.711695e-02	-2.030607e+00
2.333000e-05	-5.664843e-02	-2.350429e+00
2.334000e-05	-1.525481e-02	-2.643157e+00
2.335000e-05	-6.892151e-02	-2.820430e+00
2.336000e-05	-1.828187e-02	-2.917351e+00
2.337000e-05	1.786679e-01	-3.074259e+00
2.338000e-05	-1.622341e-01	-3.348350e+00
2.339000e-05	1.014441e-01	-3.558422e+00
2.340000e-05	2.824159e-02	-3.683238e+00
2.341000e-05	-1.568701e-01	-3.971004e+00
2.342000e-05	1.782158e-01	-4.158926e+00
2.343000e-05	-8.085345e-02	-4.389926e+00
2.344000e-05	-1.867532e-02	-4.631101e+00
2.345000e-05	1.324367e-01	-4.769876e+00
2.346000e-05	-1.681142e-01	-5.063184e+00
2.347000e-05	1.304448e-01	-5.273664e+00
2.348000e-05	-6.835714e-02	-5.517817e+00
2.349000e-05	-1.810250e-02	-5.730822e+00
2.350000e-05	8.488772e-02	-5.937318e+00
2.351000e-05	-1.032235e-01	-6.137821e+00
2.352000e-05	1.152649e-01	-6.398924e+00
2.353000e-05	-7.513681e-02	-6.557852e+00
2.354000e-05	4.717711e-02	-6.768977e+00
2.355000e-05	9.124650e-03	-6.919869e+00
2.356000e-05	-8.457647e-02	-7.219978e+00
2.357000e-05	1.112353e-01	-7.327946e+00
2.358000e-05	-8.802011e-02	-7.516892e+00
2.359000e-05	7.310267e-02	-7.717446e+00
2.360000e-05	-2.566427e-02	-7.947819e+00
2.361000e-05	-3.271359e-03	-8.107318e+00
2.362000e-05	2.438829e-02	-8.275708e+00
2.363000e-05	-5.751286e-02	-8.430557e+00
2.364000e-05	6.651177e-02	-8.601653e+00
2.365000e-05	-3.062081e-02	-8.778978e+00
2.366000e-05	3.525798e-02	-8.927373e+00
2.367000e-05	-3.931608e-02	-9.054687e+00
2.368000e-05	1.567080e-02	-9.211054e+00
2.369000e-05	1.751609e-02	-9.337372e+00
2.370000e-05	-1.506613e-02	-9.526722e+00
2.371000e-05	1.048211e-02	-9.683112e+00
2.372000e-05	-1.046599e-02	-9.799505e+00
2.373000e-05	2.470966e-02	-9.896820e+00
2.374000e-05	-2.517147e-02	-1.003121e+01
2.375000e-05	1.034635e-02	-1.020050e+01
2.376000e-05	1.468668e-03	-1.035694e+01
2.377000e-05	1.144961e-02	-1.049519e+01
2.378000e-05	-9.228892e-03	-1.056850e+01
2.379000e-05	5.230364e-03	-1.069529e+01
2.380000e-05	1.210000e-02	-1.077942e+01
2.381000e-05	-3.568740e-03	-1.090436e+01
2.382000e-05	-2.113503e-03	-1.097885e+01
2.383000e-05	-2.069545e-03	-1.112492e+01
2.384000e-05	1.408677e-02	-1.120005e+01
2.385000e-05	-3.674231e-03	-1.129522e+01
2.386000e-05	8.681162e-03	-1.136103e+01
2.387000e-05	7.539518e-04	-1.145171e+01
2.388000e-05	5.742852e-03	-1.153790e+01
2.389000e-05	-2.818918e-03	-1.158111e+01
2.390000e-05	6.487411e-03	-1.175734e+01
2.391000e-05	5.557584e-03	-1.176007e+01
2.392000e-05	4.225674e-03	-1.186471e+01
2.393000e-05	2.626720e-03	-1.188527e+01
2.394000e-05	3.008361e-03	-1.197955e+01
2.395000e-05	5.954495e-03	-1.198051e+01
2.396000e-05	3.457928e-03	-1.204359e+01
2.397000e-05	7.056358e-03	-1.207374e+01
2.398000e-05	3.449723e-03	-1.211737e+01
2.399000e-05	4.716093e-03	-1.215692e+01
2.400000e-05	5.393579e-03	-1.217947e+01
2.401000e-05	6.675059e-03	-1.217855e+01
2.402000e-05	5.809615e-03	-1.219203e+01
2.403000e-05	7.823542e-03	-1.223211e+01
2.404000e-05	1.038614e-02	-1.220213e+01
2.405000e-05	1.203275e-02	-1.220318e+01
2.406000e-05	1.070110e-02	-1.223368e+01
2.407000e-05	1.362970e-02	-1.219065e+01
2.408000e-05	1.512190e-02	-1.223108e+01
2.409000e-05	1.779123e-02	-1.217205e+01
2.410000e-05	2.006532e-02	-1.219158e+01
2.411000e-05	2.669360e-02	-1.216900e+01
2.412000e-05	3.178396e-02	-1.213807e+01
2.413000e-05	3.946882e-02	-1.211834e+01
2.414000e-05	5.064393e-02	-1.206542e+01
2.415000e-05	6.115305e-02	-1.207316e+01
2.416000e-05	6.366082e-02	-1.204113e+01
2.417000e-05	5.457154e-02	-1.197995e+01
2.418000e-05	3.949258e-02	-1.186781e+01
2.419000e-05	2.791155e-02	-1.183321e+01
2.420000e-05	1.972320e-02	-1.175798e+01
2.421000e-05	1.577114e-02	-1.166524e+01
2.422000e-05	1.216191e-02	-1.158105e+01
2.423000e-05	1.169856e-02	-1.148537e+01
2.424000e-05	1.152081e-02	-1.142103e+01
2.425000e-05	9.872798e-03	-1.129787e+01
2.426000e-05	6.647412e-03	-1.121165e+01
2.427000e-05	5.859884e-03	-1.108582e+01
2.428000e-05	5.832706e-03	-1.102108e+01
2.429000e-05	4.541396e-03	-1.091684e+01
2.430000e-05	3.816588e-03	-1.082116e+01
2.431000e-05	3.490483e-03	-1.073787e+01
2.432000e-05	3.168495e-03	-1.061263e+01
2.433000e-05	3.252245e-03	-1.050681e+01
2.434000e-05	3.241192e-03	-1.040003e+01
2.435000e-05	3.171576e-03	-1.025532e+01
2.436000e-05	2.205138e-03	-1.014745e+01
2.437000e-05	2.275276e-03	-9.992510e+00
2.438000e-05	1.431766e-03	-9.855814e+00
2.439000e-05	1.365325e-03	-9.789953e+00
2.440000e-05	1.216247e-03	-9.642188e+00
2.441000e-05	1.082921e-03	-9.495366e+00
2.442000e-05	-5.543536e-04	-9.369021e+00
2.443000e-05	8.220765e-04	-9.212035e+00
2.444000e-05	7.416293e-04	-9.033660e+00
2.445000e-05	1.746064e-03	-8.915342e+00
2.446000e-05	-8.757541e-04	-8.737925e+00
2.447000e-05	4.025324e-06	-8.558527e+00
2.448000e-05	3.683760e-04	-8.360157e+00
2.449000e-05	-3.175519e-04	-8.243183e+00
2.450000e-05	-2.352431e-03	-8.074758e+00
2.451000e-05	-1.248157e-03	-7.936770e+00
2.452000e-05	-9.228169e-04	-7.707817e+00
2.453000e-05	-9.458621e-04	-7.535259e+00
2.454000e-05	-1.765440e-03	-7.296343e+00
2.455000e-05	-1.443378e-03	-7.127921e+00
2.456000e-05	-1.768453e-03	-6.875344e+00
2.457000e-05	-2.253713e-03	-6.706393e+00
2.458000e-05	-3.347387e-03	-6.538398e+00
2.459000e-05	-1.654728e-03	-6.337922e+00
2.460000e-05	-2.344093e-03	-6.138367e+00
2.461000e-05	-2.637668e-03	-5.947424e+00
2.462000e-05	-3.679393e-03	-5.745947e+00
2.463000e-05	-2.697620e-03	-5.569022e+00
2.464000e-05	-2.756647e-03	-5.318994e+00
2.465000e-05	-1.964178e-03	-5.094395e+00
2.466000e-05	-2.838374e-03	-4.834838e+00
2.467000e-05	-2.549803e-03	-4.602105e+00
2.468000e-05	-4.172389e-03	-4.463124e+00
2.469000e-05	-3.268126e-03	-4.263286e+00
2.470000e-05	-3.068468e-03	-4.072238e+00
2.471000e-05	-2.943919e-03	-3.844212e+00
2.472000e-05	-2.306845e-03	-3.631055e+00
2.473000e-05	-4.273943e-03	-3.412655e+00
2.474000e-05	-3.815843e-03	-3.211518e+00
2.475000e-05	-4.543459e-03	-2.958497e+00
2.476000e-05	-2.333930e-03	-2.737396e+00
2.477000e-05	-4.318517e-03	-2.516890e+00
2.478000e-05	-3.155117e-03	-2.337291e+00
2.479000e-05	-5.091597e-03	-2.022759e+00
2.480000e-05	-3.063470e-03	-1.842183e+00
2.481000e-05	-4.796391e-03	-1.622105e+00
2.482000e-05	-3.926511e-03	-1.358972e+00
2.483000e-05	-5.692661e-03	-1.096388e+00
2.484000e-05	-4.132590e-03	-8.848119e-01
2.485000e-05	-5.463676e-03	-6.627346e-01
2.486000e-05	-4.143968e-03	-4.410513e-01
2.487000e-05	-4.136657e-03	-2.516290e-01
2.488000e-05	-2.407180e-03	3.067632e-02
2.489000e-05	4.407275e-03	2.901552e-01
2.490000e-05	-1.915695e-03	4.220803e-01
2.491000e-05	-1.203411e-03	6.530828e-01
2.492000e-05	-9.860882e-04	8.421814e-01
2.493000e-05	-2.430126e-03	1.014129e+00
2.494000e-05	-2.812723e-03	1.335692e+00
2.495000e-05	-5.186926e-04	1.587395e+00
2.496000e-05	1.784631e-02	1.749955e+00
2.497000e-05	6.836320e-02	1.999396e+00
2.498000e-05	9.813473e-03	2.201100e+00
2.499000e-05	-7.108329e-02	2.493137e+00
2.500000e-05	-2.024507e-02	2.758342e+00
2.501000e-05	-3.476929e-02	2.967788e+00
2.502000e-05	-6.871274e-02	3.123634e+00
2.503000e-05	8.451017e-02	3.210634e+00
2.504000e-05	6.008423e-02	3.494735e+00
2.505000e-05	-1.620084e-01	3.642606e+00
2.506000e-05	1.743638e-01	3.852080e+00
2.507000e-05	-9.648946e-02	4.103690e+00
2.508000e-05	-1.558771e-02	4.345318e+00
2.509000e-05	8.226775e-02	4.496761e+00
2.510000e-05	-7.798039e-02	4.757375e+00
2.511000e-05	2.876461e-02	4.977020e+00
2.512000e-05	2.776709e-03	5.284009e+00
2.513000e-05	-3.018260e-02	5.514214e+00
2.514000e-05	2.218405e-02	5.643136e+00
2.515000e-05	-3.272876e-02	5.924791e+00
2.516000e-05	5.928919e-03	6.125337e+00
2.517000e-05	-1.873457e-02	6.305740e+00
2.518000e-05	2.240878e-02	6.446211e+00
2.519000e-05	6.238298e-03	6.736747e+00
2.520000e-05	-2.525929e-02	6.915340e+00
2.521000e-05	2.707992e-02	7.115321e+00
2.522000e-05	-5.052276e-02	7.285662e+00
2.523000e-05	1.592190e-02	7.474189e+00
2.524000e-05	2.345641e-03	7.715742e+00
2.525000e-05	-1.037902e-02	7.894858e+00
2.526000e-05	1.100596e-02	8.073741e+00
2.527000e-05	-2.715511e-02	8.275261e+00
2.528000e-05	3.807613e-03	8.420532e+00
2.529000e-05	-1.224436e-02	8.528493e+00
2.530000e-05	9.499836e-03	8.736267e+00
2.531000e-05	-1.249617e-02	8.842587e+00
2.532000e-05	-2.913474e-03	9.021084e+00
2.533000e-05	1.866131e-03	9.190552e+00
2.534000e-05	-1.783508e-02	9.346425e+00
2.535000e-05	1.096312e-03	9.443693e+00
2.536000e-05	-6.681036e-03	9.569029e+00
2.537000e-05	1.157012e-03	9.746894e+00
2.538000e-05	-1.431348e-02	9.934688e+00
2.539000e-05	2.205545e-04	1.007273e+01
2.540000e-05	-4.487282e-03	1.015697e+01
2.541000e-05	-9.328701e-03	1.027424e+01
2.542000e-05	-1.081772e-02	1.040048e+01
2.543000e-05	-3.254789e-03	1.051747e+01
2.544000e-05	-2.225021e-03	1.065569e+01
2.545000e-05	-1.104681e-02	1.081900e+01
2.546000e-05	-4.021780e-03	1.092477e+01
2.547000e-05	-5.529274e-03	1.100948e+01
2.548000e-05	-6.071973e-03	1.107522e+01
2.549000e-05	-1.085630e-02	1.115895e+01
2.550000e-05	-5.259261e-03	1.125433e+01
2.551000e-05	-6.637176e-03	1.135248e+01
2.552000e-05	-9.640539e-03	1.144534e+01
2.553000e-05	-6.976309e-03	1.161852e+01
2.554000e-05	-8.238267e-03	1.165469e+01
2.555000e-05	-8.319666e-03	1.176779e+01
2.556000e-05	-1.026878e-02	1.179158e+01
2.557000e-05	-5.514939e-03	1.184316e+01
2.558000e-05	-7.082179e-03	1.189679e+01
2.559000e-05	-8.642678e-03	1.192837e+01
2.560000e-05	-1.094737e-02	1.197893e+01
2.561000e-05	-1.028989e-02	1.204269e+01
2.562000e-05	-1.100271e-02	1.211434e+01
2.563000e-05	-1.073051e-02	1.215889e+01
2.564000e-05	-9.590807e-03	1.215902e+01
2.565000e-05	-1.263640e-02	1.218905e+01
2.566000e-05	-1.157173e-02	1.219203e+01
2.567000e-05	-1.297713e-02	1.221361e+01
2.568000e-05	-1.235187e-02	1.220371e+01
2.569000e-05	-1.444479e-02	1.226316e+01
2.570000e-05	-1.512893e-02	1.222323e+01
2.571000e-05	-1.692460e-02	1.223629e+01
2.572000e-05	-1.921568e-02	1.226469e+01
2.573000e-05	-2.009455e-02	1.226466e+01
2.574000e-05	-2.230782e-02	1.225521e+01
2.575000e-05	-2.504615e-02	1.222418e+01
2.576000e-05	-3.016846e-02	1.220308e+01
2.577000e-05	-3.536398e-02	1.220258e+01
2.578000e-05	-4.197656e-02	1.217093e+01
2.579000e-05	-5.087639e-02	1.213795e+01
2.580000e-05	-6.256809e-02	1.208539e+01
2.581000e-05	-6.874259e-02	1.204322e+01
2.582000e-05	-6.322899e-02	1.203056e+01
2.583000e-05	-5.132583e-02	1.193935e+01
2.584000e-05	-3.768197e-02	1.192632e+01
2.585000e-05	-2.926772e-02	1.185266e+01
2.586000e-05	-2.328324e-02	1.180055e+01
2.587000e-05	-2.090500e-02	1.174639e+01
2.588000e-05	-1.949395e-02	1.161310e+01
2.589000e-05	-1.824733e-02	1.153995e+01
2.590000e-05	-1.576461e-02	1.142266e+01
2.591000e-05	-1.347427e-02	1.132792e+01
2.592000e-05	-1.294941e-02	1.122361e+01
2.593000e-05	-1.296621e-02	1.113987e+01
2.594000e-05	-1.080299e-02	1.102316e+01
2.595000e-05	-1.229501e-02	1.098890e+01
2.596000e-05	-1.127798e-02	1.090379e+01
2.597000e-05	-1.125794e-02	1.072998e+01
2.598000e-05	-8.361557e-03	1.066308e+01
2.599000e-05	-1.073280e-02	1.051785e+01
2.600000e-05	-9.064416e-03	1.038005e+01
2.601000e-05	-1.023358e-02	1.030523e+01
2.602000e-05	-7.696300e-03	1.016892e+01
2.603000e-05	-9.764460e-03	1.004263e+01
2.604000e-05	-7.079460e-03	9.928867e+00
2.605000e-05	-8.282107e-03	9.759446e+00
2.606000e-05	-7.495720e-03	9.591554e+00
2.607000e-05	-9.213318e-03	9.484710e+00
2.608000e-05	-7.048170e-03	9.327917e+00
2.609000e-05	-7.492740e-03	9.222528e+00
2.610000e-05	-7.195394e-03	9.034635e+00
2.611000e-05	-6.948670e-03	8.865814e+00
2.612000e-05	-6.609323e-03	8.715363e+00
2.613000e-05	-6.297052e-03	8.548944e+00
2.614000e-05	-7.463340e-03	8.401557e+00
2.615000e-05	-6.292079e-03	8.243733e+00
2.616000e-05	-6.423035e-03	8.023209e+00
2.617000e-05	-6.141643e-03	7.882812e+00
2.618000e-05	-5.925733e-03	7.675268e+00
2.619000e-05	-6.199163e-03	7.466764e+00
2.620000e-05	-6.655195e-03	7.274211e+00
2.621000e-05	-6.229288e-03	7.074813e+00
2.622000e-05	-5.689809e-03	6.906789e+00
2.623000e-05	-6.306012e-03	6.707822e+00
2.624000e-05	-6.295245e-03	6.507769e+00
2.625000e-05	-5.886577e-03	6.286391e+00
2.626000e-05	-6.165972e-03	6.147395e+00
2.627000e-05	-6.086647e-03	5.919375e+00
2.628000e-05	-5.880109e-03	5.717495e+00
2.629000e-05	-5.480996e-03	5.526891e+00
2.630000e-05	-6.163995e-03	5.288395e+00
2.631000e-05	-5.701095e-03	5.115737e+00
2.632000e-05	-5.052107e-03	4.832204e+00
2.633000e-05	-5.987509e-03	4.610629e+00
2.634000e-05	-5.754487e-03	4.441104e+00
2.635000e-05	-5.485149e-03	4.262701e+00
2.636000e-05	-4.609856e-03	3.971471e+00
2.637000e-05	-5.955595e-03	3.790949e+00
2.638000e-05	-5.174906e-03	3.611024e+00
2.639000e-05	-5.056894e-03	3.406491e+00
2.640000e-05	-4.834831e-03	3.106868e+00
2.641000e-05	-5.444380e-03	2.926316e+00
2.642000e-05	-5.248121e-03	2.738892e+00
2.643000e-05	-5.020158e-03	2.475184e+00
2.644000e-05	-5.017065e-03	2.223108e+00
2.645000e-05	-4.675135e-03	2.021056e+00
2.646000e-05	-4.759866e-03	1.799005e+00
2.647000e-05	-3.983111e-03	1.537921e+00
2.648000e-05	-5.015824e-03	1.305842e+00
2.649000e-05	-4.678686e-03	1.044706e+00
2.650000e-05	-4.512554e-03	7.805764e-01
2.651000e-05	-3.770064e-03	5.915500e-01
2.652000e-05	-3.484435e-03	3.999476e-01
2.653000e-05	-2.862916e-03	1.268661e-01
2.654000e-05	1.867867e-04	-1.342393e-01
2.655000e-05	7.268620e-03	-2.947855e-01
2.656000e-05	-4.184703e-03	-4.731590e-01
2.657000e-05	2.772420e-03	-7.468134e-01
2.658000e-05	-3.651515e-03	-9.348147e-01
2.659000e-05	3.090443e-03	-1.126816e+00
2.660000e-05	-2.192332e-03	-1.377944e+00
2.661000e-05	1.865024e-02	-1.589948e+00
2.662000e-05	8.712984e-02	-1.778895e+00
2.663000e-05	-8.613622e-03	-2.020651e+00
2.664000e-05	-6.172939e-02	-2.427853e+00
2.665000e-05	-1.365900e-02	-2.642534e+00
2.666000e-05	-6.705436e-02	-2.799502e+00
2.667000e-05	-2.504164e-02	-2.904893e+00
2.668000e-05	1.812664e-01	-3.049659e+00
2.669000e-05	-1.562366e-01	-3.327890e+00
2.670000e-05	8.325792e-02	-3.558396e+00
2.671000e-05	4.958772e-02	-3.652688e+00
2.672000e-05	-1.673295e-01	-3.998850e+00
2.673000e-05	1.769851e-01	-4.176851e+00
2.674000e-05	-6.970245e-02	-4.357903e+00
2.675000e-05	-3.269045e-02	-4.616575e+00
2.676000e-05	1.416637e-01	-4.727998e+00
2.677000e-05	-1.695731e-01	-5.083632e+00
2.678000e-05	1.205304e-01	-5.264262e+00
2.679000e-05	-5.283937e-02	-5.536346e+00
2.680000e-05	-3.138439e-02	-5.778420e+00
2.681000e-05	9.334361e-02	-5.914726e+00
2.682000e-05	-1.066436e-01	-6.115713e+00
2.683000e-05	1.120495e-01	-6.347427e+00
2.684000e-05	-6.765807e-02	-6.559420e+00
2.685000e-05	3.390451e-02	-6.737400e+00
2.686000e-05	2.199500e-02	-6.905921e+00
2.687000e-05	-9.401674e-02	-7.177873e+00
2.688000e-05	1.135378e-01	-7.346817e+00
2.689000e-05	-8.700157e-02	-7.516316e+00
2.690000e-05	6.674459e-02	-7.796947e+00
2.691000e-05	-1.711625e-02	-7.936748e+00
2.692000e-05	-1.058459e-02	-8.135317e+00
2.693000e-05	2.954050e-02	-8.263713e+00
2.694000e-05	-6.157199e-02	-8.440481e+00
2.695000e-05	6.738757e-02	-8.548947e+00
2.696000e-05	-2.885824e-02	-8.778478e+00
2.697000e-05	3.335820e-02	-8.956812e+00
2.698000e-05	-3.792314e-02	-9.054713e+00
2.699000e-05	7.898490e-03	-9.190451e+00
2.700000e-05	2.302977e-02	-9.317546e+00
2.701000e-05	-1.756615e-02	-9.527292e+00
2.702000e-05	1.567556e-02	-9.642136e+00
2.703000e-05	-1.211193e-02	-9.790000e+00
2.704000e-05	2.678067e-02	-9.926318e+00
2.705000e-05	-2.532210e-02	-1.001063e+01
2.706000e-05	8.714352e-03	-1.018053e+01
2.707000e-05	1.571227e-03	-1.031885e+01
2.708000e-05	1.026490e-02	-1.047416e+01
2.709000e-05	-8.722204e-03	-1.056950e+01
2.710000e-05	3.151642e-03	-1.064524e+01
2.711000e-05	1.486410e-02	-1.075888e+01
2.712000e-05	-3.289551e-03	-1.093574e+01
2.713000e-05	3.120161e-04	-1.095005e+01
2.714000e-05	-3.631198e-03	-1.107529e+01
2.715000e-05	1.520892e-02	-1.115848e+01
2.716000e-05	-5.480916e-03	-1.128624e+01
2.717000e-05	8.184870e-03	-1.139848e+01
2.718000e-05	1.030581e-03	-1.147376e+01
2.719000e-05	5.068111e-03	-1.156795e+01
2.720000e-05	-2.113005e-03	-1.160208e+01
2.721000e-05	6.655317e-03	-1.172637e+01
2.722000e-05	7.324839e-03	-1.177905e+01
2.723000e-05	4.225938e-03	-1.186366e+01
2.724000e-05	3.807783e-03	-1.188681e+01
2.725000e-05	2.074046e-03	-1.197745e+01
2.726000e-05	5.140993e-03	-1.204053e+01
2.727000e-05	1.925961e-03	-1.204314e+01
2.728000e-05	7.846307e-03	-1.208374e+01
2.729000e-05	3.884945e-03	-1.212684e+01
2.730000e-05	4.845390e-03	-1.213693e+01
2.731000e-05	5.943286e-03	-1.215892e+01
2.732000e-05	7.556851e-03	-1.215802e+01
2.733000e-05	6.102658e-03	-1.218053e+01
2.734000e-05	6.346920e-03	-1.221011e+01
2.735000e-05	1.007938e-02	-1.221265e+01
2.736000e-05	1.084819e-02	-1.221121e+01
2.737000e-05	1.077557e-02	-1.222163e+01
2.738000e-05	1.292461e-02	-1.221308e+01
2.739000e-05	1.480710e-02	-1.224216e+01
2.740000e-05	1.854432e-02	-1.219005e+01
2.741000e-05	2.064962e-02	-1.219110e+01
2.742000e-05	2.659618e-02	-1.219203e+01
2.743000e-05	3.266186e-02	-1.211800e+01
2.744000e-05	3.848933e-02	-1.214784e+01
2.745000e-05	4.994028e-02	-1.208539e+01
2.746000e-05	6.006818e-02	-1.207362e+01
2.747000e-05	6.422120e-02	-1.198013e+01
2.748000e-05	5.413682e-02	-1.193040e+01
2.749000e-05	3.876096e-02	-1.189534e+01
2.750000e-05	2.861639e-02	-1.179263e+01
2.751000e-05	2.145521e-02	-1.176090e+01
2.752000e-05	1.617688e-02	-1.167424e+01
2.753000e-05	1.291368e-02	-1.158050e+01
2.754000e-05	1.176197e-02	-1.152580e+01
2.755000e-05	1.107265e-02	-1.140313e+01
2.756000e-05	8.956253e-03	-1.128645e+01
2.757000e-05	7.632526e-03	-1.117060e+01
2.758000e-05	6.503913e-03	-1.109530e+01
2.759000e-05	4.779664e-03	-1.101057e+01
2.760000e-05	4.753764e-03	-1.088542e+01
2.761000e-05	4.048615e-03	-1.084313e+01
2.762000e-05	4.124014e-03	-1.072692e+01
2.763000e-05	3.343959e-03	-1.065268e+01
2.764000e-05	3.134874e-03	-1.052737e+01
2.765000e-05	2.946681e-03	-1.041963e+01
2.766000e-05	1.860876e-03	-1.027474e+01
2.767000e-05	1.751226e-03	-1.014895e+01
2.768000e-05	2.821276e-03	-1.003108e+01
2.769000e-05	2.495016e-03	-9.905188e+00
2.770000e-05	9.987214e-04	-9.778445e+00
2.771000e-05	1.702170e-03	-9.615191e+00
2.772000e-05	1.724397e-03	-9.464946e+00
2.773000e-05	4.814100e-04	-9.348997e+00
2.774000e-05	2.113128e-05	-9.231526e+00
2.775000e-05	6.465805e-04	-9.054686e+00
2.776000e-05	4.192814e-04	-8.886390e+00
2.777000e-05	2.737287e-04	-8.778477e+00
2.778000e-05	-1.052660e-04	-8.560499e+00
2.779000e-05	1.313154e-04	-8.412108e+00
2.780000e-05	-3.960605e-04	-8.224233e+00
2.781000e-05	-6.315782e-04	-8.053893e+00
2.782000e-05	-5.673594e-04	-7.919393e+00
2.783000e-05	-6.026548e-04	-7.735369e+00
2.784000e-05	-1.645470e-03	-7.497792e+00
2.785000e-05	-1.205960e-03	-7.305894e+00
2.786000e-05	-1.655734e-03	-7.137972e+00
2.787000e-05	-1.910270e-03	-6.915366e+00
2.788000e-05	-3.352088e-03	-6.757872e+00
2.789000e-05	-2.418737e-03	-6.597445e+00
2.790000e-05	-1.794059e-03	-6.359501e+00
2.791000e-05	-3.157573e-03	-6.187975e+00
2.792000e-05	-2.981130e-03	-5.947972e+00
2.793000e-05	-2.400927e-03	-5.748505e+00
2.794000e-05	-3.098102e-03	-5.586473e+00
2.795000e-05	-3.123960e-03	-5.367449e+00
2.796000e-05	-1.918285e-03	-5.087766e+00
2.797000e-05	-2.546725e-03	-4.825837e+00
2.798000e-05	-2.405962e-03	-4.631661e+00
2.799000e-05	-4.022189e-03	-4.481254e+00
2.800000e-05	-3.008610e-03	-4.263637e+00
2.801000e-05	-2.566472e-03	-4.083632e+00
2.802000e-05	-2.850055e-03	-3.885257e+00
2.803000e-05	-3.232433e-03	-3.612133e+00
2.804000e-05	-4.762605e-03	-3.441603e+00
2.805000e-05	-3.695884e-03	-3.251105e+00
2.806000e-05	-4.368582e-03	-2.968519e+00
2.807000e-05	-3.065092e-03	-2.747918e+00
2.808000e-05	-4.070030e-03	-2.506868e+00
2.809000e-05	-2.644330e-03	-2.296770e+00
2.810000e-05	-4.755790e-03	-2.024183e+00
2.811000e-05	-3.982003e-03	-1.842658e+00
2.812000e-05	-4.936074e-03	-1.671083e+00
2.813000e-05	-3.716473e-03	-1.398550e+00
2.814000e-05	-4.512885e-03	-1.127317e+00
2.815000e-05	-4.671565e-03	-9.057394e-01
2.816000e-05	-7.293005e-03	-6.562144e-01
2.817000e-05	-4.717791e-03	-4.406338e-01
2.818000e-05	-4.169978e-03	-2.306288e-01
2.819000e-05	-4.627996e-03	-2.210013e-02
2.820000e-05	5.099295e-03	2.420013e-01
2.821000e-05	-2.994379e-03	4.515565e-01
2.822000e-05	1.427731e-03	6.321514e-01
2.823000e-05	-4.790286e-04	8.395526e-01
2.824000e-05	-2.879152e-03	1.063138e+00
2.825000e-05	-2.661371e-03	1.344736e+00
2.826000e-05	-2.605518e-03	1.506916e+00
2.827000e-05	1.591090e-02	1.748574e+00
2.828000e-05	6.500908e-02	1.989925e+00
2.829000e-05	1.693920e-02	2.210051e+00
2.830000e-05	-7.169413e-02	2.414654e+00
2.831000e-05	-1.891306e-02	2.756792e+00
2.832000e-05	-3.333723e-02	2.907320e+00
2.833000e-05	-6.673648e-02	3.094162e+00
2.834000e-05	7.453336e-02	3.211005e+00
2.835000e-05	7.423568e-02	3.464786e+00
2.836000e-05	-1.680654e-01	3.641058e+00
2.837000e-05	1.706633e-01	3.822005e+00
2.838000e-05	-8.672769e-02	4.076133e+00
2.839000e-05	-2.864381e-02	4.306288e+00
2.840000e-05	8.937450e-02	4.496262e+00
2.841000e-05	-7.226514e-02	4.749326e+00
2.842000e-05	2.697386e-02	4.948471e+00
2.843000e-05	7.697331e-03	5.244082e+00
2.844000e-05	-3.474200e-02	5.474715e+00
2.845000e-05	2.183050e-02	5.694158e+00
2.846000e-05	-3.277625e-02	5.905843e+00
2.847000e-05	4.279068e-03	6.085211e+00
2.848000e-05	-1.789135e-02	6.286193e+00
2.849000e-05	1.871826e-02	6.465686e+00
2.850000e-05	1.228047e-02	6.704766e+00
2.851000e-05	-2.806738e-02	6.885767e+00
2.852000e-05	3.123094e-02	7.095743e+00
2.853000e-05	-4.981518e-02	7.284087e+00
2.854000e-05	1.314334e-02	7.514689e+00
2.855000e-05	2.538650e-03	7.656168e+00
2.856000e-05	-1.309075e-02	7.874816e+00
2.857000e-05	1.277366e-02	8.114716e+00
2.858000e-05	-2.590243e-02	8.264747e+00
2.859000e-05	3.583894e-03	8.400554e+00
2.860000e-05	-1.290547e-02	8.528346e+00
2.861000e-05	9.326638e-03	8.695321e+00
2.862000e-05	-9.228930e-03	8.842555e+00
2.863000e-05	-3.352978e-03	9.021580e+00
2.864000e-05	2.401219e-03	9.168948e+00
2.865000e-05	-1.922228e-02	9.318892e+00
2.866000e-05	7.159418e-05	9.454712e+00
2.867000e-05	-6.426334e-03	9.590554e+00
2.868000e-05	3.422106e-03	9.767421e+00
2.869000e-05	-1.252090e-02	9.925293e+00
2.870000e-05	-1.165390e-03	1.005313e+01
2.871000e-05	-5.187007e-03	1.014897e+01
2.872000e-05	-9.108079e-03	1.029531e+01
2.873000e-05	-1.071177e-02	1.036953e+01
2.874000e-05	-4.479653e-03	1.054689e+01
2.875000e-05	-1.562183e-03	1.061421e+01
2.876000e-05	-1.175464e-02	1.077005e+01
2.877000e-05	-4.514483e-03	1.090619e+01
2.878000e-05	-5.007675e-03	1.097097e+01
2.879000e-05	-5.363282e-03	1.108469e+01
2.880000e-05	-1.076208e-02	1.113993e+01
2.881000e-05	-6.125974e-03	1.127419e+01
2.882000e-05	-6.546959e-03	1.139055e+01
2.883000e-05	-9.002820e-03	1.144531e+01
2.884000e-05	-6.937442e-03	1.158145e+01
2.885000e-05	-8.389450e-03	1.165316e+01
2.886000e-05	-8.884832e-03	1.173839e+01
2.887000e-05	-1.064597e-02	1.177155e+01
2.888000e-05	-5.181522e-03	1.184526e+01
2.889000e-05	-7.424994e-03	1.192729e+01
2.890000e-05	-7.614076e-03	1.191943e+01
2.891000e-05	-1.074861e-02	1.198098e+01
2.892000e-05	-9.785561e-03	1.203161e+01
2.893000e-05	-1.122820e-02	1.205372e+01
2.894000e-05	-1.102816e-02	1.210787e+01
2.895000e-05	-1.037864e-02	1.218850e+01
2.896000e-05	-1.377988e-02	1.219006e+01
2.897000e-05	-1.256426e-02	1.221165e+01
2.898000e-05	-1.222286e-02	1.221208e+01
2.899000e-05	-1.135555e-02	1.223260e+01
2.900000e-05	-1.451848e-02	1.224468e+01
2.901000e-05	-1.607051e-02	1.225379e+01
2.902000e-05	-1.673831e-02	1.224526e+01
2.903000e-05	-1.819871e-02	1.227469e+01
2.904000e-05	-1.990525e-02	1.223676e+01
2.905000e-05	-2.292513e-02	1.223571e+01
2.906000e-05	-2.636816e-02	1.221371e+01
2.907000e-05	-2.993390e-02	1.224305e+01
2.908000e-05	-3.472573e-02	1.218055e+01
2.909000e-05	-4.145014e-02	1.214000e+01
2.910000e-05	-5.122434e-02	1.213894e+01
2.911000e-05	-6.144000e-02	1.212637e+01
2.912000e-05	-6.868086e-02	1.210474e+01
2.913000e-05	-6.427223e-02	1.201201e+01
2.914000e-05	-5.166413e-02	1.193950e+01
2.915000e-05	-3.812996e-02	1.191630e+01
2.916000e-05	-3.021906e-02	1.188263e+01
2.917000e-05	-2.433275e-02	1.179005e+01
2.918000e-05	-2.116105e-02	1.170837e+01
2.919000e-05	-1.876869e-02	1.165313e+01
2.920000e-05	-1.772727e-02	1.154953e+01
2.921000e-05	-1.621386e-02	1.144519e+01
2.922000e-05	-1.401505e-02	1.133837e+01
2.923000e-05	-1.207110e-02	1.123264e+01
2.924000e-05	-1.367489e-02	1.113887e+01
2.925000e-05	-1.108327e-02	1.104369e+01
2.926000e-05	-1.148038e-02	1.095893e+01
2.927000e-05	-1.045817e-02	1.091424e+01
2.928000e-05	-1.290503e-02	1.076100e+01
2.929000e-05	-9.864402e-03	1.065271e+01
2.930000e-05	-1.086279e-02	1.055587e+01
2.931000e-05	-7.787352e-03	1.045106e+01
2.932000e-05	-1.002852e-02	1.026432e+01
2.933000e-05	-7.795078e-03	1.014842e+01
2.934000e-05	-9.458989e-03	1.007569e+01
2.935000e-05	-7.560239e-03	9.876918e+00
2.936000e-05	-8.481348e-03	9.767898e+00
2.937000e-05	-8.101468e-03	9.630552e+00
2.938000e-05	-8.156887e-03	9.443687e+00
2.939000e-05	-7.043842e-03	9.317446e+00
2.940000e-05	-6.997639e-03	9.209530e+00
2.941000e-05	-7.468998e-03	9.033614e+00
2.942000e-05	-6.062670e-03	8.923212e+00
2.943000e-05	-6.830430e-03	8.726865e+00
2.944000e-05	-7.052633e-03	8.557370e+00
2.945000e-05	-7.474537e-03	8.391108e+00
2.946000e-05	-6.530035e-03	8.222706e+00
2.947000e-05	-5.956605e-03	8.074682e+00
2.948000e-05	-6.740545e-03	7.856186e+00
2.949000e-05	-6.500729e-03	7.685841e+00
2.950000e-05	-6.400199e-03	7.526266e+00
2.951000e-05	-6.124737e-03	7.215715e+00
2.952000e-05	-6.741763e-03	7.084763e+00
2.953000e-05	-6.306287e-03	6.885316e+00
2.954000e-05	-7.295526e-03	6.737471e+00
2.955000e-05	-5.589240e-03	6.507866e+00
2.956000e-05	-5.419477e-03	6.316866e+00
2.957000e-05	-5.565202e-03	6.117372e+00
2.958000e-05	-6.000999e-03	5.980498e+00
2.959000e-05	-6.909698e-03	5.738949e+00
2.960000e-05	-5.074017e-03	5.526898e+00
2.961000e-05	-5.434136e-03	5.318371e+00
2.962000e-05	-5.556375e-03	5.064744e+00
2.963000e-05	-4.990449e-03	4.841534e+00
2.964000e-05	-5.373172e-03	4.611730e+00
2.965000e-05	-6.258959e-03	4.442157e+00
2.966000e-05	-6.338972e-03	4.193683e+00
2.967000e-05	-4.747891e-03	3.980973e+00
2.968000e-05	-4.866944e-03	3.809949e+00
2.969000e-05	-5.572420e-03	3.632054e+00
2.970000e-05	-4.861547e-03	3.358951e+00
2.971000e-05	-4.741227e-03	3.156871e+00
2.972000e-05	-4.275655e-03	2.887370e+00
2.973000e-05	-5.372850e-03	2.777918e+00
2.974000e-05	-5.422393e-03	2.472236e+00
2.975000e-05	-4.903592e-03	2.223129e+00
2.976000e-05	-4.236802e-03	2.013108e+00
2.977000e-05	-4.430314e-03	1.811076e+00
2.978000e-05	-4.334556e-03	1.538950e+00
2.979000e-05	-5.051592e-03	1.298343e+00
2.980000e-05	-3.847040e-03	1.104707e+00
2.981000e-05	-5.025772e-03	8.416075e-01
2.982000e-05	-4.419562e-03	6.095250e-01
2.983000e-05	-3.609276e-03	4.210013e-01
2.984000e-05	-1.682509e-03	1.373697e-01
2.985000e-05	-5.566434e-04	-9.265533e-02
2.986000e-05	6.696742e-03	-2.752143e-01
2.987000e-05	-4.922643e-03	-4.311601e-01
2.988000e-05	4.981912e-03	-7.668409e-01
2.989000e-05	-3.345130e-03	-9.072884e-01
2.990000e-05	2.227094e-03	-1.125263e+00
2.991000e-05	-2.767306e-03	-1.355843e+00
2.992000e-05	1.794486e-02	-1.559402e+00
2.993000e-05	8.546630e-02	-1.737371e+00
2.994000e-05	-1.172663e-03	-2.030051e+00
2.995000e-05	-6.575291e-02	-2.370397e+00
2.996000e-05	-1.128882e-02	-2.682131e+00
2.997000e-05	-6.678350e-02	-2.808904e+00
2.998000e-05	-3.469955e-02	-2.925324e+00
2.999000e-05	1.841466e-01	-3.061813e+00
3.000000e-05	-1.438520e-01	-3.315341e+00
3.001000e-05	6.471108e-02	-3.556847e+00
3.002000e-05	6.999909e-02	-3.673709e+00
3.003000e-05	-1.808172e-01	-3.997452e+00
3.004000e-05	1.700652e-01	-4.167924e+00
3.005000e-05	-5.666004e-02	-4.419399e+00
3.006000e-05	-4.642896e-02	-4.590019e+00
3.007000e-05	1.508359e-01	-4.726472e+00
3.008000e-05	-1.646564e-01	-5.031532e+00
3.009000e-05	1.120769e-01	-5.282715e+00
3.010000e-05	-3.928760e-02	-5.515117e+00
3.011000e-05	-4.708988e-02	-5.748845e+00
3.012000e-05	1.034152e-01	-5.885292e+00
3.013000e-05	-1.092380e-01	-6.134818e+00
3.014000e-05	1.071362e-01	-6.397897e+00
3.015000e-05	-5.952821e-02	-6.518370e+00
3.016000e-05	2.430076e-02	-6.777824e+00
3.017000e-05	3.611301e-02	-6.915815e+00
3.018000e-05	-1.023750e-01	-7.228976e+00
3.019000e-05	1.135387e-01	-7.346840e+00
3.020000e-05	-8.518661e-02	-7.527317e+00
3.021000e-05	5.996053e-02	-7.736423e+00
3.022000e-05	-7.780679e-03	-7.917898e+00
3.023000e-05	-1.841444e-02	-8.126371e+00
3.024000e-05	3.564032e-02	-8.253687e+00
3.025000e-05	-6.471048e-02	-8.400527e+00
3.026000e-05	6.776411e-02	-8.569501e+00
3.027000e-05	-2.689223e-02	-8.777374e+00
3.028000e-05	3.064869e-02	-8.905843e+00
3.029000e-05	-3.354660e-02	-9.062182e+00
3.030000e-05	2.259795e-03	-9.209501e+00
3.031000e-05	2.570499e-02	-9.305946e+00
3.032000e-05	-2.037708e-02	-9.486271e+00
3.033000e-05	1.883652e-02	-9.660606e+00
3.034000e-05	-1.299980e-02	-9.767925e+00
3.035000e-05	2.803597e-02	-9.924747e+00
3.036000e-05	-2.546423e-02	-9.992006e+00
3.037000e-05	8.064932e-03	-1.019052e+01
3.038000e-05	1.900956e-03	-1.032737e+01
3.039000e-05	8.106054e-03	-1.047209e+01
3.040000e-05	-7.852966e-03	-1.054737e+01
3.041000e-05	2.437288e-03	-1.063476e+01
3.042000e-05	1.641334e-02	-1.074940e+01
3.043000e-05	-4.832103e-03	-1.088626e+01
3.044000e-05	7.172869e-04	-1.098992e+01
3.045000e-05	-3.570046e-03	-1.103374e+01
3.046000e-05	1.614690e-02	-1.116947e+01
3.047000e-05	-5.495469e-03	-1.127519e+01
3.048000e-05	7.339756e-03	-1.138103e+01
3.049000e-05	1.998568e-03	-1.143277e+01
3.050000e-05	5.052035e-03	-1.154637e+01
3.051000e-05	-2.253842e-03	-1.164166e+01
3.052000e-05	5.045033e-03	-1.171542e+01
3.053000e-05	8.999881e-03	-1.178048e+01
3.054000e-05	4.268954e-03	-1.182424e+01
3.055000e-05	4.000847e-03	-1.190532e+01
3.056000e-05	1.930072e-03	-1.194850e+01
3.057000e-05	4.685485e-03	-1.201113e+01
3.058000e-05	1.587053e-03	-1.205211e+01
3.059000e-05	7.236703e-03	-1.205374e+01
3.060000e-05	4.642478e-03	-1.208530e+01
3.061000e-05	4.926684e-03	-1.213745e+01
3.062000e-05	6.009381e-03	-1.215742e+01
3.063000e-05	7.467106e-03	-1.217901e+01
3.064000e-05	6.680150e-03	-1.216013e+01
3.065000e-05	6.711067e-03	-1.219016e+01
3.066000e-05	1.047075e-02	-1.221211e+01
3.067000e-05	1.148723e-02	-1.221315e+01
3.068000e-05	9.859452e-03	-1.222363e+01
3.069000e-05	1.227089e-02	-1.221213e+01
3.070000e-05	1.462009e-02	-1.223111e+01
3.071000e-05	1.753929e-02	-1.223060e+01
3.072000e-05	2.022501e-02	-1.217106e+01
3.073000e-05	2.638645e-02	-1.217855e+01
3.074000e-05	3.262724e-02	-1.214745e+01
3.075000e-05	3.756107e-02	-1.213584e+01
3.076000e-05	4.869749e-02	-1.208534e+01
3.077000e-05	5.877019e-02	-1.206274e+01
3.078000e-05	6.320121e-02	-1.199263e+01
3.079000e-05	5.455908e-02	-1.192003e+01
3.080000e-05	4.063752e-02	-1.191487e+01
3.081000e-05	2.895816e-02	-1.186258e+01
3.082000e-05	2.025467e-02	-1.178038e+01
3.083000e-05	1.642020e-02	-1.167331e+01
3.084000e-05	1.374630e-02	-1.158153e+01
3.085000e-05	1.126402e-02	-1.151590e+01
3.086000e-05	1.087327e-02	-1.142313e+01
3.087000e-05	8.705647e-03	-1.122839e+01
3.088000e-05	7.477171e-03	-1.123758e+01
3.089000e-05	5.065629e-03	-1.114741e+01
3.090000e-05	5.746889e-03	-1.103001e+01
3.091000e-05	4.773150e-03	-1.090581e+01
3.092000e-05	4.625161e-03	-1.087268e+01
3.093000e-05	4.299423e-03	-1.072887e+01
3.094000e-05	3.270346e-03	-1.059261e+01
3.095000e-05	3.560935e-03	-1.051737e+01
3.096000e-05	2.707815e-03	-1.046203e+01
3.097000e-05	2.332529e-03	-1.027466e+01
3.098000e-05	2.221748e-03	-1.012908e+01
3.099000e-05	2.813358e-03	-1.001966e+01
3.100000e-05	2.115630e-03	-9.925321e+00
3.101000e-05	1.315995e-03	-9.788028e+00
3.102000e-05	1.848703e-03	-9.654161e+00
3.103000e-05	1.676539e-03	-9.505867e+00
3.104000e-05	5.020944e-04	-9.388449e+00
3.105000e-05	2.618849e-04	-9.230581e+00
3.106000e-05	9.575436e-04	-9.055213e+00
3.107000e-05	1.021164e-03	-8.925319e+00
3.108000e-05	1.875471e-04	-8.799570e+00
3.109000e-05	-8.123040e-04	-8.589002e+00
3.110000e-05	7.645494e-04	-8.391032e+00
3.111000e-05	-8.445664e-04	-8.285213e+00
3.112000e-05	-8.863851e-04	-8.135393e+00
3.113000e-05	-3.168105e-04	-7.927947e+00
3.114000e-05	-9.387688e-05	-7.728817e+00
3.115000e-05	-1.273947e-03	-7.466842e+00
3.116000e-05	-2.360285e-03	-7.326246e+00
3.117000e-05	-1.959135e-03	-7.119451e+00
3.118000e-05	-1.669517e-03	-6.975289e+00
3.119000e-05	-3.195397e-03	-6.716371e+00
3.120000e-05	-1.737269e-03	-6.558525e+00
3.121000e-05	-2.513662e-03	-6.399953e+00
3.122000e-05	-3.860565e-03	-6.169573e+00
3.123000e-05	-2.801536e-03	-5.967900e+00
3.124000e-05	-1.818069e-03	-5.757352e+00
3.125000e-05	-6.535514e-04	-5.570580e+00
3.126000e-05	-3.919460e-03	-5.380146e+00
3.127000e-05	-2.996897e-03	-5.116821e+00
3.128000e-05	-3.422450e-03	-4.864711e+00
3.129000e-05	-1.704705e-03	-4.652081e+00
3.130000e-05	-3.661892e-03	-4.473254e+00
3.131000e-05	-2.985412e-03	-4.272762e+00
3.132000e-05	-3.523694e-03	-4.084288e+00
3.133000e-05	-2.385830e-03	-3.884288e+00
3.134000e-05	-2.466419e-03	-3.640658e+00
3.135000e-05	-3.601888e-03	-3.433153e+00
3.136000e-05	-3.732752e-03	-3.187131e+00
3.137000e-05	-4.869115e-03	-3.009547e+00
3.138000e-05	-3.484431e-03	-2.728446e+00
3.139000e-05	-2.771974e-03	-2.527445e+00
3.140000e-05	-2.980839e-03	-2.339392e+00
3.141000e-05	-4.538497e-03	-2.032762e+00
3.142000e-05	-4.618719e-03	-1.854734e+00
3.143000e-05	-4.383608e-03	-1.641677e+00
3.144000e-05	-4.330002e-03	-1.380604e+00
3.145000e-05	-4.746838e-03	-1.107866e+00
3.146000e-05	-4.302116e-03	-9.263134e-01
3.147000e-05	-5.998704e-03	-7.178158e-01
3.148000e-05	-4.756863e-03	-4.406328e-01
3.149000e-05	-4.561741e-03	-2.011302e-01
3.150000e-05	-3.449121e-03	-1.105757e-02
3.151000e-05	4.092117e-03	2.309963e-01
3.152000e-05	-1.061831e-03	4.115814e-01
3.153000e-05	-2.267781e-03	6.316529e-01
3.154000e-05	-2.123454e-03	7.820815e-01
3.155000e-05	-2.392708e-03	1.085579e+00
3.156000e-05	-2.586563e-03	1.295763e+00
3.157000e-05	-6.310448e-04	1.527764e+00
3.158000e-05	1.497256e-02	1.787774e+00
3.159000e-05	6.457349e-02	1.978444e+00
3.160000e-05	2.254561e-02	2.189924e+00
3.161000e-05	-7.462931e-02	2.463558e+00
3.162000e-05	-1.949907e-02	2.736272e+00
3.163000e-05	-3.528866e-02	2.917337e+00
3.164000e-05	-6.528104e-02	3.064184e+00
3.165000e-05	6.289044e-02	3.210031e+00
3.166000e-05	8.921986e-02	3.494181e+00
3.167000e-05	-1.722904e-01	3.672554e+00
3.168000e-05	1.680554e-01	3.802603e+00
3.169000e-05	-7.361900e-02	4.063612e+00
3.170000e-05	-3.820849e-02	4.327765e+00
3.171000e-05	9.038402e-02	4.495291e+00
3.172000e-05	-7.274779e-02	4.717794e+00
3.173000e-05	1.995612e-02	4.956971e+00
3.174000e-05	1.468202e-02	5.231508e+00
3.175000e-05	-3.667191e-02	5.482634e+00
3.176000e-05	2.425454e-02	5.610633e+00
3.177000e-05	-2.990169e-02	5.875762e+00
3.178000e-05	3.191409e-03	6.074762e+00
3.179000e-05	-1.445500e-02	6.275690e+00
3.180000e-05	1.468818e-02	6.473658e+00
3.181000e-05	1.362070e-02	6.704242e+00
3.182000e-05	-3.241026e-02	6.906817e+00
3.183000e-05	3.278981e-02	7.105417e+00
3.184000e-05	-4.734715e-02	7.263034e+00
3.185000e-05	9.861928e-03	7.434663e+00
3.186000e-05	5.841207e-03	7.696112e+00
3.187000e-05	-1.414504e-02	7.896785e+00
3.188000e-05	1.448944e-02	8.084163e+00
3.189000e-05	-2.742022e-02	8.275159e+00
3.190000e-05	3.341192e-03	8.380529e+00
3.191000e-05	-1.212493e-02	8.528369e+00
3.192000e-05	8.275052e-03	8.705264e+00
3.193000e-05	-1.023437e-02	8.851107e+00
3.194000e-05	-3.945001e-03	9.009974e+00
3.195000e-05	3.485017e-03	9.179977e+00
3.196000e-05	-1.815757e-02	9.317868e+00
3.197000e-05	-1.122708e-03	9.412738e+00
3.198000e-05	-5.309445e-03	9.559477e+00
3.199000e-05	2.911244e-03	9.747875e+00
3.200000e-05	-1.342605e-02	9.914288e+00
3.201000e-05	-2.018226e-03	1.003208e+01
3.202000e-05	-4.824879e-03	1.016794e+01
3.203000e-05	-9.083301e-03	1.029474e+01
3.204000e-05	-1.056501e-02	1.036051e+01
3.205000e-05	-3.599659e-03	1.052640e+01
3.206000e-05	-2.813591e-04	1.064416e+01
3.207000e-05	-1.108661e-02	1.076896e+01
3.208000e-05	-5.471667e-03	1.087474e+01
3.209000e-05	-6.141926e-03	1.093060e+01
3.210000e-05	-6.512956e-03	1.110471e+01
3.211000e-05	-1.079054e-02	1.116952e+01
3.212000e-05	-4.626375e-03	1.128322e+01
3.213000e-05	-6.735416e-03	1.140105e+01
3.214000e-05	-1.002808e-02	1.143476e+01
3.215000e-05	-7.453481e-03	1.155208e+01
3.216000e-05	-6.967977e-03	1.164311e+01
3.217000e-05	-8.526795e-03	1.177685e+01
3.218000e-05	-1.058979e-02	1.179058e+01
3.219000e-05	-5.575471e-03	1.186369e+01
3.220000e-05	-7.721932e-03	1.191777e+01
3.221000e-05	-7.737171e-03	1.191835e+01
3.222000e-05	-1.146748e-02	1.199058e+01
3.223000e-05	-9.470984e-03	1.207163e+01
3.224000e-05	-1.162533e-02	1.209429e+01
3.225000e-05	-1.090596e-02	1.208726e+01
3.226000e-05	-8.838069e-03	1.215850e+01
3.227000e-05	-1.353296e-02	1.214900e+01
3.228000e-05	-1.199646e-02	1.223213e+01
3.229000e-05	-1.289493e-02	1.220410e+01
3.230000e-05	-1.213006e-02	1.221263e+01
3.231000e-05	-1.532068e-02	1.223466e+01
3.232000e-05	-1.568025e-02	1.225567e+01
3.233000e-05	-1.694633e-02	1.227521e+01
3.234000e-05	-1.836068e-02	1.221436e+01
3.235000e-05	-1.997552e-02	1.226479e+01
3.236000e-05	-2.256685e-02	1.224466e+01
3.237000e-05	-2.495322e-02	1.225418e+01
3.238000e-05	-2.963111e-02	1.221161e+01
3.239000e-05	-3.419481e-02	1.219310e+01
3.240000e-05	-4.128343e-02	1.222050e+01
3.241000e-05	-5.062666e-02	1.214997e+01
3.242000e-05	-6.173197e-02	1.210687e+01
3.243000e-05	-6.805256e-02	1.207376e+01
3.244000e-05	-6.469803e-02	1.202103e+01
3.245000e-05	-5.230893e-02	1.194795e+01
3.246000e-05	-3.862414e-02	1.189776e+01
3.247000e-05	-3.030762e-02	1.183464e+01
3.248000e-05	-2.465368e-02	1.181107e+01
3.249000e-05	-2.101977e-02	1.173632e+01
3.250000e-05	-1.775331e-02	1.163468e+01
3.251000e-05	-1.720017e-02	1.151795e+01
3.252000e-05	-1.621189e-02	1.143417e+01
3.253000e-05	-1.403461e-02	1.135895e+01
3.254000e-05	-1.345146e-02	1.125374e+01
3.255000e-05	-1.335705e-02	1.111832e+01
3.256000e-05	-1.189526e-02	1.109321e+01
3.257000e-05	-1.226638e-02	1.097898e+01
3.258000e-05	-1.085873e-02	1.089529e+01
3.259000e-05	-1.158391e-02	1.079958e+01
3.260000e-05	-8.464865e-03	1.063476e+01
3.261000e-05	-9.627384e-03	1.056747e+01
3.262000e-05	-8.729457e-03	1.041055e+01
3.263000e-05	-1.125332e-02	1.029469e+01
3.264000e-05	-8.846872e-03	1.014047e+01
3.265000e-05	-9.248297e-03	1.006472e+01
3.266000e-05	-7.196130e-03	9.887846e+00
3.267000e-05	-8.912125e-03	9.787997e+00
3.268000e-05	-7.540485e-03	9.590756e+00
3.269000e-05	-8.226068e-03	9.464741e+00
3.270000e-05	-7.384555e-03	9.347494e+00
3.271000e-05	-8.292952e-03	9.231654e+00
3.272000e-05	-7.357164e-03	9.035282e+00
3.273000e-05	-6.289427e-03	8.914344e+00
3.274000e-05	-7.853641e-03	8.746370e+00
3.275000e-05	-7.255576e-03	8.538422e+00
3.276000e-05	-7.310595e-03	8.451606e+00
3.277000e-05	-6.022030e-03	8.256712e+00
3.278000e-05	-7.272781e-03	8.075788e+00
3.279000e-05	-7.026152e-03	7.855741e+00
3.280000e-05	-5.170592e-03	7.696767e+00
3.281000e-05	-5.590079e-03	7.506915e+00
3.282000e-05	-7.042028e-03	7.264216e+00
3.283000e-05	-6.520217e-03	7.096338e+00
3.284000e-05	-5.180210e-03	6.905867e+00
3.285000e-05	-6.394247e-03	6.719873e+00
3.286000e-05	-6.721274e-03	6.526818e+00
3.287000e-05	-5.569766e-03	6.316892e+00
3.288000e-05	-4.973219e-03	6.176395e+00
3.289000e-05	-5.474468e-03	5.959978e+00
3.290000e-05	-6.620775e-03	5.748898e+00
3.291000e-05	-6.103236e-03	5.548970e+00
3.292000e-05	-5.057386e-03	5.339393e+00
3.293000e-05	-5.672421e-03	5.065836e+00
3.294000e-05	-6.375465e-03	4.851784e+00
3.295000e-05	-5.700010e-03	4.632083e+00
3.296000e-05	-5.153912e-03	4.443160e+00
3.297000e-05	-5.548720e-03	4.274632e+00
3.298000e-05	-5.393660e-03	3.981476e+00
3.299000e-05	-5.242725e-03	3.769580e+00
3.300000e-05	-4.936330e-03	3.609077e+00
3.301000e-05	-5.745081e-03	3.418951e+00
3.302000e-05	-5.056865e-03	3.157771e+00
3.303000e-05	-4.088372e-03	2.897416e+00
3.304000e-05	-4.442763e-03	2.738391e+00
3.305000e-05	-4.317617e-03	2.475706e+00
3.306000e-05	-4.391361e-03	2.212733e+00
3.307000e-05	-5.236868e-03	2.031680e+00
3.308000e-05	-4.514058e-03	1.801635e+00
3.309000e-05	-4.790621e-03	1.569471e+00
3.310000e-05	-4.258844e-03	1.355369e+00
3.311000e-05	-3.956461e-03	1.085838e+00
3.312000e-05	-4.594973e-03	8.005728e-01
3.313000e-05	-4.499454e-03	6.319776e-01
3.314000e-05	-3.500770e-03	3.790238e-01
3.315000e-05	-2.273888e-03	1.460449e-01
3.316000e-05	-1.073657e-03	-6.268309e-02
3.317000e-05	7.481571e-03	-2.532105e-01
3.318000e-05	-3.576561e-03	-4.416553e-01
3.319000e-05	3.079775e-03	-7.572384e-01
3.320000e-05	-2.540290e-03	-9.158132e-01
3.321000e-05	3.381416e-03	-1.095738e+00
3.322000e-05	-1.583647e-03	-1.318796e+00
3.323000e-05	1.523024e-02	-1.608947e+00
3.324000e-05	8.314196e-02	-1.776371e+00
3.325000e-05	8.051671e-03	-1.999549e+00
3.326000e-05	-7.019552e-02	-2.368369e+00
3.327000e-05	-9.205708e-03	-2.611529e+00
3.328000e-05	-6.527777e-02	-2.800500e+00
3.329000e-05	-3.948716e-02	-2.935343e+00
3.330000e-05	1.837580e-01	-3.040633e+00
3.331000e-05	-1.334675e-01	-3.315316e+00
3.332000e-05	4.764405e-02	-3.567349e+00
3.333000e-05	9.042295e-02	-3.682633e+00
3.334000e-05	-1.871118e-01	-3.948322e+00
3.335000e-05	1.676622e-01	-4.179374e+00
3.336000e-05	-4.260000e-02	-4.377920e+00
3.337000e-05	-6.041373e-02	-4.569425e+00
3.338000e-05	1.557560e-01	-4.737396e+00
3.339000e-05	-1.628518e-01	-5.022555e+00
3.340000e-05	1.000532e-01	-5.253641e+00
3.341000e-05	-2.453838e-02	-5.516262e+00
3.342000e-05	-6.079796e-02	-5.756338e+00
3.343000e-05	1.117819e-01	-5.895215e+00
3.344000e-05	-1.090244e-01	-6.085868e+00
3.345000e-05	1.016403e-01	-6.337294e+00
3.346000e-05	-4.971660e-02	-6.537871e+00
3.347000e-05	1.230006e-02	-6.726375e+00
3.348000e-05	4.699332e-02	-6.884788e+00
3.349000e-05	-1.104706e-01	-7.147475e+00
3.350000e-05	1.150582e-01	-7.346321e+00
3.351000e-05	-7.945931e-02	-7.506692e+00
3.352000e-05	5.247012e-02	-7.696872e+00
3.353000e-05	1.391763e-04	-7.948317e+00
3.354000e-05	-2.565013e-02	-8.097314e+00
3.355000e-05	4.162995e-02	-8.244184e+00
3.356000e-05	-6.755764e-02	-8.421554e+00
3.357000e-05	6.630788e-02	-8.539995e+00
3.358000e-05	-2.521615e-02	-8.788451e+00
3.359000e-05	2.788898e-02	-8.915768e+00
3.360000e-05	-2.806816e-02	-9.053158e+00
3.361000e-05	-2.798425e-03	-9.178980e+00
3.362000e-05	2.867237e-02	-9.295346e+00
3.363000e-05	-2.211053e-02	-9.546246e+00
3.364000e-05	1.921407e-02	-9.632183e+00
3.365000e-05	-1.470730e-02	-9.738975e+00
3.366000e-05	2.692921e-02	-9.925737e+00
3.367000e-05	-2.350561e-02	-1.006106e+01
3.368000e-05	7.144441e-03	-1.015900e+01
3.369000e-05	4.250929e-03	-1.029772e+01
3.370000e-05	8.313440e-03	-1.045511e+01
3.371000e-05	-6.722851e-03	-1.054795e+01
3.372000e-05	-2.337993e-04	-1.064474e+01
3.373000e-05	1.769168e-02	-1.070948e+01
3.374000e-05	-4.544818e-03	-1.089276e+01
3.375000e-05	3.121592e-03	-1.094842e+01
3.376000e-05	-5.377767e-03	-1.109579e+01
3.377000e-05	1.558034e-02	-1.115842e+01
3.378000e-05	-5.740130e-03	-1.128472e+01
3.379000e-05	8.438320e-03	-1.136953e+01
3.380000e-05	1.521431e-03	-1.144419e+01
3.381000e-05	3.995182e-03	-1.155893e+01
3.382000e-05	-6.809882e-04	-1.161061e+01
3.383000e-05	4.662492e-03	-1.173634e+01
3.384000e-05	8.682325e-03	-1.177105e+01
3.385000e-05	3.670938e-03	-1.184371e+01
3.386000e-05	3.338244e-03	-1.185577e+01
3.387000e-05	3.612234e-03	-1.193787e+01
3.388000e-05	5.528010e-03	-1.199908e+01
3.389000e-05	8.637099e-04	-1.199259e+01
3.390000e-05	7.413519e-03	-1.213471e+01
3.391000e-05	2.706481e-03	-1.211587e+01
3.392000e-05	4.727894e-03	-1.211842e+01
3.393000e-05	4.513538e-03	-1.214800e+01
3.394000e-05	8.131805e-03	-1.220948e+01
3.395000e-05	6.161573e-03	-1.218111e+01
3.396000e-05	7.881053e-03	-1.220203e+01
3.397000e-05	1.027826e-02	-1.223263e+01
3.398000e-05	1.109041e-02	-1.222353e+01
3.399000e-05	9.049864e-03	-1.222313e+01
3.400000e-05	1.048156e-02	-1.222268e+01
3.401000e-05	1.377553e-02	-1.221100e+01
3.402000e-05	1.921495e-02	-1.220158e+01
3.403000e-05	2.081052e-02	-1.218105e+01
3.404000e-05	2.566216e-02	-1.217960e+01
3.405000e-05	3.081910e-02	-1.216747e+01
3.406000e-05	3.695533e-02	-1.215880e+01
3.407000e-05	4.806868e-02	-1.208484e+01
3.408000e-05	5.899532e-02	-1.205616e+01
3.409000e-05	6.510012e-02	-1.200260e+01
3.410000e-05	5.505920e-02	-1.194997e+01
3.411000e-05	3.946223e-02	-1.188732e+01
3.412000e-05	2.786885e-02	-1.181310e+01
3.413000e-05	2.139097e-02	-1.174955e+01
3.414000e-05	1.605363e-02	-1.168331e+01
3.415000e-05	1.296699e-02	-1.162206e+01
3.416000e-05	1.146185e-02	-1.152630e+01
3.417000e-05	1.113369e-02	-1.141513e+01
3.418000e-05	8.780687e-03	-1.129731e+01
3.419000e-05	6.583807e-03	-1.122066e+01
3.420000e-05	5.614278e-03	-1.109787e+01
3.421000e-05	5.765212e-03	-1.097014e+01
3.422000e-05	4.347079e-03	-1.088784e+01
3.423000e-05	4.414250e-03	-1.083111e+01
3.424000e-05	4.008714e-03	-1.071792e+01
3.425000e-05	4.567743e-03	-1.065118e+01
3.426000e-05	2.239122e-03	-1.053847e+01
3.427000e-05	1.537568e-03	-1.040106e+01
3.428000e-05	1.316979e-03	-1.027529e+01
3.429000e-05	1.819436e-03	-1.015845e+01
3.430000e-05	2.121091e-03	-1.000111e+01
3.431000e-05	2.528744e-03	-9.906818e+00
3.432000e-05	1.863170e-03	-9.738075e+00
3.433000e-05	1.545206e-03	-9.664208e+00
3.434000e-05	1.690170e-03	-9.507370e+00
3.435000e-05	1.267821e-03	-9.368475e+00
3.436000e-05	5.888893e-04	-9.252053e+00
3.437000e-05	8.201750e-04	-9.064767e+00
3.438000e-05	4.920801e-04	-8.916921e+00
3.439000e-05	-7.405688e-05	-8.758474e+00
3.440000e-05	-2.526360e-05	-8.611029e+00
3.441000e-05	1.645263e-04	-8.421133e+00
3.442000e-05	-5.450512e-04	-8.244813e+00
3.443000e-05	-1.050070e-03	-8.107917e+00
3.444000e-05	-3.592350e-04	-7.916392e+00
3.445000e-05	-5.616038e-04	-7.725868e+00
3.446000e-05	-3.257307e-04	-7.485895e+00
3.447000e-05	-2.135185e-03	-7.298420e+00
3.448000e-05	-7.971739e-04	-7.178974e+00
3.449000e-05	-1.768230e-03	-6.948941e+00
3.450000e-05	-2.630887e-03	-6.766871e+00
3.451000e-05	-3.242790e-03	-6.580749e+00
3.452000e-05	-2.206765e-03	-6.381051e+00
3.453000e-05	-2.650908e-03	-6.167920e+00
3.454000e-05	-2.051567e-03	-5.939950e+00
3.455000e-05	-3.394143e-03	-5.761001e+00
3.456000e-05	-1.382039e-03	-5.550554e+00
3.457000e-05	-3.723965e-03	-5.361079e+00
3.458000e-05	-1.877600e-03	-5.106871e+00
3.459000e-05	-4.709649e-03	-4.906838e+00
3.460000e-05	-1.694659e-03	-4.674634e+00
3.461000e-05	-3.445428e-03	-4.471286e+00
3.462000e-05	-2.318591e-03	-4.273740e+00
3.463000e-05	-4.120321e-03	-4.085762e+00
3.464000e-05	-2.309100e-03	-3.874661e+00
3.465000e-05	-2.915360e-03	-3.623109e+00
3.466000e-05	-4.132954e-03	-3.451634e+00
3.467000e-05	-3.896226e-03	-3.201107e+00
3.468000e-05	-4.949324e-03	-3.020977e+00
3.469000e-05	-3.570794e-03	-2.747874e+00
3.470000e-05	-4.537790e-03	-2.529466e+00
3.471000e-05	-3.547953e-03	-2.348396e+00
3.472000e-05	-5.251884e-03	-2.073258e+00
3.473000e-05	-3.054975e-03	-1.864258e+00
3.474000e-05	-4.650772e-03	-1.634209e+00
3.475000e-05	-4.325161e-03	-1.421155e+00
3.476000e-05	-5.468472e-03	-1.147340e+00
3.477000e-05	-4.108826e-03	-8.638195e-01
3.478000e-05	-5.823879e-03	-6.968371e-01
3.479000e-05	-5.532266e-03	-4.127040e-01
3.480000e-05	-4.456103e-03	-2.621791e-01
3.481000e-05	-2.608148e-03	-3.310645e-02
3.482000e-05	3.338592e-03	2.399798e-01
3.483000e-05	-5.089359e-04	4.020788e-01
3.484000e-05	-3.299915e-03	6.100554e-01
3.485000e-05	-4.884705e-04	7.994588e-01
3.486000e-05	-3.712029e-03	1.044003e+00
3.487000e-05	-2.466257e-03	1.295237e+00
3.488000e-05	-1.527853e-03	1.496943e+00
3.489000e-05	1.469286e-02	1.761393e+00
3.490000e-05	6.241530e-02	1.937870e+00
3.491000e-05	2.810872e-02	2.188474e+00
3.492000e-05	-7.620141e-02	2.434103e+00
3.493000e-05	-1.839563e-02	2.735765e+00
3.494000e-05	-3.608807e-02	2.896817e+00
3.495000e-05	-6.371831e-02	3.084209e+00
3.496000e-05	5.304058e-02	3.220478e+00
3.497000e-05	1.016461e-01	3.474188e+00
3.498000e-05	-1.766878e-01	3.642055e+00
3.499000e-05	1.614833e-01	3.801578e+00
3.500000e-05	-5.998842e-02	4.062658e+00
3.501000e-05	-4.794869e-02	4.315734e+00
3.502000e-05	9.477406e-02	4.483286e+00
3.503000e-05	-7.011404e-02	4.706796e+00
3.504000e-05	1.088896e-02	4.906318e+00
3.505000e-05	2.008749e-02	5.223083e+00
3.506000e-05	-3.810126e-02	5.473108e+00
3.507000e-05	2.711244e-02	5.663210e+00
3.508000e-05	-2.889306e-02	5.905162e+00
3.509000e-05	-4.376130e-04	6.113708e+00
3.510000e-05	-1.369215e-02	6.273759e+00
3.511000e-05	1.289256e-02	6.474133e+00
3.512000e-05	1.970531e-02	6.715234e+00
3.513000e-05	-3.490873e-02	6.863688e+00
3.514000e-05	3.262181e-02	7.095766e+00
3.515000e-05	-4.724630e-02	7.283634e+00
3.516000e-05	8.022183e-03	7.423134e+00
3.517000e-05	1.014521e-02	7.673692e+00
3.518000e-05	-1.490324e-02	7.853687e+00
3.519000e-05	1.406230e-02	8.125141e+00
3.520000e-05	-2.832199e-02	8.251133e+00
3.521000e-05	1.802486e-03	8.410525e+00
3.522000e-05	-1.090960e-02	8.538845e+00
3.523000e-05	8.799513e-03	8.733717e+00
3.524000e-05	-9.582539e-03	8.831502e+00
3.525000e-05	-5.911592e-03	9.000047e+00
3.526000e-05	3.456857e-03	9.209921e+00
3.527000e-05	-1.772284e-02	9.325743e+00
3.528000e-05	-1.325446e-03	9.423087e+00
3.529000e-05	-5.902863e-03	9.579430e+00
3.530000e-05	1.519482e-03	9.706919e+00
3.531000e-05	-1.238763e-02	9.874711e+00
3.532000e-05	-2.032914e-03	1.006258e+01
3.533000e-05	-3.773464e-03	1.015838e+01
3.534000e-05	-9.236482e-03	1.031216e+01
3.535000e-05	-1.124319e-02	1.039943e+01
3.536000e-05	-3.841625e-03	1.052674e+01
3.537000e-05	-2.246583e-03	1.063419e+01
3.538000e-05	-9.419167e-03	1.077740e+01
3.539000e-05	-6.101881e-03	1.090574e+01
3.540000e-05	-5.068971e-03	1.097995e+01
3.541000e-05	-6.455956e-03	1.110479e+01
3.542000e-05	-1.152973e-02	1.117990e+01
3.543000e-05	-6.301739e-03	1.128421e+01
3.544000e-05	-5.510542e-03	1.137997e+01
3.545000e-05	-9.226618e-03	1.143417e+01
3.546000e-05	-7.261147e-03	1.158942e+01
3.547000e-05	-7.304623e-03	1.164413e+01
3.548000e-05	-8.247472e-03	1.170690e+01
3.549000e-05	-1.051200e-02	1.179106e+01
3.550000e-05	-6.152392e-03	1.187416e+01
3.551000e-05	-7.496429e-03	1.188576e+01
3.552000e-05	-8.433856e-03	1.192835e+01
3.553000e-05	-1.182488e-02	1.199995e+01
3.554000e-05	-1.018017e-02	1.204206e+01
3.555000e-05	-1.134559e-02	1.208271e+01
3.556000e-05	-1.064804e-02	1.215644e+01
3.557000e-05	-8.971672e-03	1.214945e+01
3.558000e-05	-1.254819e-02	1.213751e+01
3.559000e-05	-1.235246e-02	1.220263e+01
3.560000e-05	-1.403967e-02	1.224163e+01
3.561000e-05	-1.209288e-02	1.219318e+01
3.562000e-05	-1.373513e-02	1.223464e+01
3.563000e-05	-1.375389e-02	1.223424e+01
3.564000e-05	-1.576716e-02	1.223426e+01
3.565000e-05	-1.859678e-02	1.226471e+01
3.566000e-05	-2.090196e-02	1.225621e+01
3.567000e-05	-2.242907e-02	1.223318e+01
3.568000e-05	-2.506762e-02	1.224263e+01
3.569000e-05	-2.976316e-02	1.225258e+01
3.570000e-05	-3.431997e-02	1.218203e+01
3.571000e-05	-4.065597e-02	1.218050e+01
3.572000e-05	-4.984753e-02	1.216847e+01
3.573000e-05	-6.102603e-02	1.212739e+01
3.574000e-05	-6.698058e-02	1.206466e+01
3.575000e-05	-6.522801e-02	1.203101e+01
3.576000e-05	-5.379641e-02	1.194833e+01
3.577000e-05	-3.917091e-02	1.192682e+01
3.578000e-05	-2.976888e-02	1.183423e+01
3.579000e-05	-2.372926e-02	1.179060e+01
3.580000e-05	-2.139587e-02	1.171682e+01
3.581000e-05	-1.875797e-02	1.168319e+01
3.582000e-05	-1.701057e-02	1.154893e+01
3.583000e-05	-1.615589e-02	1.146356e+01
3.584000e-05	-1.549753e-02	1.136695e+01
3.585000e-05	-1.348091e-02	1.125259e+01
3.586000e-05	-1.373815e-02	1.113685e+01
3.587000e-05	-1.161880e-02	1.105316e+01
3.588000e-05	-1.203451e-02	1.094998e+01
3.589000e-05	-1.101339e-02	1.087476e+01
3.590000e-05	-1.160691e-02	1.077100e+01
3.591000e-05	-1.015971e-02	1.065324e+01
3.592000e-05	-1.074136e-02	1.055745e+01
3.593000e-05	-9.085261e-03	1.037953e+01
3.594000e-05	-1.042984e-02	1.029574e+01
3.595000e-05	-8.986954e-03	1.018045e+01
3.596000e-05	-9.112662e-03	1.008276e+01
3.597000e-05	-7.601276e-03	9.899421e+00
3.598000e-05	-8.483372e-03	9.778099e+00
3.599000e-05	-7.576160e-03	9.620157e+00
3.600000e-05	-8.850882e-03	9.495215e+00
3.601000e-05	-7.446839e-03	9.306446e+00
3.602000e-05	-8.289154e-03	9.231603e+00
3.603000e-05	-7.229608e-03	9.045187e+00
3.604000e-05	-6.977270e-03	8.895691e+00
3.605000e-05	-7.258504e-03	8.726371e+00
3.606000e-05	-6.826471e-03	8.599474e+00
3.607000e-05	-7.929525e-03	8.432631e+00
3.608000e-05	-7.210980e-03	8.236210e+00
3.609000e-05	-6.877430e-03	8.034662e+00
3.610000e-05	-6.817462e-03	7.846216e+00
3.611000e-05	-6.696276e-03	7.685293e+00
3.612000e-05	-6.310174e-03	7.518422e+00
3.613000e-05	-6.299050e-03	7.325816e+00
3.614000e-05	-5.883890e-03	7.097321e+00
3.615000e-05	-5.607179e-03	6.906395e+00
3.616000e-05	-6.534103e-03	6.757922e+00
3.617000e-05	-7.026552e-03	6.536846e+00
3.618000e-05	-6.180415e-03	6.318819e+00
3.619000e-05	-5.859983e-03	6.157494e+00
3.620000e-05	-6.308086e-03	5.979925e+00
3.621000e-05	-5.888070e-03	5.739945e+00
3.622000e-05	-6.569311e-03	5.548374e+00
3.623000e-05	-4.878121e-03	5.328394e+00
3.624000e-05	-6.093935e-03	5.137845e+00
3.625000e-05	-6.868061e-03	4.852735e+00
3.626000e-05	-5.045819e-03	4.653157e+00
3.627000e-05	-6.478768e-03	4.424157e+00
3.628000e-05	-2.673210e-03	4.213135e+00
3.629000e-05	-3.861334e-03	4.010481e+00
3.630000e-05	-5.343379e-03	3.820050e+00
3.631000e-05	-4.958256e-03	3.621606e+00
3.632000e-05	-7.106771e-03	3.370551e+00
3.633000e-05	-5.645115e-03	3.137393e+00
3.634000e-05	-6.012525e-03	2.936895e+00
3.635000e-05	-4.132976e-03	2.747970e+00
3.636000e-05	-3.877145e-03	2.464889e+00
3.637000e-05	-4.247187e-03	2.283232e+00
3.638000e-05	-2.836312e-03	2.024183e+00
3.639000e-05	-2.720609e-03	1.835083e+00
3.640000e-05	-4.256316e-03	1.559022e+00
3.641000e-05	-6.051770e-03	1.317396e+00
3.642000e-05	-6.496260e-03	1.107265e+00
3.643000e-05	-5.420898e-03	8.207053e-01
3.644000e-05	-4.186042e-03	6.006265e-01
3.645000e-05	-3.336104e-03	4.100738e-01
3.646000e-05	-1.666698e-03	1.889501e-01
3.647000e-05	-2.316123e-05	-6.308164e-02
3.648000e-05	8.135787e-03	-2.825829e-01
3.649000e-05	-3.480740e-03	-4.521551e-01
3.650000e-05	3.124225e-03	-6.967619e-01
3.651000e-05	-3.351564e-03	-9.147605e-01
3.652000e-05	1.311460e-03	-1.082739e+00
3.653000e-05	-4.198196e-03	-1.357289e+00
3.654000e-05	1.353280e-02	-1.568944e+00
3.655000e-05	8.038873e-02	-1.767319e+00
3.656000e-05	1.790105e-02	-2.019477e+00
3.657000e-05	-7.286396e-02	-2.339793e+00
3.658000e-05	-6.305013e-03	-2.671003e+00
3.659000e-05	-6.445351e-02	-2.799451e+00
3.660000e-05	-4.714442e-02	-2.904792e+00
3.661000e-05	1.826610e-01	-3.053157e+00
3.662000e-05	-1.201994e-01	-3.305733e+00
3.663000e-05	3.013677e-02	-3.547841e+00
3.664000e-05	1.086195e-01	-3.643109e+00
3.665000e-05	-1.951756e-01	-3.956277e+00
3.666000e-05	1.619611e-01	-4.158372e+00
3.667000e-05	-2.912133e-02	-4.378297e+00
3.668000e-05	-7.291538e-02	-4.537550e+00
3.669000e-05	1.599279e-01	-4.729347e+00
3.670000e-05	-1.559966e-01	-5.001509e+00
3.671000e-05	8.669531e-02	-5.232109e+00
3.672000e-05	-8.840383e-03	-5.486213e+00
3.673000e-05	-7.417878e-02	-5.726341e+00
3.674000e-05	1.173534e-01	-5.905738e+00
3.675000e-05	-1.095137e-01	-6.064763e+00
3.676000e-05	9.549435e-02	-6.338297e+00
3.677000e-05	-3.836575e-02	-6.526416e+00
3.678000e-05	-4.312857e-04	-6.748401e+00
3.679000e-05	5.830279e-02	-6.924212e+00
3.680000e-05	-1.179262e-01	-7.177374e+00
3.681000e-05	1.152720e-01	-7.326846e+00
3.682000e-05	-7.287851e-02	-7.505743e+00
3.683000e-05	4.522714e-02	-7.715395e+00
3.684000e-05	8.901811e-03	-7.935765e+00
3.685000e-05	-3.349234e-02	-8.095767e+00
3.686000e-05	4.679457e-02	-8.262134e+00
3.687000e-05	-6.930870e-02	-8.381503e+00
3.688000e-05	6.554456e-02	-8.598473e+00
3.689000e-05	-2.256085e-02	-8.730896e+00
3.690000e-05	2.449374e-02	-8.916263e+00
3.691000e-05	-2.447423e-02	-9.033631e+00
3.692000e-05	-9.372972e-03	-9.178972e+00
3.693000e-05	3.425935e-02	-9.345868e+00
3.694000e-05	-2.498899e-02	-9.464740e+00
3.695000e-05	2.217432e-02	-9.653084e+00
3.696000e-05	-1.557494e-02	-9.758900e+00
3.697000e-05	2.886492e-02	-9.896242e+00
3.698000e-05	-2.169442e-02	-1.003098e+01
3.699000e-05	4.486310e-03	-1.018953e+01
3.700000e-05	4.548383e-03	-1.029627e+01
3.701000e-05	7.402808e-03	-1.042364e+01
3.702000e-05	-5.029069e-03	-1.050835e+01
3.703000e-05	-2.685071e-03	-1.067624e+01
3.704000e-05	1.871466e-02	-1.076795e+01
3.705000e-05	-3.690365e-03	-1.084521e+01
3.706000e-05	2.989070e-03	-1.096900e+01
3.707000e-05	-5.572961e-03	-1.112516e+01
3.708000e-05	1.621273e-02	-1.114955e+01
3.709000e-05	-4.813527e-03	-1.127611e+01
3.710000e-05	6.392305e-03	-1.137100e+01
3.711000e-05	1.628612e-03	-1.146414e+01
3.712000e-05	4.625184e-03	-1.155793e+01
3.713000e-05	-8.219230e-04	-1.164253e+01
3.714000e-05	3.910834e-03	-1.167485e+01
3.715000e-05	9.517502e-03	-1.177947e+01
3.716000e-05	3.891796e-03	-1.181258e+01
3.717000e-05	5.235223e-03	-1.188774e+01
3.718000e-05	1.151282e-03	-1.195942e+01
3.719000e-05	5.385790e-03	-1.200103e+01
3.720000e-05	1.229823e-03	-1.204261e+01
3.721000e-05	6.155340e-03	-1.206517e+01
3.722000e-05	4.559943e-03	-1.211627e+01
3.723000e-05	4.331317e-03	-1.214847e+01
3.724000e-05	5.735579e-03	-1.216850e+01
3.725000e-05	6.252067e-03	-1.216053e+01
3.726000e-05	5.994526e-03	-1.217110e+01
3.727000e-05	6.678036e-03	-1.218210e+01
3.728000e-05	1.017248e-02	-1.223056e+01
3.729000e-05	1.145297e-02	-1.223268e+01
3.730000e-05	8.655366e-03	-1.221214e+01
3.731000e-05	1.133690e-02	-1.221358e+01
3.732000e-05	1.322601e-02	-1.221066e+01
3.733000e-05	1.788446e-02	-1.221158e+01
3.734000e-05	1.987894e-02	-1.221003e+01
3.735000e-05	2.519795e-02	-1.214996e+01
3.736000e-05	3.157426e-02	-1.212792e+01
3.737000e-05	3.770981e-02	-1.214885e+01
3.738000e-05	4.772970e-02	-1.210632e+01
3.739000e-05	5.786981e-02	-1.209319e+01
3.740000e-05	6.326186e-02	-1.200255e+01
3.741000e-05	5.522535e-02	-1.194745e+01
3.742000e-05	4.137808e-02	-1.186689e+01
3.743000e-05	2.876932e-02	-1.183456e+01
3.744000e-05	2.163159e-02	-1.175995e+01
3.745000e-05	1.662957e-02	-1.167427e+01
3.746000e-05	1.252915e-02	-1.163053e+01
3.747000e-05	1.137404e-02	-1.154635e+01
3.748000e-05	1.111607e-02	-1.138163e+01
3.749000e-05	9.310704e-03	-1.133695e+01
3.750000e-05	6.278644e-03	-1.119161e+01
3.751000e-05	5.433060e-03	-1.108795e+01
3.752000e-05	5.217024e-03	-1.099053e+01
3.753000e-05	4.091392e-03	-1.091694e+01
3.754000e-05	4.220929e-03	-1.084215e+01
3.755000e-05	3.638624e-03	-1.072787e+01
3.756000e-05	3.482443e-03	-1.062414e+01
3.757000e-05	3.421680e-03	-1.051843e+01
3.758000e-05	2.906251e-03	-1.044216e+01
3.759000e-05	2.509239e-03	-1.030574e+01
3.760000e-05	2.030840e-03	-1.019955e+01
3.761000e-05	1.624134e-03	-1.002326e+01
3.762000e-05	2.279904e-03	-9.905816e+00
3.763000e-05	1.322775e-03	-9.789030e+00
3.764000e-05	1.571749e-03	-9.643764e+00
3.765000e-05	7.324342e-04	-9.508446e+00
3.766000e-05	7.413723e-04	-9.400052e+00
3.767000e-05	6.126234e-04	-9.192183e+00
3.768000e-05	1.842753e-03	-9.033761e+00
3.769000e-05	8.325405e-04	-8.917371e+00
3.770000e-05	-2.052620e-04	-8.797029e+00
3.771000e-05	2.419760e-04	-8.631599e+00
3.772000e-05	4.492960e-04	-8.411186e+00
3.773000e-05	4.997799e-04	-8.264788e+00
3.774000e-05	-1.653845e-03	-8.136891e+00
3.775000e-05	-4.575731e-04	-7.966897e+00
3.776000e-05	-2.627470e-04	-7.727343e+00
3.777000e-05	-2.178971e-03	-7.526924e+00
3.778000e-05	-2.079872e-03	-7.347948e+00
3.779000e-05	-2.116787e-03	-7.178525e+00
3.780000e-05	-2.513237e-03	-6.937969e+00
3.781000e-05	-1.957054e-03	-6.728396e+00
3.782000e-05	-3.125809e-03	-6.548025e+00
3.783000e-05	-1.635725e-03	-6.362079e+00
3.784000e-05	-3.266903e-03	-6.160498e+00
3.785000e-05	-2.619253e-03	-5.950028e+00
3.786000e-05	-2.848919e-03	-5.821004e+00
3.787000e-05	-1.446156e-03	-5.612608e+00
3.788000e-05	-3.802163e-03	-5.348545e+00
3.789000e-05	-2.601978e-03	-5.139392e+00
3.790000e-05	-3.525418e-03	-4.885366e+00
3.791000e-05	-1.411077e-03	-4.673662e+00
3.792000e-05	-4.061028e-03	-4.485237e+00
3.793000e-05	-2.409324e-03	-4.304788e+00
3.794000e-05	-3.362941e-03	-4.085237e+00
3.795000e-05	-2.991153e-03	-3.885788e+00
3.796000e-05	-3.289210e-03	-3.652259e+00
3.797000e-05	-5.021240e-03	-3.433757e+00
3.798000e-05	-4.080738e-03	-3.271659e+00
3.799000e-05	-5.387860e-03	-2.972205e+00
3.800000e-05	-3.712181e-03	-2.798447e+00
3.801000e-05	-3.911869e-03	-2.527396e+00
3.802000e-05	-2.769946e-03	-2.328426e+00
3.803000e-05	-4.876444e-03	-2.074239e+00
3.804000e-05	-3.713809e-03	-1.894236e+00
3.805000e-05	-4.916053e-03	-1.664212e+00
3.806000e-05	-4.036025e-03	-1.433201e+00
3.807000e-05	-5.364374e-03	-1.156398e+00
3.808000e-05	-4.672541e-03	-9.277682e-01
3.809000e-05	-5.389716e-03	-7.453384e-01
3.810000e-05	-4.765768e-03	-4.432577e-01
3.811000e-05	-4.912527e-03	-2.806543e-01
3.812000e-05	-3.726919e-03	-5.313165e-02
3.813000e-05	3.349455e-03	1.888738e-01
3.814000e-05	7.895512e-04	4.425788e-01
3.815000e-05	-3.521919e-03	6.310525e-01
3.816000e-05	-5.724701e-04	7.994514e-01
3.817000e-05	-4.374127e-03	1.059498e+00
3.818000e-05	-1.942688e-03	1.264138e+00
3.819000e-05	-1.872201e-03	1.516312e+00
3.820000e-05	1.321685e-02	1.748324e+00
3.821000e-05	6.100534e-02	1.945818e+00
3.822000e-05	3.456293e-02	2.169402e+00
3.823000e-05	-7.645484e-02	2.422005e+00
3.824000e-05	-1.929432e-02	2.696764e+00
3.825000e-05	-3.634009e-02	2.905737e+00
3.826000e-05	-6.169657e-02	3.032580e+00
3.827000e-05	4.215066e-02	3.218499e+00
3.828000e-05	1.131920e-01	3.441628e+00
3.829000e-05	-1.785635e-01	3.651083e+00
3.830000e-05	1.529196e-01	3.799974e+00
3.831000e-05	-4.646597e-02	4.022557e+00
3.832000e-05	-5.913196e-02	4.295141e+00
3.833000e-05	9.740054e-02	4.505737e+00
3.834000e-05	-6.419772e-02	4.726742e+00
3.835000e-05	5.439363e-03	4.934896e+00
3.836000e-05	2.378017e-02	5.209554e+00
3.837000e-05	-4.128385e-02	5.462583e+00
3.838000e-05	2.676089e-02	5.622105e+00
3.839000e-05	-2.709184e-02	5.933791e+00
3.840000e-05	-2.377026e-03	6.044709e+00
3.841000e-05	-9.995392e-03	6.243213e+00
3.842000e-05	8.184794e-03	6.483633e+00
3.843000e-05	2.270333e-02	6.653687e+00
3.844000e-05	-3.771868e-02	6.873714e+00
3.845000e-05	3.336830e-02	7.085284e+00
3.846000e-05	-4.470577e-02	7.262033e+00
3.847000e-05	5.593238e-03	7.463605e+00
3.848000e-05	1.140290e-02	7.694137e+00
3.849000e-05	-1.769046e-02	7.874108e+00
3.850000e-05	1.458492e-02	8.095810e+00
3.851000e-05	-2.628635e-02	8.240185e+00
3.852000e-05	1.489191e-03	8.390003e+00
3.853000e-05	-1.175485e-02	8.526466e+00
3.854000e-05	7.717629e-03	8.703161e+00
3.855000e-05	-7.093028e-03	8.870532e+00
3.856000e-05	-6.396102e-03	8.989077e+00
3.857000e-05	3.421563e-03	9.167879e+00
3.858000e-05	-1.782495e-02	9.286320e+00
3.859000e-05	-1.586295e-03	9.472158e+00
3.860000e-05	-5.317811e-03	9.540576e+00
3.861000e-05	8.732257e-04	9.706896e+00
3.862000e-05	-1.279843e-02	9.815157e+00
3.863000e-05	-3.689757e-03	1.005256e+01
3.864000e-05	-3.385159e-03	1.015790e+01
3.865000e-05	-8.605857e-03	1.030477e+01
3.866000e-05	-1.103903e-02	1.035140e+01
3.867000e-05	-3.529517e-03	1.053784e+01
3.868000e-05	-1.797451e-03	1.061363e+01
3.869000e-05	-1.054417e-02	1.077790e+01
3.870000e-05	-6.912480e-03	1.087529e+01
3.871000e-05	-4.663973e-03	1.098944e+01
3.872000e-05	-5.947258e-03	1.109322e+01
3.873000e-05	-1.128399e-02	1.112798e+01
3.874000e-05	-6.012625e-03	1.124384e+01
3.875000e-05	-6.001385e-03	1.136852e+01
3.876000e-05	-9.090799e-03	1.150414e+01
3.877000e-05	-7.777650e-03	1.153952e+01
3.878000e-05	-7.347670e-03	1.167314e+01
3.879000e-05	-9.346648e-03	1.169682e+01
3.880000e-05	-1.048033e-02	1.178013e+01
3.881000e-05	-5.409337e-03	1.183369e+01
3.882000e-05	-6.640805e-03	1.189627e+01
3.883000e-05	-8.315869e-03	1.193889e+01
3.884000e-05	-1.215092e-02	1.201193e+01
3.885000e-05	-9.685431e-03	1.205114e+01
3.886000e-05	-1.102531e-02	1.205271e+01
3.887000e-05	-1.112708e-02	1.212777e+01
3.888000e-05	-8.796670e-03	1.215999e+01
3.889000e-05	-1.178733e-02	1.217103e+01
3.890000e-05	-1.171022e-02	1.222103e+01
3.891000e-05	-1.371610e-02	1.220268e+01
3.892000e-05	-1.168484e-02	1.222311e+01
3.893000e-05	-1.363964e-02	1.223563e+01
3.894000e-05	-1.525691e-02	1.223566e+01
3.895000e-05	-1.694437e-02	1.223516e+01
3.896000e-05	-1.778912e-02	1.225474e+01
3.897000e-05	-2.058595e-02	1.225379e+01
3.898000e-05	-2.108789e-02	1.222371e+01
3.899000e-05	-2.536339e-02	1.221416e+01
3.900000e-05	-2.837492e-02	1.223263e+01
3.901000e-05	-3.260720e-02	1.220308e+01
3.902000e-05	-4.011820e-02	1.222208e+01
3.903000e-05	-4.941613e-02	1.210897e+01
3.904000e-05	-6.168451e-02	1.210737e+01
3.905000e-05	-6.726862e-02	1.207219e+01
3.906000e-05	-6.665374e-02	1.202263e+01
3.907000e-05	-5.465750e-02	1.194902e+01
3.908000e-05	-4.007493e-02	1.194634e+01
3.909000e-05	-2.957689e-02	1.181374e+01
3.910000e-05	-2.304842e-02	1.180105e+01
3.911000e-05	-2.105410e-02	1.168685e+01
3.912000e-05	-1.966815e-02	1.165266e+01
3.913000e-05	-1.960161e-02	1.153940e+01
3.914000e-05	-1.611502e-02	1.150571e+01
3.915000e-05	-1.299878e-02	1.137797e+01
3.916000e-05	-1.276815e-02	1.124329e+01
3.917000e-05	-1.383430e-02	1.113940e+01
3.918000e-05	-1.260975e-02	1.104469e+01
3.919000e-05	-1.120443e-02	1.098095e+01
3.920000e-05	-9.463187e-03	1.088626e+01
3.921000e-05	-1.021216e-02	1.081153e+01
3.922000e-05	-1.044088e-02	1.063376e+01
3.923000e-05	-1.211922e-02	1.052795e+01
3.924000e-05	-9.237892e-03	1.040216e+01
3.925000e-05	-1.006644e-02	1.028479e+01
3.926000e-05	-7.983015e-03	1.013900e+01
3.927000e-05	-1.087481e-02	1.012516e+01
3.928000e-05	-8.075987e-03	9.876896e+00
3.929000e-05	-8.942114e-03	9.770954e+00
3.930000e-05	-6.685564e-03	9.641582e+00
3.931000e-05	-9.037265e-03	9.494768e+00
3.932000e-05	-7.703789e-03	9.338369e+00
3.933000e-05	-9.688515e-03	9.231609e+00
3.934000e-05	-7.644463e-03	9.045760e+00
3.935000e-05	-7.263770e-03	8.914816e+00
3.936000e-05	-6.503428e-03	8.736865e+00
3.937000e-05	-6.746015e-03	8.569948e+00
3.938000e-05	-7.455187e-03	8.461607e+00
3.939000e-05	-6.510255e-03	8.234312e+00
3.940000e-05	-6.411167e-03	8.066239e+00
3.941000e-05	-6.373818e-03	7.886413e+00
3.942000e-05	-6.206576e-03	7.716795e+00
3.943000e-05	-7.292185e-03	7.537368e+00
3.944000e-05	-6.581757e-03	7.315339e+00
3.945000e-05	-5.825904e-03	7.086338e+00
3.946000e-05	-5.298538e-03	6.948995e+00
3.947000e-05	-6.520112e-03	6.719875e+00
3.948000e-05	-7.216227e-03	6.577893e+00
3.949000e-05	-6.810826e-03	6.347921e+00
3.950000e-05	-5.674162e-03	6.138497e+00
3.951000e-05	-5.455608e-03	5.970602e+00
3.952000e-05	-5.474676e-03	5.770053e+00
3.953000e-05	-5.701039e-03	5.567445e+00
3.954000e-05	-5.077951e-03	5.328444e+00
3.955000e-05	-6.395169e-03	5.118348e+00
3.956000e-05	-5.176279e-03	4.873231e+00
3.957000e-05	-5.063235e-03	4.662629e+00
3.958000e-05	-4.771945e-03	4.482184e+00
3.959000e-05	-6.065174e-03	4.233682e+00
3.960000e-05	-5.247308e-03	4.001656e+00
3.961000e-05	-4.755611e-03	3.812103e+00
3.962000e-05	-4.766481e-03	3.611558e+00
3.963000e-05	-4.489877e-03	3.410075e+00
3.964000e-05	-4.848190e-03	3.138845e+00
3.965000e-05	-5.154645e-03	2.967447e+00
3.966000e-05	-5.227683e-03	2.729972e+00
3.967000e-05	-4.340571e-03	2.485758e+00
3.968000e-05	-4.169728e-03	2.274159e+00
3.969000e-05	-4.733884e-03	2.052209e+00
3.970000e-05	-5.028563e-03	1.841682e+00
3.971000e-05	-4.135503e-03	1.571476e+00
3.972000e-05	-3.873790e-03	1.328525e+00
3.973000e-05	-3.622068e-03	1.124342e+00
3.974000e-05	-4.728600e-03	8.316540e-01
3.975000e-05	-4.314073e-03	6.306278e-01
3.976000e-05	-3.444771e-03	3.901015e-01
3.977000e-05	-2.260332e-03	1.775247e-01
3.978000e-05	-1.693433e-03	-6.273032e-02
3.979000e-05	7.351603e-03	-2.547051e-01
3.980000e-05	-2.957032e-03	-4.506088e-01
3.981000e-05	2.142887e-03	-7.662146e-01
3.982000e-05	-3.761697e-03	-8.836855e-01
3.983000e-05	2.335331e-03	-1.105736e+00
3.984000e-05	-1.341588e-03	-1.285234e+00
3.985000e-05	1.292811e-02	-1.558372e+00
3.986000e-05	7.556848e-02	-1.705820e+00
3.987000e-05	2.321569e-02	-1.997376e+00
3.988000e-05	-7.766146e-02	-2.337370e+00
3.989000e-05	-4.143034e-03	-2.601956e+00
3.990000e-05	-6.382967e-02	-2.788950e+00
3.991000e-05	-5.270529e-02	-2.896819e+00
3.992000e-05	1.795596e-01	-3.063182e+00
3.993000e-05	-1.062608e-01	-3.305710e+00
3.994000e-05	1.279601e-02	-3.567845e+00
3.995000e-05	1.262599e-01	-3.651658e+00
3.996000e-05	-2.029855e-01	-3.957346e+00
3.997000e-05	1.529646e-01	-4.156418e+00
3.998000e-05	-1.509424e-02	-4.365819e+00
3.999000e-05	-8.477102e-02	-4.600025e+00
4.000000e-05	1.638886e-01	-4.796823e+00
4.001000e-05	-1.490875e-01	-5.011059e+00
4.002000e-05	7.237653e-02	-5.261613e+00
4.003000e-05	5.857943e-03	-5.533243e+00
4.004000e-05	-8.529850e-02	-5.704842e+00
4.005000e-05	1.229845e-01	-5.914288e+00
4.006000e-05	-1.084220e-01	-6.076237e+00
4.007000e-05	8.705945e-02	-6.336823e+00
4.008000e-05	-2.752608e-02	-6.515843e+00
4.009000e-05	-1.083383e-02	-6.727372e+00
4.010000e-05	6.991096e-02	-6.906338e+00
4.011000e-05	-1.222057e-01	-7.147876e+00
4.012000e-05	1.141059e-01	-7.325867e+00
4.013000e-05	-6.789020e-02	-7.504189e+00
4.014000e-05	3.604961e-02	-7.725265e+00
4.015000e-05	1.747741e-02	-7.927321e+00
4.016000e-05	-4.027185e-02	-8.107264e+00
4.017000e-05	5.126990e-02	-8.232484e+00
4.018000e-05	-7.098947e-02	-8.400480e+00
4.019000e-05	6.481996e-02	-8.577924e+00
4.020000e-05	-1.838308e-02	-8.758820e+00
4.021000e-05	2.153607e-02	-8.886767e+00
4.022000e-05	-1.903726e-02	-9.051583e+00
4.023000e-05	-1.460248e-02	-9.179480e+00
4.024000e-05	3.782037e-02	-9.317891e+00
4.025000e-05	-2.576659e-02	-9.476187e+00
4.026000e-05	2.382714e-02	-9.600632e+00
4.027000e-05	-1.629416e-02	-9.756969e+00
4.028000e-05	2.816696e-02	-9.904694e+00
4.029000e-05	-2.067445e-02	-1.000120e+01
4.030000e-05	2.525969e-03	-1.017987e+01
4.031000e-05	6.443723e-03	-1.029519e+01
4.032000e-05	6.334244e-03	-1.045361e+01
4.033000e-05	-2.247567e-03	-1.051797e+01
4.034000e-05	-3.627154e-03	-1.069368e+01
4.035000e-05	1.973514e-02	-1.077003e+01
4.036000e-05	-4.314703e-03	-1.086428e+01
4.037000e-05	3.766440e-03	-1.095992e+01
4.038000e-05	-6.697336e-03	-1.107324e+01
4.039000e-05	1.626656e-02	-1.112303e+01
4.040000e-05	-3.783125e-03	-1.126469e+01
4.041000e-05	7.503260e-03	-1.141098e+01
4.042000e-05	2.690972e-03	-1.147263e+01
4.043000e-05	4.008878e-03	-1.152740e+01
4.044000e-05	-4.318158e-04	-1.157960e+01
4.045000e-05	3.386047e-03	-1.170585e+01
4.046000e-05	9.595423e-03	-1.179903e+01
4.047000e-05	3.469870e-03	-1.183471e+01
4.048000e-05	5.132197e-03	-1.187574e+01
4.049000e-05	1.292977e-03	-1.198045e+01
4.050000e-05	5.977309e-03	-1.198053e+01
4.051000e-05	1.296115e-03	-1.202309e+01
4.052000e-05	6.008819e-03	-1.204469e+01
4.053000e-05	4.103013e-03	-1.210834e+01
4.054000e-05	5.118697e-03	-1.213635e+01
4.055000e-05	6.470010e-03	-1.214889e+01
4.056000e-05	5.823298e-03	-1.218055e+01
4.057000e-05	5.145994e-03	-1.220008e+01
4.058000e-05	5.686997e-03	-1.219161e+01
4.059000e-05	9.690557e-03	-1.224111e+01
4.060000e-05	1.115802e-02	-1.224310e+01
4.061000e-05	1.032216e-02	-1.222216e+01
4.062000e-05	1.222203e-02	-1.221308e+01
4.063000e-05	1.412844e-02	-1.221161e+01
4.064000e-05	1.730980e-02	-1.221103e+01
4.065000e-05	1.982179e-02	-1.221160e+01
4.066000e-05	2.544782e-02	-1.215000e+01
4.067000e-05	3.081460e-02	-1.215852e+01
4.068000e-05	3.750778e-02	-1.213687e+01
4.069000e-05	4.734773e-02	-1.210629e+01
4.070000e-05	5.810454e-02	-1.208519e+01
4.071000e-05	6.355188e-02	-1.198216e+01
4.072000e-05	5.576673e-02	-1.195955e+01
4.073000e-05	4.130048e-02	-1.190482e+01
4.074000e-05	2.891129e-02	-1.182266e+01
4.075000e-05	2.149205e-02	-1.176998e+01
4.076000e-05	1.714441e-02	-1.169534e+01
4.077000e-05	1.296395e-02	-1.156908e+01
4.078000e-05	1.087396e-02	-1.151632e+01
4.079000e-05	1.036190e-02	-1.139158e+01
4.080000e-05	9.590263e-03	-1.136740e+01
4.081000e-05	6.659172e-03	-1.124169e+01
4.082000e-05	6.016804e-03	-1.111587e+01
4.083000e-05	5.115474e-03	-1.104159e+01
4.084000e-05	4.822832e-03	-1.090787e+01
4.085000e-05	4.112074e-03	-1.084061e+01
4.086000e-05	4.122727e-03	-1.074792e+01
4.087000e-05	3.886202e-03	-1.067321e+01
4.088000e-05	3.344860e-03	-1.054837e+01
4.089000e-05	2.851882e-03	-1.046218e+01
4.090000e-05	2.894838e-03	-1.028727e+01
4.091000e-05	1.929548e-03	-1.015803e+01
4.092000e-05	2.221548e-03	-1.005319e+01
4.093000e-05	1.999795e-03	-9.916793e+00
4.094000e-05	1.819167e-03	-9.760605e+00
4.095000e-05	1.146608e-03	-9.674188e+00
4.096000e-05	2.062383e-03	-9.536400e+00
4.097000e-05	6.069470e-04	-9.348503e+00
4.098000e-05	3.186678e-04	-9.262635e+00
4.099000e-05	9.824208e-04	-9.086766e+00
4.100000e-05	1.135326e-03	-8.956951e+00
4.101000e-05	7.682770e-04	-8.797525e+00
4.102000e-05	-1.730882e-03	-8.622079e+00
4.103000e-05	9.170041e-05	-8.473660e+00
4.104000e-05	3.052123e-04	-8.255738e+00
4.105000e-05	-5.636070e-04	-8.116821e+00
4.106000e-05	-1.095671e-03	-7.920422e+00
4.107000e-05	-1.764608e-03	-7.738420e+00
4.108000e-05	-1.487960e-03	-7.527823e+00
4.109000e-05	-8.099753e-04	-7.366474e+00
4.110000e-05	-1.317689e-03	-7.189528e+00
4.111000e-05	-1.510675e-03	-6.937946e+00
4.112000e-05	-3.730323e-03	-6.769923e+00
4.113000e-05	-3.351878e-03	-6.550027e+00
4.114000e-05	-1.302987e-03	-6.400130e+00
4.115000e-05	-1.813607e-03	-6.170074e+00
4.116000e-05	-2.611606e-03	-5.989477e+00
4.117000e-05	-3.898350e-03	-5.780053e+00
4.118000e-05	-3.417509e-03	-5.671501e+00
4.119000e-05	-3.430706e-03	-5.382129e+00
4.120000e-05	-2.912074e-03	-5.128871e+00
4.121000e-05	-3.878015e-03	-4.915815e+00
4.122000e-05	-2.501959e-03	-4.653762e+00
4.123000e-05	-4.295473e-03	-4.485286e+00
4.124000e-05	-3.182821e-03	-4.295212e+00
4.125000e-05	-4.374014e-03	-4.105716e+00
4.126000e-05	-2.177409e-03	-3.875392e+00
4.127000e-05	-3.473458e-03	-3.684663e+00
4.128000e-05	-4.390257e-03	-3.463187e+00
4.129000e-05	-5.279457e-03	-3.232255e+00
4.130000e-05	-4.578985e-03	-3.002057e+00
4.131000e-05	-2.999343e-03	-2.778503e+00
4.132000e-05	-3.494985e-03	-2.579526e+00
4.133000e-05	-3.954434e-03	-2.367946e+00
4.134000e-05	-5.031328e-03	-2.074787e+00
4.135000e-05	-3.700493e-03	-1.885261e+00
4.136000e-05	-4.836900e-03	-1.695189e+00
4.137000e-05	-4.574959e-03	-1.424700e+00
4.138000e-05	-6.068221e-03	-1.147320e+00
4.139000e-05	-5.556598e-03	-9.363722e-01
4.140000e-05	-5.900273e-03	-6.978411e-01
4.141000e-05	-4.602589e-03	-4.722593e-01
4.142000e-05	-3.935861e-03	-2.337068e-01
4.143000e-05	-3.042472e-03	-3.160783e-02
4.144000e-05	2.125228e-03	1.684922e-01
4.145000e-05	2.307395e-04	4.315038e-01
4.146000e-05	-3.235624e-03	6.304749e-01
4.147000e-05	7.328984e-04	7.999299e-01
4.148000e-05	-5.114598e-03	1.009004e+00
4.149000e-05	-1.976109e-03	1.334135e+00
4.150000e-05	-1.567974e-03	1.465693e+00
4.151000e-05	1.314584e-02	1.756792e+00
4.152000e-05	5.814236e-02	1.937344e+00
4.153000e-05	3.955826e-02	2.157417e+00
4.154000e-05	-7.781196e-02	2.399453e+00
4.155000e-05	-1.901910e-02	2.713814e+00
4.156000e-05	-3.608378e-02	2.904212e+00
4.157000e-05	-5.861700e-02	3.032559e+00
4.158000e-05	3.188625e-02	3.229478e+00
4.159000e-05	1.250004e-01	3.403079e+00
4.160000e-05	-1.790870e-01	3.642504e+00
4.161000e-05	1.404920e-01	3.789495e+00
4.162000e-05	-3.141293e-02	4.043033e+00
4.163000e-05	-6.773430e-02	4.265186e+00
4.164000e-05	1.001949e-01	4.503609e+00
4.165000e-05	-6.016513e-02	4.734816e+00
4.166000e-05	-2.658064e-03	4.916342e+00
4.167000e-05	2.917960e-02	5.220079e+00
4.168000e-05	-4.253606e-02	5.413558e+00
4.169000e-05	2.722804e-02	5.640582e+00
4.170000e-05	-2.579433e-02	5.883161e+00
4.171000e-05	-5.066062e-03	6.065185e+00
4.172000e-05	-7.898847e-03	6.273735e+00
4.173000e-05	5.703001e-03	6.432159e+00
4.174000e-05	2.602136e-02	6.662762e+00
4.175000e-05	-3.973631e-02	6.874164e+00
4.176000e-05	3.393383e-02	7.074165e+00
4.177000e-05	-4.295625e-02	7.212083e+00
4.178000e-05	9.642247e-04	7.422634e+00
4.179000e-05	1.461966e-02	7.663110e+00
4.180000e-05	-1.821908e-02	7.843635e+00
4.181000e-05	1.461441e-02	8.052138e+00
4.182000e-05	-2.536037e-02	8.240629e+00
4.183000e-05	2.667416e-03	8.368950e+00
4.184000e-05	-1.010748e-02	8.527344e+00
4.185000e-05	5.902776e-03	8.685634e+00
4.186000e-05	-8.806919e-03	8.810555e+00
4.187000e-05	-8.378058e-03	8.989576e+00
4.188000e-05	3.583338e-03	9.138871e+00
4.189000e-05	-1.767166e-02	9.315790e+00
4.190000e-05	-2.004188e-03	9.432634e+00
4.191000e-05	-3.882950e-03	9.559400e+00
4.192000e-05	1.344878e-03	9.745840e+00
4.193000e-05	-1.111845e-02	9.875684e+00
4.194000e-05	-3.364909e-03	9.991581e+00
4.195000e-05	-3.543001e-03	1.014840e+01
4.196000e-05	-9.407864e-03	1.026524e+01
4.197000e-05	-1.190441e-02	1.036042e+01
4.198000e-05	-4.316935e-03	1.051834e+01
4.199000e-05	-2.059936e-03	1.064374e+01
4.200000e-05	-9.681932e-03	1.073843e+01
4.201000e-05	-7.081670e-03	1.090424e+01
4.202000e-05	-4.312961e-03	1.093900e+01
4.203000e-05	-6.023128e-03	1.108566e+01
4.204000e-05	-1.114870e-02	1.114942e+01
4.205000e-05	-6.568387e-03	1.123411e+01
4.206000e-05	-6.017272e-03	1.134905e+01
4.207000e-05	-9.606813e-03	1.144468e+01
4.208000e-05	-8.078868e-03	1.153048e+01
4.209000e-05	-7.670056e-03	1.166366e+01
4.210000e-05	-8.760047e-03	1.171682e+01
4.211000e-05	-9.597278e-03	1.179098e+01
4.212000e-05	-5.199052e-03	1.182219e+01
4.213000e-05	-6.305949e-03	1.187722e+01
4.214000e-05	-8.404829e-03	1.193827e+01
4.215000e-05	-1.147711e-02	1.196793e+01
4.216000e-05	-9.289492e-03	1.201216e+01
4.217000e-05	-1.123817e-02	1.205516e+01
4.218000e-05	-1.134185e-02	1.213789e+01
4.219000e-05	-1.008239e-02	1.213997e+01
4.220000e-05	-1.243359e-02	1.217200e+01
4.221000e-05	-1.161833e-02	1.220056e+01
4.222000e-05	-1.226440e-02	1.220316e+01
4.223000e-05	-1.186867e-02	1.225263e+01
4.224000e-05	-1.468905e-02	1.226519e+01
4.225000e-05	-1.532744e-02	1.224368e+01
4.226000e-05	-1.617921e-02	1.226567e+01
4.227000e-05	-1.776090e-02	1.223316e+01
4.228000e-05	-2.049069e-02	1.226319e+01
4.229000e-05	-2.152242e-02	1.225418e+01
4.230000e-05	-2.514963e-02	1.223360e+01
4.231000e-05	-2.926529e-02	1.221061e+01
4.232000e-05	-3.356604e-02	1.220158e+01
4.233000e-05	-4.009808e-02	1.217162e+01
4.234000e-05	-4.872438e-02	1.216797e+01
4.235000e-05	-6.050201e-02	1.211485e+01
4.236000e-05	-6.713403e-02	1.206382e+01
4.237000e-05	-6.675982e-02	1.203204e+01
4.238000e-05	-5.440659e-02	1.193946e+01
4.239000e-05	-3.950758e-02	1.189729e+01
4.240000e-05	-3.023194e-02	1.185566e+01
4.241000e-05	-2.440674e-02	1.180203e+01
4.242000e-05	-2.174102e-02	1.171740e+01
4.243000e-05	-1.931606e-02	1.162271e+01
4.244000e-05	-1.750731e-02	1.155943e+01
4.245000e-05	-1.631430e-02	1.143464e+01
4.246000e-05	-1.415843e-02	1.135800e+01
4.247000e-05	-1.333463e-02	1.123216e+01
4.248000e-05	-1.276940e-02	1.114797e+01
4.249000e-05	-1.182112e-02	1.104516e+01
4.250000e-05	-1.152679e-02	1.099052e+01
4.251000e-05	-1.177370e-02	1.089574e+01
4.252000e-05	-1.188759e-02	1.077000e+01
4.253000e-05	-1.006405e-02	1.063479e+01
4.254000e-05	-1.133826e-02	1.056097e+01
4.255000e-05	-9.637677e-03	1.040164e+01
4.256000e-05	-1.144859e-02	1.031577e+01
4.257000e-05	-7.720329e-03	1.017000e+01
4.258000e-05	-1.059354e-02	1.007371e+01
4.259000e-05	-6.453969e-03	9.927869e+00
4.260000e-05	-9.831196e-03	9.730049e+00
4.261000e-05	-6.853859e-03	9.652162e+00
4.262000e-05	-8.542492e-03	9.485716e+00
4.263000e-05	-6.613305e-03	9.328421e+00
4.264000e-05	-8.682754e-03	9.242656e+00
4.265000e-05	-8.740307e-03	9.035759e+00
4.266000e-05	-8.352625e-03	8.917317e+00
4.267000e-05	-7.861792e-03	8.737869e+00
4.268000e-05	-6.950855e-03	8.580452e+00
4.269000e-05	-6.333085e-03	8.442655e+00
4.270000e-05	-6.628718e-03	8.284212e+00
4.271000e-05	-5.806730e-03	8.115267e+00
4.272000e-05	-6.326008e-03	7.906793e+00
4.273000e-05	-6.026060e-03	7.747341e+00
4.274000e-05	-7.004694e-03	7.517871e+00
4.275000e-05	-6.696781e-03	7.295741e+00
4.276000e-05	-6.490497e-03	7.125842e+00
4.277000e-05	-6.215620e-03	6.925917e+00
4.278000e-05	-6.883573e-03	6.779502e+00
4.279000e-05	-5.487509e-03	6.537371e+00
4.280000e-05	-5.719400e-03	6.347822e+00
4.281000e-05	-5.000179e-03	6.199395e+00
4.282000e-05	-6.299848e-03	6.001529e+00
4.283000e-05	-4.463100e-03	5.780550e+00
4.284000e-05	-5.518097e-03	5.558475e+00
4.285000e-05	-6.280219e-03	5.378975e+00
4.286000e-05	-6.199855e-03	5.137793e+00
4.287000e-05	-5.854409e-03	4.904259e+00
4.288000e-05	-5.274267e-03	4.683136e+00
4.289000e-05	-5.074276e-03	4.472733e+00
4.290000e-05	-6.253329e-03	4.255212e+00
4.291000e-05	-4.627835e-03	4.032005e+00
4.292000e-05	-5.758127e-03	3.791603e+00
4.293000e-05	-3.778935e-03	3.612157e+00
4.294000e-05	-3.767914e-03	3.430054e+00
4.295000e-05	-3.053346e-03	3.188926e+00
4.296000e-05	-5.788608e-03	2.981395e+00
4.297000e-05	-6.252067e-03	2.799500e+00
4.298000e-05	-5.347165e-03	2.494765e+00
4.299000e-05	-5.740323e-03	2.265235e+00
4.300000e-05	-4.551402e-03	2.073734e+00
4.301000e-05	-3.741525e-03	1.843232e+00
4.302000e-05	-4.243467e-03	1.611075e+00
4.303000e-05	-2.626304e-03	1.338019e+00
4.304000e-05	-2.951579e-03	1.148347e+00
4.305000e-05	-3.416315e-03	8.126539e-01
4.306000e-05	-5.036903e-03	6.416303e-01
4.307000e-05	-5.701491e-03	4.211053e-01
4.308000e-05	-4.963641e-03	1.990449e-01
4.309000e-05	-2.413752e-03	-6.108013e-02
4.310000e-05	7.490052e-03	-2.621553e-01
4.311000e-05	-1.341656e-03	-4.310826e-01
4.312000e-05	2.544660e-03	-7.282632e-01
4.313000e-05	-1.139634e-03	-8.742817e-01
4.314000e-05	6.677828e-04	-1.064260e+00
4.315000e-05	-9.936946e-04	-1.294335e+00
4.316000e-05	1.242496e-02	-1.558345e+00
4.317000e-05	7.344676e-02	-1.726792e+00
4.318000e-05	3.008088e-02	-1.978923e+00
4.319000e-05	-8.312999e-02	-2.336791e+00
4.320000e-05	-4.216574e-03	-2.589425e+00
4.321000e-05	-6.151943e-02	-2.788900e+00
4.322000e-05	-5.645420e-02	-2.924712e+00
4.323000e-05	1.769024e-01	-3.042550e+00
4.324000e-05	-8.842436e-02	-3.273613e+00
4.325000e-05	-4.846634e-03	-3.566321e+00
4.326000e-05	1.401820e-01	-3.642057e+00
4.327000e-05	-2.082048e-01	-3.956797e+00
4.328000e-05	1.425866e-01	-4.126319e+00
4.329000e-05	-1.198447e-03	-4.338370e+00
4.330000e-05	-9.680362e-02	-4.559391e+00
4.331000e-05	1.651923e-01	-4.727869e+00
4.332000e-05	-1.372367e-01	-5.010949e+00
4.333000e-05	6.005976e-02	-5.260481e+00
4.334000e-05	2.199361e-02	-5.492732e+00
4.335000e-05	-1.000147e-01	-5.715817e+00
4.336000e-05	1.269565e-01	-5.935263e+00
4.337000e-05	-1.054555e-01	-6.052738e+00
4.338000e-05	8.004480e-02	-6.346696e+00
4.339000e-05	-1.675319e-02	-6.514816e+00
4.340000e-05	-2.262267e-02	-6.726794e+00
4.341000e-05	7.902584e-02	-6.884210e+00
4.342000e-05	-1.278689e-01	-7.107347e+00
4.343000e-05	1.105230e-01	-7.326291e+00
4.344000e-05	-5.796865e-02	-7.524690e+00
4.345000e-05	2.723215e-02	-7.714316e+00
4.346000e-05	2.587569e-02	-7.915238e+00
4.347000e-05	-4.818335e-02	-8.116763e+00
4.348000e-05	5.667044e-02	-8.242637e+00
4.349000e-05	-7.254188e-02	-8.439052e+00
4.350000e-05	6.018847e-02	-8.538375e+00
4.351000e-05	-1.411877e-02	-8.748323e+00
4.352000e-05	1.756973e-02	-8.905742e+00
4.353000e-05	-1.315777e-02	-9.042656e+00
4.354000e-05	-1.937125e-02	-9.189950e+00
4.355000e-05	4.251365e-02	-9.326365e+00
4.356000e-05	-2.822168e-02	-9.483238e+00
4.357000e-05	2.269865e-02	-9.639584e+00
4.358000e-05	-1.818773e-02	-9.757946e+00
4.359000e-05	2.890139e-02	-9.905713e+00
4.360000e-05	-1.813372e-02	-1.000051e+01
4.361000e-05	7.335776e-04	-1.016845e+01
4.362000e-05	6.872418e-03	-1.030476e+01
4.363000e-05	6.367362e-03	-1.046366e+01
4.364000e-05	-4.902193e-04	-1.053739e+01
4.365000e-05	-5.921773e-03	-1.066416e+01
4.366000e-05	2.069045e-02	-1.076892e+01
4.367000e-05	-4.639985e-03	-1.086273e+01
4.368000e-05	3.875973e-03	-1.095950e+01
4.369000e-05	-7.760845e-03	-1.110523e+01
4.370000e-05	1.545769e-02	-1.116053e+01
4.371000e-05	-3.896623e-03	-1.126419e+01
4.372000e-05	6.355722e-03	-1.134043e+01
4.373000e-05	3.292497e-03	-1.143316e+01
4.374000e-05	3.142158e-03	-1.154937e+01
4.375000e-05	7.090552e-04	-1.163248e+01
4.376000e-05	3.130238e-03	-1.171639e+01
4.377000e-05	1.034510e-02	-1.179908e+01
4.378000e-05	1.664019e-03	-1.180361e+01
4.379000e-05	4.536023e-03	-1.188526e+01
4.380000e-05	2.614032e-04	-1.196703e+01
4.381000e-05	5.970303e-03	-1.202108e+01
4.382000e-05	1.601099e-03	-1.202311e+01
4.383000e-05	7.254770e-03	-1.210469e+01
4.384000e-05	5.238804e-03	-1.209682e+01
4.385000e-05	3.390527e-03	-1.214890e+01
4.386000e-05	4.795414e-03	-1.213047e+01
4.387000e-05	6.761800e-03	-1.221008e+01
4.388000e-05	6.760973e-03	-1.217905e+01
4.389000e-05	5.126229e-03	-1.219013e+01
4.390000e-05	9.946739e-03	-1.223161e+01
4.391000e-05	1.193695e-02	-1.221216e+01
4.392000e-05	1.040497e-02	-1.223261e+01
4.393000e-05	1.183995e-02	-1.221263e+01
4.394000e-05	1.297826e-02	-1.221103e+01
4.395000e-05	1.808343e-02	-1.219156e+01
4.396000e-05	1.975667e-02	-1.219055e+01
4.397000e-05	2.469559e-02	-1.218005e+01
4.398000e-05	3.021819e-02	-1.217847e+01
4.399000e-05	3.654643e-02	-1.215532e+01
4.400000e-05	4.759963e-02	-1.210634e+01
4.401000e-05	5.808007e-02	-1.206522e+01
4.402000e-05	6.363697e-02	-1.200101e+01
4.403000e-05	5.622276e-02	-1.194093e+01
4.404000e-05	4.233576e-02	-1.189732e+01
4.405000e-05	2.960733e-02	-1.181321e+01
4.406000e-05	2.092094e-02	-1.177148e+01
4.407000e-05	1.673695e-02	-1.170432e+01
4.408000e-05	1.296271e-02	-1.159203e+01
4.409000e-05	1.155026e-02	-1.145692e+01
4.410000e-05	1.060318e-02	-1.140168e+01
4.411000e-05	9.373206e-03	-1.129792e+01
4.412000e-05	7.174457e-03	-1.121116e+01
4.413000e-05	6.924305e-03	-1.113704e+01
4.414000e-05	5.609454e-03	-1.100213e+01
4.415000e-05	4.647193e-03	-1.091734e+01
4.416000e-05	4.331567e-03	-1.083213e+01
4.417000e-05	4.109002e-03	-1.072890e+01
4.418000e-05	3.127201e-03	-1.064519e+01
4.419000e-05	2.518420e-03	-1.056685e+01
4.420000e-05	2.842344e-03	-1.043221e+01
4.421000e-05	2.385752e-03	-1.032632e+01
4.422000e-05	2.313595e-03	-1.018952e+01
4.423000e-05	2.230352e-03	-1.005366e+01
4.424000e-05	3.011640e-03	-9.898318e+00
4.425000e-05	2.064485e-03	-9.810124e+00
4.426000e-05	1.132924e-03	-9.704340e+00
4.427000e-05	6.779601e-04	-9.508944e+00
4.428000e-05	1.152557e-03	-9.400576e+00
4.429000e-05	6.687771e-04	-9.252208e+00
4.430000e-05	-2.640567e-06	-9.096288e+00
4.431000e-05	1.200082e-03	-8.947470e+00
4.432000e-05	3.852347e-04	-8.769530e+00
4.433000e-05	-4.103136e-04	-8.583207e+00
4.434000e-05	-2.158340e-04	-8.402209e+00
4.435000e-05	-6.453012e-04	-8.285265e+00
4.436000e-05	-1.591920e-03	-8.137443e+00
4.437000e-05	-6.575604e-04	-7.938049e+00
4.438000e-05	-6.619591e-04	-7.736096e+00
4.439000e-05	-1.570733e-03	-7.567347e+00
4.440000e-05	-2.428040e-03	-7.318446e+00
4.441000e-05	-1.774571e-03	-7.190005e+00
4.442000e-05	-1.214176e-03	-6.977122e+00
4.443000e-05	-2.621809e-03	-6.759022e+00
4.444000e-05	-2.611291e-03	-6.601101e+00
4.445000e-05	-1.930324e-03	-6.422054e+00
4.446000e-05	-2.966304e-03	-6.182603e+00
4.447000e-05	-3.242605e-03	-6.001104e+00
4.448000e-05	-4.164447e-03	-5.780978e+00
4.449000e-05	-3.328077e-03	-5.612154e+00
4.450000e-05	-4.084578e-03	-5.390126e+00
4.451000e-05	-1.835448e-03	-5.148974e+00
4.452000e-05	-4.358937e-03	-4.896890e+00
4.453000e-05	-2.337936e-03	-4.683811e+00
4.454000e-05	-5.300117e-03	-4.486262e+00
4.455000e-05	-2.638538e-03	-4.304418e+00
4.456000e-05	-4.313979e-03	-4.125390e+00
4.457000e-05	-2.873042e-03	-3.945892e+00
4.458000e-05	-4.163223e-03	-3.652262e+00
4.459000e-05	-4.099749e-03	-3.503661e+00
4.460000e-05	-4.254943e-03	-3.253234e+00
4.461000e-05	-5.018504e-03	-3.012656e+00
4.462000e-05	-4.487241e-03	-2.759449e+00
4.463000e-05	-3.781776e-03	-2.600026e+00
4.464000e-05	-4.291757e-03	-2.378520e+00
4.465000e-05	-5.236551e-03	-2.096315e+00
4.466000e-05	-3.895650e-03	-1.895284e+00
4.467000e-05	-4.232259e-03	-1.685209e+00
4.468000e-05	-3.756749e-03	-1.452233e+00
4.469000e-05	-5.994721e-03	-1.158447e+00
4.470000e-05	-5.610875e-03	-9.379420e-01
4.471000e-05	-5.903787e-03	-7.574196e-01
4.472000e-05	-4.722252e-03	-4.822066e-01
4.473000e-05	-4.006528e-03	-2.836815e-01
4.474000e-05	-3.187676e-03	-5.268301e-02
4.475000e-05	2.817143e-03	1.378434e-01
4.476000e-05	1.669726e-03	4.009738e-01
4.477000e-05	-3.823485e-03	5.899776e-01
4.478000e-05	3.304599e-05	8.083986e-01
4.479000e-05	-4.592340e-03	1.060504e+00
4.480000e-05	-1.049604e-03	1.313687e+00
4.481000e-05	-1.613186e-03	1.463708e+00
4.482000e-05	1.110819e-02	1.736268e+00
4.483000e-05	5.499175e-02	1.936342e+00
4.484000e-05	4.494165e-02	2.166392e+00
4.485000e-05	-7.718695e-02	2.390527e+00
4.486000e-05	-2.001977e-02	2.695739e+00
4.487000e-05	-3.619547e-02	2.855159e+00
4.488000e-05	-5.670452e-02	3.073579e+00
4.489000e-05	2.123548e-02	3.189476e+00
4.490000e-05	1.328983e-01	3.391579e+00
4.491000e-05	-1.791160e-01	3.621604e+00
4.492000e-05	1.291490e-01	3.779921e+00
4.493000e-05	-1.599248e-02	4.031555e+00
4.494000e-05	-8.020203e-02	4.244107e+00
4.495000e-05	1.004780e-01	4.473158e+00
4.496000e-05	-5.314460e-02	4.695741e+00
4.497000e-05	-4.229498e-03	4.876317e+00
4.498000e-05	3.335623e-02	5.211503e+00
4.499000e-05	-4.788813e-02	5.452105e+00
4.500000e-05	2.544699e-02	5.620033e+00
4.501000e-05	-2.174798e-02	5.842657e+00
4.502000e-05	-7.843070e-03	6.054132e+00
4.503000e-05	-6.375161e-03	6.253134e+00
4.504000e-05	1.920734e-03	6.460582e+00
4.505000e-05	3.038912e-02	6.673187e+00
4.506000e-05	-4.165249e-02	6.894759e+00
4.507000e-05	3.372800e-02	7.073711e+00
4.508000e-05	-3.973816e-02	7.240559e+00
4.509000e-05	-1.518891e-03	7.391033e+00
4.510000e-05	1.553726e-02	7.644189e+00
4.511000e-05	-2.006659e-02	7.863584e+00
4.512000e-05	1.590529e-02	7.985684e+00
4.513000e-05	-2.315806e-02	8.282609e+00
4.514000e-05	-1.129356e-03	8.370946e+00
4.515000e-05	-1.107657e-02	8.526819e+00
4.516000e-05	6.025709e-03	8.664710e+00
4.517000e-05	-5.565325e-03	8.810503e+00
4.518000e-05	-8.460088e-03	9.010021e+00
4.519000e-05	3.979308e-03	9.148800e+00
4.520000e-05	-1.668658e-02	9.315716e+00
4.521000e-05	-3.420093e-03	9.429631e+00
4.522000e-05	-5.336029e-03	9.558896e+00
4.523000e-05	1.345751e-03	9.696316e+00
4.524000e-05	-9.906634e-03	9.865661e+00
4.525000e-05	-3.786377e-03	1.001056e+01
4.526000e-05	-3.725943e-03	1.016634e+01
4.527000e-05	-9.071317e-03	1.027469e+01
4.528000e-05	-1.096289e-02	1.032797e+01
4.529000e-05	-5.257929e-03	1.053724e+01
4.530000e-05	-1.208982e-03	1.061308e+01
4.531000e-05	-8.949767e-03	1.076740e+01
4.532000e-05	-7.373637e-03	1.085424e+01
4.533000e-05	-4.976737e-03	1.093890e+01
4.534000e-05	-5.634478e-03	1.105519e+01
4.535000e-05	-1.021440e-02	1.113879e+01
4.536000e-05	-7.628079e-03	1.127176e+01
4.537000e-05	-6.279476e-03	1.131797e+01
4.538000e-05	-8.085864e-03	1.143519e+01
4.539000e-05	-7.123998e-03	1.155797e+01
4.540000e-05	-7.543042e-03	1.166366e+01
4.541000e-05	-1.007714e-02	1.172782e+01
4.542000e-05	-1.035774e-02	1.177100e+01
4.543000e-05	-5.117939e-03	1.182311e+01
4.544000e-05	-6.258335e-03	1.190529e+01
4.545000e-05	-8.399625e-03	1.194829e+01
4.546000e-05	-1.246555e-02	1.198048e+01
4.547000e-05	-8.563500e-03	1.200119e+01
4.548000e-05	-1.042638e-02	1.206376e+01
4.549000e-05	-1.104106e-02	1.211684e+01
4.550000e-05	-1.015840e-02	1.214000e+01
4.551000e-05	-1.274934e-02	1.221105e+01
4.552000e-05	-1.191999e-02	1.221058e+01
4.553000e-05	-1.267519e-02	1.222355e+01
4.554000e-05	-1.074863e-02	1.225313e+01
4.555000e-05	-1.380964e-02	1.224419e+01
4.556000e-05	-1.499983e-02	1.225621e+01
4.557000e-05	-1.722107e-02	1.225566e+01
4.558000e-05	-1.697610e-02	1.224466e+01
4.559000e-05	-1.972323e-02	1.224519e+01
4.560000e-05	-2.198932e-02	1.223366e+01
4.561000e-05	-2.511525e-02	1.224466e+01
4.562000e-05	-2.815958e-02	1.220211e+01
4.563000e-05	-3.277120e-02	1.219310e+01
4.564000e-05	-4.029916e-02	1.218058e+01
4.565000e-05	-4.833675e-02	1.216997e+01
4.566000e-05	-6.047326e-02	1.210782e+01
4.567000e-05	-6.649734e-02	1.207524e+01
4.568000e-05	-6.646459e-02	1.199209e+01
4.569000e-05	-5.470533e-02	1.196793e+01
4.570000e-05	-4.032262e-02	1.190784e+01
4.571000e-05	-3.156938e-02	1.186414e+01
4.572000e-05	-2.531574e-02	1.180060e+01
4.573000e-05	-2.191607e-02	1.171637e+01
4.574000e-05	-1.859799e-02	1.167371e+01
4.575000e-05	-1.792032e-02	1.155045e+01
4.576000e-05	-1.700370e-02	1.144411e+01
4.577000e-05	-1.446727e-02	1.133797e+01
4.578000e-05	-1.378962e-02	1.123423e+01
4.579000e-05	-1.303421e-02	1.114892e+01
4.580000e-05	-1.207012e-02	1.106418e+01
4.581000e-05	-1.280148e-02	1.097900e+01
4.582000e-05	-1.252389e-02	1.090627e+01
4.583000e-05	-1.270945e-02	1.077003e+01
4.584000e-05	-8.593416e-03	1.067519e+01
4.585000e-05	-1.064032e-02	1.056898e+01
4.586000e-05	-9.013107e-03	1.040211e+01
4.587000e-05	-1.082986e-02	1.029574e+01
4.588000e-05	-8.725278e-03	1.018050e+01
4.589000e-05	-1.098299e-02	1.007424e+01
4.590000e-05	-7.349671e-03	9.938471e+00
4.591000e-05	-8.736431e-03	9.820000e+00
4.592000e-05	-7.394445e-03	9.622212e+00
4.593000e-05	-9.411150e-03	9.496316e+00
4.594000e-05	-6.303057e-03	9.337875e+00
4.595000e-05	-7.928045e-03	9.292632e+00
4.596000e-05	-7.033430e-03	9.077292e+00
4.597000e-05	-8.279476e-03	8.907915e+00
4.598000e-05	-7.617293e-03	8.738447e+00
4.599000e-05	-7.285878e-03	8.580474e+00
4.600000e-05	-7.056168e-03	8.433109e+00
4.601000e-05	-6.712224e-03	8.286689e+00
4.602000e-05	-7.539803e-03	8.087813e+00
4.603000e-05	-6.361018e-03	7.894843e+00
4.604000e-05	-6.127293e-03	7.707320e+00
4.605000e-05	-5.069021e-03	7.530918e+00
4.606000e-05	-6.530775e-03	7.287868e+00
4.607000e-05	-7.036281e-03	7.108866e+00
4.608000e-05	-6.300311e-03	6.968871e+00
4.609000e-05	-6.405570e-03	6.768425e+00
4.610000e-05	-6.755498e-03	6.537466e+00
4.611000e-05	-6.809298e-03	6.348422e+00
4.612000e-05	-4.678785e-03	6.158974e+00
4.613000e-05	-4.669163e-03	6.040583e+00
4.614000e-05	-5.995646e-03	5.759522e+00
4.615000e-05	-6.287233e-03	5.582449e+00
4.616000e-05	-5.719232e-03	5.379599e+00
4.617000e-05	-5.292429e-03	5.138396e+00
4.618000e-05	-5.659307e-03	4.875311e+00
4.619000e-05	-5.662666e-03	4.663138e+00
4.620000e-05	-4.968373e-03	4.473734e+00
4.621000e-05	-5.398607e-03	4.275815e+00
4.622000e-05	-5.762683e-03	4.049107e+00
4.623000e-05	-5.029453e-03	3.811054e+00
4.624000e-05	-4.942949e-03	3.651582e+00
4.625000e-05	-4.692071e-03	3.412099e+00
4.626000e-05	-4.668341e-03	3.178896e+00
4.627000e-05	-5.152870e-03	2.989002e+00
4.628000e-05	-5.143630e-03	2.749497e+00
4.629000e-05	-4.232065e-03	2.505868e+00
4.630000e-05	-4.622030e-03	2.273764e+00
4.631000e-05	-4.943365e-03	2.043709e+00
4.632000e-05	-5.052077e-03	1.863187e+00
4.633000e-05	-4.163389e-03	1.591080e+00
4.634000e-05	-4.027347e-03	1.379025e+00
4.635000e-05	-4.401709e-03	1.137371e+00
4.636000e-05	-4.331889e-03	8.721567e-01
4.637000e-05	-4.215533e-03	6.421340e-01
4.638000e-05	-3.785333e-03	4.416014e-01
4.639000e-05	-2.708110e-03	1.889251e-01
4.640000e-05	-2.656947e-03	-3.260638e-02
4.641000e-05	6.495335e-03	-2.626014e-01
4.642000e-05	-1.430307e-03	-4.429565e-01
4.643000e-05	2.262376e-03	-7.042354e-01
4.644000e-05	-3.117954e-03	-9.036342e-01
4.645000e-05	7.672408e-04	-1.103232e+00
4.646000e-05	-1.408383e-03	-1.295310e+00
4.647000e-05	1.046714e-02	-1.568392e+00
4.648000e-05	6.933253e-02	-1.715291e+00
4.649000e-05	3.893682e-02	-1.938371e+00
4.650000e-05	-8.360908e-02	-2.308192e+00
4.651000e-05	-2.437589e-03	-2.610495e+00
4.652000e-05	-6.285944e-02	-2.797949e+00
4.653000e-05	-6.121302e-02	-2.864813e+00
4.654000e-05	1.695603e-01	-3.054104e+00
4.655000e-05	-7.488359e-02	-3.285659e+00
4.656000e-05	-2.578378e-02	-3.567295e+00
4.657000e-05	1.535218e-01	-3.629478e+00
4.658000e-05	-2.078150e-01	-3.966321e+00
4.659000e-05	1.311101e-01	-4.156845e+00
4.660000e-05	1.409798e-02	-4.346717e+00
4.661000e-05	-1.064389e-01	-4.597446e+00
4.662000e-05	1.663379e-01	-4.779872e+00
4.663000e-05	-1.292470e-01	-4.949875e+00
4.664000e-05	4.095137e-02	-5.231980e+00
4.665000e-05	3.656583e-02	-5.495237e+00
4.666000e-05	-1.085654e-01	-5.724866e+00
4.667000e-05	1.313024e-01	-5.853737e+00
4.668000e-05	-1.005775e-01	-6.083784e+00
4.669000e-05	7.007513e-02	-6.355792e+00
4.670000e-05	-4.442665e-03	-6.495762e+00
4.671000e-05	-3.449500e-02	-6.715817e+00
4.672000e-05	8.856550e-02	-6.864064e+00
4.673000e-05	-1.299623e-01	-7.137322e+00
4.674000e-05	1.056261e-01	-7.315844e+00
4.675000e-05	-4.992403e-02	-7.463665e+00
4.676000e-05	1.876651e-02	-7.703312e+00
4.677000e-05	3.523092e-02	-7.915715e+00
4.678000e-05	-5.394840e-02	-8.104763e+00
4.679000e-05	6.011605e-02	-8.232609e+00
4.680000e-05	-7.179583e-02	-8.358479e+00
4.681000e-05	5.702670e-02	-8.537444e+00
4.682000e-05	-1.041122e-02	-8.726821e+00
4.683000e-05	1.446471e-02	-8.906714e+00
4.684000e-05	-7.173645e-03	-9.010578e+00
4.685000e-05	-2.479217e-02	-9.200401e+00
4.686000e-05	4.394659e-02	-9.306239e+00
4.687000e-05	-2.937129e-02	-9.474765e+00
4.688000e-05	2.398023e-02	-9.589508e+00
4.689000e-05	-1.658959e-02	-9.758469e+00
4.690000e-05	2.791841e-02	-9.885814e+00
4.691000e-05	-1.703960e-02	-1.004103e+01
4.692000e-05	-1.544617e-03	-1.013845e+01
4.693000e-05	7.905207e-03	-1.028674e+01
4.694000e-05	4.644103e-03	-1.047208e+01
4.695000e-05	1.010163e-03	-1.053592e+01
4.696000e-05	-7.625835e-03	-1.064214e+01
4.697000e-05	2.160574e-02	-1.075937e+01
4.698000e-05	-5.330211e-03	-1.086228e+01
4.699000e-05	3.883804e-03	-1.094690e+01
4.700000e-05	-7.622501e-03	-1.104564e+01
4.701000e-05	1.638574e-02	-1.116950e+01
4.702000e-05	-2.817443e-03	-1.125364e+01
4.703000e-05	4.334220e-03	-1.136000e+01
4.704000e-05	4.428434e-03	-1.144318e+01
4.705000e-05	3.041155e-03	-1.155880e+01
4.706000e-05	4.363512e-04	-1.157008e+01
4.707000e-05	1.850932e-04	-1.171681e+01
4.708000e-05	9.734913e-03	-1.173755e+01
4.709000e-05	2.631640e-03	-1.183413e+01
4.710000e-05	5.655753e-03	-1.185589e+01
4.711000e-05	9.254040e-04	-1.193800e+01
4.712000e-05	6.338361e-03	-1.201106e+01
4.713000e-05	2.107198e-03	-1.202166e+01
4.714000e-05	6.213861e-03	-1.210369e+01
4.715000e-05	3.831557e-03	-1.211582e+01
4.716000e-05	2.805750e-03	-1.215740e+01
4.717000e-05	4.404955e-03	-1.213895e+01
4.718000e-05	5.562394e-03	-1.217953e+01
4.719000e-05	6.526530e-03	-1.218013e+01
4.720000e-05	6.081199e-03	-1.218003e+01
4.721000e-05	1.042246e-02	-1.223108e+01
4.722000e-05	1.212174e-02	-1.223363e+01
4.723000e-05	1.030578e-02	-1.219416e+01
4.724000e-05	1.209524e-02	-1.222221e+01
4.725000e-05	1.283018e-02	-1.220016e+01
4.726000e-05	1.671391e-02	-1.217213e+01
4.727000e-05	1.818448e-02	-1.219205e+01
4.728000e-05	2.404577e-02	-1.219110e+01
4.729000e-05	3.076949e-02	-1.216905e+01
4.730000e-05	3.690795e-02	-1.214750e+01
4.731000e-05	4.765721e-02	-1.210489e+01
4.732000e-05	5.867070e-02	-1.206374e+01
4.733000e-05	6.453814e-02	-1.200066e+01
4.734000e-05	5.624865e-02	-1.192851e+01
4.735000e-05	4.155166e-02	-1.190632e+01
4.736000e-05	2.945307e-02	-1.184429e+01
4.737000e-05	2.192491e-02	-1.176155e+01
4.738000e-05	1.735008e-02	-1.169637e+01
4.739000e-05	1.354532e-02	-1.161059e+01
4.740000e-05	1.117374e-02	-1.153690e+01
4.741000e-05	1.174793e-02	-1.145326e+01
4.742000e-05	1.037578e-02	-1.131850e+01
4.743000e-05	7.928712e-03	-1.120268e+01
4.744000e-05	5.424541e-03	-1.110792e+01
4.745000e-05	4.705040e-03	-1.102259e+01
4.746000e-05	4.357479e-03	-1.090639e+01
4.747000e-05	4.286595e-03	-1.086414e+01
4.748000e-05	4.970340e-03	-1.073850e+01
4.749000e-05	3.748238e-03	-1.064424e+01
4.750000e-05	2.776461e-03	-1.055900e+01
4.751000e-05	3.017291e-03	-1.043377e+01
4.752000e-05	2.866381e-03	-1.030684e+01
4.753000e-05	2.391614e-03	-1.016953e+01
4.754000e-05	1.776550e-03	-1.002273e+01
4.755000e-05	1.385052e-03	-9.947443e+00
4.756000e-05	1.999147e-03	-9.778607e+00
4.757000e-05	2.363151e-03	-9.644739e+00
4.758000e-05	1.212223e-03	-9.566951e+00
4.759000e-05	1.522988e-03	-9.390026e+00
4.760000e-05	7.164919e-04	-9.232159e+00
4.761000e-05	5.859267e-04	-9.115816e+00
4.762000e-05	-3.959558e-04	-8.947447e+00
4.763000e-05	5.420161e-04	-8.821151e+00
4.764000e-05	-1.170739e-03	-8.591081e+00
4.765000e-05	-8.159841e-04	-8.413707e+00
4.766000e-05	-3.160150e-04	-8.266286e+00
4.767000e-05	-1.348407e-03	-8.147942e+00
4.768000e-05	-5.480678e-04	-7.988555e+00
4.769000e-05	-7.481045e-04	-7.746942e+00
4.770000e-05	-1.699923e-03	-7.520375e+00
4.771000e-05	-2.314716e-03	-7.367497e+00
4.772000e-05	-1.799101e-03	-7.220006e+00
4.773000e-05	-2.109823e-03	-6.971074e+00
4.774000e-05	-3.155625e-03	-6.757951e+00
4.775000e-05	-3.757256e-03	-6.600575e+00
4.776000e-05	-1.895625e-03	-6.422157e+00
4.777000e-05	-3.118319e-03	-6.223104e+00
4.778000e-05	-2.827173e-03	-5.990604e+00
4.779000e-05	-2.758121e-03	-5.810656e+00
4.780000e-05	-2.177502e-03	-5.613154e+00
4.781000e-05	-3.814238e-03	-5.400579e+00
4.782000e-05	-3.130063e-03	-5.168501e+00
4.783000e-05	-3.753953e-03	-4.877396e+00
4.784000e-05	-2.379774e-03	-4.655187e+00
4.785000e-05	-5.404315e-03	-4.484766e+00
4.786000e-05	-4.142206e-03	-4.316439e+00
4.787000e-05	-3.903439e-03	-4.126319e+00
4.788000e-05	-2.011888e-03	-3.947344e+00
4.789000e-05	-3.663639e-03	-3.714261e+00
4.790000e-05	-3.985537e-03	-3.493210e+00
4.791000e-05	-4.650525e-03	-3.274158e+00
4.792000e-05	-4.922370e-03	-3.073214e+00
4.793000e-05	-4.648573e-03	-2.790048e+00
4.794000e-05	-4.276326e-03	-2.620576e+00
4.795000e-05	-3.681464e-03	-2.349025e+00
4.796000e-05	-4.411051e-03	-2.117867e+00
4.797000e-05	-4.222897e-03	-1.904792e+00
4.798000e-05	-5.151818e-03	-1.706287e+00
4.799000e-05	-4.026588e-03	-1.474759e+00
4.800000e-05	-4.927736e-03	-1.178495e+00
4.801000e-05	-4.720430e-03	-9.484935e-01
4.802000e-05	-6.514250e-03	-7.079159e-01
4.803000e-05	-4.857843e-03	-4.732619e-01
4.804000e-05	-4.796840e-03	-2.842644e-01
4.805000e-05	-3.977200e-03	-9.263034e-02
4.806000e-05	2.480109e-03	1.779146e-01
4.807000e-05	1.681329e-03	3.894262e-01
4.808000e-05	-4.264215e-03	6.009238e-01
4.809000e-05	1.050713e-03	7.699999e-01
4.810000e-05	-4.528258e-03	1.042002e+00
4.811000e-05	-1.216961e-03	1.271634e+00
4.812000e-05	-2.687332e-03	1.512681e+00
4.813000e-05	1.036251e-02	1.736322e+00
4.814000e-05	5.285712e-02	1.896290e+00
4.815000e-05	5.025530e-02	2.137369e+00
4.816000e-05	-7.843718e-02	2.409452e+00
4.817000e-05	-2.055891e-02	2.714159e+00
4.818000e-05	-3.756031e-02	2.884186e+00
4.819000e-05	-5.238503e-02	3.052558e+00
4.820000e-05	1.107102e-02	3.168950e+00
4.821000e-05	1.432073e-01	3.432525e+00
4.822000e-05	-1.772963e-01	3.611030e+00
4.823000e-05	1.159515e-01	3.797422e+00
4.824000e-05	-2.134575e-03	4.023007e+00
4.825000e-05	-9.129718e-02	4.263106e+00
4.826000e-05	9.944454e-02	4.463085e+00
4.827000e-05	-4.672593e-02	4.675688e+00
4.828000e-05	-1.086252e-02	4.894862e+00
4.829000e-05	3.995034e-02	5.208501e+00
4.830000e-05	-4.808901e-02	5.402603e+00
4.831000e-05	2.368828e-02	5.601530e+00
4.832000e-05	-2.200371e-02	5.831608e+00
4.833000e-05	-1.061896e-02	6.053610e+00
4.834000e-05	-2.608979e-03	6.244062e+00
4.835000e-05	-2.416215e-03	6.412558e+00
4.836000e-05	3.257016e-02	6.653609e+00
4.837000e-05	-4.203888e-02	6.854157e+00
4.838000e-05	3.339687e-02	7.024661e+00
4.839000e-05	-3.534539e-02	7.229608e+00
4.840000e-05	-5.053203e-03	7.431526e+00
4.841000e-05	1.781863e-02	7.651655e+00
4.842000e-05	-2.216188e-02	7.804108e+00
4.843000e-05	1.487484e-02	8.064588e+00
4.844000e-05	-2.346075e-02	8.242108e+00
4.845000e-05	-2.446820e-03	8.369920e+00
4.846000e-05	-9.909904e-03	8.497241e+00
4.847000e-05	4.609841e-03	8.703789e+00
4.848000e-05	-3.503227e-03	8.788900e+00
4.849000e-05	-8.678924e-03	8.978972e+00
4.850000e-05	3.779696e-03	9.115847e+00
4.851000e-05	-1.559282e-02	9.284239e+00
4.852000e-05	-5.530213e-03	9.421059e+00
4.853000e-05	-4.359966e-03	9.538896e+00
4.854000e-05	-4.460483e-04	9.724789e+00
4.855000e-05	-8.951276e-03	9.873707e+00
4.856000e-05	-5.608723e-03	1.002103e+01
4.857000e-05	-2.952969e-03	1.012582e+01
4.858000e-05	-9.385378e-03	1.023321e+01
4.859000e-05	-1.106326e-02	1.032888e+01
4.860000e-05	-4.821983e-03	1.052674e+01
4.861000e-05	-1.707729e-03	1.061308e+01
4.862000e-05	-9.057295e-03	1.075792e+01
4.863000e-05	-8.455203e-03	1.088466e+01
4.864000e-05	-3.797156e-03	1.096947e+01
4.865000e-05	-5.969409e-03	1.107417e+01
4.866000e-05	-9.822539e-03	1.112882e+01
4.867000e-05	-6.073129e-03	1.125219e+01
4.868000e-05	-4.914159e-03	1.134793e+01
4.869000e-05	-8.806316e-03	1.141414e+01
4.870000e-05	-8.704722e-03	1.149792e+01
4.871000e-05	-7.103534e-03	1.168314e+01
4.872000e-05	-9.165922e-03	1.172534e+01
4.873000e-05	-1.034011e-02	1.179005e+01
4.874000e-05	-5.780699e-03	1.179214e+01
4.875000e-05	-5.951579e-03	1.184422e+01
4.876000e-05	-7.559298e-03	1.193735e+01
4.877000e-05	-1.078167e-02	1.199898e+01
4.878000e-05	-9.551190e-03	1.197409e+01
4.879000e-05	-1.054644e-02	1.207482e+01
4.880000e-05	-1.059302e-02	1.211734e+01
4.881000e-05	-9.284012e-03	1.213845e+01
4.882000e-05	-1.267061e-02	1.216052e+01
4.883000e-05	-1.160026e-02	1.222008e+01
4.884000e-05	-1.237655e-02	1.220313e+01
4.885000e-05	-1.192406e-02	1.221408e+01
4.886000e-05	-1.418415e-02	1.222323e+01
4.887000e-05	-1.426783e-02	1.225526e+01
4.888000e-05	-1.651603e-02	1.225366e+01
4.889000e-05	-1.700586e-02	1.225469e+01
4.890000e-05	-1.983591e-02	1.225521e+01
4.891000e-05	-2.185912e-02	1.224516e+01
4.892000e-05	-2.452104e-02	1.220413e+01
4.893000e-05	-2.885957e-02	1.224268e+01
4.894000e-05	-3.355062e-02	1.220166e+01
4.895000e-05	-3.932053e-02	1.219050e+01
4.896000e-05	-4.761631e-02	1.216942e+01
4.897000e-05	-6.024886e-02	1.214789e+01
4.898000e-05	-6.760204e-02	1.209424e+01
4.899000e-05	-6.609228e-02	1.204103e+01
4.900000e-05	-5.452060e-02	1.197995e+01
4.901000e-05	-4.049815e-02	1.193684e+01
4.902000e-05	-3.182078e-02	1.184366e+01
4.903000e-05	-2.527055e-02	1.177058e+01
4.904000e-05	-2.139007e-02	1.174844e+01
4.905000e-05	-1.933919e-02	1.163571e+01
4.906000e-05	-1.907087e-02	1.156953e+01
4.907000e-05	-1.685905e-02	1.144531e+01
4.908000e-05	-1.404874e-02	1.138098e+01
4.909000e-05	-1.336355e-02	1.125316e+01
4.910000e-05	-1.346388e-02	1.114840e+01
4.911000e-05	-1.314058e-02	1.105271e+01
4.912000e-05	-1.238569e-02	1.098048e+01
4.913000e-05	-1.194347e-02	1.086529e+01
4.914000e-05	-1.171311e-02	1.075059e+01
4.915000e-05	-8.789165e-03	1.067574e+01
4.916000e-05	-1.115960e-02	1.058995e+01
4.917000e-05	-8.606429e-03	1.038368e+01
4.918000e-05	-1.099482e-02	1.031677e+01
4.919000e-05	-8.306869e-03	1.020110e+01
4.920000e-05	-1.031221e-02	1.012576e+01
4.921000e-05	-6.882332e-03	9.957347e+00
4.922000e-05	-8.764510e-03	9.763025e+00
4.923000e-05	-6.946000e-03	9.663633e+00
4.924000e-05	-1.007494e-02	9.496341e+00
4.925000e-05	-6.610653e-03	9.368973e+00
4.926000e-05	-7.833492e-03	9.254157e+00
4.927000e-05	-6.800866e-03	9.075766e+00
4.928000e-05	-8.427019e-03	8.936442e+00
4.929000e-05	-6.599288e-03	8.707899e+00
4.930000e-05	-6.454148e-03	8.569524e+00
4.931000e-05	-6.526565e-03	8.454262e+00
4.932000e-05	-6.732638e-03	8.266363e+00
4.933000e-05	-6.528032e-03	8.106343e+00
4.934000e-05	-6.625144e-03	7.906864e+00
4.935000e-05	-6.117892e-03	7.736818e+00
4.936000e-05	-5.928518e-03	7.536997e+00
4.937000e-05	-6.601709e-03	7.319394e+00
4.938000e-05	-6.031004e-03	7.157424e+00
4.939000e-05	-5.971036e-03	6.948448e+00
4.940000e-05	-6.917615e-03	6.750528e+00
4.941000e-05	-5.596674e-03	6.589519e+00
4.942000e-05	-5.606984e-03	6.369396e+00
4.943000e-05	-5.518134e-03	6.159044e+00
4.944000e-05	-6.177473e-03	6.001129e+00
4.945000e-05	-5.288251e-03	5.822073e+00
4.946000e-05	-5.061787e-03	5.561479e+00
4.947000e-05	-5.403667e-03	5.389447e+00
4.948000e-05	-6.501930e-03	5.160923e+00
4.949000e-05	-6.303172e-03	4.884843e+00
4.950000e-05	-5.690912e-03	4.666312e+00
4.951000e-05	-5.060647e-03	4.485236e+00
4.952000e-05	-6.774119e-03	4.305761e+00
4.953000e-05	-3.062423e-03	4.030184e+00
4.954000e-05	-7.053132e-03	3.832152e+00
4.955000e-05	-2.433192e-03	3.643135e+00
4.956000e-05	-6.076207e-03	3.452084e+00
4.957000e-05	-4.370654e-03	3.131929e+00
4.958000e-05	-5.083431e-03	2.991500e+00
4.959000e-05	-6.317215e-03	2.771050e+00
4.960000e-05	-3.837044e-03	2.515894e+00
4.961000e-05	-5.557854e-03	2.294238e+00
4.962000e-05	-4.445845e-03	2.064663e+00
4.963000e-05	-5.533030e-03	1.904737e+00
4.964000e-05	-4.819842e-03	1.642588e+00
4.965000e-05	-3.443407e-03	1.410531e+00
4.966000e-05	-4.238833e-03	1.157949e+00
4.967000e-05	-3.405712e-03	8.832357e-01
4.968000e-05	-4.430783e-03	6.222579e-01
4.969000e-05	-4.219412e-03	4.516789e-01
4.970000e-05	-3.669920e-03	1.894751e-01
4.971000e-05	-2.723973e-03	-6.105382e-02
4.972000e-05	5.389424e-03	-2.220339e-01
4.973000e-05	-1.444084e-03	-4.410526e-01
4.974000e-05	1.472536e-03	-6.632603e-01
4.975000e-05	-1.307126e-03	-8.926815e-01
4.976000e-05	1.552201e-03	-1.071660e+00
4.977000e-05	-1.398715e-03	-1.262684e+00
4.978000e-05	8.224915e-03	-1.556245e+00
4.979000e-05	6.677895e-02	-1.704836e+00
4.980000e-05	4.655692e-02	-1.966870e+00
4.981000e-05	-8.622539e-02	-2.315164e+00
4.982000e-05	-2.312432e-03	-2.589975e+00
4.983000e-05	-6.067930e-02	-2.788825e+00
4.984000e-05	-6.299715e-02	-2.895262e+00
4.985000e-05	1.618634e-01	-3.010629e+00
4.986000e-05	-5.997813e-02	-3.282109e+00
4.987000e-05	-4.654149e-02	-3.496715e+00
4.988000e-05	1.655732e-01	-3.632106e+00
4.989000e-05	-2.062071e-01	-3.947240e+00
4.990000e-05	1.188917e-01	-4.156870e+00
4.991000e-05	2.955903e-02	-4.313841e+00
4.992000e-05	-1.168110e-01	-4.537417e+00
4.993000e-05	1.658129e-01	-4.708296e+00
4.994000e-05	-1.163772e-01	-4.979922e+00
4.995000e-05	2.557148e-02	-5.240504e+00
4.996000e-05	5.131199e-02	-5.483004e+00
4.997000e-05	-1.175111e-01	-5.685708e+00
4.998000e-05	1.323997e-01	-5.873712e+00
4.999000e-05	-9.670828e-02	-6.072655e+00
