# 260408_14:25:24.066780
t	CH1	CH2
0.000000e+00	-3.864980e-03	6.438422e-02
1.000000e-08	-1.777547e-04	-7.465521e-02
2.000000e-08	2.420143e-03	-2.305001e-01
3.000000e-08	-1.074429e-03	-3.378661e-01
4.000000e-08	3.136171e-04	-4.731065e-01
5.000000e-08	-6.775381e-04	-7.027031e-01
6.000000e-08	9.617465e-05	-8.110538e-01
7.000000e-08	-2.596469e-03	-9.479710e-01
8.000000e-08	4.915058e-03	-1.094159e+00
9.000000e-08	4.789700e-02	-1.252550e+00
1.000000e-07	4.506106e-02	-1.454554e+00
1.100000e-07	-5.740424e-02	-1.717341e+00
1.200000e-07	-3.107980e-02	-1.937395e+00
1.300000e-07	-1.052803e-01	-2.063004e+00
1.400000e-07	9.256848e-02	-2.073130e+00
1.500000e-07	7.748982e-02	-2.186970e+00
1.600000e-07	-1.634087e-01	-2.464654e+00
1.700000e-07	9.161719e-02	-2.611453e+00
1.800000e-07	4.414214e-02	-2.641154e+00
1.900000e-07	-1.787426e-01	-2.872632e+00
2.000000e-07	1.025633e-01	-3.045236e+00
2.100000e-07	5.180250e-02	-3.200526e+00
2.200000e-07	-1.308630e-01	-3.359395e+00
2.300000e-07	1.272744e-01	-3.503259e+00
2.400000e-07	-4.456002e-02	-3.662003e+00
2.500000e-07	-5.565725e-02	-3.860585e+00
2.600000e-07	8.654940e-02	-3.979449e+00
2.700000e-07	-1.011260e-01	-4.177844e+00
2.800000e-07	5.366643e-02	-4.284237e+00
2.900000e-07	3.659231e-02	-4.399945e+00
3.000000e-07	-9.153950e-02	-4.547365e+00
3.100000e-07	9.444307e-02	-4.703193e+00
3.200000e-07	-2.742849e-02	-4.871155e+00
3.300000e-07	-2.244629e-02	-4.999999e+00
3.400000e-07	1.168259e-02	-5.095792e+00
3.500000e-07	-2.708116e-02	-5.314212e+00
3.600000e-07	6.782095e-02	-5.443660e+00
3.700000e-07	-5.848838e-02	-5.570548e+00
3.800000e-07	1.629252e-02	-5.706265e+00
3.900000e-07	3.447938e-02	-5.860630e+00
4.000000e-07	-5.549319e-02	-5.979392e+00
4.100000e-07	2.582564e-02	-6.040629e+00
4.200000e-07	-2.104174e-02	-6.182474e+00
4.300000e-07	5.113789e-02	-6.347320e+00
4.400000e-07	-6.646424e-03	-6.431634e+00
4.500000e-07	-5.514661e-02	-6.568338e+00
4.600000e-07	4.576549e-02	-6.622630e+00
4.700000e-07	-7.845838e-03	-6.759396e+00
4.800000e-07	2.308468e-03	-6.852103e+00
4.900000e-07	-1.768814e-02	-6.949447e+00
5.000000e-07	1.655998e-02	-7.156290e+00
5.100000e-07	2.446787e-02	-7.231473e+00
5.200000e-07	-3.928047e-02	-7.305214e+00
5.300000e-07	1.355737e-02	-7.368446e+00
5.400000e-07	7.573949e-03	-7.483162e+00
5.500000e-07	4.948729e-03	-7.607944e+00
5.600000e-07	-1.312363e-02	-7.692134e+00
5.700000e-07	1.007303e-03	-7.808446e+00
5.800000e-07	2.422194e-02	-7.894616e+00
5.900000e-07	-1.423015e-02	-8.000526e+00
6.000000e-07	-1.261337e-03	-8.042082e+00
6.100000e-07	4.247919e-03	-8.124766e+00
6.200000e-07	1.009064e-02	-8.159500e+00
6.300000e-07	-1.137498e-03	-8.230632e+00
6.400000e-07	-1.865182e-03	-8.285786e+00
6.500000e-07	1.019746e-02	-8.348446e+00
6.600000e-07	-2.335553e-03	-8.400449e+00
6.700000e-07	1.555957e-03	-8.421078e+00
6.800000e-07	3.890016e-03	-8.475160e+00
6.900000e-07	6.507379e-03	-8.549320e+00
7.000000e-07	4.173909e-03	-8.589932e+00
7.100000e-07	3.583514e-03	-8.643683e+00
7.200000e-07	4.713735e-03	-8.705133e+00
7.300000e-07	2.276324e-03	-8.706317e+00
7.400000e-07	4.566622e-03	-8.778421e+00
7.500000e-07	6.056609e-03	-8.799973e+00
7.600000e-07	4.426195e-03	-8.791104e+00
7.700000e-07	3.728753e-03	-8.830583e+00
7.800000e-07	7.814380e-03	-8.812154e+00
7.900000e-07	7.096450e-03	-8.844657e+00
8.000000e-07	4.725524e-03	-8.861658e+00
8.100000e-07	6.939091e-03	-8.853682e+00
8.200000e-07	1.033531e-02	-8.873661e+00
8.300000e-07	1.020532e-02	-8.855609e+00
8.400000e-07	8.335996e-03	-8.894762e+00
8.500000e-07	9.613847e-03	-8.873658e+00
8.600000e-07	1.100074e-02	-8.883683e+00
8.700000e-07	1.225363e-02	-8.883637e+00
8.800000e-07	1.265734e-02	-8.843632e+00
8.900000e-07	1.498357e-02	-8.853130e+00
9.000000e-07	1.623578e-02	-8.832109e+00
9.100000e-07	1.592084e-02	-8.832054e+00
9.200000e-07	1.715540e-02	-8.789527e+00
9.300000e-07	1.880661e-02	-8.779975e+00
9.400000e-07	1.951505e-02	-8.738370e+00
9.500000e-07	1.908114e-02	-8.714813e+00
9.600000e-07	1.909821e-02	-8.664632e+00
9.700000e-07	1.876610e-02	-8.579425e+00
9.800000e-07	1.880876e-02	-8.505345e+00
9.900000e-07	1.714664e-02	-8.454160e+00
1.000000e-06	1.551867e-02	-8.430554e+00
1.010000e-06	1.484207e-02	-8.369952e+00
1.020000e-06	1.564372e-02	-8.327893e+00
1.030000e-06	1.404652e-02	-8.275686e+00
1.040000e-06	1.127955e-02	-8.222054e+00
1.050000e-06	1.027906e-02	-8.178345e+00
1.060000e-06	9.603762e-03	-8.104734e+00
1.070000e-06	9.600528e-03	-8.031605e+00
1.080000e-06	8.186277e-03	-7.969026e+00
1.090000e-06	6.752627e-03	-7.926749e+00
1.100000e-06	6.302448e-03	-7.860424e+00
1.110000e-06	5.932196e-03	-7.684712e+00
1.120000e-06	4.860304e-03	-7.579471e+00
1.130000e-06	3.483037e-03	-7.495317e+00
1.140000e-06	3.689818e-03	-7.410051e+00
1.150000e-06	4.289827e-03	-7.334840e+00
1.160000e-06	3.768546e-03	-7.173630e+00
1.170000e-06	2.478865e-03	-7.150450e+00
1.180000e-06	2.317638e-03	-7.044181e+00
1.190000e-06	2.667547e-03	-6.897363e+00
1.200000e-06	1.788024e-03	-6.810075e+00
1.210000e-06	2.129707e-03	-6.697366e+00
1.220000e-06	2.056965e-03	-6.620053e+00
1.230000e-06	7.577465e-04	-6.495791e+00
1.240000e-06	1.582394e-04	-6.421028e+00
1.250000e-06	-8.661773e-06	-6.314764e+00
1.260000e-06	9.613341e-04	-6.126296e+00
1.270000e-06	-5.424136e-04	-6.000101e+00
1.280000e-06	-1.301001e-03	-5.906219e+00
1.290000e-06	-3.813126e-04	-5.779954e+00
1.300000e-06	-2.279877e-04	-5.623230e+00
1.310000e-06	-1.570299e-03	-5.539444e+00
1.320000e-06	-2.467916e-03	-5.347920e+00
1.330000e-06	-1.061808e-03	-5.168100e+00
1.340000e-06	-1.022338e-03	-5.052659e+00
1.350000e-06	-2.233555e-03	-4.865790e+00
1.360000e-06	-1.588552e-03	-4.725841e+00
1.370000e-06	-2.133952e-03	-4.599976e+00
1.380000e-06	-3.086427e-03	-4.473257e+00
1.390000e-06	-3.848466e-03	-4.357348e+00
1.400000e-06	-2.570439e-03	-4.241678e+00
1.410000e-06	-3.149850e-03	-4.032208e+00
1.420000e-06	-2.979780e-03	-3.980047e+00
1.430000e-06	-3.258437e-03	-3.789023e+00
1.440000e-06	-3.560264e-03	-3.611653e+00
1.450000e-06	-3.365019e-03	-3.505764e+00
1.460000e-06	-3.708471e-03	-3.337470e+00
1.470000e-06	-2.939756e-03	-3.201603e+00
1.480000e-06	-2.907377e-03	-3.042584e+00
1.490000e-06	-3.166906e-03	-2.853159e+00
1.500000e-06	-3.243900e-03	-2.736390e+00
1.510000e-06	-4.493995e-03	-2.538846e+00
1.520000e-06	-4.165848e-03	-2.440973e+00
1.530000e-06	-5.419067e-03	-2.251736e+00
1.540000e-06	-2.472965e-03	-2.052132e+00
1.550000e-06	-3.448378e-03	-1.916341e+00
1.560000e-06	-3.200349e-03	-1.788422e+00
1.570000e-06	-4.316330e-03	-1.631051e+00
1.580000e-06	-3.978908e-03	-1.390182e+00
1.590000e-06	-4.115819e-03	-1.212150e+00
1.600000e-06	-3.970168e-03	-1.032258e+00
1.610000e-06	-4.349670e-03	-8.952329e-01
1.620000e-06	-4.835614e-03	-7.278461e-01
1.630000e-06	-5.052609e-03	-5.263949e-01
1.640000e-06	-4.280684e-03	-3.889264e-01
1.650000e-06	-4.430535e-03	-2.421328e-01
1.660000e-06	-3.382489e-03	-8.323434e-02
1.670000e-06	-3.270439e-04	7.213133e-02
1.680000e-06	5.856176e-04	2.240816e-01
1.690000e-06	-2.670262e-03	3.989751e-01
1.700000e-06	3.057415e-04	5.162171e-01
1.710000e-06	-3.582544e-03	6.652064e-01
1.720000e-06	-2.921372e-03	8.610000e-01
1.730000e-06	-3.924945e-03	9.683734e-01
1.740000e-06	4.963344e-03	1.148422e+00
1.750000e-06	2.646650e-02	1.356219e+00
1.760000e-06	5.800662e-02	1.589212e+00
1.770000e-06	-2.595804e-02	1.790399e+00
1.780000e-06	-4.361961e-02	1.948821e+00
1.790000e-06	-6.187902e-02	2.094660e+00
1.800000e-06	-5.631349e-02	2.179972e+00
1.810000e-06	1.252686e-01	2.323712e+00
1.820000e-06	-5.974500e-03	2.413582e+00
1.830000e-06	-1.123117e-01	2.589349e+00
1.840000e-06	1.334578e-01	2.709318e+00
1.850000e-06	-5.838847e-02	2.926267e+00
1.860000e-06	-7.425236e-02	3.064083e+00
1.870000e-06	1.188917e-01	3.147443e+00
1.880000e-06	-4.648122e-02	3.368370e+00
1.890000e-06	-5.350981e-02	3.547267e+00
1.900000e-06	8.853179e-02	3.682704e+00
1.910000e-06	-5.571242e-02	3.820500e+00
1.920000e-06	-3.518485e-03	3.997822e+00
1.930000e-06	1.563938e-02	4.135290e+00
1.940000e-06	-3.759977e-02	4.287315e+00
1.950000e-06	2.288833e-02	4.453075e+00
1.960000e-06	-7.681421e-03	4.590901e+00
1.970000e-06	-5.402890e-03	4.736293e+00
1.980000e-06	1.912203e-02	4.853058e+00
1.990000e-06	-1.061757e-02	5.117167e+00
2.000000e-06	-2.506353e-02	5.264581e+00
2.010000e-06	-1.132739e-02	5.409949e+00
2.020000e-06	2.643544e-02	5.505321e+00
2.030000e-06	-5.086663e-03	5.621501e+00
2.040000e-06	-1.972591e-02	5.787325e+00
2.050000e-06	6.346406e-03	5.896292e+00
2.060000e-06	-9.565887e-03	6.011579e+00
2.070000e-06	-4.459503e-03	6.158271e+00
2.080000e-06	-7.417960e-03	6.263536e+00
2.090000e-06	-1.084871e-03	6.387876e+00
2.100000e-06	1.586264e-02	6.463605e+00
2.110000e-06	-1.836314e-02	6.580531e+00
2.120000e-06	-1.650913e-02	6.749321e+00
2.130000e-06	4.615821e-03	6.831554e+00
2.140000e-06	2.527932e-03	6.895743e+00
2.150000e-06	-1.121710e-02	6.971504e+00
2.160000e-06	-1.175912e-02	7.139691e+00
2.170000e-06	1.206333e-02	7.201477e+00
2.180000e-06	-7.468742e-03	7.264686e+00
2.190000e-06	-1.629920e-02	7.422526e+00
2.200000e-06	-4.985906e-03	7.558868e+00
2.210000e-06	2.824921e-03	7.642134e+00
2.220000e-06	-5.359759e-03	7.696289e+00
2.230000e-06	-1.345248e-02	7.822104e+00
2.240000e-06	-1.260762e-03	7.917319e+00
2.250000e-06	-4.024589e-03	8.034059e+00
2.260000e-06	-1.068096e-02	8.107242e+00
2.270000e-06	-8.141484e-03	8.197970e+00
2.280000e-06	-3.829332e-03	8.244110e+00
2.290000e-06	-6.879647e-03	8.295715e+00
2.300000e-06	-8.919266e-03	8.348847e+00
2.310000e-06	-4.597625e-03	8.409501e+00
2.320000e-06	-6.201288e-03	8.442135e+00
2.330000e-06	-1.112840e-02	8.494212e+00
2.340000e-06	-9.141382e-03	8.535266e+00
2.350000e-06	-4.884204e-03	8.567823e+00
2.360000e-06	-6.614267e-03	8.629628e+00
2.370000e-06	-8.929247e-03	8.613058e+00
2.380000e-06	-9.767967e-03	8.664161e+00
2.390000e-06	-1.039874e-02	8.695265e+00
2.400000e-06	-1.088710e-02	8.705767e+00
2.410000e-06	-8.696826e-03	8.747369e+00
2.420000e-06	-8.872063e-03	8.769974e+00
2.430000e-06	-1.325214e-02	8.768550e+00
2.440000e-06	-1.275296e-02	8.809475e+00
2.450000e-06	-1.176499e-02	8.800013e+00
2.460000e-06	-1.117442e-02	8.822103e+00
2.470000e-06	-1.490433e-02	8.822556e+00
2.480000e-06	-1.379621e-02	8.841136e+00
2.490000e-06	-1.384205e-02	8.832556e+00
2.500000e-06	-1.445514e-02	8.843559e+00
2.510000e-06	-1.645037e-02	8.833561e+00
2.520000e-06	-1.799922e-02	8.833584e+00
2.530000e-06	-1.853056e-02	8.821134e+00
2.540000e-06	-2.034032e-02	8.822608e+00
2.550000e-06	-2.059959e-02	8.800554e+00
2.560000e-06	-2.077776e-02	8.798054e+00
2.570000e-06	-2.233933e-02	8.788903e+00
2.580000e-06	-2.322123e-02	8.769872e+00
2.590000e-06	-2.431356e-02	8.725895e+00
2.600000e-06	-2.383830e-02	8.695271e+00
2.610000e-06	-2.310259e-02	8.653787e+00
2.620000e-06	-2.490262e-02	8.644563e+00
2.630000e-06	-2.514101e-02	8.589628e+00
2.640000e-06	-2.460696e-02	8.546474e+00
2.650000e-06	-2.158063e-02	8.495792e+00
2.660000e-06	-2.177574e-02	8.443137e+00
2.670000e-06	-2.227269e-02	8.421581e+00
2.680000e-06	-1.957554e-02	8.399974e+00
2.690000e-06	-1.873324e-02	8.315244e+00
2.700000e-06	-1.777591e-02	8.264132e+00
2.710000e-06	-1.680483e-02	8.178452e+00
2.720000e-06	-1.563779e-02	8.086243e+00
2.730000e-06	-1.446100e-02	8.041183e+00
2.740000e-06	-1.565556e-02	7.957926e+00
2.750000e-06	-1.326805e-02	7.845166e+00
2.760000e-06	-1.311752e-02	7.759550e+00
2.770000e-06	-1.228502e-02	7.695841e+00
2.780000e-06	-1.125131e-02	7.652134e+00
2.790000e-06	-1.051152e-02	7.568422e+00
2.800000e-06	-9.611226e-03	7.442584e+00
2.810000e-06	-1.152978e-02	7.313875e+00
2.820000e-06	-9.527640e-03	7.211080e+00
2.830000e-06	-9.364262e-03	7.136320e+00
2.840000e-06	-7.513114e-03	7.051133e+00
2.850000e-06	-8.315282e-03	6.937368e+00
2.860000e-06	-7.587844e-03	6.832037e+00
2.870000e-06	-8.684807e-03	6.766923e+00
2.880000e-06	-6.819530e-03	6.631665e+00
2.890000e-06	-6.912257e-03	6.454237e+00
2.900000e-06	-6.356875e-03	6.368001e+00
2.910000e-06	-7.192235e-03	6.274762e+00
2.920000e-06	-6.024431e-03	6.158899e+00
2.930000e-06	-6.655723e-03	6.061655e+00
2.940000e-06	-5.917150e-03	5.968401e+00
2.950000e-06	-5.864717e-03	5.772610e+00
2.960000e-06	-3.824584e-03	5.613128e+00
2.970000e-06	-6.344588e-03	5.464317e+00
2.980000e-06	-7.146623e-03	5.379550e+00
2.990000e-06	-5.662996e-03	5.262134e+00
3.000000e-06	-4.218206e-03	5.083741e+00
3.010000e-06	-4.849206e-03	4.915337e+00
3.020000e-06	-5.203707e-03	4.728399e+00
3.030000e-06	-5.721394e-03	4.590103e+00
3.040000e-06	-5.327397e-03	4.494162e+00
3.050000e-06	-5.652849e-03	4.349000e+00
3.060000e-06	-4.501214e-03	4.208008e+00
3.070000e-06	-3.931615e-03	4.062130e+00
3.080000e-06	-5.372819e-03	3.885343e+00
3.090000e-06	-4.789934e-03	3.748949e+00
3.100000e-06	-4.815079e-03	3.611655e+00
3.110000e-06	-4.143889e-03	3.466196e+00
3.120000e-06	-4.444919e-03	3.285166e+00
3.130000e-06	-4.584117e-03	3.138972e+00
3.140000e-06	-4.892505e-03	3.000052e+00
3.150000e-06	-4.406729e-03	2.863208e+00
3.160000e-06	-4.181581e-03	2.759450e+00
3.170000e-06	-3.791656e-03	2.538492e+00
3.180000e-06	-4.052995e-03	2.348476e+00
3.190000e-06	-4.557648e-03	2.220976e+00
3.200000e-06	-4.129352e-03	2.053662e+00
3.210000e-06	-3.814057e-03	1.966920e+00
3.220000e-06	-4.327918e-03	1.757471e+00
3.230000e-06	-4.380347e-03	1.579052e+00
3.240000e-06	-3.678437e-03	1.410981e+00
3.250000e-06	-4.460116e-03	1.272657e+00
3.260000e-06	-4.107440e-03	1.044714e+00
3.270000e-06	-4.111981e-03	8.206853e-01
3.280000e-06	-3.472930e-03	6.952446e-01
3.290000e-06	-4.332968e-03	5.268234e-01
3.300000e-06	-3.815723e-03	4.104751e-01
3.310000e-06	-3.690517e-03	2.021401e-01
3.320000e-06	-2.121882e-03	-8.394740e-03
3.330000e-06	1.208343e-03	-1.262358e-01
3.340000e-06	1.345108e-03	-2.531816e-01
3.350000e-06	-9.020550e-04	-4.099474e-01
3.360000e-06	3.555823e-05	-5.273393e-01
3.370000e-06	-1.825043e-03	-7.358696e-01
3.380000e-06	-1.447708e-03	-8.735567e-01
3.390000e-06	-1.407790e-03	-1.010894e+00
3.400000e-06	1.206738e-02	-1.157818e+00
3.410000e-06	7.284073e-02	-1.305734e+00
3.420000e-06	-1.135592e-03	-1.549865e+00
3.430000e-06	-4.623377e-02	-1.832050e+00
3.440000e-06	-5.656863e-02	-1.990025e+00
3.450000e-06	-7.350192e-02	-2.051681e+00
3.460000e-06	1.438465e-01	-2.071709e+00
3.470000e-06	-2.741972e-02	-2.282553e+00
3.480000e-06	-1.138805e-01	-2.537747e+00
3.490000e-06	1.627481e-01	-2.591003e+00
3.500000e-06	-7.465134e-02	-2.726737e+00
3.510000e-06	-1.121912e-01	-2.927771e+00
3.520000e-06	1.557732e-01	-3.146766e+00
3.530000e-06	-5.779707e-02	-3.294127e+00
3.540000e-06	-5.189508e-02	-3.411957e+00
3.550000e-06	1.334612e-01	-3.505835e+00
3.560000e-06	-1.144616e-01	-3.694586e+00
3.570000e-06	3.689822e-02	-3.886662e+00
3.580000e-06	2.509394e-02	-4.042078e+00
3.590000e-06	-8.827360e-02	-4.201026e+00
3.600000e-06	1.072105e-01	-4.364266e+00
3.610000e-06	-4.885444e-02	-4.402551e+00
3.620000e-06	-2.544416e-02	-4.600501e+00
3.630000e-06	8.536910e-02	-4.718820e+00
3.640000e-06	-6.257448e-02	-4.936736e+00
3.650000e-06	1.526723e-02	-5.012105e+00
3.660000e-06	-2.121362e-02	-5.179293e+00
3.670000e-06	1.136936e-02	-5.327873e+00
3.680000e-06	4.132194e-02	-5.495690e+00
3.690000e-06	-6.864572e-02	-5.652184e+00
3.700000e-06	6.102218e-02	-5.749846e+00
3.710000e-06	-1.488914e-02	-5.883183e+00
3.720000e-06	-2.886715e-02	-6.000475e+00
3.730000e-06	1.735005e-02	-6.073182e+00
3.740000e-06	-1.476430e-02	-6.252082e+00
3.750000e-06	6.471117e-02	-6.389451e+00
3.760000e-06	-5.425668e-02	-6.505232e+00
3.770000e-06	-1.509697e-02	-6.557980e+00
3.780000e-06	3.870895e-02	-6.717687e+00
3.790000e-06	-1.366907e-02	-6.779975e+00
3.800000e-06	5.660571e-03	-6.853583e+00
3.810000e-06	-2.216831e-02	-7.041952e+00
3.820000e-06	3.951480e-02	-7.177374e+00
3.830000e-06	-7.923930e-03	-7.242028e+00
3.840000e-06	-2.730082e-02	-7.316841e+00
3.850000e-06	2.003831e-02	-7.441053e+00
3.860000e-06	3.358496e-03	-7.465706e+00
3.870000e-06	3.064468e-03	-7.597449e+00
3.880000e-06	-1.779690e-02	-7.674209e+00
3.890000e-06	1.898302e-02	-7.853528e+00
3.900000e-06	9.559234e-03	-7.926738e+00
3.910000e-06	-1.482016e-02	-8.020079e+00
3.920000e-06	3.148879e-03	-8.053636e+00
3.930000e-06	5.025265e-03	-8.126792e+00
3.940000e-06	8.924039e-03	-8.189575e+00
3.950000e-06	-5.664012e-03	-8.232635e+00
3.960000e-06	5.254330e-03	-8.337842e+00
3.970000e-06	5.705865e-03	-8.337945e+00
3.980000e-06	-2.667865e-03	-8.410049e+00
3.990000e-06	4.216341e-03	-8.414131e+00
4.000000e-06	6.197129e-03	-8.476291e+00
4.010000e-06	5.648976e-03	-8.506720e+00
4.020000e-06	1.102991e-03	-8.588561e+00
4.030000e-06	3.214385e-03	-8.625137e+00
4.040000e-06	2.811394e-03	-8.684838e+00
4.050000e-06	2.715426e-03	-8.746320e+00
4.060000e-06	5.623370e-03	-8.748925e+00
4.070000e-06	5.715413e-03	-8.799574e+00
4.080000e-06	3.928204e-03	-8.821052e+00
4.090000e-06	5.806968e-03	-8.813032e+00
4.100000e-06	7.743520e-03	-8.821582e+00
4.110000e-06	5.446457e-03	-8.832080e+00
4.120000e-06	4.044719e-03	-8.843182e+00
4.130000e-06	8.623519e-03	-8.842155e+00
4.140000e-06	1.001887e-02	-8.863709e+00
4.150000e-06	9.819702e-03	-8.852186e+00
4.160000e-06	8.574070e-03	-8.874609e+00
4.170000e-06	1.065159e-02	-8.884661e+00
4.180000e-06	1.182533e-02	-8.834257e+00
4.190000e-06	1.217527e-02	-8.855109e+00
4.200000e-06	1.408596e-02	-8.832132e+00
4.210000e-06	1.573451e-02	-8.842631e+00
4.220000e-06	1.540987e-02	-8.824078e+00
4.230000e-06	1.548476e-02	-8.820051e+00
4.240000e-06	1.729428e-02	-8.820500e+00
4.250000e-06	1.949844e-02	-8.788424e+00
4.260000e-06	1.968928e-02	-8.755840e+00
4.270000e-06	1.973394e-02	-8.696789e+00
4.280000e-06	1.871636e-02	-8.613554e+00
4.290000e-06	1.935041e-02	-8.549449e+00
4.300000e-06	1.886120e-02	-8.505767e+00
4.310000e-06	1.644965e-02	-8.471681e+00
4.320000e-06	1.489438e-02	-8.411527e+00
4.330000e-06	1.539035e-02	-8.358424e+00
4.340000e-06	1.519594e-02	-8.295792e+00
4.350000e-06	1.321567e-02	-8.263709e+00
4.360000e-06	1.158182e-02	-8.159481e+00
4.370000e-06	1.083792e-02	-8.118392e+00
4.380000e-06	8.841510e-03	-8.063734e+00
4.390000e-06	8.519579e-03	-8.001079e+00
4.400000e-06	8.145155e-03	-7.928447e+00
4.410000e-06	6.560185e-03	-7.894257e+00
4.420000e-06	5.457827e-03	-7.706847e+00
4.430000e-06	5.569574e-03	-7.622656e+00
4.440000e-06	3.557260e-03	-7.547295e+00
4.450000e-06	3.875397e-03	-7.484184e+00
4.460000e-06	2.848200e-03	-7.378542e+00
4.470000e-06	5.897680e-03	-7.305286e+00
4.480000e-06	3.343153e-03	-7.190553e+00
4.490000e-06	5.948708e-04	-7.088389e+00
4.500000e-06	2.389456e-03	-7.012023e+00
4.510000e-06	1.495818e-03	-6.832786e+00
4.520000e-06	2.447764e-03	-6.787949e+00
4.530000e-06	7.370223e-04	-6.703713e+00
4.540000e-06	2.249838e-03	-6.567947e+00
4.550000e-06	8.140177e-04	-6.462758e+00
4.560000e-06	-1.694128e-03	-6.368403e+00
4.570000e-06	1.194383e-04	-6.221652e+00
4.580000e-06	1.627306e-03	-6.094809e+00
4.590000e-06	-3.901044e-04	-5.938924e+00
4.600000e-06	-1.645923e-03	-5.833159e+00
4.610000e-06	-8.793148e-04	-5.726890e+00
4.620000e-06	-5.354603e-05	-5.591053e+00
4.630000e-06	-2.062354e-03	-5.476293e+00
4.640000e-06	-1.209196e-03	-5.284840e+00
4.650000e-06	-1.760522e-03	-5.165796e+00
4.660000e-06	-3.298339e-03	-5.031525e+00
4.670000e-06	-2.721830e-03	-4.831528e+00
4.680000e-06	-1.514898e-03	-4.693129e+00
4.690000e-06	-1.964554e-03	-4.517392e+00
4.700000e-06	-2.828554e-03	-4.401055e+00
4.710000e-06	-3.430111e-03	-4.286387e+00
4.720000e-06	-2.993740e-03	-4.189422e+00
4.730000e-06	-3.778515e-03	-4.010055e+00
4.740000e-06	-3.426759e-03	-3.915816e+00
4.750000e-06	-2.953451e-03	-3.764916e+00
4.760000e-06	-3.029806e-03	-3.560000e+00
4.770000e-06	-4.413989e-03	-3.461605e+00
4.780000e-06	-3.444502e-03	-3.304717e+00
4.790000e-06	-2.085575e-03	-3.138422e+00
4.800000e-06	-2.704050e-03	-2.949449e+00
4.810000e-06	-3.222224e-03	-2.811001e+00
4.820000e-06	-4.008192e-03	-2.674758e+00
4.830000e-06	-4.490542e-03	-2.445787e+00
4.840000e-06	-4.465719e-03	-2.378945e+00
4.850000e-06	-3.479789e-03	-2.150526e+00
4.860000e-06	-3.720645e-03	-2.020001e+00
4.870000e-06	-4.220397e-03	-1.892707e+00
4.880000e-06	-4.384634e-03	-1.705788e+00
4.890000e-06	-3.545303e-03	-1.588945e+00
4.900000e-06	-3.464759e-03	-1.347446e+00
4.910000e-06	-3.649512e-03	-1.147895e+00
4.920000e-06	-3.877954e-03	-1.010529e+00
4.930000e-06	-4.596312e-03	-8.321773e-01
4.940000e-06	-5.532859e-03	-7.043084e-01
4.950000e-06	-4.117167e-03	-4.937593e-01
4.960000e-06	-3.256224e-03	-2.953447e-01
4.970000e-06	-4.792545e-03	-2.079487e-01
4.980000e-06	-2.912621e-03	-4.212901e-02
4.990000e-06	1.184565e-03	1.462405e-01
5.000000e-06	8.323434e-04	3.482370e-01
5.010000e-06	-1.269695e-03	4.516026e-01
5.020000e-06	-1.328495e-03	5.999510e-01
5.030000e-06	-2.905050e-03	7.573133e-01
5.040000e-06	-3.155050e-03	8.735302e-01
5.050000e-06	-1.879518e-03	1.031130e+00
5.060000e-06	8.456643e-03	1.241028e+00
5.070000e-06	4.548196e-02	1.410474e+00
5.080000e-06	3.812749e-02	1.651104e+00
5.090000e-06	-4.497293e-02	1.841052e+00
5.100000e-06	-4.091012e-02	2.010473e+00
5.110000e-06	-7.803556e-02	2.137266e+00
5.120000e-06	-2.305408e-04	2.210053e+00
5.130000e-06	1.319248e-01	2.367245e+00
5.140000e-06	-9.924310e-02	2.483687e+00
5.150000e-06	-1.208122e-02	2.661550e+00
5.160000e-06	1.126647e-01	2.810956e+00
5.170000e-06	-1.207938e-01	2.990422e+00
5.180000e-06	4.413523e-03	3.093785e+00
5.190000e-06	1.005670e-01	3.200501e+00
5.200000e-06	-1.062860e-01	3.452003e+00
5.210000e-06	2.755992e-02	3.560446e+00
5.220000e-06	4.646706e-02	3.705214e+00
5.230000e-06	-6.693287e-02	3.894210e+00
5.240000e-06	2.981046e-02	4.020526e+00
5.250000e-06	-1.914698e-02	4.170453e+00
5.260000e-06	-1.882272e-02	4.359447e+00
5.270000e-06	2.480990e-02	4.503182e+00
5.280000e-06	-1.446233e-02	4.633131e+00
5.290000e-06	6.864476e-03	4.848949e+00
5.300000e-06	1.243297e-02	4.968367e+00
5.310000e-06	-2.041594e-02	5.118899e+00
5.320000e-06	-2.089403e-02	5.304689e+00
5.330000e-06	2.139832e-03	5.411528e+00
5.340000e-06	2.636707e-02	5.588421e+00
5.350000e-06	-2.217936e-02	5.652583e+00
5.360000e-06	-7.193070e-03	5.789550e+00
5.370000e-06	2.824326e-03	5.958898e+00
5.380000e-06	-1.201492e-02	6.043109e+00
5.390000e-06	-1.278165e-04	6.209926e+00
5.400000e-06	-1.331355e-02	6.305689e+00
5.410000e-06	1.116323e-02	6.389502e+00
5.420000e-06	3.778972e-03	6.514216e+00
5.430000e-06	-2.219113e-02	6.703160e+00
5.440000e-06	-8.077505e-03	6.808923e+00
5.450000e-06	6.718700e-03	6.863610e+00
5.460000e-06	-1.904690e-03	6.936770e+00
5.470000e-06	-1.576358e-02	7.030585e+00
5.480000e-06	-9.773962e-04	7.146349e+00
5.490000e-06	8.841568e-03	7.241183e+00
5.500000e-06	-1.448862e-02	7.306741e+00
5.510000e-06	-1.480383e-02	7.463564e+00
5.520000e-06	4.362945e-04	7.560452e+00
5.530000e-06	5.917175e-04	7.655112e+00
5.540000e-06	-9.509461e-03	7.747897e+00
5.550000e-06	-1.099936e-02	7.881105e+00
5.560000e-06	1.653961e-03	7.949904e+00
5.570000e-06	-8.037465e-03	8.054088e+00
5.580000e-06	-9.752692e-03	8.135842e+00
5.590000e-06	-5.658348e-03	8.208503e+00
5.600000e-06	-3.802300e-03	8.273689e+00
5.610000e-06	-7.529010e-03	8.347296e+00
5.620000e-06	-9.028917e-03	8.388423e+00
5.630000e-06	-3.918207e-03	8.401553e+00
5.640000e-06	-8.435122e-03	8.463633e+00
5.650000e-06	-1.122789e-02	8.495186e+00
5.660000e-06	-7.798531e-03	8.566869e+00
5.670000e-06	-5.583084e-03	8.568927e+00
5.680000e-06	-7.148366e-03	8.622084e+00
5.690000e-06	-8.727786e-03	8.632082e+00
5.700000e-06	-9.448762e-03	8.694765e+00
5.710000e-06	-1.199355e-02	8.695771e+00
5.720000e-06	-9.099568e-03	8.785825e+00
5.730000e-06	-1.033070e-02	8.738900e+00
5.740000e-06	-8.128499e-03	8.788501e+00
5.750000e-06	-1.350494e-02	8.799503e+00
5.760000e-06	-1.293831e-02	8.820526e+00
5.770000e-06	-1.064283e-02	8.801079e+00
5.780000e-06	-1.362448e-02	8.841532e+00
5.790000e-06	-1.259919e-02	8.832054e+00
5.800000e-06	-1.497922e-02	8.841609e+00
5.810000e-06	-1.292878e-02	8.841560e+00
5.820000e-06	-1.584235e-02	8.832034e+00
5.830000e-06	-1.784075e-02	8.813108e+00
5.840000e-06	-1.823678e-02	8.812556e+00
5.850000e-06	-1.961785e-02	8.831583e+00
5.860000e-06	-2.012195e-02	8.800132e+00
5.870000e-06	-2.043152e-02	8.828524e+00
5.880000e-06	-2.085449e-02	8.818580e+00
5.890000e-06	-2.261847e-02	8.778449e+00
5.900000e-06	-2.317623e-02	8.787447e+00
5.910000e-06	-2.632190e-02	8.736221e+00
5.920000e-06	-2.383027e-02	8.674365e+00
5.930000e-06	-2.667820e-02	8.673692e+00
5.940000e-06	-2.151581e-02	8.630059e+00
5.950000e-06	-2.345572e-02	8.600549e+00
5.960000e-06	-2.234917e-02	8.538926e+00
5.970000e-06	-2.304167e-02	8.464215e+00
5.980000e-06	-2.429110e-02	8.443110e+00
5.990000e-06	-2.096366e-02	8.411506e+00
6.000000e-06	-1.989452e-02	8.367346e+00
6.010000e-06	-1.810891e-02	8.295288e+00
6.020000e-06	-1.789205e-02	8.153060e+00
6.030000e-06	-1.642726e-02	8.145369e+00
6.040000e-06	-1.319913e-02	8.074718e+00
6.050000e-06	-1.384465e-02	8.008635e+00
6.060000e-06	-1.379321e-02	7.878371e+00
6.070000e-06	-1.463664e-02	7.844113e+00
6.080000e-06	-1.292707e-02	7.778550e+00
6.090000e-06	-1.255137e-02	7.674337e+00
6.100000e-06	-9.809563e-03	7.612004e+00
6.110000e-06	-1.115283e-02	7.526822e+00
6.120000e-06	-9.180894e-03	7.401004e+00
6.130000e-06	-1.083600e-02	7.255792e+00
6.140000e-06	-7.334737e-03	7.208953e+00
6.150000e-06	-9.079716e-03	7.103692e+00
6.160000e-06	-7.531739e-03	7.000507e+00
6.170000e-06	-8.890607e-03	6.865289e+00
6.180000e-06	-8.267068e-03	6.821028e+00
6.190000e-06	-7.495814e-03	6.766318e+00
6.200000e-06	-6.763664e-03	6.548454e+00
6.210000e-06	-6.758672e-03	6.413158e+00
6.220000e-06	-6.721792e-03	6.297374e+00
6.230000e-06	-5.531131e-03	6.272657e+00
6.240000e-06	-6.205290e-03	6.087265e+00
6.250000e-06	-5.300940e-03	6.000529e+00
6.260000e-06	-6.160049e-03	5.915395e+00
6.270000e-06	-5.000211e-03	5.756497e+00
6.280000e-06	-5.662671e-03	5.588929e+00
6.290000e-06	-5.687736e-03	5.454758e+00
6.300000e-06	-5.795033e-03	5.317945e+00
6.310000e-06	-5.463646e-03	5.199004e+00
6.320000e-06	-5.853622e-03	5.014135e+00
6.330000e-06	-5.884472e-03	4.850682e+00
6.340000e-06	-4.679558e-03	4.704816e+00
6.350000e-06	-3.953832e-03	4.589524e+00
6.360000e-06	-4.442683e-03	4.432633e+00
6.370000e-06	-4.582931e-03	4.355842e+00
6.380000e-06	-4.013406e-03	4.126893e+00
6.390000e-06	-5.272807e-03	3.979926e+00
6.400000e-06	-6.042617e-03	3.863259e+00
6.410000e-06	-6.152954e-03	3.724793e+00
6.420000e-06	-4.413241e-03	3.600451e+00
6.430000e-06	-3.842591e-03	3.442207e+00
6.440000e-06	-3.956881e-03	3.211632e+00
6.450000e-06	-3.431883e-03	3.124845e+00
6.460000e-06	-3.297853e-03	2.927424e+00
6.470000e-06	-3.085612e-03	2.811055e+00
6.480000e-06	-4.215627e-03	2.714272e+00
6.490000e-06	-4.321053e-03	2.471713e+00
6.500000e-06	-4.922777e-03	2.305320e+00
6.510000e-06	-5.195976e-03	2.117947e+00
6.520000e-06	-5.280475e-03	2.011575e+00
6.530000e-06	-4.605463e-03	1.873214e+00
6.540000e-06	-2.626051e-03	1.674162e+00
6.550000e-06	-2.584888e-03	1.527816e+00
6.560000e-06	-3.690011e-03	1.336949e+00
6.570000e-06	-3.186023e-03	1.198953e+00
6.580000e-06	-4.501787e-03	9.380264e-01
6.590000e-06	-4.490773e-03	7.895250e-01
6.600000e-06	-4.504301e-03	6.626815e-01
6.610000e-06	-3.804882e-03	4.932894e-01
6.620000e-06	-3.503563e-03	3.268474e-01
6.630000e-06	-4.066627e-03	1.464719e-01
6.640000e-06	-1.600771e-03	9.450109e-03
6.650000e-06	2.895814e-03	-1.678221e-01
6.660000e-06	9.374075e-04	-3.371393e-01
6.670000e-06	-1.161375e-03	-4.505240e-01
6.680000e-06	-1.115174e-03	-6.305252e-01
6.690000e-06	-1.818324e-03	-7.998949e-01
6.700000e-06	-2.392357e-03	-8.862358e-01
6.710000e-06	1.300526e-03	-1.071050e+00
6.720000e-06	2.664596e-02	-1.209899e+00
6.730000e-06	7.240396e-02	-1.439968e+00
6.740000e-06	-4.160082e-02	-1.672453e+00
6.750000e-06	-3.122312e-02	-1.874683e+00
6.760000e-06	-9.249595e-02	-2.010051e+00
6.770000e-06	9.132833e-03	-2.063182e+00
6.780000e-06	1.375741e-01	-2.134336e+00
6.790000e-06	-1.251746e-01	-2.398795e+00
6.800000e-06	-5.397513e-03	-2.589850e+00
6.810000e-06	1.466461e-01	-2.641049e+00
6.820000e-06	-1.540917e-01	-2.819427e+00
6.830000e-06	1.267579e-02	-3.033008e+00
6.840000e-06	1.372631e-01	-3.168342e+00
6.850000e-06	-1.316842e-01	-3.315286e+00
6.860000e-06	5.685335e-02	-3.453182e+00
6.870000e-06	5.430387e-02	-3.569897e+00
6.880000e-06	-1.149248e-01	-3.793347e+00
6.890000e-06	9.620595e-02	-3.957322e+00
6.900000e-06	-5.458082e-02	-4.084733e+00
6.910000e-06	-2.206783e-02	-4.234181e+00
6.920000e-06	9.841512e-02	-4.346867e+00
6.930000e-06	-1.006253e-01	-4.436710e+00
6.940000e-06	5.224935e-02	-4.645631e+00
6.950000e-06	3.062644e-02	-4.798472e+00
6.960000e-06	-5.471135e-02	-4.938847e+00
6.970000e-06	2.938871e-02	-5.104161e+00
6.980000e-06	-3.967570e-02	-5.223005e+00
6.990000e-06	5.475999e-02	-5.400353e+00
7.000000e-06	-1.388006e-02	-5.537769e+00
7.010000e-06	-3.343701e-02	-5.675207e+00
7.020000e-06	6.521426e-02	-5.791000e+00
7.030000e-06	-5.156352e-02	-5.907271e+00
7.040000e-06	7.186275e-03	-5.990578e+00
7.050000e-06	-6.329340e-03	-6.086265e+00
7.060000e-06	1.817358e-02	-6.336758e+00
7.070000e-06	3.996989e-02	-6.400504e+00
7.080000e-06	-7.308998e-02	-6.557806e+00
7.090000e-06	2.770127e-02	-6.621658e+00
7.100000e-06	1.240378e-02	-6.737818e+00
7.110000e-06	-6.446373e-03	-6.831078e+00
7.120000e-06	-5.002329e-03	-6.885792e+00
7.130000e-06	-7.242947e-03	-7.105212e+00
7.140000e-06	4.293107e-02	-7.209477e+00
7.150000e-06	-3.403090e-02	-7.263134e+00
7.160000e-06	-4.660504e-03	-7.350470e+00
7.170000e-06	1.599476e-02	-7.442082e+00
7.180000e-06	3.098027e-03	-7.568870e+00
7.190000e-06	-4.663516e-03	-7.631050e+00
7.200000e-06	-1.217168e-02	-7.748792e+00
7.210000e-06	2.824268e-02	-7.823687e+00
7.220000e-06	-5.336626e-03	-7.977896e+00
7.230000e-06	-8.834642e-03	-8.022553e+00
7.240000e-06	2.791237e-03	-8.094710e+00
7.250000e-06	7.581802e-03	-8.169396e+00
7.260000e-06	4.210767e-03	-8.242099e+00
7.270000e-06	-5.469535e-03	-8.265236e+00
7.280000e-06	1.074074e-02	-8.329419e+00
7.290000e-06	-2.094616e-04	-8.369500e+00
7.300000e-06	-2.310676e-03	-8.421078e+00
7.310000e-06	4.486552e-03	-8.442235e+00
7.320000e-06	5.828209e-03	-8.545717e+00
7.330000e-06	5.149080e-03	-8.549494e+00
7.340000e-06	2.371811e-03	-8.616077e+00
7.350000e-06	3.945685e-03	-8.665712e+00
7.360000e-06	2.457583e-03	-8.677215e+00
7.370000e-06	3.351851e-03	-8.758470e+00
7.380000e-06	5.433677e-03	-8.788545e+00
7.390000e-06	4.956232e-03	-8.769554e+00
7.400000e-06	3.406506e-03	-8.810528e+00
7.410000e-06	6.651826e-03	-8.841607e+00
7.420000e-06	7.579143e-03	-8.841130e+00
7.430000e-06	5.262194e-03	-8.842680e+00
7.440000e-06	5.948712e-03	-8.863237e+00
7.450000e-06	9.520403e-03	-8.884237e+00
7.460000e-06	1.021568e-02	-8.864561e+00
7.470000e-06	8.707818e-03	-8.886185e+00
7.480000e-06	9.236528e-03	-8.863208e+00
7.490000e-06	1.053727e-02	-8.854107e+00
7.500000e-06	1.203107e-02	-8.873161e+00
7.510000e-06	1.261173e-02	-8.853132e+00
7.520000e-06	1.480570e-02	-8.812608e+00
7.530000e-06	1.667576e-02	-8.862079e+00
7.540000e-06	1.556424e-02	-8.829578e+00
7.550000e-06	1.788363e-02	-8.790499e+00
7.560000e-06	1.822207e-02	-8.810425e+00
7.570000e-06	1.946100e-02	-8.778923e+00
7.580000e-06	1.875452e-02	-8.686366e+00
7.590000e-06	1.967396e-02	-8.644308e+00
7.600000e-06	1.872557e-02	-8.591534e+00
7.610000e-06	1.869361e-02	-8.507494e+00
7.620000e-06	1.790008e-02	-8.495810e+00
7.630000e-06	1.552116e-02	-8.411627e+00
7.640000e-06	1.596244e-02	-8.399047e+00
7.650000e-06	1.568852e-02	-8.346969e+00
7.660000e-06	1.404931e-02	-8.306266e+00
7.670000e-06	1.218582e-02	-8.221687e+00
7.680000e-06	1.074718e-02	-8.168499e+00
7.690000e-06	9.699190e-03	-8.066791e+00
7.700000e-06	9.394148e-03	-8.052087e+00
7.710000e-06	7.710843e-03	-8.000523e+00
7.720000e-06	8.088067e-03	-7.918442e+00
7.730000e-06	5.198482e-03	-7.822678e+00
7.740000e-06	5.661201e-03	-7.664840e+00
7.750000e-06	5.252394e-03	-7.612054e+00
7.760000e-06	4.900581e-03	-7.475838e+00
7.770000e-06	3.737873e-03	-7.412127e+00
7.780000e-06	3.153952e-03	-7.348965e+00
7.790000e-06	2.984487e-03	-7.240262e+00
7.800000e-06	2.751065e-03	-7.169475e+00
7.810000e-06	1.649752e-03	-7.083787e+00
7.820000e-06	2.231506e-03	-6.918393e+00
7.830000e-06	1.164777e-03	-6.842105e+00
7.840000e-06	1.556821e-03	-6.727369e+00
7.850000e-06	1.257714e-03	-6.642581e+00
7.860000e-06	1.073973e-03	-6.505247e+00
7.870000e-06	-4.537964e-04	-6.422530e+00
7.880000e-06	7.155051e-04	-6.325916e+00
7.890000e-06	2.668534e-04	-6.189476e+00
7.900000e-06	-6.933340e-04	-6.011154e+00
7.910000e-06	-2.004482e-03	-5.926869e+00
7.920000e-06	-4.423884e-04	-5.840130e+00
7.930000e-06	-4.075357e-04	-5.683662e+00
7.940000e-06	-2.200747e-03	-5.589897e+00
7.950000e-06	-2.926488e-03	-5.442603e+00
7.960000e-06	-1.443297e-03	-5.253631e+00
7.970000e-06	-1.893408e-03	-5.113739e+00
7.980000e-06	-3.846403e-03	-4.949947e+00
7.990000e-06	-2.790011e-03	-4.789394e+00
8.000000e-06	-2.698897e-03	-4.591600e+00
8.010000e-06	-2.216232e-03	-4.536788e+00
8.020000e-06	-2.848878e-03	-4.409499e+00
8.030000e-06	-2.025633e-03	-4.282732e+00
8.040000e-06	-2.830563e-03	-4.115795e+00
8.050000e-06	-3.685161e-03	-4.009549e+00
8.060000e-06	-2.973005e-03	-3.874682e+00
8.070000e-06	-2.668961e-03	-3.622659e+00
8.080000e-06	-9.809568e-04	-3.500372e+00
8.090000e-06	-3.318308e-03	-3.350624e+00
8.100000e-06	-3.330919e-03	-3.252128e+00
8.110000e-06	-2.571421e-03	-3.106743e+00
8.120000e-06	-2.311346e-03	-2.875391e+00
8.130000e-06	-2.362187e-03	-2.747472e+00
8.140000e-06	-4.931500e-03	-2.600577e+00
8.150000e-06	-4.301439e-03	-2.461710e+00
8.160000e-06	-5.245810e-03	-2.305365e+00
8.170000e-06	-3.164024e-03	-2.125359e+00
8.180000e-06	-3.615316e-03	-1.978445e+00
8.190000e-06	-3.229472e-03	-1.810151e+00
8.200000e-06	-4.210051e-03	-1.672687e+00
8.210000e-06	-2.759784e-03	-1.504866e+00
8.220000e-06	-3.815865e-03	-1.253259e+00
8.230000e-06	-4.593233e-03	-1.095739e+00
8.240000e-06	-4.926700e-03	-8.969397e-01
8.250000e-06	-4.591157e-03	-7.980262e-01
8.260000e-06	-5.162159e-03	-6.111053e-01
8.270000e-06	-3.707676e-03	-4.316751e-01
8.280000e-06	-3.514943e-03	-2.642909e-01
8.290000e-06	-3.785327e-03	-9.769342e-02
8.300000e-06	-1.244225e-03	1.042632e-02
8.310000e-06	1.875266e-03	1.894161e-01
8.320000e-06	-2.334156e-03	3.588960e-01
8.330000e-06	-2.958866e-05	5.051894e-01
8.340000e-06	-2.811331e-03	6.621301e-01
8.350000e-06	-3.023013e-03	7.688949e-01
8.360000e-06	-3.903779e-03	9.757631e-01
8.370000e-06	1.338237e-03	1.135221e+00
8.380000e-06	1.456014e-02	1.293641e+00
8.390000e-06	5.857447e-02	1.463656e+00
8.400000e-06	4.310449e-03	1.727167e+00
8.410000e-06	-4.691981e-02	1.894211e+00
8.420000e-06	-4.611858e-02	2.021556e+00
8.430000e-06	-7.972375e-02	2.179400e+00
8.440000e-06	7.427724e-02	2.254579e+00
8.450000e-06	7.846367e-02	2.410976e+00
8.460000e-06	-1.446030e-01	2.536196e+00
8.470000e-06	8.838548e-02	2.683688e+00
8.480000e-06	2.546977e-02	2.904159e+00
8.490000e-06	-1.214900e-01	3.031957e+00
8.500000e-06	8.137959e-02	3.137842e+00
8.510000e-06	3.110476e-02	3.295116e+00
8.520000e-06	-1.057993e-01	3.485638e+00
8.530000e-06	8.562143e-02	3.632552e+00
8.540000e-06	-1.428353e-02	3.779399e+00
8.550000e-06	-4.257090e-02	3.927269e+00
8.560000e-06	3.404307e-02	4.092580e+00
8.570000e-06	-3.897641e-02	4.244139e+00
8.580000e-06	7.555620e-03	4.390425e+00
8.590000e-06	8.506268e-03	4.538342e+00
8.600000e-06	-1.530208e-02	4.735690e+00
8.610000e-06	1.611427e-02	4.842504e+00
8.620000e-06	1.793988e-03	5.002933e+00
8.630000e-06	-2.588148e-02	5.219459e+00
8.640000e-06	-1.609953e-02	5.357841e+00
8.650000e-06	1.724090e-02	5.493663e+00
8.660000e-06	1.118158e-02	5.599451e+00
8.670000e-06	-2.848467e-02	5.684661e+00
8.680000e-06	4.369566e-03	5.865587e+00
8.690000e-06	-1.894425e-03	6.011050e+00
8.700000e-06	-9.671478e-03	6.076242e+00
8.710000e-06	-2.537636e-03	6.181558e+00
8.720000e-06	-1.060264e-02	6.318317e+00
8.730000e-06	1.880326e-02	6.410503e+00
8.740000e-06	-9.205394e-03	6.486321e+00
8.750000e-06	-2.117140e-02	6.715692e+00
8.760000e-06	-9.653073e-05	6.800028e+00
8.770000e-06	5.450581e-03	6.895213e+00
8.780000e-06	-7.323664e-03	6.941825e+00
8.790000e-06	-1.541839e-02	7.055139e+00
8.800000e-06	8.611541e-03	7.159947e+00
8.810000e-06	2.073968e-04	7.252609e+00
8.820000e-06	-1.792003e-02	7.339355e+00
8.830000e-06	-9.653816e-03	7.507214e+00
8.840000e-06	2.785411e-03	7.611078e+00
8.850000e-06	-1.837962e-03	7.704739e+00
8.860000e-06	-1.242473e-02	7.767920e+00
8.870000e-06	-5.771769e-03	7.864592e+00
8.880000e-06	-2.130119e-04	8.039507e+00
8.890000e-06	-9.383754e-03	8.085682e+00
8.900000e-06	-8.252964e-03	8.176374e+00
8.910000e-06	-4.432645e-03	8.252034e+00
8.920000e-06	-5.781350e-03	8.264763e+00
8.930000e-06	-9.613294e-03	8.347372e+00
8.940000e-06	-6.762556e-03	8.389498e+00
8.950000e-06	-4.053889e-03	8.412103e+00
8.960000e-06	-1.030746e-02	8.454136e+00
8.970000e-06	-9.766475e-03	8.486714e+00
8.980000e-06	-6.857182e-03	8.577896e+00
8.990000e-06	-6.402367e-03	8.640004e+00
9.000000e-06	-7.262999e-03	8.633530e+00
9.010000e-06	-9.287184e-03	8.662729e+00
9.020000e-06	-9.923701e-03	8.665717e+00
9.030000e-06	-1.159396e-02	8.756268e+00
9.040000e-06	-9.029841e-03	8.756849e+00
9.050000e-06	-7.816493e-03	8.789375e+00
9.060000e-06	-1.158243e-02	8.808501e+00
9.070000e-06	-1.352020e-02	8.799973e+00
9.080000e-06	-1.250192e-02	8.800551e+00
9.090000e-06	-1.129382e-02	8.800025e+00
9.100000e-06	-1.400949e-02	8.820108e+00
9.110000e-06	-1.356104e-02	8.821553e+00
9.120000e-06	-1.414186e-02	8.851059e+00
9.130000e-06	-1.452776e-02	8.863085e+00
9.140000e-06	-1.733795e-02	8.862582e+00
9.150000e-06	-1.733781e-02	8.832137e+00
9.160000e-06	-1.873377e-02	8.851104e+00
9.170000e-06	-1.977498e-02	8.851607e+00
9.180000e-06	-2.005611e-02	8.801030e+00
9.190000e-06	-2.054989e-02	8.800003e+00
9.200000e-06	-2.167377e-02	8.799475e+00
9.210000e-06	-2.417575e-02	8.757400e+00
9.220000e-06	-2.409272e-02	8.756321e+00
9.230000e-06	-2.464730e-02	8.745269e+00
9.240000e-06	-2.492521e-02	8.665717e+00
9.250000e-06	-2.518688e-02	8.643161e+00
9.260000e-06	-2.450182e-02	8.650504e+00
9.270000e-06	-2.512038e-02	8.576902e+00
9.280000e-06	-2.310815e-02	8.515846e+00
9.290000e-06	-2.254627e-02	8.444258e+00
9.300000e-06	-2.184163e-02	8.402057e+00
9.310000e-06	-2.043209e-02	8.389528e+00
9.320000e-06	-1.917903e-02	8.345868e+00
9.330000e-06	-1.824723e-02	8.291187e+00
9.340000e-06	-1.767957e-02	8.192503e+00
9.350000e-06	-1.707979e-02	8.087948e+00
9.360000e-06	-1.471816e-02	8.090185e+00
9.370000e-06	-1.547878e-02	8.009946e+00
9.380000e-06	-1.310482e-02	7.926398e+00
9.390000e-06	-1.339222e-02	7.841134e+00
9.400000e-06	-1.236979e-02	7.748372e+00
9.410000e-06	-1.175373e-02	7.662614e+00
9.420000e-06	-1.049382e-02	7.589451e+00
9.430000e-06	-1.052833e-02	7.432770e+00
9.440000e-06	-9.786986e-03	7.306399e+00
9.450000e-06	-9.032412e-03	7.251160e+00
9.460000e-06	-9.147991e-03	7.157372e+00
9.470000e-06	-8.883660e-03	7.073638e+00
9.480000e-06	-8.115815e-03	6.977451e+00
9.490000e-06	-7.541049e-03	6.853184e+00
9.500000e-06	-7.744501e-03	6.779500e+00
9.510000e-06	-7.266923e-03	6.643243e+00
9.520000e-06	-6.612707e-03	6.516345e+00
9.530000e-06	-6.629829e-03	6.401476e+00
9.540000e-06	-6.755566e-03	6.295820e+00
9.550000e-06	-6.222776e-03	6.200128e+00
9.560000e-06	-5.782264e-03	6.073263e+00
9.570000e-06	-6.134813e-03	6.000546e+00
9.580000e-06	-5.843590e-03	5.852135e+00
9.590000e-06	-6.006848e-03	5.653762e+00
9.600000e-06	-5.053849e-03	5.578447e+00
9.610000e-06	-5.879649e-03	5.453631e+00
9.620000e-06	-5.262509e-03	5.305716e+00
9.630000e-06	-5.665620e-03	5.116449e+00
9.640000e-06	-5.138448e-03	4.927999e+00
9.650000e-06	-5.067755e-03	4.799055e+00
9.660000e-06	-5.481583e-03	4.663208e+00
9.670000e-06	-4.663582e-03	4.516797e+00
9.680000e-06	-4.564487e-03	4.410000e+00
9.690000e-06	-4.827869e-03	4.324741e+00
9.700000e-06	-4.748881e-03	4.084736e+00
9.710000e-06	-4.878791e-03	3.957323e+00
9.720000e-06	-4.458793e-03	3.831603e+00
9.730000e-06	-4.106818e-03	3.672687e+00
9.740000e-06	-4.035817e-03	3.537872e+00
9.750000e-06	-5.257695e-03	3.357374e+00
9.760000e-06	-4.928103e-03	3.179527e+00
9.770000e-06	-4.020903e-03	3.084761e+00
9.780000e-06	-3.891061e-03	2.884767e+00
9.790000e-06	-4.632802e-03	2.761075e+00
9.800000e-06	-4.623378e-03	2.609633e+00
9.810000e-06	-3.805764e-03	2.411554e+00
9.820000e-06	-4.795418e-03	2.254688e+00
9.830000e-06	-4.705464e-03	2.105840e+00
9.840000e-06	-4.303261e-03	2.010000e+00
9.850000e-06	-3.526374e-03	1.843658e+00
9.860000e-06	-3.593400e-03	1.651058e+00
9.870000e-06	-4.598452e-03	1.464713e+00
9.880000e-06	-4.206851e-03	1.314813e+00
9.890000e-06	-3.895650e-03	1.108894e+00
9.900000e-06	-3.908139e-03	9.043622e-01
9.910000e-06	-4.602497e-03	7.363700e-01
9.920000e-06	-4.395662e-03	5.884512e-01
9.930000e-06	-3.259744e-03	4.221776e-01
9.940000e-06	-3.393948e-03	2.866707e-01
9.950000e-06	-3.888434e-03	6.285789e-02
9.960000e-06	9.188750e-05	-7.362909e-02
9.970000e-06	3.041595e-03	-2.204263e-01
9.980000e-06	-1.669673e-03	-3.682935e-01
9.990000e-06	-9.024375e-05	-4.562318e-01
1.000000e-05	-2.007679e-03	-6.842304e-01
1.001000e-05	-6.326609e-04	-8.116002e-01
1.002000e-05	-1.486929e-03	-9.488720e-01
1.003000e-05	5.380887e-03	-1.105235e+00
1.004000e-05	5.155935e-02	-1.231049e+00
1.005000e-05	3.956076e-02	-1.453603e+00
1.006000e-05	-5.602255e-02	-1.738736e+00
1.007000e-05	-3.490917e-02	-1.948293e+00
1.008000e-05	-1.036463e-01	-2.063083e+00
1.009000e-05	9.920051e-02	-2.063238e+00
1.010000e-05	6.993870e-02	-2.207941e+00
1.011000e-05	-1.625789e-01	-2.494086e+00
1.012000e-05	9.683460e-02	-2.609995e+00
1.013000e-05	3.053898e-02	-2.693179e+00
1.014000e-05	-1.802907e-01	-2.915306e+00
1.015000e-05	1.094910e-01	-3.153183e+00
1.016000e-05	4.156836e-02	-3.211549e+00
1.017000e-05	-1.267560e-01	-3.368374e+00
1.018000e-05	1.334746e-01	-3.505708e+00
1.019000e-05	-5.426642e-02	-3.672104e+00
1.020000e-05	-4.798506e-02	-3.844132e+00
1.021000e-05	8.383240e-02	-3.989946e+00
1.022000e-05	-1.029482e-01	-4.147895e+00
1.023000e-05	6.092863e-02	-4.313712e+00
1.024000e-05	2.879803e-02	-4.357447e+00
1.025000e-05	-8.736521e-02	-4.568295e+00
1.026000e-05	9.663821e-02	-4.676286e+00
1.027000e-05	-3.131510e-02	-4.864002e+00
1.028000e-05	-1.875957e-02	-5.019525e+00
1.029000e-05	9.990675e-03	-5.135838e+00
1.030000e-05	-2.422621e-02	-5.295162e+00
1.031000e-05	6.675038e-02	-5.453605e+00
1.032000e-05	-6.133373e-02	-5.611074e+00
1.033000e-05	2.109982e-02	-5.726817e+00
1.034000e-05	3.080383e-02	-5.822603e+00
1.035000e-05	-5.358235e-02	-5.938946e+00
1.036000e-05	2.676170e-02	-6.042109e+00
1.037000e-05	-2.173842e-02	-6.178095e+00
1.038000e-05	5.370196e-02	-6.316394e+00
1.039000e-05	-1.136759e-02	-6.433554e+00
1.040000e-05	-5.508036e-02	-6.567917e+00
1.041000e-05	4.672871e-02	-6.674631e+00
1.042000e-05	-7.840864e-03	-6.758370e+00
1.043000e-05	4.798446e-03	-6.802130e+00
1.044000e-05	-1.840040e-02	-6.949342e+00
1.045000e-05	1.950001e-02	-7.118317e+00
1.046000e-05	2.263808e-02	-7.201527e+00
1.047000e-05	-4.036898e-02	-7.305241e+00
1.048000e-05	1.373335e-02	-7.360443e+00
1.049000e-05	7.673285e-03	-7.474215e+00
1.050000e-05	5.652326e-03	-7.558347e+00
1.051000e-05	-1.443600e-02	-7.642110e+00
1.052000e-05	2.863201e-03	-7.768926e+00
1.053000e-05	2.424721e-02	-7.904668e+00
1.054000e-05	-1.480929e-02	-7.969050e+00
1.055000e-05	-2.001229e-03	-8.062129e+00
1.056000e-05	3.920562e-03	-8.135264e+00
1.057000e-05	9.653121e-03	-8.139973e+00
1.058000e-05	-2.327978e-03	-8.261632e+00
1.059000e-05	-1.100697e-03	-8.305718e+00
1.060000e-05	1.081360e-02	-8.337317e+00
1.061000e-05	-3.518323e-03	-8.390550e+00
1.062000e-05	1.110952e-03	-8.451605e+00
1.063000e-05	4.666162e-03	-8.493107e+00
1.064000e-05	7.577772e-03	-8.576839e+00
1.065000e-05	3.043346e-03	-8.581419e+00
1.066000e-05	1.785641e-03	-8.656086e+00
1.067000e-05	4.326746e-03	-8.653707e+00
1.068000e-05	1.699459e-03	-8.707318e+00
1.069000e-05	5.136792e-03	-8.759370e+00
1.070000e-05	5.708116e-03	-8.789478e+00
1.071000e-05	4.259928e-03	-8.811503e+00
1.072000e-05	3.551244e-03	-8.841079e+00
1.073000e-05	7.520184e-03	-8.811624e+00
1.074000e-05	6.786102e-03	-8.842183e+00
1.075000e-05	4.129806e-03	-8.864583e+00
1.076000e-05	6.243304e-03	-8.843234e+00
1.077000e-05	1.090176e-02	-8.875683e+00
1.078000e-05	9.925280e-03	-8.895137e+00
1.079000e-05	9.009813e-03	-8.844812e+00
1.080000e-05	1.039633e-02	-8.883112e+00
1.081000e-05	1.164909e-02	-8.862107e+00
1.082000e-05	1.201170e-02	-8.834187e+00
1.083000e-05	1.324953e-02	-8.854156e+00
1.084000e-05	1.527969e-02	-8.841179e+00
1.085000e-05	1.599209e-02	-8.822582e+00
1.086000e-05	1.613408e-02	-8.801554e+00
1.087000e-05	1.722473e-02	-8.800501e+00
1.088000e-05	1.783537e-02	-8.790498e+00
1.089000e-05	1.998236e-02	-8.735918e+00
1.090000e-05	2.006994e-02	-8.715264e+00
1.091000e-05	1.933191e-02	-8.664658e+00
1.092000e-05	1.862073e-02	-8.560028e+00
1.093000e-05	1.867214e-02	-8.498371e+00
1.094000e-05	1.678519e-02	-8.445260e+00
1.095000e-05	1.485312e-02	-8.429078e+00
1.096000e-05	1.517863e-02	-8.387949e+00
1.097000e-05	1.565235e-02	-8.336794e+00
1.098000e-05	1.368222e-02	-8.255691e+00
1.099000e-05	1.153589e-02	-8.199078e+00
1.100000e-05	1.033877e-02	-8.117900e+00
1.101000e-05	9.771926e-03	-8.075238e+00
1.102000e-05	9.004226e-03	-8.020579e+00
1.103000e-05	8.508184e-03	-7.990500e+00
1.104000e-05	7.124514e-03	-7.854841e+00
1.105000e-05	4.525264e-03	-7.779429e+00
1.106000e-05	5.482138e-03	-7.656132e+00
1.107000e-05	4.235097e-03	-7.579000e+00
1.108000e-05	4.258011e-03	-7.464761e+00
1.109000e-05	3.552234e-03	-7.381029e+00
1.110000e-05	3.882264e-03	-7.296811e+00
1.111000e-05	3.651926e-03	-7.210582e+00
1.112000e-05	2.276179e-03	-7.139422e+00
1.113000e-05	2.592004e-03	-7.043656e+00
1.114000e-05	2.556869e-03	-6.866363e+00
1.115000e-05	1.474987e-03	-6.791598e+00
1.116000e-05	8.366749e-04	-6.724787e+00
1.117000e-05	5.087500e-04	-6.600579e+00
1.118000e-05	1.383424e-03	-6.515287e+00
1.119000e-05	5.647998e-05	-6.368998e+00
1.120000e-05	3.458557e-04	-6.305213e+00
1.121000e-05	6.928797e-04	-6.135391e+00
1.122000e-05	-6.600857e-04	-6.010076e+00
1.123000e-05	-1.641545e-03	-5.915316e+00
1.124000e-05	-1.739561e-03	-5.777479e+00
1.125000e-05	-1.478971e-03	-5.641704e+00
1.126000e-05	-1.392987e-03	-5.525370e+00
1.127000e-05	-2.400218e-03	-5.358919e+00
1.128000e-05	-2.470116e-03	-5.181004e+00
1.129000e-05	-2.539029e-03	-5.042678e+00
1.130000e-05	-2.367518e-03	-4.894267e+00
1.131000e-05	-1.800752e-03	-4.686787e+00
1.132000e-05	-2.912829e-03	-4.609001e+00
1.133000e-05	-3.623053e-03	-4.453207e+00
1.134000e-05	-2.647493e-03	-4.317949e+00
1.135000e-05	-2.699299e-03	-4.210606e+00
1.136000e-05	-4.656493e-03	-4.032306e+00
1.137000e-05	-1.754230e-03	-3.947949e+00
1.138000e-05	-5.033547e-03	-3.739550e+00
1.139000e-05	-1.252465e-03	-3.601153e+00
1.140000e-05	-3.983678e-03	-3.494312e+00
1.141000e-05	-3.364800e-03	-3.308367e+00
1.142000e-05	-3.452563e-03	-3.179148e+00
1.143000e-05	-3.704380e-03	-3.021059e+00
1.144000e-05	-2.646895e-03	-2.823629e+00
1.145000e-05	-3.801107e-03	-2.714812e+00
1.146000e-05	-3.667632e-03	-2.547423e+00
1.147000e-05	-4.104347e-03	-2.411079e+00
1.148000e-05	-4.844165e-03	-2.251186e+00
1.149000e-05	-2.058478e-03	-2.012153e+00
1.150000e-05	-3.123555e-03	-1.905290e+00
1.151000e-05	-3.271642e-03	-1.787971e+00
1.152000e-05	-4.611715e-03	-1.611051e+00
1.153000e-05	-3.557880e-03	-1.453127e+00
1.154000e-05	-3.310079e-03	-1.208949e+00
1.155000e-05	-4.222934e-03	-1.041127e+00
1.156000e-05	-4.421357e-03	-8.747606e-01
1.157000e-05	-5.632280e-03	-7.449446e-01
1.158000e-05	-4.727460e-03	-4.964409e-01
1.159000e-05	-3.971465e-03	-3.690001e-01
1.160000e-05	-3.842289e-03	-2.416791e-01
1.161000e-05	-2.696893e-03	-9.478422e-02
1.162000e-05	-8.763900e-05	8.308271e-02
1.163000e-05	6.818531e-04	2.825854e-01
1.164000e-05	-2.591581e-03	4.214763e-01
1.165000e-05	-4.177425e-04	5.368173e-01
1.166000e-05	-3.652582e-03	7.137105e-01
1.167000e-05	-2.549449e-03	8.119989e-01
1.168000e-05	-3.104181e-03	9.714209e-01
1.169000e-05	3.976209e-03	1.179878e+00
1.170000e-05	2.838270e-02	1.347313e+00
1.171000e-05	5.690287e-02	1.578371e+00
1.172000e-05	-2.838194e-02	1.769975e+00
1.173000e-05	-4.422905e-02	1.958867e+00
1.174000e-05	-6.291286e-02	2.083684e+00
1.175000e-05	-5.223877e-02	2.169924e+00
1.176000e-05	1.280803e-01	2.306193e+00
1.177000e-05	-1.678309e-02	2.462608e+00
1.178000e-05	-1.041727e-01	2.601494e+00
1.179000e-05	1.353732e-01	2.768896e+00
1.180000e-05	-6.429560e-02	2.927271e+00
1.181000e-05	-6.705725e-02	3.083613e+00
1.182000e-05	1.192696e-01	3.179450e+00
1.183000e-05	-5.454188e-02	3.378849e+00
1.184000e-05	-4.587183e-02	3.558796e+00
1.185000e-05	8.734901e-02	3.663636e+00
1.186000e-05	-5.857559e-02	3.842558e+00
1.187000e-05	1.829022e-05	3.971523e+00
1.188000e-05	1.250853e-02	4.128238e+00
1.189000e-05	-3.760042e-02	4.297342e+00
1.190000e-05	2.636134e-02	4.492655e+00
1.191000e-05	-9.790481e-03	4.641949e+00
1.192000e-05	-1.182601e-03	4.716270e+00
1.193000e-05	1.836168e-02	4.933235e+00
1.194000e-05	-1.248126e-02	5.096270e+00
1.195000e-05	-2.456649e-02	5.284560e+00
1.196000e-05	-9.346040e-03	5.378446e+00
1.197000e-05	2.666035e-02	5.537716e+00
1.198000e-05	-8.452138e-03	5.631028e+00
1.199000e-05	-1.813173e-02	5.757867e+00
1.200000e-05	6.678958e-03	5.917745e+00
1.201000e-05	-1.020419e-02	6.052083e+00
1.202000e-05	-2.970204e-03	6.138843e+00
1.203000e-05	-8.628444e-03	6.274162e+00
1.204000e-05	6.145915e-04	6.367872e+00
1.205000e-05	1.446275e-02	6.452054e+00
1.206000e-05	-1.896475e-02	6.581523e+00
1.207000e-05	-1.451218e-02	6.756349e+00
1.208000e-05	4.398985e-03	6.821529e+00
1.209000e-05	2.666332e-03	6.887791e+00
1.210000e-05	-1.180673e-02	6.980426e+00
1.211000e-05	-9.208429e-03	7.166771e+00
1.212000e-05	1.273834e-02	7.199928e+00
1.213000e-05	-8.524357e-03	7.314593e+00
1.214000e-05	-1.677505e-02	7.432027e+00
1.215000e-05	-3.745606e-03	7.577895e+00
1.216000e-05	2.348808e-03	7.644109e+00
1.217000e-05	-6.043391e-03	7.707317e+00
1.218000e-05	-1.285769e-02	7.841550e+00
1.219000e-05	-6.337846e-04	7.957846e+00
1.220000e-05	-3.992763e-03	8.082086e+00
1.221000e-05	-9.456168e-03	8.086309e+00
1.222000e-05	-6.963653e-03	8.188850e+00
1.223000e-05	-3.575634e-03	8.233005e+00
1.224000e-05	-7.356182e-03	8.346762e+00
1.225000e-05	-9.127235e-03	8.377922e+00
1.226000e-05	-3.471000e-03	8.401528e+00
1.227000e-05	-6.077701e-03	8.432106e+00
1.228000e-05	-1.099972e-02	8.445140e+00
1.229000e-05	-9.202828e-03	8.546715e+00
1.230000e-05	-5.298317e-03	8.579950e+00
1.231000e-05	-6.680398e-03	8.630581e+00
1.232000e-05	-8.041466e-03	8.663059e+00
1.233000e-05	-9.942179e-03	8.674134e+00
1.234000e-05	-1.111122e-02	8.695692e+00
1.235000e-05	-1.065692e-02	8.728320e+00
1.236000e-05	-8.292174e-03	8.728896e+00
1.237000e-05	-8.952319e-03	8.789451e+00
1.238000e-05	-1.255189e-02	8.789525e+00
1.239000e-05	-1.327561e-02	8.820528e+00
1.240000e-05	-1.139370e-02	8.820029e+00
1.241000e-05	-1.116111e-02	8.813654e+00
1.242000e-05	-1.516232e-02	8.840083e+00
1.243000e-05	-1.338600e-02	8.842107e+00
1.244000e-05	-1.443524e-02	8.833159e+00
1.245000e-05	-1.537192e-02	8.823134e+00
1.246000e-05	-1.692664e-02	8.862133e+00
1.247000e-05	-1.732420e-02	8.832607e+00
1.248000e-05	-1.862609e-02	8.823109e+00
1.249000e-05	-2.062684e-02	8.841609e+00
1.250000e-05	-2.073727e-02	8.831028e+00
1.251000e-05	-2.176690e-02	8.801030e+00
1.252000e-05	-2.184474e-02	8.769424e+00
1.253000e-05	-2.410484e-02	8.778923e+00
1.254000e-05	-2.489049e-02	8.686942e+00
1.255000e-05	-2.387318e-02	8.686294e+00
1.256000e-05	-2.379073e-02	8.663712e+00
1.257000e-05	-2.474079e-02	8.624583e+00
1.258000e-05	-2.576849e-02	8.592128e+00
1.259000e-05	-2.359872e-02	8.568898e+00
1.260000e-05	-2.226263e-02	8.474819e+00
1.261000e-05	-2.270701e-02	8.453140e+00
1.262000e-05	-2.228535e-02	8.432626e+00
1.263000e-05	-1.979483e-02	8.380977e+00
1.264000e-05	-1.866347e-02	8.336867e+00
1.265000e-05	-1.853150e-02	8.282138e+00
1.266000e-05	-1.709406e-02	8.159475e+00
1.267000e-05	-1.506823e-02	8.092343e+00
1.268000e-05	-1.400745e-02	8.034049e+00
1.269000e-05	-1.424222e-02	7.928301e+00
1.270000e-05	-1.364462e-02	7.882715e+00
1.271000e-05	-1.296280e-02	7.770528e+00
1.272000e-05	-1.190810e-02	7.726268e+00
1.273000e-05	-1.044152e-02	7.643634e+00
1.274000e-05	-1.091634e-02	7.557374e+00
1.275000e-05	-9.912779e-03	7.431183e+00
1.276000e-05	-1.049086e-02	7.285243e+00
1.277000e-05	-8.836729e-03	7.200054e+00
1.278000e-05	-9.870145e-03	7.126292e+00
1.279000e-05	-8.659926e-03	7.032109e+00
1.280000e-05	-8.381980e-03	6.946919e+00
1.281000e-05	-6.569343e-03	6.822033e+00
1.282000e-05	-8.102456e-03	6.769372e+00
1.283000e-05	-7.114736e-03	6.603135e+00
1.284000e-05	-7.231810e-03	6.455139e+00
1.285000e-05	-6.327374e-03	6.379522e+00
1.286000e-05	-6.801227e-03	6.254688e+00
1.287000e-05	-5.910887e-03	6.127399e+00
1.288000e-05	-5.685476e-03	6.042085e+00
1.289000e-05	-5.737843e-03	5.959425e+00
1.290000e-05	-6.217482e-03	5.780509e+00
1.291000e-05	-5.899367e-03	5.633610e+00
1.292000e-05	-4.999029e-03	5.494767e+00
1.293000e-05	-5.504164e-03	5.379080e+00
1.294000e-05	-5.790087e-03	5.252657e+00
1.295000e-05	-5.053808e-03	5.103242e+00
1.296000e-05	-4.608581e-03	4.894289e+00
1.297000e-05	-5.249562e-03	4.759397e+00
1.298000e-05	-5.964244e-03	4.631624e+00
1.299000e-05	-4.923679e-03	4.505217e+00
1.300000e-05	-4.573266e-03	4.388451e+00
1.301000e-05	-4.938439e-03	4.199550e+00
1.302000e-05	-5.252145e-03	4.019583e+00
1.303000e-05	-5.278016e-03	3.954813e+00
1.304000e-05	-4.362306e-03	3.768021e+00
1.305000e-05	-4.561738e-03	3.661581e+00
1.306000e-05	-4.612250e-03	3.494232e+00
1.307000e-05	-4.941817e-03	3.305314e+00
1.308000e-05	-4.155859e-03	3.157420e+00
1.309000e-05	-4.411330e-03	2.990104e+00
1.310000e-05	-4.912091e-03	2.875185e+00
1.311000e-05	-4.926877e-03	2.716369e+00
1.312000e-05	-3.830738e-03	2.507442e+00
1.313000e-05	-4.116463e-03	2.370550e+00
1.314000e-05	-4.381986e-03	2.210080e+00
1.315000e-05	-5.094512e-03	2.074133e+00
1.316000e-05	-4.109988e-03	1.948872e+00
1.317000e-05	-4.521565e-03	1.757404e+00
1.318000e-05	-4.895270e-03	1.558329e+00
1.319000e-05	-3.808236e-03	1.440104e+00
1.320000e-05	-3.608514e-03	1.253185e+00
1.321000e-05	-3.846825e-03	1.063185e+00
1.322000e-05	-3.905546e-03	8.331602e-01
1.323000e-05	-3.683548e-03	6.947647e-01
1.324000e-05	-4.708935e-03	5.259172e-01
1.325000e-05	-3.160125e-03	3.900513e-01
1.326000e-05	-3.263594e-03	2.295791e-01
1.327000e-05	-2.628705e-03	2.157645e-02
1.328000e-05	8.470947e-04	-1.047920e-01
1.329000e-05	1.669930e-03	-3.031568e-01
1.330000e-05	-1.019054e-03	-4.089974e-01
1.331000e-05	2.152966e-04	-5.278122e-01
1.332000e-05	-1.758936e-03	-7.783446e-01
1.333000e-05	-7.881372e-04	-8.741315e-01
1.334000e-05	-7.582374e-04	-9.999763e-01
1.335000e-05	1.257139e-02	-1.137912e+00
1.336000e-05	7.407990e-02	-1.284254e+00
1.337000e-05	-5.545044e-03	-1.548866e+00
1.338000e-05	-4.574106e-02	-1.822524e+00
1.339000e-05	-5.995892e-02	-1.970449e+00
1.340000e-05	-6.766499e-02	-2.102653e+00
1.341000e-05	1.464398e-01	-2.065705e+00
1.342000e-05	-3.789544e-02	-2.293577e+00
1.343000e-05	-1.061783e-01	-2.527767e+00
1.344000e-05	1.642963e-01	-2.599026e+00
1.345000e-05	-8.006433e-02	-2.755816e+00
1.346000e-05	-9.928541e-02	-2.958394e+00
1.347000e-05	1.573770e-01	-3.138291e+00
1.348000e-05	-6.671240e-02	-3.283582e+00
1.349000e-05	-4.225536e-02	-3.443053e+00
1.350000e-05	1.301525e-01	-3.526791e+00
1.351000e-05	-1.156821e-01	-3.694733e+00
1.352000e-05	4.444429e-02	-3.902764e+00
1.353000e-05	1.830818e-02	-4.041576e+00
1.354000e-05	-8.374123e-02	-4.200955e+00
1.355000e-05	1.109058e-01	-4.296837e+00
1.356000e-05	-5.652041e-02	-4.422080e+00
1.357000e-05	-1.914874e-02	-4.602574e+00
1.358000e-05	8.339613e-02	-4.766345e+00
1.359000e-05	-6.416340e-02	-4.906664e+00
1.360000e-05	1.820641e-02	-5.022580e+00
1.361000e-05	-2.224323e-02	-5.188443e+00
1.362000e-05	1.530225e-02	-5.397817e+00
1.363000e-05	3.530288e-02	-5.537182e+00
1.364000e-05	-6.645129e-02	-5.662553e+00
1.365000e-05	6.272214e-02	-5.729446e+00
1.366000e-05	-1.921449e-02	-5.904661e+00
1.367000e-05	-2.576551e-02	-5.969450e+00
1.368000e-05	1.661408e-02	-6.064259e+00
1.369000e-05	-1.274107e-02	-6.223627e+00
1.370000e-05	6.406734e-02	-6.378978e+00
1.371000e-05	-5.643203e-02	-6.474658e+00
1.372000e-05	-1.010845e-02	-6.590955e+00
1.373000e-05	3.596802e-02	-6.705759e+00
1.374000e-05	-1.421556e-02	-6.778951e+00
1.375000e-05	6.465123e-03	-6.884208e+00
1.376000e-05	-2.170469e-02	-7.012525e+00
1.377000e-05	4.088481e-02	-7.157896e+00
1.378000e-05	-1.070916e-02	-7.233627e+00
1.379000e-05	-2.583758e-02	-7.345791e+00
1.380000e-05	1.943253e-02	-7.419578e+00
1.381000e-05	3.237271e-03	-7.545817e+00
1.382000e-05	2.984987e-03	-7.600024e+00
1.383000e-05	-1.865114e-02	-7.687738e+00
1.384000e-05	1.931032e-02	-7.864025e+00
1.385000e-05	9.320577e-03	-7.917391e+00
1.386000e-05	-1.376548e-02	-8.001002e+00
1.387000e-05	1.898121e-03	-8.045309e+00
1.388000e-05	5.405840e-03	-8.157892e+00
1.389000e-05	8.850033e-03	-8.199575e+00
1.390000e-05	-6.490140e-03	-8.264636e+00
1.391000e-05	5.230393e-03	-8.305845e+00
1.392000e-05	6.044269e-03	-8.358472e+00
1.393000e-05	-2.898040e-03	-8.410528e+00
1.394000e-05	3.747394e-03	-8.452086e+00
1.395000e-05	5.480889e-03	-8.485865e+00
1.396000e-05	6.856226e-03	-8.569395e+00
1.397000e-05	1.893365e-03	-8.623074e+00
1.398000e-05	2.964698e-03	-8.655236e+00
1.399000e-05	3.176545e-03	-8.733741e+00
1.400000e-05	2.865880e-03	-8.706869e+00
1.401000e-05	6.254844e-03	-8.768500e+00
1.402000e-05	5.343768e-03	-8.811995e+00
1.403000e-05	3.432147e-03	-8.810553e+00
1.404000e-05	5.740357e-03	-8.831980e+00
1.405000e-05	8.243390e-03	-8.852630e+00
1.406000e-05	6.122637e-03	-8.814182e+00
1.407000e-05	4.389925e-03	-8.854711e+00
1.408000e-05	8.443086e-03	-8.894689e+00
1.409000e-05	1.062231e-02	-8.904758e+00
1.410000e-05	8.146959e-03	-8.852814e+00
1.411000e-05	9.352127e-03	-8.884687e+00
1.412000e-05	1.057124e-02	-8.824157e+00
1.413000e-05	1.228906e-02	-8.882663e+00
1.414000e-05	1.218891e-02	-8.861682e+00
1.415000e-05	1.460717e-02	-8.861683e+00
1.416000e-05	1.513529e-02	-8.833158e+00
1.417000e-05	1.560806e-02	-8.841080e+00
1.418000e-05	1.609274e-02	-8.770049e+00
1.419000e-05	1.748952e-02	-8.800503e+00
1.420000e-05	1.928976e-02	-8.718448e+00
1.421000e-05	1.990422e-02	-8.716792e+00
1.422000e-05	1.923036e-02	-8.675737e+00
1.423000e-05	1.883317e-02	-8.562128e+00
1.424000e-05	1.917401e-02	-8.557429e+00
1.425000e-05	1.893166e-02	-8.503866e+00
1.426000e-05	1.700531e-02	-8.442660e+00
1.427000e-05	1.603485e-02	-8.381052e+00
1.428000e-05	1.602058e-02	-8.398896e+00
1.429000e-05	1.462640e-02	-8.256342e+00
1.430000e-05	1.199511e-02	-8.263708e+00
1.431000e-05	1.036843e-02	-8.200550e+00
1.432000e-05	1.064648e-02	-8.146818e+00
1.433000e-05	8.858208e-03	-8.074137e+00
1.434000e-05	8.274179e-03	-8.001029e+00
1.435000e-05	8.141304e-03	-7.948474e+00
1.436000e-05	6.037032e-03	-7.862712e+00
1.437000e-05	5.688999e-03	-7.708400e+00
1.438000e-05	4.455871e-03	-7.621556e+00
1.439000e-05	4.815954e-03	-7.527875e+00
1.440000e-05	3.590237e-03	-7.442684e+00
1.441000e-05	3.802450e-03	-7.347973e+00
1.442000e-05	3.690800e-03	-7.274263e+00
1.443000e-05	2.436471e-03	-7.201527e+00
1.444000e-05	1.813913e-03	-7.135792e+00
1.445000e-05	2.440066e-03	-7.021999e+00
1.446000e-05	1.820229e-03	-6.833261e+00
1.447000e-05	1.471361e-04	-6.737448e+00
1.448000e-05	1.080389e-03	-6.654211e+00
1.449000e-05	2.007521e-03	-6.588024e+00
1.450000e-05	1.038169e-03	-6.483711e+00
1.451000e-05	-1.360024e-03	-6.358499e+00
1.452000e-05	-8.049648e-04	-6.232060e+00
1.453000e-05	5.508229e-04	-6.063259e+00
1.454000e-05	-1.283620e-03	-5.948949e+00
1.455000e-05	-7.645863e-04	-5.831686e+00
1.456000e-05	-9.462106e-04	-5.746264e+00
1.457000e-05	-1.787073e-03	-5.601053e+00
1.458000e-05	-3.033541e-03	-5.462237e+00
1.459000e-05	-1.989433e-03	-5.294737e+00
1.460000e-05	-1.753216e-03	-5.146397e+00
1.461000e-05	-2.639075e-03	-5.012025e+00
1.462000e-05	-2.550305e-03	-4.769185e+00
1.463000e-05	-1.297454e-03	-4.643060e+00
1.464000e-05	-3.338855e-03	-4.537845e+00
1.465000e-05	-3.733115e-03	-4.419578e+00
1.466000e-05	-3.647457e-03	-4.326261e+00
1.467000e-05	-2.524364e-03	-4.167521e+00
1.468000e-05	-4.422534e-03	-4.011128e+00
1.469000e-05	-2.701824e-03	-3.894293e+00
1.470000e-05	-3.593769e-03	-3.706817e+00
1.471000e-05	-2.222999e-03	-3.559948e+00
1.472000e-05	-4.510587e-03	-3.442084e+00
1.473000e-05	-2.804371e-03	-3.255210e+00
1.474000e-05	-2.787245e-03	-3.187943e+00
1.475000e-05	-2.236516e-03	-2.938519e+00
1.476000e-05	-3.203172e-03	-2.810029e+00
1.477000e-05	-4.300850e-03	-2.654707e+00
1.478000e-05	-4.502068e-03	-2.495813e+00
1.479000e-05	-4.896282e-03	-2.378948e+00
1.480000e-05	-3.096230e-03	-2.127991e+00
1.481000e-05	-3.470119e-03	-2.010500e+00
1.482000e-05	-3.258284e-03	-1.853710e+00
1.483000e-05	-4.303997e-03	-1.715757e+00
1.484000e-05	-4.227004e-03	-1.557466e+00
1.485000e-05	-4.302513e-03	-1.295966e+00
1.486000e-05	-3.646816e-03	-1.138392e+00
1.487000e-05	-4.040791e-03	-9.810499e-01
1.488000e-05	-3.612274e-03	-8.231316e-01
1.489000e-05	-5.982617e-03	-6.637383e-01
1.490000e-05	-4.606867e-03	-4.737119e-01
1.491000e-05	-4.120253e-03	-3.378458e-01
1.492000e-05	-3.641852e-03	-1.884988e-01
1.493000e-05	-2.737779e-03	-3.154764e-02
1.494000e-05	1.674550e-03	1.262670e-01
1.495000e-05	-7.134505e-04	3.328159e-01
1.496000e-05	-1.302830e-03	4.320789e-01
1.497000e-05	-2.126694e-03	5.994500e-01
1.498000e-05	-3.259552e-03	7.562896e-01
1.499000e-05	-3.708395e-03	8.631565e-01
1.500000e-05	-1.615684e-03	1.082032e+00
1.501000e-05	8.522447e-03	1.271499e+00
1.502000e-05	4.730224e-02	1.409500e+00
1.503000e-05	3.519245e-02	1.642606e+00
1.504000e-05	-4.486651e-02	1.852626e+00
1.505000e-05	-4.112961e-02	2.020498e+00
1.506000e-05	-8.056749e-02	2.115667e+00
1.507000e-05	5.982324e-03	2.202001e+00
1.508000e-05	1.293088e-01	2.367243e+00
1.509000e-05	-1.068312e-01	2.514312e+00
1.510000e-05	-2.500726e-03	2.611098e+00
1.511000e-05	1.070727e-01	2.800453e+00
1.512000e-05	-1.220310e-01	2.989921e+00
1.513000e-05	1.287306e-02	3.115709e+00
1.514000e-05	9.522263e-02	3.242031e+00
1.515000e-05	-1.095341e-01	3.454010e+00
1.516000e-05	3.527159e-02	3.577899e+00
1.517000e-05	4.171446e-02	3.737242e+00
1.518000e-05	-6.776003e-02	3.923186e+00
1.519000e-05	3.136112e-02	3.990476e+00
1.520000e-05	-2.031711e-02	4.189453e+00
1.521000e-05	-1.624431e-02	4.339874e+00
1.522000e-05	2.159180e-02	4.515164e+00
1.523000e-05	-1.663578e-02	4.650731e+00
1.524000e-05	1.000688e-02	4.770422e+00
1.525000e-05	1.413436e-02	4.958819e+00
1.526000e-05	-2.186278e-02	5.188429e+00
1.527000e-05	-2.029146e-02	5.315693e+00
1.528000e-05	4.437692e-03	5.421512e+00
1.529000e-05	2.485286e-02	5.548296e+00
1.530000e-05	-2.474918e-02	5.643653e+00
1.531000e-05	-5.128686e-03	5.791556e+00
1.532000e-05	3.258134e-03	5.948323e+00
1.533000e-05	-1.163447e-02	6.084659e+00
1.534000e-05	4.653980e-04	6.199501e+00
1.535000e-05	-1.254506e-02	6.314736e+00
1.536000e-05	1.285149e-02	6.371075e+00
1.537000e-05	1.564538e-03	6.494184e+00
1.538000e-05	-2.317307e-02	6.673062e+00
1.539000e-05	-6.337746e-03	6.780028e+00
1.540000e-05	7.030492e-03	6.871535e+00
1.541000e-05	-2.708240e-03	6.947295e+00
1.542000e-05	-1.642455e-02	7.042632e+00
1.543000e-05	9.859474e-04	7.159342e+00
1.544000e-05	8.207143e-03	7.252007e+00
1.545000e-05	-1.507381e-02	7.285689e+00
1.546000e-05	-1.366498e-02	7.464613e+00
1.547000e-05	5.605834e-04	7.580527e+00
1.548000e-05	9.196210e-04	7.712687e+00
1.549000e-05	-1.000831e-02	7.788248e+00
1.550000e-05	-9.864538e-03	7.841556e+00
1.551000e-05	1.061963e-03	7.977907e+00
1.552000e-05	-7.651171e-03	8.043157e+00
1.553000e-05	-8.765532e-03	8.137789e+00
1.554000e-05	-4.367250e-03	8.220904e+00
1.555000e-05	-3.908719e-03	8.292162e+00
1.556000e-05	-9.161288e-03	8.325342e+00
1.557000e-05	-8.426735e-03	8.387923e+00
1.558000e-05	-3.581138e-03	8.382106e+00
1.559000e-05	-8.470522e-03	8.461613e+00
1.560000e-05	-1.086394e-02	8.473696e+00
1.561000e-05	-7.858794e-03	8.548968e+00
1.562000e-05	-4.937341e-03	8.591050e+00
1.563000e-05	-7.366755e-03	8.604033e+00
1.564000e-05	-8.497249e-03	8.632134e+00
1.565000e-05	-9.415075e-03	8.664161e+00
1.566000e-05	-1.080871e-02	8.687238e+00
1.567000e-05	-9.394049e-03	8.716344e+00
1.568000e-05	-8.584027e-03	8.748400e+00
1.569000e-05	-1.021827e-02	8.788950e+00
1.570000e-05	-1.374197e-02	8.809999e+00
1.571000e-05	-1.248800e-02	8.799976e+00
1.572000e-05	-1.040970e-02	8.793030e+00
1.573000e-05	-1.302665e-02	8.820529e+00
1.574000e-05	-1.391906e-02	8.820602e+00
1.575000e-05	-1.440277e-02	8.851109e+00
1.576000e-05	-1.428471e-02	8.843133e+00
1.577000e-05	-1.683814e-02	8.874082e+00
1.578000e-05	-1.763725e-02	8.860105e+00
1.579000e-05	-1.817604e-02	8.810608e+00
1.580000e-05	-1.882729e-02	8.800106e+00
1.581000e-05	-2.093598e-02	8.840532e+00
1.582000e-05	-2.063659e-02	8.810082e+00
1.583000e-05	-2.145902e-02	8.800003e+00
1.584000e-05	-2.341207e-02	8.786999e+00
1.585000e-05	-2.458977e-02	8.767350e+00
1.586000e-05	-2.453907e-02	8.696220e+00
1.587000e-05	-2.329076e-02	8.684190e+00
1.588000e-05	-2.464138e-02	8.663187e+00
1.589000e-05	-2.485256e-02	8.631606e+00
1.590000e-05	-2.493221e-02	8.578502e+00
1.591000e-05	-2.243460e-02	8.516774e+00
1.592000e-05	-2.250834e-02	8.485315e+00
1.593000e-05	-2.252219e-02	8.462083e+00
1.594000e-05	-2.087397e-02	8.390552e+00
1.595000e-05	-1.957798e-02	8.336999e+00
1.596000e-05	-1.894381e-02	8.276263e+00
1.597000e-05	-1.829409e-02	8.232003e+00
1.598000e-05	-1.644998e-02	8.088371e+00
1.599000e-05	-1.477861e-02	8.073263e+00
1.600000e-05	-1.460685e-02	8.040029e+00
1.601000e-05	-1.418728e-02	7.967396e+00
1.602000e-05	-1.355052e-02	7.813108e+00
1.603000e-05	-1.252627e-02	7.748921e+00
1.604000e-05	-1.230612e-02	7.684243e+00
1.605000e-05	-9.757256e-03	7.622104e+00
1.606000e-05	-1.117916e-02	7.487421e+00
1.607000e-05	-9.531395e-03	7.399583e+00
1.608000e-05	-1.007519e-02	7.244226e+00
1.609000e-05	-7.807275e-03	7.189001e+00
1.610000e-05	-9.260087e-03	7.095717e+00
1.611000e-05	-7.800931e-03	7.040554e+00
1.612000e-05	-8.391484e-03	6.894792e+00
1.613000e-05	-6.965837e-03	6.810453e+00
1.614000e-05	-7.936141e-03	6.737345e+00
1.615000e-05	-6.737544e-03	6.576928e+00
1.616000e-05	-6.946594e-03	6.431634e+00
1.617000e-05	-6.258004e-03	6.295874e+00
1.618000e-05	-6.337129e-03	6.231110e+00
1.619000e-05	-5.475251e-03	6.105295e+00
1.620000e-05	-5.859801e-03	6.020053e+00
1.621000e-05	-6.121306e-03	5.936317e+00
1.622000e-05	-5.731330e-03	5.705898e+00
1.623000e-05	-6.193688e-03	5.579001e+00
1.624000e-05	-5.895404e-03	5.453264e+00
1.625000e-05	-5.350226e-03	5.345420e+00
1.626000e-05	-5.269149e-03	5.239980e+00
1.627000e-05	-4.736059e-03	5.023054e+00
1.628000e-05	-5.161925e-03	4.821605e+00
1.629000e-05	-4.943967e-03	4.725293e+00
1.630000e-05	-5.554109e-03	4.557427e+00
1.631000e-05	-5.133183e-03	4.441080e+00
1.632000e-05	-4.942632e-03	4.366898e+00
1.633000e-05	-4.763356e-03	4.136800e+00
1.634000e-05	-4.567069e-03	3.990051e+00
1.635000e-05	-5.042859e-03	3.853162e+00
1.636000e-05	-4.692319e-03	3.714320e+00
1.637000e-05	-4.047290e-03	3.599551e+00
1.638000e-05	-5.246932e-03	3.410657e+00
1.639000e-05	-5.540801e-03	3.261134e+00
1.640000e-05	-4.921103e-03	3.116763e+00
1.641000e-05	-4.526930e-03	2.939449e+00
1.642000e-05	-4.314258e-03	2.830678e+00
1.643000e-05	-4.420375e-03	2.672817e+00
1.644000e-05	-4.391564e-03	2.474188e+00
1.645000e-05	-4.636016e-03	2.315363e+00
1.646000e-05	-4.215075e-03	2.138945e+00
1.647000e-05	-4.500030e-03	2.020029e+00
1.648000e-05	-4.475696e-03	1.831161e+00
1.649000e-05	-4.583019e-03	1.694687e+00
1.650000e-05	-4.224701e-03	1.506391e+00
1.651000e-05	-3.819997e-03	1.347348e+00
1.652000e-05	-3.410262e-03	1.159476e+00
1.653000e-05	-3.859500e-03	9.489250e-01
1.654000e-05	-4.314288e-03	8.000488e-01
1.655000e-05	-4.409487e-03	6.526839e-01
1.656000e-05	-4.386285e-03	5.032617e-01
1.657000e-05	-3.338125e-03	3.283962e-01
1.658000e-05	-4.229376e-03	1.468508e-01
1.659000e-05	-1.606106e-03	-2.055001e-02
1.660000e-05	1.685118e-03	-1.474175e-01
1.661000e-05	8.530812e-04	-3.162384e-01
1.662000e-05	-8.681872e-04	-4.410275e-01
1.663000e-05	-1.436111e-03	-6.334690e-01
1.664000e-05	-1.900286e-03	-8.009763e-01
1.665000e-05	-1.692690e-03	-9.257344e-01
1.666000e-05	1.852297e-03	-1.011629e+00
1.667000e-05	2.896985e-02	-1.210522e+00
1.668000e-05	6.981386e-02	-1.418392e+00
1.669000e-05	-4.522944e-02	-1.673597e+00
1.670000e-05	-3.085367e-02	-1.895214e+00
1.671000e-05	-9.390478e-02	-2.040600e+00
1.672000e-05	1.908674e-02	-2.052232e+00
1.673000e-05	1.339962e-01	-2.085332e+00
1.674000e-05	-1.327959e-01	-2.368894e+00
1.675000e-05	8.380260e-03	-2.589947e+00
1.676000e-05	1.407120e-01	-2.650503e+00
1.677000e-05	-1.575402e-01	-2.821450e+00
1.678000e-05	2.257464e-02	-3.013079e+00
1.679000e-05	1.311171e-01	-3.188445e+00
1.680000e-05	-1.356122e-01	-3.317337e+00
1.681000e-05	6.524710e-02	-3.483633e+00
1.682000e-05	4.393393e-02	-3.578396e+00
1.683000e-05	-1.106973e-01	-3.819472e+00
1.684000e-05	9.678520e-02	-3.927423e+00
1.685000e-05	-6.160374e-02	-4.134762e+00
1.686000e-05	-1.222344e-02	-4.233586e+00
1.687000e-05	9.542928e-02	-4.337841e+00
1.688000e-05	-1.043608e-01	-4.464187e+00
1.689000e-05	5.714618e-02	-4.675683e+00
1.690000e-05	2.567176e-02	-4.819403e+00
1.691000e-05	-5.255325e-02	-4.970425e+00
1.692000e-05	2.798197e-02	-5.104629e+00
1.693000e-05	-3.967186e-02	-5.202577e+00
1.694000e-05	5.604241e-02	-5.358523e+00
1.695000e-05	-1.966575e-02	-5.568392e+00
1.696000e-05	-2.967041e-02	-5.684714e+00
1.697000e-05	6.549581e-02	-5.830524e+00
1.698000e-05	-5.192126e-02	-5.947346e+00
1.699000e-05	1.126239e-02	-6.020527e+00
1.700000e-05	-7.182975e-03	-6.126837e+00
1.701000e-05	2.129106e-02	-6.336717e+00
1.702000e-05	3.361327e-02	-6.410550e+00
1.703000e-05	-7.310997e-02	-6.556238e+00
1.704000e-05	3.090371e-02	-6.653508e+00
1.705000e-05	1.081608e-02	-6.757815e+00
1.706000e-05	-6.551617e-03	-6.801054e+00
1.707000e-05	-4.462611e-03	-6.916285e+00
1.708000e-05	-4.647278e-03	-7.045557e+00
1.709000e-05	4.170428e-02	-7.201470e+00
1.710000e-05	-3.610182e-02	-7.262233e+00
1.711000e-05	-2.675388e-03	-7.346373e+00
1.712000e-05	1.474301e-02	-7.451604e+00
1.713000e-05	2.487622e-03	-7.546921e+00
1.714000e-05	-5.201899e-03	-7.611049e+00
1.715000e-05	-1.182052e-02	-7.698816e+00
1.716000e-05	2.808400e-02	-7.833761e+00
1.717000e-05	-6.656256e-03	-7.958421e+00
1.718000e-05	-6.963307e-03	-8.022605e+00
1.719000e-05	3.970433e-03	-8.114214e+00
1.720000e-05	8.056922e-03	-8.158973e+00
1.721000e-05	3.580368e-03	-8.210101e+00
1.722000e-05	-7.493615e-03	-8.283689e+00
1.723000e-05	9.218748e-03	-8.337917e+00
1.724000e-05	2.343450e-04	-8.389974e+00
1.725000e-05	-6.078384e-04	-8.401554e+00
1.726000e-05	4.277461e-03	-8.432708e+00
1.727000e-05	6.830850e-03	-8.497294e+00
1.728000e-05	6.119091e-03	-8.566393e+00
1.729000e-05	2.957910e-03	-8.632001e+00
1.730000e-05	3.746120e-03	-8.654187e+00
1.731000e-05	1.894058e-03	-8.716816e+00
1.732000e-05	4.354674e-03	-8.726295e+00
1.733000e-05	5.743106e-03	-8.789925e+00
1.734000e-05	3.853021e-03	-8.810519e+00
1.735000e-05	2.946591e-03	-8.800555e+00
1.736000e-05	7.549091e-03	-8.821053e+00
1.737000e-05	8.726793e-03	-8.821632e+00
1.738000e-05	4.856172e-03	-8.822634e+00
1.739000e-05	5.736753e-03	-8.843709e+00
1.740000e-05	1.002890e-02	-8.854659e+00
1.741000e-05	9.727604e-03	-8.883304e+00
1.742000e-05	8.118578e-03	-8.874162e+00
1.743000e-05	9.302790e-03	-8.853257e+00
1.744000e-05	1.117660e-02	-8.915083e+00
1.745000e-05	1.240587e-02	-8.874683e+00
1.746000e-05	1.313422e-02	-8.853258e+00
1.747000e-05	1.495663e-02	-8.811558e+00
1.748000e-05	1.625842e-02	-8.851630e+00
1.749000e-05	1.601548e-02	-8.813578e+00
1.750000e-05	1.710500e-02	-8.798125e+00
1.751000e-05	1.824162e-02	-8.778054e+00
1.752000e-05	1.959288e-02	-8.766949e+00
1.753000e-05	1.926941e-02	-8.708321e+00
1.754000e-05	1.907266e-02	-8.645135e+00
1.755000e-05	1.835310e-02	-8.579583e+00
1.756000e-05	1.925814e-02	-8.507422e+00
1.757000e-05	1.849323e-02	-8.486317e+00
1.758000e-05	1.678979e-02	-8.441660e+00
1.759000e-05	1.518444e-02	-8.388977e+00
1.760000e-05	1.480680e-02	-8.357469e+00
1.761000e-05	1.358484e-02	-8.296341e+00
1.762000e-05	1.191100e-02	-8.243685e+00
1.763000e-05	1.058418e-02	-8.131521e+00
1.764000e-05	1.011630e-02	-8.082763e+00
1.765000e-05	9.524830e-03	-8.053159e+00
1.766000e-05	8.227266e-03	-8.010097e+00
1.767000e-05	7.579517e-03	-7.946846e+00
1.768000e-05	5.957003e-03	-7.781729e+00
1.769000e-05	4.849198e-03	-7.645845e+00
1.770000e-05	4.155429e-03	-7.590051e+00
1.771000e-05	4.087743e-03	-7.526816e+00
1.772000e-05	3.688231e-03	-7.402582e+00
1.773000e-05	3.714762e-03	-7.327390e+00
1.774000e-05	3.424774e-03	-7.233585e+00
1.775000e-05	2.707340e-03	-7.179473e+00
1.776000e-05	2.910032e-03	-7.085788e+00
1.777000e-05	2.925844e-03	-6.928899e+00
1.778000e-05	1.465985e-03	-6.832199e+00
1.779000e-05	2.376599e-04	-6.748470e+00
1.780000e-05	5.998251e-04	-6.613683e+00
1.781000e-05	1.155951e-03	-6.527443e+00
1.782000e-05	-6.240607e-04	-6.411130e+00
1.783000e-05	-4.002431e-04	-6.317414e+00
1.784000e-05	9.460724e-04	-6.137475e+00
1.785000e-05	-2.144887e-04	-6.012654e+00
1.786000e-05	-1.419297e-03	-5.916893e+00
1.787000e-05	-1.842653e-03	-5.780132e+00
1.788000e-05	-3.564400e-04	-5.675217e+00
1.789000e-05	-2.291923e-03	-5.548467e+00
1.790000e-05	-2.525311e-03	-5.410609e+00
1.791000e-05	-1.952332e-03	-5.241136e+00
1.792000e-05	-1.794135e-03	-5.124762e+00
1.793000e-05	-3.063104e-03	-4.958271e+00
1.794000e-05	-2.249092e-03	-4.758342e+00
1.795000e-05	-1.974737e-03	-4.621625e+00
1.796000e-05	-2.761635e-03	-4.473789e+00
1.797000e-05	-3.384379e-03	-4.388898e+00
1.798000e-05	-2.865551e-03	-4.262182e+00
1.799000e-05	-3.349878e-03	-4.105816e+00
1.800000e-05	-3.371039e-03	-4.009526e+00
1.801000e-05	-3.178128e-03	-3.882710e+00
1.802000e-05	-2.950368e-03	-3.642584e+00
1.803000e-05	-1.417859e-03	-3.526319e+00
1.804000e-05	-4.268782e-03	-3.389974e+00
1.805000e-05	-2.573206e-03	-3.212154e+00
1.806000e-05	-3.565777e-03	-3.074792e+00
1.807000e-05	-2.456542e-03	-2.864409e+00
1.808000e-05	-3.170162e-03	-2.757901e+00
1.809000e-05	-3.661230e-03	-2.610126e+00
1.810000e-05	-4.009706e-03	-2.439160e+00
1.811000e-05	-4.743404e-03	-2.325314e+00
1.812000e-05	-3.239519e-03	-2.075886e+00
1.813000e-05	-4.230711e-03	-1.958873e+00
1.814000e-05	-2.774691e-03	-1.739555e+00
1.815000e-05	-4.749382e-03	-1.633260e+00
1.816000e-05	-3.248629e-03	-1.454887e+00
1.817000e-05	-4.730809e-03	-1.261708e+00
1.818000e-05	-3.897693e-03	-1.115735e+00
1.819000e-05	-4.370879e-03	-9.173462e-01
1.820000e-05	-4.295925e-03	-7.790236e-01
1.821000e-05	-5.779413e-03	-5.620566e-01
1.822000e-05	-4.420813e-03	-4.005540e-01
1.823000e-05	-4.606678e-03	-2.727819e-01
1.824000e-05	-3.483252e-03	-1.058159e-01
1.825000e-05	-1.668197e-03	-7.951307e-03
1.826000e-05	2.021319e-03	2.305211e-01
1.827000e-05	-2.129869e-03	3.694498e-01
1.828000e-05	-1.107808e-04	5.062104e-01
1.829000e-05	-3.193959e-03	6.525075e-01
1.830000e-05	-2.343281e-03	7.794736e-01
1.831000e-05	-3.922674e-03	9.246644e-01
1.832000e-05	1.860438e-03	1.125742e+00
1.833000e-05	1.450061e-02	1.285736e+00
1.834000e-05	5.871360e-02	1.482131e+00
1.835000e-05	1.582923e-04	1.750796e+00
1.836000e-05	-4.745360e-02	1.905716e+00
1.837000e-05	-4.725955e-02	2.062554e+00
1.838000e-05	-7.787850e-02	2.158898e+00
1.839000e-05	8.068281e-02	2.273132e+00
1.840000e-05	6.894862e-02	2.411051e+00
1.841000e-05	-1.448864e-01	2.565696e+00
1.842000e-05	9.446517e-02	2.703707e+00
1.843000e-05	1.657023e-02	2.914113e+00
1.844000e-05	-1.182530e-01	3.011454e+00
1.845000e-05	8.774103e-02	3.208341e+00
1.846000e-05	2.341783e-02	3.274137e+00
1.847000e-05	-1.025438e-01	3.504617e+00
1.848000e-05	8.787274e-02	3.640026e+00
1.849000e-05	-1.980098e-02	3.799422e+00
1.850000e-05	-4.021593e-02	3.939245e+00
1.851000e-05	3.368250e-02	4.073607e+00
1.852000e-05	-3.931760e-02	4.265157e+00
1.853000e-05	9.657299e-03	4.409454e+00
1.854000e-05	5.922835e-03	4.568319e+00
1.855000e-05	-1.472776e-02	4.644688e+00
1.856000e-05	1.784070e-02	4.873028e+00
1.857000e-05	7.257595e-05	5.064559e+00
1.858000e-05	-2.509907e-02	5.191580e+00
1.859000e-05	-1.585355e-02	5.368796e+00
1.860000e-05	1.830145e-02	5.523690e+00
1.861000e-05	9.116718e-03	5.591425e+00
1.862000e-05	-2.676682e-02	5.673836e+00
1.863000e-05	5.299555e-03	5.886235e+00
1.864000e-05	-4.086145e-03	6.030029e+00
1.865000e-05	-9.789676e-03	6.124240e+00
1.866000e-05	-2.530558e-03	6.231078e+00
1.867000e-05	-9.098592e-03	6.426295e+00
1.868000e-05	1.950368e-02	6.421525e+00
1.869000e-05	-1.059812e-02	6.546720e+00
1.870000e-05	-2.060769e-02	6.707292e+00
1.871000e-05	-3.037251e-04	6.812026e+00
1.872000e-05	5.677683e-03	6.874287e+00
1.873000e-05	-7.323704e-03	6.948999e+00
1.874000e-05	-1.495093e-02	7.135715e+00
1.875000e-05	8.712114e-03	7.149400e+00
1.876000e-05	-3.195854e-05	7.273183e+00
1.877000e-05	-1.725213e-02	7.345926e+00
1.878000e-05	-9.008086e-03	7.516146e+00
1.879000e-05	3.412459e-03	7.631529e+00
1.880000e-05	-3.339873e-03	7.735691e+00
1.881000e-05	-1.258593e-02	7.809403e+00
1.882000e-05	-4.628292e-03	7.875717e+00
1.883000e-05	7.710849e-05	8.040935e+00
1.884000e-05	-8.317426e-03	8.064711e+00
1.885000e-05	-9.297062e-03	8.147847e+00
1.886000e-05	-4.633156e-03	8.262054e+00
1.887000e-05	-5.292979e-03	8.303765e+00
1.888000e-05	-9.227507e-03	8.357344e+00
1.889000e-05	-5.485640e-03	8.410001e+00
1.890000e-05	-3.974638e-03	8.402079e+00
1.891000e-05	-1.089683e-02	8.473586e+00
1.892000e-05	-1.039793e-02	8.485191e+00
1.893000e-05	-5.565929e-03	8.538375e+00
1.894000e-05	-5.619459e-03	8.619533e+00
1.895000e-05	-7.008780e-03	8.622633e+00
1.896000e-05	-1.008071e-02	8.683612e+00
1.897000e-05	-1.070219e-02	8.684741e+00
1.898000e-05	-1.082973e-02	8.756316e+00
1.899000e-05	-8.343041e-03	8.759796e+00
1.900000e-05	-7.779985e-03	8.767473e+00
1.901000e-05	-1.231813e-02	8.818978e+00
1.902000e-05	-1.320102e-02	8.791477e+00
1.903000e-05	-1.199701e-02	8.812503e+00
1.904000e-05	-1.130599e-02	8.811629e+00
1.905000e-05	-1.505828e-02	8.851104e+00
1.906000e-05	-1.381050e-02	8.851606e+00
1.907000e-05	-1.321157e-02	8.842081e+00
1.908000e-05	-1.387672e-02	8.831558e+00
1.909000e-05	-1.669290e-02	8.833082e+00
1.910000e-05	-1.754350e-02	8.850635e+00
1.911000e-05	-1.860355e-02	8.851583e+00
1.912000e-05	-2.037624e-02	8.842582e+00
1.913000e-05	-2.126791e-02	8.800958e+00
1.914000e-05	-2.073749e-02	8.781054e+00
1.915000e-05	-2.076978e-02	8.779922e+00
1.916000e-05	-2.356629e-02	8.778346e+00
1.917000e-05	-2.382122e-02	8.737871e+00
1.918000e-05	-2.456800e-02	8.716220e+00
1.919000e-05	-2.442106e-02	8.695191e+00
1.920000e-05	-2.472013e-02	8.641186e+00
1.921000e-05	-2.533182e-02	8.620979e+00
1.922000e-05	-2.460095e-02	8.589497e+00
1.923000e-05	-2.203217e-02	8.467769e+00
1.924000e-05	-2.221134e-02	8.483687e+00
1.925000e-05	-2.261627e-02	8.431603e+00
1.926000e-05	-2.083068e-02	8.419056e+00
1.927000e-05	-1.916425e-02	8.316770e+00
1.928000e-05	-1.814112e-02	8.243689e+00
1.929000e-05	-1.664385e-02	8.250529e+00
1.930000e-05	-1.638838e-02	8.116296e+00
1.931000e-05	-1.509497e-02	8.022630e+00
1.932000e-05	-1.567450e-02	7.948405e+00
1.933000e-05	-1.274701e-02	7.905315e+00
1.934000e-05	-1.247454e-02	7.821580e+00
1.935000e-05	-1.187501e-02	7.765821e+00
1.936000e-05	-1.156899e-02	7.662209e+00
1.937000e-05	-1.098914e-02	7.588904e+00
1.938000e-05	-1.053703e-02	7.483093e+00
1.939000e-05	-1.045766e-02	7.348444e+00
1.940000e-05	-9.086050e-03	7.242106e+00
1.941000e-05	-8.847041e-03	7.168472e+00
1.942000e-05	-8.594462e-03	7.093084e+00
1.943000e-05	-8.836395e-03	6.957972e+00
1.944000e-05	-7.490584e-03	6.883186e+00
1.945000e-05	-8.826006e-03	6.781475e+00
1.946000e-05	-7.550425e-03	6.674216e+00
1.947000e-05	-6.422908e-03	6.534718e+00
1.948000e-05	-6.232130e-03	6.420455e+00
1.949000e-05	-6.742340e-03	6.315767e+00
1.950000e-05	-5.591440e-03	6.209453e+00
1.951000e-05	-6.251252e-03	6.084212e+00
1.952000e-05	-5.919825e-03	5.978950e+00
1.953000e-05	-6.316614e-03	5.851763e+00
1.954000e-05	-5.371199e-03	5.673159e+00
1.955000e-05	-5.544861e-03	5.568398e+00
1.956000e-05	-5.885522e-03	5.411653e+00
1.957000e-05	-5.492761e-03	5.283263e+00
1.958000e-05	-4.673136e-03	5.157296e+00
1.959000e-05	-5.033113e-03	4.936420e+00
1.960000e-05	-6.053619e-03	4.757976e+00
1.961000e-05	-4.772192e-03	4.623734e+00
1.962000e-05	-5.233084e-03	4.495746e+00
1.963000e-05	-5.268635e-03	4.430528e+00
1.964000e-05	-5.346842e-03	4.274668e+00
1.965000e-05	-4.656892e-03	4.073262e+00
1.966000e-05	-4.732607e-03	3.956797e+00
1.967000e-05	-5.012397e-03	3.799981e+00
1.968000e-05	-4.921574e-03	3.642692e+00
1.969000e-05	-4.631585e-03	3.577948e+00
1.970000e-05	-4.772416e-03	3.338495e+00
1.971000e-05	-5.146282e-03	3.189529e+00
1.972000e-05	-5.171691e-03	3.080733e+00
1.973000e-05	-3.805738e-03	2.895820e+00
1.974000e-05	-4.084590e-03	2.788553e+00
1.975000e-05	-4.460763e-03	2.619604e+00
1.976000e-05	-4.901060e-03	2.400651e+00
1.977000e-05	-4.411116e-03	2.262233e+00
1.978000e-05	-3.936526e-03	2.094321e+00
1.979000e-05	-4.340402e-03	1.959499e+00
1.980000e-05	-4.791165e-03	1.820560e+00
1.981000e-05	-4.775021e-03	1.659604e+00
1.982000e-05	-4.114476e-03	1.463214e+00
1.983000e-05	-4.168914e-03	1.305237e+00
1.984000e-05	-4.836500e-03	1.076247e+00
1.985000e-05	-4.230101e-03	8.842117e-01
1.986000e-05	-3.980823e-03	7.259009e-01
1.987000e-05	-4.019016e-03	5.994763e-01
1.988000e-05	-3.329372e-03	4.411040e-01
1.989000e-05	-3.843645e-03	2.942670e-01
1.990000e-05	-4.458487e-03	7.475678e-02
1.991000e-05	1.527246e-04	-9.215546e-02
1.992000e-05	2.266118e-03	-2.310763e-01
1.993000e-05	-9.316576e-04	-3.583437e-01
1.994000e-05	-2.009163e-04	-4.736315e-01
1.995000e-05	-1.977778e-03	-7.070782e-01
1.996000e-05	-9.995115e-04	-8.306288e-01
1.997000e-05	-1.628445e-03	-9.488184e-01
1.998000e-05	6.361579e-03	-1.116237e+00
1.999000e-05	5.441462e-02	-1.222151e+00
2.000000e-05	3.623426e-02	-1.486162e+00
2.001000e-05	-5.719067e-02	-1.758321e+00
2.002000e-05	-3.406165e-02	-1.948370e+00
2.003000e-05	-1.049341e-01	-2.051581e+00
2.004000e-05	1.051841e-01	-2.043207e+00
2.005000e-05	5.978826e-02	-2.189943e+00
2.006000e-05	-1.614303e-01	-2.504133e+00
2.007000e-05	1.072705e-01	-2.581024e+00
2.008000e-05	1.540547e-02	-2.683735e+00
2.009000e-05	-1.784428e-01	-2.934732e+00
2.010000e-05	1.162445e-01	-3.088183e+00
2.011000e-05	2.940959e-02	-3.210972e+00
2.012000e-05	-1.214982e-01	-3.399421e+00
2.013000e-05	1.346771e-01	-3.485684e+00
2.014000e-05	-6.214630e-02	-3.672075e+00
2.015000e-05	-3.995891e-02	-3.861112e+00
2.016000e-05	7.975926e-02	-4.000524e+00
2.017000e-05	-1.021310e-01	-4.156894e+00
2.018000e-05	6.909202e-02	-4.305713e+00
2.019000e-05	2.216375e-02	-4.350444e+00
2.020000e-05	-8.384262e-02	-4.567391e+00
2.021000e-05	9.564211e-02	-4.698690e+00
2.022000e-05	-3.728405e-02	-4.882129e+00
2.023000e-05	-1.506775e-02	-4.980050e+00
2.024000e-05	6.956892e-03	-5.137241e+00
2.025000e-05	-2.240861e-02	-5.275712e+00
2.026000e-05	6.705063e-02	-5.505134e+00
2.027000e-05	-6.202415e-02	-5.581050e+00
2.028000e-05	2.543626e-02	-5.738319e+00
2.029000e-05	2.616167e-02	-5.852103e+00
2.030000e-05	-5.213381e-02	-5.958949e+00
2.031000e-05	2.566363e-02	-6.023078e+00
2.032000e-05	-2.223858e-02	-6.191406e+00
2.033000e-05	5.596883e-02	-6.368842e+00
2.034000e-05	-1.604135e-02	-6.422654e+00
2.035000e-05	-5.151276e-02	-6.548919e+00
2.036000e-05	4.613232e-02	-6.635155e+00
2.037000e-05	-8.529377e-03	-6.768970e+00
2.038000e-05	5.456263e-03	-6.862601e+00
2.039000e-05	-2.133043e-02	-6.940299e+00
2.040000e-05	2.153039e-02	-7.107268e+00
2.041000e-05	1.919543e-02	-7.191077e+00
2.042000e-05	-3.939996e-02	-7.317212e+00
2.043000e-05	1.515118e-02	-7.339474e+00
2.044000e-05	7.728917e-03	-7.464157e+00
2.045000e-05	5.755635e-03	-7.570470e+00
2.046000e-05	-1.591066e-02	-7.672683e+00
2.047000e-05	3.444916e-03	-7.838425e+00
2.048000e-05	2.185541e-02	-7.897287e+00
2.049000e-05	-1.490681e-02	-8.009476e+00
2.050000e-05	-4.216385e-04	-8.032155e+00
2.051000e-05	4.055621e-03	-8.104317e+00
2.052000e-05	1.010516e-02	-8.138498e+00
2.053000e-05	-2.155740e-03	-8.241583e+00
2.054000e-05	-8.784923e-04	-8.327291e+00
2.055000e-05	9.828302e-03	-8.347821e+00
2.056000e-05	-3.325694e-03	-8.409949e+00
2.057000e-05	2.371875e-03	-8.433104e+00
2.058000e-05	4.817276e-03	-8.474131e+00
2.059000e-05	6.891263e-03	-8.554845e+00
2.060000e-05	3.350124e-03	-8.581999e+00
2.061000e-05	1.920780e-03	-8.654181e+00
2.062000e-05	4.207704e-03	-8.634785e+00
2.063000e-05	2.494442e-03	-8.717269e+00
2.064000e-05	5.605178e-03	-8.778371e+00
2.065000e-05	6.024713e-03	-8.798500e+00
2.066000e-05	3.511628e-03	-8.781053e+00
2.067000e-05	4.158007e-03	-8.841030e+00
2.068000e-05	7.068345e-03	-8.841128e+00
2.069000e-05	7.302945e-03	-8.812604e+00
2.070000e-05	4.260154e-03	-8.842679e+00
2.071000e-05	8.312562e-03	-8.864082e+00
2.072000e-05	1.098042e-02	-8.865188e+00
2.073000e-05	9.673105e-03	-8.853659e+00
2.074000e-05	8.038802e-03	-8.854739e+00
2.075000e-05	1.033974e-02	-8.845204e+00
2.076000e-05	1.180143e-02	-8.853212e+00
2.077000e-05	1.236890e-02	-8.873159e+00
2.078000e-05	1.337222e-02	-8.861612e+00
2.079000e-05	1.579103e-02	-8.853107e+00
2.080000e-05	1.645131e-02	-8.841633e+00
2.081000e-05	1.644424e-02	-8.811602e+00
2.082000e-05	1.727561e-02	-8.760499e+00
2.083000e-05	1.821616e-02	-8.779399e+00
2.084000e-05	1.964421e-02	-8.718821e+00
2.085000e-05	1.949311e-02	-8.696917e+00
2.086000e-05	1.954219e-02	-8.632633e+00
2.087000e-05	1.902782e-02	-8.549077e+00
2.088000e-05	1.940860e-02	-8.457292e+00
2.089000e-05	1.707736e-02	-8.453686e+00
2.090000e-05	1.529951e-02	-8.401627e+00
2.091000e-05	1.503766e-02	-8.368550e+00
2.092000e-05	1.499766e-02	-8.355895e+00
2.093000e-05	1.338433e-02	-8.274191e+00
2.094000e-05	1.084965e-02	-8.200655e+00
2.095000e-05	1.025267e-02	-8.168450e+00
2.096000e-05	1.075345e-02	-8.064638e+00
2.097000e-05	8.802132e-03	-8.011600e+00
2.098000e-05	8.328319e-03	-7.947974e+00
2.099000e-05	5.984841e-03	-7.884716e+00
2.100000e-05	5.129301e-03	-7.760955e+00
2.101000e-05	4.578831e-03	-7.664233e+00
2.102000e-05	4.507924e-03	-7.548071e+00
2.103000e-05	3.554977e-03	-7.474687e+00
2.104000e-05	3.870551e-03	-7.371053e+00
2.105000e-05	3.786039e-03	-7.305840e+00
2.106000e-05	2.713961e-03	-7.210581e+00
2.107000e-05	1.470828e-03	-7.106423e+00
2.108000e-05	2.360279e-03	-7.001629e+00
2.109000e-05	3.191342e-03	-6.867791e+00
2.110000e-05	1.343197e-03	-6.790978e+00
2.111000e-05	1.347822e-03	-6.716366e+00
2.112000e-05	1.281500e-03	-6.590154e+00
2.113000e-05	8.568988e-04	-6.451213e+00
2.114000e-05	-8.551066e-04	-6.408550e+00
2.115000e-05	-2.939798e-04	-6.255791e+00
2.116000e-05	1.388207e-04	-6.106918e+00
2.117000e-05	-1.212797e-04	-5.990003e+00
2.118000e-05	-1.775004e-03	-5.895840e+00
2.119000e-05	-9.950989e-04	-5.788471e+00
2.120000e-05	-1.236908e-03	-5.622153e+00
2.121000e-05	-1.936336e-03	-5.528395e+00
2.122000e-05	-2.397513e-03	-5.367964e+00
2.123000e-05	-2.281420e-03	-5.189554e+00
2.124000e-05	-2.630538e-03	-5.052582e+00
2.125000e-05	-3.055715e-03	-4.834811e+00
2.126000e-05	-2.328488e-03	-4.696286e+00
2.127000e-05	-3.128626e-03	-4.578476e+00
2.128000e-05	-2.501092e-03	-4.451155e+00
2.129000e-05	-2.846934e-03	-4.326873e+00
2.130000e-05	-1.675571e-03	-4.210629e+00
2.131000e-05	-3.598960e-03	-4.043133e+00
2.132000e-05	-2.045902e-03	-3.968897e+00
2.133000e-05	-4.203978e-03	-3.789629e+00
2.134000e-05	-3.090958e-03	-3.611050e+00
2.135000e-05	-4.249681e-03	-3.453265e+00
2.136000e-05	-3.081036e-03	-3.306416e+00
2.137000e-05	-3.374405e-03	-3.180501e+00
2.138000e-05	-1.877608e-03	-3.069752e+00
2.139000e-05	-2.938222e-03	-2.841680e+00
2.140000e-05	-2.656125e-03	-2.685840e+00
2.141000e-05	-3.829058e-03	-2.557445e+00
2.142000e-05	-4.067291e-03	-2.410650e+00
2.143000e-05	-4.637684e-03	-2.211779e+00
2.144000e-05	-3.697109e-03	-2.051182e+00
2.145000e-05	-4.555939e-03	-1.894366e+00
2.146000e-05	-2.450632e-03	-1.778498e+00
2.147000e-05	-3.810585e-03	-1.599603e+00
2.148000e-05	-3.862175e-03	-1.411024e+00
2.149000e-05	-3.697703e-03	-1.191149e+00
2.150000e-05	-3.896938e-03	-1.002660e+00
2.151000e-05	-4.173620e-03	-8.947132e-01
2.152000e-05	-4.893565e-03	-7.064460e-01
2.153000e-05	-5.307730e-03	-5.273121e-01
2.154000e-05	-4.858024e-03	-3.699737e-01
2.155000e-05	-4.127556e-03	-2.396014e-01
2.156000e-05	-3.131396e-03	-6.418190e-02
2.157000e-05	5.238310e-05	9.360664e-02
2.158000e-05	1.498099e-04	2.545631e-01
2.159000e-05	-2.442554e-03	4.199513e-01
2.160000e-05	-1.056277e-03	5.878196e-01
2.161000e-05	-3.552834e-03	7.261356e-01
2.162000e-05	-2.846113e-03	8.525489e-01
2.163000e-05	-3.794129e-03	1.040897e+00
2.164000e-05	4.172523e-03	1.170424e+00
2.165000e-05	2.954565e-02	1.338321e+00
2.166000e-05	5.589138e-02	1.608392e+00
2.167000e-05	-3.138782e-02	1.819902e+00
2.168000e-05	-4.430947e-02	1.988920e+00
2.169000e-05	-6.644155e-02	2.104162e+00
2.170000e-05	-4.790872e-02	2.169398e+00
2.171000e-05	1.317429e-01	2.335137e+00
2.172000e-05	-2.461426e-02	2.412628e+00
2.173000e-05	-9.627629e-02	2.579393e+00
2.174000e-05	1.342334e-01	2.787893e+00
2.175000e-05	-7.196393e-02	2.897295e+00
2.176000e-05	-6.140815e-02	3.053660e+00
2.177000e-05	1.178019e-01	3.188924e+00
2.178000e-05	-5.897541e-02	3.380894e+00
2.179000e-05	-3.910865e-02	3.558398e+00
2.180000e-05	8.707666e-02	3.654560e+00
2.181000e-05	-6.174899e-02	3.832028e+00
2.182000e-05	4.020855e-03	4.010950e+00
2.183000e-05	9.038984e-03	4.183737e+00
2.184000e-05	-3.481060e-02	4.347793e+00
2.185000e-05	2.624436e-02	4.473128e+00
2.186000e-05	-9.948983e-03	4.600477e+00
2.187000e-05	-2.573451e-03	4.749321e+00
2.188000e-05	2.062833e-02	4.895659e+00
2.189000e-05	-1.424456e-02	5.127242e+00
2.190000e-05	-2.370770e-02	5.272560e+00
2.191000e-05	-8.725383e-03	5.378979e+00
2.192000e-05	2.757674e-02	5.587345e+00
2.193000e-05	-9.837190e-03	5.611603e+00
2.194000e-05	-1.739601e-02	5.757245e+00
2.195000e-05	6.963826e-03	5.937792e+00
2.196000e-05	-1.044461e-02	6.042082e+00
2.197000e-05	-2.859158e-03	6.168444e+00
2.198000e-05	-9.627898e-03	6.273105e+00
2.199000e-05	2.365475e-03	6.368877e+00
2.200000e-05	1.463592e-02	6.462109e+00
2.201000e-05	-1.881263e-02	6.640029e+00
2.202000e-05	-1.360167e-02	6.739401e+00
2.203000e-05	6.041359e-03	6.850585e+00
2.204000e-05	1.583413e-03	6.917266e+00
2.205000e-05	-1.258843e-02	7.009457e+00
2.206000e-05	-9.897252e-03	7.105842e+00
2.207000e-05	1.283309e-02	7.201005e+00
2.208000e-05	-8.288457e-03	7.305114e+00
2.209000e-05	-1.597350e-02	7.434055e+00
2.210000e-05	-3.220826e-03	7.589746e+00
2.211000e-05	2.653957e-03	7.681608e+00
2.212000e-05	-6.322264e-03	7.736767e+00
2.213000e-05	-1.316592e-02	7.790028e+00
2.214000e-05	-3.594184e-04	7.946252e+00
2.215000e-05	-3.957455e-03	8.074229e+00
2.216000e-05	-9.656441e-03	8.117313e+00
2.217000e-05	-6.792212e-03	8.179426e+00
2.218000e-05	-2.651061e-03	8.244605e+00
2.219000e-05	-7.939383e-03	8.325717e+00
2.220000e-05	-9.875821e-03	8.367870e+00
2.221000e-05	-4.143286e-03	8.410976e+00
2.222000e-05	-5.785339e-03	8.441636e+00
2.223000e-05	-1.028972e-02	8.465586e+00
2.224000e-05	-9.231820e-03	8.515293e+00
2.225000e-05	-5.823029e-03	8.568425e+00
2.226000e-05	-6.984866e-03	8.609556e+00
2.227000e-05	-8.215682e-03	8.652558e+00
2.228000e-05	-9.726705e-03	8.656687e+00
2.229000e-05	-1.083245e-02	8.705815e+00
2.230000e-05	-1.009506e-02	8.707292e+00
2.231000e-05	-8.758174e-03	8.757896e+00
2.232000e-05	-9.777030e-03	8.800371e+00
2.233000e-05	-1.278239e-02	8.789975e+00
2.234000e-05	-1.203859e-02	8.811029e+00
2.235000e-05	-1.108278e-02	8.839028e+00
2.236000e-05	-1.179537e-02	8.800530e+00
2.237000e-05	-1.436211e-02	8.832057e+00
2.238000e-05	-1.397164e-02	8.852605e+00
2.239000e-05	-1.498542e-02	8.821557e+00
2.240000e-05	-1.539700e-02	8.843132e+00
2.241000e-05	-1.635784e-02	8.843153e+00
2.242000e-05	-1.779144e-02	8.843082e+00
2.243000e-05	-1.892751e-02	8.831604e+00
2.244000e-05	-2.082618e-02	8.812104e+00
2.245000e-05	-2.064973e-02	8.809503e+00
2.246000e-05	-2.158291e-02	8.790478e+00
2.247000e-05	-2.282206e-02	8.799474e+00
2.248000e-05	-2.288659e-02	8.776999e+00
2.249000e-05	-2.361695e-02	8.716796e+00
2.250000e-05	-2.399066e-02	8.715843e+00
2.251000e-05	-2.533671e-02	8.713687e+00
2.252000e-05	-2.404790e-02	8.651708e+00
2.253000e-05	-2.458747e-02	8.640532e+00
2.254000e-05	-2.367146e-02	8.507924e+00
2.255000e-05	-2.325421e-02	8.506291e+00
2.256000e-05	-2.153681e-02	8.443686e+00
2.257000e-05	-2.300005e-02	8.421107e+00
2.258000e-05	-1.869452e-02	8.369974e+00
2.259000e-05	-1.965992e-02	8.276244e+00
2.260000e-05	-1.601178e-02	8.262159e+00
2.261000e-05	-1.676138e-02	8.129500e+00
2.262000e-05	-1.461921e-02	8.126687e+00
2.263000e-05	-1.513976e-02	8.030083e+00
2.264000e-05	-1.483703e-02	7.998995e+00
2.265000e-05	-1.279792e-02	7.884813e+00
2.266000e-05	-1.254316e-02	7.810480e+00
2.267000e-05	-1.259098e-02	7.706266e+00
2.268000e-05	-9.328372e-03	7.671115e+00
2.269000e-05	-1.063020e-02	7.556445e+00
2.270000e-05	-8.426345e-03	7.420686e+00
2.271000e-05	-1.127863e-02	7.256887e+00
2.272000e-05	-7.593820e-03	7.221505e+00
2.273000e-05	-9.764081e-03	7.126868e+00
2.274000e-05	-7.938015e-03	7.004133e+00
2.275000e-05	-8.120860e-03	6.916368e+00
2.276000e-05	-7.249686e-03	6.841604e+00
2.277000e-05	-8.496388e-03	6.746349e+00
2.278000e-05	-7.544168e-03	6.632607e+00
2.279000e-05	-7.317351e-03	6.453263e+00
2.280000e-05	-5.676922e-03	6.379924e+00
2.281000e-05	-6.826363e-03	6.281736e+00
2.282000e-05	-6.320510e-03	6.117845e+00
2.283000e-05	-5.835889e-03	6.043606e+00
2.284000e-05	-6.521790e-03	5.957420e+00
2.285000e-05	-6.680028e-03	5.808000e+00
2.286000e-05	-6.178929e-03	5.641626e+00
2.287000e-05	-5.249894e-03	5.517316e+00
2.288000e-05	-5.594459e-03	5.378474e+00
2.289000e-05	-5.900457e-03	5.263609e+00
2.290000e-05	-5.691067e-03	5.035715e+00
2.291000e-05	-5.168202e-03	4.884833e+00
2.292000e-05	-4.566899e-03	4.768345e+00
2.293000e-05	-4.633215e-03	4.621079e+00
2.294000e-05	-5.478343e-03	4.454209e+00
2.295000e-05	-5.874229e-03	4.379398e+00
2.296000e-05	-4.736580e-03	4.189581e+00
2.297000e-05	-4.641618e-03	4.041508e+00
2.298000e-05	-5.065824e-03	3.855188e+00
2.299000e-05	-5.762329e-03	3.757871e+00
2.300000e-05	-4.527531e-03	3.631555e+00
2.301000e-05	-3.709619e-03	3.474238e+00
2.302000e-05	-4.283640e-03	3.333765e+00
2.303000e-05	-5.198556e-03	3.167398e+00
2.304000e-05	-4.657296e-03	2.981023e+00
2.305000e-05	-4.549076e-03	2.863180e+00
2.306000e-05	-4.840780e-03	2.736294e+00
2.307000e-05	-5.176034e-03	2.516337e+00
2.308000e-05	-4.381803e-03	2.346402e+00
2.309000e-05	-4.171289e-03	2.232131e+00
2.310000e-05	-3.997690e-03	2.043180e+00
2.311000e-05	-4.285485e-03	1.925770e+00
2.312000e-05	-4.745555e-03	1.746373e+00
2.313000e-05	-4.563821e-03	1.588506e+00
2.314000e-05	-3.201548e-03	1.400500e+00
2.315000e-05	-4.445589e-03	1.211654e+00
2.316000e-05	-3.775103e-03	1.061582e+00
2.317000e-05	-4.070035e-03	8.621304e-01
2.318000e-05	-3.665448e-03	6.656855e-01
2.319000e-05	-4.098661e-03	5.368709e-01
2.320000e-05	-3.835209e-03	3.894751e-01
2.321000e-05	-3.105043e-03	2.225273e-01
2.322000e-05	-2.344893e-03	3.157639e-02
2.323000e-05	8.668364e-04	-1.377894e-01
2.324000e-05	1.975108e-03	-2.931328e-01
2.325000e-05	-9.178185e-04	-3.994487e-01
2.326000e-05	2.500509e-04	-5.263384e-01
2.327000e-05	-2.202260e-03	-7.683909e-01
2.328000e-05	-1.202019e-03	-8.741817e-01
2.329000e-05	-2.084800e-03	-1.041001e+00
2.330000e-05	1.512926e-02	-1.157419e+00
2.331000e-05	7.486189e-02	-1.315690e+00
2.332000e-05	-8.437794e-03	-1.547471e+00
2.333000e-05	-4.411113e-02	-1.831525e+00
2.334000e-05	-6.211252e-02	-2.009446e+00
2.335000e-05	-6.097175e-02	-2.044208e+00
2.336000e-05	1.472646e-01	-2.114283e+00
2.337000e-05	-4.869837e-02	-2.315155e+00
2.338000e-05	-9.743893e-02	-2.548770e+00
2.339000e-05	1.665685e-01	-2.580475e+00
2.340000e-05	-8.625606e-02	-2.738315e+00
2.341000e-05	-8.668870e-02	-2.970401e+00
2.342000e-05	1.585520e-01	-3.146870e+00
2.343000e-05	-7.479711e-02	-3.263154e+00
2.344000e-05	-3.089779e-02	-3.402555e+00
2.345000e-05	1.244789e-01	-3.524817e+00
2.346000e-05	-1.191080e-01	-3.664761e+00
2.347000e-05	5.014413e-02	-3.946791e+00
2.348000e-05	9.321831e-03	-4.012601e+00
2.349000e-05	-7.760490e-02	-4.219950e+00
2.350000e-05	1.130151e-01	-4.327840e+00
2.351000e-05	-6.136678e-02	-4.411576e+00
2.352000e-05	-1.298591e-02	-4.603974e+00
2.353000e-05	7.761190e-02	-4.766442e+00
2.354000e-05	-6.422676e-02	-4.926764e+00
2.355000e-05	1.901385e-02	-5.052629e+00
2.356000e-05	-2.564229e-02	-5.209394e+00
2.357000e-05	1.894019e-02	-5.365315e+00
2.358000e-05	3.215474e-02	-5.516293e+00
2.359000e-05	-6.474946e-02	-5.683583e+00
2.360000e-05	6.436545e-02	-5.768442e+00
2.361000e-05	-2.278478e-02	-5.906760e+00
2.362000e-05	-2.170142e-02	-5.978925e+00
2.363000e-05	1.323747e-02	-6.073663e+00
2.364000e-05	-1.126925e-02	-6.283682e+00
2.365000e-05	6.316949e-02	-6.369871e+00
2.366000e-05	-5.894399e-02	-6.503234e+00
2.367000e-05	-6.510841e-03	-6.600475e+00
2.368000e-05	3.315109e-02	-6.684813e+00
2.369000e-05	-1.271372e-02	-6.779003e+00
2.370000e-05	5.202334e-03	-6.892762e+00
2.371000e-05	-2.175251e-02	-7.021554e+00
2.372000e-05	4.149814e-02	-7.159424e+00
2.373000e-05	-1.320382e-02	-7.252079e+00
2.374000e-05	-2.372721e-02	-7.317294e+00
2.375000e-05	1.826130e-02	-7.382025e+00
2.376000e-05	2.674714e-03	-7.505263e+00
2.377000e-05	3.799451e-03	-7.589525e+00
2.378000e-05	-1.885596e-02	-7.704142e+00
2.379000e-05	2.024826e-02	-7.862635e+00
2.380000e-05	7.699128e-03	-7.927842e+00
2.381000e-05	-1.286308e-02	-7.991083e+00
2.382000e-05	3.906676e-03	-8.044658e+00
2.383000e-05	5.229238e-03	-8.157368e+00
2.384000e-05	8.004480e-03	-8.230503e+00
2.385000e-05	-5.826884e-03	-8.254235e+00
2.386000e-05	6.359994e-03	-8.296870e+00
2.387000e-05	5.240019e-03	-8.359397e+00
2.388000e-05	-3.062104e-03	-8.399553e+00
2.389000e-05	4.081480e-03	-8.451559e+00
2.390000e-05	5.021650e-03	-8.504213e+00
2.391000e-05	6.914332e-03	-8.547366e+00
2.392000e-05	2.560647e-03	-8.612538e+00
2.393000e-05	3.876659e-03	-8.645263e+00
2.394000e-05	4.080845e-03	-8.685717e+00
2.395000e-05	2.822472e-03	-8.737844e+00
2.396000e-05	6.049117e-03	-8.766946e+00
2.397000e-05	5.772667e-03	-8.809974e+00
2.398000e-05	4.949372e-03	-8.771006e+00
2.399000e-05	5.966570e-03	-8.822579e+00
2.400000e-05	7.258480e-03	-8.861033e+00
2.401000e-05	4.960763e-03	-8.824082e+00
2.402000e-05	4.787910e-03	-8.852633e+00
2.403000e-05	1.016885e-02	-8.884137e+00
2.404000e-05	1.123589e-02	-8.874708e+00
2.405000e-05	9.419886e-03	-8.904687e+00
2.406000e-05	8.561824e-03	-8.884685e+00
2.407000e-05	1.087592e-02	-8.853661e+00
2.408000e-05	1.261525e-02	-8.854137e+00
2.409000e-05	1.207816e-02	-8.835212e+00
2.410000e-05	1.395486e-02	-8.822186e+00
2.411000e-05	1.655004e-02	-8.841132e+00
2.412000e-05	1.618749e-02	-8.821105e+00
2.413000e-05	1.717397e-02	-8.821527e+00
2.414000e-05	1.768198e-02	-8.790028e+00
2.415000e-05	2.019868e-02	-8.768850e+00
2.416000e-05	1.915993e-02	-8.737845e+00
2.417000e-05	1.867420e-02	-8.703168e+00
2.418000e-05	1.825296e-02	-8.611084e+00
2.419000e-05	1.987319e-02	-8.526495e+00
2.420000e-05	1.875336e-02	-8.494289e+00
2.421000e-05	1.571586e-02	-8.463183e+00
2.422000e-05	1.566375e-02	-8.408976e+00
2.423000e-05	1.686548e-02	-8.337969e+00
2.424000e-05	1.343613e-02	-8.306214e+00
2.425000e-05	1.164736e-02	-8.243155e+00
2.426000e-05	1.113264e-02	-8.210001e+00
2.427000e-05	1.195369e-02	-8.167342e+00
2.428000e-05	8.713432e-03	-8.033612e+00
2.429000e-05	7.080032e-03	-8.010529e+00
2.430000e-05	7.846859e-03	-7.988442e+00
2.431000e-05	6.927791e-03	-7.853679e+00
2.432000e-05	5.195236e-03	-7.709393e+00
2.433000e-05	4.067906e-03	-7.601184e+00
2.434000e-05	4.646896e-03	-7.537770e+00
2.435000e-05	4.190676e-03	-7.453661e+00
2.436000e-05	3.469992e-03	-7.329471e+00
2.437000e-05	3.224277e-03	-7.253213e+00
2.438000e-05	2.942643e-03	-7.180026e+00
2.439000e-05	2.530677e-03	-7.116740e+00
2.440000e-05	2.306344e-03	-6.989526e+00
2.441000e-05	1.402331e-03	-6.833213e+00
2.442000e-05	1.544613e-03	-6.778973e+00
2.443000e-05	7.489835e-04	-6.673683e+00
2.444000e-05	1.964193e-03	-6.569396e+00
2.445000e-05	-2.853793e-04	-6.443212e+00
2.446000e-05	5.992385e-04	-6.337946e+00
2.447000e-05	1.167054e-03	-6.251027e+00
2.448000e-05	5.035937e-04	-6.073638e+00
2.449000e-05	-1.778016e-03	-5.968449e+00
2.450000e-05	-1.484927e-03	-5.845234e+00
2.451000e-05	-1.107503e-04	-5.706343e+00
2.452000e-05	-1.376161e-03	-5.610050e+00
2.453000e-05	-2.066317e-03	-5.464233e+00
2.454000e-05	-1.869167e-03	-5.264111e+00
2.455000e-05	-9.706421e-04	-5.136395e+00
2.456000e-05	-2.786827e-03	-5.021553e+00
2.457000e-05	-2.542363e-03	-4.790056e+00
2.458000e-05	-2.190275e-03	-4.643136e+00
2.459000e-05	-3.161868e-03	-4.556869e+00
2.460000e-05	-3.154683e-03	-4.411579e+00
2.461000e-05	-3.078860e-03	-4.315742e+00
2.462000e-05	-2.085555e-03	-4.147928e+00
2.463000e-05	-3.287286e-03	-4.021678e+00
2.464000e-05	-2.322782e-03	-3.902893e+00
2.465000e-05	-2.930327e-03	-3.693217e+00
2.466000e-05	-1.402071e-03	-3.559948e+00
2.467000e-05	-3.897069e-03	-3.410679e+00
2.468000e-05	-3.617074e-03	-3.293711e+00
2.469000e-05	-3.270923e-03	-3.137920e+00
2.470000e-05	-2.832282e-03	-2.978920e+00
2.471000e-05	-3.243162e-03	-2.779525e+00
2.472000e-05	-4.092933e-03	-2.652185e+00
2.473000e-05	-3.642865e-03	-2.474288e+00
2.474000e-05	-3.725280e-03	-2.369499e+00
2.475000e-05	-4.294956e-03	-2.146022e+00
2.476000e-05	-3.333719e-03	-1.990524e+00
2.477000e-05	-3.454998e-03	-1.881703e+00
2.478000e-05	-3.184030e-03	-1.675288e+00
2.479000e-05	-4.313737e-03	-1.538921e+00
2.480000e-05	-3.713683e-03	-1.335865e+00
2.481000e-05	-4.016262e-03	-1.127441e+00
2.482000e-05	-4.139301e-03	-9.689763e-01
2.483000e-05	-4.824595e-03	-8.621529e-01
2.484000e-05	-5.461635e-03	-6.831405e-01
2.485000e-05	-4.139331e-03	-4.742817e-01
2.486000e-05	-4.620962e-03	-3.067897e-01
2.487000e-05	-4.493686e-03	-2.110513e-01
2.488000e-05	-2.900264e-03	5.000063e-04
2.489000e-05	1.489753e-03	1.167169e-01
2.490000e-05	-1.032523e-03	3.587195e-01
2.491000e-05	-1.810281e-03	4.520563e-01
2.492000e-05	-1.570647e-03	5.924511e-01
2.493000e-05	-4.009302e-03	7.447396e-01
2.494000e-05	-2.681205e-03	9.015917e-01
2.495000e-05	-1.474695e-03	1.064704e+00
2.496000e-05	8.340540e-03	1.252605e+00
2.497000e-05	4.813975e-02	1.398899e+00
2.498000e-05	3.177407e-02	1.662609e+00
2.499000e-05	-4.582856e-02	1.883107e+00
2.500000e-05	-4.166940e-02	2.009450e+00
2.501000e-05	-8.095964e-02	2.134791e+00
2.502000e-05	1.298681e-02	2.270531e+00
2.503000e-05	1.258880e-01	2.387321e+00
2.504000e-05	-1.125776e-01	2.496636e+00
2.505000e-05	8.790347e-03	2.652555e+00
2.506000e-05	9.879367e-02	2.811996e+00
2.507000e-05	-1.264852e-01	2.980400e+00
2.508000e-05	2.024890e-02	3.086685e+00
2.509000e-05	9.011059e-02	3.261454e+00
2.510000e-05	-1.108999e-01	3.442535e+00
2.511000e-05	4.141470e-02	3.568975e+00
2.512000e-05	3.574534e-02	3.717787e+00
2.513000e-05	-6.583877e-02	3.906635e+00
2.514000e-05	3.132278e-02	4.032099e+00
2.515000e-05	-2.337990e-02	4.210474e+00
2.516000e-05	-1.366396e-02	4.389872e+00
2.517000e-05	2.127060e-02	4.535183e+00
2.518000e-05	-1.795685e-02	4.654626e+00
2.519000e-05	1.031277e-02	4.820450e+00
2.520000e-05	1.338831e-02	4.966268e+00
2.521000e-05	-2.163066e-02	5.168348e+00
2.522000e-05	-2.027723e-02	5.347165e+00
2.523000e-05	6.143276e-03	5.440482e+00
2.524000e-05	2.420382e-02	5.568797e+00
2.525000e-05	-2.409609e-02	5.681087e+00
2.526000e-05	-3.934958e-03	5.822934e+00
2.527000e-05	2.881874e-03	5.979449e+00
2.528000e-05	-1.182451e-02	6.096136e+00
2.529000e-05	-5.506602e-04	6.190426e+00
2.530000e-05	-1.275518e-02	6.275812e+00
2.531000e-05	1.411161e-02	6.390948e+00
2.532000e-05	1.929055e-03	6.517161e+00
2.533000e-05	-2.269616e-02	6.703110e+00
2.534000e-05	-5.968516e-03	6.790001e+00
2.535000e-05	7.089652e-03	6.863607e+00
2.536000e-05	-1.790257e-03	6.948368e+00
2.537000e-05	-1.640505e-02	7.033633e+00
2.538000e-05	6.030101e-04	7.147320e+00
2.539000e-05	6.607911e-03	7.211060e+00
2.540000e-05	-1.573693e-02	7.317790e+00
2.541000e-05	-1.292770e-02	7.484584e+00
2.542000e-05	1.904601e-03	7.598953e+00
2.543000e-05	2.883359e-04	7.655614e+00
2.544000e-05	-9.816587e-03	7.788800e+00
2.545000e-05	-1.016592e-02	7.924134e+00
2.546000e-05	1.121211e-03	7.952821e+00
2.547000e-05	-7.645221e-03	8.083007e+00
2.548000e-05	-9.175275e-03	8.156793e+00
2.549000e-05	-5.344663e-03	8.201903e+00
2.550000e-05	-4.081471e-03	8.285682e+00
2.551000e-05	-7.551663e-03	8.328869e+00
2.552000e-05	-7.632639e-03	8.369400e+00
2.553000e-05	-3.492356e-03	8.443006e+00
2.554000e-05	-9.411708e-03	8.474110e+00
2.555000e-05	-1.071963e-02	8.503740e+00
2.556000e-05	-7.472950e-03	8.516819e+00
2.557000e-05	-5.372722e-03	8.609999e+00
2.558000e-05	-6.906093e-03	8.610476e+00
2.559000e-05	-9.007296e-03	8.663082e+00
2.560000e-05	-1.024793e-02	8.695208e+00
2.561000e-05	-1.159969e-02	8.695720e+00
2.562000e-05	-8.722835e-03	8.715768e+00
2.563000e-05	-7.599795e-03	8.789998e+00
2.564000e-05	-1.184475e-02	8.747951e+00
2.565000e-05	-1.358859e-02	8.780525e+00
2.566000e-05	-1.260747e-02	8.810032e+00
2.567000e-05	-1.054837e-02	8.821028e+00
2.568000e-05	-1.305160e-02	8.821607e+00
2.569000e-05	-1.394268e-02	8.823103e+00
2.570000e-05	-1.332011e-02	8.831033e+00
2.571000e-05	-1.358470e-02	8.831634e+00
2.572000e-05	-1.632503e-02	8.824104e+00
2.573000e-05	-1.724327e-02	8.830532e+00
2.574000e-05	-1.805531e-02	8.840556e+00
2.575000e-05	-1.867689e-02	8.821083e+00
2.576000e-05	-2.015240e-02	8.831578e+00
2.577000e-05	-2.092459e-02	8.810051e+00
2.578000e-05	-2.155804e-02	8.789549e+00
2.579000e-05	-2.297195e-02	8.799398e+00
2.580000e-05	-2.314424e-02	8.727871e+00
2.581000e-05	-2.486988e-02	8.726344e+00
2.582000e-05	-2.399630e-02	8.705691e+00
2.583000e-05	-2.403591e-02	8.642212e+00
2.584000e-05	-2.402295e-02	8.621609e+00
2.585000e-05	-2.515746e-02	8.579498e+00
2.586000e-05	-2.266441e-02	8.535344e+00
2.587000e-05	-2.217414e-02	8.464690e+00
2.588000e-05	-2.171698e-02	8.432134e+00
2.589000e-05	-2.113928e-02	8.431031e+00
2.590000e-05	-1.885530e-02	8.366823e+00
2.591000e-05	-1.719368e-02	8.274791e+00
2.592000e-05	-1.865249e-02	8.191508e+00
2.593000e-05	-1.605379e-02	8.138872e+00
2.594000e-05	-1.446060e-02	8.072713e+00
2.595000e-05	-1.374696e-02	8.011534e+00
2.596000e-05	-1.320230e-02	7.907347e+00
2.597000e-05	-1.377353e-02	7.853182e+00
2.598000e-05	-1.252153e-02	7.726976e+00
2.599000e-05	-1.202404e-02	7.694687e+00
2.600000e-05	-8.796610e-03	7.639106e+00
2.601000e-05	-1.065983e-02	7.496692e+00
2.602000e-05	-9.272144e-03	7.400056e+00
2.603000e-05	-9.903434e-03	7.243236e+00
2.604000e-05	-8.462466e-03	7.199901e+00
2.605000e-05	-8.125318e-03	7.094762e+00
2.606000e-05	-9.006788e-03	6.989080e+00
2.607000e-05	-8.010608e-03	6.884238e+00
2.608000e-05	-7.266521e-03	6.771030e+00
2.609000e-05	-6.903828e-03	6.757895e+00
2.610000e-05	-6.117965e-03	6.558451e+00
2.611000e-05	-6.339432e-03	6.412107e+00
2.612000e-05	-7.421463e-03	6.335845e+00
2.613000e-05	-7.345530e-03	6.221608e+00
2.614000e-05	-6.477925e-03	6.107242e+00
2.615000e-05	-6.715716e-03	6.000505e+00
2.616000e-05	-6.822321e-03	5.906245e+00
2.617000e-05	-5.384485e-03	5.727793e+00
2.618000e-05	-4.972082e-03	5.600954e+00
2.619000e-05	-4.899373e-03	5.473713e+00
2.620000e-05	-6.519674e-03	5.326342e+00
2.621000e-05	-5.452683e-03	5.180053e+00
2.622000e-05	-5.864380e-03	4.989485e+00
2.623000e-05	-5.507373e-03	4.851032e+00
2.624000e-05	-5.147373e-03	4.695290e+00
2.625000e-05	-6.568161e-03	4.548395e+00
2.626000e-05	-5.144368e-03	4.452158e+00
2.627000e-05	-4.268614e-03	4.315345e+00
2.628000e-05	-3.534829e-03	4.146498e+00
2.629000e-05	-4.946336e-03	3.969499e+00
2.630000e-05	-5.743392e-03	3.862135e+00
2.631000e-05	-4.916700e-03	3.705339e+00
2.632000e-05	-4.734765e-03	3.559976e+00
2.633000e-05	-4.545567e-03	3.431108e+00
2.634000e-05	-5.008617e-03	3.231113e+00
2.635000e-05	-5.347364e-03	3.094766e+00
2.636000e-05	-4.747053e-03	2.956922e+00
2.637000e-05	-4.845340e-03	2.830656e+00
2.638000e-05	-3.424812e-03	2.705713e+00
2.639000e-05	-4.007004e-03	2.512210e+00
2.640000e-05	-4.332252e-03	2.304321e+00
2.641000e-05	-5.601737e-03	2.148421e+00
2.642000e-05	-4.489910e-03	2.002055e+00
2.643000e-05	-3.389330e-03	1.885238e+00
2.644000e-05	-3.840564e-03	1.723158e+00
2.645000e-05	-4.621089e-03	1.535317e+00
2.646000e-05	-4.095676e-03	1.308324e+00
2.647000e-05	-4.413893e-03	1.200879e+00
2.648000e-05	-3.829164e-03	9.765261e-01
2.649000e-05	-3.819911e-03	8.005249e-01
2.650000e-05	-3.586998e-03	6.295303e-01
2.651000e-05	-4.057883e-03	4.742627e-01
2.652000e-05	-3.793688e-03	3.768936e-01
2.653000e-05	-4.090000e-03	1.453994e-01
2.654000e-05	-7.069401e-04	-7.000001e-02
2.655000e-05	2.940424e-03	-1.583959e-01
2.656000e-05	-9.783178e-04	-3.168132e-01
2.657000e-05	-1.323229e-03	-4.120503e-01
2.658000e-05	-7.566922e-04	-5.825238e-01
2.659000e-05	-6.692271e-04	-7.999474e-01
2.660000e-05	-8.830496e-04	-9.252631e-01
2.661000e-05	1.446494e-03	-1.063081e+00
2.662000e-05	3.054608e-02	-1.211947e+00
2.663000e-05	6.819031e-02	-1.368873e+00
2.664000e-05	-4.606558e-02	-1.655632e+00
2.665000e-05	-3.046023e-02	-1.895709e+00
2.666000e-05	-9.674080e-02	-2.042554e+00
2.667000e-05	2.848838e-02	-2.051584e+00
2.668000e-05	1.288891e-01	-2.156262e+00
2.669000e-05	-1.389818e-01	-2.390348e+00
2.670000e-05	2.061020e-02	-2.569448e+00
2.671000e-05	1.333389e-01	-2.639977e+00
2.672000e-05	-1.642270e-01	-2.832024e+00
2.673000e-05	3.071295e-02	-3.043709e+00
2.674000e-05	1.243002e-01	-3.168472e+00
2.675000e-05	-1.356478e-01	-3.337287e+00
2.676000e-05	7.428398e-02	-3.473728e+00
2.677000e-05	3.118363e-02	-3.589872e+00
2.678000e-05	-1.075785e-01	-3.831495e+00
2.679000e-05	9.737728e-02	-3.969394e+00
2.680000e-05	-6.643530e-02	-4.125286e+00
2.681000e-05	-5.047598e-03	-4.282711e+00
2.682000e-05	8.901523e-02	-4.347317e+00
2.683000e-05	-1.052180e-01	-4.465162e+00
2.684000e-05	6.102535e-02	-4.693682e+00
2.685000e-05	1.816720e-02	-4.819525e+00
2.686000e-05	-4.965040e-02	-4.970345e+00
2.687000e-05	2.765682e-02	-5.083710e+00
2.688000e-05	-3.882843e-02	-5.242080e+00
2.689000e-05	5.905355e-02	-5.411999e+00
2.690000e-05	-2.407823e-02	-5.558895e+00
2.691000e-05	-2.447898e-02	-5.704184e+00
2.692000e-05	6.132107e-02	-5.800975e+00
2.693000e-05	-5.484212e-02	-5.957346e+00
2.694000e-05	1.112501e-02	-6.011052e+00
2.695000e-05	-1.124366e-02	-6.134290e+00
2.696000e-05	2.538527e-02	-6.317295e+00
2.697000e-05	3.233440e-02	-6.390503e+00
2.698000e-05	-7.155262e-02	-6.535817e+00
2.699000e-05	3.321600e-02	-6.682104e+00
2.700000e-05	9.373656e-03	-6.747270e+00
2.701000e-05	-3.771251e-03	-6.841477e+00
2.702000e-05	-8.236552e-03	-6.875812e+00
2.703000e-05	-4.520381e-03	-7.116811e+00
2.704000e-05	3.882904e-02	-7.190475e+00
2.705000e-05	-3.594686e-02	-7.283154e+00
2.706000e-05	5.112495e-04	-7.388875e+00
2.707000e-05	1.543529e-02	-7.422055e+00
2.708000e-05	4.317151e-03	-7.558317e+00
2.709000e-05	-6.484460e-03	-7.610531e+00
2.710000e-05	-1.099890e-02	-7.767271e+00
2.711000e-05	2.837185e-02	-7.823181e+00
2.712000e-05	-7.853837e-03	-7.980947e+00
2.713000e-05	-8.274387e-03	-8.022106e+00
2.714000e-05	3.544990e-03	-8.114765e+00
2.715000e-05	8.571396e-03	-8.139917e+00
2.716000e-05	3.545377e-03	-8.201054e+00
2.717000e-05	-4.398592e-03	-8.293736e+00
2.718000e-05	1.232415e-02	-8.318375e+00
2.719000e-05	7.191029e-04	-8.400448e+00
2.720000e-05	-1.598598e-03	-8.410980e+00
2.721000e-05	3.635961e-03	-8.472136e+00
2.722000e-05	5.674888e-03	-8.495778e+00
2.723000e-05	5.329606e-03	-8.548473e+00
2.724000e-05	2.138118e-03	-8.633188e+00
2.725000e-05	5.214083e-03	-8.695188e+00
2.726000e-05	3.617616e-03	-8.697741e+00
2.727000e-05	4.612365e-03	-8.747845e+00
2.728000e-05	4.696869e-03	-8.800469e+00
2.729000e-05	4.743499e-03	-8.790526e+00
2.730000e-05	4.086030e-03	-8.840979e+00
2.731000e-05	6.471506e-03	-8.831604e+00
2.732000e-05	6.920774e-03	-8.842082e+00
2.733000e-05	5.446629e-03	-8.833158e+00
2.734000e-05	6.781604e-03	-8.864133e+00
2.735000e-05	1.030880e-02	-8.895182e+00
2.736000e-05	8.801129e-03	-8.863636e+00
2.737000e-05	9.574554e-03	-8.865683e+00
2.738000e-05	1.058828e-02	-8.864162e+00
2.739000e-05	1.111284e-02	-8.855684e+00
2.740000e-05	1.164853e-02	-8.882158e+00
2.741000e-05	1.298494e-02	-8.844711e+00
2.742000e-05	1.575405e-02	-8.842607e+00
2.743000e-05	1.572999e-02	-8.852632e+00
2.744000e-05	1.543056e-02	-8.811528e+00
2.745000e-05	1.770684e-02	-8.800001e+00
2.746000e-05	1.777760e-02	-8.800022e+00
2.747000e-05	1.851806e-02	-8.768842e+00
2.748000e-05	1.848195e-02	-8.755839e+00
2.749000e-05	2.006396e-02	-8.665191e+00
2.750000e-05	1.931481e-02	-8.611054e+00
2.751000e-05	1.830421e-02	-8.518345e+00
2.752000e-05	1.652631e-02	-8.433209e+00
2.753000e-05	1.603583e-02	-8.462632e+00
2.754000e-05	1.656553e-02	-8.379999e+00
2.755000e-05	1.558130e-02	-8.347416e+00
2.756000e-05	1.360957e-02	-8.284286e+00
2.757000e-05	1.204135e-02	-8.241130e+00
2.758000e-05	1.163471e-02	-8.229922e+00
2.759000e-05	1.003609e-02	-8.116162e+00
2.760000e-05	8.357132e-03	-8.032156e+00
2.761000e-05	8.006529e-03	-7.990051e+00
2.762000e-05	7.340743e-03	-7.895895e+00
2.763000e-05	6.089757e-03	-7.832549e+00
2.764000e-05	4.862714e-03	-7.664839e+00
2.765000e-05	4.822233e-03	-7.598546e+00
2.766000e-05	3.812517e-03	-7.566267e+00
2.767000e-05	3.608679e-03	-7.442584e+00
2.768000e-05	2.997447e-03	-7.367869e+00
2.769000e-05	3.308509e-03	-7.234180e+00
2.770000e-05	2.981603e-03	-7.229996e+00
2.771000e-05	3.221554e-03	-7.043361e+00
2.772000e-05	2.160886e-03	-6.927371e+00
2.773000e-05	1.505436e-03	-6.802627e+00
2.774000e-05	1.528042e-03	-6.737316e+00
2.775000e-05	1.770735e-03	-6.632105e+00
2.776000e-05	5.426888e-04	-6.536837e+00
2.777000e-05	-3.530265e-04	-6.413578e+00
2.778000e-05	3.960231e-04	-6.325392e+00
2.779000e-05	1.660338e-03	-6.180374e+00
2.780000e-05	8.895679e-05	-6.011579e+00
2.781000e-05	-1.825230e-03	-5.924871e+00
2.782000e-05	-9.068929e-04	-5.790102e+00
2.783000e-05	-4.307800e-04	-5.654287e+00
2.784000e-05	-2.843309e-03	-5.568946e+00
2.785000e-05	-2.350814e-03	-5.410126e+00
2.786000e-05	-1.241424e-03	-5.213182e+00
2.787000e-05	-2.026124e-03	-5.124740e+00
2.788000e-05	-3.034144e-03	-4.956996e+00
2.789000e-05	-2.839379e-03	-4.755897e+00
2.790000e-05	-2.450327e-03	-4.630130e+00
2.791000e-05	-2.467635e-03	-4.454758e+00
2.792000e-05	-2.553693e-03	-4.351045e+00
2.793000e-05	-2.487668e-03	-4.243160e+00
2.794000e-05	-3.340883e-03	-4.106313e+00
2.795000e-05	-3.266891e-03	-3.970056e+00
2.796000e-05	-3.556292e-03	-3.800761e+00
2.797000e-05	-2.868169e-03	-3.662107e+00
2.798000e-05	-2.134297e-03	-3.516315e+00
2.799000e-05	-3.920826e-03	-3.349474e+00
2.800000e-05	-3.114617e-03	-3.199182e+00
2.801000e-05	-3.458473e-03	-3.094315e+00
2.802000e-05	-2.310846e-03	-2.873438e+00
2.803000e-05	-3.526636e-03	-2.767897e+00
2.804000e-05	-4.108271e-03	-2.620475e+00
2.805000e-05	-4.795763e-03	-2.422604e+00
2.806000e-05	-4.552642e-03	-2.305816e+00
2.807000e-05	-4.412898e-03	-2.115837e+00
2.808000e-05	-3.589234e-03	-1.956924e+00
2.809000e-05	-3.068540e-03	-1.799528e+00
2.810000e-05	-3.640231e-03	-1.661157e+00
2.811000e-05	-2.271372e-03	-1.445288e+00
2.812000e-05	-3.919353e-03	-1.282607e+00
2.813000e-05	-5.481216e-03	-1.084863e+00
2.814000e-05	-6.159859e-03	-9.348934e-01
2.815000e-05	-5.017198e-03	-7.764951e-01
2.816000e-05	-4.561199e-03	-6.285501e-01
2.817000e-05	-3.820492e-03	-4.110064e-01
2.818000e-05	-4.378817e-03	-2.942307e-01
2.819000e-05	-4.864587e-03	-1.268147e-01
2.820000e-05	-1.075238e-03	2.204882e-02
2.821000e-05	1.614613e-03	2.009209e-01
2.822000e-05	-1.883128e-03	3.688974e-01
2.823000e-05	-9.008020e-04	4.856655e-01
2.824000e-05	-3.574658e-03	6.521577e-01
2.825000e-05	-2.940445e-03	8.208487e-01
2.826000e-05	-4.008438e-03	9.367167e-01
2.827000e-05	1.171343e-03	1.138845e+00
2.828000e-05	1.573497e-02	1.316184e+00
2.829000e-05	5.878767e-02	1.516690e+00
2.830000e-05	-3.029239e-03	1.738793e+00
2.831000e-05	-4.757828e-02	1.935215e+00
2.832000e-05	-4.725517e-02	2.039603e+00
2.833000e-05	-7.533018e-02	2.168374e+00
2.834000e-05	8.667755e-02	2.253155e+00
2.835000e-05	6.131979e-02	2.461576e+00
2.836000e-05	-1.431058e-01	2.518862e+00
2.837000e-05	9.877492e-02	2.725713e+00
2.838000e-05	8.179230e-03	2.882062e+00
2.839000e-05	-1.153318e-01	3.032078e+00
2.840000e-05	9.245355e-02	3.118372e+00
2.841000e-05	1.362258e-02	3.304187e+00
2.842000e-05	-9.707440e-02	3.495663e+00
2.843000e-05	8.852076e-02	3.630525e+00
2.844000e-05	-2.320319e-02	3.790471e+00
2.845000e-05	-3.544418e-02	3.926767e+00
2.846000e-05	3.134851e-02	4.073113e+00
2.847000e-05	-3.886601e-02	4.274664e+00
2.848000e-05	1.100486e-02	4.399925e+00
2.849000e-05	3.270997e-03	4.568367e+00
2.850000e-05	-1.396560e-02	4.725163e+00
2.851000e-05	1.822524e-02	4.881005e+00
2.852000e-05	-6.203081e-04	5.062257e+00
2.853000e-05	-2.652119e-02	5.220029e+00
2.854000e-05	-1.454591e-02	5.329395e+00
2.855000e-05	2.131520e-02	5.473737e+00
2.856000e-05	7.289707e-03	5.599473e+00
2.857000e-05	-2.637008e-02	5.776738e+00
2.858000e-05	5.029467e-03	5.926266e+00
2.859000e-05	-4.402384e-03	6.031550e+00
2.860000e-05	-9.000572e-03	6.086292e+00
2.861000e-05	-3.760146e-03	6.240507e+00
2.862000e-05	-7.692403e-03	6.337321e+00
2.863000e-05	1.952827e-02	6.420129e+00
2.864000e-05	-1.140623e-02	6.547397e+00
2.865000e-05	-2.036063e-02	6.727770e+00
2.866000e-05	9.225970e-04	6.840502e+00
2.867000e-05	5.026365e-03	6.925237e+00
2.868000e-05	-8.332914e-03	6.958896e+00
2.869000e-05	-1.565689e-02	7.093263e+00
2.870000e-05	9.332440e-03	7.181425e+00
2.871000e-05	-1.129150e-03	7.233078e+00
2.872000e-05	-1.656095e-02	7.431995e+00
2.873000e-05	-9.088023e-03	7.526819e+00
2.874000e-05	2.342229e-03	7.631578e+00
2.875000e-05	-2.397225e-03	7.686265e+00
2.876000e-05	-1.225225e-02	7.769474e+00
2.877000e-05	-4.722991e-03	7.904741e+00
2.878000e-05	-2.068366e-03	8.032930e+00
2.879000e-05	-1.008383e-02	8.114212e+00
2.880000e-05	-8.526552e-03	8.157918e+00
2.881000e-05	-4.543449e-03	8.241053e+00
2.882000e-05	-5.513865e-03	8.264338e+00
2.883000e-05	-8.995637e-03	8.336369e+00
2.884000e-05	-5.494651e-03	8.388976e+00
2.885000e-05	-5.362997e-03	8.441080e+00
2.886000e-05	-1.086121e-02	8.443661e+00
2.887000e-05	-1.050540e-02	8.497239e+00
2.888000e-05	-5.025483e-03	8.547971e+00
2.889000e-05	-6.970031e-03	8.601978e+00
2.890000e-05	-7.499512e-03	8.641104e+00
2.891000e-05	-9.982445e-03	8.625658e+00
2.892000e-05	-1.004919e-02	8.695318e+00
2.893000e-05	-1.077894e-02	8.706740e+00
2.894000e-05	-8.898629e-03	8.757895e+00
2.895000e-05	-8.317219e-03	8.749921e+00
2.896000e-05	-1.237590e-02	8.808953e+00
2.897000e-05	-1.342121e-02	8.819501e+00
2.898000e-05	-1.207729e-02	8.821499e+00
2.899000e-05	-1.082403e-02	8.831525e+00
2.900000e-05	-1.409955e-02	8.823079e+00
2.901000e-05	-1.366145e-02	8.841583e+00
2.902000e-05	-1.451111e-02	8.843605e+00
2.903000e-05	-1.402493e-02	8.812079e+00
2.904000e-05	-1.645742e-02	8.862609e+00
2.905000e-05	-1.639891e-02	8.823584e+00
2.906000e-05	-1.822191e-02	8.820655e+00
2.907000e-05	-1.950519e-02	8.841558e+00
2.908000e-05	-2.070130e-02	8.822529e+00
2.909000e-05	-2.024792e-02	8.820028e+00
2.910000e-05	-2.151700e-02	8.808526e+00
2.911000e-05	-2.340397e-02	8.728446e+00
2.912000e-05	-2.411129e-02	8.737821e+00
2.913000e-05	-2.362327e-02	8.704796e+00
2.914000e-05	-2.403727e-02	8.685210e+00
2.915000e-05	-2.417261e-02	8.663533e+00
2.916000e-05	-2.509782e-02	8.611528e+00
2.917000e-05	-2.340690e-02	8.567375e+00
2.918000e-05	-2.271347e-02	8.504869e+00
2.919000e-05	-2.242781e-02	8.444690e+00
2.920000e-05	-2.174117e-02	8.443056e+00
2.921000e-05	-2.002862e-02	8.411475e+00
2.922000e-05	-1.931969e-02	8.336424e+00
2.923000e-05	-1.810225e-02	8.252637e+00
2.924000e-05	-1.757665e-02	8.180479e+00
2.925000e-05	-1.568023e-02	8.138368e+00
2.926000e-05	-1.443545e-02	8.054133e+00
2.927000e-05	-1.485474e-02	7.980407e+00
2.928000e-05	-1.355782e-02	7.916292e+00
2.929000e-05	-1.326650e-02	7.810536e+00
2.930000e-05	-1.182968e-02	7.727848e+00
2.931000e-05	-1.179363e-02	7.631658e+00
2.932000e-05	-1.030101e-02	7.580001e+00
2.933000e-05	-1.089130e-02	7.463616e+00
2.934000e-05	-9.665810e-03	7.369316e+00
2.935000e-05	-8.958473e-03	7.212109e+00
2.936000e-05	-9.009151e-03	7.157871e+00
2.937000e-05	-8.942350e-03	7.043711e+00
2.938000e-05	-8.071972e-03	6.939847e+00
2.939000e-05	-7.863438e-03	6.853659e+00
2.940000e-05	-8.329195e-03	6.789528e+00
2.941000e-05	-7.600438e-03	6.664186e+00
2.942000e-05	-6.845559e-03	6.534824e+00
2.943000e-05	-5.606050e-03	6.419978e+00
2.944000e-05	-6.835149e-03	6.335768e+00
2.945000e-05	-6.553352e-03	6.200026e+00
2.946000e-05	-6.576306e-03	6.083661e+00
2.947000e-05	-6.142604e-03	6.008897e+00
2.948000e-05	-6.380079e-03	5.882616e+00
2.949000e-05	-5.138622e-03	5.643763e+00
2.950000e-05	-5.209137e-03	5.547871e+00
2.951000e-05	-6.085022e-03	5.420181e+00
2.952000e-05	-5.898732e-03	5.274189e+00
2.953000e-05	-5.161879e-03	5.137376e+00
2.954000e-05	-5.291608e-03	4.918920e+00
2.955000e-05	-4.969408e-03	4.768955e+00
2.956000e-05	-5.011369e-03	4.642634e+00
2.957000e-05	-4.767892e-03	4.506390e+00
2.958000e-05	-5.548695e-03	4.420477e+00
2.959000e-05	-4.997846e-03	4.244136e+00
2.960000e-05	-5.217439e-03	4.053687e+00
2.961000e-05	-4.940330e-03	3.937371e+00
2.962000e-05	-5.121854e-03	3.779005e+00
2.963000e-05	-4.419340e-03	3.663234e+00
2.964000e-05	-4.896590e-03	3.536425e+00
2.965000e-05	-4.833593e-03	3.317424e+00
2.966000e-05	-4.697555e-03	3.169551e+00
2.967000e-05	-4.558120e-03	3.082112e+00
2.968000e-05	-4.091311e-03	2.894238e+00
2.969000e-05	-4.110751e-03	2.799001e+00
2.970000e-05	-4.190026e-03	2.607582e+00
2.971000e-05	-4.559104e-03	2.431150e+00
2.972000e-05	-4.743649e-03	2.252662e+00
2.973000e-05	-4.023802e-03	2.115867e+00
2.974000e-05	-4.281050e-03	1.979928e+00
2.975000e-05	-4.226076e-03	1.789500e+00
2.976000e-05	-4.536023e-03	1.609610e+00
2.977000e-05	-3.729786e-03	1.491658e+00
2.978000e-05	-4.394964e-03	1.294238e+00
2.979000e-05	-3.958826e-03	1.104795e+00
2.980000e-05	-4.532773e-03	9.148594e-01
2.981000e-05	-4.837574e-03	7.463957e-01
2.982000e-05	-3.793062e-03	5.689750e-01
2.983000e-05	-2.925421e-03	4.306551e-01
2.984000e-05	-1.705645e-03	2.632620e-01
2.985000e-05	-3.454562e-03	6.333522e-02
2.986000e-05	-7.130901e-04	-9.475784e-02
2.987000e-05	2.233418e-03	-2.305013e-01
2.988000e-05	-1.310464e-03	-3.788472e-01
2.989000e-05	8.708727e-04	-4.646341e-01
2.990000e-05	-1.353395e-03	-6.553158e-01
2.991000e-05	-7.393005e-04	-8.316013e-01
2.992000e-05	-2.197809e-03	-9.684212e-01
2.993000e-05	6.855919e-03	-1.115289e+00
2.994000e-05	5.694371e-02	-1.270626e+00
2.995000e-05	3.193222e-02	-1.495808e+00
2.996000e-05	-5.556911e-02	-1.759317e+00
2.997000e-05	-3.679447e-02	-1.948892e+00
2.998000e-05	-1.028157e-01	-2.022579e+00
2.999000e-05	1.118223e-01	-2.091185e+00
3.000000e-05	5.074161e-02	-2.179995e+00
3.001000e-05	-1.582017e-01	-2.445661e+00
3.002000e-05	1.126523e-01	-2.609529e+00
3.003000e-05	1.958356e-03	-2.694210e+00
3.004000e-05	-1.745552e-01	-2.875716e+00
3.005000e-05	1.214483e-01	-3.095807e+00
3.006000e-05	1.956644e-02	-3.210549e+00
3.007000e-05	-1.156744e-01	-3.382023e+00
3.008000e-05	1.345862e-01	-3.495761e+00
3.009000e-05	-6.957740e-02	-3.642528e+00
3.010000e-05	-2.888597e-02	-3.863656e+00
3.011000e-05	7.463835e-02	-3.990545e+00
3.012000e-05	-1.046154e-01	-4.189296e+00
3.013000e-05	7.312662e-02	-4.295317e+00
3.014000e-05	1.319872e-02	-4.389896e+00
3.015000e-05	-7.605104e-02	-4.557444e+00
3.016000e-05	9.673055e-02	-4.706233e+00
3.017000e-05	-4.091669e-02	-4.853655e+00
3.018000e-05	-1.259838e-02	-5.019500e+00
3.019000e-05	2.102653e-03	-5.145366e+00
3.020000e-05	-1.910823e-02	-5.286211e+00
3.021000e-05	6.400091e-02	-5.424636e+00
3.022000e-05	-6.287338e-02	-5.591476e+00
3.023000e-05	3.018691e-02	-5.756790e+00
3.024000e-05	2.089467e-02	-5.872555e+00
3.025000e-05	-5.073046e-02	-5.979426e+00
3.026000e-05	2.465271e-02	-6.031555e+00
3.027000e-05	-2.260597e-02	-6.260946e+00
3.028000e-05	5.748485e-02	-6.368394e+00
3.029000e-05	-2.128946e-02	-6.482153e+00
3.030000e-05	-4.703944e-02	-6.546947e+00
3.031000e-05	4.567352e-02	-6.675229e+00
3.032000e-05	-8.479561e-03	-6.750348e+00
3.033000e-05	5.397429e-03	-6.851603e+00
3.034000e-05	-2.128661e-02	-6.986947e+00
3.035000e-05	2.287641e-02	-7.106243e+00
3.036000e-05	1.603648e-02	-7.190549e+00
3.037000e-05	-3.826499e-02	-7.316188e+00
3.038000e-05	1.544686e-02	-7.379445e+00
3.039000e-05	7.250560e-03	-7.454712e+00
3.040000e-05	5.260887e-03	-7.568447e+00
3.041000e-05	-1.611959e-02	-7.663688e+00
3.042000e-05	6.111961e-03	-7.808474e+00
3.043000e-05	2.199057e-02	-7.926807e+00
3.044000e-05	-1.455245e-02	-7.991000e+00
3.045000e-05	-6.793102e-04	-8.031655e+00
3.046000e-05	5.011122e-03	-8.116264e+00
3.047000e-05	9.789856e-03	-8.187922e+00
3.048000e-05	-2.825571e-03	-8.212606e+00
3.049000e-05	6.115948e-04	-8.285792e+00
3.050000e-05	9.635595e-03	-8.368441e+00
3.051000e-05	-3.331466e-03	-8.400477e+00
3.052000e-05	1.321863e-03	-8.410128e+00
3.053000e-05	5.574875e-03	-8.483736e+00
3.054000e-05	7.350221e-03	-8.507294e+00
3.055000e-05	3.657357e-03	-8.570423e+00
3.056000e-05	2.705742e-03	-8.653658e+00
3.057000e-05	4.036973e-03	-8.676738e+00
3.058000e-05	1.888020e-03	-8.705345e+00
3.059000e-05	6.000354e-03	-8.777423e+00
3.060000e-05	5.565771e-03	-8.809951e+00
3.061000e-05	3.786402e-03	-8.800025e+00
3.062000e-05	3.991606e-03	-8.812053e+00
3.063000e-05	8.461910e-03	-8.861108e+00
3.064000e-05	7.570346e-03	-8.832104e+00
3.065000e-05	4.254775e-03	-8.842605e+00
3.066000e-05	7.338319e-03	-8.843205e+00
3.067000e-05	1.019041e-02	-8.894664e+00
3.068000e-05	9.668278e-03	-8.854711e+00
3.069000e-05	8.528341e-03	-8.863183e+00
3.070000e-05	9.966632e-03	-8.895216e+00
3.071000e-05	1.240194e-02	-8.863608e+00
3.072000e-05	1.198457e-02	-8.853787e+00
3.073000e-05	1.340412e-02	-8.854133e+00
3.074000e-05	1.459576e-02	-8.832158e+00
3.075000e-05	1.578073e-02	-8.823053e+00
3.076000e-05	1.659377e-02	-8.802528e+00
3.077000e-05	1.725727e-02	-8.780002e+00
3.078000e-05	1.905286e-02	-8.729475e+00
3.079000e-05	1.978010e-02	-8.766895e+00
3.080000e-05	1.936674e-02	-8.754714e+00
3.081000e-05	1.846246e-02	-8.652656e+00
3.082000e-05	1.873414e-02	-8.541978e+00
3.083000e-05	1.925566e-02	-8.496319e+00
3.084000e-05	1.726094e-02	-8.463188e+00
3.085000e-05	1.488744e-02	-8.422056e+00
3.086000e-05	1.637058e-02	-8.388949e+00
3.087000e-05	1.535095e-02	-8.326841e+00
3.088000e-05	1.336747e-02	-8.314687e+00
3.089000e-05	1.096667e-02	-8.200576e+00
3.090000e-05	1.007851e-02	-8.138444e+00
3.091000e-05	9.557327e-03	-8.085738e+00
3.092000e-05	7.973320e-03	-8.051579e+00
3.093000e-05	8.706059e-03	-7.966901e+00
3.094000e-05	6.831922e-03	-7.906191e+00
3.095000e-05	5.474127e-03	-7.740597e+00
3.096000e-05	4.401988e-03	-7.683754e+00
3.097000e-05	5.151637e-03	-7.567897e+00
3.098000e-05	4.281737e-03	-7.494735e+00
3.099000e-05	3.565437e-03	-7.421980e+00
3.100000e-05	3.905036e-03	-7.295714e+00
3.101000e-05	3.358939e-03	-7.220630e+00
3.102000e-05	2.688730e-03	-7.138446e+00
3.103000e-05	1.888780e-03	-7.000679e+00
3.104000e-05	2.950879e-03	-6.886288e+00
3.105000e-05	2.162610e-03	-6.770025e+00
3.106000e-05	1.567044e-03	-6.715265e+00
3.107000e-05	1.728502e-03	-6.600500e+00
3.108000e-05	1.077985e-03	-6.495762e+00
3.109000e-05	-2.908144e-04	-6.389578e+00
3.110000e-05	-8.115472e-04	-6.306211e+00
3.111000e-05	1.099057e-03	-6.106314e+00
3.112000e-05	1.067110e-03	-5.988497e+00
3.113000e-05	-1.755035e-03	-5.896261e+00
3.114000e-05	-1.259279e-03	-5.757446e+00
3.115000e-05	-5.828441e-04	-5.601630e+00
3.116000e-05	-2.158390e-03	-5.485419e+00
3.117000e-05	-1.676537e-03	-5.355445e+00
3.118000e-05	-1.362895e-03	-5.169970e+00
3.119000e-05	-2.240236e-03	-5.042609e+00
3.120000e-05	-3.126135e-03	-4.873233e+00
3.121000e-05	-2.415750e-03	-4.695734e+00
3.122000e-05	-2.946328e-03	-4.579449e+00
3.123000e-05	-2.659866e-03	-4.453183e+00
3.124000e-05	-2.678487e-03	-4.327345e+00
3.125000e-05	-1.590660e-03	-4.211078e+00
3.126000e-05	-3.461660e-03	-4.034234e+00
3.127000e-05	-2.448718e-03	-3.976969e+00
3.128000e-05	-3.583549e-03	-3.736876e+00
3.129000e-05	-3.716794e-03	-3.590575e+00
3.130000e-05	-4.531345e-03	-3.452234e+00
3.131000e-05	-3.227894e-03	-3.345368e+00
3.132000e-05	-3.093922e-03	-3.189575e+00
3.133000e-05	-2.977394e-03	-3.011581e+00
3.134000e-05	-2.851733e-03	-2.821632e+00
3.135000e-05	-3.992096e-03	-2.686315e+00
3.136000e-05	-4.212081e-03	-2.547417e+00
3.137000e-05	-4.681235e-03	-2.401525e+00
3.138000e-05	-4.249909e-03	-2.192732e+00
3.139000e-05	-1.937458e-03	-2.021706e+00
3.140000e-05	-3.635278e-03	-1.865338e+00
3.141000e-05	-4.471765e-03	-1.737349e+00
3.142000e-05	-4.804858e-03	-1.559054e+00
3.143000e-05	-4.550864e-03	-1.400071e+00
3.144000e-05	-4.217378e-03	-1.180024e+00
3.145000e-05	-4.875332e-03	-1.072203e+00
3.146000e-05	-4.740359e-03	-8.733092e-01
3.147000e-05	-4.828286e-03	-7.462172e-01
3.148000e-05	-4.187921e-03	-5.352909e-01
3.149000e-05	-3.179111e-03	-3.489239e-01
3.150000e-05	-4.550190e-03	-2.110513e-01
3.151000e-05	-3.202694e-03	-2.321152e-02
3.152000e-05	-1.318165e-03	6.213277e-02
3.153000e-05	5.680781e-04	2.636366e-01
3.154000e-05	-3.485681e-03	4.214988e-01
3.155000e-05	-7.650241e-04	5.778685e-01
3.156000e-05	-4.124417e-03	7.251894e-01
3.157000e-05	-2.209871e-03	8.601251e-01
3.158000e-05	-3.184306e-03	1.020846e+00
3.159000e-05	6.129933e-03	1.220000e+00
3.160000e-05	3.142017e-02	1.337322e+00
3.161000e-05	5.391052e-02	1.594892e+00
3.162000e-05	-3.356782e-02	1.839927e+00
3.163000e-05	-4.432929e-02	1.969368e+00
3.164000e-05	-6.842423e-02	2.113684e+00
3.165000e-05	-4.309222e-02	2.159975e+00
3.166000e-05	1.333135e-01	2.287162e+00
3.167000e-05	-3.464708e-02	2.464584e+00
3.168000e-05	-8.684607e-02	2.598398e+00
3.169000e-05	1.316966e-01	2.778822e+00
3.170000e-05	-7.750567e-02	2.947293e+00
3.171000e-05	-5.333075e-02	3.034063e+00
3.172000e-05	1.195028e-01	3.169373e+00
3.173000e-05	-6.765246e-02	3.369896e+00
3.174000e-05	-3.009329e-02	3.556370e+00
3.175000e-05	8.051075e-02	3.683137e+00
3.176000e-05	-6.187896e-02	3.863028e+00
3.177000e-05	7.123951e-03	3.978471e+00
3.178000e-05	5.362226e-03	4.138742e+00
3.179000e-05	-3.151084e-02	4.338293e+00
3.180000e-05	2.605056e-02	4.463104e+00
3.181000e-05	-1.119823e-02	4.621950e+00
3.182000e-05	-1.577535e-03	4.756393e+00
3.183000e-05	1.872446e-02	4.934138e+00
3.184000e-05	-1.496590e-02	5.117714e+00
3.185000e-05	-2.414102e-02	5.284658e+00
3.186000e-05	-6.352583e-03	5.431526e+00
3.187000e-05	2.726584e-02	5.524841e+00
3.188000e-05	-1.189465e-02	5.631555e+00
3.189000e-05	-1.714511e-02	5.768870e+00
3.190000e-05	5.903214e-03	5.958847e+00
3.191000e-05	-1.023931e-02	6.042580e+00
3.192000e-05	-2.111920e-03	6.179392e+00
3.193000e-05	-9.448906e-03	6.304187e+00
3.194000e-05	3.535831e-03	6.398395e+00
3.195000e-05	1.298422e-02	6.452605e+00
3.196000e-05	-1.949320e-02	6.642476e+00
3.197000e-05	-1.414025e-02	6.817421e+00
3.198000e-05	5.575697e-03	6.830529e+00
3.199000e-05	1.133120e-03	6.928292e+00
3.200000e-05	-1.190929e-02	7.020908e+00
3.201000e-05	-8.529511e-03	7.126716e+00
3.202000e-05	1.090632e-02	7.220530e+00
3.203000e-05	-9.554600e-03	7.285185e+00
3.204000e-05	-1.685544e-02	7.482052e+00
3.205000e-05	-3.575493e-03	7.569422e+00
3.206000e-05	2.004039e-03	7.634108e+00
3.207000e-05	-6.070646e-03	7.736796e+00
3.208000e-05	-1.260037e-02	7.851032e+00
3.209000e-05	-1.743793e-04	7.947273e+00
3.210000e-05	-4.762507e-03	8.022533e+00
3.211000e-05	-9.915060e-03	8.096787e+00
3.212000e-05	-7.854731e-03	8.178898e+00
3.213000e-05	-3.956126e-03	8.263588e+00
3.214000e-05	-6.339782e-03	8.317315e+00
3.215000e-05	-9.904008e-03	8.359448e+00
3.216000e-05	-2.813241e-03	8.398974e+00
3.217000e-05	-8.359011e-03	8.423609e+00
3.218000e-05	-9.946536e-03	8.465138e+00
3.219000e-05	-9.034897e-03	8.497316e+00
3.220000e-05	-4.541268e-03	8.619499e+00
3.221000e-05	-7.013742e-03	8.620132e+00
3.222000e-05	-8.671995e-03	8.622587e+00
3.223000e-05	-1.056891e-02	8.653615e+00
3.224000e-05	-1.177608e-02	8.727217e+00
3.225000e-05	-1.049435e-02	8.715820e+00
3.226000e-05	-7.319824e-03	8.737995e+00
3.227000e-05	-9.863076e-03	8.768949e+00
3.228000e-05	-1.308299e-02	8.809949e+00
3.229000e-05	-1.353925e-02	8.829576e+00
3.230000e-05	-1.051423e-02	8.810980e+00
3.231000e-05	-1.283446e-02	8.812104e+00
3.232000e-05	-1.414123e-02	8.851103e+00
3.233000e-05	-1.398114e-02	8.813082e+00
3.234000e-05	-1.351727e-02	8.842107e+00
3.235000e-05	-1.522438e-02	8.823629e+00
3.236000e-05	-1.754823e-02	8.851611e+00
3.237000e-05	-1.748388e-02	8.864082e+00
3.238000e-05	-1.775204e-02	8.843030e+00
3.239000e-05	-2.033640e-02	8.841550e+00
3.240000e-05	-2.041709e-02	8.809585e+00
3.241000e-05	-2.115430e-02	8.790025e+00
3.242000e-05	-2.274132e-02	8.727923e+00
3.243000e-05	-2.430803e-02	8.777924e+00
3.244000e-05	-2.459623e-02	8.716894e+00
3.245000e-05	-2.375189e-02	8.685715e+00
3.246000e-05	-2.349196e-02	8.684737e+00
3.247000e-05	-2.441870e-02	8.632106e+00
3.248000e-05	-2.517341e-02	8.610953e+00
3.249000e-05	-2.327960e-02	8.536873e+00
3.250000e-05	-2.249315e-02	8.475269e+00
3.251000e-05	-2.170163e-02	8.432213e+00
3.252000e-05	-2.148122e-02	8.421584e+00
3.253000e-05	-1.979463e-02	8.379473e+00
3.254000e-05	-1.876994e-02	8.316291e+00
3.255000e-05	-1.781331e-02	8.244057e+00
3.256000e-05	-1.545759e-02	8.175945e+00
3.257000e-05	-1.489960e-02	8.085217e+00
3.258000e-05	-1.368457e-02	8.043652e+00
3.259000e-05	-1.443918e-02	7.917379e+00
3.260000e-05	-1.292663e-02	7.844707e+00
3.261000e-05	-1.277280e-02	7.789600e+00
3.262000e-05	-1.130022e-02	7.665764e+00
3.263000e-05	-1.009901e-02	7.621556e+00
3.264000e-05	-1.036019e-02	7.527896e+00
3.265000e-05	-1.050049e-02	7.402207e+00
3.266000e-05	-1.026091e-02	7.305190e+00
3.267000e-05	-7.898092e-03	7.230427e+00
3.268000e-05	-8.978554e-03	7.127295e+00
3.269000e-05	-8.356402e-03	7.032009e+00
3.270000e-05	-8.860270e-03	6.905766e+00
3.271000e-05	-7.164333e-03	6.843082e+00
3.272000e-05	-8.013147e-03	6.757896e+00
3.273000e-05	-7.257296e-03	6.579458e+00
3.274000e-05	-6.644164e-03	6.434182e+00
3.275000e-05	-6.387077e-03	6.348899e+00
3.276000e-05	-7.272242e-03	6.273711e+00
3.277000e-05	-6.080411e-03	6.116424e+00
3.278000e-05	-5.936697e-03	6.032159e+00
3.279000e-05	-6.300226e-03	5.958373e+00
3.280000e-05	-6.015494e-03	5.800554e+00
3.281000e-05	-5.759364e-03	5.591081e+00
3.282000e-05	-6.180647e-03	5.504813e+00
3.283000e-05	-5.372934e-03	5.337949e+00
3.284000e-05	-5.578231e-03	5.232106e+00
3.285000e-05	-4.717068e-03	5.045686e+00
3.286000e-05	-5.378968e-03	4.874341e+00
3.287000e-05	-4.748870e-03	4.706897e+00
3.288000e-05	-5.458985e-03	4.610533e+00
3.289000e-05	-5.073319e-03	4.464732e+00
3.290000e-05	-4.880882e-03	4.358351e+00
3.291000e-05	-5.352570e-03	4.209951e+00
3.292000e-05	-4.652119e-03	4.001155e+00
3.293000e-05	-4.652646e-03	3.895768e+00
3.294000e-05	-4.737395e-03	3.777896e+00
3.295000e-05	-4.527775e-03	3.630578e+00
3.296000e-05	-4.632142e-03	3.465737e+00
3.297000e-05	-4.166102e-03	3.263767e+00
3.298000e-05	-4.541022e-03	3.118472e+00
3.299000e-05	-4.431381e-03	2.980051e+00
3.300000e-05	-4.342329e-03	2.843183e+00
3.301000e-05	-4.647615e-03	2.738371e+00
3.302000e-05	-4.315429e-03	2.486441e+00
3.303000e-05	-4.721955e-03	2.347371e+00
3.304000e-05	-4.291825e-03	2.199055e+00
3.305000e-05	-4.400862e-03	2.042155e+00
3.306000e-05	-4.114702e-03	1.934867e+00
3.307000e-05	-4.426796e-03	1.736395e+00
3.308000e-05	-3.017580e-03	1.549875e+00
3.309000e-05	-3.891286e-03	1.399054e+00
3.310000e-05	-4.130712e-03	1.251104e+00
3.311000e-05	-4.410273e-03	1.020187e+00
3.312000e-05	-3.709531e-03	8.420789e-01
3.313000e-05	-3.070277e-03	6.733082e-01
3.314000e-05	-2.768538e-03	5.152644e-01
3.315000e-05	-3.179721e-03	3.789726e-01
3.316000e-05	-3.890718e-03	1.800564e-01
3.317000e-05	-2.232570e-03	-1.037369e-02
3.318000e-05	6.384589e-04	-1.273395e-01
3.319000e-05	1.700303e-03	-3.226043e-01
3.320000e-05	-5.650851e-04	-4.105237e-01
3.321000e-05	-4.402811e-04	-5.658921e-01
3.322000e-05	-2.057459e-03	-7.173685e-01
3.323000e-05	-8.463372e-04	-8.932092e-01
3.324000e-05	-6.735383e-04	-1.030500e+00
3.325000e-05	1.479139e-02	-1.187921e+00
3.326000e-05	7.638400e-02	-1.305834e+00
3.327000e-05	-1.402088e-02	-1.588422e+00
3.328000e-05	-4.132557e-02	-1.821505e+00
3.329000e-05	-6.714761e-02	-1.988998e+00
3.330000e-05	-5.241148e-02	-2.052611e+00
3.331000e-05	1.464899e-01	-2.092612e+00
3.332000e-05	-5.870881e-02	-2.265583e+00
3.333000e-05	-8.605933e-02	-2.538274e+00
3.334000e-05	1.646689e-01	-2.590526e+00
3.335000e-05	-9.207122e-02	-2.757818e+00
3.336000e-05	-7.277819e-02	-3.020395e+00
3.337000e-05	1.598791e-01	-3.137693e+00
3.338000e-05	-8.504960e-02	-3.254707e+00
3.339000e-05	-2.055927e-02	-3.432007e+00
3.340000e-05	1.180828e-01	-3.584741e+00
3.341000e-05	-1.202726e-01	-3.736161e+00
3.342000e-05	5.671187e-02	-3.928291e+00
3.343000e-05	3.213156e-03	-4.072628e+00
3.344000e-05	-7.233307e-02	-4.231079e+00
3.345000e-05	1.111089e-01	-4.287292e+00
3.346000e-05	-6.879240e-02	-4.411530e+00
3.347000e-05	-3.715379e-03	-4.591523e+00
3.348000e-05	7.317372e-02	-4.759848e+00
3.349000e-05	-6.466054e-02	-4.894792e+00
3.350000e-05	2.157459e-02	-5.039630e+00
3.351000e-05	-2.778108e-02	-5.188525e+00
3.352000e-05	2.287020e-02	-5.368293e+00
3.353000e-05	2.648767e-02	-5.518266e+00
3.354000e-05	-6.098152e-02	-5.634155e+00
3.355000e-05	6.548894e-02	-5.797870e+00
3.356000e-05	-2.801234e-02	-5.906288e+00
3.357000e-05	-1.809556e-02	-6.010401e+00
3.358000e-05	1.024481e-02	-6.076708e+00
3.359000e-05	-6.925523e-03	-6.274009e+00
3.360000e-05	6.001172e-02	-6.419499e+00
3.361000e-05	-6.070043e-02	-6.482686e+00
3.362000e-05	-3.397083e-03	-6.611475e+00
3.363000e-05	3.065223e-02	-6.704713e+00
3.364000e-05	-1.279002e-02	-6.778975e+00
3.365000e-05	5.065745e-03	-6.884132e+00
3.366000e-05	-1.982955e-02	-7.022555e+00
3.367000e-05	4.212097e-02	-7.180373e+00
3.368000e-05	-1.627899e-02	-7.251132e+00
3.369000e-05	-2.077626e-02	-7.318293e+00
3.370000e-05	1.879953e-02	-7.401000e+00
3.371000e-05	3.664905e-03	-7.517690e+00
3.372000e-05	1.995719e-03	-7.570502e+00
3.373000e-05	-1.915066e-02	-7.756315e+00
3.374000e-05	2.155877e-02	-7.873105e+00
3.375000e-05	7.164412e-03	-7.927746e+00
3.376000e-05	-1.243329e-02	-7.991976e+00
3.377000e-05	2.746726e-03	-8.043679e+00
3.378000e-05	5.714960e-03	-8.147373e+00
3.379000e-05	7.507656e-03	-8.171575e+00
3.380000e-05	-6.907337e-03	-8.262634e+00
3.381000e-05	6.108152e-03	-8.307870e+00
3.382000e-05	5.824193e-03	-8.378919e+00
3.383000e-05	-3.034374e-03	-8.410628e+00
3.384000e-05	2.991018e-03	-8.422578e+00
3.385000e-05	5.024112e-03	-8.465289e+00
3.386000e-05	6.953359e-03	-8.518920e+00
3.387000e-05	2.471107e-03	-8.602002e+00
3.388000e-05	3.168166e-03	-8.645161e+00
3.389000e-05	2.722238e-03	-8.661735e+00
3.390000e-05	3.238050e-03	-8.699371e+00
3.391000e-05	5.462183e-03	-8.800471e+00
3.392000e-05	5.624462e-03	-8.789528e+00
3.393000e-05	3.623855e-03	-8.821025e+00
3.394000e-05	5.695622e-03	-8.832155e+00
3.395000e-05	8.166398e-03	-8.833080e+00
3.396000e-05	6.045625e-03	-8.842580e+00
3.397000e-05	4.490458e-03	-8.863154e+00
3.398000e-05	8.195560e-03	-8.834161e+00
3.399000e-05	1.013366e-02	-8.875210e+00
3.400000e-05	9.114198e-03	-8.864262e+00
3.401000e-05	9.042582e-03	-8.833636e+00
3.402000e-05	1.094721e-02	-8.883708e+00
3.403000e-05	1.271981e-02	-8.842762e+00
3.404000e-05	1.152475e-02	-8.854184e+00
3.405000e-05	1.371605e-02	-8.864157e+00
3.406000e-05	1.438481e-02	-8.853078e+00
3.407000e-05	1.643056e-02	-8.843155e+00
3.408000e-05	1.651571e-02	-8.790577e+00
3.409000e-05	1.787002e-02	-8.819503e+00
3.410000e-05	1.913919e-02	-8.758446e+00
3.411000e-05	1.987414e-02	-8.705918e+00
3.412000e-05	1.938328e-02	-8.705160e+00
3.413000e-05	1.922232e-02	-8.612107e+00
3.414000e-05	1.875293e-02	-8.589370e+00
3.415000e-05	1.853126e-02	-8.455812e+00
3.416000e-05	1.562057e-02	-8.432159e+00
3.417000e-05	1.529991e-02	-8.451552e+00
3.418000e-05	1.627409e-02	-8.348996e+00
3.419000e-05	1.502770e-02	-8.285766e+00
3.420000e-05	1.162339e-02	-8.235185e+00
3.421000e-05	1.078921e-02	-8.189549e+00
3.422000e-05	1.030688e-02	-8.115893e+00
3.423000e-05	9.633496e-03	-8.061188e+00
3.424000e-05	7.930491e-03	-7.980528e+00
3.425000e-05	8.250285e-03	-7.968822e+00
3.426000e-05	6.219665e-03	-7.855114e+00
3.427000e-05	4.998150e-03	-7.746874e+00
3.428000e-05	5.593081e-03	-7.639630e+00
3.429000e-05	4.882286e-03	-7.537845e+00
3.430000e-05	4.458849e-03	-7.443683e+00
3.431000e-05	4.103674e-03	-7.349296e+00
3.432000e-05	3.703324e-03	-7.285637e+00
3.433000e-05	2.811469e-03	-7.191603e+00
3.434000e-05	2.174851e-03	-7.097189e+00
3.435000e-05	2.586630e-03	-6.971001e+00
3.436000e-05	2.029366e-03	-6.814163e+00
3.437000e-05	1.117067e-03	-6.778524e+00
3.438000e-05	1.744636e-03	-6.633712e+00
3.439000e-05	2.269153e-03	-6.560026e+00
3.440000e-05	7.102910e-04	-6.433158e+00
3.441000e-05	-2.028529e-04	-6.339367e+00
3.442000e-05	-6.977780e-05	-6.221632e+00
3.443000e-05	9.258807e-04	-6.073258e+00
3.444000e-05	-9.734251e-04	-5.958424e+00
3.445000e-05	-3.030581e-04	-5.823111e+00
3.446000e-05	-1.051293e-03	-5.725287e+00
3.447000e-05	-1.428893e-03	-5.561024e+00
3.448000e-05	-1.835906e-03	-5.464763e+00
3.449000e-05	-1.233404e-03	-5.214741e+00
3.450000e-05	-1.464624e-03	-5.146892e+00
3.451000e-05	-2.147754e-03	-4.979575e+00
3.452000e-05	-3.172447e-03	-4.780052e+00
3.453000e-05	-2.166921e-03	-4.672709e+00
3.454000e-05	-2.631847e-03	-4.525913e+00
3.455000e-05	-2.836844e-03	-4.420054e+00
3.456000e-05	-2.843233e-03	-4.273288e+00
3.457000e-05	-1.872764e-03	-4.118443e+00
3.458000e-05	-3.522075e-03	-4.039607e+00
3.459000e-05	-2.817702e-03	-3.894767e+00
3.460000e-05	-3.497288e-03	-3.675359e+00
3.461000e-05	-2.787627e-03	-3.539376e+00
3.462000e-05	-3.986527e-03	-3.432628e+00
3.463000e-05	-2.858018e-03	-3.264689e+00
3.464000e-05	-3.391473e-03	-3.137897e+00
3.465000e-05	-2.921541e-03	-2.927951e+00
3.466000e-05	-3.689657e-03	-2.810024e+00
3.467000e-05	-3.292734e-03	-2.661610e+00
3.468000e-05	-4.240578e-03	-2.513261e+00
3.469000e-05	-4.974726e-03	-2.349422e+00
3.470000e-05	-4.023874e-03	-2.156497e+00
3.471000e-05	-4.117692e-03	-1.989526e+00
3.472000e-05	-2.854460e-03	-1.842657e+00
3.473000e-05	-3.494253e-03	-1.684286e+00
3.474000e-05	-3.199161e-03	-1.558896e+00
3.475000e-05	-4.515025e-03	-1.295845e+00
3.476000e-05	-3.879173e-03	-1.087344e+00
3.477000e-05	-4.623528e-03	-1.039469e+00
3.478000e-05	-5.115076e-03	-8.396563e-01
3.479000e-05	-5.071206e-03	-6.431882e-01
3.480000e-05	-4.223024e-03	-4.732329e-01
3.481000e-05	-4.820462e-03	-2.863422e-01
3.482000e-05	-4.515576e-03	-1.880199e-01
3.483000e-05	-2.526504e-03	-1.058013e-02
3.484000e-05	1.191144e-03	1.873608e-01
3.485000e-05	-1.235425e-03	3.483421e-01
3.486000e-05	-1.576630e-03	4.935577e-01
3.487000e-05	-1.497064e-03	5.905488e-01
3.488000e-05	-3.465527e-03	7.478184e-01
3.489000e-05	-2.916102e-03	8.631817e-01
3.490000e-05	-1.011316e-03	1.084558e+00
3.491000e-05	9.221511e-03	1.252071e+00
3.492000e-05	4.966586e-02	1.420724e+00
3.493000e-05	2.913168e-02	1.672560e+00
3.494000e-05	-4.460942e-02	1.844555e+00
3.495000e-05	-4.238033e-02	1.981524e+00
3.496000e-05	-8.246859e-02	2.146768e+00
3.497000e-05	1.990217e-02	2.270600e+00
3.498000e-05	1.203389e-01	2.358977e+00
3.499000e-05	-1.168028e-01	2.494111e+00
3.500000e-05	1.891118e-02	2.633633e+00
3.501000e-05	9.000835e-02	2.849475e+00
3.502000e-05	-1.253977e-01	3.010924e+00
3.503000e-05	2.940243e-02	3.107291e+00
3.504000e-05	8.454506e-02	3.271576e+00
3.505000e-05	-1.104455e-01	3.463599e+00
3.506000e-05	4.594659e-02	3.559999e+00
3.507000e-05	2.875156e-02	3.736841e+00
3.508000e-05	-6.407382e-02	3.893688e+00
3.509000e-05	3.354151e-02	4.040983e+00
3.510000e-05	-2.472538e-02	4.209429e+00
3.511000e-05	-1.173977e-02	4.379451e+00
3.512000e-05	1.866177e-02	4.505262e+00
3.513000e-05	-1.721222e-02	4.655039e+00
3.514000e-05	1.240307e-02	4.808997e+00
3.515000e-05	1.197693e-02	5.008321e+00
3.516000e-05	-2.286740e-02	5.169773e+00
3.517000e-05	-1.969779e-02	5.355342e+00
3.518000e-05	7.115872e-03	5.451155e+00
3.519000e-05	2.207148e-02	5.570922e+00
3.520000e-05	-2.349374e-02	5.672583e+00
3.521000e-05	-2.468795e-03	5.821425e+00
3.522000e-05	1.751593e-03	5.970322e+00
3.523000e-05	-1.294920e-02	6.094659e+00
3.524000e-05	-4.356824e-04	6.219953e+00
3.525000e-05	-1.293305e-02	6.294741e+00
3.526000e-05	1.395493e-02	6.399049e+00
3.527000e-05	-2.813547e-04	6.535665e+00
3.528000e-05	-2.376683e-02	6.706114e+00
3.529000e-05	-6.331460e-03	6.819976e+00
3.530000e-05	7.048626e-03	6.852612e+00
3.531000e-05	-2.811798e-03	6.949371e+00
3.532000e-05	-1.605733e-02	7.033584e+00
3.533000e-05	7.303007e-04	7.177349e+00
3.534000e-05	5.825880e-03	7.231582e+00
3.535000e-05	-1.644495e-02	7.315771e+00
3.536000e-05	-1.345637e-02	7.486668e+00
3.537000e-05	1.150184e-03	7.617901e+00
3.538000e-05	-1.055067e-04	7.685607e+00
3.539000e-05	-1.103318e-02	7.758774e+00
3.540000e-05	-9.525815e-03	7.844688e+00
3.541000e-05	9.948565e-04	8.032947e+00
3.542000e-05	-7.157084e-03	8.102635e+00
3.543000e-05	-9.965161e-03	8.087240e+00
3.544000e-05	-5.690051e-03	8.212978e+00
3.545000e-05	-5.017742e-03	8.233660e+00
3.546000e-05	-8.498211e-03	8.345266e+00
3.547000e-05	-7.451460e-03	8.398973e+00
3.548000e-05	-3.013252e-03	8.431031e+00
3.549000e-05	-9.658884e-03	8.465108e+00
3.550000e-05	-1.182345e-02	8.475137e+00
3.551000e-05	-7.406873e-03	8.547795e+00
3.552000e-05	-5.749792e-03	8.601001e+00
3.553000e-05	-7.141298e-03	8.631554e+00
3.554000e-05	-9.092036e-03	8.634608e+00
3.555000e-05	-1.016445e-02	8.675166e+00
3.556000e-05	-1.120947e-02	8.716293e+00
3.557000e-05	-9.281830e-03	8.705716e+00
3.558000e-05	-7.910263e-03	8.769425e+00
3.559000e-05	-1.164535e-02	8.778374e+00
3.560000e-05	-1.412668e-02	8.830053e+00
3.561000e-05	-1.229706e-02	8.820504e+00
3.562000e-05	-1.101585e-02	8.822478e+00
3.563000e-05	-1.317175e-02	8.822604e+00
3.564000e-05	-1.394440e-02	8.851654e+00
3.565000e-05	-1.380585e-02	8.823182e+00
3.566000e-05	-1.378629e-02	8.852082e+00
3.567000e-05	-1.687270e-02	8.853654e+00
3.568000e-05	-1.593862e-02	8.873133e+00
3.569000e-05	-1.812690e-02	8.852109e+00
3.570000e-05	-1.924862e-02	8.810106e+00
3.571000e-05	-2.013593e-02	8.842007e+00
3.572000e-05	-2.144165e-02	8.820603e+00
3.573000e-05	-2.114921e-02	8.781500e+00
3.574000e-05	-2.319841e-02	8.779000e+00
3.575000e-05	-2.388619e-02	8.747397e+00
3.576000e-05	-2.335317e-02	8.685265e+00
3.577000e-05	-2.390149e-02	8.715688e+00
3.578000e-05	-2.463690e-02	8.644638e+00
3.579000e-05	-2.515782e-02	8.641582e+00
3.580000e-05	-2.466997e-02	8.589974e+00
3.581000e-05	-2.281810e-02	8.516343e+00
3.582000e-05	-2.230243e-02	8.494189e+00
3.583000e-05	-2.272007e-02	8.411108e+00
3.584000e-05	-2.044995e-02	8.430478e+00
3.585000e-05	-1.859019e-02	8.357922e+00
3.586000e-05	-1.874691e-02	8.325815e+00
3.587000e-05	-1.870187e-02	8.210558e+00
3.588000e-05	-1.572673e-02	8.158445e+00
3.589000e-05	-1.446440e-02	8.122159e+00
3.590000e-05	-1.503368e-02	7.992579e+00
3.591000e-05	-1.457774e-02	7.905325e+00
3.592000e-05	-1.300796e-02	7.811662e+00
3.593000e-05	-1.164621e-02	7.789346e+00
3.594000e-05	-1.235156e-02	7.674713e+00
3.595000e-05	-9.991008e-03	7.620055e+00
3.596000e-05	-1.059805e-02	7.548795e+00
3.597000e-05	-8.347609e-03	7.359550e+00
3.598000e-05	-1.093641e-02	7.244636e+00
3.599000e-05	-8.983893e-03	7.208949e+00
3.600000e-05	-9.734026e-03	7.105238e+00
3.601000e-05	-8.330716e-03	6.970478e+00
3.602000e-05	-7.802104e-03	6.893711e+00
3.603000e-05	-5.901845e-03	6.780079e+00
3.604000e-05	-7.129525e-03	6.685843e+00
3.605000e-05	-7.884541e-03	6.598953e+00
3.606000e-05	-7.992084e-03	6.413633e+00
3.607000e-05	-6.555270e-03	6.346343e+00
3.608000e-05	-5.501665e-03	6.201133e+00
3.609000e-05	-5.994573e-03	6.125265e+00
3.610000e-05	-5.837266e-03	6.001078e+00
3.611000e-05	-6.125745e-03	5.904770e+00
3.612000e-05	-5.878489e-03	5.695795e+00
3.613000e-05	-5.953636e-03	5.589426e+00
3.614000e-05	-5.790064e-03	5.451162e+00
3.615000e-05	-6.309973e-03	5.318370e+00
3.616000e-05	-4.993949e-03	5.190554e+00
3.617000e-05	-4.493834e-03	4.981030e+00
3.618000e-05	-5.004922e-03	4.822134e+00
3.619000e-05	-4.871364e-03	4.695321e+00
3.620000e-05	-5.947692e-03	4.549423e+00
3.621000e-05	-5.048124e-03	4.452204e+00
3.622000e-05	-5.064866e-03	4.307717e+00
3.623000e-05	-3.648340e-03	4.095320e+00
3.624000e-05	-4.447325e-03	3.980497e+00
3.625000e-05	-5.137420e-03	3.831130e+00
3.626000e-05	-4.426960e-03	3.695737e+00
3.627000e-05	-4.241044e-03	3.549499e+00
3.628000e-05	-4.456592e-03	3.410128e+00
3.629000e-05	-4.548034e-03	3.251630e+00
3.630000e-05	-4.722357e-03	3.085739e+00
3.631000e-05	-4.521651e-03	2.947421e+00
3.632000e-05	-4.345402e-03	2.791029e+00
3.633000e-05	-3.816343e-03	2.674214e+00
3.634000e-05	-4.030576e-03	2.422233e+00
3.635000e-05	-4.652127e-03	2.324265e+00
3.636000e-05	-4.336702e-03	2.137371e+00
3.637000e-05	-3.910071e-03	2.030599e+00
3.638000e-05	-3.611856e-03	1.893168e+00
3.639000e-05	-4.737276e-03	1.663237e+00
3.640000e-05	-3.105959e-03	1.506341e+00
3.641000e-05	-4.283476e-03	1.347845e+00
3.642000e-05	-3.935454e-03	1.198474e+00
3.643000e-05	-4.300557e-03	9.684986e-01
3.644000e-05	-3.499347e-03	7.795001e-01
3.645000e-05	-4.779064e-03	6.521328e-01
3.646000e-05	-3.697132e-03	4.827067e-01
3.647000e-05	-3.563678e-03	3.363710e-01
3.648000e-05	-3.824713e-03	1.053659e-01
3.649000e-05	-6.579400e-04	-4.202895e-02
3.650000e-05	2.756127e-03	-1.694184e-01
3.651000e-05	-7.178717e-04	-3.267408e-01
3.652000e-05	-4.107933e-04	-4.306027e-01
3.653000e-05	-7.565403e-04	-6.116240e-01
3.654000e-05	-9.220658e-04	-7.394748e-01
3.655000e-05	-1.607038e-03	-9.467869e-01
3.656000e-05	2.093544e-03	-1.074130e+00
3.657000e-05	3.263291e-02	-1.179448e+00
3.658000e-05	6.357985e-02	-1.392974e+00
3.659000e-05	-4.838023e-02	-1.674207e+00
3.660000e-05	-3.039440e-02	-1.895686e+00
3.661000e-05	-9.953735e-02	-2.010601e+00
3.662000e-05	3.773463e-02	-2.093208e+00
3.663000e-05	1.226172e-01	-2.064911e+00
3.664000e-05	-1.422686e-01	-2.411523e+00
3.665000e-05	3.433175e-02	-2.531001e+00
3.666000e-05	1.229993e-01	-2.652153e+00
3.667000e-05	-1.659994e-01	-2.821573e+00
3.668000e-05	3.968487e-02	-3.052104e+00
3.669000e-05	1.162077e-01	-3.158920e+00
3.670000e-05	-1.354888e-01	-3.327366e+00
3.671000e-05	8.131625e-02	-3.472133e+00
3.672000e-05	2.061714e-02	-3.601495e+00
3.673000e-05	-1.000400e-01	-3.819421e+00
3.674000e-05	9.604091e-02	-3.987388e+00
3.675000e-05	-7.274373e-02	-4.155263e+00
3.676000e-05	4.228584e-03	-4.283208e+00
3.677000e-05	8.331841e-02	-4.357369e+00
3.678000e-05	-1.041072e-01	-4.486632e+00
3.679000e-05	6.541085e-02	-4.724709e+00
3.680000e-05	1.273854e-02	-4.810001e+00
3.681000e-05	-4.704066e-02	-4.989496e+00
3.682000e-05	2.409879e-02	-5.124287e+00
3.683000e-05	-3.612533e-02	-5.253630e+00
3.684000e-05	6.052471e-02	-5.412023e+00
3.685000e-05	-2.951624e-02	-5.569442e+00
3.686000e-05	-1.825796e-02	-5.714688e+00
3.687000e-05	5.796902e-02	-5.821005e+00
3.688000e-05	-5.507142e-02	-5.928844e+00
3.689000e-05	1.468848e-02	-6.030079e+00
3.690000e-05	-1.114993e-02	-6.109311e+00
3.691000e-05	2.893866e-02	-6.275813e+00
3.692000e-05	2.475881e-02	-6.401550e+00
3.693000e-05	-6.903972e-02	-6.488842e+00
3.694000e-05	3.547424e-02	-6.642128e+00
3.695000e-05	7.043397e-03	-6.737319e+00
3.696000e-05	-4.322739e-03	-6.811474e+00
3.697000e-05	-8.164470e-03	-6.914765e+00
3.698000e-05	5.128662e-04	-7.055239e+00
3.699000e-05	3.659630e-02	-7.159474e+00
3.700000e-05	-3.746049e-02	-7.274711e+00
3.701000e-05	1.487470e-03	-7.329395e+00
3.702000e-05	1.381074e-02	-7.443183e+00
3.703000e-05	3.274499e-03	-7.578821e+00
3.704000e-05	-6.518192e-03	-7.612054e+00
3.705000e-05	-9.172763e-03	-7.765942e+00
3.706000e-05	2.555378e-02	-7.826084e+00
3.707000e-05	-8.218640e-03	-7.939420e+00
3.708000e-05	-6.985559e-03	-8.053078e+00
3.709000e-05	4.175121e-03	-8.084759e+00
3.710000e-05	8.392058e-03	-8.158422e+00
3.711000e-05	2.962091e-03	-8.222579e+00
3.712000e-05	-3.739428e-03	-8.265312e+00
3.713000e-05	9.140851e-03	-8.347790e+00
3.714000e-05	-5.265315e-04	-8.358549e+00
3.715000e-05	-2.158801e-03	-8.391027e+00
3.716000e-05	4.574420e-03	-8.462082e+00
3.717000e-05	6.940857e-03	-8.535294e+00
3.718000e-05	6.331293e-03	-8.519449e+00
3.719000e-05	2.753670e-03	-8.654156e+00
3.720000e-05	2.741324e-03	-8.635211e+00
3.721000e-05	2.005330e-03	-8.666741e+00
3.722000e-05	4.209240e-03	-8.718420e+00
3.723000e-05	5.731645e-03	-8.820025e+00
3.724000e-05	5.053191e-03	-8.820475e+00
3.725000e-05	2.633255e-03	-8.840553e+00
3.726000e-05	5.850889e-03	-8.823629e+00
3.727000e-05	8.000341e-03	-8.821130e+00
3.728000e-05	4.938167e-03	-8.872582e+00
3.729000e-05	6.443244e-03	-8.852658e+00
3.730000e-05	9.509344e-03	-8.864236e+00
3.731000e-05	9.966542e-03	-8.874708e+00
3.732000e-05	7.328845e-03	-8.877638e+00
3.733000e-05	8.925803e-03	-8.856187e+00
3.734000e-05	1.122848e-02	-8.854685e+00
3.735000e-05	1.220380e-02	-8.843687e+00
3.736000e-05	1.150539e-02	-8.843641e+00
3.737000e-05	1.578874e-02	-8.841554e+00
3.738000e-05	1.579534e-02	-8.792657e+00
3.739000e-05	1.522272e-02	-8.819079e+00
3.740000e-05	1.564021e-02	-8.739579e+00
3.741000e-05	1.813686e-02	-8.769498e+00
3.742000e-05	1.959947e-02	-8.718396e+00
3.743000e-05	1.879249e-02	-8.746795e+00
3.744000e-05	1.899242e-02	-8.662187e+00
3.745000e-05	1.902662e-02	-8.540498e+00
3.746000e-05	1.923847e-02	-8.505770e+00
3.747000e-05	1.737875e-02	-8.474764e+00
3.748000e-05	1.493986e-02	-8.439608e+00
3.749000e-05	1.517473e-02	-8.398997e+00
3.750000e-05	1.550572e-02	-8.337368e+00
3.751000e-05	1.431002e-02	-8.285339e+00
3.752000e-05	1.156421e-02	-8.212159e+00
3.753000e-05	1.050188e-02	-8.148472e+00
3.754000e-05	9.893851e-03	-8.076863e+00
3.755000e-05	8.841137e-03	-8.023155e+00
3.756000e-05	8.160568e-03	-8.019901e+00
3.757000e-05	7.151487e-03	-7.927789e+00
3.758000e-05	6.038726e-03	-7.820609e+00
3.759000e-05	5.295936e-03	-7.683757e+00
3.760000e-05	5.996321e-03	-7.590545e+00
3.761000e-05	3.776026e-03	-7.474287e+00
3.762000e-05	3.103674e-03	-7.420679e+00
3.763000e-05	4.392710e-03	-7.316792e+00
3.764000e-05	2.863251e-03	-7.252158e+00
3.765000e-05	3.270033e-03	-7.189994e+00
3.766000e-05	2.370099e-03	-7.074163e+00
3.767000e-05	2.751116e-03	-6.935869e+00
3.768000e-05	1.118244e-03	-6.821633e+00
3.769000e-05	8.870315e-04	-6.758372e+00
3.770000e-05	1.648960e-03	-6.641629e+00
3.771000e-05	2.039737e-03	-6.496793e+00
3.772000e-05	6.946113e-04	-6.421603e+00
3.773000e-05	-7.350295e-06	-6.307892e+00
3.774000e-05	2.406031e-04	-6.139925e+00
3.775000e-05	-4.148923e-05	-6.020627e+00
3.776000e-05	-1.719822e-03	-5.956893e+00
3.777000e-05	-4.068703e-04	-5.779603e+00
3.778000e-05	-3.171453e-04	-5.671657e+00
3.779000e-05	-1.676260e-03	-5.589544e+00
3.780000e-05	-2.085821e-03	-5.389053e+00
3.781000e-05	-1.496570e-03	-5.192181e+00
3.782000e-05	-2.019472e-03	-5.086312e+00
3.783000e-05	-3.060144e-03	-4.917320e+00
3.784000e-05	-1.982727e-03	-4.757318e+00
3.785000e-05	-1.821396e-03	-4.571573e+00
3.786000e-05	-3.164950e-03	-4.444813e+00
3.787000e-05	-3.055907e-03	-4.389473e+00
3.788000e-05	-2.122594e-03	-4.251711e+00
3.789000e-05	-3.085443e-03	-4.096370e+00
3.790000e-05	-2.947687e-03	-4.008003e+00
3.791000e-05	-2.999849e-03	-3.832104e+00
3.792000e-05	-2.535657e-03	-3.662132e+00
3.793000e-05	-3.100287e-03	-3.525346e+00
3.794000e-05	-3.920127e-03	-3.379049e+00
3.795000e-05	-3.476589e-03	-3.232653e+00
3.796000e-05	-2.865927e-03	-3.073763e+00
3.797000e-05	-3.462383e-03	-2.873860e+00
3.798000e-05	-2.854056e-03	-2.728921e+00
3.799000e-05	-3.449598e-03	-2.600025e+00
3.800000e-05	-3.931340e-03	-2.430149e+00
3.801000e-05	-4.912405e-03	-2.296746e+00
3.802000e-05	-3.552807e-03	-2.133836e+00
3.803000e-05	-3.958608e-03	-1.938441e+00
3.804000e-05	-2.421303e-03	-1.791551e+00
3.805000e-05	-4.221090e-03	-1.633182e+00
3.806000e-05	-3.598654e-03	-1.443264e+00
3.807000e-05	-4.666266e-03	-1.261637e+00
3.808000e-05	-3.945755e-03	-1.074312e+00
3.809000e-05	-4.437883e-03	-8.849162e-01
3.810000e-05	-5.737514e-03	-7.685213e-01
3.811000e-05	-4.707674e-03	-5.776813e-01
3.812000e-05	-4.478134e-03	-4.190302e-01
3.813000e-05	-4.045139e-03	-2.528344e-01
3.814000e-05	-4.229904e-03	-9.689217e-02
3.815000e-05	-1.389745e-03	1.155244e-02
3.816000e-05	1.826754e-03	2.404763e-01
3.817000e-05	-1.993750e-03	3.898950e-01
3.818000e-05	-7.672977e-04	4.942382e-01
3.819000e-05	-3.164611e-03	6.620788e-01
3.820000e-05	-2.537060e-03	7.904500e-01
3.821000e-05	-3.903329e-03	9.383659e-01
3.822000e-05	2.250344e-03	1.156343e+00
3.823000e-05	1.804176e-02	1.296184e+00
3.824000e-05	5.983306e-02	1.536210e+00
3.825000e-05	-6.036755e-03	1.736820e+00
3.826000e-05	-4.659448e-02	1.906316e+00
3.827000e-05	-4.956413e-02	2.042080e+00
3.828000e-05	-7.326795e-02	2.207775e+00
3.829000e-05	9.299681e-02	2.271082e+00
3.830000e-05	5.139507e-02	2.450029e+00
3.831000e-05	-1.391971e-01	2.536317e+00
3.832000e-05	1.039092e-01	2.694237e+00
3.833000e-05	-1.662046e-03	2.914189e+00
3.834000e-05	-1.093175e-01	3.042580e+00
3.835000e-05	9.753921e-02	3.136420e+00
3.836000e-05	6.166666e-03	3.294134e+00
3.837000e-05	-9.089496e-02	3.515742e+00
3.838000e-05	8.785984e-02	3.631571e+00
3.839000e-05	-2.952081e-02	3.789475e+00
3.840000e-05	-3.143073e-02	3.947372e+00
3.841000e-05	2.951635e-02	4.092234e+00
3.842000e-05	-3.777426e-02	4.296662e+00
3.843000e-05	1.405533e-02	4.420474e+00
3.844000e-05	3.569277e-03	4.558400e+00
3.845000e-05	-1.301888e-02	4.725288e+00
3.846000e-05	1.845899e-02	4.820583e+00
3.847000e-05	-3.482528e-03	5.033537e+00
3.848000e-05	-2.726842e-02	5.232554e+00
3.849000e-05	-1.501780e-02	5.368895e+00
3.850000e-05	2.189166e-02	5.465688e+00
3.851000e-05	6.425143e-03	5.549476e+00
3.852000e-05	-2.489466e-02	5.674283e+00
3.853000e-05	5.772802e-03	5.907768e+00
3.854000e-05	-4.719608e-03	6.031002e+00
3.855000e-05	-8.103267e-03	6.155867e+00
3.856000e-05	-5.554290e-03	6.242033e+00
3.857000e-05	-6.790552e-03	6.348390e+00
3.858000e-05	1.810132e-02	6.420057e+00
3.859000e-05	-1.249516e-02	6.558868e+00
3.860000e-05	-2.018846e-02	6.737892e+00
3.861000e-05	1.503882e-03	6.811050e+00
3.862000e-05	4.353458e-03	6.884189e+00
3.863000e-05	-8.091526e-03	7.018974e+00
3.864000e-05	-1.478363e-02	7.094665e+00
3.865000e-05	9.186101e-03	7.188925e+00
3.866000e-05	-2.971027e-03	7.263134e+00
3.867000e-05	-1.682212e-02	7.417873e+00
3.868000e-05	-8.728606e-03	7.506343e+00
3.869000e-05	2.614693e-03	7.621533e+00
3.870000e-05	-3.743173e-03	7.705741e+00
3.871000e-05	-1.316460e-02	7.770000e+00
3.872000e-05	-4.402016e-03	7.936811e+00
3.873000e-05	-1.088381e-03	7.999450e+00
3.874000e-05	-9.659580e-03	8.086235e+00
3.875000e-05	-8.725574e-03	8.157872e+00
3.876000e-05	-4.246927e-03	8.260083e+00
3.877000e-05	-6.738718e-03	8.325241e+00
3.878000e-05	-9.307005e-03	8.327866e+00
3.879000e-05	-5.685105e-03	8.399502e+00
3.880000e-05	-4.689830e-03	8.444106e+00
3.881000e-05	-1.120376e-02	8.463611e+00
3.882000e-05	-9.995496e-03	8.476715e+00
3.883000e-05	-5.992985e-03	8.537824e+00
3.884000e-05	-6.508082e-03	8.569981e+00
3.885000e-05	-8.121760e-03	8.671558e+00
3.886000e-05	-9.926198e-03	8.644162e+00
3.887000e-05	-1.060118e-02	8.695241e+00
3.888000e-05	-1.096810e-02	8.706818e+00
3.889000e-05	-9.027363e-03	8.727441e+00
3.890000e-05	-8.526815e-03	8.758871e+00
3.891000e-05	-1.142798e-02	8.788503e+00
3.892000e-05	-1.385889e-02	8.769525e+00
3.893000e-05	-1.202636e-02	8.800502e+00
3.894000e-05	-1.168953e-02	8.851105e+00
3.895000e-05	-1.352961e-02	8.821634e+00
3.896000e-05	-1.370618e-02	8.831062e+00
3.897000e-05	-1.343819e-02	8.862657e+00
3.898000e-05	-1.460775e-02	8.843634e+00
3.899000e-05	-1.685269e-02	8.811136e+00
3.900000e-05	-1.763233e-02	8.811631e+00
3.901000e-05	-1.878862e-02	8.852106e+00
3.902000e-05	-2.009169e-02	8.851582e+00
3.903000e-05	-2.021711e-02	8.820504e+00
3.904000e-05	-2.092684e-02	8.801053e+00
3.905000e-05	-2.210450e-02	8.799500e+00
3.906000e-05	-2.411629e-02	8.728973e+00
3.907000e-05	-2.321225e-02	8.757420e+00
3.908000e-05	-2.448144e-02	8.704744e+00
3.909000e-05	-2.479477e-02	8.705190e+00
3.910000e-05	-2.514811e-02	8.642108e+00
3.911000e-05	-2.486259e-02	8.659482e+00
3.912000e-05	-2.380638e-02	8.538451e+00
3.913000e-05	-2.225778e-02	8.526845e+00
3.914000e-05	-2.176347e-02	8.463711e+00
3.915000e-05	-2.228530e-02	8.431629e+00
3.916000e-05	-2.087554e-02	8.380001e+00
3.917000e-05	-1.936004e-02	8.315320e+00
3.918000e-05	-1.888354e-02	8.282065e+00
3.919000e-05	-1.666559e-02	8.179030e+00
3.920000e-05	-1.587488e-02	8.146717e+00
3.921000e-05	-1.391331e-02	8.062207e+00
3.922000e-05	-1.467322e-02	7.999978e+00
3.923000e-05	-1.336672e-02	7.887269e+00
3.924000e-05	-1.336394e-02	7.811579e+00
3.925000e-05	-1.266873e-02	7.756370e+00
3.926000e-05	-1.187166e-02	7.633138e+00
3.927000e-05	-9.839670e-03	7.580000e+00
3.928000e-05	-1.084336e-02	7.492766e+00
3.929000e-05	-9.569998e-03	7.338844e+00
3.930000e-05	-1.017576e-02	7.252630e+00
3.931000e-05	-8.665314e-03	7.175821e+00
3.932000e-05	-8.162896e-03	7.053609e+00
3.933000e-05	-8.593986e-03	6.957974e+00
3.934000e-05	-7.365498e-03	6.843612e+00
3.935000e-05	-7.804134e-03	6.758974e+00
3.936000e-05	-7.059497e-03	6.651732e+00
3.937000e-05	-6.541168e-03	6.485317e+00
3.938000e-05	-6.762789e-03	6.408528e+00
3.939000e-05	-6.379919e-03	6.274719e+00
3.940000e-05	-5.820799e-03	6.187025e+00
3.941000e-05	-7.419725e-03	6.084187e+00
3.942000e-05	-5.691301e-03	5.959425e+00
3.943000e-05	-7.127403e-03	5.820164e+00
3.944000e-05	-3.048899e-03	5.643261e+00
3.945000e-05	-4.663422e-03	5.536896e+00
3.946000e-05	-5.919289e-03	5.401579e+00
3.947000e-05	-5.075021e-03	5.275292e+00
3.948000e-05	-6.890356e-03	5.146344e+00
3.949000e-05	-5.349870e-03	5.016894e+00
3.950000e-05	-7.178662e-03	4.789451e+00
3.951000e-05	-5.381760e-03	4.652180e+00
3.952000e-05	-4.167556e-03	4.526320e+00
3.953000e-05	-4.848258e-03	4.400051e+00
3.954000e-05	-3.523353e-03	4.252608e+00
3.955000e-05	-3.824034e-03	4.074211e+00
3.956000e-05	-3.954742e-03	3.957395e+00
3.957000e-05	-4.662347e-03	3.799077e+00
3.958000e-05	-5.744243e-03	3.632234e+00
3.959000e-05	-5.417179e-03	3.505396e+00
3.960000e-05	-5.321793e-03	3.327421e+00
3.961000e-05	-3.833605e-03	3.189478e+00
3.962000e-05	-2.952468e-03	3.052682e+00
3.963000e-05	-3.448415e-03	2.893690e+00
3.964000e-05	-3.224578e-03	2.780477e+00
3.965000e-05	-3.919776e-03	2.560025e+00
3.966000e-05	-3.736978e-03	2.389504e+00
3.967000e-05	-4.445426e-03	2.272659e+00
3.968000e-05	-5.020992e-03	2.075262e+00
3.969000e-05	-4.758340e-03	1.958422e+00
3.970000e-05	-5.221671e-03	1.818002e+00
3.971000e-05	-4.271262e-03	1.610105e+00
3.972000e-05	-3.420465e-03	1.452182e+00
3.973000e-05	-2.489559e-03	1.272711e+00
3.974000e-05	-3.718814e-03	1.096295e+00
3.975000e-05	-4.304947e-03	8.746654e-01
3.976000e-05	-3.658387e-03	7.563459e-01
3.977000e-05	-3.307099e-03	5.784263e-01
3.978000e-05	-3.561417e-03	4.206063e-01
3.979000e-05	-4.137610e-03	2.821882e-01
3.980000e-05	-4.130891e-03	6.423152e-02
3.981000e-05	3.865636e-04	-1.136080e-01
3.982000e-05	3.027561e-03	-2.025237e-01
3.983000e-05	-1.347810e-03	-3.688947e-01
3.984000e-05	-3.875681e-05	-5.257830e-01
3.985000e-05	-1.975366e-03	-6.866858e-01
3.986000e-05	-5.881457e-04	-8.610514e-01
3.987000e-05	-1.108523e-03	-9.998635e-01
3.988000e-05	6.641933e-03	-1.134710e+00
3.989000e-05	6.044303e-02	-1.244128e+00
3.990000e-05	2.607761e-02	-1.507813e+00
3.991000e-05	-5.443676e-02	-1.726415e+00
3.992000e-05	-4.022622e-02	-1.969397e+00
3.993000e-05	-9.861039e-02	-2.032602e+00
3.994000e-05	1.160067e-01	-2.071609e+00
3.995000e-05	4.039411e-02	-2.220820e+00
3.996000e-05	-1.535225e-01	-2.475135e+00
3.997000e-05	1.166622e-01	-2.621025e+00
3.998000e-05	-1.065127e-02	-2.704159e+00
3.999000e-05	-1.697276e-01	-2.975787e+00
4.000000e-05	1.266069e-01	-3.096661e+00
4.001000e-05	7.873079e-03	-3.190601e+00
4.002000e-05	-1.060752e-01	-3.400425e+00
4.003000e-05	1.357034e-01	-3.506713e+00
4.004000e-05	-7.350068e-02	-3.683130e+00
4.005000e-05	-2.063837e-02	-3.856288e+00
4.006000e-05	6.744650e-02	-3.981051e+00
4.007000e-05	-1.001311e-01	-4.188871e+00
4.008000e-05	7.875965e-02	-4.306243e+00
4.009000e-05	4.624270e-03	-4.378471e+00
4.010000e-05	-7.060554e-02	-4.548869e+00
4.011000e-05	9.525779e-02	-4.726237e+00
4.012000e-05	-4.366398e-02	-4.892608e+00
4.013000e-05	-8.574389e-03	-5.021054e+00
4.014000e-05	7.355489e-04	-5.117370e+00
4.015000e-05	-1.437583e-02	-5.317339e+00
4.016000e-05	5.938651e-02	-5.494187e+00
4.017000e-05	-6.574665e-02	-5.611001e+00
4.018000e-05	3.432455e-02	-5.697346e+00
4.019000e-05	1.605170e-02	-5.852130e+00
4.020000e-05	-4.689280e-02	-5.989971e+00
4.021000e-05	2.528867e-02	-6.031729e+00
4.022000e-05	-2.042135e-02	-6.202450e+00
4.023000e-05	5.880220e-02	-6.369899e+00
4.024000e-05	-2.452206e-02	-6.434155e+00
4.025000e-05	-4.289097e-02	-6.578797e+00
4.026000e-05	4.444100e-02	-6.645187e+00
4.027000e-05	-1.042597e-02	-6.778499e+00
4.028000e-05	5.650172e-03	-6.854133e+00
4.029000e-05	-2.105958e-02	-6.927946e+00
4.030000e-05	2.502217e-02	-7.158346e+00
4.031000e-05	1.341600e-02	-7.231577e+00
4.032000e-05	-3.601008e-02	-7.306267e+00
4.033000e-05	1.644647e-02	-7.399953e+00
4.034000e-05	6.577574e-03	-7.505712e+00
4.035000e-05	6.357464e-03	-7.569498e+00
4.036000e-05	-1.651771e-02	-7.672657e+00
4.037000e-05	6.306703e-03	-7.810581e+00
4.038000e-05	1.912450e-02	-7.908740e+00
4.039000e-05	-1.464292e-02	-7.991028e+00
4.040000e-05	-8.597069e-04	-8.032603e+00
4.041000e-05	4.250223e-03	-8.105314e+00
4.042000e-05	1.038825e-02	-8.198496e+00
4.043000e-05	-2.706899e-03	-8.263055e+00
4.044000e-05	7.343642e-04	-8.336293e+00
4.045000e-05	8.856151e-03	-8.357896e+00
4.046000e-05	-2.731466e-03	-8.378973e+00
4.047000e-05	1.341060e-03	-8.412077e+00
4.048000e-05	3.793515e-03	-8.465260e+00
4.049000e-05	6.458590e-03	-8.498323e+00
4.050000e-05	3.907383e-03	-8.600024e+00
4.051000e-05	2.227296e-03	-8.664661e+00
4.052000e-05	3.078523e-03	-8.714263e+00
4.053000e-05	2.070224e-03	-8.737791e+00
4.054000e-05	5.679698e-03	-8.788271e+00
4.055000e-05	5.932538e-03	-8.780470e+00
4.056000e-05	4.116258e-03	-8.810504e+00
4.057000e-05	3.862038e-03	-8.799582e+00
4.058000e-05	7.695825e-03	-8.811608e+00
4.059000e-05	6.654813e-03	-8.842133e+00
4.060000e-05	4.380784e-03	-8.843628e+00
4.061000e-05	7.764917e-03	-8.853638e+00
4.062000e-05	1.019238e-02	-8.872737e+00
4.063000e-05	8.486758e-03	-8.872738e+00
4.064000e-05	8.582344e-03	-8.863683e+00
4.065000e-05	1.022113e-02	-8.864690e+00
4.066000e-05	1.241891e-02	-8.854657e+00
4.067000e-05	1.160078e-02	-8.903683e+00
4.068000e-05	1.316478e-02	-8.845659e+00
4.069000e-05	1.544992e-02	-8.822636e+00
4.070000e-05	1.595903e-02	-8.832127e+00
4.071000e-05	1.638674e-02	-8.790025e+00
4.072000e-05	1.719764e-02	-8.779001e+00
4.073000e-05	1.925343e-02	-8.768547e+00
4.074000e-05	1.934977e-02	-8.687366e+00
4.075000e-05	1.932796e-02	-8.694240e+00
4.076000e-05	1.903167e-02	-8.612581e+00
4.077000e-05	1.843259e-02	-8.587977e+00
4.078000e-05	1.925741e-02	-8.485790e+00
4.079000e-05	1.678290e-02	-8.452583e+00
4.080000e-05	1.538906e-02	-8.410578e+00
4.081000e-05	1.516454e-02	-8.358449e+00
4.082000e-05	1.510261e-02	-8.286814e+00
4.083000e-05	1.314295e-02	-8.274737e+00
4.084000e-05	1.133420e-02	-8.190529e+00
4.085000e-05	1.066094e-02	-8.118472e+00
4.086000e-05	9.446427e-03	-8.064712e+00
4.087000e-05	8.940005e-03	-8.022106e+00
4.088000e-05	7.922591e-03	-7.968001e+00
4.089000e-05	6.621973e-03	-7.876317e+00
4.090000e-05	5.557751e-03	-7.728949e+00
4.091000e-05	5.240924e-03	-7.633189e+00
4.092000e-05	4.852320e-03	-7.557425e+00
4.093000e-05	3.684023e-03	-7.474239e+00
4.094000e-05	3.678897e-03	-7.400449e+00
4.095000e-05	3.598712e-03	-7.305744e+00
4.096000e-05	3.847447e-03	-7.202106e+00
4.097000e-05	2.505747e-03	-7.157821e+00
4.098000e-05	2.385003e-03	-7.053053e+00
4.099000e-05	2.726193e-03	-6.883687e+00
4.100000e-05	1.542634e-03	-6.821526e+00
4.101000e-05	1.153181e-03	-6.674362e+00
4.102000e-05	2.700445e-03	-6.589478e+00
4.103000e-05	7.561963e-04	-6.475287e+00
4.104000e-05	-3.863402e-04	-6.420580e+00
4.105000e-05	-4.546178e-04	-6.273761e+00
4.106000e-05	1.471078e-03	-6.126417e+00
4.107000e-05	-4.407905e-04	-6.010525e+00
4.108000e-05	-1.437446e-03	-5.875765e+00
4.109000e-05	-3.047242e-04	-5.766949e+00
4.110000e-05	-7.366037e-04	-5.643133e+00
4.111000e-05	-2.058549e-03	-5.545918e+00
4.112000e-05	-2.078981e-03	-5.346322e+00
4.113000e-05	-9.208204e-04	-5.158550e+00
4.114000e-05	-1.891686e-03	-5.032132e+00
4.115000e-05	-3.248129e-03	-4.884688e+00
4.116000e-05	-2.261508e-03	-4.677357e+00
4.117000e-05	-2.814540e-03	-4.578999e+00
4.118000e-05	-2.733081e-03	-4.432182e+00
4.119000e-05	-4.578145e-03	-4.345944e+00
4.120000e-05	-1.724956e-03	-4.211602e+00
4.121000e-05	-3.786662e-03	-4.064208e+00
4.122000e-05	-9.690690e-04	-3.948418e+00
4.123000e-05	-3.582447e-03	-3.748429e+00
4.124000e-05	-3.209785e-03	-3.600975e+00
4.125000e-05	-4.040946e-03	-3.504137e+00
4.126000e-05	-3.664161e-03	-3.294420e+00
4.127000e-05	-3.460135e-03	-3.219025e+00
4.128000e-05	-3.446113e-03	-2.981128e+00
4.129000e-05	-2.146133e-03	-2.861134e+00
4.130000e-05	-2.972581e-03	-2.693862e+00
4.131000e-05	-4.362596e-03	-2.545971e+00
4.132000e-05	-3.485221e-03	-2.430474e+00
4.133000e-05	-3.775959e-03	-2.230683e+00
4.134000e-05	-3.116011e-03	-1.992082e+00
4.135000e-05	-3.716225e-03	-1.894737e+00
4.136000e-05	-4.048914e-03	-1.695967e+00
4.137000e-05	-3.841594e-03	-1.571053e+00
4.138000e-05	-4.068447e-03	-1.378104e+00
4.139000e-05	-3.836513e-03	-1.181474e+00
4.140000e-05	-3.224181e-03	-1.021630e+00
4.141000e-05	-3.966694e-03	-8.626829e-01
4.142000e-05	-4.617666e-03	-7.168423e-01
4.143000e-05	-5.271859e-03	-5.064143e-01
4.144000e-05	-3.830436e-03	-3.375011e-01
4.145000e-05	-4.624869e-03	-2.216263e-01
4.146000e-05	-2.943712e-03	-4.360677e-02
4.147000e-05	5.227562e-05	1.041829e-01
4.148000e-05	1.330805e-03	3.051330e-01
4.149000e-05	-2.305327e-03	4.120000e-01
4.150000e-05	-7.969330e-04	5.578423e-01
4.151000e-05	-2.954072e-03	6.941343e-01
4.152000e-05	-1.430361e-03	8.206263e-01
4.153000e-05	-2.773099e-03	1.010996e+00
4.154000e-05	4.674801e-03	1.219953e+00
4.155000e-05	3.389394e-02	1.358820e+00
4.156000e-05	5.256248e-02	1.578942e+00
4.157000e-05	-3.351897e-02	1.790925e+00
4.158000e-05	-4.403900e-02	1.968371e+00
4.159000e-05	-6.993754e-02	2.105189e+00
4.160000e-05	-3.685487e-02	2.199950e+00
4.161000e-05	1.323503e-01	2.314713e+00
4.162000e-05	-4.365434e-02	2.475005e+00
4.163000e-05	-7.480242e-02	2.570426e+00
4.164000e-05	1.289397e-01	2.759370e+00
4.165000e-05	-8.343063e-02	2.948373e+00
4.166000e-05	-4.582368e-02	3.064132e+00
4.167000e-05	1.154707e-01	3.219950e+00
4.168000e-05	-7.050609e-02	3.399929e+00
4.169000e-05	-2.049252e-02	3.567421e+00
4.170000e-05	7.391099e-02	3.703159e+00
4.171000e-05	-6.327382e-02	3.883132e+00
4.172000e-05	8.971212e-03	3.968899e+00
4.173000e-05	1.086125e-03	4.146945e+00
4.174000e-05	-3.012968e-02	4.387895e+00
4.175000e-05	2.831439e-02	4.451605e+00
4.176000e-05	-9.030544e-03	4.591524e+00
4.177000e-05	-2.920088e-03	4.738847e+00
4.178000e-05	1.776400e-02	4.914287e+00
4.179000e-05	-1.506811e-02	5.127267e+00
4.180000e-05	-2.487279e-02	5.253186e+00
4.181000e-05	-6.114085e-03	5.370951e+00
4.182000e-05	2.483117e-02	5.545318e+00
4.183000e-05	-1.087042e-02	5.632052e+00
4.184000e-05	-1.457190e-02	5.758322e+00
4.185000e-05	5.729487e-03	5.957816e+00
4.186000e-05	-1.111437e-02	6.032554e+00
4.187000e-05	-3.689484e-03	6.179270e+00
4.188000e-05	-1.093011e-02	6.285159e+00
4.189000e-05	3.357407e-03	6.378396e+00
4.190000e-05	1.231838e-02	6.462059e+00
4.191000e-05	-1.963119e-02	6.623058e+00
4.192000e-05	-1.338527e-02	6.767399e+00
4.193000e-05	5.337583e-03	6.852553e+00
4.194000e-05	2.989887e-04	6.957692e+00
4.195000e-05	-1.355009e-02	7.021028e+00
4.196000e-05	-6.959565e-03	7.117790e+00
4.197000e-05	1.178090e-02	7.190503e+00
4.198000e-05	-1.083137e-02	7.304667e+00
4.199000e-05	-1.653618e-02	7.434034e+00
4.200000e-05	-3.012193e-03	7.608372e+00
4.201000e-05	1.333843e-03	7.643132e+00
4.202000e-05	-7.910936e-03	7.715315e+00
4.203000e-05	-1.328914e-02	7.822010e+00
4.204000e-05	1.036795e-03	7.959313e+00
4.205000e-05	-4.063039e-03	8.082233e+00
4.206000e-05	-9.836606e-03	8.112290e+00
4.207000e-05	-6.565847e-03	8.190975e+00
4.208000e-05	-3.312240e-03	8.283711e+00
4.209000e-05	-8.025192e-03	8.305316e+00
4.210000e-05	-9.678830e-03	8.409422e+00
4.211000e-05	-4.545508e-03	8.401504e+00
4.212000e-05	-6.351205e-03	8.452083e+00
4.213000e-05	-1.088551e-02	8.473788e+00
4.214000e-05	-9.640058e-03	8.485720e+00
4.215000e-05	-5.302479e-03	8.589875e+00
4.216000e-05	-6.182195e-03	8.641607e+00
4.217000e-05	-8.394233e-03	8.641136e+00
4.218000e-05	-1.021177e-02	8.704689e+00
4.219000e-05	-1.122306e-02	8.704715e+00
4.220000e-05	-1.057333e-02	8.737771e+00
4.221000e-05	-8.620160e-03	8.746946e+00
4.222000e-05	-1.007096e-02	8.788949e+00
4.223000e-05	-1.298426e-02	8.809926e+00
4.224000e-05	-1.274709e-02	8.811032e+00
4.225000e-05	-1.195936e-02	8.811533e+00
4.226000e-05	-1.174392e-02	8.820578e+00
4.227000e-05	-1.325761e-02	8.852104e+00
4.228000e-05	-1.340030e-02	8.812057e+00
4.229000e-05	-1.477036e-02	8.873033e+00
4.230000e-05	-1.623817e-02	8.871613e+00
4.231000e-05	-1.684248e-02	8.872136e+00
4.232000e-05	-1.798273e-02	8.861109e+00
4.233000e-05	-1.909657e-02	8.832104e+00
4.234000e-05	-2.066693e-02	8.810658e+00
4.235000e-05	-2.085283e-02	8.821029e+00
4.236000e-05	-2.072968e-02	8.829008e+00
4.237000e-05	-2.342160e-02	8.768978e+00
4.238000e-05	-2.335401e-02	8.736896e+00
4.239000e-05	-2.452125e-02	8.726893e+00
4.240000e-05	-2.462456e-02	8.695790e+00
4.241000e-05	-2.502430e-02	8.684687e+00
4.242000e-05	-2.459302e-02	8.642659e+00
4.243000e-05	-2.494922e-02	8.630952e+00
4.244000e-05	-2.422282e-02	8.527898e+00
4.245000e-05	-2.284086e-02	8.515217e+00
4.246000e-05	-2.184118e-02	8.423636e+00
4.247000e-05	-2.134548e-02	8.431054e+00
4.248000e-05	-1.944926e-02	8.367424e+00
4.249000e-05	-1.846884e-02	8.296318e+00
4.250000e-05	-1.809172e-02	8.241555e+00
4.251000e-05	-1.712022e-02	8.180352e+00
4.252000e-05	-1.587985e-02	8.095763e+00
4.253000e-05	-1.404594e-02	8.000534e+00
4.254000e-05	-1.434120e-02	7.979368e+00
4.255000e-05	-1.285186e-02	7.833234e+00
4.256000e-05	-1.283243e-02	7.779503e+00
4.257000e-05	-1.220052e-02	7.706813e+00
4.258000e-05	-1.056853e-02	7.642559e+00
4.259000e-05	-1.033901e-02	7.547845e+00
4.260000e-05	-9.615212e-03	7.422559e+00
4.261000e-05	-1.054794e-02	7.275237e+00
4.262000e-05	-8.537146e-03	7.212055e+00
4.263000e-05	-9.649041e-03	7.095789e+00
4.264000e-05	-8.675980e-03	7.002080e+00
4.265000e-05	-8.008858e-03	6.936766e+00
4.266000e-05	-7.675053e-03	6.821055e+00
4.267000e-05	-8.192116e-03	6.758895e+00
4.268000e-05	-6.668968e-03	6.579480e+00
4.269000e-05	-6.961649e-03	6.464135e+00
4.270000e-05	-5.945951e-03	6.347424e+00
4.271000e-05	-6.854632e-03	6.232587e+00
4.272000e-05	-6.808958e-03	6.136391e+00
4.273000e-05	-6.310236e-03	6.042531e+00
4.274000e-05	-6.425240e-03	5.947396e+00
4.275000e-05	-6.216392e-03	5.778476e+00
4.276000e-05	-5.659617e-03	5.611533e+00
4.277000e-05	-5.370169e-03	5.484242e+00
4.278000e-05	-5.285226e-03	5.378899e+00
4.279000e-05	-4.884172e-03	5.243107e+00
4.280000e-05	-4.348450e-03	5.074661e+00
4.281000e-05	-5.362972e-03	4.893234e+00
4.282000e-05	-4.777912e-03	4.717817e+00
4.283000e-05	-5.358636e-03	4.610978e+00
4.284000e-05	-4.637391e-03	4.463214e+00
4.285000e-05	-4.973648e-03	4.346896e+00
4.286000e-05	-4.633044e-03	4.178003e+00
4.287000e-05	-4.958844e-03	3.991555e+00
4.288000e-05	-4.661353e-03	3.883737e+00
4.289000e-05	-4.538097e-03	3.768376e+00
4.290000e-05	-3.726881e-03	3.620130e+00
4.291000e-05	-4.325842e-03	3.465237e+00
4.292000e-05	-4.632818e-03	3.303760e+00
4.293000e-05	-4.627568e-03	3.127866e+00
4.294000e-05	-4.321812e-03	2.989925e+00
4.295000e-05	-4.327128e-03	2.873184e+00
4.296000e-05	-4.236107e-03	2.745371e+00
4.297000e-05	-4.895806e-03	2.515267e+00
4.298000e-05	-4.716317e-03	2.347448e+00
4.299000e-05	-4.906041e-03	2.200629e+00
4.300000e-05	-3.996013e-03	2.034106e+00
4.301000e-05	-3.305224e-03	1.896845e+00
4.302000e-05	-3.925839e-03	1.777345e+00
4.303000e-05	-3.620567e-03	1.567396e+00
4.304000e-05	-3.100163e-03	1.390978e+00
4.305000e-05	-3.804810e-03	1.211604e+00
4.306000e-05	-4.804286e-03	9.715827e-01
4.307000e-05	-4.021252e-03	8.305540e-01
4.308000e-05	-3.784218e-03	6.642605e-01
4.309000e-05	-4.269738e-03	5.258134e-01
4.310000e-05	-3.758993e-03	3.800238e-01
4.311000e-05	-2.990094e-03	1.794551e-01
4.312000e-05	-9.528065e-04	1.955262e-02
4.313000e-05	2.190725e-03	-1.267920e-01
4.314000e-05	3.597851e-04	-2.741817e-01
4.315000e-05	-1.681605e-03	-4.014763e-01
4.316000e-05	-9.895298e-04	-6.008421e-01
4.317000e-05	-2.831935e-03	-7.088946e-01
4.318000e-05	-1.435721e-03	-8.932066e-01
4.319000e-05	8.298968e-05	-1.021524e+00
4.320000e-05	1.763391e-02	-1.137396e+00
4.321000e-05	7.711521e-02	-1.358363e+00
4.322000e-05	-1.750194e-02	-1.600450e+00
4.323000e-05	-4.066564e-02	-1.901504e+00
4.324000e-05	-7.120669e-02	-2.000450e+00
4.325000e-05	-4.330784e-02	-2.043187e+00
4.326000e-05	1.430123e-01	-2.093732e+00
4.327000e-05	-6.688319e-02	-2.335708e+00
4.328000e-05	-7.147826e-02	-2.527370e+00
4.329000e-05	1.641311e-01	-2.599499e+00
4.330000e-05	-9.785713e-02	-2.757842e+00
4.331000e-05	-6.120917e-02	-3.051522e+00
4.332000e-05	1.572833e-01	-3.146892e+00
4.333000e-05	-9.104198e-02	-3.284133e+00
4.334000e-05	-8.693416e-03	-3.413053e+00
4.335000e-05	1.082571e-01	-3.546891e+00
4.336000e-05	-1.196762e-01	-3.706787e+00
4.337000e-05	6.112147e-02	-3.917367e+00
4.338000e-05	-4.000472e-03	-4.052132e+00
4.339000e-05	-6.323458e-02	-4.212554e+00
4.340000e-05	1.114119e-01	-4.326270e+00
4.341000e-05	-7.363275e-02	-4.442628e+00
4.342000e-05	2.385272e-03	-4.652601e+00
4.343000e-05	6.680964e-02	-4.757392e+00
4.344000e-05	-6.203322e-02	-4.908841e+00
4.345000e-05	2.148171e-02	-5.051607e+00
4.346000e-05	-2.862845e-02	-5.198020e+00
4.347000e-05	2.813909e-02	-5.358470e+00
4.348000e-05	2.057584e-02	-5.547368e+00
4.349000e-05	-5.562911e-02	-5.643232e+00
4.350000e-05	6.481814e-02	-5.768841e+00
4.351000e-05	-3.141400e-02	-5.906787e+00
4.352000e-05	-1.568622e-02	-5.978501e+00
4.353000e-05	9.106427e-03	-6.056782e+00
4.354000e-05	-2.664644e-03	-6.285658e+00
4.355000e-05	5.692856e-02	-6.390547e+00
4.356000e-05	-6.222832e-02	-6.474162e+00
4.357000e-05	1.383951e-03	-6.600501e+00
4.358000e-05	2.890015e-02	-6.674737e+00
4.359000e-05	-1.175134e-02	-6.791003e+00
4.360000e-05	3.789995e-03	-6.836238e+00
4.361000e-05	-1.793332e-02	-7.084177e+00
4.362000e-05	4.110564e-02	-7.159498e+00
4.363000e-05	-1.894471e-02	-7.233056e+00
4.364000e-05	-1.984022e-02	-7.338795e+00
4.365000e-05	1.950844e-02	-7.401025e+00
4.366000e-05	3.794882e-03	-7.526790e+00
4.367000e-05	8.687936e-04	-7.591449e+00
4.368000e-05	-1.785576e-02	-7.735242e+00
4.369000e-05	2.238125e-02	-7.855006e+00
4.370000e-05	4.507542e-03	-7.948921e+00
4.371000e-05	-1.283526e-02	-8.000555e+00
4.372000e-05	2.796871e-03	-8.064159e+00
4.373000e-05	6.019286e-03	-8.137341e+00
4.374000e-05	7.473924e-03	-8.211078e+00
4.375000e-05	-7.071763e-03	-8.283161e+00
4.376000e-05	7.394839e-03	-8.337770e+00
4.377000e-05	4.137367e-03	-8.388398e+00
4.378000e-05	-3.443563e-03	-8.410052e+00
4.379000e-05	2.730791e-03	-8.432108e+00
4.380000e-05	5.205779e-03	-8.524767e+00
4.381000e-05	6.619939e-03	-8.539295e+00
4.382000e-05	2.635557e-03	-8.623577e+00
4.383000e-05	3.898615e-03	-8.674210e+00
4.384000e-05	2.871974e-03	-8.694765e+00
4.385000e-05	3.256686e-03	-8.757892e+00
4.386000e-05	4.817246e-03	-8.759423e+00
4.387000e-05	5.574585e-03	-8.800503e+00
4.388000e-05	3.220121e-03	-8.810077e+00
4.389000e-05	5.366511e-03	-8.841579e+00
4.390000e-05	7.421658e-03	-8.832654e+00
4.391000e-05	5.764978e-03	-8.853105e+00
4.392000e-05	5.314973e-03	-8.822159e+00
4.393000e-05	8.561868e-03	-8.864658e+00
4.394000e-05	1.009867e-02	-8.864182e+00
4.395000e-05	8.259160e-03	-8.854188e+00
4.396000e-05	8.430077e-03	-8.894712e+00
4.397000e-05	1.111122e-02	-8.854262e+00
4.398000e-05	1.178909e-02	-8.875161e+00
4.399000e-05	1.261525e-02	-8.844661e+00
4.400000e-05	1.427476e-02	-8.862655e+00
4.401000e-05	1.573770e-02	-8.821133e+00
4.402000e-05	1.550128e-02	-8.822057e+00
4.403000e-05	1.591395e-02	-8.781027e+00
4.404000e-05	1.771876e-02	-8.767979e+00
4.405000e-05	1.958899e-02	-8.769421e+00
4.406000e-05	1.935982e-02	-8.757444e+00
4.407000e-05	1.935672e-02	-8.674606e+00
4.408000e-05	1.858212e-02	-8.623054e+00
4.409000e-05	1.940736e-02	-8.546845e+00
4.410000e-05	1.804212e-02	-8.514314e+00
4.411000e-05	1.611454e-02	-8.452162e+00
4.412000e-05	1.520320e-02	-8.410529e+00
4.413000e-05	1.607080e-02	-8.357895e+00
4.414000e-05	1.420637e-02	-8.265813e+00
4.415000e-05	1.192986e-02	-8.243682e+00
4.416000e-05	1.106202e-02	-8.200023e+00
4.417000e-05	1.107315e-02	-8.126866e+00
4.418000e-05	8.531649e-03	-8.043683e+00
4.419000e-05	8.011669e-03	-8.019081e+00
4.420000e-05	8.580715e-03	-7.949495e+00
4.421000e-05	6.544964e-03	-7.852580e+00
4.422000e-05	5.308199e-03	-7.718295e+00
4.423000e-05	4.381633e-03	-7.621108e+00
4.424000e-05	4.887354e-03	-7.576440e+00
4.425000e-05	3.678450e-03	-7.433180e+00
4.426000e-05	3.679214e-03	-7.338924e+00
4.427000e-05	3.464749e-03	-7.305212e+00
4.428000e-05	3.081392e-03	-7.179603e+00
4.429000e-05	2.208263e-03	-7.105844e+00
4.430000e-05	2.395592e-03	-6.968974e+00
4.431000e-05	1.900252e-03	-6.852634e+00
4.432000e-05	9.328068e-04	-6.768901e+00
4.433000e-05	1.251167e-03	-6.674237e+00
4.434000e-05	7.307781e-04	-6.587921e+00
4.435000e-05	1.880938e-04	-6.443733e+00
4.436000e-05	-4.072898e-04	-6.369020e+00
4.437000e-05	-2.048959e-04	-6.231082e+00
4.438000e-05	6.263240e-05	-6.022763e+00
4.439000e-05	-1.237158e-03	-5.989472e+00
4.440000e-05	-8.071695e-04	-5.832157e+00
4.441000e-05	-2.039377e-04	-5.697392e+00
4.442000e-05	-2.433803e-03	-5.581049e+00
4.443000e-05	-2.865475e-03	-5.473762e+00
4.444000e-05	-1.329705e-03	-5.253740e+00
4.445000e-05	-7.779248e-04	-5.125822e+00
4.446000e-05	-3.465850e-03	-4.968924e+00
4.447000e-05	-3.128890e-03	-4.780979e+00
4.448000e-05	-1.975029e-03	-4.652057e+00
4.449000e-05	-1.778033e-03	-4.506846e+00
4.450000e-05	-2.750087e-03	-4.420054e+00
4.451000e-05	-3.326645e-03	-4.284813e+00
4.452000e-05	-2.524825e-03	-4.158895e+00
4.453000e-05	-4.617548e-03	-4.029533e+00
4.454000e-05	-3.276050e-03	-3.893714e+00
4.455000e-05	-3.882435e-03	-3.685736e+00
4.456000e-05	-1.967964e-03	-3.548446e+00
4.457000e-05	-3.789476e-03	-3.411155e+00
4.458000e-05	-3.943713e-03	-3.262712e+00
4.459000e-05	-3.362962e-03	-3.086944e+00
4.460000e-05	-2.311091e-03	-2.925868e+00
4.461000e-05	-3.537196e-03	-2.789005e+00
4.462000e-05	-4.195154e-03	-2.622259e+00
4.463000e-05	-4.001814e-03	-2.482741e+00
4.464000e-05	-4.312990e-03	-2.347423e+00
4.465000e-05	-2.985793e-03	-2.138427e+00
4.466000e-05	-3.571492e-03	-1.989000e+00
4.467000e-05	-3.847456e-03	-1.792182e+00
4.468000e-05	-4.366214e-03	-1.672738e+00
4.469000e-05	-3.295927e-03	-1.528441e+00
4.470000e-05	-4.121494e-03	-1.303868e+00
4.471000e-05	-3.795259e-03	-1.127870e+00
4.472000e-05	-4.351591e-03	-9.669700e-01
4.473000e-05	-3.831843e-03	-8.295540e-01
4.474000e-05	-4.757235e-03	-7.032895e-01
4.475000e-05	-4.115624e-03	-4.317303e-01
4.476000e-05	-4.375500e-03	-2.733410e-01
4.477000e-05	-4.015402e-03	-1.775237e-01
4.478000e-05	-2.396538e-03	-3.255264e-02
4.479000e-05	2.159829e-03	1.473947e-01
4.480000e-05	-1.186082e-03	3.686946e-01
4.481000e-05	-4.650722e-04	4.731040e-01
4.482000e-05	-1.487153e-03	6.104522e-01
4.483000e-05	-2.664771e-03	7.667922e-01
4.484000e-05	-4.393356e-03	8.551628e-01
4.485000e-05	2.915304e-05	1.085635e+00
4.486000e-05	1.061044e-02	1.252083e+00
4.487000e-05	5.164042e-02	1.381002e+00
4.488000e-05	2.460545e-02	1.664137e+00
4.489000e-05	-4.495814e-02	1.892633e+00
4.490000e-05	-4.197724e-02	2.001025e+00
4.491000e-05	-8.122576e-02	2.128742e+00
4.492000e-05	2.781785e-02	2.211500e+00
4.493000e-05	1.130036e-01	2.368947e+00
4.494000e-05	-1.207352e-01	2.486236e+00
4.495000e-05	3.152229e-02	2.704104e+00
4.496000e-05	8.192169e-02	2.851054e+00
4.497000e-05	-1.255191e-01	2.989448e+00
4.498000e-05	3.411957e-02	3.106218e+00
4.499000e-05	7.570110e-02	3.274028e+00
4.500000e-05	-1.091572e-01	3.484133e+00
4.501000e-05	5.121418e-02	3.619499e+00
4.502000e-05	2.279974e-02	3.708371e+00
4.503000e-05	-5.889317e-02	3.935167e+00
4.504000e-05	3.251356e-02	4.044001e+00
4.505000e-05	-2.885231e-02	4.202555e+00
4.506000e-05	-7.474998e-03	4.370370e+00
4.507000e-05	1.957709e-02	4.496788e+00
4.508000e-05	-1.837782e-02	4.674659e+00
4.509000e-05	9.780106e-03	4.790503e+00
4.510000e-05	1.098624e-02	5.019298e+00
4.511000e-05	-2.234714e-02	5.180953e+00
4.512000e-05	-1.879563e-02	5.327712e+00
4.513000e-05	9.675546e-03	5.433058e+00
4.514000e-05	2.108869e-02	5.579894e+00
4.515000e-05	-2.664208e-02	5.654584e+00
4.516000e-05	-2.352602e-03	5.823061e+00
4.517000e-05	2.378828e-03	5.970449e+00
4.518000e-05	-1.214786e-02	6.064186e+00
4.519000e-05	-1.449647e-03	6.188973e+00
4.520000e-05	-1.117610e-02	6.316317e+00
4.521000e-05	1.518471e-02	6.410451e+00
4.522000e-05	-1.688580e-03	6.464790e+00
4.523000e-05	-2.306278e-02	6.675237e+00
4.524000e-05	-4.553342e-03	6.750479e+00
4.525000e-05	5.756248e-03	6.853609e+00
4.526000e-05	-4.521482e-03	6.969295e+00
4.527000e-05	-1.489285e-02	7.053187e+00
4.528000e-05	3.488525e-03	7.188275e+00
4.529000e-05	5.327478e-03	7.201027e+00
4.530000e-05	-1.669924e-02	7.337346e+00
4.531000e-05	-1.255692e-02	7.524662e+00
4.532000e-05	2.046007e-03	7.600551e+00
4.533000e-05	-3.976988e-04	7.695188e+00
4.534000e-05	-1.016925e-02	7.797895e+00
4.535000e-05	-8.081112e-03	7.874633e+00
4.536000e-05	6.545568e-04	7.949927e+00
4.537000e-05	-8.587978e-03	8.064188e+00
4.538000e-05	-9.070243e-03	8.146822e+00
4.539000e-05	-5.376631e-03	8.211122e+00
4.540000e-05	-5.643436e-03	8.283112e+00
4.541000e-05	-8.632264e-03	8.297269e+00
4.542000e-05	-6.029176e-03	8.360396e+00
4.543000e-05	-2.596650e-03	8.422028e+00
4.544000e-05	-9.346813e-03	8.462661e+00
4.545000e-05	-1.045189e-02	8.505637e+00
4.546000e-05	-7.532688e-03	8.547346e+00
4.547000e-05	-6.849596e-03	8.621478e+00
4.548000e-05	-6.119404e-03	8.631502e+00
4.549000e-05	-7.972857e-03	8.664685e+00
4.550000e-05	-9.599417e-03	8.672688e+00
4.551000e-05	-1.177057e-02	8.697339e+00
4.552000e-05	-9.602530e-03	8.776769e+00
4.553000e-05	-7.923668e-03	8.777424e+00
4.554000e-05	-1.126106e-02	8.769475e+00
4.555000e-05	-1.337875e-02	8.789501e+00
4.556000e-05	-1.248684e-02	8.829504e+00
4.557000e-05	-1.153391e-02	8.822032e+00
4.558000e-05	-1.306766e-02	8.811505e+00
4.559000e-05	-1.444336e-02	8.853132e+00
4.560000e-05	-1.369956e-02	8.841657e+00
4.561000e-05	-1.461444e-02	8.821533e+00
4.562000e-05	-1.664634e-02	8.832562e+00
4.563000e-05	-1.712750e-02	8.832584e+00
4.564000e-05	-1.841235e-02	8.851580e+00
4.565000e-05	-1.866140e-02	8.841078e+00
4.566000e-05	-2.087662e-02	8.820057e+00
4.567000e-05	-2.115504e-02	8.780005e+00
4.568000e-05	-2.145168e-02	8.819477e+00
4.569000e-05	-2.393615e-02	8.767973e+00
4.570000e-05	-2.411052e-02	8.757872e+00
4.571000e-05	-2.483020e-02	8.736772e+00
4.572000e-05	-2.352128e-02	8.685215e+00
4.573000e-05	-2.532692e-02	8.654714e+00
4.574000e-05	-2.603650e-02	8.621531e+00
4.575000e-05	-2.475370e-02	8.550500e+00
4.576000e-05	-2.366912e-02	8.566794e+00
4.577000e-05	-2.281632e-02	8.473291e+00
4.578000e-05	-2.242732e-02	8.453132e+00
4.579000e-05	-2.137721e-02	8.411027e+00
4.580000e-05	-1.910898e-02	8.338873e+00
4.581000e-05	-1.897479e-02	8.243738e+00
4.582000e-05	-1.874047e-02	8.202056e+00
4.583000e-05	-1.664751e-02	8.118392e+00
4.584000e-05	-1.491182e-02	8.092217e+00
4.585000e-05	-1.457535e-02	7.980027e+00
4.586000e-05	-1.389754e-02	7.947247e+00
4.587000e-05	-1.363791e-02	7.813664e+00
4.588000e-05	-1.196041e-02	7.778425e+00
4.589000e-05	-1.348248e-02	7.683733e+00
4.590000e-05	-1.077035e-02	7.620555e+00
4.591000e-05	-1.081327e-02	7.515242e+00
4.592000e-05	-8.683583e-03	7.368455e+00
4.593000e-05	-1.036311e-02	7.232158e+00
4.594000e-05	-8.401516e-03	7.179950e+00
4.595000e-05	-9.575194e-03	7.084162e+00
4.596000e-05	-8.191066e-03	6.968502e+00
4.597000e-05	-9.732444e-03	6.873763e+00
4.598000e-05	-7.893692e-03	6.811077e+00
4.599000e-05	-8.040474e-03	6.684846e+00
4.600000e-05	-6.547645e-03	6.549826e+00
4.601000e-05	-6.753721e-03	6.430082e+00
4.602000e-05	-7.102722e-03	6.314916e+00
4.603000e-05	-6.342019e-03	6.240583e+00
4.604000e-05	-5.785094e-03	6.095815e+00
4.605000e-05	-6.326975e-03	6.009483e+00
4.606000e-05	-6.397800e-03	5.906292e+00
4.607000e-05	-5.703004e-03	5.716796e+00
4.608000e-05	-5.573553e-03	5.569425e+00
4.609000e-05	-5.906803e-03	5.441212e+00
4.610000e-05	-5.091786e-03	5.307817e+00
4.611000e-05	-4.278650e-03	5.150978e+00
4.612000e-05	-4.832059e-03	4.988528e+00
4.613000e-05	-5.384135e-03	4.840550e+00
4.614000e-05	-4.953595e-03	4.694312e+00
4.615000e-05	-4.957412e-03	4.538447e+00
4.616000e-05	-5.242396e-03	4.432205e+00
4.617000e-05	-5.259171e-03	4.314718e+00
4.618000e-05	-4.833891e-03	4.096347e+00
4.619000e-05	-4.668642e-03	3.936401e+00
4.620000e-05	-4.267627e-03	3.851184e+00
4.621000e-05	-4.542553e-03	3.705790e+00
4.622000e-05	-4.306607e-03	3.557974e+00
4.623000e-05	-5.030349e-03	3.370505e+00
4.624000e-05	-4.734579e-03	3.221081e+00
4.625000e-05	-4.012017e-03	3.095789e+00
4.626000e-05	-4.828104e-03	2.977395e+00
4.627000e-05	-4.123106e-03	2.820506e+00
4.628000e-05	-4.540348e-03	2.631711e+00
4.629000e-05	-4.626836e-03	2.431159e+00
4.630000e-05	-4.111320e-03	2.295345e+00
4.631000e-05	-4.445307e-03	2.128395e+00
4.632000e-05	-3.923195e-03	2.010029e+00
4.633000e-05	-3.899645e-03	1.832163e+00
4.634000e-05	-3.986330e-03	1.673185e+00
4.635000e-05	-4.610695e-03	1.515314e+00
4.636000e-05	-4.212702e-03	1.336371e+00
4.637000e-05	-3.991257e-03	1.149849e+00
4.638000e-05	-4.186578e-03	9.169523e-01
4.639000e-05	-4.101759e-03	7.684235e-01
4.640000e-05	-4.394967e-03	6.415790e-01
4.641000e-05	-3.988651e-03	4.731865e-01
4.642000e-05	-3.259734e-03	2.853210e-01
4.643000e-05	-3.704649e-03	1.153183e-01
4.644000e-05	-7.483420e-04	-2.205138e-02
4.645000e-05	3.140162e-03	-1.883962e-01
4.646000e-05	4.055352e-05	-3.382596e-01
4.647000e-05	1.025241e-04	-4.521265e-01
4.648000e-05	-1.771424e-03	-6.745790e-01
4.649000e-05	-9.814806e-04	-7.895225e-01
4.650000e-05	-1.142442e-03	-9.262372e-01
4.651000e-05	3.236095e-03	-1.073134e+00
4.652000e-05	3.580800e-02	-1.199501e+00
4.653000e-05	5.942639e-02	-1.430976e+00
4.654000e-05	-4.919996e-02	-1.695657e+00
4.655000e-05	-3.257120e-02	-1.916286e+00
4.656000e-05	-9.997402e-02	-2.041104e+00
4.657000e-05	4.805168e-02	-2.013133e+00
4.658000e-05	1.151874e-01	-2.105788e+00
4.659000e-05	-1.457433e-01	-2.430025e+00
4.660000e-05	4.328005e-02	-2.590474e+00
4.661000e-05	1.079403e-01	-2.650650e+00
4.662000e-05	-1.680804e-01	-2.822576e+00
4.663000e-05	4.920523e-02	-3.093184e+00
4.664000e-05	1.063645e-01	-3.169921e+00
4.665000e-05	-1.334857e-01	-3.328840e+00
4.666000e-05	8.688971e-02	-3.473186e+00
4.667000e-05	1.029035e-02	-3.579900e+00
4.668000e-05	-9.230421e-02	-3.778949e+00
4.669000e-05	9.342357e-02	-3.948892e+00
4.670000e-05	-7.610286e-02	-4.126710e+00
4.671000e-05	1.229469e-02	-4.263163e+00
4.672000e-05	7.682692e-02	-4.355920e+00
4.673000e-05	-1.008540e-01	-4.526186e+00
4.674000e-05	6.903615e-02	-4.694660e+00
4.675000e-05	7.836528e-03	-4.781048e+00
4.676000e-05	-4.310534e-02	-4.980473e+00
4.677000e-05	2.307117e-02	-5.084661e+00
4.678000e-05	-3.256296e-02	-5.264155e+00
4.679000e-05	6.134875e-02	-5.421675e+00
4.680000e-05	-3.316121e-02	-5.549921e+00
4.681000e-05	-1.304955e-02	-5.725208e+00
4.682000e-05	5.423695e-02	-5.792053e+00
4.683000e-05	-5.505201e-02	-5.918342e+00
4.684000e-05	1.601054e-02	-6.031080e+00
4.685000e-05	-1.174048e-02	-6.137870e+00
4.686000e-05	3.226774e-02	-6.316842e+00
4.687000e-05	2.021278e-02	-6.391053e+00
4.688000e-05	-6.600288e-02	-6.547315e+00
4.689000e-05	3.713121e-02	-6.635078e+00
4.690000e-05	4.308052e-03	-6.769421e+00
4.691000e-05	-3.451003e-03	-6.802024e+00
4.692000e-05	-9.368008e-03	-6.885862e+00
4.693000e-05	3.145783e-03	-7.095768e+00
4.694000e-05	3.536155e-02	-7.170099e+00
4.695000e-05	-3.710032e-02	-7.254112e+00
4.696000e-05	2.777562e-03	-7.358869e+00
4.697000e-05	1.322039e-02	-7.462157e+00
4.698000e-05	4.311068e-03	-7.536896e+00
4.699000e-05	-7.743284e-03	-7.641105e+00
4.700000e-05	-7.842784e-03	-7.767493e+00
4.701000e-05	2.503266e-02	-7.844134e+00
4.702000e-05	-8.672998e-03	-7.989396e+00
4.703000e-05	-6.212016e-03	-8.022079e+00
4.704000e-05	4.789886e-03	-8.095191e+00
4.705000e-05	7.629984e-03	-8.139921e+00
4.706000e-05	2.368337e-03	-8.200054e+00
4.707000e-05	-4.431638e-03	-8.306290e+00
4.708000e-05	9.397968e-03	-8.367318e+00
4.709000e-05	-8.869555e-04	-8.359472e+00
4.710000e-05	-4.141514e-04	-8.411529e+00
4.711000e-05	4.241569e-03	-8.431082e+00
4.712000e-05	6.671124e-03	-8.526770e+00
4.713000e-05	4.849066e-03	-8.522398e+00
4.714000e-05	1.763612e-03	-8.633657e+00
4.715000e-05	4.032706e-03	-8.677161e+00
4.716000e-05	2.062865e-03	-8.707421e+00
4.717000e-05	4.905729e-03	-8.757941e+00
4.718000e-05	6.229293e-03	-8.788478e+00
4.719000e-05	4.780942e-03	-8.790050e+00
4.720000e-05	2.530790e-03	-8.791578e+00
4.721000e-05	6.699300e-03	-8.833103e+00
4.722000e-05	8.048489e-03	-8.833208e+00
4.723000e-05	5.417867e-03	-8.843633e+00
4.724000e-05	5.982404e-03	-8.852662e+00
4.725000e-05	9.835307e-03	-8.844684e+00
4.726000e-05	9.702582e-03	-8.892737e+00
4.727000e-05	7.701969e-03	-8.845689e+00
4.728000e-05	9.798304e-03	-8.856186e+00
4.729000e-05	1.207467e-02	-8.873211e+00
4.730000e-05	1.221055e-02	-8.863136e+00
4.731000e-05	1.299071e-02	-8.853632e+00
4.732000e-05	1.460666e-02	-8.833663e+00
4.733000e-05	1.578843e-02	-8.833606e+00
4.734000e-05	1.542343e-02	-8.800529e+00
4.735000e-05	1.745084e-02	-8.789477e+00
4.736000e-05	1.842663e-02	-8.799971e+00
4.737000e-05	2.050499e-02	-8.736370e+00
4.738000e-05	1.926762e-02	-8.704341e+00
4.739000e-05	1.865312e-02	-8.643186e+00
4.740000e-05	1.852807e-02	-8.560526e+00
4.741000e-05	1.955495e-02	-8.529319e+00
4.742000e-05	1.789943e-02	-8.493664e+00
4.743000e-05	1.545096e-02	-8.410607e+00
4.744000e-05	1.611303e-02	-8.378999e+00
4.745000e-05	1.638449e-02	-8.355367e+00
4.746000e-05	1.311920e-02	-8.265189e+00
4.747000e-05	1.127196e-02	-8.232555e+00
4.748000e-05	1.056067e-02	-8.178926e+00
4.749000e-05	9.876060e-03	-8.065813e+00
4.750000e-05	8.428606e-03	-8.022134e+00
4.751000e-05	7.720261e-03	-8.000550e+00
4.752000e-05	7.477977e-03	-7.917370e+00
4.753000e-05	5.895933e-03	-7.752029e+00
4.754000e-05	4.324148e-03	-7.704318e+00
4.755000e-05	4.844894e-03	-7.610924e+00
4.756000e-05	3.706793e-03	-7.506788e+00
4.757000e-05	4.298060e-03	-7.410603e+00
4.758000e-05	2.923466e-03	-7.325895e+00
4.759000e-05	3.496514e-03	-7.254708e+00
4.760000e-05	2.372002e-03	-7.169499e+00
4.761000e-05	2.304952e-03	-7.034210e+00
4.762000e-05	2.707532e-03	-6.894963e+00
4.763000e-05	1.340474e-03	-6.820581e+00
4.764000e-05	1.266323e-03	-6.736841e+00
4.765000e-05	1.436771e-03	-6.612554e+00
4.766000e-05	1.246227e-03	-6.515342e+00
4.767000e-05	1.517254e-04	-6.431128e+00
4.768000e-05	-6.138206e-04	-6.334311e+00
4.769000e-05	-5.268260e-05	-6.147874e+00
4.770000e-05	-1.171215e-04	-6.020705e+00
4.771000e-05	-9.209937e-04	-5.897366e+00
4.772000e-05	-1.216110e-03	-5.779554e+00
4.773000e-05	-7.000185e-04	-5.643788e+00
4.774000e-05	-2.706967e-03	-5.567845e+00
4.775000e-05	-1.838530e-03	-5.369027e+00
4.776000e-05	-1.391387e-03	-5.202584e+00
4.777000e-05	-2.396028e-03	-5.055737e+00
4.778000e-05	-3.175868e-03	-4.915895e+00
4.779000e-05	-2.540655e-03	-4.745874e+00
4.780000e-05	-2.521998e-03	-4.591101e+00
4.781000e-05	-3.363517e-03	-4.474314e+00
4.782000e-05	-3.452743e-03	-4.359445e+00
4.783000e-05	-2.652815e-03	-4.251659e+00
4.784000e-05	-2.839892e-03	-4.106289e+00
4.785000e-05	-2.973971e-03	-3.999876e+00
4.786000e-05	-2.949568e-03	-3.822128e+00
4.787000e-05	-3.280672e-03	-3.641233e+00
4.788000e-05	-2.633778e-03	-3.504816e+00
4.789000e-05	-3.606032e-03	-3.379876e+00
4.790000e-05	-3.257566e-03	-3.201128e+00
4.791000e-05	-2.902459e-03	-3.064211e+00
4.792000e-05	-1.942164e-03	-2.872762e+00
4.793000e-05	-3.244094e-03	-2.736847e+00
4.794000e-05	-4.424572e-03	-2.590103e+00
4.795000e-05	-3.294787e-03	-2.442156e+00
4.796000e-05	-3.961454e-03	-2.295265e+00
4.797000e-05	-2.745315e-03	-2.092336e+00
4.798000e-05	-4.114990e-03	-1.946891e+00
4.799000e-05	-2.958624e-03	-1.809503e+00
4.800000e-05	-4.010881e-03	-1.643205e+00
4.801000e-05	-3.035403e-03	-1.483910e+00
4.802000e-05	-4.817258e-03	-1.242712e+00
4.803000e-05	-3.809435e-03	-1.094757e+00
4.804000e-05	-4.491409e-03	-9.063421e-01
4.805000e-05	-3.506786e-03	-7.295225e-01
4.806000e-05	-5.501472e-03	-6.275714e-01
4.807000e-05	-3.480173e-03	-3.905014e-01
4.808000e-05	-4.341330e-03	-2.331603e-01
4.809000e-05	-2.991890e-03	-9.678966e-02
4.810000e-05	-1.789486e-03	5.155626e-02
4.811000e-05	1.492288e-03	2.514511e-01
4.812000e-05	-1.878622e-03	4.089237e-01
4.813000e-05	-5.579865e-04	5.277392e-01
4.814000e-05	-2.776699e-03	6.220750e-01
4.815000e-05	-2.287828e-03	8.094724e-01
4.816000e-05	-3.242956e-03	9.362909e-01
4.817000e-05	2.691674e-03	1.148421e+00
4.818000e-05	1.852494e-02	1.314737e+00
4.819000e-05	5.910470e-02	1.565635e+00
4.820000e-05	-1.030118e-02	1.768817e+00
4.821000e-05	-4.660272e-02	1.927246e+00
4.822000e-05	-5.154145e-02	2.052129e+00
4.823000e-05	-7.009794e-02	2.158346e+00
4.824000e-05	9.892577e-02	2.284609e+00
4.825000e-05	4.195454e-02	2.451454e+00
4.826000e-05	-1.335136e-01	2.576316e+00
4.827000e-05	1.058647e-01	2.725816e+00
4.828000e-05	-1.077787e-02	2.904709e+00
4.829000e-05	-1.038446e-01	3.042129e+00
4.830000e-05	9.952049e-02	3.178391e+00
4.831000e-05	-2.936839e-03	3.306663e+00
4.832000e-05	-8.214440e-02	3.507218e+00
4.833000e-05	8.690929e-02	3.642080e+00
4.834000e-05	-3.213193e-02	3.809473e+00
4.835000e-05	-2.625868e-02	3.937371e+00
4.836000e-05	2.741869e-02	4.114663e+00
4.837000e-05	-3.631539e-02	4.333636e+00
4.838000e-05	1.505052e-02	4.399576e+00
4.839000e-05	5.620858e-04	4.548821e+00
4.840000e-05	-1.333867e-02	4.726243e+00
4.841000e-05	1.840976e-02	4.832033e+00
4.842000e-05	-4.146325e-03	5.074613e+00
4.843000e-05	-2.587585e-02	5.210482e+00
4.844000e-05	-1.327203e-02	5.358996e+00
4.845000e-05	2.245455e-02	5.495164e+00
4.846000e-05	3.871970e-03	5.610525e+00
4.847000e-05	-2.464876e-02	5.684789e+00
4.848000e-05	5.130896e-03	5.885692e+00
4.849000e-05	-5.924258e-03	6.021526e+00
4.850000e-05	-7.254490e-03	6.116743e+00
4.851000e-05	-5.492777e-03	6.242059e+00
4.852000e-05	-5.719867e-03	6.357842e+00
4.853000e-05	1.833513e-02	6.430553e+00
4.854000e-05	-1.169197e-02	6.569972e+00
4.855000e-05	-1.980753e-02	6.727746e+00
4.856000e-05	1.574156e-03	6.832051e+00
4.857000e-05	4.329719e-03	6.893642e+00
4.858000e-05	-7.724643e-03	6.979948e+00
4.859000e-05	-1.392090e-02	7.093191e+00
4.860000e-05	9.156292e-03	7.189979e+00
4.861000e-05	-2.958109e-03	7.323614e+00
4.862000e-05	-1.712361e-02	7.411951e+00
4.863000e-05	-6.839510e-03	7.527847e+00
4.864000e-05	3.157111e-03	7.601579e+00
4.865000e-05	-3.138492e-03	7.706238e+00
4.866000e-05	-1.360898e-02	7.800979e+00
4.867000e-05	-3.733498e-03	7.888191e+00
4.868000e-05	-1.975232e-03	8.020480e+00
4.869000e-05	-9.250980e-03	8.083739e+00
4.870000e-05	-8.564419e-03	8.149424e+00
4.871000e-05	-3.724408e-03	8.242504e+00
4.872000e-05	-5.558855e-03	8.306213e+00
4.873000e-05	-8.935800e-03	8.368849e+00
4.874000e-05	-4.474232e-03	8.399502e+00
4.875000e-05	-5.148856e-03	8.442083e+00
4.876000e-05	-1.080974e-02	8.473611e+00
4.877000e-05	-1.024346e-02	8.497286e+00
4.878000e-05	-4.944995e-03	8.538374e+00
4.879000e-05	-5.361125e-03	8.620030e+00
4.880000e-05	-7.572885e-03	8.631557e+00
4.881000e-05	-1.110203e-02	8.673586e+00
4.882000e-05	-1.037534e-02	8.725741e+00
4.883000e-05	-1.050094e-02	8.737342e+00
4.884000e-05	-8.438773e-03	8.738370e+00
4.885000e-05	-9.240492e-03	8.788875e+00
4.886000e-05	-1.181464e-02	8.768950e+00
4.887000e-05	-1.242372e-02	8.781026e+00
4.888000e-05	-1.189583e-02	8.839980e+00
4.889000e-05	-1.150902e-02	8.811582e+00
4.890000e-05	-1.437517e-02	8.811508e+00
4.891000e-05	-1.434984e-02	8.841582e+00
4.892000e-05	-1.373449e-02	8.832057e+00
4.893000e-05	-1.500559e-02	8.841588e+00
4.894000e-05	-1.656274e-02	8.842607e+00
4.895000e-05	-1.826906e-02	8.853557e+00
4.896000e-05	-1.831607e-02	8.831559e+00
4.897000e-05	-1.969275e-02	8.811078e+00
4.898000e-05	-2.022606e-02	8.801529e+00
4.899000e-05	-2.003383e-02	8.829954e+00
4.900000e-05	-2.259372e-02	8.779927e+00
4.901000e-05	-2.401135e-02	8.779949e+00
4.902000e-05	-2.502195e-02	8.747374e+00
4.903000e-05	-2.410357e-02	8.727242e+00
4.904000e-05	-2.437894e-02	8.656187e+00
4.905000e-05	-2.468070e-02	8.634590e+00
4.906000e-05	-2.565168e-02	8.620058e+00
4.907000e-05	-2.349064e-02	8.537927e+00
4.908000e-05	-2.215571e-02	8.498841e+00
4.909000e-05	-2.231276e-02	8.473686e+00
4.910000e-05	-2.190621e-02	8.443057e+00
4.911000e-05	-2.054232e-02	8.409955e+00
4.912000e-05	-1.915224e-02	8.306994e+00
4.913000e-05	-1.942377e-02	8.282583e+00
4.914000e-05	-1.731158e-02	8.149500e+00
4.915000e-05	-1.573667e-02	8.126371e+00
4.916000e-05	-1.444282e-02	8.031513e+00
4.917000e-05	-1.430776e-02	7.979850e+00
4.918000e-05	-1.298187e-02	7.885317e+00
4.919000e-05	-1.318953e-02	7.840558e+00
4.920000e-05	-1.197618e-02	7.736871e+00
4.921000e-05	-1.234690e-02	7.644133e+00
4.922000e-05	-1.040490e-02	7.588327e+00
4.923000e-05	-1.053095e-02	7.465636e+00
4.924000e-05	-9.579422e-03	7.296321e+00
4.925000e-05	-9.175533e-03	7.230628e+00
4.926000e-05	-9.181319e-03	7.167325e+00
4.927000e-05	-9.333172e-03	7.033112e+00
4.928000e-05	-8.216727e-03	6.938398e+00
4.929000e-05	-7.908997e-03	6.863632e+00
4.930000e-05	-7.607739e-03	6.787976e+00
4.931000e-05	-6.977760e-03	6.652633e+00
4.932000e-05	-6.918079e-03	6.525722e+00
4.933000e-05	-6.149312e-03	6.379526e+00
4.934000e-05	-6.676900e-03	6.294242e+00
4.935000e-05	-5.396588e-03	6.157428e+00
4.936000e-05	-7.003552e-03	6.063658e+00
4.937000e-05	-5.981489e-03	5.959451e+00
4.938000e-05	-6.742789e-03	5.852137e+00
4.939000e-05	-5.154446e-03	5.623164e+00
4.940000e-05	-5.786698e-03	5.547317e+00
4.941000e-05	-5.325025e-03	5.410606e+00
4.942000e-05	-5.067274e-03	5.254260e+00
4.943000e-05	-4.516384e-03	5.096266e+00
4.944000e-05	-5.441096e-03	4.916867e+00
4.945000e-05	-5.161434e-03	4.807425e+00
4.946000e-05	-4.765422e-03	4.672708e+00
4.947000e-05	-5.471571e-03	4.504819e+00
4.948000e-05	-5.522921e-03	4.410975e+00
4.949000e-05	-5.071157e-03	4.224312e+00
4.950000e-05	-5.013634e-03	4.122686e+00
4.951000e-05	-4.558360e-03	3.925318e+00
4.952000e-05	-4.921830e-03	3.761500e+00
4.953000e-05	-4.456272e-03	3.662709e+00
4.954000e-05	-3.979812e-03	3.515320e+00
4.955000e-05	-4.651807e-03	3.336870e+00
4.956000e-05	-5.032606e-03	3.208900e+00
4.957000e-05	-4.636316e-03	3.061636e+00
4.958000e-05	-4.556461e-03	2.914791e+00
4.959000e-05	-4.496797e-03	2.739951e+00
4.960000e-05	-4.427260e-03	2.610925e+00
4.961000e-05	-4.167326e-03	2.379535e+00
4.962000e-05	-4.709054e-03	2.261134e+00
4.963000e-05	-5.194502e-03	2.094268e+00
4.964000e-05	-4.320423e-03	1.986924e+00
4.965000e-05	-3.931239e-03	1.800453e+00
4.966000e-05	-4.595964e-03	1.620988e+00
4.967000e-05	-4.575270e-03	1.451112e+00
4.968000e-05	-3.651511e-03	1.264238e+00
4.969000e-05	-3.129522e-03	1.054842e+00
4.970000e-05	-4.050503e-03	8.443340e-01
4.971000e-05	-3.679460e-03	7.153661e-01
4.972000e-05	-4.084245e-03	5.293737e-01
4.973000e-05	-4.484697e-03	4.300752e-01
4.974000e-05	-3.378658e-03	2.541879e-01
4.975000e-05	-3.257976e-03	9.260902e-02
4.976000e-05	6.010442e-04	-8.420659e-02
4.977000e-05	2.330957e-03	-2.211301e-01
4.978000e-05	-1.927224e-03	-3.584447e-01
4.979000e-05	8.427388e-05	-5.152292e-01
4.980000e-05	-2.033432e-03	-6.867094e-01
4.981000e-05	-8.140806e-04	-8.221015e-01
4.982000e-05	-1.870857e-03	-9.778711e-01
4.983000e-05	7.578764e-03	-1.137708e+00
4.984000e-05	6.351176e-02	-1.262079e+00
4.985000e-05	2.168872e-02	-1.506158e+00
4.986000e-05	-5.205073e-02	-1.777869e+00
4.987000e-05	-4.377070e-02	-1.997871e+00
4.988000e-05	-9.371203e-02	-2.042129e+00
4.989000e-05	1.178809e-01	-2.073212e+00
4.990000e-05	3.035312e-02	-2.230992e+00
4.991000e-05	-1.453202e-01	-2.525713e+00
4.992000e-05	1.222154e-01	-2.590053e+00
4.993000e-05	-2.211850e-02	-2.674759e+00
4.994000e-05	-1.615043e-01	-2.927215e+00
4.995000e-05	1.288506e-01	-3.144213e+00
4.996000e-05	-2.805145e-03	-3.210525e+00
4.997000e-05	-9.545868e-02	-3.389997e+00
4.998000e-05	1.328319e-01	-3.507290e+00
4.999000e-05	-7.810054e-02	-3.631630e+00
