# 260408_09:45:46.401826
t	CH1	CH2
0.000000e+00	-4.258735e-03	2.610913e+00
1.000000e-08	-5.384369e-03	2.275669e+00
2.000000e-08	-5.287934e-03	2.061082e+00
3.000000e-08	-4.836781e-03	1.757252e+00
4.000000e-08	-5.132167e-03	1.433535e+00
5.000000e-08	-5.062326e-03	1.135746e+00
6.000000e-08	-4.466338e-03	8.100289e-01
7.000000e-08	-4.099861e-03	5.262434e-01
8.000000e-08	-3.714491e-03	2.740593e-01
9.000000e-08	-3.140231e-03	-6.276918e-04
1.000000e-07	5.894029e-03	-2.858580e-01
1.100000e-07	2.500383e-03	-5.560395e-01
1.200000e-07	-6.289485e-04	-8.537002e-01
1.300000e-07	9.465058e-04	-1.093332e+00
1.400000e-07	-9.923392e-04	-1.408071e+00
1.500000e-07	-1.479102e-04	-1.683181e+00
1.600000e-07	9.909789e-03	-1.873759e+00
1.700000e-07	4.906615e-02	-2.106963e+00
1.800000e-07	6.848453e-02	-2.430679e+00
1.900000e-07	-6.096685e-02	-2.779522e+00
2.000000e-07	-2.564093e-02	-3.148042e+00
2.100000e-07	-1.649201e-02	-3.460128e+00
2.200000e-07	-2.241969e-02	-3.613253e+00
2.300000e-07	-7.457147e-02	-3.852835e+00
2.400000e-07	9.041389e-02	-4.062707e+00
2.500000e-07	2.897163e-02	-4.295263e+00
2.600000e-07	-7.380402e-02	-4.569047e+00
2.700000e-07	1.161173e-01	-4.838126e+00
2.800000e-07	-1.048946e-01	-5.137416e+00
2.900000e-07	6.210046e-02	-5.440307e+00
3.000000e-07	-1.480177e-02	-5.715810e+00
3.100000e-07	-3.397198e-02	-5.987497e+00
3.200000e-07	9.434255e-02	-6.200681e+00
3.300000e-07	-9.077580e-02	-6.516516e+00
3.400000e-07	4.524332e-02	-6.808527e+00
3.500000e-07	-2.735861e-02	-7.084933e+00
3.600000e-07	1.218922e-02	-7.358024e+00
3.700000e-07	1.720701e-02	-7.600723e+00
3.800000e-07	-4.359397e-02	-7.925438e+00
3.900000e-07	8.388716e-02	-8.178045e+00
4.000000e-07	-5.783645e-02	-8.410555e+00
4.100000e-07	3.197510e-02	-8.622313e+00
4.200000e-07	-1.887753e-02	-8.883909e+00
4.300000e-07	7.755309e-03	-9.136420e+00
4.400000e-07	5.265424e-03	-9.295992e+00
4.500000e-07	-2.216048e-02	-9.578101e+00
4.600000e-07	5.002099e-02	-9.780676e+00
4.700000e-07	-2.140345e-02	-9.960757e+00
4.800000e-07	8.120067e-03	-1.022076e+01
4.900000e-07	-3.177816e-02	-1.046326e+01
5.000000e-07	3.559606e-02	-1.064124e+01
5.100000e-07	-9.443670e-03	-1.087219e+01
5.200000e-07	-2.070453e-03	-1.102121e+01
5.300000e-07	6.633520e-03	-1.122961e+01
5.400000e-07	7.472462e-03	-1.142171e+01
5.500000e-07	-7.538648e-03	-1.165969e+01
5.600000e-07	-1.667014e-02	-1.186128e+01
5.700000e-07	2.805941e-02	-1.204113e+01
5.800000e-07	-2.209660e-03	-1.221263e+01
5.900000e-07	-1.388433e-03	-1.237900e+01
6.000000e-07	-1.245818e-02	-1.250707e+01
6.100000e-07	2.004115e-02	-1.272594e+01
6.200000e-07	-1.034097e-02	-1.287532e+01
6.300000e-07	-3.688667e-03	-1.303219e+01
6.400000e-07	2.899251e-03	-1.315812e+01
6.500000e-07	1.245499e-02	-1.331603e+01
6.600000e-07	-6.064268e-03	-1.346585e+01
6.700000e-07	-2.944418e-03	-1.363281e+01
6.800000e-07	9.137042e-03	-1.380900e+01
6.900000e-07	-2.605142e-04	-1.387484e+01
7.000000e-07	-3.199773e-03	-1.400074e+01
7.100000e-07	8.776756e-04	-1.416660e+01
7.200000e-07	1.069590e-02	-1.427286e+01
7.300000e-07	-2.604781e-03	-1.439753e+01
7.400000e-07	-1.016536e-03	-1.447244e+01
7.500000e-07	1.573189e-03	-1.457811e+01
7.600000e-07	3.134931e-03	-1.461481e+01
7.700000e-07	3.579811e-05	-1.474640e+01
7.800000e-07	3.654492e-03	-1.482969e+01
7.900000e-07	4.693543e-03	-1.485382e+01
8.000000e-07	-2.633928e-05	-1.493703e+01
8.100000e-07	-5.539055e-04	-1.497920e+01
8.200000e-07	2.426241e-03	-1.502381e+01
8.300000e-07	1.845722e-03	-1.507377e+01
8.400000e-07	1.577008e-03	-1.510395e+01
8.500000e-07	3.073459e-03	-1.513910e+01
8.600000e-07	2.732893e-03	-1.523018e+01
8.700000e-07	2.470253e-03	-1.524921e+01
8.800000e-07	1.060685e-03	-1.520184e+01
8.900000e-07	3.189787e-03	-1.529179e+01
9.000000e-07	2.847868e-03	-1.530237e+01
9.100000e-07	4.843204e-03	-1.525334e+01
9.200000e-07	6.865739e-03	-1.532535e+01
9.300000e-07	8.549682e-03	-1.530479e+01
9.400000e-07	9.487089e-03	-1.530530e+01
9.500000e-07	1.277059e-02	-1.526279e+01
9.600000e-07	1.753817e-02	-1.526074e+01
9.700000e-07	2.361281e-02	-1.521279e+01
9.800000e-07	3.058690e-02	-1.517069e+01
9.900000e-07	3.453654e-02	-1.516655e+01
1.000000e-06	3.105075e-02	-1.514537e+01
1.010000e-06	2.151140e-02	-1.511335e+01
1.020000e-06	1.436271e-02	-1.500923e+01
1.030000e-06	1.035266e-02	-1.497756e+01
1.040000e-06	7.302414e-03	-1.492495e+01
1.050000e-06	5.400374e-03	-1.485127e+01
1.060000e-06	4.060176e-03	-1.476543e+01
1.070000e-06	3.053247e-03	-1.469324e+01
1.080000e-06	2.842304e-03	-1.457916e+01
1.090000e-06	1.983676e-03	-1.448337e+01
1.100000e-06	1.463080e-03	-1.439811e+01
1.110000e-06	2.189073e-03	-1.428330e+01
1.120000e-06	1.504214e-03	-1.415503e+01
1.130000e-06	5.068570e-04	-1.408082e+01
1.140000e-06	3.054132e-04	-1.384282e+01
1.150000e-06	1.367114e-04	-1.378813e+01
1.160000e-06	-7.049890e-04	-1.368074e+01
1.170000e-06	-8.480936e-04	-1.352640e+01
1.180000e-06	-6.311525e-04	-1.334808e+01
1.190000e-06	-7.703940e-04	-1.328177e+01
1.200000e-06	-1.138872e-03	-1.309435e+01
1.210000e-06	-1.389235e-03	-1.298703e+01
1.220000e-06	-4.261488e-04	-1.281066e+01
1.230000e-06	-9.572454e-04	-1.267114e+01
1.240000e-06	-1.867438e-03	-1.254387e+01
1.250000e-06	-6.305623e-04	-1.233685e+01
1.260000e-06	-1.022876e-03	-1.218953e+01
1.270000e-06	-1.789585e-03	-1.200009e+01
1.280000e-06	-2.851354e-03	-1.181956e+01
1.290000e-06	-2.093982e-03	-1.164961e+01
1.300000e-06	-2.319061e-03	-1.135651e+01
1.310000e-06	-2.342940e-03	-1.119750e+01
1.320000e-06	-2.023279e-03	-1.094845e+01
1.330000e-06	-5.028858e-04	-1.075706e+01
1.340000e-06	-2.320884e-03	-1.057943e+01
1.350000e-06	-2.516801e-03	-1.039787e+01
1.360000e-06	-3.037779e-03	-1.013540e+01
1.370000e-06	-3.490846e-03	-9.914371e+00
1.380000e-06	-3.420071e-03	-9.715217e+00
1.390000e-06	-3.500022e-03	-9.492194e+00
1.400000e-06	-3.449349e-03	-9.260237e+00
1.410000e-06	-3.552195e-03	-8.989535e+00
1.420000e-06	-3.598986e-03	-8.807935e+00
1.430000e-06	-3.134891e-03	-8.554949e+00
1.440000e-06	-4.098369e-03	-8.312771e+00
1.450000e-06	-4.315498e-03	-8.094141e+00
1.460000e-06	-4.122865e-03	-7.799035e+00
1.470000e-06	-4.002052e-03	-7.563775e+00
1.480000e-06	-4.503985e-03	-7.273764e+00
1.490000e-06	-4.855931e-03	-7.048089e+00
1.500000e-06	-3.891263e-03	-6.787326e+00
1.510000e-06	-3.835275e-03	-6.546321e+00
1.520000e-06	-4.376242e-03	-6.260219e+00
1.530000e-06	-4.245582e-03	-6.020052e+00
1.540000e-06	-3.053152e-03	-5.755447e+00
1.550000e-06	-4.332319e-03	-5.463691e+00
1.560000e-06	-4.926500e-03	-5.177453e+00
1.570000e-06	-4.505286e-03	-4.923138e+00
1.580000e-06	-4.499750e-03	-4.566400e+00
1.590000e-06	-4.937240e-03	-4.346897e+00
1.600000e-06	-4.190760e-03	-4.122195e+00
1.610000e-06	-4.080584e-03	-3.788433e+00
1.620000e-06	-4.377906e-03	-3.535695e+00
1.630000e-06	-5.332539e-03	-3.292612e+00
1.640000e-06	-4.648817e-03	-2.986876e+00
1.650000e-06	-5.979616e-03	-2.672116e+00
1.660000e-06	-4.628459e-03	-2.398483e+00
1.670000e-06	-5.831475e-03	-2.153192e+00
1.680000e-06	-3.799664e-03	-1.851035e+00
1.690000e-06	-6.242856e-03	-1.536372e+00
1.700000e-06	-5.019770e-03	-1.220054e+00
1.710000e-06	-5.835532e-03	-9.248197e-01
1.720000e-06	-4.803476e-03	-6.305105e-01
1.730000e-06	-6.565113e-03	-3.372672e-01
1.740000e-06	-4.093210e-03	-9.358821e-02
1.750000e-06	2.912591e-03	2.020209e-01
1.760000e-06	1.024173e-03	4.963053e-01
1.770000e-06	-4.078243e-03	6.958641e-01
1.780000e-06	7.228447e-04	1.002699e+00
1.790000e-06	-2.725081e-03	1.275784e+00
1.800000e-06	-1.722619e-03	1.569524e+00
1.810000e-06	-1.185565e-03	1.885683e+00
1.820000e-06	1.407318e-02	2.053710e+00
1.830000e-06	5.197598e-02	2.315361e+00
1.840000e-06	4.599438e-02	2.604228e+00
1.850000e-06	-6.393391e-02	2.949093e+00
1.860000e-06	-3.249081e-02	3.214250e+00
1.870000e-06	-2.019941e-02	3.508859e+00
1.880000e-06	-9.734153e-03	3.780544e+00
1.890000e-06	-4.850261e-02	3.991501e+00
1.900000e-06	1.221473e-02	4.231628e+00
1.910000e-06	7.350092e-02	4.485809e+00
1.920000e-06	-5.731848e-02	4.728446e+00
1.930000e-06	1.832770e-02	5.032255e+00
1.940000e-06	2.699340e-02	5.359041e+00
1.950000e-06	-5.617708e-02	5.622201e+00
1.960000e-06	5.517136e-02	5.905908e+00
1.970000e-06	-3.870051e-02	6.160046e+00
1.980000e-06	2.259429e-02	6.340631e+00
1.990000e-06	-1.424465e-02	6.675412e+00
2.000000e-06	-1.180521e-02	6.958043e+00
2.010000e-06	6.422785e-03	7.221159e+00
2.020000e-06	-2.255830e-02	7.486393e+00
2.030000e-06	1.563235e-02	7.799552e+00
2.040000e-06	-2.174551e-02	8.054383e+00
2.050000e-06	3.259209e-02	8.316943e+00
2.060000e-06	-1.182738e-02	8.548472e+00
2.070000e-06	-2.028548e-02	8.718548e+00
2.080000e-06	5.646065e-03	8.972226e+00
2.090000e-06	-6.465782e-03	9.242756e+00
2.100000e-06	4.049378e-03	9.473363e+00
2.110000e-06	-2.044236e-02	9.715836e+00
2.120000e-06	1.525614e-02	9.918967e+00
2.130000e-06	-2.115067e-03	1.012752e+01
2.140000e-06	-1.117942e-02	1.034042e+01
2.150000e-06	-1.858664e-02	1.055917e+01
2.160000e-06	7.227574e-03	1.073814e+01
2.170000e-06	6.256715e-03	1.093907e+01
2.180000e-06	-1.936952e-02	1.116842e+01
2.190000e-06	-2.471142e-03	1.135652e+01
2.200000e-06	7.097759e-03	1.154907e+01
2.210000e-06	-2.981436e-03	1.175860e+01
2.220000e-06	-2.150334e-02	1.189787e+01
2.230000e-06	5.565560e-03	1.209750e+01
2.240000e-06	7.547703e-03	1.230436e+01
2.250000e-06	-9.737571e-03	1.246234e+01
2.260000e-06	-1.654746e-02	1.263069e+01
2.270000e-06	1.852783e-03	1.275963e+01
2.280000e-06	-3.667612e-04	1.291955e+01
2.290000e-06	-1.580876e-02	1.307432e+01
2.300000e-06	-5.873356e-03	1.324231e+01
2.310000e-06	3.185604e-03	1.344368e+01
2.320000e-06	-2.792875e-03	1.354747e+01
2.330000e-06	-1.241851e-02	1.369487e+01
2.340000e-06	-9.487590e-04	1.384128e+01
2.350000e-06	-3.015370e-03	1.393853e+01
2.360000e-06	-1.052923e-02	1.410385e+01
2.370000e-06	-1.027938e-02	1.423074e+01
2.380000e-06	-2.294159e-03	1.430655e+01
2.390000e-06	-5.078432e-03	1.445126e+01
2.400000e-06	-1.124805e-02	1.451617e+01
2.410000e-06	-6.255528e-03	1.460128e+01
2.420000e-06	-4.293690e-03	1.469635e+01
2.430000e-06	-6.215953e-03	1.475823e+01
2.440000e-06	-7.603521e-03	1.486274e+01
2.450000e-06	-4.503639e-03	1.488592e+01
2.460000e-06	-7.138247e-03	1.494798e+01
2.470000e-06	-8.446938e-03	1.497014e+01
2.480000e-06	-7.921874e-03	1.502231e+01
2.490000e-06	-8.266401e-03	1.508532e+01
2.500000e-06	-9.007164e-03	1.515692e+01
2.510000e-06	-8.373849e-03	1.517953e+01
2.520000e-06	-7.235902e-03	1.519061e+01
2.530000e-06	-9.163259e-03	1.523119e+01
2.540000e-06	-9.729586e-03	1.525132e+01
2.550000e-06	-9.852613e-03	1.526337e+01
2.560000e-06	-1.096776e-02	1.527437e+01
2.570000e-06	-1.276453e-02	1.525342e+01
2.580000e-06	-1.313348e-02	1.526244e+01
2.590000e-06	-1.486059e-02	1.524374e+01
2.600000e-06	-1.932604e-02	1.526337e+01
2.610000e-06	-2.380427e-02	1.526282e+01
2.620000e-06	-2.844873e-02	1.524281e+01
2.630000e-06	-3.580593e-02	1.519921e+01
2.640000e-06	-4.143950e-02	1.516961e+01
2.650000e-06	-3.878121e-02	1.511647e+01
2.660000e-06	-3.007063e-02	1.507635e+01
2.670000e-06	-2.177649e-02	1.502072e+01
2.680000e-06	-1.696008e-02	1.494803e+01
2.690000e-06	-1.389383e-02	1.489535e+01
2.700000e-06	-1.198548e-02	1.483082e+01
2.710000e-06	-1.068743e-02	1.479945e+01
2.720000e-06	-1.077809e-02	1.468440e+01
2.730000e-06	-1.021360e-02	1.461813e+01
2.740000e-06	-9.535666e-03	1.448588e+01
2.750000e-06	-8.931843e-03	1.437998e+01
2.760000e-06	-9.904647e-03	1.427387e+01
2.770000e-06	-8.619311e-03	1.420011e+01
2.780000e-06	-8.111422e-03	1.404379e+01
2.790000e-06	-6.708929e-03	1.391688e+01
2.800000e-06	-8.730872e-03	1.382958e+01
2.810000e-06	-7.122782e-03	1.369427e+01
2.820000e-06	-7.594212e-03	1.352640e+01
2.830000e-06	-7.538611e-03	1.341965e+01
2.840000e-06	-8.529808e-03	1.329234e+01
2.850000e-06	-6.317563e-03	1.308732e+01
2.860000e-06	-6.723060e-03	1.299110e+01
2.870000e-06	-6.822751e-03	1.279006e+01
2.880000e-06	-7.357939e-03	1.266269e+01
2.890000e-06	-5.936075e-03	1.256527e+01
2.900000e-06	-7.138281e-03	1.234948e+01
2.910000e-06	-6.311321e-03	1.217805e+01
2.920000e-06	-7.321291e-03	1.200206e+01
2.930000e-06	-5.420627e-03	1.183116e+01
2.940000e-06	-6.877598e-03	1.163159e+01
2.950000e-06	-5.897555e-03	1.142016e+01
2.960000e-06	-6.926452e-03	1.120111e+01
2.970000e-06	-6.496386e-03	1.099916e+01
2.980000e-06	-6.304983e-03	1.084211e+01
2.990000e-06	-5.697999e-03	1.060311e+01
3.000000e-06	-6.195338e-03	1.037951e+01
3.010000e-06	-5.836013e-03	1.019108e+01
3.020000e-06	-5.595491e-03	9.976430e+00
3.030000e-06	-6.069639e-03	9.737873e+00
3.040000e-06	-7.276517e-03	9.495242e+00
3.050000e-06	-6.835515e-03	9.315324e+00
3.060000e-06	-5.263698e-03	9.082114e+00
3.070000e-06	-5.993198e-03	8.793555e+00
3.080000e-06	-6.211300e-03	8.579504e+00
3.090000e-06	-5.854961e-03	8.369951e+00
3.100000e-06	-5.474446e-03	8.113796e+00
3.110000e-06	-6.089553e-03	7.873142e+00
3.120000e-06	-6.115480e-03	7.599059e+00
3.130000e-06	-4.947873e-03	7.369446e+00
3.140000e-06	-5.309749e-03	7.095289e+00
3.150000e-06	-5.989453e-03	6.882590e+00
3.160000e-06	-6.188983e-03	6.568009e+00
3.170000e-06	-5.988559e-03	6.345850e+00
3.180000e-06	-5.484699e-03	6.084212e+00
3.190000e-06	-5.869237e-03	5.841033e+00
3.200000e-06	-5.442708e-03	5.577403e+00
3.210000e-06	-5.403684e-03	5.312669e+00
3.220000e-06	-5.297649e-03	4.896776e+00
3.230000e-06	-5.588969e-03	4.612140e+00
3.240000e-06	-4.752696e-03	4.441079e+00
3.250000e-06	-4.930461e-03	4.107747e+00
3.260000e-06	-5.253419e-03	3.832684e+00
3.270000e-06	-5.447158e-03	3.570424e+00
3.280000e-06	-4.860017e-03	3.286216e+00
3.290000e-06	-4.552281e-03	3.020958e+00
3.300000e-06	-4.844520e-03	2.749349e+00
3.310000e-06	-5.169616e-03	2.411635e+00
3.320000e-06	-5.557059e-03	2.158349e+00
3.330000e-06	-4.677434e-03	1.874766e+00
3.340000e-06	-4.939984e-03	1.577956e+00
3.350000e-06	-4.851639e-03	1.283767e+00
3.360000e-06	-4.538389e-03	9.803239e-01
3.370000e-06	-4.184326e-03	6.441194e-01
3.380000e-06	-4.294479e-03	3.900538e-01
3.390000e-06	-2.937683e-03	1.152146e-01
3.400000e-06	1.479483e-03	-1.484432e-01
3.410000e-06	6.509177e-03	-4.405262e-01
3.420000e-06	-2.023334e-03	-6.838604e-01
3.430000e-06	1.566055e-03	-9.475196e-01
3.440000e-06	-1.251527e-03	-1.231175e+00
3.450000e-06	1.808965e-03	-1.526891e+00
3.460000e-06	1.669881e-03	-1.759991e+00
3.470000e-06	2.336278e-02	-1.980472e+00
3.480000e-06	7.676761e-02	-2.290151e+00
3.490000e-06	9.283814e-03	-2.619625e+00
3.500000e-06	-7.072048e-02	-2.990067e+00
3.510000e-06	-3.987180e-03	-3.325287e+00
3.520000e-06	-2.475285e-02	-3.515417e+00
3.530000e-06	-4.772224e-02	-3.744994e+00
3.540000e-06	-2.137638e-02	-3.978501e+00
3.550000e-06	1.389375e-01	-4.187048e+00
3.560000e-06	-8.362679e-02	-4.451222e+00
3.570000e-06	4.835779e-02	-4.715783e+00
3.580000e-06	6.185158e-03	-4.978545e+00
3.590000e-06	-6.582402e-02	-5.307884e+00
3.600000e-06	1.026982e-01	-5.607596e+00
3.610000e-06	-9.743297e-02	-5.841658e+00
3.620000e-06	8.327445e-02	-6.112844e+00
3.630000e-06	-1.227516e-02	-6.419668e+00
3.640000e-06	-4.476646e-02	-6.644738e+00
3.650000e-06	4.691111e-02	-6.934868e+00
3.660000e-06	-5.358104e-02	-7.241178e+00
3.670000e-06	6.478316e-02	-7.493835e+00
3.680000e-06	-5.701734e-02	-7.777117e+00
3.690000e-06	4.574541e-02	-8.072733e+00
3.700000e-06	1.228906e-02	-8.243209e+00
3.710000e-06	-3.704081e-02	-8.526442e+00
3.720000e-06	3.699088e-02	-8.780569e+00
3.730000e-06	-3.769337e-02	-9.029604e+00
3.740000e-06	3.810431e-02	-9.240585e+00
3.750000e-06	-3.989123e-02	-9.462180e+00
3.760000e-06	3.483293e-02	-9.654360e+00
3.770000e-06	8.927787e-03	-9.895315e+00
3.780000e-06	-8.932424e-03	-1.011594e+01
3.790000e-06	-1.292508e-02	-1.033554e+01
3.800000e-06	-4.275681e-03	-1.053550e+01
3.810000e-06	3.109376e-02	-1.070494e+01
3.820000e-06	-2.535910e-02	-1.088649e+01
3.830000e-06	1.495519e-02	-1.113649e+01
3.840000e-06	-3.171386e-03	-1.133600e+01
3.850000e-06	1.310598e-02	-1.155695e+01
3.860000e-06	-2.848205e-02	-1.170647e+01
3.870000e-06	1.729662e-02	-1.195455e+01
3.880000e-06	1.198288e-02	-1.215654e+01
3.890000e-06	-8.987180e-04	-1.229587e+01
3.900000e-06	-1.273287e-02	-1.246434e+01
3.910000e-06	6.408381e-03	-1.262024e+01
3.920000e-06	8.754591e-03	-1.280913e+01
3.930000e-06	-1.423582e-02	-1.294857e+01
3.940000e-06	3.221925e-03	-1.309682e+01
3.950000e-06	6.750431e-03	-1.326432e+01
3.960000e-06	8.999794e-03	-1.342120e+01
3.970000e-06	-1.215096e-02	-1.358555e+01
3.980000e-06	7.739817e-03	-1.368482e+01
3.990000e-06	3.652374e-03	-1.383213e+01
4.000000e-06	-9.433990e-04	-1.396792e+01
4.010000e-06	-5.120059e-03	-1.410489e+01
4.020000e-06	9.239169e-03	-1.421123e+01
4.030000e-06	4.774852e-03	-1.435645e+01
4.040000e-06	-2.597928e-03	-1.445974e+01
4.050000e-06	4.991095e-04	-1.452547e+01
4.060000e-06	3.660050e-03	-1.462066e+01
4.070000e-06	2.633420e-03	-1.467432e+01
4.080000e-06	8.278628e-04	-1.478855e+01
4.090000e-06	5.834513e-03	-1.487327e+01
4.100000e-06	2.647022e-03	-1.491647e+01
4.110000e-06	-1.133684e-04	-1.499905e+01
4.120000e-06	5.008856e-04	-1.499016e+01
4.130000e-06	2.743931e-03	-1.507276e+01
4.140000e-06	1.377170e-03	-1.508589e+01
4.150000e-06	2.035342e-03	-1.514705e+01
4.160000e-06	3.775427e-03	-1.518965e+01
4.170000e-06	2.557368e-03	-1.520971e+01
4.180000e-06	1.276356e-03	-1.527926e+01
4.190000e-06	1.648066e-03	-1.527372e+01
4.200000e-06	4.281038e-03	-1.527184e+01
4.210000e-06	4.175473e-03	-1.526334e+01
4.220000e-06	5.824300e-03	-1.529382e+01
4.230000e-06	7.293906e-03	-1.529432e+01
4.240000e-06	8.973417e-03	-1.530282e+01
4.250000e-06	1.038819e-02	-1.529482e+01
4.260000e-06	1.475615e-02	-1.532427e+01
4.270000e-06	2.108851e-02	-1.525124e+01
4.280000e-06	2.722480e-02	-1.525063e+01
4.290000e-06	3.274537e-02	-1.513903e+01
4.300000e-06	3.271023e-02	-1.515645e+01
4.310000e-06	2.714827e-02	-1.510438e+01
4.320000e-06	1.852114e-02	-1.505376e+01
4.330000e-06	1.179752e-02	-1.501014e+01
4.340000e-06	8.256159e-03	-1.494700e+01
4.350000e-06	5.988326e-03	-1.488284e+01
4.360000e-06	4.216464e-03	-1.479911e+01
4.370000e-06	3.187638e-03	-1.470287e+01
4.380000e-06	3.193313e-03	-1.461014e+01
4.390000e-06	2.122092e-03	-1.455638e+01
4.400000e-06	1.746289e-03	-1.447167e+01
4.410000e-06	9.685081e-04	-1.433588e+01
4.420000e-06	1.925093e-03	-1.417966e+01
4.430000e-06	1.071621e-03	-1.411427e+01
4.440000e-06	-4.272663e-04	-1.396845e+01
4.450000e-06	4.624758e-04	-1.382967e+01
4.460000e-06	-4.856286e-04	-1.368445e+01
4.470000e-06	4.127041e-04	-1.359706e+01
4.480000e-06	-7.579741e-04	-1.343167e+01
4.490000e-06	-1.255076e-03	-1.333345e+01
4.500000e-06	-1.052602e-03	-1.320853e+01
4.510000e-06	-1.392974e-03	-1.298911e+01
4.520000e-06	-1.748205e-03	-1.294477e+01
4.530000e-06	-7.595508e-04	-1.272486e+01
4.540000e-06	-1.088999e-03	-1.258855e+01
4.550000e-06	-6.879568e-04	-1.244116e+01
4.560000e-06	-1.047924e-03	-1.225317e+01
4.570000e-06	-1.059428e-03	-1.204526e+01
4.580000e-06	-2.520453e-03	-1.192440e+01
4.590000e-06	-1.494465e-03	-1.167424e+01
4.600000e-06	-1.843197e-03	-1.148260e+01
4.610000e-06	-2.739907e-03	-1.126429e+01
4.620000e-06	-2.934461e-03	-1.110166e+01
4.630000e-06	-8.524710e-04	-1.085229e+01
4.640000e-06	-1.201715e-03	-1.064369e+01
4.650000e-06	-2.718545e-03	-1.045467e+01
4.660000e-06	-2.279328e-03	-1.024062e+01
4.670000e-06	-2.357164e-03	-1.003111e+01
4.680000e-06	-3.048258e-03	-9.829058e+00
4.690000e-06	-3.753431e-03	-9.587903e+00
4.700000e-06	-2.667587e-03	-9.388955e+00
4.710000e-06	-3.151854e-03	-9.176826e+00
4.720000e-06	-3.858635e-03	-8.925270e+00
4.730000e-06	-4.359001e-03	-8.664172e+00
4.740000e-06	-2.700988e-03	-8.422558e+00
4.750000e-06	-3.117230e-03	-8.208029e+00
4.760000e-06	-4.627037e-03	-7.926777e+00
4.770000e-06	-4.795237e-03	-7.641665e+00
4.780000e-06	-3.419936e-03	-7.428081e+00
4.790000e-06	-4.005678e-03	-7.156328e+00
4.800000e-06	-4.184816e-03	-6.934219e+00
4.810000e-06	-4.674233e-03	-6.642663e+00
4.820000e-06	-4.330831e-03	-6.377953e+00
4.830000e-06	-3.926298e-03	-6.177324e+00
4.840000e-06	-3.844894e-03	-5.853064e+00
4.850000e-06	-3.645663e-03	-5.567984e+00
4.860000e-06	-5.193423e-03	-5.375821e+00
4.870000e-06	-4.282798e-03	-5.011560e+00
4.880000e-06	-5.095869e-03	-4.715171e+00
4.890000e-06	-4.655536e-03	-4.443688e+00
4.900000e-06	-4.164967e-03	-4.229007e+00
4.910000e-06	-3.010772e-03	-3.958346e+00
4.920000e-06	-4.232882e-03	-3.681611e+00
4.930000e-06	-6.352724e-03	-3.398930e+00
4.940000e-06	-4.538479e-03	-3.116221e+00
4.950000e-06	-5.018798e-03	-2.820476e+00
4.960000e-06	-7.647723e-03	-2.566845e+00
4.970000e-06	-3.363646e-03	-2.292514e+00
4.980000e-06	-7.131289e-03	-1.968920e+00
4.990000e-06	-2.539401e-03	-1.715188e+00
5.000000e-06	-6.981384e-03	-1.387880e+00
5.010000e-06	-5.410829e-03	-1.073542e+00
5.020000e-06	-4.686182e-03	-7.784026e-01
5.030000e-06	-6.971190e-03	-5.121582e-01
5.040000e-06	-4.712819e-03	-2.204279e-01
5.050000e-06	-3.679902e-03	5.412625e-02
5.060000e-06	6.125112e-03	3.069459e-01
5.070000e-06	-3.455431e-03	6.195486e-01
5.080000e-06	-2.013587e-04	8.518051e-01
5.090000e-06	-1.988740e-03	1.126442e+00
5.100000e-06	1.093898e-04	1.411724e+00
5.110000e-06	-3.096199e-03	1.717796e+00
5.120000e-06	5.149015e-03	1.927916e+00
5.130000e-06	2.286112e-02	2.151972e+00
5.140000e-06	7.084481e-02	2.453780e+00
5.150000e-06	-1.558996e-02	2.771576e+00
5.160000e-06	-5.954592e-02	3.065835e+00
5.170000e-06	-2.199251e-02	3.370595e+00
5.180000e-06	-1.212728e-02	3.633737e+00
5.190000e-06	-3.109246e-02	3.884935e+00
5.200000e-06	-3.528235e-02	4.045814e+00
5.210000e-06	6.180422e-02	4.368543e+00
5.220000e-06	1.845345e-02	4.641230e+00
5.230000e-06	-6.516841e-02	4.893742e+00
5.240000e-06	8.150673e-02	5.181149e+00
5.250000e-06	-5.824007e-02	5.444810e+00
5.260000e-06	2.235733e-02	5.808042e+00
5.270000e-06	4.379473e-03	6.010703e+00
5.280000e-06	-1.761626e-02	6.315333e+00
5.290000e-06	2.148113e-02	6.557947e+00
5.300000e-06	-2.966996e-02	6.821684e+00
5.310000e-06	1.469036e-02	7.095287e+00
5.320000e-06	-1.977963e-02	7.368572e+00
5.330000e-06	1.549586e-03	7.662760e+00
5.340000e-06	-9.162298e-03	7.898969e+00
5.350000e-06	5.886115e-04	8.209601e+00
5.360000e-06	2.631241e-02	8.441133e+00
5.370000e-06	-2.959831e-02	8.622210e+00
5.380000e-06	7.045062e-04	8.855814e+00
5.390000e-06	-2.740192e-03	9.137419e+00
5.400000e-06	1.922164e-03	9.388022e+00
5.410000e-06	-9.728701e-03	9.550071e+00
5.420000e-06	-7.075959e-03	9.829679e+00
5.430000e-06	1.458677e-02	1.004323e+01
5.440000e-06	-1.110005e-02	1.020226e+01
5.450000e-06	-1.386814e-02	1.045536e+01
5.460000e-06	-8.985993e-03	1.068234e+01
5.470000e-06	1.568832e-02	1.084273e+01
5.480000e-06	-9.233626e-03	1.102323e+01
5.490000e-06	-1.614357e-02	1.122328e+01
5.500000e-06	4.439639e-03	1.143481e+01
5.510000e-06	4.140122e-03	1.165229e+01
5.520000e-06	-1.422686e-02	1.183174e+01
5.530000e-06	-1.165057e-02	1.203173e+01
5.540000e-06	1.332521e-02	1.218063e+01
5.550000e-06	-2.647886e-03	1.235958e+01
5.560000e-06	-1.710122e-02	1.254847e+01
5.570000e-06	-8.058441e-03	1.269437e+01
5.580000e-06	5.074701e-03	1.288231e+01
5.590000e-06	-8.630694e-03	1.300070e+01
5.600000e-06	-1.374044e-02	1.320060e+01
5.610000e-06	1.701135e-03	1.329850e+01
5.620000e-06	2.302346e-03	1.345439e+01
5.630000e-06	-1.095024e-02	1.359123e+01
5.640000e-06	-9.444021e-03	1.372697e+01
5.650000e-06	1.552229e-03	1.387440e+01
5.660000e-06	-6.675990e-03	1.399121e+01
5.670000e-06	-1.265355e-02	1.414807e+01
5.680000e-06	-5.511222e-03	1.425292e+01
5.690000e-06	-1.119844e-03	1.435023e+01
5.700000e-06	-8.357845e-03	1.449584e+01
5.710000e-06	-1.090204e-02	1.458908e+01
5.720000e-06	-4.985275e-03	1.464231e+01
5.730000e-06	-4.019389e-03	1.471897e+01
5.740000e-06	-6.916677e-03	1.482018e+01
5.750000e-06	-5.284979e-03	1.484282e+01
5.760000e-06	-5.772518e-03	1.490800e+01
5.770000e-06	-7.848378e-03	1.497008e+01
5.780000e-06	-8.585198e-03	1.501019e+01
5.790000e-06	-7.021089e-03	1.506387e+01
5.800000e-06	-8.769499e-03	1.510597e+01
5.810000e-06	-9.437738e-03	1.515898e+01
5.820000e-06	-8.273504e-03	1.521056e+01
5.830000e-06	-7.999197e-03	1.519166e+01
5.840000e-06	-9.316518e-03	1.525279e+01
5.850000e-06	-9.942577e-03	1.525434e+01
5.860000e-06	-9.136138e-03	1.523284e+01
5.870000e-06	-1.135856e-02	1.526489e+01
5.880000e-06	-1.379528e-02	1.528389e+01
5.890000e-06	-1.415685e-02	1.527337e+01
5.900000e-06	-1.714267e-02	1.525381e+01
5.910000e-06	-2.236822e-02	1.527479e+01
5.920000e-06	-2.605969e-02	1.526071e+01
5.930000e-06	-3.038373e-02	1.521059e+01
5.940000e-06	-3.784458e-02	1.517758e+01
5.950000e-06	-4.163795e-02	1.509793e+01
5.960000e-06	-3.504906e-02	1.511437e+01
5.970000e-06	-2.476062e-02	1.502377e+01
5.980000e-06	-1.912674e-02	1.502014e+01
5.990000e-06	-1.452450e-02	1.495855e+01
6.000000e-06	-1.292087e-02	1.489477e+01
6.010000e-06	-9.727622e-03	1.481966e+01
6.020000e-06	-1.050094e-02	1.470683e+01
6.030000e-06	-1.111885e-02	1.464324e+01
6.040000e-06	-9.236709e-03	1.457800e+01
6.050000e-06	-9.297445e-03	1.449427e+01
6.060000e-06	-8.523438e-03	1.434851e+01
6.070000e-06	-1.013709e-02	1.423276e+01
6.080000e-06	-6.535408e-03	1.415685e+01
6.090000e-06	-7.724136e-03	1.396859e+01
6.100000e-06	-6.640531e-03	1.385382e+01
6.110000e-06	-8.506685e-03	1.374540e+01
6.120000e-06	-6.428654e-03	1.355996e+01
6.130000e-06	-7.594698e-03	1.344275e+01
6.140000e-06	-8.079554e-03	1.334598e+01
6.150000e-06	-6.872225e-03	1.317901e+01
6.160000e-06	-6.338103e-03	1.303216e+01
6.170000e-06	-6.773729e-03	1.288487e+01
6.180000e-06	-7.424373e-03	1.274853e+01
6.190000e-06	-7.226018e-03	1.260106e+01
6.200000e-06	-7.430924e-03	1.242117e+01
6.210000e-06	-6.541535e-03	1.224332e+01
6.220000e-06	-5.594927e-03	1.210587e+01
6.230000e-06	-5.563510e-03	1.189340e+01
6.240000e-06	-6.067818e-03	1.172742e+01
6.250000e-06	-6.537474e-03	1.150688e+01
6.260000e-06	-6.197316e-03	1.132542e+01
6.270000e-06	-5.985299e-03	1.110532e+01
6.280000e-06	-6.852019e-03	1.094795e+01
6.290000e-06	-5.599701e-03	1.072590e+01
6.300000e-06	-5.899613e-03	1.050687e+01
6.310000e-06	-6.110871e-03	1.028630e+01
6.320000e-06	-6.859232e-03	1.012579e+01
6.330000e-06	-5.885287e-03	9.833716e+00
6.340000e-06	-7.186300e-03	9.591062e+00
6.350000e-06	-6.415539e-03	9.430580e+00
6.360000e-06	-5.943752e-03	9.169985e+00
6.370000e-06	-5.163924e-03	8.938347e+00
6.380000e-06	-5.585988e-03	8.695272e+00
6.390000e-06	-5.700565e-03	8.465244e+00
6.400000e-06	-5.883722e-03	8.263139e+00
6.410000e-06	-6.214635e-03	8.019609e+00
6.420000e-06	-6.791688e-03	7.767952e+00
6.430000e-06	-6.328788e-03	7.483248e+00
6.440000e-06	-5.102587e-03	7.190037e+00
6.450000e-06	-5.723539e-03	6.986929e+00
6.460000e-06	-5.595176e-03	6.695373e+00
6.470000e-06	-5.664208e-03	6.431614e+00
6.480000e-06	-5.582198e-03	6.209585e+00
6.490000e-06	-6.184996e-03	5.916875e+00
6.500000e-06	-5.775373e-03	5.713268e+00
6.510000e-06	-5.347656e-03	5.451485e+00
6.520000e-06	-6.380988e-03	5.077872e+00
6.530000e-06	-6.188296e-03	4.820055e+00
6.540000e-06	-5.494236e-03	4.566396e+00
6.550000e-06	-5.084930e-03	4.243167e+00
6.560000e-06	-5.288009e-03	3.979926e+00
6.570000e-06	-4.478129e-03	3.735272e+00
6.580000e-06	-5.337658e-03	3.483062e+00
6.590000e-06	-4.843122e-03	3.156849e+00
6.600000e-06	-5.032218e-03	2.863643e+00
6.610000e-06	-4.537885e-03	2.601008e+00
6.620000e-06	-5.038324e-03	2.274820e+00
6.630000e-06	-4.472701e-03	2.023983e+00
6.640000e-06	-4.447664e-03	1.787826e+00
6.650000e-06	-4.840445e-03	1.453008e+00
6.660000e-06	-5.182616e-03	1.147272e+00
6.670000e-06	-4.451081e-03	7.914812e-01
6.680000e-06	-4.371740e-03	5.458512e-01
6.690000e-06	-3.534224e-03	2.535634e-01
6.700000e-06	-2.216217e-03	-4.264882e-02
6.710000e-06	5.631655e-03	-3.132843e-01
6.720000e-06	3.321133e-03	-5.489357e-01
6.730000e-06	-1.145133e-03	-8.021775e-01
6.740000e-06	1.504607e-03	-1.083358e+00
6.750000e-06	-3.224406e-04	-1.370092e+00
6.760000e-06	4.576839e-04	-1.672179e+00
6.770000e-06	8.817057e-03	-1.895287e+00
6.780000e-06	4.713329e-02	-2.106387e+00
6.790000e-06	7.113669e-02	-2.410656e+00
6.800000e-06	-5.870654e-02	-2.777071e+00
6.810000e-06	-2.898381e-02	-3.155568e+00
6.820000e-06	-1.577174e-02	-3.422153e+00
6.830000e-06	-2.226169e-02	-3.579602e+00
6.840000e-06	-7.481305e-02	-3.903859e+00
6.850000e-06	8.383743e-02	-4.063262e+00
6.860000e-06	3.689660e-02	-4.271758e+00
6.870000e-06	-7.823462e-02	-4.578620e+00
6.880000e-06	1.195606e-01	-4.862226e+00
6.890000e-06	-1.010975e-01	-5.128366e+00
6.900000e-06	5.529508e-02	-5.433255e+00
6.910000e-06	-9.560626e-03	-5.704735e+00
6.920000e-06	-4.214676e-02	-5.958970e+00
6.930000e-06	9.912534e-02	-6.230130e+00
6.940000e-06	-8.763870e-02	-6.526889e+00
6.950000e-06	4.338679e-02	-6.769623e+00
6.960000e-06	-2.367704e-02	-7.033335e+00
6.970000e-06	5.026301e-03	-7.395970e+00
6.980000e-06	1.963550e-02	-7.579575e+00
6.990000e-06	-4.657498e-02	-7.905939e+00
7.000000e-06	8.643358e-02	-8.137516e+00
7.010000e-06	-5.533071e-02	-8.390054e+00
7.020000e-06	2.824858e-02	-8.660858e+00
7.030000e-06	-1.638594e-02	-8.904341e+00
7.040000e-06	3.702772e-03	-9.095897e+00
7.050000e-06	7.909920e-03	-9.327944e+00
7.060000e-06	-2.516665e-02	-9.590123e+00
7.070000e-06	5.172534e-02	-9.809125e+00
7.080000e-06	-2.141737e-02	-1.002170e+01
7.090000e-06	8.951793e-03	-1.020026e+01
7.100000e-06	-3.153617e-02	-1.043223e+01
7.110000e-06	3.501066e-02	-1.065121e+01
7.120000e-06	-7.981308e-03	-1.079073e+01
7.130000e-06	-4.770524e-03	-1.099018e+01
7.140000e-06	7.724105e-03	-1.125125e+01
7.150000e-06	6.495467e-03	-1.144119e+01
7.160000e-06	-5.024478e-03	-1.161076e+01
7.170000e-06	-1.770285e-02	-1.179116e+01
7.180000e-06	2.794154e-02	-1.204125e+01
7.190000e-06	-2.727301e-03	-1.223018e+01
7.200000e-06	-5.455081e-04	-1.235805e+01
7.210000e-06	-1.214561e-02	-1.256655e+01
7.220000e-06	1.946850e-02	-1.271447e+01
7.230000e-06	-9.925333e-03	-1.289089e+01
7.240000e-06	-3.833031e-03	-1.299074e+01
7.250000e-06	3.463030e-03	-1.317753e+01
7.260000e-06	1.262105e-02	-1.335555e+01
7.270000e-06	-3.878077e-03	-1.345389e+01
7.280000e-06	-3.272853e-03	-1.363021e+01
7.290000e-06	9.363408e-03	-1.375605e+01
7.300000e-06	-4.817101e-04	-1.393432e+01
7.310000e-06	-3.230889e-03	-1.403961e+01
7.320000e-06	5.267269e-04	-1.414702e+01
7.330000e-06	1.049591e-02	-1.429229e+01
7.340000e-06	-2.447442e-03	-1.440568e+01
7.350000e-06	-6.651408e-04	-1.450429e+01
7.360000e-06	3.073220e-03	-1.457813e+01
7.370000e-06	4.031524e-03	-1.465276e+01
7.380000e-06	1.860131e-04	-1.471545e+01
7.390000e-06	3.450534e-03	-1.483061e+01
7.400000e-06	4.507652e-03	-1.488135e+01
7.410000e-06	3.691229e-04	-1.495550e+01
7.420000e-06	-6.147950e-04	-1.497758e+01
7.430000e-06	2.525475e-03	-1.506126e+01
7.440000e-06	1.521766e-03	-1.507182e+01
7.450000e-06	1.030384e-03	-1.509443e+01
7.460000e-06	2.704039e-03	-1.512950e+01
7.470000e-06	3.553199e-03	-1.521973e+01
7.480000e-06	1.470314e-03	-1.519922e+01
7.490000e-06	1.448640e-03	-1.523226e+01
7.500000e-06	3.100847e-03	-1.528239e+01
7.510000e-06	3.473441e-03	-1.530187e+01
7.520000e-06	4.776545e-03	-1.528439e+01
7.530000e-06	5.891363e-03	-1.531395e+01
7.540000e-06	8.009982e-03	-1.531389e+01
7.550000e-06	8.931816e-03	-1.532339e+01
7.560000e-06	1.198061e-02	-1.524184e+01
7.570000e-06	1.810773e-02	-1.527129e+01
7.580000e-06	2.355824e-02	-1.519971e+01
7.590000e-06	3.031689e-02	-1.520964e+01
7.600000e-06	3.416454e-02	-1.516843e+01
7.610000e-06	3.111493e-02	-1.512590e+01
7.620000e-06	2.213916e-02	-1.507587e+01
7.630000e-06	1.357011e-02	-1.500019e+01
7.640000e-06	9.875227e-03	-1.494803e+01
7.650000e-06	7.960743e-03	-1.489445e+01
7.660000e-06	5.427061e-03	-1.487019e+01
7.670000e-06	3.497471e-03	-1.477801e+01
7.680000e-06	2.251622e-03	-1.468379e+01
7.690000e-06	2.650864e-03	-1.459856e+01
7.700000e-06	2.645223e-03	-1.453434e+01
7.710000e-06	1.687504e-03	-1.436808e+01
7.720000e-06	2.213032e-03	-1.424389e+01
7.730000e-06	9.607048e-04	-1.413897e+01
7.740000e-06	2.667501e-04	-1.400012e+01
7.750000e-06	-4.463619e-04	-1.391482e+01
7.760000e-06	-6.852770e-05	-1.379965e+01
7.770000e-06	-4.495652e-04	-1.363272e+01
7.780000e-06	-9.182228e-04	-1.349675e+01
7.790000e-06	-6.795113e-04	-1.338961e+01
7.800000e-06	-7.471973e-04	-1.328227e+01
7.810000e-06	-1.472448e-03	-1.310393e+01
7.820000e-06	-2.042758e-03	-1.296796e+01
7.830000e-06	-6.476401e-04	-1.282314e+01
7.840000e-06	-1.328954e-03	-1.267119e+01
7.850000e-06	-1.698355e-03	-1.249587e+01
7.860000e-06	-2.015908e-03	-1.234490e+01
7.870000e-06	-1.358536e-03	-1.217898e+01
7.880000e-06	-1.355019e-03	-1.198053e+01
7.890000e-06	-1.992847e-03	-1.178966e+01
7.900000e-06	-1.208955e-03	-1.159151e+01
7.910000e-06	-1.461138e-03	-1.136898e+01
7.920000e-06	-2.366085e-03	-1.118685e+01
7.930000e-06	-1.934725e-03	-1.097745e+01
7.940000e-06	-9.070343e-04	-1.076795e+01
7.950000e-06	-2.154772e-03	-1.059956e+01
7.960000e-06	-2.837250e-03	-1.035583e+01
7.970000e-06	-2.188328e-03	-1.015740e+01
7.980000e-06	-2.340811e-03	-9.914851e+00
7.990000e-06	-2.978723e-03	-9.714772e+00
8.000000e-06	-2.144864e-03	-9.443846e+00
8.010000e-06	-2.913095e-03	-9.261063e+00
8.020000e-06	-2.979178e-03	-9.031656e+00
8.030000e-06	-4.309686e-03	-8.769434e+00
8.040000e-06	-3.604773e-03	-8.566876e+00
8.050000e-06	-3.269683e-03	-8.294748e+00
8.060000e-06	-4.048772e-03	-8.094263e+00
8.070000e-06	-3.719298e-03	-7.811460e+00
8.080000e-06	-4.216013e-03	-7.525377e+00
8.090000e-06	-4.585404e-03	-7.302195e+00
8.100000e-06	-3.656833e-03	-7.032113e+00
8.110000e-06	-4.040549e-03	-6.797455e+00
8.120000e-06	-3.845519e-03	-6.524823e+00
8.130000e-06	-5.031782e-03	-6.281770e+00
8.140000e-06	-4.855584e-03	-6.019554e+00
8.150000e-06	-3.738152e-03	-5.765899e+00
8.160000e-06	-4.167963e-03	-5.492213e+00
8.170000e-06	-4.463164e-03	-5.197029e+00
8.180000e-06	-4.496525e-03	-4.902667e+00
8.190000e-06	-4.225834e-03	-4.576502e+00
8.200000e-06	-4.000732e-03	-4.357370e+00
8.210000e-06	-3.765008e-03	-4.085143e+00
8.220000e-06	-3.762064e-03	-3.839484e+00
8.230000e-06	-5.008251e-03	-3.545821e+00
8.240000e-06	-5.353997e-03	-3.292112e+00
8.250000e-06	-5.347005e-03	-2.956900e+00
8.260000e-06	-7.284635e-03	-2.681616e+00
8.270000e-06	-4.467969e-03	-2.440433e+00
8.280000e-06	-5.403029e-03	-2.136248e+00
8.290000e-06	-5.775442e-03	-1.741060e+00
8.300000e-06	-5.435374e-03	-1.618425e+00
8.310000e-06	-7.814790e-03	-1.239578e+00
8.320000e-06	-3.142761e-03	-9.562435e-01
8.330000e-06	-5.888279e-03	-6.425892e-01
8.340000e-06	-3.743390e-03	-3.368023e-01
8.350000e-06	-4.790768e-03	-8.318422e-02
8.360000e-06	1.224343e-03	2.131008e-01
8.370000e-06	4.393894e-04	4.452840e-01
8.380000e-06	-6.120081e-03	7.158382e-01
8.390000e-06	7.100961e-04	9.695974e-01
8.400000e-06	-2.802882e-03	1.276359e+00
8.410000e-06	-6.841460e-04	1.538445e+00
8.420000e-06	4.566533e-04	1.854703e+00
8.430000e-06	1.443366e-02	2.053706e+00
8.440000e-06	5.236362e-02	2.296364e+00
8.450000e-06	4.653496e-02	2.613204e+00
8.460000e-06	-6.447835e-02	2.967967e+00
8.470000e-06	-3.412499e-02	3.233608e+00
8.480000e-06	-2.072985e-02	3.536371e+00
8.490000e-06	-8.579627e-03	3.779872e+00
8.500000e-06	-4.813861e-02	3.989103e+00
8.510000e-06	1.151714e-02	4.241174e+00
8.520000e-06	7.530121e-02	4.464758e+00
8.530000e-06	-5.473897e-02	4.756920e+00
8.540000e-06	1.439760e-02	5.013155e+00
8.550000e-06	3.297051e-02	5.349470e+00
8.560000e-06	-6.129129e-02	5.641780e+00
8.570000e-06	5.232072e-02	5.884885e+00
8.580000e-06	-3.896903e-02	6.198995e+00
8.590000e-06	2.286747e-02	6.410125e+00
8.600000e-06	-9.936152e-03	6.674863e+00
8.610000e-06	-1.115337e-02	6.939546e+00
8.620000e-06	8.821148e-03	7.221578e+00
8.630000e-06	-2.323157e-02	7.506417e+00
8.640000e-06	1.379674e-02	7.790549e+00
8.650000e-06	-2.373224e-02	8.033783e+00
8.660000e-06	3.173962e-02	8.335391e+00
8.670000e-06	-9.009177e-03	8.528021e+00
8.680000e-06	-2.086871e-02	8.759451e+00
8.690000e-06	7.605289e-03	8.970655e+00
8.700000e-06	-5.288927e-03	9.231780e+00
8.710000e-06	4.184662e-03	9.454208e+00
8.720000e-06	-2.152409e-02	9.705819e+00
8.730000e-06	1.469372e-02	9.916943e+00
8.740000e-06	-1.989193e-03	1.014890e+01
8.750000e-06	-1.149790e-02	1.031795e+01
8.760000e-06	-1.894571e-02	1.055605e+01
8.770000e-06	7.584017e-03	1.073757e+01
8.780000e-06	8.325002e-03	1.097697e+01
8.790000e-06	-1.996344e-02	1.111545e+01
8.800000e-06	-2.523805e-03	1.135853e+01
8.810000e-06	7.894783e-03	1.153765e+01
8.820000e-06	-2.617557e-03	1.170948e+01
8.830000e-06	-2.264268e-02	1.188745e+01
8.840000e-06	3.849996e-03	1.208542e+01
8.850000e-06	7.060291e-03	1.226537e+01
8.860000e-06	-9.310184e-03	1.244281e+01
8.870000e-06	-1.674121e-02	1.261073e+01
8.880000e-06	1.606984e-03	1.272813e+01
8.890000e-06	-4.564259e-04	1.293850e+01
8.900000e-06	-1.543594e-02	1.305447e+01
8.910000e-06	-4.792931e-03	1.326376e+01
8.920000e-06	2.697302e-03	1.343116e+01
8.930000e-06	-3.742241e-03	1.355800e+01
8.940000e-06	-1.390330e-02	1.363327e+01
8.950000e-06	-1.594105e-03	1.385174e+01
8.960000e-06	-2.573666e-03	1.395950e+01
8.970000e-06	-9.649927e-03	1.409445e+01
8.980000e-06	-1.050548e-02	1.419276e+01
8.990000e-06	-8.158899e-04	1.433845e+01
9.000000e-06	-4.941951e-03	1.439228e+01
9.010000e-06	-1.068116e-02	1.450608e+01
9.020000e-06	-7.135816e-03	1.460123e+01
9.030000e-06	-4.092129e-03	1.471440e+01
9.040000e-06	-6.055524e-03	1.476953e+01
9.050000e-06	-7.449889e-03	1.484179e+01
9.060000e-06	-5.798194e-03	1.493692e+01
9.070000e-06	-7.398084e-03	1.493763e+01
9.080000e-06	-7.961486e-03	1.498966e+01
9.090000e-06	-7.664867e-03	1.502277e+01
9.100000e-06	-8.131441e-03	1.507635e+01
9.110000e-06	-9.186083e-03	1.512793e+01
9.120000e-06	-8.935602e-03	1.514806e+01
9.130000e-06	-7.520417e-03	1.520255e+01
9.140000e-06	-1.048462e-02	1.524259e+01
9.150000e-06	-9.693472e-03	1.524126e+01
9.160000e-06	-9.708574e-03	1.527329e+01
9.170000e-06	-1.113787e-02	1.525339e+01
9.180000e-06	-1.229065e-02	1.526640e+01
9.190000e-06	-1.310395e-02	1.527332e+01
9.200000e-06	-1.365479e-02	1.529434e+01
9.210000e-06	-1.934506e-02	1.524392e+01
9.220000e-06	-2.376439e-02	1.521324e+01
9.230000e-06	-2.895714e-02	1.524224e+01
9.240000e-06	-3.486942e-02	1.518266e+01
9.250000e-06	-4.144971e-02	1.519946e+01
9.260000e-06	-3.896616e-02	1.512643e+01
9.270000e-06	-2.977844e-02	1.507577e+01
9.280000e-06	-2.132263e-02	1.501321e+01
9.290000e-06	-1.670218e-02	1.496010e+01
9.300000e-06	-1.276251e-02	1.492787e+01
9.310000e-06	-1.113748e-02	1.482372e+01
9.320000e-06	-1.015161e-02	1.475956e+01
9.330000e-06	-1.134006e-02	1.467529e+01
9.340000e-06	-1.046019e-02	1.460966e+01
9.350000e-06	-8.868764e-03	1.453285e+01
9.360000e-06	-8.444465e-03	1.443114e+01
9.370000e-06	-1.005489e-02	1.428539e+01
9.380000e-06	-8.744824e-03	1.416156e+01
9.390000e-06	-7.647419e-03	1.407275e+01
9.400000e-06	-7.414136e-03	1.391795e+01
9.410000e-06	-9.888374e-03	1.379071e+01
9.420000e-06	-6.331298e-03	1.369324e+01
9.430000e-06	-8.414180e-03	1.353548e+01
9.440000e-06	-7.358869e-03	1.341113e+01
9.450000e-06	-9.140055e-03	1.325319e+01
9.460000e-06	-5.863724e-03	1.309687e+01
9.470000e-06	-7.095700e-03	1.300905e+01
9.480000e-06	-7.383138e-03	1.283164e+01
9.490000e-06	-7.269105e-03	1.264277e+01
9.500000e-06	-5.165221e-03	1.251442e+01
9.510000e-06	-7.048443e-03	1.234698e+01
9.520000e-06	-7.095575e-03	1.219006e+01
9.530000e-06	-6.715403e-03	1.202112e+01
9.540000e-06	-5.380703e-03	1.184061e+01
9.550000e-06	-7.763663e-03	1.158117e+01
9.560000e-06	-7.019826e-03	1.141276e+01
9.570000e-06	-6.945225e-03	1.124166e+01
9.580000e-06	-6.140761e-03	1.104114e+01
9.590000e-06	-6.020110e-03	1.086169e+01
9.600000e-06	-5.773647e-03	1.061166e+01
9.610000e-06	-5.789725e-03	1.044311e+01
9.620000e-06	-6.811514e-03	1.020906e+01
9.630000e-06	-5.804754e-03	9.988882e+00
9.640000e-06	-6.391224e-03	9.737422e+00
9.650000e-06	-6.561204e-03	9.515317e+00
9.660000e-06	-5.635053e-03	9.306294e+00
9.670000e-06	-5.350051e-03	9.062769e+00
9.680000e-06	-5.835998e-03	8.852637e+00
9.690000e-06	-6.451263e-03	8.608982e+00
9.700000e-06	-5.889229e-03	8.318004e+00
9.710000e-06	-6.156970e-03	8.136847e+00
9.720000e-06	-6.290760e-03	7.894217e+00
9.730000e-06	-6.299672e-03	7.629587e+00
9.740000e-06	-5.587985e-03	7.336798e+00
9.750000e-06	-6.000247e-03	7.074668e+00
9.760000e-06	-5.716088e-03	6.873687e+00
9.770000e-06	-5.389162e-03	6.588960e+00
9.780000e-06	-4.665961e-03	6.345793e+00
9.790000e-06	-6.181043e-03	6.104717e+00
9.800000e-06	-5.620910e-03	5.870987e+00
9.810000e-06	-5.477461e-03	5.578452e+00
9.820000e-06	-4.757104e-03	5.285692e+00
9.830000e-06	-5.729009e-03	4.986922e+00
9.840000e-06	-5.283707e-03	4.654139e+00
9.850000e-06	-5.167431e-03	4.411530e+00
9.860000e-06	-5.261180e-03	4.146757e+00
9.870000e-06	-5.364484e-03	3.832639e+00
9.880000e-06	-4.699160e-03	3.619956e+00
9.890000e-06	-5.047852e-03	3.335271e+00
9.900000e-06	-5.348902e-03	3.010037e+00
9.910000e-06	-5.059170e-03	2.748325e+00
9.920000e-06	-5.356887e-03	2.493513e+00
9.930000e-06	-4.920627e-03	2.178377e+00
9.940000e-06	-4.917438e-03	1.886819e+00
9.950000e-06	-4.742809e-03	1.588536e+00
9.960000e-06	-4.973082e-03	1.325271e+00
9.970000e-06	-4.514927e-03	9.984311e-01
9.980000e-06	-5.116534e-03	7.032133e-01
9.990000e-06	-4.255776e-03	4.119515e-01
1.000000e-05	-3.243659e-03	1.272209e-01
1.001000e-05	1.470242e-03	-1.484371e-01
1.002000e-05	6.585477e-03	-3.910509e-01
1.003000e-05	-1.866233e-03	-6.957619e-01
1.004000e-05	1.239922e-03	-9.479444e-01
1.005000e-05	-1.583950e-03	-1.201075e+00
1.006000e-05	9.884493e-04	-1.486908e+00
1.007000e-05	7.204309e-04	-1.759067e+00
1.008000e-05	2.275525e-02	-2.017021e+00
1.009000e-05	7.625779e-02	-2.273654e+00
1.010000e-05	1.389766e-02	-2.588571e+00
1.011000e-05	-7.161455e-02	-2.949616e+00
1.012000e-05	-4.296071e-03	-3.284389e+00
1.013000e-05	-2.495824e-02	-3.505388e+00
1.014000e-05	-4.518094e-02	-3.716492e+00
1.015000e-05	-2.796777e-02	-4.000046e+00
1.016000e-05	1.394387e-01	-4.167496e+00
1.017000e-05	-7.819483e-02	-4.420200e+00
1.018000e-05	4.164135e-02	-4.696384e+00
1.019000e-05	1.249976e-02	-4.958017e+00
1.020000e-05	-7.200441e-02	-5.294886e+00
1.021000e-05	1.060565e-01	-5.578067e+00
1.022000e-05	-9.521797e-02	-5.831753e+00
1.023000e-05	7.916581e-02	-6.104289e+00
1.024000e-05	-6.600432e-03	-6.338542e+00
1.025000e-05	-5.186028e-02	-6.663238e+00
1.026000e-05	4.876324e-02	-6.916418e+00
1.027000e-05	-5.542937e-02	-7.230099e+00
1.028000e-05	6.433045e-02	-7.482813e+00
1.029000e-05	-5.355448e-02	-7.766542e+00
1.030000e-05	4.043457e-02	-8.042156e+00
1.031000e-05	1.758875e-02	-8.272812e+00
1.032000e-05	-4.148748e-02	-8.527571e+00
1.033000e-05	3.802356e-02	-8.789075e+00
1.034000e-05	-3.817333e-02	-9.039730e+00
1.035000e-05	3.900469e-02	-9.241682e+00
1.036000e-05	-3.793476e-02	-9.442185e+00
1.037000e-05	3.091071e-02	-9.692285e+00
1.038000e-05	1.219160e-02	-9.904264e+00
1.039000e-05	-8.980394e-03	-1.010484e+01
1.040000e-05	-1.124093e-02	-1.033604e+01
1.041000e-05	-7.653584e-03	-1.052557e+01
1.042000e-05	3.290639e-02	-1.073544e+01
1.043000e-05	-2.535779e-02	-1.089497e+01
1.044000e-05	1.535416e-02	-1.111444e+01
1.045000e-05	-3.849239e-03	-1.136794e+01
1.046000e-05	1.304971e-02	-1.154750e+01
1.047000e-05	-2.803675e-02	-1.174590e+01
1.048000e-05	1.584828e-02	-1.192602e+01
1.049000e-05	1.360753e-02	-1.210345e+01
1.050000e-05	4.006075e-04	-1.229484e+01
1.051000e-05	-1.189171e-02	-1.247979e+01
1.052000e-05	4.763114e-03	-1.263029e+01
1.053000e-05	1.075494e-02	-1.279813e+01
1.054000e-05	-1.462304e-02	-1.296752e+01
1.055000e-05	1.083765e-03	-1.308437e+01
1.056000e-05	7.066189e-03	-1.326082e+01
1.057000e-05	8.192902e-03	-1.339069e+01
1.058000e-05	-9.630480e-03	-1.358598e+01
1.059000e-05	8.890327e-03	-1.367287e+01
1.060000e-05	4.318975e-03	-1.380121e+01
1.061000e-05	4.237889e-05	-1.397748e+01
1.062000e-05	-7.942374e-03	-1.405389e+01
1.063000e-05	8.907345e-03	-1.418776e+01
1.064000e-05	2.585170e-03	-1.431440e+01
1.065000e-05	-1.459985e-03	-1.442126e+01
1.066000e-05	1.451913e-04	-1.452595e+01
1.067000e-05	5.339204e-03	-1.461919e+01
1.068000e-05	2.966277e-03	-1.470334e+01
1.069000e-05	9.962086e-04	-1.477705e+01
1.070000e-05	5.302990e-03	-1.484221e+01
1.071000e-05	2.365121e-03	-1.488292e+01
1.072000e-05	-1.061959e-03	-1.496808e+01
1.073000e-05	-6.647015e-04	-1.500926e+01
1.074000e-05	1.924041e-03	-1.507182e+01
1.075000e-05	8.245777e-04	-1.509687e+01
1.076000e-05	1.206925e-03	-1.512850e+01
1.077000e-05	4.673283e-03	-1.515766e+01
1.078000e-05	3.218169e-03	-1.520118e+01
1.079000e-05	5.650698e-04	-1.521013e+01
1.080000e-05	3.950438e-03	-1.529236e+01
1.081000e-05	2.693551e-03	-1.531382e+01
1.082000e-05	5.480755e-03	-1.527287e+01
1.083000e-05	5.693300e-03	-1.530179e+01
1.084000e-05	5.764647e-03	-1.534449e+01
1.085000e-05	7.813653e-03	-1.530384e+01
1.086000e-05	7.956092e-03	-1.530342e+01
1.087000e-05	1.590924e-02	-1.528182e+01
1.088000e-05	1.886062e-02	-1.529184e+01
1.089000e-05	2.843409e-02	-1.523066e+01
1.090000e-05	3.121452e-02	-1.520966e+01
1.091000e-05	3.387015e-02	-1.519748e+01
1.092000e-05	2.635873e-02	-1.510385e+01
1.093000e-05	1.817762e-02	-1.508129e+01
1.094000e-05	1.121341e-02	-1.497014e+01
1.095000e-05	9.082619e-03	-1.497650e+01
1.096000e-05	5.664326e-03	-1.488335e+01
1.097000e-05	4.013233e-03	-1.480108e+01
1.098000e-05	2.381323e-03	-1.469438e+01
1.099000e-05	3.762087e-03	-1.461172e+01
1.100000e-05	1.949277e-03	-1.452650e+01
1.101000e-05	1.454220e-03	-1.443061e+01
1.102000e-05	1.585186e-03	-1.434585e+01
1.103000e-05	3.009816e-03	-1.421016e+01
1.104000e-05	1.224713e-03	-1.408194e+01
1.105000e-05	-8.203389e-04	-1.400908e+01
1.106000e-05	-4.390706e-04	-1.386122e+01
1.107000e-05	-3.223486e-04	-1.370690e+01
1.108000e-05	-5.771233e-04	-1.360913e+01
1.109000e-05	-5.690087e-04	-1.345121e+01
1.110000e-05	6.019283e-04	-1.331642e+01
1.111000e-05	2.863334e-05	-1.315808e+01
1.112000e-05	-2.520288e-03	-1.303016e+01
1.113000e-05	-1.882718e-03	-1.290487e+01
1.114000e-05	-9.074096e-04	-1.276646e+01
1.115000e-05	-4.416874e-04	-1.258861e+01
1.116000e-05	-1.180257e-03	-1.243316e+01
1.117000e-05	-4.900078e-04	-1.224372e+01
1.118000e-05	-1.560659e-03	-1.212437e+01
1.119000e-05	-3.442125e-03	-1.194535e+01
1.120000e-05	-2.524864e-03	-1.171485e+01
1.121000e-05	-7.423015e-04	-1.151572e+01
1.122000e-05	-6.064418e-04	-1.128324e+01
1.123000e-05	-2.080385e-03	-1.108269e+01
1.124000e-05	-1.549002e-03	-1.089273e+01
1.125000e-05	-2.117122e-03	-1.067330e+01
1.126000e-05	-2.678101e-03	-1.047322e+01
1.127000e-05	-2.702127e-03	-1.023169e+01
1.128000e-05	-2.583615e-03	-1.004169e+01
1.129000e-05	-2.696459e-03	-9.799030e+00
1.130000e-05	-3.861196e-03	-9.630983e+00
1.131000e-05	-2.550091e-03	-9.388929e+00
1.132000e-05	-2.512385e-03	-9.155851e+00
1.133000e-05	-3.714104e-03	-8.944295e+00
1.134000e-05	-3.292144e-03	-8.682693e+00
1.135000e-05	-3.766506e-03	-8.460114e+00
1.136000e-05	-3.465821e-03	-8.197055e+00
1.137000e-05	-4.326455e-03	-7.936292e+00
1.138000e-05	-4.208087e-03	-7.693112e+00
1.139000e-05	-3.905286e-03	-7.417981e+00
1.140000e-05	-5.106646e-03	-7.168426e+00
1.141000e-05	-5.486108e-03	-6.924744e+00
1.142000e-05	-3.300347e-03	-6.631163e+00
1.143000e-05	-3.290054e-03	-6.411007e+00
1.144000e-05	-4.271135e-03	-6.167351e+00
1.145000e-05	-5.530606e-03	-5.892691e+00
1.146000e-05	-4.180157e-03	-5.630605e+00
1.147000e-05	-5.857100e-03	-5.364250e+00
1.148000e-05	-3.755776e-03	-5.040037e+00
1.149000e-05	-4.627930e-03	-4.735268e+00
1.150000e-05	-4.144422e-03	-4.433113e+00
1.151000e-05	-4.149987e-03	-4.210084e+00
1.152000e-05	-4.790082e-03	-3.960349e+00
1.153000e-05	-4.820510e-03	-3.673664e+00
1.154000e-05	-4.498579e-03	-3.408954e+00
1.155000e-05	-6.234563e-03	-3.117274e+00
1.156000e-05	-5.311037e-03	-2.871557e+00
1.157000e-05	-5.704752e-03	-2.548900e+00
1.158000e-05	-4.861529e-03	-2.262113e+00
1.159000e-05	-6.328919e-03	-1.946897e+00
1.160000e-05	-5.275656e-03	-1.712291e+00
1.161000e-05	-5.388311e-03	-1.407380e+00
1.162000e-05	-4.716289e-03	-1.063034e+00
1.163000e-05	-6.788395e-03	-8.098751e-01
1.164000e-05	-5.469482e-03	-5.521857e-01
1.165000e-05	-5.689851e-03	-2.705278e-01
1.166000e-05	-3.125115e-03	6.470508e-02
1.167000e-05	3.882858e-03	2.978696e-01
1.168000e-05	-3.316189e-03	5.895448e-01
1.169000e-05	-3.273818e-04	8.622075e-01
1.170000e-05	-1.664290e-03	1.118363e+00
1.171000e-05	-1.050381e-03	1.411175e+00
1.172000e-05	-5.173365e-03	1.718341e+00
1.173000e-05	5.979465e-03	1.937947e+00
1.174000e-05	2.401811e-02	2.159020e+00
1.175000e-05	7.079413e-02	2.454685e+00
1.176000e-05	-1.310753e-02	2.802050e+00
1.177000e-05	-6.217838e-02	3.076308e+00
1.178000e-05	-2.172227e-02	3.340519e+00
1.179000e-05	-1.181934e-02	3.653679e+00
1.180000e-05	-3.004798e-02	3.884812e+00
1.181000e-05	-3.853461e-02	4.076236e+00
1.182000e-05	6.027253e-02	4.317491e+00
1.183000e-05	2.576994e-02	4.622097e+00
1.184000e-05	-6.674232e-02	4.884713e+00
1.185000e-05	7.987923e-02	5.179651e+00
1.186000e-05	-5.617286e-02	5.464238e+00
1.187000e-05	1.989172e-02	5.767992e+00
1.188000e-05	7.526926e-03	6.031002e+00
1.189000e-05	-2.098058e-02	6.243834e+00
1.190000e-05	2.255932e-02	6.524497e+00
1.191000e-05	-2.908760e-02	6.822575e+00
1.192000e-05	1.504046e-02	7.022914e+00
1.193000e-05	-1.779597e-02	7.420548e+00
1.194000e-05	1.873834e-03	7.662278e+00
1.195000e-05	-6.877544e-03	7.896467e+00
1.196000e-05	-2.871841e-03	8.211175e+00
1.197000e-05	2.708866e-02	8.402658e+00
1.198000e-05	-2.980738e-02	8.662834e+00
1.199000e-05	6.340147e-04	8.845284e+00
1.200000e-05	-1.747480e-03	9.145893e+00
1.201000e-05	3.042641e-04	9.357572e+00
1.202000e-05	-8.880149e-03	9.529576e+00
1.203000e-05	-7.705103e-03	9.800200e+00
1.204000e-05	1.579997e-02	1.003123e+01
1.205000e-05	-1.137146e-02	1.022318e+01
1.206000e-05	-1.375884e-02	1.045376e+01
1.207000e-05	-1.081106e-02	1.060328e+01
1.208000e-05	1.558487e-02	1.081233e+01
1.209000e-05	-8.324749e-03	1.101221e+01
1.210000e-05	-1.631502e-02	1.124271e+01
1.211000e-05	6.006289e-03	1.142176e+01
1.212000e-05	4.504465e-03	1.166331e+01
1.213000e-05	-1.318204e-02	1.183323e+01
1.214000e-05	-1.288917e-02	1.204111e+01
1.215000e-05	1.245971e-02	1.219055e+01
1.216000e-05	-2.647877e-03	1.234857e+01
1.217000e-05	-1.684265e-02	1.252752e+01
1.218000e-05	-9.023458e-03	1.268387e+01
1.219000e-05	5.054410e-03	1.283374e+01
1.220000e-05	-9.225529e-03	1.298164e+01
1.221000e-05	-1.432932e-02	1.318915e+01
1.222000e-05	-8.853875e-05	1.332485e+01
1.223000e-05	1.035041e-03	1.349332e+01
1.224000e-05	-9.349449e-03	1.361166e+01
1.225000e-05	-9.087089e-03	1.374655e+01
1.226000e-05	2.122704e-04	1.387692e+01
1.227000e-05	-7.280111e-03	1.404223e+01
1.228000e-05	-1.198909e-02	1.414757e+01
1.229000e-05	-5.991322e-03	1.425582e+01
1.230000e-05	-2.184366e-03	1.440968e+01
1.231000e-05	-7.656786e-03	1.445227e+01
1.232000e-05	-1.042628e-02	1.461058e+01
1.233000e-05	-4.259701e-03	1.465379e+01
1.234000e-05	-4.569336e-03	1.474647e+01
1.235000e-05	-7.286050e-03	1.480021e+01
1.236000e-05	-5.901478e-03	1.485434e+01
1.237000e-05	-6.169247e-03	1.491692e+01
1.238000e-05	-8.289951e-03	1.497958e+01
1.239000e-05	-9.487688e-03	1.501076e+01
1.240000e-05	-6.515286e-03	1.508379e+01
1.241000e-05	-8.466739e-03	1.512485e+01
1.242000e-05	-8.164761e-03	1.515703e+01
1.243000e-05	-8.750772e-03	1.514860e+01
1.244000e-05	-8.740233e-03	1.523221e+01
1.245000e-05	-1.072178e-02	1.526367e+01
1.246000e-05	-1.033022e-02	1.524279e+01
1.247000e-05	-9.558373e-03	1.527374e+01
1.248000e-05	-1.142376e-02	1.524384e+01
1.249000e-05	-1.210143e-02	1.526445e+01
1.250000e-05	-1.410458e-02	1.528369e+01
1.251000e-05	-1.571866e-02	1.526284e+01
1.252000e-05	-2.094440e-02	1.524326e+01
1.253000e-05	-2.556495e-02	1.525221e+01
1.254000e-05	-3.143513e-02	1.520108e+01
1.255000e-05	-3.857479e-02	1.521101e+01
1.256000e-05	-4.136358e-02	1.512738e+01
1.257000e-05	-3.513926e-02	1.507540e+01
1.258000e-05	-2.541637e-02	1.504322e+01
1.259000e-05	-1.859599e-02	1.501108e+01
1.260000e-05	-1.453405e-02	1.497838e+01
1.261000e-05	-1.211890e-02	1.484332e+01
1.262000e-05	-1.097822e-02	1.479116e+01
1.263000e-05	-9.712573e-03	1.469638e+01
1.264000e-05	-1.075637e-02	1.467271e+01
1.265000e-05	-9.356907e-03	1.456605e+01
1.266000e-05	-9.407752e-03	1.444322e+01
1.267000e-05	-8.329054e-03	1.431745e+01
1.268000e-05	-1.054680e-02	1.423229e+01
1.269000e-05	-7.519355e-03	1.410740e+01
1.270000e-05	-8.980693e-03	1.400048e+01
1.271000e-05	-7.230335e-03	1.385382e+01
1.272000e-05	-8.927930e-03	1.371603e+01
1.273000e-05	-7.297206e-03	1.357851e+01
1.274000e-05	-7.564210e-03	1.344330e+01
1.275000e-05	-8.074966e-03	1.334743e+01
1.276000e-05	-7.812112e-03	1.315056e+01
1.277000e-05	-7.086543e-03	1.302214e+01
1.278000e-05	-6.673932e-03	1.292540e+01
1.279000e-05	-8.057678e-03	1.273843e+01
1.280000e-05	-6.696609e-03	1.257059e+01
1.281000e-05	-8.073353e-03	1.243267e+01
1.282000e-05	-8.658611e-03	1.225572e+01
1.283000e-05	-4.104806e-03	1.213592e+01
1.284000e-05	-7.610099e-03	1.191745e+01
1.285000e-05	-4.916853e-03	1.176745e+01
1.286000e-05	-6.896337e-03	1.150695e+01
1.287000e-05	-5.423595e-03	1.132682e+01
1.288000e-05	-6.627551e-03	1.113740e+01
1.289000e-05	-9.080054e-03	1.092632e+01
1.290000e-05	-6.069284e-03	1.071888e+01
1.291000e-05	-7.348975e-03	1.054692e+01
1.292000e-05	-5.736566e-03	1.028477e+01
1.293000e-05	-6.741240e-03	1.009435e+01
1.294000e-05	-6.123423e-03	9.835698e+00
1.295000e-05	-4.498540e-03	9.591209e+00
1.296000e-05	-7.611942e-03	9.398982e+00
1.297000e-05	-4.694348e-03	9.228479e+00
1.298000e-05	-6.138884e-03	8.996373e+00
1.299000e-05	-5.268788e-03	8.675422e+00
1.300000e-05	-7.972018e-03	8.506319e+00
1.301000e-05	-6.483922e-03	8.251634e+00
1.302000e-05	-5.459446e-03	8.041486e+00
1.303000e-05	-5.660835e-03	7.727404e+00
1.304000e-05	-5.289377e-03	7.464694e+00
1.305000e-05	-4.847328e-03	7.219034e+00
1.306000e-05	-5.127972e-03	6.978978e+00
1.307000e-05	-5.071050e-03	6.756771e+00
1.308000e-05	-5.849347e-03	6.442693e+00
1.309000e-05	-5.584219e-03	6.210931e+00
1.310000e-05	-5.812734e-03	5.998825e+00
1.311000e-05	-5.793498e-03	5.725193e+00
1.312000e-05	-5.108693e-03	5.421060e+00
1.313000e-05	-5.660122e-03	5.106721e+00
1.314000e-05	-5.043489e-03	4.809082e+00
1.315000e-05	-5.189419e-03	4.536372e+00
1.316000e-05	-4.988352e-03	4.277188e+00
1.317000e-05	-5.354157e-03	3.997905e+00
1.318000e-05	-4.752227e-03	3.696270e+00
1.319000e-05	-5.258391e-03	3.463612e+00
1.320000e-05	-5.684909e-03	3.166851e+00
1.321000e-05	-4.773471e-03	2.905713e+00
1.322000e-05	-4.276017e-03	2.620059e+00
1.323000e-05	-4.321312e-03	2.305246e+00
1.324000e-05	-4.592554e-03	2.053034e+00
1.325000e-05	-4.587291e-03	1.739807e+00
1.326000e-05	-4.291624e-03	1.463012e+00
1.327000e-05	-5.546601e-03	1.129223e+00
1.328000e-05	-5.530270e-03	8.126591e-01
1.329000e-05	-4.319048e-03	5.262961e-01
1.330000e-05	-3.090109e-03	2.637920e-01
1.331000e-05	-2.636784e-03	-4.167500e-02
1.332000e-05	5.381395e-03	-2.627578e-01
1.333000e-05	3.504619e-03	-5.574630e-01
1.334000e-05	-5.060393e-04	-8.411988e-01
1.335000e-05	1.760052e-03	-1.072783e+00
1.336000e-05	-1.287471e-03	-1.420543e+00
1.337000e-05	3.418533e-04	-1.673154e+00
1.338000e-05	8.749554e-03	-1.874780e+00
1.339000e-05	4.465888e-02	-2.124337e+00
1.340000e-05	7.201025e-02	-2.380570e+00
1.341000e-05	-5.474931e-02	-2.748145e+00
1.342000e-05	-3.099641e-02	-3.095512e+00
1.343000e-05	-1.449205e-02	-3.441101e+00
1.344000e-05	-2.236724e-02	-3.649579e+00
1.345000e-05	-7.379961e-02	-3.913712e+00
1.346000e-05	7.678200e-02	-4.053708e+00
1.347000e-05	4.342646e-02	-4.283804e+00
1.348000e-05	-8.410029e-02	-4.548491e+00
1.349000e-05	1.219787e-01	-4.840129e+00
1.350000e-05	-9.376028e-02	-5.116013e+00
1.351000e-05	4.932247e-02	-5.403655e+00
1.352000e-05	-1.298651e-03	-5.713855e+00
1.353000e-05	-4.826178e-02	-5.958518e+00
1.354000e-05	1.024000e-01	-6.219678e+00
1.355000e-05	-8.837151e-02	-6.505465e+00
1.356000e-05	3.968147e-02	-6.769599e+00
1.357000e-05	-1.983166e-02	-7.062306e+00
1.358000e-05	1.172444e-04	-7.357447e+00
1.359000e-05	2.503783e-02	-7.572598e+00
1.360000e-05	-4.973211e-02	-7.894939e+00
1.361000e-05	8.745291e-02	-8.126019e+00
1.362000e-05	-5.435607e-02	-8.377097e+00
1.363000e-05	2.531701e-02	-8.631734e+00
1.364000e-05	-1.312876e-02	-8.904810e+00
1.365000e-05	6.789584e-04	-9.106414e+00
1.366000e-05	1.159634e-02	-9.276971e+00
1.367000e-05	-2.832571e-02	-9.578122e+00
1.368000e-05	5.179339e-02	-9.809600e+00
1.369000e-05	-2.126391e-02	-1.000962e+01
1.370000e-05	9.360808e-03	-1.024131e+01
1.371000e-05	-3.044562e-02	-1.041121e+01
1.372000e-05	3.347140e-02	-1.064121e+01
1.373000e-05	-4.728845e-03	-1.082119e+01
1.374000e-05	-6.683769e-03	-1.100121e+01
1.375000e-05	8.265400e-03	-1.123073e+01
1.376000e-05	5.230350e-03	-1.145163e+01
1.377000e-05	-2.514181e-03	-1.160126e+01
1.378000e-05	-1.943218e-02	-1.180126e+01
1.379000e-05	2.980018e-02	-1.201018e+01
1.380000e-05	-1.259159e-03	-1.219958e+01
1.381000e-05	-1.181966e-03	-1.237010e+01
1.382000e-05	-1.386345e-02	-1.256645e+01
1.383000e-05	1.936910e-02	-1.270495e+01
1.384000e-05	-8.039219e-03	-1.291281e+01
1.385000e-05	-4.070257e-03	-1.302974e+01
1.386000e-05	3.176834e-03	-1.316762e+01
1.387000e-05	1.310296e-02	-1.334700e+01
1.388000e-05	-3.341735e-03	-1.347329e+01
1.389000e-05	-4.860329e-03	-1.365221e+01
1.390000e-05	9.729319e-03	-1.374698e+01
1.391000e-05	9.512623e-04	-1.391629e+01
1.392000e-05	-2.480954e-03	-1.401016e+01
1.393000e-05	-6.131405e-04	-1.417703e+01
1.394000e-05	1.098808e-02	-1.425231e+01
1.395000e-05	-1.042855e-03	-1.436918e+01
1.396000e-05	-3.913507e-04	-1.449184e+01
1.397000e-05	7.452507e-04	-1.455858e+01
1.398000e-05	3.646709e-03	-1.466177e+01
1.399000e-05	1.951118e-04	-1.473645e+01
1.400000e-05	3.117754e-03	-1.483916e+01
1.401000e-05	4.959245e-03	-1.488239e+01
1.402000e-05	7.421999e-04	-1.496695e+01
1.403000e-05	-2.251659e-04	-1.499968e+01
1.404000e-05	1.697871e-03	-1.502223e+01
1.405000e-05	1.569978e-03	-1.509287e+01
1.406000e-05	1.060133e-03	-1.510487e+01
1.407000e-05	3.179904e-03	-1.514757e+01
1.408000e-05	2.959981e-03	-1.518966e+01
1.409000e-05	1.513031e-03	-1.520961e+01
1.410000e-05	1.228110e-03	-1.526174e+01
1.411000e-05	3.482767e-03	-1.529281e+01
1.412000e-05	2.751113e-03	-1.525187e+01
1.413000e-05	4.942641e-03	-1.531234e+01
1.414000e-05	6.017908e-03	-1.533389e+01
1.415000e-05	8.355445e-03	-1.533638e+01
1.416000e-05	8.219718e-03	-1.534342e+01
1.417000e-05	1.128197e-02	-1.531434e+01
1.418000e-05	1.721846e-02	-1.527284e+01
1.419000e-05	2.337464e-02	-1.526222e+01
1.420000e-05	2.986394e-02	-1.525011e+01
1.421000e-05	3.418041e-02	-1.516901e+01
1.422000e-05	3.077037e-02	-1.512545e+01
1.423000e-05	2.265569e-02	-1.505434e+01
1.424000e-05	1.404955e-02	-1.503271e+01
1.425000e-05	1.008065e-02	-1.501768e+01
1.426000e-05	6.818341e-03	-1.492592e+01
1.427000e-05	5.334056e-03	-1.486076e+01
1.428000e-05	3.638013e-03	-1.473750e+01
1.429000e-05	3.818418e-03	-1.469432e+01
1.430000e-05	1.926118e-03	-1.458008e+01
1.431000e-05	1.833964e-03	-1.450335e+01
1.432000e-05	1.482738e-03	-1.436911e+01
1.433000e-05	2.540935e-03	-1.427219e+01
1.434000e-05	1.693399e-03	-1.415653e+01
1.435000e-05	7.459318e-04	-1.405119e+01
1.436000e-05	-5.438673e-04	-1.393527e+01
1.437000e-05	1.408032e-04	-1.379803e+01
1.438000e-05	-9.326842e-04	-1.369121e+01
1.439000e-05	-8.274683e-04	-1.351590e+01
1.440000e-05	-3.757965e-04	-1.338813e+01
1.441000e-05	-6.261278e-04	-1.330219e+01
1.442000e-05	-1.653167e-04	-1.314285e+01
1.443000e-05	-5.264007e-04	-1.296995e+01
1.444000e-05	-6.426115e-04	-1.283059e+01
1.445000e-05	-1.714075e-03	-1.264074e+01
1.446000e-05	-2.154129e-03	-1.251675e+01
1.447000e-05	-5.232038e-04	-1.237546e+01
1.448000e-05	-8.366162e-04	-1.219955e+01
1.449000e-05	-8.687082e-04	-1.196909e+01
1.450000e-05	-2.820858e-03	-1.182958e+01
1.451000e-05	-1.299027e-03	-1.165966e+01
1.452000e-05	-1.908677e-03	-1.136201e+01
1.453000e-05	-2.282175e-03	-1.118940e+01
1.454000e-05	-1.769934e-03	-1.094800e+01
1.455000e-05	-5.586104e-04	-1.074795e+01
1.456000e-05	-2.015438e-03	-1.055706e+01
1.457000e-05	-3.199848e-03	-1.033748e+01
1.458000e-05	-2.433175e-03	-1.015785e+01
1.459000e-05	-2.725627e-03	-9.925273e+00
1.460000e-05	-3.176037e-03	-9.753374e+00
1.461000e-05	-2.869308e-03	-9.443290e+00
1.462000e-05	-2.163620e-03	-9.291762e+00
1.463000e-05	-3.138008e-03	-8.990609e+00
1.464000e-05	-3.985498e-03	-8.828904e+00
1.465000e-05	-3.674647e-03	-8.577924e+00
1.466000e-05	-3.639200e-03	-8.325327e+00
1.467000e-05	-3.898248e-03	-8.093092e+00
1.468000e-05	-3.495773e-03	-7.821589e+00
1.469000e-05	-4.114196e-03	-7.536477e+00
1.470000e-05	-4.321461e-03	-7.315719e+00
1.471000e-05	-5.148315e-03	-7.070641e+00
1.472000e-05	-4.896015e-03	-6.788504e+00
1.473000e-05	-4.004701e-03	-6.526296e+00
1.474000e-05	-4.505630e-03	-6.274217e+00
1.475000e-05	-4.044337e-03	-6.009105e+00
1.476000e-05	-4.376762e-03	-5.755375e+00
1.477000e-05	-4.043648e-03	-5.486220e+00
1.478000e-05	-5.614503e-03	-5.227951e+00
1.479000e-05	-4.647568e-03	-4.875167e+00
1.480000e-05	-5.034668e-03	-4.588997e+00
1.481000e-05	-3.963542e-03	-4.345871e+00
1.482000e-05	-4.999536e-03	-4.094241e+00
1.483000e-05	-3.676032e-03	-3.830063e+00
1.484000e-05	-5.729075e-03	-3.526300e+00
1.485000e-05	-5.406715e-03	-3.282110e+00
1.486000e-05	-5.302838e-03	-2.968453e+00
1.487000e-05	-6.043582e-03	-2.713188e+00
1.488000e-05	-5.670775e-03	-2.438978e+00
1.489000e-05	-4.209932e-03	-2.154766e+00
1.490000e-05	-6.299536e-03	-1.842037e+00
1.491000e-05	-5.844444e-03	-1.618850e+00
1.492000e-05	-5.867301e-03	-1.261553e+00
1.493000e-05	-5.423826e-03	-9.447997e-01
1.494000e-05	-4.781077e-03	-6.620856e-01
1.495000e-05	-5.657153e-03	-3.467223e-01
1.496000e-05	-4.692424e-03	-1.036620e-01
1.497000e-05	1.511977e-03	1.994648e-01
1.498000e-05	1.771390e-03	4.747041e-01
1.499000e-05	-3.997154e-03	6.862581e-01
1.500000e-05	4.796487e-04	9.495184e-01
1.501000e-05	-3.409641e-03	1.295265e+00
1.502000e-05	-2.096728e-03	1.570141e+00
1.503000e-05	-3.121474e-04	1.873782e+00
1.504000e-05	1.423799e-02	2.052705e+00
1.505000e-05	4.918147e-02	2.295238e+00
1.506000e-05	5.102324e-02	2.631552e+00
1.507000e-05	-6.156600e-02	2.967393e+00
1.508000e-05	-3.480024e-02	3.249630e+00
1.509000e-05	-2.035137e-02	3.476890e+00
1.510000e-05	-7.865739e-03	3.770572e+00
1.511000e-05	-4.821550e-02	3.958896e+00
1.512000e-05	6.354953e-03	4.180629e+00
1.513000e-05	7.635855e-02	4.452833e+00
1.514000e-05	-5.074033e-02	4.717893e+00
1.515000e-05	8.512556e-03	4.971131e+00
1.516000e-05	3.710019e-02	5.328973e+00
1.517000e-05	-6.402264e-02	5.581128e+00
1.518000e-05	5.569475e-02	5.873888e+00
1.519000e-05	-3.886601e-02	6.106492e+00
1.520000e-05	2.040222e-02	6.391150e+00
1.521000e-05	-9.112619e-03	6.673784e+00
1.522000e-05	-1.376693e-02	6.939992e+00
1.523000e-05	1.049878e-02	7.190580e+00
1.524000e-05	-2.399471e-02	7.504864e+00
1.525000e-05	1.617127e-02	7.749050e+00
1.526000e-05	-2.309080e-02	8.103808e+00
1.527000e-05	3.172982e-02	8.325388e+00
1.528000e-05	-7.211505e-03	8.526946e+00
1.529000e-05	-2.311351e-02	8.707947e+00
1.530000e-05	5.823368e-03	9.020625e+00
1.531000e-05	-6.516653e-03	9.203230e+00
1.532000e-05	4.425341e-03	9.452763e+00
1.533000e-05	-2.178391e-02	9.675293e+00
1.534000e-05	1.270039e-02	9.913841e+00
1.535000e-05	-2.380392e-04	1.010645e+01
1.536000e-05	-1.166727e-02	1.029892e+01
1.537000e-05	-1.856290e-02	1.051800e+01
1.538000e-05	7.092069e-03	1.070500e+01
1.539000e-05	8.573474e-03	1.091695e+01
1.540000e-05	-1.975980e-02	1.113902e+01
1.541000e-05	-4.773776e-03	1.134803e+01
1.542000e-05	7.639517e-03	1.152957e+01
1.543000e-05	-2.842758e-03	1.176910e+01
1.544000e-05	-2.285991e-02	1.189702e+01
1.545000e-05	4.006285e-03	1.213595e+01
1.546000e-05	7.745532e-03	1.225339e+01
1.547000e-05	-9.899025e-03	1.245268e+01
1.548000e-05	-1.701288e-02	1.259066e+01
1.549000e-05	2.432372e-03	1.278966e+01
1.550000e-05	-4.725985e-04	1.292755e+01
1.551000e-05	-1.614280e-02	1.307437e+01
1.552000e-05	-6.564756e-03	1.324224e+01
1.553000e-05	2.970209e-03	1.338973e+01
1.554000e-05	-3.146894e-03	1.350745e+01
1.555000e-05	-1.400545e-02	1.369287e+01
1.556000e-05	-1.773155e-03	1.381223e+01
1.557000e-05	-1.473633e-03	1.397805e+01
1.558000e-05	-1.077202e-02	1.405339e+01
1.559000e-05	-1.034630e-02	1.424191e+01
1.560000e-05	-1.082329e-03	1.430802e+01
1.561000e-05	-4.149820e-03	1.445171e+01
1.562000e-05	-1.062858e-02	1.451754e+01
1.563000e-05	-7.187156e-03	1.460073e+01
1.564000e-05	-4.304148e-03	1.471337e+01
1.565000e-05	-6.507124e-03	1.475860e+01
1.566000e-05	-6.642403e-03	1.480229e+01
1.567000e-05	-5.018077e-03	1.486584e+01
1.568000e-05	-7.152812e-03	1.495748e+01
1.569000e-05	-8.082982e-03	1.498871e+01
1.570000e-05	-7.863785e-03	1.502334e+01
1.571000e-05	-8.381701e-03	1.507485e+01
1.572000e-05	-8.818534e-03	1.510645e+01
1.573000e-05	-8.023018e-03	1.516900e+01
1.574000e-05	-7.780434e-03	1.521116e+01
1.575000e-05	-9.936066e-03	1.520976e+01
1.576000e-05	-9.580569e-03	1.525279e+01
1.577000e-05	-9.778340e-03	1.525334e+01
1.578000e-05	-9.612074e-03	1.528539e+01
1.579000e-05	-1.227998e-02	1.526390e+01
1.580000e-05	-1.397504e-02	1.528344e+01
1.581000e-05	-1.380686e-02	1.526440e+01
1.582000e-05	-1.847784e-02	1.524347e+01
1.583000e-05	-2.253202e-02	1.524272e+01
1.584000e-05	-2.863156e-02	1.523066e+01
1.585000e-05	-3.487028e-02	1.520123e+01
1.586000e-05	-4.090306e-02	1.512895e+01
1.587000e-05	-3.905724e-02	1.514945e+01
1.588000e-05	-2.985138e-02	1.510482e+01
1.589000e-05	-2.125257e-02	1.502429e+01
1.590000e-05	-1.698168e-02	1.499958e+01
1.591000e-05	-1.357774e-02	1.490548e+01
1.592000e-05	-1.186922e-02	1.480222e+01
1.593000e-05	-1.069613e-02	1.475803e+01
1.594000e-05	-1.037400e-02	1.468485e+01
1.595000e-05	-9.824650e-03	1.463111e+01
1.596000e-05	-9.158558e-03	1.447533e+01
1.597000e-05	-8.628969e-03	1.442018e+01
1.598000e-05	-9.799241e-03	1.429487e+01
1.599000e-05	-8.265055e-03	1.418058e+01
1.600000e-05	-1.006015e-02	1.407421e+01
1.601000e-05	-6.125542e-03	1.394700e+01
1.602000e-05	-9.173572e-03	1.379213e+01
1.603000e-05	-8.301616e-03	1.363287e+01
1.604000e-05	-6.444499e-03	1.355700e+01
1.605000e-05	-9.043980e-03	1.339966e+01
1.606000e-05	-6.195961e-03	1.325324e+01
1.607000e-05	-7.385303e-03	1.311738e+01
1.608000e-05	-8.508833e-03	1.296963e+01
1.609000e-05	-7.264871e-03	1.281117e+01
1.610000e-05	-8.537770e-03	1.267380e+01
1.611000e-05	-5.039599e-03	1.255737e+01
1.612000e-05	-8.266557e-03	1.238690e+01
1.613000e-05	-5.851367e-03	1.221003e+01
1.614000e-05	-6.249065e-03	1.198966e+01
1.615000e-05	-7.811452e-03	1.182064e+01
1.616000e-05	-6.047416e-03	1.164262e+01
1.617000e-05	-6.764988e-03	1.143164e+01
1.618000e-05	-5.281996e-03	1.123059e+01
1.619000e-05	-7.440533e-03	1.103219e+01
1.620000e-05	-7.046427e-03	1.083114e+01
1.621000e-05	-6.769964e-03	1.061004e+01
1.622000e-05	-7.036118e-03	1.043064e+01
1.623000e-05	-7.006565e-03	1.020851e+01
1.624000e-05	-5.474414e-03	9.980483e+00
1.625000e-05	-5.160256e-03	9.786927e+00
1.626000e-05	-5.925326e-03	9.506243e+00
1.627000e-05	-6.605012e-03	9.336222e+00
1.628000e-05	-5.267434e-03	9.073121e+00
1.629000e-05	-6.043191e-03	8.821688e+00
1.630000e-05	-7.122240e-03	8.568482e+00
1.631000e-05	-6.680100e-03	8.389033e+00
1.632000e-05	-5.148696e-03	8.168827e+00
1.633000e-05	-6.385127e-03	7.861217e+00
1.634000e-05	-5.635251e-03	7.621634e+00
1.635000e-05	-5.164575e-03	7.346424e+00
1.636000e-05	-5.038694e-03	7.107216e+00
1.637000e-05	-6.126298e-03	6.823615e+00
1.638000e-05	-6.505172e-03	6.611006e+00
1.639000e-05	-4.788166e-03	6.305347e+00
1.640000e-05	-5.189744e-03	6.133270e+00
1.641000e-05	-5.888473e-03	5.821163e+00
1.642000e-05	-5.874235e-03	5.587921e+00
1.643000e-05	-5.034210e-03	5.285267e+00
1.644000e-05	-5.429009e-03	4.956351e+00
1.645000e-05	-5.762894e-03	4.664518e+00
1.646000e-05	-4.647094e-03	4.390585e+00
1.647000e-05	-4.793120e-03	4.145851e+00
1.648000e-05	-4.779492e-03	3.842568e+00
1.649000e-05	-5.642617e-03	3.570454e+00
1.650000e-05	-5.271120e-03	3.297670e+00
1.651000e-05	-4.966160e-03	3.021014e+00
1.652000e-05	-4.852720e-03	2.778898e+00
1.653000e-05	-5.407121e-03	2.484567e+00
1.654000e-05	-4.417071e-03	2.190425e+00
1.655000e-05	-4.250605e-03	1.914715e+00
1.656000e-05	-4.853594e-03	1.632535e+00
1.657000e-05	-4.954080e-03	1.316270e+00
1.658000e-05	-4.730592e-03	1.019901e+00
1.659000e-05	-3.646537e-03	6.851170e-01
1.660000e-05	-4.116042e-03	4.124516e-01
1.661000e-05	-3.322693e-03	1.463262e-01
1.662000e-05	4.959388e-04	-1.279369e-01
1.663000e-05	6.972455e-03	-3.899748e-01
1.664000e-05	-2.497419e-03	-7.037379e-01
1.665000e-05	4.276675e-04	-9.869183e-01
1.666000e-05	-9.691426e-04	-1.179101e+00
1.667000e-05	1.682988e-03	-1.486286e+00
1.668000e-05	4.771450e-04	-1.757968e+00
1.669000e-05	2.144639e-02	-1.968522e+00
1.670000e-05	7.515766e-02	-2.212230e+00
1.671000e-05	1.817052e-02	-2.578997e+00
1.672000e-05	-7.324378e-02	-2.959465e+00
1.673000e-05	-4.896140e-03	-3.306286e+00
1.674000e-05	-2.513593e-02	-3.505315e+00
1.675000e-05	-4.305798e-02	-3.738988e+00
1.676000e-05	-3.267988e-02	-4.009521e+00
1.677000e-05	1.413014e-01	-4.137968e+00
1.678000e-05	-7.390041e-02	-4.440200e+00
1.679000e-05	3.333465e-02	-4.684887e+00
1.680000e-05	2.163298e-02	-4.938591e+00
1.681000e-05	-7.832446e-02	-5.304383e+00
1.682000e-05	1.092209e-01	-5.535543e+00
1.683000e-05	-9.490783e-02	-5.822680e+00
1.684000e-05	7.250177e-02	-6.092838e+00
1.685000e-05	-3.146472e-04	-6.378539e+00
1.686000e-05	-5.435162e-02	-6.632708e+00
1.687000e-05	5.364132e-02	-6.914388e+00
1.688000e-05	-5.509558e-02	-7.220571e+00
1.689000e-05	6.230561e-02	-7.483309e+00
1.690000e-05	-5.156591e-02	-7.737546e+00
1.691000e-05	3.496389e-02	-8.001153e+00
1.692000e-05	2.224215e-02	-8.283305e+00
1.693000e-05	-4.275702e-02	-8.516892e+00
1.694000e-05	4.147553e-02	-8.758045e+00
1.695000e-05	-3.949115e-02	-9.019702e+00
1.696000e-05	3.691132e-02	-9.239077e+00
1.697000e-05	-3.598200e-02	-9.420835e+00
1.698000e-05	2.691096e-02	-9.643834e+00
1.699000e-05	1.387709e-02	-9.844835e+00
1.700000e-05	-9.714852e-03	-1.009687e+01
1.701000e-05	-6.371767e-03	-1.032499e+01
1.702000e-05	-1.004062e-02	-1.051535e+01
1.703000e-05	3.431059e-02	-1.072589e+01
1.704000e-05	-2.528387e-02	-1.091697e+01
1.705000e-05	1.419760e-02	-1.112647e+01
1.706000e-05	-3.737434e-03	-1.128599e+01
1.707000e-05	1.464690e-02	-1.150540e+01
1.708000e-05	-2.539244e-02	-1.171549e+01
1.709000e-05	1.397666e-02	-1.194651e+01
1.710000e-05	1.560289e-02	-1.211442e+01
1.711000e-05	3.034246e-05	-1.228484e+01
1.712000e-05	-1.157471e-02	-1.245071e+01
1.713000e-05	1.864657e-03	-1.260921e+01
1.714000e-05	1.011202e-02	-1.275815e+01
1.715000e-05	-1.464014e-02	-1.292600e+01
1.716000e-05	2.685835e-03	-1.309385e+01
1.717000e-05	7.124329e-03	-1.328281e+01
1.718000e-05	1.206842e-02	-1.341966e+01
1.719000e-05	-1.077468e-02	-1.355759e+01
1.720000e-05	6.743238e-03	-1.366592e+01
1.721000e-05	4.511939e-03	-1.380121e+01
1.722000e-05	5.045777e-04	-1.388897e+01
1.723000e-05	-5.450171e-03	-1.408286e+01
1.724000e-05	6.728851e-03	-1.417023e+01
1.725000e-05	5.952203e-03	-1.433550e+01
1.726000e-05	-2.157702e-03	-1.446023e+01
1.727000e-05	1.025655e-03	-1.453400e+01
1.728000e-05	3.632866e-03	-1.460024e+01
1.729000e-05	3.734339e-03	-1.465291e+01
1.730000e-05	-5.851536e-04	-1.474757e+01
1.731000e-05	4.770725e-03	-1.483167e+01
1.732000e-05	2.368272e-03	-1.494289e+01
1.733000e-05	2.864285e-04	-1.493658e+01
1.734000e-05	-3.857524e-04	-1.502018e+01
1.735000e-05	1.873639e-03	-1.506227e+01
1.736000e-05	5.195267e-04	-1.510339e+01
1.737000e-05	2.740524e-03	-1.512597e+01
1.738000e-05	2.884109e-03	-1.520005e+01
1.739000e-05	3.094932e-03	-1.521014e+01
1.740000e-05	1.542463e-03	-1.525074e+01
1.741000e-05	1.746702e-03	-1.526231e+01
1.742000e-05	3.529211e-03	-1.530234e+01
1.743000e-05	2.633380e-03	-1.525380e+01
1.744000e-05	5.687762e-03	-1.527287e+01
1.745000e-05	7.484771e-03	-1.531492e+01
1.746000e-05	8.690141e-03	-1.530445e+01
1.747000e-05	1.008835e-02	-1.530227e+01
1.748000e-05	1.438410e-02	-1.532269e+01
1.749000e-05	2.055004e-02	-1.528029e+01
1.750000e-05	2.586682e-02	-1.523123e+01
1.751000e-05	3.256248e-02	-1.518961e+01
1.752000e-05	3.387795e-02	-1.516850e+01
1.753000e-05	2.704772e-02	-1.509532e+01
1.754000e-05	1.697029e-02	-1.507229e+01
1.755000e-05	1.103693e-02	-1.501966e+01
1.756000e-05	8.669641e-03	-1.492653e+01
1.757000e-05	6.826767e-03	-1.489284e+01
1.758000e-05	5.506304e-03	-1.477848e+01
1.759000e-05	3.836327e-03	-1.472540e+01
1.760000e-05	3.060742e-03	-1.463274e+01
1.761000e-05	1.763632e-03	-1.452700e+01
1.762000e-05	1.289374e-03	-1.440967e+01
1.763000e-05	1.454044e-03	-1.435748e+01
1.764000e-05	2.203192e-03	-1.423016e+01
1.765000e-05	1.727912e-03	-1.410387e+01
1.766000e-05	7.827353e-04	-1.399998e+01
1.767000e-05	1.838828e-04	-1.383224e+01
1.768000e-05	6.116687e-04	-1.372590e+01
1.769000e-05	-4.197014e-04	-1.355816e+01
1.770000e-05	-7.227086e-04	-1.345374e+01
1.771000e-05	-2.709602e-04	-1.332685e+01
1.772000e-05	-1.221042e-03	-1.314845e+01
1.773000e-05	-1.059207e-03	-1.304117e+01
1.774000e-05	-1.402986e-03	-1.291582e+01
1.775000e-05	8.881342e-04	-1.276753e+01
1.776000e-05	-4.476058e-04	-1.259959e+01
1.777000e-05	-2.387054e-04	-1.239971e+01
1.778000e-05	-1.137588e-03	-1.225124e+01
1.779000e-05	-1.494222e-03	-1.209430e+01
1.780000e-05	-2.459990e-03	-1.192485e+01
1.781000e-05	-2.014774e-03	-1.173432e+01
1.782000e-05	-2.172445e-03	-1.144283e+01
1.783000e-05	-2.043743e-03	-1.126424e+01
1.784000e-05	-2.015080e-03	-1.105327e+01
1.785000e-05	-1.109294e-03	-1.086274e+01
1.786000e-05	-1.631503e-03	-1.069427e+01
1.787000e-05	-1.126469e-03	-1.048322e+01
1.788000e-05	-2.015489e-03	-1.026262e+01
1.789000e-05	-2.509304e-03	-1.003066e+01
1.790000e-05	-3.917643e-03	-9.859606e+00
1.791000e-05	-4.339106e-03	-9.610556e+00
1.792000e-05	-3.398329e-03	-9.390005e+00
1.793000e-05	-2.182631e-03	-9.114871e+00
1.794000e-05	-3.604003e-03	-8.925823e+00
1.795000e-05	-3.464286e-03	-8.704190e+00
1.796000e-05	-3.384225e-03	-8.441613e+00
1.797000e-05	-3.377964e-03	-8.238508e+00
1.798000e-05	-4.521003e-03	-7.956928e+00
1.799000e-05	-4.376256e-03	-7.722685e+00
1.800000e-05	-4.901722e-03	-7.378535e+00
1.801000e-05	-4.026231e-03	-7.186901e+00
1.802000e-05	-5.135658e-03	-6.917793e+00
1.803000e-05	-4.000740e-03	-6.633637e+00
1.804000e-05	-4.231420e-03	-6.401659e+00
1.805000e-05	-4.295952e-03	-6.187349e+00
1.806000e-05	-3.565618e-03	-5.893689e+00
1.807000e-05	-4.122264e-03	-5.651608e+00
1.808000e-05	-4.851700e-03	-5.355321e+00
1.809000e-05	-4.971764e-03	-5.021533e+00
1.810000e-05	-7.170849e-03	-4.743795e+00
1.811000e-05	-3.047819e-03	-4.473189e+00
1.812000e-05	-5.651507e-03	-4.262532e+00
1.813000e-05	-1.767513e-03	-3.976801e+00
1.814000e-05	-5.494333e-03	-3.714095e+00
1.815000e-05	-4.898264e-03	-3.401507e+00
1.816000e-05	-4.852037e-03	-3.155840e+00
1.817000e-05	-6.785950e-03	-2.851556e+00
1.818000e-05	-4.210487e-03	-2.526900e+00
1.819000e-05	-6.635070e-03	-2.295612e+00
1.820000e-05	-4.428129e-03	-1.978920e+00
1.821000e-05	-4.953523e-03	-1.706297e+00
1.822000e-05	-6.484173e-03	-1.407804e+00
1.823000e-05	-5.029726e-03	-1.072534e+00
1.824000e-05	-6.444433e-03	-7.895049e-01
1.825000e-05	-5.027134e-03	-5.336682e-01
1.826000e-05	-6.122226e-03	-2.220329e-01
1.827000e-05	-1.589298e-03	1.080126e-02
1.828000e-05	6.358491e-03	3.574907e-01
1.829000e-05	-4.029719e-03	6.005260e-01
1.830000e-05	-1.332023e-03	8.221540e-01
1.831000e-05	-2.931867e-03	1.099016e+00
1.832000e-05	-2.165054e-04	1.363148e+00
1.833000e-05	-4.380217e-03	1.726389e+00
1.834000e-05	5.777051e-03	1.926867e+00
1.835000e-05	2.331042e-02	2.167997e+00
1.836000e-05	7.160797e-02	2.421201e+00
1.837000e-05	-8.387553e-03	2.771624e+00
1.838000e-05	-6.346991e-02	3.065282e+00
1.839000e-05	-2.091574e-02	3.338069e+00
1.840000e-05	-1.347649e-02	3.642731e+00
1.841000e-05	-2.847524e-02	3.874733e+00
1.842000e-05	-3.844582e-02	4.065863e+00
1.843000e-05	5.913127e-02	4.326966e+00
1.844000e-05	3.151663e-02	4.650154e+00
1.845000e-05	-6.957402e-02	4.844234e+00
1.846000e-05	7.925894e-02	5.208095e+00
1.847000e-05	-5.257109e-02	5.474238e+00
1.848000e-05	1.432600e-02	5.737469e+00
1.849000e-05	1.162102e-02	5.991626e+00
1.850000e-05	-2.286965e-02	6.243787e+00
1.851000e-05	2.359703e-02	6.497967e+00
1.852000e-05	-2.984820e-02	6.800651e+00
1.853000e-05	1.443154e-02	7.075788e+00
1.854000e-05	-1.510500e-02	7.360423e+00
1.855000e-05	1.199446e-03	7.653281e+00
1.856000e-05	-5.621090e-03	7.894446e+00
1.857000e-05	-4.866695e-03	8.181722e+00
1.858000e-05	2.888086e-02	8.421153e+00
1.859000e-05	-3.026692e-02	8.652256e+00
1.860000e-05	-5.142025e-04	8.854840e+00
1.861000e-05	-1.962056e-03	9.075895e+00
1.862000e-05	-5.493081e-04	9.346976e+00
1.863000e-05	-9.243499e-03	9.509046e+00
1.864000e-05	-9.348633e-03	9.800154e+00
1.865000e-05	1.697538e-02	1.006175e+01
1.866000e-05	-1.173287e-02	1.023118e+01
1.867000e-05	-1.394239e-02	1.041326e+01
1.868000e-05	-1.102458e-02	1.062324e+01
1.869000e-05	1.666942e-02	1.084418e+01
1.870000e-05	-8.011512e-03	1.104216e+01
1.871000e-05	-1.850107e-02	1.119169e+01
1.872000e-05	4.332022e-03	1.144226e+01
1.873000e-05	4.372024e-03	1.165393e+01
1.874000e-05	-1.253071e-02	1.184226e+01
1.875000e-05	-1.381930e-02	1.197173e+01
1.876000e-05	1.320760e-02	1.218013e+01
1.877000e-05	-7.215898e-04	1.235857e+01
1.878000e-05	-1.586591e-02	1.255705e+01
1.879000e-05	-9.469546e-03	1.267531e+01
1.880000e-05	4.505366e-03	1.288284e+01
1.881000e-05	-8.367455e-03	1.300271e+01
1.882000e-05	-1.409885e-02	1.318660e+01
1.883000e-05	-2.333873e-04	1.332742e+01
1.884000e-05	8.390823e-04	1.345290e+01
1.885000e-05	-9.847482e-03	1.358061e+01
1.886000e-05	-1.003314e-02	1.374705e+01
1.887000e-05	2.333894e-04	1.388487e+01
1.888000e-05	-6.939096e-03	1.396978e+01
1.889000e-05	-1.144004e-02	1.415653e+01
1.890000e-05	-4.779432e-03	1.426402e+01
1.891000e-05	-1.753806e-03	1.439918e+01
1.892000e-05	-7.799966e-03	1.449387e+01
1.893000e-05	-1.032458e-02	1.453908e+01
1.894000e-05	-5.164172e-03	1.464381e+01
1.895000e-05	-4.860083e-03	1.472747e+01
1.896000e-05	-6.021490e-03	1.480111e+01
1.897000e-05	-5.205067e-03	1.487236e+01
1.898000e-05	-6.241010e-03	1.494695e+01
1.899000e-05	-9.223900e-03	1.496804e+01
1.900000e-05	-8.058481e-03	1.501169e+01
1.901000e-05	-6.408529e-03	1.509632e+01
1.902000e-05	-8.932943e-03	1.510540e+01
1.903000e-05	-9.222382e-03	1.517805e+01
1.904000e-05	-8.122987e-03	1.520066e+01
1.905000e-05	-7.862861e-03	1.519968e+01
1.906000e-05	-1.094530e-02	1.521259e+01
1.907000e-05	-9.423336e-03	1.526174e+01
1.908000e-05	-8.517882e-03	1.526437e+01
1.909000e-05	-1.141533e-02	1.526290e+01
1.910000e-05	-1.379007e-02	1.527484e+01
1.911000e-05	-1.421356e-02	1.527484e+01
1.912000e-05	-1.620036e-02	1.526524e+01
1.913000e-05	-2.103859e-02	1.525279e+01
1.914000e-05	-2.567967e-02	1.520372e+01
1.915000e-05	-3.082520e-02	1.521208e+01
1.916000e-05	-3.773930e-02	1.520013e+01
1.917000e-05	-4.016369e-02	1.514796e+01
1.918000e-05	-3.461705e-02	1.507787e+01
1.919000e-05	-2.548634e-02	1.506382e+01
1.920000e-05	-1.976654e-02	1.499011e+01
1.921000e-05	-1.603128e-02	1.496846e+01
1.922000e-05	-1.351179e-02	1.485429e+01
1.923000e-05	-1.193317e-02	1.478103e+01
1.924000e-05	-1.025511e-02	1.467735e+01
1.925000e-05	-1.034248e-02	1.466322e+01
1.926000e-05	-8.397217e-03	1.456700e+01
1.927000e-05	-8.813266e-03	1.444269e+01
1.928000e-05	-8.236072e-03	1.434750e+01
1.929000e-05	-1.022399e-02	1.426327e+01
1.930000e-05	-8.353795e-03	1.410730e+01
1.931000e-05	-9.429275e-03	1.396864e+01
1.932000e-05	-9.699841e-03	1.386479e+01
1.933000e-05	-8.403354e-03	1.377853e+01
1.934000e-05	-7.143897e-03	1.359961e+01
1.935000e-05	-7.535131e-03	1.346332e+01
1.936000e-05	-6.955569e-03	1.334745e+01
1.937000e-05	-6.161470e-03	1.321951e+01
1.938000e-05	-6.718125e-03	1.303319e+01
1.939000e-05	-7.672751e-03	1.292587e+01
1.940000e-05	-9.647874e-03	1.280843e+01
1.941000e-05	-7.434816e-03	1.262051e+01
1.942000e-05	-8.117581e-03	1.246322e+01
1.943000e-05	-7.041986e-03	1.224370e+01
1.944000e-05	-6.466047e-03	1.210795e+01
1.945000e-05	-4.415609e-03	1.196690e+01
1.946000e-05	-6.122158e-03	1.170648e+01
1.947000e-05	-6.072377e-03	1.152696e+01
1.948000e-05	-6.910797e-03	1.135648e+01
1.949000e-05	-6.804519e-03	1.113688e+01
1.950000e-05	-7.916096e-03	1.095747e+01
1.951000e-05	-6.913829e-03	1.073751e+01
1.952000e-05	-6.204751e-03	1.054498e+01
1.953000e-05	-6.615636e-03	1.031682e+01
1.954000e-05	-6.216761e-03	1.010517e+01
1.955000e-05	-4.813196e-03	9.823764e+00
1.956000e-05	-5.524799e-03	9.631539e+00
1.957000e-05	-5.510465e-03	9.411006e+00
1.958000e-05	-6.579816e-03	9.208529e+00
1.959000e-05	-6.262957e-03	8.969854e+00
1.960000e-05	-6.649510e-03	8.718347e+00
1.961000e-05	-6.325260e-03	8.514218e+00
1.962000e-05	-5.662922e-03	8.254564e+00
1.963000e-05	-5.033745e-03	7.989436e+00
1.964000e-05	-5.290738e-03	7.737355e+00
1.965000e-05	-5.924234e-03	7.495222e+00
1.966000e-05	-5.049216e-03	7.230038e+00
1.967000e-05	-5.605375e-03	7.008905e+00
1.968000e-05	-6.220409e-03	6.746851e+00
1.969000e-05	-5.997915e-03	6.432637e+00
1.970000e-05	-5.524897e-03	6.220035e+00
1.971000e-05	-4.978956e-03	5.959455e+00
1.972000e-05	-5.194198e-03	5.705725e+00
1.973000e-05	-5.327068e-03	5.442089e+00
1.974000e-05	-5.519496e-03	5.108880e+00
1.975000e-05	-4.922908e-03	4.789530e+00
1.976000e-05	-5.072633e-03	4.547349e+00
1.977000e-05	-5.147918e-03	4.293639e+00
1.978000e-05	-5.013429e-03	3.990451e+00
1.979000e-05	-4.411870e-03	3.706797e+00
1.980000e-05	-5.706638e-03	3.473166e+00
1.981000e-05	-5.573070e-03	3.189450e+00
1.982000e-05	-4.864866e-03	2.925317e+00
1.983000e-05	-5.417083e-03	2.622940e+00
1.984000e-05	-5.376907e-03	2.316818e+00
1.985000e-05	-5.330090e-03	2.033164e+00
1.986000e-05	-4.549053e-03	1.768858e+00
1.987000e-05	-4.186074e-03	1.474143e+00
1.988000e-05	-5.524907e-03	1.168874e+00
1.989000e-05	-4.851884e-03	8.510092e-01
1.990000e-05	-4.426724e-03	5.483736e-01
1.991000e-05	-3.639250e-03	2.425945e-01
1.992000e-05	-2.850302e-03	-1.057863e-02
1.993000e-05	3.923384e-03	-2.742254e-01
1.994000e-05	3.362864e-03	-5.569083e-01
1.995000e-05	-1.635616e-03	-8.101761e-01
1.996000e-05	1.240587e-03	-1.054354e+00
1.997000e-05	-1.348742e-03	-1.389067e+00
1.998000e-05	1.465227e-04	-1.650254e+00
1.999000e-05	8.093878e-03	-1.882783e+00
2.000000e-05	4.368587e-02	-2.092358e+00
2.001000e-05	7.307715e-02	-2.388196e+00
2.002000e-05	-5.320491e-02	-2.737367e+00
2.003000e-05	-3.507501e-02	-3.187391e+00
2.004000e-05	-1.391333e-02	-3.399999e+00
2.005000e-05	-2.185418e-02	-3.602127e+00
2.006000e-05	-7.338406e-02	-3.893233e+00
2.007000e-05	7.026532e-02	-4.051201e+00
2.008000e-05	5.242610e-02	-4.251754e+00
2.009000e-05	-8.994125e-02	-4.547597e+00
2.010000e-05	1.216179e-01	-4.860976e+00
2.011000e-05	-8.974662e-02	-5.084513e+00
2.012000e-05	4.439884e-02	-5.401631e+00
2.013000e-05	8.396318e-03	-5.724807e+00
2.014000e-05	-5.422302e-02	-5.957447e+00
2.015000e-05	1.052943e-01	-6.218651e+00
2.016000e-05	-8.616239e-02	-6.544958e+00
2.017000e-05	3.407384e-02	-6.768123e+00
2.018000e-05	-1.647382e-02	-7.053810e+00
2.019000e-05	-2.975371e-03	-7.357550e+00
2.020000e-05	3.175486e-02	-7.578122e+00
2.021000e-05	-5.284203e-02	-7.844509e+00
2.022000e-05	8.584220e-02	-8.135963e+00
2.023000e-05	-5.313189e-02	-8.388146e+00
2.024000e-05	2.262731e-02	-8.650883e+00
2.025000e-05	-8.890786e-03	-8.886334e+00
2.026000e-05	-2.657742e-03	-9.104868e+00
2.027000e-05	1.510978e-02	-9.344518e+00
2.028000e-05	-2.963626e-02	-9.577599e+00
2.029000e-05	5.415894e-02	-9.789576e+00
2.030000e-05	-2.037813e-02	-1.003863e+01
2.031000e-05	7.577727e-03	-1.022218e+01
2.032000e-05	-3.052456e-02	-1.042123e+01
2.033000e-05	3.124929e-02	-1.064123e+01
2.034000e-05	-2.446687e-03	-1.084865e+01
2.035000e-05	-7.990595e-03	-1.100116e+01
2.036000e-05	1.068148e-02	-1.121175e+01
2.037000e-05	5.740161e-03	-1.138026e+01
2.038000e-05	-3.083827e-03	-1.161968e+01
2.039000e-05	-2.165541e-02	-1.183018e+01
2.040000e-05	2.948938e-02	-1.205963e+01
2.041000e-05	-2.195944e-04	-1.219011e+01
2.042000e-05	1.841409e-05	-1.237910e+01
2.043000e-05	-1.386311e-02	-1.250750e+01
2.044000e-05	1.958815e-02	-1.269439e+01
2.045000e-05	-7.633173e-03	-1.286382e+01
2.046000e-05	-5.596621e-03	-1.306273e+01
2.047000e-05	1.697825e-03	-1.314562e+01
2.048000e-05	1.243169e-02	-1.336747e+01
2.049000e-05	-1.494362e-03	-1.344291e+01
2.050000e-05	-4.361614e-03	-1.364121e+01
2.051000e-05	9.537333e-03	-1.375698e+01
2.052000e-05	-4.884957e-04	-1.385389e+01
2.053000e-05	-2.717709e-03	-1.401118e+01
2.054000e-05	-1.410311e-03	-1.410652e+01
2.055000e-05	1.140799e-02	-1.423237e+01
2.056000e-05	-1.195622e-03	-1.438863e+01
2.057000e-05	-3.805761e-04	-1.450287e+01
2.058000e-05	6.728239e-04	-1.454713e+01
2.059000e-05	3.930557e-03	-1.459079e+01
2.060000e-05	1.510990e-04	-1.471450e+01
2.061000e-05	4.729755e-03	-1.484058e+01
2.062000e-05	4.725317e-03	-1.485437e+01
2.063000e-05	1.154274e-03	-1.491552e+01
2.064000e-05	-1.430814e-03	-1.499820e+01
2.065000e-05	1.300299e-03	-1.504121e+01
2.066000e-05	1.326478e-03	-1.505327e+01
2.067000e-05	6.073002e-04	-1.510495e+01
2.068000e-05	2.966329e-03	-1.515710e+01
2.069000e-05	4.098143e-03	-1.520018e+01
2.070000e-05	2.986091e-03	-1.520916e+01
2.071000e-05	1.247479e-03	-1.526181e+01
2.072000e-05	2.779176e-03	-1.531377e+01
2.073000e-05	3.116469e-03	-1.529432e+01
2.074000e-05	3.952827e-03	-1.530239e+01
2.075000e-05	6.800883e-03	-1.532489e+01
2.076000e-05	7.736444e-03	-1.531382e+01
2.077000e-05	8.275607e-03	-1.529289e+01
2.078000e-05	1.155450e-02	-1.527239e+01
2.079000e-05	1.760587e-02	-1.527332e+01
2.080000e-05	2.367134e-02	-1.522931e+01
2.081000e-05	2.929010e-02	-1.523058e+01
2.082000e-05	3.478417e-02	-1.516856e+01
2.083000e-05	3.052096e-02	-1.513648e+01
2.084000e-05	2.174744e-02	-1.507632e+01
2.085000e-05	1.313886e-02	-1.504074e+01
2.086000e-05	9.337988e-03	-1.499863e+01
2.087000e-05	8.054059e-03	-1.489490e+01
2.088000e-05	5.884004e-03	-1.486217e+01
2.089000e-05	4.596207e-03	-1.475843e+01
2.090000e-05	3.862166e-03	-1.469430e+01
2.091000e-05	2.946715e-03	-1.459966e+01
2.092000e-05	1.388742e-03	-1.451335e+01
2.093000e-05	1.158693e-03	-1.434866e+01
2.094000e-05	2.284735e-03	-1.428537e+01
2.095000e-05	1.201224e-03	-1.415808e+01
2.096000e-05	1.020277e-03	-1.406164e+01
2.097000e-05	3.956741e-04	-1.390597e+01
2.098000e-05	8.698340e-04	-1.378008e+01
2.099000e-05	4.043129e-04	-1.367166e+01
2.100000e-05	-5.083503e-04	-1.351632e+01
2.101000e-05	-6.505204e-05	-1.339071e+01
2.102000e-05	-7.800619e-04	-1.325325e+01
2.103000e-05	-7.503790e-04	-1.311330e+01
2.104000e-05	-1.891997e-03	-1.297598e+01
2.105000e-05	-9.024597e-04	-1.281162e+01
2.106000e-05	-4.761187e-04	-1.264276e+01
2.107000e-05	-1.492371e-03	-1.254542e+01
2.108000e-05	-6.217159e-04	-1.235743e+01
2.109000e-05	1.569691e-04	-1.219906e+01
2.110000e-05	-1.261987e-03	-1.200011e+01
2.111000e-05	-2.621730e-03	-1.181956e+01
2.112000e-05	-1.444937e-03	-1.164006e+01
2.113000e-05	-1.419394e-03	-1.141859e+01
2.114000e-05	-2.981154e-03	-1.116901e+01
2.115000e-05	-2.105627e-03	-1.096795e+01
2.116000e-05	-2.089405e-03	-1.079790e+01
2.117000e-05	-1.926416e-03	-1.057899e+01
2.118000e-05	-1.312040e-03	-1.035491e+01
2.119000e-05	-1.530751e-03	-1.017685e+01
2.120000e-05	-2.040996e-03	-9.895822e+00
2.121000e-05	-3.574099e-03	-9.745250e+00
2.122000e-05	-4.033025e-03	-9.474224e+00
2.123000e-05	-2.733161e-03	-9.264138e+00
2.124000e-05	-3.758209e-03	-9.029634e+00
2.125000e-05	-3.898775e-03	-8.839036e+00
2.126000e-05	-3.799660e-03	-8.578951e+00
2.127000e-05	-3.893945e-03	-8.324772e+00
2.128000e-05	-4.437753e-03	-8.104666e+00
2.129000e-05	-4.795804e-03	-7.830113e+00
2.130000e-05	-3.314513e-03	-7.557424e+00
2.131000e-05	-3.720305e-03	-7.314743e+00
2.132000e-05	-6.338040e-03	-7.042091e+00
2.133000e-05	-4.695992e-03	-6.789026e+00
2.134000e-05	-6.425765e-03	-6.545726e+00
2.135000e-05	-1.765414e-03	-6.284692e+00
2.136000e-05	-4.551848e-03	-6.029558e+00
2.137000e-05	-4.091021e-03	-5.757478e+00
2.138000e-05	-4.840200e-03	-5.463716e+00
2.139000e-05	-5.849733e-03	-5.189980e+00
2.140000e-05	-3.281274e-03	-4.903668e+00
2.141000e-05	-5.147193e-03	-4.558500e+00
2.142000e-05	-4.647779e-03	-4.346899e+00
2.143000e-05	-4.498862e-03	-4.115720e+00
2.144000e-05	-4.206950e-03	-3.839508e+00
2.145000e-05	-4.627652e-03	-3.546899e+00
2.146000e-05	-5.743603e-03	-3.311640e+00
2.147000e-05	-4.998877e-03	-2.987931e+00
2.148000e-05	-6.847952e-03	-2.703192e+00
2.149000e-05	-3.777889e-03	-2.461607e+00
2.150000e-05	-4.829264e-03	-2.165352e+00
2.151000e-05	-4.383602e-03	-1.862083e+00
2.152000e-05	-7.093616e-03	-1.545825e+00
2.153000e-05	-6.595092e-03	-1.241557e+00
2.154000e-05	-6.532603e-03	-9.472711e-01
2.155000e-05	-4.499093e-03	-6.734907e-01
2.156000e-05	-5.907390e-03	-3.173473e-01
2.157000e-05	-3.327676e-03	-1.136682e-01
2.158000e-05	1.579219e-03	1.795449e-01
2.159000e-05	1.544647e-03	4.637554e-01
2.160000e-05	-4.129145e-03	7.458605e-01
2.161000e-05	1.693610e-03	1.008545e+00
2.162000e-05	-1.293122e-03	1.244758e+00
2.163000e-05	-1.695939e-03	1.549042e+00
2.164000e-05	-2.744089e-03	1.873704e+00
2.165000e-05	1.282917e-02	2.073230e+00
2.166000e-05	4.778537e-02	2.285837e+00
2.167000e-05	5.409271e-02	2.591596e+00
2.168000e-05	-5.987603e-02	2.968893e+00
2.169000e-05	-3.598090e-02	3.211652e+00
2.170000e-05	-2.083743e-02	3.525389e+00
2.171000e-05	-7.215355e-03	3.770021e+00
2.172000e-05	-4.706315e-02	3.958447e+00
2.173000e-05	3.234112e-03	4.199204e+00
2.174000e-05	7.566563e-02	4.423758e+00
2.175000e-05	-4.806453e-02	4.759368e+00
2.176000e-05	2.393952e-03	4.999249e+00
2.177000e-05	4.391650e-02	5.360464e+00
2.178000e-05	-6.671953e-02	5.591148e+00
2.179000e-05	5.782340e-02	5.874282e+00
2.180000e-05	-3.665435e-02	6.127467e+00
2.181000e-05	1.928047e-02	6.359771e+00
2.182000e-05	-7.340497e-03	6.734306e+00
2.183000e-05	-1.561198e-02	6.927441e+00
2.184000e-05	1.064751e-02	7.160651e+00
2.185000e-05	-2.626461e-02	7.493919e+00
2.186000e-05	1.562836e-02	7.749522e+00
2.187000e-05	-2.373131e-02	8.064284e+00
2.188000e-05	3.037774e-02	8.275391e+00
2.189000e-05	-4.562586e-03	8.496942e+00
2.190000e-05	-2.338226e-02	8.767972e+00
2.191000e-05	7.710962e-03	8.958651e+00
2.192000e-05	-7.904605e-03	9.241131e+00
2.193000e-05	3.301571e-03	9.442309e+00
2.194000e-05	-2.127923e-02	9.662842e+00
2.195000e-05	1.273981e-02	9.905914e+00
2.196000e-05	3.452615e-04	1.008534e+01
2.197000e-05	-1.243112e-02	1.030797e+01
2.198000e-05	-1.901159e-02	1.053650e+01
2.199000e-05	5.938481e-03	1.077849e+01
2.200000e-05	9.027294e-03	1.092547e+01
2.201000e-05	-1.963053e-02	1.111650e+01
2.202000e-05	-5.583736e-03	1.131592e+01
2.203000e-05	7.999248e-03	1.154800e+01
2.204000e-05	-1.538113e-03	1.171650e+01
2.205000e-05	-2.246071e-02	1.191592e+01
2.206000e-05	2.410949e-03	1.210754e+01
2.207000e-05	8.978843e-03	1.226337e+01
2.208000e-05	-9.594271e-03	1.240428e+01
2.209000e-05	-1.735350e-02	1.261118e+01
2.210000e-05	1.646760e-03	1.275801e+01
2.211000e-05	1.598323e-04	1.291595e+01
2.212000e-05	-1.598458e-02	1.306686e+01
2.213000e-05	-6.965272e-03	1.328066e+01
2.214000e-05	3.241974e-03	1.337069e+01
2.215000e-05	-2.527741e-03	1.353700e+01
2.216000e-05	-1.466344e-02	1.364282e+01
2.217000e-05	-2.435223e-03	1.382271e+01
2.218000e-05	-1.587256e-03	1.391705e+01
2.219000e-05	-9.092489e-03	1.407434e+01
2.220000e-05	-1.060017e-02	1.419076e+01
2.221000e-05	-1.887957e-03	1.429750e+01
2.222000e-05	-3.912725e-03	1.445131e+01
2.223000e-05	-1.078516e-02	1.451594e+01
2.224000e-05	-6.982395e-03	1.462171e+01
2.225000e-05	-4.412404e-03	1.469444e+01
2.226000e-05	-5.198467e-03	1.477995e+01
2.227000e-05	-6.780934e-03	1.482284e+01
2.228000e-05	-3.924587e-03	1.486487e+01
2.229000e-05	-6.468320e-03	1.494750e+01
2.230000e-05	-7.790710e-03	1.496056e+01
2.231000e-05	-8.683910e-03	1.504277e+01
2.232000e-05	-7.167512e-03	1.503432e+01
2.233000e-05	-8.094960e-03	1.512843e+01
2.234000e-05	-7.823581e-03	1.516861e+01
2.235000e-05	-8.338625e-03	1.519911e+01
2.236000e-05	-9.450534e-03	1.521026e+01
2.237000e-05	-8.694344e-03	1.526372e+01
2.238000e-05	-9.646379e-03	1.526479e+01
2.239000e-05	-1.010337e-02	1.523437e+01
2.240000e-05	-1.229277e-02	1.526432e+01
2.241000e-05	-1.267437e-02	1.526592e+01
2.242000e-05	-1.485306e-02	1.528437e+01
2.243000e-05	-1.866349e-02	1.520334e+01
2.244000e-05	-2.246672e-02	1.523184e+01
2.245000e-05	-2.794923e-02	1.519056e+01
2.246000e-05	-3.517848e-02	1.523151e+01
2.247000e-05	-4.166394e-02	1.515908e+01
2.248000e-05	-3.927395e-02	1.509545e+01
2.249000e-05	-3.019270e-02	1.511534e+01
2.250000e-05	-2.169471e-02	1.502269e+01
2.251000e-05	-1.729833e-02	1.497001e+01
2.252000e-05	-1.342947e-02	1.488532e+01
2.253000e-05	-1.135772e-02	1.487179e+01
2.254000e-05	-1.166741e-02	1.475956e+01
2.255000e-05	-1.169671e-02	1.467627e+01
2.256000e-05	-1.062676e-02	1.458811e+01
2.257000e-05	-9.283780e-03	1.447695e+01
2.258000e-05	-9.264313e-03	1.440059e+01
2.259000e-05	-1.020130e-02	1.431588e+01
2.260000e-05	-8.909716e-03	1.416861e+01
2.261000e-05	-8.246639e-03	1.411377e+01
2.262000e-05	-7.253310e-03	1.391753e+01
2.263000e-05	-8.977996e-03	1.382111e+01
2.264000e-05	-7.251202e-03	1.369430e+01
2.265000e-05	-8.443941e-03	1.352638e+01
2.266000e-05	-7.583491e-03	1.338164e+01
2.267000e-05	-8.863755e-03	1.329119e+01
2.268000e-05	-6.432837e-03	1.313580e+01
2.269000e-05	-7.942361e-03	1.299005e+01
2.270000e-05	-7.824430e-03	1.281117e+01
2.271000e-05	-7.210157e-03	1.269577e+01
2.272000e-05	-5.259961e-03	1.252790e+01
2.273000e-05	-6.454583e-03	1.236698e+01
2.274000e-05	-6.852147e-03	1.219006e+01
2.275000e-05	-6.388802e-03	1.205164e+01
2.276000e-05	-7.207063e-03	1.181314e+01
2.277000e-05	-7.569368e-03	1.168314e+01
2.278000e-05	-6.963028e-03	1.144275e+01
2.279000e-05	-6.300204e-03	1.122269e+01
2.280000e-05	-6.507003e-03	1.106017e+01
2.281000e-05	-6.329045e-03	1.083367e+01
2.282000e-05	-5.624207e-03	1.065074e+01
2.283000e-05	-6.789400e-03	1.043249e+01
2.284000e-05	-6.106510e-03	1.018949e+01
2.285000e-05	-5.420202e-03	9.970986e+00
2.286000e-05	-4.739463e-03	9.777874e+00
2.287000e-05	-6.476152e-03	9.495348e+00
2.288000e-05	-7.656150e-03	9.305775e+00
2.289000e-05	-6.558410e-03	9.043593e+00
2.290000e-05	-5.203476e-03	8.842614e+00
2.291000e-05	-5.435748e-03	8.630457e+00
2.292000e-05	-6.063847e-03	8.380977e+00
2.293000e-05	-4.907581e-03	8.106802e+00
2.294000e-05	-5.344014e-03	7.885238e+00
2.295000e-05	-5.430935e-03	7.630564e+00
2.296000e-05	-5.864771e-03	7.359955e+00
2.297000e-05	-6.123245e-03	7.095271e+00
2.298000e-05	-6.409272e-03	6.863138e+00
2.299000e-05	-6.110376e-03	6.642413e+00
2.300000e-05	-5.463131e-03	6.336401e+00
2.301000e-05	-5.608424e-03	6.094767e+00
2.302000e-05	-4.847694e-03	5.831089e+00
2.303000e-05	-4.569195e-03	5.538977e+00
2.304000e-05	-4.177670e-03	5.255248e+00
2.305000e-05	-5.603404e-03	4.979829e+00
2.306000e-05	-5.521670e-03	4.674638e+00
2.307000e-05	-5.459671e-03	4.431537e+00
2.308000e-05	-5.133998e-03	4.146401e+00
2.309000e-05	-5.588949e-03	3.853537e+00
2.310000e-05	-5.222582e-03	3.611979e+00
2.311000e-05	-4.152794e-03	3.306216e+00
2.312000e-05	-4.913876e-03	3.042087e+00
2.313000e-05	-5.176117e-03	2.800372e+00
2.314000e-05	-5.351589e-03	2.485614e+00
2.315000e-05	-4.222807e-03	2.208900e+00
2.316000e-05	-4.658874e-03	1.894846e+00
2.317000e-05	-5.862665e-03	1.620055e+00
2.318000e-05	-4.807161e-03	1.314747e+00
2.319000e-05	-5.292556e-03	1.000408e+00
2.320000e-05	-4.406042e-03	7.241147e-01
2.321000e-05	-4.345788e-03	4.309116e-01
2.322000e-05	-3.079850e-03	1.261975e-01
2.323000e-05	5.379852e-04	-1.454684e-01
2.324000e-05	5.930172e-03	-3.680735e-01
2.325000e-05	-2.306208e-03	-6.541225e-01
2.326000e-05	8.461787e-04	-9.074156e-01
2.327000e-05	-1.811463e-03	-1.209145e+00
2.328000e-05	4.094161e-04	-1.475839e+00
2.329000e-05	4.528430e-04	-1.737417e+00
2.330000e-05	1.993553e-02	-1.988922e+00
2.331000e-05	7.307976e-02	-2.250730e+00
2.332000e-05	2.241002e-02	-2.538089e+00
2.333000e-05	-7.370845e-02	-2.967489e+00
2.334000e-05	-4.244874e-03	-3.295309e+00
2.335000e-05	-2.560922e-02	-3.505888e+00
2.336000e-05	-3.996801e-02	-3.746417e+00
2.337000e-05	-3.806520e-02	-3.989498e+00
2.338000e-05	1.412553e-01	-4.145993e+00
2.339000e-05	-6.794582e-02	-4.380124e+00
2.340000e-05	2.670752e-02	-4.683911e+00
2.341000e-05	3.184557e-02	-4.975565e+00
2.342000e-05	-8.368501e-02	-5.263838e+00
2.343000e-05	1.097128e-01	-5.566471e+00
2.344000e-05	-9.250114e-02	-5.789184e+00
2.345000e-05	6.780461e-02	-6.075759e+00
2.346000e-05	9.029910e-03	-6.307040e+00
2.347000e-05	-6.135714e-02	-6.672279e+00
2.348000e-05	5.371021e-02	-6.875818e+00
2.349000e-05	-5.688757e-02	-7.181552e+00
2.350000e-05	6.081385e-02	-7.443234e+00
2.351000e-05	-4.666562e-02	-7.725996e+00
2.352000e-05	3.027290e-02	-8.050655e+00
2.353000e-05	3.026084e-02	-8.251234e+00
2.354000e-05	-4.770938e-02	-8.545444e+00
2.355000e-05	4.151365e-02	-8.755521e+00
2.356000e-05	-3.885499e-02	-8.991130e+00
2.357000e-05	3.816396e-02	-9.230582e+00
2.358000e-05	-3.458113e-02	-9.371255e+00
2.359000e-05	2.411445e-02	-9.643788e+00
2.360000e-05	1.822799e-02	-9.863940e+00
2.361000e-05	-1.106704e-02	-1.012692e+01
2.362000e-05	-5.811259e-03	-1.034599e+01
2.363000e-05	-1.156039e-02	-1.051702e+01
2.364000e-05	3.578441e-02	-1.072539e+01
2.365000e-05	-2.540098e-02	-1.086647e+01
2.366000e-05	1.420404e-02	-1.112492e+01
2.367000e-05	-2.623438e-03	-1.134545e+01
2.368000e-05	1.369231e-02	-1.148687e+01
2.369000e-05	-2.607806e-02	-1.168537e+01
2.370000e-05	1.115800e-02	-1.190752e+01
2.371000e-05	1.747154e-02	-1.208444e+01
2.372000e-05	-5.917346e-04	-1.228377e+01
2.373000e-05	-9.827447e-03	-1.242124e+01
2.374000e-05	2.121650e-03	-1.261021e+01
2.375000e-05	1.245126e-02	-1.277763e+01
2.376000e-05	-1.538354e-02	-1.291702e+01
2.377000e-05	1.854350e-03	-1.307439e+01
2.378000e-05	6.192402e-03	-1.323173e+01
2.379000e-05	1.072051e-02	-1.336963e+01
2.380000e-05	-1.129653e-02	-1.351558e+01
2.381000e-05	6.906808e-03	-1.367484e+01
2.382000e-05	4.823705e-03	-1.381866e+01
2.383000e-05	-4.134390e-04	-1.394598e+01
2.384000e-05	-5.524075e-03	-1.404319e+01
2.385000e-05	7.037186e-03	-1.418963e+01
2.386000e-05	6.122973e-03	-1.429394e+01
2.387000e-05	-3.153414e-03	-1.441973e+01
2.388000e-05	9.213227e-04	-1.450594e+01
2.389000e-05	2.768401e-03	-1.462971e+01
2.390000e-05	2.685009e-03	-1.464329e+01
2.391000e-05	8.728932e-05	-1.474853e+01
2.392000e-05	5.257829e-03	-1.486224e+01
2.393000e-05	2.375885e-03	-1.489545e+01
2.394000e-05	5.162225e-04	-1.491808e+01
2.395000e-05	8.637193e-04	-1.501963e+01
2.396000e-05	1.914774e-03	-1.507479e+01
2.397000e-05	1.435435e-04	-1.508389e+01
2.398000e-05	1.641015e-03	-1.514600e+01
2.399000e-05	3.401506e-03	-1.516867e+01
2.400000e-05	2.405280e-03	-1.519171e+01
2.401000e-05	1.319005e-03	-1.524074e+01
2.402000e-05	2.466074e-03	-1.529281e+01
2.403000e-05	3.967449e-03	-1.524079e+01
2.404000e-05	2.724621e-03	-1.531339e+01
2.405000e-05	5.918752e-03	-1.529684e+01
2.406000e-05	6.714532e-03	-1.532442e+01
2.407000e-05	8.663778e-03	-1.529339e+01
2.408000e-05	8.189943e-03	-1.525327e+01
2.409000e-05	1.425060e-02	-1.526345e+01
2.410000e-05	2.070201e-02	-1.524232e+01
2.411000e-05	2.530766e-02	-1.519979e+01
2.412000e-05	3.310758e-02	-1.519916e+01
2.413000e-05	3.407575e-02	-1.514695e+01
2.414000e-05	2.802400e-02	-1.512487e+01
2.415000e-05	1.765761e-02	-1.506229e+01
2.416000e-05	1.171600e-02	-1.499008e+01
2.417000e-05	8.808203e-03	-1.496555e+01
2.418000e-05	6.006406e-03	-1.487392e+01
2.419000e-05	4.420844e-03	-1.483958e+01
2.420000e-05	3.855186e-03	-1.476682e+01
2.421000e-05	3.568346e-03	-1.463169e+01
2.422000e-05	2.732108e-03	-1.456803e+01
2.423000e-05	1.930037e-03	-1.446274e+01
2.424000e-05	2.212163e-03	-1.431830e+01
2.425000e-05	1.295300e-03	-1.422066e+01
2.426000e-05	1.084176e-03	-1.406395e+01
2.427000e-05	1.430516e-03	-1.399803e+01
2.428000e-05	4.684778e-04	-1.387277e+01
2.429000e-05	-5.085287e-04	-1.377653e+01
2.430000e-05	-7.292759e-04	-1.361854e+01
2.431000e-05	-4.320781e-05	-1.345274e+01
2.432000e-05	6.876545e-04	-1.331585e+01
2.433000e-05	-7.826158e-04	-1.317003e+01
2.434000e-05	-2.162856e-03	-1.302114e+01
2.435000e-05	-1.031625e-03	-1.293485e+01
2.436000e-05	-1.781101e-04	-1.272791e+01
2.437000e-05	-1.388647e-03	-1.259858e+01
2.438000e-05	-1.373684e-03	-1.242117e+01
2.439000e-05	-3.296717e-04	-1.224277e+01
2.440000e-05	-1.728607e-03	-1.209274e+01
2.441000e-05	-1.680937e-03	-1.191642e+01
2.442000e-05	-1.274476e-03	-1.176498e+01
2.443000e-05	-6.986592e-04	-1.152322e+01
2.444000e-05	-3.271400e-03	-1.128424e+01
2.445000e-05	-2.740689e-03	-1.106371e+01
2.446000e-05	-6.334086e-04	-1.089069e+01
2.447000e-05	-2.030474e-03	-1.068375e+01
2.448000e-05	-3.021169e-03	-1.050424e+01
2.449000e-05	-2.517768e-03	-1.027169e+01
2.450000e-05	-1.066203e-03	-1.008269e+01
2.451000e-05	-2.558345e-03	-9.830080e+00
2.452000e-05	-3.728061e-03	-9.610079e+00
2.453000e-05	-3.547982e-03	-9.376930e+00
2.454000e-05	-2.643534e-03	-9.167476e+00
2.455000e-05	-4.664226e-03	-8.917772e+00
2.456000e-05	-4.808332e-03	-8.704144e+00
2.457000e-05	-4.220723e-03	-8.470563e+00
2.458000e-05	-3.895914e-03	-8.202584e+00
2.459000e-05	-4.819842e-03	-7.917375e+00
2.460000e-05	-4.149651e-03	-7.723289e+00
2.461000e-05	-3.835500e-03	-7.370035e+00
2.462000e-05	-3.531728e-03	-7.177421e+00
2.463000e-05	-4.519633e-03	-6.934826e+00
2.464000e-05	-5.270249e-03	-6.662689e+00
2.465000e-05	-4.606539e-03	-6.441033e+00
2.466000e-05	-4.930937e-03	-6.158379e+00
2.467000e-05	-4.716422e-03	-5.913743e+00
2.468000e-05	-3.810716e-03	-5.631085e+00
2.469000e-05	-4.516449e-03	-5.307306e+00
2.470000e-05	-3.886287e-03	-5.051683e+00
2.471000e-05	-4.637923e-03	-4.744276e+00
2.472000e-05	-4.868298e-03	-4.461688e+00
2.473000e-05	-4.889771e-03	-4.243609e+00
2.474000e-05	-3.805844e-03	-3.968526e+00
2.475000e-05	-5.021455e-03	-3.724716e+00
2.476000e-05	-5.173328e-03	-3.428532e+00
2.477000e-05	-5.506609e-03	-3.116300e+00
2.478000e-05	-5.259355e-03	-2.861164e+00
2.479000e-05	-5.875187e-03	-2.575450e+00
2.480000e-05	-5.172728e-03	-2.273692e+00
2.481000e-05	-6.094757e-03	-2.019399e+00
2.482000e-05	-4.964386e-03	-1.715795e+00
2.483000e-05	-5.833904e-03	-1.401013e+00
2.484000e-05	-3.829170e-03	-1.073687e+00
2.485000e-05	-6.126680e-03	-8.414764e-01
2.486000e-05	-5.004196e-03	-5.347933e-01
2.487000e-05	-5.453361e-03	-2.731642e-01
2.488000e-05	-2.063639e-03	6.221008e-02
2.489000e-05	4.252517e-03	3.058645e-01
2.490000e-05	-2.851083e-03	5.799711e-01
2.491000e-05	4.396370e-04	8.120786e-01
2.492000e-05	-7.126045e-04	1.135458e+00
2.493000e-05	-6.537752e-04	1.379148e+00
2.494000e-05	-4.357740e-03	1.725891e+00
2.495000e-05	5.816520e-03	1.936913e+00
2.496000e-05	2.229953e-02	2.168443e+00
2.497000e-05	6.917700e-02	2.461726e+00
2.498000e-05	-5.043385e-03	2.779045e+00
2.499000e-05	-6.449743e-02	3.044759e+00
2.500000e-05	-2.119004e-02	3.358021e+00
2.501000e-05	-1.335205e-02	3.642104e+00
2.502000e-05	-2.635039e-02	3.844283e+00
2.503000e-05	-4.142529e-02	4.105287e+00
2.504000e-05	5.539369e-02	4.345489e+00
2.505000e-05	3.391446e-02	4.591650e+00
2.506000e-05	-7.019632e-02	4.853686e+00
2.507000e-05	7.779030e-02	5.207623e+00
2.508000e-05	-4.805176e-02	5.473788e+00
2.509000e-05	8.470422e-03	5.706993e+00
2.510000e-05	1.393045e-02	5.980175e+00
2.511000e-05	-2.548906e-02	6.241734e+00
2.512000e-05	2.635482e-02	6.537422e+00
2.513000e-05	-2.903738e-02	6.811176e+00
2.514000e-05	1.201967e-02	7.052738e+00
2.515000e-05	-1.427108e-02	7.328069e+00
2.516000e-05	-2.265350e-03	7.631279e+00
2.517000e-05	-4.064166e-03	7.894939e+00
2.518000e-05	-7.003062e-03	8.189596e+00
2.519000e-05	3.074151e-02	8.402604e+00
2.520000e-05	-2.954053e-02	8.611709e+00
2.521000e-05	-3.575834e-03	8.833310e+00
2.522000e-05	-1.924140e-03	9.105890e+00
2.523000e-05	-3.927884e-04	9.297418e+00
2.524000e-05	-6.683875e-03	9.488593e+00
2.525000e-05	-1.152838e-02	9.799576e+00
2.526000e-05	1.725030e-02	1.004118e+01
2.527000e-05	-1.149953e-02	1.025061e+01
2.528000e-05	-1.372013e-02	1.041234e+01
2.529000e-05	-1.263297e-02	1.063166e+01
2.530000e-05	1.608456e-02	1.082269e+01
2.531000e-05	-6.554029e-03	1.103168e+01
2.532000e-05	-1.944544e-02	1.121166e+01
2.533000e-05	4.645975e-03	1.141123e+01
2.534000e-05	5.815611e-03	1.161276e+01
2.535000e-05	-1.135739e-02	1.179873e+01
2.536000e-05	-1.557713e-02	1.200073e+01
2.537000e-05	1.272552e-02	1.215815e+01
2.538000e-05	-1.593726e-03	1.238965e+01
2.539000e-05	-1.558804e-02	1.253747e+01
2.540000e-05	-9.351507e-03	1.268529e+01
2.541000e-05	5.171650e-03	1.287332e+01
2.542000e-05	-7.794319e-03	1.299118e+01
2.543000e-05	-1.487090e-02	1.314800e+01
2.544000e-05	1.262859e-04	1.333642e+01
2.545000e-05	2.294071e-03	1.344529e+01
2.546000e-05	-7.727844e-03	1.360218e+01
2.547000e-05	-9.955811e-03	1.371660e+01
2.548000e-05	4.062088e-04	1.388594e+01
2.549000e-05	-5.945035e-03	1.399979e+01
2.550000e-05	-1.249794e-02	1.413703e+01
2.551000e-05	-6.418839e-03	1.429477e+01
2.552000e-05	-1.597190e-03	1.439713e+01
2.553000e-05	-6.607702e-03	1.447329e+01
2.554000e-05	-1.014681e-02	1.455810e+01
2.555000e-05	-4.339973e-03	1.464182e+01
2.556000e-05	-4.380074e-03	1.472543e+01
2.557000e-05	-5.942719e-03	1.482013e+01
2.558000e-05	-5.586806e-03	1.486329e+01
2.559000e-05	-5.512443e-03	1.490592e+01
2.560000e-05	-7.761867e-03	1.501006e+01
2.561000e-05	-9.131399e-03	1.501171e+01
2.562000e-05	-7.462410e-03	1.505382e+01
2.563000e-05	-8.221426e-03	1.512595e+01
2.564000e-05	-8.428126e-03	1.514705e+01
2.565000e-05	-6.954813e-03	1.518851e+01
2.566000e-05	-8.429649e-03	1.523221e+01
2.567000e-05	-9.710956e-03	1.525121e+01
2.568000e-05	-1.014630e-02	1.525181e+01
2.569000e-05	-9.633928e-03	1.525332e+01
2.570000e-05	-1.195524e-02	1.527445e+01
2.571000e-05	-1.266172e-02	1.525444e+01
2.572000e-05	-1.370648e-02	1.525645e+01
2.573000e-05	-1.571673e-02	1.530339e+01
2.574000e-05	-2.095962e-02	1.526577e+01
2.575000e-05	-2.509043e-02	1.519976e+01
2.576000e-05	-3.074338e-02	1.521211e+01
2.577000e-05	-3.863444e-02	1.515908e+01
2.578000e-05	-4.129765e-02	1.518748e+01
2.579000e-05	-3.673690e-02	1.505543e+01
2.580000e-05	-2.556624e-02	1.508277e+01
2.581000e-05	-1.985172e-02	1.502958e+01
2.582000e-05	-1.504602e-02	1.493753e+01
2.583000e-05	-1.263687e-02	1.488472e+01
2.584000e-05	-1.086456e-02	1.488116e+01
2.585000e-05	-1.042444e-02	1.470590e+01
2.586000e-05	-1.084093e-02	1.465172e+01
2.587000e-05	-9.293770e-03	1.457860e+01
2.588000e-05	-9.395255e-03	1.442232e+01
2.589000e-05	-9.060562e-03	1.433646e+01
2.590000e-05	-1.099358e-02	1.425377e+01
2.591000e-05	-7.177014e-03	1.411642e+01
2.592000e-05	-8.327664e-03	1.402111e+01
2.593000e-05	-7.405015e-03	1.386425e+01
2.594000e-05	-9.926116e-03	1.374900e+01
2.595000e-05	-7.291377e-03	1.361066e+01
2.596000e-05	-8.287008e-03	1.342371e+01
2.597000e-05	-7.283710e-03	1.335705e+01
2.598000e-05	-8.206207e-03	1.319961e+01
2.599000e-05	-6.571139e-03	1.303171e+01
2.600000e-05	-8.108955e-03	1.290537e+01
2.601000e-05	-7.857221e-03	1.272940e+01
2.602000e-05	-7.421169e-03	1.259119e+01
2.603000e-05	-6.933813e-03	1.247322e+01
2.604000e-05	-6.382082e-03	1.226475e+01
2.605000e-05	-6.378883e-03	1.215742e+01
2.606000e-05	-5.926100e-03	1.189698e+01
2.607000e-05	-6.857217e-03	1.177640e+01
2.608000e-05	-6.731910e-03	1.154795e+01
2.609000e-05	-5.921042e-03	1.135635e+01
2.610000e-05	-8.016590e-03	1.111633e+01
2.611000e-05	-6.942803e-03	1.092790e+01
2.612000e-05	-5.875010e-03	1.072745e+01
2.613000e-05	-4.774558e-03	1.056785e+01
2.614000e-05	-6.826235e-03	1.031437e+01
2.615000e-05	-6.545789e-03	1.013684e+01
2.616000e-05	-4.971198e-03	9.845723e+00
2.617000e-05	-5.704247e-03	9.632237e+00
2.618000e-05	-6.346187e-03	9.440079e+00
2.619000e-05	-6.089199e-03	9.200007e+00
2.620000e-05	-4.755294e-03	9.019452e+00
2.621000e-05	-5.995269e-03	8.716355e+00
2.622000e-05	-6.035187e-03	8.506292e+00
2.623000e-05	-4.577847e-03	8.262218e+00
2.624000e-05	-5.369544e-03	8.010564e+00
2.625000e-05	-6.569448e-03	7.748505e+00
2.626000e-05	-6.114511e-03	7.505772e+00
2.627000e-05	-4.158492e-03	7.241109e+00
2.628000e-05	-5.244638e-03	6.990553e+00
2.629000e-05	-6.149329e-03	6.716900e+00
2.630000e-05	-6.223795e-03	6.443191e+00
2.631000e-05	-5.414041e-03	6.221583e+00
2.632000e-05	-5.557987e-03	5.956852e+00
2.633000e-05	-5.774088e-03	5.757746e+00
2.634000e-05	-4.968538e-03	5.422738e+00
2.635000e-05	-4.687938e-03	5.147856e+00
2.636000e-05	-5.783991e-03	4.790064e+00
2.637000e-05	-5.499715e-03	4.547877e+00
2.638000e-05	-4.817902e-03	4.284691e+00
2.639000e-05	-4.824250e-03	3.982080e+00
2.640000e-05	-5.257602e-03	3.765874e+00
2.641000e-05	-5.113281e-03	3.473665e+00
2.642000e-05	-4.662566e-03	3.208951e+00
2.643000e-05	-5.131569e-03	2.896270e+00
2.644000e-05	-5.431801e-03	2.623013e+00
2.645000e-05	-5.797581e-03	2.305298e+00
2.646000e-05	-4.762455e-03	2.093112e+00
2.647000e-05	-4.691930e-03	1.768353e+00
2.648000e-05	-5.297662e-03	1.483264e+00
2.649000e-05	-5.092846e-03	1.178351e+00
2.650000e-05	-4.572373e-03	8.336603e-01
2.651000e-05	-4.625809e-03	5.368487e-01
2.652000e-05	-4.781229e-03	2.742148e-01
2.653000e-05	-3.347037e-03	1.994769e-02
2.654000e-05	4.115315e-03	-2.851816e-01
2.655000e-05	3.599381e-03	-5.059129e-01
2.656000e-05	-1.272339e-03	-8.310773e-01
2.657000e-05	1.604829e-03	-1.064279e+00
2.658000e-05	-1.392375e-03	-1.388518e+00
2.659000e-05	8.080844e-04	-1.631152e+00
2.660000e-05	6.249070e-03	-1.851754e+00
2.661000e-05	4.162797e-02	-2.113332e+00
2.662000e-05	7.428039e-02	-2.378547e+00
2.663000e-05	-4.826421e-02	-2.728569e+00
2.664000e-05	-3.786062e-02	-3.076912e+00
2.665000e-05	-1.284008e-02	-3.379579e+00
2.666000e-05	-2.307054e-02	-3.590030e+00
2.667000e-05	-7.263771e-02	-3.842332e+00
2.668000e-05	6.370078e-02	-4.071712e+00
2.669000e-05	6.102146e-02	-4.233182e+00
2.670000e-05	-9.473827e-02	-4.508991e+00
2.671000e-05	1.198692e-01	-4.831101e+00
2.672000e-05	-8.338646e-02	-5.104864e+00
2.673000e-05	3.501124e-02	-5.401227e+00
2.674000e-05	1.553611e-02	-5.705334e+00
2.675000e-05	-5.995598e-02	-5.947947e+00
2.676000e-05	1.080648e-01	-6.179647e+00
2.677000e-05	-8.488332e-02	-6.494966e+00
2.678000e-05	2.944849e-02	-6.798025e+00
2.679000e-05	-7.852043e-03	-7.061281e+00
2.680000e-05	-7.301500e-03	-7.306414e+00
2.681000e-05	3.487954e-02	-7.579170e+00
2.682000e-05	-5.728989e-02	-7.883413e+00
2.683000e-05	8.659110e-02	-8.137392e+00
2.684000e-05	-4.917907e-02	-8.398070e+00
2.685000e-05	1.892305e-02	-8.642860e+00
2.686000e-05	-4.344035e-03	-8.833334e+00
2.687000e-05	-6.031635e-03	-9.116390e+00
2.688000e-05	1.818962e-02	-9.317443e+00
2.689000e-05	-3.323026e-02	-9.576570e+00
2.690000e-05	5.382399e-02	-9.768575e+00
2.691000e-05	-1.958018e-02	-9.998651e+00
2.692000e-05	7.209964e-03	-1.021171e+01
2.693000e-05	-2.939315e-02	-1.041118e+01
2.694000e-05	2.900554e-02	-1.064121e+01
2.695000e-05	4.312104e-04	-1.083070e+01
2.696000e-05	-8.722544e-03	-1.099213e+01
2.697000e-05	1.187545e-02	-1.121866e+01
2.698000e-05	3.466111e-03	-1.145971e+01
2.699000e-05	-9.238511e-04	-1.163066e+01
2.700000e-05	-2.199740e-02	-1.180108e+01
2.701000e-05	2.860557e-02	-1.200958e+01
2.702000e-05	-1.157642e-03	-1.219016e+01
2.703000e-05	1.108621e-03	-1.231695e+01
2.704000e-05	-1.338104e-02	-1.251547e+01
2.705000e-05	1.859631e-02	-1.268394e+01
2.706000e-05	-6.874379e-03	-1.283428e+01
2.707000e-05	-6.479877e-03	-1.300018e+01
2.708000e-05	3.170179e-03	-1.315705e+01
2.709000e-05	1.129521e-02	-1.330597e+01
2.710000e-05	-1.208603e-03	-1.344282e+01
2.711000e-05	-6.051666e-03	-1.361068e+01
2.712000e-05	1.035525e-02	-1.371600e+01
2.713000e-05	1.641697e-05	-1.387440e+01
2.714000e-05	-1.846328e-03	-1.399866e+01
2.715000e-05	-1.603270e-03	-1.416657e+01
2.716000e-05	9.123108e-03	-1.425182e+01
2.717000e-05	8.701754e-05	-1.438955e+01
2.718000e-05	-4.676601e-04	-1.451237e+01
2.719000e-05	1.212900e-03	-1.457010e+01
2.720000e-05	3.437365e-03	-1.463126e+01
2.721000e-05	2.641134e-04	-1.472595e+01
2.722000e-05	3.004155e-03	-1.481058e+01
2.723000e-05	4.192390e-03	-1.486477e+01
2.724000e-05	9.666806e-04	-1.494643e+01
2.725000e-05	4.899626e-05	-1.499762e+01
2.726000e-05	1.800088e-03	-1.505329e+01
2.727000e-05	1.343761e-03	-1.509332e+01
2.728000e-05	4.579922e-05	-1.512738e+01
2.729000e-05	2.969307e-03	-1.513813e+01
2.730000e-05	2.479846e-03	-1.518015e+01
2.731000e-05	1.913047e-03	-1.519116e+01
2.732000e-05	1.536502e-03	-1.524079e+01
2.733000e-05	2.848400e-03	-1.523324e+01
2.734000e-05	3.762170e-03	-1.529437e+01
2.735000e-05	3.352739e-03	-1.527385e+01
2.736000e-05	6.482198e-03	-1.534495e+01
2.737000e-05	8.291277e-03	-1.531340e+01
2.738000e-05	8.252905e-03	-1.530582e+01
2.739000e-05	1.098163e-02	-1.531092e+01
2.740000e-05	1.737367e-02	-1.527335e+01
2.741000e-05	2.360862e-02	-1.527172e+01
2.742000e-05	2.957930e-02	-1.517921e+01
2.743000e-05	3.445223e-02	-1.518713e+01
2.744000e-05	3.231648e-02	-1.511745e+01
2.745000e-05	2.280257e-02	-1.511282e+01
2.746000e-05	1.477889e-02	-1.504077e+01
2.747000e-05	1.000894e-02	-1.501768e+01
2.748000e-05	7.908659e-03	-1.492540e+01
2.749000e-05	5.782010e-03	-1.484319e+01
2.750000e-05	4.113306e-03	-1.477688e+01
2.751000e-05	3.381888e-03	-1.465335e+01
2.752000e-05	2.747069e-03	-1.458858e+01
2.753000e-05	2.587237e-03	-1.451444e+01
2.754000e-05	1.978279e-03	-1.439856e+01
2.755000e-05	2.020043e-03	-1.427379e+01
2.756000e-05	2.099278e-03	-1.412705e+01
2.757000e-05	7.426816e-04	-1.407282e+01
2.758000e-05	5.335673e-04	-1.395537e+01
2.759000e-05	4.157571e-04	-1.381968e+01
2.760000e-05	3.847212e-04	-1.367222e+01
2.761000e-05	-6.762171e-04	-1.354537e+01
2.762000e-05	1.796460e-04	-1.342821e+01
2.763000e-05	4.513419e-04	-1.323184e+01
2.764000e-05	-9.539495e-04	-1.312435e+01
2.765000e-05	-1.087267e-03	-1.297846e+01
2.766000e-05	-4.714554e-04	-1.287914e+01
2.767000e-05	-1.138572e-03	-1.266277e+01
2.768000e-05	-9.113034e-04	-1.255487e+01
2.769000e-05	-1.710467e-03	-1.236593e+01
2.770000e-05	-6.082242e-04	-1.214056e+01
2.771000e-05	-1.497764e-03	-1.202911e+01
2.772000e-05	-2.568806e-03	-1.179864e+01
2.773000e-05	-1.686441e-03	-1.162114e+01
2.774000e-05	-1.676297e-03	-1.140951e+01
2.775000e-05	-3.122181e-03	-1.115898e+01
2.776000e-05	-1.700078e-03	-1.098696e+01
2.777000e-05	-1.475124e-03	-1.076888e+01
2.778000e-05	-2.471249e-03	-1.056953e+01
2.779000e-05	-3.537586e-03	-1.035648e+01
2.780000e-05	-1.819384e-03	-1.020743e+01
2.781000e-05	-2.319435e-03	-9.906377e+00
2.782000e-05	-4.082417e-03	-9.746825e+00
2.783000e-05	-4.299340e-03	-9.493297e+00
2.784000e-05	-2.063160e-03	-9.253764e+00
2.785000e-05	-3.786394e-03	-9.060188e+00
2.786000e-05	-4.454484e-03	-8.798489e+00
2.787000e-05	-3.926093e-03	-8.590376e+00
2.788000e-05	-3.998671e-03	-8.336227e+00
2.789000e-05	-4.174604e-03	-8.094696e+00
2.790000e-05	-4.703275e-03	-7.843215e+00
2.791000e-05	-4.490848e-03	-7.556855e+00
2.792000e-05	-4.351927e-03	-7.314776e+00
2.793000e-05	-4.689869e-03	-7.042138e+00
2.794000e-05	-4.486786e-03	-6.797531e+00
2.795000e-05	-4.419653e-03	-6.527901e+00
2.796000e-05	-5.004267e-03	-6.294770e+00
2.797000e-05	-4.874743e-03	-6.030611e+00
2.798000e-05	-3.864601e-03	-5.806426e+00
2.799000e-05	-4.621253e-03	-5.523717e+00
2.800000e-05	-5.381971e-03	-5.210031e+00
2.801000e-05	-4.625589e-03	-4.943245e+00
2.802000e-05	-5.144742e-03	-4.578399e+00
2.803000e-05	-4.789343e-03	-4.377376e+00
2.804000e-05	-4.079041e-03	-4.123793e+00
2.805000e-05	-3.660827e-03	-3.812036e+00
2.806000e-05	-5.405826e-03	-3.568374e+00
2.807000e-05	-5.681729e-03	-3.273671e+00
2.808000e-05	-4.797838e-03	-3.015378e+00
2.809000e-05	-5.470766e-03	-2.695667e+00
2.810000e-05	-4.688052e-03	-2.451933e+00
2.811000e-05	-5.373487e-03	-2.116251e+00
2.812000e-05	-4.290805e-03	-1.862559e+00
2.813000e-05	-6.053955e-03	-1.588879e+00
2.814000e-05	-5.980065e-03	-1.280059e+00
2.815000e-05	-5.597531e-03	-9.478735e-01
2.816000e-05	-4.993256e-03	-6.930134e-01
2.817000e-05	-5.771299e-03	-3.978488e-01
2.818000e-05	-4.869899e-03	-1.251422e-01
2.819000e-05	2.071787e-03	1.374699e-01
2.820000e-05	2.460627e-03	4.442803e-01
2.821000e-05	-3.964045e-03	6.743619e-01
2.822000e-05	1.201435e-03	9.490633e-01
2.823000e-05	-2.492638e-03	1.213760e+00
2.824000e-05	-1.214402e-03	1.569041e+00
2.825000e-05	-1.788806e-03	1.813701e+00
2.826000e-05	1.291164e-02	2.042204e+00
2.827000e-05	4.607854e-02	2.254884e+00
2.828000e-05	5.587382e-02	2.601196e+00
2.829000e-05	-5.784101e-02	2.877389e+00
2.830000e-05	-3.797821e-02	3.170599e+00
2.831000e-05	-2.049503e-02	3.504312e+00
2.832000e-05	-8.097247e-03	3.768521e+00
2.833000e-05	-4.663026e-02	3.978547e+00
2.834000e-05	7.526801e-04	4.180148e+00
2.835000e-05	7.739360e-02	4.421728e+00
2.836000e-05	-4.294767e-02	4.707945e+00
2.837000e-05	-4.971921e-03	5.009700e+00
2.838000e-05	4.946900e-02	5.326387e+00
2.839000e-05	-6.931208e-02	5.610020e+00
2.840000e-05	5.678433e-02	5.863256e+00
2.841000e-05	-3.730276e-02	6.156890e+00
2.842000e-05	1.791467e-02	6.419552e+00
2.843000e-05	-5.019331e-03	6.664868e+00
2.844000e-05	-1.849597e-02	6.915968e+00
2.845000e-05	1.073942e-02	7.179675e+00
2.846000e-05	-2.564703e-02	7.485789e+00
2.847000e-05	1.563789e-02	7.760950e+00
2.848000e-05	-2.319081e-02	8.062260e+00
2.849000e-05	2.803823e-02	8.285862e+00
2.850000e-05	-3.483108e-03	8.497443e+00
2.851000e-05	-2.452406e-02	8.727442e+00
2.852000e-05	6.652301e-03	9.001152e+00
2.853000e-05	-6.608788e-03	9.222205e+00
2.854000e-05	3.609342e-03	9.411410e+00
2.855000e-05	-2.137063e-02	9.654788e+00
2.856000e-05	9.618634e-03	9.905394e+00
2.857000e-05	2.473861e-03	1.008549e+01
2.858000e-05	-1.115032e-02	1.039592e+01
2.859000e-05	-1.908010e-02	1.050702e+01
2.860000e-05	4.439253e-03	1.075647e+01
2.861000e-05	9.601796e-03	1.090597e+01
2.862000e-05	-1.852039e-02	1.111739e+01
2.863000e-05	-6.703911e-03	1.132600e+01
2.864000e-05	7.065217e-03	1.152702e+01
2.865000e-05	-1.781952e-03	1.172550e+01
2.866000e-05	-2.205023e-02	1.189744e+01
2.867000e-05	1.362484e-03	1.206542e+01
2.868000e-05	9.117456e-03	1.225431e+01
2.869000e-05	-9.136496e-03	1.243319e+01
2.870000e-05	-1.714729e-02	1.258168e+01
2.871000e-05	7.854122e-04	1.277758e+01
2.872000e-05	1.247862e-03	1.290547e+01
2.873000e-05	-1.502476e-02	1.303284e+01
2.874000e-05	-7.622967e-03	1.322279e+01
2.875000e-05	3.435864e-03	1.340158e+01
2.876000e-05	-1.614262e-03	1.355694e+01
2.877000e-05	-1.320684e-02	1.368340e+01
2.878000e-05	-2.506885e-03	1.385023e+01
2.879000e-05	-1.582212e-03	1.392805e+01
2.880000e-05	-9.269625e-03	1.405381e+01
2.881000e-05	-1.073479e-02	1.423116e+01
2.882000e-05	-1.469980e-03	1.430602e+01
2.883000e-05	-3.456328e-03	1.443926e+01
2.884000e-05	-1.085726e-02	1.451645e+01
2.885000e-05	-7.576105e-03	1.463173e+01
2.886000e-05	-3.931574e-03	1.471435e+01
2.887000e-05	-3.988233e-03	1.478805e+01
2.888000e-05	-6.153759e-03	1.484281e+01
2.889000e-05	-3.966840e-03	1.486437e+01
2.890000e-05	-7.384103e-03	1.495803e+01
2.891000e-05	-8.108645e-03	1.500071e+01
2.892000e-05	-7.956877e-03	1.504179e+01
2.893000e-05	-7.749674e-03	1.509585e+01
2.894000e-05	-8.941725e-03	1.510648e+01
2.895000e-05	-8.471071e-03	1.514748e+01
2.896000e-05	-7.115035e-03	1.516966e+01
2.897000e-05	-8.213429e-03	1.524216e+01
2.898000e-05	-1.014359e-02	1.523229e+01
2.899000e-05	-1.015842e-02	1.523432e+01
2.900000e-05	-9.893347e-03	1.523287e+01
2.901000e-05	-1.221129e-02	1.529547e+01
2.902000e-05	-1.320487e-02	1.528485e+01
2.903000e-05	-1.419562e-02	1.524384e+01
2.904000e-05	-1.805722e-02	1.526387e+01
2.905000e-05	-2.458525e-02	1.522432e+01
2.906000e-05	-2.911139e-02	1.522071e+01
2.907000e-05	-3.371765e-02	1.518006e+01
2.908000e-05	-4.169740e-02	1.515853e+01
2.909000e-05	-4.029331e-02	1.512743e+01
2.910000e-05	-3.130670e-02	1.503540e+01
2.911000e-05	-2.139176e-02	1.499277e+01
2.912000e-05	-1.743972e-02	1.500808e+01
2.913000e-05	-1.412639e-02	1.492535e+01
2.914000e-05	-1.189918e-02	1.486124e+01
2.915000e-05	-1.129136e-02	1.474850e+01
2.916000e-05	-1.128821e-02	1.467480e+01
2.917000e-05	-1.153209e-02	1.460809e+01
2.918000e-05	-9.434106e-03	1.449589e+01
2.919000e-05	-9.279812e-03	1.442061e+01
2.920000e-05	-8.923929e-03	1.431490e+01
2.921000e-05	-9.490495e-03	1.418113e+01
2.922000e-05	-8.017431e-03	1.409132e+01
2.923000e-05	-8.673795e-03	1.393495e+01
2.924000e-05	-9.647995e-03	1.382120e+01
2.925000e-05	-8.649414e-03	1.371332e+01
2.926000e-05	-8.454227e-03	1.356845e+01
2.927000e-05	-6.618037e-03	1.339114e+01
2.928000e-05	-7.087463e-03	1.325489e+01
2.929000e-05	-4.472364e-03	1.315643e+01
2.930000e-05	-5.866221e-03	1.300910e+01
2.931000e-05	-6.989496e-03	1.285021e+01
2.932000e-05	-9.970446e-03	1.267382e+01
2.933000e-05	-9.311836e-03	1.254798e+01
2.934000e-05	-8.978134e-03	1.234948e+01
2.935000e-05	-5.741373e-03	1.220053e+01
2.936000e-05	-5.669828e-03	1.204166e+01
2.937000e-05	-4.607075e-03	1.185221e+01
2.938000e-05	-5.188037e-03	1.165267e+01
2.939000e-05	-5.325509e-03	1.143222e+01
2.940000e-05	-5.497527e-03	1.123217e+01
2.941000e-05	-7.586612e-03	1.104424e+01
2.942000e-05	-8.653508e-03	1.090274e+01
2.943000e-05	-7.671244e-03	1.065464e+01
2.944000e-05	-6.893013e-03	1.044269e+01
2.945000e-05	-5.716287e-03	1.020958e+01
2.946000e-05	-4.620089e-03	1.002949e+01
2.947000e-05	-2.519167e-03	9.757502e+00
2.948000e-05	-5.090024e-03	9.497353e+00
2.949000e-05	-5.311685e-03	9.337321e+00
2.950000e-05	-6.959133e-03	9.034242e+00
2.951000e-05	-6.178450e-03	8.842163e+00
2.952000e-05	-7.108216e-03	8.630634e+00
2.953000e-05	-5.886427e-03	8.359579e+00
2.954000e-05	-5.659917e-03	8.138323e+00
2.955000e-05	-4.678773e-03	7.863743e+00
2.956000e-05	-5.288000e-03	7.652063e+00
2.957000e-05	-3.988891e-03	7.417932e+00
2.958000e-05	-4.385184e-03	7.105825e+00
2.959000e-05	-5.494973e-03	6.884692e+00
2.960000e-05	-6.188398e-03	6.660513e+00
2.961000e-05	-6.157910e-03	6.357976e+00
2.962000e-05	-6.545784e-03	6.117223e+00
2.963000e-05	-5.753272e-03	5.863086e+00
2.964000e-05	-4.293224e-03	5.580480e+00
2.965000e-05	-4.163083e-03	5.256198e+00
2.966000e-05	-5.599444e-03	5.000404e+00
2.967000e-05	-5.669521e-03	4.673322e+00
2.968000e-05	-4.747107e-03	4.401511e+00
2.969000e-05	-4.932769e-03	4.126422e+00
2.970000e-05	-7.092680e-03	3.853640e+00
2.971000e-05	-5.660497e-03	3.640080e+00
2.972000e-05	-4.453236e-03	3.337301e+00
2.973000e-05	-5.554236e-03	3.033064e+00
2.974000e-05	-5.278820e-03	2.749451e+00
2.975000e-05	-4.963581e-03	2.473691e+00
2.976000e-05	-4.674306e-03	2.199904e+00
2.977000e-05	-5.137106e-03	1.937345e+00
2.978000e-05	-5.556093e-03	1.600438e+00
2.979000e-05	-5.146103e-03	1.315900e+00
2.980000e-05	-5.453154e-03	1.001455e+00
2.981000e-05	-4.647620e-03	7.357135e-01
2.982000e-05	-4.625351e-03	4.335830e-01
2.983000e-05	-2.761446e-03	1.558235e-01
2.984000e-05	3.509384e-04	-1.564382e-01
2.985000e-05	6.731112e-03	-3.900486e-01
2.986000e-05	-1.755714e-03	-6.417277e-01
2.987000e-05	4.313491e-04	-9.464895e-01
2.988000e-05	-1.628336e-03	-1.179595e+00
2.989000e-05	-1.064978e-04	-1.486310e+00
2.990000e-05	5.960961e-04	-1.736916e+00
2.991000e-05	2.042010e-02	-1.938420e+00
2.992000e-05	7.149452e-02	-2.209202e+00
2.993000e-05	2.651827e-02	-2.558069e+00
2.994000e-05	-7.567671e-02	-2.936438e+00
2.995000e-05	-5.788724e-03	-3.315279e+00
2.996000e-05	-2.437783e-02	-3.505835e+00
2.997000e-05	-3.872102e-02	-3.714441e+00
2.998000e-05	-4.130362e-02	-3.958945e+00
2.999000e-05	1.390453e-01	-4.146421e+00
3.000000e-05	-6.198183e-02	-4.379596e+00
3.001000e-05	1.684107e-02	-4.712837e+00
3.002000e-05	3.830343e-02	-4.973946e+00
3.003000e-05	-8.985064e-02	-5.274381e+00
3.004000e-05	1.122838e-01	-5.565543e+00
3.005000e-05	-8.782759e-02	-5.802050e+00
3.006000e-05	5.949830e-02	-6.062335e+00
3.007000e-05	1.657071e-02	-6.366489e+00
3.008000e-05	-6.713188e-02	-6.652207e+00
3.009000e-05	5.640651e-02	-6.914912e+00
3.010000e-05	-5.509035e-02	-7.180646e+00
3.011000e-05	5.858465e-02	-7.453211e+00
3.012000e-05	-4.225755e-02	-7.695942e+00
3.013000e-05	2.364833e-02	-8.012174e+00
3.014000e-05	3.578206e-02	-8.252183e+00
3.015000e-05	-5.047838e-02	-8.485291e+00
3.016000e-05	4.417464e-02	-8.776023e+00
3.017000e-05	-3.739831e-02	-9.018601e+00
3.018000e-05	3.551845e-02	-9.178477e+00
3.019000e-05	-3.223598e-02	-9.432229e+00
3.020000e-05	2.053084e-02	-9.673361e+00
3.021000e-05	2.246178e-02	-9.884811e+00
3.022000e-05	-1.344785e-02	-1.011639e+01
3.023000e-05	-4.113555e-03	-1.031504e+01
3.024000e-05	-1.369517e-02	-1.054604e+01
3.025000e-05	3.745252e-02	-1.071537e+01
3.026000e-05	-2.522989e-02	-1.092597e+01
3.027000e-05	1.350047e-02	-1.107442e+01
3.028000e-05	-3.131478e-03	-1.128354e+01
3.029000e-05	1.387841e-02	-1.148445e+01
3.030000e-05	-2.475379e-02	-1.170692e+01
3.031000e-05	9.772934e-03	-1.188347e+01
3.032000e-05	1.803848e-02	-1.210391e+01
3.033000e-05	-2.484909e-03	-1.226379e+01
3.034000e-05	-9.401117e-03	-1.242223e+01
3.035000e-05	1.597260e-04	-1.261128e+01
3.036000e-05	1.309001e-02	-1.279765e+01
3.037000e-05	-1.476683e-02	-1.295695e+01
3.038000e-05	1.582565e-03	-1.304484e+01
3.039000e-05	5.480741e-03	-1.323119e+01
3.040000e-05	1.146084e-02	-1.338715e+01
3.041000e-05	-1.078236e-02	-1.355600e+01
3.042000e-05	5.649303e-03	-1.369377e+01
3.043000e-05	4.602165e-03	-1.379003e+01
3.044000e-05	-2.261249e-04	-1.395802e+01
3.045000e-05	-5.988611e-03	-1.406188e+01
3.046000e-05	6.748490e-03	-1.415866e+01
3.047000e-05	5.946486e-03	-1.431647e+01
3.048000e-05	-2.169557e-03	-1.444121e+01
3.049000e-05	-1.492292e-04	-1.451399e+01
3.050000e-05	2.004625e-03	-1.462018e+01
3.051000e-05	2.686149e-03	-1.465237e+01
3.052000e-05	-1.161874e-04	-1.476893e+01
3.053000e-05	5.698794e-03	-1.485164e+01
3.054000e-05	3.180764e-03	-1.490447e+01
3.055000e-05	4.753710e-04	-1.495762e+01
3.056000e-05	-4.383055e-04	-1.502973e+01
3.057000e-05	2.300359e-03	-1.507332e+01
3.058000e-05	9.718012e-04	-1.509434e+01
3.059000e-05	1.532009e-03	-1.515750e+01
3.060000e-05	2.574020e-03	-1.519765e+01
3.061000e-05	2.715905e-03	-1.521026e+01
3.062000e-05	1.158299e-03	-1.523179e+01
3.063000e-05	2.435489e-03	-1.525177e+01
3.064000e-05	3.476022e-03	-1.526182e+01
3.065000e-05	3.057284e-03	-1.530234e+01
3.066000e-05	5.877987e-03	-1.530440e+01
3.067000e-05	7.336328e-03	-1.533489e+01
3.068000e-05	9.604251e-03	-1.530438e+01
3.069000e-05	9.041168e-03	-1.525382e+01
3.070000e-05	1.392331e-02	-1.527229e+01
3.071000e-05	1.964541e-02	-1.527082e+01
3.072000e-05	2.641867e-02	-1.525021e+01
3.073000e-05	3.277134e-02	-1.520868e+01
3.074000e-05	3.455025e-02	-1.514750e+01
3.075000e-05	2.726393e-02	-1.508390e+01
3.076000e-05	1.858908e-02	-1.504379e+01
3.077000e-05	1.238245e-02	-1.500018e+01
3.078000e-05	8.624636e-03	-1.494797e+01
3.079000e-05	5.996386e-03	-1.487287e+01
3.080000e-05	4.978110e-03	-1.481959e+01
3.081000e-05	4.009651e-03	-1.468490e+01
3.082000e-05	2.867919e-03	-1.466029e+01
3.083000e-05	1.707828e-03	-1.457850e+01
3.084000e-05	1.880537e-03	-1.444976e+01
3.085000e-05	2.198134e-03	-1.432593e+01
3.086000e-05	2.429791e-03	-1.423964e+01
3.087000e-05	1.645380e-03	-1.411545e+01
3.088000e-05	-2.084038e-04	-1.401803e+01
3.089000e-05	1.478265e-04	-1.382227e+01
3.090000e-05	-2.015694e-04	-1.373700e+01
3.091000e-05	1.842692e-04	-1.363901e+01
3.092000e-05	-1.433551e-04	-1.345374e+01
3.093000e-05	1.071702e-04	-1.334752e+01
3.094000e-05	-1.148361e-03	-1.318753e+01
3.095000e-05	-1.660428e-03	-1.306219e+01
3.096000e-05	-1.388928e-03	-1.290340e+01
3.097000e-05	-4.105763e-04	-1.273898e+01
3.098000e-05	-1.908059e-03	-1.255111e+01
3.099000e-05	-1.265207e-03	-1.244212e+01
3.100000e-05	-7.226390e-04	-1.224221e+01
3.101000e-05	-1.363105e-03	-1.210622e+01
3.102000e-05	-2.599987e-03	-1.194640e+01
3.103000e-05	-2.399545e-03	-1.174642e+01
3.104000e-05	-1.069141e-03	-1.151440e+01
3.105000e-05	-2.315146e-03	-1.127542e+01
3.106000e-05	-2.320851e-03	-1.110279e+01
3.107000e-05	-2.128441e-03	-1.088224e+01
3.108000e-05	-1.212815e-03	-1.068477e+01
3.109000e-05	-2.750533e-03	-1.050427e+01
3.110000e-05	-2.731249e-03	-1.025377e+01
3.111000e-05	-2.883692e-03	-1.010159e+01
3.112000e-05	-2.688512e-03	-9.851581e+00
3.113000e-05	-3.874575e-03	-9.650628e+00
3.114000e-05	-3.214006e-03	-9.380455e+00
3.115000e-05	-2.625001e-03	-9.166881e+00
3.116000e-05	-3.915106e-03	-8.946422e+00
3.117000e-05	-4.319396e-03	-8.674272e+00
3.118000e-05	-3.897825e-03	-8.491662e+00
3.119000e-05	-3.930503e-03	-8.199003e+00
3.120000e-05	-4.431019e-03	-7.937904e+00
3.121000e-05	-4.774971e-03	-7.752718e+00
3.122000e-05	-4.304296e-03	-7.419085e+00
3.123000e-05	-3.594361e-03	-7.179056e+00
3.124000e-05	-4.781609e-03	-6.944897e+00
3.125000e-05	-4.616083e-03	-6.653743e+00
3.126000e-05	-5.121093e-03	-6.440056e+00
3.127000e-05	-4.636586e-03	-6.186925e+00
3.128000e-05	-4.344810e-03	-5.904743e+00
3.129000e-05	-4.032895e-03	-5.671180e+00
3.130000e-05	-4.665947e-03	-5.326928e+00
3.131000e-05	-3.612300e-03	-5.091168e+00
3.132000e-05	-4.243118e-03	-4.766824e+00
3.133000e-05	-5.419801e-03	-4.484090e+00
3.134000e-05	-4.055212e-03	-4.272085e+00
3.135000e-05	-4.149178e-03	-3.999480e+00
3.136000e-05	-4.961943e-03	-3.734214e+00
3.137000e-05	-6.065996e-03	-3.441057e+00
3.138000e-05	-5.194000e-03	-3.097824e+00
3.139000e-05	-4.388327e-03	-2.872139e+00
3.140000e-05	-5.014393e-03	-2.576926e+00
3.141000e-05	-5.341001e-03	-2.293219e+00
3.142000e-05	-5.133483e-03	-1.987926e+00
3.143000e-05	-4.947098e-03	-1.735771e+00
3.144000e-05	-4.855108e-03	-1.459984e+00
3.145000e-05	-5.710732e-03	-1.083641e+00
3.146000e-05	-5.388935e-03	-8.390278e-01
3.147000e-05	-4.793947e-03	-5.547421e-01
3.148000e-05	-5.124105e-03	-2.335843e-01
3.149000e-05	-2.186113e-03	3.212875e-02
3.150000e-05	3.874616e-03	3.458357e-01
3.151000e-05	-1.882267e-03	5.689934e-01
3.152000e-05	-1.368186e-03	8.011239e-01
3.153000e-05	-1.904542e-03	1.146364e+00
3.154000e-05	-2.724245e-04	1.369072e+00
3.155000e-05	-3.835903e-03	1.697419e+00
3.156000e-05	4.415961e-03	1.917420e+00
3.157000e-05	2.136424e-02	2.128468e+00
3.158000e-05	6.805743e-02	2.423706e+00
3.159000e-05	-8.876539e-05	2.740471e+00
3.160000e-05	-6.662719e-02	3.055287e+00
3.161000e-05	-2.089226e-02	3.327389e+00
3.162000e-05	-1.497970e-02	3.592678e+00
3.163000e-05	-2.419359e-02	3.893206e+00
3.164000e-05	-4.387455e-02	4.055284e+00
3.165000e-05	5.213172e-02	4.314914e+00
3.166000e-05	3.752521e-02	4.601075e+00
3.167000e-05	-7.159216e-02	4.843281e+00
3.168000e-05	7.581589e-02	5.157518e+00
3.169000e-05	-4.258194e-02	5.444305e+00
3.170000e-05	2.933826e-03	5.706364e+00
3.171000e-05	1.813935e-02	5.970571e+00
3.172000e-05	-2.782323e-02	6.233110e+00
3.173000e-05	2.630401e-02	6.506468e+00
3.174000e-05	-2.906454e-02	6.800675e+00
3.175000e-05	1.060257e-02	7.072333e+00
3.176000e-05	-1.116680e-02	7.338045e+00
3.177000e-05	-5.080645e-03	7.632726e+00
3.178000e-05	-2.616847e-03	7.846344e+00
3.179000e-05	-1.012606e-02	8.149547e+00
3.180000e-05	3.271896e-02	8.391103e+00
3.181000e-05	-2.853196e-02	8.632183e+00
3.182000e-05	-3.674916e-03	8.895311e+00
3.183000e-05	-7.439952e-04	9.083867e+00
3.184000e-05	-1.873531e-03	9.296939e+00
3.185000e-05	-5.485955e-03	9.568421e+00
3.186000e-05	-1.278524e-02	9.779126e+00
3.187000e-05	1.818263e-02	1.000067e+01
3.188000e-05	-1.096735e-02	1.018171e+01
3.189000e-05	-1.284827e-02	1.043228e+01
3.190000e-05	-1.427858e-02	1.058220e+01
3.191000e-05	1.545947e-02	1.080268e+01
3.192000e-05	-6.405238e-03	1.101211e+01
3.193000e-05	-1.850011e-02	1.121081e+01
3.194000e-05	5.109614e-03	1.144081e+01
3.195000e-05	5.327689e-03	1.166023e+01
3.196000e-05	-1.148021e-02	1.184068e+01
3.197000e-05	-1.561274e-02	1.198160e+01
3.198000e-05	1.292421e-02	1.218863e+01
3.199000e-05	-1.125279e-03	1.234760e+01
3.200000e-05	-1.631856e-02	1.248700e+01
3.201000e-05	-9.772077e-03	1.266384e+01
3.202000e-05	6.043088e-03	1.285379e+01
3.203000e-05	-6.795236e-03	1.300113e+01
3.204000e-05	-1.607062e-02	1.316860e+01
3.205000e-05	-3.808875e-04	1.329547e+01
3.206000e-05	2.897933e-03	1.345337e+01
3.207000e-05	-7.815471e-03	1.359165e+01
3.208000e-05	-1.037443e-02	1.373750e+01
3.209000e-05	5.814977e-04	1.385344e+01
3.210000e-05	-5.133215e-03	1.399071e+01
3.211000e-05	-1.194157e-02	1.414845e+01
3.212000e-05	-6.794552e-03	1.426187e+01
3.213000e-05	-1.663365e-03	1.436963e+01
3.214000e-05	-7.133513e-03	1.447432e+01
3.215000e-05	-9.721734e-03	1.455770e+01
3.216000e-05	-5.166713e-03	1.468374e+01
3.217000e-05	-5.028232e-03	1.471893e+01
3.218000e-05	-6.398493e-03	1.477968e+01
3.219000e-05	-5.215741e-03	1.485379e+01
3.220000e-05	-6.238129e-03	1.493895e+01
3.221000e-05	-8.065371e-03	1.496008e+01
3.222000e-05	-8.641323e-03	1.503219e+01
3.223000e-05	-6.206691e-03	1.502527e+01
3.224000e-05	-8.323360e-03	1.508687e+01
3.225000e-05	-9.116603e-03	1.515703e+01
3.226000e-05	-8.231302e-03	1.516913e+01
3.227000e-05	-7.645866e-03	1.524166e+01
3.228000e-05	-9.462506e-03	1.521179e+01
3.229000e-05	-1.036346e-02	1.523269e+01
3.230000e-05	-9.744784e-03	1.522322e+01
3.231000e-05	-1.143857e-02	1.525419e+01
3.232000e-05	-1.302756e-02	1.532544e+01
3.233000e-05	-1.441361e-02	1.528397e+01
3.234000e-05	-1.536953e-02	1.528232e+01
3.235000e-05	-2.076463e-02	1.528372e+01
3.236000e-05	-2.520823e-02	1.523227e+01
3.237000e-05	-3.145360e-02	1.517914e+01
3.238000e-05	-3.900864e-02	1.519858e+01
3.239000e-05	-4.105164e-02	1.511887e+01
3.240000e-05	-3.666467e-02	1.511695e+01
3.241000e-05	-2.570678e-02	1.502384e+01
3.242000e-05	-2.018953e-02	1.498221e+01
3.243000e-05	-1.511087e-02	1.497553e+01
3.244000e-05	-1.325675e-02	1.488327e+01
3.245000e-05	-1.088717e-02	1.479119e+01
3.246000e-05	-9.599721e-03	1.476693e+01
3.247000e-05	-9.443916e-03	1.464469e+01
3.248000e-05	-9.531526e-03	1.455703e+01
3.249000e-05	-1.086293e-02	1.445271e+01
3.250000e-05	-9.324582e-03	1.438896e+01
3.251000e-05	-9.606347e-03	1.420384e+01
3.252000e-05	-7.122923e-03	1.410542e+01
3.253000e-05	-8.134719e-03	1.399004e+01
3.254000e-05	-7.678124e-03	1.385619e+01
3.255000e-05	-9.133645e-03	1.374663e+01
3.256000e-05	-6.948823e-03	1.365219e+01
3.257000e-05	-7.919656e-03	1.346380e+01
3.258000e-05	-8.675501e-03	1.334750e+01
3.259000e-05	-7.676434e-03	1.319208e+01
3.260000e-05	-6.522063e-03	1.303319e+01
3.261000e-05	-7.579298e-03	1.292439e+01
3.262000e-05	-8.039933e-03	1.276753e+01
3.263000e-05	-6.532804e-03	1.261059e+01
3.264000e-05	-7.111712e-03	1.245174e+01
3.265000e-05	-6.457446e-03	1.224432e+01
3.266000e-05	-5.620044e-03	1.216592e+01
3.267000e-05	-5.624600e-03	1.190693e+01
3.268000e-05	-7.929450e-03	1.177741e+01
3.269000e-05	-6.862278e-03	1.157895e+01
3.270000e-05	-5.679961e-03	1.136742e+01
3.271000e-05	-6.378724e-03	1.111695e+01
3.272000e-05	-6.534243e-03	1.093943e+01
3.273000e-05	-5.443036e-03	1.074690e+01
3.274000e-05	-5.358948e-03	1.057693e+01
3.275000e-05	-5.379846e-03	1.033635e+01
3.276000e-05	-6.482755e-03	1.012682e+01
3.277000e-05	-5.291436e-03	9.865371e+00
3.278000e-05	-6.017854e-03	9.642193e+00
3.279000e-05	-6.444985e-03	9.420560e+00
3.280000e-05	-5.989607e-03	9.211060e+00
3.281000e-05	-5.141607e-03	8.970351e+00
3.282000e-05	-5.289626e-03	8.696876e+00
3.283000e-05	-5.507457e-03	8.516247e+00
3.284000e-05	-5.438444e-03	8.274642e+00
3.285000e-05	-5.278607e-03	8.012509e+00
3.286000e-05	-5.982509e-03	7.786456e+00
3.287000e-05	-5.706719e-03	7.527172e+00
3.288000e-05	-5.482779e-03	7.230084e+00
3.289000e-05	-5.790118e-03	7.000004e+00
3.290000e-05	-5.981219e-03	6.747798e+00
3.291000e-05	-5.189937e-03	6.442687e+00
3.292000e-05	-5.486162e-03	6.160110e+00
3.293000e-05	-5.364121e-03	5.979380e+00
3.294000e-05	-5.574180e-03	5.686773e+00
3.295000e-05	-5.755209e-03	5.432057e+00
3.296000e-05	-5.506236e-03	5.165426e+00
3.297000e-05	-5.877709e-03	4.820528e+00
3.298000e-05	-4.773811e-03	4.577400e+00
3.299000e-05	-4.764362e-03	4.325167e+00
3.300000e-05	-5.694161e-03	4.029537e+00
3.301000e-05	-6.164367e-03	3.746320e+00
3.302000e-05	-5.942365e-03	3.455118e+00
3.303000e-05	-5.076492e-03	3.179503e+00
3.304000e-05	-4.835649e-03	2.925794e+00
3.305000e-05	-5.121747e-03	2.641541e+00
3.306000e-05	-5.248172e-03	2.316320e+00
3.307000e-05	-4.502119e-03	2.052063e+00
3.308000e-05	-4.892594e-03	1.799054e+00
3.309000e-05	-5.958652e-03	1.473564e+00
3.310000e-05	-5.532935e-03	1.200429e+00
3.311000e-05	-4.242577e-03	8.535603e-01
3.312000e-05	-4.040303e-03	6.473500e-01
3.313000e-05	-4.188965e-03	2.840910e-01
3.314000e-05	-3.029045e-03	-1.161843e-02
3.315000e-05	4.905493e-03	-2.917549e-01
3.316000e-05	4.093500e-03	-5.459116e-01
3.317000e-05	-2.861734e-03	-8.096248e-01
3.318000e-05	1.964717e-03	-1.072775e+00
3.319000e-05	-9.287408e-04	-1.368518e+00
3.320000e-05	7.268581e-04	-1.631151e+00
3.321000e-05	5.697559e-03	-1.884180e+00
3.322000e-05	4.116197e-02	-2.072805e+00
3.323000e-05	7.498162e-02	-2.358595e+00
3.324000e-05	-4.540324e-02	-2.715491e+00
3.325000e-05	-4.070580e-02	-3.115934e+00
3.326000e-05	-1.001944e-02	-3.400625e+00
3.327000e-05	-2.268715e-02	-3.600576e+00
3.328000e-05	-7.243482e-02	-3.874780e+00
3.329000e-05	5.648877e-02	-4.062731e+00
3.330000e-05	6.936091e-02	-4.263703e+00
3.331000e-05	-9.943600e-02	-4.546993e+00
3.332000e-05	1.189275e-01	-4.791601e+00
3.333000e-05	-7.602962e-02	-5.105358e+00
3.334000e-05	2.792195e-02	-5.390226e+00
3.335000e-05	2.412198e-02	-5.703284e+00
3.336000e-05	-6.599604e-02	-5.927419e+00
3.337000e-05	1.100785e-01	-6.229699e+00
3.338000e-05	-8.111673e-02	-6.543332e+00
3.339000e-05	2.237386e-02	-6.757502e+00
3.340000e-05	-4.218770e-03	-7.041259e+00
3.341000e-05	-1.170385e-02	-7.325945e+00
3.342000e-05	3.997324e-02	-7.568572e+00
3.343000e-05	-5.969737e-02	-7.881906e+00
3.344000e-05	8.499505e-02	-8.135517e+00
3.345000e-05	-4.341931e-02	-8.388526e+00
3.346000e-05	1.347045e-02	-8.621254e+00
3.347000e-05	-1.581385e-03	-8.881808e+00
3.348000e-05	-1.035729e-02	-9.114938e+00
3.349000e-05	2.194418e-02	-9.315918e+00
3.350000e-05	-3.456363e-02	-9.566520e+00
3.351000e-05	5.406793e-02	-9.778575e+00
3.352000e-05	-1.712868e-02	-9.989651e+00
3.353000e-05	5.883449e-03	-1.016905e+01
3.354000e-05	-3.048950e-02	-1.044923e+01
3.355000e-05	2.624046e-02	-1.062121e+01
3.356000e-05	5.443890e-03	-1.079963e+01
3.357000e-05	-9.611718e-03	-1.099118e+01
3.358000e-05	1.206224e-02	-1.122915e+01
3.359000e-05	6.973364e-04	-1.144021e+01
3.360000e-05	3.951674e-04	-1.156065e+01
3.361000e-05	-2.325688e-02	-1.178880e+01
3.362000e-05	2.921261e-02	-1.203015e+01
3.363000e-05	-4.208768e-04	-1.215760e+01
3.364000e-05	-6.401665e-04	-1.233645e+01
3.365000e-05	-1.430778e-02	-1.256394e+01
3.366000e-05	1.844281e-02	-1.267540e+01
3.367000e-05	-5.950949e-03	-1.287339e+01
3.368000e-05	-7.729032e-03	-1.300018e+01
3.369000e-05	3.327473e-03	-1.316895e+01
3.370000e-05	1.130601e-02	-1.329640e+01
3.371000e-05	-1.049195e-03	-1.345127e+01
3.372000e-05	-6.838473e-03	-1.361961e+01
3.373000e-05	1.110003e-02	-1.376747e+01
3.374000e-05	-7.259541e-05	-1.388440e+01
3.375000e-05	-3.549373e-03	-1.399826e+01
3.376000e-05	-1.845920e-03	-1.416697e+01
3.377000e-05	1.192472e-02	-1.427279e+01
3.378000e-05	3.468365e-04	-1.434797e+01
3.379000e-05	-1.715759e-03	-1.447231e+01
3.380000e-05	6.145775e-04	-1.453910e+01
3.381000e-05	4.400475e-03	-1.463032e+01
3.382000e-05	4.150879e-04	-1.471495e+01
3.383000e-05	2.509407e-03	-1.480060e+01
3.384000e-05	4.093477e-03	-1.486292e+01
3.385000e-05	1.287471e-03	-1.493555e+01
3.386000e-05	-1.097701e-03	-1.494016e+01
3.387000e-05	1.610946e-03	-1.506016e+01
3.388000e-05	1.826425e-03	-1.508429e+01
3.389000e-05	1.357109e-03	-1.508488e+01
3.390000e-05	3.375147e-03	-1.517765e+01
3.391000e-05	3.658319e-03	-1.519921e+01
3.392000e-05	1.221198e-03	-1.518016e+01
3.393000e-05	6.014715e-04	-1.525134e+01
3.394000e-05	3.488294e-03	-1.527229e+01
3.395000e-05	3.920533e-03	-1.526034e+01
3.396000e-05	3.528655e-03	-1.530285e+01
3.397000e-05	6.097002e-03	-1.530344e+01
3.398000e-05	8.583858e-03	-1.530338e+01
3.399000e-05	9.092728e-03	-1.529637e+01
3.400000e-05	1.104705e-02	-1.532340e+01
3.401000e-05	1.685869e-02	-1.522984e+01
3.402000e-05	2.308355e-02	-1.526072e+01
3.403000e-05	2.989327e-02	-1.521026e+01
3.404000e-05	3.474453e-02	-1.514861e+01
3.405000e-05	3.231635e-02	-1.512745e+01
3.406000e-05	2.283839e-02	-1.508634e+01
3.407000e-05	1.488144e-02	-1.507124e+01
3.408000e-05	1.056500e-02	-1.498708e+01
3.409000e-05	8.021725e-03	-1.490645e+01
3.410000e-05	5.752517e-03	-1.485186e+01
3.411000e-05	4.530578e-03	-1.474645e+01
3.412000e-05	3.657655e-03	-1.465280e+01
3.413000e-05	3.058362e-03	-1.461103e+01
3.414000e-05	2.839658e-03	-1.453387e+01
3.415000e-05	2.458457e-03	-1.437908e+01
3.416000e-05	1.854537e-03	-1.428434e+01
3.417000e-05	1.682979e-03	-1.415813e+01
3.418000e-05	3.309538e-04	-1.406177e+01
3.419000e-05	2.676053e-04	-1.391540e+01
3.420000e-05	7.206314e-04	-1.377066e+01
3.421000e-05	7.406009e-05	-1.367332e+01
3.422000e-05	-1.448677e-03	-1.351830e+01
3.423000e-05	-5.749603e-04	-1.339903e+01
3.424000e-05	2.782418e-04	-1.329231e+01
3.425000e-05	-4.781823e-05	-1.309582e+01
3.426000e-05	-2.020176e-03	-1.297955e+01
3.427000e-05	-2.237478e-03	-1.289216e+01
3.428000e-05	-6.860628e-04	-1.266330e+01
3.429000e-05	-7.284369e-04	-1.255602e+01
3.430000e-05	-1.257897e-03	-1.237751e+01
3.431000e-05	-8.407074e-04	-1.218905e+01
3.432000e-05	-7.089563e-04	-1.205014e+01
3.433000e-05	-2.080746e-03	-1.183264e+01
3.434000e-05	-3.290456e-03	-1.162109e+01
3.435000e-05	-1.397433e-03	-1.136056e+01
3.436000e-05	-1.530989e-03	-1.112955e+01
3.437000e-05	-1.429748e-03	-1.098888e+01
3.438000e-05	-2.531509e-03	-1.077853e+01
3.439000e-05	-2.555400e-03	-1.058858e+01
3.440000e-05	-1.858738e-03	-1.040008e+01
3.441000e-05	-2.716720e-03	-1.014907e+01
3.442000e-05	-3.399266e-03	-9.886876e+00
3.443000e-05	-3.791274e-03	-9.716295e+00
3.444000e-05	-3.277487e-03	-9.503873e+00
3.445000e-05	-3.782329e-03	-9.292265e+00
3.446000e-05	-3.285164e-03	-9.050661e+00
3.447000e-05	-3.388536e-03	-8.810585e+00
3.448000e-05	-3.738291e-03	-8.617980e+00
3.449000e-05	-4.303216e-03	-8.347348e+00
3.450000e-05	-3.954499e-03	-8.125743e+00
3.451000e-05	-4.121862e-03	-7.811645e+00
3.452000e-05	-4.178853e-03	-7.567877e+00
3.453000e-05	-4.797751e-03	-7.294250e+00
3.454000e-05	-4.551506e-03	-7.044667e+00
3.455000e-05	-3.597588e-03	-6.809529e+00
3.456000e-05	-4.101511e-03	-6.568303e+00
3.457000e-05	-3.791498e-03	-6.295295e+00
3.458000e-05	-4.238553e-03	-6.012110e+00
3.459000e-05	-4.210018e-03	-5.768405e+00
3.460000e-05	-5.643566e-03	-5.496170e+00
3.461000e-05	-4.636343e-03	-5.190988e+00
3.462000e-05	-3.026626e-03	-4.944723e+00
3.463000e-05	-4.628529e-03	-4.630076e+00
3.464000e-05	-4.738530e-03	-4.368875e+00
3.465000e-05	-4.190303e-03	-4.136669e+00
3.466000e-05	-3.517852e-03	-3.802590e+00
3.467000e-05	-4.794630e-03	-3.577300e+00
3.468000e-05	-5.617668e-03	-3.312643e+00
3.469000e-05	-4.092145e-03	-2.995503e+00
3.470000e-05	-4.753005e-03	-2.704791e+00
3.471000e-05	-4.902865e-03	-2.411587e+00
3.472000e-05	-5.795998e-03	-2.167852e+00
3.473000e-05	-5.093583e-03	-1.883463e+00
3.474000e-05	-5.430441e-03	-1.570396e+00
3.475000e-05	-5.330719e-03	-1.270659e+00
3.476000e-05	-4.892890e-03	-9.367236e-01
3.477000e-05	-4.440148e-03	-7.234583e-01
3.478000e-05	-5.292217e-03	-3.673761e-01
3.479000e-05	-3.908807e-03	-1.242645e-01
3.480000e-05	4.099947e-04	1.679872e-01
3.481000e-05	2.082407e-03	4.542065e-01
3.482000e-05	-4.389286e-03	6.658379e-01
3.483000e-05	1.152175e-03	9.685446e-01
3.484000e-05	-3.328985e-03	1.262626e+00
3.485000e-05	-7.791380e-04	1.549937e+00
3.486000e-05	-2.596871e-03	1.830603e+00
3.487000e-05	1.212676e-02	2.003228e+00
3.488000e-05	4.453236e-02	2.305853e+00
3.489000e-05	5.792128e-02	2.591100e+00
3.490000e-05	-5.543980e-02	2.906916e+00
3.491000e-05	-4.034267e-02	3.179501e+00
3.492000e-05	-2.105898e-02	3.466259e+00
3.493000e-05	-8.533744e-03	3.769542e+00
3.494000e-05	-4.619126e-02	3.968400e+00
3.495000e-05	-2.345960e-03	4.130579e+00
3.496000e-05	7.742692e-02	4.464281e+00
3.497000e-05	-3.776759e-02	4.707888e+00
3.498000e-05	-1.169891e-02	5.009075e+00
3.499000e-05	5.422193e-02	5.306362e+00
3.500000e-05	-7.139704e-02	5.609049e+00
3.501000e-05	5.495328e-02	5.841756e+00
3.502000e-05	-3.497454e-02	6.126987e+00
3.503000e-05	1.534611e-02	6.390143e+00
3.504000e-05	-2.562726e-03	6.662660e+00
3.505000e-05	-2.133201e-02	6.937918e+00
3.506000e-05	1.216330e-02	7.181147e+00
3.507000e-05	-2.390854e-02	7.514808e+00
3.508000e-05	1.583932e-02	7.708490e+00
3.509000e-05	-2.288291e-02	8.033330e+00
3.510000e-05	2.623480e-02	8.286334e+00
3.511000e-05	-2.112238e-04	8.486945e+00
3.512000e-05	-2.871760e-02	8.716392e+00
3.513000e-05	6.249488e-03	8.970630e+00
3.514000e-05	-6.217954e-03	9.201652e+00
3.515000e-05	5.178332e-03	9.432258e+00
3.516000e-05	-2.049614e-02	9.674337e+00
3.517000e-05	9.687180e-03	9.894836e+00
3.518000e-05	2.429317e-03	1.008639e+01
3.519000e-05	-1.337899e-02	1.029795e+01
3.520000e-05	-1.886850e-02	1.050542e+01
3.521000e-05	4.562060e-03	1.072595e+01
3.522000e-05	1.188493e-02	1.093702e+01
3.523000e-05	-1.887430e-02	1.108637e+01
3.524000e-05	-6.951046e-03	1.130885e+01
3.525000e-05	8.029220e-03	1.152563e+01
3.526000e-05	-1.429113e-03	1.172657e+01
3.527000e-05	-2.119114e-02	1.190592e+01
3.528000e-05	7.549340e-04	1.207492e+01
3.529000e-05	1.094638e-02	1.227376e+01
3.530000e-05	-8.572104e-03	1.245128e+01
3.531000e-05	-1.683335e-02	1.257966e+01
3.532000e-05	7.284742e-04	1.277790e+01
3.533000e-05	1.761462e-03	1.294640e+01
3.534000e-05	-1.488800e-02	1.306289e+01
3.535000e-05	-8.565030e-03	1.325081e+01
3.536000e-05	3.587750e-03	1.335818e+01
3.537000e-05	-8.120326e-04	1.352690e+01
3.538000e-05	-1.363365e-02	1.369286e+01
3.539000e-05	-4.393978e-03	1.380973e+01
3.540000e-05	-1.563194e-03	1.390750e+01
3.541000e-05	-7.812383e-03	1.410334e+01
3.542000e-05	-1.079128e-02	1.418913e+01
3.543000e-05	-2.715971e-03	1.430750e+01
3.544000e-05	-3.120135e-03	1.448213e+01
3.545000e-05	-9.576475e-03	1.451600e+01
3.546000e-05	-7.786003e-03	1.459026e+01
3.547000e-05	-6.453419e-03	1.468587e+01
3.548000e-05	-4.284689e-03	1.476753e+01
3.549000e-05	-6.870677e-03	1.482074e+01
3.550000e-05	-2.968501e-03	1.490539e+01
3.551000e-05	-7.283756e-03	1.495650e+01
3.552000e-05	-8.255772e-03	1.496116e+01
3.553000e-05	-7.965674e-03	1.508277e+01
3.554000e-05	-9.009189e-03	1.507487e+01
3.555000e-05	-9.343890e-03	1.514740e+01
3.556000e-05	-8.031506e-03	1.518906e+01
3.557000e-05	-6.394015e-03	1.517058e+01
3.558000e-05	-9.067555e-03	1.526066e+01
3.559000e-05	-1.144501e-02	1.524422e+01
3.560000e-05	-9.517515e-03	1.527432e+01
3.561000e-05	-9.923342e-03	1.525232e+01
3.562000e-05	-1.228078e-02	1.528387e+01
3.563000e-05	-1.396663e-02	1.528442e+01
3.564000e-05	-1.474556e-02	1.531432e+01
3.565000e-05	-1.767845e-02	1.526197e+01
3.566000e-05	-2.394037e-02	1.526276e+01
3.567000e-05	-2.952916e-02	1.523331e+01
3.568000e-05	-3.546804e-02	1.523016e+01
3.569000e-05	-4.056820e-02	1.516858e+01
3.570000e-05	-3.925723e-02	1.514693e+01
3.571000e-05	-3.054984e-02	1.511384e+01
3.572000e-05	-2.203471e-02	1.501272e+01
3.573000e-05	-1.828907e-02	1.496913e+01
3.574000e-05	-1.466813e-02	1.493692e+01
3.575000e-05	-1.203470e-02	1.484130e+01
3.576000e-05	-1.101915e-02	1.472848e+01
3.577000e-05	-1.146055e-02	1.469570e+01
3.578000e-05	-1.110495e-02	1.462216e+01
3.579000e-05	-9.504832e-03	1.450595e+01
3.580000e-05	-9.621231e-03	1.442157e+01
3.581000e-05	-9.493901e-03	1.426440e+01
3.582000e-05	-8.443541e-03	1.420054e+01
3.583000e-05	-8.196562e-03	1.406474e+01
3.584000e-05	-7.748902e-03	1.395790e+01
3.585000e-05	-8.868024e-03	1.381061e+01
3.586000e-05	-7.222543e-03	1.369487e+01
3.587000e-05	-7.926048e-03	1.357695e+01
3.588000e-05	-6.427805e-03	1.338016e+01
3.589000e-05	-8.025250e-03	1.328467e+01
3.590000e-05	-5.735584e-03	1.308695e+01
3.591000e-05	-6.575138e-03	1.300908e+01
3.592000e-05	-6.563658e-03	1.286969e+01
3.593000e-05	-7.872166e-03	1.267482e+01
3.594000e-05	-5.885585e-03	1.255892e+01
3.595000e-05	-6.946859e-03	1.237807e+01
3.596000e-05	-6.146404e-03	1.223056e+01
3.597000e-05	-6.681314e-03	1.204167e+01
3.598000e-05	-5.385994e-03	1.183464e+01
3.599000e-05	-7.103535e-03	1.166372e+01
3.600000e-05	-6.380050e-03	1.142322e+01
3.601000e-05	-6.115821e-03	1.124224e+01
3.602000e-05	-6.011492e-03	1.107177e+01
3.603000e-05	-5.501032e-03	1.086372e+01
3.604000e-05	-5.998937e-03	1.061280e+01
3.605000e-05	-6.121504e-03	1.042266e+01
3.606000e-05	-5.800688e-03	1.025011e+01
3.607000e-05	-5.386508e-03	1.001908e+01
3.608000e-05	-6.253493e-03	9.820981e+00
3.609000e-05	-6.608830e-03	9.526326e+00
3.610000e-05	-5.392510e-03	9.317345e+00
3.611000e-05	-6.951663e-03	9.094243e+00
3.612000e-05	-4.057151e-03	8.872742e+00
3.613000e-05	-7.619141e-03	8.609507e+00
3.614000e-05	-4.064208e-03	8.358082e+00
3.615000e-05	-4.800148e-03	8.137852e+00
3.616000e-05	-6.659262e-03	7.916296e+00
3.617000e-05	-5.615503e-03	7.681637e+00
3.618000e-05	-7.920402e-03	7.369054e+00
3.619000e-05	-3.984635e-03	7.114818e+00
3.620000e-05	-7.416972e-03	6.874167e+00
3.621000e-05	-4.023437e-03	6.630486e+00
3.622000e-05	-4.919913e-03	6.408454e+00
3.623000e-05	-6.755958e-03	6.114295e+00
3.624000e-05	-5.291634e-03	5.872089e+00
3.625000e-05	-6.102911e-03	5.599046e+00
3.626000e-05	-4.644886e-03	5.287349e+00
3.627000e-05	-6.350223e-03	4.972981e+00
3.628000e-05	-5.008133e-03	4.685167e+00
3.629000e-05	-5.166374e-03	4.423111e+00
3.630000e-05	-5.623922e-03	4.196776e+00
3.631000e-05	-5.804881e-03	3.843090e+00
3.632000e-05	-5.722731e-03	3.601482e+00
3.633000e-05	-5.338121e-03	3.417280e+00
3.634000e-05	-4.886984e-03	3.052212e+00
3.635000e-05	-4.312101e-03	2.830906e+00
3.636000e-05	-4.212689e-03	2.506697e+00
3.637000e-05	-5.266947e-03	2.229876e+00
3.638000e-05	-6.629370e-03	1.895771e+00
3.639000e-05	-5.033160e-03	1.651612e+00
3.640000e-05	-4.308097e-03	1.326820e+00
3.641000e-05	-4.428094e-03	1.058939e+00
3.642000e-05	-5.016287e-03	6.847672e-01
3.643000e-05	-4.064822e-03	4.510303e-01
3.644000e-05	-3.402302e-03	1.373010e-01
3.645000e-05	4.770686e-05	-1.068880e-01
3.646000e-05	5.598487e-03	-3.494485e-01
3.647000e-05	-1.098839e-03	-6.530990e-01
3.648000e-05	1.057555e-03	-9.173855e-01
3.649000e-05	-1.074801e-03	-1.190593e+00
3.650000e-05	2.244955e-04	-1.444861e+00
3.651000e-05	9.308306e-04	-1.756416e+00
3.652000e-05	1.874271e-02	-1.969422e+00
3.653000e-05	6.966876e-02	-2.219129e+00
3.654000e-05	2.971219e-02	-2.528466e+00
3.655000e-05	-7.350734e-02	-2.947939e+00
3.656000e-05	-5.728168e-03	-3.304281e+00
3.657000e-05	-2.542598e-02	-3.494813e+00
3.658000e-05	-3.776692e-02	-3.706939e+00
3.659000e-05	-4.414737e-02	-3.960020e+00
3.660000e-05	1.376123e-01	-4.116838e+00
3.661000e-05	-5.483694e-02	-4.359524e+00
3.662000e-05	8.367732e-03	-4.684785e+00
3.663000e-05	4.588762e-02	-4.926543e+00
3.664000e-05	-9.554811e-02	-5.244380e+00
3.665000e-05	1.104737e-01	-5.506942e+00
3.666000e-05	-8.370689e-02	-5.781153e+00
3.667000e-05	5.270633e-02	-6.103237e+00
3.668000e-05	2.542955e-02	-6.285492e+00
3.669000e-05	-7.081638e-02	-6.623710e+00
3.670000e-05	5.724498e-02	-6.892910e+00
3.671000e-05	-5.377009e-02	-7.168522e+00
3.672000e-05	5.464741e-02	-7.442211e+00
3.673000e-05	-3.780699e-02	-7.685015e+00
3.674000e-05	1.751764e-02	-8.008704e+00
3.675000e-05	4.199770e-02	-8.241206e+00
3.676000e-05	-5.390518e-02	-8.454916e+00
3.677000e-05	4.380651e-02	-8.734442e+00
3.678000e-05	-3.758114e-02	-8.970572e+00
3.679000e-05	3.436611e-02	-9.191606e+00
3.680000e-05	-2.928896e-02	-9.410754e+00
3.681000e-05	1.617130e-02	-9.674807e+00
3.682000e-05	2.571472e-02	-9.843263e+00
3.683000e-05	-1.608105e-02	-1.006689e+01
3.684000e-05	-2.652334e-03	-1.031399e+01
3.685000e-05	-1.740657e-02	-1.050592e+01
3.686000e-05	3.857853e-02	-1.071639e+01
3.687000e-05	-2.453531e-02	-1.088544e+01
3.688000e-05	1.090988e-02	-1.110242e+01
3.689000e-05	-2.143471e-03	-1.129592e+01
3.690000e-05	1.277351e-02	-1.150587e+01
3.691000e-05	-2.256262e-02	-1.168492e+01
3.692000e-05	6.826911e-03	-1.191342e+01
3.693000e-05	1.850102e-02	-1.207342e+01
3.694000e-05	-1.937853e-03	-1.229277e+01
3.695000e-05	-8.638213e-03	-1.245076e+01
3.696000e-05	-1.844434e-03	-1.254966e+01
3.697000e-05	1.415140e-02	-1.278607e+01
3.698000e-05	-1.406542e-02	-1.294655e+01
3.699000e-05	2.604411e-03	-1.304379e+01
3.700000e-05	4.759809e-03	-1.325278e+01
3.701000e-05	1.107248e-02	-1.337968e+01
3.702000e-05	-1.014017e-02	-1.353495e+01
3.703000e-05	5.495399e-03	-1.370484e+01
3.704000e-05	5.215015e-03	-1.380158e+01
3.705000e-05	-3.054886e-04	-1.395700e+01
3.706000e-05	-4.994932e-03	-1.403276e+01
3.707000e-05	6.579577e-03	-1.421068e+01
3.708000e-05	5.772645e-03	-1.426645e+01
3.709000e-05	-3.268945e-03	-1.440111e+01
3.710000e-05	7.534964e-04	-1.450492e+01
3.711000e-05	2.609803e-03	-1.457863e+01
3.712000e-05	2.451314e-03	-1.469382e+01
3.713000e-05	-5.351037e-04	-1.477805e+01
3.714000e-05	5.129818e-03	-1.486367e+01
3.715000e-05	2.462811e-03	-1.486390e+01
3.716000e-05	1.513336e-04	-1.496810e+01
3.717000e-05	6.868894e-04	-1.503963e+01
3.718000e-05	2.926623e-03	-1.506425e+01
3.719000e-05	5.513968e-04	-1.509282e+01
3.720000e-05	2.331706e-03	-1.510853e+01
3.721000e-05	3.591058e-03	-1.518853e+01
3.722000e-05	3.339091e-03	-1.518223e+01
3.723000e-05	1.004170e-03	-1.525066e+01
3.724000e-05	2.733792e-03	-1.527334e+01
3.725000e-05	3.528191e-03	-1.525374e+01
3.726000e-05	3.168708e-03	-1.529336e+01
3.727000e-05	5.124987e-03	-1.531282e+01
3.728000e-05	7.845056e-03	-1.531485e+01
3.729000e-05	6.713604e-03	-1.531389e+01
3.730000e-05	1.043308e-02	-1.527434e+01
3.731000e-05	1.319793e-02	-1.527180e+01
3.732000e-05	2.363824e-02	-1.527226e+01
3.733000e-05	2.687703e-02	-1.525071e+01
3.734000e-05	3.150806e-02	-1.516966e+01
3.735000e-05	3.447964e-02	-1.517736e+01
3.736000e-05	2.635819e-02	-1.509592e+01
3.737000e-05	1.841021e-02	-1.509381e+01
3.738000e-05	1.027493e-02	-1.503968e+01
3.739000e-05	1.113397e-02	-1.493653e+01
3.740000e-05	7.357346e-03	-1.488427e+01
3.741000e-05	4.895533e-03	-1.480909e+01
3.742000e-05	4.543759e-03	-1.471695e+01
3.743000e-05	4.269397e-03	-1.465324e+01
3.744000e-05	3.415886e-03	-1.454648e+01
3.745000e-05	1.042339e-03	-1.448384e+01
3.746000e-05	5.513081e-04	-1.428638e+01
3.747000e-05	2.363580e-03	-1.422066e+01
3.748000e-05	1.616007e-03	-1.411437e+01
3.749000e-05	-2.897393e-04	-1.402861e+01
3.750000e-05	-3.025029e-05	-1.385227e+01
3.751000e-05	-1.591756e-04	-1.374692e+01
3.752000e-05	-9.375484e-04	-1.362904e+01
3.753000e-05	-1.486150e-03	-1.345477e+01
3.754000e-05	8.273892e-04	-1.336490e+01
3.755000e-05	-2.584821e-04	-1.321951e+01
3.756000e-05	-2.304928e-03	-1.303266e+01
3.757000e-05	-1.196658e-03	-1.292582e+01
3.758000e-05	1.536145e-04	-1.276593e+01
3.759000e-05	-1.382394e-03	-1.258958e+01
3.760000e-05	-2.951172e-03	-1.245217e+01
3.761000e-05	-1.698877e-03	-1.227330e+01
3.762000e-05	-1.520605e-03	-1.211687e+01
3.763000e-05	-3.424102e-03	-1.191640e+01
3.764000e-05	-2.268263e-03	-1.175535e+01
3.765000e-05	-2.079547e-04	-1.153580e+01
3.766000e-05	5.303721e-04	-1.126332e+01
3.767000e-05	-1.516068e-03	-1.109279e+01
3.768000e-05	-2.100169e-03	-1.090377e+01
3.769000e-05	-1.625347e-03	-1.067372e+01
3.770000e-05	-6.060354e-03	-1.050682e+01
3.771000e-05	-2.784393e-03	-1.026327e+01
3.772000e-05	-3.230601e-03	-1.013119e+01
3.773000e-05	-1.350584e-03	-9.851142e+00
3.774000e-05	-5.150559e-03	-9.653035e+00
3.775000e-05	-3.553670e-03	-9.420506e+00
3.776000e-05	-1.136908e-03	-9.167426e+00
3.777000e-05	-1.484910e-03	-8.966375e+00
3.778000e-05	-3.618525e-03	-8.734745e+00
3.779000e-05	-5.550018e-03	-8.462166e+00
3.780000e-05	-6.391759e-03	-8.221530e+00
3.781000e-05	-5.732305e-03	-7.988356e+00
3.782000e-05	-4.019613e-03	-7.745317e+00
3.783000e-05	-2.913861e-03	-7.431584e+00
3.784000e-05	-3.673266e-03	-7.187931e+00
3.785000e-05	-5.087766e-03	-6.986825e+00
3.786000e-05	-2.788989e-03	-6.663614e+00
3.787000e-05	-3.561079e-03	-6.451529e+00
3.788000e-05	-3.202049e-03	-6.178380e+00
3.789000e-05	-4.875804e-03	-5.904218e+00
3.790000e-05	-5.694354e-03	-5.651160e+00
3.791000e-05	-7.771122e-03	-5.397935e+00
3.792000e-05	-3.172710e-03	-5.094163e+00
3.793000e-05	-2.030972e-03	-4.765877e+00
3.794000e-05	-3.796889e-03	-4.454715e+00
3.795000e-05	-5.465594e-03	-4.251585e+00
3.796000e-05	-3.650383e-03	-3.999459e+00
3.797000e-05	-3.421346e-03	-3.745223e+00
3.798000e-05	-4.443227e-03	-3.432033e+00
3.799000e-05	-6.023899e-03	-3.187776e+00
3.800000e-05	-5.604479e-03	-2.853610e+00
3.801000e-05	-6.423150e-03	-2.588478e+00
3.802000e-05	-4.023162e-03	-2.286844e+00
3.803000e-05	-4.317976e-03	-2.007973e+00
3.804000e-05	-3.849481e-03	-1.745724e+00
3.805000e-05	-5.558071e-03	-1.449027e+00
3.806000e-05	-4.886067e-03	-1.074218e+00
3.807000e-05	-5.343042e-03	-8.425578e-01
3.808000e-05	-4.927603e-03	-5.447684e-01
3.809000e-05	-4.730965e-03	-2.725567e-01
3.810000e-05	-2.912178e-03	-8.025190e-03
3.811000e-05	3.469569e-03	2.962855e-01
3.812000e-05	-2.448103e-03	5.479734e-01
3.813000e-05	-5.891343e-04	7.905011e-01
3.814000e-05	-3.793444e-04	1.096368e+00
3.815000e-05	-3.543408e-05	1.368570e+00
3.816000e-05	-3.033264e-03	1.675336e+00
3.817000e-05	4.454511e-03	1.925913e+00
3.818000e-05	2.040170e-02	2.155968e+00
3.819000e-05	6.628134e-02	2.410700e+00
3.820000e-05	2.869550e-03	2.750517e+00
3.821000e-05	-6.798566e-02	3.035305e+00
3.822000e-05	-2.072631e-02	3.385966e+00
3.823000e-05	-1.574399e-02	3.581224e+00
3.824000e-05	-2.217932e-02	3.833254e+00
3.825000e-05	-4.452206e-02	4.033236e+00
3.826000e-05	5.041611e-02	4.316436e+00
3.827000e-05	4.111353e-02	4.578572e+00
3.828000e-05	-7.119620e-02	4.833210e+00
3.829000e-05	7.024238e-02	5.136015e+00
3.830000e-05	-3.708889e-02	5.433185e+00
3.831000e-05	-3.815537e-03	5.735940e+00
3.832000e-05	2.340059e-02	5.980121e+00
3.833000e-05	-2.960845e-02	6.230731e+00
3.834000e-05	2.770193e-02	6.527467e+00
3.835000e-05	-2.845067e-02	6.800174e+00
3.836000e-05	8.569425e-03	7.043810e+00
3.837000e-05	-1.004971e-02	7.338496e+00
3.838000e-05	-7.016909e-03	7.611729e+00
3.839000e-05	-7.855377e-04	7.885488e+00
3.840000e-05	-1.203201e-02	8.178573e+00
3.841000e-05	3.315833e-02	8.430577e+00
3.842000e-05	-2.810137e-02	8.610684e+00
3.843000e-05	-3.969287e-03	8.860755e+00
3.844000e-05	7.637360e-04	9.084833e+00
3.845000e-05	-1.831483e-03	9.335967e+00
3.846000e-05	-4.443064e-03	9.526421e+00
3.847000e-05	-1.447930e-02	9.768627e+00
3.848000e-05	1.864240e-02	1.005065e+01
3.849000e-05	-1.024166e-02	1.021066e+01
3.850000e-05	-1.293541e-02	1.043058e+01
3.851000e-05	-1.532646e-02	1.059223e+01
3.852000e-05	1.582921e-02	1.086123e+01
3.853000e-05	-4.332630e-03	1.101121e+01
3.854000e-05	-1.772092e-02	1.125018e+01
3.855000e-05	3.677589e-03	1.140215e+01
3.856000e-05	5.173992e-03	1.163023e+01
3.857000e-05	-1.016905e-02	1.181281e+01
3.858000e-05	-1.682159e-02	1.201911e+01
3.859000e-05	1.315513e-02	1.217810e+01
3.860000e-05	1.213656e-04	1.234657e+01
3.861000e-05	-1.585908e-02	1.252644e+01
3.862000e-05	-1.143592e-02	1.268376e+01
3.863000e-05	5.603538e-03	1.285134e+01
3.864000e-05	-6.093764e-03	1.295961e+01
3.865000e-05	-1.531373e-02	1.317800e+01
3.866000e-05	1.506214e-04	1.326589e+01
3.867000e-05	2.662347e-03	1.348429e+01
3.868000e-05	-7.938066e-03	1.359961e+01
3.869000e-05	-1.100092e-02	1.373748e+01
3.870000e-05	3.323701e-04	1.385331e+01
3.871000e-05	-5.218424e-03	1.397975e+01
3.872000e-05	-1.087585e-02	1.411750e+01
3.873000e-05	-6.368632e-03	1.426434e+01
3.874000e-05	-1.159068e-03	1.434815e+01
3.875000e-05	-7.103675e-03	1.447291e+01
3.876000e-05	-1.056294e-02	1.454865e+01
3.877000e-05	-5.444562e-03	1.463279e+01
3.878000e-05	-4.503057e-03	1.475592e+01
3.879000e-05	-5.657797e-03	1.480013e+01
3.880000e-05	-5.516947e-03	1.485234e+01
3.881000e-05	-5.668066e-03	1.492542e+01
3.882000e-05	-8.098293e-03	1.496863e+01
3.883000e-05	-9.211725e-03	1.502221e+01
3.884000e-05	-8.108573e-03	1.503432e+01
3.885000e-05	-8.436825e-03	1.509440e+01
3.886000e-05	-7.984061e-03	1.512595e+01
3.887000e-05	-8.148751e-03	1.520960e+01
3.888000e-05	-8.882287e-03	1.521116e+01
3.889000e-05	-1.027380e-02	1.522071e+01
3.890000e-05	-1.040976e-02	1.521237e+01
3.891000e-05	-9.683047e-03	1.527232e+01
3.892000e-05	-1.144301e-02	1.526435e+01
3.893000e-05	-1.280780e-02	1.527187e+01
3.894000e-05	-1.383054e-02	1.529437e+01
3.895000e-05	-1.589102e-02	1.524337e+01
3.896000e-05	-2.118214e-02	1.527279e+01
3.897000e-05	-2.453792e-02	1.525236e+01
3.898000e-05	-3.078721e-02	1.522166e+01
3.899000e-05	-3.867553e-02	1.521011e+01
3.900000e-05	-4.232435e-02	1.515653e+01
3.901000e-05	-3.612356e-02	1.515487e+01
3.902000e-05	-2.614265e-02	1.505277e+01
3.903000e-05	-2.014313e-02	1.499072e+01
3.904000e-05	-1.577816e-02	1.497791e+01
3.905000e-05	-1.317532e-02	1.488432e+01
3.906000e-05	-1.074104e-02	1.479911e+01
3.907000e-05	-1.102520e-02	1.471847e+01
3.908000e-05	-1.156547e-02	1.464278e+01
3.909000e-05	-9.461214e-03	1.454853e+01
3.910000e-05	-9.554813e-03	1.445479e+01
3.911000e-05	-8.514137e-03	1.432753e+01
3.912000e-05	-1.007417e-02	1.427229e+01
3.913000e-05	-7.626201e-03	1.410540e+01
3.914000e-05	-7.635748e-03	1.400048e+01
3.915000e-05	-8.111426e-03	1.388332e+01
3.916000e-05	-7.510860e-03	1.375745e+01
3.917000e-05	-6.962763e-03	1.362013e+01
3.918000e-05	-7.598921e-03	1.349279e+01
3.919000e-05	-8.342542e-03	1.336842e+01
3.920000e-05	-7.002107e-03	1.320904e+01
3.921000e-05	-6.541624e-03	1.303276e+01
3.922000e-05	-7.159337e-03	1.291540e+01
3.923000e-05	-8.160035e-03	1.273795e+01
3.924000e-05	-5.824627e-03	1.260221e+01
3.925000e-05	-6.520526e-03	1.247269e+01
3.926000e-05	-6.674900e-03	1.227477e+01
3.927000e-05	-6.553727e-03	1.213687e+01
3.928000e-05	-5.619649e-03	1.193740e+01
3.929000e-05	-6.931989e-03	1.174900e+01
3.930000e-05	-6.739546e-03	1.158848e+01
3.931000e-05	-6.179847e-03	1.137003e+01
3.932000e-05	-5.855412e-03	1.114743e+01
3.933000e-05	-6.906641e-03	1.097648e+01
3.934000e-05	-6.160555e-03	1.081693e+01
3.935000e-05	-4.231434e-03	1.052793e+01
3.936000e-05	-5.621859e-03	1.029685e+01
3.937000e-05	-6.564954e-03	1.011635e+01
3.938000e-05	-6.261885e-03	9.884744e+00
3.939000e-05	-5.919199e-03	9.612163e+00
3.940000e-05	-5.801449e-03	9.462155e+00
3.941000e-05	-5.888039e-03	9.182607e+00
3.942000e-05	-4.839256e-03	8.999975e+00
3.943000e-05	-5.390050e-03	8.715377e+00
3.944000e-05	-6.395286e-03	8.535322e+00
3.945000e-05	-5.644225e-03	8.263671e+00
3.946000e-05	-5.611477e-03	8.030609e+00
3.947000e-05	-5.708350e-03	7.788479e+00
3.948000e-05	-6.116912e-03	7.506248e+00
3.949000e-05	-6.084135e-03	7.221086e+00
3.950000e-05	-5.578987e-03	7.009904e+00
3.951000e-05	-5.042750e-03	6.727902e+00
3.952000e-05	-5.978660e-03	6.483217e+00
3.953000e-05	-6.002965e-03	6.222484e+00
3.954000e-05	-5.163374e-03	6.001006e+00
3.955000e-05	-5.514190e-03	5.705796e+00
3.956000e-05	-5.889096e-03	5.442587e+00
3.957000e-05	-5.373874e-03	5.147979e+00
3.958000e-05	-5.977634e-03	4.819538e+00
3.959000e-05	-5.057645e-03	4.598953e+00
3.960000e-05	-5.387657e-03	4.283697e+00
3.961000e-05	-5.160159e-03	4.012079e+00
3.962000e-05	-5.744325e-03	3.758398e+00
3.963000e-05	-5.467995e-03	3.473119e+00
3.964000e-05	-5.483069e-03	3.209526e+00
3.965000e-05	-4.173053e-03	2.926292e+00
3.966000e-05	-5.092566e-03	2.642061e+00
3.967000e-05	-5.311607e-03	2.347819e+00
3.968000e-05	-6.153568e-03	2.063139e+00
3.969000e-05	-4.802983e-03	1.809530e+00
3.970000e-05	-5.252358e-03	1.473665e+00
3.971000e-05	-5.156492e-03	1.209399e+00
3.972000e-05	-4.675866e-03	8.431640e-01
3.973000e-05	-4.321066e-03	6.188988e-01
3.974000e-05	-4.476064e-03	2.756674e-01
3.975000e-05	-2.210203e-03	-1.857238e-02
3.976000e-05	4.894262e-03	-2.541553e-01
3.977000e-05	5.339893e-03	-5.159591e-01
3.978000e-05	-2.681512e-03	-8.101498e-01
3.979000e-05	2.570443e-03	-1.031783e+00
3.980000e-05	-1.310786e-03	-1.337512e+00
3.981000e-05	1.042620e-03	-1.631199e+00
3.982000e-05	5.448407e-03	-1.882256e+00
3.983000e-05	3.992654e-02	-2.072830e+00
3.984000e-05	7.567058e-02	-2.408595e+00
3.985000e-05	-3.948557e-02	-2.736867e+00
3.986000e-05	-4.399992e-02	-3.105466e+00
3.987000e-05	-7.894227e-03	-3.400547e+00
3.988000e-05	-2.529260e-02	-3.619175e+00
3.989000e-05	-6.740758e-02	-3.883133e+00
3.990000e-05	4.801250e-02	-4.031703e+00
3.991000e-05	7.433083e-02	-4.241655e+00
3.992000e-05	-1.019359e-01	-4.526941e+00
3.993000e-05	1.139512e-01	-4.778655e+00
3.994000e-05	-6.587267e-02	-5.073309e+00
3.995000e-05	1.967889e-02	-5.419201e+00
3.996000e-05	3.301874e-02	-5.644307e+00
3.997000e-05	-7.202549e-02	-5.927444e+00
3.998000e-05	1.115384e-01	-6.149675e+00
3.999000e-05	-7.523350e-02	-6.484335e+00
4.000000e-05	1.762241e-02	-6.768996e+00
4.001000e-05	2.072048e-03	-7.042201e+00
4.002000e-05	-1.684897e-02	-7.307413e+00
4.003000e-05	4.441468e-02	-7.607992e+00
4.004000e-05	-6.196403e-02	-7.864389e+00
4.005000e-05	8.094479e-02	-8.134964e+00
4.006000e-05	-4.226569e-02	-8.377572e+00
4.007000e-05	9.262496e-03	-8.571204e+00
4.008000e-05	3.218448e-03	-8.871831e+00
4.009000e-05	-1.139977e-02	-9.084841e+00
4.010000e-05	2.560447e-02	-9.326342e+00
4.011000e-05	-3.545204e-02	-9.607496e+00
4.012000e-05	5.159612e-02	-9.767545e+00
4.013000e-05	-1.688930e-02	-9.978525e+00
4.014000e-05	5.220706e-03	-1.019065e+01
4.015000e-05	-2.875631e-02	-1.043920e+01
4.016000e-05	2.270391e-02	-1.065016e+01
4.017000e-05	6.013787e-03	-1.084915e+01
4.018000e-05	-1.155286e-02	-1.100970e+01
4.019000e-05	1.328986e-02	-1.121963e+01
4.020000e-05	2.465125e-03	-1.140063e+01
4.021000e-05	1.780220e-03	-1.163078e+01
4.022000e-05	-2.504720e-02	-1.180920e+01
4.023000e-05	2.801888e-02	-1.201918e+01
4.024000e-05	4.377828e-04	-1.219913e+01
4.025000e-05	7.247818e-04	-1.235752e+01
4.026000e-05	-1.478960e-02	-1.250645e+01
4.027000e-05	1.697620e-02	-1.270291e+01
4.028000e-05	-4.787598e-03	-1.286026e+01
4.029000e-05	-7.155088e-03	-1.299961e+01
4.030000e-05	3.791942e-03	-1.315600e+01
4.031000e-05	1.140774e-02	-1.331550e+01
4.032000e-05	-5.281808e-04	-1.345073e+01
4.033000e-05	-8.152415e-03	-1.363020e+01
4.034000e-05	9.427695e-03	-1.372653e+01
4.035000e-05	1.084049e-03	-1.389582e+01
4.036000e-05	-2.421098e-03	-1.401916e+01
4.037000e-05	-2.756371e-03	-1.413599e+01
4.038000e-05	1.128174e-02	-1.426134e+01
4.039000e-05	4.123025e-04	-1.439755e+01
4.040000e-05	-4.047061e-04	-1.449229e+01
4.041000e-05	1.227891e-03	-1.453653e+01
4.042000e-05	3.599281e-03	-1.461376e+01
4.043000e-05	5.683657e-04	-1.472385e+01
4.044000e-05	1.366514e-03	-1.478963e+01
4.045000e-05	5.373889e-03	-1.488379e+01
4.046000e-05	1.485275e-03	-1.489657e+01
4.047000e-05	1.656249e-03	-1.499663e+01
4.048000e-05	1.804616e-03	-1.502073e+01
4.049000e-05	2.627836e-03	-1.507277e+01
4.050000e-05	8.436688e-04	-1.513392e+01
4.051000e-05	2.860196e-03	-1.517705e+01
4.052000e-05	3.508866e-03	-1.518961e+01
4.053000e-05	1.993069e-03	-1.527026e+01
4.054000e-05	1.050174e-03	-1.524178e+01
4.055000e-05	3.110513e-03	-1.528227e+01
4.056000e-05	4.224678e-03	-1.527385e+01
4.057000e-05	4.760281e-03	-1.530237e+01
4.058000e-05	6.220647e-03	-1.530539e+01
4.059000e-05	8.836239e-03	-1.529437e+01
4.060000e-05	9.725675e-03	-1.530284e+01
4.061000e-05	1.111406e-02	-1.532182e+01
4.062000e-05	1.684463e-02	-1.524374e+01
4.063000e-05	2.304958e-02	-1.528124e+01
4.064000e-05	2.887767e-02	-1.519071e+01
4.065000e-05	3.438024e-02	-1.517800e+01
4.066000e-05	3.237583e-02	-1.511685e+01
4.067000e-05	2.350777e-02	-1.508425e+01
4.068000e-05	1.517496e-02	-1.503971e+01
4.069000e-05	9.968171e-03	-1.497866e+01
4.070000e-05	7.488944e-03	-1.492589e+01
4.071000e-05	6.358821e-03	-1.485174e+01
4.072000e-05	4.410035e-03	-1.479695e+01
4.073000e-05	2.829409e-03	-1.471277e+01
4.074000e-05	2.392110e-03	-1.459916e+01
4.075000e-05	2.535786e-03	-1.454530e+01
4.076000e-05	2.285920e-03	-1.438856e+01
4.077000e-05	2.000274e-03	-1.431434e+01
4.078000e-05	2.109063e-03	-1.417905e+01
4.079000e-05	5.026332e-04	-1.405069e+01
4.080000e-05	-1.942715e-04	-1.394440e+01
4.081000e-05	4.264588e-04	-1.380061e+01
4.082000e-05	-1.363262e-04	-1.370174e+01
4.083000e-05	-1.360322e-03	-1.349740e+01
4.084000e-05	-9.542050e-04	-1.339066e+01
4.085000e-05	1.778801e-04	-1.331277e+01
4.086000e-05	-9.357670e-04	-1.310345e+01
4.087000e-05	-1.849349e-03	-1.299953e+01
4.088000e-05	-7.803838e-04	-1.289162e+01
4.089000e-05	-2.374655e-04	-1.262377e+01
4.090000e-05	-1.465639e-03	-1.256440e+01
4.091000e-05	-2.457685e-03	-1.240696e+01
4.092000e-05	-1.376883e-03	-1.219004e+01
4.093000e-05	-1.036223e-03	-1.199861e+01
4.094000e-05	-1.840998e-03	-1.182116e+01
4.095000e-05	-1.869494e-03	-1.164062e+01
4.096000e-05	-1.174766e-03	-1.143102e+01
4.097000e-05	-1.797826e-03	-1.120904e+01
4.098000e-05	-1.854529e-03	-1.094953e+01
4.099000e-05	-1.864906e-03	-1.078848e+01
4.100000e-05	-2.725266e-03	-1.058951e+01
4.101000e-05	-2.052801e-03	-1.041101e+01
4.102000e-05	-2.946467e-03	-1.018748e+01
4.103000e-05	-2.285583e-03	-9.936905e+00
4.104000e-05	-3.269308e-03	-9.765846e+00
4.105000e-05	-3.484297e-03	-9.482825e+00
4.106000e-05	-2.774070e-03	-9.284715e+00
4.107000e-05	-3.465073e-03	-9.043185e+00
4.108000e-05	-3.278722e-03	-8.861535e+00
4.109000e-05	-2.909161e-03	-8.588952e+00
4.110000e-05	-3.835599e-03	-8.336329e+00
4.111000e-05	-4.690202e-03	-8.095222e+00
4.112000e-05	-4.022251e-03	-7.853170e+00
4.113000e-05	-3.536601e-03	-7.569430e+00
4.114000e-05	-3.746936e-03	-7.356347e+00
4.115000e-05	-4.615668e-03	-7.083619e+00
4.116000e-05	-4.302322e-03	-6.800004e+00
4.117000e-05	-4.220560e-03	-6.586902e+00
4.118000e-05	-5.000538e-03	-6.314747e+00
4.119000e-05	-4.304953e-03	-6.041610e+00
4.120000e-05	-2.760247e-03	-5.797427e+00
4.121000e-05	-3.432463e-03	-5.524848e+00
4.122000e-05	-5.740781e-03	-5.272057e+00
4.123000e-05	-2.205887e-03	-4.905797e+00
4.124000e-05	-6.540204e-03	-4.610529e+00
4.125000e-05	-4.262579e-03	-4.397926e+00
4.126000e-05	-5.662487e-03	-4.135447e+00
4.127000e-05	-1.670764e-03	-3.855217e+00
4.128000e-05	-4.578067e-03	-3.578374e+00
4.129000e-05	-5.440158e-03	-3.323745e+00
4.130000e-05	-5.257816e-03	-3.017958e+00
4.131000e-05	-5.479030e-03	-2.734721e+00
4.132000e-05	-4.968299e-03	-2.463161e+00
4.133000e-05	-5.737122e-03	-2.206349e+00
4.134000e-05	-4.681571e-03	-1.853113e+00
4.135000e-05	-5.173112e-03	-1.610952e+00
4.136000e-05	-4.909117e-03	-1.250641e+00
4.137000e-05	-6.408595e-03	-9.968000e-01
4.138000e-05	-5.629621e-03	-6.941409e-01
4.139000e-05	-5.803565e-03	-4.099261e-01
4.140000e-05	-3.887775e-03	-1.352698e-01
4.141000e-05	5.601111e-04	1.375119e-01
4.142000e-05	4.222103e-03	4.326263e-01
4.143000e-05	-3.531636e-03	6.922279e-01
4.144000e-05	8.340141e-04	9.484931e-01
4.145000e-05	-3.937499e-03	1.254281e+00
4.146000e-05	-1.906712e-03	1.526485e+00
4.147000e-05	-2.797212e-03	1.808598e+00
4.148000e-05	1.302118e-02	2.051676e+00
4.149000e-05	4.193584e-02	2.265306e+00
4.150000e-05	5.913864e-02	2.570166e+00
4.151000e-05	-5.275094e-02	2.904888e+00
4.152000e-05	-4.206175e-02	3.180025e+00
4.153000e-05	-2.134039e-02	3.523834e+00
4.154000e-05	-9.240086e-03	3.727892e+00
4.155000e-05	-4.417678e-02	3.977575e+00
4.156000e-05	-5.203880e-03	4.170125e+00
4.157000e-05	7.633026e-02	4.444228e+00
4.158000e-05	-3.274325e-02	4.715372e+00
4.159000e-05	-1.695477e-02	5.010146e+00
4.160000e-05	5.793912e-02	5.294434e+00
4.161000e-05	-7.442871e-02	5.558997e+00
4.162000e-05	5.576306e-02	5.852826e+00
4.163000e-05	-3.111718e-02	6.116388e+00
4.164000e-05	1.196997e-02	6.367970e+00
4.165000e-05	-2.135731e-03	6.611731e+00
4.166000e-05	-2.195342e-02	6.897369e+00
4.167000e-05	1.381844e-02	7.169477e+00
4.168000e-05	-2.451067e-02	7.474910e+00
4.169000e-05	1.447727e-02	7.766995e+00
4.170000e-05	-2.219670e-02	8.022204e+00
4.171000e-05	2.384348e-02	8.284785e+00
4.172000e-05	1.047309e-03	8.506891e+00
4.173000e-05	-2.720471e-02	8.726442e+00
4.174000e-05	6.425953e-03	8.940126e+00
4.175000e-05	-5.213419e-03	9.201130e+00
4.176000e-05	3.784538e-03	9.441709e+00
4.177000e-05	-1.911635e-02	9.642812e+00
4.178000e-05	8.320463e-03	9.893413e+00
4.179000e-05	4.120030e-03	1.008539e+01
4.180000e-05	-1.274716e-02	1.030334e+01
4.181000e-05	-1.798815e-02	1.050689e+01
4.182000e-05	4.102334e-03	1.072550e+01
4.183000e-05	1.023499e-02	1.089747e+01
4.184000e-05	-1.946072e-02	1.111447e+01
4.185000e-05	-6.282943e-03	1.130752e+01
4.186000e-05	6.938356e-03	1.155599e+01
4.187000e-05	1.816631e-03	1.173700e+01
4.188000e-05	-2.050231e-02	1.191534e+01
4.189000e-05	1.678794e-03	1.207584e+01
4.190000e-05	1.187691e-02	1.227379e+01
4.191000e-05	-1.049141e-02	1.245319e+01
4.192000e-05	-1.908896e-02	1.258863e+01
4.193000e-05	-1.683975e-03	1.276550e+01
4.194000e-05	3.765137e-03	1.287547e+01
4.195000e-05	-1.289576e-02	1.308242e+01
4.196000e-05	-9.599137e-03	1.321165e+01
4.197000e-05	5.085901e-03	1.339018e+01
4.198000e-05	7.615543e-04	1.350543e+01
4.199000e-05	-1.163815e-02	1.364281e+01
4.200000e-05	-6.411784e-03	1.378068e+01
4.201000e-05	-3.078912e-03	1.390700e+01
4.202000e-05	-9.011988e-03	1.404334e+01
4.203000e-05	-1.188009e-02	1.418073e+01
4.204000e-05	-2.696593e-03	1.431797e+01
4.205000e-05	-2.818278e-03	1.442171e+01
4.206000e-05	-8.387048e-03	1.450747e+01
4.207000e-05	-8.088767e-03	1.462076e+01
4.208000e-05	-4.713365e-03	1.470280e+01
4.209000e-05	-3.570927e-03	1.475908e+01
4.210000e-05	-6.850500e-03	1.484219e+01
4.211000e-05	-6.963375e-03	1.490384e+01
4.212000e-05	-9.598550e-03	1.491650e+01
4.213000e-05	-8.379819e-03	1.495856e+01
4.214000e-05	-7.349173e-03	1.501329e+01
4.215000e-05	-7.262410e-03	1.506487e+01
4.216000e-05	-8.491725e-03	1.510785e+01
4.217000e-05	-6.057801e-03	1.515743e+01
4.218000e-05	-6.905371e-03	1.518915e+01
4.219000e-05	-9.309997e-03	1.520073e+01
4.220000e-05	-1.034467e-02	1.527226e+01
4.221000e-05	-1.127658e-02	1.525177e+01
4.222000e-05	-1.092544e-02	1.525342e+01
4.223000e-05	-1.289636e-02	1.527539e+01
4.224000e-05	-1.236857e-02	1.525434e+01
4.225000e-05	-1.454650e-02	1.527284e+01
4.226000e-05	-1.766204e-02	1.526437e+01
4.227000e-05	-2.260335e-02	1.524179e+01
4.228000e-05	-2.682024e-02	1.524229e+01
4.229000e-05	-3.448862e-02	1.520013e+01
4.230000e-05	-4.199617e-02	1.520691e+01
4.231000e-05	-4.097294e-02	1.510650e+01
4.232000e-05	-3.166853e-02	1.505237e+01
4.233000e-05	-2.247815e-02	1.504172e+01
4.234000e-05	-1.726351e-02	1.496818e+01
4.235000e-05	-1.254856e-02	1.491545e+01
4.236000e-05	-1.102351e-02	1.482172e+01
4.237000e-05	-1.085267e-02	1.475960e+01
4.238000e-05	-1.179806e-02	1.469587e+01
4.239000e-05	-1.086463e-02	1.459824e+01
4.240000e-05	-9.801291e-03	1.449648e+01
4.241000e-05	-9.133211e-03	1.442216e+01
4.242000e-05	-9.645934e-03	1.430443e+01
4.243000e-05	-8.517524e-03	1.422113e+01
4.244000e-05	-8.146648e-03	1.406382e+01
4.245000e-05	-6.852954e-03	1.391695e+01
4.246000e-05	-8.190158e-03	1.382168e+01
4.247000e-05	-7.239992e-03	1.367530e+01
4.248000e-05	-7.591259e-03	1.356840e+01
4.249000e-05	-7.589448e-03	1.340011e+01
4.250000e-05	-8.773336e-03	1.324327e+01
4.251000e-05	-6.849104e-03	1.313741e+01
4.252000e-05	-7.361432e-03	1.300906e+01
4.253000e-05	-7.366436e-03	1.287331e+01
4.254000e-05	-7.842276e-03	1.267280e+01
4.255000e-05	-6.336388e-03	1.256742e+01
4.256000e-05	-5.943117e-03	1.234799e+01
4.257000e-05	-6.316351e-03	1.220061e+01
4.258000e-05	-6.381027e-03	1.208019e+01
4.259000e-05	-7.041941e-03	1.185217e+01
4.260000e-05	-6.487293e-03	1.162169e+01
4.261000e-05	-6.404716e-03	1.147267e+01
4.262000e-05	-6.304940e-03	1.125269e+01
4.263000e-05	-6.936286e-03	1.106172e+01
4.264000e-05	-6.530301e-03	1.086577e+01
4.265000e-05	-5.384196e-03	1.066219e+01
4.266000e-05	-6.080050e-03	1.040367e+01
4.267000e-05	-5.505724e-03	1.023358e+01
4.268000e-05	-5.809923e-03	9.969988e+00
4.269000e-05	-5.563629e-03	9.796926e+00
4.270000e-05	-6.527015e-03	9.535781e+00
4.271000e-05	-6.746677e-03	9.326348e+00
4.272000e-05	-5.572709e-03	9.072793e+00
4.273000e-05	-4.959589e-03	8.842667e+00
4.274000e-05	-5.820127e-03	8.640134e+00
4.275000e-05	-6.106174e-03	8.390454e+00
4.276000e-05	-5.384409e-03	8.138375e+00
4.277000e-05	-5.868727e-03	7.874797e+00
4.278000e-05	-5.611789e-03	7.651541e+00
4.279000e-05	-6.269547e-03	7.358903e+00
4.280000e-05	-5.902996e-03	7.096397e+00
4.281000e-05	-5.407327e-03	6.864167e+00
4.282000e-05	-5.780199e-03	6.638509e+00
4.283000e-05	-4.852845e-03	6.348302e+00
4.284000e-05	-5.474938e-03	6.104747e+00
4.285000e-05	-5.886748e-03	5.841067e+00
4.286000e-05	-6.818723e-03	5.609479e+00
4.287000e-05	-5.844753e-03	5.297846e+00
4.288000e-05	-5.089499e-03	5.029955e+00
4.289000e-05	-4.698133e-03	4.695667e+00
4.290000e-05	-4.721860e-03	4.452534e+00
4.291000e-05	-6.273915e-03	4.186854e+00
4.292000e-05	-5.665098e-03	3.863241e+00
4.293000e-05	-5.532887e-03	3.602581e+00
4.294000e-05	-4.632104e-03	3.366774e+00
4.295000e-05	-6.133969e-03	3.021535e+00
4.296000e-05	-4.613493e-03	2.750429e+00
4.297000e-05	-5.091412e-03	2.505192e+00
4.298000e-05	-5.402629e-03	2.220982e+00
4.299000e-05	-5.213357e-03	1.927269e+00
4.300000e-05	-4.747666e-03	1.662587e+00
4.301000e-05	-4.582141e-03	1.358352e+00
4.302000e-05	-5.222164e-03	1.029381e+00
4.303000e-05	-4.407827e-03	7.151696e-01
4.304000e-05	-4.095067e-03	4.436089e-01
4.305000e-05	-2.981711e-03	1.593489e-01
4.306000e-05	-1.050131e-03	-1.163605e-01
4.307000e-05	6.667609e-03	-3.879734e-01
4.308000e-05	-1.058811e-03	-6.228027e-01
4.309000e-05	1.068976e-03	-9.258880e-01
4.310000e-05	1.356286e-04	-1.188695e+00
4.311000e-05	7.688606e-04	-1.494309e+00
4.312000e-05	-3.001221e-04	-1.725867e+00
4.313000e-05	1.767093e-02	-1.946519e+00
4.314000e-05	6.805525e-02	-2.180649e+00
4.315000e-05	3.426452e-02	-2.568013e+00
4.316000e-05	-7.539350e-02	-2.917433e+00
4.317000e-05	-6.794741e-03	-3.262780e+00
4.318000e-05	-2.442709e-02	-3.474861e+00
4.319000e-05	-3.425816e-02	-3.744513e+00
4.320000e-05	-4.779255e-02	-3.917442e+00
4.321000e-05	1.334026e-01	-4.124916e+00
4.322000e-05	-4.840343e-02	-4.369671e+00
4.323000e-05	-1.211334e-04	-4.645359e+00
4.324000e-05	5.389947e-02	-4.934342e+00
4.325000e-05	-1.002089e-01	-5.253353e+00
4.326000e-05	1.089016e-01	-5.547492e+00
4.327000e-05	-7.892865e-02	-5.801202e+00
4.328000e-05	4.336606e-02	-6.071759e+00
4.329000e-05	3.277386e-02	-6.305941e+00
4.330000e-05	-7.426574e-02	-6.602230e+00
4.331000e-05	5.706833e-02	-6.893363e+00
4.332000e-05	-5.273215e-02	-7.189596e+00
4.333000e-05	5.168818e-02	-7.452206e+00
4.334000e-05	-3.305865e-02	-7.674540e+00
4.335000e-05	1.026549e-02	-7.990676e+00
4.336000e-05	4.634551e-02	-8.240734e+00
4.337000e-05	-5.530727e-02	-8.496417e+00
4.338000e-05	4.400766e-02	-8.747570e+00
4.339000e-05	-3.650344e-02	-8.959625e+00
4.340000e-05	3.149847e-02	-9.169127e+00
4.341000e-05	-2.590016e-02	-9.409629e+00
4.342000e-05	1.112040e-02	-9.683763e+00
4.343000e-05	2.869830e-02	-9.873363e+00
4.344000e-05	-1.730432e-02	-1.009541e+01
4.345000e-05	-1.633436e-03	-1.033448e+01
4.346000e-05	-1.887675e-02	-1.052441e+01
4.347000e-05	3.880842e-02	-1.068589e+01
4.348000e-05	-2.479125e-02	-1.089441e+01
4.349000e-05	1.190381e-02	-1.109544e+01
4.350000e-05	-2.431571e-03	-1.130389e+01
4.351000e-05	1.301757e-02	-1.150489e+01
4.352000e-05	-2.043802e-02	-1.171389e+01
4.353000e-05	4.212537e-03	-1.191401e+01
4.354000e-05	2.197295e-02	-1.207337e+01
4.355000e-05	-5.572169e-03	-1.228334e+01
4.356000e-05	-6.287109e-03	-1.247024e+01
4.357000e-05	-5.128584e-03	-1.257918e+01
4.358000e-05	1.695092e-02	-1.271813e+01
4.359000e-05	-1.475865e-02	-1.293555e+01
4.360000e-05	2.146860e-03	-1.304382e+01
4.361000e-05	5.306997e-03	-1.325174e+01
4.362000e-05	1.225018e-02	-1.339768e+01
4.363000e-05	-9.590702e-03	-1.352601e+01
4.364000e-05	3.174788e-03	-1.370187e+01
4.365000e-05	5.506615e-03	-1.379013e+01
4.366000e-05	-1.766536e-03	-1.395800e+01
4.367000e-05	-4.948441e-03	-1.406179e+01
4.368000e-05	5.225422e-03	-1.416971e+01
4.369000e-05	7.004890e-03	-1.429547e+01
4.370000e-05	-1.951670e-03	-1.440831e+01
4.371000e-05	9.454857e-04	-1.453489e+01
4.372000e-05	3.797977e-03	-1.456821e+01
4.373000e-05	3.592257e-03	-1.466329e+01
4.374000e-05	-3.506292e-05	-1.478963e+01
4.375000e-05	4.190403e-03	-1.483324e+01
4.376000e-05	2.247115e-03	-1.492342e+01
4.377000e-05	2.026639e-04	-1.493758e+01
4.378000e-05	-2.549692e-04	-1.502166e+01
4.379000e-05	3.015581e-03	-1.507231e+01
4.380000e-05	2.002086e-03	-1.510542e+01
4.381000e-05	2.916042e-03	-1.511602e+01
4.382000e-05	3.866359e-03	-1.517858e+01
4.383000e-05	2.621094e-03	-1.520121e+01
4.384000e-05	1.389169e-03	-1.521019e+01
4.385000e-05	2.627739e-03	-1.527382e+01
4.386000e-05	3.692505e-03	-1.527179e+01
4.387000e-05	3.789644e-03	-1.531284e+01
4.388000e-05	5.975001e-03	-1.530442e+01
4.389000e-05	7.649552e-03	-1.529480e+01
4.390000e-05	8.190026e-03	-1.528439e+01
4.391000e-05	9.958073e-03	-1.529442e+01
4.392000e-05	1.440626e-02	-1.529237e+01
4.393000e-05	2.010225e-02	-1.525026e+01
4.394000e-05	2.540898e-02	-1.523966e+01
4.395000e-05	3.192599e-02	-1.518761e+01
4.396000e-05	3.465502e-02	-1.513647e+01
4.397000e-05	2.820563e-02	-1.508493e+01
4.398000e-05	1.889193e-02	-1.506427e+01
4.399000e-05	1.186738e-02	-1.504976e+01
4.400000e-05	8.951863e-03	-1.497750e+01
4.401000e-05	6.335343e-03	-1.491334e+01
4.402000e-05	4.541086e-03	-1.481069e+01
4.403000e-05	3.809052e-03	-1.469583e+01
4.404000e-05	3.566661e-03	-1.462476e+01
4.405000e-05	2.787060e-03	-1.456700e+01
4.406000e-05	1.769189e-03	-1.447174e+01
4.407000e-05	1.491284e-03	-1.430753e+01
4.408000e-05	1.595077e-03	-1.426024e+01
4.409000e-05	1.345156e-03	-1.414538e+01
4.410000e-05	1.215437e-03	-1.399903e+01
4.411000e-05	1.816244e-05	-1.385377e+01
4.412000e-05	-4.820088e-04	-1.374595e+01
4.413000e-05	-4.867922e-04	-1.360066e+01
4.414000e-05	-1.161094e-03	-1.346232e+01
4.415000e-05	-5.793107e-04	-1.335655e+01
4.416000e-05	-8.622869e-04	-1.321003e+01
4.417000e-05	-1.864201e-03	-1.307127e+01
4.418000e-05	-1.951682e-03	-1.295492e+01
4.419000e-05	-6.767045e-04	-1.275741e+01
4.420000e-05	-4.807198e-04	-1.262071e+01
4.421000e-05	-1.023899e-03	-1.246467e+01
4.422000e-05	-1.661129e-03	-1.229387e+01
4.423000e-05	-2.099154e-03	-1.214592e+01
4.424000e-05	-2.151738e-03	-1.190537e+01
4.425000e-05	-1.385538e-03	-1.175598e+01
4.426000e-05	-1.218169e-03	-1.151795e+01
4.427000e-05	-2.048985e-03	-1.129529e+01
4.428000e-05	-1.582537e-03	-1.108329e+01
4.429000e-05	-9.085455e-04	-1.089335e+01
4.430000e-05	-2.448346e-03	-1.071329e+01
4.431000e-05	-3.395943e-03	-1.048529e+01
4.432000e-05	-2.847606e-03	-1.028330e+01
4.433000e-05	-3.147586e-03	-1.013222e+01
4.434000e-05	-3.643131e-03	-9.853138e+00
4.435000e-05	-3.127934e-03	-9.630985e+00
4.436000e-05	-1.777193e-03	-9.419984e+00
4.437000e-05	-3.062091e-03	-9.176952e+00
4.438000e-05	-3.490533e-03	-8.986451e+00
4.439000e-05	-3.501735e-03	-8.696346e+00
4.440000e-05	-3.090269e-03	-8.461664e+00
4.441000e-05	-4.245715e-03	-8.230084e+00
4.442000e-05	-4.955351e-03	-7.989955e+00
4.443000e-05	-3.624801e-03	-7.726267e+00
4.444000e-05	-3.664676e-03	-7.461689e+00
4.445000e-05	-3.936985e-03	-7.190031e+00
4.446000e-05	-5.117315e-03	-6.946848e+00
4.447000e-05	-3.179791e-03	-6.673765e+00
4.448000e-05	-4.671342e-03	-6.433058e+00
4.449000e-05	-4.181151e-03	-6.217957e+00
4.450000e-05	-5.365548e-03	-5.875767e+00
4.451000e-05	-2.418466e-03	-5.662135e+00
4.452000e-05	-5.266430e-03	-5.357928e+00
4.453000e-05	-3.970774e-03	-5.063611e+00
4.454000e-05	-4.645082e-03	-4.786878e+00
4.455000e-05	-3.576223e-03	-4.485791e+00
4.456000e-05	-4.446017e-03	-4.254565e+00
4.457000e-05	-3.258276e-03	-3.969958e+00
4.458000e-05	-4.962322e-03	-3.714226e+00
4.459000e-05	-5.735101e-03	-3.432032e+00
4.460000e-05	-6.257056e-03	-3.158876e+00
4.461000e-05	-5.134307e-03	-2.883659e+00
4.462000e-05	-6.129480e-03	-2.599348e+00
4.463000e-05	-3.744231e-03	-2.295793e+00
4.464000e-05	-5.910449e-03	-2.009978e+00
4.465000e-05	-4.354257e-03	-1.756846e+00
4.466000e-05	-5.524491e-03	-1.453435e+00
4.467000e-05	-5.050254e-03	-1.145193e+00
4.468000e-05	-6.141634e-03	-8.424329e-01
4.469000e-05	-5.974318e-03	-5.552697e-01
4.470000e-05	-5.847846e-03	-2.625869e-01
4.471000e-05	-3.645875e-03	-2.149875e-02
4.472000e-05	3.764418e-03	2.858080e-01
4.473000e-05	-1.515879e-03	5.469433e-01
4.474000e-05	-1.161546e-03	7.899736e-01
4.475000e-05	-1.125514e-03	1.103308e+00
4.476000e-05	-2.328915e-03	1.386576e+00
4.477000e-05	-4.531849e-03	1.676262e+00
4.478000e-05	4.362767e-03	1.926339e+00
4.479000e-05	2.013500e-02	2.136493e+00
4.480000e-05	6.558935e-02	2.389130e+00
4.481000e-05	6.924332e-03	2.727916e+00
4.482000e-05	-6.765009e-02	3.083831e+00
4.483000e-05	-2.242636e-02	3.307944e+00
4.484000e-05	-1.663272e-02	3.600200e+00
4.485000e-05	-2.049413e-02	3.833206e+00
4.486000e-05	-4.538765e-02	4.051808e+00
4.487000e-05	4.710240e-02	4.314861e+00
4.488000e-05	4.346309e-02	4.529025e+00
4.489000e-05	-7.057493e-02	4.824132e+00
4.490000e-05	6.748536e-02	5.125490e+00
4.491000e-05	-2.877708e-02	5.433257e+00
4.492000e-05	-9.217558e-03	5.684438e+00
4.493000e-05	2.635012e-02	5.980046e+00
4.494000e-05	-3.254786e-02	6.251708e+00
4.495000e-05	2.707079e-02	6.505962e+00
4.496000e-05	-2.724166e-02	6.789575e+00
4.497000e-05	7.652835e-03	7.072184e+00
4.498000e-05	-6.936750e-03	7.325942e+00
4.499000e-05	-9.134557e-03	7.600702e+00
4.500000e-05	1.494702e-03	7.863288e+00
4.501000e-05	-1.386219e-02	8.166498e+00
4.502000e-05	3.439610e-02	8.389632e+00
4.503000e-05	-2.560897e-02	8.540108e+00
4.504000e-05	-5.650447e-03	8.851736e+00
4.505000e-05	1.429756e-03	9.083341e+00
4.506000e-05	-2.710563e-03	9.306969e+00
4.507000e-05	-3.059675e-03	9.525867e+00
4.508000e-05	-1.448717e-02	9.788598e+00
4.509000e-05	1.870950e-02	1.002113e+01
4.510000e-05	-1.048829e-02	1.020015e+01
4.511000e-05	-1.236600e-02	1.040120e+01
4.512000e-05	-1.396728e-02	1.063073e+01
4.513000e-05	1.348986e-02	1.083018e+01
4.514000e-05	-8.445234e-04	1.102118e+01
4.515000e-05	-2.007914e-02	1.122011e+01
4.516000e-05	5.907444e-03	1.142223e+01
4.517000e-05	4.628785e-03	1.163220e+01
4.518000e-05	-1.151622e-02	1.185115e+01
4.519000e-05	-1.648938e-02	1.201863e+01
4.520000e-05	9.966560e-03	1.217010e+01
4.521000e-05	2.039579e-03	1.232800e+01
4.522000e-05	-1.608301e-02	1.250494e+01
4.523000e-05	-1.105421e-02	1.266381e+01
4.524000e-05	6.117087e-03	1.281277e+01
4.525000e-05	-6.122151e-03	1.297911e+01
4.526000e-05	-1.255839e-02	1.313450e+01
4.527000e-05	-4.579320e-04	1.329545e+01
4.528000e-05	9.138356e-04	1.349226e+01
4.529000e-05	-9.540248e-03	1.357915e+01
4.530000e-05	-1.152049e-02	1.370745e+01
4.531000e-05	4.491412e-04	1.384389e+01
4.532000e-05	-5.773587e-03	1.399966e+01
4.533000e-05	-1.111025e-02	1.409455e+01
4.534000e-05	-6.259804e-03	1.427339e+01
4.535000e-05	-1.125395e-03	1.437118e+01
4.536000e-05	-6.429805e-03	1.449332e+01
4.537000e-05	-1.007107e-02	1.454710e+01
4.538000e-05	-5.053085e-03	1.461234e+01
4.539000e-05	-5.346695e-03	1.471585e+01
4.540000e-05	-6.306925e-03	1.480123e+01
4.541000e-05	-6.427603e-03	1.487232e+01
4.542000e-05	-5.846912e-03	1.493597e+01
4.543000e-05	-8.430162e-03	1.495898e+01
4.544000e-05	-8.086915e-03	1.501224e+01
4.545000e-05	-6.672200e-03	1.504282e+01
4.546000e-05	-9.244875e-03	1.514387e+01
4.547000e-05	-9.639426e-03	1.513597e+01
4.548000e-05	-8.757476e-03	1.518953e+01
4.549000e-05	-8.478438e-03	1.517114e+01
4.550000e-05	-1.043631e-02	1.525021e+01
4.551000e-05	-9.422481e-03	1.524184e+01
4.552000e-05	-8.806752e-03	1.524292e+01
4.553000e-05	-1.124524e-02	1.529435e+01
4.554000e-05	-1.380552e-02	1.524382e+01
4.555000e-05	-1.433408e-02	1.530389e+01
4.556000e-05	-1.538729e-02	1.528390e+01
4.557000e-05	-2.056682e-02	1.527079e+01
4.558000e-05	-2.475849e-02	1.523179e+01
4.559000e-05	-2.987807e-02	1.518958e+01
4.560000e-05	-3.779319e-02	1.520903e+01
4.561000e-05	-4.182351e-02	1.518843e+01
4.562000e-05	-3.646256e-02	1.510782e+01
4.563000e-05	-2.628187e-02	1.503380e+01
4.564000e-05	-2.044877e-02	1.501961e+01
4.565000e-05	-1.565737e-02	1.497853e+01
4.566000e-05	-1.297617e-02	1.487232e+01
4.567000e-05	-1.114342e-02	1.483126e+01
4.568000e-05	-1.075343e-02	1.471548e+01
4.569000e-05	-9.767339e-03	1.467169e+01
4.570000e-05	-8.948198e-03	1.453905e+01
4.571000e-05	-9.094938e-03	1.446282e+01
4.572000e-05	-8.810711e-03	1.435896e+01
4.573000e-05	-8.934621e-03	1.421277e+01
4.574000e-05	-5.943290e-03	1.413700e+01
4.575000e-05	-8.356499e-03	1.399209e+01
4.576000e-05	-7.587525e-03	1.387429e+01
4.577000e-05	-8.730506e-03	1.374658e+01
4.578000e-05	-6.663369e-03	1.359061e+01
4.579000e-05	-8.189217e-03	1.348279e+01
4.580000e-05	-7.407035e-03	1.336900e+01
4.581000e-05	-6.187934e-03	1.319109e+01
4.582000e-05	-6.012913e-03	1.304327e+01
4.583000e-05	-7.377450e-03	1.294490e+01
4.584000e-05	-8.008614e-03	1.270945e+01
4.585000e-05	-6.936293e-03	1.260011e+01
4.586000e-05	-5.917926e-03	1.249282e+01
4.587000e-05	-7.522655e-03	1.226432e+01
4.588000e-05	-6.270239e-03	1.218595e+01
4.589000e-05	-6.504537e-03	1.195750e+01
4.590000e-05	-6.142280e-03	1.176796e+01
4.591000e-05	-6.915578e-03	1.156793e+01
4.592000e-05	-6.996192e-03	1.138598e+01
4.593000e-05	-5.814340e-03	1.113890e+01
4.594000e-05	-6.673104e-03	1.094795e+01
4.595000e-05	-5.733976e-03	1.076593e+01
4.596000e-05	-6.004133e-03	1.056595e+01
4.597000e-05	-6.614736e-03	1.035637e+01
4.598000e-05	-6.389517e-03	1.012585e+01
4.599000e-05	-5.155485e-03	9.874172e+00
4.600000e-05	-5.810241e-03	9.661143e+00
4.601000e-05	-5.995837e-03	9.432109e+00
4.602000e-05	-5.969514e-03	9.191558e+00
4.603000e-05	-5.443168e-03	8.989979e+00
4.604000e-05	-6.544468e-03	8.737854e+00
4.605000e-05	-6.053291e-03	8.545794e+00
4.606000e-05	-5.745673e-03	8.264145e+00
4.607000e-05	-5.420769e-03	8.052134e+00
4.608000e-05	-6.609174e-03	7.767451e+00
4.609000e-05	-6.039250e-03	7.514825e+00
4.610000e-05	-5.273448e-03	7.232587e+00
4.611000e-05	-5.095736e-03	7.020435e+00
4.612000e-05	-6.504201e-03	6.748826e+00
4.613000e-05	-5.882748e-03	6.483245e+00
4.614000e-05	-5.674559e-03	6.231563e+00
4.615000e-05	-5.571185e-03	5.980453e+00
4.616000e-05	-6.014620e-03	5.736303e+00
4.617000e-05	-5.976394e-03	5.464187e+00
4.618000e-05	-5.163684e-03	5.177826e+00
4.619000e-05	-5.633463e-03	4.821535e+00
4.620000e-05	-6.103893e-03	4.628425e+00
4.621000e-05	-5.901906e-03	4.333667e+00
4.622000e-05	-5.369682e-03	4.000029e+00
4.623000e-05	-5.038648e-03	3.755897e+00
4.624000e-05	-4.952459e-03	3.506592e+00
4.625000e-05	-5.287419e-03	3.189526e+00
4.626000e-05	-5.572145e-03	2.956295e+00
4.627000e-05	-4.672929e-03	2.631062e+00
4.628000e-05	-4.746104e-03	2.346771e+00
4.629000e-05	-5.841880e-03	2.093588e+00
4.630000e-05	-5.288359e-03	1.800980e+00
4.631000e-05	-4.653333e-03	1.504239e+00
4.632000e-05	-4.463104e-03	1.158826e+00
4.633000e-05	-4.757368e-03	9.331103e-01
4.634000e-05	-4.515095e-03	5.994238e-01
4.635000e-05	-3.605276e-03	3.046662e-01
4.636000e-05	-2.547627e-03	9.540063e-04
4.637000e-05	3.588280e-03	-2.417500e-01
4.638000e-05	4.307080e-03	-5.564090e-01
4.639000e-05	-2.006554e-03	-8.005962e-01
4.640000e-05	2.602296e-03	-1.033678e+00
4.641000e-05	-1.315693e-03	-1.327988e+00
4.642000e-05	8.813926e-04	-1.620101e+00
4.643000e-05	5.501012e-03	-1.821776e+00
4.644000e-05	3.856715e-02	-2.096256e+00
4.645000e-05	7.568134e-02	-2.368068e+00
4.646000e-05	-3.605096e-02	-2.764989e+00
4.647000e-05	-4.738893e-02	-3.094340e+00
4.648000e-05	-7.475823e-03	-3.349599e+00
4.649000e-05	-2.497950e-02	-3.619574e+00
4.650000e-05	-6.644547e-02	-3.830708e+00
4.651000e-05	4.246713e-02	-4.032682e+00
4.652000e-05	8.179525e-02	-4.221233e+00
4.653000e-05	-1.056696e-01	-4.538537e+00
4.654000e-05	1.097497e-01	-4.809098e+00
4.655000e-05	-5.956409e-02	-5.084859e+00
4.656000e-05	1.015681e-02	-5.370651e+00
4.657000e-05	3.745798e-02	-5.643727e+00
4.658000e-05	-7.468009e-02	-5.946468e+00
4.659000e-05	1.108564e-01	-6.168627e+00
4.660000e-05	-6.984655e-02	-6.485358e+00
4.661000e-05	1.300167e-02	-6.746969e+00
4.662000e-05	4.946532e-03	-7.021677e+00
4.663000e-05	-2.524213e-02	-7.315391e+00
4.664000e-05	4.508276e-02	-7.527025e+00
4.665000e-05	-5.934010e-02	-7.843833e+00
4.666000e-05	8.265875e-02	-8.105940e+00
4.667000e-05	-3.540335e-02	-8.327944e+00
4.668000e-05	2.362362e-03	-8.550129e+00
4.669000e-05	6.095034e-03	-8.833785e+00
4.670000e-05	-1.672733e-02	-9.075311e+00
4.671000e-05	2.597393e-02	-9.306413e+00
4.672000e-05	-3.736628e-02	-9.537522e+00
4.673000e-05	5.199345e-02	-9.758076e+00
4.674000e-05	-1.334177e-02	-9.989051e+00
4.675000e-05	3.247326e-03	-1.017863e+01
4.676000e-05	-2.582119e-02	-1.040915e+01
4.677000e-05	2.058413e-02	-1.060963e+01
4.678000e-05	8.269815e-03	-1.084965e+01
4.679000e-05	-1.516920e-02	-1.099063e+01
4.680000e-05	1.497451e-02	-1.117765e+01
4.681000e-05	1.439562e-03	-1.141164e+01
4.682000e-05	3.546609e-03	-1.162021e+01
4.683000e-05	-2.680470e-02	-1.176915e+01
4.684000e-05	2.678694e-02	-1.202970e+01
4.685000e-05	9.652577e-04	-1.219910e+01
4.686000e-05	7.736881e-04	-1.236705e+01
4.687000e-05	-1.388967e-02	-1.249647e+01
4.688000e-05	1.606138e-02	-1.270391e+01
4.689000e-05	-3.127986e-03	-1.286234e+01
4.690000e-05	-7.610908e-03	-1.300068e+01
4.691000e-05	3.376281e-03	-1.317702e+01
4.692000e-05	1.001549e-02	-1.330497e+01
4.693000e-05	7.412256e-04	-1.344128e+01
4.694000e-05	-7.550574e-03	-1.359823e+01
4.695000e-05	1.042024e-02	-1.375447e+01
4.696000e-05	1.774454e-04	-1.390282e+01
4.697000e-05	-1.505877e-03	-1.401708e+01
4.698000e-05	-2.268465e-03	-1.410500e+01
4.699000e-05	1.113922e-02	-1.425231e+01
4.700000e-05	1.374270e-04	-1.435650e+01
4.701000e-05	-1.104563e-03	-1.449226e+01
4.702000e-05	1.042003e-03	-1.454761e+01
4.703000e-05	3.611376e-03	-1.459324e+01
4.704000e-05	7.458388e-04	-1.472482e+01
4.705000e-05	2.692122e-03	-1.480960e+01
4.706000e-05	5.447329e-03	-1.485332e+01
4.707000e-05	9.342773e-04	-1.492695e+01
4.708000e-05	8.526383e-05	-1.500758e+01
4.709000e-05	1.666512e-03	-1.505118e+01
4.710000e-05	2.918340e-03	-1.505277e+01
4.711000e-05	2.315828e-04	-1.510539e+01
4.712000e-05	2.578072e-03	-1.514807e+01
4.713000e-05	3.576129e-03	-1.522913e+01
4.714000e-05	2.688067e-03	-1.523961e+01
4.715000e-05	1.378618e-03	-1.526126e+01
4.716000e-05	3.402982e-03	-1.525187e+01
4.717000e-05	3.026503e-03	-1.530184e+01
4.718000e-05	3.807020e-03	-1.531337e+01
4.719000e-05	6.096144e-03	-1.530439e+01
4.720000e-05	8.685160e-03	-1.528292e+01
4.721000e-05	8.360937e-03	-1.530339e+01
4.722000e-05	1.073463e-02	-1.529382e+01
4.723000e-05	1.627436e-02	-1.530377e+01
4.724000e-05	2.305039e-02	-1.524116e+01
4.725000e-05	2.823554e-02	-1.521971e+01
4.726000e-05	3.311410e-02	-1.516853e+01
4.727000e-05	3.214074e-02	-1.512648e+01
4.728000e-05	2.525280e-02	-1.510485e+01
4.729000e-05	1.551337e-02	-1.505223e+01
4.730000e-05	8.568470e-03	-1.501813e+01
4.731000e-05	6.410602e-03	-1.494389e+01
4.732000e-05	5.636719e-03	-1.487286e+01
4.733000e-05	5.015987e-03	-1.480698e+01
4.734000e-05	3.177341e-03	-1.469477e+01
4.735000e-05	3.056566e-03	-1.460014e+01
4.736000e-05	2.208755e-03	-1.452292e+01
4.737000e-05	2.374765e-03	-1.439956e+01
4.738000e-05	1.895556e-03	-1.429537e+01
4.739000e-05	1.858317e-03	-1.416845e+01
4.740000e-05	1.123693e-03	-1.406067e+01
4.741000e-05	-7.390404e-04	-1.391452e+01
4.742000e-05	-6.099481e-04	-1.382108e+01
4.743000e-05	-1.211108e-03	-1.370127e+01
4.744000e-05	-3.410765e-04	-1.352695e+01
4.745000e-05	-1.177138e-04	-1.342021e+01
4.746000e-05	-5.304941e-04	-1.333474e+01
4.747000e-05	-9.634387e-04	-1.312482e+01
4.748000e-05	-1.520793e-03	-1.297803e+01
4.749000e-05	-2.253735e-04	-1.286169e+01
4.750000e-05	-1.512573e-03	-1.268379e+01
4.751000e-05	-1.948141e-03	-1.253692e+01
4.752000e-05	-2.244360e-03	-1.237701e+01
4.753000e-05	-1.236667e-03	-1.223068e+01
4.754000e-05	-1.119986e-03	-1.202059e+01
4.755000e-05	-1.460626e-03	-1.186116e+01
4.756000e-05	-1.273818e-03	-1.168069e+01
4.757000e-05	-2.134083e-03	-1.142912e+01
4.758000e-05	-2.405540e-03	-1.120845e+01
4.759000e-05	-1.685286e-03	-1.097903e+01
4.760000e-05	-4.079815e-04	-1.081101e+01
4.761000e-05	-1.691332e-03	-1.061004e+01
4.762000e-05	-2.742366e-03	-1.038851e+01
4.763000e-05	-2.544815e-03	-1.021945e+01
4.764000e-05	-2.506612e-03	-9.967425e+00
4.765000e-05	-2.558847e-03	-9.756400e+00
4.766000e-05	-2.965323e-03	-9.494827e+00
4.767000e-05	-3.936936e-03	-9.284185e+00
4.768000e-05	-3.148619e-03	-9.043643e+00
4.769000e-05	-4.109171e-03	-8.822557e+00
4.770000e-05	-3.183644e-03	-8.608953e+00
4.771000e-05	-3.252236e-03	-8.346400e+00
4.772000e-05	-3.718528e-03	-8.145348e+00
4.773000e-05	-4.195065e-03	-7.853192e+00
4.774000e-05	-4.215050e-03	-7.607979e+00
4.775000e-05	-4.410890e-03	-7.315797e+00
4.776000e-05	-3.767794e-03	-7.063067e+00
4.777000e-05	-4.675573e-03	-6.811506e+00
4.778000e-05	-3.314157e-03	-6.598004e+00
4.779000e-05	-4.509276e-03	-6.335723e+00
4.780000e-05	-4.020665e-03	-6.083215e+00
4.781000e-05	-4.184737e-03	-5.790402e+00
4.782000e-05	-4.100465e-03	-5.535775e+00
4.783000e-05	-5.007411e-03	-5.281106e+00
4.784000e-05	-4.286260e-03	-4.955823e+00
4.785000e-05	-3.851554e-03	-4.641559e+00
4.786000e-05	-4.172226e-03	-4.367954e+00
4.787000e-05	-4.063764e-03	-4.127372e+00
4.788000e-05	-4.792435e-03	-3.883062e+00
4.789000e-05	-5.005589e-03	-3.588899e+00
4.790000e-05	-4.949651e-03	-3.335271e+00
4.791000e-05	-4.905303e-03	-3.028060e+00
4.792000e-05	-6.249769e-03	-2.724719e+00
4.793000e-05	-5.495701e-03	-2.472033e+00
4.794000e-05	-5.038865e-03	-2.157426e+00
4.795000e-05	-4.486750e-03	-1.874641e+00
4.796000e-05	-5.972333e-03	-1.621930e+00
4.797000e-05	-5.231480e-03	-1.311617e+00
4.798000e-05	-5.639518e-03	-9.877974e-01
4.799000e-05	-5.806801e-03	-7.151671e-01
4.800000e-05	-6.329704e-03	-3.883512e-01
4.801000e-05	-5.370013e-03	-1.656934e-01
4.802000e-05	1.249853e-03	1.484118e-01
4.803000e-05	2.860405e-03	4.411526e-01
4.804000e-05	-3.968617e-03	7.053630e-01
4.805000e-05	7.012174e-04	9.284605e-01
4.806000e-05	-2.730014e-03	1.243225e+00
4.807000e-05	-1.527835e-03	1.536416e+00
4.808000e-05	-2.876493e-03	1.812125e+00
4.809000e-05	1.138354e-02	2.032130e+00
4.810000e-05	4.101327e-02	2.254255e+00
4.811000e-05	6.006453e-02	2.590093e+00
4.812000e-05	-5.006342e-02	2.875362e+00
4.813000e-05	-4.372757e-02	3.168100e+00
4.814000e-05	-2.042933e-02	3.454782e+00
4.815000e-05	-8.442472e-03	3.728470e+00
4.816000e-05	-4.293817e-02	3.957393e+00
4.817000e-05	-9.838276e-03	4.159175e+00
4.818000e-05	7.500191e-02	4.432777e+00
4.819000e-05	-2.901581e-02	4.705792e+00
4.820000e-05	-2.234490e-02	4.918551e+00
4.821000e-05	6.249697e-02	5.274889e+00
4.822000e-05	-7.394041e-02	5.558521e+00
4.823000e-05	5.434128e-02	5.813232e+00
4.824000e-05	-2.835364e-02	6.106463e+00
4.825000e-05	1.073773e-02	6.337447e+00
4.826000e-05	1.427436e-04	6.622785e+00
4.827000e-05	-2.300453e-02	6.926941e+00
4.828000e-05	1.277875e-02	7.179023e+00
4.829000e-05	-2.546681e-02	7.443760e+00
4.830000e-05	1.423960e-02	7.756967e+00
4.831000e-05	-2.001341e-02	8.000726e+00
4.832000e-05	2.242009e-02	8.254411e+00
4.833000e-05	3.818062e-03	8.505414e+00
4.834000e-05	-2.815827e-02	8.686515e+00
4.835000e-05	6.550867e-03	8.938150e+00
4.836000e-05	-4.695001e-03	9.229629e+00
4.837000e-05	3.977102e-03	9.401734e+00
4.838000e-05	-1.766974e-02	9.631760e+00
4.839000e-05	6.117916e-03	9.865917e+00
4.840000e-05	6.186625e-03	1.006582e+01
4.841000e-05	-1.240702e-02	1.029587e+01
4.842000e-05	-1.815312e-02	1.050637e+01
4.843000e-05	8.525683e-04	1.071489e+01
4.844000e-05	1.254509e-02	1.091607e+01
4.845000e-05	-1.697791e-02	1.111489e+01
4.846000e-05	-9.371279e-03	1.129742e+01
4.847000e-05	7.632724e-03	1.152597e+01
4.848000e-05	5.934219e-04	1.173449e+01
4.849000e-05	-1.988600e-02	1.187639e+01
4.850000e-05	-1.115787e-03	1.208436e+01
4.851000e-05	1.089809e-02	1.220241e+01
4.852000e-05	-8.253827e-03	1.243128e+01
4.853000e-05	-1.803041e-02	1.257018e+01
4.854000e-05	-6.109447e-04	1.276545e+01
4.855000e-05	1.997385e-03	1.293642e+01
4.856000e-05	-1.408571e-02	1.306136e+01
4.857000e-05	-1.037073e-02	1.324068e+01
4.858000e-05	3.168769e-03	1.334711e+01
4.859000e-05	-6.389559e-04	1.351642e+01
4.860000e-05	-1.315409e-02	1.365134e+01
4.861000e-05	-5.136238e-03	1.378050e+01
4.862000e-05	-1.235956e-03	1.389745e+01
4.863000e-05	-8.811932e-03	1.402279e+01
4.864000e-05	-1.153448e-02	1.417871e+01
4.865000e-05	-1.990987e-03	1.433690e+01
4.866000e-05	-3.413700e-03	1.442179e+01
4.867000e-05	-1.049499e-02	1.451242e+01
4.868000e-05	-9.041309e-03	1.461118e+01
4.869000e-05	-4.334294e-03	1.470279e+01
4.870000e-05	-4.857973e-03	1.476753e+01
4.871000e-05	-8.026073e-03	1.480176e+01
4.872000e-05	-5.987629e-03	1.488490e+01
4.873000e-05	-7.403220e-03	1.494543e+01
4.874000e-05	-6.993561e-03	1.498008e+01
4.875000e-05	-7.797272e-03	1.504174e+01
4.876000e-05	-8.537529e-03	1.508482e+01
4.877000e-05	-9.114685e-03	1.513693e+01
4.878000e-05	-7.745464e-03	1.514955e+01
4.879000e-05	-7.434749e-03	1.522916e+01
4.880000e-05	-1.024756e-02	1.524208e+01
4.881000e-05	-1.035523e-02	1.524071e+01
4.882000e-05	-9.692644e-03	1.526384e+01
4.883000e-05	-9.890587e-03	1.525387e+01
4.884000e-05	-1.321943e-02	1.525489e+01
4.885000e-05	-1.336883e-02	1.530494e+01
4.886000e-05	-1.347315e-02	1.527422e+01
4.887000e-05	-1.740761e-02	1.527224e+01
4.888000e-05	-2.331415e-02	1.523575e+01
4.889000e-05	-2.783554e-02	1.526124e+01
4.890000e-05	-3.330253e-02	1.522106e+01
4.891000e-05	-4.064257e-02	1.517801e+01
4.892000e-05	-4.022990e-02	1.513648e+01
4.893000e-05	-3.066611e-02	1.509332e+01
4.894000e-05	-2.211989e-02	1.501224e+01
4.895000e-05	-1.773167e-02	1.496011e+01
4.896000e-05	-1.350914e-02	1.495645e+01
4.897000e-05	-1.185453e-02	1.486171e+01
4.898000e-05	-1.076857e-02	1.478998e+01
4.899000e-05	-1.211370e-02	1.470532e+01
4.900000e-05	-1.041323e-02	1.460066e+01
4.901000e-05	-9.779288e-03	1.451485e+01
4.902000e-05	-9.245812e-03	1.442006e+01
4.903000e-05	-9.147632e-03	1.431538e+01
4.904000e-05	-8.450102e-03	1.423063e+01
4.905000e-05	-7.612112e-03	1.409382e+01
4.906000e-05	-8.653118e-03	1.392851e+01
4.907000e-05	-8.287375e-03	1.383064e+01
4.908000e-05	-6.451518e-03	1.368240e+01
4.909000e-05	-8.722266e-03	1.353900e+01
4.910000e-05	-7.535849e-03	1.341064e+01
4.911000e-05	-7.804968e-03	1.325674e+01
4.912000e-05	-6.330198e-03	1.312590e+01
4.913000e-05	-7.425960e-03	1.299108e+01
4.914000e-05	-7.470732e-03	1.283216e+01
4.915000e-05	-6.439207e-03	1.270334e+01
4.916000e-05	-5.940775e-03	1.252747e+01
4.917000e-05	-7.138301e-03	1.237854e+01
4.918000e-05	-7.020595e-03	1.224164e+01
4.919000e-05	-6.182103e-03	1.207124e+01
4.920000e-05	-6.331258e-03	1.188172e+01
4.921000e-05	-7.373859e-03	1.165214e+01
4.922000e-05	-6.635748e-03	1.145267e+01
4.923000e-05	-5.725478e-03	1.127329e+01
4.924000e-05	-5.870993e-03	1.106122e+01
4.925000e-05	-6.545334e-03	1.087419e+01
4.926000e-05	-5.437647e-03	1.063321e+01
4.927000e-05	-5.870688e-03	1.046314e+01
4.928000e-05	-6.495849e-03	1.028064e+01
4.929000e-05	-6.436803e-03	1.002209e+01
4.930000e-05	-5.588957e-03	9.768930e+00
4.931000e-05	-6.405156e-03	9.528450e+00
4.932000e-05	-6.328742e-03	9.337850e+00
4.933000e-05	-6.097983e-03	9.074249e+00
4.934000e-05	-5.498688e-03	8.902692e+00
4.935000e-05	-6.385242e-03	8.632059e+00
4.936000e-05	-6.101374e-03	8.377010e+00
4.937000e-05	-5.663467e-03	8.108428e+00
4.938000e-05	-5.415699e-03	7.905314e+00
4.939000e-05	-6.366014e-03	7.623589e+00
4.940000e-05	-6.008597e-03	7.378928e+00
4.941000e-05	-5.967856e-03	7.116752e+00
4.942000e-05	-6.393666e-03	6.884168e+00
4.943000e-05	-5.624013e-03	6.632988e+00
4.944000e-05	-5.878284e-03	6.358927e+00
4.945000e-05	-5.584187e-03	6.135875e+00
4.946000e-05	-5.484159e-03	5.864140e+00
4.947000e-05	-5.404193e-03	5.568426e+00
4.948000e-05	-5.653454e-03	5.328246e+00
4.949000e-05	-5.283497e-03	5.058587e+00
4.950000e-05	-5.487872e-03	4.726196e+00
4.951000e-05	-4.986669e-03	4.451638e+00
4.952000e-05	-6.562707e-03	4.199910e+00
4.953000e-05	-5.257895e-03	3.894164e+00
4.954000e-05	-4.972660e-03	3.631533e+00
4.955000e-05	-5.033139e-03	3.357328e+00
4.956000e-05	-5.268174e-03	3.073563e+00
4.957000e-05	-5.167678e-03	2.790605e+00
4.958000e-05	-4.348095e-03	2.506197e+00
4.959000e-05	-5.049074e-03	2.230457e+00
4.960000e-05	-4.758417e-03	1.947773e+00
4.961000e-05	-4.840108e-03	1.671012e+00
4.962000e-05	-4.520617e-03	1.336372e+00
4.963000e-05	-5.037190e-03	1.041489e+00
4.964000e-05	-5.245288e-03	7.262187e-01
4.965000e-05	-3.738562e-03	4.635593e-01
4.966000e-05	-2.609421e-03	1.883035e-01
4.967000e-05	-8.713858e-04	-1.353369e-01
4.968000e-05	6.263128e-03	-3.289207e-01
4.969000e-05	-6.291899e-04	-6.136025e-01
4.970000e-05	1.300014e-03	-8.953881e-01
4.971000e-05	-1.101528e-03	-1.147071e+00
4.972000e-05	2.410589e-04	-1.474787e+00
4.973000e-05	1.408355e-04	-1.746937e+00
4.974000e-05	1.745930e-02	-1.936995e+00
4.975000e-05	6.744035e-02	-2.179671e+00
4.976000e-05	3.798523e-02	-2.537512e+00
4.977000e-05	-7.472203e-02	-2.906435e+00
4.978000e-05	-8.508193e-03	-3.263853e+00
4.979000e-05	-2.388612e-02	-3.484309e+00
4.980000e-05	-3.285098e-02	-3.704386e+00
4.981000e-05	-4.999441e-02	-3.977963e+00
4.982000e-05	1.288833e-01	-4.115293e+00
4.983000e-05	-4.018747e-02	-4.358094e+00
4.984000e-05	-8.414208e-03	-4.652385e+00
4.985000e-05	6.157908e-02	-4.935891e+00
4.986000e-05	-1.042541e-01	-5.242655e+00
4.987000e-05	1.053104e-01	-5.543863e+00
4.988000e-05	-7.177328e-02	-5.820174e+00
4.989000e-05	3.614415e-02	-6.052734e+00
4.990000e-05	3.932110e-02	-6.357415e+00
4.991000e-05	-7.868531e-02	-6.599178e+00
4.992000e-05	5.620074e-02	-6.885888e+00
4.993000e-05	-5.198171e-02	-7.179617e+00
4.994000e-05	4.781440e-02	-7.451260e+00
4.995000e-05	-2.609438e-02	-7.706417e+00
4.996000e-05	4.894684e-03	-8.010080e+00
4.997000e-05	5.022645e-02	-8.231706e+00
4.998000e-05	-5.723686e-02	-8.455439e+00
4.999000e-05	4.398335e-02	-8.747492e+00
