# 260408_14:35:44.264381
t	CH1	CH2
0.000000e+00	-2.417118e-03	4.210269e-02
1.000000e-08	-1.226343e-03	-1.213020e-02
2.000000e-08	4.420277e-04	-1.483722e-01
3.000000e-08	-9.340655e-04	-2.230816e-01
4.000000e-08	-1.968312e-03	-2.864183e-01
5.000000e-08	-1.294529e-03	-4.210826e-01
6.000000e-08	-1.961051e-03	-5.149720e-01
7.000000e-08	-2.251741e-03	-6.447603e-01
8.000000e-08	5.366328e-03	-7.794511e-01
9.000000e-08	4.084185e-02	-8.352104e-01
1.000000e-07	3.138014e-02	-9.511041e-01
1.100000e-07	-5.983620e-02	-1.233105e+00
1.200000e-07	-7.846960e-02	-1.402998e+00
1.300000e-07	6.036409e-03	-1.448451e+00
1.400000e-07	1.136709e-01	-1.411410e+00
1.500000e-07	-6.517106e-02	-1.589979e+00
1.600000e-07	-1.070907e-01	-1.769921e+00
1.700000e-07	1.214958e-01	-1.798974e+00
1.800000e-07	-8.553642e-02	-1.814163e+00
1.900000e-07	-1.279608e-01	-2.010128e+00
2.000000e-07	1.144261e-01	-2.093710e+00
2.100000e-07	5.501559e-02	-2.171423e+00
2.200000e-07	-1.462358e-01	-2.358996e+00
2.300000e-07	9.273544e-02	-2.441579e+00
2.400000e-07	3.430970e-02	-2.518345e+00
2.500000e-07	-1.131398e-01	-2.725712e+00
2.600000e-07	4.811693e-02	-2.779422e+00
2.700000e-07	3.809545e-02	-2.842156e+00
2.800000e-07	-7.944804e-02	-2.968999e+00
2.900000e-07	7.437769e-02	-3.134259e+00
3.000000e-07	-3.636816e-02	-3.179503e+00
3.100000e-07	-2.125134e-02	-3.305366e+00
3.200000e-07	8.704915e-02	-3.379925e+00
3.300000e-07	-9.094357e-02	-3.485762e+00
3.400000e-07	-1.506226e-02	-3.558898e+00
3.500000e-07	9.659350e-02	-3.621082e+00
3.600000e-07	-6.445330e-02	-3.668297e+00
3.700000e-07	-1.680229e-02	-3.843738e+00
3.800000e-07	5.224570e-02	-3.959522e+00
3.900000e-07	-2.922213e-02	-4.051632e+00
4.000000e-07	-4.047090e-03	-4.073762e+00
4.100000e-07	-1.873557e-02	-4.198024e+00
4.200000e-07	2.059581e-02	-4.272785e+00
4.300000e-07	4.514354e-02	-4.347895e+00
4.400000e-07	-6.899348e-02	-4.378529e+00
4.500000e-07	-7.453830e-03	-4.423130e+00
4.600000e-07	4.385782e-02	-4.516847e+00
4.700000e-07	-6.437337e-03	-4.591534e+00
4.800000e-07	-2.476600e-02	-4.704236e+00
4.900000e-07	-7.499803e-03	-4.747422e+00
5.000000e-07	4.314921e-02	-4.841582e+00
5.100000e-07	-1.818676e-02	-4.947795e+00
5.200000e-07	-4.062147e-02	-4.969500e+00
5.300000e-07	3.215865e-02	-5.061654e+00
5.400000e-07	1.096533e-02	-5.114892e+00
5.500000e-07	-2.653092e-02	-5.188948e+00
5.600000e-07	-3.746908e-03	-5.222204e+00
5.700000e-07	1.417032e-02	-5.295320e+00
5.800000e-07	1.241104e-02	-5.412555e+00
5.900000e-07	-2.834319e-02	-5.496315e+00
6.000000e-07	-1.286858e-03	-5.598921e+00
6.100000e-07	2.151798e-02	-5.590001e+00
6.200000e-07	-1.455734e-02	-5.611602e+00
6.300000e-07	-2.831464e-03	-5.622234e+00
6.400000e-07	3.273438e-03	-5.755339e+00
6.500000e-07	1.464388e-03	-5.718475e+00
6.600000e-07	-8.217170e-03	-5.789998e+00
6.700000e-07	-4.668242e-03	-5.851103e+00
6.800000e-07	9.675426e-03	-5.902082e+00
6.900000e-07	-4.212426e-03	-5.873263e+00
7.000000e-07	-3.342407e-03	-5.927840e+00
7.100000e-07	2.267684e-03	-5.948393e+00
7.200000e-07	-3.534383e-03	-5.988421e+00
7.300000e-07	-3.075505e-03	-5.968897e+00
7.400000e-07	1.486065e-03	-5.989475e+00
7.500000e-07	3.588058e-04	-5.999527e+00
7.600000e-07	-2.922770e-03	-5.989526e+00
7.700000e-07	-1.837707e-03	-6.010601e+00
7.800000e-07	4.055158e-03	-6.031481e+00
7.900000e-07	-2.183932e-03	-6.070550e+00
8.000000e-07	-5.317928e-03	-6.061056e+00
8.100000e-07	1.888051e-03	-6.062153e+00
8.200000e-07	1.480988e-03	-6.072632e+00
8.300000e-07	-1.109469e-03	-6.062159e+00
8.400000e-07	-2.409968e-03	-6.071610e+00
8.500000e-07	2.348910e-03	-6.062633e+00
8.600000e-07	7.267012e-04	-6.063558e+00
8.700000e-07	-4.181903e-04	-6.052609e+00
8.800000e-07	2.099219e-03	-6.031603e+00
8.900000e-07	9.098992e-04	-6.053104e+00
9.000000e-07	1.058275e-03	-6.031028e+00
9.100000e-07	7.670155e-05	-6.020076e+00
9.200000e-07	2.201850e-03	-6.010525e+00
9.300000e-07	3.010095e-03	-5.999450e+00
9.400000e-07	3.061342e-03	-5.998473e+00
9.500000e-07	3.304884e-03	-5.979372e+00
9.600000e-07	2.955657e-03	-5.988946e+00
9.700000e-07	3.417005e-03	-5.947835e+00
9.800000e-07	4.300356e-03	-5.884257e+00
9.900000e-07	3.734326e-03	-5.851156e+00
1.000000e-06	4.174311e-03	-5.852104e+00
1.010000e-06	7.042888e-03	-5.780421e+00
1.020000e-06	6.776316e-03	-5.786294e+00
1.030000e-06	6.938638e-03	-5.693813e+00
1.040000e-06	8.759502e-03	-5.683083e+00
1.050000e-06	9.331763e-03	-5.630529e+00
1.060000e-06	9.478393e-03	-5.599975e+00
1.070000e-06	1.082938e-02	-5.567941e+00
1.080000e-06	1.211100e-02	-5.506306e+00
1.090000e-06	1.131046e-02	-5.449521e+00
1.100000e-06	9.985539e-03	-5.313811e+00
1.110000e-06	1.051794e-02	-5.251133e+00
1.120000e-06	8.620873e-03	-5.200602e+00
1.130000e-06	6.729865e-03	-5.145790e+00
1.140000e-06	5.286187e-03	-5.094209e+00
1.150000e-06	5.849389e-03	-5.031028e+00
1.160000e-06	3.692480e-03	-4.976867e+00
1.170000e-06	2.345281e-03	-4.879553e+00
1.180000e-06	2.737387e-03	-4.705790e+00
1.190000e-06	2.254799e-03	-4.672633e+00
1.200000e-06	5.076527e-04	-4.610499e+00
1.210000e-06	1.150195e-03	-4.557870e+00
1.220000e-06	1.087884e-03	-4.515139e+00
1.230000e-06	-4.464906e-04	-4.410526e+00
1.240000e-06	-8.138196e-04	-4.368845e+00
1.250000e-06	9.807518e-04	-4.303632e+00
1.260000e-06	1.870544e-04	-4.189529e+00
1.270000e-06	-1.995801e-03	-4.176815e+00
1.280000e-06	-1.658753e-03	-4.049601e+00
1.290000e-06	-5.682701e-05	-3.988471e+00
1.300000e-06	-1.840933e-03	-3.885660e+00
1.310000e-06	-2.941330e-03	-3.785868e+00
1.320000e-06	-1.130242e-03	-3.622102e+00
1.330000e-06	-6.557505e-04	-3.599373e+00
1.340000e-06	-2.778425e-03	-3.505207e+00
1.350000e-06	-3.163615e-03	-3.430474e+00
1.360000e-06	-1.464512e-03	-3.314634e+00
1.370000e-06	-2.211641e-03	-3.200526e+00
1.380000e-06	-3.797719e-03	-3.178842e+00
1.390000e-06	-1.570072e-03	-3.041921e+00
1.400000e-06	-2.957639e-03	-2.883634e+00
1.410000e-06	-2.786968e-03	-2.790444e+00
1.420000e-06	-3.744736e-03	-2.735237e+00
1.430000e-06	-1.785714e-03	-2.598447e+00
1.440000e-06	-3.249169e-03	-2.505254e+00
1.450000e-06	-2.580420e-03	-2.420499e+00
1.460000e-06	-2.947840e-03	-2.326865e+00
1.470000e-06	-2.854756e-03	-2.187965e+00
1.480000e-06	-4.229226e-03	-2.071177e+00
1.490000e-06	-3.789209e-03	-2.007367e+00
1.500000e-06	-3.583719e-03	-1.883683e+00
1.510000e-06	-2.759365e-03	-1.767917e+00
1.520000e-06	-3.166595e-03	-1.671180e+00
1.530000e-06	-1.923820e-03	-1.618421e+00
1.540000e-06	-3.061970e-03	-1.462551e+00
1.550000e-06	-3.654480e-03	-1.294082e+00
1.560000e-06	-3.457633e-03	-1.187391e+00
1.570000e-06	-3.004596e-03	-1.072603e+00
1.580000e-06	-4.233519e-03	-9.538895e-01
1.590000e-06	-3.836513e-03	-8.605739e-01
1.600000e-06	-3.215735e-03	-7.462647e-01
1.610000e-06	-3.895041e-03	-6.393986e-01
1.620000e-06	-3.652240e-03	-4.516530e-01
1.630000e-06	-3.750591e-03	-3.773909e-01
1.640000e-06	-3.910127e-03	-2.735791e-01
1.650000e-06	-4.098406e-03	-1.683873e-01
1.660000e-06	-2.391861e-03	-6.100038e-02
1.670000e-06	-1.782145e-03	2.265520e-02
1.680000e-06	-3.230190e-04	1.179761e-01
1.690000e-06	-2.300417e-03	3.254157e-01
1.700000e-06	-7.602385e-04	4.010550e-01
1.710000e-06	-2.462147e-03	4.542642e-01
1.720000e-06	-2.831554e-03	5.905762e-01
1.730000e-06	-1.863555e-03	6.743407e-01
1.740000e-06	4.485928e-03	7.900001e-01
1.750000e-06	2.531812e-02	8.727357e-01
1.760000e-06	4.056067e-02	1.085843e+00
1.770000e-06	-2.395804e-02	1.233259e+00
1.780000e-06	-6.839664e-02	1.369471e+00
1.790000e-06	-7.508068e-02	1.440684e+00
1.800000e-06	1.076770e-01	1.571026e+00
1.810000e-06	2.788291e-02	1.716366e+00
1.820000e-06	-9.740046e-02	1.789952e+00
1.830000e-06	1.387172e-02	1.811639e+00
1.840000e-06	8.085682e-02	1.970549e+00
1.850000e-06	-1.288937e-01	2.073789e+00
1.860000e-06	1.588711e-02	2.127424e+00
1.870000e-06	1.161087e-01	2.224164e+00
1.880000e-06	-1.097406e-01	2.369476e+00
1.890000e-06	-1.837174e-02	2.432109e+00
1.900000e-06	1.048377e-01	2.548448e+00
1.910000e-06	-6.784810e-02	2.718375e+00
1.920000e-06	-3.758524e-02	2.821704e+00
1.930000e-06	7.339898e-02	2.886371e+00
1.940000e-06	-5.172831e-02	3.001004e+00
1.950000e-06	-5.780011e-03	3.065368e+00
1.960000e-06	2.908913e-02	3.201475e+00
1.970000e-06	-2.143718e-02	3.254311e+00
1.980000e-06	1.963075e-02	3.341051e+00
1.990000e-06	-1.667532e-03	3.529345e+00
2.000000e-06	-5.553690e-02	3.611052e+00
2.010000e-06	3.403421e-02	3.673293e+00
2.020000e-06	3.143384e-02	3.750500e+00
2.030000e-06	-5.109849e-02	3.874186e+00
2.040000e-06	8.228967e-03	3.969504e+00
2.050000e-06	7.021041e-03	4.030075e+00
2.060000e-06	-5.028030e-03	4.033814e+00
2.070000e-06	-1.665993e-02	4.181024e+00
2.080000e-06	1.497639e-03	4.348817e+00
2.090000e-06	1.456844e-02	4.410005e+00
2.100000e-06	-2.756668e-03	4.452287e+00
2.110000e-06	-2.650194e-02	4.506896e+00
2.120000e-06	-6.675473e-03	4.600625e+00
2.130000e-06	2.850134e-02	4.687764e+00
2.140000e-06	-1.494021e-02	4.757396e+00
2.150000e-06	-2.205703e-02	4.812053e+00
2.160000e-06	1.026056e-02	4.855285e+00
2.170000e-06	1.709843e-02	5.022080e+00
2.180000e-06	-2.625644e-02	5.107370e+00
2.190000e-06	-1.095871e-02	5.181004e+00
2.200000e-06	1.460262e-02	5.252659e+00
2.210000e-06	-2.018905e-03	5.307417e+00
2.220000e-06	-1.364284e-02	5.368476e+00
2.230000e-06	-4.371208e-03	5.411154e+00
2.240000e-06	1.066978e-02	5.485268e+00
2.250000e-06	-1.198826e-02	5.568950e+00
2.260000e-06	-8.100629e-03	5.579995e+00
2.270000e-06	1.798576e-03	5.621030e+00
2.280000e-06	-1.293425e-04	5.662660e+00
2.290000e-06	-1.104588e-02	5.715842e+00
2.300000e-06	-2.650527e-03	5.771449e+00
2.310000e-06	2.774510e-03	5.762058e+00
2.320000e-06	-9.654658e-03	5.895789e+00
2.330000e-06	-6.872411e-03	5.937795e+00
2.340000e-06	-3.152264e-04	5.959948e+00
2.350000e-06	2.379980e-04	5.991024e+00
2.360000e-06	-7.955279e-03	6.010501e+00
2.370000e-06	-2.058251e-03	6.011004e+00
2.380000e-06	-3.843169e-03	6.043130e+00
2.390000e-06	-8.715056e-03	6.073684e+00
2.400000e-06	-3.908320e-03	6.075212e+00
2.410000e-06	-8.278147e-04	6.085212e+00
2.420000e-06	-4.157226e-03	6.106787e+00
2.430000e-06	-9.945086e-03	6.127396e+00
2.440000e-06	-3.293948e-03	6.148949e+00
2.450000e-06	-2.905052e-03	6.149946e+00
2.460000e-06	-6.582274e-03	6.158971e+00
2.470000e-06	-6.611876e-03	6.168924e+00
2.480000e-06	-3.529015e-03	6.199975e+00
2.490000e-06	-5.108699e-03	6.168904e+00
2.500000e-06	-6.822463e-03	6.188449e+00
2.510000e-06	-5.571185e-03	6.189423e+00
2.520000e-06	-6.289939e-03	6.177945e+00
2.530000e-06	-6.635679e-03	6.168895e+00
2.540000e-06	-7.607057e-03	6.136400e+00
2.550000e-06	-5.219328e-03	6.188893e+00
2.560000e-06	-6.766429e-03	6.146395e+00
2.570000e-06	-7.488963e-03	6.125767e+00
2.580000e-06	-7.184186e-03	6.086687e+00
2.590000e-06	-7.956248e-03	6.085137e+00
2.600000e-06	-7.591942e-03	6.053630e+00
2.610000e-06	-8.842193e-03	6.021053e+00
2.620000e-06	-9.043203e-03	6.011050e+00
2.630000e-06	-1.088879e-02	5.990025e+00
2.640000e-06	-8.998244e-03	5.979001e+00
2.650000e-06	-1.039668e-02	5.949424e+00
2.660000e-06	-1.295159e-02	5.947793e+00
2.670000e-06	-1.279390e-02	5.896057e+00
2.680000e-06	-1.211730e-02	5.823000e+00
2.690000e-06	-1.284812e-02	5.715342e+00
2.700000e-06	-1.599073e-02	5.641758e+00
2.710000e-06	-1.564731e-02	5.600055e+00
2.720000e-06	-1.695382e-02	5.599976e+00
2.730000e-06	-1.805170e-02	5.567921e+00
2.740000e-06	-1.764752e-02	5.556238e+00
2.750000e-06	-1.695021e-02	5.413580e+00
2.760000e-06	-1.707358e-02	5.431979e+00
2.770000e-06	-1.687342e-02	5.388896e+00
2.780000e-06	-1.386803e-02	5.244712e+00
2.790000e-06	-1.425667e-02	5.211502e+00
2.800000e-06	-1.128323e-02	5.188922e+00
2.810000e-06	-1.022839e-02	5.117786e+00
2.820000e-06	-8.343165e-03	5.009448e+00
2.830000e-06	-9.926640e-03	4.843657e+00
2.840000e-06	-8.353045e-03	4.800504e+00
2.850000e-06	-7.344172e-03	4.749494e+00
2.860000e-06	-6.888807e-03	4.663657e+00
2.870000e-06	-7.854102e-03	4.640001e+00
2.880000e-06	-6.487523e-03	4.536841e+00
2.890000e-06	-6.101491e-03	4.443132e+00
2.900000e-06	-5.912385e-03	4.410526e+00
2.910000e-06	-5.474449e-03	4.359392e+00
2.920000e-06	-5.300691e-03	4.292208e+00
2.930000e-06	-4.885464e-03	4.205272e+00
2.940000e-06	-6.919163e-03	4.050528e+00
2.950000e-06	-4.682370e-03	3.946796e+00
2.960000e-06	-4.060052e-03	3.893134e+00
2.970000e-06	-5.579097e-03	3.807921e+00
2.980000e-06	-5.330616e-03	3.644285e+00
2.990000e-06	-4.770889e-03	3.629553e+00
3.000000e-06	-3.705555e-03	3.585840e+00
3.010000e-06	-4.997633e-03	3.481054e+00
3.020000e-06	-4.931241e-03	3.294342e+00
3.030000e-06	-4.186494e-03	3.190452e+00
3.040000e-06	-4.341092e-03	3.167290e+00
3.050000e-06	-4.362042e-03	3.010553e+00
3.060000e-06	-4.810711e-03	2.976916e+00
3.070000e-06	-3.791016e-03	2.843104e+00
3.080000e-06	-4.840567e-03	2.789916e+00
3.090000e-06	-3.495542e-03	2.703214e+00
3.100000e-06	-3.620961e-03	2.526291e+00
3.110000e-06	-4.040502e-03	2.410924e+00
3.120000e-06	-3.715588e-03	2.325764e+00
3.130000e-06	-3.470776e-03	2.199974e+00
3.140000e-06	-4.376962e-03	2.125765e+00
3.150000e-06	-4.304001e-03	2.010027e+00
3.160000e-06	-3.494492e-03	1.947766e+00
3.170000e-06	-4.013510e-03	1.819079e+00
3.180000e-06	-4.399444e-03	1.684111e+00
3.190000e-06	-3.767959e-03	1.608423e+00
3.200000e-06	-2.756251e-03	1.442655e+00
3.210000e-06	-4.010240e-03	1.334341e+00
3.220000e-06	-3.860449e-03	1.210525e+00
3.230000e-06	-3.702574e-03	1.142758e+00
3.240000e-06	-2.883749e-03	9.457937e-01
3.250000e-06	-4.194272e-03	8.109488e-01
3.260000e-06	-3.665561e-03	7.352619e-01
3.270000e-06	-3.968662e-03	5.900024e-01
3.280000e-06	-3.588484e-03	4.937080e-01
3.290000e-06	-3.715045e-03	3.914699e-01
3.300000e-06	-4.374288e-03	3.331870e-01
3.310000e-06	-3.322436e-03	1.788421e-01
3.320000e-06	-2.249777e-03	3.200381e-02
3.330000e-06	-1.134879e-03	-5.368290e-02
3.340000e-06	6.148417e-04	-1.695261e-01
3.350000e-06	-1.158580e-03	-2.537093e-01
3.360000e-06	-1.193847e-03	-3.689261e-01
3.370000e-06	-1.430293e-03	-4.307065e-01
3.380000e-06	-1.649836e-03	-5.269461e-01
3.390000e-06	-2.349495e-03	-6.963869e-01
3.400000e-06	1.090327e-02	-7.995276e-01
3.410000e-06	5.008926e-02	-8.557132e-01
3.420000e-06	5.065849e-03	-1.053629e+00
3.430000e-06	-6.658919e-02	-1.233757e+00
3.440000e-06	-8.421834e-02	-1.381075e+00
3.450000e-06	7.610890e-02	-1.379545e+00
3.460000e-06	6.334901e-02	-1.388186e+00
3.470000e-06	-8.964810e-02	-1.623162e+00
3.480000e-06	-6.257262e-02	-1.787447e+00
3.490000e-06	1.256088e-01	-1.800051e+00
3.500000e-06	-1.470346e-01	-1.897767e+00
3.510000e-06	-7.766292e-02	-2.040004e+00
3.520000e-06	1.497088e-01	-2.063739e+00
3.530000e-06	-2.106605e-02	-2.191112e+00
3.540000e-06	-1.181521e-01	-2.401000e+00
3.550000e-06	1.349609e-01	-2.461613e+00
3.560000e-06	-3.717750e-02	-2.568553e+00
3.570000e-06	-9.167636e-02	-2.716342e+00
3.580000e-06	8.539047e-02	-2.779024e+00
3.590000e-06	-1.385666e-02	-2.864741e+00
3.600000e-06	-4.224221e-02	-2.952999e+00
3.610000e-06	6.492007e-02	-3.086266e+00
3.620000e-06	-5.690042e-02	-3.232182e+00
3.630000e-06	1.677853e-02	-3.337343e+00
3.640000e-06	6.238399e-02	-3.399551e+00
3.650000e-06	-1.199592e-01	-3.486292e+00
3.660000e-06	4.774449e-02	-3.599454e+00
3.670000e-06	6.179434e-02	-3.610684e+00
3.680000e-06	-8.622175e-02	-3.738444e+00
3.690000e-06	2.581161e-02	-3.914291e+00
3.700000e-06	2.997968e-02	-3.999975e+00
3.710000e-06	-3.092531e-02	-4.044210e+00
3.720000e-06	-2.576798e-03	-4.144793e+00
3.730000e-06	-2.061490e-02	-4.198000e+00
3.740000e-06	4.213133e-02	-4.294734e+00
3.750000e-06	1.661714e-02	-4.338946e+00
3.760000e-06	-6.897287e-02	-4.419453e+00
3.770000e-06	1.587772e-02	-4.483159e+00
3.780000e-06	3.284873e-02	-4.548420e+00
3.790000e-06	-1.621045e-02	-4.652026e+00
3.800000e-06	-2.017602e-02	-4.714341e+00
3.810000e-06	2.056898e-03	-4.780476e+00
3.820000e-06	4.232546e-02	-4.862161e+00
3.830000e-06	-3.806490e-02	-4.978375e+00
3.840000e-06	-2.136980e-02	-4.990033e+00
3.850000e-06	3.607618e-02	-5.063712e+00
3.860000e-06	-3.568759e-03	-5.157344e+00
3.870000e-06	-2.087994e-02	-5.199003e+00
3.880000e-06	-3.845963e-03	-5.233752e+00
3.890000e-06	1.810904e-02	-5.376921e+00
3.900000e-06	2.543307e-03	-5.462675e+00
3.910000e-06	-2.639440e-02	-5.506367e+00
3.920000e-06	9.388621e-03	-5.568445e+00
3.930000e-06	1.206433e-02	-5.600026e+00
3.940000e-06	-1.613454e-02	-5.622576e+00
3.950000e-06	2.853176e-04	-5.673633e+00
3.960000e-06	3.547464e-03	-5.716847e+00
3.970000e-06	1.515392e-03	-5.767895e+00
3.980000e-06	-9.804347e-03	-5.789101e+00
3.990000e-06	-1.005411e-03	-5.841582e+00
4.000000e-06	9.728930e-03	-5.843106e+00
4.010000e-06	-7.219763e-03	-5.925811e+00
4.020000e-06	-4.890216e-04	-5.947819e+00
4.030000e-06	1.745204e-03	-5.957942e+00
4.040000e-06	-3.667284e-03	-5.978947e+00
4.050000e-06	-1.689926e-03	-5.969472e+00
4.060000e-06	1.592599e-04	-6.000473e+00
4.070000e-06	1.338775e-03	-6.000001e+00
4.080000e-06	-5.736799e-03	-6.010000e+00
4.090000e-06	-3.712360e-04	-6.022078e+00
4.100000e-06	3.674530e-03	-6.031625e+00
4.110000e-06	-2.375782e-03	-6.032054e+00
4.120000e-06	-3.350014e-03	-6.082111e+00
4.130000e-06	3.402741e-03	-6.051159e+00
4.140000e-06	5.619169e-04	-6.063107e+00
4.150000e-06	-1.835555e-03	-6.082707e+00
4.160000e-06	-8.981828e-04	-6.101634e+00
4.170000e-06	2.017865e-03	-6.064557e+00
4.180000e-06	-3.272608e-04	-6.022606e+00
4.190000e-06	-5.137602e-04	-6.044631e+00
4.200000e-06	3.120494e-03	-6.043654e+00
4.210000e-06	9.686175e-04	-6.052055e+00
4.220000e-06	6.201427e-04	-6.010527e+00
4.230000e-06	4.093270e-04	-6.012526e+00
4.240000e-06	2.520794e-03	-6.000599e+00
4.250000e-06	2.368318e-03	-5.999950e+00
4.260000e-06	2.200642e-03	-5.989498e+00
4.270000e-06	2.906540e-03	-5.979423e+00
4.280000e-06	2.659182e-03	-5.956388e+00
4.290000e-06	4.029944e-03	-5.947842e+00
4.300000e-06	4.488599e-03	-5.863187e+00
4.310000e-06	3.735823e-03	-5.881128e+00
4.320000e-06	4.956995e-03	-5.830553e+00
4.330000e-06	7.180361e-03	-5.790015e+00
4.340000e-06	6.747642e-03	-5.796768e+00
4.350000e-06	6.598234e-03	-5.724684e+00
4.360000e-06	8.743579e-03	-5.662130e+00
4.370000e-06	1.034244e-02	-5.621001e+00
4.380000e-06	1.031279e-02	-5.607447e+00
4.390000e-06	1.053390e-02	-5.558845e+00
4.400000e-06	1.186303e-02	-5.504557e+00
4.410000e-06	1.143190e-02	-5.457922e+00
4.420000e-06	9.706840e-03	-5.294260e+00
4.430000e-06	8.989450e-03	-5.242077e+00
4.440000e-06	8.792616e-03	-5.178944e+00
4.450000e-06	6.255037e-03	-5.115691e+00
4.460000e-06	5.485638e-03	-5.071608e+00
4.470000e-06	5.032346e-03	-5.011000e+00
4.480000e-06	3.331739e-03	-4.935311e+00
4.490000e-06	2.847584e-03	-4.768878e+00
4.500000e-06	2.872272e-03	-4.713858e+00
4.510000e-06	2.717895e-03	-4.690162e+00
4.520000e-06	-8.535624e-04	-4.640521e+00
4.530000e-06	1.865620e-03	-4.546262e+00
4.540000e-06	1.056168e-03	-4.433633e+00
4.550000e-06	-8.005194e-04	-4.409975e+00
4.560000e-06	-2.402004e-03	-4.374365e+00
4.570000e-06	6.080433e-04	-4.292679e+00
4.580000e-06	-1.335793e-04	-4.228970e+00
4.590000e-06	-2.067576e-03	-4.143637e+00
4.600000e-06	-3.786439e-04	-4.041051e+00
4.610000e-06	-5.978659e-04	-3.977366e+00
4.620000e-06	-2.511613e-03	-3.870497e+00
4.630000e-06	-2.830299e-03	-3.716235e+00
4.640000e-06	-7.122939e-04	-3.620027e+00
4.650000e-06	-1.694227e-03	-3.578367e+00
4.660000e-06	-3.680768e-03	-3.501604e+00
4.670000e-06	-2.114099e-03	-3.397394e+00
4.680000e-06	-1.192288e-03	-3.261686e+00
4.690000e-06	-3.024730e-03	-3.219999e+00
4.700000e-06	-3.664459e-03	-3.136240e+00
4.710000e-06	-1.173324e-03	-3.039369e+00
4.720000e-06	-2.351745e-03	-2.892082e+00
4.730000e-06	-2.857338e-03	-2.787895e+00
4.740000e-06	-4.153683e-03	-2.713684e+00
4.750000e-06	-2.059741e-03	-2.535417e+00
4.760000e-06	-3.760868e-03	-2.472630e+00
4.770000e-06	-3.361304e-03	-2.409945e+00
4.780000e-06	-2.552654e-03	-2.344191e+00
4.790000e-06	-3.924473e-03	-2.216817e+00
4.800000e-06	-2.503537e-03	-2.051105e+00
4.810000e-06	-3.835630e-03	-1.987766e+00
4.820000e-06	-3.026873e-03	-1.882601e+00
4.830000e-06	-3.494407e-03	-1.746316e+00
4.840000e-06	-3.471393e-03	-1.661101e+00
4.850000e-06	-2.279607e-03	-1.587791e+00
4.860000e-06	-2.896676e-03	-1.478520e+00
4.870000e-06	-3.274909e-03	-1.312554e+00
4.880000e-06	-3.627794e-03	-1.155338e+00
4.890000e-06	-4.556887e-03	-1.041553e+00
4.900000e-06	-4.099039e-03	-9.461865e-01
4.910000e-06	-4.245790e-03	-7.984988e-01
4.920000e-06	-3.145202e-03	-7.146843e-01
4.930000e-06	-3.714662e-03	-5.362684e-01
4.940000e-06	-3.272835e-03	-4.410763e-01
4.950000e-06	-3.282573e-03	-3.452682e-01
4.960000e-06	-4.268597e-03	-2.100264e-01
4.970000e-06	-4.262368e-03	-1.247357e-01
4.980000e-06	-2.124772e-03	-4.102518e-02
4.990000e-06	-8.236184e-04	4.425916e-02
5.000000e-06	-3.843338e-04	1.794550e-01
5.010000e-06	-2.549534e-03	3.475183e-01
5.020000e-06	-1.199427e-03	4.105827e-01
5.030000e-06	-2.739284e-03	4.863697e-01
5.040000e-06	-2.328753e-03	6.210803e-01
5.050000e-06	-2.067255e-03	6.872671e-01
5.060000e-06	7.795897e-03	8.210562e-01
5.070000e-06	3.318164e-02	9.369237e-01
5.080000e-06	2.913735e-02	1.137420e+00
5.090000e-06	-4.175760e-02	1.295189e+00
5.100000e-06	-8.100415e-02	1.329552e+00
5.110000e-06	-3.695961e-02	1.442112e+00
5.120000e-06	1.267714e-01	1.602129e+00
5.130000e-06	-1.844162e-02	1.758369e+00
5.140000e-06	-1.054563e-01	1.759450e+00
5.150000e-06	8.872340e-02	1.884713e+00
5.160000e-06	2.326328e-03	2.001504e+00
5.170000e-06	-1.119530e-01	2.075238e+00
5.180000e-06	6.423832e-02	2.137975e+00
5.190000e-06	7.825952e-02	2.277217e+00
5.200000e-06	-1.363669e-01	2.380003e+00
5.210000e-06	4.759292e-02	2.434712e+00
5.220000e-06	6.825906e-02	2.584629e+00
5.230000e-06	-9.373651e-02	2.790022e+00
5.240000e-06	7.563608e-03	2.840582e+00
5.250000e-06	5.275063e-02	2.927447e+00
5.260000e-06	-6.106265e-02	3.002630e+00
5.270000e-06	1.625977e-02	3.128900e+00
5.280000e-06	1.754216e-02	3.211605e+00
5.290000e-06	-2.505673e-02	3.273318e+00
5.300000e-06	3.730724e-02	3.382108e+00
5.310000e-06	-3.586606e-02	3.548901e+00
5.320000e-06	-2.978437e-02	3.610583e+00
5.330000e-06	4.524436e-02	3.715816e+00
5.340000e-06	7.789698e-03	3.812028e+00
5.350000e-06	-4.667785e-02	3.886292e+00
5.360000e-06	1.906582e-02	3.969471e+00
5.370000e-06	4.189530e-03	4.011055e+00
5.380000e-06	-1.416147e-02	4.116870e+00
5.390000e-06	-8.536144e-03	4.243203e+00
5.400000e-06	1.665703e-03	4.338396e+00
5.410000e-06	2.208427e-02	4.421103e+00
5.420000e-06	-1.564817e-02	4.463317e+00
5.430000e-06	-2.201930e-02	4.558925e+00
5.440000e-06	1.746951e-03	4.641158e+00
5.450000e-06	2.562692e-02	4.728870e+00
5.460000e-06	-2.296945e-02	4.759550e+00
5.470000e-06	-1.522354e-02	4.819556e+00
5.480000e-06	2.006220e-02	4.887317e+00
5.490000e-06	3.499376e-03	5.034780e+00
5.500000e-06	-2.537640e-02	5.148320e+00
5.510000e-06	-5.667869e-03	5.201582e+00
5.520000e-06	1.733487e-02	5.254113e+00
5.530000e-06	-9.750416e-03	5.329872e+00
5.540000e-06	-1.211554e-02	5.379554e+00
5.550000e-06	-8.049554e-04	5.474177e+00
5.560000e-06	7.822344e-03	5.487371e+00
5.570000e-06	-1.269575e-02	5.567947e+00
5.580000e-06	-6.397765e-03	5.599525e+00
5.590000e-06	4.227801e-03	5.602601e+00
5.600000e-06	-5.128866e-03	5.625758e+00
5.610000e-06	-7.553980e-03	5.724791e+00
5.620000e-06	-2.157571e-03	5.792527e+00
5.630000e-06	2.297397e-03	5.794286e+00
5.640000e-06	-1.068940e-02	5.898290e+00
5.650000e-06	-4.647291e-03	5.927947e+00
5.660000e-06	5.953224e-04	5.999425e+00
5.670000e-06	-2.621705e-03	6.000549e+00
5.680000e-06	-5.489809e-03	5.999953e+00
5.690000e-06	-3.316590e-03	6.012129e+00
5.700000e-06	-3.866524e-03	6.084681e+00
5.710000e-06	-8.776283e-03	6.033688e+00
5.720000e-06	-1.304559e-03	6.074188e+00
5.730000e-06	-2.347737e-03	6.106263e+00
5.740000e-06	-6.355462e-03	6.105319e+00
5.750000e-06	-8.290297e-03	6.177396e+00
5.760000e-06	-1.849404e-03	6.127394e+00
5.770000e-06	-3.091594e-03	6.158494e+00
5.780000e-06	-8.082760e-03	6.178899e+00
5.790000e-06	-3.889127e-03	6.149521e+00
5.800000e-06	-5.142919e-03	6.188973e+00
5.810000e-06	-6.036230e-03	6.199524e+00
5.820000e-06	-7.590628e-03	6.180000e+00
5.830000e-06	-3.527452e-03	6.179448e+00
5.840000e-06	-5.787324e-03	6.161046e+00
5.850000e-06	-7.672606e-03	6.158423e+00
5.860000e-06	-7.183951e-03	6.137394e+00
5.870000e-06	-5.820589e-03	6.146370e+00
5.880000e-06	-7.226235e-03	6.138241e+00
5.890000e-06	-8.713727e-03	6.136191e+00
5.900000e-06	-6.670397e-03	6.064187e+00
5.910000e-06	-8.674808e-03	6.063234e+00
5.920000e-06	-7.765829e-03	6.022583e+00
5.930000e-06	-9.618065e-03	6.021079e+00
5.940000e-06	-8.273320e-03	6.000576e+00
5.950000e-06	-9.753522e-03	5.999476e+00
5.960000e-06	-8.699270e-03	5.980447e+00
5.970000e-06	-1.154995e-02	5.927370e+00
5.980000e-06	-1.163396e-02	5.897366e+00
5.990000e-06	-1.226873e-02	5.872106e+00
6.000000e-06	-1.205498e-02	5.797966e+00
6.010000e-06	-1.532782e-02	5.714763e+00
6.020000e-06	-1.652583e-02	5.612031e+00
6.030000e-06	-1.494903e-02	5.600551e+00
6.040000e-06	-1.602826e-02	5.598949e+00
6.050000e-06	-1.766929e-02	5.567895e+00
6.060000e-06	-1.779152e-02	5.505236e+00
6.070000e-06	-1.746692e-02	5.433632e+00
6.080000e-06	-1.644069e-02	5.390972e+00
6.090000e-06	-1.619983e-02	5.316369e+00
6.100000e-06	-1.371375e-02	5.285734e+00
6.110000e-06	-1.412344e-02	5.210981e+00
6.120000e-06	-1.052869e-02	5.188974e+00
6.130000e-06	-9.971509e-03	5.102179e+00
6.140000e-06	-9.715603e-03	4.957793e+00
6.150000e-06	-1.044863e-02	4.831129e+00
6.160000e-06	-6.954756e-03	4.800423e+00
6.170000e-06	-6.549622e-03	4.767341e+00
6.180000e-06	-7.920611e-03	4.622757e+00
6.190000e-06	-7.116886e-03	4.599948e+00
6.200000e-06	-5.880551e-03	4.506840e+00
6.210000e-06	-6.275502e-03	4.421080e+00
6.220000e-06	-6.695476e-03	4.399921e+00
6.230000e-06	-5.371866e-03	4.336366e+00
6.240000e-06	-4.383537e-03	4.212523e+00
6.250000e-06	-5.540737e-03	4.116788e+00
6.260000e-06	-6.204486e-03	4.000971e+00
6.270000e-06	-4.581577e-03	3.966364e+00
6.280000e-06	-4.637262e-03	3.842532e+00
6.290000e-06	-5.927787e-03	3.827843e+00
6.300000e-06	-5.436040e-03	3.682835e+00
6.310000e-06	-3.767311e-03	3.610975e+00
6.320000e-06	-4.151996e-03	3.568837e+00
6.330000e-06	-4.310799e-03	3.461145e+00
6.340000e-06	-4.090920e-03	3.243661e+00
6.350000e-06	-4.135905e-03	3.178996e+00
6.360000e-06	-4.594473e-03	3.095689e+00
6.370000e-06	-4.414325e-03	3.019949e+00
6.380000e-06	-3.780029e-03	2.926262e+00
6.390000e-06	-4.991703e-03	2.822578e+00
6.400000e-06	-4.804810e-03	2.747343e+00
6.410000e-06	-3.170358e-03	2.652049e+00
6.420000e-06	-4.799294e-03	2.463607e+00
6.430000e-06	-4.934690e-03	2.398371e+00
6.440000e-06	-4.434963e-03	2.263679e+00
6.450000e-06	-2.895930e-03	2.188847e+00
6.460000e-06	-3.889981e-03	2.103655e+00
6.470000e-06	-4.123222e-03	2.009972e+00
6.480000e-06	-3.365202e-03	1.915210e+00
6.490000e-06	-4.196098e-03	1.728916e+00
6.500000e-06	-4.490256e-03	1.685104e+00
6.510000e-06	-4.409950e-03	1.595843e+00
6.520000e-06	-3.883619e-03	1.399975e+00
6.530000e-06	-3.475929e-03	1.336264e+00
6.540000e-06	-4.004261e-03	1.198893e+00
6.550000e-06	-3.284487e-03	1.086652e+00
6.560000e-06	-3.578897e-03	9.257092e-01
6.570000e-06	-3.888621e-03	7.979198e-01
6.580000e-06	-4.178452e-03	7.147080e-01
6.590000e-06	-3.886438e-03	5.984711e-01
6.600000e-06	-2.739981e-03	5.036329e-01
6.610000e-06	-3.658232e-03	3.779697e-01
6.620000e-06	-3.333882e-03	2.736065e-01
6.630000e-06	-2.866782e-03	1.463130e-01
6.640000e-06	-1.825559e-03	4.486217e-04
6.650000e-06	-3.601638e-04	-7.423934e-02
6.660000e-06	4.711013e-04	-2.200289e-01
6.670000e-06	-1.471936e-03	-2.653407e-01
6.680000e-06	-2.254561e-03	-3.679724e-01
6.690000e-06	-2.380006e-03	-4.331117e-01
6.700000e-06	-1.420743e-03	-6.195750e-01
6.710000e-06	-4.020665e-04	-7.487933e-01
6.720000e-06	2.071364e-02	-8.100801e-01
6.730000e-06	5.325104e-02	-8.958709e-01
6.740000e-06	-2.404046e-02	-1.094767e+00
6.750000e-06	-7.039036e-02	-1.274842e+00
6.760000e-06	-7.708411e-02	-1.411973e+00
6.770000e-06	1.160297e-01	-1.378472e+00
6.780000e-06	8.234665e-03	-1.436794e+00
6.790000e-06	-1.095389e-01	-1.686788e+00
6.800000e-06	2.609877e-02	-1.779472e+00
6.810000e-06	8.256848e-02	-1.820529e+00
6.820000e-06	-1.713638e-01	-1.900442e+00
6.830000e-06	-1.138595e-02	-2.081628e+00
6.840000e-06	1.504764e-01	-2.075420e+00
6.850000e-06	-9.646926e-02	-2.295263e+00
6.860000e-06	-5.526142e-02	-2.421028e+00
6.870000e-06	1.309469e-01	-2.492270e+00
6.880000e-06	-9.104284e-02	-2.580550e+00
6.890000e-06	-4.411662e-02	-2.737846e+00
6.900000e-06	9.579492e-02	-2.810028e+00
6.910000e-06	-6.381882e-02	-2.895846e+00
6.920000e-06	1.226592e-02	-3.042604e+00
6.930000e-06	3.482478e-02	-3.136870e+00
6.940000e-06	-6.264588e-02	-3.225733e+00
6.950000e-06	5.501101e-02	-3.356875e+00
6.960000e-06	1.775068e-02	-3.421655e+00
6.970000e-06	-1.122484e-01	-3.547241e+00
6.980000e-06	9.047898e-02	-3.589028e+00
6.990000e-06	1.716923e-02	-3.672708e+00
7.000000e-06	-7.826204e-02	-3.803048e+00
7.010000e-06	5.343085e-02	-3.926339e+00
7.020000e-06	2.897230e-04	-4.019578e+00
7.030000e-06	-2.066094e-02	-4.064784e+00
7.040000e-06	-7.277299e-03	-4.138867e+00
7.050000e-06	-1.606981e-02	-4.232504e+00
7.060000e-06	5.817438e-02	-4.295815e+00
7.070000e-06	-1.773147e-02	-4.390396e+00
7.080000e-06	-5.701639e-02	-4.410979e+00
7.090000e-06	3.337959e-02	-4.476737e+00
7.100000e-06	2.194056e-02	-4.589575e+00
7.110000e-06	-2.204736e-02	-4.643731e+00
7.120000e-06	-2.010531e-02	-4.706343e+00
7.130000e-06	1.894062e-02	-4.809503e+00
7.140000e-06	2.932281e-02	-4.914705e+00
7.150000e-06	-5.150227e-02	-4.959397e+00
7.160000e-06	-8.445045e-04	-5.041628e+00
7.170000e-06	3.479539e-02	-5.094181e+00
7.180000e-06	-1.605062e-02	-5.157321e+00
7.190000e-06	-1.635387e-02	-5.200075e+00
7.200000e-06	-7.378770e-05	-5.264767e+00
7.210000e-06	2.313627e-02	-5.376970e+00
7.220000e-06	-1.078454e-02	-5.484663e+00
7.230000e-06	-2.264915e-02	-5.567872e+00
7.240000e-06	1.911377e-02	-5.599949e+00
7.250000e-06	2.297863e-03	-5.609552e+00
7.260000e-06	-1.330469e-02	-5.631683e+00
7.270000e-06	1.840817e-03	-5.672765e+00
7.280000e-06	4.643211e-03	-5.746895e+00
7.290000e-06	-1.881916e-03	-5.778947e+00
7.300000e-06	-9.858590e-03	-5.830028e+00
7.310000e-06	3.061275e-03	-5.821633e+00
7.320000e-06	6.582172e-03	-5.873258e+00
7.330000e-06	-8.581172e-03	-5.906292e+00
7.340000e-06	1.219934e-03	-5.916846e+00
7.350000e-06	-1.498736e-03	-5.966870e+00
7.360000e-06	-3.947698e-03	-5.988424e+00
7.370000e-06	-3.857393e-06	-5.988424e+00
7.380000e-06	2.494240e-04	-6.010024e+00
7.390000e-06	-1.226359e-04	-6.000501e+00
7.400000e-06	-4.896437e-03	-6.000028e+00
7.410000e-06	2.875698e-03	-6.022029e+00
7.420000e-06	2.812074e-03	-6.021079e+00
7.430000e-06	-4.040616e-03	-6.032153e+00
7.440000e-06	-1.200862e-03	-6.042702e+00
7.450000e-06	1.881219e-03	-6.073208e+00
7.460000e-06	5.364020e-04	-6.053608e+00
7.470000e-06	-2.720870e-03	-6.072161e+00
7.480000e-06	8.482092e-04	-6.093679e+00
7.490000e-06	1.287848e-03	-6.082132e+00
7.500000e-06	-4.458038e-04	-6.052108e+00
7.510000e-06	-3.780753e-04	-6.063132e+00
7.520000e-06	2.145166e-03	-6.061553e+00
7.530000e-06	6.635621e-04	-6.011080e+00
7.540000e-06	1.904068e-03	-6.010501e+00
7.550000e-06	1.282770e-03	-6.001003e+00
7.560000e-06	2.263874e-03	-6.020024e+00
7.570000e-06	2.362347e-03	-5.979523e+00
7.580000e-06	2.629933e-03	-5.989472e+00
7.590000e-06	3.361753e-03	-5.988443e+00
7.600000e-06	2.405194e-03	-5.936862e+00
7.610000e-06	4.312042e-03	-5.915758e+00
7.620000e-06	4.184320e-03	-5.862262e+00
7.630000e-06	3.969564e-03	-5.822505e+00
7.640000e-06	5.551491e-03	-5.820024e+00
7.650000e-06	7.096414e-03	-5.796473e+00
7.660000e-06	7.390689e-03	-5.746232e+00
7.670000e-06	6.755977e-03	-5.702688e+00
7.680000e-06	9.479347e-03	-5.610980e+00
7.690000e-06	9.627772e-03	-5.609425e+00
7.700000e-06	1.030637e-02	-5.589470e+00
7.710000e-06	1.090048e-02	-5.536839e+00
7.720000e-06	1.227696e-02	-5.512204e+00
7.730000e-06	1.062177e-02	-5.447940e+00
7.740000e-06	9.032531e-03	-5.272158e+00
7.750000e-06	1.036472e-02	-5.241079e+00
7.760000e-06	7.270217e-03	-5.187347e+00
7.770000e-06	8.000438e-03	-5.135208e+00
7.780000e-06	5.901423e-03	-5.091653e+00
7.790000e-06	5.994840e-03	-4.996968e+00
7.800000e-06	2.339866e-03	-4.905309e+00
7.810000e-06	9.619535e-04	-4.835270e+00
7.820000e-06	1.410302e-03	-4.765211e+00
7.830000e-06	5.624432e-04	-4.631679e+00
7.840000e-06	-1.619167e-04	-4.579920e+00
7.850000e-06	1.508831e-03	-4.505786e+00
7.860000e-06	1.530105e-03	-4.431675e+00
7.870000e-06	-6.921330e-04	-4.399420e+00
7.880000e-06	-9.227867e-04	-4.337262e+00
7.890000e-06	1.023190e-03	-4.253152e+00
7.900000e-06	-9.398310e-04	-4.167389e+00
7.910000e-06	-3.104193e-03	-4.104758e+00
7.920000e-06	-1.505679e-03	-4.010001e+00
7.930000e-06	-1.761024e-03	-3.998284e+00
7.940000e-06	-3.547254e-03	-3.850025e+00
7.950000e-06	-2.100181e-03	-3.683732e+00
7.960000e-06	7.448572e-04	-3.629549e+00
7.970000e-06	-2.103215e-03	-3.566867e+00
7.980000e-06	-2.974568e-03	-3.450579e+00
7.990000e-06	-1.830984e-03	-3.378317e+00
8.000000e-06	-6.220492e-04	-3.251208e+00
8.010000e-06	-3.801872e-03	-3.188967e+00
8.020000e-06	-3.506528e-03	-3.143134e+00
8.030000e-06	-2.976477e-03	-2.976766e+00
8.040000e-06	-2.039867e-03	-2.861583e+00
8.050000e-06	-3.161709e-03	-2.768338e+00
8.060000e-06	-2.257704e-03	-2.673104e+00
8.070000e-06	-3.632187e-03	-2.605836e+00
8.080000e-06	-2.795181e-03	-2.482628e+00
8.090000e-06	-3.766534e-03	-2.389471e+00
8.100000e-06	-3.067922e-03	-2.322654e+00
8.110000e-06	-2.900326e-03	-2.174666e+00
8.120000e-06	-2.388564e-03	-2.009974e+00
8.130000e-06	-3.170462e-03	-1.936762e+00
8.140000e-06	-3.291482e-03	-1.820946e+00
8.150000e-06	-3.974961e-03	-1.727362e+00
8.160000e-06	-3.457365e-03	-1.609552e+00
8.170000e-06	-3.747500e-03	-1.524235e+00
8.180000e-06	-4.386698e-03	-1.396340e+00
8.190000e-06	-3.287576e-03	-1.239953e+00
8.200000e-06	-2.757586e-03	-1.124783e+00
8.210000e-06	-2.795587e-03	-9.788709e-01
8.220000e-06	-3.423240e-03	-8.925553e-01
8.230000e-06	-3.900978e-03	-7.899435e-01
8.240000e-06	-4.079708e-03	-6.930566e-01
8.250000e-06	-3.894011e-03	-5.466868e-01
8.260000e-06	-3.878410e-03	-4.390011e-01
8.270000e-06	-3.679800e-03	-3.252332e-01
8.280000e-06	-3.995900e-03	-2.199713e-01
8.290000e-06	-2.556371e-03	-8.373058e-02
8.300000e-06	-1.652775e-03	-4.947487e-02
8.310000e-06	4.083538e-04	7.521453e-02
8.320000e-06	-7.092215e-04	2.342342e-01
8.330000e-06	-2.285506e-03	3.474486e-01
8.340000e-06	-1.915225e-03	4.121580e-01
8.350000e-06	-2.693833e-03	5.488685e-01
8.360000e-06	-2.530262e-03	6.142330e-01
8.370000e-06	-1.415929e-03	7.773713e-01
8.380000e-06	1.322248e-02	8.117079e-01
8.390000e-06	4.117605e-02	9.195264e-01
8.400000e-06	1.341681e-02	1.200575e+00
8.410000e-06	-5.317450e-02	1.286695e+00
8.420000e-06	-9.072682e-02	1.400532e+00
8.430000e-06	1.477034e-02	1.465213e+00
8.440000e-06	1.123791e-01	1.622087e+00
8.450000e-06	-5.493537e-02	1.747947e+00
8.460000e-06	-9.070418e-02	1.780002e+00
8.470000e-06	1.156389e-01	1.866395e+00
8.480000e-06	-7.257849e-02	2.051705e+00
8.490000e-06	-7.382723e-02	2.084316e+00
8.500000e-06	1.012744e-01	2.148979e+00
8.510000e-06	1.217581e-02	2.326369e+00
8.520000e-06	-1.199965e-01	2.440031e+00
8.530000e-06	9.707598e-02	2.504842e+00
8.540000e-06	1.862002e-02	2.653683e+00
8.550000e-06	-9.316959e-02	2.810001e+00
8.560000e-06	4.722916e-02	2.833263e+00
8.570000e-06	1.151097e-02	2.978926e+00
8.580000e-06	-4.947945e-02	3.063760e+00
8.590000e-06	3.261822e-02	3.147946e+00
8.600000e-06	1.507835e-03	3.221607e+00
8.610000e-06	-1.994448e-02	3.286900e+00
8.620000e-06	3.951640e-02	3.435233e+00
8.630000e-06	-6.180053e-02	3.569451e+00
8.640000e-06	-3.866133e-03	3.602130e+00
8.650000e-06	4.884910e-02	3.696396e+00
8.660000e-06	-1.891851e-02	3.801258e+00
8.670000e-06	-3.211411e-02	3.917872e+00
8.680000e-06	1.916359e-02	4.011074e+00
8.690000e-06	4.160997e-03	4.041633e+00
8.700000e-06	-1.925883e-02	4.107000e+00
8.710000e-06	-2.997718e-03	4.243711e+00
8.720000e-06	2.745463e-03	4.389500e+00
8.730000e-06	2.136195e-02	4.422088e+00
8.740000e-06	-2.474271e-02	4.477869e+00
8.750000e-06	-1.739131e-02	4.569472e+00
8.760000e-06	1.612525e-02	4.634687e+00
8.770000e-06	1.276461e-02	4.726317e+00
8.780000e-06	-2.864356e-02	4.798999e+00
8.790000e-06	-8.586098e-03	4.803212e+00
8.800000e-06	2.802586e-02	4.939522e+00
8.810000e-06	-1.053389e-02	5.054317e+00
8.820000e-06	-2.271232e-02	5.127975e+00
8.830000e-06	1.145483e-03	5.213128e+00
8.840000e-06	1.397131e-02	5.296766e+00
8.850000e-06	-1.577840e-02	5.327421e+00
8.860000e-06	-9.227177e-03	5.412077e+00
8.870000e-06	6.121360e-03	5.424184e+00
8.880000e-06	-7.392535e-04	5.555917e+00
8.890000e-06	-1.282772e-02	5.528971e+00
8.900000e-06	-5.159097e-03	5.600476e+00
8.910000e-06	8.662362e-03	5.633155e+00
8.920000e-06	-9.311028e-03	5.693684e+00
8.930000e-06	-5.938513e-03	5.747896e+00
8.940000e-06	-1.151065e-04	5.800130e+00
8.950000e-06	-2.086591e-03	5.845212e+00
8.960000e-06	-1.052524e-02	5.947395e+00
8.970000e-06	-4.040466e-03	5.939396e+00
8.980000e-06	1.634380e-03	5.990049e+00
8.990000e-06	-5.909307e-03	6.000975e+00
9.000000e-06	-3.989822e-03	6.010530e+00
9.010000e-06	-2.074462e-03	6.052628e+00
9.020000e-06	-4.187220e-03	6.022634e+00
9.030000e-06	-8.254414e-03	6.104160e+00
9.040000e-06	-9.130021e-04	6.134314e+00
9.050000e-06	-2.246876e-03	6.115820e+00
9.060000e-06	-7.442123e-03	6.139321e+00
9.070000e-06	-6.055454e-03	6.147896e+00
9.080000e-06	-2.440899e-03	6.178944e+00
9.090000e-06	-3.344505e-03	6.177918e+00
9.100000e-06	-8.135048e-03	6.179471e+00
9.110000e-06	-3.666813e-03	6.168949e+00
9.120000e-06	-5.412896e-03	6.180999e+00
9.130000e-06	-5.149486e-03	6.189524e+00
9.140000e-06	-6.483577e-03	6.179525e+00
9.150000e-06	-5.683914e-03	6.168948e+00
9.160000e-06	-6.786078e-03	6.180446e+00
9.170000e-06	-7.367654e-03	6.179449e+00
9.180000e-06	-5.193563e-03	6.139397e+00
9.190000e-06	-6.764856e-03	6.158369e+00
9.200000e-06	-6.205756e-03	6.138364e+00
9.210000e-06	-7.986479e-03	6.116815e+00
9.220000e-06	-7.415974e-03	6.075286e+00
9.230000e-06	-8.568773e-03	6.072155e+00
9.240000e-06	-7.027765e-03	6.033585e+00
9.250000e-06	-8.117881e-03	6.042052e+00
9.260000e-06	-9.531523e-03	6.020525e+00
9.270000e-06	-9.630001e-03	6.009975e+00
9.280000e-06	-9.824278e-03	5.958449e+00
9.290000e-06	-1.075242e-02	5.968891e+00
9.300000e-06	-1.333332e-02	5.905287e+00
9.310000e-06	-1.189080e-02	5.862600e+00
9.320000e-06	-1.333989e-02	5.755401e+00
9.330000e-06	-1.431152e-02	5.694636e+00
9.340000e-06	-1.536248e-02	5.650554e+00
9.350000e-06	-1.549917e-02	5.620029e+00
9.360000e-06	-1.663812e-02	5.599446e+00
9.370000e-06	-1.790402e-02	5.506870e+00
9.380000e-06	-1.625192e-02	5.465158e+00
9.390000e-06	-1.809938e-02	5.451003e+00
9.400000e-06	-1.594409e-02	5.400449e+00
9.410000e-06	-1.490034e-02	5.346342e+00
9.420000e-06	-1.288861e-02	5.253137e+00
9.430000e-06	-1.360713e-02	5.218944e+00
9.440000e-06	-1.167505e-02	5.135792e+00
9.450000e-06	-8.314709e-03	5.071557e+00
9.460000e-06	-9.224671e-03	4.935345e+00
9.470000e-06	-9.816630e-03	4.872655e+00
9.480000e-06	-8.635213e-03	4.768972e+00
9.490000e-06	-6.925795e-03	4.735242e+00
9.500000e-06	-7.906822e-03	4.642133e+00
9.510000e-06	-6.344799e-03	4.589372e+00
9.520000e-06	-5.715801e-03	4.504714e+00
9.530000e-06	-5.795752e-03	4.411577e+00
9.540000e-06	-6.207905e-03	4.399949e+00
9.550000e-06	-4.921538e-03	4.325684e+00
9.560000e-06	-4.549411e-03	4.189474e+00
9.570000e-06	-5.491212e-03	4.053087e+00
9.580000e-06	-5.798911e-03	3.989971e+00
9.590000e-06	-4.732318e-03	3.915259e+00
9.600000e-06	-5.342170e-03	3.841102e+00
9.610000e-06	-5.647165e-03	3.767316e+00
9.620000e-06	-4.350451e-03	3.632133e+00
9.630000e-06	-3.797053e-03	3.588924e+00
9.640000e-06	-5.742357e-03	3.555711e+00
9.650000e-06	-4.901378e-03	3.410921e+00
9.660000e-06	-3.555690e-03	3.264005e+00
9.670000e-06	-4.010501e-03	3.178474e+00
9.680000e-06	-4.811892e-03	3.044235e+00
9.690000e-06	-4.340743e-03	2.968971e+00
9.700000e-06	-3.860973e-03	2.905236e+00
9.710000e-06	-4.152036e-03	2.830975e+00
9.720000e-06	-4.839068e-03	2.767363e+00
9.730000e-06	-3.784016e-03	2.608976e+00
9.740000e-06	-3.881010e-03	2.451556e+00
9.750000e-06	-4.311272e-03	2.377846e+00
9.760000e-06	-4.119771e-03	2.234102e+00
9.770000e-06	-3.999503e-03	2.158841e+00
9.780000e-06	-3.973516e-03	2.063133e+00
9.790000e-06	-4.911203e-03	1.988920e+00
9.800000e-06	-3.889246e-03	1.931230e+00
9.810000e-06	-3.879773e-03	1.775265e+00
9.820000e-06	-3.669738e-03	1.630474e+00
9.830000e-06	-3.294209e-03	1.525338e+00
9.840000e-06	-4.204984e-03	1.409475e+00
9.850000e-06	-3.779539e-03	1.283684e+00
9.860000e-06	-4.290065e-03	1.158394e+00
9.870000e-06	-3.753946e-03	1.090576e+00
9.880000e-06	-3.697996e-03	8.430815e-01
9.890000e-06	-3.577836e-03	7.779421e-01
9.900000e-06	-4.308977e-03	6.731053e-01
9.910000e-06	-3.383993e-03	5.868419e-01
9.920000e-06	-3.893735e-03	4.431053e-01
9.930000e-06	-3.862476e-03	3.978947e-01
9.940000e-06	-3.673323e-03	2.326235e-01
9.950000e-06	-2.916204e-03	5.313302e-02
9.960000e-06	-1.888329e-03	-1.060277e-02
9.970000e-06	8.432289e-04	-1.463423e-01
9.980000e-06	5.477223e-04	-1.921038e-01
9.990000e-06	-1.510223e-03	-3.447672e-01
1.000000e-05	-2.070032e-03	-3.800288e-01
1.001000e-05	-2.297601e-03	-4.747645e-01
1.002000e-05	-1.415746e-03	-5.932304e-01
1.003000e-05	2.383151e-03	-7.384461e-01
1.004000e-05	3.106326e-02	-8.306802e-01
1.005000e-05	4.657653e-02	-9.484223e-01
1.006000e-05	-4.625207e-02	-1.158077e+00
1.007000e-05	-7.628852e-02	-1.337944e+00
1.008000e-05	-4.192722e-02	-1.381104e+00
1.009000e-05	1.305608e-01	-1.448545e+00
1.010000e-05	-3.593702e-02	-1.548447e+00
1.011000e-05	-1.158642e-01	-1.736913e+00
1.012000e-05	9.913042e-02	-1.779876e+00
1.013000e-05	-4.935190e-03	-1.842629e+00
1.014000e-05	-1.622132e-01	-1.970000e+00
1.015000e-05	5.847565e-02	-2.044258e+00
1.016000e-05	1.163888e-01	-2.138317e+00
1.017000e-05	-1.390701e-01	-2.356867e+00
1.018000e-05	3.179620e-02	-2.400109e+00
1.019000e-05	9.396037e-02	-2.474815e+00
1.020000e-05	-1.192494e-01	-2.633707e+00
1.021000e-05	9.481571e-03	-2.766921e+00
1.022000e-05	7.765095e-02	-2.821079e+00
1.023000e-05	-8.682680e-02	-2.959446e+00
1.024000e-05	5.349979e-02	-3.034707e+00
1.025000e-05	-3.881554e-03	-3.199949e+00
1.026000e-05	-4.672171e-02	-3.275191e+00
1.027000e-05	8.190531e-02	-3.347998e+00
1.028000e-05	-4.432903e-02	-3.431634e+00
1.029000e-05	-6.606074e-02	-3.507920e+00
1.030000e-05	1.074419e-01	-3.600500e+00
1.031000e-05	-3.333909e-02	-3.645289e+00
1.032000e-05	-4.852998e-02	-3.851633e+00
1.033000e-05	6.308513e-02	-3.957250e+00
1.034000e-05	-2.225615e-02	-4.021632e+00
1.035000e-05	-1.152673e-02	-4.073185e+00
1.036000e-05	-1.366689e-02	-4.116896e+00
1.037000e-05	4.952534e-05	-4.262128e+00
1.038000e-05	5.803695e-02	-4.314344e+00
1.039000e-05	-4.860664e-02	-4.350449e+00
1.040000e-05	-3.087409e-02	-4.430630e+00
1.041000e-05	4.090826e-02	-4.485366e+00
1.042000e-05	6.699333e-03	-4.611024e+00
1.043000e-05	-2.277093e-02	-4.683844e+00
1.044000e-05	-1.570380e-02	-4.747365e+00
1.045000e-05	3.270068e-02	-4.844083e+00
1.046000e-05	6.296252e-03	-4.905786e+00
1.047000e-05	-5.030735e-02	-4.998919e+00
1.048000e-05	1.797059e-02	-5.021635e+00
1.049000e-05	2.494700e-02	-5.064267e+00
1.050000e-05	-2.344684e-02	-5.178376e+00
1.051000e-05	-1.007649e-02	-5.231528e+00
1.052000e-05	5.198543e-03	-5.314863e+00
1.053000e-05	2.107365e-02	-5.400129e+00
1.054000e-05	-2.114330e-02	-5.524737e+00
1.055000e-05	-1.204294e-02	-5.567345e+00
1.056000e-05	2.161119e-02	-5.569000e+00
1.057000e-05	-7.259594e-03	-5.600005e+00
1.058000e-05	-8.392433e-03	-5.673160e+00
1.059000e-05	1.760965e-03	-5.675841e+00
1.060000e-05	3.840761e-03	-5.696297e+00
1.061000e-05	-4.927755e-03	-5.779498e+00
1.062000e-05	-7.801211e-03	-5.800607e+00
1.063000e-05	7.632834e-03	-5.863659e+00
1.064000e-05	1.533226e-03	-5.903662e+00
1.065000e-05	-5.482554e-03	-5.927340e+00
1.066000e-05	3.400009e-03	-5.948320e+00
1.067000e-05	-2.486522e-03	-5.957950e+00
1.068000e-05	-3.644057e-03	-5.968476e+00
1.069000e-05	4.648012e-04	-6.009000e+00
1.070000e-05	5.458273e-04	-6.009000e+00
1.071000e-05	-1.783125e-03	-6.000000e+00
1.072000e-05	-4.823489e-03	-6.000603e+00
1.073000e-05	3.981017e-03	-5.991050e+00
1.074000e-05	-1.475294e-04	-5.992031e+00
1.075000e-05	-5.064722e-03	-6.063032e+00
1.076000e-05	1.469893e-03	-6.062181e+00
1.077000e-05	1.768894e-03	-6.063138e+00
1.078000e-05	-1.153208e-05	-6.021684e+00
1.079000e-05	-2.875257e-03	-6.040580e+00
1.080000e-05	2.038940e-03	-6.051188e+00
1.081000e-05	6.362447e-04	-6.033079e+00
1.082000e-05	-9.371090e-04	-6.071159e+00
1.083000e-05	1.667858e-03	-6.071579e+00
1.084000e-05	1.552697e-03	-6.061631e+00
1.085000e-05	4.782437e-04	-6.010051e+00
1.086000e-05	3.521366e-05	-6.030528e+00
1.087000e-05	2.283394e-03	-6.010453e+00
1.088000e-05	2.833606e-03	-6.000022e+00
1.089000e-05	2.922230e-03	-5.999526e+00
1.090000e-05	2.829887e-03	-5.998949e+00
1.091000e-05	2.541972e-03	-5.957920e+00
1.092000e-05	3.210660e-03	-5.946816e+00
1.093000e-05	3.855889e-03	-5.925338e+00
1.094000e-05	4.703869e-03	-5.914135e+00
1.095000e-05	3.602106e-03	-5.859578e+00
1.096000e-05	6.433008e-03	-5.789495e+00
1.097000e-05	7.574858e-03	-5.786842e+00
1.098000e-05	6.344687e-03	-5.705791e+00
1.099000e-05	6.926280e-03	-5.693732e+00
1.100000e-05	1.029993e-02	-5.632503e+00
1.101000e-05	9.968760e-03	-5.610999e+00
1.102000e-05	1.071366e-02	-5.578468e+00
1.103000e-05	1.195442e-02	-5.524837e+00
1.104000e-05	1.188964e-02	-5.482077e+00
1.105000e-05	1.019649e-02	-5.345344e+00
1.106000e-05	9.883730e-03	-5.282128e+00
1.107000e-05	9.477167e-03	-5.229999e+00
1.108000e-05	7.310123e-03	-5.198370e+00
1.109000e-05	5.261638e-03	-5.095233e+00
1.110000e-05	5.444209e-03	-5.060528e+00
1.111000e-05	3.977298e-03	-4.969391e+00
1.112000e-05	2.861495e-03	-4.871208e+00
1.113000e-05	2.554774e-03	-4.695774e+00
1.114000e-05	2.301798e-03	-4.684729e+00
1.115000e-05	1.025172e-03	-4.610551e+00
1.116000e-05	1.533135e-04	-4.589945e+00
1.117000e-05	1.675352e-03	-4.474282e+00
1.118000e-05	3.282818e-05	-4.430028e+00
1.119000e-05	-1.344783e-03	-4.377966e+00
1.120000e-05	-7.815340e-04	-4.304210e+00
1.121000e-05	7.369797e-04	-4.240024e+00
1.122000e-05	-2.209708e-03	-4.157860e+00
1.123000e-05	-1.181884e-03	-4.093054e+00
1.124000e-05	-2.338896e-04	-4.009499e+00
1.125000e-05	-6.959024e-04	-3.924786e+00
1.126000e-05	-2.946594e-03	-3.789420e+00
1.127000e-05	-1.676159e-03	-3.651658e+00
1.128000e-05	-9.580300e-04	-3.578949e+00
1.129000e-05	-3.534847e-03	-3.535284e+00
1.130000e-05	-2.971768e-03	-3.439500e+00
1.131000e-05	-2.426010e-03	-3.335762e+00
1.132000e-05	-1.905819e-03	-3.261055e+00
1.133000e-05	-4.068503e-03	-3.209392e+00
1.134000e-05	-2.654365e-03	-3.061578e+00
1.135000e-05	-2.967774e-03	-2.934683e+00
1.136000e-05	-2.730386e-03	-2.810547e+00
1.137000e-05	-3.801968e-03	-2.755187e+00
1.138000e-05	-2.105978e-03	-2.640425e+00
1.139000e-05	-2.772399e-03	-2.525763e+00
1.140000e-05	-3.133383e-03	-2.421053e+00
1.141000e-05	-3.457890e-03	-2.376843e+00
1.142000e-05	-2.282031e-03	-2.281024e+00
1.143000e-05	-3.809888e-03	-2.082133e+00
1.144000e-05	-3.909789e-03	-1.989871e+00
1.145000e-05	-4.243855e-03	-1.915737e+00
1.146000e-05	-2.761005e-03	-1.779541e+00
1.147000e-05	-4.147770e-03	-1.693235e+00
1.148000e-05	-2.507559e-03	-1.619474e+00
1.149000e-05	-3.754082e-03	-1.511180e+00
1.150000e-05	-2.648684e-03	-1.355186e+00
1.151000e-05	-3.639537e-03	-1.199865e+00
1.152000e-05	-2.859249e-03	-1.091106e+00
1.153000e-05	-4.190214e-03	-9.573184e-01
1.154000e-05	-4.045426e-03	-8.611789e-01
1.155000e-05	-3.895527e-03	-7.674172e-01
1.156000e-05	-3.798862e-03	-6.805966e-01
1.157000e-05	-3.947749e-03	-4.725818e-01
1.158000e-05	-3.662441e-03	-3.684973e-01
1.159000e-05	-3.563412e-03	-3.225829e-01
1.160000e-05	-4.065927e-03	-1.879397e-01
1.161000e-05	-3.751293e-03	-9.317913e-02
1.162000e-05	-1.995374e-03	1.629135e-03
1.163000e-05	-7.911991e-05	1.569435e-01
1.164000e-05	-1.920296e-03	2.654155e-01
1.165000e-05	-1.738301e-03	3.999751e-01
1.166000e-05	-1.614858e-03	4.827869e-01
1.167000e-05	-2.231107e-03	5.494950e-01
1.168000e-05	-2.230173e-03	6.852617e-01
1.169000e-05	1.680452e-03	7.709474e-01
1.170000e-05	1.927003e-02	8.527318e-01
1.171000e-05	4.552811e-02	1.002683e+00
1.172000e-05	-6.424721e-03	1.192602e+00
1.173000e-05	-6.261313e-02	1.358866e+00
1.174000e-05	-9.128891e-02	1.392031e+00
1.175000e-05	7.080969e-02	1.516399e+00
1.176000e-05	7.387717e-02	1.736782e+00
1.177000e-05	-8.406268e-02	1.769448e+00
1.178000e-05	-4.646762e-02	1.802011e+00
1.179000e-05	1.129311e-01	1.947972e+00
1.180000e-05	-1.172575e-01	2.053156e+00
1.181000e-05	-2.573391e-02	2.138321e+00
1.182000e-05	1.216757e-01	2.213160e+00
1.183000e-05	-5.904864e-02	2.390945e+00
1.184000e-05	-7.511310e-02	2.420079e+00
1.185000e-05	1.157228e-01	2.507376e+00
1.186000e-05	-3.346349e-02	2.685813e+00
1.187000e-05	-7.025253e-02	2.800000e+00
1.188000e-05	7.305762e-02	2.865762e+00
1.189000e-05	-2.737098e-02	2.980129e+00
1.190000e-05	-3.003802e-02	3.064738e+00
1.191000e-05	3.310727e-02	3.168975e+00
1.192000e-05	-1.249721e-02	3.251133e+00
1.193000e-05	1.991341e-03	3.348421e+00
1.194000e-05	2.172082e-02	3.477813e+00
1.195000e-05	-6.553061e-02	3.610053e+00
1.196000e-05	2.074995e-02	3.695709e+00
1.197000e-05	4.303582e-02	3.737921e+00
1.198000e-05	-4.213390e-02	3.862763e+00
1.199000e-05	-7.729534e-03	3.946971e+00
1.200000e-05	1.200716e-02	4.000550e+00
1.201000e-05	-1.964111e-03	4.073182e+00
1.202000e-05	-1.795242e-02	4.159974e+00
1.203000e-05	3.125756e-03	4.307922e+00
1.204000e-05	8.723099e-03	4.379954e+00
1.205000e-05	9.386092e-03	4.432589e+00
1.206000e-05	-2.869481e-02	4.534814e+00
1.207000e-05	-1.350356e-02	4.592057e+00
1.208000e-05	2.385214e-02	4.662684e+00
1.209000e-05	-2.730267e-04	4.727397e+00
1.210000e-05	-2.420627e-02	4.820028e+00
1.211000e-05	9.520807e-04	4.843186e+00
1.212000e-05	2.334477e-02	4.939552e+00
1.213000e-05	-2.247201e-02	5.104667e+00
1.214000e-05	-1.505881e-02	5.180025e+00
1.215000e-05	9.062771e-03	5.242657e+00
1.216000e-05	5.881673e-03	5.316815e+00
1.217000e-05	-1.635536e-02	5.337900e+00
1.218000e-05	-8.326257e-03	5.411034e+00
1.219000e-05	1.047214e-02	5.484710e+00
1.220000e-05	-6.240905e-03	5.539392e+00
1.221000e-05	-1.077831e-02	5.600425e+00
1.222000e-05	-2.360017e-03	5.610002e+00
1.223000e-05	4.326456e-03	5.632633e+00
1.224000e-05	-1.049511e-02	5.665391e+00
1.225000e-05	-4.133078e-03	5.731020e+00
1.226000e-05	2.444626e-03	5.780633e+00
1.227000e-05	-5.376866e-03	5.863737e+00
1.228000e-05	-9.574751e-03	5.988867e+00
1.229000e-05	-2.989631e-03	5.969974e+00
1.230000e-05	1.814488e-03	6.010050e+00
1.231000e-05	-6.704244e-03	6.000553e+00
1.232000e-05	-2.480804e-03	6.010602e+00
1.233000e-05	-4.135653e-03	6.050608e+00
1.234000e-05	-5.866452e-03	6.064233e+00
1.235000e-05	-6.199154e-03	6.085664e+00
1.236000e-05	-7.060582e-04	6.084337e+00
1.237000e-05	-3.568934e-03	6.095867e+00
1.238000e-05	-9.030869e-03	6.156843e+00
1.239000e-05	-4.626684e-03	6.176919e+00
1.240000e-05	-2.217454e-03	6.148920e+00
1.241000e-05	-5.006246e-03	6.177944e+00
1.242000e-05	-8.170087e-03	6.187946e+00
1.243000e-05	-4.024613e-03	6.179423e+00
1.244000e-05	-5.024226e-03	6.178478e+00
1.245000e-05	-6.472273e-03	6.179973e+00
1.246000e-05	-5.431693e-03	6.179352e+00
1.247000e-05	-5.233971e-03	6.198548e+00
1.248000e-05	-6.605894e-03	6.147000e+00
1.249000e-05	-6.858394e-03	6.188398e+00
1.250000e-05	-5.554009e-03	6.177971e+00
1.251000e-05	-6.490364e-03	6.177921e+00
1.252000e-05	-7.222441e-03	6.136339e+00
1.253000e-05	-7.660740e-03	6.105738e+00
1.254000e-05	-7.831691e-03	6.105660e+00
1.255000e-05	-7.227196e-03	6.073634e+00
1.256000e-05	-7.740910e-03	6.030081e+00
1.257000e-05	-8.778142e-03	6.001077e+00
1.258000e-05	-1.042204e-02	6.010499e+00
1.259000e-05	-9.872485e-03	5.989021e+00
1.260000e-05	-9.777781e-03	5.989971e+00
1.261000e-05	-1.190884e-02	5.968871e+00
1.262000e-05	-1.226488e-02	5.915157e+00
1.263000e-05	-1.192585e-02	5.911130e+00
1.264000e-05	-1.247088e-02	5.806941e+00
1.265000e-05	-1.507382e-02	5.662234e+00
1.266000e-05	-1.545449e-02	5.631053e+00
1.267000e-05	-1.637084e-02	5.590000e+00
1.268000e-05	-1.745942e-02	5.588971e+00
1.269000e-05	-1.800415e-02	5.524362e+00
1.270000e-05	-1.760918e-02	5.483130e+00
1.271000e-05	-1.781375e-02	5.400550e+00
1.272000e-05	-1.636114e-02	5.388471e+00
1.273000e-05	-1.417387e-02	5.293738e+00
1.274000e-05	-1.382007e-02	5.303155e+00
1.275000e-05	-1.255331e-02	5.178970e+00
1.276000e-05	-1.071899e-02	5.075337e+00
1.277000e-05	-8.796222e-03	5.034602e+00
1.278000e-05	-9.207023e-03	4.876689e+00
1.279000e-05	-9.040999e-03	4.830505e+00
1.280000e-05	-7.622273e-03	4.777944e+00
1.281000e-05	-7.247537e-03	4.686238e+00
1.282000e-05	-7.904208e-03	4.652104e+00
1.283000e-05	-6.374597e-03	4.578897e+00
1.284000e-05	-6.045225e-03	4.505135e+00
1.285000e-05	-6.106693e-03	4.421051e+00
1.286000e-05	-5.998227e-03	4.388399e+00
1.287000e-05	-4.136943e-03	4.301709e+00
1.288000e-05	-4.984712e-03	4.177316e+00
1.289000e-05	-6.510477e-03	4.051103e+00
1.290000e-05	-5.547905e-03	3.978942e+00
1.291000e-05	-3.382002e-03	3.926213e+00
1.292000e-05	-5.522820e-03	3.789997e+00
1.293000e-05	-5.355957e-03	3.768287e+00
1.294000e-05	-4.850953e-03	3.630479e+00
1.295000e-05	-3.361813e-03	3.578369e+00
1.296000e-05	-4.796084e-03	3.485759e+00
1.297000e-05	-3.962531e-03	3.296343e+00
1.298000e-05	-3.720803e-03	3.210602e+00
1.299000e-05	-4.245355e-03	3.157792e+00
1.300000e-05	-5.261656e-03	3.072632e+00
1.301000e-05	-4.307788e-03	2.988921e+00
1.302000e-05	-3.797289e-03	2.862609e+00
1.303000e-05	-4.621172e-03	2.789000e+00
1.304000e-05	-3.659625e-03	2.704711e+00
1.305000e-05	-3.677952e-03	2.526841e+00
1.306000e-05	-4.700479e-03	2.410554e+00
1.307000e-05	-4.751328e-03	2.316836e+00
1.308000e-05	-4.025838e-03	2.241076e+00
1.309000e-05	-3.585964e-03	2.125213e+00
1.310000e-05	-4.539059e-03	2.010527e+00
1.311000e-05	-4.216498e-03	1.996392e+00
1.312000e-05	-3.954535e-03	1.890178e+00
1.313000e-05	-4.154225e-03	1.664858e+00
1.314000e-05	-4.089723e-03	1.620522e+00
1.315000e-05	-3.615476e-03	1.483834e+00
1.316000e-05	-3.430285e-03	1.388390e+00
1.317000e-05	-3.923002e-03	1.240054e+00
1.318000e-05	-4.212211e-03	1.146789e+00
1.319000e-05	-3.213920e-03	9.583949e-01
1.320000e-05	-3.810671e-03	8.700778e-01
1.321000e-05	-4.361248e-03	7.478422e-01
1.322000e-05	-2.872422e-03	6.615265e-01
1.323000e-05	-4.677781e-03	5.252659e-01
1.324000e-05	-3.474042e-03	4.105251e-01
1.325000e-05	-3.993971e-03	3.462882e-01
1.326000e-05	-2.362359e-03	1.994674e-01
1.327000e-05	-2.275266e-03	6.310275e-02
1.328000e-05	-1.157189e-03	-3.268277e-02
1.329000e-05	-6.847057e-05	-1.278698e-01
1.330000e-05	-8.565511e-04	-2.837330e-01
1.331000e-05	-1.333425e-03	-3.684184e-01
1.332000e-05	-1.592028e-03	-4.310815e-01
1.333000e-05	-2.146951e-03	-5.038734e-01
1.334000e-05	-2.502013e-03	-6.847345e-01
1.335000e-05	6.094648e-03	-7.888974e-01
1.336000e-05	4.242276e-02	-8.531617e-01
1.337000e-05	2.774050e-02	-1.010079e+00
1.338000e-05	-5.856772e-02	-1.179603e+00
1.339000e-05	-8.255774e-02	-1.381580e+00
1.340000e-05	1.663837e-02	-1.379505e+00
1.341000e-05	1.088804e-01	-1.400578e+00
1.342000e-05	-7.253754e-02	-1.590979e+00
1.343000e-05	-1.014992e-01	-1.748921e+00
1.344000e-05	1.200134e-01	-1.779399e+00
1.345000e-05	-9.598935e-02	-1.855736e+00
1.346000e-05	-1.227317e-01	-2.010553e+00
1.347000e-05	1.202325e-01	-2.053685e+00
1.348000e-05	4.417332e-02	-2.181124e+00
1.349000e-05	-1.427756e-01	-2.349948e+00
1.350000e-05	1.001044e-01	-2.441657e+00
1.351000e-05	2.205575e-02	-2.559927e+00
1.352000e-05	-1.107285e-01	-2.705837e+00
1.353000e-05	5.818794e-02	-2.788426e+00
1.354000e-05	2.734356e-02	-2.852682e+00
1.355000e-05	-7.482047e-02	-2.988526e+00
1.356000e-05	7.497772e-02	-3.093812e+00
1.357000e-05	-4.178175e-02	-3.179977e+00
1.358000e-05	-1.693692e-02	-3.336792e+00
1.359000e-05	8.621438e-02	-3.397477e+00
1.360000e-05	-9.604925e-02	-3.424262e+00
1.361000e-05	-5.902058e-03	-3.589426e+00
1.362000e-05	9.372348e-02	-3.610076e+00
1.363000e-05	-6.840782e-02	-3.716941e+00
1.364000e-05	-1.020163e-02	-3.900213e+00
1.365000e-05	4.834418e-02	-3.959475e+00
1.366000e-05	-3.052082e-02	-4.041604e+00
1.367000e-05	-2.909415e-03	-4.096267e+00
1.368000e-05	-2.050802e-02	-4.189425e+00
1.369000e-05	2.360802e-02	-4.263683e+00
1.370000e-05	4.389500e-02	-4.348394e+00
1.371000e-05	-6.815719e-02	-4.390051e+00
1.372000e-05	-5.916718e-03	-4.453631e+00
1.373000e-05	4.193413e-02	-4.558867e+00
1.374000e-05	-6.051006e-03	-4.602508e+00
1.375000e-05	-2.512107e-02	-4.694290e+00
1.376000e-05	-6.946521e-03	-4.759444e+00
1.377000e-05	4.396695e-02	-4.890638e+00
1.378000e-05	-2.013970e-02	-4.928317e+00
1.379000e-05	-3.847312e-02	-4.988503e+00
1.380000e-05	3.364404e-02	-5.054184e+00
1.381000e-05	1.053303e-02	-5.115795e+00
1.382000e-05	-2.617122e-02	-5.178949e+00
1.383000e-05	-5.534151e-03	-5.232157e+00
1.384000e-05	1.456694e-02	-5.355369e+00
1.385000e-05	1.174175e-02	-5.440604e+00
1.386000e-05	-2.895270e-02	-5.536815e+00
1.387000e-05	7.538583e-04	-5.587424e+00
1.388000e-05	2.068174e-02	-5.598976e+00
1.389000e-05	-1.476175e-02	-5.611130e+00
1.390000e-05	-3.063038e-03	-5.714260e+00
1.391000e-05	3.459356e-03	-5.685287e+00
1.392000e-05	3.000899e-03	-5.767899e+00
1.393000e-05	-8.203683e-03	-5.779475e+00
1.394000e-05	-3.539990e-03	-5.813003e+00
1.395000e-05	1.021249e-02	-5.844686e+00
1.396000e-05	-4.831195e-03	-5.883667e+00
1.397000e-05	-2.633649e-03	-5.956841e+00
1.398000e-05	2.613912e-03	-5.948345e+00
1.399000e-05	-3.442534e-03	-5.979396e+00
1.400000e-05	-2.528969e-03	-5.968421e+00
1.401000e-05	1.675335e-03	-5.999000e+00
1.402000e-05	7.320948e-04	-6.010475e+00
1.403000e-05	-4.313344e-03	-6.000526e+00
1.404000e-05	-2.022396e-03	-6.042527e+00
1.405000e-05	5.050167e-03	-6.051529e+00
1.406000e-05	-1.844304e-03	-6.051157e+00
1.407000e-05	-4.405130e-03	-6.043580e+00
1.408000e-05	2.161049e-03	-6.041126e+00
1.409000e-05	1.864770e-03	-6.063134e+00
1.410000e-05	-1.478811e-03	-6.071709e+00
1.411000e-05	-1.393157e-03	-6.073608e+00
1.412000e-05	1.844246e-03	-6.072133e+00
1.413000e-05	4.192377e-04	-6.042632e+00
1.414000e-05	-1.003409e-03	-6.032205e+00
1.415000e-05	1.678207e-03	-6.082683e+00
1.416000e-05	1.548932e-03	-6.001158e+00
1.417000e-05	9.726271e-04	-6.041079e+00
1.418000e-05	2.295642e-04	-6.000026e+00
1.419000e-05	1.379593e-03	-6.001001e+00
1.420000e-05	2.768030e-03	-6.009024e+00
1.421000e-05	2.601326e-03	-5.978899e+00
1.422000e-05	2.531487e-03	-5.977874e+00
1.423000e-05	3.004214e-03	-5.977843e+00
1.424000e-05	4.435967e-03	-5.927363e+00
1.425000e-05	5.020885e-03	-5.894208e+00
1.426000e-05	3.974071e-03	-5.870660e+00
1.427000e-05	3.314834e-03	-5.852055e+00
1.428000e-05	7.801808e-03	-5.768923e+00
1.429000e-05	6.954430e-03	-5.735414e+00
1.430000e-05	7.102840e-03	-5.735336e+00
1.431000e-05	8.948065e-03	-5.620105e+00
1.432000e-05	9.808571e-03	-5.640503e+00
1.433000e-05	9.303574e-03	-5.599500e+00
1.434000e-05	1.092329e-02	-5.546891e+00
1.435000e-05	1.252566e-02	-5.503762e+00
1.436000e-05	1.116053e-02	-5.460100e+00
1.437000e-05	9.892452e-03	-5.338388e+00
1.438000e-05	1.003795e-02	-5.261061e+00
1.439000e-05	8.651341e-03	-5.197471e+00
1.440000e-05	6.499265e-03	-5.187342e+00
1.441000e-05	6.178850e-03	-5.093132e+00
1.442000e-05	6.259075e-03	-4.991002e+00
1.443000e-05	3.362984e-03	-4.957970e+00
1.444000e-05	1.738041e-03	-4.858529e+00
1.445000e-05	3.058259e-03	-4.758188e+00
1.446000e-05	2.174687e-03	-4.683236e+00
1.447000e-05	5.819406e-04	-4.619999e+00
1.448000e-05	1.219421e-03	-4.566821e+00
1.449000e-05	2.015835e-03	-4.462713e+00
1.450000e-05	-1.106094e-03	-4.411578e+00
1.451000e-05	-9.437153e-04	-4.356366e+00
1.452000e-05	8.039594e-04	-4.273157e+00
1.453000e-05	1.086415e-03	-4.219500e+00
1.454000e-05	-3.001471e-03	-4.134187e+00
1.455000e-05	-1.781146e-03	-4.062052e+00
1.456000e-05	7.491893e-05	-3.988367e+00
1.457000e-05	-2.124201e-03	-3.904579e+00
1.458000e-05	-2.762764e-03	-3.757890e+00
1.459000e-05	-1.079107e-03	-3.643052e+00
1.460000e-05	-1.749479e-04	-3.598920e+00
1.461000e-05	-3.776372e-03	-3.474209e+00
1.462000e-05	-2.600339e-03	-3.439971e+00
1.463000e-05	-1.667686e-03	-3.294287e+00
1.464000e-05	-1.514972e-03	-3.230550e+00
1.465000e-05	-3.552056e-03	-3.157244e+00
1.466000e-05	-1.821271e-03	-3.071024e+00
1.467000e-05	-3.060294e-03	-2.902134e+00
1.468000e-05	-3.449609e-03	-2.808499e+00
1.469000e-05	-4.441618e-03	-2.735735e+00
1.470000e-05	-1.486655e-03	-2.619997e+00
1.471000e-05	-3.039583e-03	-2.484683e+00
1.472000e-05	-2.640068e-03	-2.400523e+00
1.473000e-05	-2.531417e-03	-2.386362e+00
1.474000e-05	-3.555895e-03	-2.249491e+00
1.475000e-05	-4.879447e-03	-2.093150e+00
1.476000e-05	-3.697121e-03	-1.966394e+00
1.477000e-05	-2.913812e-03	-1.883055e+00
1.478000e-05	-4.053682e-03	-1.758342e+00
1.479000e-05	-3.062183e-03	-1.648728e+00
1.480000e-05	-3.549763e-03	-1.627917e+00
1.481000e-05	-3.369634e-03	-1.474006e+00
1.482000e-05	-3.674450e-03	-1.314087e+00
1.483000e-05	-2.921199e-03	-1.175915e+00
1.484000e-05	-3.676642e-03	-1.041578e+00
1.485000e-05	-4.022713e-03	-9.463407e-01
1.486000e-05	-4.518353e-03	-8.595274e-01
1.487000e-05	-3.248007e-03	-7.548671e-01
1.488000e-05	-3.490948e-03	-6.468014e-01
1.489000e-05	-4.157677e-03	-4.716041e-01
1.490000e-05	-3.759672e-03	-3.478947e-01
1.491000e-05	-3.349465e-03	-2.516264e-01
1.492000e-05	-4.080469e-03	-1.563670e-01
1.493000e-05	-2.644999e-03	-5.105382e-02
1.494000e-05	-1.339225e-03	3.215515e-02
1.495000e-05	-2.148670e-04	1.388774e-01
1.496000e-05	-2.409753e-03	3.363346e-01
1.497000e-05	-2.071334e-03	3.910252e-01
1.498000e-05	-2.746055e-03	4.742129e-01
1.499000e-05	-3.165486e-03	5.810315e-01
1.500000e-05	-2.493268e-03	6.843156e-01
1.501000e-05	3.918206e-03	7.995275e-01
1.502000e-05	2.686886e-02	8.672920e-01
1.503000e-05	4.004893e-02	1.086766e+00
1.504000e-05	-2.622218e-02	1.253685e+00
1.505000e-05	-7.190060e-02	1.358397e+00
1.506000e-05	-7.021905e-02	1.412135e+00
1.507000e-05	1.113366e-01	1.510025e+00
1.508000e-05	2.291161e-02	1.717792e+00
1.509000e-05	-1.036434e-01	1.778424e+00
1.510000e-05	2.902197e-02	1.812657e+00
1.511000e-05	7.319555e-02	1.989954e+00
1.512000e-05	-1.278933e-01	2.063782e+00
1.513000e-05	2.341317e-02	2.104943e+00
1.514000e-05	1.096928e-01	2.234238e+00
1.515000e-05	-1.153839e-01	2.358924e+00
1.516000e-05	-7.151318e-03	2.471133e+00
1.517000e-05	1.006901e-01	2.540501e+00
1.518000e-05	-7.464846e-02	2.757895e+00
1.519000e-05	-3.042819e-02	2.840555e+00
1.520000e-05	7.175948e-02	2.906368e+00
1.521000e-05	-5.371143e-02	3.001128e+00
1.522000e-05	-2.599691e-03	3.166791e+00
1.523000e-05	2.900954e-02	3.190027e+00
1.524000e-05	-2.272448e-02	3.256187e+00
1.525000e-05	2.359386e-02	3.360577e+00
1.526000e-05	-7.661676e-03	3.537396e+00
1.527000e-05	-5.166808e-02	3.621053e+00
1.528000e-05	3.822949e-02	3.684816e+00
1.529000e-05	2.680345e-02	3.781027e+00
1.530000e-05	-5.231866e-02	3.887766e+00
1.531000e-05	1.140566e-02	3.938899e+00
1.532000e-05	8.082807e-03	4.031554e+00
1.533000e-05	-7.062179e-03	4.053763e+00
1.534000e-05	-1.516376e-02	4.141030e+00
1.535000e-05	8.268323e-04	4.319874e+00
1.536000e-05	1.691558e-02	4.400578e+00
1.537000e-05	-3.319184e-03	4.453136e+00
1.538000e-05	-2.619186e-02	4.538972e+00
1.539000e-05	-5.894259e-03	4.639604e+00
1.540000e-05	2.876008e-02	4.655718e+00
1.541000e-05	-1.645813e-02	4.798971e+00
1.542000e-05	-2.183253e-02	4.812080e+00
1.543000e-05	1.280316e-02	4.846420e+00
1.544000e-05	1.677069e-02	5.009612e+00
1.545000e-05	-2.650276e-02	5.097417e+00
1.546000e-05	-1.091557e-02	5.201053e+00
1.547000e-05	1.651790e-02	5.233210e+00
1.548000e-05	-2.787529e-03	5.316345e+00
1.549000e-05	-1.511157e-02	5.411000e+00
1.550000e-05	-4.985032e-03	5.411681e+00
1.551000e-05	1.130450e-02	5.495288e+00
1.552000e-05	-1.094646e-02	5.558946e+00
1.553000e-05	-9.020165e-03	5.569497e+00
1.554000e-05	2.093437e-03	5.622556e+00
1.555000e-05	2.669797e-04	5.673635e+00
1.556000e-05	-9.981050e-03	5.695913e+00
1.557000e-05	-3.280430e-03	5.809623e+00
1.558000e-05	2.648751e-03	5.824132e+00
1.559000e-05	-8.982352e-03	5.925316e+00
1.560000e-05	-6.467631e-03	5.956891e+00
1.561000e-05	-6.654157e-04	5.999424e+00
1.562000e-05	5.866688e-04	6.000525e+00
1.563000e-05	-7.375423e-03	6.011050e+00
1.564000e-05	-2.936690e-03	6.020082e+00
1.565000e-05	-4.459030e-03	6.053684e+00
1.566000e-05	-7.436844e-03	6.073659e+00
1.567000e-05	-3.933195e-03	6.105216e+00
1.568000e-05	-2.103940e-03	6.114336e+00
1.569000e-05	-4.530463e-03	6.116366e+00
1.570000e-05	-8.373830e-03	6.147870e+00
1.571000e-05	-2.253486e-03	6.167920e+00
1.572000e-05	-3.504324e-03	6.167869e+00
1.573000e-05	-6.593173e-03	6.198974e+00
1.574000e-05	-5.110961e-03	6.169949e+00
1.575000e-05	-3.740852e-03	6.190026e+00
1.576000e-05	-5.537111e-03	6.180945e+00
1.577000e-05	-7.768909e-03	6.178498e+00
1.578000e-05	-4.440405e-03	6.198449e+00
1.579000e-05	-5.911377e-03	6.159973e+00
1.580000e-05	-5.888582e-03	6.168945e+00
1.581000e-05	-6.642002e-03	6.186968e+00
1.582000e-05	-5.091806e-03	6.128447e+00
1.583000e-05	-6.789979e-03	6.118866e+00
1.584000e-05	-7.940945e-03	6.105271e+00
1.585000e-05	-6.937374e-03	6.115284e+00
1.586000e-05	-8.126621e-03	6.083183e+00
1.587000e-05	-6.996000e-03	6.033232e+00
1.588000e-05	-8.057819e-03	6.051577e+00
1.589000e-05	-8.455152e-03	6.011004e+00
1.590000e-05	-9.890749e-03	6.001026e+00
1.591000e-05	-8.999661e-03	5.979449e+00
1.592000e-05	-1.094435e-02	5.988897e+00
1.593000e-05	-1.200991e-02	5.926793e+00
1.594000e-05	-1.190963e-02	5.844666e+00
1.595000e-05	-1.147372e-02	5.768551e+00
1.596000e-05	-1.283623e-02	5.716741e+00
1.597000e-05	-1.537733e-02	5.643159e+00
1.598000e-05	-1.621893e-02	5.621025e+00
1.599000e-05	-1.623693e-02	5.589472e+00
1.600000e-05	-1.854873e-02	5.587917e+00
1.601000e-05	-1.755056e-02	5.524762e+00
1.602000e-05	-1.809020e-02	5.453705e+00
1.603000e-05	-1.646193e-02	5.400500e+00
1.604000e-05	-1.518469e-02	5.357866e+00
1.605000e-05	-1.362820e-02	5.323712e+00
1.606000e-05	-1.355678e-02	5.272580e+00
1.607000e-05	-1.252283e-02	5.169421e+00
1.608000e-05	-1.103354e-02	5.112228e+00
1.609000e-05	-9.327210e-03	4.987926e+00
1.610000e-05	-1.099003e-02	4.853234e+00
1.611000e-05	-7.504686e-03	4.810508e+00
1.612000e-05	-7.803208e-03	4.767369e+00
1.613000e-05	-6.274892e-03	4.734687e+00
1.614000e-05	-6.972096e-03	4.630425e+00
1.615000e-05	-6.029247e-03	4.558341e+00
1.616000e-05	-6.079754e-03	4.483154e+00
1.617000e-05	-7.105017e-03	4.420502e+00
1.618000e-05	-6.371664e-03	4.360374e+00
1.619000e-05	-5.017877e-03	4.271710e+00
1.620000e-05	-5.774676e-03	4.135815e+00
1.621000e-05	-5.709256e-03	4.021501e+00
1.622000e-05	-4.450340e-03	3.956866e+00
1.623000e-05	-3.312411e-03	3.873084e+00
1.624000e-05	-5.218181e-03	3.770422e+00
1.625000e-05	-4.891909e-03	3.662236e+00
1.626000e-05	-4.536031e-03	3.621501e+00
1.627000e-05	-4.611817e-03	3.579321e+00
1.628000e-05	-6.041130e-03	3.463550e+00
1.629000e-05	-4.880177e-03	3.316836e+00
1.630000e-05	-4.265555e-03	3.211400e+00
1.631000e-05	-4.616974e-03	3.115814e+00
1.632000e-05	-4.625094e-03	3.061052e+00
1.633000e-05	-3.646675e-03	2.956766e+00
1.634000e-05	-4.162827e-03	2.842554e+00
1.635000e-05	-4.487821e-03	2.789442e+00
1.636000e-05	-4.318924e-03	2.673304e+00
1.637000e-05	-3.969541e-03	2.546361e+00
1.638000e-05	-4.523790e-03	2.378971e+00
1.639000e-05	-5.273799e-03	2.304236e+00
1.640000e-05	-4.170710e-03	2.189974e+00
1.641000e-05	-3.900817e-03	2.075711e+00
1.642000e-05	-3.927076e-03	2.011001e+00
1.643000e-05	-3.835471e-03	1.955813e+00
1.644000e-05	-3.465935e-03	1.800923e+00
1.645000e-05	-4.113352e-03	1.703709e+00
1.646000e-05	-4.489210e-03	1.633366e+00
1.647000e-05	-3.967499e-03	1.471258e+00
1.648000e-05	-4.073033e-03	1.356842e+00
1.649000e-05	-3.485059e-03	1.191524e+00
1.650000e-05	-3.670146e-03	1.146185e+00
1.651000e-05	-3.901137e-03	9.482197e-01
1.652000e-05	-4.394202e-03	8.195512e-01
1.653000e-05	-3.314275e-03	7.256882e-01
1.654000e-05	-3.698397e-03	5.999773e-01
1.655000e-05	-4.237623e-03	4.837345e-01
1.656000e-05	-3.200137e-03	4.089512e-01
1.657000e-05	-3.069299e-03	3.152080e-01
1.658000e-05	-3.228656e-03	2.253457e-01
1.659000e-05	-3.146376e-03	3.155274e-02
1.660000e-05	-5.543894e-04	-4.265934e-02
1.661000e-05	4.850041e-04	-1.779500e-01
1.662000e-05	-1.038958e-03	-2.932080e-01
1.663000e-05	-1.100212e-03	-3.588986e-01
1.664000e-05	-2.355691e-03	-4.401567e-01
1.665000e-05	-2.339704e-03	-5.488696e-01
1.666000e-05	-2.377329e-03	-7.358208e-01
1.667000e-05	1.220902e-02	-7.900738e-01
1.668000e-05	5.118297e-02	-8.748395e-01
1.669000e-05	6.004199e-04	-1.042212e+00
1.670000e-05	-6.642961e-02	-1.244312e+00
1.671000e-05	-8.381094e-02	-1.399092e+00
1.672000e-05	8.217167e-02	-1.377523e+00
1.673000e-05	5.840887e-02	-1.432664e+00
1.674000e-05	-9.622291e-02	-1.654682e+00
1.675000e-05	-5.353702e-02	-1.788421e+00
1.676000e-05	1.196760e-01	-1.739053e+00
1.677000e-05	-1.520348e-01	-1.887766e+00
1.678000e-05	-6.685972e-02	-2.031584e+00
1.679000e-05	1.523259e-01	-2.084216e+00
1.680000e-05	-3.363195e-02	-2.223207e+00
1.681000e-05	-1.100534e-01	-2.378499e+00
1.682000e-05	1.352247e-01	-2.482710e+00
1.683000e-05	-4.860760e-02	-2.560055e+00
1.684000e-05	-8.347845e-02	-2.727341e+00
1.685000e-05	8.882046e-02	-2.779451e+00
1.686000e-05	-2.505671e-02	-2.874263e+00
1.687000e-05	-3.502799e-02	-2.989100e+00
1.688000e-05	6.325250e-02	-3.135217e+00
1.689000e-05	-6.205219e-02	-3.242554e+00
1.690000e-05	2.456356e-02	-3.357817e+00
1.691000e-05	5.725767e-02	-3.361076e+00
1.692000e-05	-1.194547e-01	-3.506840e+00
1.693000e-05	5.357098e-02	-3.589951e+00
1.694000e-05	5.464250e-02	-3.621156e+00
1.695000e-05	-8.637521e-02	-3.798551e+00
1.696000e-05	3.118263e-02	-3.935243e+00
1.697000e-05	2.477661e-02	-4.009430e+00
1.698000e-05	-2.974344e-02	-4.044210e+00
1.699000e-05	-2.424988e-03	-4.096263e+00
1.700000e-05	-2.011624e-02	-4.190082e+00
1.701000e-05	4.560866e-02	-4.254316e+00
1.702000e-05	1.243879e-02	-4.328899e+00
1.703000e-05	-6.900860e-02	-4.391028e+00
1.704000e-05	1.823029e-02	-4.433733e+00
1.705000e-05	3.286672e-02	-4.567948e+00
1.706000e-05	-1.749266e-02	-4.633708e+00
1.707000e-05	-2.080967e-02	-4.684267e+00
1.708000e-05	4.178454e-03	-4.750076e+00
1.709000e-05	4.036733e-02	-4.863612e+00
1.710000e-05	-4.077581e-02	-4.917970e+00
1.711000e-05	-1.803352e-02	-5.018979e+00
1.712000e-05	3.713343e-02	-5.044763e+00
1.713000e-05	-5.532508e-03	-5.147370e+00
1.714000e-05	-2.112767e-02	-5.179002e+00
1.715000e-05	-3.043794e-03	-5.223631e+00
1.716000e-05	2.043170e-02	-5.334869e+00
1.717000e-05	-2.559061e-04	-5.404683e+00
1.718000e-05	-2.808183e-02	-5.546343e+00
1.719000e-05	1.087233e-02	-5.569472e+00
1.720000e-05	1.218564e-02	-5.610050e+00
1.721000e-05	-1.574905e-02	-5.631553e+00
1.722000e-05	6.893841e-04	-5.665285e+00
1.723000e-05	3.876809e-03	-5.717817e+00
1.724000e-05	1.086046e-03	-5.757845e+00
1.725000e-05	-1.010334e-02	-5.810099e+00
1.726000e-05	-1.104632e-03	-5.831607e+00
1.727000e-05	1.019851e-02	-5.855707e+00
1.728000e-05	-7.436589e-03	-5.895292e+00
1.729000e-05	-4.878831e-05	-5.936442e+00
1.730000e-05	7.680863e-04	-5.987918e+00
1.731000e-05	-3.975378e-03	-5.959922e+00
1.732000e-05	-9.454131e-04	-6.019473e+00
1.733000e-05	9.481837e-04	-5.990550e+00
1.734000e-05	1.047118e-03	-5.999502e+00
1.735000e-05	-5.768325e-03	-5.990499e+00
1.736000e-05	-1.739358e-04	-6.012076e+00
1.737000e-05	3.168714e-03	-6.031053e+00
1.738000e-05	-2.742385e-03	-6.052184e+00
1.739000e-05	-2.243303e-03	-6.021660e+00
1.740000e-05	3.039579e-03	-6.053183e+00
1.741000e-05	2.525631e-04	-6.052232e+00
1.742000e-05	-2.974408e-03	-6.103204e+00
1.743000e-05	2.141391e-04	-6.053163e+00
1.744000e-05	2.142956e-03	-6.042734e+00
1.745000e-05	2.066365e-05	-6.072682e+00
1.746000e-05	-1.171486e-03	-6.031635e+00
1.747000e-05	2.621003e-03	-6.041655e+00
1.748000e-05	1.388547e-03	-6.011603e+00
1.749000e-05	1.241527e-03	-6.000525e+00
1.750000e-05	9.747267e-04	-6.040000e+00
1.751000e-05	2.559850e-03	-6.000526e+00
1.752000e-05	2.260268e-03	-6.019473e+00
1.753000e-05	2.537892e-03	-5.979471e+00
1.754000e-05	2.779396e-03	-5.978495e+00
1.755000e-05	2.745374e-03	-5.957392e+00
1.756000e-05	3.423978e-03	-5.924316e+00
1.757000e-05	4.099368e-03	-5.914189e+00
1.758000e-05	4.252701e-03	-5.833580e+00
1.759000e-05	5.183862e-03	-5.830050e+00
1.760000e-05	6.673770e-03	-5.797819e+00
1.761000e-05	6.358136e-03	-5.786890e+00
1.762000e-05	6.714275e-03	-5.656183e+00
1.763000e-05	1.015859e-02	-5.692109e+00
1.764000e-05	1.049785e-02	-5.591025e+00
1.765000e-05	9.397933e-03	-5.589445e+00
1.766000e-05	1.027338e-02	-5.568487e+00
1.767000e-05	1.170384e-02	-5.451212e+00
1.768000e-05	1.134034e-02	-5.467925e+00
1.769000e-05	1.036979e-02	-5.294789e+00
1.770000e-05	1.041628e-02	-5.241109e+00
1.771000e-05	8.282423e-03	-5.169449e+00
1.772000e-05	5.069000e-03	-5.153711e+00
1.773000e-05	4.040359e-03	-5.043657e+00
1.774000e-05	5.225438e-03	-5.009427e+00
1.775000e-05	4.229621e-03	-4.964358e+00
1.776000e-05	2.837718e-03	-4.791449e+00
1.777000e-05	2.771712e-03	-4.795209e+00
1.778000e-05	2.255430e-03	-4.663584e+00
1.779000e-05	1.402494e-03	-4.609900e+00
1.780000e-05	1.355557e-03	-4.535318e+00
1.781000e-05	-6.385810e-04	-4.442636e+00
1.782000e-05	-1.838350e-03	-4.408970e+00
1.783000e-05	5.032949e-05	-4.365841e+00
1.784000e-05	1.600003e-03	-4.292679e+00
1.785000e-05	-2.422990e-04	-4.197547e+00
1.786000e-05	-1.714698e-03	-4.113787e+00
1.787000e-05	-4.175159e-04	-4.011073e+00
1.788000e-05	-3.472808e-04	-3.927344e+00
1.789000e-05	-3.422231e-03	-3.893098e+00
1.790000e-05	-2.656014e-03	-3.714684e+00
1.791000e-05	-2.243464e-04	-3.650550e+00
1.792000e-05	-1.927054e-03	-3.545891e+00
1.793000e-05	-4.284268e-03	-3.493633e+00
1.794000e-05	-3.037929e-03	-3.367470e+00
1.795000e-05	-3.807550e-04	-3.313584e+00
1.796000e-05	-2.004053e-03	-3.219945e+00
1.797000e-05	-3.610241e-03	-3.154809e+00
1.798000e-05	-2.000689e-03	-2.999921e+00
1.799000e-05	-3.152333e-03	-2.881676e+00
1.800000e-05	-3.037383e-03	-2.777370e+00
1.801000e-05	-3.934054e-03	-2.742754e+00
1.802000e-05	-2.165193e-03	-2.609372e+00
1.803000e-05	-3.248496e-03	-2.461158e+00
1.804000e-05	-2.747381e-03	-2.380045e+00
1.805000e-05	-2.759576e-03	-2.325233e+00
1.806000e-05	-3.740900e-03	-2.198366e+00
1.807000e-05	-4.379925e-03	-2.050024e+00
1.808000e-05	-4.069385e-03	-1.965792e+00
1.809000e-05	-3.827320e-03	-1.861504e+00
1.810000e-05	-2.752044e-03	-1.755866e+00
1.811000e-05	-2.131970e-03	-1.620503e+00
1.812000e-05	-3.189646e-03	-1.566418e+00
1.813000e-05	-3.829488e-03	-1.406850e+00
1.814000e-05	-3.899208e-03	-1.269079e+00
1.815000e-05	-2.650765e-03	-1.127310e+00
1.816000e-05	-3.830174e-03	-1.008950e+00
1.817000e-05	-4.199991e-03	-9.131607e-01
1.818000e-05	-4.315789e-03	-8.305251e-01
1.819000e-05	-3.568592e-03	-7.446817e-01
1.820000e-05	-3.668923e-03	-5.753471e-01
1.821000e-05	-3.638570e-03	-4.415003e-01
1.822000e-05	-3.772890e-03	-3.368157e-01
1.823000e-05	-4.120599e-03	-2.195012e-01
1.824000e-05	-4.167485e-03	-1.157858e-01
1.825000e-05	-2.994490e-03	-4.050257e-02
1.826000e-05	-7.019269e-04	3.365790e-02
1.827000e-05	-5.371549e-04	1.420328e-01
1.828000e-05	-3.418958e-03	3.378722e-01
1.829000e-05	-1.488788e-03	3.900826e-01
1.830000e-05	-2.456619e-03	5.178209e-01
1.831000e-05	-2.462491e-03	6.131053e-01
1.832000e-05	-1.838983e-03	7.278960e-01
1.833000e-05	7.243689e-03	7.890577e-01
1.834000e-05	3.538568e-02	9.064289e-01
1.835000e-05	2.687629e-02	1.107017e+00
1.836000e-05	-4.223744e-02	1.265789e+00
1.837000e-05	-8.313501e-02	1.379499e+00
1.838000e-05	-2.799728e-02	1.442136e+00
1.839000e-05	1.240531e-01	1.602172e+00
1.840000e-05	-2.421768e-02	1.767921e+00
1.841000e-05	-1.034712e-01	1.769951e+00
1.842000e-05	9.596050e-02	1.844270e+00
1.843000e-05	-8.164044e-03	2.002554e+00
1.844000e-05	-1.095176e-01	2.096290e+00
1.845000e-05	7.120166e-02	2.160899e+00
1.846000e-05	6.807952e-02	2.276842e+00
1.847000e-05	-1.357163e-01	2.391505e+00
1.848000e-05	5.643412e-02	2.454666e+00
1.849000e-05	6.229429e-02	2.572160e+00
1.850000e-05	-9.497865e-02	2.770025e+00
1.851000e-05	1.282899e-02	2.842633e+00
1.852000e-05	4.582523e-02	2.947397e+00
1.853000e-05	-5.904975e-02	3.052162e+00
1.854000e-05	2.090541e-02	3.167371e+00
1.855000e-05	1.349893e-02	3.190124e+00
1.856000e-05	-2.453263e-02	3.275140e+00
1.857000e-05	3.859800e-02	3.392181e+00
1.858000e-05	-4.005115e-02	3.578977e+00
1.859000e-05	-2.585077e-02	3.610105e+00
1.860000e-05	4.705661e-02	3.737363e+00
1.861000e-05	2.580791e-03	3.772006e+00
1.862000e-05	-4.517215e-02	3.885768e+00
1.863000e-05	2.089833e-02	3.979047e+00
1.864000e-05	4.937561e-03	4.003054e+00
1.865000e-05	-1.522261e-02	4.086316e+00
1.866000e-05	-7.474131e-03	4.195211e+00
1.867000e-05	9.941464e-04	4.369471e+00
1.868000e-05	2.162193e-02	4.400528e+00
1.869000e-05	-1.790026e-02	4.455762e+00
1.870000e-05	-2.124474e-02	4.578997e+00
1.871000e-05	5.706079e-03	4.632083e+00
1.872000e-05	2.300953e-02	4.645861e+00
1.873000e-05	-2.519485e-02	4.739945e+00
1.874000e-05	-1.476683e-02	4.830654e+00
1.875000e-05	2.189537e-02	4.917368e+00
1.876000e-05	6.869324e-04	5.034659e+00
1.877000e-05	-2.561922e-02	5.127449e+00
1.878000e-05	-3.175728e-03	5.222603e+00
1.879000e-05	1.703309e-02	5.275216e+00
1.880000e-05	-1.142214e-02	5.328373e+00
1.881000e-05	-1.146103e-02	5.391979e+00
1.882000e-05	1.893155e-03	5.433614e+00
1.883000e-05	7.401343e-03	5.507845e+00
1.884000e-05	-1.396610e-02	5.548950e+00
1.885000e-05	-6.162275e-03	5.599524e+00
1.886000e-05	5.625622e-03	5.631054e+00
1.887000e-05	-5.956006e-03	5.673158e+00
1.888000e-05	-8.356130e-03	5.705894e+00
1.889000e-05	-1.235058e-03	5.771396e+00
1.890000e-05	1.982513e-03	5.842208e+00
1.891000e-05	-1.169364e-02	5.926316e+00
1.892000e-05	-4.101107e-03	5.977969e+00
1.893000e-05	7.291833e-04	5.989001e+00
1.894000e-05	-3.211375e-03	5.999525e+00
1.895000e-05	-5.243779e-03	6.001056e+00
1.896000e-05	-2.934814e-03	6.030530e+00
1.897000e-05	-3.777237e-03	6.053783e+00
1.898000e-05	-9.230041e-03	6.073137e+00
1.899000e-05	-1.224823e-03	6.086714e+00
1.900000e-05	-8.160191e-04	6.104317e+00
1.901000e-05	-6.384954e-03	6.137370e+00
1.902000e-05	-9.303476e-03	6.148443e+00
1.903000e-05	-1.654491e-03	6.178470e+00
1.904000e-05	-2.152188e-03	6.170025e+00
1.905000e-05	-6.900765e-03	6.178946e+00
1.906000e-05	-4.969568e-03	6.168419e+00
1.907000e-05	-4.562801e-03	6.168000e+00
1.908000e-05	-5.869737e-03	6.198449e+00
1.909000e-05	-7.195065e-03	6.189424e+00
1.910000e-05	-4.091745e-03	6.198500e+00
1.911000e-05	-6.075803e-03	6.178970e+00
1.912000e-05	-6.030994e-03	6.168948e+00
1.913000e-05	-6.406105e-03	6.167396e+00
1.914000e-05	-5.771335e-03	6.146469e+00
1.915000e-05	-6.751081e-03	6.126390e+00
1.916000e-05	-8.106208e-03	6.086837e+00
1.917000e-05	-6.458909e-03	6.093786e+00
1.918000e-05	-8.594947e-03	6.031658e+00
1.919000e-05	-7.258810e-03	6.062558e+00
1.920000e-05	-8.953847e-03	6.030555e+00
1.921000e-05	-9.314659e-03	6.010505e+00
1.922000e-05	-1.000944e-02	6.010049e+00
1.923000e-05	-1.009040e-02	5.999448e+00
1.924000e-05	-1.025428e-02	5.968841e+00
1.925000e-05	-1.194993e-02	5.955334e+00
1.926000e-05	-1.169876e-02	5.881142e+00
1.927000e-05	-1.264551e-02	5.779925e+00
1.928000e-05	-1.431673e-02	5.714261e+00
1.929000e-05	-1.575397e-02	5.631681e+00
1.930000e-05	-1.520320e-02	5.601077e+00
1.931000e-05	-1.711393e-02	5.599950e+00
1.932000e-05	-1.757237e-02	5.557892e+00
1.933000e-05	-1.723268e-02	5.515711e+00
1.934000e-05	-1.839118e-02	5.431157e+00
1.935000e-05	-1.614096e-02	5.419950e+00
1.936000e-05	-1.573711e-02	5.356861e+00
1.937000e-05	-1.264896e-02	5.283687e+00
1.938000e-05	-1.493136e-02	5.230055e+00
1.939000e-05	-1.137229e-02	5.149319e+00
1.940000e-05	-9.748449e-03	5.073153e+00
1.941000e-05	-7.784192e-03	4.936800e+00
1.942000e-05	-1.047903e-02	4.843182e+00
1.943000e-05	-8.123696e-03	4.799948e+00
1.944000e-05	-7.419119e-03	4.728843e+00
1.945000e-05	-6.572282e-03	4.635207e+00
1.946000e-05	-6.948582e-03	4.620973e+00
1.947000e-05	-5.437931e-03	4.524888e+00
1.948000e-05	-6.190889e-03	4.441605e+00
1.949000e-05	-6.892972e-03	4.388471e+00
1.950000e-05	-5.667321e-03	4.327192e+00
1.951000e-05	-5.095772e-03	4.230079e+00
1.952000e-05	-5.985661e-03	4.084235e+00
1.953000e-05	-6.368196e-03	3.999475e+00
1.954000e-05	-4.821600e-03	3.945786e+00
1.955000e-05	-4.758854e-03	3.864129e+00
1.956000e-05	-5.658823e-03	3.778321e+00
1.957000e-05	-4.539357e-03	3.673660e+00
1.958000e-05	-3.429718e-03	3.600052e+00
1.959000e-05	-4.246141e-03	3.526287e+00
1.960000e-05	-4.691928e-03	3.411924e+00
1.961000e-05	-4.444775e-03	3.283612e+00
1.962000e-05	-4.631929e-03	3.199899e+00
1.963000e-05	-5.873444e-03	3.064264e+00
1.964000e-05	-4.869503e-03	3.020399e+00
1.965000e-05	-4.009276e-03	2.965762e+00
1.966000e-05	-3.125600e-03	2.831604e+00
1.967000e-05	-3.671638e-03	2.787266e+00
1.968000e-05	-2.649649e-03	2.722400e+00
1.969000e-05	-3.607929e-03	2.502655e+00
1.970000e-05	-5.245766e-03	2.378349e+00
1.971000e-05	-5.816295e-03	2.294233e+00
1.972000e-05	-4.867600e-03	2.188894e+00
1.973000e-05	-4.311291e-03	2.052631e+00
1.974000e-05	-4.093039e-03	2.009447e+00
1.975000e-05	-3.490617e-03	1.884212e+00
1.976000e-05	-2.911936e-03	1.788468e+00
1.977000e-05	-3.063938e-03	1.673076e+00
1.978000e-05	-3.912488e-03	1.557343e+00
1.979000e-05	-4.080772e-03	1.440025e+00
1.980000e-05	-4.459265e-03	1.315211e+00
1.981000e-05	-4.718438e-03	1.190420e+00
1.982000e-05	-3.804910e-03	1.102629e+00
1.983000e-05	-4.030464e-03	9.431081e-01
1.984000e-05	-3.875188e-03	8.189213e-01
1.985000e-05	-3.581848e-03	6.952168e-01
1.986000e-05	-3.088236e-03	5.694211e-01
1.987000e-05	-3.791994e-03	4.331080e-01
1.988000e-05	-3.707658e-03	3.983737e-01
1.989000e-05	-3.816362e-03	2.945303e-01
1.990000e-05	-3.171534e-03	1.121605e-01
1.991000e-05	-2.394131e-03	2.044862e-02
1.992000e-05	-6.354372e-04	-1.157669e-01
1.993000e-05	7.170472e-04	-2.105789e-01
1.994000e-05	-1.078862e-03	-2.751881e-01
1.995000e-05	-9.084578e-04	-3.999486e-01
1.996000e-05	-2.194458e-03	-3.922566e-01
1.997000e-05	-1.793886e-03	-5.210687e-01
1.998000e-05	-3.585762e-04	-6.964421e-01
1.999000e-05	2.153930e-02	-8.311265e-01
2.000000e-05	5.208231e-02	-9.078684e-01
2.001000e-05	-2.681676e-02	-1.073793e+00
2.002000e-05	-7.379350e-02	-1.335868e+00
2.003000e-05	-7.230727e-02	-1.430572e+00
2.004000e-05	1.198319e-01	-1.384004e+00
2.005000e-05	4.819844e-03	-1.484364e+00
2.006000e-05	-1.150392e-01	-1.695791e+00
2.007000e-05	3.813316e-02	-1.799424e+00
2.008000e-05	7.459042e-02	-1.789581e+00
2.009000e-05	-1.737046e-01	-1.938394e+00
2.010000e-05	-1.257536e-03	-2.033607e+00
2.011000e-05	1.468387e-01	-2.117343e+00
2.012000e-05	-1.052102e-01	-2.305236e+00
2.013000e-05	-4.259127e-02	-2.421078e+00
2.014000e-05	1.267718e-01	-2.493316e+00
2.015000e-05	-9.958147e-02	-2.610155e+00
2.016000e-05	-3.697956e-02	-2.757372e+00
2.017000e-05	9.632943e-02	-2.800651e+00
2.018000e-05	-6.871702e-02	-2.895920e+00
2.019000e-05	1.543383e-02	-3.031628e+00
2.020000e-05	2.944315e-02	-3.148493e+00
2.021000e-05	-6.073243e-02	-3.285228e+00
2.022000e-05	6.224834e-02	-3.336422e+00
2.023000e-05	6.472757e-03	-3.392108e+00
2.024000e-05	-1.050311e-01	-3.558343e+00
2.025000e-05	9.655968e-02	-3.599925e+00
2.026000e-05	6.740559e-03	-3.635288e+00
2.027000e-05	-7.653000e-02	-3.761630e+00
2.028000e-05	5.646816e-02	-3.926297e+00
2.029000e-05	-3.075318e-03	-4.021054e+00
2.030000e-05	-2.114022e-02	-4.112736e+00
2.031000e-05	-6.903404e-03	-4.127921e+00
2.032000e-05	-1.320154e-02	-4.182054e+00
2.033000e-05	5.834768e-02	-4.305840e+00
2.034000e-05	-2.312561e-02	-4.349424e+00
2.035000e-05	-5.268524e-02	-4.431078e+00
2.036000e-05	3.520538e-02	-4.492315e+00
2.037000e-05	1.783206e-02	-4.609474e+00
2.038000e-05	-2.127844e-02	-4.664083e+00
2.039000e-05	-1.886454e-02	-4.726897e+00
2.040000e-05	2.022089e-02	-4.812525e+00
2.041000e-05	2.652965e-02	-4.856841e+00
2.042000e-05	-5.031046e-02	-4.978445e+00
2.043000e-05	2.571975e-03	-5.012555e+00
2.044000e-05	3.254541e-02	-5.103313e+00
2.045000e-05	-1.650569e-02	-5.148920e+00
2.046000e-05	-1.425211e-02	-5.209953e+00
2.047000e-05	-6.164782e-04	-5.225191e+00
2.048000e-05	2.239782e-02	-5.350981e+00
2.049000e-05	-1.215075e-02	-5.444138e+00
2.050000e-05	-2.128562e-02	-5.577420e+00
2.051000e-05	1.799405e-02	-5.568999e+00
2.052000e-05	1.594297e-03	-5.612579e+00
2.053000e-05	-1.182348e-02	-5.632208e+00
2.054000e-05	1.981946e-03	-5.675786e+00
2.055000e-05	2.998451e-03	-5.726896e+00
2.056000e-05	-1.735041e-03	-5.808922e+00
2.057000e-05	-8.550672e-03	-5.819553e+00
2.058000e-05	4.445779e-03	-5.832658e+00
2.059000e-05	5.481621e-03	-5.854763e+00
2.060000e-05	-7.876241e-03	-5.876313e+00
2.061000e-05	2.094062e-03	-5.936391e+00
2.062000e-05	-1.999639e-03	-5.978924e+00
2.063000e-05	-3.820710e-03	-5.999971e+00
2.064000e-05	3.096159e-04	-5.988996e+00
2.065000e-05	1.505001e-03	-5.989976e+00
2.066000e-05	-6.567696e-04	-6.000500e+00
2.067000e-05	-4.699870e-03	-6.001028e+00
2.068000e-05	1.641417e-03	-6.052151e+00
2.069000e-05	6.331380e-04	-6.061580e+00
2.070000e-05	-4.808476e-03	-6.032605e+00
2.071000e-05	-1.205402e-03	-6.031708e+00
2.072000e-05	3.141942e-03	-6.083609e+00
2.073000e-05	7.297742e-04	-6.042712e+00
2.074000e-05	-1.721065e-03	-6.072206e+00
2.075000e-05	1.574326e-03	-6.042762e+00
2.076000e-05	6.227901e-04	-6.093107e+00
2.077000e-05	-5.470717e-04	-6.063529e+00
2.078000e-05	4.521021e-04	-6.031728e+00
2.079000e-05	3.075963e-03	-6.031158e+00
2.080000e-05	6.623329e-04	-6.022103e+00
2.081000e-05	3.175930e-04	-6.030029e+00
2.082000e-05	1.367192e-03	-6.011028e+00
2.083000e-05	2.834329e-03	-5.999500e+00
2.084000e-05	2.074494e-03	-5.999974e+00
2.085000e-05	2.359343e-03	-5.989471e+00
2.086000e-05	3.591789e-03	-5.968945e+00
2.087000e-05	2.966582e-03	-5.916866e+00
2.088000e-05	4.330856e-03	-5.975287e+00
2.089000e-05	4.217285e-03	-5.913154e+00
2.090000e-05	3.362869e-03	-5.821554e+00
2.091000e-05	5.535130e-03	-5.790526e+00
2.092000e-05	8.084288e-03	-5.788921e+00
2.093000e-05	7.288633e-03	-5.716892e+00
2.094000e-05	7.039658e-03	-5.692660e+00
2.095000e-05	9.797698e-03	-5.641549e+00
2.096000e-05	9.614288e-03	-5.600976e+00
2.097000e-05	1.079912e-02	-5.598966e+00
2.098000e-05	1.117480e-02	-5.545412e+00
2.099000e-05	1.195839e-02	-5.462183e+00
2.100000e-05	1.011131e-02	-5.418017e+00
2.101000e-05	9.906592e-03	-5.302811e+00
2.102000e-05	1.009453e-02	-5.240975e+00
2.103000e-05	7.277558e-03	-5.177324e+00
2.104000e-05	5.967369e-03	-5.126213e+00
2.105000e-05	6.088910e-03	-5.070603e+00
2.106000e-05	4.937830e-03	-4.977997e+00
2.107000e-05	2.239393e-03	-4.924230e+00
2.108000e-05	2.817570e-03	-4.760346e+00
2.109000e-05	2.434568e-03	-4.733736e+00
2.110000e-05	1.140719e-03	-4.613501e+00
2.111000e-05	3.941035e-05	-4.578547e+00
2.112000e-05	1.965148e-03	-4.524738e+00
2.113000e-05	2.019938e-03	-4.481083e+00
2.114000e-05	-1.474718e-03	-4.378419e+00
2.115000e-05	-9.252148e-04	-4.344787e+00
2.116000e-05	1.498780e-03	-4.250981e+00
2.117000e-05	-1.504120e-03	-4.157870e+00
2.118000e-05	-2.699200e-03	-4.124031e+00
2.119000e-05	-1.434336e-03	-4.022003e+00
2.120000e-05	-1.058992e-03	-3.964812e+00
2.121000e-05	-2.858027e-03	-3.839494e+00
2.122000e-05	-2.499352e-03	-3.704238e+00
2.123000e-05	-7.130965e-04	-3.620075e+00
2.124000e-05	-2.256768e-03	-3.558840e+00
2.125000e-05	-3.532294e-03	-3.472555e+00
2.126000e-05	-2.479634e-03	-3.356894e+00
2.127000e-05	-1.020774e-03	-3.282054e+00
2.128000e-05	-3.884982e-03	-3.188945e+00
2.129000e-05	-3.222545e-03	-3.125133e+00
2.130000e-05	-2.121227e-03	-2.946292e+00
2.131000e-05	-2.736569e-03	-2.841052e+00
2.132000e-05	-3.700730e-03	-2.756388e+00
2.133000e-05	-3.238541e-03	-2.652104e+00
2.134000e-05	-1.736532e-03	-2.577437e+00
2.135000e-05	-3.532568e-03	-2.412057e+00
2.136000e-05	-2.451271e-03	-2.388441e+00
2.137000e-05	-2.325868e-03	-2.285130e+00
2.138000e-05	-4.193380e-03	-2.146237e+00
2.139000e-05	-4.699512e-03	-2.010003e+00
2.140000e-05	-3.894918e-03	-1.936238e+00
2.141000e-05	-2.020948e-03	-1.820473e+00
2.142000e-05	-3.060565e-03	-1.734214e+00
2.143000e-05	-2.917238e-03	-1.619475e+00
2.144000e-05	-3.576194e-03	-1.534784e+00
2.145000e-05	-3.667214e-03	-1.386270e+00
2.146000e-05	-4.069821e-03	-1.229446e+00
2.147000e-05	-2.837145e-03	-1.114712e+00
2.148000e-05	-4.616270e-03	-1.016520e+00
2.149000e-05	-4.094951e-03	-9.132105e-01
2.150000e-05	-4.615026e-03	-8.294437e-01
2.151000e-05	-3.783256e-03	-6.946328e-01
2.152000e-05	-3.999483e-03	-5.242344e-01
2.153000e-05	-3.358213e-03	-3.994977e-01
2.154000e-05	-3.684216e-03	-3.363117e-01
2.155000e-05	-4.189753e-03	-2.104959e-01
2.156000e-05	-3.230192e-03	-9.465815e-02
2.157000e-05	-1.834468e-03	7.108132e-02
2.158000e-05	1.899064e-04	6.581961e-02
2.159000e-05	-1.603941e-03	2.241053e-01
2.160000e-05	-2.388602e-03	3.984474e-01
2.161000e-05	-2.147486e-03	4.116841e-01
2.162000e-05	-3.131858e-03	5.474169e-01
2.163000e-05	-2.740497e-03	6.531343e-01
2.164000e-05	-2.797724e-04	7.094524e-01
2.165000e-05	1.326689e-02	8.221067e-01
2.166000e-05	4.239417e-02	9.895535e-01
2.167000e-05	9.997273e-03	1.142527e+00
2.168000e-05	-5.513001e-02	1.277893e+00
2.169000e-05	-9.328454e-02	1.429056e+00
2.170000e-05	2.476696e-02	1.465764e+00
2.171000e-05	1.084255e-01	1.614683e+00
2.172000e-05	-6.190485e-02	1.746396e+00
2.173000e-05	-8.386821e-02	1.799103e+00
2.174000e-05	1.179596e-01	1.885322e+00
2.175000e-05	-7.870725e-02	2.001183e+00
2.176000e-05	-6.835682e-02	2.126318e+00
2.177000e-05	1.064175e-01	2.170004e+00
2.178000e-05	1.621727e-03	2.316867e+00
2.179000e-05	-1.145168e-01	2.400053e+00
2.180000e-05	1.015227e-01	2.463717e+00
2.181000e-05	9.404968e-03	2.645212e+00
2.182000e-05	-9.197905e-02	2.790025e+00
2.183000e-05	5.280644e-02	2.843712e+00
2.184000e-05	4.171952e-03	2.948447e+00
2.185000e-05	-4.842711e-02	3.054209e+00
2.186000e-05	3.374217e-02	3.188922e+00
2.187000e-05	-2.079931e-03	3.201110e+00
2.188000e-05	-1.567184e-02	3.298389e+00
2.189000e-05	3.690109e-02	3.483763e+00
2.190000e-05	-6.156985e-02	3.579929e+00
2.191000e-05	-4.676230e-04	3.622584e+00
2.192000e-05	4.779926e-02	3.738426e+00
2.193000e-05	-2.332878e-02	3.821660e+00
2.194000e-05	-2.817297e-02	3.968867e+00
2.195000e-05	1.861029e-02	3.999477e+00
2.196000e-05	1.386948e-03	4.042078e+00
2.197000e-05	-1.859337e-02	4.086398e+00
2.198000e-05	-1.652104e-03	4.264769e+00
2.199000e-05	3.929724e-03	4.369526e+00
2.200000e-05	1.868065e-02	4.431659e+00
2.201000e-05	-2.495796e-02	4.527361e+00
2.202000e-05	-1.770114e-02	4.569930e+00
2.203000e-05	1.749387e-02	4.683182e+00
2.204000e-05	1.072999e-02	4.696391e+00
2.205000e-05	-2.878979e-02	4.781550e+00
2.206000e-05	-7.188110e-03	4.854706e+00
2.207000e-05	2.848928e-02	4.909525e+00
2.208000e-05	-1.319798e-02	5.095235e+00
2.209000e-05	-2.201309e-02	5.190501e+00
2.210000e-05	2.676145e-03	5.211604e+00
2.211000e-05	1.393782e-02	5.284737e+00
2.212000e-05	-1.547477e-02	5.358476e+00
2.213000e-05	-9.716555e-03	5.409579e+00
2.214000e-05	7.670522e-03	5.485238e+00
2.215000e-05	-9.406912e-05	5.478340e+00
2.216000e-05	-1.258563e-02	5.589372e+00
2.217000e-05	-3.988047e-03	5.611525e+00
2.218000e-05	6.074052e-03	5.631154e+00
2.219000e-05	-9.798053e-03	5.684163e+00
2.220000e-05	-5.777013e-03	5.746317e+00
2.221000e-05	6.778043e-04	5.808904e+00
2.222000e-05	-1.514236e-03	5.824758e+00
2.223000e-05	-1.097658e-02	5.915942e+00
2.224000e-05	-2.615108e-03	5.928945e+00
2.225000e-05	1.322477e-03	5.988999e+00
2.226000e-05	-5.104944e-03	6.010501e+00
2.227000e-05	-3.513410e-03	6.021551e+00
2.228000e-05	-3.007958e-03	6.031653e+00
2.229000e-05	-5.483188e-03	6.052158e+00
2.230000e-05	-7.494743e-03	6.054285e+00
2.231000e-05	9.916966e-05	6.133767e+00
2.232000e-05	-2.279733e-03	6.097863e+00
2.233000e-05	-8.072012e-03	6.147841e+00
2.234000e-05	-6.054378e-03	6.176917e+00
2.235000e-05	-2.041899e-03	6.170373e+00
2.236000e-05	-3.274732e-03	6.167924e+00
2.237000e-05	-8.262981e-03	6.188871e+00
2.238000e-05	-3.312477e-03	6.199473e+00
2.239000e-05	-4.818931e-03	6.148998e+00
2.240000e-05	-5.047326e-03	6.199923e+00
2.241000e-05	-6.081024e-03	6.148499e+00
2.242000e-05	-5.435618e-03	6.208421e+00
2.243000e-05	-6.490354e-03	6.159474e+00
2.244000e-05	-7.037304e-03	6.127920e+00
2.245000e-05	-4.799230e-03	6.148899e+00
2.246000e-05	-6.342562e-03	6.126822e+00
2.247000e-05	-7.260610e-03	6.106817e+00
2.248000e-05	-8.176451e-03	6.106263e+00
2.249000e-05	-7.001096e-03	6.135259e+00
2.250000e-05	-8.690518e-03	6.075659e+00
2.251000e-05	-8.200740e-03	6.061605e+00
2.252000e-05	-8.543665e-03	6.010030e+00
2.253000e-05	-1.001886e-02	6.011029e+00
2.254000e-05	-9.777874e-03	6.019551e+00
2.255000e-05	-9.563263e-03	5.978948e+00
2.256000e-05	-1.116746e-02	5.957917e+00
2.257000e-05	-1.254570e-02	5.886312e+00
2.258000e-05	-1.093122e-02	5.851600e+00
2.259000e-05	-1.343562e-02	5.736847e+00
2.260000e-05	-1.522771e-02	5.703156e+00
2.261000e-05	-1.507677e-02	5.611653e+00
2.262000e-05	-1.492124e-02	5.600551e+00
2.263000e-05	-1.686387e-02	5.578970e+00
2.264000e-05	-1.857946e-02	5.486838e+00
2.265000e-05	-1.717400e-02	5.453758e+00
2.266000e-05	-1.782345e-02	5.431575e+00
2.267000e-05	-1.672001e-02	5.399972e+00
2.268000e-05	-1.487178e-02	5.335814e+00
2.269000e-05	-1.353836e-02	5.293632e+00
2.270000e-05	-1.278130e-02	5.220502e+00
2.271000e-05	-1.155993e-02	5.177340e+00
2.272000e-05	-9.162938e-03	5.004155e+00
2.273000e-05	-9.417000e-03	4.887789e+00
2.274000e-05	-8.641416e-03	4.841057e+00
2.275000e-05	-7.783208e-03	4.769975e+00
2.276000e-05	-6.633146e-03	4.726265e+00
2.277000e-05	-7.088137e-03	4.641579e+00
2.278000e-05	-6.613874e-03	4.578466e+00
2.279000e-05	-5.585096e-03	4.504759e+00
2.280000e-05	-6.466003e-03	4.421079e+00
2.281000e-05	-6.224756e-03	4.399498e+00
2.282000e-05	-4.821427e-03	4.314763e+00
2.283000e-05	-4.655185e-03	4.179474e+00
2.284000e-05	-6.694451e-03	4.081584e+00
2.285000e-05	-6.756410e-03	3.989972e+00
2.286000e-05	-3.891840e-03	3.936292e+00
2.287000e-05	-4.834147e-03	3.821558e+00
2.288000e-05	-5.373145e-03	3.757318e+00
2.289000e-05	-4.731074e-03	3.662130e+00
2.290000e-05	-4.445361e-03	3.578899e+00
2.291000e-05	-5.359132e-03	3.526158e+00
2.292000e-05	-4.694814e-03	3.367369e+00
2.293000e-05	-3.706125e-03	3.261056e+00
2.294000e-05	-4.732012e-03	3.158444e+00
2.295000e-05	-4.840584e-03	3.092658e+00
2.296000e-05	-3.434262e-03	2.987918e+00
2.297000e-05	-4.230811e-03	2.864235e+00
2.298000e-05	-5.041127e-03	2.819976e+00
2.299000e-05	-4.420190e-03	2.694336e+00
2.300000e-05	-3.584135e-03	2.590449e+00
2.301000e-05	-3.800696e-03	2.484081e+00
2.302000e-05	-4.226378e-03	2.356366e+00
2.303000e-05	-3.609366e-03	2.264104e+00
2.304000e-05	-4.206961e-03	2.168342e+00
2.305000e-05	-4.929946e-03	2.052055e+00
2.306000e-05	-3.930699e-03	1.990895e+00
2.307000e-05	-3.114343e-03	1.913550e+00
2.308000e-05	-3.206814e-03	1.726793e+00
2.309000e-05	-4.063537e-03	1.681046e+00
2.310000e-05	-4.764948e-03	1.524263e+00
2.311000e-05	-3.919812e-03	1.369397e+00
2.312000e-05	-4.502461e-03	1.302130e+00
2.313000e-05	-3.618785e-03	1.178840e+00
2.314000e-05	-2.997473e-03	1.022556e+00
2.315000e-05	-4.190828e-03	8.835819e-01
2.316000e-05	-3.784363e-03	7.884185e-01
2.317000e-05	-3.672762e-03	6.711027e-01
2.318000e-05	-4.102237e-03	5.548921e-01
2.319000e-05	-3.995609e-03	4.210779e-01
2.320000e-05	-3.863854e-03	3.878435e-01
2.321000e-05	-3.299594e-03	2.314724e-01
2.322000e-05	-2.519754e-03	8.210778e-02
2.323000e-05	-2.579826e-03	8.417178e-03
2.324000e-05	9.637396e-04	-1.348908e-01
2.325000e-05	-2.386155e-05	-2.310603e-01
2.326000e-05	-1.922684e-03	-3.372672e-01
2.327000e-05	-2.228975e-03	-3.806052e-01
2.328000e-05	-2.692866e-03	-4.436882e-01
2.329000e-05	-2.433348e-03	-6.625805e-01
2.330000e-05	8.233074e-04	-7.694238e-01
2.331000e-05	3.290810e-02	-8.311841e-01
2.332000e-05	4.333895e-02	-9.699248e-01
2.333000e-05	-4.680352e-02	-1.118997e+00
2.334000e-05	-8.103940e-02	-1.348821e+00
2.335000e-05	-3.391174e-02	-1.440049e+00
2.336000e-05	1.263781e-01	-1.379927e+00
2.337000e-05	-4.032582e-02	-1.559528e+00
2.338000e-05	-1.129070e-01	-1.767363e+00
2.339000e-05	1.118217e-01	-1.800000e+00
2.340000e-05	-1.980815e-02	-1.843159e+00
2.341000e-05	-1.606927e-01	-1.999554e+00
2.342000e-05	6.750917e-02	-2.052709e+00
2.343000e-05	1.071984e-01	-2.137976e+00
2.344000e-05	-1.431991e-01	-2.358398e+00
2.345000e-05	4.563555e-02	-2.441629e+00
2.346000e-05	8.586642e-02	-2.465372e+00
2.347000e-05	-1.200300e-01	-2.644783e+00
2.348000e-05	1.671873e-02	-2.778370e+00
2.349000e-05	6.866080e-02	-2.841632e+00
2.350000e-05	-8.498479e-02	-2.948395e+00
2.351000e-05	5.899103e-02	-3.033708e+00
2.352000e-05	-1.161323e-02	-3.169927e+00
2.353000e-05	-4.288467e-02	-3.285788e+00
2.354000e-05	8.750997e-02	-3.376448e+00
2.355000e-05	-5.478572e-02	-3.452608e+00
2.356000e-05	-5.749817e-02	-3.548894e+00
2.357000e-05	1.083978e-01	-3.590028e+00
2.358000e-05	-3.893888e-02	-3.664788e+00
2.359000e-05	-4.585423e-02	-3.853708e+00
2.360000e-05	6.119277e-02	-3.927821e+00
2.361000e-05	-2.259031e-02	-4.030582e+00
2.362000e-05	-1.093642e-02	-4.083688e+00
2.363000e-05	-1.425686e-02	-4.148025e+00
2.364000e-05	4.796900e-03	-4.241131e+00
2.365000e-05	5.694678e-02	-4.336322e+00
2.366000e-05	-5.313026e-02	-4.369974e+00
2.367000e-05	-2.866011e-02	-4.432106e+00
2.368000e-05	4.318704e-02	-4.533221e+00
2.369000e-05	2.672225e-03	-4.632630e+00
2.370000e-05	-2.396700e-02	-4.683335e+00
2.371000e-05	-1.399187e-02	-4.738023e+00
2.372000e-05	3.778703e-02	-4.810612e+00
2.373000e-05	2.792876e-03	-4.916364e+00
2.374000e-05	-4.894318e-02	-4.930099e+00
2.375000e-05	2.061430e-02	-5.021630e+00
2.376000e-05	2.054278e-02	-5.125265e+00
2.377000e-05	-2.491194e-02	-5.198972e+00
2.378000e-05	-8.382736e-03	-5.231105e+00
2.379000e-05	8.380919e-03	-5.305763e+00
2.380000e-05	1.903615e-02	-5.359078e+00
2.381000e-05	-2.388521e-02	-5.505265e+00
2.382000e-05	-9.730578e-03	-5.556873e+00
2.383000e-05	2.407142e-02	-5.589921e+00
2.384000e-05	-9.203535e-03	-5.591531e+00
2.385000e-05	-1.003692e-02	-5.663233e+00
2.386000e-05	2.222014e-03	-5.716812e+00
2.387000e-05	5.070370e-03	-5.737346e+00
2.388000e-05	-4.026342e-03	-5.788945e+00
2.389000e-05	-8.116863e-03	-5.801030e+00
2.390000e-05	8.333226e-03	-5.881131e+00
2.391000e-05	3.695374e-04	-5.874159e+00
2.392000e-05	-5.675813e-03	-5.914870e+00
2.393000e-05	2.889757e-03	-5.957418e+00
2.394000e-05	-1.537832e-03	-5.979869e+00
2.395000e-05	-4.623462e-03	-5.979472e+00
2.396000e-05	-4.578663e-04	-5.999000e+00
2.397000e-05	3.183314e-04	-6.000524e+00
2.398000e-05	-1.501993e-03	-5.990525e+00
2.399000e-05	-2.878281e-03	-6.052526e+00
2.400000e-05	3.878883e-03	-6.042080e+00
2.401000e-05	-4.560233e-04	-6.041650e+00
2.402000e-05	-5.649306e-03	-6.031056e+00
2.403000e-05	1.063682e-03	-6.032710e+00
2.404000e-05	2.845164e-03	-6.062107e+00
2.405000e-05	-3.326438e-04	-6.042107e+00
2.406000e-05	-3.044070e-03	-6.102556e+00
2.407000e-05	1.268629e-03	-6.084585e+00
2.408000e-05	8.067371e-04	-6.073080e+00
2.409000e-05	-9.016822e-04	-6.054083e+00
2.410000e-05	1.878984e-03	-6.034055e+00
2.411000e-05	1.430113e-03	-6.051204e+00
2.412000e-05	6.639972e-04	-6.021080e+00
2.413000e-05	3.083919e-04	-6.012053e+00
2.414000e-05	2.684835e-03	-6.010503e+00
2.415000e-05	2.448556e-03	-6.008474e+00
2.416000e-05	2.242295e-03	-5.988499e+00
2.417000e-05	2.314374e-03	-5.998422e+00
2.418000e-05	3.422434e-03	-5.998396e+00
2.419000e-05	3.521941e-03	-5.917367e+00
2.420000e-05	4.427080e-03	-5.924737e+00
2.421000e-05	3.679769e-03	-5.883129e+00
2.422000e-05	4.165532e-03	-5.812103e+00
2.423000e-05	6.166554e-03	-5.830474e+00
2.424000e-05	7.940281e-03	-5.727292e+00
2.425000e-05	7.763045e-03	-5.706739e+00
2.426000e-05	7.711502e-03	-5.693109e+00
2.427000e-05	9.659286e-03	-5.631575e+00
2.428000e-05	9.678308e-03	-5.619500e+00
2.429000e-05	1.021809e-02	-5.568847e+00
2.430000e-05	1.211592e-02	-5.534762e+00
2.431000e-05	1.195571e-02	-5.483079e+00
2.432000e-05	1.036585e-02	-5.375840e+00
2.433000e-05	1.012042e-02	-5.302103e+00
2.434000e-05	9.501615e-03	-5.210525e+00
2.435000e-05	6.868638e-03	-5.166364e+00
2.436000e-05	6.190491e-03	-5.094158e+00
2.437000e-05	5.994400e-03	-5.030626e+00
2.438000e-05	3.684284e-03	-4.965366e+00
2.439000e-05	3.434117e-03	-4.942188e+00
2.440000e-05	2.532273e-03	-4.796863e+00
2.441000e-05	3.796568e-03	-4.683635e+00
2.442000e-05	1.395855e-03	-4.611026e+00
2.443000e-05	1.257341e-04	-4.598423e+00
2.444000e-05	1.496626e-03	-4.503687e+00
2.445000e-05	1.043832e-04	-4.441528e+00
2.446000e-05	-9.728971e-04	-4.387944e+00
2.447000e-05	1.263038e-04	-4.335181e+00
2.448000e-05	8.317394e-04	-4.240549e+00
2.449000e-05	-1.607088e-03	-4.168312e+00
2.450000e-05	-1.967336e-03	-4.051556e+00
2.451000e-05	5.270427e-05	-3.999924e+00
2.452000e-05	-1.055917e-03	-3.965283e+00
2.453000e-05	-3.646717e-03	-3.816965e+00
2.454000e-05	-2.323153e-03	-3.644157e+00
2.455000e-05	-1.559661e-03	-3.608450e+00
2.456000e-05	-2.423582e-03	-3.524737e+00
2.457000e-05	-3.221654e-03	-3.460551e+00
2.458000e-05	-1.936364e-03	-3.336838e+00
2.459000e-05	-2.015316e-03	-3.262925e+00
2.460000e-05	-3.358095e-03	-3.188341e+00
2.461000e-05	-2.599028e-03	-3.120652e+00
2.462000e-05	-2.242226e-03	-2.874239e+00
2.463000e-05	-2.917671e-03	-2.809523e+00
2.464000e-05	-3.358130e-03	-2.736739e+00
2.465000e-05	-3.627289e-03	-2.649476e+00
2.466000e-05	-2.358024e-03	-2.535332e+00
2.467000e-05	-3.053325e-03	-2.411003e+00
2.468000e-05	-2.550103e-03	-2.377291e+00
2.469000e-05	-2.957922e-03	-2.240424e+00
2.470000e-05	-4.470724e-03	-2.122584e+00
2.471000e-05	-4.785249e-03	-1.999470e+00
2.472000e-05	-3.742428e-03	-1.884657e+00
2.473000e-05	-2.628199e-03	-1.778420e+00
2.474000e-05	-3.291872e-03	-1.693689e+00
2.475000e-05	-2.231391e-03	-1.608920e+00
2.476000e-05	-3.263618e-03	-1.522681e+00
2.477000e-05	-3.628507e-03	-1.315291e+00
2.478000e-05	-3.852168e-03	-1.189397e+00
2.479000e-05	-2.647176e-03	-1.091657e+00
2.480000e-05	-3.919549e-03	-9.773157e-01
2.481000e-05	-4.905539e-03	-8.615539e-01
2.482000e-05	-4.775750e-03	-7.783461e-01
2.483000e-05	-3.253358e-03	-6.930016e-01
2.484000e-05	-3.694520e-03	-4.727315e-01
2.485000e-05	-3.389232e-03	-4.009197e-01
2.486000e-05	-3.399417e-03	-2.646330e-01
2.487000e-05	-3.819648e-03	-2.205263e-01
2.488000e-05	-2.231075e-03	1.000251e-02
2.489000e-05	-1.993420e-03	-2.889486e-02
2.490000e-05	-4.443788e-04	9.729436e-02
2.491000e-05	-2.606025e-03	2.847644e-01
2.492000e-05	-2.388589e-03	3.594761e-01
2.493000e-05	-2.726490e-03	4.532129e-01
2.494000e-05	-1.020539e-03	5.884724e-01
2.495000e-05	-2.446687e-03	6.142118e-01
2.496000e-05	1.311923e-03	7.499750e-01
2.497000e-05	1.993652e-02	8.527630e-01
2.498000e-05	4.505419e-02	1.013734e+00
2.499000e-05	-8.561534e-03	1.222662e+00
2.500000e-05	-6.486521e-02	1.396371e+00
2.501000e-05	-9.017604e-02	1.401588e+00
2.502000e-05	7.722502e-02	1.505995e+00
2.503000e-05	6.918633e-02	1.746514e+00
2.504000e-05	-8.975082e-02	1.769471e+00
2.505000e-05	-3.774649e-02	1.821684e+00
2.506000e-05	1.045268e-01	1.949022e+00
2.507000e-05	-1.210733e-01	2.074410e+00
2.508000e-05	-1.960274e-02	2.156867e+00
2.509000e-05	1.215048e-01	2.212557e+00
2.510000e-05	-6.874606e-02	2.358896e+00
2.511000e-05	-6.478746e-02	2.431659e+00
2.512000e-05	1.141949e-01	2.528974e+00
2.513000e-05	-4.216882e-02	2.695891e+00
2.514000e-05	-6.526866e-02	2.810023e+00
2.515000e-05	7.417475e-02	2.853811e+00
2.516000e-05	-3.213805e-02	2.950428e+00
2.517000e-05	-2.664038e-02	3.084787e+00
2.518000e-05	3.312709e-02	3.189025e+00
2.519000e-05	-1.439627e-02	3.223737e+00
2.520000e-05	5.916473e-03	3.298025e+00
2.521000e-05	1.788280e-02	3.517341e+00
2.522000e-05	-6.570153e-02	3.591051e+00
2.523000e-05	2.265801e-02	3.643712e+00
2.524000e-05	4.001961e-02	3.709445e+00
2.525000e-05	-4.394916e-02	3.833687e+00
2.526000e-05	-3.960957e-03	3.970523e+00
2.527000e-05	1.265929e-02	4.000050e+00
2.528000e-05	-3.926787e-03	4.064184e+00
2.529000e-05	-1.841298e-02	4.168575e+00
2.530000e-05	1.518919e-03	4.296295e+00
2.531000e-05	8.282266e-03	4.391026e+00
2.532000e-05	8.497064e-03	4.452735e+00
2.533000e-05	-2.696150e-02	4.518320e+00
2.534000e-05	-1.321997e-02	4.599529e+00
2.535000e-05	2.476825e-02	4.672788e+00
2.536000e-05	-2.575562e-03	4.748900e+00
2.537000e-05	-2.501879e-02	4.800578e+00
2.538000e-05	2.280205e-03	4.843236e+00
2.539000e-05	2.312154e-02	4.982528e+00
2.540000e-05	-2.242242e-02	5.057843e+00
2.541000e-05	-1.540447e-02	5.169952e+00
2.542000e-05	1.064622e-02	5.223180e+00
2.543000e-05	3.911019e-03	5.295893e+00
2.544000e-05	-1.626714e-02	5.360446e+00
2.545000e-05	-7.176913e-03	5.410578e+00
2.546000e-05	1.053652e-02	5.465289e+00
2.547000e-05	-7.391621e-03	5.527848e+00
2.548000e-05	-1.127778e-02	5.579471e+00
2.549000e-05	5.999624e-04	5.621001e+00
2.550000e-05	3.667767e-03	5.621133e+00
2.551000e-05	-1.151862e-02	5.665392e+00
2.552000e-05	-4.147426e-03	5.729997e+00
2.553000e-05	3.428786e-03	5.830635e+00
2.554000e-05	-5.994622e-03	5.874266e+00
2.555000e-05	-9.008056e-03	5.888316e+00
2.556000e-05	-1.376822e-03	5.948949e+00
2.557000e-05	2.077261e-03	5.998501e+00
2.558000e-05	-6.803214e-03	6.000553e+00
2.559000e-05	-3.511013e-03	6.000605e+00
2.560000e-05	-3.741754e-03	6.062106e+00
2.561000e-05	-5.525118e-03	6.042634e+00
2.562000e-05	-4.992949e-03	6.073787e+00
2.563000e-05	-3.268369e-04	6.114315e+00
2.564000e-05	-4.329785e-03	6.134791e+00
2.565000e-05	-8.542245e-03	6.097271e+00
2.566000e-05	-3.831210e-03	6.169445e+00
2.567000e-05	-2.002173e-03	6.157396e+00
2.568000e-05	-4.917762e-03	6.178421e+00
2.569000e-05	-7.391430e-03	6.157970e+00
2.570000e-05	-2.974937e-03	6.158550e+00
2.571000e-05	-4.820910e-03	6.189474e+00
2.572000e-05	-6.982248e-03	6.189527e+00
2.573000e-05	-4.906473e-03	6.169472e+00
2.574000e-05	-5.228850e-03	6.180473e+00
2.575000e-05	-7.291030e-03	6.166496e+00
2.576000e-05	-7.739554e-03	6.168421e+00
2.577000e-05	-4.206652e-03	6.138393e+00
2.578000e-05	-6.725821e-03	6.127396e+00
2.579000e-05	-7.493412e-03	6.116337e+00
2.580000e-05	-7.252679e-03	6.084788e+00
2.581000e-05	-6.969607e-03	6.124688e+00
2.582000e-05	-7.951450e-03	6.032032e+00
2.583000e-05	-8.760190e-03	6.031654e+00
2.584000e-05	-8.762839e-03	6.010630e+00
2.585000e-05	-9.465868e-03	6.000550e+00
2.586000e-05	-8.968759e-03	5.968450e+00
2.587000e-05	-1.058877e-02	5.978472e+00
2.588000e-05	-1.151923e-02	5.956892e+00
2.589000e-05	-1.195936e-02	5.905763e+00
2.590000e-05	-1.163146e-02	5.799731e+00
2.591000e-05	-1.305916e-02	5.718422e+00
2.592000e-05	-1.598164e-02	5.685558e+00
2.593000e-05	-1.573479e-02	5.610551e+00
2.594000e-05	-1.677025e-02	5.600050e+00
2.595000e-05	-1.702916e-02	5.557917e+00
2.596000e-05	-1.816632e-02	5.496767e+00
2.597000e-05	-1.728344e-02	5.453156e+00
2.598000e-05	-1.730496e-02	5.400026e+00
2.599000e-05	-1.615449e-02	5.399420e+00
2.600000e-05	-1.429962e-02	5.324287e+00
2.601000e-05	-1.332710e-02	5.243158e+00
2.602000e-05	-1.272236e-02	5.199399e+00
2.603000e-05	-1.092526e-02	5.105286e+00
2.604000e-05	-8.416133e-03	5.009574e+00
2.605000e-05	-9.730451e-03	4.883687e+00
2.606000e-05	-7.969852e-03	4.802049e+00
2.607000e-05	-7.950530e-03	4.798893e+00
2.608000e-05	-6.473022e-03	4.723161e+00
2.609000e-05	-7.721959e-03	4.632558e+00
2.610000e-05	-6.279123e-03	4.588963e+00
2.611000e-05	-4.826796e-03	4.483613e+00
2.612000e-05	-6.780177e-03	4.441078e+00
2.613000e-05	-5.978884e-03	4.368367e+00
2.614000e-05	-4.691882e-03	4.293211e+00
2.615000e-05	-4.591730e-03	4.135916e+00
2.616000e-05	-5.675927e-03	4.032555e+00
2.617000e-05	-5.785741e-03	3.999347e+00
2.618000e-05	-3.755416e-03	3.904337e+00
2.619000e-05	-5.175385e-03	3.798951e+00
2.620000e-05	-5.088732e-03	3.716743e+00
2.621000e-05	-4.095815e-03	3.641073e+00
2.622000e-05	-4.800525e-03	3.588371e+00
2.623000e-05	-4.757925e-03	3.493762e+00
2.624000e-05	-4.421084e-03	3.363263e+00
2.625000e-05	-4.087039e-03	3.231429e+00
2.626000e-05	-4.535353e-03	3.156816e+00
2.627000e-05	-4.781655e-03	3.062080e+00
2.628000e-05	-3.935286e-03	2.977916e+00
2.629000e-05	-4.296227e-03	2.862684e+00
2.630000e-05	-4.611615e-03	2.789392e+00
2.631000e-05	-4.129549e-03	2.754682e+00
2.632000e-05	-3.400262e-03	2.554216e+00
2.633000e-05	-5.030466e-03	2.411504e+00
2.634000e-05	-4.512543e-03	2.316314e+00
2.635000e-05	-3.891910e-03	2.202553e+00
2.636000e-05	-3.306822e-03	2.134737e+00
2.637000e-05	-4.650188e-03	2.041527e+00
2.638000e-05	-4.748793e-03	1.966464e+00
2.639000e-05	-3.905252e-03	1.862025e+00
2.640000e-05	-2.780329e-03	1.696238e+00
2.641000e-05	-4.714668e-03	1.599449e+00
2.642000e-05	-3.779124e-03	1.473182e+00
2.643000e-05	-3.809585e-03	1.358867e+00
2.644000e-05	-3.910473e-03	1.241579e+00
2.645000e-05	-3.895852e-03	1.127316e+00
2.646000e-05	-3.375251e-03	9.779899e-01
2.647000e-05	-4.099138e-03	8.131276e-01
2.648000e-05	-3.919610e-03	7.273684e-01
2.649000e-05	-3.890890e-03	6.419287e-01
2.650000e-05	-3.408602e-03	5.042357e-01
2.651000e-05	-3.768787e-03	4.704788e-01
2.652000e-05	-4.355449e-03	3.283658e-01
2.653000e-05	-3.622438e-03	1.804974e-01
2.654000e-05	-2.644027e-03	4.170381e-02
2.655000e-05	-1.052527e-03	-2.313165e-02
2.656000e-05	9.303698e-04	-1.179172e-01
2.657000e-05	-6.613024e-04	-2.226592e-01
2.658000e-05	-1.851716e-03	-3.583698e-01
2.659000e-05	-2.425466e-03	-4.001551e-01
2.660000e-05	-1.989968e-03	-4.957884e-01
2.661000e-05	-1.501879e-03	-6.652105e-01
2.662000e-05	6.533056e-03	-8.190275e-01
2.663000e-05	4.555677e-02	-8.332117e-01
2.664000e-05	2.302835e-02	-9.710787e-01
2.665000e-05	-5.904786e-02	-1.200584e+00
2.666000e-05	-8.542478e-02	-1.379045e+00
2.667000e-05	2.831874e-02	-1.430602e+00
2.668000e-05	1.043316e-01	-1.340130e+00
2.669000e-05	-7.798482e-02	-1.592033e+00
2.670000e-05	-9.008366e-02	-1.778420e+00
2.671000e-05	1.180824e-01	-1.788527e+00
2.672000e-05	-1.038033e-01	-1.874238e+00
2.673000e-05	-1.162813e-01	-2.001080e+00
2.674000e-05	1.275669e-01	-2.065214e+00
2.675000e-05	3.447959e-02	-2.139113e+00
2.676000e-05	-1.374605e-01	-2.399473e+00
2.677000e-05	1.067149e-01	-2.402133e+00
2.678000e-05	1.175771e-02	-2.527519e+00
2.679000e-05	-1.108884e-01	-2.724763e+00
2.680000e-05	6.332021e-02	-2.769552e+00
2.681000e-05	1.964150e-02	-2.832714e+00
2.682000e-05	-6.737267e-02	-2.969023e+00
2.683000e-05	7.234064e-02	-3.074764e+00
2.684000e-05	-4.683463e-02	-3.200582e+00
2.685000e-05	-9.367461e-03	-3.335266e+00
2.686000e-05	8.319446e-02	-3.339400e+00
2.687000e-05	-1.032050e-01	-3.475310e+00
2.688000e-05	2.664383e-03	-3.578950e+00
2.689000e-05	8.994126e-02	-3.621654e+00
2.690000e-05	-7.340737e-02	-3.696898e+00
2.691000e-05	-3.030957e-03	-3.875761e+00
2.692000e-05	4.697451e-02	-3.989500e+00
2.693000e-05	-3.120642e-02	-4.033160e+00
2.694000e-05	-3.776551e-03	-4.115241e+00
2.695000e-05	-2.035136e-02	-4.170000e+00
2.696000e-05	2.787248e-02	-4.264259e+00
2.697000e-05	3.928984e-02	-4.376944e+00
2.698000e-05	-6.829070e-02	-4.420478e+00
2.699000e-05	-8.694915e-04	-4.424235e+00
2.700000e-05	3.967953e-02	-4.570371e+00
2.701000e-05	-9.337019e-03	-4.652058e+00
2.702000e-05	-2.479705e-02	-4.674737e+00
2.703000e-05	-6.054205e-03	-4.777947e+00
2.704000e-05	4.370203e-02	-4.853164e+00
2.705000e-05	-2.354522e-02	-4.916365e+00
2.706000e-05	-3.486456e-02	-5.019980e+00
2.707000e-05	3.340804e-02	-5.063207e+00
2.708000e-05	6.822906e-03	-5.136842e+00
2.709000e-05	-2.460779e-02	-5.159950e+00
2.710000e-05	-5.750190e-03	-5.212631e+00
2.711000e-05	1.415433e-02	-5.386920e+00
2.712000e-05	1.079757e-02	-5.463030e+00
2.713000e-05	-2.817554e-02	-5.506368e+00
2.714000e-05	1.349269e-03	-5.598448e+00
2.715000e-05	1.858260e-02	-5.580524e+00
2.716000e-05	-1.476968e-02	-5.651129e+00
2.717000e-05	-2.760109e-03	-5.643735e+00
2.718000e-05	3.324283e-03	-5.735872e+00
2.719000e-05	2.806185e-03	-5.757396e+00
2.720000e-05	-8.798256e-03	-5.779475e+00
2.721000e-05	-4.558479e-03	-5.823551e+00
2.722000e-05	9.877714e-03	-5.843181e+00
2.723000e-05	-4.446667e-03	-5.894735e+00
2.724000e-05	-3.040948e-03	-5.946318e+00
2.725000e-05	1.378320e-03	-5.957367e+00
2.726000e-05	-3.428747e-03	-5.958945e+00
2.727000e-05	-1.673662e-03	-5.979974e+00
2.728000e-05	1.188010e-03	-5.989998e+00
2.729000e-05	6.425045e-04	-6.011501e+00
2.730000e-05	-3.111221e-03	-6.020526e+00
2.731000e-05	-1.812652e-03	-6.010586e+00
2.732000e-05	4.205078e-03	-6.023104e+00
2.733000e-05	-2.396947e-03	-6.030530e+00
2.734000e-05	-4.191430e-03	-6.044084e+00
2.735000e-05	2.385723e-03	-6.040729e+00
2.736000e-05	1.594830e-04	-6.044133e+00
2.737000e-05	-1.417779e-03	-6.083057e+00
2.738000e-05	-7.073924e-04	-6.064488e+00
2.739000e-05	3.381244e-03	-6.062657e+00
2.740000e-05	-1.682868e-04	-6.041607e+00
2.741000e-05	-1.022662e-03	-6.081130e+00
2.742000e-05	2.065461e-03	-6.053604e+00
2.743000e-05	2.416673e-03	-6.041579e+00
2.744000e-05	7.461544e-04	-6.002054e+00
2.745000e-05	-7.818437e-04	-6.011603e+00
2.746000e-05	2.277103e-03	-6.019997e+00
2.747000e-05	3.853345e-03	-5.999499e+00
2.748000e-05	2.835796e-03	-5.998999e+00
2.749000e-05	2.421406e-03	-5.978392e+00
2.750000e-05	3.520693e-03	-5.968896e+00
2.751000e-05	4.936924e-03	-5.935837e+00
2.752000e-05	4.928290e-03	-5.895234e+00
2.753000e-05	3.173803e-03	-5.864503e+00
2.754000e-05	3.758736e-03	-5.831551e+00
2.755000e-05	7.605620e-03	-5.808475e+00
2.756000e-05	7.971627e-03	-5.736345e+00
2.757000e-05	6.597623e-03	-5.694786e+00
2.758000e-05	8.397358e-03	-5.663529e+00
2.759000e-05	1.029758e-02	-5.631025e+00
2.760000e-05	1.070110e-02	-5.599425e+00
2.761000e-05	9.828819e-03	-5.587442e+00
2.762000e-05	1.208421e-02	-5.532813e+00
2.763000e-05	1.168587e-02	-5.469526e+00
2.764000e-05	1.108587e-02	-5.356363e+00
2.765000e-05	1.011530e-02	-5.272003e+00
2.766000e-05	8.811566e-03	-5.199923e+00
2.767000e-05	6.614540e-03	-5.177842e+00
2.768000e-05	5.456801e-03	-5.093056e+00
2.769000e-05	5.046966e-03	-5.009925e+00
2.770000e-05	3.042150e-03	-4.962769e+00
2.771000e-05	3.118305e-03	-4.831629e+00
2.772000e-05	2.747607e-03	-4.766695e+00
2.773000e-05	1.407872e-03	-4.662254e+00
2.774000e-05	5.354782e-04	-4.631071e+00
2.775000e-05	1.740200e-03	-4.566367e+00
2.776000e-05	2.205878e-03	-4.484108e+00
2.777000e-05	-1.727778e-03	-4.421028e+00
2.778000e-05	-2.367967e-03	-4.356291e+00
2.779000e-05	2.095932e-04	-4.302626e+00
2.780000e-05	4.525168e-04	-4.209949e+00
2.781000e-05	-2.320676e-03	-4.127758e+00
2.782000e-05	-7.080816e-04	-4.051600e+00
2.783000e-05	8.731093e-04	-3.989896e+00
2.784000e-05	-9.069789e-04	-3.881558e+00
2.785000e-05	-3.061653e-03	-3.786293e+00
2.786000e-05	-2.329160e-03	-3.661525e+00
2.787000e-05	-1.535010e-03	-3.578944e+00
2.788000e-05	-4.167083e-03	-3.503703e+00
2.789000e-05	-3.020524e-03	-3.409849e+00
2.790000e-05	-2.005672e-03	-3.313637e+00
2.791000e-05	-1.411798e-03	-3.220950e+00
2.792000e-05	-3.473393e-03	-3.136740e+00
2.793000e-05	-8.437292e-04	-3.031946e+00
2.794000e-05	-2.824473e-03	-2.906133e+00
2.795000e-05	-2.840398e-03	-2.788946e+00
2.796000e-05	-4.458609e-03	-2.695783e+00
2.797000e-05	-2.784841e-03	-2.630950e+00
2.798000e-05	-2.936093e-03	-2.485284e+00
2.799000e-05	-2.952413e-03	-2.401479e+00
2.800000e-05	-2.963129e-03	-2.365840e+00
2.801000e-05	-2.569659e-03	-2.197875e+00
2.802000e-05	-3.988225e-03	-2.062157e+00
2.803000e-05	-3.544635e-03	-1.978867e+00
2.804000e-05	-3.318463e-03	-1.851109e+00
2.805000e-05	-3.597447e-03	-1.777843e+00
2.806000e-05	-2.981681e-03	-1.669630e+00
2.807000e-05	-3.257964e-03	-1.578394e+00
2.808000e-05	-3.749867e-03	-1.449074e+00
2.809000e-05	-4.172969e-03	-1.314610e+00
2.810000e-05	-2.727934e-03	-1.168288e+00
2.811000e-05	-2.914396e-03	-1.051076e+00
2.812000e-05	-3.735817e-03	-9.167644e-01
2.813000e-05	-4.670841e-03	-8.200039e-01
2.814000e-05	-3.410999e-03	-7.562620e-01
2.815000e-05	-5.114393e-03	-5.888672e-01
2.816000e-05	-3.558471e-03	-4.515816e-01
2.817000e-05	-3.554671e-03	-3.458920e-01
2.818000e-05	-3.172963e-03	-2.411091e-01
2.819000e-05	-3.282704e-03	-1.367147e-01
2.820000e-05	-2.941850e-03	-4.102775e-02
2.821000e-05	-1.768391e-03	2.355652e-02
2.822000e-05	1.596718e-04	1.104501e-01
2.823000e-05	-3.349542e-03	3.172648e-01
2.824000e-05	-1.819797e-03	3.915526e-01
2.825000e-05	-2.451784e-03	4.962692e-01
2.826000e-05	-1.025996e-03	6.200275e-01
2.827000e-05	-1.682956e-03	7.168671e-01
2.828000e-05	3.367274e-03	7.899989e-01
2.829000e-05	2.813339e-02	8.847433e-01
2.830000e-05	3.937143e-02	1.055868e+00
2.831000e-05	-2.665199e-02	1.272234e+00
2.832000e-05	-7.536382e-02	1.389949e+00
2.833000e-05	-6.561135e-02	1.410635e+00
2.834000e-05	1.127132e-01	1.531001e+00
2.835000e-05	1.751589e-02	1.696840e+00
2.836000e-05	-1.063703e-01	1.779479e+00
2.837000e-05	3.897026e-02	1.841682e+00
2.838000e-05	6.280038e-02	2.000974e+00
2.839000e-05	-1.275422e-01	2.064787e+00
2.840000e-05	3.124337e-02	2.177999e+00
2.841000e-05	1.038866e-01	2.243661e+00
2.842000e-05	-1.210902e-01	2.369503e+00
2.843000e-05	3.048009e-03	2.410658e+00
2.844000e-05	9.516387e-02	2.560049e+00
2.845000e-05	-7.850185e-02	2.708391e+00
2.846000e-05	-2.286661e-02	2.800579e+00
2.847000e-05	6.706626e-02	2.916817e+00
2.848000e-05	-5.490620e-02	3.001581e+00
2.849000e-05	2.854745e-03	3.086366e+00
2.850000e-05	2.594894e-02	3.188524e+00
2.851000e-05	-2.612722e-02	3.254712e+00
2.852000e-05	2.712310e-02	3.349607e+00
2.853000e-05	-1.240536e-02	3.517917e+00
2.854000e-05	-4.958132e-02	3.611654e+00
2.855000e-05	4.079398e-02	3.646766e+00
2.856000e-05	2.355601e-02	3.780500e+00
2.857000e-05	-5.250720e-02	3.895276e+00
2.858000e-05	1.128027e-02	3.969849e+00
2.859000e-05	8.993878e-03	4.021051e+00
2.860000e-05	-7.878122e-03	4.035237e+00
2.861000e-05	-1.463525e-02	4.191058e+00
2.862000e-05	7.571196e-04	4.329874e+00
2.863000e-05	1.759029e-02	4.400054e+00
2.864000e-05	-5.832713e-03	4.453762e+00
2.865000e-05	-2.657825e-02	4.568417e+00
2.866000e-05	-4.333176e-03	4.592529e+00
2.867000e-05	2.678130e-02	4.665837e+00
2.868000e-05	-1.826620e-02	4.759996e+00
2.869000e-05	-2.070256e-02	4.810553e+00
2.870000e-05	1.546772e-02	4.846349e+00
2.871000e-05	1.316497e-02	4.931653e+00
2.872000e-05	-2.727519e-02	5.127292e+00
2.873000e-05	-9.292573e-03	5.211004e+00
2.874000e-05	1.530163e-02	5.272632e+00
2.875000e-05	-4.846420e-03	5.335846e+00
2.876000e-05	-1.343993e-02	5.358924e+00
2.877000e-05	-2.666741e-03	5.432658e+00
2.878000e-05	9.449845e-03	5.545243e+00
2.879000e-05	-1.327844e-02	5.568421e+00
2.880000e-05	-7.516510e-03	5.589475e+00
2.881000e-05	4.254125e-03	5.601075e+00
2.882000e-05	-1.011176e-03	5.613133e+00
2.883000e-05	-1.111529e-02	5.656796e+00
2.884000e-05	-2.759946e-03	5.757445e+00
2.885000e-05	2.494370e-03	5.825159e+00
2.886000e-05	-9.295999e-03	5.904239e+00
2.887000e-05	-6.441007e-03	5.958395e+00
2.888000e-05	-8.151263e-04	5.999496e+00
2.889000e-05	-7.661884e-04	6.000001e+00
2.890000e-05	-5.629672e-03	5.999553e+00
2.891000e-05	-2.153598e-03	6.022104e+00
2.892000e-05	-3.793209e-03	6.042058e+00
2.893000e-05	-8.340512e-03	6.063660e+00
2.894000e-05	-3.328065e-03	6.094710e+00
2.895000e-05	-1.415343e-03	6.096340e+00
2.896000e-05	-4.437274e-03	6.107341e+00
2.897000e-05	-8.964531e-03	6.147296e+00
2.898000e-05	-2.469232e-03	6.167920e+00
2.899000e-05	-3.124777e-03	6.149470e+00
2.900000e-05	-7.210761e-03	6.178923e+00
2.901000e-05	-5.713235e-03	6.158975e+00
2.902000e-05	-3.337540e-03	6.189497e+00
2.903000e-05	-4.448427e-03	6.189523e+00
2.904000e-05	-7.836914e-03	6.178973e+00
2.905000e-05	-4.561410e-03	6.177950e+00
2.906000e-05	-6.018826e-03	6.167973e+00
2.907000e-05	-7.237065e-03	6.159875e+00
2.908000e-05	-7.887077e-03	6.138871e+00
2.909000e-05	-5.179986e-03	6.179942e+00
2.910000e-05	-4.998784e-03	6.127293e+00
2.911000e-05	-7.055360e-03	6.127767e+00
2.912000e-05	-8.546204e-03	6.072815e+00
2.913000e-05	-7.900150e-03	6.053636e+00
2.914000e-05	-7.079009e-03	6.033230e+00
2.915000e-05	-8.629253e-03	6.041555e+00
2.916000e-05	-8.531221e-03	6.030576e+00
2.917000e-05	-9.851547e-03	6.001026e+00
2.918000e-05	-8.462459e-03	5.999450e+00
2.919000e-05	-1.105951e-02	5.968945e+00
2.920000e-05	-1.261011e-02	5.925842e+00
2.921000e-05	-1.216920e-02	5.875236e+00
2.922000e-05	-1.186263e-02	5.768650e+00
2.923000e-05	-1.329172e-02	5.666287e+00
2.924000e-05	-1.533864e-02	5.644136e+00
2.925000e-05	-1.544094e-02	5.591528e+00
2.926000e-05	-1.643491e-02	5.619474e+00
2.927000e-05	-1.805874e-02	5.578870e+00
2.928000e-05	-1.716537e-02	5.535734e+00
2.929000e-05	-1.840292e-02	5.453083e+00
2.930000e-05	-1.659981e-02	5.400024e+00
2.931000e-05	-1.590068e-02	5.367941e+00
2.932000e-05	-1.388294e-02	5.287210e+00
2.933000e-05	-1.447685e-02	5.230627e+00
2.934000e-05	-1.199940e-02	5.179399e+00
2.935000e-05	-1.000472e-02	5.144715e+00
2.936000e-05	-8.334130e-03	4.975867e+00
2.937000e-05	-9.814291e-03	4.853657e+00
2.938000e-05	-8.047093e-03	4.799580e+00
2.939000e-05	-7.371987e-03	4.788365e+00
2.940000e-05	-6.614380e-03	4.695207e+00
2.941000e-05	-7.538199e-03	4.620500e+00
2.942000e-05	-6.095850e-03	4.546865e+00
2.943000e-05	-5.574754e-03	4.442606e+00
2.944000e-05	-6.304708e-03	4.421026e+00
2.945000e-05	-5.251161e-03	4.326394e+00
2.946000e-05	-4.264148e-03	4.304106e+00
2.947000e-05	-5.481035e-03	4.136340e+00
2.948000e-05	-5.624328e-03	4.023053e+00
2.949000e-05	-5.513867e-03	3.986345e+00
2.950000e-05	-4.765538e-03	3.855734e+00
2.951000e-05	-5.243098e-03	3.776951e+00
2.952000e-05	-4.778854e-03	3.696287e+00
2.953000e-05	-5.106011e-03	3.610554e+00
2.954000e-05	-4.043693e-03	3.576870e+00
2.955000e-05	-5.281630e-03	3.479580e+00
2.956000e-05	-4.025815e-03	3.263631e+00
2.957000e-05	-4.591554e-03	3.189997e+00
2.958000e-05	-4.621304e-03	3.126340e+00
2.959000e-05	-3.978550e-03	3.021528e+00
2.960000e-05	-3.152437e-03	2.937813e+00
2.961000e-05	-3.968041e-03	2.851053e+00
2.962000e-05	-4.231549e-03	2.778968e+00
2.963000e-05	-3.943501e-03	2.711103e+00
2.964000e-05	-3.179986e-03	2.496265e+00
2.965000e-05	-3.926080e-03	2.398949e+00
2.966000e-05	-4.951478e-03	2.345134e+00
2.967000e-05	-4.516161e-03	2.170898e+00
2.968000e-05	-3.970138e-03	2.114239e+00
2.969000e-05	-3.711251e-03	2.000550e+00
2.970000e-05	-3.740735e-03	1.905185e+00
2.971000e-05	-3.489475e-03	1.819496e+00
2.972000e-05	-3.827188e-03	1.653607e+00
2.973000e-05	-4.030914e-03	1.638391e+00
2.974000e-05	-3.109690e-03	1.451687e+00
2.975000e-05	-3.534725e-03	1.337767e+00
2.976000e-05	-4.505226e-03	1.271625e+00
2.977000e-05	-3.899386e-03	1.075685e+00
2.978000e-05	-3.648439e-03	9.058171e-01
2.979000e-05	-3.674246e-03	8.204962e-01
2.980000e-05	-3.885274e-03	7.152618e-01
2.981000e-05	-3.594921e-03	5.998951e-01
2.982000e-05	-4.197698e-03	5.136854e-01
2.983000e-05	-3.860911e-03	4.304213e-01
2.984000e-05	-3.957416e-03	2.827367e-01
2.985000e-05	-3.168084e-03	1.663170e-01
2.986000e-05	-2.472987e-03	3.005381e-02
2.987000e-05	-8.833010e-04	-9.416297e-02
2.988000e-05	9.447516e-04	-1.914986e-01
2.989000e-05	-4.894174e-05	-2.946882e-01
2.990000e-05	-8.837213e-04	-3.584436e-01
2.991000e-05	-2.396752e-03	-4.622367e-01
2.992000e-05	-1.542540e-03	-5.494722e-01
2.993000e-05	-1.041810e-03	-7.258383e-01
2.994000e-05	1.295010e-02	-8.094751e-01
2.995000e-05	5.164401e-02	-8.747894e-01
2.996000e-05	-3.650703e-03	-1.044135e+00
2.997000e-05	-6.615340e-02	-1.243754e+00
2.998000e-05	-8.343855e-02	-1.432124e+00
2.999000e-05	8.724737e-02	-1.417481e+00
3.000000e-05	5.402461e-02	-1.423009e+00
3.001000e-05	-1.025173e-01	-1.664684e+00
3.002000e-05	-4.212324e-02	-1.789421e+00
3.003000e-05	1.093825e-01	-1.790526e+00
3.004000e-05	-1.577283e-01	-1.907345e+00
3.005000e-05	-5.591277e-02	-2.050608e+00
3.006000e-05	1.562118e-01	-2.105313e+00
3.007000e-05	-4.547481e-02	-2.232683e+00
3.008000e-05	-1.001043e-01	-2.389024e+00
3.009000e-05	1.371740e-01	-2.442636e+00
3.010000e-05	-5.691966e-02	-2.601526e+00
3.011000e-05	-7.789634e-02	-2.756844e+00
3.012000e-05	9.387255e-02	-2.780024e+00
3.013000e-05	-3.308927e-02	-2.882794e+00
3.014000e-05	-2.685066e-02	-2.991105e+00
3.015000e-05	5.873745e-02	-3.057266e+00
3.016000e-05	-6.184824e-02	-3.263657e+00
3.017000e-05	3.101446e-02	-3.316771e+00
3.018000e-05	4.884668e-02	-3.429980e+00
3.019000e-05	-1.197139e-01	-3.508265e+00
3.020000e-05	6.245723e-02	-3.578450e+00
3.021000e-05	4.743587e-02	-3.631629e+00
3.022000e-05	-8.679876e-02	-3.738049e+00
3.023000e-05	3.599549e-02	-3.895738e+00
3.024000e-05	2.103594e-02	-3.979504e+00
3.025000e-05	-2.972145e-02	-4.023134e+00
3.026000e-05	-1.680448e-03	-4.128313e+00
3.027000e-05	-2.022234e-02	-4.199528e+00
3.028000e-05	4.655704e-02	-4.305792e+00
3.029000e-05	6.647696e-03	-4.389446e+00
3.030000e-05	-6.637719e-02	-4.411005e+00
3.031000e-05	2.030835e-02	-4.462207e+00
3.032000e-05	2.903818e-02	-4.609527e+00
3.033000e-05	-1.637980e-02	-4.612081e+00
3.034000e-05	-2.148826e-02	-4.717720e+00
3.035000e-05	6.037149e-03	-4.790503e+00
3.036000e-05	3.879144e-02	-4.894265e+00
3.037000e-05	-4.177439e-02	-4.958397e+00
3.038000e-05	-1.581583e-02	-5.020051e+00
3.039000e-05	3.568872e-02	-5.084264e+00
3.040000e-05	-6.415933e-03	-5.147397e+00
3.041000e-05	-1.894152e-02	-5.230154e+00
3.042000e-05	-3.342414e-03	-5.283657e+00
3.043000e-05	1.979874e-02	-5.337071e+00
3.044000e-05	-9.107874e-04	-5.443183e+00
3.045000e-05	-2.653108e-02	-5.548372e+00
3.046000e-05	1.226592e-02	-5.599496e+00
3.047000e-05	1.032354e-02	-5.590526e+00
3.048000e-05	-1.545619e-02	-5.661057e+00
3.049000e-05	-1.060692e-04	-5.665262e+00
3.050000e-05	2.832186e-03	-5.736420e+00
3.051000e-05	7.644901e-04	-5.758923e+00
3.052000e-05	-1.022070e-02	-5.789975e+00
3.053000e-05	4.357174e-04	-5.831657e+00
3.054000e-05	8.498382e-03	-5.844640e+00
3.055000e-05	-6.960959e-03	-5.915236e+00
3.056000e-05	-1.991411e-04	-5.946793e+00
3.057000e-05	-1.274863e-04	-5.976895e+00
3.058000e-05	-4.535406e-03	-5.999471e+00
3.059000e-05	-1.294583e-03	-5.999950e+00
3.060000e-05	9.773121e-04	-5.989999e+00
3.061000e-05	6.249055e-04	-5.999529e+00
3.062000e-05	-5.146499e-03	-6.031078e+00
3.063000e-05	-4.721742e-04	-6.011084e+00
3.064000e-05	3.865216e-03	-6.041578e+00
3.065000e-05	-3.054649e-03	-6.012084e+00
3.066000e-05	-2.536078e-03	-6.053609e+00
3.067000e-05	1.666740e-03	-6.054107e+00
3.068000e-05	9.630107e-04	-6.042608e+00
3.069000e-05	-2.379207e-03	-6.082633e+00
3.070000e-05	3.170425e-05	-6.092659e+00
3.071000e-05	2.667832e-03	-6.053080e+00
3.072000e-05	-1.487810e-05	-6.062079e+00
3.073000e-05	-1.469136e-03	-6.042057e+00
3.074000e-05	2.281942e-03	-6.072580e+00
3.075000e-05	1.170134e-03	-6.060579e+00
3.076000e-05	5.670611e-04	-6.011603e+00
3.077000e-05	9.206803e-04	-6.020578e+00
3.078000e-05	2.393029e-03	-5.990025e+00
3.079000e-05	2.134556e-03	-6.009528e+00
3.080000e-05	2.826853e-03	-5.979448e+00
3.081000e-05	3.606369e-03	-5.988872e+00
3.082000e-05	2.352932e-03	-5.927367e+00
3.083000e-05	4.004505e-03	-5.926815e+00
3.084000e-05	4.010278e-03	-5.914157e+00
3.085000e-05	3.455500e-03	-5.843135e+00
3.086000e-05	5.616947e-03	-5.790501e+00
3.087000e-05	7.957082e-03	-5.778944e+00
3.088000e-05	7.142680e-03	-5.768369e+00
3.089000e-05	7.448949e-03	-5.674639e+00
3.090000e-05	9.137318e-03	-5.641607e+00
3.091000e-05	1.030910e-02	-5.619977e+00
3.092000e-05	1.001589e-02	-5.579947e+00
3.093000e-05	1.016290e-02	-5.506815e+00
3.094000e-05	1.226994e-02	-5.471763e+00
3.095000e-05	1.073538e-02	-5.379550e+00
3.096000e-05	1.042643e-02	-5.305782e+00
3.097000e-05	9.718734e-03	-5.272580e+00
3.098000e-05	8.572470e-03	-5.198923e+00
3.099000e-05	5.761411e-03	-5.105237e+00
3.100000e-05	4.944190e-03	-5.052179e+00
3.101000e-05	5.933966e-03	-4.988968e+00
3.102000e-05	3.069802e-03	-4.943858e+00
3.103000e-05	2.628357e-03	-4.820021e+00
3.104000e-05	3.131805e-03	-4.723881e+00
3.105000e-05	1.787667e-03	-4.632557e+00
3.106000e-05	4.983865e-05	-4.599472e+00
3.107000e-05	7.654147e-04	-4.546311e+00
3.108000e-05	1.754400e-03	-4.492080e+00
3.109000e-05	-1.574025e-03	-4.399500e+00
3.110000e-05	-5.139783e-04	-4.337313e+00
3.111000e-05	9.210060e-04	-4.272632e+00
3.112000e-05	-1.453967e-04	-4.198944e+00
3.113000e-05	-2.364745e-03	-4.072612e+00
3.114000e-05	-5.341271e-04	-4.011529e+00
3.115000e-05	-4.279662e-05	-3.957416e+00
3.116000e-05	-1.762443e-03	-3.850104e+00
3.117000e-05	-3.120332e-03	-3.735213e+00
3.118000e-05	-1.462730e-03	-3.640474e+00
3.119000e-05	-1.756626e-03	-3.547345e+00
3.120000e-05	-3.154191e-03	-3.482158e+00
3.121000e-05	-2.230388e-03	-3.397344e+00
3.122000e-05	-2.288677e-03	-3.283686e+00
3.123000e-05	-2.828136e-03	-3.198971e+00
3.124000e-05	-3.133883e-03	-3.144317e+00
3.125000e-05	-1.790613e-03	-2.997319e+00
3.126000e-05	-3.231080e-03	-2.852504e+00
3.127000e-05	-3.553146e-03	-2.798366e+00
3.128000e-05	-3.971625e-03	-2.692657e+00
3.129000e-05	-2.219021e-03	-2.588394e+00
3.130000e-05	-3.331192e-03	-2.492057e+00
3.131000e-05	-3.455693e-03	-2.400491e+00
3.132000e-05	-2.632479e-03	-2.344183e+00
3.133000e-05	-2.616362e-03	-2.166315e+00
3.134000e-05	-4.259448e-03	-2.040503e+00
3.135000e-05	-3.570029e-03	-1.956813e+00
3.136000e-05	-2.981729e-03	-1.839978e+00
3.137000e-05	-2.874643e-03	-1.747341e+00
3.138000e-05	-3.445810e-03	-1.632024e+00
3.139000e-05	-3.269056e-03	-1.567342e+00
3.140000e-05	-2.501449e-03	-1.417024e+00
3.141000e-05	-3.093715e-03	-1.232001e+00
3.142000e-05	-3.833053e-03	-1.145714e+00
3.143000e-05	-3.179256e-03	-1.028451e+00
3.144000e-05	-2.824627e-03	-9.252581e-01
3.145000e-05	-3.518510e-03	-7.985474e-01
3.146000e-05	-3.773959e-03	-7.457105e-01
3.147000e-05	-4.186772e-03	-5.753371e-01
3.148000e-05	-3.886852e-03	-4.220001e-01
3.149000e-05	-3.691667e-03	-3.262145e-01
3.150000e-05	-4.906261e-03	-2.605265e-01
3.151000e-05	-2.681293e-03	-1.027356e-01
3.152000e-05	-2.095303e-03	-1.855369e-02
3.153000e-05	-1.132029e-04	6.324185e-02
3.154000e-05	-5.900903e-04	1.819802e-01
3.155000e-05	-1.717615e-03	3.279499e-01
3.156000e-05	-2.317134e-04	3.915290e-01
3.157000e-05	-2.753507e-03	4.878709e-01
3.158000e-05	-3.827099e-03	6.415854e-01
3.159000e-05	-3.016824e-03	6.778197e-01
3.160000e-05	7.970711e-03	8.426052e-01
3.161000e-05	3.681235e-02	8.973758e-01
3.162000e-05	2.445442e-02	1.128920e+00
3.163000e-05	-4.247430e-02	1.256312e+00
3.164000e-05	-8.512779e-02	1.380022e+00
3.165000e-05	-1.869247e-02	1.451686e+00
3.166000e-05	1.221295e-01	1.609678e+00
3.167000e-05	-3.038536e-02	1.769424e+00
3.168000e-05	-1.011962e-01	1.769476e+00
3.169000e-05	1.020903e-01	1.875286e+00
3.170000e-05	-1.933574e-02	1.981129e+00
3.171000e-05	-1.058269e-01	2.115762e+00
3.172000e-05	7.774005e-02	2.169950e+00
3.173000e-05	5.753421e-02	2.296889e+00
3.174000e-05	-1.324368e-01	2.402076e+00
3.175000e-05	6.548848e-02	2.445709e+00
3.176000e-05	5.510659e-02	2.624139e+00
3.177000e-05	-9.539645e-02	2.788998e+00
3.178000e-05	1.950604e-02	2.822609e+00
3.179000e-05	3.806825e-02	2.949395e+00
3.180000e-05	-5.849688e-02	3.012687e+00
3.181000e-05	2.462283e-02	3.148845e+00
3.182000e-05	1.181430e-02	3.179533e+00
3.183000e-05	-2.370288e-02	3.342341e+00
3.184000e-05	3.895038e-02	3.413607e+00
3.185000e-05	-4.355065e-02	3.579495e+00
3.186000e-05	-2.299582e-02	3.622556e+00
3.187000e-05	4.963602e-02	3.696868e+00
3.188000e-05	-2.655310e-03	3.820979e+00
3.189000e-05	-4.489604e-02	3.908342e+00
3.190000e-05	2.058509e-02	3.958429e+00
3.191000e-05	4.432784e-03	4.021608e+00
3.192000e-05	-1.512993e-02	4.087765e+00
3.193000e-05	-6.487045e-03	4.223737e+00
3.194000e-05	2.168869e-03	4.378425e+00
3.195000e-05	2.095154e-02	4.421104e+00
3.196000e-05	-1.865086e-02	4.483785e+00
3.197000e-05	-2.165828e-02	4.570927e+00
3.198000e-05	8.193230e-03	4.611703e+00
3.199000e-05	2.136592e-02	4.688339e+00
3.200000e-05	-2.644716e-02	4.789951e+00
3.201000e-05	-1.361807e-02	4.834162e+00
3.202000e-05	2.382679e-02	4.895815e+00
3.203000e-05	-1.149324e-03	5.013754e+00
3.204000e-05	-2.587014e-02	5.138895e+00
3.205000e-05	-2.471209e-03	5.199628e+00
3.206000e-05	1.653541e-02	5.263311e+00
3.207000e-05	-1.151652e-02	5.299420e+00
3.208000e-05	-1.178695e-02	5.440028e+00
3.209000e-05	1.939379e-03	5.415258e+00
3.210000e-05	5.274180e-03	5.526788e+00
3.211000e-05	-1.367518e-02	5.579401e+00
3.212000e-05	-5.357443e-03	5.600479e+00
3.213000e-05	5.632897e-03	5.640554e+00
3.214000e-05	-6.420175e-03	5.663560e+00
3.215000e-05	-7.840260e-03	5.717343e+00
3.216000e-05	-1.147134e-03	5.791027e+00
3.217000e-05	3.628274e-04	5.825307e+00
3.218000e-05	-1.119182e-02	5.926843e+00
3.219000e-05	-4.186827e-03	5.958870e+00
3.220000e-05	9.123854e-04	5.999999e+00
3.221000e-05	-3.380984e-03	5.990478e+00
3.222000e-05	-5.416557e-03	6.011053e+00
3.223000e-05	-3.202567e-03	6.022104e+00
3.224000e-05	-4.880971e-03	6.073107e+00
3.225000e-05	-8.584894e-03	6.044158e+00
3.226000e-05	-4.722492e-04	6.074713e+00
3.227000e-05	-1.744335e-03	6.096286e+00
3.228000e-05	-6.488627e-03	6.105817e+00
3.229000e-05	-9.005909e-03	6.147925e+00
3.230000e-05	-2.061585e-03	6.168991e+00
3.231000e-05	-3.601569e-03	6.158921e+00
3.232000e-05	-7.127929e-03	6.177874e+00
3.233000e-05	-5.199624e-03	6.169899e+00
3.234000e-05	-3.498071e-03	6.188498e+00
3.235000e-05	-4.814664e-03	6.190004e+00
3.236000e-05	-7.280204e-03	6.200446e+00
3.237000e-05	-5.051645e-03	6.188399e+00
3.238000e-05	-7.486526e-03	6.189325e+00
3.239000e-05	-7.452823e-03	6.159921e+00
3.240000e-05	-5.914843e-03	6.149418e+00
3.241000e-05	-5.924711e-03	6.148847e+00
3.242000e-05	-6.350907e-03	6.138316e+00
3.243000e-05	-9.380200e-03	6.155285e+00
3.244000e-05	-7.305247e-03	6.066682e+00
3.245000e-05	-7.472214e-03	6.052107e+00
3.246000e-05	-7.083495e-03	6.044127e+00
3.247000e-05	-9.295867e-03	6.022030e+00
3.248000e-05	-1.048222e-02	6.010525e+00
3.249000e-05	-9.336285e-03	5.999974e+00
3.250000e-05	-8.220712e-03	5.989399e+00
3.251000e-05	-1.153942e-02	5.976871e+00
3.252000e-05	-1.287572e-02	5.967338e+00
3.253000e-05	-1.256448e-02	5.851154e+00
3.254000e-05	-1.294506e-02	5.740495e+00
3.255000e-05	-1.429471e-02	5.746261e+00
3.256000e-05	-1.585629e-02	5.622557e+00
3.257000e-05	-1.527161e-02	5.601024e+00
3.258000e-05	-1.746991e-02	5.598924e+00
3.259000e-05	-1.725891e-02	5.548416e+00
3.260000e-05	-1.708922e-02	5.495158e+00
3.261000e-05	-1.739891e-02	5.431577e+00
3.262000e-05	-1.578495e-02	5.409973e+00
3.263000e-05	-1.554544e-02	5.355891e+00
3.264000e-05	-1.297771e-02	5.314233e+00
3.265000e-05	-1.301983e-02	5.212500e+00
3.266000e-05	-1.021093e-02	5.159819e+00
3.267000e-05	-1.003898e-02	5.122111e+00
3.268000e-05	-8.910408e-03	4.966886e+00
3.269000e-05	-9.641723e-03	4.834203e+00
3.270000e-05	-7.729260e-03	4.800449e+00
3.271000e-05	-6.410035e-03	4.748291e+00
3.272000e-05	-7.094333e-03	4.672208e+00
3.273000e-05	-7.144656e-03	4.588977e+00
3.274000e-05	-5.336019e-03	4.516817e+00
3.275000e-05	-5.690509e-03	4.461555e+00
3.276000e-05	-6.119940e-03	4.399424e+00
3.277000e-05	-6.050382e-03	4.317812e+00
3.278000e-05	-4.578897e-03	4.259498e+00
3.279000e-05	-6.061003e-03	4.074709e+00
3.280000e-05	-5.984140e-03	4.009574e+00
3.281000e-05	-5.065028e-03	3.946312e+00
3.282000e-05	-4.055873e-03	3.872678e+00
3.283000e-05	-5.157184e-03	3.787393e+00
3.284000e-05	-5.127800e-03	3.683160e+00
3.285000e-05	-4.238262e-03	3.580425e+00
3.286000e-05	-4.876547e-03	3.536217e+00
3.287000e-05	-5.151120e-03	3.359075e+00
3.288000e-05	-3.895496e-03	3.242659e+00
3.289000e-05	-3.520076e-03	3.189420e+00
3.290000e-05	-4.536081e-03	3.124137e+00
3.291000e-05	-5.039303e-03	3.019526e+00
3.292000e-05	-4.622235e-03	2.905711e+00
3.293000e-05	-4.331990e-03	2.832049e+00
3.294000e-05	-4.215829e-03	2.789367e+00
3.295000e-05	-3.969466e-03	2.661096e+00
3.296000e-05	-3.385214e-03	2.472758e+00
3.297000e-05	-3.836720e-03	2.366416e+00
3.298000e-05	-4.733993e-03	2.275158e+00
3.299000e-05	-3.780027e-03	2.187919e+00
3.300000e-05	-4.292296e-03	2.053132e+00
3.301000e-05	-4.384534e-03	1.989475e+00
3.302000e-05	-4.029167e-03	1.924211e+00
3.303000e-05	-4.095503e-03	1.767420e+00
3.304000e-05	-3.679509e-03	1.662626e+00
3.305000e-05	-2.681236e-03	1.556789e+00
3.306000e-05	-3.495104e-03	1.400945e+00
3.307000e-05	-4.488839e-03	1.294757e+00
3.308000e-05	-4.492957e-03	1.198995e+00
3.309000e-05	-3.543499e-03	1.072559e+00
3.310000e-05	-3.979438e-03	9.131642e-01
3.311000e-05	-3.629213e-03	8.104449e-01
3.312000e-05	-3.389971e-03	7.126080e-01
3.313000e-05	-3.860547e-03	5.894686e-01
3.314000e-05	-4.057711e-03	4.937078e-01
3.315000e-05	-3.667986e-03	3.903685e-01
3.316000e-05	-4.020222e-03	2.900317e-01
3.317000e-05	-2.923122e-03	1.442881e-01
3.318000e-05	-2.630398e-03	-5.289441e-04
3.319000e-05	-1.042006e-04	-9.576454e-02
3.320000e-05	7.088649e-04	-2.195514e-01
3.321000e-05	-1.148957e-03	-3.453170e-01
3.322000e-05	-1.867950e-03	-3.895513e-01
3.323000e-05	-2.506640e-03	-4.741580e-01
3.324000e-05	-2.738003e-03	-5.594763e-01
3.325000e-05	5.648333e-04	-7.573933e-01
3.326000e-05	2.345072e-02	-8.010803e-01
3.327000e-05	5.148660e-02	-8.958934e-01
3.328000e-05	-2.975790e-02	-1.055817e+00
3.329000e-05	-7.447547e-02	-1.296396e+00
3.330000e-05	-6.526794e-02	-1.422054e+00
3.331000e-05	1.203807e-01	-1.345376e+00
3.332000e-05	3.619561e-04	-1.474241e+00
3.333000e-05	-1.160074e-01	-1.687788e+00
3.334000e-05	4.894413e-02	-1.778925e+00
3.335000e-05	6.658074e-02	-1.801558e+00
3.336000e-05	-1.755639e-01	-1.948895e+00
3.337000e-05	8.850048e-03	-2.014081e+00
3.338000e-05	1.414208e-01	-2.117294e+00
3.339000e-05	-1.130471e-01	-2.296287e+00
3.340000e-05	-2.923095e-02	-2.411533e+00
3.341000e-05	1.215242e-01	-2.475816e+00
3.342000e-05	-1.039721e-01	-2.622178e+00
3.343000e-05	-2.832166e-02	-2.738367e+00
3.344000e-05	9.123825e-02	-2.791105e+00
3.345000e-05	-7.204728e-02	-2.887366e+00
3.346000e-05	2.517530e-02	-2.971586e+00
3.347000e-05	2.503968e-02	-3.097368e+00
3.348000e-05	-6.093589e-02	-3.273208e+00
3.349000e-05	6.823794e-02	-3.326895e+00
3.350000e-05	-3.324095e-03	-3.423085e+00
3.351000e-05	-9.927993e-02	-3.537917e+00
3.352000e-05	9.993267e-02	-3.619901e+00
3.353000e-05	-1.297287e-03	-3.654685e+00
3.354000e-05	-7.266954e-02	-3.770578e+00
3.355000e-05	5.895013e-02	-3.916895e+00
3.356000e-05	-6.079452e-03	-4.029979e+00
3.357000e-05	-1.915267e-02	-4.063133e+00
3.358000e-05	-7.191779e-03	-4.139846e+00
3.359000e-05	-1.129160e-02	-4.221609e+00
3.360000e-05	5.739174e-02	-4.306741e+00
3.361000e-05	-2.766214e-02	-4.369524e+00
3.362000e-05	-4.963099e-02	-4.430079e+00
3.363000e-05	3.609301e-02	-4.476339e+00
3.364000e-05	1.539338e-02	-4.612023e+00
3.365000e-05	-2.209513e-02	-4.643661e+00
3.366000e-05	-1.773227e-02	-4.726368e+00
3.367000e-05	2.325442e-02	-4.771001e+00
3.368000e-05	2.250301e-02	-4.926290e+00
3.369000e-05	-5.154118e-02	-4.947424e+00
3.370000e-05	5.716369e-03	-5.041128e+00
3.371000e-05	3.110024e-02	-5.084761e+00
3.372000e-05	-1.744251e-02	-5.157494e+00
3.373000e-05	-1.404571e-02	-5.200479e+00
3.374000e-05	1.043970e-03	-5.273863e+00
3.375000e-05	2.182917e-02	-5.390075e+00
3.376000e-05	-1.424048e-02	-5.495261e+00
3.377000e-05	-1.952188e-02	-5.555967e+00
3.378000e-05	1.968267e-02	-5.569425e+00
3.379000e-05	4.329350e-04	-5.610604e+00
3.380000e-05	-1.192185e-02	-5.672154e+00
3.381000e-05	1.139189e-03	-5.686366e+00
3.382000e-05	3.895706e-03	-5.765298e+00
3.383000e-05	-1.687549e-03	-5.768522e+00
3.384000e-05	-9.616559e-03	-5.799525e+00
3.385000e-05	3.611918e-03	-5.831559e+00
3.386000e-05	5.319913e-03	-5.885612e+00
3.387000e-05	-7.154498e-03	-5.925816e+00
3.388000e-05	2.341203e-03	-5.956419e+00
3.389000e-05	-1.703380e-03	-5.967447e+00
3.390000e-05	-3.994911e-03	-5.999495e+00
3.391000e-05	6.381092e-04	-5.990000e+00
3.392000e-05	-3.081076e-04	-5.999925e+00
3.393000e-05	-9.912774e-04	-5.990001e+00
3.394000e-05	-4.944965e-03	-6.021129e+00
3.395000e-05	2.182943e-03	-6.051505e+00
3.396000e-05	1.012190e-03	-6.032531e+00
3.397000e-05	-4.175965e-03	-6.052654e+00
3.398000e-05	3.020516e-04	-6.082980e+00
3.399000e-05	2.257067e-03	-6.063157e+00
3.400000e-05	-3.664173e-04	-6.052133e+00
3.401000e-05	-3.060874e-03	-6.061632e+00
3.402000e-05	9.092152e-04	-6.105132e+00
3.403000e-05	1.221496e-03	-6.042584e+00
3.404000e-05	-4.465101e-04	-6.031108e+00
3.405000e-05	6.629321e-04	-6.032530e+00
3.406000e-05	2.452553e-03	-6.061581e+00
3.407000e-05	1.578353e-03	-6.030554e+00
3.408000e-05	7.094346e-04	-6.011005e+00
3.409000e-05	1.557042e-03	-6.001000e+00
3.410000e-05	2.138967e-03	-6.000028e+00
3.411000e-05	2.874157e-03	-5.989953e+00
3.412000e-05	3.094712e-03	-5.987996e+00
3.413000e-05	3.235681e-03	-5.978472e+00
3.414000e-05	2.875026e-03	-5.947867e+00
3.415000e-05	4.147306e-03	-5.924690e+00
3.416000e-05	3.799059e-03	-5.845182e+00
3.417000e-05	3.789575e-03	-5.852054e+00
3.418000e-05	5.827302e-03	-5.801025e+00
3.419000e-05	8.032767e-03	-5.807471e+00
3.420000e-05	7.344431e-03	-5.746291e+00
3.421000e-05	6.636416e-03	-5.704779e+00
3.422000e-05	9.472178e-03	-5.621104e+00
3.423000e-05	1.074793e-02	-5.601025e+00
3.424000e-05	1.021263e-02	-5.588917e+00
3.425000e-05	1.091090e-02	-5.527270e+00
3.426000e-05	1.177057e-02	-5.491629e+00
3.427000e-05	1.131735e-02	-5.386845e+00
3.428000e-05	1.027752e-02	-5.324187e+00
3.429000e-05	9.683663e-03	-5.271024e+00
3.430000e-05	7.394541e-03	-5.189394e+00
3.431000e-05	6.190446e-03	-5.144735e+00
3.432000e-05	5.159397e-03	-5.081033e+00
3.433000e-05	4.754343e-03	-4.977973e+00
3.434000e-05	2.567027e-03	-4.943754e+00
3.435000e-05	2.918083e-03	-4.738974e+00
3.436000e-05	2.445218e-03	-4.694661e+00
3.437000e-05	1.479157e-03	-4.663200e+00
3.438000e-05	5.081263e-04	-4.588400e+00
3.439000e-05	1.991379e-03	-4.524238e+00
3.440000e-05	1.111027e-03	-4.442026e+00
3.441000e-05	-5.980816e-04	-4.399423e+00
3.442000e-05	-1.224298e-03	-4.366261e+00
3.443000e-05	4.863042e-04	-4.261573e+00
3.444000e-05	-1.114633e-03	-4.177395e+00
3.445000e-05	-1.424193e-03	-4.052207e+00
3.446000e-05	-4.158843e-04	-3.989044e+00
3.447000e-05	-1.704674e-03	-3.986792e+00
3.448000e-05	-3.356135e-03	-3.810077e+00
3.449000e-05	-1.821294e-03	-3.702636e+00
3.450000e-05	-2.530070e-04	-3.649529e+00
3.451000e-05	-2.702543e-03	-3.536739e+00
3.452000e-05	-3.920395e-03	-3.472528e+00
3.453000e-05	-2.296296e-03	-3.367393e+00
3.454000e-05	-1.779390e-03	-3.281605e+00
3.455000e-05	-3.372631e-03	-3.189443e+00
3.456000e-05	-1.473402e-03	-3.124082e+00
3.457000e-05	-2.142985e-03	-2.945817e+00
3.458000e-05	-3.440757e-03	-2.830528e+00
3.459000e-05	-3.873146e-03	-2.756742e+00
3.460000e-05	-2.321203e-03	-2.673103e+00
3.461000e-05	-2.327841e-03	-2.576842e+00
3.462000e-05	-3.251713e-03	-2.470953e+00
3.463000e-05	-3.281067e-03	-2.388945e+00
3.464000e-05	-2.822443e-03	-2.302632e+00
3.465000e-05	-4.540163e-03	-2.143684e+00
3.466000e-05	-3.809304e-03	-1.991076e+00
3.467000e-05	-4.184896e-03	-1.935263e+00
3.468000e-05	-2.246480e-03	-1.838393e+00
3.469000e-05	-3.466593e-03	-1.715686e+00
3.470000e-05	-2.116414e-03	-1.600025e+00
3.471000e-05	-3.618344e-03	-1.555288e+00
3.472000e-05	-3.174768e-03	-1.378943e+00
3.473000e-05	-3.399609e-03	-1.210475e+00
3.474000e-05	-4.768356e-03	-1.111683e+00
3.475000e-05	-2.690038e-03	-1.028924e+00
3.476000e-05	-5.005051e-03	-8.825805e-01
3.477000e-05	-2.050177e-03	-7.783912e-01
3.478000e-05	-4.835159e-03	-6.910838e-01
3.479000e-05	-2.884837e-03	-5.632132e-01
3.480000e-05	-2.760667e-03	-4.189726e-01
3.481000e-05	-3.780099e-03	-3.352395e-01
3.482000e-05	-3.703585e-03	-2.183736e-01
3.483000e-05	-4.152367e-03	-1.032080e-01
3.484000e-05	-1.719613e-03	-1.947599e-02
3.485000e-05	5.482305e-04	1.143170e-01
3.486000e-05	-1.475637e-03	1.827580e-01
3.487000e-05	-2.404825e-03	3.394499e-01
3.488000e-05	-2.531683e-03	4.221354e-01
3.489000e-05	-2.712447e-03	5.084184e-01
3.490000e-05	-2.836727e-03	6.221552e-01
3.491000e-05	-5.644508e-04	7.678948e-01
3.492000e-05	1.462727e-02	8.311344e-01
3.493000e-05	4.352931e-02	9.305552e-01
3.494000e-05	6.486447e-03	1.200479e+00
3.495000e-05	-5.547355e-02	1.325416e+00
3.496000e-05	-9.466060e-02	1.393479e+00
3.497000e-05	3.451855e-02	1.474771e+00
3.498000e-05	1.039326e-01	1.625308e+00
3.499000e-05	-6.715512e-02	1.769420e+00
3.500000e-05	-7.399495e-02	1.811530e+00
3.501000e-05	1.150194e-01	1.907388e+00
3.502000e-05	-8.567510e-02	2.004735e+00
3.503000e-05	-6.401986e-02	2.096318e+00
3.504000e-05	1.096934e-01	2.180051e+00
3.505000e-05	-9.590198e-03	2.357945e+00
3.506000e-05	-1.085657e-01	2.411026e+00
3.507000e-05	1.047593e-01	2.474820e+00
3.508000e-05	2.904293e-03	2.634384e+00
3.509000e-05	-8.934074e-02	2.779500e+00
3.510000e-05	5.535044e-02	2.863738e+00
3.511000e-05	-7.484189e-04	2.979950e+00
3.512000e-05	-4.426361e-02	3.074733e+00
3.513000e-05	3.391545e-02	3.148475e+00
3.514000e-05	-5.296220e-03	3.202604e+00
3.515000e-05	-1.178347e-02	3.315395e+00
3.516000e-05	3.412800e-02	3.475637e+00
3.517000e-05	-6.274942e-02	3.570525e+00
3.518000e-05	2.856269e-03	3.661684e+00
3.519000e-05	4.834277e-02	3.707495e+00
3.520000e-05	-2.826607e-02	3.813630e+00
3.521000e-05	-2.409483e-02	3.907370e+00
3.522000e-05	1.913213e-02	4.040978e+00
3.523000e-05	5.385433e-04	4.044108e+00
3.524000e-05	-1.877677e-02	4.167476e+00
3.525000e-05	-5.948400e-04	4.296792e+00
3.526000e-05	4.196901e-03	4.410528e+00
3.527000e-05	1.738622e-02	4.442607e+00
3.528000e-05	-2.519030e-02	4.466264e+00
3.529000e-05	-1.716637e-02	4.600500e+00
3.530000e-05	1.865696e-02	4.652135e+00
3.531000e-05	8.773233e-03	4.706871e+00
3.532000e-05	-2.760783e-02	4.800427e+00
3.533000e-05	-5.557369e-03	4.852110e+00
3.534000e-05	2.609557e-02	4.931921e+00
3.535000e-05	-1.457993e-02	5.067763e+00
3.536000e-05	-2.089567e-02	5.099551e+00
3.537000e-05	5.113279e-03	5.251579e+00
3.538000e-05	1.224742e-02	5.284337e+00
3.539000e-05	-1.578021e-02	5.358924e+00
3.540000e-05	-1.017733e-02	5.440553e+00
3.541000e-05	6.783233e-03	5.495209e+00
3.542000e-05	-9.018930e-04	5.536370e+00
3.543000e-05	-1.310009e-02	5.589421e+00
3.544000e-05	-2.993677e-03	5.600526e+00
3.545000e-05	6.647755e-03	5.632680e+00
3.546000e-05	-8.923386e-03	5.665739e+00
3.547000e-05	-5.828153e-03	5.747821e+00
3.548000e-05	4.181693e-04	5.810655e+00
3.549000e-05	-3.297773e-03	5.855764e+00
3.550000e-05	-1.031936e-02	5.917343e+00
3.551000e-05	-3.999714e-03	5.917971e+00
3.552000e-05	1.356974e-03	5.990971e+00
3.553000e-05	-5.880803e-03	6.000001e+00
3.554000e-05	-3.646059e-03	6.021003e+00
3.555000e-05	-3.703486e-03	6.032156e+00
3.556000e-05	-5.164631e-03	6.052179e+00
3.557000e-05	-6.298720e-03	6.075115e+00
3.558000e-05	-3.864965e-04	6.125814e+00
3.559000e-05	-3.357580e-03	6.054813e+00
3.560000e-05	-9.422143e-03	6.136275e+00
3.561000e-05	-6.351065e-03	6.138896e+00
3.562000e-05	-9.208047e-04	6.159400e+00
3.563000e-05	-3.659465e-03	6.188996e+00
3.564000e-05	-8.767756e-03	6.178971e+00
3.565000e-05	-3.775581e-03	6.178947e+00
3.566000e-05	-4.489809e-03	6.178549e+00
3.567000e-05	-6.005897e-03	6.169450e+00
3.568000e-05	-5.897775e-03	6.198999e+00
3.569000e-05	-5.381656e-03	6.149047e+00
3.570000e-05	-6.355096e-03	6.170022e+00
3.571000e-05	-7.967730e-03	6.168870e+00
3.572000e-05	-5.590986e-03	6.157921e+00
3.573000e-05	-5.405065e-03	6.127419e+00
3.574000e-05	-6.169722e-03	6.137813e+00
3.575000e-05	-8.368768e-03	6.095714e+00
3.576000e-05	-7.456594e-03	6.093282e+00
3.577000e-05	-7.147225e-03	6.074232e+00
3.578000e-05	-7.141496e-03	6.032056e+00
3.579000e-05	-8.823980e-03	6.021525e+00
3.580000e-05	-1.079516e-02	6.001453e+00
3.581000e-05	-1.003775e-02	5.991500e+00
3.582000e-05	-9.102028e-03	5.949445e+00
3.583000e-05	-1.098799e-02	5.936941e+00
3.584000e-05	-1.330885e-02	5.884759e+00
3.585000e-05	-1.202449e-02	5.792585e+00
3.586000e-05	-1.312021e-02	5.735791e+00
3.587000e-05	-1.475212e-02	5.693737e+00
3.588000e-05	-1.557758e-02	5.610654e+00
3.589000e-05	-1.544683e-02	5.609924e+00
3.590000e-05	-1.668645e-02	5.578370e+00
3.591000e-05	-1.846153e-02	5.524289e+00
3.592000e-05	-1.719591e-02	5.464732e+00
3.593000e-05	-1.796507e-02	5.411080e+00
3.594000e-05	-1.551406e-02	5.399949e+00
3.595000e-05	-1.480899e-02	5.315291e+00
3.596000e-05	-1.330552e-02	5.225582e+00
3.597000e-05	-1.319460e-02	5.219475e+00
3.598000e-05	-1.038482e-02	5.147362e+00
3.599000e-05	-9.081686e-03	5.050027e+00
3.600000e-05	-9.441996e-03	4.946762e+00
3.601000e-05	-9.540871e-03	4.851554e+00
3.602000e-05	-7.652905e-03	4.769422e+00
3.603000e-05	-6.222108e-03	4.726788e+00
3.604000e-05	-7.399298e-03	4.643029e+00
3.605000e-05	-7.139774e-03	4.569446e+00
3.606000e-05	-5.111137e-03	4.514709e+00
3.607000e-05	-5.397667e-03	4.421004e+00
3.608000e-05	-6.660838e-03	4.389974e+00
3.609000e-05	-5.122456e-03	4.314306e+00
3.610000e-05	-4.259171e-03	4.189943e+00
3.611000e-05	-6.023672e-03	4.063659e+00
3.612000e-05	-5.702379e-03	3.977922e+00
3.613000e-05	-5.033554e-03	3.925262e+00
3.614000e-05	-3.858869e-03	3.830075e+00
3.615000e-05	-4.673634e-03	3.745343e+00
3.616000e-05	-4.907079e-03	3.654582e+00
3.617000e-05	-5.198568e-03	3.600423e+00
3.618000e-05	-5.369294e-03	3.536732e+00
3.619000e-05	-4.033302e-03	3.367914e+00
3.620000e-05	-3.511015e-03	3.232003e+00
3.621000e-05	-4.726815e-03	3.158894e+00
3.622000e-05	-4.470320e-03	3.054107e+00
3.623000e-05	-3.934515e-03	2.987966e+00
3.624000e-05	-3.586440e-03	2.874184e+00
3.625000e-05	-5.232266e-03	2.819972e+00
3.626000e-05	-4.826505e-03	2.766237e+00
3.627000e-05	-3.999477e-03	2.578920e+00
3.628000e-05	-4.386751e-03	2.421500e+00
3.629000e-05	-4.907042e-03	2.335866e+00
3.630000e-05	-3.431001e-03	2.261575e+00
3.631000e-05	-3.289439e-03	2.188315e+00
3.632000e-05	-4.180942e-03	2.062032e+00
3.633000e-05	-3.910488e-03	1.979846e+00
3.634000e-05	-3.181503e-03	1.883632e+00
3.635000e-05	-3.588013e-03	1.734393e+00
3.636000e-05	-4.243723e-03	1.641001e+00
3.637000e-05	-4.184666e-03	1.484192e+00
3.638000e-05	-3.590774e-03	1.378395e+00
3.639000e-05	-3.415237e-03	1.291734e+00
3.640000e-05	-3.887686e-03	1.177820e+00
3.641000e-05	-3.740735e-03	1.058068e+00
3.642000e-05	-4.195038e-03	8.440029e-01
3.643000e-05	-3.611511e-03	7.677935e-01
3.644000e-05	-4.289171e-03	6.931065e-01
3.645000e-05	-4.185245e-03	5.373419e-01
3.646000e-05	-3.487599e-03	4.419764e-01
3.647000e-05	-3.694207e-03	3.879146e-01
3.648000e-05	-3.344185e-03	1.914499e-01
3.649000e-05	-3.722909e-03	9.267920e-02
3.650000e-05	-1.677311e-03	-3.212521e-02
3.651000e-05	1.256555e-03	-1.262934e-01
3.652000e-05	2.884693e-04	-2.015602e-01
3.653000e-05	-2.786003e-03	-3.178948e-01
3.654000e-05	-1.519511e-03	-4.005264e-01
3.655000e-05	-1.706390e-03	-4.747144e-01
3.656000e-05	-2.143442e-03	-6.431077e-01
3.657000e-05	1.475968e-03	-7.584460e-01
3.658000e-05	3.639489e-02	-8.116342e-01
3.659000e-05	4.070515e-02	-9.585038e-01
3.660000e-05	-4.819619e-02	-1.148977e+00
3.661000e-05	-8.431020e-02	-1.350424e+00
3.662000e-05	-2.482554e-02	-1.430502e+00
3.663000e-05	1.237945e-01	-1.397859e+00
3.664000e-05	-4.620829e-02	-1.518451e+00
3.665000e-05	-1.061898e-01	-1.778868e+00
3.666000e-05	1.197094e-01	-1.777976e+00
3.667000e-05	-3.115354e-02	-1.813160e+00
3.668000e-05	-1.566188e-01	-2.000526e+00
3.669000e-05	7.799427e-02	-2.063235e+00
3.670000e-05	9.744582e-02	-2.135527e+00
3.671000e-05	-1.475496e-01	-2.347894e+00
3.672000e-05	5.487976e-02	-2.432654e+00
3.673000e-05	7.479224e-02	-2.528290e+00
3.674000e-05	-1.205205e-01	-2.673262e+00
3.675000e-05	2.635752e-02	-2.758920e+00
3.676000e-05	6.153724e-02	-2.811635e+00
3.677000e-05	-8.439312e-02	-2.999427e+00
3.678000e-05	6.234525e-02	-3.056239e+00
3.679000e-05	-1.614579e-02	-3.190525e+00
3.680000e-05	-3.910100e-02	-3.266188e+00
3.681000e-05	8.817289e-02	-3.378402e+00
3.682000e-05	-6.331374e-02	-3.433212e+00
3.683000e-05	-4.894389e-02	-3.567945e+00
3.684000e-05	1.072906e-01	-3.609554e+00
3.685000e-05	-4.618479e-02	-3.668292e+00
3.686000e-05	-3.798887e-02	-3.825158e+00
3.687000e-05	6.037151e-02	-3.926370e+00
3.688000e-05	-2.544948e-02	-4.051532e+00
3.689000e-05	-8.391737e-03	-4.106815e+00
3.690000e-05	-1.628289e-02	-4.158044e+00
3.691000e-05	6.464211e-03	-4.262137e+00
3.692000e-05	5.456266e-02	-4.327337e+00
3.693000e-05	-5.523976e-02	-4.409926e+00
3.694000e-05	-2.437195e-02	-4.442653e+00
3.695000e-05	4.148235e-02	-4.486318e+00
3.696000e-05	2.937352e-03	-4.632102e+00
3.697000e-05	-2.309360e-02	-4.695216e+00
3.698000e-05	-1.423860e-02	-4.746925e+00
3.699000e-05	3.690334e-02	-4.822079e+00
3.700000e-05	-2.274579e-03	-4.934791e+00
3.701000e-05	-4.777428e-02	-4.959423e+00
3.702000e-05	2.346280e-02	-5.072054e+00
3.703000e-05	2.031732e-02	-5.116342e+00
3.704000e-05	-2.384312e-02	-5.169421e+00
3.705000e-05	-8.980780e-03	-5.210629e+00
3.706000e-05	8.662487e-03	-5.333367e+00
3.707000e-05	1.814306e-02	-5.361055e+00
3.708000e-05	-2.431315e-02	-5.476236e+00
3.709000e-05	-8.866524e-03	-5.567942e+00
3.710000e-05	2.263199e-02	-5.609449e+00
3.711000e-05	-1.007951e-02	-5.600079e+00
3.712000e-05	-7.199856e-03	-5.662637e+00
3.713000e-05	3.363939e-03	-5.745315e+00
3.714000e-05	3.533537e-03	-5.749417e+00
3.715000e-05	-7.334309e-03	-5.787975e+00
3.716000e-05	-6.860765e-03	-5.799577e+00
3.717000e-05	8.821289e-03	-5.862632e+00
3.718000e-05	-6.708541e-04	-5.875710e+00
3.719000e-05	-5.795007e-03	-5.946840e+00
3.720000e-05	3.075804e-03	-5.956895e+00
3.721000e-05	-2.078583e-03	-5.969347e+00
3.722000e-05	-3.142022e-03	-5.948399e+00
3.723000e-05	1.046814e-03	-5.980000e+00
3.724000e-05	5.490733e-04	-6.000026e+00
3.725000e-05	-2.602245e-03	-6.010503e+00
3.726000e-05	-3.816351e-03	-6.032605e+00
3.727000e-05	3.883970e-03	-6.052529e+00
3.728000e-05	-5.295257e-04	-6.021604e+00
3.729000e-05	-5.331892e-03	-6.029104e+00
3.730000e-05	1.661118e-03	-6.052105e+00
3.731000e-05	2.320936e-03	-6.073680e+00
3.732000e-05	-5.461305e-04	-6.062154e+00
3.733000e-05	-1.561382e-03	-6.073184e+00
3.734000e-05	1.774136e-03	-6.071684e+00
3.735000e-05	2.268783e-04	-6.083632e+00
3.736000e-05	-3.354853e-04	-6.012682e+00
3.737000e-05	2.205143e-03	-6.042154e+00
3.738000e-05	2.694523e-03	-6.012053e+00
3.739000e-05	7.517430e-04	-6.012553e+00
3.740000e-05	9.897941e-05	-6.009554e+00
3.741000e-05	1.889800e-03	-6.021078e+00
3.742000e-05	3.117073e-03	-5.989525e+00
3.743000e-05	2.333643e-03	-5.999976e+00
3.744000e-05	2.003641e-03	-5.989496e+00
3.745000e-05	3.329675e-03	-5.968445e+00
3.746000e-05	3.126637e-03	-5.967811e+00
3.747000e-05	5.270690e-03	-5.916743e+00
3.748000e-05	3.597332e-03	-5.873706e+00
3.749000e-05	3.781931e-03	-5.832029e+00
3.750000e-05	5.902067e-03	-5.790493e+00
3.751000e-05	7.810257e-03	-5.758845e+00
3.752000e-05	6.956892e-03	-5.714783e+00
3.753000e-05	7.948389e-03	-5.673158e+00
3.754000e-05	9.637734e-03	-5.630004e+00
3.755000e-05	9.986582e-03	-5.609425e+00
3.756000e-05	9.294497e-03	-5.599945e+00
3.757000e-05	1.239664e-02	-5.504286e+00
3.758000e-05	1.132118e-02	-5.462678e+00
3.759000e-05	1.095455e-02	-5.367741e+00
3.760000e-05	1.038556e-02	-5.234106e+00
3.761000e-05	8.959305e-03	-5.211023e+00
3.762000e-05	7.075666e-03	-5.147343e+00
3.763000e-05	5.898455e-03	-5.083686e+00
3.764000e-05	5.982989e-03	-5.020051e+00
3.765000e-05	3.227534e-03	-4.998325e+00
3.766000e-05	1.631078e-03	-4.914678e+00
3.767000e-05	2.599230e-03	-4.726819e+00
3.768000e-05	2.751326e-03	-4.683658e+00
3.769000e-05	6.744412e-04	-4.642031e+00
3.770000e-05	-6.298297e-05	-4.550392e+00
3.771000e-05	1.973884e-03	-4.504261e+00
3.772000e-05	1.002068e-03	-4.420499e+00
3.773000e-05	-2.046652e-03	-4.367342e+00
3.774000e-05	2.175906e-04	-4.284761e+00
3.775000e-05	5.604897e-05	-4.260028e+00
3.776000e-05	-1.900523e-03	-4.155415e+00
3.777000e-05	-2.981078e-03	-4.071602e+00
3.778000e-05	3.559976e-04	-3.999943e+00
3.779000e-05	-2.605314e-04	-3.936741e+00
3.780000e-05	-2.739130e-03	-3.788415e+00
3.781000e-05	-2.164442e-03	-3.611579e+00
3.782000e-05	-1.232484e-03	-3.589420e+00
3.783000e-05	-2.877218e-03	-3.543788e+00
3.784000e-05	-2.735392e-03	-3.409951e+00
3.785000e-05	-2.415631e-03	-3.325237e+00
3.786000e-05	-2.006828e-03	-3.170549e+00
3.787000e-05	-3.723080e-03	-3.186890e+00
3.788000e-05	-2.376405e-03	-3.061627e+00
3.789000e-05	-2.312527e-03	-2.904237e+00
3.790000e-05	-2.185428e-03	-2.820526e+00
3.791000e-05	-4.085531e-03	-2.755337e+00
3.792000e-05	-2.626191e-03	-2.642000e+00
3.793000e-05	-3.064239e-03	-2.525188e+00
3.794000e-05	-2.847219e-03	-2.440474e+00
3.795000e-05	-2.841542e-03	-2.386367e+00
3.796000e-05	-2.452194e-03	-2.239601e+00
3.797000e-05	-4.320119e-03	-2.083207e+00
3.798000e-05	-3.060686e-03	-1.998392e+00
3.799000e-05	-3.538140e-03	-1.913209e+00
3.800000e-05	-2.759456e-03	-1.778998e+00
3.801000e-05	-3.095855e-03	-1.683159e+00
3.802000e-05	-2.467606e-03	-1.609274e+00
3.803000e-05	-3.587774e-03	-1.514122e+00
3.804000e-05	-3.979431e-03	-1.285184e+00
3.805000e-05	-3.678896e-03	-1.206919e+00
3.806000e-05	-2.965935e-03	-1.052656e+00
3.807000e-05	-3.508678e-03	-9.473410e-01
3.808000e-05	-4.288926e-03	-8.611278e-01
3.809000e-05	-3.784264e-03	-7.793633e-01
3.810000e-05	-3.680726e-03	-6.404751e-01
3.811000e-05	-3.859461e-03	-4.820816e-01
3.812000e-05	-3.608195e-03	-3.874460e-01
3.813000e-05	-3.295201e-03	-2.742066e-01
3.814000e-05	-3.761125e-03	-1.977411e-01
3.815000e-05	-2.960944e-03	-7.308251e-02
3.816000e-05	-2.068534e-03	1.158632e-02
3.817000e-05	-1.284000e-05	9.740360e-02
3.818000e-05	-2.405959e-03	2.648382e-01
3.819000e-05	-1.885053e-03	4.094249e-01
3.820000e-05	-3.224044e-03	4.736605e-01
3.821000e-05	-2.041356e-03	5.289723e-01
3.822000e-05	-2.239913e-03	7.057616e-01
3.823000e-05	1.689573e-03	7.404014e-01
3.824000e-05	2.191795e-02	8.542418e-01
3.825000e-05	4.425326e-02	1.034184e+00
3.826000e-05	-1.150226e-02	1.210530e+00
3.827000e-05	-6.553209e-02	1.358421e+00
3.828000e-05	-8.717458e-02	1.400054e+00
3.829000e-05	8.292514e-02	1.489873e+00
3.830000e-05	6.360243e-02	1.666865e+00
3.831000e-05	-9.536769e-02	1.798948e+00
3.832000e-05	-2.590888e-02	1.771109e+00
3.833000e-05	9.740114e-02	1.968943e+00
3.834000e-05	-1.218109e-01	2.043263e+00
3.835000e-05	-1.104913e-02	2.127815e+00
3.836000e-05	1.207913e-01	2.204682e+00
3.837000e-05	-7.705619e-02	2.398447e+00
3.838000e-05	-5.410313e-02	2.412054e+00
3.839000e-05	1.129968e-01	2.527447e+00
3.840000e-05	-4.835000e-02	2.706338e+00
3.841000e-05	-5.880320e-02	2.799054e+00
3.842000e-05	7.346830e-02	2.845792e+00
3.843000e-05	-3.512898e-02	2.990049e+00
3.844000e-05	-2.216785e-02	3.054790e+00
3.845000e-05	3.315654e-02	3.188500e+00
3.846000e-05	-1.752658e-02	3.254708e+00
3.847000e-05	9.834362e-03	3.380525e+00
3.848000e-05	1.244708e-02	3.478318e+00
3.849000e-05	-6.427575e-02	3.591004e+00
3.850000e-05	2.666837e-02	3.642717e+00
3.851000e-05	3.722259e-02	3.770428e+00
3.852000e-05	-4.577111e-02	3.873711e+00
3.853000e-05	-2.021770e-03	3.939922e+00
3.854000e-05	1.390525e-02	4.000526e+00
3.855000e-05	-5.443423e-03	4.044787e+00
3.856000e-05	-1.842496e-02	4.176950e+00
3.857000e-05	5.155120e-04	4.306390e+00
3.858000e-05	1.065592e-02	4.379979e+00
3.859000e-05	6.787855e-03	4.442713e+00
3.860000e-05	-2.767396e-02	4.518871e+00
3.861000e-05	-1.103459e-02	4.600004e+00
3.862000e-05	2.603186e-02	4.656216e+00
3.863000e-05	-5.802510e-03	4.738971e+00
3.864000e-05	-2.572486e-02	4.810527e+00
3.865000e-05	4.735036e-03	4.855733e+00
3.866000e-05	2.224147e-02	4.990024e+00
3.867000e-05	-2.301602e-02	5.116871e+00
3.868000e-05	-1.485083e-02	5.189426e+00
3.869000e-05	1.172714e-02	5.212084e+00
3.870000e-05	3.940715e-03	5.295293e+00
3.871000e-05	-1.573739e-02	5.379476e+00
3.872000e-05	-7.219412e-03	5.441082e+00
3.873000e-05	1.070589e-02	5.514746e+00
3.874000e-05	-8.048012e-03	5.528392e+00
3.875000e-05	-1.187430e-02	5.568974e+00
3.876000e-05	2.054827e-04	5.610526e+00
3.877000e-05	2.961564e-03	5.622205e+00
3.878000e-05	-1.127335e-02	5.695361e+00
3.879000e-05	-3.549857e-03	5.709122e+00
3.880000e-05	2.760067e-03	5.864097e+00
3.881000e-05	-6.636791e-03	5.942341e+00
3.882000e-05	-9.333870e-03	5.947770e+00
3.883000e-05	-1.002851e-03	5.979024e+00
3.884000e-05	8.944320e-04	6.009525e+00
3.885000e-05	-7.182810e-03	6.000503e+00
3.886000e-05	-3.299305e-03	6.010505e+00
3.887000e-05	-3.798266e-03	6.042553e+00
3.888000e-05	-6.526081e-03	6.032738e+00
3.889000e-05	-5.417700e-03	6.064213e+00
3.890000e-05	-7.729834e-04	6.083287e+00
3.891000e-05	-3.951225e-03	6.146315e+00
3.892000e-05	-9.706573e-03	6.157293e+00
3.893000e-05	-3.699788e-03	6.139345e+00
3.894000e-05	-2.366943e-03	6.138950e+00
3.895000e-05	-5.826462e-03	6.138371e+00
3.896000e-05	-7.680715e-03	6.158470e+00
3.897000e-05	-3.811804e-03	6.188493e+00
3.898000e-05	-5.113461e-03	6.170500e+00
3.899000e-05	-7.351174e-03	6.169945e+00
3.900000e-05	-5.167212e-03	6.190425e+00
3.901000e-05	-5.102933e-03	6.158948e+00
3.902000e-05	-6.444358e-03	6.188874e+00
3.903000e-05	-7.506272e-03	6.177371e+00
3.904000e-05	-5.424112e-03	6.147395e+00
3.905000e-05	-6.688218e-03	6.138918e+00
3.906000e-05	-7.372271e-03	6.124815e+00
3.907000e-05	-7.944178e-03	6.093787e+00
3.908000e-05	-8.040944e-03	6.104208e+00
3.909000e-05	-7.938845e-03	6.054154e+00
3.910000e-05	-8.101007e-03	6.041130e+00
3.911000e-05	-8.146931e-03	6.031053e+00
3.912000e-05	-1.002973e-02	6.021500e+00
3.913000e-05	-8.872788e-03	5.998499e+00
3.914000e-05	-1.101982e-02	5.968972e+00
3.915000e-05	-1.210413e-02	5.936765e+00
3.916000e-05	-1.211463e-02	5.915184e+00
3.917000e-05	-1.161135e-02	5.850429e+00
3.918000e-05	-1.356947e-02	5.726415e+00
3.919000e-05	-1.589106e-02	5.652684e+00
3.920000e-05	-1.518178e-02	5.611025e+00
3.921000e-05	-1.584480e-02	5.599975e+00
3.922000e-05	-1.731251e-02	5.578918e+00
3.923000e-05	-1.858373e-02	5.527341e+00
3.924000e-05	-1.710368e-02	5.472084e+00
3.925000e-05	-1.763385e-02	5.420976e+00
3.926000e-05	-1.563823e-02	5.409371e+00
3.927000e-05	-1.492931e-02	5.295738e+00
3.928000e-05	-1.342504e-02	5.271579e+00
3.929000e-05	-1.307209e-02	5.189949e+00
3.930000e-05	-1.034925e-02	5.144790e+00
3.931000e-05	-8.395682e-03	5.018473e+00
3.932000e-05	-9.410738e-03	4.873836e+00
3.933000e-05	-8.187377e-03	4.793974e+00
3.934000e-05	-7.019597e-03	4.747869e+00
3.935000e-05	-6.908881e-03	4.704712e+00
3.936000e-05	-7.907038e-03	4.612131e+00
3.937000e-05	-6.193787e-03	4.558370e+00
3.938000e-05	-5.520420e-03	4.483586e+00
3.939000e-05	-5.991161e-03	4.411001e+00
3.940000e-05	-6.184173e-03	4.379421e+00
3.941000e-05	-4.941403e-03	4.274659e+00
3.942000e-05	-5.477664e-03	4.147338e+00
3.943000e-05	-5.975625e-03	4.042079e+00
3.944000e-05	-5.453094e-03	3.969395e+00
3.945000e-05	-3.826644e-03	3.892710e+00
3.946000e-05	-5.247931e-03	3.809452e+00
3.947000e-05	-5.532823e-03	3.725334e+00
3.948000e-05	-4.605990e-03	3.621007e+00
3.949000e-05	-4.115791e-03	3.578942e+00
3.950000e-05	-5.321907e-03	3.503653e+00
3.951000e-05	-3.500362e-03	3.356216e+00
3.952000e-05	-3.892178e-03	3.200474e+00
3.953000e-05	-4.616366e-03	3.167865e+00
3.954000e-05	-4.062117e-03	3.011532e+00
3.955000e-05	-3.889802e-03	2.966441e+00
3.956000e-05	-3.796203e-03	2.873534e+00
3.957000e-05	-4.508777e-03	2.819470e+00
3.958000e-05	-4.285549e-03	2.664686e+00
3.959000e-05	-3.986499e-03	2.536337e+00
3.960000e-05	-4.005177e-03	2.409473e+00
3.961000e-05	-4.400090e-03	2.326266e+00
3.962000e-05	-3.699285e-03	2.260501e+00
3.963000e-05	-3.405513e-03	2.086839e+00
3.964000e-05	-3.495490e-03	2.021500e+00
3.965000e-05	-3.368541e-03	1.957867e+00
3.966000e-05	-3.604029e-03	1.860978e+00
3.967000e-05	-4.010952e-03	1.706107e+00
3.968000e-05	-4.116936e-03	1.619445e+00
3.969000e-05	-3.860171e-03	1.472632e+00
3.970000e-05	-3.810297e-03	1.387362e+00
3.971000e-05	-3.200246e-03	1.261603e+00
3.972000e-05	-2.543514e-03	1.127739e+00
3.973000e-05	-3.658715e-03	9.963434e-01
3.974000e-05	-3.983528e-03	8.326002e-01
3.975000e-05	-3.709737e-03	7.262657e-01
3.976000e-05	-3.511247e-03	6.610751e-01
3.977000e-05	-3.598488e-03	4.953157e-01
3.978000e-05	-3.169518e-03	4.000764e-01
3.979000e-05	-3.219416e-03	3.462145e-01
3.980000e-05	-3.333933e-03	1.869159e-01
3.981000e-05	-2.538629e-03	3.105244e-02
3.982000e-05	-2.080645e-03	-3.165908e-02
3.983000e-05	1.482305e-03	-1.678698e-01
3.984000e-05	6.708219e-05	-2.927103e-01
3.985000e-05	-1.083797e-03	-3.479247e-01
3.986000e-05	-1.715760e-03	-4.315829e-01
3.987000e-05	-2.729274e-03	-5.259760e-01
3.988000e-05	-1.821086e-03	-6.942394e-01
3.989000e-05	7.449477e-03	-7.899751e-01
3.990000e-05	4.723427e-02	-8.342629e-01
3.991000e-05	1.878678e-02	-1.001106e+00
3.992000e-05	-5.829944e-02	-1.230635e+00
3.993000e-05	-8.741711e-02	-1.410019e+00
3.994000e-05	3.804819e-02	-1.447000e+00
3.995000e-05	9.881052e-02	-1.432011e+00
3.996000e-05	-8.338071e-02	-1.580704e+00
3.997000e-05	-8.121172e-02	-1.758970e+00
3.998000e-05	1.197415e-01	-1.749001e+00
3.999000e-05	-1.129586e-01	-1.875162e+00
4.000000e-05	-1.086920e-01	-2.021156e+00
4.001000e-05	1.322363e-01	-2.116716e+00
4.002000e-05	2.117751e-02	-2.191529e+00
4.003000e-05	-1.302495e-01	-2.379950e+00
4.004000e-05	1.162723e-01	-2.442632e+00
4.005000e-05	2.742114e-04	-2.537899e+00
4.006000e-05	-1.087212e-01	-2.696263e+00
4.007000e-05	7.055214e-02	-2.768975e+00
4.008000e-05	1.128745e-02	-2.863685e+00
4.009000e-05	-6.154063e-02	-2.958978e+00
4.010000e-05	7.187190e-02	-3.114761e+00
4.011000e-05	-4.948869e-02	-3.212509e+00
4.012000e-05	-2.755882e-03	-3.317341e+00
4.013000e-05	7.903571e-02	-3.390027e+00
4.014000e-05	-1.071662e-01	-3.485287e+00
4.015000e-05	1.293510e-02	-3.568449e+00
4.016000e-05	8.522539e-02	-3.600633e+00
4.017000e-05	-7.861558e-02	-3.740418e+00
4.018000e-05	2.906827e-03	-3.906257e+00
4.019000e-05	4.438614e-02	-3.969399e+00
4.020000e-05	-3.137769e-02	-4.032583e+00
4.021000e-05	-1.778051e-03	-4.104792e+00
4.022000e-05	-2.089380e-02	-4.169500e+00
4.023000e-05	3.007825e-02	-4.293735e+00
4.024000e-05	3.411353e-02	-4.357821e+00
4.025000e-05	-6.781331e-02	-4.410550e+00
4.026000e-05	1.527182e-03	-4.433109e+00
4.027000e-05	3.783146e-02	-4.596814e+00
4.028000e-05	-8.278644e-03	-4.663684e+00
4.029000e-05	-2.370474e-02	-4.665239e+00
4.030000e-05	-3.970138e-03	-4.730494e+00
4.031000e-05	4.243508e-02	-4.843783e+00
4.032000e-05	-2.554335e-02	-4.925841e+00
4.033000e-05	-3.263595e-02	-4.990503e+00
4.034000e-05	3.346203e-02	-5.083134e+00
4.035000e-05	5.918602e-03	-5.136416e+00
4.036000e-05	-2.247399e-02	-5.169445e+00
4.037000e-05	-5.315962e-03	-5.242153e+00
4.038000e-05	1.540691e-02	-5.310866e+00
4.039000e-05	8.449682e-03	-5.470129e+00
4.040000e-05	-2.848789e-02	-5.517790e+00
4.041000e-05	2.901336e-03	-5.558447e+00
4.042000e-05	1.709244e-02	-5.589999e+00
4.043000e-05	-1.474907e-02	-5.631534e+00
4.044000e-05	-1.292170e-03	-5.695188e+00
4.045000e-05	3.226675e-03	-5.747338e+00
4.046000e-05	1.587809e-03	-5.737418e+00
4.047000e-05	-9.145199e-03	-5.787421e+00
4.048000e-05	-3.978907e-03	-5.841603e+00
4.049000e-05	1.008829e-02	-5.873157e+00
4.050000e-05	-4.976323e-03	-5.925362e+00
4.051000e-05	-2.146721e-03	-5.875316e+00
4.052000e-05	1.467606e-03	-5.968865e+00
4.053000e-05	-3.704630e-03	-5.979472e+00
4.054000e-05	-2.454242e-03	-6.007473e+00
4.055000e-05	6.493830e-04	-5.989524e+00
4.056000e-05	-5.767179e-05	-6.020528e+00
4.057000e-05	-4.215966e-03	-6.010000e+00
4.058000e-05	-1.641287e-03	-6.022626e+00
4.059000e-05	4.367065e-03	-6.040078e+00
4.060000e-05	-2.107588e-03	-6.052029e+00
4.061000e-05	-3.792063e-03	-6.082080e+00
4.062000e-05	3.247534e-03	-6.041712e+00
4.063000e-05	1.966266e-03	-6.092132e+00
4.064000e-05	-1.983615e-03	-6.052112e+00
4.065000e-05	-1.740449e-03	-6.073707e+00
4.066000e-05	2.197912e-03	-6.061729e+00
4.067000e-05	-1.220900e-04	-6.082134e+00
4.068000e-05	-5.906709e-04	-6.044130e+00
4.069000e-05	2.070815e-03	-6.074055e+00
4.070000e-05	2.043736e-03	-6.032105e+00
4.071000e-05	1.135806e-05	-6.031554e+00
4.072000e-05	-2.671700e-04	-6.021028e+00
4.073000e-05	2.727629e-03	-6.000501e+00
4.074000e-05	3.062495e-03	-6.000475e+00
4.075000e-05	2.835127e-03	-5.989399e+00
4.076000e-05	2.551252e-03	-5.968897e+00
4.077000e-05	1.653284e-03	-5.956845e+00
4.078000e-05	3.731902e-03	-5.916765e+00
4.079000e-05	3.788626e-03	-5.914712e+00
4.080000e-05	3.694511e-03	-5.853657e+00
4.081000e-05	4.203970e-03	-5.831079e+00
4.082000e-05	7.244918e-03	-5.819949e+00
4.083000e-05	6.971215e-03	-5.748242e+00
4.084000e-05	6.768371e-03	-5.714741e+00
4.085000e-05	7.892216e-03	-5.682604e+00
4.086000e-05	1.037277e-02	-5.610550e+00
4.087000e-05	9.877536e-03	-5.590474e+00
4.088000e-05	1.072512e-02	-5.578411e+00
4.089000e-05	1.122246e-02	-5.525668e+00
4.090000e-05	1.095041e-02	-5.429979e+00
4.091000e-05	9.924306e-03	-5.305735e+00
4.092000e-05	9.976166e-03	-5.231527e+00
4.093000e-05	8.559624e-03	-5.220947e+00
4.094000e-05	6.128518e-03	-5.135893e+00
4.095000e-05	6.164663e-03	-5.092206e+00
4.096000e-05	5.731899e-03	-5.030999e+00
4.097000e-05	3.462182e-03	-4.997841e+00
4.098000e-05	2.128065e-03	-4.868678e+00
4.099000e-05	2.815079e-03	-4.696642e+00
4.100000e-05	2.093197e-03	-4.712704e+00
4.101000e-05	1.606694e-04	-4.611004e+00
4.102000e-05	1.459818e-03	-4.566817e+00
4.103000e-05	1.184524e-03	-4.481629e+00
4.104000e-05	-5.370906e-04	-4.420450e+00
4.105000e-05	-1.915850e-03	-4.368370e+00
4.106000e-05	-7.275875e-05	-4.273155e+00
4.107000e-05	-5.153021e-04	-4.201995e+00
4.108000e-05	-3.320210e-03	-4.136363e+00
4.109000e-05	-1.814431e-03	-4.051605e+00
4.110000e-05	1.436205e-04	-3.998894e+00
4.111000e-05	-1.274511e-03	-3.863630e+00
4.112000e-05	-2.975474e-03	-3.827267e+00
4.113000e-05	-1.507785e-03	-3.631104e+00
4.114000e-05	-1.153877e-03	-3.598320e+00
4.115000e-05	-4.054435e-03	-3.463707e+00
4.116000e-05	-2.625110e-03	-3.438897e+00
4.117000e-05	-1.247288e-03	-3.334683e+00
4.118000e-05	-2.366048e-03	-3.201498e+00
4.119000e-05	-3.843076e-03	-3.136266e+00
4.120000e-05	-2.488721e-03	-3.029547e+00
4.121000e-05	-2.969840e-03	-2.892107e+00
4.122000e-05	-3.343102e-03	-2.789400e+00
4.123000e-05	-3.438406e-03	-2.715137e+00
4.124000e-05	-2.409288e-03	-2.620374e+00
4.125000e-05	-2.069144e-03	-2.503212e+00
4.126000e-05	-3.239882e-03	-2.429947e+00
4.127000e-05	-2.811576e-03	-2.336662e+00
4.128000e-05	-2.971384e-03	-2.259846e+00
4.129000e-05	-4.037924e-03	-2.071079e+00
4.130000e-05	-3.492899e-03	-1.975817e+00
4.131000e-05	-3.510887e-03	-1.871653e+00
4.132000e-05	-2.528403e-03	-1.777390e+00
4.133000e-05	-3.087359e-03	-1.701033e+00
4.134000e-05	-1.659564e-03	-1.609346e+00
4.135000e-05	-3.888886e-03	-1.442599e+00
4.136000e-05	-4.309619e-03	-1.283209e+00
4.137000e-05	-3.878412e-03	-1.167290e+00
4.138000e-05	-2.873185e-03	-1.041003e+00
4.139000e-05	-3.134206e-03	-9.467907e-01
4.140000e-05	-3.596174e-03	-8.405490e-01
4.141000e-05	-4.504037e-03	-7.663644e-01
4.142000e-05	-3.793757e-03	-6.084421e-01
4.143000e-05	-3.384337e-03	-4.410253e-01
4.144000e-05	-3.205674e-03	-3.678145e-01
4.145000e-05	-3.816938e-03	-2.405053e-01
4.146000e-05	-3.326960e-03	-1.457907e-01
4.147000e-05	-3.006039e-03	-6.160394e-02
4.148000e-05	-1.727296e-03	4.313914e-02
4.149000e-05	4.643164e-05	1.809299e-01
4.150000e-05	-1.394511e-03	3.058219e-01
4.151000e-05	-1.984292e-03	3.909803e-01
4.152000e-05	-3.917206e-03	4.862856e-01
4.153000e-05	-2.221292e-03	5.809800e-01
4.154000e-05	-2.280579e-03	7.063171e-01
4.155000e-05	4.586419e-03	7.894787e-01
4.156000e-05	2.963521e-02	8.753657e-01
4.157000e-05	3.685928e-02	1.107363e+00
4.158000e-05	-2.846113e-02	1.274735e+00
4.159000e-05	-7.728047e-02	1.339947e+00
4.160000e-05	-5.876632e-02	1.411034e+00
4.161000e-05	1.126131e-01	1.560549e+00
4.162000e-05	1.328260e-02	1.737367e+00
4.163000e-05	-1.074118e-01	1.777977e+00
4.164000e-05	4.831165e-02	1.835183e+00
4.165000e-05	5.069440e-02	1.990526e+00
4.166000e-05	-1.273263e-01	2.065336e+00
4.167000e-05	3.968316e-02	2.116921e+00
4.168000e-05	9.706401e-02	2.244738e+00
4.169000e-05	-1.231292e-01	2.370000e+00
4.170000e-05	1.309616e-02	2.462165e+00
4.171000e-05	9.111784e-02	2.551054e+00
4.172000e-05	-8.282247e-02	2.746921e+00
4.173000e-05	-1.549699e-02	2.822156e+00
4.174000e-05	6.455000e-02	2.926367e+00
4.175000e-05	-5.476297e-02	3.031630e+00
4.176000e-05	4.795407e-03	3.105293e+00
4.177000e-05	2.376447e-02	3.181526e+00
4.178000e-05	-2.551125e-02	3.263787e+00
4.179000e-05	3.097402e-02	3.391130e+00
4.180000e-05	-1.664043e-02	3.527822e+00
4.181000e-05	-4.621786e-02	3.600654e+00
4.182000e-05	4.336638e-02	3.664291e+00
4.183000e-05	1.742164e-02	3.779999e+00
4.184000e-05	-5.145624e-02	3.894338e+00
4.185000e-05	1.506209e-02	3.958898e+00
4.186000e-05	8.702364e-03	4.021579e+00
4.187000e-05	-1.097393e-02	4.066741e+00
4.188000e-05	-1.219794e-02	4.180684e+00
4.189000e-05	1.412145e-03	4.319371e+00
4.190000e-05	1.623465e-02	4.430031e+00
4.191000e-05	-7.820332e-03	4.433788e+00
4.192000e-05	-2.437552e-02	4.567897e+00
4.193000e-05	-1.108369e-03	4.622607e+00
4.194000e-05	2.510003e-02	4.656293e+00
4.195000e-05	-1.815944e-02	4.738999e+00
4.196000e-05	-1.766622e-02	4.820108e+00
4.197000e-05	1.653022e-02	4.885362e+00
4.198000e-05	1.045440e-02	4.963234e+00
4.199000e-05	-2.651142e-02	5.136794e+00
4.200000e-05	-7.216219e-03	5.200502e+00
4.201000e-05	1.549043e-02	5.205212e+00
4.202000e-05	-5.590303e-03	5.315896e+00
4.203000e-05	-1.366307e-02	5.360449e+00
4.204000e-05	-2.625960e-03	5.420584e+00
4.205000e-05	8.650538e-03	5.495886e+00
4.206000e-05	-1.219725e-02	5.508843e+00
4.207000e-05	-8.061565e-03	5.579474e+00
4.208000e-05	3.364308e-03	5.600601e+00
4.209000e-05	-2.831769e-03	5.642606e+00
4.210000e-05	-9.696326e-03	5.696388e+00
4.211000e-05	-1.645306e-03	5.767951e+00
4.212000e-05	2.338443e-03	5.844132e+00
4.213000e-05	-1.019567e-02	5.907288e+00
4.214000e-05	-6.363739e-03	5.968397e+00
4.215000e-05	-8.116058e-04	5.979949e+00
4.216000e-05	-1.101640e-03	6.000000e+00
4.217000e-05	-5.535705e-03	6.000078e+00
4.218000e-05	-2.237088e-03	6.031655e+00
4.219000e-05	-5.524862e-03	6.022158e+00
4.220000e-05	-8.101288e-03	6.093185e+00
4.221000e-05	-2.201082e-03	6.064689e+00
4.222000e-05	-1.365655e-03	6.084334e+00
4.223000e-05	-5.873452e-03	6.129841e+00
4.224000e-05	-8.948520e-03	6.137345e+00
4.225000e-05	-2.154481e-03	6.188925e+00
4.226000e-05	-2.786419e-03	6.167371e+00
4.227000e-05	-7.254987e-03	6.168925e+00
4.228000e-05	-5.311429e-03	6.178426e+00
4.229000e-05	-3.341297e-03	6.180001e+00
4.230000e-05	-5.548206e-03	6.170973e+00
4.231000e-05	-8.105724e-03	6.181025e+00
4.232000e-05	-4.616551e-03	6.180421e+00
4.233000e-05	-6.675092e-03	6.198948e+00
4.234000e-05	-7.676479e-03	6.169944e+00
4.235000e-05	-6.516553e-03	6.169421e+00
4.236000e-05	-4.393000e-03	6.147421e+00
4.237000e-05	-6.696043e-03	6.157796e+00
4.238000e-05	-8.319768e-03	6.098290e+00
4.239000e-05	-7.750179e-03	6.094237e+00
4.240000e-05	-7.745111e-03	6.073630e+00
4.241000e-05	-7.076812e-03	6.042057e+00
4.242000e-05	-8.954658e-03	6.011630e+00
4.243000e-05	-8.596870e-03	6.021055e+00
4.244000e-05	-1.026417e-02	5.999976e+00
4.245000e-05	-9.153021e-03	5.999970e+00
4.246000e-05	-1.036167e-02	5.966395e+00
4.247000e-05	-1.171099e-02	5.935286e+00
4.248000e-05	-1.200238e-02	5.883704e+00
4.249000e-05	-1.283703e-02	5.790524e+00
4.250000e-05	-1.381727e-02	5.773312e+00
4.251000e-05	-1.549131e-02	5.633160e+00
4.252000e-05	-1.481553e-02	5.611499e+00
4.253000e-05	-1.694121e-02	5.599474e+00
4.254000e-05	-1.814940e-02	5.558893e+00
4.255000e-05	-1.761253e-02	5.525291e+00
4.256000e-05	-1.820864e-02	5.483605e+00
4.257000e-05	-1.625111e-02	5.399955e+00
4.258000e-05	-1.632843e-02	5.367869e+00
4.259000e-05	-1.367424e-02	5.304640e+00
4.260000e-05	-1.367770e-02	5.231055e+00
4.261000e-05	-1.135297e-02	5.159972e+00
4.262000e-05	-1.000408e-02	5.114210e+00
4.263000e-05	-8.173702e-03	4.948867e+00
4.264000e-05	-1.037239e-02	4.853161e+00
4.265000e-05	-8.314938e-03	4.810501e+00
4.266000e-05	-7.658075e-03	4.757390e+00
4.267000e-05	-7.212502e-03	4.682589e+00
4.268000e-05	-7.768051e-03	4.651000e+00
4.269000e-05	-6.330100e-03	4.505838e+00
4.270000e-05	-5.830040e-03	4.461580e+00
4.271000e-05	-6.836321e-03	4.410001e+00
4.272000e-05	-5.431373e-03	4.386868e+00
4.273000e-05	-4.248313e-03	4.241554e+00
4.274000e-05	-5.849861e-03	4.124188e+00
4.275000e-05	-6.124402e-03	4.021476e+00
4.276000e-05	-4.711317e-03	3.977892e+00
4.277000e-05	-3.961354e-03	3.872109e+00
4.278000e-05	-5.653659e-03	3.778396e+00
4.279000e-05	-4.847071e-03	3.693809e+00
4.280000e-05	-3.880693e-03	3.610476e+00
4.281000e-05	-4.717581e-03	3.537291e+00
4.282000e-05	-6.178191e-03	3.451028e+00
4.283000e-05	-4.220887e-03	3.304636e+00
4.284000e-05	-4.524752e-03	3.190447e+00
4.285000e-05	-4.691356e-03	3.127262e+00
4.286000e-05	-5.021753e-03	3.031549e+00
4.287000e-05	-2.896726e-03	2.945687e+00
4.288000e-05	-4.116040e-03	2.841108e+00
4.289000e-05	-5.125594e-03	2.766895e+00
4.290000e-05	-4.629363e-03	2.633029e+00
4.291000e-05	-3.765185e-03	2.493664e+00
4.292000e-05	-3.611628e-03	2.399471e+00
4.293000e-05	-4.515899e-03	2.305238e+00
4.294000e-05	-3.694539e-03	2.220370e+00
4.295000e-05	-4.595735e-03	2.103658e+00
4.296000e-05	-3.415564e-03	2.011003e+00
4.297000e-05	-3.500224e-03	1.936262e+00
4.298000e-05	-4.099263e-03	1.819446e+00
4.299000e-05	-4.529937e-03	1.694109e+00
4.300000e-05	-3.504501e-03	1.587467e+00
4.301000e-05	-3.295046e-03	1.422078e+00
4.302000e-05	-3.965038e-03	1.335788e+00
4.303000e-05	-4.593062e-03	1.250530e+00
4.304000e-05	-3.604972e-03	1.125233e+00
4.305000e-05	-2.759722e-03	9.442194e-01
4.306000e-05	-3.165537e-03	8.094498e-01
4.307000e-05	-3.968549e-03	7.157631e-01
4.308000e-05	-3.703889e-03	6.104186e-01
4.309000e-05	-3.643757e-03	4.846580e-01
4.310000e-05	-3.474196e-03	3.889723e-01
4.311000e-05	-3.614746e-03	3.327056e-01
4.312000e-05	-2.986395e-03	1.367657e-01
4.313000e-05	-2.424173e-03	3.095132e-02
4.314000e-05	-1.426577e-03	-1.036383e-01
4.315000e-05	9.007026e-04	-1.689986e-01
4.316000e-05	-6.497761e-05	-2.462130e-01
4.317000e-05	-1.847759e-03	-3.889711e-01
4.318000e-05	-1.915392e-03	-4.125630e-01
4.319000e-05	-2.453184e-03	-5.589446e-01
4.320000e-05	-1.566441e-03	-7.073896e-01
4.321000e-05	1.397619e-02	-7.905277e-01
4.322000e-05	5.418539e-02	-8.842919e-01
4.323000e-05	-6.886895e-03	-1.063739e+00
4.324000e-05	-6.689054e-02	-1.253883e+00
4.325000e-05	-8.142073e-02	-1.430924e+00
4.326000e-05	9.478129e-02	-1.368053e+00
4.327000e-05	4.812388e-02	-1.413192e+00
4.328000e-05	-1.109758e-01	-1.653186e+00
4.329000e-05	-3.224108e-02	-1.768949e+00
4.330000e-05	1.016210e-01	-1.799032e+00
4.331000e-05	-1.585770e-01	-1.916441e+00
4.332000e-05	-4.603870e-02	-2.012630e+00
4.333000e-05	1.541534e-01	-2.084917e+00
4.334000e-05	-5.556219e-02	-2.234738e+00
4.335000e-05	-9.105350e-02	-2.410023e+00
4.336000e-05	1.343097e-01	-2.443212e+00
4.337000e-05	-6.469886e-02	-2.599475e+00
4.338000e-05	-7.079184e-02	-2.697341e+00
4.339000e-05	9.302642e-02	-2.800978e+00
4.340000e-05	-4.213308e-02	-2.875262e+00
4.341000e-05	-1.581314e-02	-3.059124e+00
4.342000e-05	5.496848e-02	-3.096295e+00
4.343000e-05	-6.560498e-02	-3.234180e+00
4.344000e-05	3.949875e-02	-3.327819e+00
4.345000e-05	4.201081e-02	-3.420555e+00
4.346000e-05	-1.188324e-01	-3.525892e+00
4.347000e-05	6.677208e-02	-3.588475e+00
4.348000e-05	4.157685e-02	-3.644184e+00
4.349000e-05	-8.689722e-02	-3.778525e+00
4.350000e-05	3.928186e-02	-3.907370e+00
4.351000e-05	1.775835e-02	-3.988901e+00
4.352000e-05	-2.717713e-02	-4.072733e+00
4.353000e-05	-2.381867e-03	-4.107792e+00
4.354000e-05	-2.023112e-02	-4.209552e+00
4.355000e-05	4.992561e-02	-4.296340e+00
4.356000e-05	2.213960e-03	-4.348868e+00
4.357000e-05	-6.438615e-02	-4.420554e+00
4.358000e-05	2.234943e-02	-4.463708e+00
4.359000e-05	2.792450e-02	-4.590926e+00
4.360000e-05	-1.692765e-02	-4.662705e+00
4.361000e-05	-2.206386e-02	-4.697797e+00
4.362000e-05	1.078392e-02	-4.779397e+00
4.363000e-05	3.661105e-02	-4.875165e+00
4.364000e-05	-4.355948e-02	-4.936443e+00
4.365000e-05	-1.267001e-02	-5.030055e+00
4.366000e-05	3.623816e-02	-5.065611e+00
4.367000e-05	-8.586838e-03	-5.176920e+00
4.368000e-05	-1.885352e-02	-5.210427e+00
4.369000e-05	-2.703582e-03	-5.273632e+00
4.370000e-05	2.145052e-02	-5.350419e+00
4.371000e-05	-2.698300e-03	-5.421636e+00
4.372000e-05	-2.560966e-02	-5.535874e+00
4.373000e-05	1.368709e-02	-5.567925e+00
4.374000e-05	8.976354e-03	-5.600477e+00
4.375000e-05	-1.549810e-02	-5.641606e+00
4.376000e-05	1.458430e-03	-5.695262e+00
4.377000e-05	3.550012e-03	-5.697896e+00
4.378000e-05	4.480737e-04	-5.768445e+00
4.379000e-05	-1.082912e-02	-5.779399e+00
4.380000e-05	1.386963e-03	-5.831153e+00
4.381000e-05	8.390114e-03	-5.883137e+00
4.382000e-05	-7.523730e-03	-5.915766e+00
4.383000e-05	7.836459e-04	-5.946842e+00
4.384000e-05	3.747898e-04	-5.956845e+00
4.385000e-05	-3.515746e-03	-5.928896e+00
4.386000e-05	-9.536191e-04	-5.989471e+00
4.387000e-05	1.173793e-03	-5.989503e+00
4.388000e-05	1.558932e-04	-6.021500e+00
4.389000e-05	-4.963082e-03	-6.000579e+00
4.390000e-05	4.178450e-04	-6.012054e+00
4.391000e-05	2.905909e-03	-6.021055e+00
4.392000e-05	-3.916760e-03	-6.061603e+00
4.393000e-05	-1.641149e-03	-6.033133e+00
4.394000e-05	2.867549e-03	-6.054129e+00
4.395000e-05	6.994424e-04	-6.052084e+00
4.396000e-05	-2.395333e-03	-6.123128e+00
4.397000e-05	-2.689558e-04	-6.082655e+00
4.398000e-05	1.682679e-03	-6.052257e+00
4.399000e-05	-1.118751e-03	-6.103604e+00
4.400000e-05	-7.511206e-04	-6.053134e+00
4.401000e-05	2.265960e-03	-6.022578e+00
4.402000e-05	1.847406e-03	-6.052033e+00
4.403000e-05	1.407677e-03	-6.031003e+00
4.404000e-05	1.267229e-03	-6.021100e+00
4.405000e-05	2.616615e-03	-6.000524e+00
4.406000e-05	2.552830e-03	-5.980424e+00
4.407000e-05	1.660118e-03	-5.979499e+00
4.408000e-05	2.965677e-03	-5.989449e+00
4.409000e-05	3.382606e-03	-5.956844e+00
4.410000e-05	4.920788e-03	-5.955285e+00
4.411000e-05	4.304188e-03	-5.853662e+00
4.412000e-05	3.599877e-03	-5.822107e+00
4.413000e-05	4.784264e-03	-5.810474e+00
4.414000e-05	7.097229e-03	-5.790020e+00
4.415000e-05	6.648203e-03	-5.746813e+00
4.416000e-05	6.664100e-03	-5.703734e+00
4.417000e-05	9.561634e-03	-5.672155e+00
4.418000e-05	9.612860e-03	-5.620550e+00
4.419000e-05	1.038702e-02	-5.587896e+00
4.420000e-05	1.130672e-02	-5.567810e+00
4.421000e-05	1.261446e-02	-5.504184e+00
4.422000e-05	1.064612e-02	-5.417420e+00
4.423000e-05	1.048249e-02	-5.306212e+00
4.424000e-05	1.030335e-02	-5.242052e+00
4.425000e-05	8.186064e-03	-5.200518e+00
4.426000e-05	6.069763e-03	-5.135261e+00
4.427000e-05	4.889866e-03	-5.053059e+00
4.428000e-05	4.916102e-03	-5.036471e+00
4.429000e-05	3.272367e-03	-4.946758e+00
4.430000e-05	2.673766e-03	-4.830500e+00
4.431000e-05	3.052478e-03	-4.735139e+00
4.432000e-05	1.532167e-03	-4.622033e+00
4.433000e-05	5.238819e-04	-4.640417e+00
4.434000e-05	1.369134e-03	-4.545787e+00
4.435000e-05	1.527788e-03	-4.452055e+00
4.436000e-05	-1.377530e-03	-4.410420e+00
4.437000e-05	-8.935352e-04	-4.335241e+00
4.438000e-05	6.214891e-04	-4.273582e+00
4.439000e-05	6.890820e-04	-4.177944e+00
4.440000e-05	-1.783932e-03	-4.094185e+00
4.441000e-05	-5.148797e-04	-4.031475e+00
4.442000e-05	-6.975846e-04	-3.967367e+00
4.443000e-05	-2.701362e-03	-3.821625e+00
4.444000e-05	-3.883061e-03	-3.733236e+00
4.445000e-05	-1.531399e-03	-3.610975e+00
4.446000e-05	-2.349994e-04	-3.566815e+00
4.447000e-05	-2.932623e-03	-3.473157e+00
4.448000e-05	-2.135110e-03	-3.357894e+00
4.449000e-05	-2.385039e-03	-3.324154e+00
4.450000e-05	-3.037288e-03	-3.199920e+00
4.451000e-05	-3.396627e-03	-3.134207e+00
4.452000e-05	-1.526308e-03	-2.956340e+00
4.453000e-05	-2.851846e-03	-2.881579e+00
4.454000e-05	-3.143660e-03	-2.768367e+00
4.455000e-05	-3.556400e-03	-2.683182e+00
4.456000e-05	-2.124639e-03	-2.566919e+00
4.457000e-05	-3.108357e-03	-2.493156e+00
4.458000e-05	-3.651266e-03	-2.399421e+00
4.459000e-05	-2.433468e-03	-2.323682e+00
4.460000e-05	-3.651035e-03	-2.164288e+00
4.461000e-05	-3.693146e-03	-2.010000e+00
4.462000e-05	-4.397423e-03	-1.967368e+00
4.463000e-05	-2.727878e-03	-1.831528e+00
4.464000e-05	-4.025632e-03	-1.755311e+00
4.465000e-05	-2.956923e-03	-1.642582e+00
4.466000e-05	-2.918102e-03	-1.537766e+00
4.467000e-05	-2.507140e-03	-1.438867e+00
4.468000e-05	-3.139034e-03	-1.241523e+00
4.469000e-05	-2.935876e-03	-1.126837e+00
4.470000e-05	-5.066358e-03	-1.019422e+00
4.471000e-05	-3.704054e-03	-9.142855e-01
4.472000e-05	-4.717301e-03	-7.989486e-01
4.473000e-05	-4.064822e-03	-7.358043e-01
4.474000e-05	-4.407797e-03	-5.578860e-01
4.475000e-05	-3.199203e-03	-4.405239e-01
4.476000e-05	-3.584924e-03	-3.657907e-01
4.477000e-05	-3.905176e-03	-2.310225e-01
4.478000e-05	-3.346084e-03	-1.152107e-01
4.479000e-05	-2.199900e-03	4.763781e-04
4.480000e-05	-9.574303e-04	6.318691e-02
4.481000e-05	-1.326628e-03	2.331829e-01
4.482000e-05	-2.409999e-03	3.379424e-01
4.483000e-05	-2.119016e-03	4.027053e-01
4.484000e-05	-3.123620e-03	5.178685e-01
4.485000e-05	-2.211254e-03	6.025579e-01
4.486000e-05	-1.447930e-03	7.268172e-01
4.487000e-05	8.317591e-03	8.105813e-01
4.488000e-05	3.764741e-02	9.174038e-01
4.489000e-05	2.279370e-02	1.127471e+00
4.490000e-05	-4.399495e-02	1.285813e+00
4.491000e-05	-8.928446e-02	1.388626e+00
4.492000e-05	-1.144717e-02	1.432737e+00
4.493000e-05	1.187255e-01	1.553756e+00
4.494000e-05	-3.400838e-02	1.747941e+00
4.495000e-05	-9.681383e-02	1.810077e+00
4.496000e-05	1.093630e-01	1.895163e+00
4.497000e-05	-2.798227e-02	2.050529e+00
4.498000e-05	-1.019280e-01	2.086317e+00
4.499000e-05	8.532265e-02	2.148948e+00
4.500000e-05	4.721126e-02	2.294266e+00
4.501000e-05	-1.293465e-01	2.389453e+00
4.502000e-05	6.952782e-02	2.435764e+00
4.503000e-05	4.747635e-02	2.592260e+00
4.504000e-05	-9.517237e-02	2.759951e+00
4.505000e-05	2.720518e-02	2.832685e+00
4.506000e-05	3.319100e-02	2.927871e+00
4.507000e-05	-5.568256e-02	3.043237e+00
4.508000e-05	2.401742e-02	3.136843e+00
4.509000e-05	8.908382e-03	3.210028e+00
4.510000e-05	-2.273803e-02	3.275318e+00
4.511000e-05	4.017895e-02	3.432684e+00
4.512000e-05	-4.621823e-02	3.568921e+00
4.513000e-05	-1.956279e-02	3.602108e+00
4.514000e-05	5.063725e-02	3.695370e+00
4.515000e-05	-7.013992e-03	3.821129e+00
4.516000e-05	-4.051487e-02	3.887818e+00
4.517000e-05	2.107798e-02	3.979474e+00
4.518000e-05	3.084932e-03	4.041606e+00
4.519000e-05	-1.517242e-02	4.054896e+00
4.520000e-05	-4.467544e-03	4.205259e+00
4.521000e-05	2.831578e-03	4.369498e+00
4.522000e-05	1.900822e-02	4.420582e+00
4.523000e-05	-1.889919e-02	4.476289e+00
4.524000e-05	-2.185112e-02	4.577472e+00
4.525000e-05	8.671057e-03	4.633107e+00
4.526000e-05	2.038167e-02	4.726293e+00
4.527000e-05	-2.582221e-02	4.790046e+00
4.528000e-05	-1.326348e-02	4.872660e+00
4.529000e-05	2.397780e-02	4.938849e+00
4.530000e-05	-1.681818e-03	5.062810e+00
4.531000e-05	-2.343105e-02	5.149323e+00
4.532000e-05	-1.815040e-03	5.190103e+00
4.533000e-05	1.469140e-02	5.266213e+00
4.534000e-05	-1.240345e-02	5.328447e+00
4.535000e-05	-1.200629e-02	5.381099e+00
4.536000e-05	3.062591e-03	5.453214e+00
4.537000e-05	4.773664e-03	5.486715e+00
4.538000e-05	-1.330687e-02	5.529372e+00
4.539000e-05	-6.095713e-03	5.599500e+00
4.540000e-05	5.962704e-03	5.621105e+00
4.541000e-05	-6.231674e-03	5.674637e+00
4.542000e-05	-8.098469e-03	5.726296e+00
4.543000e-05	-7.268117e-04	5.753905e+00
4.544000e-05	4.683619e-04	5.844811e+00
4.545000e-05	-1.138246e-02	5.916266e+00
4.546000e-05	-4.308592e-03	5.969896e+00
4.547000e-05	2.116725e-03	5.969474e+00
4.548000e-05	-3.261836e-03	5.990476e+00
4.549000e-05	-5.087091e-03	6.010528e+00
4.550000e-05	-3.506040e-03	6.021101e+00
4.551000e-05	-4.217946e-03	6.083104e+00
4.552000e-05	-7.985202e-03	6.054789e+00
4.553000e-05	-1.047901e-03	6.074763e+00
4.554000e-05	-2.055583e-03	6.115789e+00
4.555000e-05	-7.270331e-03	6.107265e+00
4.556000e-05	-7.590073e-03	6.157891e+00
4.557000e-05	-1.538700e-03	6.158896e+00
4.558000e-05	-3.365670e-03	6.158915e+00
4.559000e-05	-8.975158e-03	6.157449e+00
4.560000e-05	-4.517917e-03	6.179999e+00
4.561000e-05	-4.203100e-03	6.189398e+00
4.562000e-05	-5.224899e-03	6.178474e+00
4.563000e-05	-7.541488e-03	6.169448e+00
4.564000e-05	-4.434906e-03	6.158497e+00
4.565000e-05	-6.231803e-03	6.179424e+00
4.566000e-05	-7.282306e-03	6.157893e+00
4.567000e-05	-6.615252e-03	6.187874e+00
4.568000e-05	-5.280042e-03	6.168345e+00
4.569000e-05	-7.251279e-03	6.117867e+00
4.570000e-05	-8.432214e-03	6.105691e+00
4.571000e-05	-6.772917e-03	6.094663e+00
4.572000e-05	-7.876749e-03	6.083158e+00
4.573000e-05	-8.262775e-03	6.041604e+00
4.574000e-05	-8.883884e-03	6.020576e+00
4.575000e-05	-9.062394e-03	6.001050e+00
4.576000e-05	-9.553241e-03	5.990526e+00
4.577000e-05	-9.481418e-03	5.998921e+00
4.578000e-05	-1.108698e-02	5.957842e+00
4.579000e-05	-1.250136e-02	5.904842e+00
4.580000e-05	-1.206880e-02	5.842554e+00
4.581000e-05	-1.276167e-02	5.750500e+00
4.582000e-05	-1.396098e-02	5.703711e+00
4.583000e-05	-1.641808e-02	5.622686e+00
4.584000e-05	-1.602218e-02	5.610552e+00
4.585000e-05	-1.638998e-02	5.589424e+00
4.586000e-05	-1.855939e-02	5.568394e+00
4.587000e-05	-1.718498e-02	5.524214e+00
4.588000e-05	-1.718581e-02	5.432580e+00
4.589000e-05	-1.659604e-02	5.399948e+00
4.590000e-05	-1.657136e-02	5.356316e+00
4.591000e-05	-1.409993e-02	5.285707e+00
4.592000e-05	-1.322402e-02	5.201999e+00
4.593000e-05	-1.091840e-02	5.185840e+00
4.594000e-05	-9.889266e-03	5.062054e+00
4.595000e-05	-9.435806e-03	4.938340e+00
4.596000e-05	-9.306012e-03	4.860583e+00
4.597000e-05	-6.983683e-03	4.800396e+00
4.598000e-05	-7.148097e-03	4.745815e+00
4.599000e-05	-7.571528e-03	4.703180e+00
4.600000e-05	-6.748883e-03	4.578946e+00
4.601000e-05	-5.529813e-03	4.505211e+00
4.602000e-05	-5.844445e-03	4.422082e+00
4.603000e-05	-7.285152e-03	4.408924e+00
4.604000e-05	-5.363446e-03	4.365313e+00
4.605000e-05	-4.689857e-03	4.241000e+00
4.606000e-05	-5.381424e-03	4.063213e+00
4.607000e-05	-6.257896e-03	3.999474e+00
4.608000e-05	-5.305581e-03	3.935814e+00
4.609000e-05	-4.337371e-03	3.843129e+00
4.610000e-05	-5.973124e-03	3.777845e+00
4.611000e-05	-5.136680e-03	3.673058e+00
4.612000e-05	-3.706005e-03	3.619974e+00
4.613000e-05	-4.638569e-03	3.554788e+00
4.614000e-05	-4.816104e-03	3.420020e+00
4.615000e-05	-5.204291e-03	3.292034e+00
4.616000e-05	-4.801503e-03	3.199919e+00
4.617000e-05	-4.549279e-03	3.115712e+00
4.618000e-05	-3.732378e-03	3.010396e+00
4.619000e-05	-4.474590e-03	2.924663e+00
4.620000e-05	-4.547528e-03	2.810502e+00
4.621000e-05	-4.110842e-03	2.777791e+00
4.622000e-05	-3.295536e-03	2.640902e+00
4.623000e-05	-4.368038e-03	2.473704e+00
4.624000e-05	-4.730857e-03	2.388845e+00
4.625000e-05	-4.231088e-03	2.264657e+00
4.626000e-05	-3.010720e-03	2.178919e+00
4.627000e-05	-4.993108e-03	2.093111e+00
4.628000e-05	-4.801562e-03	1.979446e+00
4.629000e-05	-4.200811e-03	1.924157e+00
4.630000e-05	-3.089474e-03	1.765785e+00
4.631000e-05	-3.110039e-03	1.642131e+00
4.632000e-05	-3.108973e-03	1.565290e+00
4.633000e-05	-3.695858e-03	1.399025e+00
4.634000e-05	-3.618471e-03	1.294736e+00
4.635000e-05	-4.978283e-03	1.180446e+00
4.636000e-05	-4.345114e-03	1.042500e+00
4.637000e-05	-4.610511e-03	9.037105e-01
4.638000e-05	-4.202748e-03	7.808948e-01
4.639000e-05	-3.927735e-03	6.831842e-01
4.640000e-05	-3.505500e-03	5.779146e-01
4.641000e-05	-2.899971e-03	4.811092e-01
4.642000e-05	-3.203256e-03	3.988947e-01
4.643000e-05	-3.292841e-03	2.116516e-01
4.644000e-05	-3.652594e-03	9.434071e-02
4.645000e-05	-3.472166e-03	-2.060407e-02
4.646000e-05	-9.687745e-04	-1.052120e-01
4.647000e-05	7.816995e-04	-2.090516e-01
4.648000e-05	-1.174271e-03	-3.063133e-01
4.649000e-05	-8.151751e-04	-3.889762e-01
4.650000e-05	-1.737488e-03	-4.336881e-01
4.651000e-05	-1.619948e-03	-6.115751e-01
4.652000e-05	6.962803e-04	-7.479473e-01
4.653000e-05	2.580910e-02	-8.005828e-01
4.654000e-05	5.015098e-02	-9.169447e-01
4.655000e-05	-3.274348e-02	-1.107372e+00
4.656000e-05	-7.933878e-02	-1.336343e+00
4.657000e-05	-5.743391e-02	-1.490004e+00
4.658000e-05	1.175237e-01	-1.370050e+00
4.659000e-05	-2.078209e-03	-1.476391e+00
4.660000e-05	-1.180028e-01	-1.717316e+00
4.661000e-05	6.105149e-02	-1.769050e+00
4.662000e-05	5.760156e-02	-1.791534e+00
4.663000e-05	-1.746852e-01	-1.979972e+00
4.664000e-05	1.977443e-02	-2.042684e+00
4.665000e-05	1.352688e-01	-2.105921e+00
4.666000e-05	-1.214720e-01	-2.325342e+00
4.667000e-05	-1.761565e-02	-2.420604e+00
4.668000e-05	1.159520e-01	-2.485240e+00
4.669000e-05	-1.066359e-01	-2.622155e+00
4.670000e-05	-1.957032e-02	-2.777871e+00
4.671000e-05	8.850128e-02	-2.799584e+00
4.672000e-05	-7.440629e-02	-2.895370e+00
4.673000e-05	2.976520e-02	-3.073732e+00
4.674000e-05	1.828616e-02	-3.118900e+00
4.675000e-05	-5.947153e-02	-3.284705e+00
4.676000e-05	7.401935e-02	-3.327873e+00
4.677000e-05	-1.318229e-02	-3.402155e+00
4.678000e-05	-9.288120e-02	-3.516868e+00
4.679000e-05	1.027306e-01	-3.609001e+00
4.680000e-05	-7.873268e-03	-3.651686e+00
4.681000e-05	-6.719735e-02	-3.860105e+00
4.682000e-05	5.884294e-02	-3.935442e+00
4.683000e-05	-9.422848e-03	-4.010980e+00
4.684000e-05	-1.836679e-02	-4.093812e+00
4.685000e-05	-8.609980e-03	-4.188346e+00
4.686000e-05	-1.001464e-02	-4.251160e+00
4.687000e-05	5.759954e-02	-4.316840e+00
4.688000e-05	-3.054059e-02	-4.409423e+00
4.689000e-05	-4.729529e-02	-4.441607e+00
4.690000e-05	3.664875e-02	-4.504318e+00
4.691000e-05	1.521174e-02	-4.581552e+00
4.692000e-05	-2.128708e-02	-4.683185e+00
4.693000e-05	-1.939678e-02	-4.727347e+00
4.694000e-05	2.523715e-02	-4.809555e+00
4.695000e-05	1.951968e-02	-4.885735e+00
4.696000e-05	-5.096747e-02	-4.928951e+00
4.697000e-05	7.274970e-03	-5.022076e+00
4.698000e-05	3.056004e-02	-5.093291e+00
4.699000e-05	-1.775995e-02	-5.177845e+00
4.700000e-05	-1.398706e-02	-5.231554e+00
4.701000e-05	1.477060e-03	-5.253191e+00
4.702000e-05	2.311524e-02	-5.390548e+00
4.703000e-05	-1.500928e-02	-5.514132e+00
4.704000e-05	-1.957127e-02	-5.546922e+00
4.705000e-05	1.983392e-02	-5.589421e+00
4.706000e-05	-9.583678e-04	-5.630050e+00
4.707000e-05	-1.134173e-02	-5.663631e+00
4.708000e-05	1.714632e-03	-5.684288e+00
4.709000e-05	5.199553e-03	-5.728865e+00
4.710000e-05	-2.912942e-03	-5.798974e+00
4.711000e-05	-9.728306e-03	-5.841001e+00
4.712000e-05	4.842525e-03	-5.821633e+00
4.713000e-05	4.785737e-03	-5.864213e+00
4.714000e-05	-6.842681e-03	-5.946763e+00
4.715000e-05	1.148424e-03	-5.967393e+00
4.716000e-05	-9.806129e-04	-5.946967e+00
4.717000e-05	-2.165560e-03	-5.948995e+00
4.718000e-05	7.984461e-04	-6.019499e+00
4.719000e-05	-2.732420e-05	-5.999551e+00
4.720000e-05	-8.077831e-04	-6.000550e+00
4.721000e-05	-4.983820e-03	-6.030602e+00
4.722000e-05	3.110466e-03	-6.041579e+00
4.723000e-05	4.827571e-04	-6.030029e+00
4.724000e-05	-4.737288e-03	-6.031530e+00
4.725000e-05	4.709000e-04	-6.042057e+00
4.726000e-05	2.311731e-03	-6.062205e+00
4.727000e-05	-4.567930e-05	-6.043662e+00
4.728000e-05	-2.886694e-03	-6.092637e+00
4.729000e-05	2.077644e-03	-6.104157e+00
4.730000e-05	1.070391e-03	-6.073133e+00
4.731000e-05	-8.350473e-04	-6.032134e+00
4.732000e-05	1.476911e-04	-6.033130e+00
4.733000e-05	2.736465e-03	-6.043050e+00
4.734000e-05	3.753176e-04	-6.021005e+00
4.735000e-05	-7.094248e-07	-6.011079e+00
4.736000e-05	8.729901e-04	-6.002003e+00
4.737000e-05	2.842395e-03	-6.000602e+00
4.738000e-05	3.236332e-03	-5.998474e+00
4.739000e-05	2.559179e-03	-5.988347e+00
4.740000e-05	3.258364e-03	-5.958345e+00
4.741000e-05	2.973161e-03	-5.938364e+00
4.742000e-05	5.410514e-03	-5.905712e+00
4.743000e-05	3.094812e-03	-5.873109e+00
4.744000e-05	3.703191e-03	-5.861578e+00
4.745000e-05	5.636969e-03	-5.808523e+00
4.746000e-05	7.303524e-03	-5.749471e+00
4.747000e-05	6.927212e-03	-5.746745e+00
4.748000e-05	6.786358e-03	-5.683607e+00
4.749000e-05	9.505168e-03	-5.642105e+00
4.750000e-05	1.004360e-02	-5.599471e+00
4.751000e-05	9.911368e-03	-5.578946e+00
4.752000e-05	1.138051e-02	-5.566741e+00
4.753000e-05	1.177740e-02	-5.431127e+00
4.754000e-05	1.067957e-02	-5.376815e+00
4.755000e-05	9.596894e-03	-5.234164e+00
4.756000e-05	1.037428e-02	-5.241504e+00
4.757000e-05	7.956877e-03	-5.176897e+00
4.758000e-05	4.734475e-03	-5.124263e+00
4.759000e-05	5.100061e-03	-5.031578e+00
4.760000e-05	5.872965e-03	-4.988993e+00
4.761000e-05	3.242358e-03	-4.961684e+00
4.762000e-05	2.553435e-03	-4.776868e+00
4.763000e-05	2.940817e-03	-4.685682e+00
4.764000e-05	2.430776e-03	-4.633001e+00
4.765000e-05	9.727671e-04	-4.579371e+00
4.766000e-05	1.508859e-03	-4.535332e+00
4.767000e-05	9.770794e-04	-4.462055e+00
4.768000e-05	-1.167822e-03	-4.389896e+00
4.769000e-05	-1.227664e-05	-4.316236e+00
4.770000e-05	1.021560e-03	-4.260950e+00
4.771000e-05	-1.204078e-03	-4.146792e+00
4.772000e-05	-2.842920e-03	-4.072758e+00
4.773000e-05	-1.175196e-03	-4.011000e+00
4.774000e-05	-7.281617e-04	-3.965717e+00
4.775000e-05	-2.727755e-03	-3.809441e+00
4.776000e-05	-2.343023e-03	-3.681132e+00
4.777000e-05	-6.653858e-04	-3.609420e+00
4.778000e-05	-1.230773e-03	-3.525240e+00
4.779000e-05	-2.827138e-03	-3.482051e+00
4.780000e-05	-2.305969e-03	-3.336813e+00
4.781000e-05	-1.714046e-03	-3.281557e+00
4.782000e-05	-3.459667e-03	-3.178967e+00
4.783000e-05	-3.331046e-03	-3.095655e+00
4.784000e-05	-2.796747e-03	-2.934866e+00
4.785000e-05	-2.610537e-03	-2.821500e+00
4.786000e-05	-2.587423e-03	-2.776845e+00
4.787000e-05	-2.641893e-03	-2.661482e+00
4.788000e-05	-2.888281e-03	-2.556339e+00
4.789000e-05	-3.398050e-03	-2.461579e+00
4.790000e-05	-2.422028e-03	-2.387867e+00
4.791000e-05	-2.762197e-03	-2.301153e+00
4.792000e-05	-3.988600e-03	-2.096715e+00
4.793000e-05	-4.125051e-03	-2.017997e+00
4.794000e-05	-3.406383e-03	-1.955763e+00
4.795000e-05	-3.029405e-03	-1.840997e+00
4.796000e-05	-3.531220e-03	-1.765159e+00
4.797000e-05	-2.921660e-03	-1.620421e+00
4.798000e-05	-3.079137e-03	-1.515611e+00
4.799000e-05	-3.889694e-03	-1.396759e+00
4.800000e-05	-4.183796e-03	-1.199998e+00
4.801000e-05	-3.158972e-03	-1.145156e+00
4.802000e-05	-3.791990e-03	-9.994184e-01
4.803000e-05	-3.911587e-03	-8.726316e-01
4.804000e-05	-4.834177e-03	-8.279447e-01
4.805000e-05	-4.279928e-03	-7.030777e-01
4.806000e-05	-3.193484e-03	-5.242592e-01
4.807000e-05	-2.633959e-03	-4.204462e-01
4.808000e-05	-4.178711e-03	-3.041793e-01
4.809000e-05	-5.189736e-03	-2.294435e-01
4.810000e-05	-3.062173e-03	-9.418170e-02
4.811000e-05	-9.852126e-04	-1.049506e-02
4.812000e-05	1.011305e-04	5.528942e-02
4.813000e-05	-2.318748e-03	2.416668e-01
4.814000e-05	-2.510062e-03	3.899962e-01
4.815000e-05	-2.117000e-03	4.321090e-01
4.816000e-05	-2.916880e-03	5.589234e-01
4.817000e-05	-2.533937e-03	6.626865e-01
4.818000e-05	1.768085e-04	7.279712e-01
4.819000e-05	1.533421e-02	8.431329e-01
4.820000e-05	4.263592e-02	9.720539e-01
4.821000e-05	4.891507e-03	1.191454e+00
4.822000e-05	-5.636186e-02	1.306892e+00
4.823000e-05	-9.421374e-02	1.400975e+00
4.824000e-05	4.166925e-02	1.463741e+00
4.825000e-05	9.950034e-02	1.634792e+00
4.826000e-05	-7.225462e-02	1.769822e+00
4.827000e-05	-6.480912e-02	1.809081e+00
4.828000e-05	1.066628e-01	1.877344e+00
4.829000e-05	-8.980075e-02	2.033582e+00
4.830000e-05	-5.581719e-02	2.085841e+00
4.831000e-05	1.145570e-01	2.191655e+00
4.832000e-05	-1.943505e-02	2.337398e+00
4.833000e-05	-1.016434e-01	2.420102e+00
4.834000e-05	1.061571e-01	2.505796e+00
4.835000e-05	-6.058872e-03	2.645312e+00
4.836000e-05	-8.608898e-02	2.771477e+00
4.837000e-05	6.078657e-02	2.842260e+00
4.838000e-05	-4.964143e-03	2.970001e+00
4.839000e-05	-4.174921e-02	3.054661e+00
4.840000e-05	3.428474e-02	3.138971e+00
4.841000e-05	-6.969597e-03	3.242532e+00
4.842000e-05	-8.057515e-03	3.338445e+00
4.843000e-05	3.031766e-02	3.455265e+00
4.844000e-05	-6.264837e-02	3.589500e+00
4.845000e-05	6.390617e-03	3.632185e+00
4.846000e-05	4.652254e-02	3.738418e+00
4.847000e-05	-2.980461e-02	3.801206e+00
4.848000e-05	-2.180444e-02	3.948341e+00
4.849000e-05	1.943655e-02	3.999526e+00
4.850000e-05	-2.374723e-03	4.042635e+00
4.851000e-05	-1.566532e-02	4.137050e+00
4.852000e-05	-6.556975e-04	4.327813e+00
4.853000e-05	5.092955e-03	4.359472e+00
4.854000e-05	1.443325e-02	4.442129e+00
4.855000e-05	-2.475345e-02	4.467587e+00
4.856000e-05	-1.664888e-02	4.579482e+00
4.857000e-05	1.974666e-02	4.664182e+00
4.858000e-05	8.373914e-03	4.716342e+00
4.859000e-05	-2.643856e-02	4.790478e+00
4.860000e-05	-4.716372e-03	4.843735e+00
4.861000e-05	2.598579e-02	4.967496e+00
4.862000e-05	-1.497819e-02	5.085741e+00
4.863000e-05	-2.069664e-02	5.168499e+00
4.864000e-05	5.490191e-03	5.212108e+00
4.865000e-05	9.854301e-03	5.285840e+00
4.866000e-05	-1.474259e-02	5.347946e+00
4.867000e-05	-9.686158e-03	5.381503e+00
4.868000e-05	8.218881e-03	5.443308e+00
4.869000e-05	-9.579546e-04	5.547345e+00
4.870000e-05	-1.306531e-02	5.559470e+00
4.871000e-05	-2.858347e-03	5.590051e+00
4.872000e-05	5.466650e-03	5.611679e+00
4.873000e-05	-9.489137e-03	5.633656e+00
4.874000e-05	-6.907718e-03	5.715371e+00
4.875000e-05	9.928398e-04	5.772504e+00
4.876000e-05	-2.210681e-03	5.843765e+00
4.877000e-05	-9.545476e-03	5.887316e+00
4.878000e-05	-3.089130e-03	5.988420e+00
4.879000e-05	1.651056e-03	5.999000e+00
4.880000e-05	-5.787927e-03	6.020000e+00
4.881000e-05	-4.821034e-03	6.021025e+00
4.882000e-05	-3.581098e-03	6.022157e+00
4.883000e-05	-5.860611e-03	6.034133e+00
4.884000e-05	-6.928200e-03	6.064238e+00
4.885000e-05	-1.297925e-03	6.084789e+00
4.886000e-05	-2.907255e-03	6.117816e+00
4.887000e-05	-8.422442e-03	6.116797e+00
4.888000e-05	-5.835945e-03	6.147394e+00
4.889000e-05	-1.815076e-03	6.188919e+00
4.890000e-05	-4.276302e-03	6.189372e+00
4.891000e-05	-8.332713e-03	6.168973e+00
4.892000e-05	-4.342234e-03	6.199898e+00
4.893000e-05	-4.532930e-03	6.179550e+00
4.894000e-05	-5.853750e-03	6.169476e+00
4.895000e-05	-5.980749e-03	6.189446e+00
4.896000e-05	-5.062969e-03	6.158973e+00
4.897000e-05	-6.097730e-03	6.177998e+00
4.898000e-05	-7.493565e-03	6.187919e+00
4.899000e-05	-5.569477e-03	6.187895e+00
4.900000e-05	-6.907859e-03	6.147216e+00
4.901000e-05	-7.320786e-03	6.136861e+00
4.902000e-05	-8.436409e-03	6.127815e+00
4.903000e-05	-7.153360e-03	6.085711e+00
4.904000e-05	-7.838558e-03	6.063188e+00
4.905000e-05	-7.524285e-03	6.043079e+00
4.906000e-05	-8.551537e-03	6.011553e+00
4.907000e-05	-1.048962e-02	5.999975e+00
4.908000e-05	-9.988070e-03	5.999997e+00
4.909000e-05	-9.233427e-03	5.978871e+00
4.910000e-05	-1.089279e-02	5.956267e+00
4.911000e-05	-1.271429e-02	5.935211e+00
4.912000e-05	-1.170911e-02	5.841077e+00
4.913000e-05	-1.338487e-02	5.767365e+00
4.914000e-05	-1.450725e-02	5.694185e+00
4.915000e-05	-1.608854e-02	5.663583e+00
4.916000e-05	-1.619701e-02	5.589997e+00
4.917000e-05	-1.712786e-02	5.569868e+00
4.918000e-05	-1.739722e-02	5.535816e+00
4.919000e-05	-1.748208e-02	5.456758e+00
4.920000e-05	-1.816654e-02	5.421579e+00
4.921000e-05	-1.669953e-02	5.379445e+00
4.922000e-05	-1.442427e-02	5.378317e+00
4.923000e-05	-1.317434e-02	5.263182e+00
4.924000e-05	-1.258559e-02	5.190520e+00
4.925000e-05	-1.136155e-02	5.138893e+00
4.926000e-05	-9.208421e-03	5.029475e+00
4.927000e-05	-1.051602e-02	4.925241e+00
4.928000e-05	-8.589633e-03	4.831634e+00
4.929000e-05	-8.274687e-03	4.808871e+00
4.930000e-05	-6.019823e-03	4.706241e+00
4.931000e-05	-8.008631e-03	4.652053e+00
4.932000e-05	-6.304566e-03	4.587950e+00
4.933000e-05	-6.005278e-03	4.504183e+00
4.934000e-05	-5.777675e-03	4.412054e+00
4.935000e-05	-6.009775e-03	4.378900e+00
4.936000e-05	-5.324744e-03	4.325237e+00
4.937000e-05	-4.868836e-03	4.169494e+00
4.938000e-05	-6.166199e-03	4.032107e+00
4.939000e-05	-4.967997e-03	3.999969e+00
4.940000e-05	-4.525892e-03	3.924762e+00
4.941000e-05	-4.923172e-03	3.801001e+00
4.942000e-05	-5.243669e-03	3.736715e+00
4.943000e-05	-4.620793e-03	3.643129e+00
4.944000e-05	-4.220016e-03	3.569446e+00
4.945000e-05	-5.248417e-03	3.525757e+00
4.946000e-05	-4.621891e-03	3.347841e+00
4.947000e-05	-3.310289e-03	3.222001e+00
4.948000e-05	-4.422118e-03	3.177366e+00
4.949000e-05	-5.863806e-03	3.053555e+00
4.950000e-05	-4.806075e-03	2.987896e+00
4.951000e-05	-3.856287e-03	2.903134e+00
4.952000e-05	-4.603029e-03	2.800474e+00
4.953000e-05	-4.760591e-03	2.735810e+00
4.954000e-05	-3.304301e-03	2.589947e+00
4.955000e-05	-3.830313e-03	2.463453e+00
4.956000e-05	-5.281064e-03	2.367865e+00
4.957000e-05	-4.130323e-03	2.263051e+00
4.958000e-05	-3.997015e-03	2.136266e+00
4.959000e-05	-3.659773e-03	2.031580e+00
4.960000e-05	-3.744274e-03	1.968342e+00
4.961000e-05	-4.275273e-03	1.881531e+00
4.962000e-05	-3.813763e-03	1.715887e+00
4.963000e-05	-4.028702e-03	1.599549e+00
4.964000e-05	-3.531277e-03	1.503311e+00
4.965000e-05	-4.425297e-03	1.439920e+00
4.966000e-05	-3.941025e-03	1.274605e+00
4.967000e-05	-2.966608e-03	1.126265e+00
4.968000e-05	-4.180721e-03	1.087947e+00
4.969000e-05	-3.949961e-03	8.531352e-01
4.970000e-05	-4.085525e-03	7.773896e-01
4.971000e-05	-3.553961e-03	6.605565e-01
4.972000e-05	-3.320661e-03	5.562871e-01
4.973000e-05	-4.057109e-03	4.515565e-01
4.974000e-05	-3.629476e-03	3.662397e-01
4.975000e-05	-3.741360e-03	2.215252e-01
4.976000e-05	-3.128078e-03	3.105788e-02
4.977000e-05	-2.198621e-03	-4.308283e-02
4.978000e-05	1.029435e-03	-1.168947e-01
4.979000e-05	-3.069804e-04	-2.000816e-01
4.980000e-05	-2.278171e-03	-3.163461e-01
4.981000e-05	-1.939895e-03	-4.005802e-01
4.982000e-05	-1.030629e-03	-4.957445e-01
4.983000e-05	-2.049599e-03	-6.221316e-01
4.984000e-05	2.581606e-03	-7.799461e-01
4.985000e-05	3.772344e-02	-8.321115e-01
4.986000e-05	3.735584e-02	-9.600014e-01
4.987000e-05	-4.915336e-02	-1.148554e+00
4.988000e-05	-8.722325e-02	-1.417924e+00
4.989000e-05	-1.527512e-02	-1.449604e+00
4.990000e-05	1.207121e-01	-1.350008e+00
4.991000e-05	-5.128934e-02	-1.538449e+00
4.992000e-05	-9.967089e-02	-1.747919e+00
4.993000e-05	1.235758e-01	-1.799450e+00
4.994000e-05	-4.143413e-02	-1.831664e+00
4.995000e-05	-1.529237e-01	-1.981101e+00
4.996000e-05	8.838674e-02	-2.031757e+00
4.997000e-05	8.640393e-02	-2.139504e+00
4.998000e-05	-1.483119e-01	-2.358499e+00
4.999000e-05	6.584967e-02	-2.420631e+00
