# 260408_14:50:28.879315
t	CH1	CH2
0.000000e+00	-2.145551e-03	-9.976972e-04
1.000000e-08	2.953350e-04	-8.575922e-02
2.000000e-08	9.158732e-04	-2.310274e-01
3.000000e-08	-1.593564e-03	-2.847633e-01
4.000000e-08	-1.810052e-03	-4.100487e-01
5.000000e-08	-2.216791e-03	-4.751782e-01
6.000000e-08	-1.410185e-03	-6.230726e-01
7.000000e-08	-1.054658e-03	-7.368623e-01
8.000000e-08	1.564056e-02	-8.219788e-01
9.000000e-08	5.894303e-02	-8.568396e-01
1.000000e-07	-1.670639e-02	-1.086253e+00
1.100000e-07	-6.739832e-02	-1.328807e+00
1.200000e-07	-9.307974e-02	-1.484681e+00
1.300000e-07	1.232618e-01	-1.439511e+00
1.400000e-07	2.986993e-02	-1.494207e+00
1.500000e-07	-1.162130e-01	-1.706259e+00
1.600000e-07	-2.035549e-02	-1.811450e+00
1.700000e-07	1.224846e-01	-1.812503e+00
1.800000e-07	-2.025999e-01	-1.938865e+00
1.900000e-07	-3.363935e-02	-2.102660e+00
2.000000e-07	1.837318e-01	-2.148789e+00
2.100000e-07	-9.197940e-02	-2.266133e+00
2.200000e-07	-9.480507e-02	-2.442579e+00
2.300000e-07	1.729688e-01	-2.485209e+00
2.400000e-07	-1.006442e-01	-2.602055e+00
2.500000e-07	-6.667515e-02	-2.758417e+00
2.600000e-07	1.165250e-01	-2.790001e+00
2.700000e-07	-6.972725e-02	-2.937309e+00
2.800000e-07	-8.536758e-03	-3.061654e+00
2.900000e-07	6.089621e-02	-3.158816e+00
3.000000e-07	-8.197049e-02	-3.325177e+00
3.100000e-07	4.930391e-02	-3.397871e+00
3.200000e-07	4.776526e-02	-3.422601e+00
3.300000e-07	-1.457246e-01	-3.538416e+00
3.400000e-07	9.480450e-02	-3.600475e+00
3.500000e-07	3.079061e-02	-3.652184e+00
3.600000e-07	-1.002454e-01	-3.834104e+00
3.700000e-07	5.436767e-02	-3.948943e+00
3.800000e-07	6.712815e-03	-4.021525e+00
3.900000e-07	-2.320910e-02	-4.116740e+00
4.000000e-07	-5.634971e-03	-4.176369e+00
4.100000e-07	-2.691158e-02	-4.244530e+00
4.200000e-07	6.355881e-02	-4.327866e+00
4.300000e-07	-1.087410e-02	-4.380524e+00
4.400000e-07	-6.973391e-02	-4.441033e+00
4.500000e-07	3.210225e-02	-4.496340e+00
4.600000e-07	2.338529e-02	-4.622974e+00
4.700000e-07	-1.977354e-02	-4.663684e+00
4.800000e-07	-2.696444e-02	-4.767318e+00
4.900000e-07	1.085422e-02	-4.881530e+00
5.000000e-07	4.313741e-02	-4.896663e+00
5.100000e-07	-5.963537e-02	-4.999443e+00
5.200000e-07	-6.245359e-03	-5.044080e+00
5.300000e-07	3.798536e-02	-5.117787e+00
5.400000e-07	-1.714042e-02	-5.180374e+00
5.500000e-07	-1.909607e-02	-5.233053e+00
5.600000e-07	-5.180707e-03	-5.246286e+00
5.700000e-07	2.607847e-02	-5.463106e+00
5.800000e-07	-9.301449e-03	-5.495863e+00
5.900000e-07	-2.959253e-02	-5.548399e+00
6.000000e-07	1.666443e-02	-5.580021e+00
6.100000e-07	4.981037e-03	-5.630055e+00
6.200000e-07	-1.784456e-02	-5.675608e+00
6.300000e-07	2.249388e-04	-5.735363e+00
6.400000e-07	1.490871e-03	-5.787720e+00
6.500000e-07	-1.752336e-03	-5.811024e+00
6.600000e-07	-1.387983e-02	-5.811533e+00
6.700000e-07	1.564353e-03	-5.875183e+00
6.800000e-07	6.909373e-03	-5.897241e+00
6.900000e-07	-1.274668e-02	-5.946316e+00
7.000000e-07	-2.372916e-04	-5.969396e+00
7.100000e-07	-2.845161e-03	-5.988900e+00
7.200000e-07	-6.131188e-03	-5.990475e+00
7.300000e-07	-3.203811e-03	-6.039979e+00
7.400000e-07	-2.224512e-03	-6.001526e+00
7.500000e-07	-1.927778e-03	-6.019553e+00
7.600000e-07	-9.661953e-03	-6.033057e+00
7.700000e-07	-1.106232e-03	-6.013029e+00
7.800000e-07	-6.254572e-04	-6.084162e+00
7.900000e-07	-7.501643e-03	-6.076560e+00
8.000000e-07	-4.917392e-03	-6.086158e+00
8.100000e-07	-2.886477e-04	-6.155187e+00
8.200000e-07	-3.044086e-03	-6.126214e+00
8.300000e-07	-7.647385e-03	-6.153715e+00
8.400000e-07	-3.482118e-03	-6.064313e+00
8.500000e-07	-3.022078e-03	-6.147714e+00
8.600000e-07	-5.127003e-03	-6.104188e+00
8.700000e-07	-4.457336e-03	-6.085689e+00
8.800000e-07	-1.505165e-03	-6.094157e+00
8.900000e-07	-4.183959e-03	-6.072205e+00
9.000000e-07	-4.737713e-03	-6.062630e+00
9.100000e-07	-5.016312e-03	-6.023129e+00
9.200000e-07	-3.834351e-03	-6.031553e+00
9.300000e-07	-4.298213e-03	-6.010525e+00
9.400000e-07	-4.391768e-03	-6.001050e+00
9.500000e-07	-3.886039e-03	-5.989999e+00
9.600000e-07	-5.125677e-03	-5.988471e+00
9.700000e-07	-3.074105e-03	-5.938819e+00
9.800000e-07	-4.315704e-03	-5.954292e+00
9.900000e-07	-5.043807e-03	-5.865135e+00
1.000000e-06	-4.676052e-03	-5.842107e+00
1.010000e-06	-2.973606e-03	-5.840576e+00
1.020000e-06	-4.806005e-03	-5.777896e+00
1.030000e-06	-5.548548e-03	-5.746693e+00
1.040000e-06	-4.194274e-03	-5.663657e+00
1.050000e-06	-3.504251e-03	-5.629553e+00
1.060000e-06	-5.112766e-03	-5.580502e+00
1.070000e-06	-5.095206e-03	-5.597920e+00
1.080000e-06	-3.212689e-03	-5.555246e+00
1.090000e-06	-4.326408e-03	-5.451087e+00
1.100000e-06	-4.551854e-03	-5.396298e+00
1.110000e-06	-4.127744e-03	-5.214133e+00
1.120000e-06	-4.776005e-03	-5.190479e+00
1.130000e-06	-4.237919e-03	-5.155844e+00
1.140000e-06	-4.385264e-03	-5.084137e+00
1.150000e-06	-3.387708e-03	-5.021576e+00
1.160000e-06	-5.101097e-03	-4.948921e+00
1.170000e-06	-3.579857e-03	-4.860115e+00
1.180000e-06	-4.344270e-03	-4.783892e+00
1.190000e-06	-4.537660e-03	-4.682641e+00
1.200000e-06	-4.962170e-03	-4.629476e+00
1.210000e-06	-3.067697e-03	-4.570420e+00
1.220000e-06	-3.493751e-03	-4.525162e+00
1.230000e-06	-5.382693e-03	-4.420003e+00
1.240000e-06	-4.195639e-03	-4.359397e+00
1.250000e-06	-2.156318e-03	-4.283668e+00
1.260000e-06	-3.840949e-03	-4.210002e+00
1.270000e-06	-5.837935e-03	-4.126316e+00
1.280000e-06	-3.558561e-03	-4.030606e+00
1.290000e-06	-3.092356e-03	-3.979502e+00
1.300000e-06	-4.983868e-03	-3.855688e+00
1.310000e-06	-5.627655e-03	-3.736298e+00
1.320000e-06	-3.078781e-03	-3.632114e+00
1.330000e-06	-3.164485e-03	-3.579952e+00
1.340000e-06	-6.589884e-03	-3.495240e+00
1.350000e-06	-4.741122e-03	-3.398479e+00
1.360000e-06	-2.968987e-03	-3.343187e+00
1.370000e-06	-4.766993e-03	-3.200529e+00
1.380000e-06	-4.412231e-03	-3.154896e+00
1.390000e-06	-3.926932e-03	-3.010061e+00
1.400000e-06	-4.355789e-03	-2.862663e+00
1.410000e-06	-4.351013e-03	-2.808475e+00
1.420000e-06	-4.591667e-03	-2.684719e+00
1.430000e-06	-2.798867e-03	-2.587879e+00
1.440000e-06	-4.350268e-03	-2.504043e+00
1.450000e-06	-3.910952e-03	-2.389526e+00
1.460000e-06	-3.995984e-03	-2.295745e+00
1.470000e-06	-4.326496e-03	-2.166905e+00
1.480000e-06	-5.061542e-03	-2.031059e+00
1.490000e-06	-5.173308e-03	-1.956902e+00
1.500000e-06	-2.701181e-03	-1.852613e+00
1.510000e-06	-3.989691e-03	-1.767373e+00
1.520000e-06	-3.775161e-03	-1.622084e+00
1.530000e-06	-4.521712e-03	-1.579470e+00
1.540000e-06	-4.565861e-03	-1.451005e+00
1.550000e-06	-4.426516e-03	-1.232556e+00
1.560000e-06	-4.068314e-03	-1.175846e+00
1.570000e-06	-4.911255e-03	-1.031033e+00
1.580000e-06	-3.922935e-03	-9.447430e-01
1.590000e-06	-5.233346e-03	-7.995511e-01
1.600000e-06	-4.205761e-03	-7.367719e-01
1.610000e-06	-4.580738e-03	-5.778499e-01
1.620000e-06	-3.880121e-03	-4.220788e-01
1.630000e-06	-4.408515e-03	-3.558684e-01
1.640000e-06	-4.539975e-03	-2.420838e-01
1.650000e-06	-4.177713e-03	-1.473959e-01
1.660000e-06	-2.498140e-03	-3.108007e-02
1.670000e-06	-1.718156e-03	3.315284e-02
1.680000e-06	-8.640915e-04	1.475935e-01
1.690000e-06	-3.315348e-03	3.469398e-01
1.700000e-06	-1.593677e-03	4.105264e-01
1.710000e-06	-3.706357e-03	4.857118e-01
1.720000e-06	-2.013766e-03	5.795764e-01
1.730000e-06	-1.634658e-03	6.957608e-01
1.740000e-06	8.916102e-03	8.105213e-01
1.750000e-06	3.990016e-02	9.053330e-01
1.760000e-06	2.155007e-02	1.127914e+00
1.770000e-06	-5.145838e-02	1.304232e+00
1.780000e-06	-8.711202e-02	1.389446e+00
1.790000e-06	-1.149475e-02	1.442625e+00
1.800000e-06	1.410898e-01	1.601149e+00
1.810000e-06	-5.430854e-02	1.728321e+00
1.820000e-06	-1.119201e-01	1.756846e+00
1.830000e-06	1.389109e-01	1.844729e+00
1.840000e-06	-4.848389e-02	2.010521e+00
1.850000e-06	-1.011667e-01	2.114237e+00
1.860000e-06	1.018587e-01	2.137970e+00
1.870000e-06	4.840291e-02	2.307257e+00
1.880000e-06	-1.587630e-01	2.391529e+00
1.890000e-06	1.027354e-01	2.443133e+00
1.900000e-06	3.910485e-02	2.652019e+00
1.910000e-06	-1.139263e-01	2.777417e+00
1.920000e-06	4.817375e-02	2.852126e+00
1.930000e-06	3.368367e-02	2.936817e+00
1.940000e-06	-7.304576e-02	3.051151e+00
1.950000e-06	4.134895e-02	3.137339e+00
1.960000e-06	7.287317e-03	3.210499e+00
1.970000e-06	-3.075051e-02	3.285059e+00
1.980000e-06	5.507674e-02	3.439476e+00
1.990000e-06	-5.806885e-02	3.578366e+00
2.000000e-06	-1.319248e-02	3.611499e+00
2.010000e-06	5.352139e-02	3.676233e+00
2.020000e-06	-6.487383e-03	3.791499e+00
2.030000e-06	-4.420866e-02	3.875711e+00
2.040000e-06	2.838563e-02	3.978447e+00
2.050000e-06	5.037717e-03	4.011125e+00
2.060000e-06	-1.812746e-02	4.104711e+00
2.070000e-06	-2.461883e-03	4.201074e+00
2.080000e-06	1.765859e-03	4.367916e+00
2.090000e-06	2.615173e-02	4.432073e+00
2.100000e-06	-2.407337e-02	4.473658e+00
2.110000e-06	-1.716081e-02	4.628437e+00
2.120000e-06	1.038184e-02	4.641026e+00
2.130000e-06	2.466783e-02	4.695291e+00
2.140000e-06	-2.916669e-02	4.778471e+00
2.150000e-06	-1.166427e-02	4.830580e+00
2.160000e-06	3.045583e-02	4.967286e+00
2.170000e-06	-5.343748e-03	5.053048e+00
2.180000e-06	-2.518771e-02	5.168890e+00
2.190000e-06	6.032736e-04	5.220500e+00
2.200000e-06	2.128242e-02	5.273657e+00
2.210000e-06	-1.552677e-02	5.356343e+00
2.220000e-06	-8.922246e-03	5.388448e+00
2.230000e-06	5.021941e-03	5.462151e+00
2.240000e-06	6.720543e-03	5.555717e+00
2.250000e-06	-1.465212e-02	5.577870e+00
2.260000e-06	-2.656317e-03	5.588472e+00
2.270000e-06	9.679875e-03	5.651025e+00
2.280000e-06	-7.246665e-03	5.663107e+00
2.290000e-06	-5.053358e-03	5.667362e+00
2.300000e-06	1.644184e-03	5.801992e+00
2.310000e-06	3.641389e-03	5.851056e+00
2.320000e-06	-1.066202e-02	5.926312e+00
2.330000e-06	-2.425404e-03	5.947946e+00
2.340000e-06	3.513487e-03	5.998971e+00
2.350000e-06	-2.033178e-03	6.000026e+00
2.360000e-06	-2.003731e-03	6.010501e+00
2.370000e-06	-1.001813e-03	6.031075e+00
2.380000e-06	-1.671465e-03	6.082054e+00
2.390000e-06	-6.269629e-03	6.052787e+00
2.400000e-06	1.859377e-03	6.074108e+00
2.410000e-06	3.695286e-05	6.103707e+00
2.420000e-06	-3.100056e-03	6.146841e+00
2.430000e-06	-4.293752e-03	6.147846e+00
2.440000e-06	8.710548e-04	6.187391e+00
2.450000e-06	3.650174e-04	6.157398e+00
2.460000e-06	-6.107265e-03	6.196969e+00
2.470000e-06	-1.266376e-04	6.157868e+00
2.480000e-06	-1.777471e-03	6.219948e+00
2.490000e-06	-1.671642e-03	6.188446e+00
2.500000e-06	-3.851451e-03	6.188949e+00
2.510000e-06	2.326260e-04	6.199471e+00
2.520000e-06	-2.294378e-03	6.185899e+00
2.530000e-06	-2.665844e-03	6.178366e+00
2.540000e-06	-1.091806e-03	6.136495e+00
2.550000e-06	-1.665168e-03	6.178374e+00
2.560000e-06	-1.458156e-03	6.157319e+00
2.570000e-06	-3.636922e-03	6.105334e+00
2.580000e-06	-1.614231e-03	6.085336e+00
2.590000e-06	-2.714599e-03	6.113161e+00
2.600000e-06	-3.425402e-04	6.061687e+00
2.610000e-06	-2.199525e-03	6.001550e+00
2.620000e-06	-1.851601e-03	6.051529e+00
2.630000e-06	-2.509463e-03	6.010001e+00
2.640000e-06	-1.526635e-03	5.988449e+00
2.650000e-06	-1.643198e-03	5.956870e+00
2.660000e-06	-3.368616e-03	5.911736e+00
2.670000e-06	-8.498744e-04	5.879532e+00
2.680000e-06	-2.790210e-03	5.778001e+00
2.690000e-06	-2.111161e-03	5.723632e+00
2.700000e-06	-2.490143e-03	5.661608e+00
2.710000e-06	-4.889993e-04	5.620026e+00
2.720000e-06	-2.361426e-03	5.588947e+00
2.730000e-06	-3.047086e-03	5.546893e+00
2.740000e-06	-2.384473e-03	5.513638e+00
2.750000e-06	-3.200465e-03	5.421185e+00
2.760000e-06	-1.125455e-03	5.399449e+00
2.770000e-06	-3.193688e-03	5.345371e+00
2.780000e-06	-1.840721e-03	5.282187e+00
2.790000e-06	-3.434650e-03	5.219578e+00
2.800000e-06	-1.717033e-03	5.146796e+00
2.810000e-06	-1.739945e-03	5.068082e+00
2.820000e-06	-1.801177e-03	4.925801e+00
2.830000e-06	-3.629643e-03	4.880582e+00
2.840000e-06	-2.398426e-03	4.808899e+00
2.850000e-06	-2.250896e-03	4.735294e+00
2.860000e-06	-3.429846e-03	4.651081e+00
2.870000e-06	-3.513593e-03	4.600448e+00
2.880000e-06	-2.432920e-03	4.515214e+00
2.890000e-06	-2.250976e-03	4.430503e+00
2.900000e-06	-3.634906e-03	4.387498e+00
2.910000e-06	-2.048729e-03	4.346712e+00
2.920000e-06	-2.174129e-03	4.158899e+00
2.930000e-06	-3.767851e-03	4.090608e+00
2.940000e-06	-4.159929e-03	3.998950e+00
2.950000e-06	-1.750168e-03	3.933392e+00
2.960000e-06	-2.853463e-03	3.831029e+00
2.970000e-06	-3.872860e-03	3.766373e+00
2.980000e-06	-4.008432e-03	3.660082e+00
2.990000e-06	-2.286102e-03	3.588500e+00
3.000000e-06	-3.049334e-03	3.523771e+00
3.010000e-06	-3.247707e-03	3.416905e+00
3.020000e-06	-2.169945e-03	3.271586e+00
3.030000e-06	-3.109781e-03	3.157396e+00
3.040000e-06	-4.585652e-03	3.094237e+00
3.050000e-06	-2.942521e-03	2.996899e+00
3.060000e-06	-2.337030e-03	2.932217e+00
3.070000e-06	-3.373644e-03	2.799551e+00
3.080000e-06	-3.948949e-03	2.744822e+00
3.090000e-06	-3.176128e-03	2.598509e+00
3.100000e-06	-3.213658e-03	2.441710e+00
3.110000e-06	-4.431510e-03	2.386873e+00
3.120000e-06	-3.854392e-03	2.272662e+00
3.130000e-06	-2.487408e-03	2.178418e+00
3.140000e-06	-2.352748e-03	2.040632e+00
3.150000e-06	-3.578050e-03	1.968472e+00
3.160000e-06	-2.680645e-03	1.873211e+00
3.170000e-06	-2.967934e-03	1.744872e+00
3.180000e-06	-4.456923e-03	1.639678e+00
3.190000e-06	-3.635620e-03	1.513270e+00
3.200000e-06	-2.913581e-03	1.427005e+00
3.210000e-06	-2.868443e-03	1.274164e+00
3.220000e-06	-2.691420e-03	1.177926e+00
3.230000e-06	-2.986893e-03	1.043027e+00
3.240000e-06	-3.588495e-03	8.426867e-01
3.250000e-06	-3.194721e-03	7.479474e-01
3.260000e-06	-3.574234e-03	6.721342e-01
3.270000e-06	-3.521909e-03	5.658932e-01
3.280000e-06	-3.263160e-03	4.521076e-01
3.290000e-06	-3.190122e-03	3.583984e-01
3.300000e-06	-3.111047e-03	2.396038e-01
3.310000e-06	-2.346411e-03	1.031117e-01
3.320000e-06	-1.803238e-03	-1.107646e-02
3.330000e-06	1.166248e-03	-9.786191e-02
3.340000e-06	3.050652e-04	-2.321025e-01
3.350000e-06	-1.610657e-03	-3.268621e-01
3.360000e-06	-2.135413e-03	-4.100226e-01
3.370000e-06	-2.776541e-03	-4.551594e-01
3.380000e-06	-2.011210e-03	-6.520253e-01
3.390000e-06	4.857260e-04	-7.688672e-01
3.400000e-06	2.617649e-02	-8.121540e-01
3.410000e-06	5.680460e-02	-9.483884e-01
3.420000e-06	-4.566579e-02	-1.088892e+00
3.430000e-06	-6.993873e-02	-1.330866e+00
3.440000e-06	-7.470930e-02	-1.512835e+00
3.450000e-06	1.604951e-01	-1.370527e+00
3.460000e-06	-3.114074e-02	-1.507389e+00
3.470000e-06	-1.262420e-01	-1.717866e+00
3.480000e-06	8.747569e-02	-1.790524e+00
3.490000e-06	4.287094e-02	-1.843629e+00
3.500000e-06	-1.984590e-01	-1.971971e+00
3.510000e-06	3.608674e-02	-2.073689e+00
3.520000e-06	1.532578e-01	-2.130392e+00
3.530000e-06	-1.574154e-01	-2.376886e+00
3.540000e-06	-4.597373e-03	-2.442558e+00
3.550000e-06	1.327613e-01	-2.536288e+00
3.560000e-06	-1.417811e-01	-2.675228e+00
3.570000e-06	-6.153078e-03	-2.769421e+00
3.580000e-06	1.043166e-01	-2.802052e+00
3.590000e-06	-1.092594e-01	-2.950441e+00
3.600000e-06	5.679115e-02	-3.127102e+00
3.610000e-06	9.388356e-03	-3.159894e+00
3.620000e-06	-7.047978e-02	-3.286338e+00
3.630000e-06	9.060713e-02	-3.399424e+00
3.640000e-06	-2.297438e-02	-3.473649e+00
3.650000e-06	-1.072316e-01	-3.578444e+00
3.660000e-06	1.250854e-01	-3.610075e+00
3.670000e-06	-2.293728e-02	-3.695836e+00
3.680000e-06	-7.444171e-02	-3.904555e+00
3.690000e-06	7.104282e-02	-3.969392e+00
3.700000e-06	-2.150239e-02	-4.032555e+00
3.710000e-06	-1.161158e-02	-4.136813e+00
3.720000e-06	-1.712571e-02	-4.169819e+00
3.730000e-06	-1.126594e-02	-4.244281e+00
3.740000e-06	7.121493e-02	-4.347842e+00
3.750000e-06	-4.987308e-02	-4.410949e+00
3.760000e-06	-4.455292e-02	-4.442104e+00
3.770000e-06	4.266460e-02	-4.548318e+00
3.780000e-06	1.131652e-02	-4.641150e+00
3.790000e-06	-2.570621e-02	-4.695188e+00
3.800000e-06	-2.512424e-02	-4.766395e+00
3.810000e-06	3.176236e-02	-4.834707e+00
3.820000e-06	1.877594e-02	-4.946443e+00
3.830000e-06	-6.349330e-02	-5.008978e+00
3.840000e-06	1.665035e-02	-5.063605e+00
3.850000e-06	2.954474e-02	-5.077812e+00
3.860000e-06	-2.665457e-02	-5.179474e+00
3.870000e-06	-1.350142e-02	-5.254583e+00
3.880000e-06	2.583198e-05	-5.339789e+00
3.890000e-06	2.706107e-02	-5.454507e+00
3.900000e-06	-2.515555e-02	-5.528311e+00
3.910000e-06	-1.918778e-02	-5.568898e+00
3.920000e-06	2.319129e-02	-5.590526e+00
3.930000e-06	-8.139204e-03	-5.641584e+00
3.940000e-06	-1.201090e-02	-5.693655e+00
3.950000e-06	7.236110e-04	-5.757796e+00
3.960000e-06	3.386670e-03	-5.808396e+00
3.970000e-06	-6.502161e-03	-5.822028e+00
3.980000e-06	-1.278296e-02	-5.843552e+00
3.990000e-06	6.408665e-03	-5.882659e+00
4.000000e-06	1.238585e-04	-5.917311e+00
4.010000e-06	-1.121086e-02	-5.939917e+00
4.020000e-06	2.065601e-03	-5.958846e+00
4.030000e-06	-4.477367e-03	-5.988924e+00
4.040000e-06	-6.568699e-03	-5.998950e+00
4.050000e-06	-2.210151e-03	-6.031998e+00
4.060000e-06	-1.500697e-03	-6.011978e+00
4.070000e-06	-3.098621e-03	-6.020578e+00
4.080000e-06	-9.478758e-03	-6.051584e+00
4.090000e-06	-1.078575e-04	-6.031706e+00
4.100000e-06	-3.006208e-03	-6.033133e+00
4.110000e-06	-7.917077e-03	-6.083188e+00
4.120000e-06	-3.793282e-03	-6.122163e+00
4.130000e-06	-1.742280e-03	-6.075289e+00
4.140000e-06	-3.611709e-03	-6.166293e+00
4.150000e-06	-6.756813e-03	-6.137861e+00
4.160000e-06	-2.724866e-03	-6.115188e+00
4.170000e-06	-4.103008e-03	-6.145690e+00
4.180000e-06	-5.260098e-03	-6.074218e+00
4.190000e-06	-4.222525e-03	-6.064362e+00
4.200000e-06	-2.327015e-03	-6.086186e+00
4.210000e-06	-4.796629e-03	-6.063108e+00
4.220000e-06	-5.218262e-03	-6.091533e+00
4.230000e-06	-4.699039e-03	-6.040551e+00
4.240000e-06	-3.985786e-03	-6.030478e+00
4.250000e-06	-4.504846e-03	-6.031025e+00
4.260000e-06	-4.425543e-03	-6.010476e+00
4.270000e-06	-3.505727e-03	-5.998974e+00
4.280000e-06	-4.896299e-03	-5.957922e+00
4.290000e-06	-3.733938e-03	-5.966870e+00
4.300000e-06	-4.915082e-03	-5.937188e+00
4.310000e-06	-5.154085e-03	-5.892584e+00
4.320000e-06	-4.032769e-03	-5.841133e+00
4.330000e-06	-3.659150e-03	-5.789476e+00
4.340000e-06	-4.422080e-03	-5.796896e+00
4.350000e-06	-5.111596e-03	-5.693688e+00
4.360000e-06	-3.602423e-03	-5.693009e+00
4.370000e-06	-4.920129e-03	-5.620500e+00
4.380000e-06	-4.907081e-03	-5.599924e+00
4.390000e-06	-3.569076e-03	-5.597947e+00
4.400000e-06	-4.306997e-03	-5.495264e+00
4.410000e-06	-5.862428e-03	-5.438884e+00
4.420000e-06	-4.601290e-03	-5.316670e+00
4.430000e-06	-3.608261e-03	-5.272156e+00
4.440000e-06	-4.931122e-03	-5.179503e+00
4.450000e-06	-4.110155e-03	-5.117845e+00
4.460000e-06	-2.961248e-03	-5.062684e+00
4.470000e-06	-3.433987e-03	-5.001025e+00
4.480000e-06	-5.547394e-03	-4.966771e+00
4.490000e-06	-4.524800e-03	-4.850041e+00
4.500000e-06	-3.263188e-03	-4.737263e+00
4.510000e-06	-4.836866e-03	-4.673661e+00
4.520000e-06	-4.085677e-03	-4.591002e+00
4.530000e-06	-3.172718e-03	-4.535772e+00
4.540000e-06	-3.140189e-03	-4.472634e+00
4.550000e-06	-4.983160e-03	-4.410024e+00
4.560000e-06	-3.494147e-03	-4.367300e+00
4.570000e-06	-2.797224e-03	-4.284109e+00
4.580000e-06	-4.478350e-03	-4.218927e+00
4.590000e-06	-4.936317e-03	-4.094192e+00
4.600000e-06	-3.798151e-03	-4.020059e+00
4.610000e-06	-3.778951e-03	-3.988347e+00
4.620000e-06	-5.343698e-03	-3.843035e+00
4.630000e-06	-4.310827e-03	-3.726247e+00
4.640000e-06	-3.069916e-03	-3.601029e+00
4.650000e-06	-4.537505e-03	-3.568345e+00
4.660000e-06	-4.783653e-03	-3.493114e+00
4.670000e-06	-4.272413e-03	-3.366899e+00
4.680000e-06	-4.699934e-03	-3.273638e+00
4.690000e-06	-5.763384e-03	-3.209978e+00
4.700000e-06	-3.509623e-03	-3.135743e+00
4.710000e-06	-4.515905e-03	-2.976752e+00
4.720000e-06	-4.074472e-03	-2.821029e+00
4.730000e-06	-5.351781e-03	-2.768350e+00
4.740000e-06	-4.080573e-03	-2.673738e+00
4.750000e-06	-4.106715e-03	-2.588395e+00
4.760000e-06	-4.474750e-03	-2.451112e+00
4.770000e-06	-4.609216e-03	-2.389528e+00
4.780000e-06	-4.109219e-03	-2.302637e+00
4.790000e-06	-5.278796e-03	-2.136273e+00
4.800000e-06	-4.597500e-03	-2.021053e+00
4.810000e-06	-5.521172e-03	-1.935843e+00
4.820000e-06	-3.054205e-03	-1.811059e+00
4.830000e-06	-4.555279e-03	-1.735343e+00
4.840000e-06	-3.264563e-03	-1.630030e+00
4.850000e-06	-5.035020e-03	-1.515198e+00
4.860000e-06	-4.121300e-03	-1.327986e+00
4.870000e-06	-4.785043e-03	-1.210058e+00
4.880000e-06	-3.789611e-03	-1.114239e+00
4.890000e-06	-4.825596e-03	-9.889262e-01
4.900000e-06	-4.947368e-03	-9.041405e-01
4.910000e-06	-4.801055e-03	-7.900037e-01
4.920000e-06	-4.286188e-03	-7.136894e-01
4.930000e-06	-4.560238e-03	-5.357417e-01
4.940000e-06	-3.789937e-03	-3.995262e-01
4.950000e-06	-4.195764e-03	-3.362697e-01
4.960000e-06	-4.524740e-03	-2.201051e-01
4.970000e-06	-3.436685e-03	-7.476816e-02
4.980000e-06	-2.545481e-03	-9.526181e-03
4.990000e-06	-2.153392e-04	7.375435e-02
5.000000e-06	-2.598100e-03	2.319991e-01
5.010000e-06	-1.780149e-03	3.474449e-01
5.020000e-06	-3.215790e-03	4.620515e-01
5.030000e-06	-2.522129e-03	5.277845e-01
5.040000e-06	-3.239990e-03	6.722265e-01
5.050000e-06	8.672931e-04	7.383346e-01
5.060000e-06	1.559433e-02	8.295325e-01
5.070000e-06	4.740209e-02	9.919674e-01
5.080000e-06	-6.904096e-04	1.200316e+00
5.090000e-06	-6.087036e-02	1.335286e+00
5.100000e-06	-9.792627e-02	1.390471e+00
5.110000e-06	5.263441e-02	1.472263e+00
5.120000e-06	1.057793e-01	1.655174e+00
5.130000e-06	-8.445799e-02	1.776892e+00
5.140000e-06	-8.221080e-02	1.819946e+00
5.150000e-06	1.580443e-01	1.916286e+00
5.160000e-06	-1.259652e-01	2.041699e+00
5.170000e-06	-4.732609e-02	2.105258e+00
5.180000e-06	1.343613e-01	2.208946e+00
5.190000e-06	-3.654257e-02	2.336862e+00
5.200000e-06	-1.130906e-01	2.410601e+00
5.210000e-06	1.376102e-01	2.494658e+00
5.220000e-06	-2.242217e-02	2.695752e+00
5.230000e-06	-9.535108e-02	2.798972e+00
5.240000e-06	8.214984e-02	2.842130e+00
5.250000e-06	-1.662797e-02	2.977346e+00
5.260000e-06	-4.516276e-02	3.052604e+00
5.270000e-06	4.579155e-02	3.167494e+00
5.280000e-06	-1.139097e-02	3.201026e+00
5.290000e-06	-1.284021e-02	3.364285e+00
5.300000e-06	4.631493e-02	3.474154e+00
5.310000e-06	-7.902600e-02	3.609471e+00
5.320000e-06	1.536758e-02	3.623103e+00
5.330000e-06	5.059637e-02	3.746762e+00
5.340000e-06	-3.740962e-02	3.814526e+00
5.350000e-06	-1.939105e-02	3.986315e+00
5.360000e-06	2.278878e-02	3.989978e+00
5.370000e-06	4.928065e-03	4.040553e+00
5.380000e-06	-2.470193e-02	4.158264e+00
5.390000e-06	5.162348e-03	4.284057e+00
5.400000e-06	5.020103e-03	4.368472e+00
5.410000e-06	1.893588e-02	4.440078e+00
5.420000e-06	-3.030949e-02	4.526287e+00
5.430000e-06	-1.163162e-02	4.589992e+00
5.440000e-06	2.373117e-02	4.673580e+00
5.450000e-06	7.347623e-03	4.704791e+00
5.460000e-06	-2.974941e-02	4.830470e+00
5.470000e-06	-2.349084e-03	4.821527e+00
5.480000e-06	3.266670e-02	4.941044e+00
5.490000e-06	-2.218743e-02	5.083233e+00
5.500000e-06	-1.803936e-02	5.195846e+00
5.510000e-06	9.508045e-03	5.201503e+00
5.520000e-06	1.369714e-02	5.284786e+00
5.530000e-06	-1.755442e-02	5.347942e+00
5.540000e-06	-6.864108e-03	5.409503e+00
5.550000e-06	1.152711e-02	5.472204e+00
5.560000e-06	-2.664042e-03	5.495817e+00
5.570000e-06	-1.070096e-02	5.578471e+00
5.580000e-06	-7.660803e-04	5.599525e+00
5.590000e-06	8.037060e-03	5.651576e+00
5.600000e-06	-1.007638e-02	5.682157e+00
5.610000e-06	-2.196952e-03	5.753764e+00
5.620000e-06	3.495350e-03	5.779421e+00
5.630000e-06	-1.915139e-03	5.913229e+00
5.640000e-06	-8.557031e-03	5.945734e+00
5.650000e-06	6.843920e-04	5.966922e+00
5.660000e-06	4.581232e-03	5.979950e+00
5.670000e-06	-5.889276e-03	5.999474e+00
5.680000e-06	1.136700e-04	5.991001e+00
5.690000e-06	-1.969741e-03	6.082052e+00
5.700000e-06	-3.267865e-03	6.082083e+00
5.710000e-06	-4.977601e-03	6.073112e+00
5.720000e-06	3.686763e-03	6.116282e+00
5.730000e-06	5.399936e-04	6.094715e+00
5.740000e-06	-6.700697e-03	6.136815e+00
5.750000e-06	-2.254448e-03	6.187341e+00
5.760000e-06	1.093054e-03	6.166342e+00
5.770000e-06	-5.268243e-04	6.155943e+00
5.780000e-06	-5.275572e-03	6.156396e+00
5.790000e-06	-3.784854e-04	6.186471e+00
5.800000e-06	-1.271708e-03	6.187898e+00
5.810000e-06	-1.820369e-03	6.189000e+00
5.820000e-06	-1.438633e-03	6.179420e+00
5.830000e-06	-1.311999e-03	6.197973e+00
5.840000e-06	-1.707811e-03	6.198919e+00
5.850000e-06	-3.270179e-03	6.188825e+00
5.860000e-06	-1.354734e-03	6.156849e+00
5.870000e-06	-3.193709e-03	6.148316e+00
5.880000e-06	-1.430243e-03	6.174840e+00
5.890000e-06	-2.502907e-03	6.123812e+00
5.900000e-06	-1.026659e-03	6.114689e+00
5.910000e-06	-1.334954e-03	6.043658e+00
5.920000e-06	-8.941229e-04	6.082104e+00
5.930000e-06	-1.877710e-03	6.050555e+00
5.940000e-06	-2.656895e-03	6.010526e+00
5.950000e-06	-1.579250e-03	5.999500e+00
5.960000e-06	-2.283105e-03	5.988396e+00
5.970000e-06	-2.245975e-03	5.947320e+00
5.980000e-06	-3.629829e-03	5.954237e+00
5.990000e-06	-1.384355e-03	5.788983e+00
6.000000e-06	-2.294983e-03	5.794851e+00
6.010000e-06	-2.422303e-03	5.674187e+00
6.020000e-06	-2.175785e-03	5.671554e+00
6.030000e-06	-2.594924e-03	5.609001e+00
6.040000e-06	-2.644476e-03	5.568924e+00
6.050000e-06	-2.622255e-03	5.565720e+00
6.060000e-06	-1.563872e-03	5.494163e+00
6.070000e-06	-3.296252e-03	5.451029e+00
6.080000e-06	-2.242193e-03	5.367974e+00
6.090000e-06	-2.113910e-03	5.345270e+00
6.100000e-06	-2.251449e-03	5.272683e+00
6.110000e-06	-3.606333e-03	5.197901e+00
6.120000e-06	-2.001520e-03	5.106764e+00
6.130000e-06	-1.039753e-03	4.999574e+00
6.140000e-06	-3.252741e-03	4.916213e+00
6.150000e-06	-3.071875e-03	4.851108e+00
6.160000e-06	-3.042462e-03	4.778946e+00
6.170000e-06	-1.303930e-03	4.735266e+00
6.180000e-06	-3.159914e-03	4.620581e+00
6.190000e-06	-2.355810e-03	4.597947e+00
6.200000e-06	-2.820931e-03	4.482710e+00
6.210000e-06	-3.246793e-03	4.410529e+00
6.220000e-06	-3.703385e-03	4.376395e+00
6.230000e-06	-1.513430e-03	4.243214e+00
6.240000e-06	-3.053252e-03	4.146394e+00
6.250000e-06	-4.487958e-03	4.020557e+00
6.260000e-06	-2.932872e-03	3.978422e+00
6.270000e-06	-1.458398e-03	3.883189e+00
6.280000e-06	-2.477574e-03	3.810032e+00
6.290000e-06	-3.362973e-03	3.735214e+00
6.300000e-06	-2.509565e-03	3.651130e+00
6.310000e-06	-2.580825e-03	3.568494e+00
6.320000e-06	-4.254287e-03	3.522662e+00
6.330000e-06	-3.901994e-03	3.365193e+00
6.340000e-06	-2.191526e-03	3.239980e+00
6.350000e-06	-2.232855e-03	3.146298e+00
6.360000e-06	-3.602736e-03	3.063655e+00
6.370000e-06	-2.550691e-03	2.984897e+00
6.380000e-06	-2.137379e-03	2.873638e+00
6.390000e-06	-3.068945e-03	2.788925e+00
6.400000e-06	-4.302499e-03	2.744793e+00
6.410000e-06	-3.386146e-03	2.546999e+00
6.420000e-06	-3.157357e-03	2.419056e+00
6.430000e-06	-2.784694e-03	2.365823e+00
6.440000e-06	-2.877016e-03	2.230106e+00
6.450000e-06	-2.731231e-03	2.126418e+00
6.460000e-06	-2.899251e-03	2.041105e+00
6.470000e-06	-2.667344e-03	1.987921e+00
6.480000e-06	-2.565708e-03	1.920106e+00
6.490000e-06	-3.460927e-03	1.684766e+00
6.500000e-06	-3.773391e-03	1.639549e+00
6.510000e-06	-3.468227e-03	1.472637e+00
6.520000e-06	-3.679471e-03	1.368350e+00
6.530000e-06	-3.259035e-03	1.261659e+00
6.540000e-06	-3.098667e-03	1.146240e+00
6.550000e-06	-2.893112e-03	1.007473e+00
6.560000e-06	-2.779221e-03	8.305826e-01
6.570000e-06	-3.697925e-03	7.663196e-01
6.580000e-06	-3.813387e-03	6.417053e-01
6.590000e-06	-3.287883e-03	5.347409e-01
6.600000e-06	-3.625271e-03	4.190277e-01
6.610000e-06	-3.184443e-03	3.773472e-01
6.620000e-06	-4.370980e-03	1.779012e-01
6.630000e-06	-2.736075e-03	5.153407e-02
6.640000e-06	-1.373274e-03	-3.412651e-02
6.650000e-06	8.289419e-04	-1.287923e-01
6.660000e-06	-9.864082e-04	-2.316554e-01
6.670000e-06	-1.884616e-03	-3.578948e-01
6.680000e-06	-2.105370e-03	-4.216015e-01
6.690000e-06	-1.954806e-03	-5.268132e-01
6.700000e-06	-4.026023e-03	-6.547780e-01
6.710000e-06	2.129081e-03	-7.789749e-01
6.720000e-06	3.862790e-02	-8.536565e-01
6.730000e-06	4.242766e-02	-9.909725e-01
6.740000e-06	-6.286845e-02	-1.191545e+00
6.750000e-06	-7.928254e-02	-1.491171e+00
6.760000e-06	-2.559299e-02	-1.460578e+00
6.770000e-06	1.453976e-01	-1.432634e+00
6.780000e-06	-7.313099e-02	-1.580440e+00
6.790000e-06	-1.207422e-01	-1.778945e+00
6.800000e-06	1.554854e-01	-1.809950e+00
6.810000e-06	-6.027213e-02	-1.854681e+00
6.820000e-06	-1.617317e-01	-2.023022e+00
6.830000e-06	1.125561e-01	-2.074638e+00
6.840000e-06	8.604505e-02	-2.201069e+00
6.850000e-06	-1.794687e-01	-2.379972e+00
6.860000e-06	9.293337e-02	-2.452157e+00
6.870000e-06	6.148497e-02	-2.608341e+00
6.880000e-06	-1.436331e-01	-2.707184e+00
6.890000e-06	4.815756e-02	-2.799899e+00
6.900000e-06	5.954203e-02	-2.843104e+00
6.910000e-06	-1.077127e-01	-3.062122e+00
6.920000e-06	9.349000e-02	-3.114761e+00
6.930000e-06	-4.057184e-02	-3.231924e+00
6.940000e-06	-3.727291e-02	-3.347266e+00
6.950000e-06	1.063770e-01	-3.400450e+00
6.960000e-06	-9.564045e-02	-3.465685e+00
6.970000e-06	-3.668015e-02	-3.570024e+00
6.980000e-06	1.204588e-01	-3.611029e+00
6.990000e-06	-7.105622e-02	-3.764845e+00
7.000000e-06	-3.009583e-02	-3.905759e+00
7.010000e-06	6.582621e-02	-3.989899e+00
7.020000e-06	-3.552188e-02	-4.074081e+00
7.030000e-06	-3.006247e-03	-4.117316e+00
7.040000e-06	-2.591348e-02	-4.172025e+00
7.050000e-06	1.534967e-02	-4.294258e+00
7.060000e-06	5.873587e-02	-4.397420e+00
7.070000e-06	-7.500418e-02	-4.421001e+00
7.080000e-06	-1.237117e-02	-4.462098e+00
7.090000e-06	4.429114e-02	-4.559921e+00
7.100000e-06	-5.098234e-03	-4.653184e+00
7.110000e-06	-2.605021e-02	-4.725212e+00
7.120000e-06	-1.880175e-02	-4.748944e+00
7.130000e-06	4.785293e-02	-4.911709e+00
7.140000e-06	-1.376100e-02	-4.958845e+00
7.150000e-06	-5.091273e-02	-5.010525e+00
7.160000e-06	3.233791e-02	-5.084658e+00
7.170000e-06	1.456096e-02	-5.177342e+00
7.180000e-06	-2.945795e-02	-5.210975e+00
7.190000e-06	-9.026192e-03	-5.244109e+00
7.200000e-06	7.637110e-03	-5.350440e+00
7.210000e-06	1.927734e-02	-5.462680e+00
7.220000e-06	-3.333918e-02	-5.547923e+00
7.230000e-06	-5.165228e-03	-5.589449e+00
7.240000e-06	2.264720e-02	-5.610526e+00
7.250000e-06	-1.684423e-02	-5.683083e+00
7.260000e-06	-7.084942e-03	-5.684762e+00
7.270000e-06	1.147188e-04	-5.749736e+00
7.280000e-06	4.642587e-03	-5.769424e+00
7.290000e-06	-1.169384e-02	-5.821526e+00
7.300000e-06	-9.850563e-03	-5.833028e+00
7.310000e-06	8.574888e-03	-5.963663e+00
7.320000e-06	-5.733513e-03	-5.945291e+00
7.330000e-06	-7.720146e-03	-5.958424e+00
7.340000e-06	8.044586e-04	-5.988946e+00
7.350000e-06	-4.510240e-03	-6.008475e+00
7.360000e-06	-5.780277e-03	-5.999974e+00
7.370000e-06	-1.791241e-03	-5.990526e+00
7.380000e-06	-2.165450e-03	-6.010533e+00
7.390000e-06	-6.083753e-03	-6.062530e+00
7.400000e-06	-6.964942e-03	-6.023653e+00
7.410000e-06	1.609327e-03	-6.052659e+00
7.420000e-06	-4.703457e-03	-6.064684e+00
7.430000e-06	-8.613689e-03	-6.085713e+00
7.440000e-06	-1.250165e-03	-6.083614e+00
7.450000e-06	-1.924448e-03	-6.123793e+00
7.460000e-06	-4.477825e-03	-6.085212e+00
7.470000e-06	-6.715444e-03	-6.085767e+00
7.480000e-06	-1.604491e-03	-6.085260e+00
7.490000e-06	-4.043922e-03	-6.116392e+00
7.500000e-06	-6.037071e-03	-6.104192e+00
7.510000e-06	-3.554996e-03	-6.092164e+00
7.520000e-06	-3.397547e-03	-6.073033e+00
7.530000e-06	-4.465211e-03	-6.105135e+00
7.540000e-06	-6.243059e-03	-6.062554e+00
7.550000e-06	-3.250439e-03	-6.022104e+00
7.560000e-06	-3.518300e-03	-6.010530e+00
7.570000e-06	-4.119500e-03	-6.011076e+00
7.580000e-06	-4.919612e-03	-6.010454e+00
7.590000e-06	-5.224442e-03	-5.978924e+00
7.600000e-06	-3.549512e-03	-5.977972e+00
7.610000e-06	-3.499987e-03	-5.946844e+00
7.620000e-06	-5.360545e-03	-5.926295e+00
7.630000e-06	-5.535363e-03	-5.862637e+00
7.640000e-06	-2.541871e-03	-5.830531e+00
7.650000e-06	-3.584481e-03	-5.769525e+00
7.660000e-06	-5.202103e-03	-5.756793e+00
7.670000e-06	-5.026693e-03	-5.706694e+00
7.680000e-06	-3.648849e-03	-5.670585e+00
7.690000e-06	-4.449831e-03	-5.620975e+00
7.700000e-06	-5.001806e-03	-5.589450e+00
7.710000e-06	-3.605242e-03	-5.557871e+00
7.720000e-06	-4.379826e-03	-5.473716e+00
7.730000e-06	-4.954856e-03	-5.378004e+00
7.740000e-06	-4.884341e-03	-5.304268e+00
7.750000e-06	-3.514146e-03	-5.240555e+00
7.760000e-06	-4.681740e-03	-5.167422e+00
7.770000e-06	-3.630004e-03	-5.124769e+00
7.780000e-06	-2.931831e-03	-5.052033e+00
7.790000e-06	-4.734664e-03	-4.989027e+00
7.800000e-06	-5.545263e-03	-4.907242e+00
7.810000e-06	-3.498800e-03	-4.799437e+00
7.820000e-06	-3.497525e-03	-4.704741e+00
7.830000e-06	-5.239081e-03	-4.631035e+00
7.840000e-06	-4.230850e-03	-4.580424e+00
7.850000e-06	-3.187228e-03	-4.515790e+00
7.860000e-06	-3.954901e-03	-4.440556e+00
7.870000e-06	-5.250508e-03	-4.409478e+00
7.880000e-06	-3.773170e-03	-4.345296e+00
7.890000e-06	-3.472279e-03	-4.241058e+00
7.900000e-06	-5.067533e-03	-4.148875e+00
7.910000e-06	-4.416653e-03	-4.073188e+00
7.920000e-06	-2.969988e-03	-4.030029e+00
7.930000e-06	-3.736788e-03	-3.967972e+00
7.940000e-06	-5.417660e-03	-3.819529e+00
7.950000e-06	-4.294398e-03	-3.694219e+00
7.960000e-06	-2.733862e-03	-3.630530e+00
7.970000e-06	-4.599510e-03	-3.546821e+00
7.980000e-06	-5.052392e-03	-3.461535e+00
7.990000e-06	-4.177503e-03	-3.337370e+00
8.000000e-06	-3.875654e-03	-3.272057e+00
8.010000e-06	-5.317113e-03	-3.199475e+00
8.020000e-06	-3.925221e-03	-3.102689e+00
8.030000e-06	-4.828535e-03	-2.976392e+00
8.040000e-06	-3.709537e-03	-2.861580e+00
8.050000e-06	-4.619036e-03	-2.766321e+00
8.060000e-06	-3.771030e-03	-2.631133e+00
8.070000e-06	-4.004703e-03	-2.556271e+00
8.080000e-06	-3.637995e-03	-2.441036e+00
8.090000e-06	-4.179464e-03	-2.387969e+00
8.100000e-06	-5.181191e-03	-2.272962e+00
8.110000e-06	-4.860860e-03	-2.095769e+00
8.120000e-06	-5.032065e-03	-1.980004e+00
8.130000e-06	-2.996073e-03	-1.914219e+00
8.140000e-06	-3.911165e-03	-1.770579e+00
8.150000e-06	-4.719494e-03	-1.714316e+00
8.160000e-06	-2.719899e-03	-1.599950e+00
8.170000e-06	-5.444961e-03	-1.483716e+00
8.180000e-06	-4.244426e-03	-1.326522e+00
8.190000e-06	-4.747479e-03	-1.188977e+00
8.200000e-06	-2.969628e-03	-1.123664e+00
8.210000e-06	-4.209517e-03	-9.669001e-01
8.220000e-06	-4.760710e-03	-8.515603e-01
8.230000e-06	-5.281600e-03	-7.788986e-01
8.240000e-06	-4.675040e-03	-6.800654e-01
8.250000e-06	-3.887797e-03	-4.843418e-01
8.260000e-06	-3.530177e-03	-3.884513e-01
8.270000e-06	-4.295724e-03	-2.637392e-01
8.280000e-06	-3.912562e-03	-1.699512e-01
8.290000e-06	-3.342366e-03	-5.365796e-02
8.300000e-06	-2.750293e-03	2.057514e-02
8.310000e-06	-6.754763e-04	7.583311e-02
8.320000e-06	-2.405298e-03	2.336520e-01
8.330000e-06	-1.115983e-03	3.794962e-01
8.340000e-06	-2.622139e-03	4.436514e-01
8.350000e-06	-2.337001e-03	5.664438e-01
8.360000e-06	-2.180673e-03	6.652293e-01
8.370000e-06	3.108945e-03	7.688477e-01
8.380000e-06	2.417032e-02	8.331041e-01
8.390000e-06	4.753156e-02	9.820955e-01
8.400000e-06	-2.076847e-02	1.240623e+00
8.410000e-06	-6.671753e-02	1.376810e+00
8.420000e-06	-9.261665e-02	1.409446e+00
8.430000e-06	1.069905e-01	1.514257e+00
8.440000e-06	4.934236e-02	1.755252e+00
8.450000e-06	-1.030382e-01	1.768897e+00
8.460000e-06	-1.314575e-02	1.830999e+00
8.470000e-06	1.139547e-01	1.967869e+00
8.480000e-06	-1.576968e-01	2.052056e+00
8.490000e-06	7.828159e-03	2.103688e+00
8.500000e-06	1.395441e-01	2.221574e+00
8.510000e-06	-1.121878e-01	2.368895e+00
8.520000e-06	-4.014220e-02	2.401551e+00
8.530000e-06	1.331123e-01	2.497812e+00
8.540000e-06	-7.262843e-02	2.715186e+00
8.550000e-06	-5.338758e-02	2.799475e+00
8.560000e-06	9.111701e-02	2.893780e+00
8.570000e-06	-5.630237e-02	2.989995e+00
8.580000e-06	-9.812400e-03	3.114655e+00
8.590000e-06	3.801159e-02	3.160400e+00
8.600000e-06	-2.526009e-02	3.243125e+00
8.610000e-06	1.460455e-02	3.327869e+00
8.620000e-06	1.734868e-02	3.506761e+00
8.630000e-06	-7.364502e-02	3.590049e+00
8.640000e-06	3.633364e-02	3.652606e+00
8.650000e-06	4.081466e-02	3.748520e+00
8.660000e-06	-5.719832e-02	3.852604e+00
8.670000e-06	7.151185e-03	3.950393e+00
8.680000e-06	1.242610e-02	4.000026e+00
8.690000e-06	-1.258916e-03	4.072208e+00
8.700000e-06	-2.282078e-02	4.159341e+00
8.710000e-06	6.167066e-03	4.325312e+00
8.720000e-06	1.295954e-02	4.378519e+00
8.730000e-06	4.392634e-03	4.422560e+00
8.740000e-06	-2.703371e-02	4.497311e+00
8.750000e-06	-9.299931e-03	4.580452e+00
8.760000e-06	3.097743e-02	4.732154e+00
8.770000e-06	-8.702070e-03	4.769320e+00
8.780000e-06	-2.422791e-02	4.821499e+00
8.790000e-06	8.192989e-03	4.882056e+00
8.800000e-06	2.584159e-02	4.988415e+00
8.810000e-06	-2.783767e-02	5.134261e+00
8.820000e-06	-1.114724e-02	5.187974e+00
8.830000e-06	1.537552e-02	5.253574e+00
8.840000e-06	2.494735e-03	5.276763e+00
8.850000e-06	-1.509735e-02	5.397895e+00
8.860000e-06	-5.226344e-03	5.421529e+00
8.870000e-06	1.457507e-02	5.513137e+00
8.880000e-06	-9.347856e-03	5.556888e+00
8.890000e-06	-6.784937e-03	5.599420e+00
8.900000e-06	2.699715e-03	5.610024e+00
8.910000e-06	4.512638e-03	5.641604e+00
8.920000e-06	-1.021922e-02	5.715636e+00
8.930000e-06	-1.216197e-03	5.757339e+00
8.940000e-06	5.180860e-03	5.849003e+00
8.950000e-06	-5.937760e-03	5.893812e+00
8.960000e-06	-5.192163e-03	5.955842e+00
8.970000e-06	-2.483475e-05	5.967448e+00
8.980000e-06	4.474427e-03	5.990000e+00
8.990000e-06	-5.415417e-03	6.000000e+00
9.000000e-06	9.641514e-04	6.020553e+00
9.010000e-06	-2.566364e-03	6.062553e+00
9.020000e-06	-5.175250e-03	6.052108e+00
9.030000e-06	-2.419808e-03	6.083085e+00
9.040000e-06	2.659985e-03	6.132740e+00
9.050000e-06	-7.575491e-04	6.115810e+00
9.060000e-06	-6.643840e-03	6.167241e+00
9.070000e-06	-3.395603e-04	6.167392e+00
9.080000e-06	1.393734e-03	6.197296e+00
9.090000e-06	-2.315192e-03	6.197272e+00
9.100000e-06	-4.163835e-03	6.178476e+00
9.110000e-06	1.350368e-04	6.187922e+00
9.120000e-06	-1.101437e-03	6.197502e+00
9.130000e-06	-3.364900e-03	6.207474e+00
9.140000e-06	-5.149771e-04	6.188998e+00
9.150000e-06	-2.229700e-03	6.168395e+00
9.160000e-06	-1.785445e-03	6.188424e+00
9.170000e-06	-2.936720e-03	6.167893e+00
9.180000e-06	-5.664509e-04	6.166947e+00
9.190000e-06	-1.983313e-03	6.146291e+00
9.200000e-06	-1.706999e-03	6.155745e+00
9.210000e-06	-1.933906e-03	6.124362e+00
9.220000e-06	-1.795613e-03	6.063144e+00
9.230000e-06	-1.257140e-03	6.063161e+00
9.240000e-06	-1.596145e-03	6.071532e+00
9.250000e-06	-1.309381e-03	6.050033e+00
9.260000e-06	-3.116455e-03	6.000024e+00
9.270000e-06	-5.620930e-04	5.989476e+00
9.280000e-06	-2.110017e-03	5.957421e+00
9.290000e-06	-1.795387e-03	5.944746e+00
9.300000e-06	-2.300011e-03	5.900588e+00
9.310000e-06	-1.377592e-03	5.837953e+00
9.320000e-06	-2.620090e-03	5.784716e+00
9.330000e-06	-3.648246e-03	5.662609e+00
9.340000e-06	-1.464584e-03	5.642076e+00
9.350000e-06	-1.534562e-03	5.610499e+00
9.360000e-06	-2.005860e-03	5.568422e+00
9.370000e-06	-3.120059e-03	5.524238e+00
9.380000e-06	-2.140838e-03	5.482614e+00
9.390000e-06	-2.794676e-03	5.400008e+00
9.400000e-06	-2.737845e-03	5.428400e+00
9.410000e-06	-2.276612e-03	5.342264e+00
9.420000e-06	-3.036722e-03	5.261110e+00
9.430000e-06	-2.389481e-03	5.207899e+00
9.440000e-06	-3.570197e-03	5.093161e+00
9.450000e-06	-1.026862e-04	5.017348e+00
9.460000e-06	-4.969743e-03	4.903113e+00
9.470000e-06	-1.971899e-03	4.839525e+00
9.480000e-06	-3.391234e-03	4.737396e+00
9.490000e-06	-1.345343e-03	4.653195e+00
9.500000e-06	-3.438801e-03	4.629550e+00
9.510000e-06	-1.874674e-03	4.537767e+00
9.520000e-06	-2.379979e-03	4.463656e+00
9.530000e-06	-3.181547e-03	4.400025e+00
9.540000e-06	-3.410972e-03	4.366324e+00
9.550000e-06	-1.543284e-03	4.270592e+00
9.560000e-06	-3.601644e-03	4.124722e+00
9.570000e-06	-3.693723e-03	4.010980e+00
9.580000e-06	-2.902819e-03	3.966396e+00
9.590000e-06	-8.170723e-04	3.852708e+00
9.600000e-06	-2.337533e-03	3.808000e+00
9.610000e-06	-3.436957e-03	3.714241e+00
9.620000e-06	-3.042116e-03	3.629528e+00
9.630000e-06	-2.746803e-03	3.576399e+00
9.640000e-06	-4.498414e-03	3.490602e+00
9.650000e-06	-2.626121e-03	3.355721e+00
9.660000e-06	-3.061876e-03	3.198929e+00
9.670000e-06	-3.012965e-03	3.134892e+00
9.680000e-06	-3.022444e-03	3.051109e+00
9.690000e-06	-1.152127e-03	2.936370e+00
9.700000e-06	-2.261907e-03	2.842133e+00
9.710000e-06	-2.852424e-03	2.788975e+00
9.720000e-06	-3.190282e-03	2.682113e+00
9.730000e-06	-3.380802e-03	2.493274e+00
9.740000e-06	-3.939496e-03	2.399003e+00
9.750000e-06	-4.518085e-03	2.332763e+00
9.760000e-06	-3.241942e-03	2.209450e+00
9.770000e-06	-2.117227e-03	2.083192e+00
9.780000e-06	-2.129550e-03	2.040578e+00
9.790000e-06	-9.186768e-04	1.955823e+00
9.800000e-06	-2.861266e-03	1.837982e+00
9.810000e-06	-3.572596e-03	1.683238e+00
9.820000e-06	-4.014522e-03	1.616379e+00
9.830000e-06	-2.607333e-03	1.452085e+00
9.840000e-06	-3.818455e-03	1.367823e+00
9.850000e-06	-3.578420e-03	1.209506e+00
9.860000e-06	-3.098545e-03	1.125192e+00
9.870000e-06	-2.141119e-03	9.658184e-01
9.880000e-06	-3.264718e-03	8.690038e-01
9.890000e-06	-3.874383e-03	7.053169e-01
9.900000e-06	-3.868573e-03	6.089000e-01
9.910000e-06	-3.733284e-03	4.826866e-01
9.920000e-06	-3.494184e-03	3.905513e-01
9.930000e-06	-3.879185e-03	3.048433e-01
9.940000e-06	-3.643970e-03	1.368209e-01
9.950000e-06	-2.922854e-03	3.005401e-02
9.960000e-06	-8.279280e-04	-8.315553e-02
9.970000e-06	1.375818e-03	-1.904699e-01
9.980000e-06	-3.551952e-04	-2.546580e-01
9.990000e-06	-1.908573e-03	-3.784688e-01
1.000000e-05	-2.516015e-03	-4.541002e-01
1.001000e-05	-1.965305e-03	-5.794136e-01
1.002000e-05	-2.800889e-03	-7.063633e-01
1.003000e-05	7.984912e-03	-8.095240e-01
1.004000e-05	5.004826e-02	-9.058067e-01
1.005000e-05	1.467162e-02	-1.052578e+00
1.006000e-05	-6.881071e-02	-1.273203e+00
1.007000e-05	-8.801143e-02	-1.474097e+00
1.008000e-05	5.357957e-02	-1.442983e+00
1.009000e-05	9.452219e-02	-1.474655e+00
1.010000e-05	-9.725300e-02	-1.624624e+00
1.011000e-05	-9.894705e-02	-1.819941e+00
1.012000e-05	1.707958e-01	-1.800028e+00
1.013000e-05	-1.559891e-01	-1.896259e+00
1.014000e-05	-9.860478e-02	-2.052652e+00
1.015000e-05	1.640579e-01	-2.085788e+00
1.016000e-05	-1.915600e-03	-2.235670e+00
1.017000e-05	-1.529678e-01	-2.412500e+00
1.018000e-05	1.569758e-01	-2.504211e+00
1.019000e-05	-2.631380e-02	-2.569523e+00
1.020000e-05	-1.129855e-01	-2.758842e+00
1.021000e-05	9.389961e-02	-2.779975e+00
1.022000e-05	-6.282458e-03	-2.894182e+00
1.023000e-05	-6.978428e-02	-3.071173e+00
1.024000e-05	9.238130e-02	-3.128338e+00
1.025000e-05	-7.348034e-02	-3.252075e+00
1.026000e-05	5.765589e-03	-3.358919e+00
1.027000e-05	9.159555e-02	-3.398049e+00
1.028000e-05	-1.393055e-01	-3.507762e+00
1.029000e-05	3.745619e-02	-3.599498e+00
1.030000e-05	8.196551e-02	-3.642104e+00
1.031000e-05	-9.659339e-02	-3.821522e+00
1.032000e-05	2.085931e-02	-3.918862e+00
1.033000e-05	3.829796e-02	-3.990974e+00
1.034000e-05	-3.571171e-02	-4.075185e+00
1.035000e-05	6.515181e-04	-4.136716e+00
1.036000e-05	-3.045565e-02	-4.211028e+00
1.037000e-05	4.069760e-02	-4.326712e+00
1.038000e-05	2.903115e-02	-4.389420e+00
1.039000e-05	-7.911951e-02	-4.429977e+00
1.040000e-05	1.413331e-02	-4.463258e+00
1.041000e-05	3.579524e-02	-4.630396e+00
1.042000e-05	-1.387609e-02	-4.684657e+00
1.043000e-05	-2.524751e-02	-4.685338e+00
1.044000e-05	-6.516825e-03	-4.770450e+00
1.045000e-05	5.199352e-02	-4.907211e+00
1.046000e-05	-4.233319e-02	-4.968767e+00
1.047000e-05	-2.845829e-02	-5.011503e+00
1.048000e-05	3.951532e-02	-5.135762e+00
1.049000e-05	-2.494161e-03	-5.158420e+00
1.050000e-05	-2.605171e-02	-5.210452e+00
1.051000e-05	-6.542987e-03	-5.273565e+00
1.052000e-05	1.775496e-02	-5.419398e+00
1.053000e-05	5.265657e-03	-5.505636e+00
1.054000e-05	-3.446769e-02	-5.577895e+00
1.055000e-05	6.567228e-03	-5.600476e+00
1.056000e-05	1.549741e-02	-5.640503e+00
1.057000e-05	-1.949906e-02	-5.653080e+00
1.058000e-05	-1.663058e-03	-5.717789e+00
1.059000e-05	2.806382e-04	-5.748921e+00
1.060000e-05	1.612709e-03	-5.759946e+00
1.061000e-05	-1.334182e-02	-5.810479e+00
1.062000e-05	-4.485531e-03	-5.881708e+00
1.063000e-05	9.403455e-03	-5.905341e+00
1.064000e-05	-1.007947e-02	-5.907842e+00
1.065000e-05	-3.756732e-03	-5.957397e+00
1.066000e-05	-1.699274e-03	-5.978421e+00
1.067000e-05	-6.013122e-03	-5.989922e+00
1.068000e-05	-3.695865e-03	-5.999500e+00
1.069000e-05	-2.308084e-03	-6.020501e+00
1.070000e-05	-2.059128e-03	-6.000582e+00
1.071000e-05	-7.602402e-03	-6.040103e+00
1.072000e-05	-4.348624e-03	-6.063158e+00
1.073000e-05	-2.624246e-04	-6.101660e+00
1.074000e-05	-5.887212e-03	-6.082763e+00
1.075000e-05	-6.920483e-03	-6.103662e+00
1.076000e-05	-1.141480e-03	-6.083237e+00
1.077000e-05	-3.349230e-03	-6.093739e+00
1.078000e-05	-5.086228e-03	-6.123314e+00
1.079000e-05	-5.344004e-03	-6.142188e+00
1.080000e-05	-1.354817e-03	-6.136216e+00
1.081000e-05	-4.511949e-03	-6.135188e+00
1.082000e-05	-5.520205e-03	-6.085163e+00
1.083000e-05	-2.197775e-03	-6.134682e+00
1.084000e-05	-4.174050e-03	-6.072661e+00
1.085000e-05	-4.204663e-03	-6.093103e+00
1.086000e-05	-5.516374e-03	-6.051579e+00
1.087000e-05	-3.579134e-03	-6.031004e+00
1.088000e-05	-3.454392e-03	-6.020554e+00
1.089000e-05	-3.798988e-03	-6.000500e+00
1.090000e-05	-3.482101e-03	-5.978478e+00
1.091000e-05	-5.037987e-03	-5.988975e+00
1.092000e-05	-3.247157e-03	-5.958447e+00
1.093000e-05	-4.225463e-03	-5.966293e+00
1.094000e-05	-5.057567e-03	-5.863697e+00
1.095000e-05	-4.946364e-03	-5.863055e+00
1.096000e-05	-2.345345e-03	-5.831025e+00
1.097000e-05	-3.702537e-03	-5.749496e+00
1.098000e-05	-4.923179e-03	-5.756818e+00
1.099000e-05	-4.049862e-03	-5.673714e+00
1.100000e-05	-3.409674e-03	-5.632056e+00
1.101000e-05	-5.124655e-03	-5.580005e+00
1.102000e-05	-5.168467e-03	-5.568475e+00
1.103000e-05	-3.507192e-03	-5.515896e+00
1.104000e-05	-3.845792e-03	-5.494288e+00
1.105000e-05	-4.648276e-03	-5.348402e+00
1.106000e-05	-4.200141e-03	-5.272643e+00
1.107000e-05	-3.749737e-03	-5.231000e+00
1.108000e-05	-4.351931e-03	-5.168351e+00
1.109000e-05	-3.887559e-03	-5.093794e+00
1.110000e-05	-3.078181e-03	-5.002056e+00
1.111000e-05	-4.163179e-03	-4.957021e+00
1.112000e-05	-3.915177e-03	-4.884514e+00
1.113000e-05	-3.904187e-03	-4.763926e+00
1.114000e-05	-4.429047e-03	-4.634190e+00
1.115000e-05	-5.038047e-03	-4.652100e+00
1.116000e-05	-2.703809e-03	-4.587379e+00
1.117000e-05	-2.767914e-03	-4.514616e+00
1.118000e-05	-4.863080e-03	-4.421556e+00
1.119000e-05	-4.918707e-03	-4.368972e+00
1.120000e-05	-3.077934e-03	-4.295742e+00
1.121000e-05	-2.624909e-03	-4.230559e+00
1.122000e-05	-5.152817e-03	-4.128299e+00
1.123000e-05	-4.084464e-03	-4.032735e+00
1.124000e-05	-3.426979e-03	-3.970502e+00
1.125000e-05	-4.883366e-03	-3.946243e+00
1.126000e-05	-5.235120e-03	-3.819504e+00
1.127000e-05	-3.642714e-03	-3.653159e+00
1.128000e-05	-3.983749e-03	-3.589978e+00
1.129000e-05	-5.036382e-03	-3.546770e+00
1.130000e-05	-4.771408e-03	-3.418029e+00
1.131000e-05	-5.004261e-03	-3.325871e+00
1.132000e-05	-4.871356e-03	-3.201000e+00
1.133000e-05	-5.133473e-03	-3.156377e+00
1.134000e-05	-3.165896e-03	-3.061610e+00
1.135000e-05	-5.741439e-03	-2.892743e+00
1.136000e-05	-4.953318e-03	-2.769001e+00
1.137000e-05	-5.227850e-03	-2.715792e+00
1.138000e-05	-3.147585e-03	-2.610105e+00
1.139000e-05	-4.429402e-03	-2.505241e+00
1.140000e-05	-4.001628e-03	-2.390025e+00
1.141000e-05	-4.500651e-03	-2.367392e+00
1.142000e-05	-4.431682e-03	-2.298981e+00
1.143000e-05	-5.236679e-03	-2.052610e+00
1.144000e-05	-5.132559e-03	-1.988950e+00
1.145000e-05	-4.899888e-03	-1.884667e+00
1.146000e-05	-3.815041e-03	-1.776376e+00
1.147000e-05	-3.358010e-03	-1.644114e+00
1.148000e-05	-3.624607e-03	-1.568501e+00
1.149000e-05	-4.268561e-03	-1.492788e+00
1.150000e-05	-4.061679e-03	-1.274767e+00
1.151000e-05	-4.084480e-03	-1.156951e+00
1.152000e-05	-4.301472e-03	-1.070188e+00
1.153000e-05	-4.385639e-03	-9.543960e-01
1.154000e-05	-5.121747e-03	-8.216589e-01
1.155000e-05	-3.510135e-03	-7.489461e-01
1.156000e-05	-4.589365e-03	-6.190835e-01
1.157000e-05	-4.043474e-03	-4.521641e-01
1.158000e-05	-3.704461e-03	-3.768975e-01
1.159000e-05	-3.421313e-03	-2.406115e-01
1.160000e-05	-4.174804e-03	-1.573472e-01
1.161000e-05	-3.131406e-03	-6.317883e-02
1.162000e-05	-1.268372e-03	1.102764e-02
1.163000e-05	-2.784534e-04	1.783644e-01
1.164000e-05	-3.320070e-03	3.446823e-01
1.165000e-05	-1.575696e-03	3.900012e-01
1.166000e-05	-2.816060e-03	5.132532e-01
1.167000e-05	-1.526149e-03	5.989936e-01
1.168000e-05	-2.724497e-03	6.776607e-01
1.169000e-05	5.283231e-03	7.994236e-01
1.170000e-05	3.205170e-02	8.837545e-01
1.171000e-05	3.875156e-02	1.086278e+00
1.172000e-05	-3.806256e-02	1.252630e+00
1.173000e-05	-7.589640e-02	1.355914e+00
1.174000e-05	-5.980540e-02	1.420029e+00
1.175000e-05	1.398340e-01	1.529865e+00
1.176000e-05	-1.012181e-02	1.747786e+00
1.177000e-05	-1.137854e-01	1.778895e+00
1.178000e-05	7.414079e-02	1.830129e+00
1.179000e-05	4.013276e-02	2.000944e+00
1.180000e-05	-1.427622e-01	2.072664e+00
1.181000e-05	5.740515e-02	2.106765e+00
1.182000e-05	1.076002e-01	2.235628e+00
1.183000e-05	-1.568470e-01	2.398975e+00
1.184000e-05	3.931466e-02	2.430602e+00
1.185000e-05	9.354166e-02	2.559939e+00
1.186000e-05	-1.053825e-01	2.746758e+00
1.187000e-05	8.772641e-04	2.810551e+00
1.188000e-05	7.331617e-02	2.925760e+00
1.189000e-05	-7.735734e-02	3.030570e+00
1.190000e-05	2.050855e-02	3.133707e+00
1.191000e-05	2.379692e-02	3.209473e+00
1.192000e-05	-3.245170e-02	3.254184e+00
1.193000e-05	4.041570e-02	3.400393e+00
1.194000e-05	-2.186007e-02	3.536386e+00
1.195000e-05	-4.589850e-02	3.599977e+00
1.196000e-05	4.942745e-02	3.693758e+00
1.197000e-05	2.000410e-02	3.780451e+00
1.198000e-05	-5.995703e-02	3.863658e+00
1.199000e-05	2.370464e-02	3.948867e+00
1.200000e-05	6.479807e-03	4.009953e+00
1.201000e-05	-8.949357e-03	4.094662e+00
1.202000e-05	-1.377783e-02	4.229522e+00
1.203000e-05	2.342832e-03	4.367365e+00
1.204000e-05	2.192092e-02	4.389978e+00
1.205000e-05	-1.257496e-02	4.483157e+00
1.206000e-05	-2.217101e-02	4.536844e+00
1.207000e-05	-1.525988e-03	4.641577e+00
1.208000e-05	3.183327e-02	4.724734e+00
1.209000e-05	-2.301378e-02	4.758869e+00
1.210000e-05	-1.808856e-02	4.811026e+00
1.211000e-05	2.059729e-02	4.853706e+00
1.212000e-05	1.223712e-02	5.017453e+00
1.213000e-05	-2.941709e-02	5.125839e+00
1.214000e-05	-4.571975e-03	5.210475e+00
1.215000e-05	2.150160e-02	5.271582e+00
1.216000e-05	-8.636417e-03	5.327236e+00
1.217000e-05	-1.188024e-02	5.407966e+00
1.218000e-05	-8.762036e-04	5.432575e+00
1.219000e-05	1.340479e-02	5.464736e+00
1.220000e-05	-1.354253e-02	5.565840e+00
1.221000e-05	-4.862633e-03	5.599972e+00
1.222000e-05	6.885681e-03	5.610524e+00
1.223000e-05	-1.058535e-03	5.653652e+00
1.224000e-05	-8.642684e-03	5.693683e+00
1.225000e-05	4.944599e-04	5.736845e+00
1.226000e-05	6.093420e-03	5.882575e+00
1.227000e-05	-9.146413e-03	5.865687e+00
1.228000e-05	-3.571761e-03	5.956887e+00
1.229000e-05	2.460556e-03	5.950471e+00
1.230000e-05	1.803372e-03	6.019500e+00
1.231000e-05	-4.511363e-03	6.030475e+00
1.232000e-05	-9.586052e-05	6.031050e+00
1.233000e-05	-1.765454e-03	6.042554e+00
1.234000e-05	-5.151367e-03	6.053159e+00
1.235000e-05	5.380986e-04	6.083711e+00
1.236000e-05	2.345005e-03	6.105764e+00
1.237000e-05	-1.423375e-03	6.136237e+00
1.238000e-05	-6.322695e-03	6.164320e+00
1.239000e-05	3.868564e-04	6.186873e+00
1.240000e-05	-7.952714e-06	6.158370e+00
1.241000e-05	-3.477159e-03	6.187470e+00
1.242000e-05	-1.097634e-03	6.178914e+00
1.243000e-05	-5.914920e-04	6.197894e+00
1.244000e-05	-5.182522e-04	6.189469e+00
1.245000e-05	-3.760440e-03	6.199424e+00
1.246000e-05	1.350079e-03	6.197973e+00
1.247000e-05	-3.325651e-03	6.147924e+00
1.248000e-05	-1.546699e-03	6.168950e+00
1.249000e-05	-2.578076e-03	6.196398e+00
1.250000e-05	-8.667686e-04	6.167872e+00
1.251000e-05	-1.888657e-03	6.166920e+00
1.252000e-05	-2.831472e-03	6.143816e+00
1.253000e-05	-5.732673e-04	6.143190e+00
1.254000e-05	-2.356518e-03	6.133740e+00
1.255000e-05	-4.085305e-04	6.051108e+00
1.256000e-05	-2.780713e-03	6.051080e+00
1.257000e-05	-1.088732e-03	6.030508e+00
1.258000e-05	-2.981355e-03	6.029979e+00
1.259000e-05	-9.547451e-04	5.988999e+00
1.260000e-05	-3.102822e-03	5.977948e+00
1.261000e-05	-2.942878e-03	5.944323e+00
1.262000e-05	-2.048749e-03	5.851979e+00
1.263000e-05	-7.943240e-04	5.798404e+00
1.264000e-05	-2.408885e-03	5.713139e+00
1.265000e-05	-3.330532e-03	5.651588e+00
1.266000e-05	-1.723776e-03	5.642005e+00
1.267000e-05	-1.700930e-03	5.599972e+00
1.268000e-05	-2.189968e-03	5.558375e+00
1.269000e-05	-2.734162e-03	5.524741e+00
1.270000e-05	-2.227620e-03	5.483063e+00
1.271000e-05	-2.299286e-03	5.428949e+00
1.272000e-05	-3.612324e-03	5.357921e+00
1.273000e-05	-1.379308e-03	5.325242e+00
1.274000e-05	-3.453189e-03	5.220559e+00
1.275000e-05	-1.209711e-03	5.187396e+00
1.276000e-05	-3.269063e-03	5.093092e+00
1.277000e-05	-9.316539e-05	4.985896e+00
1.278000e-05	-3.733162e-03	4.861567e+00
1.279000e-05	-1.615555e-03	4.789524e+00
1.280000e-05	-3.132212e-03	4.765317e+00
1.281000e-05	-2.925617e-03	4.682581e+00
1.282000e-05	-3.715558e-03	4.580451e+00
1.283000e-05	-1.936620e-03	4.575293e+00
1.284000e-05	-2.715072e-03	4.431658e+00
1.285000e-05	-2.977307e-03	4.389001e+00
1.286000e-05	-1.798815e-03	4.358445e+00
1.287000e-05	-8.920018e-04	4.229455e+00
1.288000e-05	-3.921341e-03	4.090791e+00
1.289000e-05	-4.217694e-03	4.009002e+00
1.290000e-05	-1.178349e-03	3.965343e+00
1.291000e-05	-1.519719e-03	3.861610e+00
1.292000e-05	-3.457390e-03	3.776900e+00
1.293000e-05	-3.055905e-03	3.681235e+00
1.294000e-05	-1.434125e-03	3.570028e+00
1.295000e-05	-2.063622e-03	3.514372e+00
1.296000e-05	-3.723863e-03	3.380023e+00
1.297000e-05	-2.544522e-03	3.282690e+00
1.298000e-05	-1.141129e-03	3.189424e+00
1.299000e-05	-3.189453e-03	3.105763e+00
1.300000e-05	-3.717396e-03	3.028480e+00
1.301000e-05	-2.434926e-03	2.934738e+00
1.302000e-05	-2.297125e-03	2.840079e+00
1.303000e-05	-3.672930e-03	2.745892e+00
1.304000e-05	-2.640826e-03	2.652706e+00
1.305000e-05	-2.552480e-03	2.503110e+00
1.306000e-05	-2.280667e-03	2.388399e+00
1.307000e-05	-3.429081e-03	2.313213e+00
1.308000e-05	-3.351815e-03	2.207451e+00
1.309000e-05	-3.092466e-03	2.063612e+00
1.310000e-05	-3.057893e-03	2.009000e+00
1.311000e-05	-2.423191e-03	1.894718e+00
1.312000e-05	-3.239581e-03	1.776901e+00
1.313000e-05	-2.593404e-03	1.652634e+00
1.314000e-05	-3.332933e-03	1.584799e+00
1.315000e-05	-2.589605e-03	1.430076e+00
1.316000e-05	-3.604197e-03	1.324839e+00
1.317000e-05	-3.393566e-03	1.218455e+00
1.318000e-05	-3.243388e-03	1.071712e+00
1.319000e-05	-3.357522e-03	8.736645e-01
1.320000e-05	-4.175296e-03	8.384549e-01
1.321000e-05	-3.893990e-03	6.836669e-01
1.322000e-05	-3.138362e-03	6.174525e-01
1.323000e-05	-4.349600e-03	4.826092e-01
1.324000e-05	-3.204158e-03	3.799988e-01
1.325000e-05	-4.187209e-03	2.630641e-01
1.326000e-05	-2.801133e-03	1.032168e-01
1.327000e-05	-2.885453e-03	9.377437e-03
1.328000e-05	-1.206561e-03	-9.573566e-02
1.329000e-05	4.203404e-04	-1.805214e-01
1.330000e-05	-8.428506e-04	-2.962883e-01
1.331000e-05	-2.149130e-03	-4.004724e-01
1.332000e-05	-2.840545e-03	-4.646032e-01
1.333000e-05	-2.880676e-03	-5.916203e-01
1.334000e-05	-2.001827e-03	-7.089373e-01
1.335000e-05	1.566450e-02	-7.915540e-01
1.336000e-05	5.733213e-02	-9.272105e-01
1.337000e-05	-1.715995e-02	-1.074683e+00
1.338000e-05	-6.902052e-02	-1.288280e+00
1.339000e-05	-8.914995e-02	-1.452506e+00
1.340000e-05	1.201744e-01	-1.412403e+00
1.341000e-05	2.731950e-02	-1.515761e+00
1.342000e-05	-1.162539e-01	-1.696807e+00
1.343000e-05	-1.470247e-02	-1.800996e+00
1.344000e-05	1.158816e-01	-1.810026e+00
1.345000e-05	-2.025056e-01	-1.940940e+00
1.346000e-05	-3.124089e-02	-2.073603e+00
1.347000e-05	1.805646e-01	-2.137366e+00
1.348000e-05	-9.438015e-02	-2.286733e+00
1.349000e-05	-8.787794e-02	-2.431499e+00
1.350000e-05	1.686326e-01	-2.455208e+00
1.351000e-05	-1.018190e-01	-2.632550e+00
1.352000e-05	-6.094393e-02	-2.777943e+00
1.353000e-05	1.125131e-01	-2.770050e+00
1.354000e-05	-6.860815e-02	-2.867762e+00
1.355000e-05	-4.973771e-03	-3.085688e+00
1.356000e-05	5.890881e-02	-3.137916e+00
1.357000e-05	-8.261192e-02	-3.265233e+00
1.358000e-05	5.076072e-02	-3.387372e+00
1.359000e-05	4.508482e-02	-3.421053e+00
1.360000e-05	-1.419258e-01	-3.577392e+00
1.361000e-05	9.530198e-02	-3.599974e+00
1.362000e-05	2.917045e-02	-3.674633e+00
1.363000e-05	-9.686771e-02	-3.844178e+00
1.364000e-05	5.588871e-02	-3.949862e+00
1.365000e-05	6.254148e-03	-4.010000e+00
1.366000e-05	-2.524909e-02	-4.095261e+00
1.367000e-05	-5.766718e-03	-4.188343e+00
1.368000e-05	-2.506087e-02	-4.253599e+00
1.369000e-05	6.178590e-02	-4.297364e+00
1.370000e-05	-1.180396e-02	-4.369521e+00
1.371000e-05	-6.762255e-02	-4.432054e+00
1.372000e-05	3.354333e-02	-4.517737e+00
1.373000e-05	2.355695e-02	-4.601473e+00
1.374000e-05	-2.143923e-02	-4.704189e+00
1.375000e-05	-2.611558e-02	-4.738889e+00
1.376000e-05	1.230027e-02	-4.864578e+00
1.377000e-05	4.136633e-02	-4.944713e+00
1.378000e-05	-6.029569e-02	-4.980024e+00
1.379000e-05	-5.259657e-03	-5.042103e+00
1.380000e-05	3.831809e-02	-5.127286e+00
1.381000e-05	-1.709654e-02	-5.157900e+00
1.382000e-05	-1.938337e-02	-5.200604e+00
1.383000e-05	-4.648565e-03	-5.297211e+00
1.384000e-05	2.520760e-02	-5.402524e+00
1.385000e-05	-1.026355e-02	-5.547689e+00
1.386000e-05	-2.883745e-02	-5.559396e+00
1.387000e-05	1.795919e-02	-5.590001e+00
1.388000e-05	4.306599e-03	-5.611026e+00
1.389000e-05	-1.933251e-02	-5.683184e+00
1.390000e-05	1.146158e-04	-5.745787e+00
1.391000e-05	2.325298e-03	-5.780397e+00
1.392000e-05	-2.111691e-03	-5.759000e+00
1.393000e-05	-1.505698e-02	-5.821003e+00
1.394000e-05	5.391070e-04	-5.883604e+00
1.395000e-05	6.397434e-03	-5.896315e+00
1.396000e-05	-1.267340e-02	-5.946815e+00
1.397000e-05	-5.768603e-04	-5.978396e+00
1.398000e-05	-3.858376e-03	-5.979974e+00
1.399000e-05	-6.802499e-03	-5.989974e+00
1.400000e-05	-3.355561e-03	-6.000503e+00
1.401000e-05	-2.392926e-03	-6.021000e+00
1.402000e-05	-2.195959e-03	-6.030530e+00
1.403000e-05	-8.751672e-03	-6.071058e+00
1.404000e-05	-4.944608e-04	-6.053130e+00
1.405000e-05	-1.262984e-03	-6.054655e+00
1.406000e-05	-7.924862e-03	-6.063212e+00
1.407000e-05	-5.755030e-03	-6.114111e+00
1.408000e-05	-3.564553e-04	-6.096212e+00
1.409000e-05	-3.249244e-03	-6.086238e+00
1.410000e-05	-6.086937e-03	-6.105191e+00
1.411000e-05	-3.757068e-03	-6.093287e+00
1.412000e-05	-3.180091e-03	-6.137743e+00
1.413000e-05	-4.238528e-03	-6.104192e+00
1.414000e-05	-4.813594e-03	-6.106239e+00
1.415000e-05	-2.205879e-03	-6.103158e+00
1.416000e-05	-4.079248e-03	-6.102610e+00
1.417000e-05	-4.692026e-03	-6.072038e+00
1.418000e-05	-4.246603e-03	-6.070533e+00
1.419000e-05	-3.499687e-03	-6.020525e+00
1.420000e-05	-3.654295e-03	-6.011003e+00
1.421000e-05	-3.995800e-03	-6.021000e+00
1.422000e-05	-3.577531e-03	-5.989476e+00
1.423000e-05	-4.589027e-03	-5.988974e+00
1.424000e-05	-2.669532e-03	-5.947345e+00
1.425000e-05	-4.245570e-03	-5.925189e+00
1.426000e-05	-5.266563e-03	-5.893761e+00
1.427000e-05	-4.298921e-03	-5.830137e+00
1.428000e-05	-2.198485e-03	-5.820976e+00
1.429000e-05	-3.531598e-03	-5.729397e+00
1.430000e-05	-6.036902e-03	-5.775240e+00
1.431000e-05	-3.669344e-03	-5.671587e+00
1.432000e-05	-4.035249e-03	-5.620603e+00
1.433000e-05	-3.660393e-03	-5.610477e+00
1.434000e-05	-4.179543e-03	-5.579423e+00
1.435000e-05	-2.510183e-03	-5.536368e+00
1.436000e-05	-5.750437e-03	-5.452485e+00
1.437000e-05	-5.027065e-03	-5.367370e+00
1.438000e-05	-2.820732e-03	-5.252707e+00
1.439000e-05	-3.772048e-03	-5.221030e+00
1.440000e-05	-3.947090e-03	-5.157316e+00
1.441000e-05	-3.668631e-03	-5.103088e+00
1.442000e-05	-2.969831e-03	-4.980930e+00
1.443000e-05	-5.617062e-03	-4.947825e+00
1.444000e-05	-4.700287e-03	-4.880083e+00
1.445000e-05	-3.074433e-03	-4.737342e+00
1.446000e-05	-4.250413e-03	-4.692084e+00
1.447000e-05	-4.737314e-03	-4.612029e+00
1.448000e-05	-2.893997e-03	-4.546516e+00
1.449000e-05	-3.259223e-03	-4.513214e+00
1.450000e-05	-5.282671e-03	-4.430553e+00
1.451000e-05	-5.176837e-03	-4.327846e+00
1.452000e-05	-3.438730e-03	-4.293733e+00
1.453000e-05	-3.916129e-03	-4.179951e+00
1.454000e-05	-5.613271e-03	-4.155816e+00
1.455000e-05	-3.220198e-03	-4.051034e+00
1.456000e-05	-3.305021e-03	-3.988924e+00
1.457000e-05	-5.292283e-03	-3.935215e+00
1.458000e-05	-5.824081e-03	-3.756797e+00
1.459000e-05	-4.153994e-03	-3.651185e+00
1.460000e-05	-3.736750e-03	-3.607422e+00
1.461000e-05	-5.057783e-03	-3.513236e+00
1.462000e-05	-4.160139e-03	-3.398950e+00
1.463000e-05	-4.427720e-03	-3.302739e+00
1.464000e-05	-5.110990e-03	-3.170548e+00
1.465000e-05	-5.080818e-03	-3.135822e+00
1.466000e-05	-3.233624e-03	-3.019955e+00
1.467000e-05	-5.698256e-03	-2.852213e+00
1.468000e-05	-4.308944e-03	-2.769421e+00
1.469000e-05	-6.382419e-03	-2.712688e+00
1.470000e-05	-3.005858e-03	-2.588978e+00
1.471000e-05	-6.150902e-03	-2.492141e+00
1.472000e-05	-1.663526e-03	-2.410528e+00
1.473000e-05	-4.448913e-03	-2.344815e+00
1.474000e-05	-3.783223e-03	-2.146854e+00
1.475000e-05	-5.246644e-03	-2.040581e+00
1.476000e-05	-5.332148e-03	-1.987847e+00
1.477000e-05	-4.803410e-03	-1.872635e+00
1.478000e-05	-5.075518e-03	-1.767895e+00
1.479000e-05	-3.338644e-03	-1.651659e+00
1.480000e-05	-3.699198e-03	-1.577373e+00
1.481000e-05	-4.199561e-03	-1.360011e+00
1.482000e-05	-3.746543e-03	-1.285163e+00
1.483000e-05	-3.393234e-03	-1.136395e+00
1.484000e-05	-4.231029e-03	-1.042006e+00
1.485000e-05	-4.444850e-03	-9.056679e-01
1.486000e-05	-5.626674e-03	-8.311026e-01
1.487000e-05	-4.219719e-03	-7.157969e-01
1.488000e-05	-5.024017e-03	-5.472772e-01
1.489000e-05	-2.962649e-03	-4.311327e-01
1.490000e-05	-3.079885e-03	-3.563447e-01
1.491000e-05	-3.814145e-03	-2.315290e-01
1.492000e-05	-3.848749e-03	-1.157707e-01
1.493000e-05	-2.614229e-03	-1.057875e-02
1.494000e-05	-9.670517e-05	5.420415e-02
1.495000e-05	-1.011890e-03	2.001646e-01
1.496000e-05	-3.081633e-03	3.267373e-01
1.497000e-05	-1.469730e-03	3.606014e-01
1.498000e-05	-3.333882e-03	5.062581e-01
1.499000e-05	-2.144059e-03	6.409776e-01
1.500000e-05	-1.074065e-03	7.462834e-01
1.501000e-05	1.022170e-02	8.300225e-01
1.502000e-05	4.082636e-02	8.473370e-01
1.503000e-05	2.098625e-02	1.158333e+00
1.504000e-05	-5.193492e-02	1.304282e+00
1.505000e-05	-8.639031e-02	1.379447e+00
1.506000e-05	-8.096346e-03	1.431128e+00
1.507000e-05	1.377410e-01	1.592398e+00
1.508000e-05	-5.723767e-02	1.767419e+00
1.509000e-05	-1.055361e-01	1.798022e+00
1.510000e-05	1.348935e-01	1.894656e+00
1.511000e-05	-4.880865e-02	2.021999e+00
1.512000e-05	-9.828934e-02	2.122641e+00
1.513000e-05	1.015709e-01	2.188414e+00
1.514000e-05	4.367432e-02	2.275756e+00
1.515000e-05	-1.542415e-01	2.430449e+00
1.516000e-05	1.009042e-01	2.453106e+00
1.517000e-05	3.535382e-02	2.644098e+00
1.518000e-05	-1.107960e-01	2.798916e+00
1.519000e-05	4.787257e-02	2.822551e+00
1.520000e-05	2.973434e-02	2.937787e+00
1.521000e-05	-6.966610e-02	3.011028e+00
1.522000e-05	4.136307e-02	3.157341e+00
1.523000e-05	4.333634e-03	3.190049e+00
1.524000e-05	-2.916877e-02	3.267231e+00
1.525000e-05	5.307911e-02	3.459572e+00
1.526000e-05	-5.881800e-02	3.578393e+00
1.527000e-05	-1.352064e-02	3.660003e+00
1.528000e-05	5.383865e-02	3.726286e+00
1.529000e-05	-8.399572e-03	3.850574e+00
1.530000e-05	-4.486873e-02	3.885333e+00
1.531000e-05	2.841339e-02	3.987891e+00
1.532000e-05	4.758715e-03	4.001053e+00
1.533000e-05	-1.919074e-02	4.113711e+00
1.534000e-05	-3.614289e-03	4.232673e+00
1.535000e-05	2.398304e-03	4.367816e+00
1.536000e-05	2.533829e-02	4.420554e+00
1.537000e-05	-2.503109e-02	4.463683e+00
1.538000e-05	-1.706070e-02	4.569419e+00
1.539000e-05	1.138583e-02	4.633575e+00
1.540000e-05	2.226729e-02	4.686260e+00
1.541000e-05	-2.985290e-02	4.779447e+00
1.542000e-05	-1.079212e-02	4.860554e+00
1.543000e-05	3.043331e-02	4.969259e+00
1.544000e-05	-6.363402e-03	5.102950e+00
1.545000e-05	-2.418156e-02	5.157865e+00
1.546000e-05	1.502433e-03	5.189474e+00
1.547000e-05	2.055082e-02	5.274632e+00
1.548000e-05	-1.553605e-02	5.367316e+00
1.549000e-05	-8.502906e-03	5.397901e+00
1.550000e-05	5.635090e-03	5.452632e+00
1.551000e-05	6.936106e-03	5.524283e+00
1.552000e-05	-1.325518e-02	5.567267e+00
1.553000e-05	-2.626016e-03	5.619922e+00
1.554000e-05	9.366207e-03	5.640554e+00
1.555000e-05	-6.840217e-03	5.673105e+00
1.556000e-05	-5.163044e-03	5.695762e+00
1.557000e-05	1.590411e-03	5.809067e+00
1.558000e-05	3.339963e-03	5.844109e+00
1.559000e-05	-9.621262e-03	5.916734e+00
1.560000e-05	-1.184480e-03	5.978371e+00
1.561000e-05	3.662311e-03	5.979425e+00
1.562000e-05	-2.710237e-03	6.010950e+00
1.563000e-05	-2.118589e-03	6.009976e+00
1.564000e-05	-1.456253e-04	6.060578e+00
1.565000e-05	-1.940620e-03	6.052632e+00
1.566000e-05	-6.697671e-03	6.041581e+00
1.567000e-05	2.974986e-03	6.133755e+00
1.568000e-05	1.322189e-03	6.153260e+00
1.569000e-05	-3.616543e-03	6.125717e+00
1.570000e-05	-5.334501e-03	6.167770e+00
1.571000e-05	1.108020e-03	6.147375e+00
1.572000e-05	1.245260e-03	6.159425e+00
1.573000e-05	-5.212477e-03	6.177369e+00
1.574000e-05	-1.025499e-03	6.185971e+00
1.575000e-05	-1.492081e-03	6.219399e+00
1.576000e-05	-2.730652e-05	6.188474e+00
1.577000e-05	-2.861224e-03	6.188396e+00
1.578000e-05	-2.517908e-04	6.188449e+00
1.579000e-05	-3.226000e-03	6.219449e+00
1.580000e-05	-2.182955e-03	6.218421e+00
1.581000e-05	-1.686669e-03	6.197474e+00
1.582000e-05	-2.302735e-03	6.186295e+00
1.583000e-05	-1.176358e-03	6.147869e+00
1.584000e-05	-2.747582e-03	6.135321e+00
1.585000e-05	-1.247622e-03	6.125763e+00
1.586000e-05	-3.210240e-03	6.043692e+00
1.587000e-05	-1.499745e-03	6.053653e+00
1.588000e-05	-2.934377e-03	6.050560e+00
1.589000e-05	-2.242394e-03	6.061004e+00
1.590000e-05	-2.324474e-03	6.009500e+00
1.591000e-05	-7.852999e-04	5.979420e+00
1.592000e-05	-2.553968e-03	5.967347e+00
1.593000e-05	-3.215835e-03	5.943713e+00
1.594000e-05	-1.263806e-03	5.881189e+00
1.595000e-05	-2.260183e-03	5.828352e+00
1.596000e-05	-2.431804e-03	5.695662e+00
1.597000e-05	-3.163843e-03	5.652035e+00
1.598000e-05	-1.649558e-03	5.630027e+00
1.599000e-05	-2.902542e-03	5.599475e+00
1.600000e-05	-4.159075e-03	5.568319e+00
1.601000e-05	-1.486481e-03	5.514236e+00
1.602000e-05	-2.697093e-03	5.450608e+00
1.603000e-05	-1.729881e-03	5.368451e+00
1.604000e-05	-3.084314e-03	5.354274e+00
1.605000e-05	-2.019244e-03	5.274209e+00
1.606000e-05	-3.597151e-03	5.218556e+00
1.607000e-05	-1.207790e-03	5.166823e+00
1.608000e-05	-1.787168e-03	5.050635e+00
1.609000e-05	-1.630907e-03	4.903369e+00
1.610000e-05	-3.126130e-03	4.820530e+00
1.611000e-05	-3.185765e-03	4.807976e+00
1.612000e-05	-1.821833e-03	4.694741e+00
1.613000e-05	-3.656869e-03	4.610556e+00
1.614000e-05	-2.099887e-03	4.589424e+00
1.615000e-05	-1.205055e-03	4.494239e+00
1.616000e-05	-2.026116e-03	4.421053e+00
1.617000e-05	-3.332161e-03	4.397974e+00
1.618000e-05	-1.852277e-03	4.314292e+00
1.619000e-05	-1.591475e-03	4.179952e+00
1.620000e-05	-3.687707e-03	4.091660e+00
1.621000e-05	-3.653980e-03	3.998429e+00
1.622000e-05	-1.600457e-03	3.915242e+00
1.623000e-05	-1.729708e-03	3.851032e+00
1.624000e-05	-3.868056e-03	3.755922e+00
1.625000e-05	-3.431220e-03	3.652609e+00
1.626000e-05	-1.402361e-03	3.569499e+00
1.627000e-05	-3.688341e-03	3.544338e+00
1.628000e-05	-3.258440e-03	3.377031e+00
1.629000e-05	-2.226476e-03	3.260084e+00
1.630000e-05	-1.436026e-03	3.156347e+00
1.631000e-05	-3.492920e-03	3.102664e+00
1.632000e-05	-2.810374e-03	2.998000e+00
1.633000e-05	-2.867595e-03	2.903713e+00
1.634000e-05	-2.729369e-03	2.800001e+00
1.635000e-05	-3.173173e-03	2.745341e+00
1.636000e-05	-3.014957e-03	2.607909e+00
1.637000e-05	-2.887728e-03	2.470559e+00
1.638000e-05	-3.374898e-03	2.367321e+00
1.639000e-05	-3.058254e-03	2.281088e+00
1.640000e-05	-3.241140e-03	2.166376e+00
1.641000e-05	-3.433886e-03	2.052660e+00
1.642000e-05	-3.382819e-03	1.986900e+00
1.643000e-05	-1.956133e-03	1.894164e+00
1.644000e-05	-3.442607e-03	1.733300e+00
1.645000e-05	-3.670199e-03	1.633485e+00
1.646000e-05	-4.028654e-03	1.513291e+00
1.647000e-05	-2.757844e-03	1.408004e+00
1.648000e-05	-3.692184e-03	1.282183e+00
1.649000e-05	-3.676108e-03	1.157446e+00
1.650000e-05	-3.438623e-03	1.000033e+00
1.651000e-05	-3.542772e-03	8.326116e-01
1.652000e-05	-3.494345e-03	7.879724e-01
1.653000e-05	-3.872559e-03	6.206367e-01
1.654000e-05	-3.733974e-03	5.657260e-01
1.655000e-05	-3.558024e-03	4.610853e-01
1.656000e-05	-3.683561e-03	3.678697e-01
1.657000e-05	-3.874801e-03	2.380049e-01
1.658000e-05	-2.603236e-03	8.119021e-02
1.659000e-05	-2.964842e-03	-1.107639e-02
1.660000e-05	3.052812e-04	-1.473621e-01
1.661000e-05	-7.099063e-04	-2.215265e-01
1.662000e-05	-2.239673e-03	-3.288895e-01
1.663000e-05	-1.984711e-03	-4.000015e-01
1.664000e-05	-2.205490e-03	-4.548018e-01
1.665000e-05	-2.094866e-03	-6.930941e-01
1.666000e-05	-4.131325e-04	-7.684462e-01
1.667000e-05	2.658738e-02	-8.430778e-01
1.668000e-05	5.488912e-02	-9.688662e-01
1.669000e-05	-4.724225e-02	-1.149337e+00
1.670000e-05	-7.241751e-02	-1.350916e+00
1.671000e-05	-6.993931e-02	-1.471683e+00
1.672000e-05	1.580245e-01	-1.381000e+00
1.673000e-05	-3.323542e-02	-1.540913e+00
1.674000e-05	-1.221794e-01	-1.728812e+00
1.675000e-05	8.484958e-02	-1.839501e+00
1.676000e-05	3.470113e-02	-1.822104e+00
1.677000e-05	-1.964414e-01	-2.000968e+00
1.678000e-05	4.061914e-02	-2.117210e+00
1.679000e-05	1.487413e-01	-2.149394e+00
1.680000e-05	-1.534981e-01	-2.348420e+00
1.681000e-05	-6.431892e-04	-2.450709e+00
1.682000e-05	1.287662e-01	-2.537736e+00
1.683000e-05	-1.421948e-01	-2.684754e+00
1.684000e-05	-1.169582e-03	-2.768946e+00
1.685000e-05	1.008758e-01	-2.812075e+00
1.686000e-05	-1.070513e-01	-2.930420e+00
1.687000e-05	5.495211e-02	-3.105587e+00
1.688000e-05	8.021768e-03	-3.211423e+00
1.689000e-05	-6.761353e-02	-3.297257e+00
1.690000e-05	8.821964e-02	-3.407926e+00
1.691000e-05	-2.410901e-02	-3.463629e+00
1.692000e-05	-1.017616e-01	-3.558891e+00
1.693000e-05	1.230895e-01	-3.590075e+00
1.694000e-05	-2.495912e-02	-3.707786e+00
1.695000e-05	-6.922497e-02	-3.864675e+00
1.696000e-05	7.058828e-02	-3.968922e+00
1.697000e-05	-2.273357e-02	-4.001578e+00
1.698000e-05	-1.139464e-02	-4.138286e+00
1.699000e-05	-1.652749e-02	-4.148418e+00
1.700000e-05	-1.065964e-02	-4.263655e+00
1.701000e-05	7.121293e-02	-4.337869e+00
1.702000e-05	-4.807645e-02	-4.389975e+00
1.703000e-05	-4.379201e-02	-4.422650e+00
1.704000e-05	4.046967e-02	-4.558345e+00
1.705000e-05	1.127942e-02	-4.653050e+00
1.706000e-05	-2.378221e-02	-4.694737e+00
1.707000e-05	-2.518613e-02	-4.749915e+00
1.708000e-05	3.048096e-02	-4.873155e+00
1.709000e-05	1.851249e-02	-4.925813e+00
1.710000e-05	-6.149975e-02	-5.000551e+00
1.711000e-05	1.622287e-02	-5.043105e+00
1.712000e-05	2.849857e-02	-5.116865e+00
1.713000e-05	-2.580067e-02	-5.190446e+00
1.714000e-05	-1.454555e-02	-5.222582e+00
1.715000e-05	-4.644523e-04	-5.298841e+00
1.716000e-05	2.615515e-02	-5.463597e+00
1.717000e-05	-2.534796e-02	-5.496611e+00
1.718000e-05	-2.033436e-02	-5.589950e+00
1.719000e-05	2.161949e-02	-5.600024e+00
1.720000e-05	-7.043046e-03	-5.642529e+00
1.721000e-05	-1.182746e-02	-5.694636e+00
1.722000e-05	-2.712061e-05	-5.729287e+00
1.723000e-05	3.594813e-03	-5.747871e+00
1.724000e-05	-7.418527e-03	-5.789524e+00
1.725000e-05	-1.453935e-02	-5.853102e+00
1.726000e-05	5.509259e-03	-5.845132e+00
1.727000e-05	5.614363e-04	-5.945311e+00
1.728000e-05	-1.093762e-02	-5.938417e+00
1.729000e-05	1.483332e-03	-5.978371e+00
1.730000e-05	-5.188244e-03	-5.999471e+00
1.731000e-05	-6.145030e-03	-5.999474e+00
1.732000e-05	-2.875184e-03	-6.000501e+00
1.733000e-05	-2.801900e-03	-6.011578e+00
1.734000e-05	-3.103336e-03	-6.031533e+00
1.735000e-05	-8.448824e-03	-6.062109e+00
1.736000e-05	9.590292e-04	-6.064607e+00
1.737000e-05	-3.536862e-03	-6.063660e+00
1.738000e-05	-8.947618e-03	-6.102158e+00
1.739000e-05	-2.422079e-03	-6.125737e+00
1.740000e-05	-1.191930e-03	-6.114363e+00
1.741000e-05	-3.990379e-03	-6.113737e+00
1.742000e-05	-6.756824e-03	-6.126312e+00
1.743000e-05	-1.925287e-03	-6.127237e+00
1.744000e-05	-4.387193e-03	-6.105739e+00
1.745000e-05	-5.200410e-03	-6.082583e+00
1.746000e-05	-3.954105e-03	-6.064192e+00
1.747000e-05	-1.766357e-03	-6.123212e+00
1.748000e-05	-4.062511e-03	-6.043237e+00
1.749000e-05	-4.153643e-03	-6.052608e+00
1.750000e-05	-3.444701e-03	-6.021655e+00
1.751000e-05	-3.574059e-03	-6.030529e+00
1.752000e-05	-3.642658e-03	-5.999976e+00
1.753000e-05	-4.440863e-03	-6.040551e+00
1.754000e-05	-4.019824e-03	-6.009949e+00
1.755000e-05	-3.960413e-03	-5.969397e+00
1.756000e-05	-3.324682e-03	-5.946871e+00
1.757000e-05	-4.365974e-03	-5.894790e+00
1.758000e-05	-5.611887e-03	-5.873612e+00
1.759000e-05	-2.772579e-03	-5.802112e+00
1.760000e-05	-3.102993e-03	-5.769955e+00
1.761000e-05	-4.348292e-03	-5.747371e+00
1.762000e-05	-5.051608e-03	-5.724693e+00
1.763000e-05	-2.893146e-03	-5.652609e+00
1.764000e-05	-4.446110e-03	-5.630060e+00
1.765000e-05	-4.429054e-03	-5.598501e+00
1.766000e-05	-3.848933e-03	-5.557871e+00
1.767000e-05	-3.318760e-03	-5.525714e+00
1.768000e-05	-4.930579e-03	-5.369983e+00
1.769000e-05	-4.507279e-03	-5.325872e+00
1.770000e-05	-4.180284e-03	-5.292610e+00
1.771000e-05	-4.722569e-03	-5.179429e+00
1.772000e-05	-5.252875e-03	-5.126292e+00
1.773000e-05	-3.084745e-03	-5.062257e+00
1.774000e-05	-4.109599e-03	-5.009027e+00
1.775000e-05	-5.033389e-03	-4.985373e+00
1.776000e-05	-4.279536e-03	-4.802450e+00
1.777000e-05	-3.398922e-03	-4.746669e+00
1.778000e-05	-4.982751e-03	-4.682712e+00
1.779000e-05	-5.021357e-03	-4.549448e+00
1.780000e-05	-3.277360e-03	-4.535844e+00
1.781000e-05	-4.326125e-03	-4.452134e+00
1.782000e-05	-5.390189e-03	-4.390448e+00
1.783000e-05	-4.270365e-03	-4.356872e+00
1.784000e-05	-2.552607e-03	-4.241587e+00
1.785000e-05	-5.036962e-03	-4.208970e+00
1.786000e-05	-5.251330e-03	-4.094795e+00
1.787000e-05	-3.653449e-03	-4.012104e+00
1.788000e-05	-3.504361e-03	-3.988921e+00
1.789000e-05	-5.773373e-03	-3.873663e+00
1.790000e-05	-4.790520e-03	-3.735813e+00
1.791000e-05	-3.974730e-03	-3.611058e+00
1.792000e-05	-4.441970e-03	-3.556897e+00
1.793000e-05	-5.026797e-03	-3.492560e+00
1.794000e-05	-4.264053e-03	-3.368451e+00
1.795000e-05	-4.409153e-03	-3.283711e+00
1.796000e-05	-6.147911e-03	-3.199476e+00
1.797000e-05	-3.294189e-03	-3.114242e+00
1.798000e-05	-3.583855e-03	-2.957850e+00
1.799000e-05	-4.759462e-03	-2.840609e+00
1.800000e-05	-4.476430e-03	-2.767900e+00
1.801000e-05	-4.478408e-03	-2.703114e+00
1.802000e-05	-4.450955e-03	-2.546898e+00
1.803000e-05	-4.611013e-03	-2.463133e+00
1.804000e-05	-3.851788e-03	-2.398976e+00
1.805000e-05	-3.200034e-03	-2.293268e+00
1.806000e-05	-6.457425e-03	-2.144221e+00
1.807000e-05	-3.936278e-03	-2.020583e+00
1.808000e-05	-6.216873e-03	-1.956321e+00
1.809000e-05	-2.199709e-03	-1.811585e+00
1.810000e-05	-5.134588e-03	-1.725317e+00
1.811000e-05	-2.043651e-03	-1.600506e+00
1.812000e-05	-4.770166e-03	-1.565822e+00
1.813000e-05	-3.104810e-03	-1.356004e+00
1.814000e-05	-5.219828e-03	-1.219505e+00
1.815000e-05	-3.323883e-03	-1.144796e+00
1.816000e-05	-5.235615e-03	-1.018905e+00
1.817000e-05	-3.540564e-03	-9.142178e-01
1.818000e-05	-5.026446e-03	-7.894787e-01
1.819000e-05	-3.095463e-03	-6.632668e-01
1.820000e-05	-3.981287e-03	-5.152956e-01
1.821000e-05	-2.948667e-03	-4.095326e-01
1.822000e-05	-4.254210e-03	-3.167447e-01
1.823000e-05	-4.406566e-03	-1.890024e-01
1.824000e-05	-2.419279e-03	-9.516553e-02
1.825000e-05	-2.161124e-03	-5.630298e-05
1.826000e-05	-1.054022e-03	8.362921e-02
1.827000e-05	-2.084376e-03	2.421466e-01
1.828000e-05	-1.845476e-03	3.798974e-01
1.829000e-05	-1.811449e-03	4.325251e-01
1.830000e-05	-2.927852e-03	5.288636e-01
1.831000e-05	-2.442656e-03	6.236491e-01
1.832000e-05	1.247923e-03	7.579408e-01
1.833000e-05	1.604612e-02	8.201002e-01
1.834000e-05	4.595586e-02	9.599385e-01
1.835000e-05	-9.322646e-04	1.140440e+00
1.836000e-05	-6.234934e-02	1.295760e+00
1.837000e-05	-9.510364e-02	1.380950e+00
1.838000e-05	5.359776e-02	1.434707e+00
1.839000e-05	1.039413e-01	1.677174e+00
1.840000e-05	-8.595057e-02	1.786844e+00
1.841000e-05	-7.679654e-02	1.759443e+00
1.842000e-05	1.525464e-01	1.888285e+00
1.843000e-05	-1.231411e-01	2.042100e+00
1.844000e-05	-4.303502e-02	2.114739e+00
1.845000e-05	1.309967e-01	2.180519e+00
1.846000e-05	-3.737970e-02	2.337339e+00
1.847000e-05	-1.072823e-01	2.401549e+00
1.848000e-05	1.327546e-01	2.485679e+00
1.849000e-05	-2.574628e-02	2.672548e+00
1.850000e-05	-9.032688e-02	2.780372e+00
1.851000e-05	8.164259e-02	2.834103e+00
1.852000e-05	-1.864095e-02	2.969442e+00
1.853000e-05	-4.509331e-02	3.043658e+00
1.854000e-05	4.464339e-02	3.147839e+00
1.855000e-05	-1.278028e-02	3.211526e+00
1.856000e-05	-1.130976e-02	3.346810e+00
1.857000e-05	4.378734e-02	3.453679e+00
1.858000e-05	-7.789729e-02	3.589996e+00
1.859000e-05	1.615318e-02	3.641126e+00
1.860000e-05	4.983199e-02	3.727838e+00
1.861000e-05	-3.586898e-02	3.832525e+00
1.862000e-05	-1.916710e-02	3.936241e+00
1.863000e-05	2.127178e-02	4.020448e+00
1.864000e-05	1.452421e-03	4.023128e+00
1.865000e-05	-2.332689e-02	4.106662e+00
1.866000e-05	4.243201e-03	4.284701e+00
1.867000e-05	5.875892e-03	4.379971e+00
1.868000e-05	1.850425e-02	4.442005e+00
1.869000e-05	-2.898059e-02	4.495734e+00
1.870000e-05	-1.320863e-02	4.580494e+00
1.871000e-05	2.398924e-02	4.633081e+00
1.872000e-05	7.252681e-03	4.717812e+00
1.873000e-05	-2.940801e-02	4.809001e+00
1.874000e-05	-1.955819e-03	4.832580e+00
1.875000e-05	3.218596e-02	4.958767e+00
1.876000e-05	-1.966836e-02	5.123652e+00
1.877000e-05	-1.730722e-02	5.158442e+00
1.878000e-05	8.771358e-03	5.241475e+00
1.879000e-05	1.384965e-02	5.305187e+00
1.880000e-05	-1.777150e-02	5.347867e+00
1.881000e-05	-5.820338e-03	5.430524e+00
1.882000e-05	1.140857e-02	5.444108e+00
1.883000e-05	-1.351079e-03	5.555467e+00
1.884000e-05	-1.100837e-02	5.568442e+00
1.885000e-05	-1.649273e-04	5.620055e+00
1.886000e-05	9.211554e-03	5.641028e+00
1.887000e-05	-1.076560e-02	5.703109e+00
1.888000e-05	-3.194976e-03	5.746237e+00
1.889000e-05	4.163363e-03	5.799473e+00
1.890000e-05	3.830082e-04	5.903104e+00
1.891000e-05	-9.886857e-03	5.905163e+00
1.892000e-05	-1.019008e-03	5.996895e+00
1.893000e-05	5.075405e-03	5.999973e+00
1.894000e-05	-5.191854e-03	6.000527e+00
1.895000e-05	-6.401554e-04	6.021550e+00
1.896000e-05	-1.303834e-03	6.070102e+00
1.897000e-05	-1.761754e-03	6.053604e+00
1.898000e-05	-4.658449e-03	6.073659e+00
1.899000e-05	3.472542e-03	6.123163e+00
1.900000e-05	-3.668683e-04	6.104791e+00
1.901000e-05	-6.330546e-03	6.176295e+00
1.902000e-05	-2.664677e-03	6.116840e+00
1.903000e-05	9.294693e-04	6.178419e+00
1.904000e-05	-6.512141e-04	6.169895e+00
1.905000e-05	-5.424824e-03	6.178421e+00
1.906000e-05	6.686631e-04	6.198870e+00
1.907000e-05	-2.692201e-03	6.199975e+00
1.908000e-05	-2.574409e-03	6.188418e+00
1.909000e-05	-2.714049e-03	6.208994e+00
1.910000e-05	-8.215103e-04	6.228020e+00
1.911000e-05	-2.121225e-03	6.178449e+00
1.912000e-05	-3.753512e-03	6.165319e+00
1.913000e-05	-1.682193e-03	6.186922e+00
1.914000e-05	-2.773228e-03	6.147319e+00
1.915000e-05	-7.746093e-04	6.154895e+00
1.916000e-05	-3.105639e-03	6.104813e+00
1.917000e-05	-2.150415e-03	6.071689e+00
1.918000e-05	-2.968824e-03	6.083235e+00
1.919000e-05	-9.645943e-04	6.041633e+00
1.920000e-05	-2.350298e-03	6.040026e+00
1.921000e-05	-2.977469e-03	6.000555e+00
1.922000e-05	-2.254492e-03	6.000000e+00
1.923000e-05	-1.513666e-03	5.989972e+00
1.924000e-05	-3.045151e-03	5.937821e+00
1.925000e-05	-3.207897e-03	5.934642e+00
1.926000e-05	-8.441729e-04	5.852484e+00
1.927000e-05	-1.553717e-03	5.815377e+00
1.928000e-05	-3.349253e-03	5.722241e+00
1.929000e-05	-2.098722e-03	5.611580e+00
1.930000e-05	-1.124664e-03	5.630026e+00
1.931000e-05	-2.022396e-03	5.588924e+00
1.932000e-05	-3.730989e-03	5.556314e+00
1.933000e-05	-1.520759e-03	5.473714e+00
1.934000e-05	-2.128185e-03	5.410004e+00
1.935000e-05	-1.506240e-03	5.369022e+00
1.936000e-05	-2.073519e-03	5.296816e+00
1.937000e-05	-2.807657e-03	5.282155e+00
1.938000e-05	-2.483112e-03	5.159025e+00
1.939000e-05	-2.876287e-03	5.125761e+00
1.940000e-05	-9.129229e-04	5.040508e+00
1.941000e-05	-3.812489e-03	4.933842e+00
1.942000e-05	-1.732442e-03	4.859551e+00
1.943000e-05	-2.905109e-03	4.764346e+00
1.944000e-05	-5.134521e-04	4.716186e+00
1.945000e-05	-3.778208e-03	4.680106e+00
1.946000e-05	-1.279625e-03	4.587798e+00
1.947000e-05	-1.480591e-03	4.462182e+00
1.948000e-05	-2.560312e-03	4.400500e+00
1.949000e-05	-3.655149e-03	4.377894e+00
1.950000e-05	-6.577425e-04	4.325187e+00
1.951000e-05	-2.419490e-03	4.184292e+00
1.952000e-05	-3.589220e-03	4.021659e+00
1.953000e-05	-3.301451e-03	3.978397e+00
1.954000e-05	-6.327511e-04	3.894137e+00
1.955000e-05	-2.531149e-03	3.819503e+00
1.956000e-05	-3.068745e-03	3.744192e+00
1.957000e-05	-2.406641e-03	3.641056e+00
1.958000e-05	-1.445660e-03	3.578948e+00
1.959000e-05	-3.874882e-03	3.484185e+00
1.960000e-05	-2.722195e-03	3.334821e+00
1.961000e-05	-1.923739e-03	3.200956e+00
1.962000e-05	-2.656405e-03	3.145823e+00
1.963000e-05	-3.557870e-03	3.061587e+00
1.964000e-05	-2.251458e-03	2.956795e+00
1.965000e-05	-2.456801e-03	2.862635e+00
1.966000e-05	-3.894083e-03	2.787477e+00
1.967000e-05	-3.659319e-03	2.694688e+00
1.968000e-05	-2.516077e-03	2.636920e+00
1.969000e-05	-2.752274e-03	2.409580e+00
1.970000e-05	-2.949098e-03	2.364793e+00
1.971000e-05	-2.554030e-03	2.211081e+00
1.972000e-05	-3.347404e-03	2.117293e+00
1.973000e-05	-3.634809e-03	2.031052e+00
1.974000e-05	-3.566107e-03	1.977826e+00
1.975000e-05	-3.857053e-03	1.860539e+00
1.976000e-05	-3.720187e-03	1.736191e+00
1.977000e-05	-3.260937e-03	1.639452e+00
1.978000e-05	-2.786818e-03	1.482167e+00
1.979000e-05	-3.327545e-03	1.386922e+00
1.980000e-05	-3.699625e-03	1.261060e+00
1.981000e-05	-3.036645e-03	1.143799e+00
1.982000e-05	-3.663515e-03	9.773519e-01
1.983000e-05	-4.056858e-03	8.210550e-01
1.984000e-05	-4.453496e-03	7.569698e-01
1.985000e-05	-3.639173e-03	6.300278e-01
1.986000e-05	-3.644823e-03	5.147459e-01
1.987000e-05	-3.807624e-03	4.100550e-01
1.988000e-05	-3.617689e-03	3.453209e-01
1.989000e-05	-3.257179e-03	1.798282e-01
1.990000e-05	-3.311741e-03	3.158126e-02
1.991000e-05	-1.816537e-03	-1.315021e-02
1.992000e-05	7.430698e-04	-1.379472e-01
1.993000e-05	-1.159170e-03	-2.536278e-01
1.994000e-05	-1.684676e-03	-3.379435e-01
1.995000e-05	-1.790955e-03	-4.315752e-01
1.996000e-05	-2.671574e-03	-5.475096e-01
1.997000e-05	-3.511218e-03	-7.137818e-01
1.998000e-05	3.315041e-03	-8.004237e-01
1.999000e-05	3.984986e-02	-8.447077e-01
2.000000e-05	3.990278e-02	-9.925961e-01
2.001000e-05	-6.244172e-02	-1.211569e+00
2.002000e-05	-7.934672e-02	-1.401550e+00
2.003000e-05	-1.998634e-02	-1.453184e+00
2.004000e-05	1.422049e-01	-1.453980e+00
2.005000e-05	-7.678775e-02	-1.581069e+00
2.006000e-05	-1.177470e-01	-1.790416e+00
2.007000e-05	1.493138e-01	-1.800503e+00
2.008000e-05	-6.012757e-02	-1.865707e+00
2.009000e-05	-1.555498e-01	-2.023074e+00
2.010000e-05	1.125750e-01	-2.056737e+00
2.011000e-05	8.011563e-02	-2.191419e+00
2.012000e-05	-1.729217e-01	-2.399368e+00
2.013000e-05	9.140254e-02	-2.435233e+00
2.014000e-05	5.497684e-02	-2.538417e+00
2.015000e-05	-1.405751e-01	-2.717236e+00
2.016000e-05	5.316034e-02	-2.789470e+00
2.017000e-05	5.533033e-02	-2.844529e+00
2.018000e-05	-1.050210e-01	-2.972472e+00
2.019000e-05	9.131564e-02	-3.116187e+00
2.020000e-05	-3.979860e-02	-3.191073e+00
2.021000e-05	-3.480987e-02	-3.326292e+00
2.022000e-05	1.040178e-01	-3.400424e+00
2.023000e-05	-9.255557e-02	-3.465757e+00
2.024000e-05	-3.452793e-02	-3.589997e+00
2.025000e-05	1.153400e-01	-3.600975e+00
2.026000e-05	-6.991084e-02	-3.758342e+00
2.027000e-05	-2.642227e-02	-3.895808e+00
2.028000e-05	6.241655e-02	-3.969471e+00
2.029000e-05	-3.582242e-02	-4.053105e+00
2.030000e-05	-1.909513e-03	-4.106388e+00
2.031000e-05	-2.627145e-02	-4.179423e+00
2.032000e-05	1.369916e-02	-4.245729e+00
2.033000e-05	5.735309e-02	-4.369466e+00
2.034000e-05	-7.386644e-02	-4.440974e+00
2.035000e-05	-1.383621e-02	-4.482578e+00
2.036000e-05	4.276508e-02	-4.559999e+00
2.037000e-05	-3.416594e-03	-4.670578e+00
2.038000e-05	-2.622879e-02	-4.684811e+00
2.039000e-05	-1.718477e-02	-4.800942e+00
2.040000e-05	4.597873e-02	-4.884283e+00
2.041000e-05	-1.397257e-02	-4.956397e+00
2.042000e-05	-5.241093e-02	-5.050600e+00
2.043000e-05	3.226468e-02	-5.072182e+00
2.044000e-05	1.522527e-02	-5.148816e+00
2.045000e-05	-2.949837e-02	-5.211001e+00
2.046000e-05	-1.003282e-02	-5.244107e+00
2.047000e-05	7.706057e-03	-5.389539e+00
2.048000e-05	1.890462e-02	-5.464229e+00
2.049000e-05	-3.398701e-02	-5.578368e+00
2.050000e-05	-6.810096e-03	-5.588925e+00
2.051000e-05	2.118336e-02	-5.621525e+00
2.052000e-05	-1.661332e-02	-5.652103e+00
2.053000e-05	-7.641618e-03	-5.704710e+00
2.054000e-05	-2.586261e-05	-5.757921e+00
2.055000e-05	3.047139e-03	-5.780000e+00
2.056000e-05	-1.082205e-02	-5.800603e+00
2.057000e-05	-1.083230e-02	-5.851129e+00
2.058000e-05	9.591801e-03	-5.915833e+00
2.059000e-05	-5.497115e-03	-5.916337e+00
2.060000e-05	-8.299487e-03	-5.929349e+00
2.061000e-05	-7.558208e-04	-5.967946e+00
2.062000e-05	-6.020906e-03	-5.998474e+00
2.063000e-05	-5.988851e-03	-5.989475e+00
2.064000e-05	-1.800356e-03	-6.001000e+00
2.065000e-05	-1.656442e-03	-6.031533e+00
2.066000e-05	-5.869473e-03	-6.043107e+00
2.067000e-05	-6.349804e-03	-6.063105e+00
2.068000e-05	1.319366e-03	-6.083609e+00
2.069000e-05	-4.871037e-03	-6.102709e+00
2.070000e-05	-8.080225e-03	-6.094182e+00
2.071000e-05	-1.779700e-03	-6.085193e+00
2.072000e-05	-2.387528e-03	-6.126241e+00
2.073000e-05	-4.082213e-03	-6.137243e+00
2.074000e-05	-6.045039e-03	-6.104265e+00
2.075000e-05	-1.745952e-03	-6.085741e+00
2.076000e-05	-4.382959e-03	-6.105267e+00
2.077000e-05	-4.746171e-03	-6.115189e+00
2.078000e-05	-2.621780e-03	-6.085708e+00
2.079000e-05	-3.002507e-03	-6.083688e+00
2.080000e-05	-3.734269e-03	-6.043559e+00
2.081000e-05	-4.562047e-03	-6.052058e+00
2.082000e-05	-3.597334e-03	-6.020530e+00
2.083000e-05	-3.401809e-03	-6.040055e+00
2.084000e-05	-3.703197e-03	-6.011028e+00
2.085000e-05	-4.394948e-03	-5.990024e+00
2.086000e-05	-4.155012e-03	-5.979949e+00
2.087000e-05	-3.492331e-03	-5.967898e+00
2.088000e-05	-3.194935e-03	-5.945393e+00
2.089000e-05	-4.741383e-03	-5.885762e+00
2.090000e-05	-5.493696e-03	-5.832109e+00
2.091000e-05	-2.414164e-03	-5.841037e+00
2.092000e-05	-2.548345e-03	-5.770500e+00
2.093000e-05	-4.140829e-03	-5.735771e+00
2.094000e-05	-5.335278e-03	-5.712691e+00
2.095000e-05	-3.620445e-03	-5.681679e+00
2.096000e-05	-3.902037e-03	-5.620451e+00
2.097000e-05	-4.236643e-03	-5.589450e+00
2.098000e-05	-4.308008e-03	-5.587845e+00
2.099000e-05	-3.969568e-03	-5.474139e+00
2.100000e-05	-4.354102e-03	-5.397475e+00
2.101000e-05	-4.096501e-03	-5.302637e+00
2.102000e-05	-3.494276e-03	-5.230480e+00
2.103000e-05	-5.482471e-03	-5.198351e+00
2.104000e-05	-4.425944e-03	-5.126821e+00
2.105000e-05	-3.962171e-03	-5.062132e+00
2.106000e-05	-4.047276e-03	-4.998327e+00
2.107000e-05	-4.923618e-03	-4.884218e+00
2.108000e-05	-3.686314e-03	-4.729606e+00
2.109000e-05	-3.924474e-03	-4.704685e+00
2.110000e-05	-5.531248e-03	-4.660584e+00
2.111000e-05	-4.394132e-03	-4.599426e+00
2.112000e-05	-3.248208e-03	-4.495216e+00
2.113000e-05	-4.347640e-03	-4.431683e+00
2.114000e-05	-6.172433e-03	-4.400975e+00
2.115000e-05	-4.282087e-03	-4.314871e+00
2.116000e-05	-3.584673e-03	-4.231582e+00
2.117000e-05	-5.027102e-03	-4.188873e+00
2.118000e-05	-4.891733e-03	-4.104189e+00
2.119000e-05	-2.556610e-03	-4.000553e+00
2.120000e-05	-4.426904e-03	-3.965370e+00
2.121000e-05	-6.055544e-03	-3.852031e+00
2.122000e-05	-4.177002e-03	-3.653261e+00
2.123000e-05	-3.170035e-03	-3.600530e+00
2.124000e-05	-4.834519e-03	-3.565271e+00
2.125000e-05	-4.825902e-03	-3.460657e+00
2.126000e-05	-4.368731e-03	-3.295323e+00
2.127000e-05	-3.920133e-03	-3.241087e+00
2.128000e-05	-5.561081e-03	-3.178501e+00
2.129000e-05	-3.485228e-03	-3.093115e+00
2.130000e-05	-5.282300e-03	-2.936771e+00
2.131000e-05	-4.018424e-03	-2.781552e+00
2.132000e-05	-4.725326e-03	-2.767321e+00
2.133000e-05	-4.007530e-03	-2.629158e+00
2.134000e-05	-4.524220e-03	-2.505694e+00
2.135000e-05	-4.132896e-03	-2.431610e+00
2.136000e-05	-3.885355e-03	-2.348426e+00
2.137000e-05	-3.786318e-03	-2.261062e+00
2.138000e-05	-5.259382e-03	-2.103165e+00
2.139000e-05	-4.197952e-03	-2.000526e+00
2.140000e-05	-4.193929e-03	-1.905768e+00
2.141000e-05	-3.157836e-03	-1.798377e+00
2.142000e-05	-4.634010e-03	-1.695191e+00
2.143000e-05	-2.673874e-03	-1.590002e+00
2.144000e-05	-3.928864e-03	-1.544296e+00
2.145000e-05	-3.842772e-03	-1.298780e+00
2.146000e-05	-4.118913e-03	-1.168901e+00
2.147000e-05	-3.125239e-03	-1.091690e+00
2.148000e-05	-4.540100e-03	-9.774511e-01
2.149000e-05	-4.229517e-03	-8.711367e-01
2.150000e-05	-4.210859e-03	-7.793973e-01
2.151000e-05	-3.909016e-03	-6.416078e-01
2.152000e-05	-3.307513e-03	-4.636907e-01
2.153000e-05	-3.638406e-03	-3.584999e-01
2.154000e-05	-3.746061e-03	-3.132392e-01
2.155000e-05	-4.254521e-03	-1.684797e-01
2.156000e-05	-2.573168e-03	-8.466439e-02
2.157000e-05	-1.332410e-03	-4.751250e-04
2.158000e-05	-5.065211e-04	1.163344e-01
2.159000e-05	-3.156195e-03	2.561280e-01
2.160000e-05	-2.184313e-03	3.899737e-01
2.161000e-05	-2.271545e-03	4.826031e-01
2.162000e-05	-2.076089e-03	5.583948e-01
2.163000e-05	-3.384778e-03	6.951529e-01
2.164000e-05	2.720554e-03	7.688964e-01
2.165000e-05	2.392678e-02	8.330764e-01
2.166000e-05	4.648001e-02	1.042496e+00
2.167000e-05	-2.153923e-02	1.221974e+00
2.168000e-05	-6.822382e-02	1.378363e+00
2.169000e-05	-8.788410e-02	1.431103e+00
2.170000e-05	1.049014e-01	1.536763e+00
2.171000e-05	4.852409e-02	1.674608e+00
2.172000e-05	-1.043191e-01	1.778444e+00
2.173000e-05	-9.134228e-03	1.801477e+00
2.174000e-05	1.082321e-01	1.957937e+00
2.175000e-05	-1.539746e-01	2.062629e+00
2.176000e-05	1.069772e-02	2.106363e+00
2.177000e-05	1.335354e-01	2.201574e+00
2.178000e-05	-1.091005e-01	2.369894e+00
2.179000e-05	-3.640433e-02	2.440525e+00
2.180000e-05	1.270515e-01	2.546812e+00
2.181000e-05	-7.491946e-02	2.703786e+00
2.182000e-05	-4.897031e-02	2.799447e+00
2.183000e-05	8.886278e-02	2.875628e+00
2.184000e-05	-5.658805e-02	2.989524e+00
2.185000e-05	-1.111550e-02	3.085707e+00
2.186000e-05	3.812220e-02	3.209920e+00
2.187000e-05	-2.514972e-02	3.233029e+00
2.188000e-05	1.550826e-02	3.368859e+00
2.189000e-05	1.379256e-02	3.514360e+00
2.190000e-05	-7.094022e-02	3.599449e+00
2.191000e-05	3.692862e-02	3.643129e+00
2.192000e-05	3.780262e-02	3.779919e+00
2.193000e-05	-5.538543e-02	3.891229e+00
2.194000e-05	6.356698e-03	3.957868e+00
2.195000e-05	1.215686e-02	4.010021e+00
2.196000e-05	-1.672195e-03	4.043583e+00
2.197000e-05	-2.174873e-02	4.169460e+00
2.198000e-05	5.850342e-03	4.316286e+00
2.199000e-05	1.340849e-02	4.390447e+00
2.200000e-05	4.293675e-03	4.452628e+00
2.201000e-05	-2.708568e-02	4.516285e+00
2.202000e-05	-7.378419e-03	4.621477e+00
2.203000e-05	3.110357e-02	4.674158e+00
2.204000e-05	-9.627361e-03	4.737416e+00
2.205000e-05	-2.447645e-02	4.789401e+00
2.206000e-05	9.094312e-03	4.881582e+00
2.207000e-05	2.650971e-02	5.049515e+00
2.208000e-05	-2.826854e-02	5.135783e+00
2.209000e-05	-1.163531e-02	5.200471e+00
2.210000e-05	1.515869e-02	5.262650e+00
2.211000e-05	3.721512e-03	5.335738e+00
2.212000e-05	-1.610260e-02	5.337819e+00
2.213000e-05	-4.301981e-03	5.441025e+00
2.214000e-05	1.456217e-02	5.463154e+00
2.215000e-05	-8.606662e-03	5.567838e+00
2.216000e-05	-7.964432e-03	5.588919e+00
2.217000e-05	2.373435e-03	5.610954e+00
2.218000e-05	5.071936e-03	5.660550e+00
2.219000e-05	-1.009156e-02	5.685737e+00
2.220000e-05	-1.018285e-03	5.777446e+00
2.221000e-05	5.397637e-03	5.868475e+00
2.222000e-05	-5.262121e-03	5.904234e+00
2.223000e-05	-6.458857e-03	5.945912e+00
2.224000e-05	2.651045e-04	5.968421e+00
2.225000e-05	4.369166e-03	5.989499e+00
2.226000e-05	-5.429246e-03	6.000525e+00
2.227000e-05	3.166361e-04	6.000550e+00
2.228000e-05	-2.314926e-03	6.062028e+00
2.229000e-05	-3.681603e-03	6.082155e+00
2.230000e-05	-1.187481e-03	6.064158e+00
2.231000e-05	1.379599e-03	6.133161e+00
2.232000e-05	-1.465987e-03	6.144711e+00
2.233000e-05	-7.468847e-03	6.147816e+00
2.234000e-05	-7.208291e-04	6.166343e+00
2.235000e-05	-1.723814e-04	6.165868e+00
2.236000e-05	-2.820129e-03	6.177372e+00
2.237000e-05	-3.287742e-03	6.217922e+00
2.238000e-05	1.152462e-03	6.208473e+00
2.239000e-05	-2.028688e-03	6.178923e+00
2.240000e-05	-4.145608e-03	6.208371e+00
2.241000e-05	-1.672039e-03	6.198473e+00
2.242000e-05	-2.515291e-03	6.188973e+00
2.243000e-05	-1.845675e-03	6.178896e+00
2.244000e-05	-2.635522e-03	6.157371e+00
2.245000e-05	-3.662710e-04	6.176369e+00
2.246000e-05	-2.849213e-03	6.136824e+00
2.247000e-05	-2.846681e-03	6.154767e+00
2.248000e-05	-2.839765e-03	6.104712e+00
2.249000e-05	-2.676288e-03	6.115659e+00
2.250000e-05	-1.738781e-03	6.062084e+00
2.251000e-05	-1.582672e-03	6.043106e+00
2.252000e-05	-1.769898e-03	6.020029e+00
2.253000e-05	-3.894072e-03	6.010550e+00
2.254000e-05	-1.272505e-03	5.988449e+00
2.255000e-05	-2.396732e-03	5.979866e+00
2.256000e-05	-1.559477e-03	5.964343e+00
2.257000e-05	-3.300335e-03	5.874234e+00
2.258000e-05	-1.896463e-03	5.892605e+00
2.259000e-05	-1.968225e-03	5.723970e+00
2.260000e-05	-2.014648e-03	5.683136e+00
2.261000e-05	-1.347520e-03	5.642084e+00
2.262000e-05	-1.671461e-03	5.618477e+00
2.263000e-05	-1.277009e-03	5.567922e+00
2.264000e-05	-2.267486e-03	5.514741e+00
2.265000e-05	-1.645461e-03	5.473208e+00
2.266000e-05	-2.846366e-03	5.440059e+00
2.267000e-05	-2.867544e-03	5.378395e+00
2.268000e-05	-4.402096e-04	5.344238e+00
2.269000e-05	-3.094882e-03	5.290608e+00
2.270000e-05	-1.508623e-03	5.159425e+00
2.271000e-05	-2.487770e-03	5.092786e+00
2.272000e-05	-2.835662e-04	4.976825e+00
2.273000e-05	-5.106599e-03	4.871689e+00
2.274000e-05	-2.109123e-03	4.838500e+00
2.275000e-05	-2.424264e-03	4.757819e+00
2.276000e-05	-3.462124e-04	4.695162e+00
2.277000e-05	-3.237795e-03	4.629531e+00
2.278000e-05	-1.798844e-03	4.546740e+00
2.279000e-05	-2.451352e-03	4.451632e+00
2.280000e-05	-2.418358e-03	4.419525e+00
2.281000e-05	-2.891379e-03	4.387898e+00
2.282000e-05	-1.013429e-03	4.222083e+00
2.283000e-05	-3.160528e-03	4.123717e+00
2.284000e-05	-3.660413e-03	4.039980e+00
2.285000e-05	-2.034891e-03	3.936822e+00
2.286000e-05	-1.084384e-03	3.912588e+00
2.287000e-05	-3.183004e-03	3.798000e+00
2.288000e-05	-3.461872e-03	3.724209e+00
2.289000e-05	-2.425675e-03	3.620026e+00
2.290000e-05	-1.453290e-03	3.566744e+00
2.291000e-05	-3.463608e-03	3.422082e+00
2.292000e-05	-2.750556e-03	3.303266e+00
2.293000e-05	-2.772004e-03	3.189027e+00
2.294000e-05	-2.678832e-03	3.124295e+00
2.295000e-05	-3.379108e-03	3.021030e+00
2.296000e-05	-2.786047e-03	2.934871e+00
2.297000e-05	-2.957781e-03	2.842605e+00
2.298000e-05	-3.615101e-03	2.758821e+00
2.299000e-05	-3.272818e-03	2.650078e+00
2.300000e-05	-2.770592e-03	2.531744e+00
2.301000e-05	-3.552895e-03	2.409001e+00
2.302000e-05	-4.059621e-03	2.333764e+00
2.303000e-05	-3.142980e-03	2.218975e+00
2.304000e-05	-3.241830e-03	2.074262e+00
2.305000e-05	-3.603574e-03	2.009502e+00
2.306000e-05	-3.396149e-03	1.945297e+00
2.307000e-05	-2.953642e-03	1.779980e+00
2.308000e-05	-4.193455e-03	1.712817e+00
2.309000e-05	-3.574861e-03	1.566851e+00
2.310000e-05	-3.342272e-03	1.422084e+00
2.311000e-05	-3.433271e-03	1.344848e+00
2.312000e-05	-4.379222e-03	1.200056e+00
2.313000e-05	-3.552846e-03	1.125240e+00
2.314000e-05	-3.588548e-03	9.252418e-01
2.315000e-05	-3.332898e-03	8.005263e-01
2.316000e-05	-4.884901e-03	7.448194e-01
2.317000e-05	-3.583396e-03	6.204986e-01
2.318000e-05	-3.267672e-03	4.911342e-01
2.319000e-05	-2.768734e-03	3.994274e-01
2.320000e-05	-3.299374e-03	3.133145e-01
2.321000e-05	-3.447583e-03	1.353484e-01
2.322000e-05	-3.384872e-03	1.002758e-02
2.323000e-05	-1.880585e-03	-8.518433e-02
2.324000e-05	-4.930476e-04	-1.889462e-01
2.325000e-05	-2.266532e-03	-3.042093e-01
2.326000e-05	-8.866843e-04	-3.899450e-01
2.327000e-05	-2.454865e-03	-4.441782e-01
2.328000e-05	2.747491e-04	-5.694961e-01
2.329000e-05	-1.715617e-03	-7.382608e-01
2.330000e-05	1.007382e-02	-7.905013e-01
2.331000e-05	5.052437e-02	-8.857079e-01
2.332000e-05	1.203394e-02	-1.042150e+00
2.333000e-05	-6.893073e-02	-1.245650e+00
2.334000e-05	-8.686084e-02	-1.412703e+00
2.335000e-05	5.391282e-02	-1.471139e+00
2.336000e-05	9.186001e-02	-1.424181e+00
2.337000e-05	-9.816180e-02	-1.623175e+00
2.338000e-05	-8.976492e-02	-1.819472e+00
2.339000e-05	1.643263e-01	-1.800501e+00
2.340000e-05	-1.528908e-01	-1.894858e+00
2.341000e-05	-9.459182e-02	-2.043204e+00
2.342000e-05	1.593209e-01	-2.066264e+00
2.343000e-05	-5.386204e-03	-2.243125e+00
2.344000e-05	-1.457357e-01	-2.421998e+00
2.345000e-05	1.512983e-01	-2.435183e+00
2.346000e-05	-2.716933e-02	-2.589999e+00
2.347000e-05	-1.088415e-01	-2.747867e+00
2.348000e-05	9.288884e-02	-2.800450e+00
2.349000e-05	-5.836022e-03	-2.883733e+00
2.350000e-05	-6.481084e-02	-3.054054e+00
2.351000e-05	8.789411e-02	-3.137313e+00
2.352000e-05	-7.289977e-02	-3.213702e+00
2.353000e-05	8.209816e-03	-3.358992e+00
2.354000e-05	8.520541e-02	-3.381526e+00
2.355000e-05	-1.351236e-01	-3.516288e+00
2.356000e-05	3.889955e-02	-3.569496e+00
2.357000e-05	7.873774e-02	-3.613553e+00
2.358000e-05	-9.529763e-02	-3.802040e+00
2.359000e-05	2.081082e-02	-3.937768e+00
2.360000e-05	3.699212e-02	-3.979948e+00
2.361000e-05	-3.621398e-02	-4.073683e+00
2.362000e-05	-1.247586e-04	-4.117368e+00
2.363000e-05	-2.890991e-02	-4.243029e+00
2.364000e-05	3.896882e-02	-4.295809e+00
2.365000e-05	2.596549e-02	-4.368921e+00
2.366000e-05	-7.637540e-02	-4.431578e+00
2.367000e-05	1.463702e-02	-4.483708e+00
2.368000e-05	3.369542e-02	-4.630545e+00
2.369000e-05	-1.533576e-02	-4.654233e+00
2.370000e-05	-2.534957e-02	-4.695263e+00
2.371000e-05	-6.005882e-03	-4.840020e+00
2.372000e-05	4.788171e-02	-4.925238e+00
2.373000e-05	-3.991656e-02	-4.948874e+00
2.374000e-05	-2.853829e-02	-5.011080e+00
2.375000e-05	3.777904e-02	-5.085281e+00
2.376000e-05	-3.074227e-03	-5.138919e+00
2.377000e-05	-2.525497e-02	-5.231553e+00
2.378000e-05	-7.844775e-03	-5.246128e+00
2.379000e-05	1.579138e-02	-5.371398e+00
2.380000e-05	5.065179e-03	-5.465811e+00
2.381000e-05	-3.310799e-02	-5.568345e+00
2.382000e-05	7.419058e-03	-5.599999e+00
2.383000e-05	1.386417e-02	-5.620026e+00
2.384000e-05	-2.063297e-02	-5.651632e+00
2.385000e-05	-1.122597e-03	-5.735367e+00
2.386000e-05	-1.335446e-05	-5.747470e+00
2.387000e-05	9.908849e-04	-5.789450e+00
2.388000e-05	-1.370079e-02	-5.822102e+00
2.389000e-05	-4.321090e-03	-5.914660e+00
2.390000e-05	8.786657e-03	-5.865715e+00
2.391000e-05	-1.072207e-02	-5.946342e+00
2.392000e-05	-2.912118e-03	-5.958896e+00
2.393000e-05	-2.118574e-03	-5.979949e+00
2.394000e-05	-6.928611e-03	-6.019976e+00
2.395000e-05	-4.826991e-03	-5.980475e+00
2.396000e-05	-8.197685e-04	-6.000001e+00
2.397000e-05	-1.259036e-03	-6.000529e+00
2.398000e-05	-7.239643e-03	-6.042104e+00
2.399000e-05	-4.386496e-03	-6.083084e+00
2.400000e-05	1.042013e-03	-6.063160e+00
2.401000e-05	-6.261079e-03	-6.093611e+00
2.402000e-05	-6.759761e-03	-6.074588e+00
2.403000e-05	-1.024458e-03	-6.085665e+00
2.404000e-05	-2.461289e-03	-6.104789e+00
2.405000e-05	-5.004210e-03	-6.123238e+00
2.406000e-05	-4.261216e-03	-6.155643e+00
2.407000e-05	-1.685787e-03	-6.146718e+00
2.408000e-05	-3.771494e-03	-6.087694e+00
2.409000e-05	-5.526772e-03	-6.113687e+00
2.410000e-05	-1.990886e-03	-6.084067e+00
2.411000e-05	-3.789385e-03	-6.083584e+00
2.412000e-05	-4.041958e-03	-6.063663e+00
2.413000e-05	-4.648220e-03	-6.033030e+00
2.414000e-05	-3.073743e-03	-6.031103e+00
2.415000e-05	-3.948982e-03	-5.999501e+00
2.416000e-05	-3.624922e-03	-5.990476e+00
2.417000e-05	-3.708167e-03	-6.000022e+00
2.418000e-05	-4.556843e-03	-5.969948e+00
2.419000e-05	-3.358318e-03	-5.927845e+00
2.420000e-05	-4.001975e-03	-5.925346e+00
2.421000e-05	-4.872454e-03	-5.914637e+00
2.422000e-05	-4.916792e-03	-5.843658e+00
2.423000e-05	-2.458142e-03	-5.810051e+00
2.424000e-05	-3.370698e-03	-5.799472e+00
2.425000e-05	-4.429381e-03	-5.745841e+00
2.426000e-05	-4.511516e-03	-5.683689e+00
2.427000e-05	-4.539949e-03	-5.660576e+00
2.428000e-05	-4.057299e-03	-5.581026e+00
2.429000e-05	-4.831076e-03	-5.569949e+00
2.430000e-05	-3.259898e-03	-5.525768e+00
2.431000e-05	-5.141695e-03	-5.483584e+00
2.432000e-05	-5.058280e-03	-5.355427e+00
2.433000e-05	-3.579975e-03	-5.293712e+00
2.434000e-05	-3.830240e-03	-5.262028e+00
2.435000e-05	-5.902904e-03	-5.137922e+00
2.436000e-05	-4.110778e-03	-5.124238e+00
2.437000e-05	-2.902371e-03	-5.030078e+00
2.438000e-05	-4.567203e-03	-4.968820e+00
2.439000e-05	-4.721929e-03	-4.864584e+00
2.440000e-05	-4.480173e-03	-4.735454e+00
2.441000e-05	-4.516099e-03	-4.683839e+00
2.442000e-05	-5.178069e-03	-4.660051e+00
2.443000e-05	-4.659988e-03	-4.567875e+00
2.444000e-05	-2.959170e-03	-4.524738e+00
2.445000e-05	-4.942307e-03	-4.421554e+00
2.446000e-05	-5.202681e-03	-4.378449e+00
2.447000e-05	-3.661885e-03	-4.295268e+00
2.448000e-05	-3.104347e-03	-4.220027e+00
2.449000e-05	-5.247884e-03	-4.165877e+00
2.450000e-05	-4.391000e-03	-4.052580e+00
2.451000e-05	-3.558347e-03	-3.999997e+00
2.452000e-05	-4.672059e-03	-3.936238e+00
2.453000e-05	-5.862788e-03	-3.828429e+00
2.454000e-05	-3.382510e-03	-3.642064e+00
2.455000e-05	-3.690493e-03	-3.620478e+00
2.456000e-05	-5.859105e-03	-3.525842e+00
2.457000e-05	-4.319917e-03	-3.412004e+00
2.458000e-05	-3.816554e-03	-3.334218e+00
2.459000e-05	-4.471652e-03	-3.231008e+00
2.460000e-05	-5.822958e-03	-3.158422e+00
2.461000e-05	-3.000204e-03	-3.021086e+00
2.462000e-05	-4.565120e-03	-2.924291e+00
2.463000e-05	-4.336712e-03	-2.800979e+00
2.464000e-05	-4.816500e-03	-2.734322e+00
2.465000e-05	-2.142118e-03	-2.640576e+00
2.466000e-05	-4.948090e-03	-2.494769e+00
2.467000e-05	-3.916247e-03	-2.451529e+00
2.468000e-05	-4.194046e-03	-2.336421e+00
2.469000e-05	-4.339515e-03	-2.230511e+00
2.470000e-05	-4.845437e-03	-2.013187e+00
2.471000e-05	-4.293510e-03	-1.979373e+00
2.472000e-05	-4.379100e-03	-1.882739e+00
2.473000e-05	-3.425937e-03	-1.749401e+00
2.474000e-05	-3.717973e-03	-1.611662e+00
2.475000e-05	-2.989848e-03	-1.598424e+00
2.476000e-05	-4.094308e-03	-1.421234e+00
2.477000e-05	-3.725063e-03	-1.323248e+00
2.478000e-05	-2.709661e-03	-1.169024e+00
2.479000e-05	-4.111664e-03	-1.063053e+00
2.480000e-05	-5.096399e-03	-9.562956e-01
2.481000e-05	-4.767390e-03	-8.221352e-01
2.482000e-05	-3.999333e-03	-7.672960e-01
2.483000e-05	-3.671756e-03	-6.190265e-01
2.484000e-05	-3.236912e-03	-4.721390e-01
2.485000e-05	-3.397199e-03	-3.563985e-01
2.486000e-05	-3.949985e-03	-2.336080e-01
2.487000e-05	-4.554814e-03	-2.005263e-01
2.488000e-05	-2.541816e-03	2.002507e-03
2.489000e-05	-1.087735e-03	4.207770e-02
2.490000e-05	4.596097e-05	1.878096e-01
2.491000e-05	-3.440970e-03	2.862608e-01
2.492000e-05	-1.410035e-03	4.004749e-01
2.493000e-05	-3.594056e-03	4.651854e-01
2.494000e-05	-1.993919e-03	6.209411e-01
2.495000e-05	-2.395541e-03	6.757819e-01
2.496000e-05	5.452113e-03	7.994475e-01
2.497000e-05	3.162642e-02	8.441054e-01
2.498000e-05	3.684058e-02	1.095180e+00
2.499000e-05	-3.911888e-02	1.282579e+00
2.500000e-05	-7.699032e-02	1.378415e+00
2.501000e-05	-5.571289e-02	1.410079e+00
2.502000e-05	1.346118e-01	1.539867e+00
2.503000e-05	-1.047630e-02	1.737266e+00
2.504000e-05	-1.102509e-01	1.787492e+00
2.505000e-05	7.184457e-02	1.824054e+00
2.506000e-05	3.435379e-02	1.988944e+00
2.507000e-05	-1.395270e-01	2.093159e+00
2.508000e-05	5.890025e-02	2.097286e+00
2.509000e-05	9.920736e-02	2.255204e+00
2.510000e-05	-1.506328e-01	2.409520e+00
2.511000e-05	3.920722e-02	2.413055e+00
2.512000e-05	8.793047e-02	2.580440e+00
2.513000e-05	-1.020676e-01	2.777863e+00
2.514000e-05	2.530704e-03	2.802025e+00
2.515000e-05	6.736789e-02	2.926810e+00
2.516000e-05	-7.344559e-02	3.023026e+00
2.517000e-05	2.223227e-02	3.146884e+00
2.518000e-05	2.231800e-02	3.179425e+00
2.519000e-05	-3.255627e-02	3.242603e+00
2.520000e-05	3.819154e-02	3.370395e+00
2.521000e-05	-2.111062e-02	3.568308e+00
2.522000e-05	-4.332290e-02	3.630525e+00
2.523000e-05	4.978392e-02	3.685661e+00
2.524000e-05	1.651258e-02	3.797943e+00
2.525000e-05	-5.715907e-02	3.894231e+00
2.526000e-05	2.401679e-02	3.989317e+00
2.527000e-05	6.054502e-03	4.000551e+00
2.528000e-05	-8.746118e-03	4.056653e+00
2.529000e-05	-1.267042e-02	4.271544e+00
2.530000e-05	3.653889e-03	4.328841e+00
2.531000e-05	2.073326e-02	4.409498e+00
2.532000e-05	-1.144784e-02	4.455107e+00
2.533000e-05	-2.164441e-02	4.546315e+00
2.534000e-05	-2.579377e-05	4.640501e+00
2.535000e-05	3.061848e-02	4.685214e+00
2.536000e-05	-2.276297e-02	4.757892e+00
2.537000e-05	-1.716068e-02	4.791576e+00
2.538000e-05	2.048806e-02	4.854737e+00
2.539000e-05	1.182561e-02	5.021121e+00
2.540000e-05	-2.849567e-02	5.156686e+00
2.541000e-05	-4.712645e-03	5.168525e+00
2.542000e-05	1.987345e-02	5.232004e+00
2.543000e-05	-6.902138e-03	5.355712e+00
2.544000e-05	-1.211496e-02	5.410470e+00
2.545000e-05	4.395069e-05	5.472001e+00
2.546000e-05	1.197087e-02	5.495757e+00
2.547000e-05	-1.338742e-02	5.586343e+00
2.548000e-05	-4.820228e-03	5.598926e+00
2.549000e-05	6.080581e-03	5.610029e+00
2.550000e-05	7.663625e-05	5.661555e+00
2.551000e-05	-7.822774e-03	5.715189e+00
2.552000e-05	-2.125729e-04	5.778342e+00
2.553000e-05	4.608615e-03	5.873504e+00
2.554000e-05	-9.005659e-03	5.884232e+00
2.555000e-05	-2.803645e-03	5.967841e+00
2.556000e-05	1.760491e-03	5.989447e+00
2.557000e-05	5.682085e-04	5.979474e+00
2.558000e-05	-5.088137e-03	6.019975e+00
2.559000e-05	1.223736e-04	6.030026e+00
2.560000e-05	-1.849892e-03	6.052032e+00
2.561000e-05	-6.036226e-03	6.072608e+00
2.562000e-05	5.838092e-04	6.073658e+00
2.563000e-05	1.228784e-03	6.124738e+00
2.564000e-05	-3.193605e-03	6.145817e+00
2.565000e-05	-6.674478e-03	6.146921e+00
2.566000e-05	1.103293e-03	6.136891e+00
2.567000e-05	-8.883209e-04	6.167344e+00
2.568000e-05	-3.817572e-03	6.157895e+00
2.569000e-05	-2.669123e-03	6.178896e+00
2.570000e-05	3.236880e-04	6.189449e+00
2.571000e-05	-1.295913e-03	6.159448e+00
2.572000e-05	-4.009678e-03	6.218423e+00
2.573000e-05	-8.355228e-04	6.179473e+00
2.574000e-05	-3.070156e-03	6.188522e+00
2.575000e-05	-1.734206e-03	6.178946e+00
2.576000e-05	-2.648539e-03	6.178420e+00
2.577000e-05	-2.910267e-04	6.148841e+00
2.578000e-05	-2.442983e-03	6.197848e+00
2.579000e-05	-3.717840e-03	6.124741e+00
2.580000e-05	-1.795949e-03	6.104686e+00
2.581000e-05	-2.719952e-03	6.103661e+00
2.582000e-05	-8.500515e-04	6.084585e+00
2.583000e-05	-3.172958e-03	6.010553e+00
2.584000e-05	-1.884209e-03	6.030029e+00
2.585000e-05	-2.258129e-03	6.030025e+00
2.586000e-05	-7.837230e-04	5.989949e+00
2.587000e-05	-2.581108e-03	5.988371e+00
2.588000e-05	-3.263550e-03	5.935265e+00
2.589000e-05	-1.979825e-03	5.872238e+00
2.590000e-05	-1.519207e-03	5.777371e+00
2.591000e-05	-1.824420e-03	5.756263e+00
2.592000e-05	-2.798905e-03	5.662583e+00
2.593000e-05	-1.360634e-03	5.640580e+00
2.594000e-05	-2.028045e-03	5.600450e+00
2.595000e-05	-2.436221e-03	5.536918e+00
2.596000e-05	-2.181199e-03	5.504216e+00
2.597000e-05	-1.956038e-03	5.482080e+00
2.598000e-05	-1.449582e-03	5.389004e+00
2.599000e-05	-2.701419e-03	5.366870e+00
2.600000e-05	-1.288478e-03	5.292713e+00
2.601000e-05	-2.797109e-03	5.250079e+00
2.602000e-05	-9.104068e-04	5.177347e+00
2.603000e-05	-2.463801e-03	5.061033e+00
2.604000e-05	-4.885627e-04	4.956822e+00
2.605000e-05	-3.555495e-03	4.901582e+00
2.606000e-05	-1.432274e-03	4.799449e+00
2.607000e-05	-2.987829e-03	4.725916e+00
2.608000e-05	-2.377625e-03	4.661110e+00
2.609000e-05	-3.102229e-03	4.549502e+00
2.610000e-05	-1.351460e-03	4.534841e+00
2.611000e-05	-3.161449e-03	4.441008e+00
2.612000e-05	-2.153039e-03	4.419474e+00
2.613000e-05	-1.270338e-03	4.335792e+00
2.614000e-05	-1.183772e-03	4.210008e+00
2.615000e-05	-3.870518e-03	4.092162e+00
2.616000e-05	-3.579194e-03	3.990503e+00
2.617000e-05	-1.925616e-03	3.945246e+00
2.618000e-05	-2.015873e-03	3.841058e+00
2.619000e-05	-3.956817e-03	3.767296e+00
2.620000e-05	-2.247343e-03	3.694159e+00
2.621000e-05	-2.117316e-03	3.590021e+00
2.622000e-05	-2.973466e-03	3.556767e+00
2.623000e-05	-3.359380e-03	3.418357e+00
2.624000e-05	-1.928992e-03	3.282186e+00
2.625000e-05	-2.135293e-03	3.169476e+00
2.626000e-05	-3.264611e-03	3.124736e+00
2.627000e-05	-2.848067e-03	3.020028e+00
2.628000e-05	-2.715631e-03	2.925692e+00
2.629000e-05	-3.372892e-03	2.830580e+00
2.630000e-05	-4.263584e-03	2.757297e+00
2.631000e-05	-2.552945e-03	2.672138e+00
2.632000e-05	-2.422978e-03	2.471686e+00
2.633000e-05	-3.375184e-03	2.377926e+00
2.634000e-05	-2.942456e-03	2.304684e+00
2.635000e-05	-2.837544e-03	2.188475e+00
2.636000e-05	-3.356810e-03	2.064137e+00
2.637000e-05	-3.679989e-03	1.988499e+00
2.638000e-05	-3.157605e-03	1.926273e+00
2.639000e-05	-2.855796e-03	1.785218e+00
2.640000e-05	-3.362371e-03	1.672238e+00
2.641000e-05	-3.969212e-03	1.596321e+00
2.642000e-05	-3.773246e-03	1.440030e+00
2.643000e-05	-3.690560e-03	1.314213e+00
2.644000e-05	-3.263972e-03	1.168533e+00
2.645000e-05	-3.226422e-03	1.081612e+00
2.646000e-05	-4.161612e-03	9.232629e-01
2.647000e-05	-3.679351e-03	7.894524e-01
2.648000e-05	-3.668945e-03	6.842379e-01
2.649000e-05	-3.677733e-03	5.479499e-01
2.650000e-05	-3.874200e-03	4.636865e-01
2.651000e-05	-3.063083e-03	3.989524e-01
2.652000e-05	-3.494920e-03	2.410679e-01
2.653000e-05	-2.760258e-03	9.326171e-02
2.654000e-05	-2.812380e-03	-5.974312e-04
2.655000e-05	2.059712e-04	-1.052857e-01
2.656000e-05	1.256425e-04	-2.095714e-01
2.657000e-05	-2.063161e-03	-3.067620e-01
2.658000e-05	-2.703558e-03	-3.694449e-01
2.659000e-05	-1.320382e-03	-4.632304e-01
2.660000e-05	-5.206281e-04	-5.714712e-01
2.661000e-05	-1.435906e-03	-7.488411e-01
2.662000e-05	1.639756e-02	-8.305477e-01
2.663000e-05	5.647051e-02	-9.063118e-01
2.664000e-05	-1.750727e-02	-1.056206e+00
2.665000e-05	-7.093686e-02	-1.347356e+00
2.666000e-05	-8.315451e-02	-1.463184e+00
2.667000e-05	1.161263e-01	-1.442052e+00
2.668000e-05	2.804378e-02	-1.516365e+00
2.669000e-05	-1.152662e-01	-1.677308e+00
2.670000e-05	-8.395888e-03	-1.800500e+00
2.671000e-05	1.094028e-01	-1.820575e+00
2.672000e-05	-1.974196e-01	-1.948939e+00
2.673000e-05	-2.654731e-02	-2.054737e+00
2.674000e-05	1.737803e-01	-2.108838e+00
2.675000e-05	-9.483270e-02	-2.297708e+00
2.676000e-05	-8.118744e-02	-2.441523e+00
2.677000e-05	1.615013e-01	-2.506288e+00
2.678000e-05	-9.923915e-02	-2.603576e+00
2.679000e-05	-5.587775e-02	-2.739445e+00
2.680000e-05	1.087586e-01	-2.801524e+00
2.681000e-05	-6.695144e-02	-2.937759e+00
2.682000e-05	-4.856674e-03	-3.103708e+00
2.683000e-05	5.653781e-02	-3.147919e+00
2.684000e-05	-8.007866e-02	-3.275187e+00
2.685000e-05	5.263602e-02	-3.348444e+00
2.686000e-05	4.035443e-02	-3.432130e+00
2.687000e-05	-1.367199e-01	-3.557367e+00
2.688000e-05	9.363994e-02	-3.600478e+00
2.689000e-05	2.642591e-02	-3.654732e+00
2.690000e-05	-9.360979e-02	-3.793630e+00
2.691000e-05	5.359989e-02	-3.966841e+00
2.692000e-05	4.876590e-03	-4.022103e+00
2.693000e-05	-2.404025e-02	-4.095786e+00
2.694000e-05	-5.713229e-03	-4.127916e+00
2.695000e-05	-2.434871e-02	-4.243182e+00
2.696000e-05	6.096233e-02	-4.317815e+00
2.697000e-05	-1.119644e-02	-4.379923e+00
2.698000e-05	-6.669570e-02	-4.441530e+00
2.699000e-05	3.149980e-02	-4.546290e+00
2.700000e-05	2.253739e-02	-4.653175e+00
2.701000e-05	-2.052674e-02	-4.704708e+00
2.702000e-05	-2.691085e-02	-4.717393e+00
2.703000e-05	1.221539e-02	-4.811052e+00
2.704000e-05	3.914733e-02	-4.858315e+00
2.705000e-05	-5.826738e-02	-4.999398e+00
2.706000e-05	-5.856202e-03	-5.061632e+00
2.707000e-05	3.736324e-02	-5.097266e+00
2.708000e-05	-1.709636e-02	-5.189445e+00
2.709000e-05	-1.968507e-02	-5.241028e+00
2.710000e-05	-4.560264e-03	-5.316291e+00
2.711000e-05	2.393294e-02	-5.464997e+00
2.712000e-05	-1.138149e-02	-5.485810e+00
2.713000e-05	-2.833530e-02	-5.598971e+00
2.714000e-05	1.695813e-02	-5.589000e+00
2.715000e-05	4.219892e-03	-5.631124e+00
2.716000e-05	-1.863730e-02	-5.694204e+00
2.717000e-05	7.085182e-04	-5.708343e+00
2.718000e-05	2.588033e-03	-5.737395e+00
2.719000e-05	-2.300162e-03	-5.809450e+00
2.720000e-05	-1.510349e-02	-5.812054e+00
2.721000e-05	6.644007e-04	-5.882734e+00
2.722000e-05	7.120170e-03	-5.863266e+00
2.723000e-05	-1.310527e-02	-5.957370e+00
2.724000e-05	5.685189e-05	-5.938467e+00
2.725000e-05	-3.340479e-03	-5.988974e+00
2.726000e-05	-5.182059e-03	-5.979996e+00
2.727000e-05	-3.463822e-03	-5.989977e+00
2.728000e-05	-2.358016e-03	-6.020550e+00
2.729000e-05	-1.811039e-03	-6.031558e+00
2.730000e-05	-8.746540e-03	-6.072053e+00
2.731000e-05	-1.297492e-03	-6.062707e+00
2.732000e-05	-1.006552e-03	-6.084139e+00
2.733000e-05	-7.019150e-03	-6.083185e+00
2.734000e-05	-4.245178e-03	-6.062638e+00
2.735000e-05	-1.762307e-04	-6.094767e+00
2.736000e-05	-2.612243e-03	-6.096762e+00
2.737000e-05	-6.508315e-03	-6.096792e+00
2.738000e-05	-3.235353e-03	-6.114665e+00
2.739000e-05	-2.315246e-03	-6.104768e+00
2.740000e-05	-4.593342e-03	-6.084666e+00
2.741000e-05	-4.381066e-03	-6.074719e+00
2.742000e-05	-1.735817e-03	-6.084161e+00
2.743000e-05	-3.707759e-03	-6.093582e+00
2.744000e-05	-4.263252e-03	-6.062110e+00
2.745000e-05	-4.400789e-03	-6.032580e+00
2.746000e-05	-3.385109e-03	-6.031504e+00
2.747000e-05	-3.193656e-03	-6.009526e+00
2.748000e-05	-4.021744e-03	-6.010552e+00
2.749000e-05	-3.718285e-03	-5.999475e+00
2.750000e-05	-4.840344e-03	-5.947400e+00
2.751000e-05	-2.593640e-03	-5.996345e+00
2.752000e-05	-4.416924e-03	-5.905745e+00
2.753000e-05	-4.773799e-03	-5.904188e+00
2.754000e-05	-4.694855e-03	-5.821552e+00
2.755000e-05	-2.277593e-03	-5.800475e+00
2.756000e-05	-4.523691e-03	-5.779473e+00
2.757000e-05	-4.933312e-03	-5.752887e+00
2.758000e-05	-3.981251e-03	-5.673611e+00
2.759000e-05	-4.515703e-03	-5.640580e+00
2.760000e-05	-5.041817e-03	-5.598499e+00
2.761000e-05	-4.901971e-03	-5.578973e+00
2.762000e-05	-4.534448e-03	-5.495841e+00
2.763000e-05	-4.861542e-03	-5.461590e+00
2.764000e-05	-3.997299e-03	-5.347187e+00
2.765000e-05	-4.749627e-03	-5.233107e+00
2.766000e-05	-4.142167e-03	-5.211503e+00
2.767000e-05	-6.037296e-03	-5.126846e+00
2.768000e-05	-2.371805e-03	-5.083686e+00
2.769000e-05	-3.894417e-03	-5.030524e+00
2.770000e-05	-5.572089e-03	-4.935292e+00
2.771000e-05	-4.905249e-03	-4.862639e+00
2.772000e-05	-4.458899e-03	-4.776820e+00
2.773000e-05	-4.105973e-03	-4.649610e+00
2.774000e-05	-4.842427e-03	-4.630481e+00
2.775000e-05	-3.094330e-03	-4.527394e+00
2.776000e-05	-3.185170e-03	-4.442211e+00
2.777000e-05	-5.917312e-03	-4.420028e+00
2.778000e-05	-4.659284e-03	-4.367499e+00
2.779000e-05	-2.931856e-03	-4.314117e+00
2.780000e-05	-3.807793e-03	-4.221529e+00
2.781000e-05	-5.069011e-03	-4.135843e+00
2.782000e-05	-4.003364e-03	-4.061530e+00
2.783000e-05	-2.873686e-03	-3.978449e+00
2.784000e-05	-5.776892e-03	-3.934718e+00
2.785000e-05	-5.286181e-03	-3.775380e+00
2.786000e-05	-3.641434e-03	-3.611563e+00
2.787000e-05	-3.682962e-03	-3.577923e+00
2.788000e-05	-4.145022e-03	-3.503667e+00
2.789000e-05	-4.009352e-03	-3.408501e+00
2.790000e-05	-3.692739e-03	-3.313266e+00
2.791000e-05	-5.167522e-03	-3.220529e+00
2.792000e-05	-4.831715e-03	-3.105917e+00
2.793000e-05	-3.682935e-03	-2.958484e+00
2.794000e-05	-4.488403e-03	-2.902136e+00
2.795000e-05	-3.620706e-03	-2.787949e+00
2.796000e-05	-4.807923e-03	-2.693216e+00
2.797000e-05	-3.337887e-03	-2.618876e+00
2.798000e-05	-4.425688e-03	-2.445117e+00
2.799000e-05	-3.679748e-03	-2.380030e+00
2.800000e-05	-3.690113e-03	-2.334792e+00
2.801000e-05	-4.699802e-03	-2.196931e+00
2.802000e-05	-4.648410e-03	-2.020583e+00
2.803000e-05	-4.491659e-03	-1.968322e+00
2.804000e-05	-3.678957e-03	-1.871710e+00
2.805000e-05	-4.113212e-03	-1.766947e+00
2.806000e-05	-3.174655e-03	-1.613058e+00
2.807000e-05	-4.026454e-03	-1.548000e+00
2.808000e-05	-3.249757e-03	-1.449565e+00
2.809000e-05	-4.215527e-03	-1.271563e+00
2.810000e-05	-3.461673e-03	-1.133322e+00
2.811000e-05	-5.174023e-03	-1.030027e+00
2.812000e-05	-4.385839e-03	-9.247444e-01
2.813000e-05	-4.596170e-03	-8.210514e-01
2.814000e-05	-3.370638e-03	-7.352935e-01
2.815000e-05	-4.180258e-03	-5.874247e-01
2.816000e-05	-4.320676e-03	-4.215027e-01
2.817000e-05	-3.881165e-03	-3.363485e-01
2.818000e-05	-3.991426e-03	-2.296601e-01
2.819000e-05	-3.365079e-03	-1.343419e-01
2.820000e-05	-3.057319e-03	-9.505197e-03
2.821000e-05	-7.861167e-04	2.265539e-02
2.822000e-05	-8.074335e-04	1.803928e-01
2.823000e-05	-2.910287e-03	3.388923e-01
2.824000e-05	-1.040856e-03	4.300263e-01
2.825000e-05	-3.807569e-03	5.467381e-01
2.826000e-05	-2.811910e-03	6.401025e-01
2.827000e-05	-1.391895e-03	7.277607e-01
2.828000e-05	9.952605e-03	8.009751e-01
2.829000e-05	4.049964e-02	9.073367e-01
2.830000e-05	1.854656e-02	1.108415e+00
2.831000e-05	-5.299749e-02	1.285233e+00
2.832000e-05	-8.697278e-02	1.369443e+00
2.833000e-05	-4.148697e-03	1.434133e+00
2.834000e-05	1.328395e-01	1.582119e+00
2.835000e-05	-5.800380e-02	1.757294e+00
2.836000e-05	-9.794931e-02	1.769947e+00
2.837000e-05	1.257354e-01	1.855157e+00
2.838000e-05	-4.656601e-02	2.031549e+00
2.839000e-05	-9.433046e-02	2.115133e+00
2.840000e-05	1.016316e-01	2.175892e+00
2.841000e-05	3.903815e-02	2.306283e+00
2.842000e-05	-1.474461e-01	2.410024e+00
2.843000e-05	9.965786e-02	2.443155e+00
2.844000e-05	3.176172e-02	2.622049e+00
2.845000e-05	-1.066973e-01	2.779416e+00
2.846000e-05	4.771881e-02	2.833550e+00
2.847000e-05	2.798834e-02	2.956810e+00
2.848000e-05	-6.842860e-02	3.035553e+00
2.849000e-05	3.819087e-02	3.156387e+00
2.850000e-05	3.779434e-03	3.211050e+00
2.851000e-05	-2.484730e-02	3.303757e+00
2.852000e-05	4.913736e-02	3.433029e+00
2.853000e-05	-5.556006e-02	3.609342e+00
2.854000e-05	-1.158371e-02	3.631053e+00
2.855000e-05	5.263450e-02	3.706736e+00
2.856000e-05	-8.569921e-03	3.839049e+00
2.857000e-05	-4.223787e-02	3.928235e+00
2.858000e-05	2.661500e-02	4.010397e+00
2.859000e-05	9.134500e-04	4.021554e+00
2.860000e-05	-1.643628e-02	4.114306e+00
2.861000e-05	-1.139049e-03	4.241629e+00
2.862000e-05	3.279864e-03	4.378866e+00
2.863000e-05	2.434221e-02	4.409503e+00
2.864000e-05	-2.268062e-02	4.484582e+00
2.865000e-05	-1.746017e-02	4.579568e+00
2.866000e-05	1.048235e-02	4.632053e+00
2.867000e-05	2.307975e-02	4.764840e+00
2.868000e-05	-2.864841e-02	4.759444e+00
2.869000e-05	-1.081561e-02	4.840600e+00
2.870000e-05	2.852174e-02	4.936236e+00
2.871000e-05	-3.677190e-03	5.052469e+00
2.872000e-05	-2.295602e-02	5.108890e+00
2.873000e-05	2.238500e-03	5.229451e+00
2.874000e-05	2.011233e-02	5.293707e+00
2.875000e-05	-1.491250e-02	5.304390e+00
2.876000e-05	-1.050419e-02	5.380023e+00
2.877000e-05	5.410819e-03	5.491554e+00
2.878000e-05	7.204470e-03	5.564912e+00
2.879000e-05	-1.371208e-02	5.579844e+00
2.880000e-05	-3.419791e-03	5.608947e+00
2.881000e-05	8.625895e-03	5.610026e+00
2.882000e-05	-5.290973e-03	5.632138e+00
2.883000e-05	-5.408905e-03	5.695888e+00
2.884000e-05	6.250360e-04	5.789952e+00
2.885000e-05	3.243231e-03	5.841038e+00
2.886000e-05	-1.041568e-02	5.914783e+00
2.887000e-05	-1.977694e-03	5.967821e+00
2.888000e-05	3.907344e-03	5.989517e+00
2.889000e-05	-1.530433e-03	6.009500e+00
2.890000e-05	-3.345121e-03	6.000501e+00
2.891000e-05	-1.882562e-03	6.030529e+00
2.892000e-05	-1.493691e-03	6.062059e+00
2.893000e-05	-5.655651e-03	6.112607e+00
2.894000e-05	1.590699e-03	6.084187e+00
2.895000e-05	-9.018108e-04	6.114788e+00
2.896000e-05	-4.571142e-03	6.136292e+00
2.897000e-05	-4.973189e-03	6.156340e+00
2.898000e-05	8.324381e-04	6.157366e+00
2.899000e-05	7.758155e-05	6.156848e+00
2.900000e-05	-5.017036e-03	6.198824e+00
2.901000e-05	-9.003400e-04	6.178923e+00
2.902000e-05	-2.466589e-03	6.159470e+00
2.903000e-05	-1.622840e-03	6.176971e+00
2.904000e-05	-3.057521e-03	6.190948e+00
2.905000e-05	3.431106e-05	6.189924e+00
2.906000e-05	-3.694455e-03	6.177444e+00
2.907000e-05	-2.842259e-03	6.149873e+00
2.908000e-05	-2.147122e-03	6.167999e+00
2.909000e-05	-1.068510e-03	6.158895e+00
2.910000e-05	-1.495033e-03	6.127918e+00
2.911000e-05	-2.697285e-03	6.104191e+00
2.912000e-05	-7.325233e-04	6.114209e+00
2.913000e-05	-2.894763e-03	6.083133e+00
2.914000e-05	-8.816479e-04	6.062107e+00
2.915000e-05	-2.771380e-03	6.031078e+00
2.916000e-05	-2.241525e-03	6.000528e+00
2.917000e-05	-2.586321e-03	6.000001e+00
2.918000e-05	-2.003876e-03	5.978949e+00
2.919000e-05	-1.801825e-03	5.937371e+00
2.920000e-05	-1.484928e-03	5.944810e+00
2.921000e-05	-8.524950e-04	5.872159e+00
2.922000e-05	-2.812204e-03	5.746976e+00
2.923000e-05	-2.727314e-03	5.753186e+00
2.924000e-05	-2.404852e-03	5.682608e+00
2.925000e-05	-6.242817e-04	5.600501e+00
2.926000e-05	-2.345015e-03	5.618449e+00
2.927000e-05	-2.373383e-03	5.545842e+00
2.928000e-05	-1.494842e-03	5.534785e+00
2.929000e-05	-3.836156e-03	5.480533e+00
2.930000e-05	-1.507268e-03	5.408947e+00
2.931000e-05	-2.412529e-03	5.375315e+00
2.932000e-05	1.390577e-04	5.262113e+00
2.933000e-05	-3.869735e-03	5.269053e+00
2.934000e-05	-1.503309e-03	5.135370e+00
2.935000e-05	-1.251488e-03	5.048532e+00
2.936000e-05	-1.123362e-04	4.937447e+00
2.937000e-05	-3.415452e-03	4.861559e+00
2.938000e-05	-2.126230e-03	4.809477e+00
2.939000e-05	-1.462775e-03	4.725743e+00
2.940000e-05	-2.683552e-03	4.661056e+00
2.941000e-05	-3.260580e-03	4.576876e+00
2.942000e-05	-1.421409e-03	4.493113e+00
2.943000e-05	-2.905843e-03	4.411504e+00
2.944000e-05	-3.354381e-03	4.359428e+00
2.945000e-05	-1.237934e-03	4.343268e+00
2.946000e-05	-1.656741e-03	4.176006e+00
2.947000e-05	-2.792922e-03	4.081107e+00
2.948000e-05	-3.562872e-03	3.988949e+00
2.949000e-05	-2.474937e-03	3.923691e+00
2.950000e-05	-3.007269e-03	3.809556e+00
2.951000e-05	-3.427607e-03	3.744821e+00
2.952000e-05	-2.650545e-03	3.692107e+00
2.953000e-05	-1.675036e-03	3.568973e+00
2.954000e-05	-3.589260e-03	3.506317e+00
2.955000e-05	-3.752119e-03	3.375876e+00
2.956000e-05	-2.526032e-03	3.261061e+00
2.957000e-05	-3.277050e-03	3.187901e+00
2.958000e-05	-4.614914e-03	3.073185e+00
2.959000e-05	-3.336504e-03	2.967924e+00
2.960000e-05	-2.573059e-03	2.893216e+00
2.961000e-05	-3.468321e-03	2.809527e+00
2.962000e-05	-3.873187e-03	2.745819e+00
2.963000e-05	-3.145278e-03	2.629954e+00
2.964000e-05	-2.762314e-03	2.441536e+00
2.965000e-05	-4.254385e-03	2.365871e+00
2.966000e-05	-3.528897e-03	2.241584e+00
2.967000e-05	-2.767784e-03	2.167850e+00
2.968000e-05	-3.159109e-03	2.032633e+00
2.969000e-05	-3.347650e-03	1.989275e+00
2.970000e-05	-2.441871e-03	1.864238e+00
2.971000e-05	-3.561933e-03	1.745343e+00
2.972000e-05	-3.729137e-03	1.603481e+00
2.973000e-05	-3.518121e-03	1.533700e+00
2.974000e-05	-2.853128e-03	1.398426e+00
2.975000e-05	-3.888195e-03	1.273165e+00
2.976000e-05	-3.482500e-03	1.205919e+00
2.977000e-05	-3.613384e-03	1.028488e+00
2.978000e-05	-3.068145e-03	8.111315e-01
2.979000e-05	-3.148001e-03	7.674486e-01
2.980000e-05	-2.508975e-03	6.726854e-01
2.981000e-05	-3.643673e-03	5.364473e-01
2.982000e-05	-3.172407e-03	4.510600e-01
2.983000e-05	-3.280245e-03	3.553221e-01
2.984000e-05	-3.713479e-03	2.495050e-01
2.985000e-05	-2.880896e-03	7.216027e-02
2.986000e-05	-2.483036e-03	-3.210257e-02
2.987000e-05	2.101325e-04	-1.288858e-01
2.988000e-05	1.335324e-03	-2.221251e-01
2.989000e-05	-1.770911e-03	-3.368647e-01
2.990000e-05	-4.772437e-04	-3.914988e-01
2.991000e-05	-1.694378e-03	-5.282067e-01
2.992000e-05	-1.329767e-03	-6.035754e-01
2.993000e-05	5.842177e-04	-7.799187e-01
2.994000e-05	2.708275e-02	-8.341027e-01
2.995000e-05	5.197234e-02	-9.489184e-01
2.996000e-05	-4.437295e-02	-1.107918e+00
2.997000e-05	-7.458689e-02	-1.400017e+00
2.998000e-05	-6.218870e-02	-1.463263e+00
2.999000e-05	1.503511e-01	-1.410503e+00
3.000000e-05	-3.231679e-02	-1.538470e+00
3.001000e-05	-1.165396e-01	-1.747864e+00
3.002000e-05	7.989884e-02	-1.790026e+00
3.003000e-05	2.891388e-02	-1.852579e+00
3.004000e-05	-1.909433e-01	-1.950945e+00
3.005000e-05	4.487168e-02	-2.097688e+00
3.006000e-05	1.420633e-01	-2.147967e+00
3.007000e-05	-1.493677e-01	-2.337965e+00
3.008000e-05	3.829560e-03	-2.441609e+00
3.009000e-05	1.198259e-01	-2.486836e+00
3.010000e-05	-1.384328e-01	-2.663781e+00
3.011000e-05	2.024861e-03	-2.779900e+00
3.012000e-05	9.524902e-02	-2.791075e+00
3.013000e-05	-1.026272e-01	-2.960441e+00
3.014000e-05	5.132393e-02	-3.128760e+00
3.015000e-05	8.769066e-03	-3.180524e+00
3.016000e-05	-6.383534e-02	-3.316808e+00
3.017000e-05	8.466600e-02	-3.350396e+00
3.018000e-05	-2.546018e-02	-3.464679e+00
3.019000e-05	-9.601741e-02	-3.559471e+00
3.020000e-05	1.186934e-01	-3.601027e+00
3.021000e-05	-2.761473e-02	-3.707788e+00
3.022000e-05	-6.542380e-02	-3.854654e+00
3.023000e-05	6.850770e-02	-3.959423e+00
3.024000e-05	-2.268765e-02	-4.022129e+00
3.025000e-05	-1.022628e-02	-4.097264e+00
3.026000e-05	-1.444619e-02	-4.148443e+00
3.027000e-05	-1.077930e-02	-4.254629e+00
3.028000e-05	6.431314e-02	-4.337370e+00
3.029000e-05	-4.664479e-02	-4.389998e+00
3.030000e-05	-4.145293e-02	-4.441605e+00
3.031000e-05	3.936489e-02	-4.567836e+00
3.032000e-05	9.068363e-03	-4.681006e+00
3.033000e-05	-2.247457e-02	-4.675333e+00
3.034000e-05	-2.434441e-02	-4.747317e+00
3.035000e-05	2.995851e-02	-4.825709e+00
3.036000e-05	1.657442e-02	-4.926869e+00
3.037000e-05	-5.944528e-02	-5.020020e+00
3.038000e-05	1.446349e-02	-5.032557e+00
3.039000e-05	2.803356e-02	-5.136289e+00
3.040000e-05	-2.502185e-02	-5.170424e+00
3.041000e-05	-1.407246e-02	-5.241081e+00
3.042000e-05	4.125491e-04	-5.335238e+00
3.043000e-05	2.584378e-02	-5.452576e+00
3.044000e-05	-2.337961e-02	-5.546789e+00
3.045000e-05	-1.884472e-02	-5.598944e+00
3.046000e-05	2.068861e-02	-5.599497e+00
3.047000e-05	-7.857859e-03	-5.682103e+00
3.048000e-05	-1.397595e-02	-5.694132e+00
3.049000e-05	7.814204e-04	-5.747817e+00
3.050000e-05	4.348459e-03	-5.758449e+00
3.051000e-05	-5.777132e-03	-5.811000e+00
3.052000e-05	-1.240095e-02	-5.822556e+00
3.053000e-05	7.198074e-03	-5.875207e+00
3.054000e-05	2.066398e-03	-5.924293e+00
3.055000e-05	-1.130554e-02	-5.938842e+00
3.056000e-05	-1.960596e-04	-5.977922e+00
3.057000e-05	-5.615441e-03	-5.999974e+00
3.058000e-05	-5.762713e-03	-5.989975e+00
3.059000e-05	-1.941475e-03	-5.999503e+00
3.060000e-05	4.427365e-06	-6.011053e+00
3.061000e-05	-2.731793e-03	-6.022505e+00
3.062000e-05	-8.059535e-03	-6.061156e+00
3.063000e-05	1.135468e-03	-6.033583e+00
3.064000e-05	-2.196171e-03	-6.095108e+00
3.065000e-05	-8.618323e-03	-6.053287e+00
3.066000e-05	-4.177584e-03	-6.055587e+00
3.067000e-05	-1.804697e-03	-6.124663e+00
3.068000e-05	-2.850594e-03	-6.063657e+00
3.069000e-05	-6.076267e-03	-6.116268e+00
3.070000e-05	-2.690477e-03	-6.125720e+00
3.071000e-05	-3.108958e-03	-6.075289e+00
3.072000e-05	-4.889309e-03	-6.085336e+00
3.073000e-05	-3.973050e-03	-6.135137e+00
3.074000e-05	-3.281329e-03	-6.064139e+00
3.075000e-05	-3.831170e-03	-6.065636e+00
3.076000e-05	-5.037507e-03	-6.053658e+00
3.077000e-05	-4.483334e-03	-6.032055e+00
3.078000e-05	-3.764019e-03	-6.010605e+00
3.079000e-05	-2.388959e-03	-6.020500e+00
3.080000e-05	-3.896231e-03	-6.000476e+00
3.081000e-05	-4.140954e-03	-6.000446e+00
3.082000e-05	-4.700038e-03	-5.968423e+00
3.083000e-05	-3.005860e-03	-5.947272e+00
3.084000e-05	-5.139723e-03	-5.925237e+00
3.085000e-05	-6.266546e-03	-5.863634e+00
3.086000e-05	-3.682019e-03	-5.830033e+00
3.087000e-05	-2.465088e-03	-5.819925e+00
3.088000e-05	-4.035431e-03	-5.735896e+00
3.089000e-05	-5.218034e-03	-5.685213e+00
3.090000e-05	-3.284947e-03	-5.642138e+00
3.091000e-05	-4.507776e-03	-5.641054e+00
3.092000e-05	-4.562794e-03	-5.599500e+00
3.093000e-05	-4.795271e-03	-5.546421e+00
3.094000e-05	-3.909128e-03	-5.493291e+00
3.095000e-05	-5.341572e-03	-5.441155e+00
3.096000e-05	-4.671102e-03	-5.334242e+00
3.097000e-05	-4.219157e-03	-5.282059e+00
3.098000e-05	-4.346470e-03	-5.198499e+00
3.099000e-05	-4.567793e-03	-5.166296e+00
3.100000e-05	-3.469723e-03	-5.052684e+00
3.101000e-05	-3.730513e-03	-5.021027e+00
3.102000e-05	-5.673599e-03	-4.927320e+00
3.103000e-05	-4.354860e-03	-4.819005e+00
3.104000e-05	-4.204197e-03	-4.704817e+00
3.105000e-05	-5.175840e-03	-4.682058e+00
3.106000e-05	-4.773358e-03	-4.621026e+00
3.107000e-05	-3.053743e-03	-4.506768e+00
3.108000e-05	-3.537260e-03	-4.501085e+00
3.109000e-05	-5.463682e-03	-4.399549e+00
3.110000e-05	-3.865541e-03	-4.346325e+00
3.111000e-05	-3.272606e-03	-4.239084e+00
3.112000e-05	-4.842830e-03	-4.209025e+00
3.113000e-05	-4.536692e-03	-4.142739e+00
3.114000e-05	-3.762532e-03	-4.021481e+00
3.115000e-05	-4.013160e-03	-3.946450e+00
3.116000e-05	-5.380235e-03	-3.880559e+00
3.117000e-05	-4.799701e-03	-3.734342e+00
3.118000e-05	-3.278061e-03	-3.630030e+00
3.119000e-05	-3.551215e-03	-3.566845e+00
3.120000e-05	-4.476465e-03	-3.463088e+00
3.121000e-05	-4.029123e-03	-3.367479e+00
3.122000e-05	-3.959185e-03	-3.272712e+00
3.123000e-05	-4.875364e-03	-3.210029e+00
3.124000e-05	-3.734671e-03	-3.104316e+00
3.125000e-05	-2.829119e-03	-2.956855e+00
3.126000e-05	-4.312885e-03	-2.841134e+00
3.127000e-05	-4.042043e-03	-2.777395e+00
3.128000e-05	-3.530936e-03	-2.654142e+00
3.129000e-05	-3.651683e-03	-2.546876e+00
3.130000e-05	-4.626361e-03	-2.433609e+00
3.131000e-05	-2.955625e-03	-2.388549e+00
3.132000e-05	-3.178697e-03	-2.285766e+00
3.133000e-05	-4.465848e-03	-2.114245e+00
3.134000e-05	-4.756079e-03	-2.030030e+00
3.135000e-05	-4.531165e-03	-1.956272e+00
3.136000e-05	-4.120165e-03	-1.870604e+00
3.137000e-05	-3.893081e-03	-1.725218e+00
3.138000e-05	-2.078895e-03	-1.621080e+00
3.139000e-05	-3.670614e-03	-1.556322e+00
3.140000e-05	-4.033854e-03	-1.387950e+00
3.141000e-05	-4.430279e-03	-1.210108e+00
3.142000e-05	-3.690661e-03	-1.105218e+00
3.143000e-05	-5.196594e-03	-9.589761e-01
3.144000e-05	-4.213041e-03	-8.827155e-01
3.145000e-05	-5.080830e-03	-7.799776e-01
3.146000e-05	-3.835176e-03	-7.321892e-01
3.147000e-05	-4.213003e-03	-4.857457e-01
3.148000e-05	-3.571084e-03	-4.305025e-01
3.149000e-05	-3.875713e-03	-3.147681e-01
3.150000e-05	-4.186276e-03	-1.795563e-01
3.151000e-05	-2.708160e-03	-1.126643e-01
3.152000e-05	-2.201780e-03	-1.528816e-03
3.153000e-05	-5.262256e-04	7.363334e-02
3.154000e-05	-1.934452e-03	1.950766e-01
3.155000e-05	-2.884500e-03	3.883712e-01
3.156000e-05	-1.737867e-03	4.120540e-01
3.157000e-05	-3.804201e-03	5.677885e-01
3.158000e-05	-2.325060e-03	6.926266e-01
3.159000e-05	6.393093e-04	7.384159e-01
3.160000e-05	1.674769e-02	8.014741e-01
3.161000e-05	4.470129e-02	9.483674e-01
3.162000e-05	-1.685061e-03	1.180966e+00
3.163000e-05	-6.160278e-02	1.317890e+00
3.164000e-05	-9.196287e-02	1.409974e+00
3.165000e-05	5.287242e-02	1.453737e+00
3.166000e-05	9.990234e-02	1.623607e+00
3.167000e-05	-8.804025e-02	1.787820e+00
3.168000e-05	-6.858257e-02	1.797947e+00
3.169000e-05	1.425292e-01	1.925835e+00
3.170000e-05	-1.177880e-01	2.053654e+00
3.171000e-05	-3.815086e-02	2.114735e+00
3.172000e-05	1.261316e-01	2.212020e+00
3.173000e-05	-3.807216e-02	2.346487e+00
3.174000e-05	-1.015778e-01	2.410078e+00
3.175000e-05	1.277851e-01	2.486228e+00
3.176000e-05	-2.549170e-02	2.646130e+00
3.177000e-05	-8.517445e-02	2.789972e+00
3.178000e-05	7.822771e-02	2.873629e+00
3.179000e-05	-1.788205e-02	2.958892e+00
3.180000e-05	-4.219427e-02	3.043154e+00
3.181000e-05	4.408981e-02	3.177442e+00
3.182000e-05	-1.370693e-02	3.221552e+00
3.183000e-05	-7.468224e-03	3.354813e+00
3.184000e-05	3.890660e-02	3.474230e+00
3.185000e-05	-7.454168e-02	3.597919e+00
3.186000e-05	1.588998e-02	3.633153e+00
3.187000e-05	4.747810e-02	3.737918e+00
3.188000e-05	-3.438749e-02	3.821053e+00
3.189000e-05	-1.748441e-02	3.966809e+00
3.190000e-05	2.147993e-02	3.970000e+00
3.191000e-05	2.526851e-05	4.032101e+00
3.192000e-05	-2.074509e-02	4.134867e+00
3.193000e-05	5.230154e-03	4.326098e+00
3.194000e-05	5.017099e-03	4.387970e+00
3.195000e-05	1.742537e-02	4.422053e+00
3.196000e-05	-2.692906e-02	4.514309e+00
3.197000e-05	-1.219451e-02	4.589496e+00
3.198000e-05	2.145159e-02	4.654104e+00
3.199000e-05	7.406407e-03	4.726339e+00
3.200000e-05	-2.756893e-02	4.799998e+00
3.201000e-05	-1.891951e-03	4.862057e+00
3.202000e-05	3.012411e-02	4.979816e+00
3.203000e-05	-1.737745e-02	5.082277e+00
3.204000e-05	-1.629724e-02	5.159449e+00
3.205000e-05	8.046710e-03	5.209977e+00
3.206000e-05	1.199027e-02	5.293162e+00
3.207000e-05	-1.689989e-02	5.357419e+00
3.208000e-05	-6.437465e-03	5.418949e+00
3.209000e-05	1.030583e-02	5.493154e+00
3.210000e-05	-9.010832e-04	5.546313e+00
3.211000e-05	-1.031974e-02	5.577349e+00
3.212000e-05	-1.083998e-03	5.589975e+00
3.213000e-05	7.390891e-03	5.600530e+00
3.214000e-05	-8.401948e-03	5.653179e+00
3.215000e-05	-3.152905e-03	5.717282e+00
3.216000e-05	2.293367e-03	5.836474e+00
3.217000e-05	-1.017410e-03	5.882233e+00
3.218000e-05	-8.287111e-03	5.945845e+00
3.219000e-05	-1.469910e-03	5.948397e+00
3.220000e-05	3.571407e-03	5.999523e+00
3.221000e-05	-4.033885e-03	5.999501e+00
3.222000e-05	-5.300048e-04	6.050050e+00
3.223000e-05	-2.662401e-03	6.031055e+00
3.224000e-05	-3.592137e-03	6.051629e+00
3.225000e-05	-4.432480e-03	6.082556e+00
3.226000e-05	1.443883e-03	6.123683e+00
3.227000e-05	-7.230584e-04	6.106687e+00
3.228000e-05	-6.086120e-03	6.146341e+00
3.229000e-05	-2.116139e-03	6.157896e+00
3.230000e-05	9.956265e-04	6.166867e+00
3.231000e-05	-1.696725e-03	6.187396e+00
3.232000e-05	-5.097152e-03	6.146394e+00
3.233000e-05	2.441109e-04	6.189374e+00
3.234000e-05	-2.321152e-03	6.168474e+00
3.235000e-05	-3.300969e-03	6.187927e+00
3.236000e-05	-1.832077e-03	6.210399e+00
3.237000e-05	-4.921303e-04	6.168946e+00
3.238000e-05	-2.718783e-03	6.126898e+00
3.239000e-05	-2.786461e-03	6.156974e+00
3.240000e-05	-4.084050e-04	6.196819e+00
3.241000e-05	-2.278700e-03	6.176399e+00
3.242000e-05	-1.796927e-03	6.115319e+00
3.243000e-05	-3.113231e-03	6.133841e+00
3.244000e-05	-1.134459e-03	6.144262e+00
3.245000e-05	-1.367311e-03	6.072205e+00
3.246000e-05	-1.132377e-03	6.054133e+00
3.247000e-05	-2.005748e-03	6.030528e+00
3.248000e-05	-2.632279e-03	6.020025e+00
3.249000e-05	-1.335702e-03	5.999999e+00
3.250000e-05	-1.565352e-03	5.977422e+00
3.251000e-05	-2.102436e-03	5.956422e+00
3.252000e-05	-2.726506e-03	5.892681e+00
3.253000e-05	-6.664831e-04	5.869076e+00
3.254000e-05	-1.528427e-03	5.737371e+00
3.255000e-05	-2.454418e-03	5.672716e+00
3.256000e-05	-2.927798e-03	5.661606e+00
3.257000e-05	-1.606128e-03	5.619979e+00
3.258000e-05	-1.611960e-03	5.587425e+00
3.259000e-05	-2.485059e-03	5.536817e+00
3.260000e-05	-1.399516e-03	5.562712e+00
3.261000e-05	-2.702870e-03	5.431053e+00
3.262000e-05	-1.148711e-03	5.388499e+00
3.263000e-05	-2.086983e-03	5.345692e+00
3.264000e-05	-2.062027e-03	5.282234e+00
3.265000e-05	-2.527849e-03	5.197395e+00
3.266000e-05	-2.563717e-03	5.145821e+00
3.267000e-05	-1.484597e-03	5.038050e+00
3.268000e-05	-3.463515e-03	4.931768e+00
3.269000e-05	-2.689599e-03	4.819528e+00
3.270000e-05	-1.970268e-03	4.778449e+00
3.271000e-05	-1.193548e-03	4.703209e+00
3.272000e-05	-3.883849e-03	4.660009e+00
3.273000e-05	-2.322491e-03	4.566896e+00
3.274000e-05	-2.635944e-03	4.482685e+00
3.275000e-05	-2.075402e-03	4.419978e+00
3.276000e-05	-3.037586e-03	4.378424e+00
3.277000e-05	-2.070889e-03	4.291185e+00
3.278000e-05	-3.516841e-03	4.106326e+00
3.279000e-05	-3.709350e-03	4.061080e+00
3.280000e-05	-2.885561e-03	3.986922e+00
3.281000e-05	-5.961694e-04	3.873787e+00
3.282000e-05	-3.098331e-03	3.830501e+00
3.283000e-05	-3.694896e-03	3.713298e+00
3.284000e-05	-4.216019e-03	3.610080e+00
3.285000e-05	-2.305940e-03	3.568919e+00
3.286000e-05	-3.458350e-03	3.512263e+00
3.287000e-05	-2.362357e-03	3.304696e+00
3.288000e-05	-2.814765e-03	3.260979e+00
3.289000e-05	-3.367530e-03	3.157846e+00
3.290000e-05	-4.344373e-03	3.050183e+00
3.291000e-05	-2.583292e-03	3.017925e+00
3.292000e-05	-3.022819e-03	2.872557e+00
3.293000e-05	-3.729324e-03	2.788428e+00
3.294000e-05	-3.778197e-03	2.704843e+00
3.295000e-05	-2.916068e-03	2.543895e+00
3.296000e-05	-2.604158e-03	2.430004e+00
3.297000e-05	-3.753222e-03	2.324817e+00
3.298000e-05	-2.667362e-03	2.229533e+00
3.299000e-05	-3.273230e-03	2.124366e+00
3.300000e-05	-2.739932e-03	2.021055e+00
3.301000e-05	-3.827160e-03	1.956870e+00
3.302000e-05	-3.079175e-03	1.850985e+00
3.303000e-05	-3.473181e-03	1.723315e+00
3.304000e-05	-3.488422e-03	1.618526e+00
3.305000e-05	-3.441882e-03	1.452159e+00
3.306000e-05	-3.367747e-03	1.376848e+00
3.307000e-05	-3.368462e-03	1.250206e+00
3.308000e-05	-3.173994e-03	1.166349e+00
3.309000e-05	-3.070517e-03	1.014352e+00
3.310000e-05	-3.680096e-03	8.205577e-01
3.311000e-05	-3.363709e-03	7.358958e-01
3.312000e-05	-2.319478e-03	6.395115e-01
3.313000e-05	-2.908525e-03	5.253431e-01
3.314000e-05	-3.679265e-03	4.105275e-01
3.315000e-05	-3.656968e-03	3.548660e-01
3.316000e-05	-4.288954e-03	1.774247e-01
3.317000e-05	-2.372146e-03	5.062770e-02
3.318000e-05	-9.779567e-04	-4.320289e-02
3.319000e-05	1.957498e-03	-1.593686e-01
3.320000e-05	-5.882413e-04	-2.436303e-01
3.321000e-05	-1.668954e-03	-3.689435e-01
3.322000e-05	-1.883613e-03	-4.311038e-01
3.323000e-05	-2.908583e-03	-5.288646e-01
3.324000e-05	-2.126048e-03	-6.452518e-01
3.325000e-05	3.800540e-03	-7.999699e-01
3.326000e-05	4.054430e-02	-8.441068e-01
3.327000e-05	3.608894e-02	-9.925201e-01
3.328000e-05	-6.054063e-02	-1.172542e+00
3.329000e-05	-8.016208e-02	-1.423021e+00
3.330000e-05	-1.209178e-02	-1.482685e+00
3.331000e-05	1.369476e-01	-1.492734e+00
3.332000e-05	-7.793549e-02	-1.622099e+00
3.333000e-05	-1.100991e-01	-1.799422e+00
3.334000e-05	1.385741e-01	-1.789000e+00
3.335000e-05	-5.910457e-02	-1.845203e+00
3.336000e-05	-1.489063e-01	-2.031024e+00
3.337000e-05	1.095014e-01	-2.137293e+00
3.338000e-05	7.287496e-02	-2.182549e+00
3.339000e-05	-1.645134e-01	-2.390493e+00
3.340000e-05	8.682615e-02	-2.450681e+00
3.341000e-05	5.021341e-02	-2.549417e+00
3.342000e-05	-1.344004e-01	-2.717711e+00
3.343000e-05	5.294697e-02	-2.769969e+00
3.344000e-05	4.844080e-02	-2.854104e+00
3.345000e-05	-9.814398e-02	-2.991473e+00
3.346000e-05	8.570485e-02	-3.085837e+00
3.347000e-05	-4.031237e-02	-3.233000e+00
3.348000e-05	-3.205678e-02	-3.347439e+00
3.349000e-05	9.856687e-02	-3.380449e+00
3.350000e-05	-8.939869e-02	-3.467204e+00
3.351000e-05	-3.318641e-02	-3.599950e+00
3.352000e-05	1.092009e-01	-3.611026e+00
3.353000e-05	-6.820298e-02	-3.727937e+00
3.354000e-05	-2.323128e-02	-3.897763e+00
3.355000e-05	5.910851e-02	-3.967974e+00
3.356000e-05	-3.551045e-02	-4.062705e+00
3.357000e-05	-1.264657e-03	-4.117319e+00
3.358000e-05	-2.459744e-02	-4.179474e+00
3.359000e-05	1.320602e-02	-4.295782e+00
3.360000e-05	5.401634e-02	-4.388874e+00
3.361000e-05	-7.062452e-02	-4.400028e+00
3.362000e-05	-1.368069e-02	-4.484108e+00
3.363000e-05	4.041419e-02	-4.579891e+00
3.364000e-05	-2.461376e-03	-4.662604e+00
3.365000e-05	-2.501586e-02	-4.695811e+00
3.366000e-05	-1.718403e-02	-4.779468e+00
3.367000e-05	4.389137e-02	-4.853611e+00
3.368000e-05	-1.301714e-02	-4.947864e+00
3.369000e-05	-4.853772e-02	-5.000053e+00
3.370000e-05	3.112907e-02	-5.065159e+00
3.371000e-05	1.379905e-02	-5.168970e+00
3.372000e-05	-2.757693e-02	-5.220477e+00
3.373000e-05	-9.670628e-03	-5.302609e+00
3.374000e-05	8.802742e-03	-5.387847e+00
3.375000e-05	1.847642e-02	-5.525659e+00
3.376000e-05	-3.291326e-02	-5.578292e+00
3.377000e-05	-6.451452e-03	-5.599399e+00
3.378000e-05	2.116608e-02	-5.600554e+00
3.379000e-05	-1.454568e-02	-5.662080e+00
3.380000e-05	-6.838458e-03	-5.685707e+00
3.381000e-05	2.389874e-04	-5.737371e+00
3.382000e-05	2.843192e-03	-5.789949e+00
3.383000e-05	-1.051651e-02	-5.810552e+00
3.384000e-05	-9.452863e-03	-5.873080e+00
3.385000e-05	9.487268e-03	-5.864308e+00
3.386000e-05	-4.593874e-03	-5.898342e+00
3.387000e-05	-7.550596e-03	-5.958871e+00
3.388000e-05	-3.048827e-04	-5.987446e+00
3.389000e-05	-5.727967e-03	-5.989999e+00
3.390000e-05	-5.051931e-03	-6.000471e+00
3.391000e-05	-1.690819e-03	-6.040028e+00
3.392000e-05	-2.664164e-04	-6.000505e+00
3.393000e-05	-4.883556e-03	-6.041055e+00
3.394000e-05	-6.637253e-03	-6.033082e+00
3.395000e-05	4.933905e-04	-6.092654e+00
3.396000e-05	-4.433818e-03	-6.063108e+00
3.397000e-05	-6.750449e-03	-6.054661e+00
3.398000e-05	-2.073085e-03	-6.074135e+00
3.399000e-05	-2.147789e-03	-6.073212e+00
3.400000e-05	-4.207201e-03	-6.125840e+00
3.401000e-05	-5.936439e-03	-6.104860e+00
3.402000e-05	-1.825009e-03	-6.105766e+00
3.403000e-05	-4.905194e-03	-6.168715e+00
3.404000e-05	-4.816535e-03	-6.084287e+00
3.405000e-05	-3.317829e-03	-6.093759e+00
3.406000e-05	-3.525611e-03	-6.092289e+00
3.407000e-05	-3.961888e-03	-6.091685e+00
3.408000e-05	-4.256860e-03	-6.033583e+00
3.409000e-05	-4.302658e-03	-6.032105e+00
3.410000e-05	-4.683302e-03	-6.020555e+00
3.411000e-05	-4.180226e-03	-6.000500e+00
3.412000e-05	-4.285238e-03	-6.030525e+00
3.413000e-05	-4.216740e-03	-5.970446e+00
3.414000e-05	-3.852875e-03	-5.977372e+00
3.415000e-05	-3.902587e-03	-5.946318e+00
3.416000e-05	-5.448057e-03	-5.873738e+00
3.417000e-05	-5.252110e-03	-5.851582e+00
3.418000e-05	-2.736667e-03	-5.830080e+00
3.419000e-05	-3.463376e-03	-5.779975e+00
3.420000e-05	-5.706057e-03	-5.748895e+00
3.421000e-05	-5.174805e-03	-5.693609e+00
3.422000e-05	-3.181385e-03	-5.660106e+00
3.423000e-05	-4.308303e-03	-5.630501e+00
3.424000e-05	-4.833371e-03	-5.608500e+00
3.425000e-05	-3.849449e-03	-5.507325e+00
3.426000e-05	-3.936530e-03	-5.553688e+00
3.427000e-05	-4.632419e-03	-5.410375e+00
3.428000e-05	-5.284767e-03	-5.313667e+00
3.429000e-05	-3.894160e-03	-5.201130e+00
3.430000e-05	-5.057897e-03	-5.148424e+00
3.431000e-05	-4.190906e-03	-5.105268e+00
3.432000e-05	-3.763716e-03	-5.033105e+00
3.433000e-05	-4.736499e-03	-5.009475e+00
3.434000e-05	-5.626905e-03	-4.904817e+00
3.435000e-05	-3.434516e-03	-4.767396e+00
3.436000e-05	-3.608919e-03	-4.704157e+00
3.437000e-05	-4.978355e-03	-4.641156e+00
3.438000e-05	-3.725180e-03	-4.607998e+00
3.439000e-05	-3.027749e-03	-4.523765e+00
3.440000e-05	-4.805086e-03	-4.423059e+00
3.441000e-05	-5.738618e-03	-4.379474e+00
3.442000e-05	-3.169483e-03	-4.345716e+00
3.443000e-05	-2.398419e-03	-4.241537e+00
3.444000e-05	-4.757680e-03	-4.167899e+00
3.445000e-05	-4.115888e-03	-4.091588e+00
3.446000e-05	-2.892154e-03	-3.970926e+00
3.447000e-05	-4.520728e-03	-3.926397e+00
3.448000e-05	-6.271759e-03	-3.879484e+00
3.449000e-05	-4.694837e-03	-3.674191e+00
3.450000e-05	-2.214220e-03	-3.609478e+00
3.451000e-05	-4.759090e-03	-3.536297e+00
3.452000e-05	-4.730850e-03	-3.412635e+00
3.453000e-05	-3.494075e-03	-3.307222e+00
3.454000e-05	-3.060525e-03	-3.252110e+00
3.455000e-05	-5.659321e-03	-3.188451e+00
3.456000e-05	-3.914386e-03	-3.112261e+00
3.457000e-05	-3.921003e-03	-2.915769e+00
3.458000e-05	-3.835899e-03	-2.821031e+00
3.459000e-05	-3.741616e-03	-2.745945e+00
3.460000e-05	-4.757698e-03	-2.662110e+00
3.461000e-05	-4.565674e-03	-2.544320e+00
3.462000e-05	-4.480827e-03	-2.431558e+00
3.463000e-05	-3.789916e-03	-2.348872e+00
3.464000e-05	-2.840757e-03	-2.261637e+00
3.465000e-05	-4.145858e-03	-2.063668e+00
3.466000e-05	-5.242393e-03	-1.971001e+00
3.467000e-05	-4.711355e-03	-1.886189e+00
3.468000e-05	-4.844647e-03	-1.799559e+00
3.469000e-05	-4.283277e-03	-1.704237e+00
3.470000e-05	-4.195620e-03	-1.589470e+00
3.471000e-05	-3.825751e-03	-1.543764e+00
3.472000e-05	-3.721114e-03	-1.343726e+00
3.473000e-05	-3.683053e-03	-1.209001e+00
3.474000e-05	-4.196673e-03	-1.102812e+00
3.475000e-05	-4.636842e-03	-9.969461e-01
3.476000e-05	-4.831894e-03	-8.721604e-01
3.477000e-05	-4.114002e-03	-7.694510e-01
3.478000e-05	-4.393940e-03	-6.531575e-01
3.479000e-05	-4.624304e-03	-5.036905e-01
3.480000e-05	-4.010898e-03	-3.685012e-01
3.481000e-05	-4.190203e-03	-2.751630e-01
3.482000e-05	-4.351042e-03	-1.694998e-01
3.483000e-05	-2.972848e-03	-3.361040e-02
3.484000e-05	-1.740085e-03	4.986941e-04
3.485000e-05	-1.251755e-04	1.152608e-01
3.486000e-05	-2.746406e-03	2.437742e-01
3.487000e-05	-2.344314e-03	4.004924e-01
3.488000e-05	-2.657023e-03	4.721792e-01
3.489000e-05	-2.549875e-03	5.099411e-01
3.490000e-05	-3.341041e-03	6.826805e-01
3.491000e-05	3.154889e-03	7.689187e-01
3.492000e-05	2.481780e-02	8.227555e-01
3.493000e-05	4.419960e-02	1.003074e+00
3.494000e-05	-2.151945e-02	1.234576e+00
3.495000e-05	-7.056220e-02	1.287790e+00
3.496000e-05	-8.075985e-02	1.399975e+00
3.497000e-05	1.012580e-01	1.496813e+00
3.498000e-05	4.690822e-02	1.686833e+00
3.499000e-05	-1.022814e-01	1.777976e+00
3.500000e-05	-1.932614e-03	1.783023e+00
3.501000e-05	1.017083e-01	1.987439e+00
3.502000e-05	-1.479214e-01	2.072208e+00
3.503000e-05	1.312403e-02	2.144786e+00
3.504000e-05	1.244877e-01	2.231574e+00
3.505000e-05	-1.048521e-01	2.368894e+00
3.506000e-05	-3.305570e-02	2.460551e+00
3.507000e-05	1.217676e-01	2.527813e+00
3.508000e-05	-7.082627e-02	2.716756e+00
3.509000e-05	-4.563789e-02	2.820501e+00
3.510000e-05	8.429292e-02	2.863655e+00
3.511000e-05	-5.013537e-02	3.010994e+00
3.512000e-05	-8.421492e-03	3.083605e+00
3.513000e-05	3.547211e-02	3.179476e+00
3.514000e-05	-2.453378e-02	3.251053e+00
3.515000e-05	1.589946e-02	3.359440e+00
3.516000e-05	1.106558e-02	3.535681e+00
3.517000e-05	-6.839795e-02	3.610495e+00
3.518000e-05	3.927084e-02	3.642583e+00
3.519000e-05	3.560866e-02	3.777366e+00
3.520000e-05	-5.130456e-02	3.901227e+00
3.521000e-05	7.449677e-03	3.956368e+00
3.522000e-05	1.296990e-02	4.000524e+00
3.523000e-05	-3.941997e-03	4.064557e+00
3.524000e-05	-1.972499e-02	4.197915e+00
3.525000e-05	4.957370e-03	4.316790e+00
3.526000e-05	1.175208e-02	4.418901e+00
3.527000e-05	4.257356e-03	4.452605e+00
3.528000e-05	-2.552095e-02	4.508291e+00
3.529000e-05	-7.015033e-03	4.601601e+00
3.530000e-05	2.916839e-02	4.663631e+00
3.531000e-05	-8.633021e-03	4.729390e+00
3.532000e-05	-2.306686e-02	4.790500e+00
3.533000e-05	7.552787e-03	4.872133e+00
3.534000e-05	2.251073e-02	4.979941e+00
3.535000e-05	-2.641811e-02	5.116732e+00
3.536000e-05	-9.888514e-03	5.178949e+00
3.537000e-05	1.548479e-02	5.252527e+00
3.538000e-05	3.604505e-03	5.334261e+00
3.539000e-05	-1.487147e-02	5.368416e+00
3.540000e-05	-3.791678e-03	5.430553e+00
3.541000e-05	1.168569e-02	5.474167e+00
3.542000e-05	-9.357762e-03	5.536338e+00
3.543000e-05	-7.716424e-03	5.598422e+00
3.544000e-05	2.087240e-03	5.599977e+00
3.545000e-05	5.103915e-03	5.662654e+00
3.546000e-05	-8.970954e-03	5.713158e+00
3.547000e-05	-9.427467e-04	5.736317e+00
3.548000e-05	4.277546e-03	5.812949e+00
3.549000e-05	-6.142373e-03	5.911208e+00
3.550000e-05	-5.784513e-03	5.905831e+00
3.551000e-05	9.874014e-04	5.989441e+00
3.552000e-05	3.031669e-03	6.010000e+00
3.553000e-05	-5.565512e-03	6.019978e+00
3.554000e-05	2.864154e-04	6.021528e+00
3.555000e-05	-2.642407e-03	6.052053e+00
3.556000e-05	-4.982893e-03	6.083007e+00
3.557000e-05	-2.365196e-03	6.114185e+00
3.558000e-05	2.087052e-03	6.103163e+00
3.559000e-05	-9.288470e-04	6.136292e+00
3.560000e-05	-6.340787e-03	6.135342e+00
3.561000e-05	-1.704568e-03	6.156820e+00
3.562000e-05	6.680281e-04	6.177421e+00
3.563000e-05	-2.992629e-03	6.176873e+00
3.564000e-05	-3.835384e-03	6.147844e+00
3.565000e-05	-3.382512e-04	6.187396e+00
3.566000e-05	-2.367116e-03	6.196423e+00
3.567000e-05	-4.084229e-03	6.239923e+00
3.568000e-05	-2.047782e-04	6.197974e+00
3.569000e-05	-4.035298e-05	6.217399e+00
3.570000e-05	-1.457244e-03	6.187422e+00
3.571000e-05	-3.235430e-03	6.207974e+00
3.572000e-05	-9.091906e-04	6.176919e+00
3.573000e-05	-2.547471e-03	6.165370e+00
3.574000e-05	-1.965500e-03	6.146242e+00
3.575000e-05	-1.963604e-03	6.113240e+00
3.576000e-05	-1.696555e-03	6.104237e+00
3.577000e-05	-1.553889e-03	6.082684e+00
3.578000e-05	-2.363934e-03	6.021030e+00
3.579000e-05	-1.698534e-03	6.040576e+00
3.580000e-05	-2.607719e-03	6.019476e+00
3.581000e-05	-4.435952e-04	6.010000e+00
3.582000e-05	-2.819208e-03	5.997899e+00
3.583000e-05	-2.387592e-03	5.995343e+00
3.584000e-05	-1.969201e-03	5.894686e+00
3.585000e-05	-3.046427e-04	5.819078e+00
3.586000e-05	-2.506231e-03	5.724327e+00
3.587000e-05	-2.947082e-03	5.692210e+00
3.588000e-05	-1.761418e-03	5.650004e+00
3.589000e-05	-1.180459e-03	5.609977e+00
3.590000e-05	-2.130646e-03	5.557323e+00
3.591000e-05	-1.920117e-03	5.524819e+00
3.592000e-05	-1.414958e-03	5.492161e+00
3.593000e-05	-2.384602e-03	5.430025e+00
3.594000e-05	-2.911920e-03	5.356926e+00
3.595000e-05	-1.603681e-03	5.312211e+00
3.596000e-05	-3.263752e-03	5.262054e+00
3.597000e-05	-2.406604e-03	5.186871e+00
3.598000e-05	-3.211735e-03	5.112140e+00
3.599000e-05	-5.735468e-04	5.018325e+00
3.600000e-05	-4.259038e-03	4.892739e+00
3.601000e-05	-1.197107e-03	4.799503e+00
3.602000e-05	-3.184722e-03	4.755346e+00
3.603000e-05	-1.700491e-03	4.693212e+00
3.604000e-05	-4.031899e-03	4.638507e+00
3.605000e-05	-1.891961e-03	4.565321e+00
3.606000e-05	-2.504310e-03	4.450612e+00
3.607000e-05	-2.962989e-03	4.410029e+00
3.608000e-05	-3.695656e-03	4.357946e+00
3.609000e-05	-1.296781e-03	4.269103e+00
3.610000e-05	-3.820710e-03	4.094241e+00
3.611000e-05	-4.458899e-03	4.030460e+00
3.612000e-05	-2.870840e-03	3.956920e+00
3.613000e-05	-1.407862e-03	3.871138e+00
3.614000e-05	-3.857585e-03	3.806550e+00
3.615000e-05	-3.358347e-03	3.693193e+00
3.616000e-05	-2.310801e-03	3.620030e+00
3.617000e-05	-2.502300e-03	3.586971e+00
3.618000e-05	-3.758876e-03	3.481035e+00
3.619000e-05	-3.311096e-03	3.313167e+00
3.620000e-05	-2.556215e-03	3.218453e+00
3.621000e-05	-2.451885e-03	3.125292e+00
3.622000e-05	-3.743151e-03	3.040079e+00
3.623000e-05	-3.617079e-03	2.957843e+00
3.624000e-05	-3.317055e-03	2.842104e+00
3.625000e-05	-4.178749e-03	2.788400e+00
3.626000e-05	-2.308209e-03	2.722714e+00
3.627000e-05	-2.807089e-03	2.545216e+00
3.628000e-05	-3.053377e-03	2.429550e+00
3.629000e-05	-3.793252e-03	2.354314e+00
3.630000e-05	-3.068126e-03	2.208477e+00
3.631000e-05	-2.936817e-03	2.083218e+00
3.632000e-05	-3.873781e-03	2.030526e+00
3.633000e-05	-3.533219e-03	1.956318e+00
3.634000e-05	-3.767262e-03	1.827984e+00
3.635000e-05	-3.333643e-03	1.673267e+00
3.636000e-05	-3.347709e-03	1.639297e+00
3.637000e-05	-2.872959e-03	1.420583e+00
3.638000e-05	-3.088736e-03	1.364796e+00
3.639000e-05	-3.081905e-03	1.240108e+00
3.640000e-05	-3.252456e-03	1.114191e+00
3.641000e-05	-3.403735e-03	9.261656e-01
3.642000e-05	-3.493763e-03	7.995000e-01
3.643000e-05	-3.306869e-03	7.362945e-01
3.644000e-05	-3.177021e-03	6.189775e-01
3.645000e-05	-3.912990e-03	4.926368e-01
3.646000e-05	-2.947484e-03	3.779825e-01
3.647000e-05	-3.193806e-03	3.352445e-01
3.648000e-05	-3.252982e-03	1.353482e-01
3.649000e-05	-2.321863e-03	9.578810e-03
3.650000e-05	-1.552466e-03	-4.675815e-02
3.651000e-05	7.315882e-04	-1.799737e-01
3.652000e-05	-8.752088e-05	-2.861793e-01
3.653000e-05	-1.812991e-03	-3.799486e-01
3.654000e-05	-1.847326e-03	-4.221778e-01
3.655000e-05	-1.470982e-03	-5.609150e-01
3.656000e-05	-1.451439e-03	-7.366857e-01
3.657000e-05	9.817139e-03	-8.009750e-01
3.658000e-05	4.986133e-02	-8.557316e-01
3.659000e-05	1.199965e-02	-1.053052e+00
3.660000e-05	-6.914586e-02	-1.275752e+00
3.661000e-05	-8.207740e-02	-1.415050e+00
3.662000e-05	5.184082e-02	-1.492633e+00
3.663000e-05	9.005399e-02	-1.465210e+00
3.664000e-05	-1.017395e-01	-1.653200e+00
3.665000e-05	-8.044149e-02	-1.799496e+00
3.666000e-05	1.559692e-01	-1.801097e+00
3.667000e-05	-1.450644e-01	-1.915835e+00
3.668000e-05	-8.878032e-02	-2.053628e+00
3.669000e-05	1.520017e-01	-2.125260e+00
3.670000e-05	-7.964942e-03	-2.243224e+00
3.671000e-05	-1.376593e-01	-2.412020e+00
3.672000e-05	1.406153e-01	-2.503206e+00
3.673000e-05	-2.669476e-02	-2.620042e+00
3.674000e-05	-1.043518e-01	-2.756360e+00
3.675000e-05	8.778293e-02	-2.789997e+00
3.676000e-05	-7.305200e-03	-2.896758e+00
3.677000e-05	-6.025780e-02	-3.042099e+00
3.678000e-05	8.294553e-02	-3.147842e+00
3.679000e-05	-7.155661e-02	-3.254229e+00
3.680000e-05	1.124939e-02	-3.367892e+00
3.681000e-05	7.883857e-02	-3.410473e+00
3.682000e-05	-1.297212e-01	-3.537408e+00
3.683000e-05	3.816554e-02	-3.600000e+00
3.684000e-05	7.472723e-02	-3.644129e+00
3.685000e-05	-9.182059e-02	-3.792921e+00
3.686000e-05	1.911073e-02	-3.917838e+00
3.687000e-05	3.581463e-02	-4.011471e+00
3.688000e-05	-3.406489e-02	-4.105185e+00
3.689000e-05	-5.924493e-04	-4.137867e+00
3.690000e-05	-2.750396e-02	-4.181525e+00
3.691000e-05	3.917170e-02	-4.325286e+00
3.692000e-05	2.502241e-02	-4.378994e+00
3.693000e-05	-7.512471e-02	-4.421075e+00
3.694000e-05	1.380714e-02	-4.465230e+00
3.695000e-05	3.256636e-02	-4.609026e+00
3.696000e-05	-1.374581e-02	-4.674158e+00
3.697000e-05	-2.438509e-02	-4.714289e+00
3.698000e-05	-3.828512e-03	-4.829946e+00
3.699000e-05	4.654278e-02	-4.957759e+00
3.700000e-05	-3.825579e-02	-4.979422e+00
3.701000e-05	-2.749175e-02	-5.029078e+00
3.702000e-05	3.694231e-02	-5.076336e+00
3.703000e-05	-2.449093e-03	-5.169994e+00
3.704000e-05	-2.384826e-02	-5.220024e+00
3.705000e-05	-6.201512e-03	-5.294133e+00
3.706000e-05	1.641685e-02	-5.417995e+00
3.707000e-05	6.054543e-03	-5.446205e+00
3.708000e-05	-3.317682e-02	-5.556943e+00
3.709000e-05	6.303151e-03	-5.589999e+00
3.710000e-05	1.376401e-02	-5.611554e+00
3.711000e-05	-1.783527e-02	-5.662132e+00
3.712000e-05	-1.910773e-03	-5.696764e+00
3.713000e-05	-8.172441e-06	-5.765870e+00
3.714000e-05	2.224529e-03	-5.799946e+00
3.715000e-05	-1.271984e-02	-5.830505e+00
3.716000e-05	-4.813697e-03	-5.852683e+00
3.717000e-05	9.182063e-03	-5.927188e+00
3.718000e-05	-8.584721e-03	-5.948340e+00
3.719000e-05	-3.989387e-03	-5.999420e+00
3.720000e-05	-2.178349e-03	-5.998971e+00
3.721000e-05	-6.131308e-03	-5.988975e+00
3.722000e-05	-3.560936e-03	-5.989975e+00
3.723000e-05	-1.338752e-03	-6.030478e+00
3.724000e-05	-1.909066e-03	-6.020029e+00
3.725000e-05	-7.896794e-03	-6.062555e+00
3.726000e-05	-3.648951e-03	-6.072055e+00
3.727000e-05	5.308493e-04	-6.063183e+00
3.728000e-05	-5.761754e-03	-6.093709e+00
3.729000e-05	-6.640181e-03	-6.105163e+00
3.730000e-05	-8.536442e-04	-6.135761e+00
3.731000e-05	-3.291525e-03	-6.136266e+00
3.732000e-05	-5.886711e-03	-6.087764e+00
3.733000e-05	-5.580539e-03	-6.104370e+00
3.734000e-05	-2.172713e-03	-6.133739e+00
3.735000e-05	-4.641248e-03	-6.116763e+00
3.736000e-05	-5.812410e-03	-6.115217e+00
3.737000e-05	-2.543803e-03	-6.113188e+00
3.738000e-05	-4.323074e-03	-6.093687e+00
3.739000e-05	-4.192738e-03	-6.092687e+00
3.740000e-05	-5.397854e-03	-6.031605e+00
3.741000e-05	-4.288655e-03	-6.042055e+00
3.742000e-05	-4.165349e-03	-6.049551e+00
3.743000e-05	-3.960081e-03	-5.999978e+00
3.744000e-05	-3.884460e-03	-6.019972e+00
3.745000e-05	-4.900767e-03	-5.979425e+00
3.746000e-05	-4.268763e-03	-5.947471e+00
3.747000e-05	-3.870220e-03	-5.936393e+00
3.748000e-05	-4.738277e-03	-5.903285e+00
3.749000e-05	-5.014853e-03	-5.851607e+00
3.750000e-05	-3.248318e-03	-5.820503e+00
3.751000e-05	-3.914939e-03	-5.769396e+00
3.752000e-05	-5.146507e-03	-5.767440e+00
3.753000e-05	-4.681313e-03	-5.744637e+00
3.754000e-05	-3.985764e-03	-5.601584e+00
3.755000e-05	-4.310116e-03	-5.590549e+00
3.756000e-05	-4.804603e-03	-5.598473e+00
3.757000e-05	-3.991131e-03	-5.534418e+00
3.758000e-05	-4.751569e-03	-5.483163e+00
3.759000e-05	-4.438032e-03	-5.379721e+00
3.760000e-05	-3.592089e-03	-5.311188e+00
3.761000e-05	-3.701790e-03	-5.240974e+00
3.762000e-05	-5.184166e-03	-5.157900e+00
3.763000e-05	-4.405827e-03	-5.114190e+00
3.764000e-05	-3.671859e-03	-5.000059e+00
3.765000e-05	-4.714543e-03	-4.979351e+00
3.766000e-05	-4.001717e-03	-4.883693e+00
3.767000e-05	-4.298535e-03	-4.776430e+00
3.768000e-05	-3.534113e-03	-4.684664e+00
3.769000e-05	-5.952554e-03	-4.649604e+00
3.770000e-05	-2.371614e-03	-4.577923e+00
3.771000e-05	-3.173889e-03	-4.463141e+00
3.772000e-05	-4.697583e-03	-4.430560e+00
3.773000e-05	-6.122103e-03	-4.359501e+00
3.774000e-05	-3.059310e-03	-4.323740e+00
3.775000e-05	-3.618737e-03	-4.240555e+00
3.776000e-05	-5.183205e-03	-4.156420e+00
3.777000e-05	-4.588761e-03	-4.091162e+00
3.778000e-05	-2.983186e-03	-4.009978e+00
3.779000e-05	-4.377266e-03	-3.934417e+00
3.780000e-05	-4.364943e-03	-3.757557e+00
3.781000e-05	-2.970795e-03	-3.663638e+00
3.782000e-05	-3.305156e-03	-3.609526e+00
3.783000e-05	-5.453632e-03	-3.556217e+00
3.784000e-05	-4.585103e-03	-3.399981e+00
3.785000e-05	-2.703801e-03	-3.306272e+00
3.786000e-05	-4.086710e-03	-3.221030e+00
3.787000e-05	-5.252894e-03	-3.158872e+00
3.788000e-05	-3.024366e-03	-3.043664e+00
3.789000e-05	-4.427798e-03	-2.893217e+00
3.790000e-05	-4.296075e-03	-2.820501e+00
3.791000e-05	-4.938634e-03	-2.725793e+00
3.792000e-05	-2.888969e-03	-2.622478e+00
3.793000e-05	-4.706205e-03	-2.495268e+00
3.794000e-05	-4.829686e-03	-2.431053e+00
3.795000e-05	-4.625963e-03	-2.357947e+00
3.796000e-05	-4.258393e-03	-2.187985e+00
3.797000e-05	-4.397644e-03	-2.051680e+00
3.798000e-05	-5.218508e-03	-1.988374e+00
3.799000e-05	-4.411243e-03	-1.893139e+00
3.800000e-05	-3.407194e-03	-1.788451e+00
3.801000e-05	-3.547346e-03	-1.680639e+00
3.802000e-05	-4.275874e-03	-1.569426e+00
3.803000e-05	-4.828927e-03	-1.474090e+00
3.804000e-05	-4.521058e-03	-1.295167e+00
3.805000e-05	-3.576395e-03	-1.189402e+00
3.806000e-05	-4.515696e-03	-1.031108e+00
3.807000e-05	-4.507286e-03	-9.368934e-01
3.808000e-05	-5.399424e-03	-8.305074e-01
3.809000e-05	-4.578251e-03	-7.558211e-01
3.810000e-05	-4.431418e-03	-6.219826e-01
3.811000e-05	-4.032948e-03	-4.510890e-01
3.812000e-05	-4.391682e-03	-3.973748e-01
3.813000e-05	-4.410544e-03	-2.612103e-01
3.814000e-05	-4.339453e-03	-1.573759e-01
3.815000e-05	-3.041054e-03	-5.110895e-02
3.816000e-05	-2.228890e-03	2.160776e-02
3.817000e-05	5.943071e-05	1.578359e-01
3.818000e-05	-2.831044e-03	2.957094e-01
3.819000e-05	-1.284098e-03	4.100000e-01
3.820000e-05	-3.547800e-03	4.651818e-01
3.821000e-05	-2.630577e-03	6.109176e-01
3.822000e-05	-2.033793e-03	7.052294e-01
3.823000e-05	6.660545e-03	7.989711e-01
3.824000e-05	3.264813e-02	8.537078e-01
3.825000e-05	3.459189e-02	1.084681e+00
3.826000e-05	-3.758134e-02	1.283625e+00
3.827000e-05	-7.782958e-02	1.378920e+00
3.828000e-05	-4.930339e-02	1.411151e+00
3.829000e-05	1.275647e-01	1.538916e+00
3.830000e-05	-1.070313e-02	1.758391e+00
3.831000e-05	-1.031134e-01	1.758446e+00
3.832000e-05	6.766367e-02	1.822623e+00
3.833000e-05	2.977655e-02	1.970470e+00
3.834000e-05	-1.342008e-01	2.083236e+00
3.835000e-05	6.106764e-02	2.127891e+00
3.836000e-05	9.179749e-02	2.234153e+00
3.837000e-05	-1.417215e-01	2.399471e+00
3.838000e-05	3.824707e-02	2.442125e+00
3.839000e-05	8.393428e-02	2.568390e+00
3.840000e-05	-9.948416e-02	2.768340e+00
3.841000e-05	3.201759e-03	2.831074e+00
3.842000e-05	6.444507e-02	2.915811e+00
3.843000e-05	-6.915464e-02	3.009528e+00
3.844000e-05	2.047853e-02	3.124711e+00
3.845000e-05	2.145162e-02	3.189497e+00
3.846000e-05	-2.764558e-02	3.223683e+00
3.847000e-05	3.654874e-02	3.430447e+00
3.848000e-05	-2.253568e-02	3.588330e+00
3.849000e-05	-4.268381e-02	3.580474e+00
3.850000e-05	4.962241e-02	3.695634e+00
3.851000e-05	1.508070e-02	3.780492e+00
3.852000e-05	-5.198649e-02	3.874232e+00
3.853000e-05	2.263361e-02	3.989394e+00
3.854000e-05	4.602397e-03	4.010025e+00
3.855000e-05	-8.533596e-03	4.072081e+00
3.856000e-05	-1.186606e-02	4.192970e+00
3.857000e-05	4.255794e-03	4.368363e+00
3.858000e-05	1.802615e-02	4.430975e+00
3.859000e-05	-9.557563e-03	4.484154e+00
3.860000e-05	-2.245769e-02	4.526345e+00
3.861000e-05	3.967254e-04	4.600550e+00
3.862000e-05	2.939623e-02	4.664733e+00
3.863000e-05	-2.027659e-02	4.797919e+00
3.864000e-05	-1.724548e-02	4.820054e+00
3.865000e-05	1.852873e-02	4.915832e+00
3.866000e-05	1.088864e-02	5.029994e+00
3.867000e-05	-2.794191e-02	5.106815e+00
3.868000e-05	-4.654194e-03	5.210474e+00
3.869000e-05	1.790608e-02	5.284052e+00
3.870000e-05	-6.573933e-03	5.325342e+00
3.871000e-05	-1.198803e-02	5.389419e+00
3.872000e-05	1.129735e-03	5.442608e+00
3.873000e-05	1.148961e-02	5.495258e+00
3.874000e-05	-1.386295e-02	5.558316e+00
3.875000e-05	-6.022230e-03	5.579026e+00
3.876000e-05	6.189651e-03	5.600524e+00
3.877000e-05	1.247022e-04	5.713580e+00
3.878000e-05	-8.450274e-03	5.724208e+00
3.879000e-05	-7.052339e-04	5.730820e+00
3.880000e-05	5.578769e-03	5.842027e+00
3.881000e-05	-8.444395e-03	5.916607e+00
3.882000e-05	-3.182394e-03	5.967339e+00
3.883000e-05	1.547155e-03	5.999896e+00
3.884000e-05	2.622595e-03	5.999974e+00
3.885000e-05	-5.983346e-03	6.010026e+00
3.886000e-05	-5.787945e-04	6.000551e+00
3.887000e-05	-2.058801e-03	6.021079e+00
3.888000e-05	-4.728906e-03	6.073155e+00
3.889000e-05	4.013165e-04	6.113132e+00
3.890000e-05	1.235206e-03	6.092662e+00
3.891000e-05	-2.629686e-03	6.136793e+00
3.892000e-05	-5.873590e-03	6.136341e+00
3.893000e-05	4.220355e-04	6.166368e+00
3.894000e-05	8.092280e-05	6.189870e+00
3.895000e-05	-4.247516e-03	6.148419e+00
3.896000e-05	-1.937357e-03	6.168447e+00
3.897000e-05	-6.733737e-04	6.169398e+00
3.898000e-05	-2.094675e-03	6.188926e+00
3.899000e-05	-3.032925e-03	6.167396e+00
3.900000e-05	6.746428e-04	6.198475e+00
3.901000e-05	-2.614541e-03	6.168948e+00
3.902000e-05	-3.452593e-03	6.179420e+00
3.903000e-05	-2.178687e-03	6.207396e+00
3.904000e-05	-1.861829e-04	6.167921e+00
3.905000e-05	-1.793830e-03	6.146844e+00
3.906000e-05	-3.132185e-03	6.146845e+00
3.907000e-05	-1.887432e-03	6.104739e+00
3.908000e-05	-1.724043e-03	6.083762e+00
3.909000e-05	-3.896704e-04	6.032128e+00
3.910000e-05	-2.926526e-03	6.041556e+00
3.911000e-05	-2.534751e-03	6.031004e+00
3.912000e-05	-2.786715e-03	6.019525e+00
3.913000e-05	6.150533e-04	5.988925e+00
3.914000e-05	-2.783710e-03	5.937896e+00
3.915000e-05	-2.446450e-03	5.943818e+00
3.916000e-05	-1.888518e-03	5.891131e+00
3.917000e-05	-1.179730e-03	5.778370e+00
3.918000e-05	-1.909482e-03	5.743715e+00
3.919000e-05	-2.943828e-03	5.672085e+00
3.920000e-05	-1.399270e-03	5.630503e+00
3.921000e-05	-2.575536e-03	5.609022e+00
3.922000e-05	-2.795298e-03	5.587875e+00
3.923000e-05	-1.668447e-03	5.534289e+00
3.924000e-05	-2.857774e-03	5.481555e+00
3.925000e-05	-2.222238e-03	5.399475e+00
3.926000e-05	-3.701336e-03	5.368421e+00
3.927000e-05	-1.377943e-03	5.302210e+00
3.928000e-05	-3.433299e-03	5.220027e+00
3.929000e-05	-7.864732e-04	5.198349e+00
3.930000e-05	-3.453244e-03	5.083639e+00
3.931000e-05	-1.329151e-03	4.964792e+00
3.932000e-05	-4.344360e-03	4.870107e+00
3.933000e-05	-2.039063e-03	4.787950e+00
3.934000e-05	-2.888404e-03	4.754346e+00
3.935000e-05	-2.476464e-03	4.661557e+00
3.936000e-05	-4.096335e-03	4.617951e+00
3.937000e-05	-1.485475e-03	4.535289e+00
3.938000e-05	-3.834690e-03	4.441553e+00
3.939000e-05	-3.836506e-03	4.397950e+00
3.940000e-05	-2.836450e-03	4.315292e+00
3.941000e-05	-6.153088e-04	4.228475e+00
3.942000e-05	-2.462565e-03	4.101708e+00
3.943000e-05	-4.248679e-03	4.028925e+00
3.944000e-05	-2.880003e-03	3.916245e+00
3.945000e-05	-2.752375e-03	3.870582e+00
3.946000e-05	-3.859021e-03	3.777325e+00
3.947000e-05	-3.341569e-03	3.661188e+00
3.948000e-05	-1.373648e-03	3.608974e+00
3.949000e-05	-2.443306e-03	3.554342e+00
3.950000e-05	-3.837300e-03	3.409053e+00
3.951000e-05	-2.816111e-03	3.242587e+00
3.952000e-05	-2.735730e-03	3.197421e+00
3.953000e-05	-4.178197e-03	3.113666e+00
3.954000e-05	-3.272618e-03	3.008453e+00
3.955000e-05	-2.921805e-03	2.924291e+00
3.956000e-05	-2.946592e-03	2.830505e+00
3.957000e-05	-3.760707e-03	2.726395e+00
3.958000e-05	-2.133930e-03	2.629584e+00
3.959000e-05	-2.827339e-03	2.441209e+00
3.960000e-05	-3.432932e-03	2.386900e+00
3.961000e-05	-3.642793e-03	2.272088e+00
3.962000e-05	-3.438795e-03	2.196399e+00
3.963000e-05	-2.983597e-03	2.101634e+00
3.964000e-05	-3.357024e-03	1.999475e+00
3.965000e-05	-2.539017e-03	1.915764e+00
3.966000e-05	-2.889171e-03	1.815397e+00
3.967000e-05	-3.105613e-03	1.652534e+00
3.968000e-05	-3.344404e-03	1.584800e+00
3.969000e-05	-3.308688e-03	1.420551e+00
3.970000e-05	-3.588752e-03	1.314193e+00
3.971000e-05	-3.166484e-03	1.197472e+00
3.972000e-05	-3.054944e-03	1.071156e+00
3.973000e-05	-3.250609e-03	8.826892e-01
3.974000e-05	-4.003159e-03	7.789511e-01
3.975000e-05	-3.610429e-03	7.026417e-01
3.976000e-05	-3.184195e-03	5.875009e-01
3.977000e-05	-3.671130e-03	4.821866e-01
3.978000e-05	-2.674676e-03	3.978997e-01
3.979000e-05	-3.503973e-03	2.411116e-01
3.980000e-05	-3.041459e-03	9.326804e-02
3.981000e-05	-2.408463e-03	-9.988127e-04
3.982000e-05	-3.743148e-04	-9.575922e-02
3.983000e-05	1.122357e-03	-1.920463e-01
3.984000e-05	-2.270134e-03	-2.978609e-01
3.985000e-05	-1.184944e-03	-3.594725e-01
3.986000e-05	-2.538756e-03	-4.632080e-01
3.987000e-05	-2.115709e-03	-6.020726e-01
3.988000e-05	-2.099824e-03	-7.288172e-01
3.989000e-05	1.818714e-02	-8.220025e-01
3.990000e-05	5.350429e-02	-8.957632e-01
3.991000e-05	-1.631168e-02	-1.097255e+00
3.992000e-05	-7.349351e-02	-1.309306e+00
3.993000e-05	-7.512210e-02	-1.483208e+00
3.994000e-05	1.087400e-01	-1.433683e+00
3.995000e-05	2.802535e-02	-1.479284e+00
3.996000e-05	-1.131217e-01	-1.705705e+00
3.997000e-05	-2.257938e-04	-1.810025e+00
3.998000e-05	1.025730e-01	-1.792551e+00
3.999000e-05	-1.917643e-01	-1.949514e+00
4.000000e-05	-2.233513e-02	-2.093706e+00
4.001000e-05	1.650185e-01	-2.138393e+00
4.002000e-05	-9.241703e-02	-2.296807e+00
4.003000e-05	-7.453236e-02	-2.453128e+00
4.004000e-05	1.520918e-01	-2.456365e+00
4.005000e-05	-9.793942e-02	-2.624177e+00
4.006000e-05	-5.143955e-02	-2.779440e+00
4.007000e-05	1.028707e-01	-2.800525e+00
4.008000e-05	-6.200184e-02	-2.898884e+00
4.009000e-05	-4.184881e-03	-3.113686e+00
4.010000e-05	5.195188e-02	-3.138965e+00
4.011000e-05	-7.785283e-02	-3.295228e+00
4.012000e-05	5.180613e-02	-3.368446e+00
4.013000e-05	3.541724e-02	-3.441603e+00
4.014000e-05	-1.271207e-01	-3.549368e+00
4.015000e-05	9.080229e-02	-3.580000e+00
4.016000e-05	2.417044e-02	-3.663756e+00
4.017000e-05	-8.896502e-02	-3.854974e+00
4.018000e-05	5.195583e-02	-3.967391e+00
4.019000e-05	4.677797e-03	-4.021104e+00
4.020000e-05	-2.387848e-02	-4.103312e+00
4.021000e-05	-5.372254e-03	-4.158393e+00
4.022000e-05	-2.219703e-02	-4.261552e+00
4.023000e-05	5.757780e-02	-4.326890e+00
4.024000e-05	-1.149517e-02	-4.399449e+00
4.025000e-05	-6.394517e-02	-4.452080e+00
4.026000e-05	3.118382e-02	-4.517212e+00
4.027000e-05	2.233816e-02	-4.622651e+00
4.028000e-05	-1.916722e-02	-4.694137e+00
4.029000e-05	-2.482470e-02	-4.747864e+00
4.030000e-05	1.254381e-02	-4.844547e+00
4.031000e-05	3.625060e-02	-4.938888e+00
4.032000e-05	-5.703740e-02	-4.960021e+00
4.033000e-05	-5.477193e-03	-5.034629e+00
4.034000e-05	3.707517e-02	-5.104837e+00
4.035000e-05	-1.379497e-02	-5.179499e+00
4.036000e-05	-2.053034e-02	-5.221603e+00
4.037000e-05	-4.640261e-03	-5.339290e+00
4.038000e-05	2.280703e-02	-5.442603e+00
4.039000e-05	-9.208059e-03	-5.556366e+00
4.040000e-05	-2.797212e-02	-5.568970e+00
4.041000e-05	1.625299e-02	-5.600973e+00
4.042000e-05	4.763290e-03	-5.601550e+00
4.043000e-05	-1.661746e-02	-5.661732e+00
4.044000e-05	-1.202528e-04	-5.726788e+00
4.045000e-05	1.622720e-03	-5.779471e+00
4.046000e-05	-1.327171e-03	-5.800498e+00
4.047000e-05	-1.400649e-02	-5.831527e+00
4.048000e-05	1.114797e-03	-5.863183e+00
4.049000e-05	6.469303e-03	-5.916792e+00
4.050000e-05	-1.138886e-02	-5.957919e+00
4.051000e-05	-1.466545e-03	-5.968897e+00
4.052000e-05	-4.153429e-03	-5.979972e+00
4.053000e-05	-5.913386e-03	-5.989975e+00
4.054000e-05	-2.781295e-03	-6.020027e+00
4.055000e-05	-2.700305e-03	-6.010551e+00
4.056000e-05	-2.349140e-03	-6.041556e+00
4.057000e-05	-8.846825e-03	-6.032105e+00
4.058000e-05	-2.170911e-03	-6.073136e+00
4.059000e-05	-1.752279e-03	-6.043138e+00
4.060000e-05	-6.581883e-03	-6.063188e+00
4.061000e-05	-4.932247e-03	-6.093236e+00
4.062000e-05	-9.683416e-04	-6.074211e+00
4.063000e-05	-3.496563e-03	-6.137218e+00
4.064000e-05	-6.407656e-03	-6.115412e+00
4.065000e-05	-4.638966e-03	-6.133741e+00
4.066000e-05	-2.782840e-03	-6.113787e+00
4.067000e-05	-5.157272e-03	-6.136166e+00
4.068000e-05	-5.139821e-03	-6.055688e+00
4.069000e-05	-3.114990e-03	-6.093708e+00
4.070000e-05	-3.863972e-03	-6.053254e+00
4.071000e-05	-4.462986e-03	-6.082060e+00
4.072000e-05	-5.120505e-03	-6.011558e+00
4.073000e-05	-4.298946e-03	-6.041028e+00
4.074000e-05	-3.684696e-03	-6.010029e+00
4.075000e-05	-4.091301e-03	-6.010502e+00
4.076000e-05	-4.019092e-03	-5.999026e+00
4.077000e-05	-5.510748e-03	-5.959899e+00
4.078000e-05	-2.777708e-03	-5.976870e+00
4.079000e-05	-4.398998e-03	-5.924291e+00
4.080000e-05	-5.482558e-03	-5.903212e+00
4.081000e-05	-4.729336e-03	-5.862083e+00
4.082000e-05	-2.578159e-03	-5.830503e+00
4.083000e-05	-4.600316e-03	-5.798924e+00
4.084000e-05	-6.137626e-03	-5.745395e+00
4.085000e-05	-4.515210e-03	-5.702287e+00
4.086000e-05	-3.331177e-03	-5.671058e+00
4.087000e-05	-4.242166e-03	-5.609052e+00
4.088000e-05	-4.853352e-03	-5.559421e+00
4.089000e-05	-3.716022e-03	-5.464248e+00
4.090000e-05	-4.622551e-03	-5.441726e+00
4.091000e-05	-4.019284e-03	-5.336372e+00
4.092000e-05	-4.026786e-03	-5.300563e+00
4.093000e-05	-4.742921e-03	-5.230527e+00
4.094000e-05	-4.923915e-03	-5.148351e+00
4.095000e-05	-3.547061e-03	-5.103114e+00
4.096000e-05	-3.678178e-03	-5.010478e+00
4.097000e-05	-5.157607e-03	-4.946321e+00
4.098000e-05	-4.011103e-03	-4.859659e+00
4.099000e-05	-3.497772e-03	-4.756248e+00
4.100000e-05	-4.380087e-03	-4.683208e+00
4.101000e-05	-4.847219e-03	-4.631574e+00
4.102000e-05	-2.923837e-03	-4.557917e+00
4.103000e-05	-3.179177e-03	-4.492665e+00
4.104000e-05	-5.758880e-03	-4.431053e+00
4.105000e-05	-4.430428e-03	-4.397872e+00
4.106000e-05	-2.206691e-03	-4.324738e+00
4.107000e-05	-4.151959e-03	-4.199979e+00
4.108000e-05	-5.123398e-03	-4.126291e+00
4.109000e-05	-3.857538e-03	-4.031681e+00
4.110000e-05	-3.416336e-03	-3.959477e+00
4.111000e-05	-5.459305e-03	-3.913666e+00
4.112000e-05	-4.814127e-03	-3.756277e+00
4.113000e-05	-3.678647e-03	-3.661558e+00
4.114000e-05	-4.639778e-03	-3.578498e+00
4.115000e-05	-5.529072e-03	-3.532170e+00
4.116000e-05	-4.330463e-03	-3.418504e+00
4.117000e-05	-3.079419e-03	-3.294713e+00
4.118000e-05	-4.477333e-03	-3.240009e+00
4.119000e-05	-4.933329e-03	-3.135893e+00
4.120000e-05	-4.344649e-03	-3.021029e+00
4.121000e-05	-5.311619e-03	-2.841534e+00
4.122000e-05	-4.551516e-03	-2.789502e+00
4.123000e-05	-4.702778e-03	-2.695289e+00
4.124000e-05	-3.705356e-03	-2.559477e+00
4.125000e-05	-4.105555e-03	-2.473739e+00
4.126000e-05	-3.754914e-03	-2.390003e+00
4.127000e-05	-4.296863e-03	-2.314238e+00
4.128000e-05	-5.427793e-03	-2.147452e+00
4.129000e-05	-4.937131e-03	-2.051083e+00
4.130000e-05	-4.950324e-03	-1.966396e+00
4.131000e-05	-4.233945e-03	-1.884133e+00
4.132000e-05	-4.993943e-03	-1.756870e+00
4.133000e-05	-3.950456e-03	-1.621060e+00
4.134000e-05	-4.471717e-03	-1.586497e+00
4.135000e-05	-4.525423e-03	-1.450034e+00
4.136000e-05	-4.484795e-03	-1.261113e+00
4.137000e-05	-3.064707e-03	-1.185395e+00
4.138000e-05	-4.307781e-03	-1.019981e+00
4.139000e-05	-4.725776e-03	-8.857707e-01
4.140000e-05	-6.140524e-03	-8.215289e-01
4.141000e-05	-3.778515e-03	-7.252934e-01
4.142000e-05	-4.659068e-03	-6.179474e-01
4.143000e-05	-3.802946e-03	-4.305864e-01
4.144000e-05	-4.565991e-03	-3.369207e-01
4.145000e-05	-4.297023e-03	-2.421551e-01
4.146000e-05	-4.359711e-03	-1.047197e-01
4.147000e-05	-2.456141e-03	-3.055644e-02
4.148000e-05	-1.286449e-03	5.310527e-02
4.149000e-05	-5.677802e-04	1.729676e-01
4.150000e-05	-2.866380e-03	3.473172e-01
4.151000e-05	-1.728737e-03	4.110752e-01
4.152000e-05	-2.951434e-03	5.172857e-01
4.153000e-05	-2.152365e-03	6.120190e-01
4.154000e-05	-1.168201e-03	7.262622e-01
4.155000e-05	1.163318e-02	7.809976e-01
4.156000e-05	3.957752e-02	9.093347e-01
4.157000e-05	1.771828e-02	1.147362e+00
4.158000e-05	-5.245021e-02	1.295657e+00
4.159000e-05	-8.435808e-02	1.409471e+00
4.160000e-05	-7.731898e-04	1.452680e+00
4.161000e-05	1.272253e-01	1.631994e+00
4.162000e-05	-5.911424e-02	1.747340e+00
4.163000e-05	-8.951661e-02	1.769470e+00
4.164000e-05	1.137231e-01	1.875232e+00
4.165000e-05	-4.412583e-02	1.992995e+00
4.166000e-05	-9.041641e-02	2.083686e+00
4.167000e-05	9.868320e-02	2.157916e+00
4.168000e-05	3.347308e-02	2.326735e+00
4.169000e-05	-1.378751e-01	2.398500e+00
4.170000e-05	9.551223e-02	2.461554e+00
4.171000e-05	2.820363e-02	2.633023e+00
4.172000e-05	-1.028843e-01	2.769436e+00
4.173000e-05	4.704025e-02	2.823126e+00
4.174000e-05	2.718624e-02	2.966916e+00
4.175000e-05	-6.412092e-02	3.041178e+00
4.176000e-05	3.606919e-02	3.166890e+00
4.177000e-05	2.752642e-03	3.201504e+00
4.178000e-05	-2.098154e-02	3.245686e+00
4.179000e-05	4.346897e-02	3.434949e+00
4.180000e-05	-5.329853e-02	3.587465e+00
4.181000e-05	-1.152235e-02	3.621999e+00
4.182000e-05	5.022397e-02	3.736337e+00
4.183000e-05	-1.053153e-02	3.791475e+00
4.184000e-05	-3.855939e-02	3.893760e+00
4.185000e-05	2.749512e-02	3.999396e+00
4.186000e-05	-3.239644e-04	4.060549e+00
4.187000e-05	-1.546186e-02	4.094261e+00
4.188000e-05	-2.468271e-03	4.281574e+00
4.189000e-05	3.195364e-03	4.379469e+00
4.190000e-05	2.102556e-02	4.441023e+00
4.191000e-05	-2.156952e-02	4.462661e+00
4.192000e-05	-1.680631e-02	4.578915e+00
4.193000e-05	1.052679e-02	4.670950e+00
4.194000e-05	2.117296e-02	4.695210e+00
4.195000e-05	-2.763804e-02	4.779473e+00
4.196000e-05	-9.673451e-03	4.852074e+00
4.197000e-05	2.584763e-02	4.935758e+00
4.198000e-05	-4.063236e-03	5.033053e+00
4.199000e-05	-2.397920e-02	5.127841e+00
4.200000e-05	2.654696e-03	5.219025e+00
4.201000e-05	1.738636e-02	5.283154e+00
4.202000e-05	-1.352027e-02	5.347317e+00
4.203000e-05	-9.883142e-03	5.399499e+00
4.204000e-05	5.147131e-03	5.452128e+00
4.205000e-05	6.613602e-03	5.494288e+00
4.206000e-05	-1.290955e-02	5.557870e+00
4.207000e-05	-2.750010e-03	5.598971e+00
4.208000e-05	7.919353e-03	5.610003e+00
4.209000e-05	-6.514554e-03	5.693162e+00
4.210000e-05	-6.196836e-03	5.715737e+00
4.211000e-05	1.393623e-03	5.819918e+00
4.212000e-05	2.599387e-03	5.872107e+00
4.213000e-05	-9.710238e-03	5.944758e+00
4.214000e-05	-1.717467e-03	5.968895e+00
4.215000e-05	3.340548e-03	5.998975e+00
4.216000e-05	-1.288237e-03	5.999025e+00
4.217000e-05	-2.303764e-03	6.000049e+00
4.218000e-05	-3.711462e-04	6.020551e+00
4.219000e-05	-2.421480e-03	6.051082e+00
4.220000e-05	-6.394402e-03	6.072557e+00
4.221000e-05	1.631822e-03	6.093132e+00
4.222000e-05	3.006299e-04	6.135236e+00
4.223000e-05	-3.869690e-03	6.136316e+00
4.224000e-05	-4.517203e-03	6.126866e+00
4.225000e-05	2.329532e-03	6.187869e+00
4.226000e-05	8.278589e-04	6.167895e+00
4.227000e-05	-3.896797e-03	6.199372e+00
4.228000e-05	-1.527028e-03	6.198420e+00
4.229000e-05	-2.272148e-03	6.198474e+00
4.230000e-05	-2.843468e-03	6.179951e+00
4.231000e-05	-3.155432e-03	6.188346e+00
4.232000e-05	3.866479e-05	6.198975e+00
4.233000e-05	-1.336484e-03	6.206924e+00
4.234000e-05	-1.744034e-03	6.179401e+00
4.235000e-05	-4.269314e-04	6.177366e+00
4.236000e-05	-1.271146e-03	6.176795e+00
4.237000e-05	-1.735414e-03	6.165692e+00
4.238000e-05	-3.341309e-03	6.125845e+00
4.239000e-05	-4.084538e-04	6.135136e+00
4.240000e-05	-2.372485e-03	6.093238e+00
4.241000e-05	-5.946045e-04	6.093082e+00
4.242000e-05	-1.699702e-03	6.041104e+00
4.243000e-05	-1.151639e-03	6.000528e+00
4.244000e-05	-2.275397e-03	6.009979e+00
4.245000e-05	-1.624729e-03	5.989949e+00
4.246000e-05	-3.414288e-03	5.927347e+00
4.247000e-05	-3.522033e-03	5.881738e+00
4.248000e-05	-1.878915e-03	5.841534e+00
4.249000e-05	-2.305427e-03	5.785824e+00
4.250000e-05	-2.346773e-03	5.693264e+00
4.251000e-05	-2.716732e-03	5.652104e+00
4.252000e-05	-1.112564e-03	5.619501e+00
4.253000e-05	-3.324425e-03	5.588975e+00
4.254000e-05	-3.952671e-03	5.525347e+00
4.255000e-05	-2.677662e-03	5.553235e+00
4.256000e-05	-2.334014e-03	5.470606e+00
4.257000e-05	-2.478377e-03	5.399924e+00
4.258000e-05	-3.318245e-03	5.346841e+00
4.259000e-05	-2.620662e-03	5.262112e+00
4.260000e-05	-3.107908e-03	5.219999e+00
4.261000e-05	-1.873031e-03	5.136849e+00
4.262000e-05	-2.409125e-03	5.048526e+00
4.263000e-05	-2.544115e-03	4.992669e+00
4.264000e-05	-4.090389e-03	4.832029e+00
4.265000e-05	-2.827820e-03	4.828450e+00
4.266000e-05	-2.358122e-03	4.734316e+00
4.267000e-05	-3.661766e-03	4.632105e+00
4.268000e-05	-2.507379e-03	4.568351e+00
4.269000e-05	-2.518265e-03	4.494162e+00
4.270000e-05	-2.506486e-03	4.440003e+00
4.271000e-05	-2.667862e-03	4.409425e+00
4.272000e-05	-1.261902e-03	4.303812e+00
4.273000e-05	-2.092233e-03	4.187426e+00
4.274000e-05	-3.462808e-03	4.092087e+00
4.275000e-05	-3.754774e-03	3.988430e+00
4.276000e-05	-1.809822e-03	3.903689e+00
4.277000e-05	-2.136543e-03	3.841054e+00
4.278000e-05	-4.051621e-03	3.776271e+00
4.279000e-05	-3.337131e-03	3.641607e+00
4.280000e-05	-1.785262e-03	3.588920e+00
4.281000e-05	-2.998382e-03	3.554219e+00
4.282000e-05	-3.562186e-03	3.415372e+00
4.283000e-05	-2.130341e-03	3.250663e+00
4.284000e-05	-2.627344e-03	3.188370e+00
4.285000e-05	-4.230413e-03	3.053187e+00
4.286000e-05	-3.548243e-03	2.969476e+00
4.287000e-05	-3.030439e-03	2.922713e+00
4.288000e-05	-3.080930e-03	2.820000e+00
4.289000e-05	-3.255492e-03	2.754794e+00
4.290000e-05	-1.710833e-03	2.597378e+00
4.291000e-05	-2.435254e-03	2.450183e+00
4.292000e-05	-3.482373e-03	2.377848e+00
4.293000e-05	-3.488462e-03	2.232554e+00
4.294000e-05	-3.646867e-03	2.155795e+00
4.295000e-05	-3.042404e-03	2.050534e+00
4.296000e-05	-3.238405e-03	1.968425e+00
4.297000e-05	-3.291975e-03	1.871184e+00
4.298000e-05	-3.507759e-03	1.733770e+00
4.299000e-05	-2.648934e-03	1.673076e+00
4.300000e-05	-2.183281e-03	1.533766e+00
4.301000e-05	-2.697421e-03	1.398452e+00
4.302000e-05	-4.477999e-03	1.281718e+00
4.303000e-05	-3.252631e-03	1.158398e+00
4.304000e-05	-3.054007e-03	9.995300e-01
4.305000e-05	-3.595595e-03	8.506590e-01
4.306000e-05	-4.179110e-03	7.769485e-01
4.307000e-05	-3.078981e-03	6.621342e-01
4.308000e-05	-2.284957e-03	5.458221e-01
4.309000e-05	-3.482930e-03	4.200814e-01
4.310000e-05	-3.166468e-03	3.578960e-01
4.311000e-05	-3.972750e-03	1.999291e-01
4.312000e-05	-2.932660e-03	6.208758e-02
4.313000e-05	-2.775576e-03	-2.152626e-02
4.314000e-05	3.688816e-04	-1.484135e-01
4.315000e-05	5.692552e-04	-2.439990e-01
4.316000e-05	-2.194424e-03	-3.483609e-01
4.317000e-05	-3.025670e-03	-4.015251e-01
4.318000e-05	-2.124229e-03	-5.178131e-01
4.319000e-05	-1.419677e-03	-6.940540e-01
4.320000e-05	-5.570214e-05	-7.793987e-01
4.321000e-05	2.849925e-02	-8.225528e-01
4.322000e-05	4.806699e-02	-9.494674e-01
4.323000e-05	-4.236027e-02	-1.139937e+00
4.324000e-05	-7.759346e-02	-1.390089e+00
4.325000e-05	-5.460180e-02	-1.485209e+00
4.326000e-05	1.422585e-01	-1.381582e+00
4.327000e-05	-3.344289e-02	-1.568889e+00
4.328000e-05	-1.089411e-01	-1.747914e+00
4.329000e-05	7.380876e-02	-1.771503e+00
4.330000e-05	2.283179e-02	-1.832604e+00
4.331000e-05	-1.849316e-01	-1.980469e+00
4.332000e-05	4.623653e-02	-2.094092e+00
4.333000e-05	1.327384e-01	-2.187925e+00
4.334000e-05	-1.425872e-01	-2.349365e+00
4.335000e-05	6.614411e-03	-2.451559e+00
4.336000e-05	1.131027e-01	-2.497892e+00
4.337000e-05	-1.331759e-01	-2.695157e+00
4.338000e-05	3.845371e-03	-2.769971e+00
4.339000e-05	8.624183e-02	-2.812605e+00
4.340000e-05	-9.354247e-02	-2.998394e+00
4.341000e-05	4.935032e-02	-3.127236e+00
4.342000e-05	7.097371e-03	-3.211497e+00
4.343000e-05	-6.066415e-02	-3.304284e+00
4.344000e-05	8.221014e-02	-3.389396e+00
4.345000e-05	-2.704237e-02	-3.454205e+00
4.346000e-05	-9.119101e-02	-3.569844e+00
4.347000e-05	1.135341e-01	-3.620528e+00
4.348000e-05	-2.644045e-02	-3.718187e+00
4.349000e-05	-6.179331e-02	-3.873778e+00
4.350000e-05	6.525577e-02	-3.977972e+00
4.351000e-05	-2.148352e-02	-3.991553e+00
4.352000e-05	-1.098017e-02	-4.144736e+00
4.353000e-05	-1.456447e-02	-4.139496e+00
4.354000e-05	-7.898480e-03	-4.293107e+00
4.355000e-05	6.216849e-02	-4.337340e+00
4.356000e-05	-4.452784e-02	-4.410976e+00
4.357000e-05	-4.059271e-02	-4.442136e+00
4.358000e-05	3.851805e-02	-4.526342e+00
4.359000e-05	8.499415e-03	-4.642552e+00
4.360000e-05	-2.207386e-02	-4.713690e+00
4.361000e-05	-2.216449e-02	-4.758395e+00
4.362000e-05	2.906831e-02	-4.862713e+00
4.363000e-05	1.605881e-02	-4.957840e+00
4.364000e-05	-5.712234e-02	-4.989974e+00
4.365000e-05	1.492206e-02	-5.053129e+00
4.366000e-05	2.641489e-02	-5.176845e+00
4.367000e-05	-2.281180e-02	-5.180976e+00
4.368000e-05	-1.483189e-02	-5.203104e+00
4.369000e-05	1.518742e-04	-5.337787e+00
4.370000e-05	2.457500e-02	-5.442173e+00
4.371000e-05	-2.186901e-02	-5.535790e+00
4.372000e-05	-1.853726e-02	-5.578397e+00
4.373000e-05	2.098267e-02	-5.600051e+00
4.374000e-05	-5.653395e-03	-5.632681e+00
4.375000e-05	-1.269892e-02	-5.704657e+00
4.376000e-05	-6.389530e-04	-5.725418e+00
4.377000e-05	3.886547e-03	-5.777950e+00
4.378000e-05	-5.412696e-03	-5.830598e+00
4.379000e-05	-1.288332e-02	-5.822627e+00
4.380000e-05	4.705676e-03	-5.935238e+00
4.381000e-05	1.430405e-03	-5.924812e+00
4.382000e-05	-9.918537e-03	-5.967395e+00
4.383000e-05	2.837903e-04	-5.969422e+00
4.384000e-05	-5.292343e-03	-6.018950e+00
4.385000e-05	-6.356165e-03	-5.979976e+00
4.386000e-05	-2.186146e-03	-6.021026e+00
4.387000e-05	-2.006405e-03	-6.001054e+00
4.388000e-05	-3.527285e-03	-6.021077e+00
4.389000e-05	-8.777460e-03	-6.031604e+00
4.390000e-05	-2.656539e-04	-6.095080e+00
4.391000e-05	-2.109053e-03	-6.051711e+00
4.392000e-05	-7.543797e-03	-6.064657e+00
4.393000e-05	-4.561795e-03	-6.142735e+00
4.394000e-05	-1.486643e-03	-6.066318e+00
4.395000e-05	-4.239651e-03	-6.103237e+00
4.396000e-05	-6.374778e-03	-6.104686e+00
4.397000e-05	-2.696960e-03	-6.123288e+00
4.398000e-05	-3.215532e-03	-6.146190e+00
4.399000e-05	-5.388251e-03	-6.103786e+00
4.400000e-05	-3.994680e-03	-6.133189e+00
4.401000e-05	-2.445986e-03	-6.083162e+00
4.402000e-05	-4.428884e-03	-6.062587e+00
4.403000e-05	-4.652679e-03	-6.052105e+00
4.404000e-05	-3.658348e-03	-6.040133e+00
4.405000e-05	-4.077500e-03	-6.030529e+00
4.406000e-05	-3.174614e-03	-6.040529e+00
4.407000e-05	-3.891095e-03	-6.010028e+00
4.408000e-05	-3.697018e-03	-5.989000e+00
4.409000e-05	-4.537799e-03	-5.969397e+00
4.410000e-05	-4.284834e-03	-5.977420e+00
4.411000e-05	-4.792469e-03	-5.914791e+00
4.412000e-05	-5.182452e-03	-5.892688e+00
4.413000e-05	-2.565559e-03	-5.812080e+00
4.414000e-05	-3.372738e-03	-5.798976e+00
4.415000e-05	-4.985628e-03	-5.766369e+00
4.416000e-05	-5.772503e-03	-5.764844e+00
4.417000e-05	-3.093422e-03	-5.653611e+00
4.418000e-05	-3.732197e-03	-5.621578e+00
4.419000e-05	-5.428662e-03	-5.589952e+00
4.420000e-05	-3.575396e-03	-5.567397e+00
4.421000e-05	-2.724790e-03	-5.533242e+00
4.422000e-05	-3.965941e-03	-5.419008e+00
4.423000e-05	-4.715388e-03	-5.355271e+00
4.424000e-05	-3.787211e-03	-5.231612e+00
4.425000e-05	-5.140827e-03	-5.208954e+00
4.426000e-05	-5.012052e-03	-5.136797e+00
4.427000e-05	-3.974877e-03	-5.080662e+00
4.428000e-05	-3.220979e-03	-5.009979e+00
4.429000e-05	-3.502027e-03	-4.906870e+00
4.430000e-05	-3.920324e-03	-4.808580e+00
4.431000e-05	-3.784199e-03	-4.707338e+00
4.432000e-05	-4.236180e-03	-4.641135e+00
4.433000e-05	-3.430557e-03	-4.630377e+00
4.434000e-05	-3.466645e-03	-4.525847e+00
4.435000e-05	-4.636146e-03	-4.482137e+00
4.436000e-05	-5.774190e-03	-4.399476e+00
4.437000e-05	-2.894998e-03	-4.356297e+00
4.438000e-05	-1.653178e-03	-4.282613e+00
4.439000e-05	-5.446115e-03	-4.210951e+00
4.440000e-05	-5.022917e-03	-4.134767e+00
4.441000e-05	-2.671460e-03	-4.012030e+00
4.442000e-05	-3.909338e-03	-3.977370e+00
4.443000e-05	-5.988314e-03	-3.872184e+00
4.444000e-05	-4.900615e-03	-3.717244e+00
4.445000e-05	-2.443616e-03	-3.631507e+00
4.446000e-05	-5.423076e-03	-3.547895e+00
4.447000e-05	-6.014390e-03	-3.433585e+00
4.448000e-05	-3.905987e-03	-3.368949e+00
4.449000e-05	-3.624395e-03	-3.292711e+00
4.450000e-05	-6.004561e-03	-3.219005e+00
4.451000e-05	-4.578285e-03	-3.106243e+00
4.452000e-05	-3.712351e-03	-2.955501e+00
4.453000e-05	-3.490177e-03	-2.861035e+00
4.454000e-05	-5.246808e-03	-2.757897e+00
4.455000e-05	-5.468764e-03	-2.691087e+00
4.456000e-05	-4.341701e-03	-2.588376e+00
4.457000e-05	-5.417783e-03	-2.492134e+00
4.458000e-05	-3.865504e-03	-2.390474e+00
4.459000e-05	-4.708733e-03	-2.263188e+00
4.460000e-05	-5.132038e-03	-2.145846e+00
4.461000e-05	-5.228229e-03	-1.990029e+00
4.462000e-05	-4.880821e-03	-1.936869e+00
4.463000e-05	-3.693457e-03	-1.860579e+00
4.464000e-05	-4.286041e-03	-1.744817e+00
4.465000e-05	-3.364899e-03	-1.610560e+00
4.466000e-05	-4.196244e-03	-1.525692e+00
4.467000e-05	-3.741689e-03	-1.387856e+00
4.468000e-05	-4.370003e-03	-1.240079e+00
4.469000e-05	-3.375197e-03	-1.112743e+00
4.470000e-05	-5.199321e-03	-1.009930e+00
4.471000e-05	-4.662352e-03	-8.947131e-01
4.472000e-05	-5.042160e-03	-7.794786e-01
4.473000e-05	-3.584982e-03	-6.532919e-01
4.474000e-05	-4.288247e-03	-5.162220e-01
4.475000e-05	-2.944036e-03	-4.205537e-01
4.476000e-05	-4.194290e-03	-3.342208e-01
4.477000e-05	-4.800309e-03	-2.294826e-01
4.478000e-05	-3.168015e-03	-1.137930e-01
4.479000e-05	-2.409866e-03	-1.902999e-02
4.480000e-05	-2.823875e-04	8.567666e-02
4.481000e-05	-1.531493e-03	2.510701e-01
4.482000e-05	-1.693836e-03	3.694422e-01
4.483000e-05	-1.563537e-03	4.415752e-01
4.484000e-05	-3.386893e-03	5.773109e-01
4.485000e-05	-2.477236e-03	6.622064e-01
4.486000e-05	1.064709e-03	7.183886e-01
4.487000e-05	1.761770e-02	7.999776e-01
4.488000e-05	4.317951e-02	1.029414e+00
4.489000e-05	-1.638080e-03	1.230416e+00
4.490000e-05	-6.393636e-02	1.296813e+00
4.491000e-05	-8.679602e-02	1.401525e+00
4.492000e-05	5.298770e-02	1.474232e+00
4.493000e-05	9.705656e-02	1.632624e+00
4.494000e-05	-8.809632e-02	1.767439e+00
4.495000e-05	-5.954108e-02	1.779999e+00
4.496000e-05	1.299058e-01	1.897361e+00
4.497000e-05	-1.118067e-01	2.042152e+00
4.498000e-05	-3.541144e-02	2.095257e+00
4.499000e-05	1.203501e-01	2.180419e+00
4.500000e-05	-3.671435e-02	2.368412e+00
4.501000e-05	-9.431157e-02	2.400025e+00
4.502000e-05	1.206807e-01	2.475234e+00
4.503000e-05	-2.538013e-02	2.724182e+00
4.504000e-05	-8.034669e-02	2.819396e+00
4.505000e-05	7.263339e-02	2.853133e+00
4.506000e-05	-1.555161e-02	2.989369e+00
4.507000e-05	-3.945495e-02	3.073231e+00
4.508000e-05	4.156941e-02	3.159415e+00
4.509000e-05	-1.406313e-02	3.231051e+00
4.510000e-05	-4.850587e-03	3.275212e+00
4.511000e-05	3.407903e-02	3.444234e+00
4.512000e-05	-7.035739e-02	3.598944e+00
4.513000e-05	1.716939e-02	3.632653e+00
4.514000e-05	4.310649e-02	3.736786e+00
4.515000e-05	-3.412304e-02	3.812150e+00
4.516000e-05	-1.762774e-02	3.914813e+00
4.517000e-05	2.243306e-02	4.000425e+00
4.518000e-05	-2.252714e-03	4.032654e+00
4.519000e-05	-2.056917e-02	4.119464e+00
4.520000e-05	3.867713e-03	4.343703e+00
4.521000e-05	6.247807e-03	4.398922e+00
4.522000e-05	1.675999e-02	4.431551e+00
4.523000e-05	-2.703831e-02	4.525238e+00
4.524000e-05	-1.173137e-02	4.599971e+00
4.525000e-05	2.026458e-02	4.674157e+00
4.526000e-05	6.237165e-03	4.737211e+00
4.527000e-05	-2.759611e-02	4.779949e+00
4.528000e-05	-7.368745e-04	4.872229e+00
4.529000e-05	2.773430e-02	4.946943e+00
4.530000e-05	-1.756724e-02	5.036181e+00
4.531000e-05	-1.705717e-02	5.208390e+00
4.532000e-05	8.875629e-03	5.250529e+00
4.533000e-05	1.249022e-02	5.254236e+00
4.534000e-05	-1.717001e-02	5.367370e+00
4.535000e-05	-6.419160e-03	5.431528e+00
4.536000e-05	1.003161e-02	5.482682e+00
4.537000e-05	-3.283837e-04	5.525838e+00
4.538000e-05	-1.099516e-02	5.569396e+00
4.539000e-05	-1.185989e-03	5.599974e+00
4.540000e-05	8.147571e-03	5.601076e+00
4.541000e-05	-8.949998e-03	5.663157e+00
4.542000e-05	-3.427668e-03	5.716362e+00
4.543000e-05	2.708779e-03	5.798920e+00
4.544000e-05	2.900981e-04	5.892781e+00
4.545000e-05	-7.943303e-03	5.895757e+00
4.546000e-05	-9.426466e-04	5.989466e+00
4.547000e-05	4.303482e-03	5.999470e+00
4.548000e-05	-4.193996e-03	5.990001e+00
4.549000e-05	-4.313549e-04	6.031051e+00
4.550000e-05	-2.325322e-03	6.043004e+00
4.551000e-05	-2.264777e-03	6.071629e+00
4.552000e-05	-4.041632e-03	6.084182e+00
4.553000e-05	3.075250e-03	6.093232e+00
4.554000e-05	-8.677192e-04	6.093758e+00
4.555000e-05	-5.414318e-03	6.125814e+00
4.556000e-05	-2.069240e-03	6.156394e+00
4.557000e-05	1.098314e-03	6.177845e+00
4.558000e-05	-1.356076e-03	6.155920e+00
4.559000e-05	-5.138091e-03	6.168395e+00
4.560000e-05	1.707524e-04	6.198845e+00
4.561000e-05	-1.068432e-03	6.198445e+00
4.562000e-05	-2.517292e-03	6.179472e+00
4.563000e-05	-2.555320e-03	6.188473e+00
4.564000e-05	-4.396914e-04	6.176973e+00
4.565000e-05	-2.109184e-03	6.179846e+00
4.566000e-05	-2.726874e-03	6.157394e+00
4.567000e-05	-3.498636e-04	6.176921e+00
4.568000e-05	-1.678039e-03	6.157444e+00
4.569000e-05	-1.484442e-03	6.145742e+00
4.570000e-05	-3.034363e-03	6.124238e+00
4.571000e-05	-1.616343e-03	6.093789e+00
4.572000e-05	-1.394936e-03	6.062687e+00
4.573000e-05	-1.094629e-03	6.033632e+00
4.574000e-05	-2.294221e-03	6.019503e+00
4.575000e-05	-2.527055e-03	6.020530e+00
4.576000e-05	-1.966833e-03	5.989475e+00
4.577000e-05	-2.314858e-03	5.985972e+00
4.578000e-05	-2.813558e-03	5.927346e+00
4.579000e-05	-3.021256e-03	5.871816e+00
4.580000e-05	-6.729760e-04	5.839531e+00
4.581000e-05	-2.991791e-03	5.754293e+00
4.582000e-05	-3.363319e-03	5.671139e+00
4.583000e-05	-2.093359e-03	5.630579e+00
4.584000e-05	-1.188205e-03	5.590525e+00
4.585000e-05	-1.595652e-03	5.579397e+00
4.586000e-05	-2.910051e-03	5.556284e+00
4.587000e-05	-1.794139e-03	5.492236e+00
4.588000e-05	-3.565810e-03	5.461078e+00
4.589000e-05	-2.593243e-03	5.387451e+00
4.590000e-05	-2.457496e-03	5.334190e+00
4.591000e-05	-2.270738e-03	5.271059e+00
4.592000e-05	-2.812290e-03	5.188426e+00
4.593000e-05	-2.744796e-03	5.157192e+00
4.594000e-05	-1.737553e-03	4.999429e+00
4.595000e-05	-3.147291e-03	4.892164e+00
4.596000e-05	-2.509946e-03	4.841031e+00
4.597000e-05	-2.666684e-03	4.766897e+00
4.598000e-05	-1.373471e-03	4.704312e+00
4.599000e-05	-3.357171e-03	4.670553e+00
4.600000e-05	-2.104773e-03	4.605847e+00
4.601000e-05	-3.008739e-03	4.483208e+00
4.602000e-05	-3.114088e-03	4.430026e+00
4.603000e-05	-3.262746e-03	4.366920e+00
4.604000e-05	-1.187359e-03	4.270665e+00
4.605000e-05	-2.450906e-03	4.154741e+00
4.606000e-05	-3.562833e-03	4.030054e+00
4.607000e-05	-3.490955e-03	3.976447e+00
4.608000e-05	-1.808310e-03	3.873687e+00
4.609000e-05	-3.117047e-03	3.828951e+00
4.610000e-05	-3.069375e-03	3.712767e+00
4.611000e-05	-1.825678e-03	3.629603e+00
4.612000e-05	-1.721198e-03	3.568402e+00
4.613000e-05	-3.133786e-03	3.481662e+00
4.614000e-05	-2.525657e-03	3.345318e+00
4.615000e-05	-1.826389e-03	3.239556e+00
4.616000e-05	-2.732107e-03	3.165395e+00
4.617000e-05	-3.339226e-03	3.072138e+00
4.618000e-05	-2.862886e-03	2.947799e+00
4.619000e-05	-2.530960e-03	2.871560e+00
4.620000e-05	-3.009696e-03	2.788425e+00
4.621000e-05	-3.333145e-03	2.681662e+00
4.622000e-05	-2.750065e-03	2.536346e+00
4.623000e-05	-2.976902e-03	2.419978e+00
4.624000e-05	-3.405769e-03	2.335242e+00
4.625000e-05	-3.494189e-03	2.249029e+00
4.626000e-05	-3.261329e-03	2.135791e+00
4.627000e-05	-3.042155e-03	2.050033e+00
4.628000e-05	-2.889144e-03	1.976445e+00
4.629000e-05	-2.447656e-03	1.849659e+00
4.630000e-05	-3.757462e-03	1.714689e+00
4.631000e-05	-3.053874e-03	1.600081e+00
4.632000e-05	-3.678519e-03	1.492663e+00
4.633000e-05	-3.579405e-03	1.338425e+00
4.634000e-05	-3.211932e-03	1.221609e+00
4.635000e-05	-2.560183e-03	1.135342e+00
4.636000e-05	-2.763369e-03	9.654039e-01
4.637000e-05	-3.731895e-03	8.106303e-01
4.638000e-05	-3.777697e-03	7.557986e-01
4.639000e-05	-3.479135e-03	6.510564e-01
4.640000e-05	-4.164444e-03	5.242157e-01
4.641000e-05	-3.938046e-03	4.110288e-01
4.642000e-05	-2.903472e-03	3.357670e-01
4.643000e-05	-3.204559e-03	1.670486e-01
4.644000e-05	-2.514238e-03	1.108270e-02
4.645000e-05	-1.657431e-03	-3.265527e-02
4.646000e-05	4.378545e-04	-1.473710e-01
4.647000e-05	-6.066827e-05	-2.826326e-01
4.648000e-05	-2.668425e-03	-3.794148e-01
4.649000e-05	-2.379901e-03	-4.400526e-01
4.650000e-05	-2.714746e-03	-5.088385e-01
4.651000e-05	-3.029617e-03	-6.866819e-01
4.652000e-05	3.181261e-03	-7.795250e-01
4.653000e-05	4.025799e-02	-8.431280e-01
4.654000e-05	3.330060e-02	-1.001043e+00
4.655000e-05	-6.007569e-02	-1.182123e+00
4.656000e-05	-7.931150e-02	-1.432575e+00
4.657000e-05	-8.727290e-03	-1.441611e+00
4.658000e-05	1.313088e-01	-1.443603e+00
4.659000e-05	-7.970478e-02	-1.621020e+00
4.660000e-05	-1.013023e-01	-1.768470e+00
4.661000e-05	1.275843e-01	-1.808996e+00
4.662000e-05	-5.881178e-02	-1.874255e+00
4.663000e-05	-1.422433e-01	-2.043153e+00
4.664000e-05	1.080130e-01	-2.147760e+00
4.665000e-05	6.822461e-02	-2.152375e+00
4.666000e-05	-1.554356e-01	-2.380469e+00
4.667000e-05	8.268300e-02	-2.521657e+00
4.668000e-05	4.525282e-02	-2.519417e+00
4.669000e-05	-1.318422e-01	-2.716840e+00
4.670000e-05	5.287660e-02	-2.798947e+00
4.671000e-05	4.526409e-02	-2.843252e+00
4.672000e-05	-9.137808e-02	-2.990953e+00
4.673000e-05	8.003961e-02	-3.105238e+00
4.674000e-05	-3.793687e-02	-3.210553e+00
4.675000e-05	-2.763051e-02	-3.347867e+00
4.676000e-05	8.998238e-02	-3.408549e+00
4.677000e-05	-8.523980e-02	-3.477807e+00
4.678000e-05	-2.810894e-02	-3.579974e+00
4.679000e-05	1.040695e-01	-3.640578e+00
4.680000e-05	-6.730545e-02	-3.768393e+00
4.681000e-05	-2.144093e-02	-3.916735e+00
4.682000e-05	5.819857e-02	-3.988999e+00
4.683000e-05	-3.405066e-02	-4.063605e+00
4.684000e-05	-2.510769e-03	-4.156792e+00
4.685000e-05	-2.204515e-02	-4.182025e+00
4.686000e-05	1.451280e-02	-4.302778e+00
4.687000e-05	5.011828e-02	-4.327921e+00
4.688000e-05	-6.657764e-02	-4.440526e+00
4.689000e-05	-1.193769e-02	-4.442607e+00
4.690000e-05	3.723791e-02	-4.588448e+00
4.691000e-05	-2.653617e-03	-4.704129e+00
4.692000e-05	-2.345992e-02	-4.705264e+00
4.693000e-05	-1.401576e-02	-4.779475e+00
4.694000e-05	4.127447e-02	-4.886184e+00
4.695000e-05	-1.197757e-02	-4.936471e+00
4.696000e-05	-4.741827e-02	-5.021050e+00
4.697000e-05	2.919666e-02	-5.064185e+00
4.698000e-05	1.351357e-02	-5.157421e+00
4.699000e-05	-2.532356e-02	-5.190025e+00
4.700000e-05	-1.007729e-02	-5.273159e+00
4.701000e-05	7.004272e-03	-5.349973e+00
4.702000e-05	1.781710e-02	-5.463657e+00
4.703000e-05	-3.071343e-02	-5.558347e+00
4.704000e-05	-5.514040e-03	-5.589947e+00
4.705000e-05	1.973926e-02	-5.591551e+00
4.706000e-05	-1.437794e-02	-5.652704e+00
4.707000e-05	-7.041670e-03	-5.694236e+00
4.708000e-05	-2.941797e-04	-5.735893e+00
4.709000e-05	3.773275e-03	-5.799472e+00
4.710000e-05	-1.029976e-02	-5.821499e+00
4.711000e-05	-1.059230e-02	-5.842705e+00
4.712000e-05	8.315900e-03	-5.885287e+00
4.713000e-05	-4.727240e-03	-5.956318e+00
4.714000e-05	-7.442370e-03	-5.977367e+00
4.715000e-05	-8.160717e-04	-5.978950e+00
4.716000e-05	-5.896634e-03	-5.978975e+00
4.717000e-05	-5.257088e-03	-6.000474e+00
4.718000e-05	-2.088159e-03	-5.999549e+00
4.719000e-05	-1.993280e-03	-6.031028e+00
4.720000e-05	-5.637039e-03	-6.032554e+00
4.721000e-05	-7.048395e-03	-6.031656e+00
4.722000e-05	-4.351130e-07	-6.054132e+00
4.723000e-05	-4.607770e-03	-6.102659e+00
4.724000e-05	-7.438117e-03	-6.074159e+00
4.725000e-05	-1.857764e-03	-6.094188e+00
4.726000e-05	-2.054887e-03	-6.133913e+00
4.727000e-05	-4.806718e-03	-6.105241e+00
4.728000e-05	-6.399032e-03	-6.106206e+00
4.729000e-05	-2.199992e-03	-6.126386e+00
4.730000e-05	-4.025607e-03	-6.094738e+00
4.731000e-05	-4.834870e-03	-6.124266e+00
4.732000e-05	-3.442486e-03	-6.084810e+00
4.733000e-05	-3.176656e-03	-6.113237e+00
4.734000e-05	-5.420708e-03	-6.021684e+00
4.735000e-05	-5.318085e-03	-6.031056e+00
4.736000e-05	-3.603299e-03	-6.031030e+00
4.737000e-05	-3.333250e-03	-6.041025e+00
4.738000e-05	-3.628435e-03	-6.030526e+00
4.739000e-05	-3.860939e-03	-5.990501e+00
4.740000e-05	-3.552628e-03	-5.977972e+00
4.741000e-05	-3.463784e-03	-5.958871e+00
4.742000e-05	-3.623010e-03	-5.925793e+00
4.743000e-05	-4.651239e-03	-5.894842e+00
4.744000e-05	-5.661195e-03	-5.842105e+00
4.745000e-05	-2.522963e-03	-5.831051e+00
4.746000e-05	-3.203476e-03	-5.777928e+00
4.747000e-05	-4.476868e-03	-5.748395e+00
4.748000e-05	-4.701735e-03	-5.692814e+00
4.749000e-05	-2.798469e-03	-5.641110e+00
4.750000e-05	-4.447300e-03	-5.610454e+00
4.751000e-05	-4.223089e-03	-5.578447e+00
4.752000e-05	-4.074433e-03	-5.568348e+00
4.753000e-05	-4.030561e-03	-5.523143e+00
4.754000e-05	-5.041930e-03	-5.366929e+00
4.755000e-05	-3.710313e-03	-5.264296e+00
4.756000e-05	-3.520146e-03	-5.241058e+00
4.757000e-05	-4.644588e-03	-5.188901e+00
4.758000e-05	-3.792322e-03	-5.104218e+00
4.759000e-05	-3.977937e-03	-5.082557e+00
4.760000e-05	-4.451861e-03	-4.998427e+00
4.761000e-05	-4.605899e-03	-4.884288e+00
4.762000e-05	-3.890602e-03	-4.827994e+00
4.763000e-05	-3.698484e-03	-4.685144e+00
4.764000e-05	-4.668161e-03	-4.650610e+00
4.765000e-05	-4.080963e-03	-4.589377e+00
4.766000e-05	-3.168146e-03	-4.544743e+00
4.767000e-05	-3.960505e-03	-4.450558e+00
4.768000e-05	-5.144157e-03	-4.399026e+00
4.769000e-05	-3.735112e-03	-4.326270e+00
4.770000e-05	-3.344192e-03	-4.231159e+00
4.771000e-05	-4.607841e-03	-4.188999e+00
4.772000e-05	-5.107051e-03	-4.103763e+00
4.773000e-05	-3.879022e-03	-4.008978e+00
4.774000e-05	-3.516988e-03	-3.956921e+00
4.775000e-05	-6.263883e-03	-3.840560e+00
4.776000e-05	-3.899963e-03	-3.702740e+00
4.777000e-05	-4.063786e-03	-3.610551e+00
4.778000e-05	-3.933572e-03	-3.577295e+00
4.779000e-05	-4.426330e-03	-3.440133e+00
4.780000e-05	-2.341189e-03	-3.336875e+00
4.781000e-05	-4.603282e-03	-3.260660e+00
4.782000e-05	-6.342371e-03	-3.178397e+00
4.783000e-05	-5.128180e-03	-3.084212e+00
4.784000e-05	-6.353284e-03	-2.984798e+00
4.785000e-05	-4.670451e-03	-2.819505e+00
4.786000e-05	-5.192327e-03	-2.756422e+00
4.787000e-05	-3.742424e-03	-2.611635e+00
4.788000e-05	-3.036641e-03	-2.525900e+00
4.789000e-05	-2.720335e-03	-2.441580e+00
4.790000e-05	-3.154253e-03	-2.388447e+00
4.791000e-05	-4.275681e-03	-2.229160e+00
4.792000e-05	-6.531768e-03	-2.104298e+00
4.793000e-05	-6.242559e-03	-1.999000e+00
4.794000e-05	-5.010928e-03	-1.905241e+00
4.795000e-05	-3.983728e-03	-1.779029e+00
4.796000e-05	-3.519922e-03	-1.702268e+00
4.797000e-05	-2.664350e-03	-1.608980e+00
4.798000e-05	-3.873124e-03	-1.492220e+00
4.799000e-05	-4.115406e-03	-1.356928e+00
4.800000e-05	-3.722628e-03	-1.218000e+00
4.801000e-05	-3.777455e-03	-1.113666e+00
4.802000e-05	-4.920576e-03	-9.588711e-01
4.803000e-05	-5.757055e-03	-8.726878e-01
4.804000e-05	-5.603978e-03	-7.559475e-01
4.805000e-05	-4.420042e-03	-6.015629e-01
4.806000e-05	-2.479300e-03	-5.032179e-01
4.807000e-05	-2.762533e-03	-3.999524e-01
4.808000e-05	-4.229111e-03	-2.926905e-01
4.809000e-05	-3.929601e-03	-1.684521e-01
4.810000e-05	-3.327682e-03	-6.263533e-02
4.811000e-05	3.217531e-04	4.057507e-02
4.812000e-05	-5.112956e-04	1.362647e-01
4.813000e-05	-2.036571e-03	2.946283e-01
4.814000e-05	-2.174131e-03	3.694462e-01
4.815000e-05	-3.476073e-03	4.621053e-01
4.816000e-05	-2.045123e-03	5.678898e-01
4.817000e-05	-1.251469e-03	6.846818e-01
4.818000e-05	3.365562e-03	7.899174e-01
4.819000e-05	2.538019e-02	8.626778e-01
4.820000e-05	4.143015e-02	1.052070e+00
4.821000e-05	-2.008572e-02	1.252073e+00
4.822000e-05	-7.161866e-02	1.347365e+00
4.823000e-05	-7.420275e-02	1.401024e+00
4.824000e-05	9.707323e-02	1.537816e+00
4.825000e-05	4.550031e-02	1.686683e+00
4.826000e-05	-9.941565e-02	1.798421e+00
4.827000e-05	3.150385e-03	1.791573e+00
4.828000e-05	9.322912e-02	1.958419e+00
4.829000e-05	-1.420697e-01	2.071659e+00
4.830000e-05	1.674732e-02	2.106238e+00
4.831000e-05	1.166256e-01	2.213550e+00
4.832000e-05	-9.863431e-02	2.378941e+00
4.833000e-05	-2.839704e-02	2.421554e+00
4.834000e-05	1.142777e-01	2.545715e+00
4.835000e-05	-7.136299e-02	2.756832e+00
4.836000e-05	-4.186494e-02	2.810500e+00
4.837000e-05	7.931770e-02	2.894685e+00
4.838000e-05	-4.767756e-02	2.998448e+00
4.839000e-05	-1.089759e-02	3.106262e+00
4.840000e-05	3.383475e-02	3.189394e+00
4.841000e-05	-2.143972e-02	3.233128e+00
4.842000e-05	1.666185e-02	3.348940e+00
4.843000e-05	9.355222e-03	3.525312e+00
4.844000e-05	-6.437537e-02	3.610024e+00
4.845000e-05	3.909675e-02	3.672632e+00
4.846000e-05	2.913544e-02	3.788845e+00
4.847000e-05	-4.874321e-02	3.832707e+00
4.848000e-05	6.807517e-03	3.947391e+00
4.849000e-05	1.225513e-02	3.980524e+00
4.850000e-05	-6.293015e-03	4.053653e+00
4.851000e-05	-1.769822e-02	4.150340e+00
4.852000e-05	6.271232e-03	4.327764e+00
4.853000e-05	1.097121e-02	4.410476e+00
4.854000e-05	3.410632e-03	4.441627e+00
4.855000e-05	-2.628084e-02	4.556336e+00
4.856000e-05	-6.622462e-03	4.591422e+00
4.857000e-05	2.617805e-02	4.683758e+00
4.858000e-05	-6.798048e-03	4.766887e+00
4.859000e-05	-2.217947e-02	4.810025e+00
4.860000e-05	7.799458e-03	4.852157e+00
4.861000e-05	2.173994e-02	4.988386e+00
4.862000e-05	-2.532126e-02	5.104764e+00
4.863000e-05	-1.019368e-02	5.179445e+00
4.864000e-05	1.374611e-02	5.240578e+00
4.865000e-05	3.537710e-03	5.334788e+00
4.866000e-05	-1.559318e-02	5.399922e+00
4.867000e-05	-3.299972e-03	5.410051e+00
4.868000e-05	1.332500e-02	5.456132e+00
4.869000e-05	-6.329482e-03	5.594267e+00
4.870000e-05	-8.539274e-03	5.600470e+00
4.871000e-05	2.357563e-03	5.610474e+00
4.872000e-05	5.457159e-03	5.651653e+00
4.873000e-05	-9.509941e-03	5.685135e+00
4.874000e-05	-1.966644e-03	5.727391e+00
4.875000e-05	5.062253e-03	5.870999e+00
4.876000e-05	-4.817422e-03	5.925128e+00
4.877000e-05	-6.958673e-03	5.937313e+00
4.878000e-05	9.322952e-04	5.988947e+00
4.879000e-05	4.280970e-03	5.978975e+00
4.880000e-05	-4.472020e-03	5.999999e+00
4.881000e-05	-7.432745e-04	6.050504e+00
4.882000e-05	-2.332123e-03	6.062529e+00
4.883000e-05	-3.408232e-03	6.071108e+00
4.884000e-05	-1.257066e-03	6.111236e+00
4.885000e-05	2.165257e-03	6.125261e+00
4.886000e-05	-5.893773e-04	6.146841e+00
4.887000e-05	-5.259869e-03	6.136817e+00
4.888000e-05	-3.006972e-04	6.137295e+00
4.889000e-05	1.226543e-04	6.167323e+00
4.890000e-05	-1.834698e-03	6.178895e+00
4.891000e-05	-2.366095e-03	6.157471e+00
4.892000e-05	3.731247e-04	6.177925e+00
4.893000e-05	-2.077852e-03	6.177996e+00
4.894000e-05	-4.084124e-03	6.199444e+00
4.895000e-05	-8.057245e-04	6.188474e+00
4.896000e-05	-1.122091e-03	6.199399e+00
4.897000e-05	-1.653662e-03	6.168972e+00
4.898000e-05	-2.975848e-03	6.166949e+00
4.899000e-05	2.126369e-04	6.177847e+00
4.900000e-05	-2.574967e-03	6.165870e+00
4.901000e-05	-3.657334e-03	6.116793e+00
4.902000e-05	-2.764474e-03	6.124736e+00
4.903000e-05	-1.613876e-03	6.093787e+00
4.904000e-05	-1.218380e-03	6.062063e+00
4.905000e-05	-1.805581e-03	6.041009e+00
4.906000e-05	-1.295199e-03	6.000529e+00
4.907000e-05	-2.398396e-03	5.990476e+00
4.908000e-05	-1.357468e-03	5.990475e+00
4.909000e-05	-2.389670e-03	5.948375e+00
4.910000e-05	-2.160033e-03	5.946343e+00
4.911000e-05	-2.202665e-03	5.924662e+00
4.912000e-05	-1.389962e-03	5.868532e+00
4.913000e-05	-2.122540e-03	5.764770e+00
4.914000e-05	-3.432981e-03	5.662133e+00
4.915000e-05	-1.623375e-03	5.631604e+00
4.916000e-05	-1.983007e-03	5.579423e+00
4.917000e-05	-8.343309e-04	5.546897e+00
4.918000e-05	-1.683517e-03	5.515266e+00
4.919000e-05	-2.408628e-03	5.492162e+00
4.920000e-05	-3.344103e-03	5.431005e+00
4.921000e-05	-3.597948e-03	5.388474e+00
4.922000e-05	-1.354294e-03	5.293767e+00
4.923000e-05	-2.607010e-03	5.252035e+00
4.924000e-05	-1.787929e-03	5.179020e+00
4.925000e-05	-3.148270e-03	5.113143e+00
4.926000e-05	-2.413218e-04	4.966953e+00
4.927000e-05	-3.282739e-03	4.893135e+00
4.928000e-05	-2.162021e-03	4.820055e+00
4.929000e-05	-2.889313e-03	4.755870e+00
4.930000e-05	-8.048726e-04	4.722138e+00
4.931000e-05	-3.369314e-03	4.639476e+00
4.932000e-05	-2.187934e-03	4.564820e+00
4.933000e-05	-2.437318e-03	4.482084e+00
4.934000e-05	-2.261332e-03	4.389499e+00
4.935000e-05	-3.133415e-03	4.357344e+00
4.936000e-05	-1.259167e-03	4.270930e+00
4.937000e-05	-2.446561e-03	4.134167e+00
4.938000e-05	-2.784012e-03	4.019524e+00
4.939000e-05	-2.121926e-03	3.988220e+00
4.940000e-05	-2.503298e-03	3.862762e+00
4.941000e-05	-2.759803e-03	3.777947e+00
4.942000e-05	-2.538871e-03	3.693767e+00
4.943000e-05	-1.317289e-03	3.618503e+00
4.944000e-05	-2.546635e-03	3.578347e+00
4.945000e-05	-3.142423e-03	3.440559e+00
4.946000e-05	-3.085716e-03	3.302188e+00
4.947000e-05	-3.465029e-03	3.188001e+00
4.948000e-05	-2.808032e-03	3.145792e+00
4.949000e-05	-3.037447e-03	3.000577e+00
4.950000e-05	-2.537049e-03	2.924796e+00
4.951000e-05	-2.654181e-03	2.832033e+00
4.952000e-05	-3.880713e-03	2.778421e+00
4.953000e-05	-2.232305e-03	2.672009e+00
4.954000e-05	-2.049993e-03	2.543243e+00
4.955000e-05	-3.178815e-03	2.399478e+00
4.956000e-05	-3.468454e-03	2.344716e+00
4.957000e-05	-2.633232e-03	2.177929e+00
4.958000e-05	-2.663094e-03	2.123664e+00
4.959000e-05	-2.473572e-03	1.990503e+00
4.960000e-05	-3.060291e-03	1.925869e+00
4.961000e-05	-3.353002e-03	1.809024e+00
4.962000e-05	-3.792537e-03	1.694111e+00
4.963000e-05	-3.554991e-03	1.588950e+00
4.964000e-05	-2.962913e-03	1.430958e+00
4.965000e-05	-3.867519e-03	1.324744e+00
4.966000e-05	-3.703109e-03	1.200505e+00
4.967000e-05	-4.042300e-03	1.111739e+00
4.968000e-05	-2.685599e-03	9.152457e-01
4.969000e-05	-3.564387e-03	7.994525e-01
4.970000e-05	-3.382848e-03	7.347447e-01
4.971000e-05	-4.267534e-03	5.989748e-01
4.972000e-05	-3.765134e-03	4.836680e-01
4.973000e-05	-4.094585e-03	4.299536e-01
4.974000e-05	-3.199768e-03	3.346619e-01
4.975000e-05	-3.553112e-03	1.348420e-01
4.976000e-05	-2.017657e-03	4.047381e-02
4.977000e-05	-1.909967e-03	-6.518021e-02
4.978000e-05	4.373146e-05	-1.704738e-01
4.979000e-05	-1.107807e-03	-3.048093e-01
4.980000e-05	-2.079865e-03	-3.899449e-01
4.981000e-05	-2.921458e-03	-4.331043e-01
4.982000e-05	-2.269024e-03	-5.509423e-01
4.983000e-05	-1.780196e-03	-7.283107e-01
4.984000e-05	9.602203e-03	-8.415263e-01
4.985000e-05	4.852447e-02	-8.947082e-01
4.986000e-05	1.069523e-02	-1.063628e+00
4.987000e-05	-6.985708e-02	-1.266754e+00
4.988000e-05	-7.777430e-02	-1.454182e+00
4.989000e-05	4.974603e-02	-1.462686e+00
4.990000e-05	8.714706e-02	-1.433214e+00
4.991000e-05	-1.037264e-01	-1.643200e+00
4.992000e-05	-7.131405e-02	-1.780946e+00
4.993000e-05	1.430810e-01	-1.791576e+00
4.994000e-05	-1.414437e-01	-1.897811e+00
4.995000e-05	-7.999000e-02	-2.074650e+00
4.996000e-05	1.470570e-01	-2.085717e+00
4.997000e-05	-1.206075e-02	-2.253128e+00
4.998000e-05	-1.291412e-01	-2.400054e+00
4.999000e-05	1.327989e-01	-2.443684e+00
