# 260408_14:42:17.458266
t	CH1	CH2
0.000000e+00	-3.389894e-03	1.155525e-02
1.000000e-08	-2.290486e-03	-2.113795e-02
2.000000e-08	7.606199e-04	-1.778459e-01
3.000000e-08	-8.454646e-04	-2.326095e-01
4.000000e-08	-5.355256e-04	-3.478970e-01
5.000000e-08	-2.315979e-03	-4.305265e-01
6.000000e-08	-1.241329e-03	-4.833409e-01
7.000000e-08	-3.125709e-03	-6.842342e-01
8.000000e-08	4.768809e-03	-7.400012e-01
9.000000e-08	4.126875e-02	-8.436103e-01
1.000000e-07	3.679319e-02	-9.614803e-01
1.100000e-07	-7.165988e-02	-1.201532e+00
1.200000e-07	-7.637488e-02	-1.431049e+00
1.300000e-07	1.688095e-02	-1.429476e+00
1.400000e-07	1.182385e-01	-1.393057e+00
1.500000e-07	-5.490978e-02	-1.561058e+00
1.600000e-07	-1.599704e-01	-1.746401e+00
1.700000e-07	1.814459e-01	-1.789424e+00
1.800000e-07	-1.354328e-01	-1.853687e+00
1.900000e-07	-1.363690e-01	-2.012002e+00
2.000000e-07	1.508640e-01	-2.074282e+00
2.100000e-07	4.906604e-02	-2.211074e+00
2.200000e-07	-1.896742e-01	-2.367928e+00
2.300000e-07	1.452998e-01	-2.431708e+00
2.400000e-07	6.910324e-03	-2.566871e+00
2.500000e-07	-1.340733e-01	-2.706741e+00
2.600000e-07	8.034784e-02	-2.768897e+00
2.700000e-07	3.507116e-02	-2.843137e+00
2.800000e-07	-1.076928e-01	-2.992501e+00
2.900000e-07	1.126882e-01	-3.045711e+00
3.000000e-07	-6.303629e-02	-3.211431e+00
3.100000e-07	-2.829010e-02	-3.307763e+00
3.200000e-07	1.268897e-01	-3.388948e+00
3.300000e-07	-1.400826e-01	-3.487241e+00
3.400000e-07	7.786208e-03	-3.588374e+00
3.500000e-07	1.157344e-01	-3.591578e+00
3.600000e-07	-9.822000e-02	-3.666796e+00
3.700000e-07	-3.764511e-03	-3.885662e+00
3.800000e-07	6.401644e-02	-3.999896e+00
3.900000e-07	-4.239231e-02	-4.052680e+00
4.000000e-07	-1.049851e-05	-4.134820e+00
4.100000e-07	-2.234056e-02	-4.181023e+00
4.200000e-07	2.954229e-02	-4.284712e+00
4.300000e-07	5.248684e-02	-4.358344e+00
4.400000e-07	-8.390716e-02	-4.399979e+00
4.500000e-07	8.227461e-03	-4.431609e+00
4.600000e-07	4.104029e-02	-4.569372e+00
4.700000e-07	-1.141164e-02	-4.682129e+00
4.800000e-07	-1.981172e-02	-4.675186e+00
4.900000e-07	-1.275807e-02	-4.757921e+00
5.000000e-07	5.900889e-02	-4.863660e+00
5.100000e-07	-3.105851e-02	-4.916841e+00
5.200000e-07	-3.546164e-02	-5.010005e+00
5.300000e-07	4.117222e-02	-5.072733e+00
5.400000e-07	7.129516e-03	-5.117321e+00
5.500000e-07	-2.549969e-02	-5.200450e+00
5.600000e-07	-2.822015e-03	-5.253132e+00
5.700000e-07	1.415300e-02	-5.337849e+00
5.800000e-07	1.675913e-02	-5.443159e+00
5.900000e-07	-3.062165e-02	-5.547342e+00
6.000000e-07	3.489283e-03	-5.579397e+00
6.100000e-07	2.447919e-02	-5.600451e+00
6.200000e-07	-1.858069e-02	-5.640554e+00
6.300000e-07	2.191294e-03	-5.664709e+00
6.400000e-07	1.809770e-03	-5.746817e+00
6.500000e-07	7.666103e-03	-5.768394e+00
6.600000e-07	-7.398758e-03	-5.779424e+00
6.700000e-07	-3.947488e-03	-5.852103e+00
6.800000e-07	1.506873e-02	-5.885661e+00
6.900000e-07	-5.601746e-03	-5.905739e+00
7.000000e-07	1.358548e-03	-5.957821e+00
7.100000e-07	2.687571e-03	-5.957846e+00
7.200000e-07	-1.559002e-03	-5.970467e+00
7.300000e-07	-8.228179e-04	-5.989475e+00
7.400000e-07	3.939915e-03	-6.000001e+00
7.500000e-07	4.906130e-03	-6.000554e+00
7.600000e-07	-1.003947e-03	-6.001553e+00
7.700000e-07	1.333108e-04	-6.033578e+00
7.800000e-07	6.794345e-03	-6.054080e+00
7.900000e-07	1.048672e-03	-6.033578e+00
8.000000e-07	-3.180736e-03	-6.064158e+00
8.100000e-07	6.745619e-03	-6.043579e+00
8.200000e-07	4.376814e-03	-6.115562e+00
8.300000e-07	2.302027e-03	-6.064712e+00
8.400000e-07	7.212669e-04	-6.083634e+00
8.500000e-07	6.476341e-03	-6.125209e+00
8.600000e-07	4.523988e-03	-6.102207e+00
8.700000e-07	1.993898e-03	-6.084086e+00
8.800000e-07	5.872237e-03	-6.085208e+00
8.900000e-07	5.714318e-03	-6.084607e+00
9.000000e-07	5.658959e-03	-6.043080e+00
9.100000e-07	2.643741e-03	-6.062151e+00
9.200000e-07	7.924458e-03	-6.032078e+00
9.300000e-07	8.038561e-03	-6.031025e+00
9.400000e-07	7.435550e-03	-5.999998e+00
9.500000e-07	7.013309e-03	-5.989422e+00
9.600000e-07	8.494974e-03	-5.988947e+00
9.700000e-07	9.903737e-03	-5.957792e+00
9.800000e-07	9.597103e-03	-5.956309e+00
9.900000e-07	8.666599e-03	-5.885158e+00
1.000000e-06	9.461109e-03	-5.842025e+00
1.010000e-06	1.311137e-02	-5.859923e+00
1.020000e-06	1.272589e-02	-5.767845e+00
1.030000e-06	1.291539e-02	-5.725789e+00
1.040000e-06	1.295740e-02	-5.662552e+00
1.050000e-06	1.314749e-02	-5.611552e+00
1.060000e-06	1.367897e-02	-5.620500e+00
1.070000e-06	1.338671e-02	-5.598468e+00
1.080000e-06	1.632556e-02	-5.577313e+00
1.090000e-06	1.345413e-02	-5.502529e+00
1.100000e-06	1.255463e-02	-5.379313e+00
1.110000e-06	1.269798e-02	-5.284683e+00
1.120000e-06	1.301713e-02	-5.200446e+00
1.130000e-06	1.143445e-02	-5.188895e+00
1.140000e-06	1.122347e-02	-5.112633e+00
1.150000e-06	1.194473e-02	-5.031526e+00
1.160000e-06	9.029181e-03	-4.967446e+00
1.170000e-06	9.026180e-03	-4.875230e+00
1.180000e-06	9.056082e-03	-4.780719e+00
1.190000e-06	7.860261e-03	-4.693206e+00
1.200000e-06	5.092191e-03	-4.620056e+00
1.210000e-06	5.792293e-03	-4.619417e+00
1.220000e-06	6.119498e-03	-4.493783e+00
1.230000e-06	4.713738e-03	-4.422075e+00
1.240000e-06	3.104464e-03	-4.388972e+00
1.250000e-06	4.130567e-03	-4.313208e+00
1.260000e-06	4.179682e-03	-4.200478e+00
1.270000e-06	2.909790e-03	-4.177441e+00
1.280000e-06	2.637135e-03	-4.080557e+00
1.290000e-06	3.151397e-03	-3.998996e+00
1.300000e-06	3.214223e-04	-3.917362e+00
1.310000e-06	-3.584450e-04	-3.769367e+00
1.320000e-06	1.094800e-03	-3.702607e+00
1.330000e-06	1.768568e-03	-3.609997e+00
1.340000e-06	7.119843e-05	-3.534711e+00
1.350000e-06	1.314281e-03	-3.408900e+00
1.360000e-06	2.349445e-04	-3.326756e+00
1.370000e-06	1.068445e-03	-3.241028e+00
1.380000e-06	-2.981021e-03	-3.158471e+00
1.390000e-06	1.203691e-03	-3.053554e+00
1.400000e-06	-2.325360e-03	-2.884705e+00
1.410000e-06	-1.493325e-03	-2.821022e+00
1.420000e-06	-2.385473e-03	-2.766758e+00
1.430000e-06	9.961852e-04	-2.582074e+00
1.440000e-06	-1.892949e-03	-2.515237e+00
1.450000e-06	-1.260504e-03	-2.443549e+00
1.460000e-06	-2.054732e-03	-2.357393e+00
1.470000e-06	-8.607595e-04	-2.230551e+00
1.480000e-06	-3.107825e-03	-2.091204e+00
1.490000e-06	-2.864286e-03	-1.988467e+00
1.500000e-06	-3.198060e-03	-1.895209e+00
1.510000e-06	-1.986271e-03	-1.797893e+00
1.520000e-06	-2.583602e-03	-1.652683e+00
1.530000e-06	-1.914884e-03	-1.598849e+00
1.540000e-06	-2.718735e-03	-1.451183e+00
1.550000e-06	-3.168281e-03	-1.334265e+00
1.560000e-06	-2.154522e-03	-1.177946e+00
1.570000e-06	-3.065842e-03	-1.061553e+00
1.580000e-06	-2.781086e-03	-9.757405e-01
1.590000e-06	-4.185014e-03	-8.115725e-01
1.600000e-06	-3.752444e-03	-7.783971e-01
1.610000e-06	-2.863095e-03	-6.213713e-01
1.620000e-06	-3.144682e-03	-4.621566e-01
1.630000e-06	-2.556532e-03	-3.678909e-01
1.640000e-06	-3.327493e-03	-2.621341e-01
1.650000e-06	-3.278124e-03	-1.563421e-01
1.660000e-06	-3.040914e-03	-4.310145e-02
1.670000e-06	-1.954038e-03	3.205514e-02
1.680000e-06	1.234449e-03	1.574687e-01
1.690000e-06	-3.215002e-03	3.153173e-01
1.700000e-06	-3.776306e-04	3.995000e-01
1.710000e-06	-3.536074e-03	4.737354e-01
1.720000e-06	-1.615048e-03	5.794988e-01
1.730000e-06	-3.013319e-03	6.781644e-01
1.740000e-06	4.733647e-03	8.490239e-01
1.750000e-06	2.322970e-02	8.751381e-01
1.760000e-06	4.954290e-02	1.075270e+00
1.770000e-06	-3.738850e-02	1.213187e+00
1.780000e-06	-5.620706e-02	1.378875e+00
1.790000e-06	-9.893819e-02	1.431557e+00
1.800000e-06	1.520343e-01	1.540875e+00
1.810000e-06	-1.702636e-04	1.776818e+00
1.820000e-06	-1.102649e-01	1.790472e+00
1.830000e-06	4.112164e-02	1.813684e+00
1.840000e-06	8.702120e-02	1.988896e+00
1.850000e-06	-1.505487e-01	2.084238e+00
1.860000e-06	2.033140e-02	2.127315e+00
1.870000e-06	1.488067e-01	2.224661e+00
1.880000e-06	-1.576003e-01	2.420474e+00
1.890000e-06	8.147485e-03	2.410580e+00
1.900000e-06	1.153184e-01	2.539028e+00
1.910000e-06	-9.751413e-02	2.737446e+00
1.920000e-06	-3.346101e-02	2.831535e+00
1.930000e-06	9.923081e-02	2.935839e+00
1.940000e-06	-8.264634e-02	3.032053e+00
1.950000e-06	1.399906e-02	3.149741e+00
1.960000e-06	3.093606e-02	3.180526e+00
1.970000e-06	-3.850919e-02	3.256683e+00
1.980000e-06	3.806844e-02	3.392404e+00
1.990000e-06	-8.223751e-03	3.557395e+00
2.000000e-06	-5.935939e-02	3.590005e+00
2.010000e-06	3.961594e-02	3.696712e+00
2.020000e-06	4.285659e-02	3.790027e+00
2.030000e-06	-7.960747e-02	3.903163e+00
2.040000e-06	2.871217e-02	3.989969e+00
2.050000e-06	4.054412e-03	4.021579e+00
2.060000e-06	-7.704888e-03	4.045658e+00
2.070000e-06	-1.802446e-02	4.232552e+00
2.080000e-06	1.556923e-03	4.348794e+00
2.090000e-06	2.026325e-02	4.401551e+00
2.100000e-06	-1.298076e-02	4.494237e+00
2.110000e-06	-1.999998e-02	4.559342e+00
2.120000e-06	-1.502594e-02	4.630550e+00
2.130000e-06	3.620462e-02	4.727311e+00
2.140000e-06	-2.445090e-02	4.778370e+00
2.150000e-06	-1.792416e-02	4.811629e+00
2.160000e-06	9.675403e-03	4.844312e+00
2.170000e-06	1.735796e-02	5.041554e+00
2.180000e-06	-3.182313e-02	5.166368e+00
2.190000e-06	-1.141348e-02	5.180528e+00
2.200000e-06	2.019870e-02	5.283161e+00
2.210000e-06	-1.050341e-02	5.307414e+00
2.220000e-06	-1.214078e-02	5.389952e+00
2.230000e-06	-9.466766e-03	5.422254e+00
2.240000e-06	1.513035e-02	5.506386e+00
2.250000e-06	-1.799914e-02	5.578971e+00
2.260000e-06	-7.646434e-03	5.609950e+00
2.270000e-06	1.670375e-03	5.611503e+00
2.280000e-06	-1.821261e-03	5.684630e+00
2.290000e-06	-1.116424e-02	5.685291e+00
2.300000e-06	-7.140709e-03	5.810440e+00
2.310000e-06	4.203778e-03	5.872206e+00
2.320000e-06	-1.452991e-02	5.916792e+00
2.330000e-06	-6.586390e-03	5.969417e+00
2.340000e-06	-4.056598e-03	6.009571e+00
2.350000e-06	3.548113e-04	5.999999e+00
2.360000e-06	-1.060132e-02	6.020000e+00
2.370000e-06	-4.407973e-03	6.013054e+00
2.380000e-06	-4.712933e-03	6.072209e+00
2.390000e-06	-1.192799e-02	6.093730e+00
2.400000e-06	-4.610939e-03	6.084684e+00
2.410000e-06	-5.097266e-03	6.117362e+00
2.420000e-06	-5.372492e-03	6.118790e+00
2.430000e-06	-1.362075e-02	6.118819e+00
2.440000e-06	-4.504656e-03	6.168966e+00
2.450000e-06	-4.769441e-03	6.158972e+00
2.460000e-06	-9.598966e-03	6.199491e+00
2.470000e-06	-8.797421e-03	6.170024e+00
2.480000e-06	-7.317586e-03	6.220469e+00
2.490000e-06	-6.931610e-03	6.218001e+00
2.500000e-06	-1.218835e-02	6.199523e+00
2.510000e-06	-6.822815e-03	6.199524e+00
2.520000e-06	-1.118982e-02	6.159999e+00
2.530000e-06	-8.462312e-03	6.180470e+00
2.540000e-06	-1.188624e-02	6.179521e+00
2.550000e-06	-9.630083e-03	6.188320e+00
2.560000e-06	-1.063733e-02	6.186965e+00
2.570000e-06	-1.225615e-02	6.117314e+00
2.580000e-06	-1.208425e-02	6.145241e+00
2.590000e-06	-1.389674e-02	6.084782e+00
2.600000e-06	-1.164424e-02	6.111553e+00
2.610000e-06	-1.408846e-02	6.041128e+00
2.620000e-06	-1.292518e-02	6.032576e+00
2.630000e-06	-1.693420e-02	6.010575e+00
2.640000e-06	-1.418288e-02	5.989025e+00
2.650000e-06	-1.563229e-02	5.967946e+00
2.660000e-06	-1.686977e-02	5.976870e+00
2.670000e-06	-1.783417e-02	5.923854e+00
2.680000e-06	-1.855602e-02	5.821575e+00
2.690000e-06	-1.731782e-02	5.706842e+00
2.700000e-06	-2.084566e-02	5.706182e+00
2.710000e-06	-1.960366e-02	5.622053e+00
2.720000e-06	-2.086075e-02	5.599050e+00
2.730000e-06	-2.005633e-02	5.589473e+00
2.740000e-06	-1.947836e-02	5.537759e+00
2.750000e-06	-2.052611e-02	5.452125e+00
2.760000e-06	-1.954026e-02	5.420076e+00
2.770000e-06	-2.142938e-02	5.378466e+00
2.780000e-06	-1.680450e-02	5.326762e+00
2.790000e-06	-2.060872e-02	5.232577e+00
2.800000e-06	-1.589378e-02	5.188971e+00
2.810000e-06	-1.736986e-02	5.114308e+00
2.820000e-06	-1.383342e-02	5.009496e+00
2.830000e-06	-1.774656e-02	4.897729e+00
2.840000e-06	-1.401503e-02	4.831550e+00
2.850000e-06	-1.391215e-02	4.778969e+00
2.860000e-06	-1.092682e-02	4.704309e+00
2.870000e-06	-1.271221e-02	4.601525e+00
2.880000e-06	-1.003236e-02	4.567368e+00
2.890000e-06	-1.047737e-02	4.453208e+00
2.900000e-06	-1.144656e-02	4.420000e+00
2.910000e-06	-1.116416e-02	4.388966e+00
2.920000e-06	-9.005816e-03	4.322628e+00
2.930000e-06	-9.060296e-03	4.116739e+00
2.940000e-06	-9.968587e-03	4.042100e+00
2.950000e-06	-6.290471e-03	3.986870e+00
2.960000e-06	-6.494835e-03	3.875683e+00
2.970000e-06	-7.545511e-03	3.798050e+00
2.980000e-06	-7.818502e-03	3.704238e+00
2.990000e-06	-7.724606e-03	3.631079e+00
3.000000e-06	-6.227070e-03	3.578421e+00
3.010000e-06	-8.636592e-03	3.484628e+00
3.020000e-06	-5.890996e-03	3.394257e+00
3.030000e-06	-5.893764e-03	3.201051e+00
3.040000e-06	-5.526775e-03	3.166891e+00
3.050000e-06	-5.025125e-03	3.052151e+00
3.060000e-06	-4.687719e-03	2.968418e+00
3.070000e-06	-4.704734e-03	2.853579e+00
3.080000e-06	-6.538985e-03	2.789445e+00
3.090000e-06	-5.869270e-03	2.645674e+00
3.100000e-06	-5.656481e-03	2.515759e+00
3.110000e-06	-6.551821e-03	2.421549e+00
3.120000e-06	-5.248967e-03	2.357261e+00
3.130000e-06	-3.863042e-03	2.210001e+00
3.140000e-06	-3.558044e-03	2.083261e+00
3.150000e-06	-4.952417e-03	2.010526e+00
3.160000e-06	-4.224151e-03	1.945344e+00
3.170000e-06	-4.452178e-03	1.841025e+00
3.180000e-06	-4.556230e-03	1.684782e+00
3.190000e-06	-5.961205e-03	1.598897e+00
3.200000e-06	-4.500992e-03	1.472701e+00
3.210000e-06	-5.502328e-03	1.386896e+00
3.220000e-06	-4.217589e-03	1.231525e+00
3.230000e-06	-3.721512e-03	1.125232e+00
3.240000e-06	-2.916562e-03	9.348845e-01
3.250000e-06	-4.335984e-03	8.195486e-01
3.260000e-06	-4.108049e-03	7.367857e-01
3.270000e-06	-4.476301e-03	6.094961e-01
3.280000e-06	-3.491000e-03	5.127365e-01
3.290000e-06	-4.500411e-03	3.999726e-01
3.300000e-06	-4.629442e-03	3.148368e-01
3.310000e-06	-4.340659e-03	1.743633e-01
3.320000e-06	-2.297854e-03	5.102494e-02
3.330000e-06	-8.120639e-04	-2.318552e-02
3.340000e-06	1.213260e-03	-1.698986e-01
3.350000e-06	-1.243441e-03	-2.741143e-01
3.360000e-06	-1.958958e-04	-3.884237e-01
3.370000e-06	-3.215488e-03	-4.215831e-01
3.380000e-06	-2.587327e-03	-5.592975e-01
3.390000e-06	-1.812596e-03	-7.151986e-01
3.400000e-06	1.028363e-02	-7.899988e-01
3.410000e-06	5.907339e-02	-8.836868e-01
3.420000e-06	-1.876944e-03	-1.023609e+00
3.430000e-06	-6.358367e-02	-1.252264e+00
3.440000e-06	-1.120524e-01	-1.461005e+00
3.450000e-06	1.166850e-01	-1.428401e+00
3.460000e-06	3.847678e-02	-1.404214e+00
3.470000e-06	-7.787567e-02	-1.633689e+00
3.480000e-06	-6.575557e-02	-1.798949e+00
3.490000e-06	1.739119e-01	-1.780974e+00
3.500000e-06	-1.912910e-01	-1.906292e+00
3.510000e-06	-7.895923e-02	-2.075157e+00
3.520000e-06	1.908708e-01	-2.074237e+00
3.530000e-06	-5.130888e-02	-2.235064e+00
3.540000e-06	-1.457080e-01	-2.408475e+00
3.550000e-06	1.851746e-01	-2.454107e+00
3.560000e-06	-8.574518e-02	-2.600453e+00
3.570000e-06	-9.643273e-02	-2.726819e+00
3.580000e-06	1.307123e-01	-2.789999e+00
3.590000e-06	-4.812262e-02	-2.875241e+00
3.600000e-06	-3.764470e-02	-3.063025e+00
3.610000e-06	8.710566e-02	-3.087742e+00
3.620000e-06	-8.346370e-02	-3.213609e+00
3.630000e-06	2.246778e-02	-3.368396e+00
3.640000e-06	9.421330e-02	-3.420926e+00
3.650000e-06	-1.693757e-01	-3.535766e+00
3.660000e-06	8.147953e-02	-3.609975e+00
3.670000e-06	6.698777e-02	-3.652578e+00
3.680000e-06	-1.168068e-01	-3.759952e+00
3.690000e-06	5.022114e-02	-3.897290e+00
3.700000e-06	2.583633e-02	-4.010525e+00
3.710000e-06	-3.377261e-02	-4.103134e+00
3.720000e-06	-1.005371e-03	-4.106740e+00
3.730000e-06	-2.648232e-02	-4.232902e+00
3.740000e-06	5.847292e-02	-4.296240e+00
3.750000e-06	1.123663e-02	-4.368871e+00
3.760000e-06	-7.751387e-02	-4.410530e+00
3.770000e-06	2.755455e-02	-4.474139e+00
3.780000e-06	3.231638e-02	-4.638949e+00
3.790000e-06	-1.793810e-02	-4.674712e+00
3.800000e-06	-1.782110e-02	-4.706238e+00
3.810000e-06	-4.696073e-04	-4.809975e+00
3.820000e-06	5.664108e-02	-4.896183e+00
3.830000e-06	-5.735834e-02	-4.979872e+00
3.840000e-06	-1.208769e-02	-5.001053e+00
3.850000e-06	4.442658e-02	-5.124208e+00
3.860000e-06	-8.822759e-03	-5.169300e+00
3.870000e-06	-1.640743e-02	-5.210004e+00
3.880000e-06	-4.667985e-03	-5.264188e+00
3.890000e-06	2.628594e-02	-5.347352e+00
3.900000e-06	-2.999702e-04	-5.455214e+00
3.910000e-06	-3.016624e-02	-5.589221e+00
3.920000e-06	1.468354e-02	-5.600475e+00
3.930000e-06	1.339788e-02	-5.610054e+00
3.940000e-06	-1.687703e-02	-5.644555e+00
3.950000e-06	3.652447e-03	-5.684237e+00
3.960000e-06	4.889025e-03	-5.737845e+00
3.970000e-06	5.311337e-03	-5.778396e+00
3.980000e-06	-8.742490e-03	-5.821003e+00
3.990000e-06	4.745845e-04	-5.843582e+00
4.000000e-06	1.432685e-02	-5.885737e+00
4.010000e-06	-9.516540e-03	-5.918264e+00
4.020000e-06	2.843373e-03	-5.966768e+00
4.030000e-06	8.316639e-04	-5.989450e+00
4.040000e-06	-1.032411e-03	-5.998970e+00
4.050000e-06	2.994443e-03	-6.000024e+00
4.060000e-06	2.568261e-03	-6.000001e+00
4.070000e-06	5.234581e-03	-6.001501e+00
4.080000e-06	-3.784754e-03	-6.021503e+00
4.090000e-06	2.934000e-03	-6.091032e+00
4.100000e-06	4.848660e-03	-6.062558e+00
4.110000e-06	-3.244462e-04	-6.064032e+00
4.120000e-06	-1.292126e-03	-6.072108e+00
4.130000e-06	5.243073e-03	-6.063284e+00
4.140000e-06	4.706159e-03	-6.066138e+00
4.150000e-06	1.628322e-03	-6.103708e+00
4.160000e-06	3.859067e-03	-6.076162e+00
4.170000e-06	4.955968e-03	-6.124188e+00
4.180000e-06	4.105948e-03	-6.085782e+00
4.190000e-06	2.100416e-03	-6.073680e+00
4.200000e-06	6.680626e-03	-6.074705e+00
4.210000e-06	4.639860e-03	-6.043608e+00
4.220000e-06	5.059173e-03	-6.072082e+00
4.230000e-06	3.952504e-03	-6.011529e+00
4.240000e-06	7.922741e-03	-6.041053e+00
4.250000e-06	8.082963e-03	-6.021024e+00
4.260000e-06	7.283422e-03	-6.000450e+00
4.270000e-06	8.595015e-03	-5.999926e+00
4.280000e-06	7.403062e-03	-5.979422e+00
4.290000e-06	1.029104e-02	-5.937868e+00
4.300000e-06	9.115016e-03	-5.924212e+00
4.310000e-06	9.438607e-03	-5.863608e+00
4.320000e-06	9.953393e-03	-5.812004e+00
4.330000e-06	1.351689e-02	-5.830446e+00
4.340000e-06	1.354583e-02	-5.737372e+00
4.350000e-06	1.217447e-02	-5.715213e+00
4.360000e-06	1.360890e-02	-5.632079e+00
4.370000e-06	1.397863e-02	-5.609552e+00
4.380000e-06	1.435289e-02	-5.590500e+00
4.390000e-06	1.342092e-02	-5.548393e+00
4.400000e-06	1.546180e-02	-5.514182e+00
4.410000e-06	1.317761e-02	-5.402554e+00
4.420000e-06	1.254463e-02	-5.356289e+00
4.430000e-06	1.284545e-02	-5.233650e+00
4.440000e-06	1.268863e-02	-5.230499e+00
4.450000e-06	1.183319e-02	-5.157292e+00
4.460000e-06	1.147458e-02	-5.073133e+00
4.470000e-06	1.195642e-02	-5.009525e+00
4.480000e-06	7.982992e-03	-4.999866e+00
4.490000e-06	8.131840e-03	-4.830149e+00
4.500000e-06	8.935132e-03	-4.707843e+00
4.510000e-06	7.135476e-03	-4.712725e+00
4.520000e-06	4.882688e-03	-4.600956e+00
4.530000e-06	5.902076e-03	-4.555914e+00
4.540000e-06	7.123547e-03	-4.504128e+00
4.550000e-06	4.319177e-03	-4.402024e+00
4.560000e-06	3.794751e-03	-4.379444e+00
4.570000e-06	4.296063e-03	-4.323183e+00
4.580000e-06	4.160794e-03	-4.209025e+00
4.590000e-06	1.121506e-03	-4.113887e+00
4.600000e-06	2.332386e-03	-4.072120e+00
4.610000e-06	1.822587e-03	-3.957496e+00
4.620000e-06	2.306863e-03	-3.892216e+00
4.630000e-06	1.163296e-03	-3.736322e+00
4.640000e-06	1.624439e-03	-3.611557e+00
4.650000e-06	1.213548e-03	-3.588396e+00
4.660000e-06	-7.180072e-04	-3.482186e+00
4.670000e-06	1.417399e-03	-3.379925e+00
4.680000e-06	9.923430e-05	-3.296134e+00
4.690000e-06	-4.828631e-04	-3.199497e+00
4.700000e-06	-1.897569e-03	-3.167411e+00
4.710000e-06	1.497674e-03	-3.018867e+00
4.720000e-06	-2.603798e-03	-2.853578e+00
4.730000e-06	-1.879258e-03	-2.818947e+00
4.740000e-06	-2.343876e-03	-2.705211e+00
4.750000e-06	7.584227e-04	-2.610047e+00
4.760000e-06	-2.530087e-03	-2.504600e+00
4.770000e-06	-1.678692e-03	-2.399525e+00
4.780000e-06	-1.562963e-03	-2.323859e+00
4.790000e-06	-1.836733e-03	-2.196916e+00
4.800000e-06	-3.182406e-03	-2.020551e+00
4.810000e-06	-3.448341e-03	-1.977920e+00
4.820000e-06	-1.759426e-03	-1.833105e+00
4.830000e-06	-2.170667e-03	-1.776367e+00
4.840000e-06	-1.473466e-03	-1.631553e+00
4.850000e-06	-2.461783e-03	-1.607868e+00
4.860000e-06	-2.862690e-03	-1.460520e+00
4.870000e-06	-3.442556e-03	-1.272679e+00
4.880000e-06	-1.145826e-03	-1.175289e+00
4.890000e-06	-3.720307e-03	-1.020549e+00
4.900000e-06	-2.587970e-03	-9.127358e-01
4.910000e-06	-4.338918e-03	-7.709962e-01
4.920000e-06	-2.802690e-03	-7.173371e-01
4.930000e-06	-3.653213e-03	-5.679371e-01
4.940000e-06	-3.527304e-03	-4.210514e-01
4.950000e-06	-3.342784e-03	-3.472671e-01
4.960000e-06	-3.253899e-03	-2.111001e-01
4.970000e-06	-3.233469e-03	-1.352858e-01
4.980000e-06	-1.668287e-03	-1.150138e-02
4.990000e-06	-1.076660e-03	4.413421e-02
5.000000e-06	-1.806358e-04	1.791063e-01
5.010000e-06	-2.658773e-03	3.158932e-01
5.020000e-06	-5.092728e-04	4.009553e-01
5.030000e-06	-3.026372e-03	5.072433e-01
5.040000e-06	-2.242287e-03	6.125777e-01
5.050000e-06	-2.321841e-03	7.563171e-01
5.060000e-06	8.253613e-03	8.195275e-01
5.070000e-06	3.636518e-02	8.857357e-01
5.080000e-06	3.495571e-02	1.125870e+00
5.090000e-06	-5.402359e-02	1.292186e+00
5.100000e-06	-7.805627e-02	1.419500e+00
5.110000e-06	-5.154178e-02	1.423054e+00
5.120000e-06	1.644875e-01	1.630580e+00
5.130000e-06	-3.216594e-02	1.737993e+00
5.140000e-06	-1.455475e-01	1.809925e+00
5.150000e-06	1.312519e-01	1.884713e+00
5.160000e-06	-3.115980e-02	2.001030e+00
5.170000e-06	-1.100396e-01	2.103236e+00
5.180000e-06	7.560682e-02	2.167899e+00
5.190000e-06	9.187934e-02	2.298265e+00
5.200000e-06	-1.787891e-01	2.390028e+00
5.210000e-06	8.987878e-02	2.452808e+00
5.220000e-06	6.066149e-02	2.659105e+00
5.230000e-06	-1.211366e-01	2.778872e+00
5.240000e-06	2.801219e-02	2.822533e+00
5.250000e-06	5.430864e-02	2.968268e+00
5.260000e-06	-8.238477e-02	3.032605e+00
5.270000e-06	3.691437e-02	3.147320e+00
5.280000e-06	1.548353e-02	3.200028e+00
5.290000e-06	-4.758172e-02	3.313784e+00
5.300000e-06	6.570083e-02	3.424179e+00
5.310000e-06	-6.228957e-02	3.598424e+00
5.320000e-06	-2.163603e-02	3.622030e+00
5.330000e-06	5.075537e-02	3.716866e+00
5.340000e-06	8.751115e-03	3.812550e+00
5.350000e-06	-6.356617e-02	3.918819e+00
5.360000e-06	3.264313e-02	3.999949e+00
5.370000e-06	5.086601e-03	4.032053e+00
5.380000e-06	-2.490019e-02	4.097865e+00
5.390000e-06	1.460673e-03	4.256084e+00
5.400000e-06	-5.406568e-03	4.368396e+00
5.410000e-06	3.063097e-02	4.442553e+00
5.420000e-06	-2.800652e-02	4.505737e+00
5.430000e-06	-1.593490e-02	4.599972e+00
5.440000e-06	-1.876292e-03	4.662132e+00
5.450000e-06	2.905188e-02	4.727312e+00
5.460000e-06	-3.181468e-02	4.779001e+00
5.470000e-06	-1.588923e-02	4.841604e+00
5.480000e-06	2.755366e-02	4.948864e+00
5.490000e-06	-5.102185e-03	5.104834e+00
5.500000e-06	-2.510658e-02	5.156945e+00
5.510000e-06	-8.409057e-03	5.232104e+00
5.520000e-06	2.261808e-02	5.305239e+00
5.530000e-06	-2.031659e-02	5.307921e+00
5.540000e-06	-8.356141e-03	5.400950e+00
5.550000e-06	-2.476126e-03	5.452177e+00
5.560000e-06	7.691822e-03	5.506393e+00
5.570000e-06	-1.651996e-02	5.589520e+00
5.580000e-06	-8.550584e-03	5.600526e+00
5.590000e-06	7.776082e-03	5.651601e+00
5.600000e-06	-1.043468e-02	5.694730e+00
5.610000e-06	-7.291855e-03	5.756815e+00
5.620000e-06	-5.953936e-03	5.809001e+00
5.630000e-06	3.397855e-03	5.915762e+00
5.640000e-06	-1.462294e-02	5.968362e+00
5.650000e-06	-6.465662e-03	5.968948e+00
5.660000e-06	-1.006139e-03	5.998949e+00
5.670000e-06	-4.764377e-03	6.000525e+00
5.680000e-06	-6.120972e-03	6.040501e+00
5.690000e-06	-5.830486e-03	6.074682e+00
5.700000e-06	-3.954457e-03	6.072680e+00
5.710000e-06	-1.284170e-02	6.116159e+00
5.720000e-06	-1.720642e-03	6.095266e+00
5.730000e-06	-5.513235e-03	6.137318e+00
5.740000e-06	-8.330127e-03	6.166342e+00
5.750000e-06	-1.084969e-02	6.176922e+00
5.760000e-06	-4.903785e-03	6.199367e+00
5.770000e-06	-4.839212e-03	6.168970e+00
5.780000e-06	-1.249959e-02	6.179421e+00
5.790000e-06	-6.231086e-03	6.179446e+00
5.800000e-06	-8.348814e-03	6.196999e+00
5.810000e-06	-7.131390e-03	6.170070e+00
5.820000e-06	-1.188183e-02	6.198993e+00
5.830000e-06	-6.977379e-03	6.200047e+00
5.840000e-06	-1.006105e-02	6.209895e+00
5.850000e-06	-1.054660e-02	6.168395e+00
5.860000e-06	-1.092613e-02	6.199845e+00
5.870000e-06	-9.521362e-03	6.158919e+00
5.880000e-06	-9.842934e-03	6.157294e+00
5.890000e-06	-1.482304e-02	6.136408e+00
5.900000e-06	-1.141131e-02	6.107212e+00
5.910000e-06	-1.308887e-02	6.086656e+00
5.920000e-06	-1.053537e-02	6.052653e+00
5.930000e-06	-1.506573e-02	6.062654e+00
5.940000e-06	-1.421167e-02	6.010576e+00
5.950000e-06	-1.549210e-02	5.999526e+00
5.960000e-06	-1.465943e-02	5.989496e+00
5.970000e-06	-1.679929e-02	5.978395e+00
5.980000e-06	-1.846575e-02	5.946311e+00
5.990000e-06	-1.640482e-02	5.893735e+00
6.000000e-06	-1.827029e-02	5.851580e+00
6.010000e-06	-1.899517e-02	5.777191e+00
6.020000e-06	-2.002348e-02	5.644153e+00
6.030000e-06	-1.869369e-02	5.611550e+00
6.040000e-06	-2.150026e-02	5.619522e+00
6.050000e-06	-2.202734e-02	5.587871e+00
6.060000e-06	-1.955897e-02	5.514710e+00
6.070000e-06	-2.091982e-02	5.453178e+00
6.080000e-06	-1.768875e-02	5.410047e+00
6.090000e-06	-2.000662e-02	5.356319e+00
6.100000e-06	-1.789046e-02	5.326254e+00
6.110000e-06	-2.069984e-02	5.250999e+00
6.120000e-06	-1.607107e-02	5.197464e+00
6.130000e-06	-1.619292e-02	5.093307e+00
6.140000e-06	-1.449420e-02	5.018815e+00
6.150000e-06	-1.563445e-02	4.842655e+00
6.160000e-06	-1.406718e-02	4.821023e+00
6.170000e-06	-1.238766e-02	4.756815e+00
6.180000e-06	-1.241679e-02	4.664784e+00
6.190000e-06	-1.240099e-02	4.591045e+00
6.200000e-06	-1.031696e-02	4.537262e+00
6.210000e-06	-1.046787e-02	4.472628e+00
6.220000e-06	-1.013742e-02	4.400049e+00
6.230000e-06	-9.972645e-03	4.357338e+00
6.240000e-06	-8.670530e-03	4.241072e+00
6.250000e-06	-9.479415e-03	4.087883e+00
6.260000e-06	-9.502197e-03	4.000999e+00
6.270000e-06	-7.758461e-03	3.936842e+00
6.280000e-06	-7.186634e-03	3.884654e+00
6.290000e-06	-7.104226e-03	3.798317e+00
6.300000e-06	-7.966848e-03	3.743835e+00
6.310000e-06	-6.206580e-03	3.600075e+00
6.320000e-06	-6.370663e-03	3.557366e+00
6.330000e-06	-6.370748e-03	3.490174e+00
6.340000e-06	-6.199255e-03	3.352728e+00
6.350000e-06	-5.684695e-03	3.189447e+00
6.360000e-06	-7.120309e-03	3.106309e+00
6.370000e-06	-5.384961e-03	2.949475e+00
6.380000e-06	-5.458431e-03	2.956788e+00
6.390000e-06	-5.280487e-03	2.841600e+00
6.400000e-06	-5.713444e-03	2.768916e+00
6.410000e-06	-4.368635e-03	2.662625e+00
6.420000e-06	-4.511861e-03	2.495653e+00
6.430000e-06	-5.752695e-03	2.389966e+00
6.440000e-06	-5.582907e-03	2.283730e+00
6.450000e-06	-4.748606e-03	2.180022e+00
6.460000e-06	-4.612694e-03	2.053758e+00
6.470000e-06	-5.207902e-03	2.009975e+00
6.480000e-06	-4.736312e-03	1.903683e+00
6.490000e-06	-4.939317e-03	1.808921e+00
6.500000e-06	-4.540604e-03	1.673629e+00
6.510000e-06	-4.446611e-03	1.556365e+00
6.520000e-06	-4.426977e-03	1.402096e+00
6.530000e-06	-4.626832e-03	1.314760e+00
6.540000e-06	-4.841595e-03	1.191522e+00
6.550000e-06	-4.471552e-03	1.052133e+00
6.560000e-06	-4.400788e-03	8.847829e-01
6.570000e-06	-3.896046e-03	7.709699e-01
6.580000e-06	-4.121210e-03	7.036795e-01
6.590000e-06	-4.172386e-03	5.889722e-01
6.600000e-06	-4.478563e-03	4.631316e-01
6.610000e-06	-3.985461e-03	3.998947e-01
6.620000e-06	-4.813212e-03	2.822565e-01
6.630000e-06	-2.834411e-03	1.238582e-01
6.640000e-06	-3.432615e-03	-2.881907e-05
6.650000e-06	-4.251625e-05	-7.574078e-02
6.660000e-06	6.346783e-04	-1.904776e-01
6.670000e-06	-1.918003e-03	-2.757431e-01
6.680000e-06	-8.864910e-04	-3.499251e-01
6.690000e-06	-2.632691e-03	-4.732617e-01
6.700000e-06	-2.321343e-03	-5.926067e-01
6.710000e-06	-1.544922e-03	-7.473210e-01
6.720000e-06	1.733476e-02	-7.995290e-01
6.730000e-06	6.711177e-02	-9.252409e-01
6.740000e-06	-4.108833e-02	-1.054292e+00
6.750000e-06	-5.324544e-02	-1.277726e+00
6.760000e-06	-1.212727e-01	-1.459434e+00
6.770000e-06	1.737793e-01	-1.359491e+00
6.780000e-06	-2.261428e-02	-1.466267e+00
6.790000e-06	-1.225337e-01	-1.725722e+00
6.800000e-06	5.417582e-02	-1.786948e+00
6.810000e-06	9.378545e-02	-1.802976e+00
6.820000e-06	-1.936269e-01	-1.940325e+00
6.830000e-06	-1.706987e-03	-2.052088e+00
6.840000e-06	1.841471e-01	-2.095848e+00
6.850000e-06	-1.320502e-01	-2.325717e+00
6.860000e-06	-4.736138e-02	-2.421554e+00
6.870000e-06	1.677466e-01	-2.454714e+00
6.880000e-06	-1.361351e-01	-2.602560e+00
6.890000e-06	-4.047662e-02	-2.747917e+00
6.900000e-06	1.371806e-01	-2.801526e+00
6.910000e-06	-1.142566e-01	-2.915243e+00
6.920000e-06	4.295825e-02	-3.054683e+00
6.930000e-06	3.775720e-02	-3.137869e+00
6.940000e-06	-8.141859e-02	-3.243159e+00
6.950000e-06	7.846704e-02	-3.377369e+00
6.960000e-06	2.067660e-02	-3.411633e+00
6.970000e-06	-1.404637e-01	-3.548319e+00
6.980000e-06	1.267892e-01	-3.601000e+00
6.990000e-06	6.925300e-03	-3.644263e+00
7.000000e-06	-9.976912e-02	-3.830535e+00
7.010000e-06	8.301621e-02	-3.979948e+00
7.020000e-06	-1.211457e-02	-4.012005e+00
7.030000e-06	-1.621048e-02	-4.054209e+00
7.040000e-06	-4.670941e-03	-4.127346e+00
7.050000e-06	-2.027919e-02	-4.251630e+00
7.060000e-06	7.431225e-02	-4.344792e+00
7.070000e-06	-3.687162e-02	-4.379371e+00
7.080000e-06	-5.378346e-02	-4.410082e+00
7.090000e-06	3.970795e-02	-4.487192e+00
7.100000e-06	1.731661e-02	-4.640505e+00
7.110000e-06	-2.123367e-02	-4.684183e+00
7.120000e-06	-1.831755e-02	-4.686266e+00
7.130000e-06	2.337355e-02	-4.811584e+00
7.140000e-06	3.598813e-02	-4.915213e+00
7.150000e-06	-6.396743e-02	-4.988425e+00
7.160000e-06	1.002385e-02	-5.020504e+00
7.170000e-06	3.788590e-02	-5.096291e+00
7.180000e-06	-2.457046e-02	-5.168399e+00
7.190000e-06	-8.608790e-03	-5.201004e+00
7.200000e-06	-5.099780e-03	-5.243761e+00
7.210000e-06	3.296166e-02	-5.387927e+00
7.220000e-06	-1.536550e-02	-5.485638e+00
7.230000e-06	-2.086702e-02	-5.578873e+00
7.240000e-06	2.592811e-02	-5.598922e+00
7.250000e-06	1.208805e-04	-5.601054e+00
7.260000e-06	-1.118563e-02	-5.684108e+00
7.270000e-06	2.155927e-03	-5.726687e+00
7.280000e-06	6.102809e-03	-5.786873e+00
7.290000e-06	3.135647e-04	-5.799868e+00
7.300000e-06	-1.004738e-02	-5.821053e+00
7.310000e-06	7.090493e-03	-5.853108e+00
7.320000e-06	9.885851e-03	-5.904713e+00
7.330000e-06	-7.413775e-03	-5.897238e+00
7.340000e-06	5.963353e-03	-5.957845e+00
7.350000e-06	1.124445e-04	-5.958372e+00
7.360000e-06	-2.435129e-03	-5.979997e+00
7.370000e-06	2.800447e-03	-6.009974e+00
7.380000e-06	1.843891e-03	-6.010526e+00
7.390000e-06	3.681382e-03	-6.011104e+00
7.400000e-06	-4.478529e-03	-6.000051e+00
7.410000e-06	6.656520e-03	-6.042609e+00
7.420000e-06	5.069678e-03	-6.052558e+00
7.430000e-06	-1.193755e-03	-6.043080e+00
7.440000e-06	2.505045e-03	-6.052631e+00
7.450000e-06	4.418392e-03	-6.064260e+00
7.460000e-06	4.186341e-03	-6.053635e+00
7.470000e-06	-7.220527e-04	-6.094258e+00
7.480000e-06	5.579602e-03	-6.104689e+00
7.490000e-06	3.941248e-03	-6.085157e+00
7.500000e-06	4.422961e-03	-6.093633e+00
7.510000e-06	3.452891e-03	-6.072160e+00
7.520000e-06	5.945849e-03	-6.053181e+00
7.530000e-06	5.449445e-03	-6.051630e+00
7.540000e-06	5.426929e-03	-6.021555e+00
7.550000e-06	5.438220e-03	-6.052030e+00
7.560000e-06	5.602248e-03	-6.031028e+00
7.570000e-06	8.037248e-03	-6.000524e+00
7.580000e-06	6.733545e-03	-5.999499e+00
7.590000e-06	8.218712e-03	-5.988996e+00
7.600000e-06	7.838079e-03	-5.978371e+00
7.610000e-06	1.092204e-02	-5.925843e+00
7.620000e-06	1.042927e-02	-5.922732e+00
7.630000e-06	9.198336e-03	-5.853629e+00
7.640000e-06	1.136319e-02	-5.841576e+00
7.650000e-06	1.255677e-02	-5.788972e+00
7.660000e-06	1.280477e-02	-5.705890e+00
7.670000e-06	1.170154e-02	-5.725739e+00
7.680000e-06	1.487844e-02	-5.643583e+00
7.690000e-06	1.298694e-02	-5.621551e+00
7.700000e-06	1.316942e-02	-5.589474e+00
7.710000e-06	1.483658e-02	-5.579795e+00
7.720000e-06	1.476456e-02	-5.464333e+00
7.730000e-06	1.349185e-02	-5.401069e+00
7.740000e-06	1.324304e-02	-5.315810e+00
7.750000e-06	1.403740e-02	-5.221102e+00
7.760000e-06	1.162256e-02	-5.229998e+00
7.770000e-06	1.069814e-02	-5.115813e+00
7.780000e-06	1.139128e-02	-5.044683e+00
7.790000e-06	1.072751e-02	-4.958951e+00
7.800000e-06	9.226016e-03	-4.945388e+00
7.810000e-06	8.434108e-03	-4.810945e+00
7.820000e-06	8.922055e-03	-4.663785e+00
7.830000e-06	7.230762e-03	-4.682680e+00
7.840000e-06	5.497789e-03	-4.601001e+00
7.850000e-06	5.239051e-03	-4.565263e+00
7.860000e-06	5.256793e-03	-4.502728e+00
7.870000e-06	3.097887e-03	-4.390475e+00
7.880000e-06	4.024125e-03	-4.366291e+00
7.890000e-06	4.941002e-03	-4.232133e+00
7.900000e-06	3.001743e-03	-4.139870e+00
7.910000e-06	2.753316e-03	-4.105756e+00
7.920000e-06	3.157446e-03	-4.021050e+00
7.930000e-06	3.277194e-03	-3.969921e+00
7.940000e-06	2.429527e-04	-3.881650e+00
7.950000e-06	-7.467747e-06	-3.716209e+00
7.960000e-06	1.526852e-03	-3.611050e+00
7.970000e-06	4.199471e-04	-3.546869e+00
7.980000e-06	-9.566384e-04	-3.433583e+00
7.990000e-06	8.245610e-04	-3.378917e+00
8.000000e-06	1.070037e-03	-3.271654e+00
8.010000e-06	-1.783904e-03	-3.189476e+00
8.020000e-06	-1.575342e-03	-3.144283e+00
8.030000e-06	1.242537e-04	-2.937467e+00
8.040000e-06	-9.916350e-04	-2.840651e+00
8.050000e-06	-9.337192e-04	-2.778944e+00
8.060000e-06	-2.583912e-03	-2.693130e+00
8.070000e-06	-3.726764e-04	-2.586395e+00
8.080000e-06	-1.654951e-03	-2.453104e+00
8.090000e-06	-1.621237e-03	-2.388000e+00
8.100000e-06	-9.975379e-04	-2.315286e+00
8.110000e-06	-2.937497e-03	-2.097760e+00
8.120000e-06	-2.247201e-03	-2.019001e+00
8.130000e-06	-3.630001e-03	-1.925818e+00
8.140000e-06	-1.733059e-03	-1.840051e+00
8.150000e-06	-2.915203e-03	-1.705864e+00
8.160000e-06	-9.203949e-04	-1.622101e+00
8.170000e-06	-4.043107e-03	-1.558793e+00
8.180000e-06	-2.466724e-03	-1.379019e+00
8.190000e-06	-2.611097e-03	-1.239079e+00
8.200000e-06	-2.299741e-03	-1.117785e+00
8.210000e-06	-3.649229e-03	-9.909986e-01
8.220000e-06	-3.618167e-03	-9.131542e-01
8.230000e-06	-3.607912e-03	-8.004997e-01
8.240000e-06	-2.481888e-03	-6.832604e-01
8.250000e-06	-2.572381e-03	-5.463892e-01
8.260000e-06	-3.664364e-03	-4.005276e-01
8.270000e-06	-3.504164e-03	-3.556869e-01
8.280000e-06	-4.529238e-03	-1.900497e-01
8.290000e-06	-1.968740e-03	-7.428322e-02
8.300000e-06	-2.320506e-03	1.100369e-02
8.310000e-06	4.142337e-04	3.463215e-02
8.320000e-06	-5.145046e-04	2.436827e-01
8.330000e-06	-2.072209e-03	3.883722e-01
8.340000e-06	-2.220021e-03	4.231280e-01
8.350000e-06	-2.917034e-03	5.482708e-01
8.360000e-06	-2.197603e-03	6.527315e-01
8.370000e-06	-9.089423e-04	7.699223e-01
8.380000e-06	1.294634e-02	8.115315e-01
8.390000e-06	4.690998e-02	9.394027e-01
8.400000e-06	1.170773e-02	1.169425e+00
8.410000e-06	-5.654709e-02	1.316866e+00
8.420000e-06	-1.019538e-01	1.391576e+00
8.430000e-06	1.991908e-02	1.473712e+00
8.440000e-06	1.233688e-01	1.662639e+00
8.450000e-06	-5.018391e-02	1.799422e+00
8.460000e-06	-1.336601e-01	1.818996e+00
8.470000e-06	1.792569e-01	1.936813e+00
8.480000e-06	-1.265041e-01	2.062180e+00
8.490000e-06	-6.547092e-02	2.114768e+00
8.500000e-06	1.276076e-01	2.201447e+00
8.510000e-06	8.887826e-04	2.349270e+00
8.520000e-06	-1.472908e-01	2.450527e+00
8.530000e-06	1.396100e-01	2.444712e+00
8.540000e-06	1.799446e-04	2.653141e+00
8.550000e-06	-1.148842e-01	2.799025e+00
8.560000e-06	8.095058e-02	2.865209e+00
8.570000e-06	-6.332431e-03	2.957897e+00
8.580000e-06	-5.632457e-02	3.074706e+00
8.590000e-06	4.266449e-02	3.188975e+00
8.600000e-06	-2.612537e-03	3.232529e+00
8.610000e-06	-3.406217e-02	3.306145e+00
8.620000e-06	6.768405e-02	3.485207e+00
8.630000e-06	-9.383176e-02	3.579500e+00
8.640000e-06	7.085784e-03	3.653133e+00
8.650000e-06	5.759806e-02	3.748894e+00
8.660000e-06	-3.489042e-02	3.833634e+00
8.670000e-06	-2.859131e-02	3.915791e+00
8.680000e-06	2.330712e-02	4.029576e+00
8.690000e-06	6.277293e-03	4.072153e+00
8.700000e-06	-3.581387e-02	4.169395e+00
8.710000e-06	1.106049e-02	4.317761e+00
8.720000e-06	-5.683896e-03	4.399474e+00
8.730000e-06	2.500877e-02	4.421578e+00
8.740000e-06	-3.068638e-02	4.495864e+00
8.750000e-06	-1.611857e-02	4.581976e+00
8.760000e-06	1.523025e-02	4.685180e+00
8.770000e-06	1.224708e-02	4.716368e+00
8.780000e-06	-2.853282e-02	4.809501e+00
8.790000e-06	-1.247331e-02	4.853103e+00
8.800000e-06	3.458412e-02	4.968521e+00
8.810000e-06	-2.225459e-02	5.126136e+00
8.820000e-06	-1.765868e-02	5.208398e+00
8.830000e-06	-8.140161e-04	5.272104e+00
8.840000e-06	1.597752e-02	5.305815e+00
8.850000e-06	-2.025980e-02	5.367945e+00
8.860000e-06	-1.086011e-02	5.400979e+00
8.870000e-06	7.148298e-03	5.514187e+00
8.880000e-06	-2.879026e-03	5.556841e+00
8.890000e-06	-1.332438e-02	5.569418e+00
8.900000e-06	-8.222133e-03	5.600525e+00
8.910000e-06	9.449221e-03	5.652628e+00
8.920000e-06	-1.363233e-02	5.706761e+00
8.930000e-06	-6.066832e-03	5.756891e+00
8.940000e-06	-1.965491e-03	5.820009e+00
8.950000e-06	-1.539829e-03	5.874738e+00
8.960000e-06	-1.303982e-02	5.947816e+00
8.970000e-06	-6.475450e-03	5.989471e+00
8.980000e-06	2.917004e-03	5.999950e+00
8.990000e-06	-1.008271e-02	6.010501e+00
9.000000e-06	-4.235010e-03	6.020550e+00
9.010000e-06	-8.095810e-03	6.053578e+00
9.020000e-06	-5.003517e-03	6.064608e+00
9.030000e-06	-1.175751e-02	6.086683e+00
9.040000e-06	-2.516852e-03	6.093308e+00
9.050000e-06	-4.412127e-03	6.126690e+00
9.060000e-06	-1.138306e-02	6.179340e+00
9.070000e-06	-8.302779e-03	6.157822e+00
9.080000e-06	-5.358843e-03	6.190946e+00
9.090000e-06	-5.589349e-03	6.178318e+00
9.100000e-06	-1.375661e-02	6.209448e+00
9.110000e-06	-6.210348e-03	6.180444e+00
9.120000e-06	-8.233781e-03	6.210976e+00
9.130000e-06	-7.819365e-03	6.210422e+00
9.140000e-06	-1.072416e-02	6.208473e+00
9.150000e-06	-8.803783e-03	6.179999e+00
9.160000e-06	-9.669239e-03	6.169449e+00
9.170000e-06	-1.254630e-02	6.197944e+00
9.180000e-06	-8.390983e-03	6.158999e+00
9.190000e-06	-1.209772e-02	6.188890e+00
9.200000e-06	-9.504611e-03	6.146819e+00
9.210000e-06	-1.356597e-02	6.126263e+00
9.220000e-06	-1.096787e-02	6.105237e+00
9.230000e-06	-1.246478e-02	6.085729e+00
9.240000e-06	-1.312612e-02	6.033129e+00
9.250000e-06	-1.396624e-02	6.021576e+00
9.260000e-06	-1.532828e-02	6.011024e+00
9.270000e-06	-1.403281e-02	5.990551e+00
9.280000e-06	-1.649368e-02	5.999501e+00
9.290000e-06	-1.661336e-02	5.978891e+00
9.300000e-06	-1.884406e-02	5.935235e+00
9.310000e-06	-1.629386e-02	5.924128e+00
9.320000e-06	-1.838061e-02	5.830024e+00
9.330000e-06	-1.986346e-02	5.686658e+00
9.340000e-06	-2.036203e-02	5.672630e+00
9.350000e-06	-1.943686e-02	5.640575e+00
9.360000e-06	-1.931221e-02	5.599971e+00
9.370000e-06	-2.141437e-02	5.558318e+00
9.380000e-06	-1.981355e-02	5.485730e+00
9.390000e-06	-2.105478e-02	5.452100e+00
9.400000e-06	-1.839920e-02	5.370497e+00
9.410000e-06	-1.941056e-02	5.378340e+00
9.420000e-06	-1.787986e-02	5.323632e+00
9.430000e-06	-1.856104e-02	5.210625e+00
9.440000e-06	-1.713534e-02	5.136817e+00
9.450000e-06	-1.494284e-02	5.060624e+00
9.460000e-06	-1.576321e-02	4.974913e+00
9.470000e-06	-1.410972e-02	4.864050e+00
9.480000e-06	-1.446166e-02	4.788945e+00
9.490000e-06	-1.203688e-02	4.776792e+00
9.500000e-06	-1.302682e-02	4.662657e+00
9.510000e-06	-1.158337e-02	4.619493e+00
9.520000e-06	-1.096131e-02	4.494836e+00
9.530000e-06	-1.118739e-02	4.432100e+00
9.540000e-06	-9.885440e-03	4.400449e+00
9.550000e-06	-9.241781e-03	4.314861e+00
9.560000e-06	-8.462158e-03	4.211997e+00
9.570000e-06	-9.324013e-03	4.082678e+00
9.580000e-06	-8.818001e-03	3.991496e+00
9.590000e-06	-7.073395e-03	3.916762e+00
9.600000e-06	-8.395603e-03	3.835601e+00
9.610000e-06	-8.198427e-03	3.798810e+00
9.620000e-06	-6.146027e-03	3.693156e+00
9.630000e-06	-6.077288e-03	3.589997e+00
9.640000e-06	-6.778330e-03	3.557760e+00
9.650000e-06	-6.067814e-03	3.429492e+00
9.660000e-06	-5.085162e-03	3.242025e+00
9.670000e-06	-5.855589e-03	3.187421e+00
9.680000e-06	-6.886666e-03	3.092755e+00
9.690000e-06	-5.616711e-03	3.009424e+00
9.700000e-06	-5.099068e-03	2.934807e+00
9.710000e-06	-6.111197e-03	2.800574e+00
9.720000e-06	-5.769661e-03	2.756764e+00
9.730000e-06	-4.767420e-03	2.599542e+00
9.740000e-06	-4.358657e-03	2.453653e+00
9.750000e-06	-5.548659e-03	2.377836e+00
9.760000e-06	-5.352106e-03	2.245129e+00
9.770000e-06	-4.562380e-03	2.167337e+00
9.780000e-06	-4.420130e-03	2.052203e+00
9.790000e-06	-5.237820e-03	1.987424e+00
9.800000e-06	-4.803644e-03	1.913304e+00
9.810000e-06	-4.871368e-03	1.748888e+00
9.820000e-06	-4.317554e-03	1.630678e+00
9.830000e-06	-4.303799e-03	1.513787e+00
9.840000e-06	-4.676840e-03	1.410549e+00
9.850000e-06	-4.262330e-03	1.284658e+00
9.860000e-06	-4.216729e-03	1.187470e+00
9.870000e-06	-3.680491e-03	1.049598e+00
9.880000e-06	-4.129828e-03	8.531803e-01
9.890000e-06	-4.617573e-03	7.789172e-01
9.900000e-06	-4.987227e-03	6.521263e-01
9.910000e-06	-4.679951e-03	5.783883e-01
9.920000e-06	-3.659776e-03	4.421540e-01
9.930000e-06	-3.690302e-03	3.783909e-01
9.940000e-06	-4.068998e-03	2.897777e-01
9.950000e-06	-2.459315e-03	5.268032e-02
9.960000e-06	-2.009775e-03	-3.103151e-02
9.970000e-06	-6.763286e-05	-1.468420e-01
9.980000e-06	-1.320620e-03	-2.104802e-01
9.990000e-06	-2.552458e-03	-3.272972e-01
1.000000e-05	-1.466526e-03	-4.100751e-01
1.001000e-05	-2.478102e-03	-4.657357e-01
1.002000e-05	-2.436773e-03	-6.025841e-01
1.003000e-05	2.163083e-03	-7.793213e-01
1.004000e-05	2.999965e-02	-8.026076e-01
1.005000e-05	5.994670e-02	-9.274001e-01
1.006000e-05	-6.512129e-02	-1.118400e+00
1.007000e-05	-5.507913e-02	-1.357829e+00
1.008000e-05	-7.066771e-02	-1.482079e+00
1.009000e-05	1.665515e-01	-1.381051e+00
1.010000e-05	-4.646398e-02	-1.516901e+00
1.011000e-05	-1.677848e-01	-1.748301e+00
1.012000e-05	1.424852e-01	-1.800400e+00
1.013000e-05	-3.324716e-02	-1.822158e+00
1.014000e-05	-1.713977e-01	-1.999479e+00
1.015000e-05	8.653156e-02	-2.034187e+00
1.016000e-05	1.327919e-01	-2.139376e+00
1.017000e-05	-1.800379e-01	-2.367377e+00
1.018000e-05	6.898074e-02	-2.431029e+00
1.019000e-05	9.931342e-02	-2.536817e+00
1.020000e-05	-1.492923e-01	-2.663763e+00
1.021000e-05	2.491215e-02	-2.798400e+00
1.022000e-05	1.001192e-01	-2.812133e+00
1.023000e-05	-1.352117e-01	-2.975370e+00
1.024000e-05	9.761116e-02	-3.054757e+00
1.025000e-05	-2.137911e-02	-3.179854e+00
1.026000e-05	-6.166761e-02	-3.305740e+00
1.027000e-05	1.185199e-01	-3.367923e+00
1.028000e-05	-7.062240e-02	-3.454712e+00
1.029000e-05	-7.122497e-02	-3.567872e+00
1.030000e-05	1.378669e-01	-3.600580e+00
1.031000e-05	-5.327580e-02	-3.676317e+00
1.032000e-05	-5.576717e-02	-3.924656e+00
1.033000e-05	8.549893e-02	-3.958447e+00
1.034000e-05	-3.623547e-02	-4.023106e+00
1.035000e-05	-3.372914e-03	-4.087266e+00
1.036000e-05	-1.345689e-02	-4.199350e+00
1.037000e-05	-4.857863e-04	-4.273664e+00
1.038000e-05	7.406535e-02	-4.357321e+00
1.039000e-05	-6.868299e-02	-4.369999e+00
1.040000e-05	-2.248491e-02	-4.411132e+00
1.041000e-05	4.530115e-02	-4.527295e+00
1.042000e-05	3.794520e-03	-4.681059e+00
1.043000e-05	-2.040752e-02	-4.705163e+00
1.044000e-05	-2.043949e-02	-4.738420e+00
1.045000e-05	4.606616e-02	-4.831630e+00
1.046000e-05	2.036114e-03	-4.936290e+00
1.047000e-05	-5.564186e-02	-4.969000e+00
1.048000e-05	2.770930e-02	-5.053037e+00
1.049000e-05	2.557178e-02	-5.144818e+00
1.050000e-05	-2.742537e-02	-5.170948e+00
1.051000e-05	-4.385808e-03	-5.261580e+00
1.052000e-05	2.088123e-03	-5.336291e+00
1.053000e-05	2.918513e-02	-5.433032e+00
1.054000e-05	-2.568115e-02	-5.536266e+00
1.055000e-05	-1.059720e-02	-5.568948e+00
1.056000e-05	2.985792e-02	-5.620552e+00
1.057000e-05	-1.142825e-02	-5.631108e+00
1.058000e-05	-3.302397e-03	-5.674687e+00
1.059000e-05	5.558064e-05	-5.715817e+00
1.060000e-05	8.389424e-03	-5.768421e+00
1.061000e-05	-5.243052e-03	-5.819501e+00
1.062000e-05	-8.153167e-03	-5.841130e+00
1.063000e-05	1.335248e-02	-5.883633e+00
1.064000e-05	2.469219e-03	-5.916341e+00
1.065000e-05	-3.995156e-03	-5.946791e+00
1.066000e-05	4.550567e-03	-5.957900e+00
1.067000e-05	4.225102e-04	-5.999999e+00
1.068000e-05	-1.707523e-03	-6.008922e+00
1.069000e-05	2.622621e-03	-6.020026e+00
1.070000e-05	2.467024e-03	-6.029974e+00
1.071000e-05	2.353149e-03	-6.010576e+00
1.072000e-05	-2.990215e-03	-6.051629e+00
1.073000e-05	7.238636e-03	-6.052656e+00
1.074000e-05	3.809793e-03	-6.072130e+00
1.075000e-05	-2.564666e-03	-6.053111e+00
1.076000e-05	4.271431e-03	-6.104184e+00
1.077000e-05	3.576278e-03	-6.093638e+00
1.078000e-05	4.331599e-03	-6.096711e+00
1.079000e-05	-7.355192e-05	-6.042235e+00
1.080000e-05	5.501353e-03	-6.106739e+00
1.081000e-05	3.905421e-03	-6.103609e+00
1.082000e-05	3.448669e-03	-6.062712e+00
1.083000e-05	5.378550e-03	-6.083709e+00
1.084000e-05	5.877674e-03	-6.073082e+00
1.085000e-05	5.634592e-03	-6.052157e+00
1.086000e-05	4.433587e-03	-6.072103e+00
1.087000e-05	6.716143e-03	-6.022054e+00
1.088000e-05	6.710209e-03	-6.010551e+00
1.089000e-05	8.575695e-03	-6.000525e+00
1.090000e-05	6.688867e-03	-5.989476e+00
1.091000e-05	7.859365e-03	-5.989922e+00
1.092000e-05	8.554161e-03	-5.968921e+00
1.093000e-05	1.048552e-02	-5.926242e+00
1.094000e-05	1.091018e-02	-5.873261e+00
1.095000e-05	9.068863e-03	-5.822078e+00
1.096000e-05	1.251467e-02	-5.808500e+00
1.097000e-05	1.312706e-02	-5.790448e+00
1.098000e-05	1.220888e-02	-5.756666e+00
1.099000e-05	1.225624e-02	-5.686780e+00
1.100000e-05	1.394373e-02	-5.683129e+00
1.101000e-05	1.364220e-02	-5.630526e+00
1.102000e-05	1.387512e-02	-5.589499e+00
1.103000e-05	1.472453e-02	-5.557311e+00
1.104000e-05	1.399889e-02	-5.413183e+00
1.105000e-05	1.388038e-02	-5.369595e+00
1.106000e-05	1.250270e-02	-5.334162e+00
1.107000e-05	1.381833e-02	-5.222102e+00
1.108000e-05	1.078269e-02	-5.177842e+00
1.109000e-05	1.210810e-02	-5.115287e+00
1.110000e-05	1.179045e-02	-5.020603e+00
1.111000e-05	1.026956e-02	-4.930475e+00
1.112000e-05	7.411556e-03	-4.883684e+00
1.113000e-05	7.063196e-03	-4.799459e+00
1.114000e-05	9.379170e-03	-4.714734e+00
1.115000e-05	4.443469e-03	-4.652029e+00
1.116000e-05	6.725590e-03	-4.590020e+00
1.117000e-05	7.329691e-03	-4.524262e+00
1.118000e-05	6.676242e-03	-4.440605e+00
1.119000e-05	3.291184e-03	-4.388496e+00
1.120000e-05	4.049299e-03	-4.334815e+00
1.121000e-05	5.024326e-03	-4.242153e+00
1.122000e-05	2.270279e-03	-4.188345e+00
1.123000e-05	2.464652e-04	-4.092087e+00
1.124000e-05	2.345156e-03	-4.009522e+00
1.125000e-05	1.403736e-03	-3.955364e+00
1.126000e-05	1.452638e-03	-3.831521e+00
1.127000e-05	9.634119e-04	-3.674654e+00
1.128000e-05	3.552749e-03	-3.610973e+00
1.129000e-05	-1.304000e-03	-3.526865e+00
1.130000e-05	-1.625230e-04	-3.401524e+00
1.131000e-05	-7.661447e-04	-3.336916e+00
1.132000e-05	9.057423e-04	-3.240629e+00
1.133000e-05	-2.692896e-03	-3.177922e+00
1.134000e-05	1.157740e-04	-3.073753e+00
1.135000e-05	-1.395398e-03	-2.954814e+00
1.136000e-05	-1.336281e-04	-2.820023e+00
1.137000e-05	-8.042048e-04	-2.756820e+00
1.138000e-05	-3.160545e-04	-2.663004e+00
1.139000e-05	-1.579174e-03	-2.527815e+00
1.140000e-05	-1.714235e-03	-2.440577e+00
1.141000e-05	-1.815133e-03	-2.389471e+00
1.142000e-05	-1.032384e-03	-2.282954e+00
1.143000e-05	-2.876587e-03	-2.123204e+00
1.144000e-05	-2.271891e-03	-1.998500e+00
1.145000e-05	-3.145074e-03	-1.945213e+00
1.146000e-05	-5.349636e-04	-1.789475e+00
1.147000e-05	-2.684351e-03	-1.704231e+00
1.148000e-05	-7.952202e-04	-1.600401e+00
1.149000e-05	-3.305614e-03	-1.525766e+00
1.150000e-05	-2.804077e-03	-1.327289e+00
1.151000e-05	-4.140308e-03	-1.228495e+00
1.152000e-05	-2.469368e-03	-1.064254e+00
1.153000e-05	-3.524884e-03	-9.795172e-01
1.154000e-05	-3.375359e-03	-8.330801e-01
1.155000e-05	-4.139239e-03	-8.093973e-01
1.156000e-05	-2.168177e-03	-5.916027e-01
1.157000e-05	-3.378681e-03	-4.630805e-01
1.158000e-05	-3.200844e-03	-3.910224e-01
1.159000e-05	-3.636937e-03	-2.831554e-01
1.160000e-05	-3.109972e-03	-1.188959e-01
1.161000e-05	-2.130014e-03	-7.260790e-02
1.162000e-05	-1.560410e-03	1.027441e-03
1.163000e-05	6.387872e-04	8.689322e-02
1.164000e-05	-2.668359e-03	2.737143e-01
1.165000e-05	-2.157197e-03	4.090000e-01
1.166000e-05	-1.931375e-03	4.736892e-01
1.167000e-05	-1.912320e-03	5.988221e-01
1.168000e-05	-2.765857e-03	6.737079e-01
1.169000e-05	1.314015e-03	7.884501e-01
1.170000e-05	1.708794e-02	8.451081e-01
1.171000e-05	5.277021e-02	1.012550e+00
1.172000e-05	-1.480777e-02	1.260581e+00
1.173000e-05	-5.314823e-02	1.338870e+00
1.174000e-05	-1.123276e-01	1.441004e+00
1.175000e-05	9.824721e-02	1.485868e+00
1.176000e-05	5.539201e-02	1.726761e+00
1.177000e-05	-7.791099e-02	1.778369e+00
1.178000e-05	-5.650035e-02	1.831029e+00
1.179000e-05	1.562241e-01	1.947824e+00
1.180000e-05	-1.602329e-01	2.033161e+00
1.181000e-05	-2.114253e-02	2.156772e+00
1.182000e-05	1.561925e-01	2.222062e+00
1.183000e-05	-9.604106e-02	2.380925e+00
1.184000e-05	-7.534402e-02	2.451029e+00
1.185000e-05	1.454867e-01	2.579368e+00
1.186000e-05	-5.796701e-02	2.705742e+00
1.187000e-05	-8.142273e-02	2.810051e+00
1.188000e-05	1.092379e-01	2.864737e+00
1.189000e-05	-5.701571e-02	3.009999e+00
1.190000e-05	-2.189150e-02	3.084663e+00
1.191000e-05	3.949905e-02	3.179997e+00
1.192000e-05	-2.064920e-02	3.202080e+00
1.193000e-05	5.908807e-04	3.339296e+00
1.194000e-05	3.739734e-02	3.505219e+00
1.195000e-05	-8.735538e-02	3.580500e+00
1.196000e-05	2.809009e-02	3.654659e+00
1.197000e-05	5.551154e-02	3.817922e+00
1.198000e-05	-6.906407e-02	3.854206e+00
1.199000e-05	6.249771e-03	3.978443e+00
1.200000e-05	9.611068e-03	3.980499e+00
1.201000e-05	1.828797e-03	4.022607e+00
1.202000e-05	-3.094968e-02	4.200998e+00
1.203000e-05	1.023893e-02	4.356739e+00
1.204000e-05	4.802124e-03	4.401026e+00
1.205000e-05	7.260518e-03	4.431206e+00
1.206000e-05	-2.769778e-02	4.538817e+00
1.207000e-05	-1.853890e-02	4.609603e+00
1.208000e-05	3.041658e-02	4.683737e+00
1.209000e-05	-7.320930e-03	4.726849e+00
1.210000e-05	-2.350139e-02	4.819579e+00
1.211000e-05	-4.424581e-03	4.894207e+00
1.212000e-05	3.115519e-02	4.971074e+00
1.213000e-05	-3.029017e-02	5.166266e+00
1.214000e-05	-1.361515e-02	5.160100e+00
1.215000e-05	1.073905e-02	5.252102e+00
1.216000e-05	3.835489e-03	5.346284e+00
1.217000e-05	-1.738544e-02	5.398447e+00
1.218000e-05	-1.299972e-02	5.442480e+00
1.219000e-05	1.417453e-02	5.545265e+00
1.220000e-05	-1.115588e-02	5.557948e+00
1.221000e-05	-9.385797e-03	5.599421e+00
1.222000e-05	-5.635968e-03	5.620551e+00
1.223000e-05	6.067616e-03	5.612575e+00
1.224000e-05	-1.324762e-02	5.683286e+00
1.225000e-05	-5.722430e-03	5.748042e+00
1.226000e-05	1.421042e-03	5.845175e+00
1.227000e-05	-8.800685e-03	5.906292e+00
1.228000e-05	-1.006827e-02	5.948317e+00
1.229000e-05	-6.972359e-03	5.989968e+00
1.230000e-05	2.205633e-03	6.000473e+00
1.231000e-05	-1.140481e-02	6.010501e+00
1.232000e-05	-4.304149e-03	6.012053e+00
1.233000e-05	-6.390536e-03	6.061732e+00
1.234000e-05	-7.322722e-03	6.096204e+00
1.235000e-05	-7.875311e-03	6.075232e+00
1.236000e-05	-3.493893e-03	6.105808e+00
1.237000e-05	-4.548295e-03	6.156365e+00
1.238000e-05	-1.374296e-02	6.136842e+00
1.239000e-05	-5.862460e-03	6.169419e+00
1.240000e-05	-5.643793e-03	6.188842e+00
1.241000e-05	-7.131702e-03	6.188371e+00
1.242000e-05	-1.151329e-02	6.159420e+00
1.243000e-05	-6.829133e-03	6.199441e+00
1.244000e-05	-7.856292e-03	6.168473e+00
1.245000e-05	-1.079990e-02	6.199473e+00
1.246000e-05	-7.438656e-03	6.210544e+00
1.247000e-05	-9.783325e-03	6.178472e+00
1.248000e-05	-1.020111e-02	6.170447e+00
1.249000e-05	-1.188123e-02	6.158423e+00
1.250000e-05	-7.310027e-03	6.219042e+00
1.251000e-05	-1.123743e-02	6.189419e+00
1.252000e-05	-1.223665e-02	6.166968e+00
1.253000e-05	-1.297347e-02	6.106236e+00
1.254000e-05	-1.247128e-02	6.113658e+00
1.255000e-05	-1.137404e-02	6.115186e+00
1.256000e-05	-1.388344e-02	6.072626e+00
1.257000e-05	-1.291223e-02	6.011026e+00
1.258000e-05	-1.681818e-02	6.009999e+00
1.259000e-05	-1.366183e-02	6.000000e+00
1.260000e-05	-1.755894e-02	6.000497e+00
1.261000e-05	-1.577369e-02	5.957842e+00
1.262000e-05	-1.874687e-02	5.935334e+00
1.263000e-05	-1.740621e-02	5.883075e+00
1.264000e-05	-1.852716e-02	5.808946e+00
1.265000e-05	-2.056925e-02	5.705233e+00
1.266000e-05	-1.959379e-02	5.682125e+00
1.267000e-05	-2.064418e-02	5.601024e+00
1.268000e-05	-1.913103e-02	5.569446e+00
1.269000e-05	-2.009425e-02	5.587883e+00
1.270000e-05	-1.821342e-02	5.483135e+00
1.271000e-05	-2.060584e-02	5.471053e+00
1.272000e-05	-2.060139e-02	5.398444e+00
1.273000e-05	-1.883082e-02	5.327291e+00
1.274000e-05	-1.833307e-02	5.283078e+00
1.275000e-05	-1.687629e-02	5.218517e+00
1.276000e-05	-1.796474e-02	5.126238e+00
1.277000e-05	-1.377052e-02	5.029622e+00
1.278000e-05	-1.719815e-02	4.925334e+00
1.279000e-05	-1.433800e-02	4.831103e+00
1.280000e-05	-1.365585e-02	4.789500e+00
1.281000e-05	-1.216966e-02	4.745238e+00
1.282000e-05	-1.332303e-02	4.692079e+00
1.283000e-05	-1.080062e-02	4.588491e+00
1.284000e-05	-1.113984e-02	4.475129e+00
1.285000e-05	-1.095167e-02	4.400550e+00
1.286000e-05	-9.966876e-03	4.399972e+00
1.287000e-05	-8.242976e-03	4.314159e+00
1.288000e-05	-8.887933e-03	4.176941e+00
1.289000e-05	-1.071075e-02	4.041630e+00
1.290000e-05	-7.947468e-03	4.019947e+00
1.291000e-05	-6.069175e-03	3.923709e+00
1.292000e-05	-8.083652e-03	3.811626e+00
1.293000e-05	-8.379038e-03	3.765787e+00
1.294000e-05	-6.857981e-03	3.642576e+00
1.295000e-05	-6.011531e-03	3.599021e+00
1.296000e-05	-7.319606e-03	3.534187e+00
1.297000e-05	-5.910986e-03	3.376407e+00
1.298000e-05	-5.805063e-03	3.271078e+00
1.299000e-05	-6.046800e-03	3.177920e+00
1.300000e-05	-7.395989e-03	3.072681e+00
1.301000e-05	-6.147937e-03	2.988945e+00
1.302000e-05	-5.855363e-03	2.853729e+00
1.303000e-05	-5.217061e-03	2.778469e+00
1.304000e-05	-5.557697e-03	2.744766e+00
1.305000e-05	-5.049848e-03	2.577363e+00
1.306000e-05	-5.553706e-03	2.401550e+00
1.307000e-05	-5.797919e-03	2.396288e+00
1.308000e-05	-4.552844e-03	2.279503e+00
1.309000e-05	-4.597387e-03	2.137361e+00
1.310000e-05	-4.522629e-03	2.001625e+00
1.311000e-05	-4.697814e-03	1.977892e+00
1.312000e-05	-5.101365e-03	1.861623e+00
1.313000e-05	-4.627078e-03	1.727358e+00
1.314000e-05	-4.337106e-03	1.618969e+00
1.315000e-05	-4.307302e-03	1.474305e+00
1.316000e-05	-4.495563e-03	1.379342e+00
1.317000e-05	-4.711304e-03	1.272625e+00
1.318000e-05	-3.716013e-03	1.156966e+00
1.319000e-05	-4.013079e-03	1.028114e+00
1.320000e-05	-5.088310e-03	8.115750e-01
1.321000e-05	-4.392037e-03	7.753669e-01
1.322000e-05	-3.805292e-03	6.241290e-01
1.323000e-05	-4.184328e-03	5.358634e-01
1.324000e-05	-4.269501e-03	4.020250e-01
1.325000e-05	-4.320724e-03	3.573609e-01
1.326000e-05	-3.815952e-03	2.004648e-01
1.327000e-05	-2.771816e-03	3.202757e-02
1.328000e-05	-1.709120e-03	-3.081648e-03
1.329000e-05	7.518052e-04	-1.467936e-01
1.330000e-05	-7.414462e-04	-2.016578e-01
1.331000e-05	-1.881702e-03	-3.079195e-01
1.332000e-05	-2.100210e-03	-4.115052e-01
1.333000e-05	-1.836766e-03	-4.938198e-01
1.334000e-05	-1.502722e-03	-6.442658e-01
1.335000e-05	4.959781e-03	-7.894489e-01
1.336000e-05	4.398952e-02	-8.336079e-01
1.337000e-05	3.318901e-02	-1.001005e+00
1.338000e-05	-7.046110e-02	-1.212960e+00
1.339000e-05	-8.123972e-02	-1.419551e+00
1.340000e-05	2.579453e-02	-1.459577e+00
1.341000e-05	1.106508e-01	-1.411529e+00
1.342000e-05	-5.880390e-02	-1.601082e+00
1.343000e-05	-1.499205e-01	-1.797949e+00
1.344000e-05	1.843773e-01	-1.750471e+00
1.345000e-05	-1.376131e-01	-1.824241e+00
1.346000e-05	-1.301574e-01	-2.010088e+00
1.347000e-05	1.531879e-01	-2.034238e+00
1.348000e-05	4.036514e-02	-2.171480e+00
1.349000e-05	-1.867888e-01	-2.390928e+00
1.350000e-05	1.464778e-01	-2.443587e+00
1.351000e-05	-5.132742e-03	-2.530922e+00
1.352000e-05	-1.319801e-01	-2.715242e+00
1.353000e-05	9.034717e-02	-2.768971e+00
1.354000e-05	2.642085e-02	-2.844679e+00
1.355000e-05	-1.026975e-01	-3.019429e+00
1.356000e-05	1.136214e-01	-3.086291e+00
1.357000e-05	-6.346590e-02	-3.212583e+00
1.358000e-05	-2.753085e-02	-3.333292e+00
1.359000e-05	1.250207e-01	-3.369474e+00
1.360000e-05	-1.419586e-01	-3.482763e+00
1.361000e-05	1.228694e-02	-3.589399e+00
1.362000e-05	1.107718e-01	-3.630578e+00
1.363000e-05	-9.881030e-02	-3.768425e+00
1.364000e-05	2.269375e-03	-3.873692e+00
1.365000e-05	5.899186e-02	-3.977401e+00
1.366000e-05	-4.200600e-02	-4.043630e+00
1.367000e-05	2.529995e-03	-4.116791e+00
1.368000e-05	-2.360215e-02	-4.219473e+00
1.369000e-05	2.921578e-02	-4.251814e+00
1.370000e-05	5.006575e-02	-4.358896e+00
1.371000e-05	-8.275269e-02	-4.400051e+00
1.372000e-05	7.294765e-03	-4.441685e+00
1.373000e-05	4.149087e-02	-4.550393e+00
1.374000e-05	-8.995405e-03	-4.662760e+00
1.375000e-05	-1.968364e-02	-4.685736e+00
1.376000e-05	-1.450486e-02	-4.779872e+00
1.377000e-05	5.948042e-02	-4.893112e+00
1.378000e-05	-3.257855e-02	-4.946872e+00
1.379000e-05	-3.552329e-02	-4.999523e+00
1.380000e-05	4.137690e-02	-5.055186e+00
1.381000e-05	6.180176e-03	-5.136871e+00
1.382000e-05	-2.480190e-02	-5.180475e+00
1.383000e-05	-3.091634e-03	-5.261082e+00
1.384000e-05	1.591578e-02	-5.339421e+00
1.385000e-05	1.554073e-02	-5.481555e+00
1.386000e-05	-3.257267e-02	-5.557844e+00
1.387000e-05	3.812594e-03	-5.589974e+00
1.388000e-05	2.426022e-02	-5.599525e+00
1.389000e-05	-1.771027e-02	-5.631157e+00
1.390000e-05	1.758103e-03	-5.706712e+00
1.391000e-05	2.533457e-03	-5.736843e+00
1.392000e-05	7.330826e-03	-5.779895e+00
1.393000e-05	-8.525501e-03	-5.799950e+00
1.394000e-05	-5.055477e-03	-5.842054e+00
1.395000e-05	1.613504e-02	-5.884283e+00
1.396000e-05	-5.573460e-03	-5.925837e+00
1.397000e-05	6.922452e-04	-5.926366e+00
1.398000e-05	3.313379e-03	-5.979895e+00
1.399000e-05	-5.840926e-04	-5.988950e+00
1.400000e-05	2.984226e-04	-5.999474e+00
1.401000e-05	2.738444e-03	-6.030479e+00
1.402000e-05	4.021299e-03	-6.020499e+00
1.403000e-05	-1.346087e-03	-6.002103e+00
1.404000e-05	8.351415e-04	-6.021104e+00
1.405000e-05	6.669324e-03	-6.022053e+00
1.406000e-05	1.619584e-03	-6.021632e+00
1.407000e-05	-2.699820e-03	-6.082682e+00
1.408000e-05	6.110851e-03	-6.125689e+00
1.409000e-05	4.188462e-03	-6.095637e+00
1.410000e-05	2.609710e-03	-6.054683e+00
1.411000e-05	1.452255e-03	-6.114660e+00
1.412000e-05	5.619353e-03	-6.105211e+00
1.413000e-05	3.726169e-03	-6.073233e+00
1.414000e-05	2.153296e-03	-6.073687e+00
1.415000e-05	6.572261e-03	-6.042633e+00
1.416000e-05	6.073572e-03	-6.053707e+00
1.417000e-05	6.527233e-03	-6.042630e+00
1.418000e-05	3.623177e-03	-6.030002e+00
1.419000e-05	6.731726e-03	-6.010551e+00
1.420000e-05	8.204572e-03	-6.020525e+00
1.421000e-05	8.149727e-03	-5.989974e+00
1.422000e-05	7.752035e-03	-5.979950e+00
1.423000e-05	7.304121e-03	-5.969470e+00
1.424000e-05	1.018954e-02	-5.946870e+00
1.425000e-05	9.375447e-03	-5.936812e+00
1.426000e-05	9.656105e-03	-5.883662e+00
1.427000e-05	1.017129e-02	-5.842075e+00
1.428000e-05	1.375268e-02	-5.790050e+00
1.429000e-05	1.223030e-02	-5.768966e+00
1.430000e-05	1.196918e-02	-5.705341e+00
1.431000e-05	1.255634e-02	-5.672630e+00
1.432000e-05	1.498233e-02	-5.640625e+00
1.433000e-05	1.445087e-02	-5.628547e+00
1.434000e-05	1.288374e-02	-5.587893e+00
1.435000e-05	1.403527e-02	-5.568359e+00
1.436000e-05	1.410606e-02	-5.420104e+00
1.437000e-05	1.494733e-02	-5.338365e+00
1.438000e-05	1.276270e-02	-5.271657e+00
1.439000e-05	1.227599e-02	-5.229003e+00
1.440000e-05	1.102657e-02	-5.137919e+00
1.441000e-05	1.179465e-02	-5.124313e+00
1.442000e-05	1.187147e-02	-5.031501e+00
1.443000e-05	8.951819e-03	-4.977921e+00
1.444000e-05	9.624498e-03	-4.852209e+00
1.445000e-05	9.277669e-03	-4.760439e+00
1.446000e-05	8.264231e-03	-4.683634e+00
1.447000e-05	5.324244e-03	-4.640028e+00
1.448000e-05	6.216016e-03	-4.598417e+00
1.449000e-05	6.508551e-03	-4.502307e+00
1.450000e-05	3.915460e-03	-4.431028e+00
1.451000e-05	2.613997e-03	-4.378446e+00
1.452000e-05	4.141303e-03	-4.305283e+00
1.453000e-05	4.406946e-03	-4.202050e+00
1.454000e-05	1.531054e-03	-4.126397e+00
1.455000e-05	2.254394e-03	-4.042060e+00
1.456000e-05	3.848331e-03	-3.999999e+00
1.457000e-05	1.972553e-03	-3.904733e+00
1.458000e-05	-6.931351e-04	-3.799416e+00
1.459000e-05	2.220386e-04	-3.653705e+00
1.460000e-05	1.413811e-03	-3.600924e+00
1.461000e-05	-3.818407e-04	-3.514183e+00
1.462000e-05	8.918284e-04	-3.390500e+00
1.463000e-05	7.429641e-04	-3.314712e+00
1.464000e-05	9.680845e-04	-3.241022e+00
1.465000e-05	-2.039682e-03	-3.178914e+00
1.466000e-05	4.817777e-04	-3.063626e+00
1.467000e-05	-2.206671e-03	-2.895233e+00
1.468000e-05	-1.258407e-03	-2.799525e+00
1.469000e-05	-7.129492e-04	-2.706238e+00
1.470000e-05	4.714327e-04	-2.609476e+00
1.471000e-05	-2.682408e-03	-2.485186e+00
1.472000e-05	-2.123671e-03	-2.433026e+00
1.473000e-05	-2.452449e-03	-2.365288e+00
1.474000e-05	-1.408684e-03	-2.157995e+00
1.475000e-05	-3.482204e-03	-2.103076e+00
1.476000e-05	-2.701871e-03	-1.997397e+00
1.477000e-05	-2.064566e-03	-1.873257e+00
1.478000e-05	3.713409e-04	-1.799467e+00
1.479000e-05	-2.085882e-03	-1.663657e+00
1.480000e-05	-1.882713e-03	-1.588995e+00
1.481000e-05	-3.299067e-03	-1.464078e+00
1.482000e-05	-3.968600e-03	-1.294705e+00
1.483000e-05	-3.819777e-03	-1.157893e+00
1.484000e-05	-3.164719e-03	-1.041628e+00
1.485000e-05	-3.180373e-03	-9.468644e-01
1.486000e-05	-2.919022e-03	-8.320977e-01
1.487000e-05	-1.689662e-03	-7.568647e-01
1.488000e-05	-2.568094e-03	-6.079198e-01
1.489000e-05	-2.737557e-03	-4.426027e-01
1.490000e-05	-3.247734e-03	-3.679197e-01
1.491000e-05	-4.080647e-03	-2.721779e-01
1.492000e-05	-5.369518e-03	-1.769170e-01
1.493000e-05	-2.566370e-03	-3.200288e-02
1.494000e-05	-1.657527e-03	3.160651e-02
1.495000e-05	1.976197e-03	1.478486e-01
1.496000e-05	-2.589773e-03	2.968434e-01
1.497000e-05	4.083191e-04	4.100063e-01
1.498000e-05	-2.651968e-03	4.746869e-01
1.499000e-05	-1.922463e-03	6.000037e-01
1.500000e-05	-3.587612e-03	7.783143e-01
1.501000e-05	3.930203e-03	7.890501e-01
1.502000e-05	2.478441e-02	8.752393e-01
1.503000e-05	4.671094e-02	1.103617e+00
1.504000e-05	-3.827128e-02	1.243689e+00
1.505000e-05	-6.051016e-02	1.358375e+00
1.506000e-05	-9.332397e-02	1.423055e+00
1.507000e-05	1.530558e-01	1.511979e+00
1.508000e-05	-4.126741e-04	1.764917e+00
1.509000e-05	-1.155438e-01	1.809450e+00
1.510000e-05	4.760782e-02	1.813135e+00
1.511000e-05	7.396947e-02	1.980979e+00
1.512000e-05	-1.458503e-01	2.125267e+00
1.513000e-05	2.868381e-02	2.119320e+00
1.514000e-05	1.434132e-01	2.255767e+00
1.515000e-05	-1.584159e-01	2.369428e+00
1.516000e-05	1.686650e-02	2.461605e+00
1.517000e-05	1.109145e-01	2.571430e+00
1.518000e-05	-1.022447e-01	2.738346e+00
1.519000e-05	-2.762326e-02	2.832104e+00
1.520000e-05	9.682079e-02	2.926863e+00
1.521000e-05	-8.406748e-02	3.012505e+00
1.522000e-05	1.340382e-02	3.147267e+00
1.523000e-05	3.000027e-02	3.199501e+00
1.524000e-05	-3.775315e-02	3.264610e+00
1.525000e-05	3.987041e-02	3.410575e+00
1.526000e-05	-1.360346e-02	3.547871e+00
1.527000e-05	-5.630417e-02	3.620578e+00
1.528000e-05	4.209333e-02	3.654661e+00
1.529000e-05	3.823056e-02	3.790529e+00
1.530000e-05	-7.792022e-02	3.934312e+00
1.531000e-05	2.887157e-02	3.980972e+00
1.532000e-05	3.251707e-03	4.030578e+00
1.533000e-05	-1.129398e-02	4.083684e+00
1.534000e-05	-1.435674e-02	4.220057e+00
1.535000e-05	2.153544e-03	4.347421e+00
1.536000e-05	2.058781e-02	4.419579e+00
1.537000e-05	-1.365475e-02	4.443158e+00
1.538000e-05	-2.003315e-02	4.547871e+00
1.539000e-05	-1.408910e-02	4.610679e+00
1.540000e-05	3.531722e-02	4.685769e+00
1.541000e-05	-2.419343e-02	4.769969e+00
1.542000e-05	-1.906469e-02	4.831076e+00
1.543000e-05	1.072987e-02	4.923841e+00
1.544000e-05	1.524116e-02	5.031079e+00
1.545000e-05	-3.031628e-02	5.165346e+00
1.546000e-05	-1.113471e-02	5.201574e+00
1.547000e-05	1.958594e-02	5.284177e+00
1.548000e-05	-1.036967e-02	5.337766e+00
1.549000e-05	-1.158752e-02	5.400025e+00
1.550000e-05	-9.525223e-03	5.423079e+00
1.551000e-05	1.482223e-02	5.525746e+00
1.552000e-05	-1.649441e-02	5.571521e+00
1.553000e-05	-8.341986e-03	5.599900e+00
1.554000e-05	1.817438e-03	5.632105e+00
1.555000e-05	-3.612247e-03	5.653705e+00
1.556000e-05	-1.050474e-02	5.717663e+00
1.557000e-05	-6.942899e-03	5.809944e+00
1.558000e-05	5.422586e-03	5.863679e+00
1.559000e-05	-1.324301e-02	5.885742e+00
1.560000e-05	-5.812135e-03	5.969945e+00
1.561000e-05	-4.064943e-03	5.999449e+00
1.562000e-05	-9.082245e-04	5.999975e+00
1.563000e-05	-1.088326e-02	6.010575e+00
1.564000e-05	-5.707504e-03	6.033105e+00
1.565000e-05	-6.137991e-03	6.053083e+00
1.566000e-05	-1.108153e-02	6.084733e+00
1.567000e-05	-4.220995e-03	6.114681e+00
1.568000e-05	-2.899431e-03	6.116888e+00
1.569000e-05	-4.737169e-03	6.135742e+00
1.570000e-05	-1.260624e-02	6.178371e+00
1.571000e-05	-5.719194e-03	6.169420e+00
1.572000e-05	-5.948092e-03	6.188396e+00
1.573000e-05	-1.141481e-02	6.169392e+00
1.574000e-05	-9.361116e-03	6.200474e+00
1.575000e-05	-8.578758e-03	6.219996e+00
1.576000e-05	-5.718103e-03	6.208498e+00
1.577000e-05	-1.109950e-02	6.229521e+00
1.578000e-05	-5.208769e-03	6.190421e+00
1.579000e-05	-1.076602e-02	6.199423e+00
1.580000e-05	-9.946354e-03	6.179447e+00
1.581000e-05	-1.238825e-02	6.209439e+00
1.582000e-05	-1.031912e-02	6.178945e+00
1.583000e-05	-1.178184e-02	6.167366e+00
1.584000e-05	-1.310607e-02	6.138287e+00
1.585000e-05	-1.108672e-02	6.136783e+00
1.586000e-05	-1.221586e-02	6.104109e+00
1.587000e-05	-1.008452e-02	6.052253e+00
1.588000e-05	-1.408965e-02	6.031079e+00
1.589000e-05	-1.338548e-02	6.051526e+00
1.590000e-05	-1.662588e-02	6.010526e+00
1.591000e-05	-1.431613e-02	5.990000e+00
1.592000e-05	-1.723828e-02	5.968993e+00
1.593000e-05	-1.782377e-02	5.966844e+00
1.594000e-05	-1.665885e-02	5.933709e+00
1.595000e-05	-1.770498e-02	5.831599e+00
1.596000e-05	-1.841174e-02	5.788833e+00
1.597000e-05	-2.049850e-02	5.683658e+00
1.598000e-05	-1.785640e-02	5.620575e+00
1.599000e-05	-2.056520e-02	5.619975e+00
1.600000e-05	-2.073019e-02	5.588471e+00
1.601000e-05	-2.078594e-02	5.525340e+00
1.602000e-05	-2.043607e-02	5.452654e+00
1.603000e-05	-1.830946e-02	5.412049e+00
1.604000e-05	-2.007458e-02	5.378970e+00
1.605000e-05	-1.685149e-02	5.305711e+00
1.606000e-05	-1.954853e-02	5.261102e+00
1.607000e-05	-1.511028e-02	5.199923e+00
1.608000e-05	-1.731993e-02	5.054188e+00
1.609000e-05	-1.370364e-02	5.060024e+00
1.610000e-05	-1.747903e-02	4.862788e+00
1.611000e-05	-1.301570e-02	4.830050e+00
1.612000e-05	-1.342592e-02	4.778444e+00
1.613000e-05	-1.226610e-02	4.735162e+00
1.614000e-05	-1.250207e-02	4.591999e+00
1.615000e-05	-1.099312e-02	4.605915e+00
1.616000e-05	-1.022167e-02	4.472133e+00
1.617000e-05	-1.074783e-02	4.411051e+00
1.618000e-05	-1.047260e-02	4.399467e+00
1.619000e-05	-7.860770e-03	4.262106e+00
1.620000e-05	-9.890554e-03	4.116412e+00
1.621000e-05	-9.891429e-03	4.042049e+00
1.622000e-05	-7.793275e-03	3.967867e+00
1.623000e-05	-6.766886e-03	3.845183e+00
1.624000e-05	-7.799739e-03	3.819996e+00
1.625000e-05	-8.094670e-03	3.705208e+00
1.626000e-05	-6.427103e-03	3.652101e+00
1.627000e-05	-5.827168e-03	3.587944e+00
1.628000e-05	-7.398853e-03	3.491099e+00
1.629000e-05	-5.886214e-03	3.336231e+00
1.630000e-05	-5.990614e-03	3.209972e+00
1.631000e-05	-5.927835e-03	3.146837e+00
1.632000e-05	-6.068836e-03	3.023575e+00
1.633000e-05	-5.688745e-03	2.956891e+00
1.634000e-05	-5.569421e-03	2.882104e+00
1.635000e-05	-5.761675e-03	2.780972e+00
1.636000e-05	-5.148530e-03	2.702537e+00
1.637000e-05	-5.034106e-03	2.536785e+00
1.638000e-05	-5.270286e-03	2.389049e+00
1.639000e-05	-5.747598e-03	2.305262e+00
1.640000e-05	-4.511332e-03	2.200045e+00
1.641000e-05	-5.127343e-03	2.104286e+00
1.642000e-05	-5.393131e-03	2.011050e+00
1.643000e-05	-4.397054e-03	1.965835e+00
1.644000e-05	-4.821004e-03	1.800045e+00
1.645000e-05	-5.057339e-03	1.696133e+00
1.646000e-05	-4.447278e-03	1.588415e+00
1.647000e-05	-4.196830e-03	1.452130e+00
1.648000e-05	-4.401307e-03	1.356867e+00
1.649000e-05	-4.201852e-03	1.201649e+00
1.650000e-05	-4.695740e-03	1.135839e+00
1.651000e-05	-4.003216e-03	9.658094e-01
1.652000e-05	-4.245565e-03	8.134988e-01
1.653000e-05	-4.330785e-03	7.664120e-01
1.654000e-05	-3.769264e-03	6.195211e-01
1.655000e-05	-4.279755e-03	4.837343e-01
1.656000e-05	-3.909743e-03	4.214987e-01
1.657000e-05	-3.811295e-03	3.047080e-01
1.658000e-05	-3.484398e-03	1.663684e-01
1.659000e-05	-3.257300e-03	3.002875e-02
1.660000e-05	-8.064298e-04	-6.365927e-02
1.661000e-05	1.211809e-03	-1.988773e-01
1.662000e-05	-2.286606e-03	-2.537344e-01
1.663000e-05	-1.217637e-03	-3.583724e-01
1.664000e-05	-2.012237e-03	-4.210340e-01
1.665000e-05	-1.520968e-03	-5.683736e-01
1.666000e-05	-2.636407e-03	-7.167184e-01
1.667000e-05	1.068928e-02	-7.710013e-01
1.668000e-05	5.876486e-02	-8.447666e-01
1.669000e-05	-5.396302e-03	-1.033137e+00
1.670000e-05	-6.308428e-02	-1.252669e+00
1.671000e-05	-1.131842e-01	-1.432086e+00
1.672000e-05	1.197241e-01	-1.380449e+00
1.673000e-05	3.586836e-02	-1.415588e+00
1.674000e-05	-8.471987e-02	-1.617165e+00
1.675000e-05	-5.192314e-02	-1.778446e+00
1.676000e-05	1.633086e-01	-1.789524e+00
1.677000e-05	-1.891101e-01	-1.907267e+00
1.678000e-05	-6.971036e-02	-2.042108e+00
1.679000e-05	1.908749e-01	-2.103764e+00
1.680000e-05	-6.199895e-02	-2.223732e+00
1.681000e-05	-1.342235e-01	-2.409504e+00
1.682000e-05	1.872516e-01	-2.426112e+00
1.683000e-05	-9.079240e-02	-2.592004e+00
1.684000e-05	-9.126873e-02	-2.746818e+00
1.685000e-05	1.328708e-01	-2.799025e+00
1.686000e-05	-5.567090e-02	-2.885264e+00
1.687000e-05	-3.184601e-02	-2.992608e+00
1.688000e-05	8.451712e-02	-3.076791e+00
1.689000e-05	-8.224897e-02	-3.233182e+00
1.690000e-05	2.634190e-02	-3.307394e+00
1.691000e-05	8.660724e-02	-3.370978e+00
1.692000e-05	-1.649539e-01	-3.477293e+00
1.693000e-05	8.489839e-02	-3.588923e+00
1.694000e-05	6.080263e-02	-3.633084e+00
1.695000e-05	-1.149481e-01	-3.809923e+00
1.696000e-05	5.331507e-02	-3.915844e+00
1.697000e-05	2.038031e-02	-3.979975e+00
1.698000e-05	-3.272498e-02	-4.063212e+00
1.699000e-05	1.561571e-03	-4.117317e+00
1.700000e-05	-2.702381e-02	-4.221002e+00
1.701000e-05	5.688532e-02	-4.285767e+00
1.702000e-05	7.541248e-03	-4.366895e+00
1.703000e-05	-7.399232e-02	-4.422103e+00
1.704000e-05	2.851026e-02	-4.485162e+00
1.705000e-05	3.000443e-02	-4.569520e+00
1.706000e-05	-1.718953e-02	-4.673087e+00
1.707000e-05	-1.835652e-02	-4.694813e+00
1.708000e-05	2.952536e-04	-4.810426e+00
1.709000e-05	5.512149e-02	-4.905688e+00
1.710000e-05	-5.565139e-02	-4.928022e+00
1.711000e-05	-1.077811e-02	-5.020529e+00
1.712000e-05	4.366517e-02	-5.095186e+00
1.713000e-05	-1.143461e-02	-5.188326e+00
1.714000e-05	-1.538304e-02	-5.218953e+00
1.715000e-05	-5.777622e-03	-5.254163e+00
1.716000e-05	2.562638e-02	-5.389050e+00
1.717000e-05	-1.039290e-03	-5.465010e+00
1.718000e-05	-2.910989e-02	-5.547996e+00
1.719000e-05	1.678448e-02	-5.599922e+00
1.720000e-05	1.283682e-02	-5.630504e+00
1.721000e-05	-1.607127e-02	-5.642135e+00
1.722000e-05	3.056342e-03	-5.696288e+00
1.723000e-05	4.647807e-03	-5.777796e+00
1.724000e-05	4.160614e-03	-5.769374e+00
1.725000e-05	-1.017380e-02	-5.831029e+00
1.726000e-05	9.854947e-04	-5.833183e+00
1.727000e-05	1.448236e-02	-5.874712e+00
1.728000e-05	-8.459577e-03	-5.925313e+00
1.729000e-05	3.620334e-03	-5.956870e+00
1.730000e-05	1.051221e-03	-5.978347e+00
1.731000e-05	-1.058220e-03	-5.989499e+00
1.732000e-05	2.495317e-03	-5.989976e+00
1.733000e-05	2.590079e-03	-6.000026e+00
1.734000e-05	4.386173e-03	-6.022075e+00
1.735000e-05	-4.006642e-03	-6.031004e+00
1.736000e-05	3.671567e-03	-6.031155e+00
1.737000e-05	5.429209e-03	-6.052059e+00
1.738000e-05	7.787199e-04	-6.043108e+00
1.739000e-05	1.009444e-03	-6.043733e+00
1.740000e-05	5.784388e-03	-6.133707e+00
1.741000e-05	3.889595e-03	-6.083132e+00
1.742000e-05	8.500491e-04	-6.045309e+00
1.743000e-05	3.284149e-03	-6.084158e+00
1.744000e-05	4.702581e-03	-6.063184e+00
1.745000e-05	3.834657e-03	-6.043684e+00
1.746000e-05	3.235673e-03	-6.053133e+00
1.747000e-05	8.207827e-03	-6.072207e+00
1.748000e-05	5.387754e-03	-6.073131e+00
1.749000e-05	6.262318e-03	-6.052581e+00
1.750000e-05	4.356858e-03	-6.052027e+00
1.751000e-05	5.936030e-03	-6.000051e+00
1.752000e-05	6.788260e-03	-6.009975e+00
1.753000e-05	7.057982e-03	-6.000001e+00
1.754000e-05	9.523951e-03	-5.969900e+00
1.755000e-05	8.843852e-03	-5.986947e+00
1.756000e-05	1.131938e-02	-5.917369e+00
1.757000e-05	9.209146e-03	-5.945336e+00
1.758000e-05	8.970900e-03	-5.903683e+00
1.759000e-05	1.036199e-02	-5.840555e+00
1.760000e-05	1.353061e-02	-5.777473e+00
1.761000e-05	1.240943e-02	-5.757918e+00
1.762000e-05	1.191763e-02	-5.724238e+00
1.763000e-05	1.388199e-02	-5.651702e+00
1.764000e-05	1.420366e-02	-5.621101e+00
1.765000e-05	1.289341e-02	-5.589445e+00
1.766000e-05	1.423458e-02	-5.568896e+00
1.767000e-05	1.508626e-02	-5.565291e+00
1.768000e-05	1.317608e-02	-5.420179e+00
1.769000e-05	1.209041e-02	-5.298685e+00
1.770000e-05	1.432177e-02	-5.244224e+00
1.771000e-05	1.292340e-02	-5.190025e+00
1.772000e-05	1.067706e-02	-5.126866e+00
1.773000e-05	1.077993e-02	-5.085709e+00
1.774000e-05	1.241291e-02	-5.010504e+00
1.775000e-05	8.941855e-03	-4.937766e+00
1.776000e-05	8.561585e-03	-4.780000e+00
1.777000e-05	8.628368e-03	-4.714861e+00
1.778000e-05	7.370845e-03	-4.664655e+00
1.779000e-05	5.488407e-03	-4.640500e+00
1.780000e-05	5.386012e-03	-4.567817e+00
1.781000e-05	6.511032e-03	-4.463729e+00
1.782000e-05	3.364111e-03	-4.410575e+00
1.783000e-05	3.946015e-03	-4.366412e+00
1.784000e-05	3.986814e-03	-4.283705e+00
1.785000e-05	4.993619e-03	-4.181000e+00
1.786000e-05	1.306280e-03	-4.135334e+00
1.787000e-05	2.247432e-03	-4.002604e+00
1.788000e-05	2.101591e-03	-3.970469e+00
1.789000e-05	1.532876e-03	-3.902656e+00
1.790000e-05	9.638959e-04	-3.806787e+00
1.791000e-05	2.070361e-03	-3.612104e+00
1.792000e-05	5.616553e-04	-3.567394e+00
1.793000e-05	-1.974340e-03	-3.462606e+00
1.794000e-05	5.980434e-04	-3.379395e+00
1.795000e-05	7.055556e-04	-3.254756e+00
1.796000e-05	-2.619841e-04	-3.221026e+00
1.797000e-05	-2.355607e-03	-3.155815e+00
1.798000e-05	7.017453e-04	-3.001023e+00
1.799000e-05	-1.707885e-03	-2.833178e+00
1.800000e-05	-9.727616e-04	-2.789017e+00
1.801000e-05	-2.557884e-03	-2.703732e+00
1.802000e-05	-2.150165e-04	-2.598869e+00
1.803000e-05	-1.943632e-03	-2.463205e+00
1.804000e-05	-1.272419e-03	-2.411501e+00
1.805000e-05	-1.127337e-03	-2.324311e+00
1.806000e-05	-2.505514e-03	-2.156464e+00
1.807000e-05	-2.593030e-03	-2.033050e+00
1.808000e-05	-3.560776e-03	-1.967421e+00
1.809000e-05	-1.805068e-03	-1.820628e+00
1.810000e-05	-3.169914e-03	-1.747315e+00
1.811000e-05	-1.169477e-03	-1.629104e+00
1.812000e-05	-2.546755e-03	-1.577470e+00
1.813000e-05	-1.443607e-03	-1.468575e+00
1.814000e-05	-3.790833e-03	-1.252126e+00
1.815000e-05	-2.615316e-03	-1.145268e+00
1.816000e-05	-3.243078e-03	-1.010046e+00
1.817000e-05	-3.164974e-03	-9.237869e-01
1.818000e-05	-4.769275e-03	-7.910250e-01
1.819000e-05	-2.572122e-03	-7.133608e-01
1.820000e-05	-3.455406e-03	-5.583456e-01
1.821000e-05	-2.669368e-03	-4.315500e-01
1.822000e-05	-3.168119e-03	-3.563659e-01
1.823000e-05	-3.678936e-03	-2.295527e-01
1.824000e-05	-3.239110e-03	-1.337871e-01
1.825000e-05	-1.556550e-03	-2.052428e-03
1.826000e-05	-4.935553e-04	1.365545e-02
1.827000e-05	1.659608e-05	1.999776e-01
1.828000e-05	-2.955035e-03	3.478957e-01
1.829000e-05	-1.280260e-03	4.101301e-01
1.830000e-05	-3.576306e-03	4.967642e-01
1.831000e-05	-1.853778e-03	6.241539e-01
1.832000e-05	-1.929281e-03	7.573460e-01
1.833000e-05	9.047649e-03	8.100537e-01
1.834000e-05	3.678480e-02	8.958372e-01
1.835000e-05	3.177845e-02	1.115871e+00
1.836000e-05	-5.338759e-02	1.305709e+00
1.837000e-05	-8.153444e-02	1.378475e+00
1.838000e-05	-4.343877e-02	1.472179e+00
1.839000e-05	1.577299e-01	1.593530e+00
1.840000e-05	-3.322861e-02	1.746973e+00
1.841000e-05	-1.439992e-01	1.800941e+00
1.842000e-05	1.316668e-01	1.864610e+00
1.843000e-05	-3.980842e-02	2.001582e+00
1.844000e-05	-1.070504e-01	2.156787e+00
1.845000e-05	8.095802e-02	2.158920e+00
1.846000e-05	8.113570e-02	2.378266e+00
1.847000e-05	-1.731769e-01	2.419500e+00
1.848000e-05	9.527741e-02	2.434186e+00
1.849000e-05	5.493086e-02	2.652033e+00
1.850000e-05	-1.222702e-01	2.767946e+00
1.851000e-05	3.391417e-02	2.832058e+00
1.852000e-05	4.885654e-02	2.958842e+00
1.853000e-05	-8.009207e-02	3.024630e+00
1.854000e-05	3.683902e-02	3.157419e+00
1.855000e-05	1.403716e-02	3.202575e+00
1.856000e-05	-4.480763e-02	3.274812e+00
1.857000e-05	6.502438e-02	3.452657e+00
1.858000e-05	-6.517373e-02	3.588925e+00
1.859000e-05	-2.033645e-02	3.620554e+00
1.860000e-05	5.184184e-02	3.735762e+00
1.861000e-05	4.800474e-03	3.792000e+00
1.862000e-05	-5.978600e-02	3.915313e+00
1.863000e-05	3.114140e-02	4.019451e+00
1.864000e-05	4.043878e-03	4.030601e+00
1.865000e-05	-2.500566e-02	4.095839e+00
1.866000e-05	2.373243e-03	4.273632e+00
1.867000e-05	-5.931706e-03	4.388421e+00
1.868000e-05	2.894078e-02	4.421528e+00
1.869000e-05	-2.604681e-02	4.486691e+00
1.870000e-05	-1.644422e-02	4.609447e+00
1.871000e-05	-1.075507e-03	4.621133e+00
1.872000e-05	2.829941e-02	4.775816e+00
1.873000e-05	-2.955566e-02	4.779498e+00
1.874000e-05	-1.715661e-02	4.851132e+00
1.875000e-05	2.676376e-02	4.934195e+00
1.876000e-05	-4.629258e-03	5.133638e+00
1.877000e-05	-2.388178e-02	5.158367e+00
1.878000e-05	-8.163198e-03	5.243555e+00
1.879000e-05	2.160831e-02	5.323160e+00
1.880000e-05	-1.915701e-02	5.328946e+00
1.881000e-05	-1.019658e-02	5.410476e+00
1.882000e-05	-1.780559e-03	5.482689e+00
1.883000e-05	6.996892e-03	5.516891e+00
1.884000e-05	-1.593738e-02	5.599921e+00
1.885000e-05	-9.322465e-03	5.599523e+00
1.886000e-05	7.786465e-03	5.632076e+00
1.887000e-05	-9.258046e-03	5.734208e+00
1.888000e-05	-8.707955e-03	5.737761e+00
1.889000e-05	-5.871887e-03	5.811574e+00
1.890000e-05	3.254388e-03	5.895832e+00
1.891000e-05	-1.516090e-02	5.916339e+00
1.892000e-05	-6.893665e-03	5.959471e+00
1.893000e-05	3.156477e-04	5.999925e+00
1.894000e-05	-5.054808e-03	6.000074e+00
1.895000e-05	-7.112607e-03	6.011078e+00
1.896000e-05	-6.692592e-03	6.040606e+00
1.897000e-05	-4.302146e-03	6.092180e+00
1.898000e-05	-1.201883e-02	6.092637e+00
1.899000e-05	-2.172308e-03	6.084737e+00
1.900000e-05	-5.542462e-03	6.115842e+00
1.901000e-05	-8.155389e-03	6.198340e+00
1.902000e-05	-1.131147e-02	6.137818e+00
1.903000e-05	-5.257348e-03	6.177896e+00
1.904000e-05	-4.800334e-03	6.188946e+00
1.905000e-05	-1.182983e-02	6.199396e+00
1.906000e-05	-6.505572e-03	6.219946e+00
1.907000e-05	-8.540614e-03	6.208996e+00
1.908000e-05	-7.082455e-03	6.199445e+00
1.909000e-05	-1.118840e-02	6.199999e+00
1.910000e-05	-6.867780e-03	6.209949e+00
1.911000e-05	-1.054504e-02	6.190498e+00
1.912000e-05	-1.086084e-02	6.189496e+00
1.913000e-05	-1.028538e-02	6.197898e+00
1.914000e-05	-1.054243e-02	6.118917e+00
1.915000e-05	-1.004334e-02	6.167870e+00
1.916000e-05	-1.412834e-02	6.154841e+00
1.917000e-05	-1.023526e-02	6.104783e+00
1.918000e-05	-1.250732e-02	6.095730e+00
1.919000e-05	-1.123129e-02	6.022104e+00
1.920000e-05	-1.468470e-02	6.053101e+00
1.921000e-05	-1.500812e-02	6.031553e+00
1.922000e-05	-1.523832e-02	6.010024e+00
1.923000e-05	-1.501041e-02	5.979501e+00
1.924000e-05	-1.635111e-02	5.977417e+00
1.925000e-05	-1.871345e-02	5.916363e+00
1.926000e-05	-1.658341e-02	5.913560e+00
1.927000e-05	-1.894460e-02	5.850544e+00
1.928000e-05	-1.815210e-02	5.797366e+00
1.929000e-05	-2.021347e-02	5.673184e+00
1.930000e-05	-1.908827e-02	5.670052e+00
1.931000e-05	-2.040810e-02	5.609500e+00
1.932000e-05	-2.220561e-02	5.568919e+00
1.933000e-05	-1.978790e-02	5.537287e+00
1.934000e-05	-2.081189e-02	5.463158e+00
1.935000e-05	-1.847365e-02	5.420975e+00
1.936000e-05	-2.005261e-02	5.377967e+00
1.937000e-05	-1.766799e-02	5.283760e+00
1.938000e-05	-2.009678e-02	5.233051e+00
1.939000e-05	-1.667040e-02	5.199442e+00
1.940000e-05	-1.613827e-02	5.056179e+00
1.941000e-05	-1.391046e-02	5.016366e+00
1.942000e-05	-1.646586e-02	4.913678e+00
1.943000e-05	-1.448821e-02	4.790573e+00
1.944000e-05	-1.185501e-02	4.745892e+00
1.945000e-05	-1.291196e-02	4.664230e+00
1.946000e-05	-1.250042e-02	4.620572e+00
1.947000e-05	-1.200658e-02	4.526815e+00
1.948000e-05	-9.746802e-03	4.472628e+00
1.949000e-05	-1.095185e-02	4.391000e+00
1.950000e-05	-9.484447e-03	4.326291e+00
1.951000e-05	-9.031305e-03	4.249601e+00
1.952000e-05	-8.969002e-03	4.094236e+00
1.953000e-05	-9.633570e-03	4.030024e+00
1.954000e-05	-7.484859e-03	3.975916e+00
1.955000e-05	-7.656238e-03	3.832654e+00
1.956000e-05	-9.080907e-03	3.768391e+00
1.957000e-05	-7.627960e-03	3.694158e+00
1.958000e-05	-5.815003e-03	3.609999e+00
1.959000e-05	-5.742726e-03	3.546370e+00
1.960000e-05	-7.533182e-03	3.411151e+00
1.961000e-05	-6.377166e-03	3.273658e+00
1.962000e-05	-5.210469e-03	3.209946e+00
1.963000e-05	-6.741264e-03	3.114758e+00
1.964000e-05	-5.899286e-03	3.030047e+00
1.965000e-05	-6.124409e-03	2.955335e+00
1.966000e-05	-5.349586e-03	2.842503e+00
1.967000e-05	-5.708971e-03	2.755522e+00
1.968000e-05	-4.471947e-03	2.690204e+00
1.969000e-05	-4.726543e-03	2.523183e+00
1.970000e-05	-4.966582e-03	2.399945e+00
1.971000e-05	-5.324197e-03	2.263757e+00
1.972000e-05	-5.723661e-03	2.207450e+00
1.973000e-05	-5.031671e-03	2.093680e+00
1.974000e-05	-4.337804e-03	2.008972e+00
1.975000e-05	-4.536278e-03	1.904255e+00
1.976000e-05	-3.235843e-03	1.776042e+00
1.977000e-05	-6.326102e-03	1.671583e+00
1.978000e-05	-4.821303e-03	1.536016e+00
1.979000e-05	-4.425779e-03	1.430998e+00
1.980000e-05	-3.541801e-03	1.295911e+00
1.981000e-05	-5.493754e-03	1.219519e+00
1.982000e-05	-3.120579e-03	1.084156e+00
1.983000e-05	-4.496778e-03	9.332027e-01
1.984000e-05	-4.635737e-03	7.995234e-01
1.985000e-05	-5.003873e-03	7.326579e-01
1.986000e-05	-3.780513e-03	5.968961e-01
1.987000e-05	-3.710053e-03	4.626054e-01
1.988000e-05	-4.024577e-03	3.889986e-01
1.989000e-05	-4.698974e-03	2.741829e-01
1.990000e-05	-1.816744e-03	8.431058e-02
1.991000e-05	-2.091054e-03	2.000005e-02
1.992000e-05	-5.592116e-04	-8.721816e-02
1.993000e-05	-7.350144e-04	-2.204539e-01
1.994000e-05	-1.423634e-03	-3.047932e-01
1.995000e-05	-4.586504e-04	-4.095001e-01
1.996000e-05	-1.764779e-03	-4.740395e-01
1.997000e-05	-2.752598e-03	-5.804010e-01
1.998000e-05	-1.120838e-03	-7.273187e-01
1.999000e-05	1.995272e-02	-8.125289e-01
2.000000e-05	6.580640e-02	-8.862145e-01
2.001000e-05	-4.226573e-02	-1.086740e+00
2.002000e-05	-5.438951e-02	-1.267749e+00
2.003000e-05	-1.136330e-01	-1.513631e+00
2.004000e-05	1.716815e-01	-1.440523e+00
2.005000e-05	-2.150416e-02	-1.465871e+00
2.006000e-05	-1.291752e-01	-1.695268e+00
2.007000e-05	5.815725e-02	-1.780525e+00
2.008000e-05	8.037406e-02	-1.791475e+00
2.009000e-05	-1.940419e-01	-1.937897e+00
2.010000e-05	7.821572e-03	-2.082709e+00
2.011000e-05	1.787220e-01	-2.056741e+00
2.012000e-05	-1.356674e-01	-2.265742e+00
2.013000e-05	-3.408532e-02	-2.411528e+00
2.014000e-05	1.620821e-01	-2.512737e+00
2.015000e-05	-1.380861e-01	-2.631585e+00
2.016000e-05	-3.275464e-02	-2.727346e+00
2.017000e-05	1.352629e-01	-2.810000e+00
2.018000e-05	-1.177375e-01	-2.905817e+00
2.019000e-05	4.666355e-02	-3.050710e+00
2.020000e-05	3.293026e-02	-3.148372e+00
2.021000e-05	-8.001068e-02	-3.264237e+00
2.022000e-05	8.121553e-02	-3.347396e+00
2.023000e-05	1.208935e-02	-3.400102e+00
2.024000e-05	-1.328811e-01	-3.547947e+00
2.025000e-05	1.285723e-01	-3.589525e+00
2.026000e-05	6.738478e-04	-3.654162e+00
2.027000e-05	-9.530080e-02	-3.842574e+00
2.028000e-05	8.333002e-02	-3.967846e+00
2.029000e-05	-1.558303e-02	-4.011551e+00
2.030000e-05	-1.712341e-02	-4.075187e+00
2.031000e-05	-4.920266e-03	-4.147420e+00
2.032000e-05	-1.845227e-02	-4.243558e+00
2.033000e-05	7.415769e-02	-4.334213e+00
2.034000e-05	-3.799544e-02	-4.389950e+00
2.035000e-05	-5.056606e-02	-4.411577e+00
2.036000e-05	4.104568e-02	-4.514814e+00
2.037000e-05	1.602705e-02	-4.601981e+00
2.038000e-05	-1.978403e-02	-4.683732e+00
2.039000e-05	-1.989854e-02	-4.697900e+00
2.040000e-05	2.381252e-02	-4.802006e+00
2.041000e-05	3.346344e-02	-4.915742e+00
2.042000e-05	-6.296960e-02	-4.969925e+00
2.043000e-05	1.061910e-02	-5.041554e+00
2.044000e-05	3.725156e-02	-5.097165e+00
2.045000e-05	-2.254800e-02	-5.148399e+00
2.046000e-05	-7.815438e-03	-5.251030e+00
2.047000e-05	-4.555699e-03	-5.295263e+00
2.048000e-05	3.215589e-02	-5.459100e+00
2.049000e-05	-1.511149e-02	-5.496709e+00
2.050000e-05	-2.193507e-02	-5.579397e+00
2.051000e-05	2.482768e-02	-5.599972e+00
2.052000e-05	-3.336397e-04	-5.650603e+00
2.053000e-05	-1.015319e-02	-5.633682e+00
2.054000e-05	1.465541e-03	-5.735216e+00
2.055000e-05	7.441557e-03	-5.748895e+00
2.056000e-05	2.570192e-04	-5.729474e+00
2.057000e-05	-1.018361e-02	-5.800529e+00
2.058000e-05	6.938929e-03	-5.813111e+00
2.059000e-05	8.508103e-03	-5.914737e+00
2.060000e-05	-8.193569e-03	-5.947840e+00
2.061000e-05	6.035294e-03	-5.957373e+00
2.062000e-05	1.446036e-03	-5.978873e+00
2.063000e-05	-1.196119e-03	-6.009472e+00
2.064000e-05	2.981780e-03	-6.010002e+00
2.065000e-05	2.368908e-03	-6.019949e+00
2.066000e-05	6.146831e-03	-6.011054e+00
2.067000e-05	-4.747484e-03	-6.011604e+00
2.068000e-05	4.827584e-03	-6.061057e+00
2.069000e-05	3.537466e-03	-6.073509e+00
2.070000e-05	-1.670250e-03	-6.013107e+00
2.071000e-05	2.543309e-03	-6.104183e+00
2.072000e-05	4.359597e-03	-6.093334e+00
2.073000e-05	4.859372e-03	-6.102657e+00
2.074000e-05	4.684715e-04	-6.094629e+00
2.075000e-05	5.489319e-03	-6.055736e+00
2.076000e-05	4.340210e-03	-6.096209e+00
2.077000e-05	3.530207e-03	-6.075578e+00
2.078000e-05	4.025805e-03	-6.065754e+00
2.079000e-05	5.608633e-03	-6.093784e+00
2.080000e-05	6.774162e-03	-6.050053e+00
2.081000e-05	5.119578e-03	-6.061053e+00
2.082000e-05	5.812972e-03	-6.011076e+00
2.083000e-05	7.122509e-03	-6.010480e+00
2.084000e-05	7.672720e-03	-6.019975e+00
2.085000e-05	6.036465e-03	-5.989500e+00
2.086000e-05	8.582526e-03	-5.969450e+00
2.087000e-05	8.481657e-03	-5.948895e+00
2.088000e-05	1.096630e-02	-5.945366e+00
2.089000e-05	9.003445e-03	-5.893213e+00
2.090000e-05	9.178137e-03	-5.881628e+00
2.091000e-05	1.179418e-02	-5.821501e+00
2.092000e-05	1.356641e-02	-5.758349e+00
2.093000e-05	1.238825e-02	-5.756388e+00
2.094000e-05	1.074910e-02	-5.704659e+00
2.095000e-05	1.411276e-02	-5.643106e+00
2.096000e-05	1.411640e-02	-5.620025e+00
2.097000e-05	1.427195e-02	-5.589948e+00
2.098000e-05	1.359019e-02	-5.546867e+00
2.099000e-05	1.441693e-02	-5.472759e+00
2.100000e-05	1.317898e-02	-5.380528e+00
2.101000e-05	1.207560e-02	-5.333784e+00
2.102000e-05	1.367243e-02	-5.243004e+00
2.103000e-05	1.254370e-02	-5.199471e+00
2.104000e-05	1.238598e-02	-5.147316e+00
2.105000e-05	1.088907e-02	-5.103108e+00
2.106000e-05	1.050386e-02	-5.020971e+00
2.107000e-05	8.940240e-03	-4.934387e+00
2.108000e-05	8.232036e-03	-4.699418e+00
2.109000e-05	8.531529e-03	-4.745262e+00
2.110000e-05	6.861785e-03	-4.652654e+00
2.111000e-05	5.601298e-03	-4.600551e+00
2.112000e-05	6.527294e-03	-4.526762e+00
2.113000e-05	5.473893e-03	-4.443158e+00
2.114000e-05	3.793694e-03	-4.400050e+00
2.115000e-05	4.110541e-03	-4.325842e+00
2.116000e-05	4.909356e-03	-4.252132e+00
2.117000e-05	2.709193e-03	-4.209473e+00
2.118000e-05	1.387236e-03	-4.064656e+00
2.119000e-05	2.835855e-03	-3.981528e+00
2.120000e-05	3.205438e-03	-3.977421e+00
2.121000e-05	6.493815e-06	-3.872676e+00
2.122000e-05	1.144269e-03	-3.676756e+00
2.123000e-05	2.780595e-03	-3.600624e+00
2.124000e-05	6.111120e-04	-3.567370e+00
2.125000e-05	-1.801803e-03	-3.462131e+00
2.126000e-05	2.618415e-04	-3.368894e+00
2.127000e-05	1.006583e-03	-3.253050e+00
2.128000e-05	-7.822427e-04	-3.208447e+00
2.129000e-05	-6.361019e-04	-3.135334e+00
2.130000e-05	-4.891866e-04	-2.979389e+00
2.131000e-05	-7.813191e-04	-2.851475e+00
2.132000e-05	-1.712155e-03	-2.757368e+00
2.133000e-05	-1.018333e-03	-2.683205e+00
2.134000e-05	-4.727110e-04	-2.587940e+00
2.135000e-05	-9.950164e-04	-2.422554e+00
2.136000e-05	-1.624198e-03	-2.369522e+00
2.137000e-05	-7.139696e-04	-2.312782e+00
2.138000e-05	-2.415704e-03	-2.184787e+00
2.139000e-05	-1.851056e-03	-2.019997e+00
2.140000e-05	-3.457544e-03	-1.956392e+00
2.141000e-05	-8.355106e-04	-1.810975e+00
2.142000e-05	-3.095790e-03	-1.705288e+00
2.143000e-05	-1.234584e-03	-1.591551e+00
2.144000e-05	-3.171256e-03	-1.525966e+00
2.145000e-05	-2.323876e-03	-1.420412e+00
2.146000e-05	-3.522603e-03	-1.231576e+00
2.147000e-05	-1.826202e-03	-1.084283e+00
2.148000e-05	-3.317183e-03	-1.010518e+00
2.149000e-05	-3.092714e-03	-9.041778e-01
2.150000e-05	-4.180524e-03	-8.084724e-01
2.151000e-05	-3.895187e-03	-7.032067e-01
2.152000e-05	-3.408649e-03	-5.132619e-01
2.153000e-05	-3.025883e-03	-4.120499e-01
2.154000e-05	-2.933976e-03	-3.342657e-01
2.155000e-05	-3.992033e-03	-1.894450e-01
2.156000e-05	-2.761863e-03	-8.413816e-02
2.157000e-05	-2.276671e-03	-2.002500e-02
2.158000e-05	2.801628e-05	7.521065e-02
2.159000e-05	-1.279972e-03	2.432067e-01
2.160000e-05	-1.945424e-03	3.688225e-01
2.161000e-05	-9.843149e-04	4.221615e-01
2.162000e-05	-1.696300e-03	5.688735e-01
2.163000e-05	-3.506130e-03	6.615617e-01
2.164000e-05	-8.208634e-04	7.592747e-01
2.165000e-05	1.260365e-02	8.420800e-01
2.166000e-05	4.859190e-02	9.904251e-01
2.167000e-05	9.947399e-03	1.180004e+00
2.168000e-05	-5.579227e-02	1.326369e+00
2.169000e-05	-1.034869e-01	1.369500e+00
2.170000e-05	2.918957e-02	1.484862e+00
2.171000e-05	1.153340e-01	1.694063e+00
2.172000e-05	-5.441069e-02	1.778970e+00
2.173000e-05	-1.218432e-01	1.768074e+00
2.174000e-05	1.753694e-01	1.916794e+00
2.175000e-05	-1.280519e-01	2.052163e+00
2.176000e-05	-6.335900e-02	2.135784e+00
2.177000e-05	1.301325e-01	2.200525e+00
2.178000e-05	-8.238481e-03	2.346344e+00
2.179000e-05	-1.380124e-01	2.431026e+00
2.180000e-05	1.411881e-01	2.486191e+00
2.181000e-05	-5.227259e-03	2.676737e+00
2.182000e-05	-1.135875e-01	2.769497e+00
2.183000e-05	8.231935e-02	2.854682e+00
2.184000e-05	-8.914877e-03	2.968449e+00
2.185000e-05	-5.330504e-02	3.045658e+00
2.186000e-05	4.215096e-02	3.167922e+00
2.187000e-05	-5.262044e-03	3.211579e+00
2.188000e-05	-2.878255e-02	3.357343e+00
2.189000e-05	6.355004e-02	3.503235e+00
2.190000e-05	-9.177758e-02	3.590475e+00
2.191000e-05	9.553771e-03	3.663104e+00
2.192000e-05	5.748996e-02	3.749318e+00
2.193000e-05	-4.080742e-02	3.842706e+00
2.194000e-05	-2.504051e-02	3.946867e+00
2.195000e-05	2.389881e-02	3.999475e+00
2.196000e-05	5.003188e-03	4.031580e+00
2.197000e-05	-3.487521e-02	4.158341e+00
2.198000e-05	1.203480e-02	4.306814e+00
2.199000e-05	-4.015599e-03	4.390001e+00
2.200000e-05	2.094762e-02	4.401630e+00
2.201000e-05	-2.994207e-02	4.536317e+00
2.202000e-05	-1.518748e-02	4.601049e+00
2.203000e-05	1.575804e-02	4.692155e+00
2.204000e-05	8.550015e-03	4.726940e+00
2.205000e-05	-2.692012e-02	4.799499e+00
2.206000e-05	-1.111385e-02	4.875128e+00
2.207000e-05	3.274752e-02	4.949466e+00
2.208000e-05	-2.372345e-02	5.114668e+00
2.209000e-05	-1.673024e-02	5.189448e+00
2.210000e-05	7.170439e-04	5.241079e+00
2.211000e-05	1.407568e-02	5.305662e+00
2.212000e-05	-1.939874e-02	5.359420e+00
2.213000e-05	-1.059295e-02	5.440524e+00
2.214000e-05	6.605625e-03	5.482208e+00
2.215000e-05	-3.670593e-03	5.527896e+00
2.216000e-05	-1.154670e-02	5.569395e+00
2.217000e-05	-7.870881e-03	5.600022e+00
2.218000e-05	7.683859e-03	5.652130e+00
2.219000e-05	-1.370449e-02	5.704162e+00
2.220000e-05	-6.820008e-03	5.788317e+00
2.221000e-05	-1.876470e-03	5.823105e+00
2.222000e-05	-2.133359e-03	5.885212e+00
2.223000e-05	-1.322614e-02	5.938314e+00
2.224000e-05	-6.436614e-03	5.989350e+00
2.225000e-05	1.547138e-03	6.010474e+00
2.226000e-05	-9.012261e-03	6.011003e+00
2.227000e-05	-4.443586e-03	6.021101e+00
2.228000e-05	-8.265817e-03	6.031605e+00
2.229000e-05	-5.954892e-03	6.085180e+00
2.230000e-05	-1.100807e-02	6.124709e+00
2.231000e-05	-2.815518e-03	6.116262e+00
2.232000e-05	-4.466655e-03	6.125790e+00
2.233000e-05	-1.114065e-02	6.167893e+00
2.234000e-05	-8.386946e-03	6.148890e+00
2.235000e-05	-6.461902e-03	6.189471e+00
2.236000e-05	-5.376159e-03	6.179021e+00
2.237000e-05	-1.253544e-02	6.209949e+00
2.238000e-05	-5.979641e-03	6.180975e+00
2.239000e-05	-8.052018e-03	6.179471e+00
2.240000e-05	-9.511981e-03	6.190997e+00
2.241000e-05	-1.005292e-02	6.190549e+00
2.242000e-05	-8.388679e-03	6.209500e+00
2.243000e-05	-8.881452e-03	6.189448e+00
2.244000e-05	-1.176103e-02	6.169919e+00
2.245000e-05	-8.560175e-03	6.178870e+00
2.246000e-05	-1.210219e-02	6.157896e+00
2.247000e-05	-1.171816e-02	6.147316e+00
2.248000e-05	-1.463472e-02	6.096861e+00
2.249000e-05	-1.126334e-02	6.145263e+00
2.250000e-05	-1.300173e-02	6.123757e+00
2.251000e-05	-1.350736e-02	6.062129e+00
2.252000e-05	-1.339844e-02	6.041652e+00
2.253000e-05	-1.445698e-02	6.020076e+00
2.254000e-05	-1.477803e-02	6.010449e+00
2.255000e-05	-1.677744e-02	5.989450e+00
2.256000e-05	-1.678268e-02	5.967967e+00
2.257000e-05	-1.867643e-02	5.946412e+00
2.258000e-05	-1.564409e-02	5.885156e+00
2.259000e-05	-1.873135e-02	5.769368e+00
2.260000e-05	-1.903380e-02	5.744708e+00
2.261000e-05	-2.080008e-02	5.651130e+00
2.262000e-05	-1.913435e-02	5.621024e+00
2.263000e-05	-1.971625e-02	5.619946e+00
2.264000e-05	-2.152620e-02	5.578916e+00
2.265000e-05	-1.952517e-02	5.503760e+00
2.266000e-05	-2.083028e-02	5.441626e+00
2.267000e-05	-1.957447e-02	5.419471e+00
2.268000e-05	-1.923605e-02	5.387895e+00
2.269000e-05	-1.798798e-02	5.302683e+00
2.270000e-05	-1.745417e-02	5.210575e+00
2.271000e-05	-1.808689e-02	5.146365e+00
2.272000e-05	-1.495248e-02	5.012208e+00
2.273000e-05	-1.639969e-02	4.918338e+00
2.274000e-05	-1.303250e-02	4.842028e+00
2.275000e-05	-1.425330e-02	4.790425e+00
2.276000e-05	-1.205720e-02	4.746813e+00
2.277000e-05	-1.401942e-02	4.671127e+00
2.278000e-05	-1.129039e-02	4.589998e+00
2.279000e-05	-1.150789e-02	4.486238e+00
2.280000e-05	-1.013833e-02	4.451553e+00
2.281000e-05	-1.033114e-02	4.400474e+00
2.282000e-05	-7.367748e-03	4.354816e+00
2.283000e-05	-8.583106e-03	4.251064e+00
2.284000e-05	-1.026567e-02	4.093151e+00
2.285000e-05	-9.815604e-03	3.999997e+00
2.286000e-05	-6.557210e-03	3.935836e+00
2.287000e-05	-7.739093e-03	3.841127e+00
2.288000e-05	-7.980644e-03	3.786418e+00
2.289000e-05	-6.539346e-03	3.683626e+00
2.290000e-05	-5.116488e-03	3.618497e+00
2.291000e-05	-6.748325e-03	3.534789e+00
2.292000e-05	-6.826882e-03	3.418941e+00
2.293000e-05	-5.495778e-03	3.253076e+00
2.294000e-05	-5.685669e-03	3.168924e+00
2.295000e-05	-7.194055e-03	3.094232e+00
2.296000e-05	-6.264068e-03	3.009946e+00
2.297000e-05	-6.060034e-03	2.894232e+00
2.298000e-05	-5.565399e-03	2.820549e+00
2.299000e-05	-5.293154e-03	2.768863e+00
2.300000e-05	-3.667494e-03	2.632066e+00
2.301000e-05	-4.557016e-03	2.452733e+00
2.302000e-05	-5.163671e-03	2.357419e+00
2.303000e-05	-4.342680e-03	2.284103e+00
2.304000e-05	-5.107716e-03	2.156340e+00
2.305000e-05	-6.322362e-03	2.053125e+00
2.306000e-05	-6.690915e-03	2.008495e+00
2.307000e-05	-4.929164e-03	1.893625e+00
2.308000e-05	-4.432418e-03	1.748336e+00
2.309000e-05	-3.627362e-03	1.642634e+00
2.310000e-05	-4.025510e-03	1.524811e+00
2.311000e-05	-3.050407e-03	1.428997e+00
2.312000e-05	-4.150703e-03	1.272680e+00
2.313000e-05	-5.035236e-03	1.138944e+00
2.314000e-05	-4.899573e-03	1.051074e+00
2.315000e-05	-5.199174e-03	8.636527e-01
2.316000e-05	-5.714758e-03	7.774435e-01
2.317000e-05	-4.624505e-03	6.616552e-01
2.318000e-05	-2.395070e-03	5.367922e-01
2.319000e-05	-2.121255e-03	4.106300e-01
2.320000e-05	-3.725211e-03	3.669172e-01
2.321000e-05	-5.098502e-03	2.021776e-01
2.322000e-05	-3.367592e-03	8.363320e-02
2.323000e-05	-2.489161e-03	-1.355401e-02
2.324000e-05	-1.135400e-04	-1.263437e-01
2.325000e-05	5.407105e-05	-2.131076e-01
2.326000e-05	-4.739620e-04	-3.457959e-01
2.327000e-05	-1.109491e-03	-4.099778e-01
2.328000e-05	-2.394792e-03	-4.461657e-01
2.329000e-05	-2.109302e-03	-6.414630e-01
2.330000e-05	1.395064e-03	-7.779236e-01
2.331000e-05	3.063435e-02	-8.020541e-01
2.332000e-05	5.583653e-02	-9.583512e-01
2.333000e-05	-6.448323e-02	-1.168925e+00
2.334000e-05	-5.931326e-02	-1.359424e+00
2.335000e-05	-5.757909e-02	-1.453628e+00
2.336000e-05	1.594077e-01	-1.402477e+00
2.337000e-05	-4.668625e-02	-1.568354e+00
2.338000e-05	-1.661141e-01	-1.765821e+00
2.339000e-05	1.454657e-01	-1.786923e+00
2.340000e-05	-4.252755e-02	-1.803630e+00
2.341000e-05	-1.697106e-01	-1.971050e+00
2.342000e-05	9.148595e-02	-2.075184e+00
2.343000e-05	1.225534e-01	-2.117871e+00
2.344000e-05	-1.806744e-01	-2.348399e+00
2.345000e-05	7.675677e-02	-2.432529e+00
2.346000e-05	8.872003e-02	-2.486265e+00
2.347000e-05	-1.476787e-01	-2.673692e+00
2.348000e-05	3.091341e-02	-2.726899e+00
2.349000e-05	9.223448e-02	-2.831557e+00
2.350000e-05	-1.311269e-01	-2.969324e+00
2.351000e-05	9.772624e-02	-3.035764e+00
2.352000e-05	-2.429558e-02	-3.180398e+00
2.353000e-05	-5.920469e-02	-3.323692e+00
2.354000e-05	1.190039e-01	-3.378975e+00
2.355000e-05	-7.658339e-02	-3.435185e+00
2.356000e-05	-6.232778e-02	-3.578447e+00
2.357000e-05	1.358871e-01	-3.590002e+00
2.358000e-05	-5.833582e-02	-3.668220e+00
2.359000e-05	-4.976172e-02	-3.932567e+00
2.360000e-05	8.345920e-02	-3.957370e+00
2.361000e-05	-3.833689e-02	-4.040080e+00
2.362000e-05	-4.396126e-03	-4.096288e+00
2.363000e-05	-1.208000e-02	-4.158899e+00
2.364000e-05	2.297386e-03	-4.244083e+00
2.365000e-05	6.967203e-02	-4.357872e+00
2.366000e-05	-6.977469e-02	-4.389503e+00
2.367000e-05	-1.637415e-02	-4.452028e+00
2.368000e-05	4.562763e-02	-4.568267e+00
2.369000e-05	-1.270160e-03	-4.602055e+00
2.370000e-05	-2.042678e-02	-4.685743e+00
2.371000e-05	-1.731053e-02	-4.756921e+00
2.372000e-05	4.573815e-02	-4.811110e+00
2.373000e-05	-2.549793e-03	-4.886245e+00
2.374000e-05	-5.175230e-02	-4.989477e+00
2.375000e-05	3.048118e-02	-5.013557e+00
2.376000e-05	2.179249e-02	-5.126271e+00
2.377000e-05	-2.684837e-02	-5.199448e+00
2.378000e-05	-2.535817e-03	-5.221604e+00
2.379000e-05	2.671932e-03	-5.337318e+00
2.380000e-05	2.576312e-02	-5.403079e+00
2.381000e-05	-2.647043e-02	-5.567341e+00
2.382000e-05	-7.730608e-03	-5.548897e+00
2.383000e-05	2.810840e-02	-5.589501e+00
2.384000e-05	-1.259915e-02	-5.601030e+00
2.385000e-05	-2.047634e-03	-5.674709e+00
2.386000e-05	1.266360e-03	-5.715791e+00
2.387000e-05	6.874119e-03	-5.767968e+00
2.388000e-05	-4.487789e-03	-5.801901e+00
2.389000e-05	-7.133131e-03	-5.821101e+00
2.390000e-05	1.374138e-02	-5.854158e+00
2.391000e-05	5.397805e-04	-5.874714e+00
2.392000e-05	-3.206662e-03	-5.948370e+00
2.393000e-05	4.551047e-03	-5.948872e+00
2.394000e-05	-8.865373e-04	-5.978897e+00
2.395000e-05	-9.725421e-04	-5.998975e+00
2.396000e-05	4.081016e-03	-6.010000e+00
2.397000e-05	2.603812e-03	-6.009553e+00
2.398000e-05	1.444800e-03	-6.011078e+00
2.399000e-05	-2.260127e-03	-6.033679e+00
2.400000e-05	7.283713e-03	-6.071605e+00
2.401000e-05	2.478899e-03	-6.062578e+00
2.402000e-05	-2.449602e-03	-6.051578e+00
2.403000e-05	5.505724e-03	-6.044631e+00
2.404000e-05	4.622527e-03	-6.084758e+00
2.405000e-05	2.930963e-03	-6.073656e+00
2.406000e-05	-7.018493e-04	-6.053181e+00
2.407000e-05	6.121659e-03	-6.064735e+00
2.408000e-05	4.229801e-03	-6.084633e+00
2.409000e-05	2.765432e-03	-6.053633e+00
2.410000e-05	5.376497e-03	-6.064683e+00
2.411000e-05	5.683802e-03	-6.043109e+00
2.412000e-05	5.565358e-03	-6.044128e+00
2.413000e-05	3.865076e-03	-6.041029e+00
2.414000e-05	6.596486e-03	-6.021078e+00
2.415000e-05	7.484011e-03	-6.020551e+00
2.416000e-05	7.737249e-03	-5.990025e+00
2.417000e-05	7.130507e-03	-5.988499e+00
2.418000e-05	8.402392e-03	-5.989469e+00
2.419000e-05	9.863701e-03	-5.947917e+00
2.420000e-05	9.613065e-03	-5.924842e+00
2.421000e-05	1.001617e-02	-5.883286e+00
2.422000e-05	8.909125e-03	-5.861605e+00
2.423000e-05	1.352685e-02	-5.810573e+00
2.424000e-05	1.242984e-02	-5.780001e+00
2.425000e-05	1.231042e-02	-5.746265e+00
2.426000e-05	1.211130e-02	-5.672707e+00
2.427000e-05	1.377401e-02	-5.632030e+00
2.428000e-05	1.359745e-02	-5.610501e+00
2.429000e-05	1.340970e-02	-5.566947e+00
2.430000e-05	1.501260e-02	-5.547368e+00
2.431000e-05	1.339286e-02	-5.443681e+00
2.432000e-05	1.317153e-02	-5.357941e+00
2.433000e-05	1.219371e-02	-5.275206e+00
2.434000e-05	1.392336e-02	-5.220525e+00
2.435000e-05	1.161315e-02	-5.178899e+00
2.436000e-05	1.164921e-02	-5.095257e+00
2.437000e-05	1.146982e-02	-5.031579e+00
2.438000e-05	9.687620e-03	-4.946848e+00
2.439000e-05	8.015302e-03	-4.916163e+00
2.440000e-05	8.158131e-03	-4.788393e+00
2.441000e-05	8.475813e-03	-4.644682e+00
2.442000e-05	5.983747e-03	-4.641603e+00
2.443000e-05	5.685129e-03	-4.578971e+00
2.444000e-05	6.811642e-03	-4.535208e+00
2.445000e-05	4.236053e-03	-4.431525e+00
2.446000e-05	3.274469e-03	-4.389975e+00
2.447000e-05	4.002079e-03	-4.303807e+00
2.448000e-05	5.275950e-03	-4.242079e+00
2.449000e-05	2.117467e-03	-4.198372e+00
2.450000e-05	1.615643e-03	-4.072183e+00
2.451000e-05	3.051407e-03	-4.010025e+00
2.452000e-05	2.955135e-03	-3.927917e+00
2.453000e-05	2.939320e-04	-3.820922e+00
2.454000e-05	9.525749e-04	-3.663204e+00
2.455000e-05	2.382260e-03	-3.611971e+00
2.456000e-05	-2.297150e-04	-3.536264e+00
2.457000e-05	-1.494105e-04	-3.431074e+00
2.458000e-05	-5.039094e-04	-3.327391e+00
2.459000e-05	1.703261e-03	-3.233519e+00
2.460000e-05	-2.668111e-03	-3.187443e+00
2.461000e-05	6.789897e-05	-3.094657e+00
2.462000e-05	-1.175294e-03	-2.997258e+00
2.463000e-05	5.153168e-04	-2.820547e+00
2.464000e-05	-2.705722e-03	-2.767392e+00
2.465000e-05	-6.672806e-04	-2.632549e+00
2.466000e-05	-1.564407e-03	-2.533710e+00
2.467000e-05	-3.402991e-04	-2.441627e+00
2.468000e-05	-2.128200e-03	-2.358392e+00
2.469000e-05	-1.459471e-03	-2.283051e+00
2.470000e-05	-3.946843e-03	-2.043756e+00
2.471000e-05	-1.849030e-03	-2.010947e+00
2.472000e-05	-3.343155e-03	-1.935858e+00
2.473000e-05	-8.193573e-04	-1.798472e+00
2.474000e-05	-2.792313e-03	-1.734282e+00
2.475000e-05	-2.036640e-03	-1.620499e+00
2.476000e-05	-3.371420e-03	-1.513233e+00
2.477000e-05	-2.876580e-03	-1.339436e+00
2.478000e-05	-2.982053e-03	-1.179399e+00
2.479000e-05	-2.452327e-03	-1.074159e+00
2.480000e-05	-3.110287e-03	-9.588971e-01
2.481000e-05	-3.792974e-03	-8.526054e-01
2.482000e-05	-3.540311e-03	-7.679686e-01
2.483000e-05	-3.531320e-03	-6.535300e-01
2.484000e-05	-3.018436e-03	-4.937056e-01
2.485000e-05	-3.567468e-03	-3.788974e-01
2.486000e-05	-3.501148e-03	-2.832065e-01
2.487000e-05	-3.974447e-03	-2.105250e-01
2.488000e-05	-2.240328e-03	5.250969e-05
2.489000e-05	-1.847507e-03	3.100263e-02
2.490000e-05	-1.782491e-04	1.058419e-01
2.491000e-05	-3.094816e-03	3.052419e-01
2.492000e-05	-1.267833e-03	3.899988e-01
2.493000e-05	-2.915855e-03	4.431592e-01
2.494000e-05	-2.051940e-03	6.079298e-01
2.495000e-05	-2.714069e-03	6.347393e-01
2.496000e-05	2.175696e-03	7.679749e-01
2.497000e-05	1.878601e-02	8.746567e-01
2.498000e-05	5.046221e-02	1.022583e+00
2.499000e-05	-1.661329e-02	1.212584e+00
2.500000e-05	-5.531364e-02	1.378873e+00
2.501000e-05	-1.088087e-01	1.431076e+00
2.502000e-05	1.022281e-01	1.466352e+00
2.503000e-05	5.295033e-02	1.694237e+00
2.504000e-05	-8.294481e-02	1.770497e+00
2.505000e-05	-4.247738e-02	1.821027e+00
2.506000e-05	1.457451e-01	1.968925e+00
2.507000e-05	-1.584230e-01	2.063808e+00
2.508000e-05	-1.661887e-02	2.117742e+00
2.509000e-05	1.529344e-01	2.232609e+00
2.510000e-05	-9.901212e-02	2.428927e+00
2.511000e-05	-6.633735e-02	2.402104e+00
2.512000e-05	1.407930e-01	2.489320e+00
2.513000e-05	-6.342265e-02	2.704341e+00
2.514000e-05	-7.646169e-02	2.809551e+00
2.515000e-05	1.072549e-01	2.904713e+00
2.516000e-05	-5.491923e-02	2.999528e+00
2.517000e-05	-1.942891e-02	3.136309e+00
2.518000e-05	3.727266e-02	3.199497e+00
2.519000e-05	-2.293631e-02	3.234107e+00
2.520000e-05	6.655666e-03	3.368970e+00
2.521000e-05	3.246064e-02	3.527264e+00
2.522000e-05	-8.348549e-02	3.610023e+00
2.523000e-05	2.862987e-02	3.684154e+00
2.524000e-05	5.379036e-02	3.757946e+00
2.525000e-05	-6.891293e-02	3.933810e+00
2.526000e-05	1.021137e-02	3.960525e+00
2.527000e-05	1.067550e-02	4.020979e+00
2.528000e-05	-2.647685e-03	4.033212e+00
2.529000e-05	-2.892450e-02	4.190998e+00
2.530000e-05	1.106285e-02	4.356867e+00
2.531000e-05	5.663074e-03	4.399520e+00
2.532000e-05	4.716382e-03	4.434133e+00
2.533000e-05	-2.525910e-02	4.536722e+00
2.534000e-05	-1.823378e-02	4.619478e+00
2.535000e-05	2.893977e-02	4.733687e+00
2.536000e-05	-8.510710e-03	4.778495e+00
2.537000e-05	-2.110914e-02	4.809525e+00
2.538000e-05	-3.570619e-03	4.885737e+00
2.539000e-05	2.718689e-02	4.982028e+00
2.540000e-05	-2.924953e-02	5.146362e+00
2.541000e-05	-1.283803e-02	5.168450e+00
2.542000e-05	1.033141e-02	5.224605e+00
2.543000e-05	1.138341e-03	5.346937e+00
2.544000e-05	-1.495970e-02	5.349420e+00
2.545000e-05	-1.320534e-02	5.472529e+00
2.546000e-05	1.293332e-02	5.516813e+00
2.547000e-05	-1.162040e-02	5.578292e+00
2.548000e-05	-8.696279e-03	5.589472e+00
2.549000e-05	-5.097186e-03	5.601030e+00
2.550000e-05	4.578888e-03	5.673154e+00
2.551000e-05	-1.396978e-02	5.665764e+00
2.552000e-05	-6.717114e-03	5.735395e+00
2.553000e-05	2.035729e-03	5.823180e+00
2.554000e-05	-9.012025e-03	5.917862e+00
2.555000e-05	-9.548303e-03	5.968845e+00
2.556000e-05	-6.463063e-03	5.990023e+00
2.557000e-05	2.726081e-03	6.000499e+00
2.558000e-05	-1.067391e-02	6.011525e+00
2.559000e-05	-4.257013e-03	6.011079e+00
2.560000e-05	-6.365089e-03	6.062180e+00
2.561000e-05	-8.060922e-03	6.115687e+00
2.562000e-05	-7.840894e-03	6.135311e+00
2.563000e-05	-3.786611e-03	6.137334e+00
2.564000e-05	-4.947740e-03	6.137338e+00
2.565000e-05	-1.343134e-02	6.148267e+00
2.566000e-05	-6.118297e-03	6.148946e+00
2.567000e-05	-5.638893e-03	6.188969e+00
2.568000e-05	-7.381779e-03	6.198471e+00
2.569000e-05	-1.132207e-02	6.199024e+00
2.570000e-05	-6.612822e-03	6.198998e+00
2.571000e-05	-7.469465e-03	6.219499e+00
2.572000e-05	-1.039101e-02	6.219973e+00
2.573000e-05	-8.725425e-03	6.191448e+00
2.574000e-05	-1.006209e-02	6.190523e+00
2.575000e-05	-9.375286e-03	6.199971e+00
2.576000e-05	-1.158603e-02	6.168895e+00
2.577000e-05	-7.815575e-03	6.158967e+00
2.578000e-05	-1.120481e-02	6.147868e+00
2.579000e-05	-1.184826e-02	6.135442e+00
2.580000e-05	-1.289966e-02	6.135811e+00
2.581000e-05	-1.196035e-02	6.105183e+00
2.582000e-05	-1.240897e-02	6.064630e+00
2.583000e-05	-1.391112e-02	6.074129e+00
2.584000e-05	-1.291570e-02	6.070600e+00
2.585000e-05	-1.628214e-02	6.030550e+00
2.586000e-05	-1.432583e-02	6.009500e+00
2.587000e-05	-1.618468e-02	5.988972e+00
2.588000e-05	-1.698245e-02	5.977918e+00
2.589000e-05	-1.865931e-02	5.904257e+00
2.590000e-05	-1.725241e-02	5.823147e+00
2.591000e-05	-1.742501e-02	5.799358e+00
2.592000e-05	-1.997348e-02	5.665778e+00
2.593000e-05	-2.038862e-02	5.612125e+00
2.594000e-05	-2.062573e-02	5.610525e+00
2.595000e-05	-1.893709e-02	5.568948e+00
2.596000e-05	-2.052573e-02	5.537337e+00
2.597000e-05	-1.943375e-02	5.464234e+00
2.598000e-05	-1.974974e-02	5.442050e+00
2.599000e-05	-2.047813e-02	5.408045e+00
2.600000e-05	-1.909622e-02	5.336812e+00
2.601000e-05	-1.933034e-02	5.252602e+00
2.602000e-05	-1.575600e-02	5.200995e+00
2.603000e-05	-1.702702e-02	5.154315e+00
2.604000e-05	-1.396910e-02	5.080123e+00
2.605000e-05	-1.695150e-02	4.924214e+00
2.606000e-05	-1.302554e-02	4.862551e+00
2.607000e-05	-1.365361e-02	4.808945e+00
2.608000e-05	-1.145842e-02	4.704236e+00
2.609000e-05	-1.372277e-02	4.650579e+00
2.610000e-05	-1.146490e-02	4.567946e+00
2.611000e-05	-1.104704e-02	4.494208e+00
2.612000e-05	-1.051768e-02	4.421026e+00
2.613000e-05	-1.008824e-02	4.378467e+00
2.614000e-05	-8.337730e-03	4.294810e+00
2.615000e-05	-8.529156e-03	4.178415e+00
2.616000e-05	-9.314960e-03	4.073178e+00
2.617000e-05	-7.815241e-03	3.988496e+00
2.618000e-05	-6.268962e-03	3.905257e+00
2.619000e-05	-8.374744e-03	3.811076e+00
2.620000e-05	-8.754509e-03	3.776862e+00
2.621000e-05	-7.131067e-03	3.652076e+00
2.622000e-05	-5.597104e-03	3.589444e+00
2.623000e-05	-8.056440e-03	3.525679e+00
2.624000e-05	-5.620655e-03	3.378010e+00
2.625000e-05	-5.661064e-03	3.231600e+00
2.626000e-05	-5.305865e-03	3.158395e+00
2.627000e-05	-7.070269e-03	3.081605e+00
2.628000e-05	-5.107672e-03	2.977970e+00
2.629000e-05	-5.364502e-03	2.903205e+00
2.630000e-05	-6.319035e-03	2.790975e+00
2.631000e-05	-6.372713e-03	2.704714e+00
2.632000e-05	-5.137192e-03	2.574390e+00
2.633000e-05	-4.752619e-03	2.471049e+00
2.634000e-05	-5.157833e-03	2.374861e+00
2.635000e-05	-4.767590e-03	2.240575e+00
2.636000e-05	-4.836531e-03	2.156386e+00
2.637000e-05	-5.487705e-03	2.032101e+00
2.638000e-05	-4.726307e-03	1.968393e+00
2.639000e-05	-3.935944e-03	1.882074e+00
2.640000e-05	-4.401568e-03	1.715281e+00
2.641000e-05	-5.060292e-03	1.638049e+00
2.642000e-05	-3.930278e-03	1.533634e+00
2.643000e-05	-4.415042e-03	1.378343e+00
2.644000e-05	-4.800016e-03	1.233628e+00
2.645000e-05	-4.219461e-03	1.166887e+00
2.646000e-05	-4.844615e-03	1.057436e+00
2.647000e-05	-3.640067e-03	8.121750e-01
2.648000e-05	-3.626736e-03	7.368659e-01
2.649000e-05	-2.814214e-03	6.427015e-01
2.650000e-05	-4.223854e-03	5.158344e-01
2.651000e-05	-5.483211e-03	4.111000e-01
2.652000e-05	-3.624098e-03	3.457894e-01
2.653000e-05	-3.358458e-03	1.979660e-01
2.654000e-05	-1.977379e-03	7.247757e-02
2.655000e-05	-1.398253e-03	-2.163271e-02
2.656000e-05	1.022863e-03	-1.278948e-01
2.657000e-05	-7.312486e-04	-2.426116e-01
2.658000e-05	-1.873038e-03	-3.474009e-01
2.659000e-05	-1.919278e-03	-4.125513e-01
2.660000e-05	-1.607064e-03	-4.887470e-01
2.661000e-05	-3.084946e-03	-6.762382e-01
2.662000e-05	5.696085e-03	-7.699987e-01
2.663000e-05	4.531056e-02	-8.516579e-01
2.664000e-05	2.934773e-02	-9.715540e-01
2.665000e-05	-6.926342e-02	-1.202059e+00
2.666000e-05	-8.508443e-02	-1.411562e+00
2.667000e-05	3.486544e-02	-1.390996e+00
2.668000e-05	1.030876e-01	-1.424160e+00
2.669000e-05	-6.236823e-02	-1.601088e+00
2.670000e-05	-1.350594e-01	-1.749397e+00
2.671000e-05	1.820796e-01	-1.769474e+00
2.672000e-05	-1.386299e-01	-1.874716e+00
2.673000e-05	-1.241901e-01	-2.042080e+00
2.674000e-05	1.548775e-01	-2.094735e+00
2.675000e-05	2.960608e-02	-2.191484e+00
2.676000e-05	-1.806063e-01	-2.399453e+00
2.677000e-05	1.476116e-01	-2.443653e+00
2.678000e-05	-1.084661e-02	-2.568396e+00
2.679000e-05	-1.281448e-01	-2.706190e+00
2.680000e-05	9.389953e-02	-2.798997e+00
2.681000e-05	1.914668e-02	-2.812134e+00
2.682000e-05	-9.542599e-02	-2.991531e+00
2.683000e-05	1.088690e-01	-3.077265e+00
2.684000e-05	-6.456812e-02	-3.201609e+00
2.685000e-05	-2.069999e-02	-3.336265e+00
2.686000e-05	1.200116e-01	-3.378970e+00
2.687000e-05	-1.428113e-01	-3.495693e+00
2.688000e-05	1.774070e-02	-3.589000e+00
2.689000e-05	1.067534e-01	-3.630579e+00
2.690000e-05	-1.005119e-01	-3.738372e+00
2.691000e-05	6.965806e-03	-3.874243e+00
2.692000e-05	5.625148e-02	-3.988450e+00
2.693000e-05	-4.150359e-02	-4.043132e+00
2.694000e-05	1.704373e-03	-4.156789e+00
2.695000e-05	-2.397451e-02	-4.189475e+00
2.696000e-05	3.088853e-02	-4.275159e+00
2.697000e-05	4.519347e-02	-4.368370e+00
2.698000e-05	-8.034381e-02	-4.419978e+00
2.699000e-05	8.721935e-03	-4.412658e+00
2.700000e-05	4.087366e-02	-4.579851e+00
2.701000e-05	-8.862062e-03	-4.634581e+00
2.702000e-05	-1.970741e-02	-4.743741e+00
2.703000e-05	-1.301249e-02	-4.729449e+00
2.704000e-05	5.730702e-02	-4.834712e+00
2.705000e-05	-3.340903e-02	-4.938419e+00
2.706000e-05	-3.462886e-02	-4.991500e+00
2.707000e-05	4.180686e-02	-5.043158e+00
2.708000e-05	5.737224e-03	-5.137866e+00
2.709000e-05	-2.256316e-02	-5.200474e+00
2.710000e-05	-5.301982e-03	-5.263112e+00
2.711000e-05	1.652066e-02	-5.381292e+00
2.712000e-05	1.511600e-02	-5.474159e+00
2.713000e-05	-3.141736e-02	-5.577894e+00
2.714000e-05	3.604089e-03	-5.588400e+00
2.715000e-05	2.318207e-02	-5.600550e+00
2.716000e-05	-1.676582e-02	-5.642130e+00
2.717000e-05	1.170380e-03	-5.685188e+00
2.718000e-05	2.813865e-03	-5.727744e+00
2.719000e-05	7.607534e-03	-5.779374e+00
2.720000e-05	-8.313694e-03	-5.800976e+00
2.721000e-05	-4.686637e-03	-5.843083e+00
2.722000e-05	1.569646e-02	-5.853709e+00
2.723000e-05	-5.240940e-03	-5.917213e+00
2.724000e-05	3.017446e-04	-5.977871e+00
2.725000e-05	2.895832e-03	-5.948872e+00
2.726000e-05	-1.319649e-04	-5.969997e+00
2.727000e-05	-3.643407e-04	-5.989999e+00
2.728000e-05	1.973600e-03	-6.010977e+00
2.729000e-05	5.543360e-03	-5.991023e+00
2.730000e-05	-1.572828e-03	-6.012030e+00
2.731000e-05	1.375302e-04	-6.032054e+00
2.732000e-05	5.769570e-03	-6.061105e+00
2.733000e-05	2.320401e-03	-6.023106e+00
2.734000e-05	-2.254494e-03	-6.063632e+00
2.735000e-05	5.435155e-03	-6.093183e+00
2.736000e-05	3.720426e-03	-6.073655e+00
2.737000e-05	2.289575e-03	-6.064662e+00
2.738000e-05	1.131080e-03	-6.092282e+00
2.739000e-05	5.336041e-03	-6.092756e+00
2.740000e-05	4.312999e-03	-6.074663e+00
2.741000e-05	2.987924e-03	-6.075155e+00
2.742000e-05	7.699267e-03	-6.073629e+00
2.743000e-05	4.986568e-03	-6.081678e+00
2.744000e-05	6.138412e-03	-6.051628e+00
2.745000e-05	4.282923e-03	-6.050576e+00
2.746000e-05	6.346556e-03	-6.009576e+00
2.747000e-05	6.715700e-03	-6.000054e+00
2.748000e-05	7.447735e-03	-6.010525e+00
2.749000e-05	8.121601e-03	-5.989947e+00
2.750000e-05	8.220678e-03	-5.988975e+00
2.751000e-05	1.061771e-02	-5.947446e+00
2.752000e-05	1.020746e-02	-5.915683e+00
2.753000e-05	9.588599e-03	-5.862187e+00
2.754000e-05	9.946891e-03	-5.821127e+00
2.755000e-05	1.239764e-02	-5.810948e+00
2.756000e-05	1.214526e-02	-5.768346e+00
2.757000e-05	1.137991e-02	-5.678332e+00
2.758000e-05	1.299377e-02	-5.652659e+00
2.759000e-05	1.457151e-02	-5.642078e+00
2.760000e-05	1.365531e-02	-5.610025e+00
2.761000e-05	1.407527e-02	-5.579919e+00
2.762000e-05	1.593380e-02	-5.545287e+00
2.763000e-05	1.298904e-02	-5.421956e+00
2.764000e-05	1.353806e-02	-5.378938e+00
2.765000e-05	1.326898e-02	-5.262180e+00
2.766000e-05	1.341582e-02	-5.199994e+00
2.767000e-05	1.078674e-02	-5.187442e+00
2.768000e-05	1.106870e-02	-5.064655e+00
2.769000e-05	1.177569e-02	-5.041625e+00
2.770000e-05	9.524778e-03	-4.968317e+00
2.771000e-05	9.370722e-03	-4.871627e+00
2.772000e-05	8.135693e-03	-4.737389e+00
2.773000e-05	7.749521e-03	-4.684155e+00
2.774000e-05	5.594477e-03	-4.611602e+00
2.775000e-05	6.506080e-03	-4.569445e+00
2.776000e-05	6.232289e-03	-4.485732e+00
2.777000e-05	4.476547e-03	-4.431525e+00
2.778000e-05	3.114779e-03	-4.349920e+00
2.779000e-05	4.616430e-03	-4.305688e+00
2.780000e-05	4.144721e-03	-4.171475e+00
2.781000e-05	2.309761e-03	-4.156718e+00
2.782000e-05	2.212333e-03	-4.013627e+00
2.783000e-05	3.563899e-03	-3.990401e+00
2.784000e-05	1.823220e-03	-3.945286e+00
2.785000e-05	-7.035606e-04	-3.737995e+00
2.786000e-05	1.464064e-03	-3.645128e+00
2.787000e-05	2.052637e-03	-3.598972e+00
2.788000e-05	-1.330597e-03	-3.478282e+00
2.789000e-05	8.610143e-05	-3.389999e+00
2.790000e-05	1.051837e-03	-3.306287e+00
2.791000e-05	1.193362e-04	-3.209999e+00
2.792000e-05	-3.155093e-03	-3.177893e+00
2.793000e-05	8.350506e-04	-3.061551e+00
2.794000e-05	-1.784337e-03	-2.894678e+00
2.795000e-05	-1.629160e-04	-2.800022e+00
2.796000e-05	-2.518899e-03	-2.754812e+00
2.797000e-05	-3.680572e-04	-2.620523e+00
2.798000e-05	-3.144712e-03	-2.532732e+00
2.799000e-05	-9.934947e-04	-2.401599e+00
2.800000e-05	-1.753900e-03	-2.368392e+00
2.801000e-05	-1.807323e-03	-2.209924e+00
2.802000e-05	-3.687350e-03	-2.063129e+00
2.803000e-05	-2.368907e-03	-1.948449e+00
2.804000e-05	-2.289995e-03	-1.893132e+00
2.805000e-05	-1.910788e-03	-1.758844e+00
2.806000e-05	-3.071053e-03	-1.652104e+00
2.807000e-05	-2.042315e-03	-1.577971e+00
2.808000e-05	-2.212574e-03	-1.472759e+00
2.809000e-05	-2.551812e-03	-1.293158e+00
2.810000e-05	-2.159321e-03	-1.166868e+00
2.811000e-05	-2.942932e-03	-1.052156e+00
2.812000e-05	-3.363169e-03	-9.458871e-01
2.813000e-05	-4.299247e-03	-7.990789e-01
2.814000e-05	-3.868675e-03	-7.578959e-01
2.815000e-05	-3.740137e-03	-5.799625e-01
2.816000e-05	-2.862792e-03	-4.536016e-01
2.817000e-05	-2.936834e-03	-3.478685e-01
2.818000e-05	-3.284824e-03	-2.711802e-01
2.819000e-05	-3.121655e-03	-1.648909e-01
2.820000e-05	-1.719712e-03	6.395931e-03
2.821000e-05	-1.826022e-03	2.120551e-02
2.822000e-05	6.576081e-04	1.284463e-01
2.823000e-05	-2.771152e-03	3.152933e-01
2.824000e-05	-1.688593e-03	4.085275e-01
2.825000e-05	-4.105567e-03	5.051881e-01
2.826000e-05	-1.929620e-03	5.886212e-01
2.827000e-05	-2.088228e-03	6.657432e-01
2.828000e-05	6.285394e-03	7.895225e-01
2.829000e-05	2.704340e-02	8.627669e-01
2.830000e-05	4.570631e-02	1.126669e+00
2.831000e-05	-4.014376e-02	1.262636e+00
2.832000e-05	-6.451066e-02	1.369926e+00
2.833000e-05	-8.744683e-02	1.411758e+00
2.834000e-05	1.503977e-01	1.520451e+00
2.835000e-05	-1.278669e-04	1.738295e+00
2.836000e-05	-1.175067e-01	1.799349e+00
2.837000e-05	5.242714e-02	1.803208e+00
2.838000e-05	6.331699e-02	1.998928e+00
2.839000e-05	-1.430828e-01	2.134109e+00
2.840000e-05	3.237902e-02	2.188415e+00
2.841000e-05	1.343430e-01	2.233741e+00
2.842000e-05	-1.567757e-01	2.390004e+00
2.843000e-05	2.322299e-02	2.433104e+00
2.844000e-05	1.052912e-01	2.571929e+00
2.845000e-05	-1.035166e-01	2.767846e+00
2.846000e-05	-2.072920e-02	2.821626e+00
2.847000e-05	9.036374e-02	2.946340e+00
2.848000e-05	-8.110680e-02	3.030606e+00
2.849000e-05	1.530717e-02	3.127218e+00
2.850000e-05	2.807345e-02	3.199023e+00
2.851000e-05	-3.844121e-02	3.294132e+00
2.852000e-05	4.207555e-02	3.372479e+00
2.853000e-05	-1.850382e-02	3.566867e+00
2.854000e-05	-5.335958e-02	3.610554e+00
2.855000e-05	4.359164e-02	3.684263e+00
2.856000e-05	3.402519e-02	3.771500e+00
2.857000e-05	-7.398532e-02	3.886814e+00
2.858000e-05	2.925528e-02	3.998922e+00
2.859000e-05	4.877695e-03	4.011076e+00
2.860000e-05	-1.325054e-02	4.064632e+00
2.861000e-05	-1.355677e-02	4.211583e+00
2.862000e-05	4.682942e-04	4.388996e+00
2.863000e-05	2.114102e-02	4.410976e+00
2.864000e-05	-1.519694e-02	4.503687e+00
2.865000e-05	-1.955201e-02	4.549867e+00
2.866000e-05	-1.128930e-02	4.640029e+00
2.867000e-05	3.374668e-02	4.674211e+00
2.868000e-05	-2.350866e-02	4.780423e+00
2.869000e-05	-1.919714e-02	4.861557e+00
2.870000e-05	1.258913e-02	4.855364e+00
2.871000e-05	1.249075e-02	5.014605e+00
2.872000e-05	-3.027607e-02	5.137469e+00
2.873000e-05	-1.045944e-02	5.231003e+00
2.874000e-05	1.937471e-02	5.264159e+00
2.875000e-05	-1.015930e-02	5.316846e+00
2.876000e-05	-1.206030e-02	5.378525e+00
2.877000e-05	-8.539909e-03	5.423080e+00
2.878000e-05	1.404817e-02	5.524844e+00
2.879000e-05	-1.600163e-02	5.568997e+00
2.880000e-05	-9.552435e-03	5.600000e+00
2.881000e-05	5.525825e-04	5.611132e+00
2.882000e-05	-2.755107e-03	5.672611e+00
2.883000e-05	-1.118262e-02	5.706765e+00
2.884000e-05	-6.266536e-03	5.778968e+00
2.885000e-05	4.041238e-03	5.841685e+00
2.886000e-05	-1.333401e-02	5.935317e+00
2.887000e-05	-7.087532e-03	5.968973e+00
2.888000e-05	-4.292322e-03	5.989996e+00
2.889000e-05	-1.040672e-03	5.999975e+00
2.890000e-05	-8.828715e-03	6.021550e+00
2.891000e-05	-4.632202e-03	6.041602e+00
2.892000e-05	-5.426387e-03	6.073184e+00
2.893000e-05	-1.149829e-02	6.113709e+00
2.894000e-05	-3.888458e-03	6.115785e+00
2.895000e-05	-5.336118e-03	6.116367e+00
2.896000e-05	-6.068731e-03	6.157796e+00
2.897000e-05	-1.386944e-02	6.139992e+00
2.898000e-05	-5.481253e-03	6.178944e+00
2.899000e-05	-3.671009e-03	6.168345e+00
2.900000e-05	-9.264761e-03	6.157975e+00
2.901000e-05	-7.905857e-03	6.178995e+00
2.902000e-05	-8.156844e-03	6.178995e+00
2.903000e-05	-7.145797e-03	6.208973e+00
2.904000e-05	-1.170898e-02	6.190423e+00
2.905000e-05	-7.368689e-03	6.208922e+00
2.906000e-05	-1.130457e-02	6.197546e+00
2.907000e-05	-9.752140e-03	6.169948e+00
2.908000e-05	-1.115117e-02	6.189421e+00
2.909000e-05	-8.183050e-03	6.167419e+00
2.910000e-05	-9.770666e-03	6.156892e+00
2.911000e-05	-1.217014e-02	6.126838e+00
2.912000e-05	-1.161699e-02	6.095292e+00
2.913000e-05	-1.411861e-02	6.094683e+00
2.914000e-05	-1.212607e-02	6.093180e+00
2.915000e-05	-1.450476e-02	6.041025e+00
2.916000e-05	-1.292164e-02	6.021028e+00
2.917000e-05	-1.711701e-02	6.020500e+00
2.918000e-05	-1.454633e-02	6.008975e+00
2.919000e-05	-1.590589e-02	5.968947e+00
2.920000e-05	-1.710408e-02	5.966789e+00
2.921000e-05	-1.786580e-02	5.886680e+00
2.922000e-05	-1.895096e-02	5.851151e+00
2.923000e-05	-1.832262e-02	5.735295e+00
2.924000e-05	-2.083979e-02	5.694682e+00
2.925000e-05	-1.876952e-02	5.631050e+00
2.926000e-05	-2.042411e-02	5.599500e+00
2.927000e-05	-2.124794e-02	5.587972e+00
2.928000e-05	-1.971143e-02	5.577839e+00
2.929000e-05	-2.062269e-02	5.441682e+00
2.930000e-05	-1.887889e-02	5.420026e+00
2.931000e-05	-2.154791e-02	5.337946e+00
2.932000e-05	-1.721179e-02	5.305759e+00
2.933000e-05	-1.956555e-02	5.251626e+00
2.934000e-05	-1.639059e-02	5.158070e+00
2.935000e-05	-1.806678e-02	5.094354e+00
2.936000e-05	-1.367350e-02	4.988396e+00
2.937000e-05	-1.593444e-02	4.914756e+00
2.938000e-05	-1.391041e-02	4.811525e+00
2.939000e-05	-1.380393e-02	4.745447e+00
2.940000e-05	-1.219468e-02	4.716257e+00
2.941000e-05	-1.220073e-02	4.630525e+00
2.942000e-05	-1.054754e-02	4.595416e+00
2.943000e-05	-1.071862e-02	4.471679e+00
2.944000e-05	-1.062094e-02	4.430003e+00
2.945000e-05	-9.948958e-03	4.398892e+00
2.946000e-05	-8.616780e-03	4.263687e+00
2.947000e-05	-9.045989e-03	4.156764e+00
2.948000e-05	-9.378637e-03	4.050625e+00
2.949000e-05	-6.960431e-03	3.967443e+00
2.950000e-05	-6.884076e-03	3.863283e+00
2.951000e-05	-7.879890e-03	3.799043e+00
2.952000e-05	-7.377174e-03	3.713228e+00
2.953000e-05	-5.926540e-03	3.640028e+00
2.954000e-05	-6.852260e-03	3.587392e+00
2.955000e-05	-7.938087e-03	3.452298e+00
2.956000e-05	-6.204013e-03	3.343806e+00
2.957000e-05	-4.960163e-03	3.220949e+00
2.958000e-05	-6.731329e-03	3.135415e+00
2.959000e-05	-5.834238e-03	3.010578e+00
2.960000e-05	-5.506662e-03	2.956365e+00
2.961000e-05	-4.648663e-03	2.862652e+00
2.962000e-05	-6.563934e-03	2.799948e+00
2.963000e-05	-5.448620e-03	2.723580e+00
2.964000e-05	-4.867044e-03	2.495184e+00
2.965000e-05	-5.271396e-03	2.399598e+00
2.966000e-05	-5.261630e-03	2.335332e+00
2.967000e-05	-4.966571e-03	2.211575e+00
2.968000e-05	-4.865642e-03	2.115685e+00
2.969000e-05	-5.156568e-03	1.999975e+00
2.970000e-05	-4.402779e-03	1.955891e+00
2.971000e-05	-4.456906e-03	1.840420e+00
2.972000e-05	-4.435342e-03	1.663682e+00
2.973000e-05	-4.936094e-03	1.607922e+00
2.974000e-05	-4.219953e-03	1.502627e+00
2.975000e-05	-4.426579e-03	1.345389e+00
2.976000e-05	-4.445506e-03	1.231548e+00
2.977000e-05	-4.299952e-03	1.131805e+00
2.978000e-05	-4.115227e-03	9.658107e-01
2.979000e-05	-4.354760e-03	8.305213e-01
2.980000e-05	-4.424292e-03	7.453133e-01
2.981000e-05	-3.824301e-03	5.989985e-01
2.982000e-05	-2.905251e-03	5.132328e-01
2.983000e-05	-4.309515e-03	3.994737e-01
2.984000e-05	-4.749927e-03	3.232892e-01
2.985000e-05	-3.548620e-03	1.274132e-01
2.986000e-05	-2.758505e-03	2.799993e-02
2.987000e-05	-1.185551e-03	-5.361308e-02
2.988000e-05	9.056489e-04	-1.795261e-01
2.989000e-05	-2.062713e-03	-2.646619e-01
2.990000e-05	-8.859627e-04	-3.673736e-01
2.991000e-05	-1.897464e-03	-4.336078e-01
2.992000e-05	-1.715238e-03	-5.469047e-01
2.993000e-05	-9.578190e-04	-7.258182e-01
2.994000e-05	1.165766e-02	-8.114763e-01
2.995000e-05	5.882975e-02	-8.442395e-01
2.996000e-05	-9.578123e-03	-1.063664e+00
2.997000e-05	-6.287908e-02	-1.237214e+00
2.998000e-05	-1.115018e-01	-1.439578e+00
2.999000e-05	1.197071e-01	-1.390949e+00
3.000000e-05	3.248553e-02	-1.433109e+00
3.001000e-05	-9.126912e-02	-1.674162e+00
3.002000e-05	-3.944244e-02	-1.798447e+00
3.003000e-05	1.530599e-01	-1.760998e+00
3.004000e-05	-1.893263e-01	-1.897320e+00
3.005000e-05	-6.330452e-02	-2.033185e+00
3.006000e-05	1.876368e-01	-2.085764e+00
3.007000e-05	-6.628972e-02	-2.253158e+00
3.008000e-05	-1.236274e-01	-2.430531e+00
3.009000e-05	1.850188e-01	-2.483712e+00
3.010000e-05	-9.342545e-02	-2.620455e+00
3.011000e-05	-8.675508e-02	-2.736845e+00
3.012000e-05	1.316628e-01	-2.800500e+00
3.013000e-05	-5.943214e-02	-2.883738e+00
3.014000e-05	-2.656217e-02	-3.062580e+00
3.015000e-05	8.052767e-02	-3.098841e+00
3.016000e-05	-8.253586e-02	-3.242609e+00
3.017000e-05	3.004016e-02	-3.334347e+00
3.018000e-05	7.827278e-02	-3.401506e+00
3.019000e-05	-1.573832e-01	-3.557267e+00
3.020000e-05	8.836522e-02	-3.589449e+00
3.021000e-05	5.446457e-02	-3.624110e+00
3.022000e-05	-1.123918e-01	-3.737499e+00
3.023000e-05	5.629094e-02	-3.906764e+00
3.024000e-05	1.676395e-02	-3.999955e+00
3.025000e-05	-3.213249e-02	-4.063133e+00
3.026000e-05	3.106647e-03	-4.136343e+00
3.027000e-05	-2.598340e-02	-4.231628e+00
3.028000e-05	5.448305e-02	-4.305744e+00
3.029000e-05	4.068174e-03	-4.378946e+00
3.030000e-05	-7.015401e-02	-4.431001e+00
3.031000e-05	2.897782e-02	-4.464182e+00
3.032000e-05	2.604476e-02	-4.561453e+00
3.033000e-05	-1.624919e-02	-4.664582e+00
3.034000e-05	-1.816153e-02	-4.735820e+00
3.035000e-05	1.338577e-03	-4.769975e+00
3.036000e-05	5.224013e-02	-4.905666e+00
3.037000e-05	-5.377351e-02	-4.977874e+00
3.038000e-05	-1.104015e-02	-5.021029e+00
3.039000e-05	4.130645e-02	-5.094638e+00
3.040000e-05	-1.062646e-02	-5.168871e+00
3.041000e-05	-1.320439e-02	-5.210504e+00
3.042000e-05	-7.442277e-03	-5.224091e+00
3.043000e-05	2.554813e-02	-5.358422e+00
3.044000e-05	-3.804169e-04	-5.483714e+00
3.045000e-05	-2.756194e-02	-5.588868e+00
3.046000e-05	1.714895e-02	-5.579996e+00
3.047000e-05	1.197773e-02	-5.609951e+00
3.048000e-05	-1.531459e-02	-5.634584e+00
3.049000e-05	2.434028e-03	-5.656164e+00
3.050000e-05	4.620787e-03	-5.757341e+00
3.051000e-05	4.299956e-03	-5.769949e+00
3.052000e-05	-9.950624e-03	-5.820053e+00
3.053000e-05	1.571866e-03	-5.833608e+00
3.054000e-05	1.459883e-02	-5.873208e+00
3.055000e-05	-8.162289e-03	-5.927763e+00
3.056000e-05	3.392579e-03	-5.928397e+00
3.057000e-05	1.178691e-03	-5.989420e+00
3.058000e-05	-1.141172e-03	-5.958923e+00
3.059000e-05	2.390081e-03	-5.979948e+00
3.060000e-05	2.149788e-03	-6.019999e+00
3.061000e-05	5.507899e-03	-6.011076e+00
3.062000e-05	-4.227504e-03	-6.010001e+00
3.063000e-05	3.673979e-03	-6.031554e+00
3.064000e-05	5.532089e-03	-6.062104e+00
3.065000e-05	-2.941396e-04	-6.044604e+00
3.066000e-05	5.563034e-04	-6.094112e+00
3.067000e-05	5.301719e-03	-6.094182e+00
3.068000e-05	4.314597e-03	-6.085762e+00
3.069000e-05	9.586126e-04	-6.084661e+00
3.070000e-05	3.231541e-03	-6.083662e+00
3.071000e-05	4.421464e-03	-6.116210e+00
3.072000e-05	4.378584e-03	-6.073632e+00
3.073000e-05	3.240627e-03	-6.064081e+00
3.074000e-05	6.807313e-03	-6.075058e+00
3.075000e-05	5.021123e-03	-6.040630e+00
3.076000e-05	4.970854e-03	-6.053608e+00
3.077000e-05	4.441161e-03	-6.050654e+00
3.078000e-05	6.657492e-03	-6.011550e+00
3.079000e-05	7.985742e-03	-6.000450e+00
3.080000e-05	6.778205e-03	-5.989949e+00
3.081000e-05	9.298252e-03	-5.988945e+00
3.082000e-05	7.609502e-03	-5.977471e+00
3.083000e-05	9.682800e-03	-5.937791e+00
3.084000e-05	9.800806e-03	-5.935734e+00
3.085000e-05	9.583532e-03	-5.893155e+00
3.086000e-05	1.074262e-02	-5.843001e+00
3.087000e-05	1.247962e-02	-5.790000e+00
3.088000e-05	1.293800e-02	-5.789345e+00
3.089000e-05	1.187526e-02	-5.725762e+00
3.090000e-05	1.419903e-02	-5.665179e+00
3.091000e-05	1.366095e-02	-5.631075e+00
3.092000e-05	1.400260e-02	-5.599972e+00
3.093000e-05	1.379682e-02	-5.589894e+00
3.094000e-05	1.463526e-02	-5.485184e+00
3.095000e-05	1.282760e-02	-5.414129e+00
3.096000e-05	1.257225e-02	-5.427912e+00
3.097000e-05	1.311997e-02	-5.261677e+00
3.098000e-05	1.269567e-02	-5.189473e+00
3.099000e-05	1.084313e-02	-5.164890e+00
3.100000e-05	1.081234e-02	-5.093630e+00
3.101000e-05	1.164685e-02	-5.000553e+00
3.102000e-05	9.331957e-03	-4.937786e+00
3.103000e-05	8.977073e-03	-4.831996e+00
3.104000e-05	8.015530e-03	-4.727808e+00
3.105000e-05	6.946752e-03	-4.662184e+00
3.106000e-05	4.879434e-03	-4.629951e+00
3.107000e-05	6.718731e-03	-4.536816e+00
3.108000e-05	7.651068e-03	-4.492131e+00
3.109000e-05	4.168455e-03	-4.400075e+00
3.110000e-05	3.490511e-03	-4.348867e+00
3.111000e-05	4.220610e-03	-4.284133e+00
3.112000e-05	3.453582e-03	-4.211003e+00
3.113000e-05	1.869993e-03	-4.144357e+00
3.114000e-05	2.516019e-03	-4.029530e+00
3.115000e-05	2.647321e-03	-3.937996e+00
3.116000e-05	2.037082e-03	-3.883684e+00
3.117000e-05	1.653584e-04	-3.705816e+00
3.118000e-05	1.728315e-03	-3.632079e+00
3.119000e-05	6.333909e-04	-3.578346e+00
3.120000e-05	-9.805212e-04	-3.463607e+00
3.121000e-05	7.698453e-04	-3.380351e+00
3.122000e-05	6.327036e-06	-3.233657e+00
3.123000e-05	-1.726698e-04	-3.211472e+00
3.124000e-05	-1.724618e-03	-3.116868e+00
3.125000e-05	1.167764e-03	-2.961918e+00
3.126000e-05	-3.205962e-03	-2.843078e+00
3.127000e-05	-1.768936e-03	-2.798449e+00
3.128000e-05	-3.151147e-03	-2.672709e+00
3.129000e-05	5.184004e-04	-2.599449e+00
3.130000e-05	-3.063991e-03	-2.465203e+00
3.131000e-05	-1.583867e-03	-2.410024e+00
3.132000e-05	-2.244191e-03	-2.335903e+00
3.133000e-05	-2.047076e-03	-2.197813e+00
3.134000e-05	-2.025594e-03	-2.001576e+00
3.135000e-05	-3.107128e-03	-1.947344e+00
3.136000e-05	-2.141488e-03	-1.832700e+00
3.137000e-05	-2.328069e-03	-1.756792e+00
3.138000e-05	-1.791693e-03	-1.632126e+00
3.139000e-05	-2.691307e-03	-1.567367e+00
3.140000e-05	-2.297126e-03	-1.409999e+00
3.141000e-05	-3.342440e-03	-1.264126e+00
3.142000e-05	-1.901581e-03	-1.134889e+00
3.143000e-05	-3.164999e-03	-1.030050e+00
3.144000e-05	-2.961254e-03	-8.927805e-01
3.145000e-05	-4.419263e-03	-7.980488e-01
3.146000e-05	-2.377559e-03	-7.647894e-01
3.147000e-05	-3.659700e-03	-5.663684e-01
3.148000e-05	-3.134582e-03	-4.305503e-01
3.149000e-05	-3.816959e-03	-3.373645e-01
3.150000e-05	-3.255688e-03	-1.820528e-01
3.151000e-05	-2.823103e-03	-1.343182e-01
3.152000e-05	-2.197275e-03	-4.094744e-02
3.153000e-05	-1.281251e-03	4.218545e-02
3.154000e-05	4.634175e-05	1.594853e-01
3.155000e-05	-2.123165e-03	3.563950e-01
3.156000e-05	-9.074202e-04	4.210026e-01
3.157000e-05	-3.495774e-03	4.963409e-01
3.158000e-05	-2.621063e-03	5.995803e-01
3.159000e-05	-2.033795e-03	7.588945e-01
3.160000e-05	8.650212e-03	8.009990e-01
3.161000e-05	3.773500e-02	9.103170e-01
3.162000e-05	2.965321e-02	1.157866e+00
3.163000e-05	-5.197091e-02	1.305188e+00
3.164000e-05	-8.342241e-02	1.379975e+00
3.165000e-05	-3.617970e-02	1.431608e+00
3.166000e-05	1.508314e-01	1.582485e+00
3.167000e-05	-3.391306e-02	1.778373e+00
3.168000e-05	-1.383650e-01	1.810046e+00
3.169000e-05	1.319252e-01	1.925714e+00
3.170000e-05	-4.358934e-02	2.021580e+00
3.171000e-05	-1.040034e-01	2.113661e+00
3.172000e-05	8.652548e-02	2.158948e+00
3.173000e-05	7.216736e-02	2.316763e+00
3.174000e-05	-1.664705e-01	2.390100e+00
3.175000e-05	9.648035e-02	2.443159e+00
3.176000e-05	4.922395e-02	2.653055e+00
3.177000e-05	-1.202598e-01	2.779472e+00
3.178000e-05	3.777320e-02	2.833154e+00
3.179000e-05	4.354110e-02	2.967921e+00
3.180000e-05	-7.583135e-02	3.042137e+00
3.181000e-05	3.623205e-02	3.158922e+00
3.182000e-05	1.163600e-02	3.220001e+00
3.183000e-05	-4.229488e-02	3.295261e+00
3.184000e-05	6.287556e-02	3.444060e+00
3.185000e-05	-6.524163e-02	3.578951e+00
3.186000e-05	-1.882711e-02	3.632583e+00
3.187000e-05	5.363612e-02	3.716268e+00
3.188000e-05	-1.252997e-03	3.791555e+00
3.189000e-05	-5.555778e-02	3.946313e+00
3.190000e-05	3.161844e-02	3.999979e+00
3.191000e-05	2.439126e-03	4.013604e+00
3.192000e-05	-2.650412e-02	4.097689e+00
3.193000e-05	4.159114e-03	4.262134e+00
3.194000e-05	-4.504436e-03	4.397425e+00
3.195000e-05	2.606064e-02	4.422055e+00
3.196000e-05	-2.503415e-02	4.506289e+00
3.197000e-05	-1.528196e-02	4.558900e+00
3.198000e-05	-7.343754e-04	4.682632e+00
3.199000e-05	2.551862e-02	4.747862e+00
3.200000e-05	-2.739896e-02	4.798953e+00
3.201000e-05	-1.564799e-02	4.832604e+00
3.202000e-05	2.483855e-02	4.956343e+00
3.203000e-05	-6.004172e-03	5.086082e+00
3.204000e-05	-2.366108e-02	5.188420e+00
3.205000e-05	-7.134516e-03	5.211575e+00
3.206000e-05	2.006065e-02	5.273688e+00
3.207000e-05	-1.752417e-02	5.366368e+00
3.208000e-05	-9.852182e-03	5.370974e+00
3.209000e-05	-2.653519e-03	5.492780e+00
3.210000e-05	6.642709e-03	5.495866e+00
3.211000e-05	-1.451770e-02	5.578947e+00
3.212000e-05	-9.444342e-03	5.599999e+00
3.213000e-05	6.609833e-03	5.631026e+00
3.214000e-05	-7.750618e-03	5.683686e+00
3.215000e-05	-8.176858e-03	5.716814e+00
3.216000e-05	-5.407960e-03	5.829473e+00
3.217000e-05	2.643155e-03	5.924213e+00
3.218000e-05	-1.369179e-02	5.925866e+00
3.219000e-05	-7.666942e-03	5.986970e+00
3.220000e-05	-4.171965e-04	6.009474e+00
3.221000e-05	-4.269619e-03	6.009525e+00
3.222000e-05	-6.619842e-03	6.020551e+00
3.223000e-05	-7.937044e-03	6.063106e+00
3.224000e-05	-4.704469e-03	6.113129e+00
3.225000e-05	-1.119284e-02	6.082633e+00
3.226000e-05	-2.863514e-03	6.135787e+00
3.227000e-05	-5.503110e-03	6.168312e+00
3.228000e-05	-9.536153e-03	6.136817e+00
3.229000e-05	-1.108399e-02	6.148965e+00
3.230000e-05	-4.804018e-03	6.177921e+00
3.231000e-05	-4.890381e-03	6.169370e+00
3.232000e-05	-1.239938e-02	6.189021e+00
3.233000e-05	-7.143554e-03	6.179401e+00
3.234000e-05	-8.624330e-03	6.199999e+00
3.235000e-05	-6.995130e-03	6.188994e+00
3.236000e-05	-1.153410e-02	6.209494e+00
3.237000e-05	-8.102118e-03	6.199945e+00
3.238000e-05	-1.058427e-02	6.198996e+00
3.239000e-05	-1.078038e-02	6.179948e+00
3.240000e-05	-8.900073e-03	6.179494e+00
3.241000e-05	-1.053187e-02	6.167840e+00
3.242000e-05	-1.086637e-02	6.148865e+00
3.243000e-05	-1.422056e-02	6.114236e+00
3.244000e-05	-1.096254e-02	6.135183e+00
3.245000e-05	-1.331710e-02	6.063257e+00
3.246000e-05	-1.170056e-02	6.073603e+00
3.247000e-05	-1.478269e-02	6.050628e+00
3.248000e-05	-1.479899e-02	6.021054e+00
3.249000e-05	-1.530709e-02	6.001026e+00
3.250000e-05	-1.478897e-02	5.998972e+00
3.251000e-05	-1.570873e-02	5.987950e+00
3.252000e-05	-1.993066e-02	5.937414e+00
3.253000e-05	-1.727959e-02	5.924288e+00
3.254000e-05	-1.897155e-02	5.838571e+00
3.255000e-05	-1.839446e-02	5.766363e+00
3.256000e-05	-2.033552e-02	5.692631e+00
3.257000e-05	-1.969783e-02	5.611550e+00
3.258000e-05	-2.096502e-02	5.599024e+00
3.259000e-05	-2.202537e-02	5.568392e+00
3.260000e-05	-2.017468e-02	5.505340e+00
3.261000e-05	-2.128234e-02	5.442629e+00
3.262000e-05	-1.796408e-02	5.410000e+00
3.263000e-05	-1.971911e-02	5.347916e+00
3.264000e-05	-1.812131e-02	5.304236e+00
3.265000e-05	-2.105810e-02	5.231102e+00
3.266000e-05	-1.654548e-02	5.168915e+00
3.267000e-05	-1.613350e-02	5.075132e+00
3.268000e-05	-1.479988e-02	4.957445e+00
3.269000e-05	-1.522517e-02	4.873129e+00
3.270000e-05	-1.388517e-02	4.799598e+00
3.271000e-05	-1.199809e-02	4.757393e+00
3.272000e-05	-1.271740e-02	4.701681e+00
3.273000e-05	-1.293542e-02	4.609574e+00
3.274000e-05	-1.074767e-02	4.525914e+00
3.275000e-05	-1.112791e-02	4.423101e+00
3.276000e-05	-1.071738e-02	4.419525e+00
3.277000e-05	-9.353268e-03	4.326867e+00
3.278000e-05	-8.435346e-03	4.219049e+00
3.279000e-05	-8.979564e-03	4.095158e+00
3.280000e-05	-1.004567e-02	4.011076e+00
3.281000e-05	-8.067805e-03	3.955363e+00
3.282000e-05	-7.657786e-03	3.882678e+00
3.283000e-05	-7.796055e-03	3.758443e+00
3.284000e-05	-7.302347e-03	3.663757e+00
3.285000e-05	-6.439954e-03	3.619000e+00
3.286000e-05	-6.632105e-03	3.526863e+00
3.287000e-05	-7.196567e-03	3.450454e+00
3.288000e-05	-5.509728e-03	3.303752e+00
3.289000e-05	-4.704048e-03	3.209471e+00
3.290000e-05	-6.710154e-03	3.085283e+00
3.291000e-05	-5.310649e-03	3.000049e+00
3.292000e-05	-5.503068e-03	2.934311e+00
3.293000e-05	-5.972515e-03	2.832603e+00
3.294000e-05	-6.232732e-03	2.748342e+00
3.295000e-05	-4.452298e-03	2.630553e+00
3.296000e-05	-4.552818e-03	2.483685e+00
3.297000e-05	-5.560672e-03	2.368474e+00
3.298000e-05	-5.164855e-03	2.294229e+00
3.299000e-05	-4.977328e-03	2.188496e+00
3.300000e-05	-5.137904e-03	2.053204e+00
3.301000e-05	-5.130660e-03	1.980524e+00
3.302000e-05	-4.036126e-03	1.885786e+00
3.303000e-05	-4.247534e-03	1.759493e+00
3.304000e-05	-4.865510e-03	1.653600e+00
3.305000e-05	-4.450353e-03	1.536463e+00
3.306000e-05	-4.120336e-03	1.400974e+00
3.307000e-05	-4.330522e-03	1.344810e+00
3.308000e-05	-5.006464e-03	1.189992e+00
3.309000e-05	-4.416022e-03	1.102128e+00
3.310000e-05	-2.910307e-03	9.442578e-01
3.311000e-05	-3.746276e-03	8.200186e-01
3.312000e-05	-3.821480e-03	7.341831e-01
3.313000e-05	-4.780243e-03	5.894172e-01
3.314000e-05	-3.843726e-03	4.736303e-01
3.315000e-05	-4.603198e-03	3.894211e-01
3.316000e-05	-4.105989e-03	2.820289e-01
3.317000e-05	-2.743656e-03	1.158331e-01
3.318000e-05	-2.934015e-03	9.997500e-03
3.319000e-05	3.831200e-04	-8.521454e-02
3.320000e-05	2.172721e-04	-1.914545e-01
3.321000e-05	-1.981231e-03	-2.757432e-01
3.322000e-05	-1.804464e-03	-3.884761e-01
3.323000e-05	-2.770978e-03	-4.531367e-01
3.324000e-05	-2.057253e-03	-6.395041e-01
3.325000e-05	-3.053702e-04	-7.472984e-01
3.326000e-05	2.042539e-02	-8.105265e-01
3.327000e-05	6.398842e-02	-8.968184e-01
3.328000e-05	-4.316512e-02	-1.066793e+00
3.329000e-05	-5.625434e-02	-1.327331e+00
3.330000e-05	-1.039065e-01	-1.489512e+00
3.331000e-05	1.658455e-01	-1.391447e+00
3.332000e-05	-2.088324e-02	-1.465266e+00
3.333000e-05	-1.309351e-01	-1.716267e+00
3.334000e-05	5.918112e-02	-1.789449e+00
3.335000e-05	6.872313e-02	-1.801978e+00
3.336000e-05	-1.936820e-01	-1.987348e+00
3.337000e-05	1.554596e-02	-2.073132e+00
3.338000e-05	1.729537e-01	-2.057317e+00
3.339000e-05	-1.368760e-01	-2.346294e+00
3.340000e-05	-2.242710e-02	-2.460078e+00
3.341000e-05	1.560987e-01	-2.456216e+00
3.342000e-05	-1.370364e-01	-2.653162e+00
3.343000e-05	-2.859909e-02	-2.767922e+00
3.344000e-05	1.293398e-01	-2.792076e+00
3.345000e-05	-1.139675e-01	-2.877250e+00
3.346000e-05	4.788401e-02	-3.074110e+00
3.347000e-05	2.766576e-02	-3.128401e+00
3.348000e-05	-7.802377e-02	-3.283765e+00
3.349000e-05	8.362329e-02	-3.328846e+00
3.350000e-05	3.602463e-03	-3.431083e+00
3.351000e-05	-1.259136e-01	-3.568400e+00
3.352000e-05	1.283453e-01	-3.580475e+00
3.353000e-05	-4.981732e-03	-3.645236e+00
3.354000e-05	-9.001917e-02	-3.862555e+00
3.355000e-05	8.313738e-02	-3.909898e+00
3.356000e-05	-1.720687e-02	-3.991509e+00
3.357000e-05	-1.811989e-02	-4.045207e+00
3.358000e-05	-4.572281e-03	-4.157896e+00
3.359000e-05	-1.573919e-02	-4.242582e+00
3.360000e-05	7.082685e-02	-4.346268e+00
3.361000e-05	-3.919236e-02	-4.389501e+00
3.362000e-05	-4.641361e-02	-4.411582e+00
3.363000e-05	4.167186e-02	-4.506738e+00
3.364000e-05	1.300516e-02	-4.629056e+00
3.365000e-05	-2.055327e-02	-4.685711e+00
3.366000e-05	-1.872198e-02	-4.757336e+00
3.367000e-05	2.493581e-02	-4.830634e+00
3.368000e-05	2.897195e-02	-4.905165e+00
3.369000e-05	-6.048948e-02	-5.000504e+00
3.370000e-05	1.310013e-02	-5.012604e+00
3.371000e-05	3.459850e-02	-5.135792e+00
3.372000e-05	-2.282008e-02	-5.180475e+00
3.373000e-05	-7.041153e-03	-5.213029e+00
3.374000e-05	-3.341002e-03	-5.346341e+00
3.375000e-05	3.038871e-02	-5.442027e+00
3.376000e-05	-1.551343e-02	-5.465766e+00
3.377000e-05	-2.015956e-02	-5.598372e+00
3.378000e-05	2.477768e-02	-5.579022e+00
3.379000e-05	-1.576278e-03	-5.621605e+00
3.380000e-05	-9.153895e-03	-5.633633e+00
3.381000e-05	1.666864e-03	-5.755191e+00
3.382000e-05	6.167798e-03	-5.768319e+00
3.383000e-05	-4.702575e-04	-5.780026e+00
3.384000e-05	-9.788361e-03	-5.831500e+00
3.385000e-05	7.128858e-03	-5.854157e+00
3.386000e-05	8.251517e-03	-5.916259e+00
3.387000e-05	-7.601091e-03	-5.947287e+00
3.388000e-05	4.804510e-03	-5.968922e+00
3.389000e-05	-2.049056e-04	-5.989399e+00
3.390000e-05	-1.666304e-03	-5.989425e+00
3.391000e-05	2.855767e-03	-6.000425e+00
3.392000e-05	2.164237e-03	-6.001426e+00
3.393000e-05	3.621466e-03	-6.011026e+00
3.394000e-05	-4.193242e-03	-6.032553e+00
3.395000e-05	5.693478e-03	-6.052104e+00
3.396000e-05	4.344663e-03	-6.071604e+00
3.397000e-05	-1.444732e-03	-6.052153e+00
3.398000e-05	2.708134e-03	-6.042663e+00
3.399000e-05	4.079223e-03	-6.084709e+00
3.400000e-05	3.973031e-03	-6.074208e+00
3.401000e-05	-7.182438e-04	-6.063156e+00
3.402000e-05	4.408957e-03	-6.095212e+00
3.403000e-05	3.879943e-03	-6.083736e+00
3.404000e-05	4.290680e-03	-6.065257e+00
3.405000e-05	4.229970e-03	-6.075157e+00
3.406000e-05	5.484359e-03	-6.073208e+00
3.407000e-05	4.687910e-03	-6.023108e+00
3.408000e-05	4.664593e-03	-6.051128e+00
3.409000e-05	6.244871e-03	-6.011629e+00
3.410000e-05	6.096245e-03	-6.020100e+00
3.411000e-05	7.873462e-03	-6.011026e+00
3.412000e-05	6.440842e-03	-5.990474e+00
3.413000e-05	8.684694e-03	-5.980475e+00
3.414000e-05	7.261958e-03	-5.977368e+00
3.415000e-05	9.906015e-03	-5.916317e+00
3.416000e-05	1.021848e-02	-5.894261e+00
3.417000e-05	9.469814e-03	-5.861584e+00
3.418000e-05	1.156476e-02	-5.811552e+00
3.419000e-05	1.264689e-02	-5.788048e+00
3.420000e-05	1.223472e-02	-5.727838e+00
3.421000e-05	1.140129e-02	-5.667188e+00
3.422000e-05	1.413822e-02	-5.682133e+00
3.423000e-05	1.358772e-02	-5.610550e+00
3.424000e-05	1.388481e-02	-5.580525e+00
3.425000e-05	1.421811e-02	-5.568345e+00
3.426000e-05	1.496980e-02	-5.515086e+00
3.427000e-05	1.327264e-02	-5.418441e+00
3.428000e-05	1.297964e-02	-5.307963e+00
3.429000e-05	1.383343e-02	-5.241230e+00
3.430000e-05	1.219922e-02	-5.178946e+00
3.431000e-05	1.144195e-02	-5.125739e+00
3.432000e-05	1.138996e-02	-5.063575e+00
3.433000e-05	1.169723e-02	-4.990025e+00
3.434000e-05	8.912044e-03	-4.935779e+00
3.435000e-05	7.827107e-03	-4.818670e+00
3.436000e-05	8.591289e-03	-4.686089e+00
3.437000e-05	6.164376e-03	-4.641653e+00
3.438000e-05	5.690764e-03	-4.610422e+00
3.439000e-05	6.206708e-03	-4.526314e+00
3.440000e-05	5.643439e-03	-4.432028e+00
3.441000e-05	3.477723e-03	-4.388999e+00
3.442000e-05	4.298055e-03	-4.346416e+00
3.443000e-05	4.125527e-03	-4.262678e+00
3.444000e-05	2.442178e-03	-4.191325e+00
3.445000e-05	1.594701e-03	-4.103639e+00
3.446000e-05	3.056409e-03	-4.041574e+00
3.447000e-05	3.225613e-03	-3.978422e+00
3.448000e-05	-6.260550e-05	-3.861104e+00
3.449000e-05	1.542023e-03	-3.714385e+00
3.450000e-05	1.387891e-03	-3.591525e+00
3.451000e-05	9.091506e-04	-3.527817e+00
3.452000e-05	-1.130316e-03	-3.462129e+00
3.453000e-05	5.104764e-04	-3.397943e+00
3.454000e-05	1.346405e-03	-3.273205e+00
3.455000e-05	-1.199345e-03	-3.189474e+00
3.456000e-05	-7.016642e-04	-3.115189e+00
3.457000e-05	-1.688317e-04	-2.947864e+00
3.458000e-05	-1.227049e-03	-2.801153e+00
3.459000e-05	-1.028261e-03	-2.787867e+00
3.460000e-05	-1.843530e-03	-2.662129e+00
3.461000e-05	-1.052366e-03	-2.576446e+00
3.462000e-05	-1.650185e-03	-2.451030e+00
3.463000e-05	-1.586285e-03	-2.388973e+00
3.464000e-05	-1.255909e-03	-2.282708e+00
3.465000e-05	-3.407228e-03	-2.105885e+00
3.466000e-05	-2.125942e-03	-2.000550e+00
3.467000e-05	-3.938259e-03	-1.946312e+00
3.468000e-05	-1.280001e-03	-1.862054e+00
3.469000e-05	-3.281043e-03	-1.734261e+00
3.470000e-05	-4.943849e-04	-1.611098e+00
3.471000e-05	-3.614554e-03	-1.544867e+00
3.472000e-05	-1.542339e-03	-1.377963e+00
3.473000e-05	-3.517452e-03	-1.200075e+00
3.474000e-05	-1.622410e-03	-1.076186e+00
3.475000e-05	-3.931643e-03	-9.904724e-01
3.476000e-05	-2.869201e-03	-8.821555e-01
3.477000e-05	-4.685658e-03	-7.894474e-01
3.478000e-05	-2.482864e-03	-6.726556e-01
3.479000e-05	-3.851341e-03	-4.937330e-01
3.480000e-05	-2.196750e-03	-4.094974e-01
3.481000e-05	-3.433611e-03	-3.263342e-01
3.482000e-05	-3.959186e-03	-2.105500e-01
3.483000e-05	-2.916450e-03	-8.520672e-02
3.484000e-05	-1.694670e-03	9.501253e-03
3.485000e-05	-4.146886e-04	5.421566e-02
3.486000e-05	-1.583726e-03	2.636091e-01
3.487000e-05	-1.344203e-03	3.889486e-01
3.488000e-05	-1.729531e-03	4.126065e-01
3.489000e-05	-3.240303e-03	5.274210e-01
3.490000e-05	-2.458289e-03	6.510816e-01
3.491000e-05	7.434271e-04	8.093963e-01
3.492000e-05	1.420158e-02	8.215527e-01
3.493000e-05	4.646388e-02	1.001153e+00
3.494000e-05	7.200426e-03	1.158431e+00
3.495000e-05	-5.606296e-02	1.316867e+00
3.496000e-05	-1.007351e-01	1.410551e+00
3.497000e-05	3.421733e-02	1.435289e+00
3.498000e-05	1.092534e-01	1.713636e+00
3.499000e-05	-5.883266e-02	1.728421e+00
3.500000e-05	-1.101327e-01	1.778500e+00
3.501000e-05	1.648553e-01	1.936741e+00
3.502000e-05	-1.237179e-01	2.052206e+00
3.503000e-05	-5.956466e-02	2.135737e+00
3.504000e-05	1.299579e-01	2.199999e+00
3.505000e-05	-1.601212e-02	2.346849e+00
3.506000e-05	-1.308675e-01	2.410052e+00
3.507000e-05	1.369575e-01	2.485741e+00
3.508000e-05	-9.810103e-03	2.674212e+00
3.509000e-05	-1.081515e-01	2.788951e+00
3.510000e-05	8.346291e-02	2.824312e+00
3.511000e-05	-9.326080e-03	2.988425e+00
3.512000e-05	-5.132265e-02	3.042709e+00
3.513000e-05	4.064848e-02	3.157400e+00
3.514000e-05	-7.632962e-03	3.222529e+00
3.515000e-05	-2.359590e-02	3.306816e+00
3.516000e-05	5.875314e-02	3.483138e+00
3.517000e-05	-8.831896e-02	3.598949e+00
3.518000e-05	1.003378e-02	3.661133e+00
3.519000e-05	5.614447e-02	3.737343e+00
3.520000e-05	-4.167001e-02	3.842183e+00
3.521000e-05	-2.342823e-02	3.966948e+00
3.522000e-05	2.335156e-02	3.989447e+00
3.523000e-05	1.595120e-03	4.023655e+00
3.524000e-05	-3.303215e-02	4.167871e+00
3.525000e-05	1.095219e-02	4.354816e+00
3.526000e-05	-2.337310e-03	4.398971e+00
3.527000e-05	1.854144e-02	4.451576e+00
3.528000e-05	-2.821165e-02	4.506786e+00
3.529000e-05	-1.545276e-02	4.610101e+00
3.530000e-05	1.573569e-02	4.664155e+00
3.531000e-05	7.781570e-03	4.747320e+00
3.532000e-05	-2.653776e-02	4.789975e+00
3.533000e-05	-1.052377e-02	4.873779e+00
3.534000e-05	3.106645e-02	5.017419e+00
3.535000e-05	-2.149086e-02	5.094237e+00
3.536000e-05	-1.691378e-02	5.167920e+00
3.537000e-05	1.286602e-03	5.242552e+00
3.538000e-05	1.337420e-02	5.334786e+00
3.539000e-05	-1.832814e-02	5.387446e+00
3.540000e-05	-1.170332e-02	5.421501e+00
3.541000e-05	6.128237e-03	5.483162e+00
3.542000e-05	-3.190967e-03	5.577915e+00
3.543000e-05	-1.117180e-02	5.558447e+00
3.544000e-05	-8.436592e-03	5.600599e+00
3.545000e-05	7.805778e-03	5.631183e+00
3.546000e-05	-1.252562e-02	5.714682e+00
3.547000e-05	-7.098510e-03	5.736398e+00
3.548000e-05	-1.929210e-03	5.812550e+00
3.549000e-05	-2.353813e-03	5.933211e+00
3.550000e-05	-1.184706e-02	5.966842e+00
3.551000e-05	-6.455961e-03	5.949471e+00
3.552000e-05	1.593200e-03	6.009999e+00
3.553000e-05	-9.177501e-03	6.010001e+00
3.554000e-05	-4.664265e-03	6.022028e+00
3.555000e-05	-7.565369e-03	6.071107e+00
3.556000e-05	-6.154414e-03	6.063183e+00
3.557000e-05	-9.460945e-03	6.104732e+00
3.558000e-05	-2.249150e-03	6.124711e+00
3.559000e-05	-5.393566e-03	6.127839e+00
3.560000e-05	-1.189067e-02	6.136840e+00
3.561000e-05	-8.188432e-03	6.178845e+00
3.562000e-05	-5.464483e-03	6.148470e+00
3.563000e-05	-5.423248e-03	6.188944e+00
3.564000e-05	-1.217524e-02	6.228501e+00
3.565000e-05	-6.223100e-03	6.159419e+00
3.566000e-05	-7.963626e-03	6.190498e+00
3.567000e-05	-9.442266e-03	6.199999e+00
3.568000e-05	-1.026047e-02	6.218000e+00
3.569000e-05	-8.649024e-03	6.188971e+00
3.570000e-05	-8.864691e-03	6.188474e+00
3.571000e-05	-1.248217e-02	6.177919e+00
3.572000e-05	-9.414556e-03	6.199495e+00
3.573000e-05	-1.132804e-02	6.157367e+00
3.574000e-05	-9.787318e-03	6.146916e+00
3.575000e-05	-1.387593e-02	6.145886e+00
3.576000e-05	-1.123712e-02	6.095212e+00
3.577000e-05	-1.260052e-02	6.073183e+00
3.578000e-05	-1.257272e-02	6.051602e+00
3.579000e-05	-1.360614e-02	6.062154e+00
3.580000e-05	-1.587565e-02	6.009549e+00
3.581000e-05	-1.434173e-02	6.009999e+00
3.582000e-05	-1.703874e-02	5.989497e+00
3.583000e-05	-1.515434e-02	5.967393e+00
3.584000e-05	-1.934171e-02	5.917289e+00
3.585000e-05	-1.661010e-02	5.881148e+00
3.586000e-05	-1.919699e-02	5.807343e+00
3.587000e-05	-1.868896e-02	5.752804e+00
3.588000e-05	-2.075891e-02	5.635104e+00
3.589000e-05	-1.893978e-02	5.639524e+00
3.590000e-05	-1.910663e-02	5.579020e+00
3.591000e-05	-2.071609e-02	5.555916e+00
3.592000e-05	-1.912484e-02	5.515205e+00
3.593000e-05	-2.076050e-02	5.441076e+00
3.594000e-05	-1.902954e-02	5.429996e+00
3.595000e-05	-1.995348e-02	5.356793e+00
3.596000e-05	-1.869859e-02	5.274181e+00
3.597000e-05	-1.798405e-02	5.250024e+00
3.598000e-05	-1.794982e-02	5.156411e+00
3.599000e-05	-1.512222e-02	5.052606e+00
3.600000e-05	-1.716143e-02	4.917388e+00
3.601000e-05	-1.517792e-02	4.862550e+00
3.602000e-05	-1.464266e-02	4.808499e+00
3.603000e-05	-1.155716e-02	4.717392e+00
3.604000e-05	-1.316737e-02	4.692184e+00
3.605000e-05	-1.148406e-02	4.591971e+00
3.606000e-05	-1.143062e-02	4.525784e+00
3.607000e-05	-1.035380e-02	4.452126e+00
3.608000e-05	-1.102687e-02	4.400950e+00
3.609000e-05	-8.745596e-03	4.345767e+00
3.610000e-05	-8.727702e-03	4.261064e+00
3.611000e-05	-9.415087e-03	4.062203e+00
3.612000e-05	-9.735199e-03	3.998445e+00
3.613000e-05	-6.947942e-03	3.924840e+00
3.614000e-05	-8.526916e-03	3.852004e+00
3.615000e-05	-8.120500e-03	3.766488e+00
3.616000e-05	-7.143016e-03	3.663157e+00
3.617000e-05	-5.661424e-03	3.590472e+00
3.618000e-05	-7.151480e-03	3.514215e+00
3.619000e-05	-6.665793e-03	3.406946e+00
3.620000e-05	-5.913485e-03	3.191701e+00
3.621000e-05	-5.819113e-03	3.186896e+00
3.622000e-05	-7.508964e-03	3.103710e+00
3.623000e-05	-5.714873e-03	2.998949e+00
3.624000e-05	-5.264173e-03	2.905756e+00
3.625000e-05	-5.384174e-03	2.830525e+00
3.626000e-05	-6.578773e-03	2.737421e+00
3.627000e-05	-4.967755e-03	2.609352e+00
3.628000e-05	-4.752119e-03	2.452101e+00
3.629000e-05	-4.988486e-03	2.396887e+00
3.630000e-05	-4.977406e-03	2.222154e+00
3.631000e-05	-5.082095e-03	2.185415e+00
3.632000e-05	-4.241215e-03	2.063129e+00
3.633000e-05	-4.641878e-03	1.996895e+00
3.634000e-05	-4.831768e-03	1.853135e+00
3.635000e-05	-5.147731e-03	1.725363e+00
3.636000e-05	-5.182015e-03	1.621550e+00
3.637000e-05	-4.616815e-03	1.505309e+00
3.638000e-05	-4.609886e-03	1.409042e+00
3.639000e-05	-4.520807e-03	1.304205e+00
3.640000e-05	-4.701563e-03	1.169494e+00
3.641000e-05	-3.494572e-03	1.041523e+00
3.642000e-05	-4.415535e-03	8.927291e-01
3.643000e-05	-4.421277e-03	7.779159e-01
3.644000e-05	-4.010176e-03	6.621291e-01
3.645000e-05	-3.300211e-03	5.573908e-01
3.646000e-05	-3.950161e-03	4.320503e-01
3.647000e-05	-5.322199e-03	3.769184e-01
3.648000e-05	-3.290063e-03	2.425950e-01
3.649000e-05	-4.119219e-03	8.267645e-02
3.650000e-05	-8.829343e-04	-2.110389e-02
3.651000e-05	-3.646076e-04	-1.463183e-01
3.652000e-05	2.813786e-05	-2.015818e-01
3.653000e-05	-2.049727e-03	-3.053459e-01
3.654000e-05	-1.977228e-03	-4.099776e-01
3.655000e-05	-1.932961e-03	-4.673181e-01
3.656000e-05	-2.385500e-03	-6.225603e-01
3.657000e-05	3.234602e-03	-7.874248e-01
3.658000e-05	3.226340e-02	-8.215551e-01
3.659000e-05	5.196998e-02	-9.784548e-01
3.660000e-05	-6.415862e-02	-1.159480e+00
3.661000e-05	-6.335058e-02	-1.389104e+00
3.662000e-05	-4.789148e-02	-1.432081e+00
3.663000e-05	1.529441e-01	-1.390428e+00
3.664000e-05	-4.638535e-02	-1.549952e+00
3.665000e-05	-1.578301e-01	-1.777797e+00
3.666000e-05	1.433383e-01	-1.788922e+00
3.667000e-05	-4.708794e-02	-1.834162e+00
3.668000e-05	-1.649770e-01	-2.001478e+00
3.669000e-05	9.548138e-02	-2.072636e+00
3.670000e-05	1.136880e-01	-2.158873e+00
3.671000e-05	-1.782978e-01	-2.367974e+00
3.672000e-05	7.778254e-02	-2.452131e+00
3.673000e-05	7.957159e-02	-2.476870e+00
3.674000e-05	-1.484315e-01	-2.683734e+00
3.675000e-05	3.801672e-02	-2.778949e+00
3.676000e-05	8.779575e-02	-2.812076e+00
3.677000e-05	-1.258618e-01	-3.008974e+00
3.678000e-05	9.396669e-02	-3.104764e+00
3.679000e-05	-2.496781e-02	-3.179404e+00
3.680000e-05	-5.697982e-02	-3.336717e+00
3.681000e-05	1.148698e-01	-3.336422e+00
3.682000e-05	-7.759217e-02	-3.454111e+00
3.683000e-05	-5.539180e-02	-3.528422e+00
3.684000e-05	1.296583e-01	-3.600551e+00
3.685000e-05	-6.190556e-02	-3.696342e+00
3.686000e-05	-4.392403e-02	-3.895062e+00
3.687000e-05	8.071395e-02	-3.957347e+00
3.688000e-05	-3.858209e-02	-4.052630e+00
3.689000e-05	-3.320178e-03	-4.074311e+00
3.690000e-05	-1.352739e-02	-4.159399e+00
3.691000e-05	3.482246e-03	-4.225138e+00
3.692000e-05	6.736371e-02	-4.327315e+00
3.693000e-05	-6.748874e-02	-4.399924e+00
3.694000e-05	-1.586740e-02	-4.433580e+00
3.695000e-05	4.314060e-02	-4.547295e+00
3.696000e-05	1.169133e-03	-4.644105e+00
3.697000e-05	-1.960555e-02	-4.735742e+00
3.698000e-05	-1.947738e-02	-4.757873e+00
3.699000e-05	4.471159e-02	-4.832558e+00
3.700000e-05	-1.891212e-03	-4.938316e+00
3.701000e-05	-5.179285e-02	-5.019951e+00
3.702000e-05	2.998074e-02	-5.054608e+00
3.703000e-05	2.163478e-02	-5.126791e+00
3.704000e-05	-2.492049e-02	-5.179396e+00
3.705000e-05	-4.204415e-03	-5.213057e+00
3.706000e-05	3.356328e-03	-5.297245e+00
3.707000e-05	2.692208e-02	-5.422056e+00
3.708000e-05	-2.706040e-02	-5.496839e+00
3.709000e-05	-8.977973e-03	-5.557947e+00
3.710000e-05	2.745301e-02	-5.600476e+00
3.711000e-05	-1.057524e-02	-5.630630e+00
3.712000e-05	-2.065946e-03	-5.653662e+00
3.713000e-05	1.236223e-03	-5.757372e+00
3.714000e-05	7.730505e-03	-5.757398e+00
3.715000e-05	-4.464802e-03	-5.779470e+00
3.716000e-05	-8.426414e-03	-5.800555e+00
3.717000e-05	1.282227e-02	-5.862206e+00
3.718000e-05	4.864163e-04	-5.885263e+00
3.719000e-05	-4.028262e-03	-5.937343e+00
3.720000e-05	5.029775e-03	-5.978916e+00
3.721000e-05	-5.077259e-04	-5.967922e+00
3.722000e-05	-9.591826e-04	-5.988999e+00
3.723000e-05	3.172141e-03	-5.990426e+00
3.724000e-05	3.511042e-03	-6.041004e+00
3.725000e-05	1.672874e-03	-6.010529e+00
3.726000e-05	-2.903830e-03	-6.020608e+00
3.727000e-05	6.373735e-03	-6.022604e+00
3.728000e-05	2.555928e-03	-6.043107e+00
3.729000e-05	-2.332366e-03	-6.013653e+00
3.730000e-05	3.535145e-03	-6.076235e+00
3.731000e-05	4.274651e-03	-6.124208e+00
3.732000e-05	4.172243e-03	-6.053684e+00
3.733000e-05	6.946866e-04	-6.096134e+00
3.734000e-05	4.825357e-03	-6.104161e+00
3.735000e-05	4.438148e-03	-6.063708e+00
3.736000e-05	3.053448e-03	-6.102107e+00
3.737000e-05	4.795186e-03	-6.103158e+00
3.738000e-05	5.401868e-03	-6.074134e+00
3.739000e-05	6.160759e-03	-6.042654e+00
3.740000e-05	4.620130e-03	-6.041625e+00
3.741000e-05	6.425063e-03	-6.041026e+00
3.742000e-05	6.931184e-03	-6.020501e+00
3.743000e-05	8.054471e-03	-5.999579e+00
3.744000e-05	7.661126e-03	-5.990975e+00
3.745000e-05	7.374810e-03	-5.969422e+00
3.746000e-05	8.854185e-03	-5.967444e+00
3.747000e-05	1.018646e-02	-5.947238e+00
3.748000e-05	1.018397e-02	-5.874687e+00
3.749000e-05	8.400496e-03	-5.853602e+00
3.750000e-05	1.257618e-02	-5.801550e+00
3.751000e-05	1.302578e-02	-5.808421e+00
3.752000e-05	1.192450e-02	-5.676363e+00
3.753000e-05	1.154856e-02	-5.705287e+00
3.754000e-05	1.473072e-02	-5.622580e+00
3.755000e-05	1.364238e-02	-5.600976e+00
3.756000e-05	1.263386e-02	-5.588547e+00
3.757000e-05	1.528876e-02	-5.516841e+00
3.758000e-05	1.435897e-02	-5.484679e+00
3.759000e-05	1.359610e-02	-5.382437e+00
3.760000e-05	1.238325e-02	-5.344258e+00
3.761000e-05	1.318895e-02	-5.211650e+00
3.762000e-05	1.154423e-02	-5.167844e+00
3.763000e-05	1.112263e-02	-5.124234e+00
3.764000e-05	1.134207e-02	-5.062528e+00
3.765000e-05	1.100729e-02	-4.948976e+00
3.766000e-05	8.587264e-03	-4.891709e+00
3.767000e-05	9.058092e-03	-4.716512e+00
3.768000e-05	7.688897e-03	-4.706183e+00
3.769000e-05	6.188987e-03	-4.621632e+00
3.770000e-05	5.550967e-03	-4.580996e+00
3.771000e-05	5.808103e-03	-4.506737e+00
3.772000e-05	5.038918e-03	-4.421576e+00
3.773000e-05	2.783227e-03	-4.389499e+00
3.774000e-05	4.350850e-03	-4.326313e+00
3.775000e-05	4.345636e-03	-4.221606e+00
3.776000e-05	1.729745e-03	-4.137965e+00
3.777000e-05	1.831574e-03	-4.104079e+00
3.778000e-05	2.970654e-03	-4.010501e+00
3.779000e-05	2.400158e-03	-3.896840e+00
3.780000e-05	-3.517449e-04	-3.810997e+00
3.781000e-05	1.637382e-04	-3.704181e+00
3.782000e-05	1.890678e-03	-3.601025e+00
3.783000e-05	-3.814107e-04	-3.535785e+00
3.784000e-05	-3.714450e-04	-3.411048e+00
3.785000e-05	5.604320e-05	-3.346816e+00
3.786000e-05	5.325622e-04	-3.243156e+00
3.787000e-05	-1.749697e-03	-3.189492e+00
3.788000e-05	-1.049353e-04	-3.093204e+00
3.789000e-05	-1.811928e-03	-2.938162e+00
3.790000e-05	-7.891185e-04	-2.820001e+00
3.791000e-05	-1.585559e-03	-2.788417e+00
3.792000e-05	-1.108041e-03	-2.642102e+00
3.793000e-05	-1.548168e-03	-2.535286e+00
3.794000e-05	-2.292788e-03	-2.430076e+00
3.795000e-05	-1.158487e-03	-2.368469e+00
3.796000e-05	-1.680700e-03	-2.240053e+00
3.797000e-05	-4.283955e-03	-2.111756e+00
3.798000e-05	-2.577618e-03	-1.998998e+00
3.799000e-05	-2.977265e-03	-1.915731e+00
3.800000e-05	-2.190200e-03	-1.799972e+00
3.801000e-05	-3.489052e-03	-1.704659e+00
3.802000e-05	-9.494248e-04	-1.610024e+00
3.803000e-05	-2.506317e-03	-1.525755e+00
3.804000e-05	-2.842541e-03	-1.326414e+00
3.805000e-05	-3.907126e-03	-1.219371e+00
3.806000e-05	-2.082103e-03	-1.063654e+00
3.807000e-05	-3.863359e-03	-9.784197e-01
3.808000e-05	-3.313673e-03	-8.121515e-01
3.809000e-05	-4.272188e-03	-7.874211e-01
3.810000e-05	-3.368942e-03	-6.320550e-01
3.811000e-05	-2.871834e-03	-4.717105e-01
3.812000e-05	-3.078341e-03	-3.978736e-01
3.813000e-05	-3.580836e-03	-2.836590e-01
3.814000e-05	-3.802410e-03	-1.664436e-01
3.815000e-05	-1.478819e-03	-4.218158e-02
3.816000e-05	-6.024574e-04	1.013001e-02
3.817000e-05	-8.195531e-04	9.889848e-02
3.818000e-05	-2.815100e-03	2.656893e-01
3.819000e-05	-3.575586e-04	3.989750e-01
3.820000e-05	-2.030256e-03	4.336628e-01
3.821000e-05	-2.346539e-03	5.684223e-01
3.822000e-05	-3.357638e-03	6.537117e-01
3.823000e-05	2.558322e-03	7.688949e-01
3.824000e-05	1.946898e-02	8.527078e-01
3.825000e-05	4.994654e-02	1.051079e+00
3.826000e-05	-1.785807e-02	1.191080e+00
3.827000e-05	-5.718538e-02	1.366326e+00
3.828000e-05	-1.022360e-01	1.430054e+00
3.829000e-05	1.030929e-01	1.488846e+00
3.830000e-05	5.126850e-02	1.695315e+00
3.831000e-05	-8.778845e-02	1.788946e+00
3.832000e-05	-3.332515e-02	1.822026e+00
3.833000e-05	1.340405e-01	1.958448e+00
3.834000e-05	-1.522038e-01	2.093633e+00
3.835000e-05	-1.324522e-02	2.126316e+00
3.836000e-05	1.466943e-01	2.230584e+00
3.837000e-05	-9.955050e-02	2.388397e+00
3.838000e-05	-5.897490e-02	2.420555e+00
3.839000e-05	1.364585e-01	2.547846e+00
3.840000e-05	-6.393663e-02	2.694742e+00
3.841000e-05	-7.072395e-02	2.801000e+00
3.842000e-05	1.002727e-01	2.865214e+00
3.843000e-05	-5.558367e-02	3.030548e+00
3.844000e-05	-1.439089e-02	3.065214e+00
3.845000e-05	3.857498e-02	3.179499e+00
3.846000e-05	-2.713282e-02	3.223608e+00
3.847000e-05	6.635705e-03	3.371520e+00
3.848000e-05	2.887003e-02	3.526365e+00
3.849000e-05	-7.834114e-02	3.600476e+00
3.850000e-05	3.104573e-02	3.634613e+00
3.851000e-05	5.064198e-02	3.799421e+00
3.852000e-05	-6.951395e-02	3.884633e+00
3.853000e-05	7.529768e-03	3.988471e+00
3.854000e-05	1.129634e-02	4.000554e+00
3.855000e-05	-3.267230e-03	4.054108e+00
3.856000e-05	-2.579697e-02	4.251099e+00
3.857000e-05	9.701606e-03	4.335841e+00
3.858000e-05	7.251338e-03	4.410476e+00
3.859000e-05	1.776516e-03	4.442631e+00
3.860000e-05	-2.541778e-02	4.537341e+00
3.861000e-05	-1.558176e-02	4.600524e+00
3.862000e-05	2.779275e-02	4.682186e+00
3.863000e-05	-1.071978e-02	4.768970e+00
3.864000e-05	-2.171768e-02	4.801600e+00
3.865000e-05	2.329089e-04	4.863712e+00
3.866000e-05	2.657485e-02	5.030000e+00
3.867000e-05	-3.106101e-02	5.105337e+00
3.868000e-05	-1.379197e-02	5.200479e+00
3.869000e-05	1.135505e-02	5.273154e+00
3.870000e-05	2.445028e-04	5.346316e+00
3.871000e-05	-1.633991e-02	5.358996e+00
3.872000e-05	-9.962056e-03	5.470578e+00
3.873000e-05	1.216986e-02	5.496861e+00
3.874000e-05	-1.239066e-02	5.568897e+00
3.875000e-05	-9.646733e-03	5.588897e+00
3.876000e-05	-3.537361e-03	5.610499e+00
3.877000e-05	3.821920e-03	5.653530e+00
3.878000e-05	-1.439463e-02	5.685308e+00
3.879000e-05	-7.204086e-03	5.767967e+00
3.880000e-05	1.158527e-03	5.835080e+00
3.881000e-05	-7.934844e-03	5.947163e+00
3.882000e-05	-9.518206e-03	5.967870e+00
3.883000e-05	-5.329071e-03	5.959499e+00
3.884000e-05	1.474155e-03	6.010526e+00
3.885000e-05	-1.047966e-02	6.021002e+00
3.886000e-05	-3.910550e-03	6.011055e+00
3.887000e-05	-5.958438e-03	6.042728e+00
3.888000e-05	-9.250904e-03	6.133136e+00
3.889000e-05	-7.170549e-03	6.104736e+00
3.890000e-05	-3.626273e-03	6.154291e+00
3.891000e-05	-4.182560e-03	6.126715e+00
3.892000e-05	-1.324293e-02	6.178867e+00
3.893000e-05	-7.286450e-03	6.167969e+00
3.894000e-05	-4.842937e-03	6.178946e+00
3.895000e-05	-7.278653e-03	6.167898e+00
3.896000e-05	-1.086260e-02	6.188999e+00
3.897000e-05	-7.503550e-03	6.188895e+00
3.898000e-05	-6.818494e-03	6.188371e+00
3.899000e-05	-1.047546e-02	6.218999e+00
3.900000e-05	-8.132874e-03	6.188921e+00
3.901000e-05	-1.004736e-02	6.190448e+00
3.902000e-05	-8.473028e-03	6.178995e+00
3.903000e-05	-1.188280e-02	6.179421e+00
3.904000e-05	-9.414473e-03	6.158392e+00
3.905000e-05	-1.106490e-02	6.177869e+00
3.906000e-05	-1.200058e-02	6.116895e+00
3.907000e-05	-1.215419e-02	6.114813e+00
3.908000e-05	-1.204770e-02	6.124209e+00
3.909000e-05	-1.125325e-02	6.061707e+00
3.910000e-05	-1.538868e-02	6.093102e+00
3.911000e-05	-1.367607e-02	6.060576e+00
3.912000e-05	-1.632450e-02	6.020025e+00
3.913000e-05	-1.355106e-02	5.999999e+00
3.914000e-05	-1.676226e-02	5.989492e+00
3.915000e-05	-1.625406e-02	5.968322e+00
3.916000e-05	-1.838546e-02	5.925339e+00
3.917000e-05	-1.787776e-02	5.832030e+00
3.918000e-05	-1.793704e-02	5.778412e+00
3.919000e-05	-1.999026e-02	5.676632e+00
3.920000e-05	-1.896463e-02	5.630578e+00
3.921000e-05	-2.086138e-02	5.610497e+00
3.922000e-05	-1.961808e-02	5.578997e+00
3.923000e-05	-2.008675e-02	5.508341e+00
3.924000e-05	-1.889185e-02	5.474207e+00
3.925000e-05	-2.054607e-02	5.441553e+00
3.926000e-05	-2.057211e-02	5.410522e+00
3.927000e-05	-1.821098e-02	5.335262e+00
3.928000e-05	-1.834953e-02	5.233255e+00
3.929000e-05	-1.597649e-02	5.181522e+00
3.930000e-05	-1.820683e-02	5.116779e+00
3.931000e-05	-1.374286e-02	5.039642e+00
3.932000e-05	-1.754577e-02	4.906283e+00
3.933000e-05	-1.313551e-02	4.852101e+00
3.934000e-05	-1.474138e-02	4.787971e+00
3.935000e-05	-1.151982e-02	4.715731e+00
3.936000e-05	-1.328150e-02	4.663551e+00
3.937000e-05	-1.066858e-02	4.587893e+00
3.938000e-05	-1.066629e-02	4.473784e+00
3.939000e-05	-1.075322e-02	4.462025e+00
3.940000e-05	-1.016367e-02	4.368470e+00
3.941000e-05	-8.431359e-03	4.324262e+00
3.942000e-05	-1.076955e-02	4.214895e+00
3.943000e-05	-9.419309e-03	4.041100e+00
3.944000e-05	-8.594716e-03	3.988499e+00
3.945000e-05	-5.258785e-03	3.944734e+00
3.946000e-05	-7.720187e-03	3.802522e+00
3.947000e-05	-8.516609e-03	3.735237e+00
3.948000e-05	-6.544318e-03	3.661077e+00
3.949000e-05	-7.317630e-03	3.566996e+00
3.950000e-05	-7.569694e-03	3.471680e+00
3.951000e-05	-6.250249e-03	3.294311e+00
3.952000e-05	-5.481963e-03	3.222101e+00
3.953000e-05	-5.536563e-03	3.166415e+00
3.954000e-05	-6.811490e-03	3.042178e+00
3.955000e-05	-5.197958e-03	2.987391e+00
3.956000e-05	-5.461969e-03	2.883678e+00
3.957000e-05	-5.574709e-03	2.789021e+00
3.958000e-05	-5.876144e-03	2.725309e+00
3.959000e-05	-5.282894e-03	2.586361e+00
3.960000e-05	-5.651895e-03	2.430551e+00
3.961000e-05	-4.938481e-03	2.345816e+00
3.962000e-05	-4.457168e-03	2.222051e+00
3.963000e-05	-4.665431e-03	2.127762e+00
3.964000e-05	-5.357079e-03	2.001629e+00
3.965000e-05	-4.752740e-03	1.956895e+00
3.966000e-05	-4.647283e-03	1.852474e+00
3.967000e-05	-5.230364e-03	1.685306e+00
3.968000e-05	-4.892612e-03	1.659497e+00
3.969000e-05	-4.387808e-03	1.484730e+00
3.970000e-05	-3.822296e-03	1.357916e+00
3.971000e-05	-4.345255e-03	1.272075e+00
3.972000e-05	-4.316588e-03	1.118342e+00
3.973000e-05	-4.207500e-03	9.694697e-01
3.974000e-05	-3.802018e-03	8.215763e-01
3.975000e-05	-4.870239e-03	7.458896e-01
3.976000e-05	-4.595038e-03	6.415011e-01
3.977000e-05	-3.991524e-03	5.258342e-01
3.978000e-05	-3.611211e-03	4.305513e-01
3.979000e-05	-3.515572e-03	3.453095e-01
3.980000e-05	-3.745260e-03	1.579160e-01
3.981000e-05	-3.453870e-03	5.162762e-02
3.982000e-05	-1.749275e-03	-1.368552e-02
3.983000e-05	9.356163e-04	-1.773747e-01
3.984000e-05	-1.101440e-03	-2.226117e-01
3.985000e-05	-1.685808e-03	-3.683697e-01
3.986000e-05	-2.290476e-03	-4.426065e-01
3.987000e-05	-1.856189e-03	-5.083732e-01
3.988000e-05	-2.584456e-03	-6.862146e-01
3.989000e-05	7.141572e-03	-7.699750e-01
3.990000e-05	4.643608e-02	-8.226342e-01
3.991000e-05	2.554153e-02	-1.021504e+00
3.992000e-05	-6.946721e-02	-1.231062e+00
3.993000e-05	-8.638814e-02	-1.381083e+00
3.994000e-05	3.814648e-02	-1.419498e+00
3.995000e-05	9.843609e-02	-1.412059e+00
3.996000e-05	-6.761877e-02	-1.600986e+00
3.997000e-05	-1.188572e-01	-1.768424e+00
3.998000e-05	1.746562e-01	-1.800001e+00
3.999000e-05	-1.350650e-01	-1.875164e+00
4.000000e-05	-1.204393e-01	-2.062104e+00
4.001000e-05	1.515937e-01	-2.075733e+00
4.002000e-05	2.251051e-02	-2.181583e+00
4.003000e-05	-1.728173e-01	-2.419975e+00
4.004000e-05	1.472976e-01	-2.453583e+00
4.005000e-05	-1.308232e-02	-2.579474e+00
4.006000e-05	-1.257976e-01	-2.725765e+00
4.007000e-05	9.312330e-02	-2.788449e+00
4.008000e-05	1.466094e-02	-2.804139e+00
4.009000e-05	-8.768843e-02	-2.980510e+00
4.010000e-05	1.022671e-01	-3.077116e+00
4.011000e-05	-6.439708e-02	-3.202133e+00
4.012000e-05	-1.577707e-02	-3.327746e+00
4.013000e-05	1.124909e-01	-3.370476e+00
4.014000e-05	-1.404286e-01	-3.476192e+00
4.015000e-05	2.324003e-02	-3.588976e+00
4.016000e-05	1.028928e-01	-3.621055e+00
4.017000e-05	-1.016261e-01	-3.780500e+00
4.018000e-05	8.152143e-03	-3.854209e+00
4.019000e-05	5.489115e-02	-3.979446e+00
4.020000e-05	-4.052518e-02	-4.032109e+00
4.021000e-05	1.589850e-03	-4.127264e+00
4.022000e-05	-2.159507e-02	-4.191475e+00
4.023000e-05	3.136295e-02	-4.245661e+00
4.024000e-05	3.880833e-02	-4.327820e+00
4.025000e-05	-7.701858e-02	-4.400976e+00
4.026000e-05	1.200798e-02	-4.483159e+00
4.027000e-05	3.737470e-02	-4.570875e+00
4.028000e-05	-1.144775e-02	-4.672957e+00
4.029000e-05	-1.778824e-02	-4.686792e+00
4.030000e-05	-1.061062e-02	-4.781001e+00
4.031000e-05	5.381779e-02	-4.872736e+00
4.032000e-05	-3.391780e-02	-4.987771e+00
4.033000e-05	-3.060783e-02	-5.020550e+00
4.034000e-05	3.871258e-02	-5.043135e+00
4.035000e-05	3.845774e-03	-5.147791e+00
4.036000e-05	-2.112012e-02	-5.190500e+00
4.037000e-05	-4.339187e-03	-5.233632e+00
4.038000e-05	1.505064e-02	-5.358374e+00
4.039000e-05	1.353547e-02	-5.484557e+00
4.040000e-05	-3.033538e-02	-5.569296e+00
4.041000e-05	4.702236e-03	-5.599473e+00
4.042000e-05	2.171048e-02	-5.599975e+00
4.043000e-05	-1.618356e-02	-5.652631e+00
4.044000e-05	2.618918e-03	-5.704682e+00
4.045000e-05	1.580681e-03	-5.767792e+00
4.046000e-05	7.803875e-03	-5.769395e+00
4.047000e-05	-8.921987e-03	-5.812049e+00
4.048000e-05	-4.453002e-03	-5.823555e+00
4.049000e-05	1.496756e-02	-5.884112e+00
4.050000e-05	-4.608507e-03	-5.916734e+00
4.051000e-05	8.525102e-04	-5.937318e+00
4.052000e-05	2.366809e-03	-5.979443e+00
4.053000e-05	4.978658e-05	-5.969399e+00
4.054000e-05	1.233754e-04	-5.999473e+00
4.055000e-05	2.641597e-03	-6.011000e+00
4.056000e-05	3.649858e-03	-6.021001e+00
4.057000e-05	-1.882835e-03	-6.011503e+00
4.058000e-05	6.613103e-04	-6.052578e+00
4.059000e-05	6.262241e-03	-6.060603e+00
4.060000e-05	1.606872e-03	-6.042684e+00
4.061000e-05	-7.243213e-04	-6.041105e+00
4.062000e-05	4.795722e-03	-6.043711e+00
4.063000e-05	4.626959e-03	-6.104759e+00
4.064000e-05	2.334633e-03	-6.083185e+00
4.065000e-05	1.763166e-03	-6.112787e+00
4.066000e-05	5.182078e-03	-6.097289e+00
4.067000e-05	4.186187e-03	-6.044184e+00
4.068000e-05	2.732637e-03	-6.113088e+00
4.069000e-05	6.348977e-03	-6.064687e+00
4.070000e-05	5.701100e-03	-6.042081e+00
4.071000e-05	5.867821e-03	-6.023058e+00
4.072000e-05	4.269130e-03	-6.033003e+00
4.073000e-05	7.200739e-03	-6.021532e+00
4.074000e-05	7.466378e-03	-5.990579e+00
4.075000e-05	6.638658e-03	-6.001024e+00
4.076000e-05	7.596496e-03	-5.979947e+00
4.077000e-05	7.589475e-03	-5.988395e+00
4.078000e-05	1.016388e-02	-5.957370e+00
4.079000e-05	9.569775e-03	-5.905786e+00
4.080000e-05	1.044837e-02	-5.896687e+00
4.081000e-05	1.020640e-02	-5.833055e+00
4.082000e-05	1.313449e-02	-5.807949e+00
4.083000e-05	1.231509e-02	-5.768871e+00
4.084000e-05	1.157958e-02	-5.716787e+00
4.085000e-05	1.244316e-02	-5.692155e+00
4.086000e-05	1.426859e-02	-5.622078e+00
4.087000e-05	1.316836e-02	-5.610499e+00
4.088000e-05	1.236113e-02	-5.559421e+00
4.089000e-05	1.527029e-02	-5.536266e+00
4.090000e-05	1.419125e-02	-5.482150e+00
4.091000e-05	1.437103e-02	-5.361320e+00
4.092000e-05	1.289820e-02	-5.292132e+00
4.093000e-05	1.247228e-02	-5.211477e+00
4.094000e-05	1.038921e-02	-5.166942e+00
4.095000e-05	1.156789e-02	-5.075232e+00
4.096000e-05	1.164716e-02	-5.031528e+00
4.097000e-05	8.826244e-03	-4.948316e+00
4.098000e-05	8.020408e-03	-4.911782e+00
4.099000e-05	8.741141e-03	-4.729794e+00
4.100000e-05	8.669406e-03	-4.665208e+00
4.101000e-05	6.202796e-03	-4.602099e+00
4.102000e-05	6.765921e-03	-4.579391e+00
4.103000e-05	6.240202e-03	-4.483730e+00
4.104000e-05	3.829637e-03	-4.410026e+00
4.105000e-05	3.091838e-03	-4.378422e+00
4.106000e-05	4.345141e-03	-4.283736e+00
4.107000e-05	3.923646e-03	-4.212100e+00
4.108000e-05	1.609176e-03	-4.165811e+00
4.109000e-05	2.225521e-03	-4.072130e+00
4.110000e-05	3.572206e-03	-4.000025e+00
4.111000e-05	2.522781e-03	-3.915286e+00
4.112000e-05	7.760690e-04	-3.779470e+00
4.113000e-05	1.728961e-03	-3.651654e+00
4.114000e-05	1.468594e-03	-3.601446e+00
4.115000e-05	-2.287708e-03	-3.474284e+00
4.116000e-05	-3.801954e-04	-3.411477e+00
4.117000e-05	6.137448e-04	-3.295336e+00
4.118000e-05	5.389893e-04	-3.211025e+00
4.119000e-05	-2.606921e-03	-3.177866e+00
4.120000e-05	5.599741e-04	-3.021100e+00
4.121000e-05	-1.711450e-03	-2.883629e+00
4.122000e-05	-9.178459e-04	-2.789899e+00
4.123000e-05	-3.125275e-03	-2.735738e+00
4.124000e-05	-5.915171e-05	-2.589499e+00
4.125000e-05	-2.172776e-03	-2.506209e+00
4.126000e-05	-6.928692e-04	-2.430600e+00
4.127000e-05	-1.980672e-03	-2.357867e+00
4.128000e-05	-2.047329e-03	-2.250076e+00
4.129000e-05	-2.438018e-03	-2.073178e+00
4.130000e-05	-2.839702e-03	-1.979416e+00
4.131000e-05	-2.860092e-03	-1.843182e+00
4.132000e-05	-2.226138e-03	-1.776872e+00
4.133000e-05	-1.470511e-03	-1.642154e+00
4.134000e-05	-2.034489e-03	-1.567395e+00
4.135000e-05	-3.021570e-03	-1.483099e+00
4.136000e-05	-3.676341e-03	-1.285655e+00
4.137000e-05	-1.858028e-03	-1.166917e+00
4.138000e-05	-2.551941e-03	-1.051548e+00
4.139000e-05	-2.779424e-03	-9.458644e-01
4.140000e-05	-4.322963e-03	-8.520276e-01
4.141000e-05	-3.067873e-03	-7.762884e-01
4.142000e-05	-4.035920e-03	-6.204437e-01
4.143000e-05	-3.434666e-03	-4.215540e-01
4.144000e-05	-2.748120e-03	-3.898909e-01
4.145000e-05	-3.413474e-03	-2.520763e-01
4.146000e-05	-3.187344e-03	-1.563709e-01
4.147000e-05	-2.270285e-03	-5.110151e-02
4.148000e-05	-8.866693e-04	2.268407e-02
4.149000e-05	1.523268e-03	1.583449e-01
4.150000e-05	-2.969316e-03	3.468408e-01
4.151000e-05	-1.561445e-03	3.990763e-01
4.152000e-05	-3.943617e-03	4.957107e-01
4.153000e-05	-1.542538e-03	5.909788e-01
4.154000e-05	-1.585925e-03	7.047659e-01
4.155000e-05	6.235706e-03	7.884750e-01
4.156000e-05	2.715945e-02	9.162381e-01
4.157000e-05	4.267652e-02	1.096713e+00
4.158000e-05	-3.870522e-02	1.282660e+00
4.159000e-05	-6.703985e-02	1.370451e+00
4.160000e-05	-7.958607e-02	1.432054e+00
4.161000e-05	1.438580e-01	1.567973e+00
4.162000e-05	7.258746e-04	1.755842e+00
4.163000e-05	-1.168714e-01	1.798469e+00
4.164000e-05	5.206238e-02	1.852084e+00
4.165000e-05	5.573996e-02	2.001528e+00
4.166000e-05	-1.406104e-01	2.115784e+00
4.167000e-05	3.844749e-02	2.136838e+00
4.168000e-05	1.248106e-01	2.253692e+00
4.169000e-05	-1.514137e-01	2.379951e+00
4.170000e-05	2.497901e-02	2.441703e+00
4.171000e-05	9.954904e-02	2.628981e+00
4.172000e-05	-1.028434e-01	2.767871e+00
4.173000e-05	-1.807773e-02	2.811030e+00
4.174000e-05	8.490039e-02	2.937318e+00
4.175000e-05	-7.559112e-02	3.021105e+00
4.176000e-05	1.451913e-02	3.167767e+00
4.177000e-05	2.493010e-02	3.209500e+00
4.178000e-05	-3.816567e-02	3.274282e+00
4.179000e-05	4.124503e-02	3.391530e+00
4.180000e-05	-2.033014e-02	3.577841e+00
4.181000e-05	-5.176081e-02	3.611527e+00
4.182000e-05	4.575626e-02	3.696189e+00
4.183000e-05	2.811067e-02	3.798950e+00
4.184000e-05	-7.146403e-02	3.886239e+00
4.185000e-05	2.716137e-02	3.977921e+00
4.186000e-05	6.640931e-03	4.011553e+00
4.187000e-05	-1.558879e-02	4.114763e+00
4.188000e-05	-1.299418e-02	4.223609e+00
4.189000e-05	2.309693e-03	4.378472e+00
4.190000e-05	1.889925e-02	4.421054e+00
4.191000e-05	-1.450076e-02	4.455209e+00
4.192000e-05	-1.971720e-02	4.547796e+00
4.193000e-05	-9.702871e-03	4.633530e+00
4.194000e-05	3.008475e-02	4.726289e+00
4.195000e-05	-2.354393e-02	4.780446e+00
4.196000e-05	-1.743501e-02	4.801080e+00
4.197000e-05	1.287338e-02	4.876764e+00
4.198000e-05	1.048942e-02	5.074630e+00
4.199000e-05	-2.851858e-02	5.146917e+00
4.200000e-05	-9.481230e-03	5.181949e+00
4.201000e-05	1.673250e-02	5.253733e+00
4.202000e-05	-1.128872e-02	5.327941e+00
4.203000e-05	-1.101378e-02	5.399474e+00
4.204000e-05	-6.821074e-03	5.443183e+00
4.205000e-05	1.057993e-02	5.516791e+00
4.206000e-05	-1.552038e-02	5.568445e+00
4.207000e-05	-7.836160e-03	5.589475e+00
4.208000e-05	2.360908e-03	5.610055e+00
4.209000e-05	-3.536245e-03	5.694160e+00
4.210000e-05	-1.071891e-02	5.755316e+00
4.211000e-05	-4.400207e-03	5.728621e+00
4.212000e-05	2.753558e-03	5.883258e+00
4.213000e-05	-1.275843e-02	5.935838e+00
4.214000e-05	-6.626024e-03	5.967396e+00
4.215000e-05	-2.717961e-03	5.990001e+00
4.216000e-05	-1.586767e-03	6.019999e+00
4.217000e-05	-1.054732e-02	6.020601e+00
4.218000e-05	-4.887837e-03	6.042101e+00
4.219000e-05	-4.587801e-03	6.092584e+00
4.220000e-05	-1.057649e-02	6.075337e+00
4.221000e-05	-4.301534e-03	6.085262e+00
4.222000e-05	-5.112620e-03	6.124839e+00
4.223000e-05	-5.527249e-03	6.136413e+00
4.224000e-05	-1.249300e-02	6.157916e+00
4.225000e-05	-5.886982e-03	6.179947e+00
4.226000e-05	-4.563114e-03	6.148419e+00
4.227000e-05	-1.027564e-02	6.179399e+00
4.228000e-05	-8.365176e-03	6.199498e+00
4.229000e-05	-7.620569e-03	6.209522e+00
4.230000e-05	-7.125350e-03	6.190399e+00
4.231000e-05	-1.177578e-02	6.188946e+00
4.232000e-05	-7.337975e-03	6.209946e+00
4.233000e-05	-9.986228e-03	6.208922e+00
4.234000e-05	-9.140970e-03	6.200019e+00
4.235000e-05	-1.105746e-02	6.179847e+00
4.236000e-05	-9.712334e-03	6.187896e+00
4.237000e-05	-1.062851e-02	6.126847e+00
4.238000e-05	-1.254141e-02	6.146817e+00
4.239000e-05	-1.204970e-02	6.107238e+00
4.240000e-05	-1.304652e-02	6.093355e+00
4.241000e-05	-1.091396e-02	6.082605e+00
4.242000e-05	-1.352812e-02	6.042104e+00
4.243000e-05	-1.422337e-02	6.050600e+00
4.244000e-05	-1.663441e-02	6.001025e+00
4.245000e-05	-1.339343e-02	6.019499e+00
4.246000e-05	-1.555508e-02	5.969470e+00
4.247000e-05	-1.837900e-02	5.937294e+00
4.248000e-05	-1.823650e-02	5.904254e+00
4.249000e-05	-1.681194e-02	5.853023e+00
4.250000e-05	-1.766368e-02	5.765361e+00
4.251000e-05	-2.127973e-02	5.664105e+00
4.252000e-05	-1.906515e-02	5.641078e+00
4.253000e-05	-2.018863e-02	5.610000e+00
4.254000e-05	-2.066403e-02	5.568418e+00
4.255000e-05	-2.177889e-02	5.516259e+00
4.256000e-05	-2.059936e-02	5.483678e+00
4.257000e-05	-1.858246e-02	5.419074e+00
4.258000e-05	-2.045569e-02	5.398945e+00
4.259000e-05	-1.804084e-02	5.324713e+00
4.260000e-05	-1.922822e-02	5.283699e+00
4.261000e-05	-1.427533e-02	5.159970e+00
4.262000e-05	-1.740851e-02	5.092658e+00
4.263000e-05	-1.391395e-02	5.008941e+00
4.264000e-05	-1.726293e-02	4.865130e+00
4.265000e-05	-1.239021e-02	4.810074e+00
4.266000e-05	-1.386580e-02	4.777991e+00
4.267000e-05	-1.286680e-02	4.694308e+00
4.268000e-05	-1.258999e-02	4.600577e+00
4.269000e-05	-9.490468e-03	4.556413e+00
4.270000e-05	-1.054144e-02	4.462129e+00
4.271000e-05	-1.066263e-02	4.420049e+00
4.272000e-05	-1.047945e-02	4.368995e+00
4.273000e-05	-7.541577e-03	4.271683e+00
4.274000e-05	-1.002328e-02	4.095808e+00
4.275000e-05	-9.347964e-03	4.022074e+00
4.276000e-05	-7.888448e-03	3.977441e+00
4.277000e-05	-6.198095e-03	3.873229e+00
4.278000e-05	-7.633274e-03	3.788474e+00
4.279000e-05	-7.516649e-03	3.675784e+00
4.280000e-05	-6.380217e-03	3.640650e+00
4.281000e-05	-5.735842e-03	3.567890e+00
4.282000e-05	-7.104558e-03	3.512600e+00
4.283000e-05	-6.711688e-03	3.305233e+00
4.284000e-05	-5.295563e-03	3.230525e+00
4.285000e-05	-6.026116e-03	3.174393e+00
4.286000e-05	-5.734920e-03	3.032124e+00
4.287000e-05	-5.593174e-03	2.935943e+00
4.288000e-05	-5.794248e-03	2.871601e+00
4.289000e-05	-5.880524e-03	2.787966e+00
4.290000e-05	-4.744354e-03	2.634148e+00
4.291000e-05	-4.913669e-03	2.493832e+00
4.292000e-05	-5.483147e-03	2.430499e+00
4.293000e-05	-5.262360e-03	2.293236e+00
4.294000e-05	-4.527894e-03	2.239472e+00
4.295000e-05	-5.048615e-03	2.113287e+00
4.296000e-05	-4.967905e-03	2.039025e+00
4.297000e-05	-3.952516e-03	1.956312e+00
4.298000e-05	-5.028331e-03	1.779045e+00
4.299000e-05	-4.618892e-03	1.694285e+00
4.300000e-05	-5.017290e-03	1.585848e+00
4.301000e-05	-3.432056e-03	1.440151e+00
4.302000e-05	-4.915563e-03	1.347289e+00
4.303000e-05	-5.236291e-03	1.221600e+00
4.304000e-05	-4.006846e-03	1.114233e+00
4.305000e-05	-3.647183e-03	9.163420e-01
4.306000e-05	-4.161353e-03	8.009748e-01
4.307000e-05	-4.816230e-03	7.147831e-01
4.308000e-05	-4.211835e-03	5.884961e-01
4.309000e-05	-3.985850e-03	4.742080e-01
4.310000e-05	-3.759239e-03	3.899962e-01
4.311000e-05	-4.205493e-03	3.352617e-01
4.312000e-05	-3.750344e-03	1.563621e-01
4.313000e-05	-2.529668e-03	1.002625e-02
4.314000e-05	-4.163093e-04	-5.368685e-02
4.315000e-05	5.558165e-04	-1.699499e-01
4.316000e-05	-1.443259e-03	-2.656416e-01
4.317000e-05	-1.483657e-03	-3.583724e-01
4.318000e-05	-2.310002e-03	-4.431306e-01
4.319000e-05	-1.226951e-03	-5.708473e-01
4.320000e-05	-9.383565e-04	-7.178208e-01
4.321000e-05	1.284325e-02	-8.010001e-01
4.322000e-05	5.845824e-02	-9.052384e-01
4.323000e-05	-1.066147e-02	-1.064611e+00
4.324000e-05	-6.363481e-02	-1.274191e+00
4.325000e-05	-1.068027e-01	-1.420710e+00
4.326000e-05	1.171483e-01	-1.450475e+00
4.327000e-05	3.363315e-02	-1.444587e+00
4.328000e-05	-9.598178e-02	-1.674595e+00
4.329000e-05	-3.490162e-02	-1.798470e+00
4.330000e-05	1.404739e-01	-1.809973e+00
4.331000e-05	-1.852231e-01	-1.937322e+00
4.332000e-05	-5.453734e-02	-2.082106e+00
4.333000e-05	1.823638e-01	-2.166363e+00
4.334000e-05	-6.791943e-02	-2.225162e+00
4.335000e-05	-1.133797e-01	-2.419983e+00
4.336000e-05	1.748060e-01	-2.453709e+00
4.337000e-05	-9.147592e-02	-2.602479e+00
4.338000e-05	-8.172756e-02	-2.748370e+00
4.339000e-05	1.287854e-01	-2.780999e+00
4.340000e-05	-5.918244e-02	-2.865788e+00
4.341000e-05	-2.213666e-02	-3.081559e+00
4.342000e-05	7.514253e-02	-3.147843e+00
4.343000e-05	-8.035785e-02	-3.275087e+00
4.344000e-05	3.550601e-02	-3.337322e+00
4.345000e-05	7.016249e-02	-3.390504e+00
4.346000e-05	-1.514499e-01	-3.507342e+00
4.347000e-05	8.854381e-02	-3.589399e+00
4.348000e-05	5.158483e-02	-3.641632e+00
4.349000e-05	-1.078518e-01	-3.799909e+00
4.350000e-05	5.546171e-02	-3.976715e+00
4.351000e-05	1.623972e-02	-4.012525e+00
4.352000e-05	-3.186811e-02	-4.082709e+00
4.353000e-05	1.908895e-03	-4.117744e+00
4.354000e-05	-2.363618e-02	-4.231530e+00
4.355000e-05	5.608967e-02	-4.315260e+00
4.356000e-05	1.282453e-03	-4.388398e+00
4.357000e-05	-6.834476e-02	-4.410528e+00
4.358000e-05	2.890370e-02	-4.477263e+00
4.359000e-05	2.592698e-02	-4.619602e+00
4.360000e-05	-1.564664e-02	-4.674634e+00
4.361000e-05	-1.782788e-02	-4.686289e+00
4.362000e-05	3.920396e-03	-4.770978e+00
4.363000e-05	4.849856e-02	-4.904659e+00
4.364000e-05	-5.251742e-02	-4.967950e+00
4.365000e-05	-8.806129e-03	-5.022479e+00
4.366000e-05	4.030040e-02	-5.085734e+00
4.367000e-05	-1.172290e-02	-5.148894e+00
4.368000e-05	-1.337767e-02	-5.211028e+00
4.369000e-05	-6.033031e-03	-5.244136e+00
4.370000e-05	2.615526e-02	-5.369421e+00
4.371000e-05	-1.604137e-03	-5.493188e+00
4.372000e-05	-2.754868e-02	-5.548421e+00
4.373000e-05	1.695666e-02	-5.588975e+00
4.374000e-05	1.150863e-02	-5.611529e+00
4.375000e-05	-1.444463e-02	-5.653607e+00
4.376000e-05	2.530022e-03	-5.715213e+00
4.377000e-05	4.401155e-03	-5.778872e+00
4.378000e-05	4.475807e-03	-5.819004e+00
4.379000e-05	-9.686071e-03	-5.821053e+00
4.380000e-05	1.658346e-03	-5.863059e+00
4.381000e-05	1.307207e-02	-5.884716e+00
4.382000e-05	-7.388943e-03	-5.948313e+00
4.383000e-05	3.267953e-03	-5.977367e+00
4.384000e-05	1.472351e-03	-5.968921e+00
4.385000e-05	-1.084010e-03	-5.969520e+00
4.386000e-05	2.977934e-03	-6.009948e+00
4.387000e-05	2.018626e-03	-6.010475e+00
4.388000e-05	4.469100e-03	-6.002551e+00
4.389000e-05	-3.547145e-03	-6.060580e+00
4.390000e-05	2.719008e-03	-6.020632e+00
4.391000e-05	5.499869e-03	-6.052157e+00
4.392000e-05	-5.334872e-05	-6.033579e+00
4.393000e-05	8.323106e-04	-6.064209e+00
4.394000e-05	4.113809e-03	-6.034662e+00
4.395000e-05	4.319573e-03	-6.094212e+00
4.396000e-05	4.145799e-04	-6.056106e+00
4.397000e-05	3.790210e-03	-6.043687e+00
4.398000e-05	5.025392e-03	-6.114159e+00
4.399000e-05	4.137769e-03	-6.115187e+00
4.400000e-05	2.702149e-03	-6.053157e+00
4.401000e-05	6.666839e-03	-6.103132e+00
4.402000e-05	5.689372e-03	-6.041208e+00
4.403000e-05	5.143882e-03	-6.032604e+00
4.404000e-05	3.978491e-03	-6.000556e+00
4.405000e-05	6.156744e-03	-6.022051e+00
4.406000e-05	8.483934e-03	-6.010551e+00
4.407000e-05	7.537967e-03	-5.999975e+00
4.408000e-05	8.854660e-03	-5.969447e+00
4.409000e-05	7.536541e-03	-5.958820e+00
4.410000e-05	1.070082e-02	-5.947347e+00
4.411000e-05	9.649467e-03	-5.904760e+00
4.412000e-05	9.242092e-03	-5.903681e+00
4.413000e-05	1.106852e-02	-5.852076e+00
4.414000e-05	1.346818e-02	-5.790925e+00
4.415000e-05	1.189626e-02	-5.787842e+00
4.416000e-05	1.177931e-02	-5.705262e+00
4.417000e-05	1.334681e-02	-5.691605e+00
4.418000e-05	1.486387e-02	-5.651603e+00
4.419000e-05	1.367388e-02	-5.611024e+00
4.420000e-05	1.370074e-02	-5.548895e+00
4.421000e-05	1.501905e-02	-5.518338e+00
4.422000e-05	1.260336e-02	-5.401975e+00
4.423000e-05	1.265831e-02	-5.337291e+00
4.424000e-05	1.403894e-02	-5.233629e+00
4.425000e-05	1.238738e-02	-5.211475e+00
4.426000e-05	1.126909e-02	-5.136764e+00
4.427000e-05	1.026823e-02	-5.073131e+00
4.428000e-05	1.153038e-02	-5.041054e+00
4.429000e-05	8.873314e-03	-4.917810e+00
4.430000e-05	8.163322e-03	-4.863106e+00
4.431000e-05	8.461652e-03	-4.735288e+00
4.432000e-05	7.656779e-03	-4.652134e+00
4.433000e-05	5.802496e-03	-4.623076e+00
4.434000e-05	6.271102e-03	-4.535337e+00
4.435000e-05	6.053735e-03	-4.482079e+00
4.436000e-05	4.022301e-03	-4.410451e+00
4.437000e-05	3.598052e-03	-4.366393e+00
4.438000e-05	4.058152e-03	-4.294629e+00
4.439000e-05	3.777155e-03	-4.181001e+00
4.440000e-05	2.133532e-03	-4.134766e+00
4.441000e-05	2.652371e-03	-4.033626e+00
4.442000e-05	2.347014e-03	-3.989475e+00
4.443000e-05	1.246525e-03	-3.911154e+00
4.444000e-05	9.776824e-04	-3.739363e+00
4.445000e-05	2.135761e-03	-3.621556e+00
4.446000e-05	1.268044e-03	-3.587368e+00
4.447000e-05	-1.790335e-03	-3.513609e+00
4.448000e-05	1.002806e-04	-3.350971e+00
4.449000e-05	5.865095e-04	-3.304209e+00
4.450000e-05	-7.231353e-04	-3.221074e+00
4.451000e-05	-2.025358e-03	-3.135786e+00
4.452000e-05	5.358819e-04	-3.041472e+00
4.453000e-05	-1.816206e-03	-2.851608e+00
4.454000e-05	-3.021091e-04	-2.800021e+00
4.455000e-05	-3.133698e-03	-2.692179e+00
4.456000e-05	6.536294e-04	-2.587973e+00
4.457000e-05	-2.298250e-03	-2.465206e+00
4.458000e-05	-1.376077e-03	-2.409450e+00
4.459000e-05	-1.883381e-03	-2.335263e+00
4.460000e-05	-2.744782e-03	-2.198995e+00
4.461000e-05	-1.768398e-03	-2.031576e+00
4.462000e-05	-3.376620e-03	-1.978442e+00
4.463000e-05	-2.116775e-03	-1.842531e+00
4.464000e-05	-2.533255e-03	-1.776266e+00
4.465000e-05	-8.543011e-04	-1.622102e+00
4.466000e-05	-3.332078e-03	-1.590893e+00
4.467000e-05	-1.926167e-03	-1.449421e+00
4.468000e-05	-3.455689e-03	-1.252654e+00
4.469000e-05	-2.324753e-03	-1.157290e+00
4.470000e-05	-3.583948e-03	-1.010074e+00
4.471000e-05	-3.527504e-03	-9.157595e-01
4.472000e-05	-4.223234e-03	-8.100501e-01
4.473000e-05	-2.183064e-03	-6.968644e-01
4.474000e-05	-3.394459e-03	-5.567944e-01
4.475000e-05	-2.852151e-03	-4.106013e-01
4.476000e-05	-3.382690e-03	-3.667934e-01
4.477000e-05	-3.684515e-03	-2.205039e-01
4.478000e-05	-3.362474e-03	-1.348619e-01
4.479000e-05	-2.109758e-03	-4.107513e-02
4.480000e-05	-2.003944e-04	5.410646e-02
4.481000e-05	1.040405e-04	2.521029e-01
4.482000e-05	-1.695969e-03	3.689497e-01
4.483000e-05	-5.347350e-04	4.110015e-01
4.484000e-05	-3.402857e-03	5.163170e-01
4.485000e-05	-3.252591e-03	6.325540e-01
4.486000e-05	-1.795521e-03	7.263159e-01
4.487000e-05	9.674973e-03	8.010275e-01
4.488000e-05	3.831758e-02	8.869186e-01
4.489000e-05	2.740974e-02	1.177447e+00
4.490000e-05	-5.193963e-02	1.295264e+00
4.491000e-05	-8.371293e-02	1.400002e+00
4.492000e-05	-2.875362e-02	1.443110e+00
4.493000e-05	1.425654e-01	1.643129e+00
4.494000e-05	-3.546910e-02	1.777767e+00
4.495000e-05	-1.286033e-01	1.760402e+00
4.496000e-05	1.296545e-01	1.855663e+00
4.497000e-05	-4.581184e-02	2.011582e+00
4.498000e-05	-1.031295e-01	2.125257e+00
4.499000e-05	8.852240e-02	2.188947e+00
4.500000e-05	6.321051e-02	2.316768e+00
4.501000e-05	-1.574312e-01	2.400976e+00
4.502000e-05	9.544384e-02	2.454661e+00
4.503000e-05	4.646213e-02	2.602605e+00
4.504000e-05	-1.158228e-01	2.768548e+00
4.505000e-05	3.829359e-02	2.813108e+00
4.506000e-05	4.176127e-02	2.946845e+00
4.507000e-05	-7.196016e-02	3.033583e+00
4.508000e-05	3.458842e-02	3.167868e+00
4.509000e-05	6.900191e-03	3.210003e+00
4.510000e-05	-3.798862e-02	3.276764e+00
4.511000e-05	5.916648e-02	3.432159e+00
4.512000e-05	-6.341424e-02	3.587496e+00
4.513000e-05	-1.757742e-02	3.613076e+00
4.514000e-05	5.579300e-02	3.687391e+00
4.515000e-05	-5.033670e-03	3.830080e+00
4.516000e-05	-5.297511e-02	3.955742e+00
4.517000e-05	3.003738e-02	3.990976e+00
4.518000e-05	2.613116e-03	4.030980e+00
4.519000e-05	-2.704685e-02	4.127343e+00
4.520000e-05	1.970006e-03	4.243163e+00
4.521000e-05	-1.370394e-03	4.388924e+00
4.522000e-05	2.355241e-02	4.411555e+00
4.523000e-05	-2.420345e-02	4.486238e+00
4.524000e-05	-1.428907e-02	4.608501e+00
4.525000e-05	2.587285e-03	4.652183e+00
4.526000e-05	2.019420e-02	4.715818e+00
4.527000e-05	-2.835074e-02	4.778923e+00
4.528000e-05	-1.528078e-02	4.852660e+00
4.529000e-05	2.531813e-02	4.925773e+00
4.530000e-05	-7.822011e-03	5.093684e+00
4.531000e-05	-2.199998e-02	5.178945e+00
4.532000e-05	-3.586760e-03	5.191026e+00
4.533000e-05	1.769718e-02	5.305233e+00
4.534000e-05	-1.701007e-02	5.368315e+00
4.535000e-05	-1.104193e-02	5.398502e+00
4.536000e-05	-1.149260e-03	5.474164e+00
4.537000e-05	4.776621e-03	5.555841e+00
4.538000e-05	-1.540458e-02	5.548941e+00
4.539000e-05	-8.076776e-03	5.629501e+00
4.540000e-05	6.033236e-03	5.642581e+00
4.541000e-05	-7.762715e-03	5.663682e+00
4.542000e-05	-7.309324e-03	5.745771e+00
4.543000e-05	-4.665851e-03	5.802000e+00
4.544000e-05	1.263894e-03	5.926739e+00
4.545000e-05	-1.382781e-02	5.938364e+00
4.546000e-05	-6.921582e-03	5.988468e+00
4.547000e-05	-1.901511e-03	6.000474e+00
4.548000e-05	-5.471521e-03	6.010051e+00
4.549000e-05	-5.706761e-03	6.020504e+00
4.550000e-05	-5.519952e-03	6.032108e+00
4.551000e-05	-4.186427e-03	6.083607e+00
4.552000e-05	-1.037207e-02	6.083230e+00
4.553000e-05	-2.194184e-03	6.085660e+00
4.554000e-05	-6.107490e-03	6.136313e+00
4.555000e-05	-1.041562e-02	6.169417e+00
4.556000e-05	-1.084316e-02	6.156896e+00
4.557000e-05	-4.931814e-03	6.169919e+00
4.558000e-05	-4.793352e-03	6.178919e+00
4.559000e-05	-1.260624e-02	6.179374e+00
4.560000e-05	-7.184039e-03	6.199971e+00
4.561000e-05	-8.443666e-03	6.188974e+00
4.562000e-05	-7.067394e-03	6.229998e+00
4.563000e-05	-1.174090e-02	6.189021e+00
4.564000e-05	-7.890634e-03	6.189946e+00
4.565000e-05	-9.738186e-03	6.190448e+00
4.566000e-05	-1.148189e-02	6.169474e+00
4.567000e-05	-1.099091e-02	6.158920e+00
4.568000e-05	-9.935252e-03	6.148940e+00
4.569000e-05	-9.701341e-03	6.147921e+00
4.570000e-05	-1.411440e-02	6.167260e+00
4.571000e-05	-1.055106e-02	6.125237e+00
4.572000e-05	-1.285979e-02	6.073308e+00
4.573000e-05	-1.083566e-02	6.111605e+00
4.574000e-05	-1.485025e-02	6.041556e+00
4.575000e-05	-1.567247e-02	6.021551e+00
4.576000e-05	-1.569767e-02	6.009999e+00
4.577000e-05	-1.496574e-02	5.980024e+00
4.578000e-05	-1.583842e-02	5.988396e+00
4.579000e-05	-1.879300e-02	5.906344e+00
4.580000e-05	-1.741152e-02	5.913755e+00
4.581000e-05	-1.867149e-02	5.819966e+00
4.582000e-05	-1.852770e-02	5.795762e+00
4.583000e-05	-2.042764e-02	5.662153e+00
4.584000e-05	-1.988840e-02	5.620549e+00
4.585000e-05	-2.001498e-02	5.610024e+00
4.586000e-05	-2.246138e-02	5.568316e+00
4.587000e-05	-1.988885e-02	5.495291e+00
4.588000e-05	-2.139528e-02	5.461604e+00
4.589000e-05	-1.769339e-02	5.420026e+00
4.590000e-05	-2.054020e-02	5.357343e+00
4.591000e-05	-1.715918e-02	5.327232e+00
4.592000e-05	-1.961246e-02	5.212998e+00
4.593000e-05	-1.724840e-02	5.187444e+00
4.594000e-05	-1.611212e-02	5.111702e+00
4.595000e-05	-1.540445e-02	4.985316e+00
4.596000e-05	-1.581586e-02	4.872654e+00
4.597000e-05	-1.383051e-02	4.798950e+00
4.598000e-05	-1.207874e-02	4.738891e+00
4.599000e-05	-1.275638e-02	4.674230e+00
4.600000e-05	-1.219993e-02	4.620522e+00
4.601000e-05	-1.105042e-02	4.546338e+00
4.602000e-05	-1.025192e-02	4.451601e+00
4.603000e-05	-1.080596e-02	4.420972e+00
4.604000e-05	-8.186935e-03	4.356395e+00
4.605000e-05	-8.072444e-03	4.261099e+00
4.606000e-05	-9.289784e-03	4.103177e+00
4.607000e-05	-9.632938e-03	4.040499e+00
4.608000e-05	-7.141446e-03	3.955339e+00
4.609000e-05	-7.173737e-03	3.852098e+00
4.610000e-05	-8.095987e-03	3.759441e+00
4.611000e-05	-7.158145e-03	3.673202e+00
4.612000e-05	-5.726088e-03	3.610000e+00
4.613000e-05	-6.856947e-03	3.546339e+00
4.614000e-05	-6.826055e-03	3.388944e+00
4.615000e-05	-6.124223e-03	3.293205e+00
4.616000e-05	-5.475061e-03	3.189499e+00
4.617000e-05	-6.007528e-03	3.115732e+00
4.618000e-05	-6.270209e-03	3.011071e+00
4.619000e-05	-5.263942e-03	2.955809e+00
4.620000e-05	-5.390421e-03	2.852072e+00
4.621000e-05	-5.666436e-03	2.757465e+00
4.622000e-05	-5.503871e-03	2.651126e+00
4.623000e-05	-4.731933e-03	2.513178e+00
4.624000e-05	-4.839970e-03	2.368445e+00
4.625000e-05	-5.263448e-03	2.283304e+00
4.626000e-05	-4.727856e-03	2.178970e+00
4.627000e-05	-5.132601e-03	2.083682e+00
4.628000e-05	-5.207892e-03	1.978497e+00
4.629000e-05	-5.344356e-03	1.884181e+00
4.630000e-05	-4.711826e-03	1.755917e+00
4.631000e-05	-4.623126e-03	1.663630e+00
4.632000e-05	-4.106564e-03	1.557317e+00
4.633000e-05	-4.102017e-03	1.401996e+00
4.634000e-05	-4.191767e-03	1.294258e+00
4.635000e-05	-4.182065e-03	1.220046e+00
4.636000e-05	-3.845050e-03	1.032095e+00
4.637000e-05	-4.716788e-03	8.646530e-01
4.638000e-05	-4.216564e-03	8.090459e-01
4.639000e-05	-4.396585e-03	6.947569e-01
4.640000e-05	-3.241799e-03	5.688710e-01
4.641000e-05	-4.626173e-03	4.406776e-01
4.642000e-05	-3.665288e-03	3.890196e-01
4.643000e-05	-4.374804e-03	2.802289e-01
4.644000e-05	-2.642906e-03	6.573190e-02
4.645000e-05	-3.220777e-03	-3.881423e-06
4.646000e-05	8.042876e-04	-1.062957e-01
4.647000e-05	5.006970e-04	-2.214801e-01
4.648000e-05	-2.157722e-03	-3.651959e-01
4.649000e-05	-2.513817e-03	-3.699764e-01
4.650000e-05	-2.322029e-03	-4.431880e-01
4.651000e-05	-1.525016e-03	-5.925318e-01
4.652000e-05	2.972066e-04	-7.694211e-01
4.653000e-05	2.177075e-02	-8.210526e-01
4.654000e-05	6.121626e-02	-9.263248e-01
4.655000e-05	-4.201956e-02	-1.086842e+00
4.656000e-05	-5.946205e-02	-1.318326e+00
4.657000e-05	-9.297027e-02	-1.419556e+00
4.658000e-05	1.559427e-01	-1.398421e+00
4.659000e-05	-1.782884e-02	-1.517268e+00
4.660000e-05	-1.311550e-01	-1.716798e+00
4.661000e-05	5.657726e-02	-1.808395e+00
4.662000e-05	6.052205e-02	-1.811105e+00
4.663000e-05	-1.905331e-01	-1.968876e+00
4.664000e-05	2.417411e-02	-2.123162e+00
4.665000e-05	1.654711e-01	-2.149343e+00
4.666000e-05	-1.344910e-01	-2.336271e+00
4.667000e-05	-1.448123e-02	-2.422079e+00
4.668000e-05	1.479571e-01	-2.435216e+00
4.669000e-05	-1.346607e-01	-2.643084e+00
4.670000e-05	-2.292633e-02	-2.727894e+00
4.671000e-05	1.225089e-01	-2.800980e+00
4.672000e-05	-1.088310e-01	-2.939272e+00
4.673000e-05	4.610819e-02	-3.072636e+00
4.674000e-05	2.457157e-02	-3.176974e+00
4.675000e-05	-7.578916e-02	-3.284693e+00
4.676000e-05	8.416452e-02	-3.358374e+00
4.677000e-05	-2.844590e-03	-3.420605e+00
4.678000e-05	-1.166164e-01	-3.536796e+00
4.679000e-05	1.263273e-01	-3.589975e+00
4.680000e-05	-8.834661e-03	-3.647191e+00
4.681000e-05	-8.538263e-02	-3.853234e+00
4.682000e-05	8.026129e-02	-3.938371e+00
4.683000e-05	-1.621399e-02	-4.020554e+00
4.684000e-05	-1.708164e-02	-4.074687e+00
4.685000e-05	-4.455927e-03	-4.148896e+00
4.686000e-05	-1.431322e-02	-4.282534e+00
4.687000e-05	6.831471e-02	-4.325745e+00
4.688000e-05	-3.821504e-02	-4.399976e+00
4.689000e-05	-4.402821e-02	-4.422554e+00
4.690000e-05	3.911076e-02	-4.465313e+00
4.691000e-05	1.143168e-02	-4.632035e+00
4.692000e-05	-1.771390e-02	-4.684158e+00
4.693000e-05	-1.889143e-02	-4.708845e+00
4.694000e-05	2.442338e-02	-4.841534e+00
4.695000e-05	2.620059e-02	-4.905291e+00
4.696000e-05	-5.691932e-02	-5.008975e+00
4.697000e-05	1.267970e-02	-5.041078e+00
4.698000e-05	3.242048e-02	-5.113717e+00
4.699000e-05	-2.063600e-02	-5.189475e+00
4.700000e-05	-7.043070e-03	-5.249505e+00
4.701000e-05	-4.389491e-03	-5.323736e+00
4.702000e-05	2.857268e-02	-5.412903e+00
4.703000e-05	-1.432309e-02	-5.527664e+00
4.704000e-05	-1.981562e-02	-5.567897e+00
4.705000e-05	2.482943e-02	-5.599427e+00
4.706000e-05	-9.989364e-04	-5.611079e+00
4.707000e-05	-9.109821e-03	-5.675133e+00
4.708000e-05	6.440334e-04	-5.747717e+00
4.709000e-05	7.050292e-03	-5.788415e+00
4.710000e-05	3.036994e-04	-5.780024e+00
4.711000e-05	-1.104331e-02	-5.791078e+00
4.712000e-05	7.128721e-03	-5.883638e+00
4.713000e-05	8.992621e-03	-5.887211e+00
4.714000e-05	-6.027492e-03	-5.936918e+00
4.715000e-05	5.033706e-03	-5.937896e+00
4.716000e-05	5.061065e-06	-5.988897e+00
4.717000e-05	-1.006651e-03	-5.979447e+00
4.718000e-05	1.803475e-03	-6.009000e+00
4.719000e-05	1.677264e-03	-5.999999e+00
4.720000e-05	4.906750e-03	-6.000553e+00
4.721000e-05	-2.679654e-03	-6.051608e+00
4.722000e-05	5.618804e-03	-6.033630e+00
4.723000e-05	2.843933e-03	-6.043108e+00
4.724000e-05	-1.049188e-03	-6.043607e+00
4.725000e-05	3.062912e-03	-6.117158e+00
4.726000e-05	4.623706e-03	-6.113739e+00
4.727000e-05	3.327295e-03	-6.064258e+00
4.728000e-05	7.955210e-04	-6.074635e+00
4.729000e-05	5.006140e-03	-6.095188e+00
4.730000e-05	4.003249e-03	-6.063685e+00
4.731000e-05	3.664632e-03	-6.083134e+00
4.732000e-05	5.001782e-03	-6.064653e+00
4.733000e-05	6.048693e-03	-6.093280e+00
4.734000e-05	5.014809e-03	-6.045132e+00
4.735000e-05	4.118576e-03	-6.022079e+00
4.736000e-05	6.526058e-03	-6.031554e+00
4.737000e-05	6.834111e-03	-6.000500e+00
4.738000e-05	8.316051e-03	-6.020501e+00
4.739000e-05	6.652231e-03	-5.979975e+00
4.740000e-05	9.414411e-03	-5.990447e+00
4.741000e-05	8.285668e-03	-5.937846e+00
4.742000e-05	1.064958e-02	-5.925787e+00
4.743000e-05	9.666494e-03	-5.893736e+00
4.744000e-05	9.408350e-03	-5.882657e+00
4.745000e-05	1.068349e-02	-5.810575e+00
4.746000e-05	1.323608e-02	-5.779472e+00
4.747000e-05	1.240022e-02	-5.727892e+00
4.748000e-05	1.124173e-02	-5.695232e+00
4.749000e-05	1.363800e-02	-5.663628e+00
4.750000e-05	1.448220e-02	-5.612052e+00
4.751000e-05	1.321233e-02	-5.590374e+00
4.752000e-05	1.476648e-02	-5.537318e+00
4.753000e-05	1.538739e-02	-5.506203e+00
4.754000e-05	1.386464e-02	-5.389475e+00
4.755000e-05	1.247868e-02	-5.294761e+00
4.756000e-05	1.352269e-02	-5.272528e+00
4.757000e-05	1.228737e-02	-5.170448e+00
4.758000e-05	1.086311e-02	-5.127289e+00
4.759000e-05	1.112016e-02	-5.051605e+00
4.760000e-05	1.072943e-02	-4.990524e+00
4.761000e-05	8.754743e-03	-4.927734e+00
4.762000e-05	9.081910e-03	-4.870524e+00
4.763000e-05	8.796823e-03	-4.736283e+00
4.764000e-05	6.622987e-03	-4.662104e+00
4.765000e-05	4.814868e-03	-4.580627e+00
4.766000e-05	6.151409e-03	-4.534815e+00
4.767000e-05	5.397789e-03	-4.443653e+00
4.768000e-05	3.578367e-03	-4.389999e+00
4.769000e-05	3.613763e-03	-4.345361e+00
4.770000e-05	5.045916e-03	-4.243078e+00
4.771000e-05	2.654552e-03	-4.169449e+00
4.772000e-05	1.985855e-03	-4.113207e+00
4.773000e-05	2.846644e-03	-4.021050e+00
4.774000e-05	2.902892e-03	-3.967939e+00
4.775000e-05	6.573651e-04	-3.860976e+00
4.776000e-05	7.417972e-04	-3.705732e+00
4.777000e-05	1.924775e-03	-3.610049e+00
4.778000e-05	4.107855e-04	-3.557365e+00
4.779000e-05	-4.390107e-04	-3.442654e+00
4.780000e-05	6.113165e-04	-3.367944e+00
4.781000e-05	2.302402e-04	-3.273603e+00
4.782000e-05	-1.572246e-03	-3.210046e+00
4.783000e-05	-8.619245e-04	-3.095732e+00
4.784000e-05	1.132053e-04	-2.967764e+00
4.785000e-05	-1.118466e-03	-2.832053e+00
4.786000e-05	-1.823680e-03	-2.747368e+00
4.787000e-05	-1.818571e-03	-2.663155e+00
4.788000e-05	-3.040492e-04	-2.587392e+00
4.789000e-05	-2.217287e-03	-2.473550e+00
4.790000e-05	-1.991300e-03	-2.399520e+00
4.791000e-05	-1.595029e-03	-2.303705e+00
4.792000e-05	-3.157668e-03	-2.157359e+00
4.793000e-05	-2.529354e-03	-1.990526e+00
4.794000e-05	-3.709976e-03	-1.934263e+00
4.795000e-05	-1.721084e-03	-1.851597e+00
4.796000e-05	-3.025803e-03	-1.725736e+00
4.797000e-05	-1.205235e-03	-1.621553e+00
4.798000e-05	-3.377754e-03	-1.533743e+00
4.799000e-05	-2.652652e-03	-1.337973e+00
4.800000e-05	-3.041345e-03	-1.230075e+00
4.801000e-05	-1.570370e-03	-1.125261e+00
4.802000e-05	-3.612461e-03	-1.008945e+00
4.803000e-05	-3.109460e-03	-9.243053e-01
4.804000e-05	-3.990122e-03	-7.794500e-01
4.805000e-05	-3.317966e-03	-6.747345e-01
4.806000e-05	-4.036607e-03	-5.057630e-01
4.807000e-05	-1.742860e-03	-4.000488e-01
4.808000e-05	-3.350285e-03	-3.158370e-01
4.809000e-05	-4.075085e-03	-2.194988e-01
4.810000e-05	-2.436325e-03	-6.375547e-02
4.811000e-05	-2.273955e-03	1.995006e-02
4.812000e-05	-1.623449e-04	7.621590e-02
4.813000e-05	-1.614796e-03	2.421080e-01
4.814000e-05	-2.679437e-03	3.683737e-01
4.815000e-05	-1.027079e-03	4.426289e-01
4.816000e-05	-2.382882e-03	5.483959e-01
4.817000e-05	-2.548392e-03	6.321052e-01
4.818000e-05	4.864434e-04	7.769446e-01
4.819000e-05	1.334576e-02	8.016066e-01
4.820000e-05	4.701474e-02	9.729502e-01
4.821000e-05	4.446675e-03	1.199926e+00
4.822000e-05	-5.600155e-02	1.336792e+00
4.823000e-05	-9.935455e-02	1.409926e+00
4.824000e-05	3.775864e-02	1.485264e+00
4.825000e-05	1.052237e-01	1.704615e+00
4.826000e-05	-6.253107e-02	1.767496e+00
4.827000e-05	-9.483031e-02	1.769474e+00
4.828000e-05	1.516075e-01	1.936342e+00
4.829000e-05	-1.165918e-01	2.042135e+00
4.830000e-05	-5.793326e-02	2.126288e+00
4.831000e-05	1.263644e-01	2.211075e+00
4.832000e-05	-1.908096e-02	2.369896e+00
4.833000e-05	-1.240959e-01	2.401004e+00
4.834000e-05	1.322103e-01	2.475243e+00
4.835000e-05	-1.280330e-02	2.663662e+00
4.836000e-05	-1.022543e-01	2.800002e+00
4.837000e-05	8.066311e-02	2.833632e+00
4.838000e-05	-1.085267e-02	3.018924e+00
4.839000e-05	-4.786822e-02	3.043633e+00
4.840000e-05	4.016435e-02	3.178976e+00
4.841000e-05	-9.496332e-03	3.251578e+00
4.842000e-05	-1.978863e-02	3.338346e+00
4.843000e-05	5.355255e-02	3.476663e+00
4.844000e-05	-8.420340e-02	3.589498e+00
4.845000e-05	1.089601e-02	3.633656e+00
4.846000e-05	5.503699e-02	3.746825e+00
4.847000e-05	-4.150046e-02	3.861630e+00
4.848000e-05	-2.207143e-02	3.968445e+00
4.849000e-05	2.425504e-02	4.019003e+00
4.850000e-05	-3.914265e-04	4.042178e+00
4.851000e-05	-3.048500e-02	4.137900e+00
4.852000e-05	8.882299e-03	4.316815e+00
4.853000e-05	-9.115592e-04	4.390000e+00
4.854000e-05	1.635361e-02	4.432607e+00
4.855000e-05	-2.703653e-02	4.525312e+00
4.856000e-05	-1.501540e-02	4.581104e+00
4.857000e-05	1.581719e-02	4.663158e+00
4.858000e-05	7.646202e-03	4.768370e+00
4.859000e-05	-2.608679e-02	4.789501e+00
4.860000e-05	-8.721509e-03	4.865207e+00
4.861000e-05	2.848674e-02	4.979945e+00
4.862000e-05	-2.089058e-02	5.063113e+00
4.863000e-05	-1.647709e-02	5.200448e+00
4.864000e-05	1.614275e-03	5.253107e+00
4.865000e-05	1.214061e-02	5.326241e+00
4.866000e-05	-1.691946e-02	5.377922e+00
4.867000e-05	-1.003480e-02	5.411551e+00
4.868000e-05	5.944687e-03	5.492760e+00
4.869000e-05	-2.610436e-03	5.578871e+00
4.870000e-05	-1.321638e-02	5.588423e+00
4.871000e-05	-7.210846e-03	5.620000e+00
4.872000e-05	5.614970e-03	5.663635e+00
4.873000e-05	-1.169610e-02	5.682780e+00
4.874000e-05	-6.587049e-03	5.738314e+00
4.875000e-05	-8.765795e-04	5.802504e+00
4.876000e-05	-3.047563e-03	5.883713e+00
4.877000e-05	-1.292674e-02	5.978320e+00
4.878000e-05	-6.382843e-03	5.988947e+00
4.879000e-05	9.984787e-04	6.020500e+00
4.880000e-05	-9.132724e-03	6.010499e+00
4.881000e-05	-5.155817e-03	6.032503e+00
4.882000e-05	-6.559362e-03	6.041132e+00
4.883000e-05	-6.595700e-03	6.064210e+00
4.884000e-05	-1.032959e-02	6.064192e+00
4.885000e-05	-3.523753e-03	6.125738e+00
4.886000e-05	-4.574595e-03	6.137313e+00
4.887000e-05	-1.083805e-02	6.166871e+00
4.888000e-05	-8.748494e-03	6.169446e+00
4.889000e-05	-4.965208e-03	6.217992e+00
4.890000e-05	-6.493164e-03	6.169994e+00
4.891000e-05	-1.237021e-02	6.188971e+00
4.892000e-05	-6.809908e-03	6.189996e+00
4.893000e-05	-8.155580e-03	6.229473e+00
4.894000e-05	-8.702335e-03	6.200022e+00
4.895000e-05	-1.021596e-02	6.199999e+00
4.896000e-05	-8.168508e-03	6.160473e+00
4.897000e-05	-9.371880e-03	6.179976e+00
4.898000e-05	-1.176793e-02	6.229496e+00
4.899000e-05	-9.503920e-03	6.159396e+00
4.900000e-05	-1.150222e-02	6.128941e+00
4.901000e-05	-1.088920e-02	6.157845e+00
4.902000e-05	-1.355689e-02	6.136261e+00
4.903000e-05	-1.124536e-02	6.125681e+00
4.904000e-05	-1.210535e-02	6.094209e+00
4.905000e-05	-1.297993e-02	6.041103e+00
4.906000e-05	-1.417274e-02	6.050604e+00
4.907000e-05	-1.580813e-02	6.021551e+00
4.908000e-05	-1.474651e-02	6.020000e+00
4.909000e-05	-1.641909e-02	5.989991e+00
4.910000e-05	-1.579810e-02	5.998396e+00
4.911000e-05	-1.867194e-02	5.906280e+00
4.912000e-05	-1.672794e-02	5.914159e+00
4.913000e-05	-1.839618e-02	5.777843e+00
4.914000e-05	-1.971844e-02	5.734253e+00
4.915000e-05	-1.987585e-02	5.662178e+00
4.916000e-05	-1.970001e-02	5.609975e+00
4.917000e-05	-1.965649e-02	5.607972e+00
4.918000e-05	-2.066029e-02	5.557944e+00
4.919000e-05	-1.915746e-02	5.504760e+00
4.920000e-05	-2.058147e-02	5.453101e+00
4.921000e-05	-1.929975e-02	5.418973e+00
4.922000e-05	-1.953027e-02	5.346990e+00
4.923000e-05	-1.816588e-02	5.284231e+00
4.924000e-05	-1.749486e-02	5.190546e+00
4.925000e-05	-1.750693e-02	5.157914e+00
4.926000e-05	-1.476053e-02	5.083705e+00
4.927000e-05	-1.657672e-02	4.987309e+00
4.928000e-05	-1.453702e-02	4.852525e+00
4.929000e-05	-1.457616e-02	4.809447e+00
4.930000e-05	-1.127142e-02	4.734862e+00
4.931000e-05	-1.304531e-02	4.693606e+00
4.932000e-05	-1.185983e-02	4.599446e+00
4.933000e-05	-1.206578e-02	4.514259e+00
4.934000e-05	-1.107489e-02	4.472150e+00
4.935000e-05	-1.118649e-02	4.379496e+00
4.936000e-05	-8.329555e-03	4.336761e+00
4.937000e-05	-7.791905e-03	4.209990e+00
4.938000e-05	-9.672692e-03	4.095233e+00
4.939000e-05	-9.559832e-03	4.010545e+00
4.940000e-05	-6.991076e-03	3.945732e+00
4.941000e-05	-7.386213e-03	3.800503e+00
4.942000e-05	-8.610389e-03	3.768361e+00
4.943000e-05	-7.427631e-03	3.683127e+00
4.944000e-05	-5.431154e-03	3.589948e+00
4.945000e-05	-6.844131e-03	3.513860e+00
4.946000e-05	-7.339961e-03	3.397842e+00
4.947000e-05	-5.978228e-03	3.202624e+00
4.948000e-05	-6.224896e-03	3.188370e+00
4.949000e-05	-6.526518e-03	3.083183e+00
4.950000e-05	-5.486369e-03	2.989472e+00
4.951000e-05	-5.861193e-03	2.934232e+00
4.952000e-05	-5.488013e-03	2.820522e+00
4.953000e-05	-5.435213e-03	2.766209e+00
4.954000e-05	-4.936555e-03	2.600496e+00
4.955000e-05	-5.317654e-03	2.454125e+00
4.956000e-05	-5.461686e-03	2.366919e+00
4.957000e-05	-4.678061e-03	2.253128e+00
4.958000e-05	-5.370906e-03	2.147366e+00
4.959000e-05	-4.348376e-03	2.043126e+00
4.960000e-05	-4.620370e-03	1.959471e+00
4.961000e-05	-4.073244e-03	1.932303e+00
4.962000e-05	-4.701548e-03	1.737811e+00
4.963000e-05	-5.198612e-03	1.662674e+00
4.964000e-05	-5.141271e-03	1.483136e+00
4.965000e-05	-4.834605e-03	1.399994e+00
4.966000e-05	-4.720338e-03	1.263156e+00
4.967000e-05	-3.960592e-03	1.179919e+00
4.968000e-05	-4.005643e-03	1.019544e+00
4.969000e-05	-4.275764e-03	8.626538e-01
4.970000e-05	-5.126784e-03	7.893911e-01
4.971000e-05	-4.843019e-03	6.831512e-01
4.972000e-05	-4.205504e-03	5.663896e-01
4.973000e-05	-3.512515e-03	4.226515e-01
4.974000e-05	-3.494598e-03	3.774659e-01
4.975000e-05	-4.334673e-03	2.614774e-01
4.976000e-05	-2.240078e-03	7.213032e-02
4.977000e-05	-2.193650e-03	-2.258038e-02
4.978000e-05	6.765066e-04	-1.173447e-01
4.979000e-05	-5.750726e-04	-2.130777e-01
4.980000e-05	-3.069449e-03	-3.471922e-01
4.981000e-05	-8.439896e-04	-3.995276e-01
4.982000e-05	-3.283550e-03	-4.918157e-01
4.983000e-05	-8.697745e-04	-6.236630e-01
4.984000e-05	1.809386e-03	-7.283738e-01
4.985000e-05	3.370804e-02	-8.520578e-01
4.986000e-05	4.916221e-02	-9.478749e-01
4.987000e-05	-6.259734e-02	-1.159858e+00
4.988000e-05	-6.718764e-02	-1.338423e+00
4.989000e-05	-3.776414e-02	-1.440879e+00
4.990000e-05	1.450573e-01	-1.361502e+00
4.991000e-05	-4.777756e-02	-1.548929e+00
4.992000e-05	-1.472374e-01	-1.767320e+00
4.993000e-05	1.389312e-01	-1.799026e+00
4.994000e-05	-4.859862e-02	-1.814610e+00
4.995000e-05	-1.630615e-01	-2.010525e+00
4.996000e-05	9.522165e-02	-2.053206e+00
4.997000e-05	1.046001e-01	-2.190001e+00
4.998000e-05	-1.729327e-01	-2.367901e+00
4.999000e-05	7.559597e-02	-2.462608e+00
