# 260408_13:58:06.255670
t	CH1	CH2
0.000000e+00	-3.079971e-03	3.463082e-01
1.000000e-08	-4.324435e-03	9.318571e-02
2.000000e-08	-8.622414e-04	-5.118395e-02
3.000000e-08	1.891075e-03	-1.904998e-01
4.000000e-08	-4.795896e-04	-3.669432e-01
5.000000e-08	5.172453e-04	-4.521304e-01
6.000000e-08	-2.026833e-03	-6.227354e-01
7.000000e-08	-1.446634e-03	-8.000011e-01
8.000000e-08	-2.277039e-03	-9.273643e-01
9.000000e-08	3.637433e-03	-1.033209e+00
1.000000e-07	2.934538e-02	-1.179001e+00
1.100000e-07	7.614634e-02	-1.351185e+00
1.200000e-07	-6.532603e-02	-1.653809e+00
1.300000e-07	-1.483595e-02	-1.876287e+00
1.400000e-07	-1.144063e-01	-2.000025e+00
1.500000e-07	5.240296e-02	-2.034579e+00
1.600000e-07	1.169021e-01	-2.071788e+00
1.700000e-07	-1.620103e-01	-2.370449e+00
1.800000e-07	5.505448e-02	-2.586871e+00
1.900000e-07	1.295545e-01	-2.589499e+00
2.000000e-07	-1.982464e-01	-2.811501e+00
2.100000e-07	5.922170e-02	-2.967976e+00
2.200000e-07	1.060239e-01	-3.135892e+00
2.300000e-07	-1.684742e-01	-3.295837e+00
2.400000e-07	1.170744e-01	-3.421079e+00
2.500000e-07	2.015879e-02	-3.537420e+00
2.600000e-07	-1.141278e-01	-3.716825e+00
2.700000e-07	1.185297e-01	-3.895212e+00
2.800000e-07	-9.577141e-02	-4.053185e+00
2.900000e-07	5.160693e-03	-4.210998e+00
3.000000e-07	1.009323e-01	-4.242238e+00
3.100000e-07	-1.340262e-01	-4.443054e+00
3.200000e-07	9.132718e-02	-4.541000e+00
3.300000e-07	1.390805e-02	-4.748422e+00
3.400000e-07	-6.352743e-02	-4.846365e+00
3.500000e-07	3.213688e-02	-5.009054e+00
3.600000e-07	-4.651478e-02	-5.169467e+00
3.700000e-07	6.811009e-02	-5.254687e+00
3.800000e-07	-3.749737e-02	-5.392760e+00
3.900000e-07	-2.515413e-02	-5.621053e+00
4.000000e-07	7.635771e-02	-5.707769e+00
4.100000e-07	-6.943469e-02	-5.821683e+00
4.200000e-07	1.012286e-02	-5.958442e+00
4.300000e-07	-1.478068e-02	-6.041582e+00
4.400000e-07	2.676247e-02	-6.182024e+00
4.500000e-07	3.559338e-02	-6.307345e+00
4.600000e-07	-8.923170e-02	-6.412549e+00
4.700000e-07	4.709191e-02	-6.486270e+00
4.800000e-07	7.819206e-03	-6.622104e+00
4.900000e-07	-1.752090e-02	-6.728292e+00
5.000000e-07	-6.446581e-03	-6.811004e+00
5.100000e-07	-6.845735e-03	-6.915515e+00
5.200000e-07	4.671000e-02	-7.082684e+00
5.300000e-07	-4.889671e-02	-7.209423e+00
5.400000e-07	1.616041e-03	-7.222133e+00
5.500000e-07	1.526394e-02	-7.317389e+00
5.600000e-07	-5.845612e-03	-7.402050e+00
5.700000e-07	-6.887253e-03	-7.483259e+00
5.800000e-07	-1.466910e-02	-7.590022e+00
5.900000e-07	2.917094e-02	-7.713657e+00
6.000000e-07	-1.646167e-02	-7.760075e+00
6.100000e-07	-9.487483e-03	-7.897240e+00
6.200000e-07	2.018109e-03	-7.959973e+00
6.300000e-07	2.650274e-03	-8.012078e+00
6.400000e-07	1.722879e-05	-8.075187e+00
6.500000e-07	-9.302497e-03	-8.179391e+00
6.600000e-07	7.998974e-03	-8.221550e+00
6.700000e-07	-7.668062e-03	-8.243632e+00
6.800000e-07	-2.616731e-03	-8.345739e+00
6.900000e-07	-3.734841e-04	-8.337921e+00
7.000000e-07	-1.455388e-03	-8.390974e+00
7.100000e-07	-3.833256e-04	-8.400051e+00
7.200000e-07	-1.581239e-03	-8.420556e+00
7.300000e-07	2.551160e-05	-8.442132e+00
7.400000e-07	-5.156828e-03	-8.486236e+00
7.500000e-07	-2.725112e-03	-8.526813e+00
7.600000e-07	-2.785837e-04	-8.519903e+00
7.700000e-07	-2.938055e-03	-8.565505e+00
7.800000e-07	-5.005078e-03	-8.654554e+00
7.900000e-07	8.273938e-04	-8.716190e+00
8.000000e-07	6.388307e-04	-8.676265e+00
8.100000e-07	-5.859377e-03	-8.677316e+00
8.200000e-07	-5.377329e-03	-8.708269e+00
8.300000e-07	-2.677981e-05	-8.738344e+00
8.400000e-07	-3.348354e-04	-8.718790e+00
8.500000e-07	-3.311932e-03	-8.749447e+00
8.600000e-07	-2.987064e-03	-8.747844e+00
8.700000e-07	-2.074443e-03	-8.738770e+00
8.800000e-07	-1.888223e-03	-8.706766e+00
8.900000e-07	-2.874681e-03	-8.667242e+00
9.000000e-07	-2.322523e-03	-8.675658e+00
9.100000e-07	-2.450752e-03	-8.674212e+00
9.200000e-07	-3.013908e-03	-8.682687e+00
9.300000e-07	-2.821614e-03	-8.661071e+00
9.400000e-07	-1.630174e-03	-8.548844e+00
9.500000e-07	6.306208e-05	-8.505661e+00
9.600000e-07	-1.209342e-03	-8.444664e+00
9.700000e-07	-1.745027e-03	-8.421552e+00
9.800000e-07	-2.366804e-03	-8.421002e+00
9.900000e-07	3.450173e-04	-8.358924e+00
1.000000e-06	-3.603322e-04	-8.326244e+00
1.010000e-06	-3.327167e-03	-8.286213e+00
1.020000e-06	-3.374950e-03	-8.274575e+00
1.030000e-06	-2.714960e-03	-8.199999e+00
1.040000e-06	-1.331765e-03	-8.137268e+00
1.050000e-06	-2.803976e-03	-8.103681e+00
1.060000e-06	-3.150408e-03	-8.011103e+00
1.070000e-06	-3.455532e-03	-7.999920e+00
1.080000e-06	-2.594064e-03	-7.895188e+00
1.090000e-06	-2.587528e-03	-7.791020e+00
1.100000e-06	-3.806813e-03	-7.653680e+00
1.110000e-06	-4.069314e-03	-7.559398e+00
1.120000e-06	-3.661101e-03	-7.476241e+00
1.130000e-06	-2.735591e-03	-7.441578e+00
1.140000e-06	-4.194445e-03	-7.359824e+00
1.150000e-06	-3.550019e-03	-7.244184e+00
1.160000e-06	-2.281672e-03	-7.211025e+00
1.170000e-06	-2.377392e-03	-7.087266e+00
1.180000e-06	-4.085451e-03	-6.963002e+00
1.190000e-06	-3.811217e-03	-6.856606e+00
1.200000e-06	-2.953425e-03	-6.789971e+00
1.210000e-06	-4.242954e-03	-6.704682e+00
1.220000e-06	-4.390502e-03	-6.588945e+00
1.230000e-06	-3.213981e-03	-6.465241e+00
1.240000e-06	-2.340260e-03	-6.420022e+00
1.250000e-06	-4.044108e-03	-6.334811e+00
1.260000e-06	-3.714326e-03	-6.055342e+00
1.270000e-06	-3.574660e-03	-5.991024e+00
1.280000e-06	-3.400661e-03	-5.925767e+00
1.290000e-06	-4.376609e-03	-5.789449e+00
1.300000e-06	-3.348951e-03	-5.641110e+00
1.310000e-06	-2.912949e-03	-5.598818e+00
1.320000e-06	-4.554641e-03	-5.390979e+00
1.330000e-06	-3.947443e-03	-5.230977e+00
1.340000e-06	-3.884183e-03	-5.055688e+00
1.350000e-06	-3.946067e-03	-4.958394e+00
1.360000e-06	-3.810996e-03	-4.756379e+00
1.370000e-06	-3.087745e-03	-4.642001e+00
1.380000e-06	-3.150842e-03	-4.486190e+00
1.390000e-06	-4.163374e-03	-4.398924e+00
1.400000e-06	-4.380619e-03	-4.294658e+00
1.410000e-06	-3.542920e-03	-4.147370e+00
1.420000e-06	-4.728981e-03	-4.020503e+00
1.430000e-06	-4.883287e-03	-3.936338e+00
1.440000e-06	-4.092856e-03	-3.704663e+00
1.450000e-06	-3.651965e-03	-3.578946e+00
1.460000e-06	-3.632569e-03	-3.442103e+00
1.470000e-06	-4.619945e-03	-3.274216e+00
1.480000e-06	-3.373732e-03	-3.167945e+00
1.490000e-06	-3.387451e-03	-2.966348e+00
1.500000e-06	-4.053014e-03	-2.810475e+00
1.510000e-06	-3.947926e-03	-2.682678e+00
1.520000e-06	-6.252785e-03	-2.525709e+00
1.530000e-06	-4.075956e-03	-2.358870e+00
1.540000e-06	-5.940856e-03	-2.189975e+00
1.550000e-06	-2.837765e-03	-2.020979e+00
1.560000e-06	-4.005933e-03	-1.934662e+00
1.570000e-06	-3.252765e-03	-1.687291e+00
1.580000e-06	-5.956289e-03	-1.589451e+00
1.590000e-06	-3.148171e-03	-1.417376e+00
1.600000e-06	-5.036071e-03	-1.178948e+00
1.610000e-06	-4.092749e-03	-1.061578e+00
1.620000e-06	-5.556888e-03	-9.021306e-01
1.630000e-06	-3.610848e-03	-7.492659e-01
1.640000e-06	-5.743862e-03	-5.233146e-01
1.650000e-06	-4.690771e-03	-3.694224e-01
1.660000e-06	-5.009558e-03	-2.505289e-01
1.670000e-06	-2.584447e-03	-9.463178e-02
1.680000e-06	-1.255865e-03	6.116047e-02
1.690000e-06	1.835076e-03	2.347591e-01
1.700000e-06	-3.408840e-03	4.095051e-01
1.710000e-06	5.390385e-04	5.278670e-01
1.720000e-06	-4.666756e-03	6.531616e-01
1.730000e-06	-2.789240e-03	7.920776e-01
1.740000e-06	-4.553976e-03	9.677460e-01
1.750000e-06	3.344966e-03	1.158869e+00
1.760000e-06	1.833414e-02	1.326816e+00
1.770000e-06	6.527843e-02	1.474392e+00
1.780000e-06	-2.158069e-02	1.738422e+00
1.790000e-06	-3.906929e-02	1.937295e+00
1.800000e-06	-5.593357e-02	2.011033e+00
1.810000e-06	-7.502093e-02	2.149342e+00
1.820000e-06	1.252458e-01	2.231658e+00
1.830000e-06	1.615079e-02	2.430077e+00
1.840000e-06	-1.469621e-01	2.486884e+00
1.850000e-06	1.638497e-01	2.686814e+00
1.860000e-06	-5.110274e-02	2.874216e+00
1.870000e-06	-8.962203e-02	3.010050e+00
1.880000e-06	1.175048e-01	3.126766e+00
1.890000e-06	-3.698301e-02	3.254787e+00
1.900000e-06	-8.472420e-02	3.494686e+00
1.910000e-06	1.234351e-01	3.600046e+00
1.920000e-06	-6.135625e-02	3.718922e+00
1.930000e-06	-1.361444e-02	3.875292e+00
1.940000e-06	3.199326e-02	4.003205e+00
1.950000e-06	-5.776824e-02	4.218558e+00
1.960000e-06	3.033223e-02	4.398399e+00
1.970000e-06	-7.785370e-04	4.475814e+00
1.980000e-06	-1.455226e-02	4.664194e+00
1.990000e-06	2.484073e-02	4.759972e+00
2.000000e-06	-2.067265e-03	4.969573e+00
2.010000e-06	-3.069078e-02	5.138465e+00
2.020000e-06	-1.119386e-02	5.265214e+00
2.030000e-06	2.925707e-02	5.431580e+00
2.040000e-06	8.035837e-04	5.536390e+00
2.050000e-06	-2.670430e-02	5.611575e+00
2.060000e-06	1.373621e-02	5.748948e+00
2.070000e-06	-2.279248e-03	5.977420e+00
2.080000e-06	-8.310980e-03	6.001132e+00
2.090000e-06	-5.677443e-03	6.127819e+00
2.100000e-06	-8.580051e-03	6.243186e+00
2.110000e-06	2.730427e-02	6.352919e+00
2.120000e-06	-1.682525e-02	6.471058e+00
2.130000e-06	-1.677923e-02	6.550099e+00
2.140000e-06	9.460844e-03	6.706896e+00
2.150000e-06	4.387038e-03	6.800552e+00
2.160000e-06	-1.105300e-02	6.875232e+00
2.170000e-06	-1.349734e-02	6.989104e+00
2.180000e-06	2.012413e-02	7.105264e+00
2.190000e-06	-3.495402e-03	7.169451e+00
2.200000e-06	-1.659071e-02	7.201605e+00
2.210000e-06	-5.153614e-03	7.339874e+00
2.220000e-06	6.903238e-03	7.485288e+00
2.230000e-06	-3.116900e-03	7.570524e+00
2.240000e-06	-1.053300e-02	7.654658e+00
2.250000e-06	1.254197e-03	7.779381e+00
2.260000e-06	8.694995e-04	7.823203e+00
2.270000e-06	-6.500039e-03	7.916362e+00
2.280000e-06	-4.311726e-03	8.072555e+00
2.290000e-06	9.034942e-04	8.046437e+00
2.300000e-06	-5.195734e-03	8.147865e+00
2.310000e-06	-5.119203e-03	8.222000e+00
2.320000e-06	3.608712e-04	8.274658e+00
2.330000e-06	-6.190968e-04	8.336345e+00
2.340000e-06	-6.964444e-03	8.398398e+00
2.350000e-06	-4.746915e-03	8.399925e+00
2.360000e-06	1.771019e-04	8.433552e+00
2.370000e-06	-2.731321e-03	8.464683e+00
2.380000e-06	-1.813821e-03	8.504189e+00
2.390000e-06	-4.084200e-03	8.535243e+00
2.400000e-06	-3.391795e-03	8.608998e+00
2.410000e-06	-5.820164e-03	8.569352e+00
2.420000e-06	-1.216396e-03	8.599551e+00
2.430000e-06	-1.591597e-03	8.652078e+00
2.440000e-06	-4.764371e-03	8.622582e+00
2.450000e-06	-4.201525e-03	8.641084e+00
2.460000e-06	-3.455410e-03	8.714210e+00
2.470000e-06	-6.196451e-04	8.656236e+00
2.480000e-06	-5.369244e-03	8.655209e+00
2.490000e-06	-3.914972e-03	8.695262e+00
2.500000e-06	-3.780527e-03	8.696712e+00
2.510000e-06	-2.211730e-03	8.727246e+00
2.520000e-06	-4.195083e-03	8.716291e+00
2.530000e-06	-3.445415e-03	8.666763e+00
2.540000e-06	-3.240226e-03	8.685314e+00
2.550000e-06	-4.115355e-03	8.686287e+00
2.560000e-06	-4.162950e-03	8.724089e+00
2.570000e-06	-3.602053e-03	8.652732e+00
2.580000e-06	-3.430688e-03	8.633630e+00
2.590000e-06	-5.508270e-03	8.620552e+00
2.600000e-06	-4.212050e-03	8.590922e+00
2.610000e-06	-4.413520e-03	8.527424e+00
2.620000e-06	-3.530924e-03	8.525786e+00
2.630000e-06	-4.356500e-03	8.496261e+00
2.640000e-06	-6.013919e-03	8.453606e+00
2.650000e-06	-4.870019e-03	8.411581e+00
2.660000e-06	-4.522102e-03	8.390498e+00
2.670000e-06	-3.663735e-03	8.315866e+00
2.680000e-06	-5.449227e-03	8.266261e+00
2.690000e-06	-3.889445e-03	8.223484e+00
2.700000e-06	-4.043259e-03	8.138794e+00
2.710000e-06	-2.969586e-03	8.056738e+00
2.720000e-06	-2.817660e-03	8.061624e+00
2.730000e-06	-3.075043e-03	7.976820e+00
2.740000e-06	-3.061782e-03	7.864112e+00
2.750000e-06	-4.438299e-03	7.810973e+00
2.760000e-06	-3.681271e-03	7.757296e+00
2.770000e-06	-4.300519e-03	7.653128e+00
2.780000e-06	-3.278467e-03	7.580471e+00
2.790000e-06	-2.600402e-03	7.481708e+00
2.800000e-06	-3.298567e-03	7.348814e+00
2.810000e-06	-3.817356e-03	7.243606e+00
2.820000e-06	-4.166136e-03	7.188398e+00
2.830000e-06	-3.221160e-03	7.124686e+00
2.840000e-06	-4.030218e-03	6.989001e+00
2.850000e-06	-3.654512e-03	6.924789e+00
2.860000e-06	-3.608987e-03	6.811476e+00
2.870000e-06	-2.308642e-03	6.758366e+00
2.880000e-06	-4.803622e-03	6.610429e+00
2.890000e-06	-3.638275e-03	6.462178e+00
2.900000e-06	-4.532158e-03	6.367371e+00
2.910000e-06	-3.207603e-03	6.262610e+00
2.920000e-06	-3.879404e-03	6.157870e+00
2.930000e-06	-3.137340e-03	6.042604e+00
2.940000e-06	-4.620613e-03	5.968373e+00
2.950000e-06	-3.438666e-03	5.851059e+00
2.960000e-06	-4.463747e-03	5.653632e+00
2.970000e-06	-2.707244e-03	5.547772e+00
2.980000e-06	-3.631527e-03	5.421552e+00
2.990000e-06	-3.236657e-03	5.324753e+00
3.000000e-06	-3.731390e-03	5.147842e+00
3.010000e-06	-3.515555e-03	4.918273e+00
3.020000e-06	-4.225567e-03	4.809474e+00
3.030000e-06	-3.651405e-03	4.674085e+00
3.040000e-06	-3.861100e-03	4.526245e+00
3.050000e-06	-3.921215e-03	4.421050e+00
3.060000e-06	-4.526545e-03	4.333644e+00
3.070000e-06	-3.428552e-03	4.084763e+00
3.080000e-06	-3.201100e-03	3.958921e+00
3.090000e-06	-3.420362e-03	3.833028e+00
3.100000e-06	-4.221244e-03	3.694134e+00
3.110000e-06	-3.998504e-03	3.608923e+00
3.120000e-06	-3.295500e-03	3.440530e+00
3.130000e-06	-3.556305e-03	3.219527e+00
3.140000e-06	-4.134341e-03	3.085788e+00
3.150000e-06	-4.429851e-03	2.957872e+00
3.160000e-06	-3.819274e-03	2.821576e+00
3.170000e-06	-4.111752e-03	2.684235e+00
3.180000e-06	-3.798418e-03	2.503582e+00
3.190000e-06	-3.520440e-03	2.295793e+00
3.200000e-06	-3.624513e-03	2.158823e+00
3.210000e-06	-4.520363e-03	2.021578e+00
3.220000e-06	-3.989826e-03	1.963309e+00
3.230000e-06	-3.820012e-03	1.735340e+00
3.240000e-06	-3.804191e-03	1.528216e+00
3.250000e-06	-3.213926e-03	1.389373e+00
3.260000e-06	-3.095001e-03	1.228950e+00
3.270000e-06	-3.614211e-03	1.022481e+00
3.280000e-06	-3.902749e-03	8.204528e-01
3.290000e-06	-3.594984e-03	6.821583e-01
3.300000e-06	-3.765025e-03	5.061898e-01
3.310000e-06	-3.083498e-03	3.899436e-01
3.320000e-06	-3.480475e-03	2.314553e-01
3.330000e-06	-3.165068e-03	4.052408e-02
3.340000e-06	1.163892e-03	-1.258105e-01
3.350000e-06	2.324509e-03	-2.736816e-01
3.360000e-06	-2.564250e-03	-3.989986e-01
3.370000e-06	6.650823e-04	-5.143421e-01
3.380000e-06	-3.288095e-03	-7.373432e-01
3.390000e-06	1.254438e-04	-8.441592e-01
3.400000e-06	-2.522068e-03	-9.584722e-01
3.410000e-06	1.003035e-02	-1.135364e+00
3.420000e-06	6.612432e-02	-1.252760e+00
3.430000e-06	5.514392e-03	-1.577970e+00
3.440000e-06	-5.246328e-02	-1.778472e+00
3.450000e-06	-4.487604e-02	-1.969497e+00
3.460000e-06	-9.743235e-02	-2.041078e+00
3.470000e-06	1.690932e-01	-2.032584e+00
3.480000e-06	-2.587421e-02	-2.171627e+00
3.490000e-06	-1.525080e-01	-2.496763e+00
3.500000e-06	1.889972e-01	-2.566471e+00
3.510000e-06	-7.722793e-02	-2.675239e+00
3.520000e-06	-1.368488e-01	-2.905714e+00
3.530000e-06	1.731595e-01	-3.093254e+00
3.540000e-06	-6.055426e-02	-3.211051e+00
3.550000e-06	-8.133924e-02	-3.388447e+00
3.560000e-06	1.699468e-01	-3.433282e+00
3.570000e-06	-1.419548e-01	-3.611153e+00
3.580000e-06	2.851003e-02	-3.774122e+00
3.590000e-06	4.391934e-02	-3.979971e+00
3.600000e-06	-1.185364e-01	-4.136867e+00
3.610000e-06	1.205111e-01	-4.231654e+00
3.620000e-06	-3.724123e-02	-4.337469e+00
3.630000e-06	-5.793593e-02	-4.494832e+00
3.640000e-06	1.131606e-01	-4.663660e+00
3.650000e-06	-7.567107e-02	-4.841679e+00
3.660000e-06	4.288091e-03	-4.957921e+00
3.670000e-06	-6.878362e-03	-5.013186e+00
3.680000e-06	-5.037951e-03	-5.232128e+00
3.690000e-06	5.952293e-02	-5.295541e+00
3.700000e-06	-9.183864e-02	-5.558945e+00
3.710000e-06	6.749823e-02	-5.643157e+00
3.720000e-06	1.095245e-03	-5.789452e+00
3.730000e-06	-5.406947e-02	-5.836791e+00
3.740000e-06	2.838356e-02	-5.979925e+00
3.750000e-06	-2.878502e-02	-6.084762e+00
3.760000e-06	7.573806e-02	-6.191681e+00
3.770000e-06	-5.441137e-02	-6.358999e+00
3.780000e-06	-3.269716e-02	-6.464635e+00
3.790000e-06	5.777836e-02	-6.588422e+00
3.800000e-06	-2.698349e-02	-6.704658e+00
3.810000e-06	2.709588e-03	-6.728495e+00
3.820000e-06	-2.778592e-02	-6.801780e+00
3.830000e-06	3.809934e-02	-6.950069e+00
3.840000e-06	6.244195e-04	-7.127890e+00
3.850000e-06	-4.297497e-02	-7.210975e+00
3.860000e-06	2.381081e-02	-7.254207e+00
3.870000e-06	-1.362657e-03	-7.367999e+00
3.880000e-06	-2.680355e-04	-7.441153e+00
3.890000e-06	-2.057025e-02	-7.536941e+00
3.900000e-06	1.104957e-02	-7.652130e+00
3.910000e-06	1.420346e-02	-7.737409e+00
3.920000e-06	-2.283343e-02	-7.833680e+00
3.930000e-06	1.360896e-03	-7.876344e+00
3.940000e-06	-6.614070e-04	-7.981050e+00
3.950000e-06	4.936074e-03	-8.064206e+00
3.960000e-06	-6.218959e-03	-8.116767e+00
3.970000e-06	-7.069982e-04	-8.199475e+00
3.980000e-06	4.172098e-03	-8.213552e+00
3.990000e-06	-9.682250e-03	-8.284209e+00
4.000000e-06	1.288211e-03	-8.326317e+00
4.010000e-06	-1.222542e-03	-8.338944e+00
4.020000e-06	-7.704888e-04	-8.399447e+00
4.030000e-06	-1.603894e-03	-8.411053e+00
4.040000e-06	-8.942229e-04	-8.444132e+00
4.050000e-06	-1.878218e-03	-8.495207e+00
4.060000e-06	-6.272670e-03	-8.506362e+00
4.070000e-06	4.092531e-04	-8.548894e+00
4.080000e-06	-1.734671e-03	-8.609054e+00
4.090000e-06	-3.846937e-03	-8.594129e+00
4.100000e-06	-2.825498e-03	-8.683687e+00
4.110000e-06	8.611652e-04	-8.675737e+00
4.120000e-06	-2.614736e-03	-8.686234e+00
4.130000e-06	-7.115269e-03	-8.697320e+00
4.140000e-06	-2.890009e-03	-8.737395e+00
4.150000e-06	1.431648e-04	-8.728350e+00
4.160000e-06	-1.534210e-03	-8.686415e+00
4.170000e-06	-3.860449e-03	-8.747844e+00
4.180000e-06	-3.585770e-03	-8.737441e+00
4.190000e-06	-1.534735e-03	-8.746891e+00
4.200000e-06	-2.501951e-03	-8.695759e+00
4.210000e-06	-1.691324e-03	-8.684711e+00
4.220000e-06	-2.011026e-03	-8.675132e+00
4.230000e-06	-2.499139e-03	-8.663183e+00
4.240000e-06	-3.109502e-03	-8.612101e+00
4.250000e-06	-2.636544e-03	-8.597395e+00
4.260000e-06	-8.566966e-04	-8.546947e+00
4.270000e-06	-1.221599e-03	-8.475740e+00
4.280000e-06	-2.241691e-03	-8.484156e+00
4.290000e-06	-8.884020e-04	-8.442078e+00
4.300000e-06	-1.901293e-03	-8.399924e+00
4.310000e-06	3.443464e-04	-8.358919e+00
4.320000e-06	-3.617493e-03	-8.327290e+00
4.330000e-06	-2.644845e-03	-8.303686e+00
4.340000e-06	-2.496969e-03	-8.192000e+00
4.350000e-06	-1.462907e-03	-8.169445e+00
4.360000e-06	-2.481052e-03	-8.135714e+00
4.370000e-06	-2.928493e-03	-8.052628e+00
4.380000e-06	-3.268430e-03	-8.010024e+00
4.390000e-06	-3.852363e-03	-7.936867e+00
4.400000e-06	-3.672818e-03	-7.874562e+00
4.410000e-06	-2.441094e-03	-7.727312e+00
4.420000e-06	-4.494277e-03	-7.602553e+00
4.430000e-06	-2.792297e-03	-7.537367e+00
4.440000e-06	-3.401790e-03	-7.453711e+00
4.450000e-06	-2.381006e-03	-7.370521e+00
4.460000e-06	-3.982503e-03	-7.285766e+00
4.470000e-06	-3.720701e-03	-7.232053e+00
4.480000e-06	-3.611819e-03	-7.150021e+00
4.490000e-06	-4.315010e-03	-7.064110e+00
4.500000e-06	-3.857107e-03	-6.915415e+00
4.510000e-06	-3.721819e-03	-6.833002e+00
4.520000e-06	-2.764765e-03	-6.707370e+00
4.530000e-06	-3.375036e-03	-6.622077e+00
4.540000e-06	-2.876896e-03	-6.566368e+00
4.550000e-06	-3.104767e-03	-6.463633e+00
4.560000e-06	-3.202643e-03	-6.358394e+00
4.570000e-06	-5.061308e-03	-6.233405e+00
4.580000e-06	-3.898810e-03	-6.051603e+00
4.590000e-06	-3.403234e-03	-5.986896e+00
4.600000e-06	-4.162645e-03	-5.883077e+00
4.610000e-06	-3.530462e-03	-5.696321e+00
4.620000e-06	-2.684484e-03	-5.641049e+00
4.630000e-06	-3.445930e-03	-5.496214e+00
4.640000e-06	-4.397483e-03	-5.294761e+00
4.650000e-06	-3.666577e-03	-5.220370e+00
4.660000e-06	-3.449779e-03	-5.034049e+00
4.670000e-06	-4.603283e-03	-4.862133e+00
4.680000e-06	-5.220496e-03	-4.646182e+00
4.690000e-06	-4.036515e-03	-4.559472e+00
4.700000e-06	-4.588133e-03	-4.462132e+00
4.710000e-06	-3.944483e-03	-4.317369e+00
4.720000e-06	-4.879360e-03	-4.221551e+00
4.730000e-06	-3.874896e-03	-4.073587e+00
4.740000e-06	-4.756939e-03	-4.009816e+00
4.750000e-06	-3.018917e-03	-3.791875e+00
4.760000e-06	-4.357709e-03	-3.621024e+00
4.770000e-06	-3.721108e-03	-3.526236e+00
4.780000e-06	-4.658177e-03	-3.349789e+00
4.790000e-06	-3.031547e-03	-3.212028e+00
4.800000e-06	-5.180431e-03	-3.117138e+00
4.810000e-06	-3.597609e-03	-2.884080e+00
4.820000e-06	-3.315146e-03	-2.777370e+00
4.830000e-06	-2.464623e-03	-2.570499e+00
4.840000e-06	-5.835784e-03	-2.442077e+00
4.850000e-06	-4.686793e-03	-2.274258e+00
4.860000e-06	-4.625028e-03	-2.124157e+00
4.870000e-06	-3.554405e-03	-1.957867e+00
4.880000e-06	-5.332222e-03	-1.770550e+00
4.890000e-06	-3.819425e-03	-1.652584e+00
4.900000e-06	-4.328424e-03	-1.517759e+00
4.910000e-06	-3.629960e-03	-1.263686e+00
4.920000e-06	-5.243891e-03	-1.146813e+00
4.930000e-06	-4.861840e-03	-9.698149e-01
4.940000e-06	-4.415603e-03	-8.214475e-01
4.950000e-06	-4.882791e-03	-6.349567e-01
4.960000e-06	-4.626604e-03	-4.605754e-01
4.970000e-06	-4.334478e-03	-3.452155e-01
4.980000e-06	-4.322251e-03	-1.568922e-01
4.990000e-06	-1.749963e-03	-6.200275e-02
5.000000e-06	7.583058e-04	1.264459e-01
5.010000e-06	-9.331283e-04	3.173472e-01
5.020000e-06	-1.874713e-03	4.541078e-01
5.030000e-06	-1.328556e-03	5.900500e-01
5.040000e-06	-3.645411e-03	8.074671e-01
5.050000e-06	-3.634446e-03	8.942094e-01
5.060000e-06	-1.921261e-03	1.023213e+00
5.070000e-06	8.295569e-03	1.232053e+00
5.080000e-06	4.202451e-02	1.429001e+00
5.090000e-06	4.136681e-02	1.653733e+00
5.100000e-06	-5.175460e-02	1.822604e+00
5.110000e-06	-3.453930e-02	1.990474e+00
5.120000e-06	-8.403902e-02	2.084262e+00
5.130000e-06	7.034263e-03	2.158025e+00
5.140000e-06	1.461449e-01	2.316847e+00
5.150000e-06	-1.259899e-01	2.471657e+00
5.160000e-06	-5.523462e-04	2.576975e+00
5.170000e-06	1.226125e-01	2.779576e+00
5.180000e-06	-1.369824e-01	2.938371e+00
5.190000e-06	2.262471e-02	3.052585e+00
5.200000e-06	1.016477e-01	3.199077e+00
5.210000e-06	-1.355086e-01	3.329047e+00
5.220000e-06	5.650218e-02	3.577919e+00
5.230000e-06	4.763942e-02	3.674162e+00
5.240000e-06	-7.623426e-02	3.833258e+00
5.250000e-06	4.298196e-02	3.958921e+00
5.260000e-06	-2.774452e-02	4.137341e+00
5.270000e-06	-1.690148e-02	4.274814e+00
5.280000e-06	3.569407e-02	4.452077e+00
5.290000e-06	-2.433326e-02	4.579976e+00
5.300000e-06	1.016193e-02	4.706811e+00
5.310000e-06	2.286388e-02	4.861181e+00
5.320000e-06	-2.738459e-02	5.064186e+00
5.330000e-06	-2.172599e-02	5.203077e+00
5.340000e-06	4.629491e-03	5.350446e+00
5.350000e-06	3.259734e-02	5.455162e+00
5.360000e-06	-2.882861e-02	5.599023e+00
5.370000e-06	-2.494426e-03	5.704262e+00
5.380000e-06	8.807771e-03	5.815213e+00
5.390000e-06	-8.908256e-03	6.001026e+00
5.400000e-06	-9.923310e-04	6.094784e+00
5.410000e-06	-1.686601e-02	6.190025e+00
5.420000e-06	1.769051e-02	6.337312e+00
5.430000e-06	9.050284e-03	6.389052e+00
5.440000e-06	-2.353155e-02	6.495713e+00
5.450000e-06	-5.439538e-03	6.672190e+00
5.460000e-06	1.300911e-02	6.769449e+00
5.470000e-06	-5.491915e-03	6.812178e+00
5.480000e-06	-1.572908e-02	6.897367e+00
5.490000e-06	2.630385e-03	7.032679e+00
5.500000e-06	1.569514e-02	7.135800e+00
5.510000e-06	-1.308772e-02	7.189997e+00
5.520000e-06	-1.297039e-02	7.256338e+00
5.530000e-06	4.471113e-03	7.401630e+00
5.540000e-06	1.573831e-03	7.517849e+00
5.550000e-06	-6.012465e-03	7.632030e+00
5.560000e-06	-8.776635e-03	7.726742e+00
5.570000e-06	6.222148e-03	7.821528e+00
5.580000e-06	-5.573534e-03	7.853791e+00
5.590000e-06	-4.905591e-03	7.936970e+00
5.600000e-06	-1.615671e-03	8.093737e+00
5.610000e-06	-1.635354e-03	8.145772e+00
5.620000e-06	-5.512606e-03	8.161547e+00
5.630000e-06	-3.164562e-03	8.254157e+00
5.640000e-06	2.496659e-03	8.316718e+00
5.650000e-06	-5.439578e-03	8.357844e+00
5.660000e-06	-5.336844e-03	8.360448e+00
5.670000e-06	-3.069255e-03	8.432127e+00
5.680000e-06	-1.336815e-03	8.453633e+00
5.690000e-06	-2.801737e-03	8.454107e+00
5.700000e-06	-1.389157e-03	8.515286e+00
5.710000e-06	-3.257737e-03	8.546816e+00
5.720000e-06	-5.591153e-03	8.539995e+00
5.730000e-06	-3.131909e-03	8.590525e+00
5.740000e-06	-1.629565e-03	8.642025e+00
5.750000e-06	-2.153737e-03	8.651604e+00
5.760000e-06	-6.823468e-03	8.633113e+00
5.770000e-06	-2.289723e-03	8.664686e+00
5.780000e-06	-1.493450e-03	8.694289e+00
5.790000e-06	-2.939404e-03	8.695241e+00
5.800000e-06	-4.323925e-03	8.675241e+00
5.810000e-06	-4.738855e-03	8.707719e+00
5.820000e-06	-1.964541e-03	8.686865e+00
5.830000e-06	-5.030845e-03	8.746290e+00
5.840000e-06	-2.744589e-03	8.675312e+00
5.850000e-06	-3.055250e-03	8.675774e+00
5.860000e-06	-3.441593e-03	8.726286e+00
5.870000e-06	-4.258686e-03	8.683312e+00
5.880000e-06	-3.736424e-03	8.686182e+00
5.890000e-06	-1.876779e-03	8.643185e+00
5.900000e-06	-4.498622e-03	8.662101e+00
5.910000e-06	-4.227543e-03	8.591548e+00
5.920000e-06	-5.903512e-03	8.578447e+00
5.930000e-06	-3.001940e-03	8.569845e+00
5.940000e-06	-5.358506e-03	8.476842e+00
5.950000e-06	-4.775789e-03	8.483212e+00
5.960000e-06	-6.236042e-03	8.461555e+00
5.970000e-06	-4.018596e-03	8.401026e+00
5.980000e-06	-4.133398e-03	8.389473e+00
5.990000e-06	-4.465690e-03	8.304294e+00
6.000000e-06	-4.322026e-03	8.254638e+00
6.010000e-06	-3.398121e-03	8.147925e+00
6.020000e-06	-3.876965e-03	8.168787e+00
6.030000e-06	-5.878707e-03	8.112636e+00
6.040000e-06	-4.714562e-03	7.951031e+00
6.050000e-06	-2.859174e-03	7.976220e+00
6.060000e-06	-3.372798e-03	7.852554e+00
6.070000e-06	-2.356217e-03	7.757945e+00
6.080000e-06	-5.341207e-03	7.695738e+00
6.090000e-06	-3.168551e-03	7.630053e+00
6.100000e-06	-4.436841e-03	7.546771e+00
6.110000e-06	-1.935001e-03	7.402479e+00
6.120000e-06	-4.973620e-03	7.314686e+00
6.130000e-06	-2.477907e-03	7.241005e+00
6.140000e-06	-4.345456e-03	7.128820e+00
6.150000e-06	-2.328269e-03	7.053613e+00
6.160000e-06	-4.505755e-03	6.939845e+00
6.170000e-06	-2.569960e-03	6.862604e+00
6.180000e-06	-3.967760e-03	6.798900e+00
6.190000e-06	-2.757620e-03	6.704660e+00
6.200000e-06	-4.579373e-03	6.565648e+00
6.210000e-06	-3.358971e-03	6.421479e+00
6.220000e-06	-3.522619e-03	6.337165e+00
6.230000e-06	-3.827595e-03	6.211452e+00
6.240000e-06	-3.741707e-03	6.104662e+00
6.250000e-06	-3.331946e-03	6.001525e+00
6.260000e-06	-3.142655e-03	5.976138e+00
6.270000e-06	-5.183909e-03	5.747386e+00
6.280000e-06	-3.731774e-03	5.609950e+00
6.290000e-06	-3.809778e-03	5.495083e+00
6.300000e-06	-3.858180e-03	5.378816e+00
6.310000e-06	-4.126892e-03	5.233054e+00
6.320000e-06	-4.006318e-03	5.042511e+00
6.330000e-06	-3.085838e-03	4.863679e+00
6.340000e-06	-4.056183e-03	4.757346e+00
6.350000e-06	-4.262429e-03	4.619473e+00
6.360000e-06	-3.405492e-03	4.495663e+00
6.370000e-06	-3.537790e-03	4.379969e+00
6.380000e-06	-4.324796e-03	4.228873e+00
6.390000e-06	-2.946340e-03	4.051580e+00
6.400000e-06	-4.099565e-03	3.905239e+00
6.410000e-06	-2.916820e-03	3.777367e+00
6.420000e-06	-3.414688e-03	3.621603e+00
6.430000e-06	-3.430326e-03	3.515764e+00
6.440000e-06	-4.094577e-03	3.285212e+00
6.450000e-06	-3.916629e-03	3.198474e+00
6.460000e-06	-3.628840e-03	3.053080e+00
6.470000e-06	-3.742055e-03	2.894711e+00
6.480000e-06	-3.699190e-03	2.739374e+00
6.490000e-06	-3.683150e-03	2.598423e+00
6.500000e-06	-3.914028e-03	2.430004e+00
6.510000e-06	-3.037601e-03	2.262534e+00
6.520000e-06	-4.116810e-03	2.106266e+00
6.530000e-06	-3.263000e-03	1.988899e+00
6.540000e-06	-3.509527e-03	1.841573e+00
6.550000e-06	-3.246739e-03	1.630532e+00
6.560000e-06	-4.101538e-03	1.483559e+00
6.570000e-06	-4.258773e-03	1.316211e+00
6.580000e-06	-3.095308e-03	1.136243e+00
6.590000e-06	-2.331229e-03	9.352184e-01
6.600000e-06	-3.979272e-03	7.693973e-01
6.610000e-06	-3.694284e-03	6.108777e-01
6.620000e-06	-3.579255e-03	4.525529e-01
6.630000e-06	-3.099398e-03	3.347132e-01
6.640000e-06	-4.294708e-03	1.631385e-01
6.650000e-06	-1.239620e-03	-2.113039e-02
6.660000e-06	2.813023e-03	-1.785497e-01
6.670000e-06	6.734893e-05	-3.468620e-01
6.680000e-06	-5.393752e-04	-4.621792e-01
6.690000e-06	-1.998458e-03	-6.421527e-01
6.700000e-06	-1.510814e-03	-7.900512e-01
6.710000e-06	-1.425805e-03	-9.172646e-01
6.720000e-06	2.844303e-03	-1.001155e+00
6.730000e-06	2.663663e-02	-1.178502e+00
6.740000e-06	7.827214e-02	-1.379623e+00
6.750000e-06	-6.291453e-02	-1.621284e+00
6.760000e-06	-1.624771e-02	-1.885762e+00
6.770000e-06	-1.108081e-01	-2.020999e+00
6.780000e-06	3.754120e-02	-2.031578e+00
6.790000e-06	1.282413e-01	-2.043333e+00
6.800000e-06	-1.542457e-01	-2.360042e+00
6.810000e-06	3.340027e-02	-2.527398e+00
6.820000e-06	1.451451e-01	-2.580528e+00
6.830000e-06	-1.969966e-01	-2.781069e+00
6.840000e-06	3.824129e-02	-2.976001e+00
6.850000e-06	1.181723e-01	-3.123320e+00
6.860000e-06	-1.687727e-01	-3.255353e+00
6.870000e-06	1.026862e-01	-3.410050e+00
6.880000e-06	4.091620e-02	-3.498395e+00
6.890000e-06	-1.245507e-01	-3.656490e+00
6.900000e-06	1.198563e-01	-3.845809e+00
6.910000e-06	-8.605795e-02	-4.031657e+00
6.920000e-06	-8.690374e-03	-4.200472e+00
6.930000e-06	1.098514e-01	-4.253233e+00
6.940000e-06	-1.342681e-01	-4.411649e+00
6.950000e-06	8.063675e-02	-4.538922e+00
6.960000e-06	2.531612e-02	-4.706816e+00
6.970000e-06	-6.769115e-02	-4.824787e+00
6.980000e-06	3.362555e-02	-4.979526e+00
6.990000e-06	-4.619970e-02	-5.149392e+00
7.000000e-06	6.516221e-02	-5.234811e+00
7.010000e-06	-2.832172e-02	-5.432630e+00
7.020000e-06	-3.616190e-02	-5.621075e+00
7.030000e-06	8.121878e-02	-5.736866e+00
7.040000e-06	-6.621895e-02	-5.832154e+00
7.050000e-06	7.536299e-03	-5.937868e+00
7.060000e-06	-1.011445e-02	-6.022074e+00
7.070000e-06	1.964895e-02	-6.126415e+00
7.080000e-06	4.280001e-02	-6.267314e+00
7.090000e-06	-9.194958e-02	-6.412654e+00
7.100000e-06	4.196659e-02	-6.476290e+00
7.110000e-06	1.306660e-02	-6.591153e+00
7.120000e-06	-1.998630e-02	-6.717295e+00
7.130000e-06	-3.611398e-03	-6.810525e+00
7.140000e-06	-1.012859e-02	-6.904332e+00
7.150000e-06	4.919232e-02	-6.964683e+00
7.160000e-06	-4.714806e-02	-7.159447e+00
7.170000e-06	-2.493192e-03	-7.202103e+00
7.180000e-06	1.758515e-02	-7.285837e+00
7.190000e-06	-5.256068e-03	-7.411000e+00
7.200000e-06	-5.633526e-03	-7.452761e+00
7.210000e-06	-1.657473e-02	-7.568426e+00
7.220000e-06	2.986344e-02	-7.674685e+00
7.230000e-06	-1.446923e-02	-7.728541e+00
7.240000e-06	-1.135324e-02	-7.904292e+00
7.250000e-06	2.480796e-03	-7.959924e+00
7.260000e-06	2.134979e-03	-8.001079e+00
7.270000e-06	1.000729e-04	-8.053709e+00
7.280000e-06	-8.989798e-03	-8.137319e+00
7.290000e-06	8.496934e-03	-8.171050e+00
7.300000e-06	-6.371858e-03	-8.223104e+00
7.310000e-06	-6.283558e-03	-8.316285e+00
7.320000e-06	-3.142939e-04	-8.348869e+00
7.330000e-06	-5.563944e-04	-8.359470e+00
7.340000e-06	-1.466804e-03	-8.399029e+00
7.350000e-06	-2.733925e-03	-8.422607e+00
7.360000e-06	2.750720e-04	-8.442607e+00
7.370000e-06	-4.825805e-03	-8.503284e+00
7.380000e-06	-4.315318e-03	-8.497890e+00
7.390000e-06	-3.730897e-04	-8.539977e+00
7.400000e-06	-1.370163e-03	-8.573127e+00
7.410000e-06	-4.315085e-03	-8.652656e+00
7.420000e-06	-8.625874e-04	-8.635287e+00
7.430000e-06	-1.514821e-05	-8.705583e+00
7.440000e-06	-5.146788e-03	-8.694720e+00
7.450000e-06	-5.486825e-03	-8.706312e+00
7.460000e-06	-1.699011e-03	-8.748345e+00
7.470000e-06	-6.371432e-04	-8.710391e+00
7.480000e-06	-3.497202e-03	-8.686293e+00
7.490000e-06	-3.121529e-03	-8.728845e+00
7.500000e-06	-2.952860e-03	-8.700345e+00
7.510000e-06	-1.363985e-03	-8.715788e+00
7.520000e-06	-3.724695e-03	-8.747759e+00
7.530000e-06	-2.097302e-03	-8.706712e+00
7.540000e-06	-2.867804e-03	-8.655181e+00
7.550000e-06	-2.718198e-03	-8.644161e+00
7.560000e-06	-2.715130e-03	-8.599999e+00
7.570000e-06	-2.745259e-03	-8.517897e+00
7.580000e-06	-3.743800e-04	-8.527269e+00
7.590000e-06	-1.759002e-03	-8.485712e+00
7.600000e-06	-1.388506e-03	-8.402031e+00
7.610000e-06	-1.502353e-03	-8.410976e+00
7.620000e-06	-5.991247e-04	-8.359974e+00
7.630000e-06	-1.626436e-03	-8.348340e+00
7.640000e-06	-2.995691e-03	-8.294214e+00
7.650000e-06	-2.825173e-03	-8.232078e+00
7.660000e-06	-1.691833e-03	-8.180422e+00
7.670000e-06	-2.237037e-03	-8.147342e+00
7.680000e-06	-3.101305e-03	-8.044533e+00
7.690000e-06	-2.830754e-03	-8.062099e+00
7.700000e-06	-3.125225e-03	-7.960447e+00
7.710000e-06	-3.813032e-03	-7.916235e+00
7.720000e-06	-2.805605e-03	-7.789502e+00
7.730000e-06	-2.686933e-03	-7.673660e+00
7.740000e-06	-4.160243e-03	-7.580596e+00
7.750000e-06	-3.967066e-03	-7.498791e+00
7.760000e-06	-3.286389e-03	-7.423003e+00
7.770000e-06	-4.031805e-03	-7.328795e+00
7.780000e-06	-3.949403e-03	-7.264131e+00
7.790000e-06	-2.887871e-03	-7.180947e+00
7.800000e-06	-2.292371e-03	-7.117241e+00
7.810000e-06	-4.301003e-03	-7.022024e+00
7.820000e-06	-4.103517e-03	-6.862611e+00
7.830000e-06	-2.926501e-03	-6.799969e+00
7.840000e-06	-2.968733e-03	-6.696188e+00
7.850000e-06	-3.883550e-03	-6.560876e+00
7.860000e-06	-3.091919e-03	-6.515709e+00
7.870000e-06	-2.980390e-03	-6.419474e+00
7.880000e-06	-3.859152e-03	-6.277192e+00
7.890000e-06	-4.028299e-03	-6.116820e+00
7.900000e-06	-3.737529e-03	-6.001499e+00
7.910000e-06	-2.847912e-03	-5.907715e+00
7.920000e-06	-4.408408e-03	-5.759974e+00
7.930000e-06	-3.526276e-03	-5.703612e+00
7.940000e-06	-3.358727e-03	-5.589916e+00
7.950000e-06	-4.117687e-03	-5.412512e+00
7.960000e-06	-4.764233e-03	-5.242129e+00
7.970000e-06	-3.347098e-03	-5.126240e+00
7.980000e-06	-3.911379e-03	-4.990319e+00
7.990000e-06	-4.182186e-03	-4.770470e+00
8.000000e-06	-4.198173e-03	-4.631980e+00
8.010000e-06	-4.249120e-03	-4.525715e+00
8.020000e-06	-4.382269e-03	-4.389949e+00
8.030000e-06	-4.679149e-03	-4.275711e+00
8.040000e-06	-3.753471e-03	-4.148371e+00
8.050000e-06	-4.700444e-03	-4.030026e+00
8.060000e-06	-4.482551e-03	-3.896262e+00
8.070000e-06	-3.957743e-03	-3.735861e+00
8.080000e-06	-4.203070e-03	-3.588871e+00
8.090000e-06	-3.948455e-03	-3.450129e+00
8.100000e-06	-4.719273e-03	-3.284188e+00
8.110000e-06	-4.137145e-03	-3.198845e+00
8.120000e-06	-3.802018e-03	-2.991820e+00
8.130000e-06	-4.179922e-03	-2.800501e+00
8.140000e-06	-3.968991e-03	-2.665134e+00
8.150000e-06	-5.479852e-03	-2.556841e+00
8.160000e-06	-4.749499e-03	-2.360399e+00
8.170000e-06	-5.798608e-03	-2.191001e+00
8.180000e-06	-2.801207e-03	-2.031552e+00
8.190000e-06	-5.039476e-03	-1.884258e+00
8.200000e-06	-3.976707e-03	-1.736793e+00
8.210000e-06	-5.270992e-03	-1.618949e+00
8.220000e-06	-2.677672e-03	-1.421490e+00
8.230000e-06	-4.770316e-03	-1.209974e+00
8.240000e-06	-4.381263e-03	-1.052579e+00
8.250000e-06	-5.078307e-03	-8.537120e-01
8.260000e-06	-4.374562e-03	-7.562882e-01
8.270000e-06	-6.961222e-03	-5.557871e-01
8.280000e-06	-3.575986e-03	-4.089473e-01
8.290000e-06	-5.611255e-03	-2.216290e-01
8.300000e-06	-9.821547e-04	-6.360553e-02
8.310000e-06	-1.469764e-03	6.315721e-04
8.320000e-06	3.099612e-03	2.422380e-01
8.330000e-06	-3.823915e-03	3.800026e-01
8.340000e-06	-9.578476e-04	5.358420e-01
8.350000e-06	-4.549768e-03	6.836817e-01
8.360000e-06	-3.463016e-03	7.795486e-01
8.370000e-06	-4.534448e-03	9.473710e-01
8.380000e-06	1.678525e-03	1.136395e+00
8.390000e-06	1.784197e-02	1.325336e+00
8.400000e-06	6.664542e-02	1.473189e+00
8.410000e-06	-1.417688e-02	1.766921e+00
8.420000e-06	-3.985353e-02	1.925392e+00
8.430000e-06	-5.407423e-02	2.040150e+00
8.440000e-06	-8.138004e-02	2.158395e+00
8.450000e-06	1.150584e-01	2.231757e+00
8.460000e-06	3.181272e-02	2.369628e+00
8.470000e-06	-1.533720e-01	2.534733e+00
8.480000e-06	1.565367e-01	2.695811e+00
8.490000e-06	-3.441057e-02	2.853257e+00
8.500000e-06	-9.785920e-02	2.990050e+00
8.510000e-06	1.129724e-01	3.096292e+00
8.520000e-06	-2.227950e-02	3.224207e+00
8.530000e-06	-9.516089e-02	3.455687e+00
8.540000e-06	1.243253e-01	3.560003e+00
8.550000e-06	-5.649916e-02	3.746819e+00
8.560000e-06	-2.172132e-02	3.906362e+00
8.570000e-06	3.648014e-02	4.030653e+00
8.580000e-06	-5.802476e-02	4.159051e+00
8.590000e-06	2.909140e-02	4.368921e+00
8.600000e-06	3.812818e-03	4.496814e+00
8.610000e-06	-1.760573e-02	4.630655e+00
8.620000e-06	2.350866e-02	4.759424e+00
8.630000e-06	2.195350e-04	4.938492e+00
8.640000e-06	-3.128048e-02	5.167394e+00
8.650000e-06	-1.109595e-02	5.286291e+00
8.660000e-06	2.700362e-02	5.421984e+00
8.670000e-06	3.513332e-03	5.527417e+00
8.680000e-06	-2.904143e-02	5.629558e+00
8.690000e-06	1.365902e-02	5.799525e+00
8.700000e-06	-9.986394e-04	5.948393e+00
8.710000e-06	-9.411022e-03	6.021578e+00
8.720000e-06	-4.651064e-03	6.167844e+00
8.730000e-06	-1.139988e-02	6.241656e+00
8.740000e-06	2.793766e-02	6.356921e+00
8.750000e-06	-1.438803e-02	6.432553e+00
8.760000e-06	-1.861331e-02	6.560544e+00
8.770000e-06	8.133994e-03	6.707414e+00
8.780000e-06	6.156947e-03	6.810503e+00
8.790000e-06	-9.332641e-03	6.863282e+00
8.800000e-06	-1.431141e-02	6.989600e+00
8.810000e-06	1.869356e-02	7.054236e+00
8.820000e-06	-2.419037e-03	7.158474e+00
8.830000e-06	-1.605283e-02	7.261054e+00
8.840000e-06	-6.252031e-03	7.350395e+00
8.850000e-06	7.438924e-03	7.495291e+00
8.860000e-06	-1.728857e-03	7.569549e+00
8.870000e-06	-1.044152e-02	7.652210e+00
8.880000e-06	-2.476750e-04	7.766895e+00
8.890000e-06	2.146340e-03	7.853533e+00
8.900000e-06	-5.874541e-03	7.916317e+00
8.910000e-06	-4.652442e-03	8.061649e+00
8.920000e-06	-4.561978e-04	8.074387e+00
8.930000e-06	-4.246657e-03	8.180471e+00
8.940000e-06	-4.346699e-03	8.202525e+00
8.950000e-06	-1.406555e-04	8.273108e+00
8.960000e-06	2.667340e-04	8.287345e+00
8.970000e-06	-6.562391e-03	8.369820e+00
8.980000e-06	-3.937643e-03	8.389026e+00
8.990000e-06	-1.122214e-03	8.461604e+00
9.000000e-06	-2.386600e-03	8.443181e+00
9.010000e-06	-2.033403e-03	8.505736e+00
9.020000e-06	-2.945425e-03	8.525894e+00
9.030000e-06	-3.374995e-03	8.589393e+00
9.040000e-06	-5.329442e-03	8.568924e+00
9.050000e-06	-2.061297e-03	8.629448e+00
9.060000e-06	-1.001588e-03	8.622077e+00
9.070000e-06	-4.610711e-03	8.661683e+00
9.080000e-06	-4.324827e-03	8.683633e+00
9.090000e-06	-3.287178e-03	8.667164e+00
9.100000e-06	-2.082390e-04	8.685654e+00
9.110000e-06	-5.088586e-03	8.703737e+00
9.120000e-06	-3.023815e-03	8.704336e+00
9.130000e-06	-3.892676e-03	8.736737e+00
9.140000e-06	-2.048596e-03	8.735691e+00
9.150000e-06	-3.900521e-03	8.747243e+00
9.160000e-06	-3.424119e-03	8.725238e+00
9.170000e-06	-3.476089e-03	8.715215e+00
9.180000e-06	-3.721152e-03	8.685609e+00
9.190000e-06	-2.843641e-03	8.714710e+00
9.200000e-06	-4.357819e-03	8.684160e+00
9.210000e-06	-3.819539e-03	8.642107e+00
9.220000e-06	-5.018736e-03	8.632053e+00
9.230000e-06	-3.970931e-03	8.610499e+00
9.240000e-06	-3.977341e-03	8.548849e+00
9.250000e-06	-3.994956e-03	8.507341e+00
9.260000e-06	-5.000087e-03	8.486712e+00
9.270000e-06	-5.324973e-03	8.474158e+00
9.280000e-06	-5.060009e-03	8.460528e+00
9.290000e-06	-3.776289e-03	8.389973e+00
9.300000e-06	-4.494236e-03	8.338348e+00
9.310000e-06	-5.423311e-03	8.276611e+00
9.320000e-06	-3.884145e-03	8.271583e+00
9.330000e-06	-3.964818e-03	8.148346e+00
9.340000e-06	-3.257313e-03	8.106233e+00
9.350000e-06	-3.174416e-03	8.031932e+00
9.360000e-06	-3.885299e-03	7.978921e+00
9.370000e-06	-3.505921e-03	7.894135e+00
9.380000e-06	-4.532324e-03	7.840475e+00
9.390000e-06	-3.071299e-03	7.748270e+00
9.400000e-06	-4.161289e-03	7.683633e+00
9.410000e-06	-3.995227e-03	7.590376e+00
9.420000e-06	-3.616978e-03	7.486712e+00
9.430000e-06	-4.026993e-03	7.369274e+00
9.440000e-06	-4.085826e-03	7.274581e+00
9.450000e-06	-4.884597e-03	7.169945e+00
9.460000e-06	-2.393993e-03	7.115263e+00
9.470000e-06	-4.110961e-03	7.019399e+00
9.480000e-06	-2.976286e-03	6.924661e+00
9.490000e-06	-3.675533e-03	6.832550e+00
9.500000e-06	-2.401421e-03	6.758296e+00
9.510000e-06	-5.238923e-03	6.609377e+00
9.520000e-06	-4.524296e-03	6.503637e+00
9.530000e-06	-3.778134e-03	6.378471e+00
9.540000e-06	-2.506341e-03	6.283086e+00
9.550000e-06	-4.044338e-03	6.218394e+00
9.560000e-06	-3.287108e-03	6.073106e+00
9.570000e-06	-3.680367e-03	5.999423e+00
9.580000e-06	-4.038186e-03	5.822482e+00
9.590000e-06	-3.731692e-03	5.682605e+00
9.600000e-06	-3.687037e-03	5.588845e+00
9.610000e-06	-3.346005e-03	5.413999e+00
9.620000e-06	-3.402448e-03	5.305216e+00
9.630000e-06	-4.257234e-03	5.160318e+00
9.640000e-06	-3.634695e-03	4.977323e+00
9.650000e-06	-3.499028e-03	4.811000e+00
9.660000e-06	-3.241509e-03	4.663184e+00
9.670000e-06	-3.351432e-03	4.555215e+00
9.680000e-06	-4.015485e-03	4.431025e+00
9.690000e-06	-4.715829e-03	4.305238e+00
9.700000e-06	-3.836240e-03	4.136164e+00
9.710000e-06	-3.352105e-03	3.979920e+00
9.720000e-06	-4.250577e-03	3.851051e+00
9.730000e-06	-3.500444e-03	3.675740e+00
9.740000e-06	-3.280481e-03	3.569420e+00
9.750000e-06	-2.900573e-03	3.410973e+00
9.760000e-06	-4.069912e-03	3.281052e+00
9.770000e-06	-3.834325e-03	3.096740e+00
9.780000e-06	-4.226493e-03	2.967345e+00
9.790000e-06	-3.102591e-03	2.811074e+00
9.800000e-06	-3.785288e-03	2.736186e+00
9.810000e-06	-3.978772e-03	2.463610e+00
9.820000e-06	-3.205505e-03	2.317241e+00
9.830000e-06	-3.416064e-03	2.219951e+00
9.840000e-06	-3.904563e-03	2.062053e+00
9.850000e-06	-3.880771e-03	1.936713e+00
9.860000e-06	-4.210476e-03	1.723840e+00
9.870000e-06	-3.335504e-03	1.586722e+00
9.880000e-06	-2.978813e-03	1.400396e+00
9.890000e-06	-2.924501e-03	1.210532e+00
9.900000e-06	-4.106026e-03	1.072475e+00
9.910000e-06	-4.404960e-03	8.310315e-01
9.920000e-06	-4.005273e-03	6.841906e-01
9.930000e-06	-3.890024e-03	5.276657e-01
9.940000e-06	-3.794763e-03	4.094487e-01
9.950000e-06	-2.774688e-03	2.399064e-01
9.960000e-06	-2.511179e-03	1.105281e-02
9.970000e-06	8.110162e-04	-1.067632e-01
9.980000e-06	1.924429e-03	-2.427080e-01
9.990000e-06	-2.963667e-03	-3.695224e-01
1.000000e-05	1.001089e-03	-4.968409e-01
1.001000e-05	-3.379713e-03	-6.959434e-01
1.002000e-05	-2.563285e-04	-8.231828e-01
1.003000e-05	-2.712133e-03	-9.684449e-01
1.004000e-05	8.497660e-03	-1.095367e+00
1.005000e-05	6.266099e-02	-1.202736e+00
1.006000e-05	1.457686e-02	-1.495367e+00
1.007000e-05	-5.623384e-02	-1.768898e+00
1.008000e-05	-3.896444e-02	-1.986946e+00
1.009000e-05	-1.058903e-01	-1.990527e+00
1.010000e-05	1.631882e-01	-2.020054e+00
1.011000e-05	-9.886758e-03	-2.199606e+00
1.012000e-05	-1.616465e-01	-2.514306e+00
1.013000e-05	1.824474e-01	-2.558395e+00
1.014000e-05	-5.496647e-02	-2.653266e+00
1.015000e-05	-1.490161e-01	-2.844808e+00
1.016000e-05	1.688709e-01	-2.994557e+00
1.017000e-05	-4.287195e-02	-3.170599e+00
1.018000e-05	-9.732029e-02	-3.349370e+00
1.019000e-05	1.738452e-01	-3.442187e+00
1.020000e-05	-1.287205e-01	-3.581053e+00
1.021000e-05	1.414199e-02	-3.800126e+00
1.022000e-05	5.498786e-02	-3.958445e+00
1.023000e-05	-1.241765e-01	-4.156866e+00
1.024000e-05	1.143616e-01	-4.211605e+00
1.025000e-05	-2.213188e-02	-4.367890e+00
1.026000e-05	-7.059573e-02	-4.466265e+00
1.027000e-05	1.196591e-01	-4.624228e+00
1.028000e-05	-7.062568e-02	-4.820548e+00
1.029000e-05	-4.019302e-03	-4.917415e+00
1.030000e-05	-1.689503e-03	-5.053210e+00
1.031000e-05	-1.099341e-02	-5.221079e+00
1.032000e-05	6.627409e-02	-5.298472e+00
1.033000e-05	-9.193894e-02	-5.528369e+00
1.034000e-05	6.002509e-02	-5.652607e+00
1.035000e-05	9.627966e-03	-5.740474e+00
1.036000e-05	-5.863280e-02	-5.896790e+00
1.037000e-05	3.027103e-02	-5.979372e+00
1.038000e-05	-3.030848e-02	-6.064158e+00
1.039000e-05	7.244188e-02	-6.223705e+00
1.040000e-05	-4.699709e-02	-6.328999e+00
1.041000e-05	-3.937346e-02	-6.424210e+00
1.042000e-05	6.055005e-02	-6.536924e+00
1.043000e-05	-2.698471e-02	-6.645709e+00
1.044000e-05	2.021232e-03	-6.736449e+00
1.045000e-05	-2.548155e-02	-6.831604e+00
1.046000e-05	3.536843e-02	-7.009549e+00
1.047000e-05	7.390578e-03	-7.116237e+00
1.048000e-05	-4.554186e-02	-7.201524e+00
1.049000e-05	2.264745e-02	-7.241735e+00
1.050000e-05	-6.902061e-04	-7.389444e+00
1.051000e-05	4.519660e-04	-7.444632e+00
1.052000e-05	-1.880726e-02	-7.547317e+00
1.053000e-05	8.541935e-03	-7.623153e+00
1.054000e-05	1.668249e-02	-7.748343e+00
1.055000e-05	-2.326413e-02	-7.845103e+00
1.056000e-05	1.979661e-04	-7.898892e+00
1.057000e-05	2.165883e-04	-7.991548e+00
1.058000e-05	4.191238e-03	-8.012633e+00
1.059000e-05	-5.668432e-03	-8.096339e+00
1.060000e-05	-1.750195e-03	-8.139472e+00
1.061000e-05	4.862428e-03	-8.232105e+00
1.062000e-05	-1.091779e-02	-8.254181e+00
1.063000e-05	8.766310e-04	-8.326816e+00
1.064000e-05	-1.326278e-03	-8.359445e+00
1.065000e-05	-1.196526e-03	-8.360475e+00
1.066000e-05	-2.190150e-03	-8.421552e+00
1.067000e-05	-8.451373e-04	-8.443710e+00
1.068000e-05	-1.503398e-03	-8.454756e+00
1.069000e-05	-5.513621e-03	-8.477238e+00
1.070000e-05	-7.120163e-04	-8.548969e+00
1.071000e-05	-1.648481e-03	-8.580525e+00
1.072000e-05	-4.506610e-03	-8.611583e+00
1.073000e-05	-3.866050e-03	-8.605711e+00
1.074000e-05	1.876927e-03	-8.636240e+00
1.075000e-05	-1.802899e-03	-8.664319e+00
1.076000e-05	-6.724205e-03	-8.717865e+00
1.077000e-05	-3.456187e-03	-8.746344e+00
1.078000e-05	-8.154347e-05	-8.747440e+00
1.079000e-05	-1.686949e-03	-8.727440e+00
1.080000e-05	-4.248620e-03	-8.727420e+00
1.081000e-05	-3.086783e-03	-8.748894e+00
1.082000e-05	-1.585908e-03	-8.736791e+00
1.083000e-05	-3.088623e-03	-8.696794e+00
1.084000e-05	-3.538966e-03	-8.666766e+00
1.085000e-05	-1.904257e-03	-8.694787e+00
1.086000e-05	-1.709729e-03	-8.673605e+00
1.087000e-05	-2.852380e-03	-8.591077e+00
1.088000e-05	-2.433627e-03	-8.550473e+00
1.089000e-05	-6.992492e-04	-8.551394e+00
1.090000e-05	-1.530409e-03	-8.476686e+00
1.091000e-05	-1.227884e-03	-8.433183e+00
1.092000e-05	-1.755630e-03	-8.421574e+00
1.093000e-05	-7.409286e-04	-8.421000e+00
1.094000e-05	-6.673762e-04	-8.327923e+00
1.095000e-05	-2.205456e-03	-8.298315e+00
1.096000e-05	-3.669725e-03	-8.294634e+00
1.097000e-05	-1.709483e-03	-8.212053e+00
1.098000e-05	-2.292318e-03	-8.128917e+00
1.099000e-05	-2.017776e-03	-8.067215e+00
1.100000e-05	-4.022328e-03	-8.043683e+00
1.101000e-05	-2.895157e-03	-8.029474e+00
1.102000e-05	-3.435963e-03	-7.909292e+00
1.103000e-05	-3.109832e-03	-7.806086e+00
1.104000e-05	-2.804032e-03	-7.717366e+00
1.105000e-05	-3.439261e-03	-7.622554e+00
1.106000e-05	-2.621865e-03	-7.518822e+00
1.107000e-05	-3.552316e-03	-7.484105e+00
1.108000e-05	-3.673829e-03	-7.391498e+00
1.109000e-05	-3.312089e-03	-7.295319e+00
1.110000e-05	-3.646716e-03	-7.243623e+00
1.111000e-05	-3.180903e-03	-7.168994e+00
1.112000e-05	-3.060549e-03	-7.074659e+00
1.113000e-05	-3.156181e-03	-6.929715e+00
1.114000e-05	-2.180551e-03	-6.831081e+00
1.115000e-05	-3.692313e-03	-6.718320e+00
1.116000e-05	-4.123026e-03	-6.631578e+00
1.117000e-05	-3.454859e-03	-6.537292e+00
1.118000e-05	-2.880972e-03	-6.462607e+00
1.119000e-05	-2.948307e-03	-6.369916e+00
1.120000e-05	-5.172702e-03	-6.231500e+00
1.121000e-05	-1.144273e-03	-6.062634e+00
1.122000e-05	-1.631985e-03	-5.978870e+00
1.123000e-05	-3.720187e-03	-5.873679e+00
1.124000e-05	-4.263851e-03	-5.728292e+00
1.125000e-05	-5.202835e-03	-5.641004e+00
1.126000e-05	-4.133480e-03	-5.476739e+00
1.127000e-05	-6.687897e-03	-5.326787e+00
1.128000e-05	-3.626676e-03	-5.178469e+00
1.129000e-05	-3.003306e-03	-5.043080e+00
1.130000e-05	-2.730173e-03	-4.896158e+00
1.131000e-05	-3.409435e-03	-4.724157e+00
1.132000e-05	-2.706313e-03	-4.578997e+00
1.133000e-05	-3.078943e-03	-4.464154e+00
1.134000e-05	-4.728798e-03	-4.338392e+00
1.135000e-05	-6.123894e-03	-4.231500e+00
1.136000e-05	-5.452940e-03	-4.124156e+00
1.137000e-05	-5.852351e-03	-3.979416e+00
1.138000e-05	-3.294000e-03	-3.822504e+00
1.139000e-05	-4.514189e-03	-3.661053e+00
1.140000e-05	-2.272302e-03	-3.545713e+00
1.141000e-05	-3.934600e-03	-3.399865e+00
1.142000e-05	-3.763497e-03	-3.211004e+00
1.143000e-05	-4.505096e-03	-3.106159e+00
1.144000e-05	-4.118858e-03	-2.874205e+00
1.145000e-05	-4.918974e-03	-2.748849e+00
1.146000e-05	-4.643401e-03	-2.601476e+00
1.147000e-05	-5.514729e-03	-2.403608e+00
1.148000e-05	-4.510342e-03	-2.307763e+00
1.149000e-05	-4.655259e-03	-2.112686e+00
1.150000e-05	-2.653898e-03	-1.998817e+00
1.151000e-05	-3.791824e-03	-1.841027e+00
1.152000e-05	-3.499080e-03	-1.653058e+00
1.153000e-05	-4.229662e-03	-1.538238e+00
1.154000e-05	-4.030713e-03	-1.292685e+00
1.155000e-05	-4.300654e-03	-1.148363e+00
1.156000e-05	-5.671114e-03	-9.669711e-01
1.157000e-05	-5.274790e-03	-8.309976e-01
1.158000e-05	-4.782094e-03	-6.315842e-01
1.159000e-05	-3.504369e-03	-4.730540e-01
1.160000e-05	-3.895485e-03	-3.347859e-01
1.161000e-05	-3.595687e-03	-2.089436e-01
1.162000e-05	-1.565401e-03	-2.000194e-03
1.163000e-05	-1.760942e-04	1.363659e-01
1.164000e-05	-1.128868e-03	3.278183e-01
1.165000e-05	-3.181080e-03	4.616079e-01
1.166000e-05	-5.691731e-04	5.690287e-01
1.167000e-05	-4.488660e-03	7.173919e-01
1.168000e-05	-2.815978e-03	8.326591e-01
1.169000e-05	-2.035120e-03	1.072107e+00
1.170000e-05	8.430770e-03	1.210078e+00
1.171000e-05	3.925974e-02	1.398951e+00
1.172000e-05	4.581536e-02	1.634333e+00
1.173000e-05	-5.113134e-02	1.843155e+00
1.174000e-05	-3.489096e-02	1.988948e+00
1.175000e-05	-8.268952e-02	2.085312e+00
1.176000e-05	-4.410671e-03	2.169472e+00
1.177000e-05	1.512383e-01	2.336368e+00
1.178000e-05	-1.133499e-01	2.431655e+00
1.179000e-05	-1.854975e-02	2.606919e+00
1.180000e-05	1.367932e-01	2.799426e+00
1.181000e-05	-1.324815e-01	2.946893e+00
1.182000e-05	8.926111e-03	3.020613e+00
1.183000e-05	1.051918e-01	3.208951e+00
1.184000e-05	-1.331080e-01	3.356895e+00
1.185000e-05	4.384065e-02	3.556840e+00
1.186000e-05	6.058175e-02	3.661632e+00
1.187000e-05	-7.754575e-02	3.789079e+00
1.188000e-05	3.856531e-02	3.970496e+00
1.189000e-05	-2.116640e-02	4.095239e+00
1.190000e-05	-2.285345e-02	4.265390e+00
1.191000e-05	3.861540e-02	4.412102e+00
1.192000e-05	-2.371512e-02	4.559951e+00
1.193000e-05	6.588309e-03	4.676787e+00
1.194000e-05	2.128588e-02	4.883654e+00
1.195000e-05	-2.639349e-02	5.016710e+00
1.196000e-05	-2.154322e-02	5.229056e+00
1.197000e-05	3.413337e-03	5.327893e+00
1.198000e-05	3.383510e-02	5.464184e+00
1.199000e-05	-2.774768e-02	5.600920e+00
1.200000e-05	-7.551310e-03	5.672238e+00
1.201000e-05	8.823078e-03	5.836239e+00
1.202000e-05	-8.555852e-03	5.979501e+00
1.203000e-05	-1.308345e-03	6.084684e+00
1.204000e-05	-1.753696e-02	6.210003e+00
1.205000e-05	1.427506e-02	6.336212e+00
1.206000e-05	1.253198e-02	6.410023e+00
1.207000e-05	-2.310680e-02	6.486767e+00
1.208000e-05	-6.552801e-03	6.634183e+00
1.209000e-05	1.235409e-02	6.747972e+00
1.210000e-05	-4.610040e-03	6.831104e+00
1.211000e-05	-1.581905e-02	6.906317e+00
1.212000e-05	1.281045e-03	7.011076e+00
1.213000e-05	1.793348e-02	7.135994e+00
1.214000e-05	-1.382785e-02	7.199498e+00
1.215000e-05	-1.418222e-02	7.263686e+00
1.216000e-05	3.104620e-03	7.401528e+00
1.217000e-05	3.317412e-03	7.558891e+00
1.218000e-05	-5.630180e-03	7.620529e+00
1.219000e-05	-9.326826e-03	7.706290e+00
1.220000e-05	6.237392e-03	7.819525e+00
1.221000e-05	-5.635820e-03	7.893714e+00
1.222000e-05	-4.812361e-03	7.929425e+00
1.223000e-05	-1.848901e-03	8.054134e+00
1.224000e-05	-2.461325e-04	8.138766e+00
1.225000e-05	-5.326178e-03	8.198921e+00
1.226000e-05	-4.209494e-03	8.233207e+00
1.227000e-05	2.043565e-03	8.305285e+00
1.228000e-05	-5.365093e-03	8.339441e+00
1.229000e-05	-5.087567e-03	8.388997e+00
1.230000e-05	-2.277965e-03	8.432052e+00
1.231000e-05	1.663713e-04	8.472131e+00
1.232000e-05	-3.027616e-03	8.474637e+00
1.233000e-05	-2.579250e-03	8.475261e+00
1.234000e-05	-3.089257e-03	8.538744e+00
1.235000e-05	-5.915698e-03	8.579471e+00
1.236000e-05	-3.782341e-03	8.618898e+00
1.237000e-05	-1.047619e-04	8.582578e+00
1.238000e-05	-1.414476e-03	8.632633e+00
1.239000e-05	-5.036482e-03	8.654133e+00
1.240000e-05	-3.690438e-03	8.663711e+00
1.241000e-05	-1.962975e-03	8.674759e+00
1.242000e-05	-3.654476e-03	8.674716e+00
1.243000e-05	-4.655096e-03	8.693714e+00
1.244000e-05	-3.415392e-03	8.695790e+00
1.245000e-05	-2.299740e-03	8.746765e+00
1.246000e-05	-2.925566e-03	8.696741e+00
1.247000e-05	-2.661352e-03	8.716715e+00
1.248000e-05	-3.671867e-03	8.726215e+00
1.249000e-05	-3.537894e-03	8.684787e+00
1.250000e-05	-4.679923e-03	8.705686e+00
1.251000e-05	-3.203427e-03	8.674683e+00
1.252000e-05	-2.921311e-03	8.662131e+00
1.253000e-05	-4.411381e-03	8.603603e+00
1.254000e-05	-4.532749e-03	8.590525e+00
1.255000e-05	-4.855788e-03	8.578974e+00
1.256000e-05	-4.263783e-03	8.548371e+00
1.257000e-05	-5.562865e-03	8.504235e+00
1.258000e-05	-4.571788e-03	8.493656e+00
1.259000e-05	-6.320542e-03	8.442633e+00
1.260000e-05	-4.096033e-03	8.400027e+00
1.261000e-05	-5.157739e-03	8.379498e+00
1.262000e-05	-4.598870e-03	8.356786e+00
1.263000e-05	-5.152373e-03	8.242711e+00
1.264000e-05	-2.987154e-03	8.191430e+00
1.265000e-05	-4.160277e-03	8.115766e+00
1.266000e-05	-4.399154e-03	8.061206e+00
1.267000e-05	-3.712673e-03	8.041347e+00
1.268000e-05	-2.752349e-03	7.925315e+00
1.269000e-05	-3.977308e-03	7.834054e+00
1.270000e-05	-3.649754e-03	7.778970e+00
1.271000e-05	-5.120545e-03	7.684716e+00
1.272000e-05	-3.496080e-03	7.602554e+00
1.273000e-05	-4.085702e-03	7.568343e+00
1.274000e-05	-2.479990e-03	7.452136e+00
1.275000e-05	-4.634283e-03	7.316771e+00
1.276000e-05	-2.233245e-03	7.212026e+00
1.277000e-05	-4.167980e-03	7.117819e+00
1.278000e-05	-2.493019e-03	7.074129e+00
1.279000e-05	-4.955069e-03	6.968496e+00
1.280000e-05	-2.877331e-03	6.864636e+00
1.281000e-05	-2.893191e-03	6.808975e+00
1.282000e-05	-3.007309e-03	6.705138e+00
1.283000e-05	-4.735361e-03	6.516764e+00
1.284000e-05	-3.113456e-03	6.452576e+00
1.285000e-05	-2.720377e-03	6.314795e+00
1.286000e-05	-3.814972e-03	6.220604e+00
1.287000e-05	-4.266909e-03	6.105718e+00
1.288000e-05	-2.680300e-03	6.002023e+00
1.289000e-05	-1.652741e-03	5.936738e+00
1.290000e-05	-4.288423e-03	5.765388e+00
1.291000e-05	-4.228404e-03	5.671047e+00
1.292000e-05	-3.905830e-03	5.474658e+00
1.293000e-05	-2.946865e-03	5.368397e+00
1.294000e-05	-3.539821e-03	5.212576e+00
1.295000e-05	-3.953357e-03	5.121936e+00
1.296000e-05	-3.501328e-03	4.873028e+00
1.297000e-05	-3.526055e-03	4.728794e+00
1.298000e-05	-3.953625e-03	4.620900e+00
1.299000e-05	-4.429840e-03	4.453611e+00
1.300000e-05	-4.030596e-03	4.409847e+00
1.301000e-05	-3.444324e-03	4.228378e+00
1.302000e-05	-3.187311e-03	4.032029e+00
1.303000e-05	-3.993064e-03	3.923190e+00
1.304000e-05	-3.827529e-03	3.779867e+00
1.305000e-05	-3.522779e-03	3.652103e+00
1.306000e-05	-3.091908e-03	3.495165e+00
1.307000e-05	-4.101853e-03	3.336241e+00
1.308000e-05	-4.632573e-03	3.160420e+00
1.309000e-05	-4.134807e-03	3.033053e+00
1.310000e-05	-2.484254e-03	2.924638e+00
1.311000e-05	-3.398529e-03	2.759871e+00
1.312000e-05	-4.310305e-03	2.620374e+00
1.313000e-05	-4.305571e-03	2.420474e+00
1.314000e-05	-3.234444e-03	2.234650e+00
1.315000e-05	-3.822486e-03	2.095186e+00
1.316000e-05	-4.142763e-03	1.978469e+00
1.317000e-05	-4.270828e-03	1.891179e+00
1.318000e-05	-3.463614e-03	1.623531e+00
1.319000e-05	-3.142175e-03	1.462209e+00
1.320000e-05	-4.089944e-03	1.285287e+00
1.321000e-05	-3.514951e-03	1.159374e+00
1.322000e-05	-3.476912e-03	9.147873e-01
1.323000e-05	-3.799823e-03	7.779186e-01
1.324000e-05	-4.175934e-03	5.805250e-01
1.325000e-05	-3.415386e-03	4.626092e-01
1.326000e-05	-3.973699e-03	3.877408e-01
1.327000e-05	-4.994511e-03	1.161609e-01
1.328000e-05	-2.867509e-03	-2.062640e-02
1.329000e-05	2.811078e-03	-1.804449e-01
1.330000e-05	3.016948e-03	-3.268920e-01
1.331000e-05	-4.117022e-05	-4.215803e-01
1.332000e-05	-2.688413e-03	-6.020815e-01
1.333000e-05	-3.099937e-03	-7.794961e-01
1.334000e-05	-2.295191e-03	-8.968380e-01
1.335000e-05	1.065315e-03	-1.001132e+00
1.336000e-05	2.415358e-02	-1.158472e+00
1.337000e-05	8.203831e-02	-1.380552e+00
1.338000e-05	-5.815707e-02	-1.632730e+00
1.339000e-05	-1.790119e-02	-1.884736e+00
1.340000e-05	-1.065004e-01	-1.990550e+00
1.341000e-05	2.025567e-02	-2.041053e+00
1.342000e-05	1.391208e-01	-2.030762e+00
1.343000e-05	-1.442845e-01	-2.368970e+00
1.344000e-05	1.218552e-02	-2.527491e+00
1.345000e-05	1.547508e-01	-2.589429e+00
1.346000e-05	-1.955022e-01	-2.759045e+00
1.347000e-05	1.905567e-02	-2.978454e+00
1.348000e-05	1.311364e-01	-3.116341e+00
1.349000e-05	-1.643533e-01	-3.264781e+00
1.350000e-05	8.675063e-02	-3.420076e+00
1.351000e-05	5.732602e-02	-3.496868e+00
1.352000e-05	-1.335285e-01	-3.713347e+00
1.353000e-05	1.180161e-01	-3.865810e+00
1.354000e-05	-7.504409e-02	-4.023185e+00
1.355000e-05	-2.333462e-02	-4.200500e+00
1.356000e-05	1.181780e-01	-4.263686e+00
1.357000e-05	-1.305799e-01	-4.409628e+00
1.358000e-05	6.848919e-02	-4.569040e+00
1.359000e-05	3.614151e-02	-4.716391e+00
1.360000e-05	-7.240655e-02	-4.873312e+00
1.361000e-05	3.364289e-02	-4.980475e+00
1.362000e-05	-4.417631e-02	-5.127967e+00
1.363000e-05	6.005438e-02	-5.295237e+00
1.364000e-05	-1.860228e-02	-5.372653e+00
1.365000e-05	-4.610963e-02	-5.590479e+00
1.366000e-05	8.396339e-02	-5.706163e+00
1.367000e-05	-6.349287e-02	-5.822182e+00
1.368000e-05	6.347210e-04	-5.948318e+00
1.369000e-05	-4.632850e-03	-5.990604e+00
1.370000e-05	1.415754e-02	-6.168272e+00
1.371000e-05	5.125290e-02	-6.296387e+00
1.372000e-05	-9.436660e-02	-6.390527e+00
1.373000e-05	3.633205e-02	-6.476740e+00
1.374000e-05	1.936710e-02	-6.611626e+00
1.375000e-05	-2.129427e-02	-6.718312e+00
1.376000e-05	-2.768838e-03	-6.779924e+00
1.377000e-05	-1.510892e-02	-6.886910e+00
1.378000e-05	5.120584e-02	-7.053630e+00
1.379000e-05	-4.300666e-02	-7.148419e+00
1.380000e-05	-7.962193e-03	-7.242603e+00
1.381000e-05	1.803736e-02	-7.306317e+00
1.382000e-05	-5.597257e-03	-7.421550e+00
1.383000e-05	-3.849650e-03	-7.482712e+00
1.384000e-05	-1.918166e-02	-7.547943e+00
1.385000e-05	2.958943e-02	-7.645259e+00
1.386000e-05	-1.170579e-02	-7.737899e+00
1.387000e-05	-1.263638e-02	-7.887785e+00
1.388000e-05	1.879671e-03	-7.978024e+00
1.389000e-05	1.158287e-03	-8.020604e+00
1.390000e-05	1.866694e-03	-8.063734e+00
1.391000e-05	-9.507596e-03	-8.127800e+00
1.392000e-05	7.040949e-03	-8.209601e+00
1.393000e-05	-6.488606e-03	-8.243708e+00
1.394000e-05	-5.079430e-03	-8.285237e+00
1.395000e-05	6.182618e-04	-8.339446e+00
1.396000e-05	-1.621276e-03	-8.349023e+00
1.397000e-05	-1.851336e-03	-8.389003e+00
1.398000e-05	-2.557885e-03	-8.422056e+00
1.399000e-05	2.723216e-04	-8.435160e+00
1.400000e-05	-5.222671e-03	-8.465759e+00
1.401000e-05	-3.425392e-03	-8.536345e+00
1.402000e-05	-1.078087e-03	-8.549420e+00
1.403000e-05	-2.754300e-03	-8.610081e+00
1.404000e-05	-5.259037e-03	-8.604151e+00
1.405000e-05	-9.074409e-04	-8.661687e+00
1.406000e-05	1.680151e-04	-8.666211e+00
1.407000e-05	-5.305619e-03	-8.677266e+00
1.408000e-05	-5.005255e-03	-8.707815e+00
1.409000e-05	-7.544303e-04	-8.747871e+00
1.410000e-05	-3.607303e-04	-8.709369e+00
1.411000e-05	-3.647597e-03	-8.696844e+00
1.412000e-05	-3.293103e-03	-8.725469e+00
1.413000e-05	-3.138360e-03	-8.717768e+00
1.414000e-05	-2.006188e-03	-8.726764e+00
1.415000e-05	-3.434222e-03	-8.696389e+00
1.416000e-05	-2.986067e-03	-8.678689e+00
1.417000e-05	-1.392857e-03	-8.653137e+00
1.418000e-05	-3.565994e-03	-8.661581e+00
1.419000e-05	-7.566858e-04	-8.620974e+00
1.420000e-05	-2.373003e-03	-8.520975e+00
1.421000e-05	-2.797345e-04	-8.515840e+00
1.422000e-05	-2.765616e-03	-8.476759e+00
1.423000e-05	-5.385711e-04	-8.443634e+00
1.424000e-05	-2.208961e-03	-8.420528e+00
1.425000e-05	-3.138524e-04	-8.380047e+00
1.426000e-05	-2.238218e-03	-8.337342e+00
1.427000e-05	-2.263719e-03	-8.287236e+00
1.428000e-05	-3.748139e-03	-8.254105e+00
1.429000e-05	-1.217830e-03	-8.180975e+00
1.430000e-05	-2.045066e-03	-8.137792e+00
1.431000e-05	-2.255672e-03	-8.074208e+00
1.432000e-05	-3.493342e-03	-8.021605e+00
1.433000e-05	-3.619723e-03	-8.020375e+00
1.434000e-05	-4.017380e-03	-7.926364e+00
1.435000e-05	-3.593244e-03	-7.810478e+00
1.436000e-05	-3.273871e-03	-7.676183e+00
1.437000e-05	-3.171881e-03	-7.600423e+00
1.438000e-05	-2.321553e-03	-7.506738e+00
1.439000e-05	-3.136064e-03	-7.412102e+00
1.440000e-05	-3.359982e-03	-7.307421e+00
1.441000e-05	-3.781611e-03	-7.283184e+00
1.442000e-05	-2.506599e-03	-7.189975e+00
1.443000e-05	-2.752755e-03	-7.117837e+00
1.444000e-05	-3.286743e-03	-7.020376e+00
1.445000e-05	-3.782448e-03	-6.864109e+00
1.446000e-05	-2.735728e-03	-6.760398e+00
1.447000e-05	-3.423941e-03	-6.716761e+00
1.448000e-05	-3.641583e-03	-6.581975e+00
1.449000e-05	-2.708065e-03	-6.465738e+00
1.450000e-05	-2.916052e-03	-6.411049e+00
1.451000e-05	-4.256324e-03	-6.314737e+00
1.452000e-05	-3.535906e-03	-6.117312e+00
1.453000e-05	-2.696656e-03	-6.031473e+00
1.454000e-05	-3.761649e-03	-5.947788e+00
1.455000e-05	-4.489656e-03	-5.810524e+00
1.456000e-05	-3.129330e-03	-5.704709e+00
1.457000e-05	-3.600130e-03	-5.579842e+00
1.458000e-05	-3.645381e-03	-5.420457e+00
1.459000e-05	-3.910224e-03	-5.232083e+00
1.460000e-05	-3.889629e-03	-5.105261e+00
1.461000e-05	-4.694077e-03	-4.929846e+00
1.462000e-05	-5.794974e-03	-4.779524e+00
1.463000e-05	-4.478958e-03	-4.633031e+00
1.464000e-05	-3.228645e-03	-4.527315e+00
1.465000e-05	-4.174946e-03	-4.401025e+00
1.466000e-05	-4.713857e-03	-4.325762e+00
1.467000e-05	-3.684158e-03	-4.188923e+00
1.468000e-05	-4.237167e-03	-4.029596e+00
1.469000e-05	-4.685585e-03	-3.967213e+00
1.470000e-05	-4.609655e-03	-3.727213e+00
1.471000e-05	-3.788448e-03	-3.578846e+00
1.472000e-05	-3.196419e-03	-3.471558e+00
1.473000e-05	-4.799461e-03	-3.316185e+00
1.474000e-05	-3.900432e-03	-3.158416e+00
1.475000e-05	-3.801437e-03	-2.979422e+00
1.476000e-05	-3.465722e-03	-2.821551e+00
1.477000e-05	-3.450441e-03	-2.685308e+00
1.478000e-05	-5.720786e-03	-2.526238e+00
1.479000e-05	-4.121328e-03	-2.406974e+00
1.480000e-05	-5.077303e-03	-2.231072e+00
1.481000e-05	-2.935973e-03	-2.000579e+00
1.482000e-05	-4.900922e-03	-1.915287e+00
1.483000e-05	-3.357203e-03	-1.788394e+00
1.484000e-05	-4.315551e-03	-1.600003e+00
1.485000e-05	-3.578786e-03	-1.370898e+00
1.486000e-05	-4.757248e-03	-1.210449e+00
1.487000e-05	-4.513901e-03	-1.022078e+00
1.488000e-05	-4.847576e-03	-8.550357e-01
1.489000e-05	-4.830630e-03	-7.584160e-01
1.490000e-05	-6.172660e-03	-5.288399e-01
1.491000e-05	-3.604491e-03	-3.999223e-01
1.492000e-05	-3.914989e-03	-2.710527e-01
1.493000e-05	-3.189947e-03	-9.523560e-02
1.494000e-05	-2.291268e-03	3.110920e-02
1.495000e-05	2.218673e-03	2.411551e-01
1.496000e-05	-3.173817e-03	3.995249e-01
1.497000e-05	5.374672e-04	4.957907e-01
1.498000e-05	-4.520394e-03	6.517079e-01
1.499000e-05	-2.014364e-03	7.809248e-01
1.500000e-05	-3.651808e-03	9.464421e-01
1.501000e-05	2.301455e-03	1.146443e+00
1.502000e-05	1.488576e-02	1.255238e+00
1.503000e-05	6.378570e-02	1.512389e+00
1.504000e-05	-9.528771e-03	1.758920e+00
1.505000e-05	-4.218006e-02	1.895238e+00
1.506000e-05	-5.109982e-02	2.020605e+00
1.507000e-05	-8.245698e-02	2.137415e+00
1.508000e-05	1.057108e-01	2.242706e+00
1.509000e-05	4.868678e-02	2.437951e+00
1.510000e-05	-1.577291e-01	2.503759e+00
1.511000e-05	1.450125e-01	2.724092e+00
1.512000e-05	-1.971191e-02	2.832610e+00
1.513000e-05	-1.074469e-01	2.990552e+00
1.514000e-05	1.055938e-01	3.106763e+00
1.515000e-05	-8.578312e-03	3.213728e+00
1.516000e-05	-1.044719e-01	3.473204e+00
1.517000e-05	1.240529e-01	3.599501e+00
1.518000e-05	-4.642973e-02	3.748341e+00
1.519000e-05	-2.811652e-02	3.894314e+00
1.520000e-05	3.946704e-02	4.030101e+00
1.521000e-05	-5.970033e-02	4.170422e+00
1.522000e-05	2.493651e-02	4.358974e+00
1.523000e-05	7.559316e-03	4.465841e+00
1.524000e-05	-1.854955e-02	4.660609e+00
1.525000e-05	2.291561e-02	4.769446e+00
1.526000e-05	3.706213e-03	4.898873e+00
1.527000e-05	-3.221637e-02	5.177420e+00
1.528000e-05	-1.205286e-02	5.285236e+00
1.529000e-05	2.543951e-02	5.420079e+00
1.530000e-05	6.528741e-03	5.577342e+00
1.531000e-05	-3.114326e-02	5.641105e+00
1.532000e-05	1.297652e-02	5.746522e+00
1.533000e-05	4.747409e-04	5.928867e+00
1.534000e-05	-9.283810e-03	6.041105e+00
1.535000e-05	-3.880483e-03	6.159396e+00
1.536000e-05	-1.361389e-02	6.225112e+00
1.537000e-05	2.788054e-02	6.336871e+00
1.538000e-05	-1.241636e-02	6.411056e+00
1.539000e-05	-1.876359e-02	6.549451e+00
1.540000e-05	6.928921e-03	6.716741e+00
1.541000e-05	6.544483e-03	6.800999e+00
1.542000e-05	-9.182753e-03	6.863134e+00
1.543000e-05	-1.486620e-02	6.988024e+00
1.544000e-05	1.825219e-02	7.076236e+00
1.545000e-05	9.157311e-05	7.178923e+00
1.546000e-05	-1.740964e-02	7.211654e+00
1.547000e-05	-6.706067e-03	7.327867e+00
1.548000e-05	7.892937e-03	7.475188e+00
1.549000e-05	-1.328772e-03	7.569049e+00
1.550000e-05	-1.006277e-02	7.642710e+00
1.551000e-05	-9.834606e-04	7.768896e+00
1.552000e-05	2.985475e-03	7.814655e+00
1.553000e-05	-6.253058e-03	7.934735e+00
1.554000e-05	-4.028067e-03	7.960580e+00
1.555000e-05	4.019184e-04	8.114790e+00
1.556000e-05	-4.474467e-03	8.167444e+00
1.557000e-05	-4.861579e-03	8.230502e+00
1.558000e-05	-9.175075e-04	8.273709e+00
1.559000e-05	8.460748e-04	8.274341e+00
1.560000e-05	-7.339475e-03	8.346373e+00
1.561000e-05	-4.265118e-03	8.399453e+00
1.562000e-05	-5.037662e-04	8.412106e+00
1.563000e-05	-1.899539e-03	8.474161e+00
1.564000e-05	-2.010569e-03	8.475707e+00
1.565000e-05	-4.129583e-03	8.546268e+00
1.566000e-05	-3.781190e-03	8.566346e+00
1.567000e-05	-5.775621e-03	8.589972e+00
1.568000e-05	-6.054331e-04	8.590501e+00
1.569000e-05	-1.386699e-03	8.641129e+00
1.570000e-05	-4.257646e-03	8.633682e+00
1.571000e-05	-4.959989e-03	8.684086e+00
1.572000e-05	-3.654707e-03	8.686711e+00
1.573000e-05	-6.981479e-04	8.674733e+00
1.574000e-05	-4.876206e-03	8.684216e+00
1.575000e-05	-3.901835e-03	8.685240e+00
1.576000e-05	-4.132492e-03	8.706292e+00
1.577000e-05	-3.018184e-03	8.756240e+00
1.578000e-05	-3.864406e-03	8.685239e+00
1.579000e-05	-3.015706e-03	8.686211e+00
1.580000e-05	-3.032517e-03	8.705315e+00
1.581000e-05	-3.575261e-03	8.693811e+00
1.582000e-05	-3.952391e-03	8.696208e+00
1.583000e-05	-3.625916e-03	8.643578e+00
1.584000e-05	-3.992934e-03	8.653608e+00
1.585000e-05	-5.284919e-03	8.651502e+00
1.586000e-05	-3.833437e-03	8.589947e+00
1.587000e-05	-4.910404e-03	8.557394e+00
1.588000e-05	-4.161880e-03	8.506769e+00
1.589000e-05	-5.492708e-03	8.504714e+00
1.590000e-05	-5.339623e-03	8.465209e+00
1.591000e-05	-4.881724e-03	8.441578e+00
1.592000e-05	-5.390795e-03	8.410349e+00
1.593000e-05	-4.820728e-03	8.357345e+00
1.594000e-05	-5.333062e-03	8.274208e+00
1.595000e-05	-3.728947e-03	8.263029e+00
1.596000e-05	-4.481416e-03	8.140340e+00
1.597000e-05	-3.836753e-03	8.086287e+00
1.598000e-05	-3.479019e-03	8.052007e+00
1.599000e-05	-3.015265e-03	7.987467e+00
1.600000e-05	-3.713714e-03	7.885133e+00
1.601000e-05	-4.987713e-03	7.781030e+00
1.602000e-05	-3.543293e-03	7.756293e+00
1.603000e-05	-4.170113e-03	7.664181e+00
1.604000e-05	-4.145737e-03	7.599950e+00
1.605000e-05	-3.740956e-03	7.476215e+00
1.606000e-05	-3.964113e-03	7.397424e+00
1.607000e-05	-3.820502e-03	7.264611e+00
1.608000e-05	-5.402883e-03	7.199373e+00
1.609000e-05	-2.717903e-03	7.115237e+00
1.610000e-05	-3.087855e-03	7.040453e+00
1.611000e-05	-3.211051e-03	6.894241e+00
1.612000e-05	-4.308924e-03	6.842027e+00
1.613000e-05	-1.956080e-03	6.767344e+00
1.614000e-05	-4.005052e-03	6.663454e+00
1.615000e-05	-2.867266e-03	6.518086e+00
1.616000e-05	-4.057097e-03	6.359875e+00
1.617000e-05	-2.860853e-03	6.283110e+00
1.618000e-05	-4.579970e-03	6.167394e+00
1.619000e-05	-2.671694e-03	6.071588e+00
1.620000e-05	-3.477842e-03	5.959496e+00
1.621000e-05	-3.561209e-03	5.852508e+00
1.622000e-05	-4.069024e-03	5.653557e+00
1.623000e-05	-2.604781e-03	5.567821e+00
1.624000e-05	-4.005642e-03	5.411578e+00
1.625000e-05	-2.827707e-03	5.325742e+00
1.626000e-05	-3.637894e-03	5.139396e+00
1.627000e-05	-3.229017e-03	4.957343e+00
1.628000e-05	-3.334876e-03	4.820503e+00
1.629000e-05	-2.852032e-03	4.685108e+00
1.630000e-05	-3.357477e-03	4.557341e+00
1.631000e-05	-4.305730e-03	4.431550e+00
1.632000e-05	-3.808829e-03	4.344290e+00
1.633000e-05	-2.806554e-03	4.128219e+00
1.634000e-05	-3.755617e-03	3.979950e+00
1.635000e-05	-3.527939e-03	3.853081e+00
1.636000e-05	-4.701603e-03	3.705656e+00
1.637000e-05	-2.085266e-03	3.609500e+00
1.638000e-05	-3.824979e-03	3.462484e+00
1.639000e-05	-3.506801e-03	3.263105e+00
1.640000e-05	-2.832050e-03	3.115363e+00
1.641000e-05	-2.742269e-03	2.998799e+00
1.642000e-05	-4.105564e-03	2.852504e+00
1.643000e-05	-3.930563e-03	2.705841e+00
1.644000e-05	-4.705335e-03	2.497636e+00
1.645000e-05	-3.701278e-03	2.376792e+00
1.646000e-05	-3.877015e-03	2.189950e+00
1.647000e-05	-3.515199e-03	2.042555e+00
1.648000e-05	-3.694197e-03	1.918339e+00
1.649000e-05	-3.096203e-03	1.746267e+00
1.650000e-05	-3.797088e-03	1.598372e+00
1.651000e-05	-3.789773e-03	1.419001e+00
1.652000e-05	-3.705610e-03	1.250582e+00
1.653000e-05	-4.194577e-03	1.102057e+00
1.654000e-05	-3.686700e-03	8.230265e-01
1.655000e-05	-3.959296e-03	7.037107e-01
1.656000e-05	-3.479860e-03	5.273448e-01
1.657000e-05	-3.774563e-03	3.899738e-01
1.658000e-05	-3.569712e-03	2.325051e-01
1.659000e-05	-3.050042e-03	5.150007e-02
1.660000e-05	9.226185e-04	-7.476679e-02
1.661000e-05	2.493737e-03	-2.432303e-01
1.662000e-05	-2.867375e-03	-3.894974e-01
1.663000e-05	7.808986e-04	-4.838656e-01
1.664000e-05	-3.782398e-03	-7.068419e-01
1.665000e-05	-2.952426e-04	-8.321063e-01
1.666000e-05	-3.690787e-03	-9.689711e-01
1.667000e-05	7.861959e-03	-1.097239e+00
1.668000e-05	5.876511e-02	-1.222182e+00
1.669000e-05	2.416597e-02	-1.493868e+00
1.670000e-05	-5.984680e-02	-1.727996e+00
1.671000e-05	-3.423175e-02	-1.968395e+00
1.672000e-05	-1.109067e-01	-2.000976e+00
1.673000e-05	1.555281e-01	-2.021103e+00
1.674000e-05	5.306293e-03	-2.197549e+00
1.675000e-05	-1.684764e-01	-2.464257e+00
1.676000e-05	1.762726e-01	-2.567872e+00
1.677000e-05	-3.089371e-02	-2.642758e+00
1.678000e-05	-1.607370e-01	-2.905737e+00
1.679000e-05	1.637349e-01	-3.022730e+00
1.680000e-05	-2.486487e-02	-3.178975e+00
1.681000e-05	-1.137347e-01	-3.349421e+00
1.682000e-05	1.756671e-01	-3.422680e+00
1.683000e-05	-1.182496e-01	-3.602627e+00
1.684000e-05	-3.537027e-04	-3.809072e+00
1.685000e-05	6.931508e-02	-3.937868e+00
1.686000e-05	-1.265653e-01	-4.095268e+00
1.687000e-05	1.044946e-01	-4.241579e+00
1.688000e-05	-6.674812e-03	-4.336795e+00
1.689000e-05	-8.366489e-02	-4.476261e+00
1.690000e-05	1.210214e-01	-4.624233e+00
1.691000e-05	-6.412666e-02	-4.759600e+00
1.692000e-05	-8.876457e-03	-4.938390e+00
1.693000e-05	2.986303e-03	-4.983633e+00
1.694000e-05	-1.907461e-02	-5.230599e+00
1.695000e-05	7.194924e-02	-5.307441e+00
1.696000e-05	-8.769590e-02	-5.536989e+00
1.697000e-05	5.176476e-02	-5.665183e+00
1.698000e-05	1.713187e-02	-5.778395e+00
1.699000e-05	-6.188280e-02	-5.885287e+00
1.700000e-05	3.160681e-02	-5.979447e+00
1.701000e-05	-3.172652e-02	-6.044135e+00
1.702000e-05	7.052080e-02	-6.244209e+00
1.703000e-05	-3.527563e-02	-6.338946e+00
1.704000e-05	-4.850866e-02	-6.442332e+00
1.705000e-05	6.003303e-02	-6.557395e+00
1.706000e-05	-2.460596e-02	-6.685184e+00
1.707000e-05	2.463283e-03	-6.727871e+00
1.708000e-05	-2.489512e-02	-6.841029e+00
1.709000e-05	2.866542e-02	-6.961075e+00
1.710000e-05	1.301892e-02	-7.065283e+00
1.711000e-05	-4.835639e-02	-7.198548e+00
1.712000e-05	2.102614e-02	-7.264161e+00
1.713000e-05	1.478554e-03	-7.348896e+00
1.714000e-05	9.315159e-04	-7.412105e+00
1.715000e-05	-1.837513e-02	-7.515846e+00
1.716000e-05	4.269286e-03	-7.591205e+00
1.717000e-05	1.894598e-02	-7.699339e+00
1.718000e-05	-2.379947e-02	-7.821600e+00
1.719000e-05	-1.301568e-03	-7.936890e+00
1.720000e-05	-4.105546e-05	-8.009524e+00
1.721000e-05	4.373354e-03	-8.053129e+00
1.722000e-05	-5.995364e-03	-8.085212e+00
1.723000e-05	-4.151615e-03	-8.189972e+00
1.724000e-05	5.578809e-03	-8.200551e+00
1.725000e-05	-1.113983e-02	-8.285158e+00
1.726000e-05	-2.244054e-05	-8.286818e+00
1.727000e-05	-8.183354e-04	-8.348895e+00
1.728000e-05	-6.817639e-04	-8.399929e+00
1.729000e-05	-1.748898e-03	-8.399954e+00
1.730000e-05	-2.695395e-03	-8.421655e+00
1.731000e-05	-1.874782e-03	-8.465184e+00
1.732000e-05	-6.151599e-03	-8.446289e+00
1.733000e-05	4.132083e-04	-8.537391e+00
1.734000e-05	-1.726097e-03	-8.571024e+00
1.735000e-05	-3.951328e-03	-8.613633e+00
1.736000e-05	-3.933614e-03	-8.675158e+00
1.737000e-05	8.859106e-04	-8.685787e+00
1.738000e-05	-2.109947e-03	-8.695765e+00
1.739000e-05	-6.241657e-03	-8.667415e+00
1.740000e-05	-3.296024e-03	-8.666943e+00
1.741000e-05	1.974414e-04	-8.757295e+00
1.742000e-05	-1.275967e-03	-8.759862e+00
1.743000e-05	-3.614657e-03	-8.737393e+00
1.744000e-05	-2.954031e-03	-8.739347e+00
1.745000e-05	-2.695114e-03	-8.747265e+00
1.746000e-05	-2.568601e-03	-8.727212e+00
1.747000e-05	-2.539443e-03	-8.655766e+00
1.748000e-05	-1.803988e-03	-8.654660e+00
1.749000e-05	-2.666337e-03	-8.614111e+00
1.750000e-05	-3.158904e-03	-8.681527e+00
1.751000e-05	-2.374042e-03	-8.569925e+00
1.752000e-05	-1.325184e-03	-8.538273e+00
1.753000e-05	-4.564596e-04	-8.469815e+00
1.754000e-05	-1.030348e-03	-8.465759e+00
1.755000e-05	-1.694827e-03	-8.421006e+00
1.756000e-05	-7.135173e-04	-8.422023e+00
1.757000e-05	-1.386637e-03	-8.339346e+00
1.758000e-05	-2.093927e-03	-8.305262e+00
1.759000e-05	-3.048301e-03	-8.255181e+00
1.760000e-05	-1.815655e-03	-8.251529e+00
1.761000e-05	-1.931866e-03	-8.159449e+00
1.762000e-05	-2.122258e-03	-8.105739e+00
1.763000e-05	-3.187780e-03	-8.070156e+00
1.764000e-05	-2.186193e-03	-8.011503e+00
1.765000e-05	-3.434585e-03	-7.969369e+00
1.766000e-05	-3.313042e-03	-7.835076e+00
1.767000e-05	-2.273282e-03	-7.738942e+00
1.768000e-05	-3.213237e-03	-7.644602e+00
1.769000e-05	-3.384025e-03	-7.579917e+00
1.770000e-05	-2.981337e-03	-7.442659e+00
1.771000e-05	-2.666115e-03	-7.420555e+00
1.772000e-05	-3.802091e-03	-7.257240e+00
1.773000e-05	-4.439450e-03	-7.222628e+00
1.774000e-05	-2.954628e-03	-7.179418e+00
1.775000e-05	-3.114735e-03	-7.042736e+00
1.776000e-05	-3.270373e-03	-6.948766e+00
1.777000e-05	-2.837730e-03	-6.840628e+00
1.778000e-05	-3.273909e-03	-6.737364e+00
1.779000e-05	-3.546692e-03	-6.643059e+00
1.780000e-05	-4.484099e-03	-6.557371e+00
1.781000e-05	-4.045764e-03	-6.443152e+00
1.782000e-05	-3.757618e-03	-6.355841e+00
1.783000e-05	-5.252865e-03	-6.210133e+00
1.784000e-05	-1.577420e-03	-6.055078e+00
1.785000e-05	-2.458439e-03	-5.988471e+00
1.786000e-05	-4.411362e-03	-5.874186e+00
1.787000e-05	-3.043324e-03	-5.738342e+00
1.788000e-05	-5.030818e-03	-5.610500e+00
1.789000e-05	-3.953320e-03	-5.496289e+00
1.790000e-05	-5.938691e-03	-5.347244e+00
1.791000e-05	-3.706151e-03	-5.150445e+00
1.792000e-05	-3.286726e-03	-5.072031e+00
1.793000e-05	-3.863379e-03	-4.885212e+00
1.794000e-05	-4.559898e-03	-4.674185e+00
1.795000e-05	-3.307646e-03	-4.598448e+00
1.796000e-05	-3.294169e-03	-4.483632e+00
1.797000e-05	-4.378045e-03	-4.367868e+00
1.798000e-05	-5.369824e-03	-4.231078e+00
1.799000e-05	-4.503906e-03	-4.095134e+00
1.800000e-05	-5.830451e-03	-3.978970e+00
1.801000e-05	-3.776885e-03	-3.830032e+00
1.802000e-05	-6.002635e-03	-3.650977e+00
1.803000e-05	-2.597533e-03	-3.476841e+00
1.804000e-05	-3.800725e-03	-3.369343e+00
1.805000e-05	-3.258986e-03	-3.222557e+00
1.806000e-05	-4.134440e-03	-3.095712e+00
1.807000e-05	-4.132969e-03	-2.866163e+00
1.808000e-05	-4.592774e-03	-2.747869e+00
1.809000e-05	-4.641990e-03	-2.580054e+00
1.810000e-05	-5.851777e-03	-2.422637e+00
1.811000e-05	-4.925474e-03	-2.317687e+00
1.812000e-05	-4.780784e-03	-2.115357e+00
1.813000e-05	-2.453186e-03	-1.978919e+00
1.814000e-05	-3.526212e-03	-1.822050e+00
1.815000e-05	-3.104248e-03	-1.642182e+00
1.816000e-05	-4.871004e-03	-1.527314e+00
1.817000e-05	-3.363375e-03	-1.334634e+00
1.818000e-05	-4.755966e-03	-1.117737e+00
1.819000e-05	-4.706138e-03	-9.683723e-01
1.820000e-05	-4.908517e-03	-8.200539e-01
1.821000e-05	-4.276707e-03	-6.541564e-01
1.822000e-05	-4.495821e-03	-4.521293e-01
1.823000e-05	-4.394096e-03	-3.472644e-01
1.824000e-05	-4.271861e-03	-2.099186e-01
1.825000e-05	-2.117243e-03	-5.275038e-04
1.826000e-05	3.024240e-04	1.767944e-01
1.827000e-05	-5.872118e-04	3.172920e-01
1.828000e-05	-2.515904e-03	4.320828e-01
1.829000e-05	7.952454e-04	5.694476e-01
1.830000e-05	-4.913738e-03	7.368158e-01
1.831000e-05	-2.737351e-03	8.216853e-01
1.832000e-05	-2.122565e-03	1.039183e+00
1.833000e-05	7.617732e-03	1.180001e+00
1.834000e-05	3.770341e-02	1.358451e+00
1.835000e-05	4.985155e-02	1.641578e+00
1.836000e-05	-4.933897e-02	1.781105e+00
1.837000e-05	-3.404463e-02	1.978944e+00
1.838000e-05	-7.952051e-02	2.045713e+00
1.839000e-05	-1.390378e-02	2.159944e+00
1.840000e-05	1.525529e-01	2.314790e+00
1.841000e-05	-1.009078e-01	2.450607e+00
1.842000e-05	-3.853724e-02	2.567324e+00
1.843000e-05	1.456110e-01	2.758448e+00
1.844000e-05	-1.292474e-01	2.917317e+00
1.845000e-05	-2.778527e-03	3.022558e+00
1.846000e-05	1.150889e-01	3.188499e+00
1.847000e-05	-1.252559e-01	3.345343e+00
1.848000e-05	2.792322e-02	3.558892e+00
1.849000e-05	6.908006e-02	3.652632e+00
1.850000e-05	-7.950216e-02	3.870074e+00
1.851000e-05	3.420792e-02	4.008420e+00
1.852000e-05	-1.611754e-02	4.074688e+00
1.853000e-05	-2.847880e-02	4.274736e+00
1.854000e-05	3.881541e-02	4.410029e+00
1.855000e-05	-2.146985e-02	4.529390e+00
1.856000e-05	4.291956e-03	4.684813e+00
1.857000e-05	2.321941e-02	4.810055e+00
1.858000e-05	-2.517412e-02	5.035110e+00
1.859000e-05	-2.370402e-02	5.189503e+00
1.860000e-05	8.867636e-04	5.357919e+00
1.861000e-05	3.497484e-02	5.465183e+00
1.862000e-05	-2.582440e-02	5.598474e+00
1.863000e-05	-8.492885e-03	5.663686e+00
1.864000e-05	1.009178e-02	5.852733e+00
1.865000e-05	-8.496421e-03	5.980497e+00
1.866000e-05	-1.812456e-03	6.063687e+00
1.867000e-05	-1.547309e-02	6.189978e+00
1.868000e-05	1.113173e-02	6.294790e+00
1.869000e-05	1.375371e-02	6.369498e+00
1.870000e-05	-2.346884e-02	6.454787e+00
1.871000e-05	-7.394956e-03	6.655158e+00
1.872000e-05	1.265437e-02	6.798973e+00
1.873000e-05	-2.965202e-03	6.841552e+00
1.874000e-05	-1.442870e-02	6.915316e+00
1.875000e-05	-4.191610e-04	7.021655e+00
1.876000e-05	1.827642e-02	7.116295e+00
1.877000e-05	-1.276101e-02	7.199501e+00
1.878000e-05	-1.436232e-02	7.293686e+00
1.879000e-05	3.132416e-03	7.391079e+00
1.880000e-05	3.846923e-03	7.526846e+00
1.881000e-05	-4.963475e-03	7.652076e+00
1.882000e-05	-1.067747e-02	7.696312e+00
1.883000e-05	6.456314e-03	7.802029e+00
1.884000e-05	-4.032817e-03	7.883257e+00
1.885000e-05	-5.226494e-03	7.928376e+00
1.886000e-05	-3.495514e-03	8.083582e+00
1.887000e-05	-8.533782e-04	8.127340e+00
1.888000e-05	-5.870529e-03	8.208947e+00
1.889000e-05	-3.551621e-03	8.204081e+00
1.890000e-05	2.451821e-03	8.295265e+00
1.891000e-05	-5.377962e-03	8.359894e+00
1.892000e-05	-5.947920e-03	8.398448e+00
1.893000e-05	-2.706967e-03	8.430576e+00
1.894000e-05	4.145006e-04	8.433706e+00
1.895000e-05	-3.498994e-03	8.483637e+00
1.896000e-05	-1.163396e-03	8.485715e+00
1.897000e-05	-2.870135e-03	8.537840e+00
1.898000e-05	-4.748824e-03	8.569872e+00
1.899000e-05	-3.313502e-03	8.619923e+00
1.900000e-05	-1.422552e-03	8.637451e+00
1.901000e-05	-1.107733e-03	8.641584e+00
1.902000e-05	-5.354504e-03	8.633680e+00
1.903000e-05	-4.372274e-03	8.714740e+00
1.904000e-05	-2.018989e-03	8.693710e+00
1.905000e-05	-1.744159e-03	8.673261e+00
1.906000e-05	-4.447960e-03	8.696240e+00
1.907000e-05	-4.445181e-03	8.715339e+00
1.908000e-05	-2.725121e-03	8.727311e+00
1.909000e-05	-3.004826e-03	8.727261e+00
1.910000e-05	-2.842528e-03	8.695721e+00
1.911000e-05	-4.240558e-03	8.666766e+00
1.912000e-05	-3.772589e-03	8.686232e+00
1.913000e-05	-4.977629e-03	8.726685e+00
1.914000e-05	-3.449872e-03	8.653657e+00
1.915000e-05	-3.547325e-03	8.652105e+00
1.916000e-05	-4.303131e-03	8.623131e+00
1.917000e-05	-3.972130e-03	8.600557e+00
1.918000e-05	-5.020673e-03	8.579373e+00
1.919000e-05	-3.404296e-03	8.566917e+00
1.920000e-05	-5.077827e-03	8.546791e+00
1.921000e-05	-5.498214e-03	8.515711e+00
1.922000e-05	-6.165059e-03	8.453130e+00
1.923000e-05	-3.620981e-03	8.410549e+00
1.924000e-05	-5.963814e-03	8.378473e+00
1.925000e-05	-3.857408e-03	8.316294e+00
1.926000e-05	-5.828391e-03	8.283611e+00
1.927000e-05	-2.722946e-03	8.212573e+00
1.928000e-05	-3.701916e-03	8.147420e+00
1.929000e-05	-3.403538e-03	8.063683e+00
1.930000e-05	-3.197442e-03	8.031029e+00
1.931000e-05	-3.449338e-03	7.925694e+00
1.932000e-05	-3.117623e-03	7.872607e+00
1.933000e-05	-4.034721e-03	7.767398e+00
1.934000e-05	-3.856554e-03	7.735316e+00
1.935000e-05	-3.665023e-03	7.633078e+00
1.936000e-05	-5.011089e-03	7.598293e+00
1.937000e-05	-1.030082e-03	7.424582e+00
1.938000e-05	-3.849694e-03	7.316239e+00
1.939000e-05	-1.631959e-03	7.192049e+00
1.940000e-05	-4.920149e-03	7.148367e+00
1.941000e-05	-2.253124e-03	7.084157e+00
1.942000e-05	-3.637816e-03	6.967944e+00
1.943000e-05	-3.540049e-03	6.894107e+00
1.944000e-05	-4.112475e-03	6.819973e+00
1.945000e-05	-3.339134e-03	6.726190e+00
1.946000e-05	-3.215461e-03	6.618816e+00
1.947000e-05	-3.328440e-03	6.452050e+00
1.948000e-05	-3.551116e-03	6.366419e+00
1.949000e-05	-3.119158e-03	6.282501e+00
1.950000e-05	-4.368932e-03	6.116212e+00
1.951000e-05	-3.026828e-03	6.021503e+00
1.952000e-05	-2.916412e-03	5.976341e+00
1.953000e-05	-3.874584e-03	5.787873e+00
1.954000e-05	-3.827519e-03	5.619999e+00
1.955000e-05	-3.211205e-03	5.503712e+00
1.956000e-05	-3.036683e-03	5.369398e+00
1.957000e-05	-3.217220e-03	5.282028e+00
1.958000e-05	-3.977580e-03	5.044682e+00
1.959000e-05	-2.381021e-03	4.894636e+00
1.960000e-05	-3.351846e-03	4.747840e+00
1.961000e-05	-3.441131e-03	4.630476e+00
1.962000e-05	-3.509265e-03	4.493611e+00
1.963000e-05	-3.413598e-03	4.390871e+00
1.964000e-05	-3.958102e-03	4.272999e+00
1.965000e-05	-4.010616e-03	4.033029e+00
1.966000e-05	-4.188306e-03	3.915766e+00
1.967000e-05	-3.713528e-03	3.778925e+00
1.968000e-05	-3.107477e-03	3.623105e+00
1.969000e-05	-3.117926e-03	3.546743e+00
1.970000e-05	-4.118990e-03	3.367697e+00
1.971000e-05	-3.927343e-03	3.179423e+00
1.972000e-05	-3.789889e-03	3.071629e+00
1.973000e-05	-3.480088e-03	2.914740e+00
1.974000e-05	-4.238865e-03	2.788921e+00
1.975000e-05	-4.204078e-03	2.660026e+00
1.976000e-05	-3.812674e-03	2.420424e+00
1.977000e-05	-3.771827e-03	2.283129e+00
1.978000e-05	-3.907218e-03	2.114770e+00
1.979000e-05	-4.098463e-03	1.999947e+00
1.980000e-05	-3.488624e-03	1.862108e+00
1.981000e-05	-4.311323e-03	1.672159e+00
1.982000e-05	-3.178260e-03	1.465133e+00
1.983000e-05	-3.807551e-03	1.336213e+00
1.984000e-05	-4.177275e-03	1.157421e+00
1.985000e-05	-4.303961e-03	9.763646e-01
1.986000e-05	-4.484484e-03	7.794451e-01
1.987000e-05	-3.505171e-03	6.120264e-01
1.988000e-05	-3.385921e-03	4.826332e-01
1.989000e-05	-3.300444e-03	3.772936e-01
1.990000e-05	-3.667258e-03	9.571221e-02
1.991000e-05	-1.663963e-03	-3.212263e-02
1.992000e-05	1.600497e-03	-1.689197e-01
1.993000e-05	7.158163e-04	-3.263120e-01
1.994000e-05	-7.449795e-04	-4.310563e-01
1.995000e-05	-8.580929e-04	-6.206273e-01
1.996000e-05	-1.383823e-03	-7.899224e-01
1.997000e-05	-2.980973e-03	-8.847182e-01
1.998000e-05	5.224692e-04	-1.023728e+00
1.999000e-05	2.138551e-02	-1.180453e+00
2.000000e-05	8.306255e-02	-1.348420e+00
2.001000e-05	-5.252478e-02	-1.631608e+00
2.002000e-05	-2.033286e-02	-1.885262e+00
2.003000e-05	-9.928878e-02	-1.999524e+00
2.004000e-05	3.477355e-03	-2.011581e+00
2.005000e-05	1.476890e-01	-2.052184e+00
2.006000e-05	-1.335616e-01	-2.357442e+00
2.007000e-05	-9.158327e-03	-2.507369e+00
2.008000e-05	1.673195e-01	-2.617973e+00
2.009000e-05	-1.879081e-01	-2.759420e+00
2.010000e-05	-2.630733e-03	-2.967402e+00
2.011000e-05	1.418388e-01	-3.086288e+00
2.012000e-05	-1.571126e-01	-3.273785e+00
2.013000e-05	6.981531e-02	-3.389576e+00
2.014000e-05	7.758789e-02	-3.527386e+00
2.015000e-05	-1.422695e-01	-3.715312e+00
2.016000e-05	1.120731e-01	-3.826737e+00
2.017000e-05	-6.342345e-02	-4.001605e+00
2.018000e-05	-3.695838e-02	-4.160050e+00
2.019000e-05	1.253815e-01	-4.273708e+00
2.020000e-05	-1.253585e-01	-4.390027e+00
2.021000e-05	5.605407e-02	-4.507898e+00
2.022000e-05	4.881590e-02	-4.728818e+00
2.023000e-05	-7.857754e-02	-4.892158e+00
2.024000e-05	3.313453e-02	-4.959548e+00
2.025000e-05	-4.287261e-02	-5.126867e+00
2.026000e-05	5.475229e-02	-5.244261e+00
2.027000e-05	-7.871100e-03	-5.472023e+00
2.028000e-05	-5.591922e-02	-5.580001e+00
2.029000e-05	8.655870e-02	-5.675212e+00
2.030000e-05	-5.814959e-02	-5.791680e+00
2.031000e-05	-5.006026e-03	-5.948842e+00
2.032000e-05	5.504630e-04	-6.010003e+00
2.033000e-05	7.222215e-03	-6.128420e+00
2.034000e-05	5.704330e-02	-6.308286e+00
2.035000e-05	-9.385165e-02	-6.431550e+00
2.036000e-05	2.874174e-02	-6.463767e+00
2.037000e-05	2.440908e-02	-6.610000e+00
2.038000e-05	-2.297194e-02	-6.676787e+00
2.039000e-05	-8.021513e-04	-6.789502e+00
2.040000e-05	-1.826362e-02	-6.875713e+00
2.041000e-05	5.243749e-02	-7.034082e+00
2.042000e-05	-4.006445e-02	-7.149418e+00
2.043000e-05	-1.246113e-02	-7.231579e+00
2.044000e-05	1.956492e-02	-7.306766e+00
2.045000e-05	-5.597489e-03	-7.420029e+00
2.046000e-05	-2.435251e-03	-7.453686e+00
2.047000e-05	-1.982414e-02	-7.549421e+00
2.048000e-05	2.817744e-02	-7.602134e+00
2.049000e-05	-9.790776e-03	-7.737470e+00
2.050000e-05	-1.443462e-02	-7.885171e+00
2.051000e-05	1.891407e-03	-7.937475e+00
2.052000e-05	9.179483e-04	-8.032025e+00
2.053000e-05	1.574427e-03	-8.043689e+00
2.054000e-05	-1.030788e-02	-8.116305e+00
2.055000e-05	7.569500e-03	-8.200977e+00
2.056000e-05	-4.036829e-03	-8.221658e+00
2.057000e-05	-6.498333e-03	-8.304187e+00
2.058000e-05	1.949156e-04	-8.328396e+00
2.059000e-05	-2.890297e-04	-8.379947e+00
2.060000e-05	-1.219669e-03	-8.389928e+00
2.061000e-05	-4.153738e-03	-8.443031e+00
2.062000e-05	-8.340180e-04	-8.442608e+00
2.063000e-05	-3.293024e-03	-8.475287e+00
2.064000e-05	-3.851234e-03	-8.495715e+00
2.065000e-05	-1.157923e-03	-8.589969e+00
2.066000e-05	-2.543529e-03	-8.592529e+00
2.067000e-05	-4.816730e-03	-8.632703e+00
2.068000e-05	-5.131896e-04	-8.655765e+00
2.069000e-05	4.555783e-04	-8.686263e+00
2.070000e-05	-4.128459e-03	-8.684295e+00
2.071000e-05	-5.722117e-03	-8.728296e+00
2.072000e-05	-6.404980e-04	-8.718347e+00
2.073000e-05	-3.613423e-04	-8.726818e+00
2.074000e-05	-3.062030e-03	-8.698896e+00
2.075000e-05	-3.415643e-03	-8.708869e+00
2.076000e-05	-2.699516e-03	-8.718345e+00
2.077000e-05	-1.408293e-03	-8.706765e+00
2.078000e-05	-3.776286e-03	-8.744689e+00
2.079000e-05	-2.284876e-03	-8.695217e+00
2.080000e-05	-1.895942e-03	-8.706186e+00
2.081000e-05	-1.592437e-03	-8.644107e+00
2.082000e-05	-2.605120e-03	-8.631502e+00
2.083000e-05	-2.001195e-03	-8.589923e+00
2.084000e-05	-8.250592e-04	-8.505268e+00
2.085000e-05	-9.304666e-04	-8.496763e+00
2.086000e-05	-1.405699e-03	-8.444609e+00
2.087000e-05	-2.090724e-03	-8.431553e+00
2.088000e-05	2.553347e-04	-8.379877e+00
2.089000e-05	-2.103551e-04	-8.327920e+00
2.090000e-05	-2.605108e-03	-8.276733e+00
2.091000e-05	-3.237606e-03	-8.262127e+00
2.092000e-05	-1.890792e-03	-8.179973e+00
2.093000e-05	-1.611247e-03	-8.158391e+00
2.094000e-05	-2.892452e-03	-8.045787e+00
2.095000e-05	-2.414379e-03	-8.042052e+00
2.096000e-05	-2.784827e-03	-7.968945e+00
2.097000e-05	-3.262593e-03	-7.922240e+00
2.098000e-05	-3.090605e-03	-7.792469e+00
2.099000e-05	-3.286652e-03	-7.705736e+00
2.100000e-05	-3.780225e-03	-7.611976e+00
2.101000e-05	-2.817319e-03	-7.535813e+00
2.102000e-05	-3.356226e-03	-7.432054e+00
2.103000e-05	-3.784934e-03	-7.338370e+00
2.104000e-05	-4.231136e-03	-7.293611e+00
2.105000e-05	-3.094360e-03	-7.180453e+00
2.106000e-05	-2.488114e-03	-7.109815e+00
2.107000e-05	-3.986638e-03	-7.000050e+00
2.108000e-05	-3.844544e-03	-6.876657e+00
2.109000e-05	-3.202776e-03	-6.799951e+00
2.110000e-05	-3.707097e-03	-6.726736e+00
2.111000e-05	-4.215359e-03	-6.599947e+00
2.112000e-05	-3.457606e-03	-6.496689e+00
2.113000e-05	-2.621890e-03	-6.379999e+00
2.114000e-05	-3.916067e-03	-6.326742e+00
2.115000e-05	-4.326611e-03	-6.128294e+00
2.116000e-05	-3.678812e-03	-6.031449e+00
2.117000e-05	-3.269556e-03	-5.948242e+00
2.118000e-05	-3.853853e-03	-5.821954e+00
2.119000e-05	-3.847573e-03	-5.674737e+00
2.120000e-05	-3.638009e-03	-5.588945e+00
2.121000e-05	-4.466602e-03	-5.462057e+00
2.122000e-05	-4.012944e-03	-5.255081e+00
2.123000e-05	-4.311052e-03	-5.117191e+00
2.124000e-05	-3.722324e-03	-4.969498e+00
2.125000e-05	-4.674423e-03	-4.820879e+00
2.126000e-05	-3.606343e-03	-4.621105e+00
2.127000e-05	-4.481304e-03	-4.506838e+00
2.128000e-05	-3.992482e-03	-4.421031e+00
2.129000e-05	-4.575775e-03	-4.294765e+00
2.130000e-05	-3.263898e-03	-4.187767e+00
2.131000e-05	-5.168493e-03	-4.010553e+00
2.132000e-05	-4.722937e-03	-3.917868e+00
2.133000e-05	-4.470179e-03	-3.706790e+00
2.134000e-05	-3.367231e-03	-3.579999e+00
2.135000e-05	-1.627558e-03	-3.463603e+00
2.136000e-05	-5.340453e-03	-3.286158e+00
2.137000e-05	-4.148349e-03	-3.198919e+00
2.138000e-05	-3.923280e-03	-3.001375e+00
2.139000e-05	-3.783256e-03	-2.820548e+00
2.140000e-05	-3.904019e-03	-2.685762e+00
2.141000e-05	-5.027094e-03	-2.516767e+00
2.142000e-05	-3.974863e-03	-2.368900e+00
2.143000e-05	-5.253701e-03	-2.183173e+00
2.144000e-05	-3.712969e-03	-2.012580e+00
2.145000e-05	-3.645042e-03	-1.915713e+00
2.146000e-05	-3.891700e-03	-1.759372e+00
2.147000e-05	-4.275624e-03	-1.620454e+00
2.148000e-05	-3.977659e-03	-1.413551e+00
2.149000e-05	-4.146069e-03	-1.209599e+00
2.150000e-05	-3.484017e-03	-1.042632e+00
2.151000e-05	-4.647257e-03	-9.161608e-01
2.152000e-05	-4.815716e-03	-7.883186e-01
2.153000e-05	-5.598514e-03	-5.688636e-01
2.154000e-05	-3.584561e-03	-4.089724e-01
2.155000e-05	-4.210491e-03	-2.816292e-01
2.156000e-05	-3.777758e-03	-1.143082e-01
2.157000e-05	-1.073052e-03	1.078069e-03
2.158000e-05	2.207829e-03	1.900826e-01
2.159000e-05	-3.394379e-03	3.910501e-01
2.160000e-05	-3.863809e-04	5.062670e-01
2.161000e-05	-3.514476e-03	6.615567e-01
2.162000e-05	-1.179128e-03	8.120487e-01
2.163000e-05	-4.341487e-03	9.348384e-01
2.164000e-05	1.370800e-03	1.145842e+00
2.165000e-05	1.389525e-02	1.282736e+00
2.166000e-05	6.366163e-02	1.442159e+00
2.167000e-05	-3.028986e-03	1.727466e+00
2.168000e-05	-4.484336e-02	1.893811e+00
2.169000e-05	-4.911015e-02	2.010529e+00
2.170000e-05	-8.566840e-02	2.147370e+00
2.171000e-05	9.535770e-02	2.230657e+00
2.172000e-05	6.414802e-02	2.409023e+00
2.173000e-05	-1.588080e-01	2.514160e+00
2.174000e-05	1.310591e-01	2.652234e+00
2.175000e-05	-2.425809e-03	2.844208e+00
2.176000e-05	-1.143786e-01	2.979500e+00
2.177000e-05	9.775442e-02	3.105292e+00
2.178000e-05	5.387504e-03	3.201632e+00
2.179000e-05	-1.151385e-01	3.453158e+00
2.180000e-05	1.216259e-01	3.600473e+00
2.181000e-05	-3.602207e-02	3.726345e+00
2.182000e-05	-3.383702e-02	3.885715e+00
2.183000e-05	4.238362e-02	3.999004e+00
2.184000e-05	-5.798548e-02	4.198420e+00
2.185000e-05	2.205331e-02	4.339397e+00
2.186000e-05	1.238263e-02	4.504712e+00
2.187000e-05	-2.205282e-02	4.622057e+00
2.188000e-05	2.170461e-02	4.778975e+00
2.189000e-05	5.378703e-03	4.907843e+00
2.190000e-05	-3.304597e-02	5.146317e+00
2.191000e-05	-1.297235e-02	5.273760e+00
2.192000e-05	2.381810e-02	5.390479e+00
2.193000e-05	1.194168e-02	5.548868e+00
2.194000e-05	-3.307609e-02	5.621076e+00
2.195000e-05	1.014989e-02	5.729349e+00
2.196000e-05	1.392318e-03	5.916840e+00
2.197000e-05	-9.385846e-03	6.031129e+00
2.198000e-05	-3.508184e-03	6.136817e+00
2.199000e-05	-1.465784e-02	6.241079e+00
2.200000e-05	2.912497e-02	6.341396e+00
2.201000e-05	-1.045180e-02	6.432525e+00
2.202000e-05	-1.991859e-02	6.547374e+00
2.203000e-05	5.475165e-03	6.755345e+00
2.204000e-05	6.504435e-03	6.811001e+00
2.205000e-05	-1.077771e-02	6.873258e+00
2.206000e-05	-1.611871e-02	6.968924e+00
2.207000e-05	1.815575e-02	7.065236e+00
2.208000e-05	3.215724e-03	7.198871e+00
2.209000e-05	-1.663337e-02	7.231129e+00
2.210000e-05	-8.752225e-03	7.325819e+00
2.211000e-05	7.720792e-03	7.485286e+00
2.212000e-05	-7.571100e-04	7.559524e+00
2.213000e-05	-9.923221e-03	7.641734e+00
2.214000e-05	-1.971313e-03	7.737849e+00
2.215000e-05	3.702357e-03	7.815078e+00
2.216000e-05	-6.292232e-03	7.885790e+00
2.217000e-05	-5.161710e-03	8.011003e+00
2.218000e-05	-4.874399e-04	8.095711e+00
2.219000e-05	-2.901333e-03	8.149949e+00
2.220000e-05	-4.083847e-03	8.198874e+00
2.221000e-05	-1.045003e-03	8.301210e+00
2.222000e-05	1.326454e-03	8.357894e+00
2.223000e-05	-6.938626e-03	8.348973e+00
2.224000e-05	-3.775198e-03	8.389002e+00
2.225000e-05	-9.657527e-04	8.441557e+00
2.226000e-05	-2.754938e-03	8.474138e+00
2.227000e-05	-2.327162e-03	8.486184e+00
2.228000e-05	-3.096716e-03	8.565791e+00
2.229000e-05	-2.471001e-03	8.558421e+00
2.230000e-05	-6.613177e-03	8.579470e+00
2.231000e-05	-1.648686e-03	8.660500e+00
2.232000e-05	-1.290187e-03	8.641524e+00
2.233000e-05	-3.524482e-03	8.663654e+00
2.234000e-05	-5.938111e-03	8.675106e+00
2.235000e-05	-3.153594e-03	8.684710e+00
2.236000e-05	-1.713951e-03	8.685236e+00
2.237000e-05	-4.514524e-03	8.705214e+00
2.238000e-05	-3.909460e-03	8.686240e+00
2.239000e-05	-3.527362e-03	8.716240e+00
2.240000e-05	-1.340777e-03	8.714769e+00
2.241000e-05	-3.936034e-03	8.706815e+00
2.242000e-05	-3.992210e-03	8.727287e+00
2.243000e-05	-3.706603e-03	8.694238e+00
2.244000e-05	-4.680287e-03	8.687189e+00
2.245000e-05	-4.427724e-03	8.654185e+00
2.246000e-05	-4.438816e-03	8.632682e+00
2.247000e-05	-3.634123e-03	8.672156e+00
2.248000e-05	-3.442638e-03	8.591957e+00
2.249000e-05	-4.178153e-03	8.589998e+00
2.250000e-05	-5.578817e-03	8.569248e+00
2.251000e-05	-4.867037e-03	8.497368e+00
2.252000e-05	-4.438761e-03	8.525662e+00
2.253000e-05	-5.153162e-03	8.453182e+00
2.254000e-05	-4.779847e-03	8.431079e+00
2.255000e-05	-5.446059e-03	8.379523e+00
2.256000e-05	-3.923752e-03	8.338418e+00
2.257000e-05	-4.748831e-03	8.297265e+00
2.258000e-05	-3.811414e-03	8.212605e+00
2.259000e-05	-3.969723e-03	8.169950e+00
2.260000e-05	-2.780269e-03	8.114692e+00
2.261000e-05	-3.573387e-03	8.032578e+00
2.262000e-05	-3.895118e-03	7.988472e+00
2.263000e-05	-3.858747e-03	7.896260e+00
2.264000e-05	-4.922389e-03	7.811478e+00
2.265000e-05	-2.195538e-03	7.748371e+00
2.266000e-05	-4.767104e-03	7.623679e+00
2.267000e-05	-3.300490e-03	7.611026e+00
2.268000e-05	-3.451750e-03	7.516711e+00
2.269000e-05	-3.375486e-03	7.390946e+00
2.270000e-05	-4.726928e-03	7.284628e+00
2.271000e-05	-4.510696e-03	7.189498e+00
2.272000e-05	-2.298767e-03	7.114713e+00
2.273000e-05	-3.265834e-03	7.029500e+00
2.274000e-05	-3.304564e-03	6.886340e+00
2.275000e-05	-3.786700e-03	6.842554e+00
2.276000e-05	-2.835473e-03	6.738945e+00
2.277000e-05	-4.470471e-03	6.681529e+00
2.278000e-05	-4.056911e-03	6.494162e+00
2.279000e-05	-3.572972e-03	6.400499e+00
2.280000e-05	-2.847566e-03	6.293685e+00
2.281000e-05	-3.800024e-03	6.159348e+00
2.282000e-05	-2.437198e-03	6.073581e+00
2.283000e-05	-3.875194e-03	5.990446e+00
2.284000e-05	-3.532914e-03	5.873158e+00
2.285000e-05	-4.355205e-03	5.676662e+00
2.286000e-05	-3.222247e-03	5.557842e+00
2.287000e-05	-2.987770e-03	5.453032e+00
2.288000e-05	-3.870105e-03	5.317211e+00
2.289000e-05	-3.474643e-03	5.170246e+00
2.290000e-05	-3.204336e-03	4.990355e+00
2.291000e-05	-3.623603e-03	4.811024e+00
2.292000e-05	-3.953665e-03	4.705262e+00
2.293000e-05	-3.336469e-03	4.577772e+00
2.294000e-05	-3.294285e-03	4.422606e+00
2.295000e-05	-3.724802e-03	4.336746e+00
2.296000e-05	-3.836830e-03	4.156286e+00
2.297000e-05	-3.916895e-03	3.999473e+00
2.298000e-05	-3.416846e-03	3.882134e+00
2.299000e-05	-3.838992e-03	3.717364e+00
2.300000e-05	-3.506325e-03	3.598921e+00
2.301000e-05	-3.712538e-03	3.450554e+00
2.302000e-05	-3.594835e-03	3.263531e+00
2.303000e-05	-3.711326e-03	3.106818e+00
2.304000e-05	-3.716602e-03	2.989873e+00
2.305000e-05	-3.822753e-03	2.832655e+00
2.306000e-05	-4.015013e-03	2.725818e+00
2.307000e-05	-3.890223e-03	2.527633e+00
2.308000e-05	-3.587074e-03	2.367369e+00
2.309000e-05	-3.489986e-03	2.190946e+00
2.310000e-05	-3.104503e-03	2.063107e+00
2.311000e-05	-4.199962e-03	1.956767e+00
2.312000e-05	-3.998302e-03	1.747812e+00
2.313000e-05	-3.819524e-03	1.630375e+00
2.314000e-05	-3.405461e-03	1.419974e+00
2.315000e-05	-4.114735e-03	1.202530e+00
2.316000e-05	-4.116237e-03	1.085108e+00
2.317000e-05	-3.705775e-03	8.821293e-01
2.318000e-05	-3.089777e-03	7.052621e-01
2.319000e-05	-3.395346e-03	5.469185e-01
2.320000e-05	-4.288183e-03	4.204450e-01
2.321000e-05	-3.577950e-03	2.726055e-01
2.322000e-05	-3.297669e-03	7.053164e-02
2.323000e-05	7.266319e-04	-7.526053e-02
2.324000e-05	2.100659e-03	-2.516564e-01
2.325000e-05	-2.240964e-03	-3.689947e-01
2.326000e-05	1.235834e-03	-4.772342e-01
2.327000e-05	-2.667797e-03	-6.843133e-01
2.328000e-05	4.323284e-07	-8.021302e-01
2.329000e-05	-2.644022e-03	-9.573998e-01
2.330000e-05	6.880801e-03	-1.104291e+00
2.331000e-05	5.433777e-02	-1.212635e+00
2.332000e-05	3.298821e-02	-1.485291e+00
2.333000e-05	-6.301422e-02	-1.736871e+00
2.334000e-05	-2.755753e-02	-1.958417e+00
2.335000e-05	-1.148041e-01	-2.001028e+00
2.336000e-05	1.446431e-01	-2.041050e+00
2.337000e-05	2.145377e-02	-2.169047e+00
2.338000e-05	-1.745104e-01	-2.434286e+00
2.339000e-05	1.644081e-01	-2.537871e+00
2.340000e-05	-8.798352e-03	-2.672682e+00
2.341000e-05	-1.703368e-01	-2.862788e+00
2.342000e-05	1.549252e-01	-3.010606e+00
2.343000e-05	-6.847241e-03	-3.149000e+00
2.344000e-05	-1.266039e-01	-3.346443e+00
2.345000e-05	1.762802e-01	-3.421608e+00
2.346000e-05	-1.026882e-01	-3.608552e+00
2.347000e-05	-1.783520e-02	-3.740500e+00
2.348000e-05	8.019144e-02	-3.936918e+00
2.349000e-05	-1.271732e-01	-4.117365e+00
2.350000e-05	9.522176e-02	-4.241053e+00
2.351000e-05	9.873110e-03	-4.346340e+00
2.352000e-05	-9.612199e-02	-4.453259e+00
2.353000e-05	1.230859e-01	-4.590227e+00
2.354000e-05	-5.635753e-02	-4.819578e+00
2.355000e-05	-1.676430e-02	-4.966893e+00
2.356000e-05	9.401842e-03	-5.030710e+00
2.357000e-05	-2.486511e-02	-5.180579e+00
2.358000e-05	7.480002e-02	-5.314390e+00
2.359000e-05	-8.507533e-02	-5.516917e+00
2.360000e-05	4.262020e-02	-5.652129e+00
2.361000e-05	2.640923e-02	-5.717446e+00
2.362000e-05	-6.519547e-02	-5.873736e+00
2.363000e-05	3.119041e-02	-5.988971e+00
2.364000e-05	-3.244499e-02	-6.043181e+00
2.365000e-05	6.556095e-02	-6.221679e+00
2.366000e-05	-2.577270e-02	-6.358494e+00
2.367000e-05	-5.627899e-02	-6.443205e+00
2.368000e-05	6.101661e-02	-6.536420e+00
2.369000e-05	-2.229584e-02	-6.664207e+00
2.370000e-05	-1.073920e-05	-6.718870e+00
2.371000e-05	-2.336432e-02	-6.841474e+00
2.372000e-05	2.492543e-02	-6.960450e+00
2.373000e-05	2.010514e-02	-7.066757e+00
2.374000e-05	-5.097945e-02	-7.191124e+00
2.375000e-05	1.847874e-02	-7.252686e+00
2.376000e-05	2.860355e-03	-7.380945e+00
2.377000e-05	1.424639e-03	-7.421604e+00
2.378000e-05	-1.726665e-02	-7.495842e+00
2.379000e-05	1.807069e-04	-7.604024e+00
2.380000e-05	2.265439e-02	-7.656836e+00
2.381000e-05	-2.254745e-02	-7.800129e+00
2.382000e-05	-2.276987e-03	-7.948417e+00
2.383000e-05	-1.611248e-04	-7.969450e+00
2.384000e-05	4.529768e-03	-8.052182e+00
2.385000e-05	-4.910092e-03	-8.105241e+00
2.386000e-05	-4.821983e-03	-8.166994e+00
2.387000e-05	6.843034e-03	-8.201571e+00
2.388000e-05	-1.045187e-02	-8.255213e+00
2.389000e-05	-3.642496e-04	-8.307342e+00
2.390000e-05	-1.609780e-03	-8.398448e+00
2.391000e-05	-3.202186e-05	-8.400550e+00
2.392000e-05	-1.559603e-03	-8.411024e+00
2.393000e-05	-1.865817e-03	-8.412581e+00
2.394000e-05	8.627379e-05	-8.453731e+00
2.395000e-05	-5.886713e-03	-8.546808e+00
2.396000e-05	-8.296690e-04	-8.517343e+00
2.397000e-05	-6.433229e-04	-8.568968e+00
2.398000e-05	-3.298515e-03	-8.603703e+00
2.399000e-05	-4.902543e-03	-8.653761e+00
2.400000e-05	1.585075e-05	-8.715137e+00
2.401000e-05	-1.306778e-03	-8.686244e+00
2.402000e-05	-5.712489e-03	-8.694437e+00
2.403000e-05	-3.246575e-03	-8.736859e+00
2.404000e-05	-1.986728e-04	-8.728868e+00
2.405000e-05	-1.104154e-03	-8.717845e+00
2.406000e-05	-4.763220e-03	-8.698319e+00
2.407000e-05	-3.646484e-03	-8.748868e+00
2.408000e-05	-2.902966e-03	-8.715290e+00
2.409000e-05	-1.566222e-03	-8.774738e+00
2.410000e-05	-2.931080e-03	-8.706739e+00
2.411000e-05	-1.672953e-03	-8.684240e+00
2.412000e-05	-2.119988e-03	-8.682101e+00
2.413000e-05	-2.575165e-03	-8.604582e+00
2.414000e-05	-2.368214e-03	-8.569374e+00
2.415000e-05	-1.687052e-03	-8.558840e+00
2.416000e-05	-1.252508e-03	-8.487284e+00
2.417000e-05	-8.237088e-04	-8.454159e+00
2.418000e-05	-1.283908e-03	-8.422079e+00
2.419000e-05	-1.045117e-03	-8.410027e+00
2.420000e-05	-4.915947e-04	-8.349447e+00
2.421000e-05	-1.970621e-03	-8.296341e+00
2.422000e-05	-3.499242e-03	-8.275731e+00
2.423000e-05	-1.946290e-03	-8.212004e+00
2.424000e-05	-1.026816e-03	-8.168946e+00
2.425000e-05	-2.420951e-03	-8.116840e+00
2.426000e-05	-4.087141e-03	-8.032654e+00
2.427000e-05	-4.085839e-03	-8.000548e+00
2.428000e-05	-3.225109e-03	-7.937892e+00
2.429000e-05	-3.187845e-03	-7.843579e+00
2.430000e-05	-2.261995e-03	-7.737914e+00
2.431000e-05	-3.345622e-03	-7.632629e+00
2.432000e-05	-3.242511e-03	-7.579422e+00
2.433000e-05	-4.355867e-03	-7.465686e+00
2.434000e-05	-3.451442e-03	-7.410523e+00
2.435000e-05	-4.141555e-03	-7.336289e+00
2.436000e-05	-3.533651e-03	-7.241703e+00
2.437000e-05	-2.176071e-03	-7.160896e+00
2.438000e-05	-3.366133e-03	-7.097758e+00
2.439000e-05	-3.637627e-03	-6.946891e+00
2.440000e-05	-3.859803e-03	-6.854524e+00
2.441000e-05	-3.174051e-03	-6.709843e+00
2.442000e-05	-4.214759e-03	-6.662134e+00
2.443000e-05	-2.847631e-03	-6.578872e+00
2.444000e-05	-3.650938e-03	-6.432134e+00
2.445000e-05	-3.663068e-03	-6.399446e+00
2.446000e-05	-3.839881e-03	-6.233005e+00
2.447000e-05	-2.683000e-03	-6.065659e+00
2.448000e-05	-3.153564e-03	-5.978445e+00
2.449000e-05	-3.730792e-03	-5.903160e+00
2.450000e-05	-3.796884e-03	-5.758368e+00
2.451000e-05	-3.020738e-03	-5.651550e+00
2.452000e-05	-2.916698e-03	-5.546338e+00
2.453000e-05	-5.008695e-03	-5.326270e+00
2.454000e-05	-4.450647e-03	-5.159969e+00
2.455000e-05	-3.193267e-03	-5.073154e+00
2.456000e-05	-4.372984e-03	-4.886190e+00
2.457000e-05	-4.742761e-03	-4.704236e+00
2.458000e-05	-3.728172e-03	-4.599950e+00
2.459000e-05	-3.962545e-03	-4.464208e+00
2.460000e-05	-3.972236e-03	-4.338920e+00
2.461000e-05	-3.967684e-03	-4.233057e+00
2.462000e-05	-2.808910e-03	-4.076707e+00
2.463000e-05	-4.600911e-03	-3.989972e+00
2.464000e-05	-3.846307e-03	-3.820553e+00
2.465000e-05	-4.357757e-03	-3.623104e+00
2.466000e-05	-2.694773e-03	-3.514865e+00
2.467000e-05	-4.618503e-03	-3.398444e+00
2.468000e-05	-3.780276e-03	-3.262624e+00
2.469000e-05	-4.320132e-03	-3.124791e+00
2.470000e-05	-3.551658e-03	-2.873834e+00
2.471000e-05	-4.129449e-03	-2.769422e+00
2.472000e-05	-3.769377e-03	-2.610979e+00
2.473000e-05	-4.941615e-03	-2.443109e+00
2.474000e-05	-3.790248e-03	-2.325865e+00
2.475000e-05	-5.295741e-03	-2.086762e+00
2.476000e-05	-3.153379e-03	-1.979472e+00
2.477000e-05	-5.141086e-03	-1.843129e+00
2.478000e-05	-3.575045e-03	-1.663606e+00
2.479000e-05	-4.832266e-03	-1.577342e+00
2.480000e-05	-2.859251e-03	-1.326238e+00
2.481000e-05	-4.318315e-03	-1.126341e+00
2.482000e-05	-3.811523e-03	-9.804712e-01
2.483000e-05	-4.356041e-03	-8.310276e-01
2.484000e-05	-3.550730e-03	-6.941620e-01
2.485000e-05	-4.519166e-03	-4.345555e-01
2.486000e-05	-4.616936e-03	-3.452934e-01
2.487000e-05	-4.812241e-03	-2.305514e-01
2.488000e-05	-3.357277e-03	6.017764e-02
2.489000e-05	-1.820828e-04	1.042631e-01
2.490000e-05	-1.347419e-05	3.268682e-01
2.491000e-05	-3.576819e-03	4.200803e-01
2.492000e-05	1.296964e-03	5.784485e-01
2.493000e-05	-2.232045e-03	6.752661e-01
2.494000e-05	-1.706089e-03	8.206838e-01
2.495000e-05	-3.769680e-03	1.069658e+00
2.496000e-05	5.302317e-03	1.199031e+00
2.497000e-05	3.302998e-02	1.357846e+00
2.498000e-05	5.294168e-02	1.589555e+00
2.499000e-05	-4.735650e-02	1.810571e+00
2.500000e-05	-3.493159e-02	1.957471e+00
2.501000e-05	-7.515060e-02	2.095138e+00
2.502000e-05	-2.256350e-02	2.170499e+00
2.503000e-05	1.534506e-01	2.293839e+00
2.504000e-05	-8.579163e-02	2.433610e+00
2.505000e-05	-5.697471e-02	2.567570e+00
2.506000e-05	1.525084e-01	2.727922e+00
2.507000e-05	-1.249987e-01	2.925867e+00
2.508000e-05	-1.719339e-02	3.042005e+00
2.509000e-05	1.184929e-01	3.180022e+00
2.510000e-05	-1.142094e-01	3.296491e+00
2.511000e-05	1.398229e-02	3.516842e+00
2.512000e-05	8.023630e-02	3.612654e+00
2.513000e-05	-8.025368e-02	3.800504e+00
2.514000e-05	2.812513e-02	3.978093e+00
2.515000e-05	-9.924030e-03	4.075264e+00
2.516000e-05	-3.397966e-02	4.252229e+00
2.517000e-05	3.893955e-02	4.400027e+00
2.518000e-05	-2.164605e-02	4.548474e+00
2.519000e-05	1.510146e-03	4.703290e+00
2.520000e-05	2.565909e-02	4.841581e+00
2.521000e-05	-2.100097e-02	5.011680e+00
2.522000e-05	-2.397388e-02	5.209878e+00
2.523000e-05	-2.095351e-03	5.357867e+00
2.524000e-05	3.444867e-02	5.474234e+00
2.525000e-05	-2.339494e-02	5.558922e+00
2.526000e-05	-1.080429e-02	5.673235e+00
2.527000e-05	1.146486e-02	5.802604e+00
2.528000e-05	-8.035712e-03	5.979526e+00
2.529000e-05	-3.092733e-03	6.041709e+00
2.530000e-05	-1.364877e-02	6.188049e+00
2.531000e-05	8.453219e-03	6.275261e+00
2.532000e-05	1.698936e-02	6.369445e+00
2.533000e-05	-2.242683e-02	6.441158e+00
2.534000e-05	-9.206133e-03	6.632109e+00
2.535000e-05	1.288846e-02	6.768918e+00
2.536000e-05	-3.116558e-03	6.831528e+00
2.537000e-05	-1.463958e-02	6.904836e+00
2.538000e-05	-3.469295e-03	7.020552e+00
2.539000e-05	1.948514e-02	7.095393e+00
2.540000e-05	-1.148221e-02	7.168974e+00
2.541000e-05	-1.399145e-02	7.262686e+00
2.542000e-05	1.651335e-03	7.423478e+00
2.543000e-05	4.671641e-03	7.555295e+00
2.544000e-05	-4.591002e-03	7.613100e+00
2.545000e-05	-1.028058e-02	7.705812e+00
2.546000e-05	4.739744e-03	7.779975e+00
2.547000e-05	-4.243733e-03	7.884132e+00
2.548000e-05	-5.016361e-03	7.907897e+00
2.549000e-05	-2.280447e-03	8.064133e+00
2.550000e-05	2.749379e-04	8.125242e+00
2.551000e-05	-5.215487e-03	8.168000e+00
2.552000e-05	-3.746980e-03	8.251653e+00
2.553000e-05	2.377637e-03	8.306237e+00
2.554000e-05	-3.821885e-03	8.326871e+00
2.555000e-05	-6.022726e-03	8.380497e+00
2.556000e-05	-4.117293e-03	8.421576e+00
2.557000e-05	2.604791e-04	8.462607e+00
2.558000e-05	-2.597967e-03	8.464631e+00
2.559000e-05	-1.933794e-03	8.486264e+00
2.560000e-05	-3.369763e-03	8.537867e+00
2.561000e-05	-4.425784e-03	8.599442e+00
2.562000e-05	-4.209248e-03	8.559473e+00
2.563000e-05	-1.407528e-03	8.620002e+00
2.564000e-05	-1.939232e-03	8.612582e+00
2.565000e-05	-5.837662e-03	8.663203e+00
2.566000e-05	-4.474595e-03	8.664181e+00
2.567000e-05	-2.679976e-03	8.714687e+00
2.568000e-05	-2.024098e-03	8.717265e+00
2.569000e-05	-4.713905e-03	8.726214e+00
2.570000e-05	-3.626481e-03	8.675785e+00
2.571000e-05	-2.670936e-03	8.736795e+00
2.572000e-05	-3.565756e-03	8.736213e+00
2.573000e-05	-2.905481e-03	8.694765e+00
2.574000e-05	-4.244212e-03	8.696737e+00
2.575000e-05	-4.109659e-03	8.695786e+00
2.576000e-05	-5.949626e-03	8.665210e+00
2.577000e-05	-3.760093e-03	8.692710e+00
2.578000e-05	-3.515513e-03	8.656134e+00
2.579000e-05	-4.442536e-03	8.653154e+00
2.580000e-05	-4.920779e-03	8.620979e+00
2.581000e-05	-4.240213e-03	8.608952e+00
2.582000e-05	-3.507172e-03	8.577395e+00
2.583000e-05	-5.321531e-03	8.516793e+00
2.584000e-05	-5.434124e-03	8.483186e+00
2.585000e-05	-5.802656e-03	8.452632e+00
2.586000e-05	-4.215229e-03	8.410549e+00
2.587000e-05	-4.639319e-03	8.358850e+00
2.588000e-05	-5.062116e-03	8.296721e+00
2.589000e-05	-4.694500e-03	8.283163e+00
2.590000e-05	-3.626701e-03	8.211554e+00
2.591000e-05	-3.817195e-03	8.157315e+00
2.592000e-05	-4.310619e-03	8.054656e+00
2.593000e-05	-2.788111e-03	8.019955e+00
2.594000e-05	-3.494264e-03	7.916887e+00
2.595000e-05	-4.309689e-03	7.873108e+00
2.596000e-05	-3.310132e-03	7.789493e+00
2.597000e-05	-4.158813e-03	7.714692e+00
2.598000e-05	-3.483473e-03	7.612054e+00
2.599000e-05	-4.626842e-03	7.517867e+00
2.600000e-05	-1.578806e-03	7.442559e+00
2.601000e-05	-3.988963e-03	7.367842e+00
2.602000e-05	-2.450577e-03	7.241952e+00
2.603000e-05	-4.403807e-03	7.149371e+00
2.604000e-05	-1.657960e-03	7.072683e+00
2.605000e-05	-4.671924e-03	6.979873e+00
2.606000e-05	-2.869273e-03	6.864260e+00
2.607000e-05	-4.168398e-03	6.798948e+00
2.608000e-05	-2.643877e-03	6.734711e+00
2.609000e-05	-4.102075e-03	6.540292e+00
2.610000e-05	-2.627707e-03	6.441055e+00
2.611000e-05	-3.032408e-03	6.307841e+00
2.612000e-05	-2.822686e-03	6.272526e+00
2.613000e-05	-3.487206e-03	6.136266e+00
2.614000e-05	-2.618391e-03	6.051052e+00
2.615000e-05	-2.953827e-03	5.927366e+00
2.616000e-05	-3.794186e-03	5.808420e+00
2.617000e-05	-4.591422e-03	5.672999e+00
2.618000e-05	-3.005790e-03	5.485662e+00
2.619000e-05	-3.617551e-03	5.350396e+00
2.620000e-05	-3.943868e-03	5.252628e+00
2.621000e-05	-3.726908e-03	5.113581e+00
2.622000e-05	-3.475775e-03	4.914186e+00
2.623000e-05	-3.321291e-03	4.768871e+00
2.624000e-05	-3.137012e-03	4.622500e+00
2.625000e-05	-3.448127e-03	4.505214e+00
2.626000e-05	-4.096913e-03	4.369974e+00
2.627000e-05	-3.751853e-03	4.253027e+00
2.628000e-05	-3.627041e-03	4.033555e+00
2.629000e-05	-3.091374e-03	3.915838e+00
2.630000e-05	-3.877630e-03	3.800976e+00
2.631000e-05	-3.205442e-03	3.673079e+00
2.632000e-05	-3.674436e-03	3.529864e+00
2.633000e-05	-3.804812e-03	3.379313e+00
2.634000e-05	-4.052153e-03	3.229400e+00
2.635000e-05	-4.239811e-03	3.094629e+00
2.636000e-05	-4.021614e-03	2.927191e+00
2.637000e-05	-4.039792e-03	2.818949e+00
2.638000e-05	-4.096982e-03	2.592423e+00
2.639000e-05	-3.758224e-03	2.400954e+00
2.640000e-05	-3.992247e-03	2.284182e+00
2.641000e-05	-3.889128e-03	2.157262e+00
2.642000e-05	-3.786196e-03	1.998975e+00
2.643000e-05	-4.200594e-03	1.853004e+00
2.644000e-05	-3.740934e-03	1.664104e+00
2.645000e-05	-3.834449e-03	1.505113e+00
2.646000e-05	-3.533581e-03	1.365762e+00
2.647000e-05	-4.188736e-03	1.209422e+00
2.648000e-05	-3.943972e-03	9.652436e-01
2.649000e-05	-3.320199e-03	7.894461e-01
2.650000e-05	-3.927886e-03	6.410303e-01
2.651000e-05	-3.724632e-03	4.741580e-01
2.652000e-05	-3.292619e-03	3.578672e-01
2.653000e-05	-3.084794e-03	1.582374e-01
2.654000e-05	-1.619804e-03	2.042106e-02
2.655000e-05	1.364211e-03	-1.283986e-01
2.656000e-05	9.325903e-04	-2.853656e-01
2.657000e-05	-8.085575e-04	-4.311040e-01
2.658000e-05	-1.253842e-03	-5.799498e-01
2.659000e-05	-2.370454e-03	-7.779719e-01
2.660000e-05	-8.211354e-04	-8.657855e-01
2.661000e-05	8.338196e-04	-1.010580e+00
2.662000e-05	1.904424e-02	-1.157900e+00
2.663000e-05	8.156512e-02	-1.359020e+00
2.664000e-05	-4.713193e-02	-1.623649e+00
2.665000e-05	-2.363363e-02	-1.882234e+00
2.666000e-05	-9.283490e-02	-1.980000e+00
2.667000e-05	-1.200961e-02	-2.022551e+00
2.668000e-05	1.554912e-01	-2.031183e+00
2.669000e-05	-1.212183e-01	-2.326839e+00
2.670000e-05	-3.435614e-02	-2.538369e+00
2.671000e-05	1.776617e-01	-2.589448e+00
2.672000e-05	-1.785194e-01	-2.746419e+00
2.673000e-05	-2.300804e-02	-2.917372e+00
2.674000e-05	1.509510e-01	-3.144811e+00
2.675000e-05	-1.486430e-01	-3.272707e+00
2.676000e-05	5.015955e-02	-3.389526e+00
2.677000e-05	9.580164e-02	-3.505795e+00
2.678000e-05	-1.470383e-01	-3.645313e+00
2.679000e-05	1.057826e-01	-3.823634e+00
2.680000e-05	-5.155635e-02	-4.031601e+00
2.681000e-05	-5.228357e-02	-4.189601e+00
2.682000e-05	1.317791e-01	-4.253183e+00
2.683000e-05	-1.171379e-01	-4.410176e+00
2.684000e-05	4.211221e-02	-4.578974e+00
2.685000e-05	5.861205e-02	-4.755783e+00
2.686000e-05	-8.125184e-02	-4.845638e+00
2.687000e-05	3.279099e-02	-4.988500e+00
2.688000e-05	-3.933986e-02	-5.107262e+00
2.689000e-05	4.541353e-02	-5.273284e+00
2.690000e-05	1.636971e-03	-5.392052e+00
2.691000e-05	-6.229889e-02	-5.559999e+00
2.692000e-05	8.794403e-02	-5.655814e+00
2.693000e-05	-5.105050e-02	-5.833128e+00
2.694000e-05	-1.181726e-02	-5.917843e+00
2.695000e-05	3.600957e-03	-6.010001e+00
2.696000e-05	-1.503474e-03	-6.076495e+00
2.697000e-05	6.321876e-02	-6.287814e+00
2.698000e-05	-8.864316e-02	-6.401050e+00
2.699000e-05	2.171572e-02	-6.475813e+00
2.700000e-05	2.715926e-02	-6.601501e+00
2.701000e-05	-2.444910e-02	-6.706837e+00
2.702000e-05	1.584059e-03	-6.778920e+00
2.703000e-05	-2.228003e-02	-6.835758e+00
2.704000e-05	5.232397e-02	-7.022077e+00
2.705000e-05	-3.486434e-02	-7.167968e+00
2.706000e-05	-1.662620e-02	-7.233057e+00
2.707000e-05	1.979287e-02	-7.295787e+00
2.708000e-05	-6.469951e-03	-7.419623e+00
2.709000e-05	-7.401714e-04	-7.443658e+00
2.710000e-05	-2.236043e-02	-7.567969e+00
2.711000e-05	2.606533e-02	-7.642656e+00
2.712000e-05	-6.341645e-03	-7.758392e+00
2.713000e-05	-1.467954e-02	-7.845285e+00
2.714000e-05	1.954383e-03	-7.948921e+00
2.715000e-05	1.000063e-04	-8.021101e+00
2.716000e-05	2.244044e-03	-8.033184e+00
2.717000e-05	-1.078506e-02	-8.118316e+00
2.718000e-05	5.349125e-03	-8.200474e+00
2.719000e-05	-2.374034e-03	-8.224630e+00
2.720000e-05	-5.943825e-03	-8.294186e+00
2.721000e-05	5.637999e-04	-8.346895e+00
2.722000e-05	-2.199509e-03	-8.389494e+00
2.723000e-05	-1.664802e-03	-8.399549e+00
2.724000e-05	-2.974001e-03	-8.420577e+00
2.725000e-05	-1.085670e-04	-8.463229e+00
2.726000e-05	-3.230343e-03	-8.456710e+00
2.727000e-05	-4.807636e-03	-8.527869e+00
2.728000e-05	-5.093316e-04	-8.572490e+00
2.729000e-05	-2.170910e-03	-8.631471e+00
2.730000e-05	-5.192975e-03	-8.625081e+00
2.731000e-05	-9.838690e-04	-8.643737e+00
2.732000e-05	3.550515e-04	-8.675666e+00
2.733000e-05	-4.707120e-03	-8.666813e+00
2.734000e-05	-5.777203e-03	-8.727864e+00
2.735000e-05	-3.614886e-04	-8.778818e+00
2.736000e-05	4.034797e-04	-8.738395e+00
2.737000e-05	-3.000629e-03	-8.717345e+00
2.738000e-05	-3.394515e-03	-8.758845e+00
2.739000e-05	-2.451460e-03	-8.727895e+00
2.740000e-05	-1.141874e-03	-8.717239e+00
2.741000e-05	-3.585660e-03	-8.707320e+00
2.742000e-05	-2.346124e-03	-8.656761e+00
2.743000e-05	-1.807926e-03	-8.624716e+00
2.744000e-05	-2.009979e-03	-8.613158e+00
2.745000e-05	-2.813462e-03	-8.593076e+00
2.746000e-05	-1.376864e-03	-8.579895e+00
2.747000e-05	-6.261198e-04	-8.516265e+00
2.748000e-05	-1.452365e-03	-8.476315e+00
2.749000e-05	-1.641396e-03	-8.463683e+00
2.750000e-05	-1.523219e-03	-8.432999e+00
2.751000e-05	-1.827672e-04	-8.368897e+00
2.752000e-05	-6.990714e-04	-8.297841e+00
2.753000e-05	-2.302894e-03	-8.295263e+00
2.754000e-05	-3.317590e-03	-8.293604e+00
2.755000e-05	-2.271905e-03	-8.211001e+00
2.756000e-05	-1.595356e-03	-8.139366e+00
2.757000e-05	-3.209575e-03	-8.064232e+00
2.758000e-05	-3.464145e-03	-8.011678e+00
2.759000e-05	-3.488464e-03	-8.020475e+00
2.760000e-05	-3.581578e-03	-7.895216e+00
2.761000e-05	-3.919315e-03	-7.823474e+00
2.762000e-05	-3.390545e-03	-7.676257e+00
2.763000e-05	-4.240379e-03	-7.632501e+00
2.764000e-05	-2.941387e-03	-7.526767e+00
2.765000e-05	-3.434523e-03	-7.423083e+00
2.766000e-05	-4.105169e-03	-7.369921e+00
2.767000e-05	-4.058949e-03	-7.274229e+00
2.768000e-05	-3.240498e-03	-7.212499e+00
2.769000e-05	-2.835252e-03	-7.137817e+00
2.770000e-05	-4.423840e-03	-7.034074e+00
2.771000e-05	-3.255394e-03	-6.915183e+00
2.772000e-05	-3.123366e-03	-6.829448e+00
2.773000e-05	-3.267593e-03	-6.695716e+00
2.774000e-05	-3.720673e-03	-6.579501e+00
2.775000e-05	-2.282137e-03	-6.516788e+00
2.776000e-05	-2.401342e-03	-6.419304e+00
2.777000e-05	-5.295259e-03	-6.336791e+00
2.778000e-05	-5.124748e-03	-6.128369e+00
2.779000e-05	-3.869824e-03	-6.001975e+00
2.780000e-05	-3.766900e-03	-5.948318e+00
2.781000e-05	-4.644680e-03	-5.839501e+00
2.782000e-05	-2.947197e-03	-5.716133e+00
2.783000e-05	-2.397463e-03	-5.590449e+00
2.784000e-05	-3.009733e-03	-5.413581e+00
2.785000e-05	-4.486570e-03	-5.263602e+00
2.786000e-05	-2.640063e-03	-5.117367e+00
2.787000e-05	-4.031793e-03	-4.978394e+00
2.788000e-05	-5.748649e-03	-4.801402e+00
2.789000e-05	-5.363484e-03	-4.643082e+00
2.790000e-05	-3.867415e-03	-4.537271e+00
2.791000e-05	-3.239609e-03	-4.420978e+00
2.792000e-05	-3.038740e-03	-4.307186e+00
2.793000e-05	-2.992885e-03	-4.178949e+00
2.794000e-05	-2.811804e-03	-4.092632e+00
2.795000e-05	-4.908391e-03	-3.957241e+00
2.796000e-05	-4.002086e-03	-3.727817e+00
2.797000e-05	-5.797895e-03	-3.568973e+00
2.798000e-05	-4.421738e-03	-3.464108e+00
2.799000e-05	-6.152538e-03	-3.305263e+00
2.800000e-05	-3.655832e-03	-3.188500e+00
2.801000e-05	-3.675036e-03	-3.038525e+00
2.802000e-05	-2.238545e-03	-2.871529e+00
2.803000e-05	-1.967339e-03	-2.704786e+00
2.804000e-05	-3.899696e-03	-2.558365e+00
2.805000e-05	-4.594651e-03	-2.390949e+00
2.806000e-05	-5.856202e-03	-2.231553e+00
2.807000e-05	-4.818650e-03	-2.031555e+00
2.808000e-05	-4.514240e-03	-1.925788e+00
2.809000e-05	-3.874097e-03	-1.749892e+00
2.810000e-05	-4.792334e-03	-1.629026e+00
2.811000e-05	-2.969009e-03	-1.403028e+00
2.812000e-05	-3.345140e-03	-1.250476e+00
2.813000e-05	-3.324678e-03	-1.083032e+00
2.814000e-05	-4.857501e-03	-8.767655e-01
2.815000e-05	-4.729041e-03	-7.973922e-01
2.816000e-05	-5.798796e-03	-5.678187e-01
2.817000e-05	-4.159407e-03	-3.899987e-01
2.818000e-05	-4.966915e-03	-2.936042e-01
2.819000e-05	-3.473555e-03	-1.167857e-01
2.820000e-05	-1.748549e-03	1.028878e-03
2.821000e-05	1.789195e-03	2.116002e-01
2.822000e-05	-2.965515e-03	3.994749e-01
2.823000e-05	6.140071e-04	5.162920e-01
2.824000e-05	-3.414126e-03	6.397578e-01
2.825000e-05	-2.997319e-03	8.089773e-01
2.826000e-05	-5.272260e-03	9.253432e-01
2.827000e-05	4.366203e-05	1.136393e+00
2.828000e-05	1.393959e-02	1.284236e+00
2.829000e-05	6.125678e-02	1.452708e+00
2.830000e-05	2.578709e-03	1.705920e+00
2.831000e-05	-4.623749e-02	1.883238e+00
2.832000e-05	-4.577925e-02	2.040054e+00
2.833000e-05	-8.595026e-02	2.135365e+00
2.834000e-05	8.306201e-02	2.191078e+00
2.835000e-05	7.737211e-02	2.419450e+00
2.836000e-05	-1.615166e-01	2.485691e+00
2.837000e-05	1.162529e-01	2.661529e+00
2.838000e-05	1.446549e-02	2.861055e+00
2.839000e-05	-1.193598e-01	2.980499e+00
2.840000e-05	9.227918e-02	3.102236e+00
2.841000e-05	2.300914e-02	3.232133e+00
2.842000e-05	-1.207499e-01	3.403279e+00
2.843000e-05	1.149318e-01	3.549949e+00
2.844000e-05	-2.911769e-02	3.745341e+00
2.845000e-05	-4.339550e-02	3.844209e+00
2.846000e-05	4.674106e-02	4.031577e+00
2.847000e-05	-5.426194e-02	4.189545e+00
2.848000e-05	1.664866e-02	4.355872e+00
2.849000e-05	1.484431e-02	4.482784e+00
2.850000e-05	-2.393823e-02	4.642029e+00
2.851000e-05	2.322670e-02	4.768920e+00
2.852000e-05	8.674959e-03	4.902819e+00
2.853000e-05	-3.146339e-02	5.135792e+00
2.854000e-05	-1.403921e-02	5.243760e+00
2.855000e-05	2.106124e-02	5.382528e+00
2.856000e-05	1.358067e-02	5.535816e+00
2.857000e-05	-3.212437e-02	5.591576e+00
2.858000e-05	1.042504e-02	5.717869e+00
2.859000e-05	9.784522e-04	5.976245e+00
2.860000e-05	-1.222089e-02	6.020529e+00
2.861000e-05	-1.427147e-03	6.127319e+00
2.862000e-05	-1.458877e-02	6.230657e+00
2.863000e-05	2.839064e-02	6.377317e+00
2.864000e-05	-7.995022e-03	6.421698e+00
2.865000e-05	-1.896287e-02	6.557916e+00
2.866000e-05	3.458591e-03	6.726262e+00
2.867000e-05	6.632427e-03	6.799524e+00
2.868000e-05	-8.509358e-03	6.864081e+00
2.869000e-05	-1.514783e-02	6.969399e+00
2.870000e-05	1.459172e-02	7.053237e+00
2.871000e-05	2.762556e-03	7.139876e+00
2.872000e-05	-1.523647e-02	7.241003e+00
2.873000e-05	-7.139861e-03	7.316816e+00
2.874000e-05	8.700542e-03	7.405287e+00
2.875000e-05	-8.649185e-06	7.580071e+00
2.876000e-05	-1.003381e-02	7.642659e+00
2.877000e-05	-4.798799e-03	7.747893e+00
2.878000e-05	3.887322e-03	7.810056e+00
2.879000e-05	-6.275563e-03	7.894191e+00
2.880000e-05	-4.593561e-03	8.012124e+00
2.881000e-05	-2.063086e-04	8.104716e+00
2.882000e-05	-3.231985e-03	8.168397e+00
2.883000e-05	-4.285026e-03	8.200126e+00
2.884000e-05	-1.423879e-03	8.273558e+00
2.885000e-05	2.093332e-03	8.306787e+00
2.886000e-05	-8.289588e-03	8.358794e+00
2.887000e-05	-5.664242e-03	8.369975e+00
2.888000e-05	-1.410565e-03	8.443103e+00
2.889000e-05	-1.484402e-03	8.473085e+00
2.890000e-05	-2.337877e-03	8.484236e+00
2.891000e-05	-2.714176e-03	8.535291e+00
2.892000e-05	-4.158876e-03	8.556370e+00
2.893000e-05	-6.381851e-03	8.558974e+00
2.894000e-05	-1.830525e-03	8.600928e+00
2.895000e-05	9.875858e-05	8.611556e+00
2.896000e-05	-4.499118e-03	8.622656e+00
2.897000e-05	-5.307196e-03	8.674182e+00
2.898000e-05	-4.086939e-03	8.695681e+00
2.899000e-05	-3.631204e-04	8.736111e+00
2.900000e-05	-4.683989e-03	8.706261e+00
2.901000e-05	-3.503497e-03	8.706814e+00
2.902000e-05	-4.467371e-03	8.724766e+00
2.903000e-05	-2.099600e-03	8.717790e+00
2.904000e-05	-4.106034e-03	8.705215e+00
2.905000e-05	-2.818022e-03	8.726192e+00
2.906000e-05	-4.235903e-03	8.686262e+00
2.907000e-05	-4.588830e-03	8.714240e+00
2.908000e-05	-4.550177e-03	8.713635e+00
2.909000e-05	-3.760688e-03	8.692631e+00
2.910000e-05	-3.832133e-03	8.633232e+00
2.911000e-05	-4.887322e-03	8.621127e+00
2.912000e-05	-4.203785e-03	8.581002e+00
2.913000e-05	-4.896177e-03	8.579323e+00
2.914000e-05	-3.835424e-03	8.517318e+00
2.915000e-05	-3.811427e-03	8.505215e+00
2.916000e-05	-4.709522e-03	8.484158e+00
2.917000e-05	-6.162472e-03	8.422581e+00
2.918000e-05	-4.384725e-03	8.420027e+00
2.919000e-05	-4.484125e-03	8.337898e+00
2.920000e-05	-4.072344e-03	8.325284e+00
2.921000e-05	-5.211604e-03	8.231633e+00
2.922000e-05	-4.008009e-03	8.170320e+00
2.923000e-05	-2.650626e-03	8.113863e+00
2.924000e-05	-3.773725e-03	8.042637e+00
2.925000e-05	-3.759313e-03	7.990349e+00
2.926000e-05	-3.633237e-03	7.924164e+00
2.927000e-05	-4.805520e-03	7.832075e+00
2.928000e-05	-2.649940e-03	7.767816e+00
2.929000e-05	-4.744279e-03	7.684236e+00
2.930000e-05	-2.954314e-03	7.611000e+00
2.931000e-05	-3.703536e-03	7.505790e+00
2.932000e-05	-3.436920e-03	7.441071e+00
2.933000e-05	-4.268764e-03	7.293186e+00
2.934000e-05	-3.224697e-03	7.200973e+00
2.935000e-05	-2.878026e-03	7.126741e+00
2.936000e-05	-4.191506e-03	7.001550e+00
2.937000e-05	-3.635806e-03	6.937244e+00
2.938000e-05	-3.365726e-03	6.862077e+00
2.939000e-05	-1.861413e-03	6.767420e+00
2.940000e-05	-4.091058e-03	6.633080e+00
2.941000e-05	-3.414596e-03	6.565659e+00
2.942000e-05	-4.339479e-03	6.370449e+00
2.943000e-05	-2.477243e-03	6.316713e+00
2.944000e-05	-4.889197e-03	6.198949e+00
2.945000e-05	-2.536483e-03	6.064657e+00
2.946000e-05	-3.486092e-03	5.980445e+00
2.947000e-05	-3.312930e-03	5.853656e+00
2.948000e-05	-4.295432e-03	5.716161e+00
2.949000e-05	-3.536140e-03	5.567867e+00
2.950000e-05	-3.580821e-03	5.443034e+00
2.951000e-05	-4.142215e-03	5.316816e+00
2.952000e-05	-3.577804e-03	5.150794e+00
2.953000e-05	-3.832863e-03	5.009428e+00
2.954000e-05	-3.971040e-03	4.810952e+00
2.955000e-05	-3.885828e-03	4.674764e+00
2.956000e-05	-3.931355e-03	4.587823e+00
2.957000e-05	-3.430778e-03	4.442553e+00
2.958000e-05	-4.022868e-03	4.347220e+00
2.959000e-05	-3.496265e-03	4.117340e+00
2.960000e-05	-3.639602e-03	3.979948e+00
2.961000e-05	-4.502838e-03	3.873103e+00
2.962000e-05	-4.527882e-03	3.735263e+00
2.963000e-05	-2.752501e-03	3.609999e+00
2.964000e-05	-2.714315e-03	3.444628e+00
2.965000e-05	-5.125329e-03	3.273159e+00
2.966000e-05	-4.226342e-03	3.145313e+00
2.967000e-05	-3.316279e-03	2.989425e+00
2.968000e-05	-3.214043e-03	2.872605e+00
2.969000e-05	-4.460028e-03	2.757365e+00
2.970000e-05	-4.010278e-03	2.484214e+00
2.971000e-05	-3.774565e-03	2.348376e+00
2.972000e-05	-3.438499e-03	2.181499e+00
2.973000e-05	-4.195449e-03	2.064109e+00
2.974000e-05	-4.410987e-03	1.978391e+00
2.975000e-05	-4.183964e-03	1.736846e+00
2.976000e-05	-3.826552e-03	1.579467e+00
2.977000e-05	-3.204487e-03	1.431949e+00
2.978000e-05	-3.995761e-03	1.241054e+00
2.979000e-05	-3.384698e-03	1.082633e+00
2.980000e-05	-4.508563e-03	8.531331e-01
2.981000e-05	-3.513677e-03	7.247908e-01
2.982000e-05	-3.313012e-03	5.869424e-01
2.983000e-05	-3.307903e-03	4.105002e-01
2.984000e-05	-3.413198e-03	2.821869e-01
2.985000e-05	-3.011396e-03	8.115577e-02
2.986000e-05	-6.946236e-04	-5.278434e-02
2.987000e-05	2.464099e-03	-2.030763e-01
2.988000e-05	-2.049641e-03	-3.694721e-01
2.989000e-05	1.634733e-03	-5.141593e-01
2.990000e-05	-3.255339e-03	-6.531868e-01
2.991000e-05	-8.630596e-04	-8.000538e-01
2.992000e-05	-3.039734e-03	-9.363919e-01
2.993000e-05	6.858347e-03	-1.045290e+00
2.994000e-05	5.047537e-02	-1.241106e+00
2.995000e-05	4.131697e-02	-1.473813e+00
2.996000e-05	-6.519375e-02	-1.728394e+00
2.997000e-05	-2.427288e-02	-1.958896e+00
2.998000e-05	-1.184827e-01	-2.020128e+00
2.999000e-05	1.328662e-01	-2.021051e+00
3.000000e-05	3.775306e-02	-2.108472e+00
3.001000e-05	-1.761215e-01	-2.462685e+00
3.002000e-05	1.507761e-01	-2.558946e+00
3.003000e-05	1.402763e-02	-2.661683e+00
3.004000e-05	-1.779198e-01	-2.842709e+00
3.005000e-05	1.424403e-01	-3.030008e+00
3.006000e-05	1.288721e-02	-3.159446e+00
3.007000e-05	-1.363835e-01	-3.299466e+00
3.008000e-05	1.725235e-01	-3.413604e+00
3.009000e-05	-8.546072e-02	-3.559002e+00
3.010000e-05	-3.375738e-02	-3.788370e+00
3.011000e-05	8.841511e-02	-3.885942e+00
3.012000e-05	-1.257854e-01	-4.105820e+00
3.013000e-05	8.330513e-02	-4.211577e+00
3.014000e-05	2.626651e-02	-4.335865e+00
3.015000e-05	-1.074004e-01	-4.463154e+00
3.016000e-05	1.211208e-01	-4.620158e+00
3.017000e-05	-4.637691e-02	-4.779520e+00
3.018000e-05	-2.318016e-02	-4.887316e+00
3.019000e-05	1.371391e-02	-5.052155e+00
3.020000e-05	-3.022552e-02	-5.200100e+00
3.021000e-05	7.678220e-02	-5.296867e+00
3.022000e-05	-8.130305e-02	-5.466363e+00
3.023000e-05	3.305374e-02	-5.612582e+00
3.024000e-05	3.627104e-02	-5.749395e+00
3.025000e-05	-6.844499e-02	-5.854236e+00
3.026000e-05	2.959208e-02	-5.968496e+00
3.027000e-05	-3.168306e-02	-6.052259e+00
3.028000e-05	6.196604e-02	-6.233129e+00
3.029000e-05	-1.729379e-02	-6.367900e+00
3.030000e-05	-6.239416e-02	-6.443677e+00
3.031000e-05	6.075948e-02	-6.526920e+00
3.032000e-05	-1.848808e-02	-6.653681e+00
3.033000e-05	-1.826073e-03	-6.737867e+00
3.034000e-05	-2.077964e-02	-6.861577e+00
3.035000e-05	1.937637e-02	-6.978445e+00
3.036000e-05	2.391125e-02	-7.055891e+00
3.037000e-05	-5.113361e-02	-7.199074e+00
3.038000e-05	1.748014e-02	-7.241658e+00
3.039000e-05	4.376436e-03	-7.356421e+00
3.040000e-05	-1.170609e-03	-7.422628e+00
3.041000e-05	-1.603996e-02	-7.496267e+00
3.042000e-05	-1.269412e-03	-7.610553e+00
3.043000e-05	2.412009e-02	-7.735237e+00
3.044000e-05	-2.305046e-02	-7.792604e+00
3.045000e-05	-2.625695e-03	-7.876767e+00
3.046000e-05	6.181131e-04	-7.990475e+00
3.047000e-05	4.011926e-03	-8.042653e+00
3.048000e-05	-4.437174e-03	-8.074764e+00
3.049000e-05	-5.796992e-03	-8.167446e+00
3.050000e-05	7.478916e-03	-8.222553e+00
3.051000e-05	-1.078874e-02	-8.262733e+00
3.052000e-05	-1.048086e-03	-8.307313e+00
3.053000e-05	-5.054328e-04	-8.359470e+00
3.054000e-05	-9.331764e-04	-8.390000e+00
3.055000e-05	-2.629084e-03	-8.410551e+00
3.056000e-05	-1.476565e-03	-8.470608e+00
3.057000e-05	-1.296714e-04	-8.465157e+00
3.058000e-05	-5.562496e-03	-8.524833e+00
3.059000e-05	-1.337385e-03	-8.559396e+00
3.060000e-05	-1.033865e-03	-8.601022e+00
3.061000e-05	-3.214953e-03	-8.624128e+00
3.062000e-05	-4.639972e-03	-8.653107e+00
3.063000e-05	8.410810e-04	-8.646211e+00
3.064000e-05	-8.903054e-04	-8.656213e+00
3.065000e-05	-6.288451e-03	-8.687291e+00
3.066000e-05	-4.059205e-03	-8.728915e+00
3.067000e-05	-6.890508e-04	-8.758441e+00
3.068000e-05	-1.200940e-03	-8.728298e+00
3.069000e-05	-3.259032e-03	-8.697917e+00
3.070000e-05	-1.892524e-03	-8.729347e+00
3.071000e-05	-1.712582e-03	-8.756819e+00
3.072000e-05	-2.842024e-03	-8.697869e+00
3.073000e-05	-3.567702e-03	-8.706870e+00
3.074000e-05	-1.127235e-03	-8.635137e+00
3.075000e-05	-2.279841e-03	-8.705105e+00
3.076000e-05	-3.253592e-03	-8.622051e+00
3.077000e-05	-2.367805e-03	-8.580928e+00
3.078000e-05	-6.628741e-04	-8.559344e+00
3.079000e-05	-3.789432e-04	-8.506211e+00
3.080000e-05	-2.549376e-03	-8.475655e+00
3.081000e-05	-1.154977e-03	-8.432608e+00
3.082000e-05	-9.370520e-04	-8.389501e+00
3.083000e-05	5.747729e-04	-8.339898e+00
3.084000e-05	-2.046292e-03	-8.307841e+00
3.085000e-05	-3.473027e-03	-8.254732e+00
3.086000e-05	-2.269566e-03	-8.223129e+00
3.087000e-05	-2.951261e-03	-8.198551e+00
3.088000e-05	-3.398626e-03	-8.075796e+00
3.089000e-05	-3.026213e-03	-8.033657e+00
3.090000e-05	-3.029264e-03	-8.010976e+00
3.091000e-05	-1.496484e-03	-7.987320e+00
3.092000e-05	-1.887578e-03	-7.864664e+00
3.093000e-05	-4.546107e-03	-7.768923e+00
3.094000e-05	-3.394785e-03	-7.651577e+00
3.095000e-05	-5.356850e-03	-7.569870e+00
3.096000e-05	-2.394951e-03	-7.464262e+00
3.097000e-05	-4.776098e-03	-7.410550e+00
3.098000e-05	-3.283501e-03	-7.276315e+00
3.099000e-05	-2.607347e-03	-7.224081e+00
3.100000e-05	-1.816131e-03	-7.210498e+00
3.101000e-05	-2.839248e-03	-7.105809e+00
3.102000e-05	-5.571959e-03	-6.938270e+00
3.103000e-05	-4.276536e-03	-6.833550e+00
3.104000e-05	-3.413357e-03	-6.759369e+00
3.105000e-05	-3.274252e-03	-6.643103e+00
3.106000e-05	-2.991507e-03	-6.556845e+00
3.107000e-05	-3.142139e-03	-6.443658e+00
3.108000e-05	-2.521769e-03	-6.409470e+00
3.109000e-05	-3.992113e-03	-6.202532e+00
3.110000e-05	-3.201500e-03	-6.074607e+00
3.111000e-05	-3.658652e-03	-6.009922e+00
3.112000e-05	-4.616807e-03	-5.875134e+00
3.113000e-05	-4.512859e-03	-5.757417e+00
3.114000e-05	-3.372221e-03	-5.638605e+00
3.115000e-05	-2.805636e-03	-5.558167e+00
3.116000e-05	-4.664735e-03	-5.377893e+00
3.117000e-05	-4.271893e-03	-5.189973e+00
3.118000e-05	-3.738761e-03	-5.073632e+00
3.119000e-05	-3.857423e-03	-4.905261e+00
3.120000e-05	-4.911498e-03	-4.725693e+00
3.121000e-05	-3.992126e-03	-4.610974e+00
3.122000e-05	-3.553865e-03	-4.495633e+00
3.123000e-05	-3.666929e-03	-4.361419e+00
3.124000e-05	-4.174707e-03	-4.233652e+00
3.125000e-05	-3.464483e-03	-4.146190e+00
3.126000e-05	-5.204477e-03	-3.987897e+00
3.127000e-05	-3.773424e-03	-3.853683e+00
3.128000e-05	-5.245274e-03	-3.634585e+00
3.129000e-05	-3.281801e-03	-3.535815e+00
3.130000e-05	-4.107008e-03	-3.399524e+00
3.131000e-05	-3.347289e-03	-3.232104e+00
3.132000e-05	-4.381039e-03	-3.137817e+00
3.133000e-05	-3.427831e-03	-2.904837e+00
3.134000e-05	-3.920376e-03	-2.769392e+00
3.135000e-05	-2.764428e-03	-2.631600e+00
3.136000e-05	-5.389905e-03	-2.492633e+00
3.137000e-05	-3.739529e-03	-2.358317e+00
3.138000e-05	-5.367320e-03	-2.139347e+00
3.139000e-05	-3.044643e-03	-1.998501e+00
3.140000e-05	-4.465746e-03	-1.863103e+00
3.141000e-05	-3.819540e-03	-1.693191e+00
3.142000e-05	-4.528465e-03	-1.507843e+00
3.143000e-05	-3.354017e-03	-1.346711e+00
3.144000e-05	-4.759538e-03	-1.128892e+00
3.145000e-05	-4.706314e-03	-9.904763e-01
3.146000e-05	-4.931397e-03	-8.310053e-01
3.147000e-05	-4.027086e-03	-6.846868e-01
3.148000e-05	-4.913081e-03	-4.541380e-01
3.149000e-05	-4.281282e-03	-3.473146e-01
3.150000e-05	-4.634992e-03	-1.999473e-01
3.151000e-05	-2.452791e-03	-5.004758e-02
3.152000e-05	-8.187192e-04	1.343143e-01
3.153000e-05	-1.460835e-04	3.053383e-01
3.154000e-05	-3.307977e-03	4.120803e-01
3.155000e-05	4.044364e-04	5.694696e-01
3.156000e-05	-4.009197e-03	7.062933e-01
3.157000e-05	-3.384341e-03	8.206328e-01
3.158000e-05	-3.695848e-03	1.001029e+00
3.159000e-05	6.380930e-03	1.208975e+00
3.160000e-05	3.054870e-02	1.347996e+00
3.161000e-05	5.628963e-02	1.609608e+00
3.162000e-05	-4.376141e-02	1.801051e+00
3.163000e-05	-3.439017e-02	1.966997e+00
3.164000e-05	-7.293778e-02	2.094682e+00
3.165000e-05	-3.392335e-02	2.179899e+00
3.166000e-05	1.500246e-01	2.304237e+00
3.167000e-05	-6.998059e-02	2.411055e+00
3.168000e-05	-7.435716e-02	2.514912e+00
3.169000e-05	1.594761e-01	2.727392e+00
3.170000e-05	-1.154657e-01	2.927317e+00
3.171000e-05	-2.762145e-02	3.032081e+00
3.172000e-05	1.214096e-01	3.157470e+00
3.173000e-05	-1.053246e-01	3.335317e+00
3.174000e-05	-1.943720e-03	3.494842e+00
3.175000e-05	8.941366e-02	3.631104e+00
3.176000e-05	-7.937051e-02	3.818999e+00
3.177000e-05	2.293999e-02	3.950365e+00
3.178000e-05	-3.225158e-03	4.053763e+00
3.179000e-05	-3.933852e-02	4.255188e+00
3.180000e-05	3.971433e-02	4.411026e+00
3.181000e-05	-1.884504e-02	4.566344e+00
3.182000e-05	-1.358321e-03	4.685763e+00
3.183000e-05	2.647614e-02	4.850606e+00
3.184000e-05	-1.795435e-02	4.999579e+00
3.185000e-05	-2.571972e-02	5.180550e+00
3.186000e-05	-3.250501e-03	5.315342e+00
3.187000e-05	3.469907e-02	5.432134e+00
3.188000e-05	-1.976627e-02	5.570420e+00
3.189000e-05	-1.318457e-02	5.673709e+00
3.190000e-05	1.246030e-02	5.851157e+00
3.191000e-05	-7.075756e-03	5.968395e+00
3.192000e-05	-3.397686e-03	6.052232e+00
3.193000e-05	-1.304178e-02	6.148527e+00
3.194000e-05	6.091083e-03	6.274836e+00
3.195000e-05	1.873857e-02	6.339474e+00
3.196000e-05	-2.173787e-02	6.482784e+00
3.197000e-05	-1.046865e-02	6.641053e+00
3.198000e-05	1.274860e-02	6.777971e+00
3.199000e-05	-1.099013e-03	6.831579e+00
3.200000e-05	-1.271150e-02	6.905763e+00
3.201000e-05	-4.940998e-03	7.021551e+00
3.202000e-05	1.940516e-02	7.117845e+00
3.203000e-05	-1.137526e-02	7.209976e+00
3.204000e-05	-1.426943e-02	7.272755e+00
3.205000e-05	5.632468e-04	7.362449e+00
3.206000e-05	4.756198e-03	7.536793e+00
3.207000e-05	-4.469374e-03	7.620051e+00
3.208000e-05	-1.116286e-02	7.685763e+00
3.209000e-05	5.584407e-03	7.798573e+00
3.210000e-05	-2.136106e-03	7.875669e+00
3.211000e-05	-4.594921e-03	7.969896e+00
3.212000e-05	-3.622592e-03	8.095101e+00
3.213000e-05	-5.361927e-04	8.087841e+00
3.214000e-05	-4.740282e-03	8.169495e+00
3.215000e-05	-3.659869e-03	8.253100e+00
3.216000e-05	1.571122e-03	8.294286e+00
3.217000e-05	-4.020302e-03	8.338371e+00
3.218000e-05	-5.648344e-03	8.387796e+00
3.219000e-05	-3.939606e-03	8.411030e+00
3.220000e-05	6.321923e-05	8.482607e+00
3.221000e-05	-2.717020e-03	8.454635e+00
3.222000e-05	-6.196298e-04	8.484288e+00
3.223000e-05	-4.474710e-03	8.537340e+00
3.224000e-05	-5.330432e-03	8.589945e+00
3.225000e-05	-4.754211e-03	8.559976e+00
3.226000e-05	-1.725565e-03	8.592052e+00
3.227000e-05	-3.318674e-03	8.652556e+00
3.228000e-05	-5.398387e-03	8.674183e+00
3.229000e-05	-3.785509e-03	8.682733e+00
3.230000e-05	-2.068410e-03	8.715634e+00
3.231000e-05	-3.596741e-03	8.675211e+00
3.232000e-05	-5.629236e-03	8.664716e+00
3.233000e-05	-4.172758e-03	8.695685e+00
3.234000e-05	-1.569308e-03	8.766340e+00
3.235000e-05	-4.484617e-03	8.717215e+00
3.236000e-05	-4.104803e-03	8.705340e+00
3.237000e-05	-3.984159e-03	8.714268e+00
3.238000e-05	-2.807188e-03	8.697214e+00
3.239000e-05	-4.968685e-03	8.665190e+00
3.240000e-05	-3.983249e-03	8.684686e+00
3.241000e-05	-3.182951e-03	8.673582e+00
3.242000e-05	-4.079500e-03	8.662131e+00
3.243000e-05	-4.300805e-03	8.600974e+00
3.244000e-05	-4.303929e-03	8.588420e+00
3.245000e-05	-3.717555e-03	8.558319e+00
3.246000e-05	-4.071040e-03	8.485765e+00
3.247000e-05	-4.159953e-03	8.504190e+00
3.248000e-05	-6.111927e-03	8.452656e+00
3.249000e-05	-4.583849e-03	8.420525e+00
3.250000e-05	-5.560460e-03	8.370499e+00
3.251000e-05	-5.031948e-03	8.317793e+00
3.252000e-05	-4.797310e-03	8.272090e+00
3.253000e-05	-2.535942e-03	8.232957e+00
3.254000e-05	-3.593228e-03	8.146964e+00
3.255000e-05	-4.062303e-03	8.105088e+00
3.256000e-05	-3.788066e-03	7.964072e+00
3.257000e-05	-2.839732e-03	7.926741e+00
3.258000e-05	-2.692294e-03	7.863158e+00
3.259000e-05	-3.738118e-03	7.788894e+00
3.260000e-05	-4.422087e-03	7.687240e+00
3.261000e-05	-3.844884e-03	7.633632e+00
3.262000e-05	-3.605988e-03	7.618870e+00
3.263000e-05	-5.532475e-04	7.485130e+00
3.264000e-05	-4.299210e-03	7.316717e+00
3.265000e-05	-3.131660e-03	7.252075e+00
3.266000e-05	-5.498231e-03	7.126322e+00
3.267000e-05	-1.607919e-03	7.105607e+00
3.268000e-05	-3.858109e-03	6.979372e+00
3.269000e-05	-2.749283e-03	6.874181e+00
3.270000e-05	-3.783930e-03	6.819971e+00
3.271000e-05	-2.812905e-03	6.706738e+00
3.272000e-05	-4.737213e-03	6.599871e+00
3.273000e-05	-3.047693e-03	6.491603e+00
3.274000e-05	-4.053143e-03	6.338295e+00
3.275000e-05	-3.272245e-03	6.242002e+00
3.276000e-05	-3.553929e-03	6.147318e+00
3.277000e-05	-3.228068e-03	6.021550e+00
3.278000e-05	-3.916601e-03	5.937319e+00
3.279000e-05	-4.563721e-03	5.809471e+00
3.280000e-05	-3.971822e-03	5.610577e+00
3.281000e-05	-3.015827e-03	5.496211e+00
3.282000e-05	-3.401355e-03	5.398950e+00
3.283000e-05	-3.533134e-03	5.272131e+00
3.284000e-05	-3.036673e-03	5.115711e+00
3.285000e-05	-3.500871e-03	4.914220e+00
3.286000e-05	-4.621599e-03	4.769349e+00
3.287000e-05	-4.438493e-03	4.644077e+00
3.288000e-05	-4.220216e-03	4.475166e+00
3.289000e-05	-3.405799e-03	4.389474e+00
3.290000e-05	-3.706366e-03	4.252052e+00
3.291000e-05	-3.975730e-03	4.043684e+00
3.292000e-05	-3.941093e-03	3.909391e+00
3.293000e-05	-3.424850e-03	3.792474e+00
3.294000e-05	-4.036676e-03	3.653636e+00
3.295000e-05	-3.595866e-03	3.568867e+00
3.296000e-05	-3.817750e-03	3.349867e+00
3.297000e-05	-4.286599e-03	3.199999e+00
3.298000e-05	-4.315628e-03	3.074609e+00
3.299000e-05	-3.890654e-03	2.916266e+00
3.300000e-05	-3.422413e-03	2.790022e+00
3.301000e-05	-4.215652e-03	2.653054e+00
3.302000e-05	-4.402750e-03	2.471552e+00
3.303000e-05	-3.093857e-03	2.295159e+00
3.304000e-05	-3.291302e-03	2.125265e+00
3.305000e-05	-3.176164e-03	2.031049e+00
3.306000e-05	-3.260885e-03	1.852558e+00
3.307000e-05	-3.809760e-03	1.685631e+00
3.308000e-05	-4.683865e-03	1.523664e+00
3.309000e-05	-3.576863e-03	1.356813e+00
3.310000e-05	-3.539927e-03	1.198870e+00
3.311000e-05	-4.000327e-03	9.403385e-01
3.312000e-05	-4.469927e-03	8.103748e-01
3.313000e-05	-4.073487e-03	6.725302e-01
3.314000e-05	-3.347851e-03	4.931829e-01
3.315000e-05	-2.970156e-03	3.779183e-01
3.316000e-05	-4.464512e-03	1.387659e-01
3.317000e-05	-1.982491e-03	-5.802532e-04
3.318000e-05	2.335223e-03	-1.580199e-01
3.319000e-05	1.430130e-03	-3.053381e-01
3.320000e-05	-2.262299e-03	-4.195026e-01
3.321000e-05	-5.872299e-04	-5.885996e-01
3.322000e-05	-1.954400e-03	-7.684735e-01
3.323000e-05	-3.007395e-04	-8.857092e-01
3.324000e-05	-7.223991e-04	-1.020554e+00
3.325000e-05	1.765716e-02	-1.148523e+00
3.326000e-05	8.135429e-02	-1.346345e+00
3.327000e-05	-3.942490e-02	-1.609625e+00
3.328000e-05	-2.840504e-02	-1.840712e+00
3.329000e-05	-8.565991e-02	-1.998999e+00
3.330000e-05	-2.715140e-02	-2.022528e+00
3.331000e-05	1.611397e-01	-2.063607e+00
3.332000e-05	-1.072015e-01	-2.325811e+00
3.333000e-05	-5.386599e-02	-2.517418e+00
3.334000e-05	1.837408e-01	-2.577974e+00
3.335000e-05	-1.668491e-01	-2.717865e+00
3.336000e-05	-4.507479e-02	-2.934924e+00
3.337000e-05	1.572317e-01	-3.055836e+00
3.338000e-05	-1.385447e-01	-3.223180e+00
3.339000e-05	2.904076e-02	-3.399477e+00
3.340000e-05	1.101416e-01	-3.486338e+00
3.341000e-05	-1.499989e-01	-3.663184e+00
3.342000e-05	9.855021e-02	-3.793285e+00
3.343000e-05	-3.671079e-02	-3.990654e+00
3.344000e-05	-6.672941e-02	-4.160472e+00
3.345000e-05	1.323446e-01	-4.254711e+00
3.346000e-05	-1.086065e-01	-4.380075e+00
3.347000e-05	2.611835e-02	-4.517967e+00
3.348000e-05	7.076007e-02	-4.675711e+00
3.349000e-05	-8.300765e-02	-4.852680e+00
3.350000e-05	2.951733e-02	-4.948950e+00
3.351000e-05	-3.595012e-02	-5.126317e+00
3.352000e-05	3.852104e-02	-5.254130e+00
3.353000e-05	1.103232e-02	-5.411024e+00
3.354000e-05	-7.044394e-02	-5.572075e+00
3.355000e-05	8.711517e-02	-5.674287e+00
3.356000e-05	-4.543743e-02	-5.813077e+00
3.357000e-05	-1.828598e-02	-5.905891e+00
3.358000e-05	8.800538e-03	-5.979574e+00
3.359000e-05	-6.461786e-03	-6.115420e+00
3.360000e-05	6.661214e-02	-6.313283e+00
3.361000e-05	-8.784277e-02	-6.400050e+00
3.362000e-05	1.506378e-02	-6.464738e+00
3.363000e-05	3.237929e-02	-6.619975e+00
3.364000e-05	-2.460048e-02	-6.697288e+00
3.365000e-05	3.299433e-03	-6.799470e+00
3.366000e-05	-2.382186e-02	-6.875212e+00
3.367000e-05	5.137932e-02	-7.013530e+00
3.368000e-05	-3.054459e-02	-7.137970e+00
3.369000e-05	-2.021512e-02	-7.201553e+00
3.370000e-05	1.997833e-02	-7.302790e+00
3.371000e-05	-5.762690e-03	-7.390025e+00
3.372000e-05	-2.445930e-04	-7.474179e+00
3.373000e-05	-2.182512e-02	-7.558947e+00
3.374000e-05	2.579143e-02	-7.664630e+00
3.375000e-05	-1.635166e-03	-7.748017e+00
3.376000e-05	-1.690617e-02	-7.845186e+00
3.377000e-05	6.057080e-05	-7.927490e+00
3.378000e-05	5.935257e-04	-8.002053e+00
3.379000e-05	4.416201e-03	-8.053754e+00
3.380000e-05	-1.026010e-02	-8.127266e+00
3.381000e-05	4.014946e-03	-8.159999e+00
3.382000e-05	-2.908309e-03	-8.240629e+00
3.383000e-05	-6.881072e-03	-8.275285e+00
3.384000e-05	1.772201e-03	-8.296842e+00
3.385000e-05	-1.054582e-03	-8.348948e+00
3.386000e-05	-1.323242e-03	-8.420925e+00
3.387000e-05	-4.047361e-03	-8.401075e+00
3.388000e-05	-2.651584e-04	-8.472131e+00
3.389000e-05	-2.833468e-03	-8.466336e+00
3.390000e-05	-4.819823e-03	-8.486414e+00
3.391000e-05	-3.877216e-04	-8.556897e+00
3.392000e-05	-2.020347e-03	-8.602678e+00
3.393000e-05	-4.200266e-03	-8.615206e+00
3.394000e-05	-1.583503e-03	-8.645160e+00
3.395000e-05	2.482884e-05	-8.687810e+00
3.396000e-05	-3.858143e-03	-8.716364e+00
3.397000e-05	-6.013402e-03	-8.727871e+00
3.398000e-05	-1.074038e-03	-8.778373e+00
3.399000e-05	1.686186e-04	-8.727868e+00
3.400000e-05	-3.007812e-03	-8.747972e+00
3.401000e-05	-3.569422e-03	-8.708870e+00
3.402000e-05	-3.455646e-03	-8.749894e+00
3.403000e-05	-1.867713e-03	-8.756341e+00
3.404000e-05	-3.799720e-03	-8.666316e+00
3.405000e-05	-1.215455e-03	-8.666392e+00
3.406000e-05	-2.067623e-03	-8.705736e+00
3.407000e-05	-3.124421e-03	-8.612657e+00
3.408000e-05	-3.403193e-03	-8.633002e+00
3.409000e-05	-2.359317e-03	-8.569472e+00
3.410000e-05	-1.248098e-03	-8.515967e+00
3.411000e-05	-1.552744e-03	-8.464735e+00
3.412000e-05	-1.137970e-03	-8.402153e+00
3.413000e-05	-1.126032e-03	-8.412652e+00
3.414000e-05	-7.971188e-04	-8.379945e+00
3.415000e-05	-1.479585e-03	-8.368921e+00
3.416000e-05	-3.674108e-03	-8.284758e+00
3.417000e-05	-2.596029e-03	-8.245580e+00
3.418000e-05	-2.062022e-03	-8.191450e+00
3.419000e-05	-2.119494e-03	-8.058394e+00
3.420000e-05	-2.700568e-03	-8.096184e+00
3.421000e-05	-2.537387e-03	-8.051601e+00
3.422000e-05	-2.750269e-03	-7.970022e+00
3.423000e-05	-3.472111e-03	-7.889340e+00
3.424000e-05	-3.141057e-03	-7.813004e+00
3.425000e-05	-3.323285e-03	-7.747186e+00
3.426000e-05	-4.671578e-03	-7.631598e+00
3.427000e-05	-3.672452e-03	-7.538342e+00
3.428000e-05	-3.154271e-03	-7.473611e+00
3.429000e-05	-3.878169e-03	-7.329320e+00
3.430000e-05	-3.696960e-03	-7.283738e+00
3.431000e-05	-3.120699e-03	-7.210002e+00
3.432000e-05	-2.170885e-03	-7.108341e+00
3.433000e-05	-4.272590e-03	-7.003632e+00
3.434000e-05	-4.042354e-03	-6.864713e+00
3.435000e-05	-3.337252e-03	-6.821973e+00
3.436000e-05	-3.167348e-03	-6.686315e+00
3.437000e-05	-2.934692e-03	-6.631526e+00
3.438000e-05	-2.693019e-03	-6.527266e+00
3.439000e-05	-2.835307e-03	-6.431503e+00
3.440000e-05	-3.488772e-03	-6.286316e+00
3.441000e-05	-4.120066e-03	-6.179545e+00
3.442000e-05	-4.014874e-03	-6.031050e+00
3.443000e-05	-2.902884e-03	-5.956820e+00
3.444000e-05	-5.583847e-03	-5.802576e+00
3.445000e-05	-2.940567e-03	-5.685758e+00
3.446000e-05	-3.596716e-03	-5.590975e+00
3.447000e-05	-4.857195e-03	-5.443029e+00
3.448000e-05	-4.593935e-03	-5.254152e+00
3.449000e-05	-3.945277e-03	-5.167244e+00
3.450000e-05	-2.925128e-03	-4.971447e+00
3.451000e-05	-4.498989e-03	-4.842454e+00
3.452000e-05	-3.625211e-03	-4.663655e+00
3.453000e-05	-3.262582e-03	-4.497797e+00
3.454000e-05	-5.032900e-03	-4.411579e+00
3.455000e-05	-5.258733e-03	-4.337815e+00
3.456000e-05	-5.279495e-03	-4.159925e+00
3.457000e-05	-3.784617e-03	-4.031529e+00
3.458000e-05	-4.916275e-03	-3.928886e+00
3.459000e-05	-2.061673e-03	-3.728820e+00
3.460000e-05	-4.203745e-03	-3.569998e+00
3.461000e-05	-2.622406e-03	-3.493657e+00
3.462000e-05	-6.132874e-03	-3.325815e+00
3.463000e-05	-3.753109e-03	-3.229946e+00
3.464000e-05	-5.598958e-03	-3.030550e+00
3.465000e-05	-2.738919e-03	-2.842073e+00
3.466000e-05	-3.795325e-03	-2.716262e+00
3.467000e-05	-4.208814e-03	-2.548370e+00
3.468000e-05	-5.095279e-03	-2.438899e+00
3.469000e-05	-5.453337e-03	-2.255086e+00
3.470000e-05	-3.789299e-03	-2.054031e+00
3.471000e-05	-4.425275e-03	-1.906313e+00
3.472000e-05	-2.961397e-03	-1.758895e+00
3.473000e-05	-5.317993e-03	-1.621025e+00
3.474000e-05	-3.919307e-03	-1.472507e+00
3.475000e-05	-4.822026e-03	-1.230603e+00
3.476000e-05	-4.193566e-03	-1.073183e+00
3.477000e-05	-5.168838e-03	-9.362358e-01
3.478000e-05	-3.605049e-03	-8.094196e-01
3.479000e-05	-6.068254e-03	-5.909685e-01
3.480000e-05	-3.968868e-03	-4.115253e-01
3.481000e-05	-3.906823e-03	-2.630543e-01
3.482000e-05	-4.079095e-03	-1.273395e-01
3.483000e-05	-2.174682e-03	3.107644e-02
3.484000e-05	2.895105e-04	1.600239e-01
3.485000e-05	-2.358432e-03	3.704974e-01
3.486000e-05	-1.948135e-04	4.933093e-01
3.487000e-05	-3.118082e-03	6.526603e-01
3.488000e-05	-2.787564e-03	7.574974e-01
3.489000e-05	-3.805416e-03	9.272132e-01
3.490000e-05	6.880529e-04	1.146165e+00
3.491000e-05	1.237388e-02	1.241059e+00
3.492000e-05	5.694506e-02	1.460233e+00
3.493000e-05	9.279152e-03	1.745793e+00
3.494000e-05	-4.811219e-02	1.884263e+00
3.495000e-05	-4.532946e-02	2.020079e+00
3.496000e-05	-8.646093e-02	2.116393e+00
3.497000e-05	7.046590e-02	2.230005e+00
3.498000e-05	9.334982e-02	2.398970e+00
3.499000e-05	-1.573919e-01	2.472709e+00
3.500000e-05	9.955053e-02	2.589552e+00
3.501000e-05	3.335258e-02	2.811604e+00
3.502000e-05	-1.250509e-01	2.979024e+00
3.503000e-05	7.890610e-02	3.073261e+00
3.504000e-05	3.383828e-02	3.215603e+00
3.505000e-05	-1.254927e-01	3.451579e+00
3.506000e-05	1.122170e-01	3.548473e+00
3.507000e-05	-1.630503e-02	3.655835e+00
3.508000e-05	-4.893559e-02	3.883658e+00
3.509000e-05	4.479299e-02	3.980026e+00
3.510000e-05	-5.148760e-02	4.148469e+00
3.511000e-05	1.271327e-02	4.357393e+00
3.512000e-05	1.984773e-02	4.473179e+00
3.513000e-05	-2.353899e-02	4.600557e+00
3.514000e-05	2.011474e-02	4.759946e+00
3.515000e-05	1.017114e-02	4.895262e+00
3.516000e-05	-3.322883e-02	5.126260e+00
3.517000e-05	-1.554900e-02	5.233136e+00
3.518000e-05	1.875143e-02	5.391478e+00
3.519000e-05	1.707756e-02	5.505763e+00
3.520000e-05	-3.306457e-02	5.591003e+00
3.521000e-05	8.382413e-03	5.705846e+00
3.522000e-05	3.103656e-03	5.904790e+00
3.523000e-05	-9.647487e-03	6.002051e+00
3.524000e-05	-6.572614e-04	6.126267e+00
3.525000e-05	-1.548305e-02	6.221108e+00
3.526000e-05	2.590328e-02	6.306820e+00
3.527000e-05	-5.860596e-03	6.420526e+00
3.528000e-05	-2.107257e-02	6.516869e+00
3.529000e-05	3.423524e-03	6.715838e+00
3.530000e-05	8.105632e-03	6.788474e+00
3.531000e-05	-7.511013e-03	6.843657e+00
3.532000e-05	-1.644011e-02	6.948472e+00
3.533000e-05	1.327877e-02	7.083159e+00
3.534000e-05	6.619784e-03	7.148994e+00
3.535000e-05	-1.556956e-02	7.231628e+00
3.536000e-05	-1.032018e-02	7.306719e+00
3.537000e-05	6.082967e-03	7.463228e+00
3.538000e-05	5.145235e-04	7.538473e+00
3.539000e-05	-8.296012e-03	7.632655e+00
3.540000e-05	-5.353591e-03	7.737917e+00
3.541000e-05	4.350966e-03	7.831579e+00
3.542000e-05	-6.981919e-03	7.874763e+00
3.543000e-05	-4.635327e-03	8.039998e+00
3.544000e-05	-6.682047e-04	8.086214e+00
3.545000e-05	-2.460382e-03	8.127346e+00
3.546000e-05	-4.555254e-03	8.191475e+00
3.547000e-05	-2.347435e-03	8.242132e+00
3.548000e-05	2.190996e-03	8.356239e+00
3.549000e-05	-6.839802e-03	8.369323e+00
3.550000e-05	-4.876879e-03	8.409473e+00
3.551000e-05	-9.818808e-04	8.451527e+00
3.552000e-05	-1.683414e-03	8.484112e+00
3.553000e-05	-2.122720e-03	8.474688e+00
3.554000e-05	-3.395889e-03	8.518363e+00
3.555000e-05	-3.105497e-03	8.519843e+00
3.556000e-05	-6.406521e-03	8.579895e+00
3.557000e-05	-3.079929e-03	8.599601e+00
3.558000e-05	-7.971112e-04	8.610452e+00
3.559000e-05	-3.297119e-03	8.683153e+00
3.560000e-05	-5.563901e-03	8.654233e+00
3.561000e-05	-3.178512e-03	8.664130e+00
3.562000e-05	-9.274513e-04	8.685715e+00
3.563000e-05	-4.588116e-03	8.686185e+00
3.564000e-05	-4.303367e-03	8.685371e+00
3.565000e-05	-4.417629e-03	8.697264e+00
3.566000e-05	-1.488657e-03	8.736765e+00
3.567000e-05	-3.806342e-03	8.705216e+00
3.568000e-05	-3.438840e-03	8.685315e+00
3.569000e-05	-3.125461e-03	8.717208e+00
3.570000e-05	-3.412952e-03	8.715692e+00
3.571000e-05	-4.746334e-03	8.705660e+00
3.572000e-05	-4.142571e-03	8.673133e+00
3.573000e-05	-4.247596e-03	8.675052e+00
3.574000e-05	-4.360057e-03	8.661556e+00
3.575000e-05	-3.912740e-03	8.550049e+00
3.576000e-05	-4.551832e-03	8.580495e+00
3.577000e-05	-4.114524e-03	8.566841e+00
3.578000e-05	-5.866109e-03	8.476215e+00
3.579000e-05	-5.157258e-03	8.454632e+00
3.580000e-05	-4.745096e-03	8.432051e+00
3.581000e-05	-5.141267e-03	8.419001e+00
3.582000e-05	-4.469140e-03	8.346844e+00
3.583000e-05	-5.149327e-03	8.325691e+00
3.584000e-05	-2.712171e-03	8.263584e+00
3.585000e-05	-2.966161e-03	8.170444e+00
3.586000e-05	-3.960368e-03	8.135656e+00
3.587000e-05	-5.293407e-03	8.073682e+00
3.588000e-05	-3.735503e-03	8.000400e+00
3.589000e-05	-4.354983e-03	7.894215e+00
3.590000e-05	-3.263762e-03	7.843552e+00
3.591000e-05	-3.750257e-03	7.767369e+00
3.592000e-05	-2.658053e-03	7.705731e+00
3.593000e-05	-3.325798e-03	7.610926e+00
3.594000e-05	-5.007929e-03	7.515265e+00
3.595000e-05	-2.561940e-03	7.410425e+00
3.596000e-05	-4.572440e-03	7.293681e+00
3.597000e-05	-1.894525e-03	7.190999e+00
3.598000e-05	-4.304457e-03	7.117291e+00
3.599000e-05	-3.075818e-03	7.022499e+00
3.600000e-05	-3.720061e-03	6.917762e+00
3.601000e-05	-4.682250e-03	6.863101e+00
3.602000e-05	-3.447665e-03	6.788872e+00
3.603000e-05	-4.361789e-03	6.652187e+00
3.604000e-05	-3.487976e-03	6.483207e+00
3.605000e-05	-3.449634e-03	6.400450e+00
3.606000e-05	-3.121602e-03	6.286736e+00
3.607000e-05	-3.160724e-03	6.179949e+00
3.608000e-05	-3.923667e-03	6.084637e+00
3.609000e-05	-4.228115e-03	5.979475e+00
3.610000e-05	-4.148039e-03	5.913659e+00
3.611000e-05	-4.379687e-03	5.766613e+00
3.612000e-05	-3.166866e-03	5.578825e+00
3.613000e-05	-3.013550e-03	5.472061e+00
3.614000e-05	-3.536707e-03	5.345841e+00
3.615000e-05	-4.338395e-03	5.159998e+00
3.616000e-05	-3.099777e-03	5.030500e+00
3.617000e-05	-3.280824e-03	4.841527e+00
3.618000e-05	-4.376767e-03	4.684711e+00
3.619000e-05	-4.576895e-03	4.558370e+00
3.620000e-05	-3.816818e-03	4.442054e+00
3.621000e-05	-3.096530e-03	4.346849e+00
3.622000e-05	-3.708304e-03	4.167241e+00
3.623000e-05	-3.318540e-03	4.010471e+00
3.624000e-05	-4.602867e-03	3.823657e+00
3.625000e-05	-3.316216e-03	3.735795e+00
3.626000e-05	-4.148215e-03	3.620974e+00
3.627000e-05	-3.195788e-03	3.464229e+00
3.628000e-05	-3.997582e-03	3.284579e+00
3.629000e-05	-3.370602e-03	3.148316e+00
3.630000e-05	-4.199265e-03	3.012001e+00
3.631000e-05	-3.400065e-03	2.843657e+00
3.632000e-05	-4.143018e-03	2.757840e+00
3.633000e-05	-4.305972e-03	2.516264e+00
3.634000e-05	-3.430024e-03	2.378371e+00
3.635000e-05	-2.598738e-03	2.211050e+00
3.636000e-05	-3.911257e-03	2.064159e+00
3.637000e-05	-3.875174e-03	1.936743e+00
3.638000e-05	-4.913985e-03	1.748799e+00
3.639000e-05	-3.800261e-03	1.619496e+00
3.640000e-05	-4.611425e-03	1.422024e+00
3.641000e-05	-3.602274e-03	1.264161e+00
3.642000e-05	-3.303716e-03	1.104560e+00
3.643000e-05	-3.191048e-03	8.830805e-01
3.644000e-05	-3.791772e-03	7.758146e-01
3.645000e-05	-3.922900e-03	5.878961e-01
3.646000e-05	-3.384497e-03	4.215528e-01
3.647000e-05	-3.342134e-03	2.737342e-01
3.648000e-05	-3.672207e-03	8.168801e-02
3.649000e-05	1.703446e-04	-5.271172e-02
3.650000e-05	3.137026e-03	-2.295590e-01
3.651000e-05	-2.131875e-03	-3.484471e-01
3.652000e-05	3.357226e-04	-4.652380e-01
3.653000e-05	-3.247852e-03	-6.248317e-01
3.654000e-05	3.891082e-04	-7.920065e-01
3.655000e-05	-2.020307e-03	-9.378909e-01
3.656000e-05	5.423599e-03	-1.094289e+00
3.657000e-05	4.644404e-02	-1.220603e+00
3.658000e-05	4.859660e-02	-1.493637e+00
3.659000e-05	-6.713817e-02	-1.676843e+00
3.660000e-05	-2.212227e-02	-1.927393e+00
3.661000e-05	-1.194385e-01	-1.991051e+00
3.662000e-05	1.196680e-01	-2.000505e+00
3.663000e-05	5.366099e-02	-2.086921e+00
3.664000e-05	-1.766116e-01	-2.391630e+00
3.665000e-05	1.316266e-01	-2.549425e+00
3.666000e-05	3.653491e-02	-2.650655e+00
3.667000e-05	-1.829348e-01	-2.832183e+00
3.668000e-05	1.308066e-01	-3.040529e+00
3.669000e-05	2.886457e-02	-3.157892e+00
3.670000e-05	-1.443096e-01	-3.306892e+00
3.671000e-05	1.663652e-01	-3.421608e+00
3.672000e-05	-6.902357e-02	-3.579996e+00
3.673000e-05	-5.141128e-02	-3.767992e+00
3.674000e-05	9.935020e-02	-3.927819e+00
3.675000e-05	-1.217037e-01	-4.056764e+00
3.676000e-05	6.994103e-02	-4.192079e+00
3.677000e-05	3.972046e-02	-4.306340e+00
3.678000e-05	-1.139199e-01	-4.422683e+00
3.679000e-05	1.175646e-01	-4.642130e+00
3.680000e-05	-3.764152e-02	-4.730404e+00
3.681000e-05	-3.059076e-02	-4.907369e+00
3.682000e-05	1.944075e-02	-5.033154e+00
3.683000e-05	-3.628166e-02	-5.189049e+00
3.684000e-05	7.583446e-02	-5.345341e+00
3.685000e-05	-7.314187e-02	-5.456261e+00
3.686000e-05	2.284613e-02	-5.631629e+00
3.687000e-05	4.404681e-02	-5.729294e+00
3.688000e-05	-7.015897e-02	-5.873756e+00
3.689000e-05	2.902354e-02	-5.948921e+00
3.690000e-05	-2.981005e-02	-6.052660e+00
3.691000e-05	5.544796e-02	-6.220978e+00
3.692000e-05	-4.810349e-03	-6.328420e+00
3.693000e-05	-6.874228e-02	-6.442679e+00
3.694000e-05	5.768268e-02	-6.506317e+00
3.695000e-05	-1.570331e-02	-6.625608e+00
3.696000e-05	-3.037319e-03	-6.757297e+00
3.697000e-05	-1.762491e-02	-6.811098e+00
3.698000e-05	1.438707e-02	-6.937837e+00
3.699000e-05	2.895425e-02	-7.086387e+00
3.700000e-05	-5.132229e-02	-7.188950e+00
3.701000e-05	1.508012e-02	-7.242608e+00
3.702000e-05	5.037665e-03	-7.347793e+00
3.703000e-05	-1.035009e-03	-7.422079e+00
3.704000e-05	-1.337328e-02	-7.475791e+00
3.705000e-05	-3.989266e-03	-7.571024e+00
3.706000e-05	2.550707e-02	-7.694216e+00
3.707000e-05	-2.237138e-02	-7.822575e+00
3.708000e-05	-3.078684e-03	-7.898267e+00
3.709000e-05	1.027424e-03	-8.000524e+00
3.710000e-05	3.752559e-03	-8.014101e+00
3.711000e-05	-2.776814e-03	-8.126237e+00
3.712000e-05	-6.894751e-03	-8.149447e+00
3.713000e-05	8.521610e-03	-8.231099e+00
3.714000e-05	-9.811435e-03	-8.244707e+00
3.715000e-05	-9.573906e-04	-8.306764e+00
3.716000e-05	-1.323739e-03	-8.356473e+00
3.717000e-05	-7.348553e-04	-8.371026e+00
3.718000e-05	-9.774294e-04	-8.409999e+00
3.719000e-05	-1.572161e-03	-8.422605e+00
3.720000e-05	-8.676337e-04	-8.463760e+00
3.721000e-05	-5.283239e-03	-8.496736e+00
3.722000e-05	-8.232300e-04	-8.508295e+00
3.723000e-05	-1.743142e-03	-8.589998e+00
3.724000e-05	-3.473473e-03	-8.666123e+00
3.725000e-05	-4.249390e-03	-8.654202e+00
3.726000e-05	1.338074e-03	-8.705740e+00
3.727000e-05	-2.400020e-03	-8.707235e+00
3.728000e-05	-6.502215e-03	-8.706715e+00
3.729000e-05	-4.211465e-03	-8.727239e+00
3.730000e-05	8.055914e-04	-8.726870e+00
3.731000e-05	-5.145418e-04	-8.677821e+00
3.732000e-05	-3.709196e-03	-8.728443e+00
3.733000e-05	-2.542600e-03	-8.728772e+00
3.734000e-05	-2.606818e-03	-8.708297e+00
3.735000e-05	-2.893426e-03	-8.727869e+00
3.736000e-05	-3.539690e-03	-8.668262e+00
3.737000e-05	-1.216848e-03	-8.624710e+00
3.738000e-05	-2.735254e-03	-8.664058e+00
3.739000e-05	-3.171325e-03	-8.572583e+00
3.740000e-05	-2.104912e-03	-8.581426e+00
3.741000e-05	-9.748946e-04	-8.558370e+00
3.742000e-05	-9.043746e-04	-8.506844e+00
3.743000e-05	-2.711421e-03	-8.473783e+00
3.744000e-05	-2.429577e-03	-8.413156e+00
3.745000e-05	-1.462319e-03	-8.430476e+00
3.746000e-05	1.961178e-04	-8.327922e+00
3.747000e-05	-2.110910e-03	-8.295844e+00
3.748000e-05	-3.867648e-03	-8.275188e+00
3.749000e-05	-2.656329e-03	-8.211003e+00
3.750000e-05	-2.506530e-03	-8.229469e+00
3.751000e-05	-2.064920e-03	-8.107845e+00
3.752000e-05	-3.568257e-03	-8.035708e+00
3.753000e-05	-3.472420e-03	-7.992078e+00
3.754000e-05	-3.429775e-03	-7.959494e+00
3.755000e-05	-3.083804e-03	-7.865663e+00
3.756000e-05	-2.273077e-03	-7.787968e+00
3.757000e-05	-4.127472e-03	-7.674133e+00
3.758000e-05	-4.065841e-03	-7.560997e+00
3.759000e-05	-3.178261e-03	-7.496757e+00
3.760000e-05	-3.537337e-03	-7.411602e+00
3.761000e-05	-3.910775e-03	-7.346266e+00
3.762000e-05	-3.617484e-03	-7.222606e+00
3.763000e-05	-2.553595e-03	-7.170474e+00
3.764000e-05	-3.645477e-03	-7.075712e+00
3.765000e-05	-4.379929e-03	-6.968868e+00
3.766000e-05	-3.577003e-03	-6.812076e+00
3.767000e-05	-2.540191e-03	-6.778494e+00
3.768000e-05	-4.771719e-03	-6.683184e+00
3.769000e-05	-4.208245e-03	-6.558920e+00
3.770000e-05	-3.282774e-03	-6.464234e+00
3.771000e-05	-2.966347e-03	-6.409247e+00
3.772000e-05	-4.556587e-03	-6.244052e+00
3.773000e-05	-3.703373e-03	-6.093736e+00
3.774000e-05	-2.941853e-03	-5.979998e+00
3.775000e-05	-3.925017e-03	-5.876632e+00
3.776000e-05	-4.502677e-03	-5.688826e+00
3.777000e-05	-3.275285e-03	-5.651579e+00
3.778000e-05	-3.559763e-03	-5.597239e+00
3.779000e-05	-4.363936e-03	-5.398998e+00
3.780000e-05	-3.796317e-03	-5.191446e+00
3.781000e-05	-3.440798e-03	-5.044208e+00
3.782000e-05	-3.858485e-03	-4.896336e+00
3.783000e-05	-4.716925e-03	-4.777884e+00
3.784000e-05	-3.616670e-03	-4.561476e+00
3.785000e-05	-3.868131e-03	-4.494657e+00
3.786000e-05	-3.922473e-03	-4.378971e+00
3.787000e-05	-4.195210e-03	-4.242706e+00
3.788000e-05	-3.662022e-03	-4.127767e+00
3.789000e-05	-4.755494e-03	-3.990445e+00
3.790000e-05	-4.583723e-03	-3.834685e+00
3.791000e-05	-4.919459e-03	-3.664656e+00
3.792000e-05	-3.426884e-03	-3.558393e+00
3.793000e-05	-3.909184e-03	-3.400548e+00
3.794000e-05	-4.006824e-03	-3.243084e+00
3.795000e-05	-4.151184e-03	-3.177384e+00
3.796000e-05	-3.822123e-03	-2.887290e+00
3.797000e-05	-4.118488e-03	-2.770871e+00
3.798000e-05	-4.141700e-03	-2.632579e+00
3.799000e-05	-5.552567e-03	-2.444710e+00
3.800000e-05	-4.281943e-03	-2.359369e+00
3.801000e-05	-4.833388e-03	-2.187311e+00
3.802000e-05	-3.301634e-03	-1.979472e+00
3.803000e-05	-4.644583e-03	-1.833156e+00
3.804000e-05	-4.157672e-03	-1.695206e+00
3.805000e-05	-4.669572e-03	-1.549444e+00
3.806000e-05	-3.814272e-03	-1.368266e+00
3.807000e-05	-5.421088e-03	-1.166869e+00
3.808000e-05	-4.624980e-03	-1.000949e+00
3.809000e-05	-4.750830e-03	-8.436092e-01
3.810000e-05	-4.261541e-03	-6.857870e-01
3.811000e-05	-5.057615e-03	-4.932306e-01
3.812000e-05	-4.546437e-03	-3.778409e-01
3.813000e-05	-5.155761e-03	-2.010251e-01
3.814000e-05	-2.467565e-03	-5.265646e-02
3.815000e-05	-6.828499e-04	8.520814e-02
3.816000e-05	1.061999e-03	2.952906e-01
3.817000e-05	-3.811921e-03	4.125277e-01
3.818000e-05	5.350308e-04	5.769235e-01
3.819000e-05	-4.026186e-03	6.823393e-01
3.820000e-05	-1.789023e-03	8.404827e-01
3.821000e-05	-4.049041e-03	1.008606e+00
3.822000e-05	5.292736e-03	1.210023e+00
3.823000e-05	2.751856e-02	1.347341e+00
3.824000e-05	5.936599e-02	1.568373e+00
3.825000e-05	-3.976779e-02	1.780702e+00
3.826000e-05	-3.499155e-02	1.948396e+00
3.827000e-05	-7.021452e-02	2.061687e+00
3.828000e-05	-4.254964e-02	2.188474e+00
3.829000e-05	1.464329e-01	2.273791e+00
3.830000e-05	-5.433064e-02	2.462100e+00
3.831000e-05	-8.811297e-02	2.546445e+00
3.832000e-05	1.640300e-01	2.737419e+00
3.833000e-05	-1.053198e-01	2.887291e+00
3.834000e-05	-4.062064e-02	3.011078e+00
3.835000e-05	1.215879e-01	3.168397e+00
3.836000e-05	-9.533966e-02	3.336313e+00
3.837000e-05	-1.818046e-02	3.503821e+00
3.838000e-05	9.631081e-02	3.641103e+00
3.839000e-05	-7.554222e-02	3.769474e+00
3.840000e-05	1.690589e-02	3.945369e+00
3.841000e-05	3.909924e-03	4.104236e+00
3.842000e-05	-4.287897e-02	4.254107e+00
3.843000e-05	3.961460e-02	4.409500e+00
3.844000e-05	-1.562741e-02	4.516772e+00
3.845000e-05	-5.021078e-03	4.633710e+00
3.846000e-05	2.518827e-02	4.812028e+00
3.847000e-05	-1.535039e-02	5.041603e+00
3.848000e-05	-2.677636e-02	5.169448e+00
3.849000e-05	-4.232990e-03	5.327268e+00
3.850000e-05	3.433273e-02	5.451054e+00
3.851000e-05	-1.678792e-02	5.537924e+00
3.852000e-05	-1.706414e-02	5.633109e+00
3.853000e-05	1.214182e-02	5.832107e+00
3.854000e-05	-5.744992e-03	5.968398e+00
3.855000e-05	-3.330736e-03	6.032183e+00
3.856000e-05	-1.183059e-02	6.169475e+00
3.857000e-05	2.721528e-03	6.265313e+00
3.858000e-05	2.104519e-02	6.388550e+00
3.859000e-05	-2.122623e-02	6.462658e+00
3.860000e-05	-1.225471e-02	6.632654e+00
3.861000e-05	1.121394e-02	6.748421e+00
3.862000e-05	-5.922906e-05	6.831127e+00
3.863000e-05	-1.305270e-02	6.894760e+00
3.864000e-05	-7.010688e-03	7.010052e+00
3.865000e-05	2.020727e-02	7.086265e+00
3.866000e-05	-8.741921e-03	7.169502e+00
3.867000e-05	-1.465883e-02	7.244107e+00
3.868000e-05	-1.511944e-03	7.361975e+00
3.869000e-05	5.019349e-03	7.528845e+00
3.870000e-05	-4.025140e-03	7.610101e+00
3.871000e-05	-1.125350e-02	7.704741e+00
3.872000e-05	4.581844e-03	7.749475e+00
3.873000e-05	-1.994249e-03	7.872158e+00
3.874000e-05	-5.407893e-03	7.918943e+00
3.875000e-05	-4.128586e-03	8.043761e+00
3.876000e-05	1.046686e-04	8.146366e+00
3.877000e-05	-6.573779e-03	8.099919e+00
3.878000e-05	-3.043633e-03	8.232554e+00
3.879000e-05	4.065385e-04	8.264736e+00
3.880000e-05	-1.234829e-03	8.328296e+00
3.881000e-05	-7.058993e-03	8.367874e+00
3.882000e-05	-3.294294e-03	8.400549e+00
3.883000e-05	1.168098e-03	8.463157e+00
3.884000e-05	-3.903182e-03	8.482180e+00
3.885000e-05	-2.451091e-03	8.504212e+00
3.886000e-05	-4.694764e-03	8.537892e+00
3.887000e-05	-4.231433e-03	8.600449e+00
3.888000e-05	-3.957374e-03	8.549474e+00
3.889000e-05	-5.535385e-04	8.610549e+00
3.890000e-05	-9.089140e-04	8.621503e+00
3.891000e-05	-5.516701e-03	8.684634e+00
3.892000e-05	-4.396573e-03	8.673635e+00
3.893000e-05	-2.920972e-03	8.663158e+00
3.894000e-05	-3.116527e-03	8.704689e+00
3.895000e-05	-4.933597e-03	8.725784e+00
3.896000e-05	-3.472466e-03	8.716212e+00
3.897000e-05	-2.736339e-03	8.727738e+00
3.898000e-05	-3.439892e-03	8.716215e+00
3.899000e-05	-3.094664e-03	8.704242e+00
3.900000e-05	-3.449029e-03	8.705762e+00
3.901000e-05	-3.810608e-03	8.704766e+00
3.902000e-05	-4.552414e-03	8.704733e+00
3.903000e-05	-3.567284e-03	8.695660e+00
3.904000e-05	-3.353695e-03	8.633154e+00
3.905000e-05	-4.676807e-03	8.621607e+00
3.906000e-05	-4.880640e-03	8.641601e+00
3.907000e-05	-3.528641e-03	8.589449e+00
3.908000e-05	-3.845029e-03	8.549298e+00
3.909000e-05	-3.449667e-03	8.516241e+00
3.910000e-05	-4.648928e-03	8.473662e+00
3.911000e-05	-6.511294e-03	8.453553e+00
3.912000e-05	-4.897381e-03	8.410502e+00
3.913000e-05	-4.646864e-03	8.370977e+00
3.914000e-05	-4.305678e-03	8.346770e+00
3.915000e-05	-5.151883e-03	8.266110e+00
3.916000e-05	-3.581828e-03	8.242053e+00
3.917000e-05	-3.748031e-03	8.148840e+00
3.918000e-05	-3.057684e-03	8.062707e+00
3.919000e-05	-2.603124e-03	8.034005e+00
3.920000e-05	-3.297831e-03	7.937415e+00
3.921000e-05	-3.414527e-03	7.874558e+00
3.922000e-05	-3.817341e-03	7.838973e+00
3.923000e-05	-3.248213e-03	7.716267e+00
3.924000e-05	-3.098751e-03	7.642603e+00
3.925000e-05	-4.887595e-03	7.579467e+00
3.926000e-05	-1.548845e-03	7.454107e+00
3.927000e-05	-4.013095e-03	7.368764e+00
3.928000e-05	-3.065328e-03	7.260553e+00
3.929000e-05	-4.835553e-03	7.170395e+00
3.930000e-05	-2.748784e-03	7.117133e+00
3.931000e-05	-5.014638e-03	6.979348e+00
3.932000e-05	-3.633460e-03	6.904662e+00
3.933000e-05	-4.059926e-03	6.810002e+00
3.934000e-05	-2.174824e-03	6.736737e+00
3.935000e-05	-4.666750e-03	6.557923e+00
3.936000e-05	-3.151881e-03	6.431579e+00
3.937000e-05	-3.590980e-03	6.378395e+00
3.938000e-05	-3.306694e-03	6.242631e+00
3.939000e-05	-4.439583e-03	6.126216e+00
3.940000e-05	-3.312366e-03	6.053104e+00
3.941000e-05	-3.630080e-03	5.977319e+00
3.942000e-05	-3.877659e-03	5.799876e+00
3.943000e-05	-4.159302e-03	5.643002e+00
3.944000e-05	-2.707716e-03	5.485315e+00
3.945000e-05	-3.720852e-03	5.420548e+00
3.946000e-05	-3.866398e-03	5.253135e+00
3.947000e-05	-3.451826e-03	5.096736e+00
3.948000e-05	-2.594587e-03	4.935713e+00
3.949000e-05	-4.032115e-03	4.759920e+00
3.950000e-05	-4.325391e-03	4.664054e+00
3.951000e-05	-4.538305e-03	4.495216e+00
3.952000e-05	-2.995786e-03	4.401070e+00
3.953000e-05	-4.041300e-03	4.254531e+00
3.954000e-05	-3.690793e-03	4.063207e+00
3.955000e-05	-3.517992e-03	3.947815e+00
3.956000e-05	-3.326516e-03	3.779953e+00
3.957000e-05	-3.725298e-03	3.683109e+00
3.958000e-05	-3.899325e-03	3.548817e+00
3.959000e-05	-3.995588e-03	3.357296e+00
3.960000e-05	-3.826552e-03	3.210426e+00
3.961000e-05	-3.807819e-03	3.064159e+00
3.962000e-05	-3.930176e-03	2.957267e+00
3.963000e-05	-3.518994e-03	2.799973e+00
3.964000e-05	-3.609973e-03	2.640931e+00
3.965000e-05	-3.507747e-03	2.442027e+00
3.966000e-05	-3.105716e-03	2.274708e+00
3.967000e-05	-3.902814e-03	2.147221e+00
3.968000e-05	-3.915022e-03	2.020473e+00
3.969000e-05	-3.539426e-03	1.865133e+00
3.970000e-05	-3.978479e-03	1.654157e+00
3.971000e-05	-3.863191e-03	1.576167e+00
3.972000e-05	-3.455169e-03	1.337871e+00
3.973000e-05	-3.662325e-03	1.191923e+00
3.974000e-05	-3.914774e-03	9.773448e-01
3.975000e-05	-4.195711e-03	8.004238e-01
3.976000e-05	-4.246698e-03	6.336067e-01
3.977000e-05	-3.197976e-03	4.851832e-01
3.978000e-05	-3.651494e-03	3.693697e-01
3.979000e-05	-3.280724e-03	1.883445e-01
3.980000e-05	-1.518450e-03	5.011160e-04
3.981000e-05	1.443746e-03	-1.469221e-01
3.982000e-05	9.421053e-04	-2.563405e-01
3.983000e-05	-2.086946e-03	-4.305739e-01
3.984000e-05	1.022248e-03	-5.575212e-01
3.985000e-05	-1.827103e-03	-7.689734e-01
3.986000e-05	-9.631917e-04	-8.727080e-01
3.987000e-05	-3.362740e-04	-1.010576e+00
3.988000e-05	1.528558e-02	-1.148447e+00
3.989000e-05	7.853100e-02	-1.303893e+00
3.990000e-05	-3.200790e-02	-1.588979e+00
3.991000e-05	-3.203669e-02	-1.802182e+00
3.992000e-05	-7.708949e-02	-1.988973e+00
3.993000e-05	-4.058668e-02	-2.021506e+00
3.994000e-05	1.635588e-01	-2.071083e+00
3.995000e-05	-9.259815e-02	-2.336316e+00
3.996000e-05	-7.368777e-02	-2.516891e+00
3.997000e-05	1.867005e-01	-2.579499e+00
3.998000e-05	-1.508290e-01	-2.707867e+00
3.999000e-05	-6.123297e-02	-2.955397e+00
4.000000e-05	1.632928e-01	-3.093234e+00
4.001000e-05	-1.265796e-01	-3.232157e+00
4.002000e-05	9.878429e-03	-3.400025e+00
4.003000e-05	1.222040e-01	-3.494736e+00
4.004000e-05	-1.535174e-01	-3.653707e+00
4.005000e-05	8.475700e-02	-3.872180e+00
4.006000e-05	-2.061313e-02	-4.030050e+00
4.007000e-05	-7.618817e-02	-4.178975e+00
4.008000e-05	1.324411e-01	-4.222155e+00
4.009000e-05	-9.798973e-02	-4.379999e+00
4.010000e-05	1.111499e-02	-4.538398e+00
4.011000e-05	7.904768e-02	-4.665182e+00
4.012000e-05	-8.406668e-02	-4.852708e+00
4.013000e-05	2.573337e-02	-4.958970e+00
4.014000e-05	-3.024827e-02	-5.063836e+00
4.015000e-05	2.995996e-02	-5.242128e+00
4.016000e-05	2.156710e-02	-5.381081e+00
4.017000e-05	-7.564029e-02	-5.608521e+00
4.018000e-05	8.555645e-02	-5.653734e+00
4.019000e-05	-3.966375e-02	-5.830979e+00
4.020000e-05	-2.475172e-02	-5.905915e+00
4.021000e-05	1.265573e-02	-5.990526e+00
4.022000e-05	-1.148792e-02	-6.087943e+00
4.023000e-05	7.093158e-02	-6.271259e+00
4.024000e-05	-8.170938e-02	-6.379924e+00
4.025000e-05	5.255459e-03	-6.495186e+00
4.026000e-05	3.815181e-02	-6.569449e+00
4.027000e-05	-2.820857e-02	-6.726790e+00
4.028000e-05	5.050888e-03	-6.778970e+00
4.029000e-05	-2.499000e-02	-6.872736e+00
4.030000e-05	5.036275e-02	-7.000603e+00
4.031000e-05	-2.424059e-02	-7.128371e+00
4.032000e-05	-2.693315e-02	-7.221100e+00
4.033000e-05	2.284431e-02	-7.264287e+00
4.034000e-05	-4.984916e-03	-7.380574e+00
4.035000e-05	1.411897e-03	-7.433707e+00
4.036000e-05	-2.293299e-02	-7.558369e+00
4.037000e-05	2.224008e-02	-7.671582e+00
4.038000e-05	3.837172e-04	-7.708391e+00
4.039000e-05	-1.865212e-02	-7.846186e+00
4.040000e-05	1.236915e-03	-7.948947e+00
4.041000e-05	2.916953e-05	-8.001079e+00
4.042000e-05	4.012723e-03	-8.054182e+00
4.043000e-05	-7.855867e-03	-8.106817e+00
4.044000e-05	4.102660e-03	-8.209499e+00
4.045000e-05	-2.144140e-03	-8.213103e+00
4.046000e-05	-8.815408e-03	-8.254716e+00
4.047000e-05	-2.018037e-04	-8.357869e+00
4.048000e-05	-1.073564e-03	-8.378949e+00
4.049000e-05	-3.498179e-04	-8.409499e+00
4.050000e-05	-1.810989e-03	-8.421106e+00
4.051000e-05	4.926055e-04	-8.471610e+00
4.052000e-05	-3.704138e-03	-8.477260e+00
4.053000e-05	-5.990610e-03	-8.497335e+00
4.054000e-05	-4.580542e-04	-8.549420e+00
4.055000e-05	-1.310190e-03	-8.642524e+00
4.056000e-05	-5.006820e-03	-8.563033e+00
4.057000e-05	-1.792471e-03	-8.644110e+00
4.058000e-05	6.713123e-04	-8.647766e+00
4.059000e-05	-3.796179e-03	-8.706337e+00
4.060000e-05	-6.654752e-03	-8.697844e+00
4.061000e-05	-2.076555e-03	-8.698818e+00
4.062000e-05	-8.822842e-04	-8.728418e+00
4.063000e-05	-2.041041e-03	-8.718444e+00
4.064000e-05	-3.518964e-03	-8.738399e+00
4.065000e-05	-3.474967e-03	-8.756865e+00
4.066000e-05	-2.477481e-03	-8.727266e+00
4.067000e-05	-3.868272e-03	-8.746312e+00
4.068000e-05	-1.559508e-03	-8.656737e+00
4.069000e-05	-2.609544e-03	-8.705712e+00
4.070000e-05	-2.413109e-03	-8.654631e+00
4.071000e-05	-3.347491e-03	-8.602049e+00
4.072000e-05	-1.500219e-03	-8.548900e+00
4.073000e-05	-9.605276e-04	-8.518816e+00
4.074000e-05	-2.259513e-03	-8.487685e+00
4.075000e-05	-1.316830e-03	-8.444285e+00
4.076000e-05	-1.179453e-03	-8.441531e+00
4.077000e-05	-1.002528e-03	-8.400948e+00
4.078000e-05	-1.180943e-03	-8.338418e+00
4.079000e-05	-2.650202e-03	-8.275265e+00
4.080000e-05	-2.286573e-03	-8.255128e+00
4.081000e-05	-2.396513e-03	-8.221074e+00
4.082000e-05	-2.358760e-03	-8.137770e+00
4.083000e-05	-2.693067e-03	-8.095688e+00
4.084000e-05	-2.607105e-03	-8.072153e+00
4.085000e-05	-2.834171e-03	-7.999924e+00
4.086000e-05	-2.811556e-03	-7.928240e+00
4.087000e-05	-4.006569e-03	-7.810980e+00
4.088000e-05	-2.855769e-03	-7.697813e+00
4.089000e-05	-3.628076e-03	-7.601526e+00
4.090000e-05	-2.656426e-03	-7.556768e+00
4.091000e-05	-3.811990e-03	-7.444653e+00
4.092000e-05	-2.707966e-03	-7.399423e+00
4.093000e-05	-4.123516e-03	-7.285764e+00
4.094000e-05	-3.358865e-03	-7.232099e+00
4.095000e-05	-2.458807e-03	-7.128369e+00
4.096000e-05	-4.554597e-03	-7.043027e+00
4.097000e-05	-4.386482e-03	-6.904788e+00
4.098000e-05	-3.032468e-03	-6.800898e+00
4.099000e-05	-1.748054e-03	-6.715740e+00
4.100000e-05	-3.304624e-03	-6.622023e+00
4.101000e-05	-4.103134e-03	-6.528258e+00
4.102000e-05	-3.155517e-03	-6.452050e+00
4.103000e-05	-3.888191e-03	-6.306317e+00
4.104000e-05	-3.231106e-03	-6.239421e+00
4.105000e-05	-2.663412e-03	-6.052050e+00
4.106000e-05	-2.481884e-03	-5.917820e+00
4.107000e-05	-4.454365e-03	-5.843529e+00
4.108000e-05	-4.861343e-03	-5.695707e+00
4.109000e-05	-4.163303e-03	-5.600449e+00
4.110000e-05	-3.449800e-03	-5.435082e+00
4.111000e-05	-4.010559e-03	-5.285206e+00
4.112000e-05	-3.255592e-03	-5.138340e+00
4.113000e-05	-3.206168e-03	-5.010451e+00
4.114000e-05	-5.109760e-03	-4.891079e+00
4.115000e-05	-5.509723e-03	-4.683082e+00
4.116000e-05	-3.673332e-03	-4.536943e+00
4.117000e-05	-4.158402e-03	-4.432028e+00
4.118000e-05	-3.849655e-03	-4.306213e+00
4.119000e-05	-4.298471e-03	-4.180549e+00
4.120000e-05	-3.456438e-03	-4.042554e+00
4.121000e-05	-4.701292e-03	-3.938791e+00
4.122000e-05	-3.638143e-03	-3.738419e+00
4.123000e-05	-4.126665e-03	-3.580024e+00
4.124000e-05	-3.107154e-03	-3.515684e+00
4.125000e-05	-5.826974e-03	-3.298342e+00
4.126000e-05	-3.812412e-03	-3.161549e+00
4.127000e-05	-3.614960e-03	-2.982523e+00
4.128000e-05	-2.957435e-03	-2.822101e+00
4.129000e-05	-3.783891e-03	-2.706760e+00
4.130000e-05	-4.586747e-03	-2.558844e+00
4.131000e-05	-4.125263e-03	-2.441051e+00
4.132000e-05	-6.046798e-03	-2.284657e+00
4.133000e-05	-3.789489e-03	-2.074604e+00
4.134000e-05	-4.584946e-03	-1.956842e+00
4.135000e-05	-3.147976e-03	-1.759374e+00
4.136000e-05	-4.926733e-03	-1.642529e+00
4.137000e-05	-4.102260e-03	-1.444734e+00
4.138000e-05	-4.695745e-03	-1.261526e+00
4.139000e-05	-3.783505e-03	-1.093633e+00
4.140000e-05	-5.110633e-03	-9.267881e-01
4.141000e-05	-4.718105e-03	-7.909724e-01
4.142000e-05	-5.763391e-03	-5.910660e-01
4.143000e-05	-3.124789e-03	-4.225225e-01
4.144000e-05	-4.457201e-03	-2.430856e-01
4.145000e-05	-4.911264e-03	-9.686586e-02
4.146000e-05	-2.890409e-03	1.997744e-02
4.147000e-05	2.016909e-03	1.985462e-01
4.148000e-05	-1.831282e-03	3.694234e-01
4.149000e-05	-7.634036e-04	4.737343e-01
4.150000e-05	-3.254353e-03	6.301065e-01
4.151000e-05	-1.904080e-03	7.674211e-01
4.152000e-05	-4.600457e-03	8.727407e-01
4.153000e-05	-3.192235e-04	1.124817e+00
4.154000e-05	1.096426e-02	1.282629e+00
4.155000e-05	5.625914e-02	1.430579e+00
4.156000e-05	1.481717e-02	1.704692e+00
4.157000e-05	-4.871159e-02	1.863211e+00
4.158000e-05	-4.229229e-02	1.990525e+00
4.159000e-05	-8.708377e-02	2.126337e+00
4.160000e-05	6.015275e-02	2.210028e+00
4.161000e-05	1.025001e-01	2.346919e+00
4.162000e-05	-1.523511e-01	2.433636e+00
4.163000e-05	8.142970e-02	2.648079e+00
4.164000e-05	5.071204e-02	2.791581e+00
4.165000e-05	-1.281503e-01	2.968475e+00
4.166000e-05	6.988931e-02	3.083684e+00
4.167000e-05	4.824982e-02	3.240582e+00
4.168000e-05	-1.297842e-01	3.412203e+00
4.169000e-05	1.019226e-01	3.579947e+00
4.170000e-05	-4.017512e-03	3.715738e+00
4.171000e-05	-5.399368e-02	3.871683e+00
4.172000e-05	4.638503e-02	3.990048e+00
4.173000e-05	-4.731788e-02	4.187898e+00
4.174000e-05	7.735802e-03	4.336789e+00
4.175000e-05	2.260792e-02	4.482634e+00
4.176000e-05	-2.455161e-02	4.641105e+00
4.177000e-05	1.989089e-02	4.747366e+00
4.178000e-05	1.376965e-02	4.854261e+00
4.179000e-05	-3.325409e-02	5.067238e+00
4.180000e-05	-1.644921e-02	5.252606e+00
4.181000e-05	1.612013e-02	5.399974e+00
4.182000e-05	2.103639e-02	5.495287e+00
4.183000e-05	-3.292580e-02	5.589549e+00
4.184000e-05	7.919619e-03	5.695767e+00
4.185000e-05	4.957910e-03	5.926743e+00
4.186000e-05	-1.108481e-02	6.011053e+00
4.187000e-05	-2.139201e-03	6.125340e+00
4.188000e-05	-1.632914e-02	6.200103e+00
4.189000e-05	2.557631e-02	6.327890e+00
4.190000e-05	-3.246317e-03	6.401055e+00
4.191000e-05	-2.200990e-02	6.474340e+00
4.192000e-05	2.209990e-03	6.666342e+00
4.193000e-05	9.781909e-03	6.789973e+00
4.194000e-05	-7.807379e-03	6.853157e+00
4.195000e-05	-1.566483e-02	6.988447e+00
4.196000e-05	1.173885e-02	7.053609e+00
4.197000e-05	7.955857e-03	7.158396e+00
4.198000e-05	-1.602906e-02	7.210028e+00
4.199000e-05	-1.060308e-02	7.306308e+00
4.200000e-05	6.604311e-03	7.452728e+00
4.201000e-05	1.245111e-03	7.548471e+00
4.202000e-05	-7.467376e-03	7.630083e+00
4.203000e-05	-6.111432e-03	7.735768e+00
4.204000e-05	4.153346e-03	7.821107e+00
4.205000e-05	-6.087395e-03	7.855738e+00
4.206000e-05	-4.506692e-03	7.967472e+00
4.207000e-05	-6.637787e-04	8.088262e+00
4.208000e-05	-3.378305e-03	8.115418e+00
4.209000e-05	-4.610960e-03	8.239951e+00
4.210000e-05	-2.216423e-03	8.253707e+00
4.211000e-05	1.386475e-03	8.336793e+00
4.212000e-05	-7.874536e-03	8.328895e+00
4.213000e-05	-5.162170e-03	8.399000e+00
4.214000e-05	-1.167352e-03	8.431629e+00
4.215000e-05	-1.685515e-03	8.464134e+00
4.216000e-05	-2.833733e-03	8.474189e+00
4.217000e-05	-2.669106e-03	8.506714e+00
4.218000e-05	-4.114194e-03	8.578370e+00
4.219000e-05	-5.906741e-03	8.578873e+00
4.220000e-05	-2.276785e-03	8.580472e+00
4.221000e-05	-1.887300e-04	8.620579e+00
4.222000e-05	-3.380087e-03	8.612106e+00
4.223000e-05	-5.008428e-03	8.664186e+00
4.224000e-05	-4.313432e-03	8.654232e+00
4.225000e-05	-1.351873e-03	8.684713e+00
4.226000e-05	-4.110842e-03	8.695787e+00
4.227000e-05	-3.811682e-03	8.686787e+00
4.228000e-05	-3.538909e-03	8.655816e+00
4.229000e-05	-1.553033e-03	8.737293e+00
4.230000e-05	-4.021833e-03	8.736790e+00
4.231000e-05	-3.586593e-03	8.705265e+00
4.232000e-05	-3.423484e-03	8.684208e+00
4.233000e-05	-3.776662e-03	8.696737e+00
4.234000e-05	-3.325958e-03	8.675715e+00
4.235000e-05	-4.848897e-03	8.685135e+00
4.236000e-05	-2.101099e-03	8.672607e+00
4.237000e-05	-6.690056e-03	8.621553e+00
4.238000e-05	-1.790565e-03	8.571077e+00
4.239000e-05	-4.429038e-03	8.570420e+00
4.240000e-05	-2.930397e-03	8.528370e+00
4.241000e-05	-6.127532e-03	8.514735e+00
4.242000e-05	-6.617903e-03	8.453635e+00
4.243000e-05	-4.837410e-03	8.422075e+00
4.244000e-05	-4.157379e-03	8.401048e+00
4.245000e-05	-4.125925e-03	8.357873e+00
4.246000e-05	-5.981446e-03	8.295690e+00
4.247000e-05	-4.760827e-03	8.223154e+00
4.248000e-05	-3.090904e-03	8.191424e+00
4.249000e-05	-2.861332e-03	8.086265e+00
4.250000e-05	-3.018239e-03	8.053684e+00
4.251000e-05	-4.468287e-03	7.978848e+00
4.252000e-05	-3.837330e-03	7.908263e+00
4.253000e-05	-4.161646e-03	7.842103e+00
4.254000e-05	-2.199541e-03	7.776845e+00
4.255000e-05	-5.020813e-03	7.664683e+00
4.256000e-05	-3.660436e-03	7.610873e+00
4.257000e-05	-4.645299e-03	7.466292e+00
4.258000e-05	-2.398872e-03	7.391452e+00
4.259000e-05	-4.157605e-03	7.296183e+00
4.260000e-05	-3.412259e-03	7.210996e+00
4.261000e-05	-3.319339e-03	7.126318e+00
4.262000e-05	-3.999311e-03	6.980477e+00
4.263000e-05	-3.862738e-03	6.936291e+00
4.264000e-05	-4.161270e-03	6.861004e+00
4.265000e-05	-2.955472e-03	6.788871e+00
4.266000e-05	-3.419991e-03	6.682657e+00
4.267000e-05	-3.707936e-03	6.516213e+00
4.268000e-05	-4.853632e-03	6.400500e+00
4.269000e-05	-3.207152e-03	6.316712e+00
4.270000e-05	-3.130064e-03	6.199975e+00
4.271000e-05	-2.530596e-03	6.094210e+00
4.272000e-05	-4.337379e-03	6.008449e+00
4.273000e-05	-3.643353e-03	5.895682e+00
4.274000e-05	-4.974987e-03	5.696681e+00
4.275000e-05	-3.275468e-03	5.570424e+00
4.276000e-05	-2.666301e-03	5.483007e+00
4.277000e-05	-3.628118e-03	5.376317e+00
4.278000e-05	-4.246159e-03	5.209400e+00
4.279000e-05	-4.431064e-03	5.020049e+00
4.280000e-05	-3.161579e-03	4.843003e+00
4.281000e-05	-3.022409e-03	4.726790e+00
4.282000e-05	-4.037078e-03	4.559445e+00
4.283000e-05	-4.120624e-03	4.443630e+00
4.284000e-05	-3.611378e-03	4.348389e+00
4.285000e-05	-3.436618e-03	4.098321e+00
4.286000e-05	-3.732518e-03	4.000448e+00
4.287000e-05	-4.125588e-03	3.894682e+00
4.288000e-05	-4.200304e-03	3.736289e+00
4.289000e-05	-3.309333e-03	3.631025e+00
4.290000e-05	-3.316188e-03	3.491133e+00
4.291000e-05	-3.396301e-03	3.282086e+00
4.292000e-05	-3.521966e-03	3.158844e+00
4.293000e-05	-3.826243e-03	3.002048e+00
4.294000e-05	-4.435177e-03	2.864580e+00
4.295000e-05	-3.825975e-03	2.757894e+00
4.296000e-05	-2.569741e-03	2.516187e+00
4.297000e-05	-3.290504e-03	2.379871e+00
4.298000e-05	-4.109025e-03	2.201078e+00
4.299000e-05	-4.605635e-03	2.073613e+00
4.300000e-05	-3.471124e-03	1.946845e+00
4.301000e-05	-3.075815e-03	1.768792e+00
4.302000e-05	-3.006715e-03	1.590975e+00
4.303000e-05	-3.874513e-03	1.442028e+00
4.304000e-05	-4.565099e-03	1.264706e+00
4.305000e-05	-4.120053e-03	1.147683e+00
4.306000e-05	-4.120203e-03	8.741332e-01
4.307000e-05	-3.320885e-03	7.552909e-01
4.308000e-05	-3.206001e-03	5.794211e-01
4.309000e-05	-3.002247e-03	4.310040e-01
4.310000e-05	-3.444207e-03	3.051591e-01
4.311000e-05	-3.769953e-03	3.363296e-02
4.312000e-05	6.100730e-04	-4.171040e-02
4.313000e-05	2.232159e-03	-2.200511e-01
4.314000e-05	-1.969676e-03	-3.689197e-01
4.315000e-05	5.168450e-04	-4.732130e-01
4.316000e-05	-1.948719e-03	-6.932855e-01
4.317000e-05	-7.470066e-04	-8.205776e-01
4.318000e-05	-2.833326e-03	-9.373897e-01
4.319000e-05	3.892992e-03	-1.044237e+00
4.320000e-05	4.325522e-02	-1.201054e+00
4.321000e-05	5.557765e-02	-1.464180e+00
4.322000e-05	-6.474294e-02	-1.705340e+00
4.323000e-05	-1.972063e-02	-1.937317e+00
4.324000e-05	-1.200583e-01	-1.980601e+00
4.325000e-05	1.037914e-01	-2.021604e+00
4.326000e-05	6.737949e-02	-2.115790e+00
4.327000e-05	-1.739262e-01	-2.430654e+00
4.328000e-05	1.146732e-01	-2.568372e+00
4.329000e-05	5.386997e-02	-2.601630e+00
4.330000e-05	-1.863542e-01	-2.860678e+00
4.331000e-05	1.147814e-01	-2.989476e+00
4.332000e-05	4.626400e-02	-3.167468e+00
4.333000e-05	-1.507468e-01	-3.307371e+00
4.334000e-05	1.568669e-01	-3.420654e+00
4.335000e-05	-4.854992e-02	-3.587973e+00
4.336000e-05	-6.461875e-02	-3.750500e+00
4.337000e-05	1.044787e-01	-3.876742e+00
4.338000e-05	-1.180711e-01	-4.065283e+00
4.339000e-05	5.640977e-02	-4.201027e+00
4.340000e-05	5.395472e-02	-4.274333e+00
4.341000e-05	-1.204722e-01	-4.431756e+00
4.342000e-05	1.132347e-01	-4.620500e+00
4.343000e-05	-2.564466e-02	-4.748917e+00
4.344000e-05	-3.835184e-02	-4.897841e+00
4.345000e-05	2.299639e-02	-5.010635e+00
4.346000e-05	-3.812271e-02	-5.197525e+00
4.347000e-05	7.636761e-02	-5.285836e+00
4.348000e-05	-6.683324e-02	-5.475338e+00
4.349000e-05	1.182904e-02	-5.632181e+00
4.350000e-05	5.206308e-02	-5.717415e+00
4.351000e-05	-7.004339e-02	-5.865283e+00
4.352000e-05	2.471989e-02	-5.959419e+00
4.353000e-05	-2.683798e-02	-6.051658e+00
4.354000e-05	4.905435e-02	-6.223003e+00
4.355000e-05	2.885804e-03	-6.348395e+00
4.356000e-05	-7.394413e-02	-6.422651e+00
4.357000e-05	5.745268e-02	-6.566841e+00
4.358000e-05	-9.881831e-03	-6.652184e+00
4.359000e-05	-7.100055e-03	-6.748370e+00
4.360000e-05	-1.541809e-02	-6.810129e+00
4.361000e-05	9.388660e-03	-6.939414e+00
4.362000e-05	3.407434e-02	-7.075791e+00
4.363000e-05	-5.150024e-02	-7.199975e+00
4.364000e-05	1.268554e-02	-7.243231e+00
4.365000e-05	7.442966e-03	-7.285872e+00
4.366000e-05	-1.648000e-03	-7.421556e+00
4.367000e-05	-1.235259e-02	-7.486284e+00
4.368000e-05	-7.408937e-03	-7.590473e+00
4.369000e-05	2.675183e-02	-7.703859e+00
4.370000e-05	-2.074977e-02	-7.791398e+00
4.371000e-05	-4.512679e-03	-7.897870e+00
4.372000e-05	6.877651e-04	-7.979974e+00
4.373000e-05	3.371102e-03	-8.063131e+00
4.374000e-05	-2.694656e-03	-8.044684e+00
4.375000e-05	-7.644113e-03	-8.157849e+00
4.376000e-05	7.918745e-03	-8.181079e+00
4.377000e-05	-9.266329e-03	-8.255730e+00
4.378000e-05	-2.114751e-03	-8.295291e+00
4.379000e-05	-1.446894e-03	-8.327947e+00
4.380000e-05	-5.283622e-04	-8.380499e+00
4.381000e-05	-1.596609e-03	-8.380526e+00
4.382000e-05	-2.582020e-03	-8.424006e+00
4.383000e-05	-5.252259e-04	-8.473711e+00
4.384000e-05	-5.657067e-03	-8.436715e+00
4.385000e-05	-1.131999e-03	-8.504819e+00
4.386000e-05	-9.991771e-04	-8.570952e+00
4.387000e-05	-3.328209e-03	-8.631629e+00
4.388000e-05	-4.920021e-03	-8.644732e+00
4.389000e-05	-1.907798e-04	-8.656312e+00
4.390000e-05	-1.202479e-03	-8.645791e+00
4.391000e-05	-5.569713e-03	-8.706339e+00
4.392000e-05	-4.022183e-03	-8.708416e+00
4.393000e-05	-1.388912e-03	-8.737445e+00
4.394000e-05	-9.457849e-04	-8.737868e+00
4.395000e-05	-3.787489e-03	-8.756816e+00
4.396000e-05	-3.700113e-03	-8.747370e+00
4.397000e-05	-2.520638e-03	-8.766919e+00
4.398000e-05	-2.150922e-03	-8.706741e+00
4.399000e-05	-3.649720e-03	-8.706892e+00
4.400000e-05	-1.036805e-03	-8.685236e+00
4.401000e-05	-2.424272e-03	-8.633061e+00
4.402000e-05	-2.377279e-03	-8.613183e+00
4.403000e-05	-2.808632e-03	-8.611593e+00
4.404000e-05	-1.828621e-03	-8.562374e+00
4.405000e-05	-1.090610e-03	-8.475818e+00
4.406000e-05	-1.362195e-03	-8.485763e+00
4.407000e-05	-1.841038e-03	-8.403082e+00
4.408000e-05	-2.072484e-03	-8.410503e+00
4.409000e-05	6.769178e-04	-8.359949e+00
4.410000e-05	-6.438568e-04	-8.306269e+00
4.411000e-05	-2.761399e-03	-8.253682e+00
4.412000e-05	-3.140789e-03	-8.232077e+00
4.413000e-05	-2.112514e-03	-8.189475e+00
4.414000e-05	-2.267857e-03	-8.087767e+00
4.415000e-05	-2.790825e-03	-8.074655e+00
4.416000e-05	-2.944715e-03	-8.011998e+00
4.417000e-05	-2.909502e-03	-7.978397e+00
4.418000e-05	-3.152342e-03	-7.864265e+00
4.419000e-05	-2.319624e-03	-7.757892e+00
4.420000e-05	-3.483049e-03	-7.643179e+00
4.421000e-05	-3.780027e-03	-7.598894e+00
4.422000e-05	-2.930036e-03	-7.505232e+00
4.423000e-05	-2.837554e-03	-7.401978e+00
4.424000e-05	-3.974459e-03	-7.336367e+00
4.425000e-05	-3.738491e-03	-7.233157e+00
4.426000e-05	-2.196923e-03	-7.179469e+00
4.427000e-05	-2.637483e-03	-7.084365e+00
4.428000e-05	-4.502228e-03	-6.949415e+00
4.429000e-05	-4.068769e-03	-6.842578e+00
4.430000e-05	-2.207252e-03	-6.759370e+00
4.431000e-05	-2.865256e-03	-6.694108e+00
4.432000e-05	-3.273664e-03	-6.569944e+00
4.433000e-05	-3.144418e-03	-6.456158e+00
4.434000e-05	-2.455069e-03	-6.389921e+00
4.435000e-05	-4.454664e-03	-6.274287e+00
4.436000e-05	-3.630462e-03	-6.076710e+00
4.437000e-05	-3.157958e-03	-5.980971e+00
4.438000e-05	-3.065051e-03	-5.895216e+00
4.439000e-05	-4.231469e-03	-5.769921e+00
4.440000e-05	-3.404036e-03	-5.692602e+00
4.441000e-05	-3.487285e-03	-5.518369e+00
4.442000e-05	-4.699699e-03	-5.370916e+00
4.443000e-05	-3.651129e-03	-5.230448e+00
4.444000e-05	-4.244597e-03	-5.085211e+00
4.445000e-05	-4.143128e-03	-4.966315e+00
4.446000e-05	-4.882933e-03	-4.698343e+00
4.447000e-05	-3.863410e-03	-4.591026e+00
4.448000e-05	-3.951113e-03	-4.535162e+00
4.449000e-05	-4.887234e-03	-4.389947e+00
4.450000e-05	-4.795047e-03	-4.255558e+00
4.451000e-05	-3.067823e-03	-4.136362e+00
4.452000e-05	-4.145752e-03	-4.020976e+00
4.453000e-05	-4.378660e-03	-3.856088e+00
4.454000e-05	-4.363723e-03	-3.675729e+00
4.455000e-05	-3.977905e-03	-3.587191e+00
4.456000e-05	-4.191875e-03	-3.421546e+00
4.457000e-05	-4.529996e-03	-3.253156e+00
4.458000e-05	-3.968661e-03	-3.118315e+00
4.459000e-05	-4.032966e-03	-2.926317e+00
4.460000e-05	-4.156953e-03	-2.779896e+00
4.461000e-05	-3.538380e-03	-2.663081e+00
4.462000e-05	-5.344859e-03	-2.495682e+00
4.463000e-05	-4.485893e-03	-2.389446e+00
4.464000e-05	-5.077105e-03	-2.176293e+00
4.465000e-05	-3.237685e-03	-1.999976e+00
4.466000e-05	-5.136093e-03	-1.833104e+00
4.467000e-05	-4.707646e-03	-1.684164e+00
4.468000e-05	-4.635201e-03	-1.559921e+00
4.469000e-05	-3.668004e-03	-1.367316e+00
4.470000e-05	-4.747028e-03	-1.178895e+00
4.471000e-05	-4.504178e-03	-9.905038e-01
4.472000e-05	-4.376966e-03	-8.631029e-01
4.473000e-05	-4.026756e-03	-7.141907e-01
4.474000e-05	-5.468322e-03	-5.266632e-01
4.475000e-05	-4.085443e-03	-3.588436e-01
4.476000e-05	-4.409337e-03	-2.229749e-01
4.477000e-05	-2.420880e-03	-4.307902e-02
4.478000e-05	-2.443336e-04	4.423672e-02
4.479000e-05	1.222239e-03	2.827407e-01
4.480000e-05	-3.598290e-03	4.095516e-01
4.481000e-05	4.119500e-04	5.459211e-01
4.482000e-05	-4.626701e-03	7.138868e-01
4.483000e-05	-1.795735e-03	8.005776e-01
4.484000e-05	-3.574625e-03	1.009451e+00
4.485000e-05	4.226431e-03	1.189071e+00
4.486000e-05	2.573506e-02	1.316368e+00
4.487000e-05	6.106270e-02	1.558068e+00
4.488000e-05	-3.561411e-02	1.789925e+00
4.489000e-05	-3.626813e-02	1.937415e+00
4.490000e-05	-6.711748e-02	2.053131e+00
4.491000e-05	-4.858322e-02	2.168920e+00
4.492000e-05	1.413850e-01	2.244209e+00
4.493000e-05	-3.784684e-02	2.400078e+00
4.494000e-05	-1.012622e-01	2.517267e+00
4.495000e-05	1.626661e-01	2.737369e+00
4.496000e-05	-9.315541e-02	2.885313e+00
4.497000e-05	-5.085746e-02	3.021553e+00
4.498000e-05	1.206180e-01	3.136345e+00
4.499000e-05	-8.211156e-02	3.325314e+00
4.500000e-05	-3.142062e-02	3.506342e+00
4.501000e-05	1.030052e-01	3.620053e+00
4.502000e-05	-7.405522e-02	3.748925e+00
4.503000e-05	9.875938e-03	3.915792e+00
4.504000e-05	9.406317e-03	4.063183e+00
4.505000e-05	-4.626951e-02	4.232132e+00
4.506000e-05	3.720165e-02	4.428949e+00
4.507000e-05	-1.317502e-02	4.558917e+00
4.508000e-05	-6.786079e-03	4.673734e+00
4.509000e-05	2.658458e-02	4.821526e+00
4.510000e-05	-1.208416e-02	5.011646e+00
4.511000e-05	-2.714427e-02	5.171473e+00
4.512000e-05	-4.721067e-03	5.297290e+00
4.513000e-05	3.302290e-02	5.412677e+00
4.514000e-05	-1.364040e-02	5.588396e+00
4.515000e-05	-1.908752e-02	5.662628e+00
4.516000e-05	1.280971e-02	5.788525e+00
4.517000e-05	-5.499045e-03	5.968896e+00
4.518000e-05	-5.385201e-03	6.042684e+00
4.519000e-05	-9.691687e-03	6.180347e+00
4.520000e-05	-2.279590e-04	6.274711e+00
4.521000e-05	2.176745e-02	6.368473e+00
4.522000e-05	-2.013561e-02	6.432133e+00
4.523000e-05	-1.272400e-02	6.621077e+00
4.524000e-05	1.073102e-02	6.728844e+00
4.525000e-05	6.971142e-04	6.810555e+00
4.526000e-05	-1.220530e-02	6.883710e+00
4.527000e-05	-8.852959e-03	6.990554e+00
4.528000e-05	1.835432e-02	7.116215e+00
4.529000e-05	-8.401299e-03	7.199497e+00
4.530000e-05	-1.433774e-02	7.223080e+00
4.531000e-05	1.337272e-06	7.338874e+00
4.532000e-05	5.816689e-03	7.485869e+00
4.533000e-05	-3.077268e-03	7.590551e+00
4.534000e-05	-1.195652e-02	7.694212e+00
4.535000e-05	2.712063e-03	7.767420e+00
4.536000e-05	-2.339117e-03	7.852681e+00
4.537000e-05	-5.012093e-03	7.896761e+00
4.538000e-05	-3.440150e-03	8.043611e+00
4.539000e-05	2.851202e-04	8.128263e+00
4.540000e-05	-4.495719e-03	8.159421e+00
4.541000e-05	-4.044255e-03	8.200509e+00
4.542000e-05	1.803756e-03	8.295661e+00
4.543000e-05	-2.489111e-03	8.338391e+00
4.544000e-05	-6.329334e-03	8.348947e+00
4.545000e-05	-3.705700e-03	8.420974e+00
4.546000e-05	3.483207e-04	8.462632e+00
4.547000e-05	-3.040635e-03	8.474710e+00
4.548000e-05	-1.827884e-03	8.486139e+00
4.549000e-05	-2.992218e-03	8.547390e+00
4.550000e-05	-4.215946e-03	8.547923e+00
4.551000e-05	-5.374353e-03	8.610423e+00
4.552000e-05	-6.363789e-04	8.641527e+00
4.553000e-05	-2.996421e-04	8.621554e+00
4.554000e-05	-4.521773e-03	8.663181e+00
4.555000e-05	-4.726829e-03	8.674057e+00
4.556000e-05	-2.783527e-03	8.685211e+00
4.557000e-05	-1.754558e-03	8.705211e+00
4.558000e-05	-4.565808e-03	8.685736e+00
4.559000e-05	-3.865383e-03	8.685764e+00
4.560000e-05	-2.734291e-03	8.716765e+00
4.561000e-05	-2.673721e-03	8.725762e+00
4.562000e-05	-3.866840e-03	8.687291e+00
4.563000e-05	-3.775010e-03	8.697268e+00
4.564000e-05	-2.318055e-03	8.716762e+00
4.565000e-05	-3.918471e-03	8.705634e+00
4.566000e-05	-3.761232e-03	8.695211e+00
4.567000e-05	-4.572361e-03	8.664635e+00
4.568000e-05	-3.849948e-03	8.662682e+00
4.569000e-05	-4.410279e-03	8.601476e+00
4.570000e-05	-4.116912e-03	8.579397e+00
4.571000e-05	-3.917513e-03	8.558395e+00
4.572000e-05	-4.063243e-03	8.515889e+00
4.573000e-05	-3.854189e-03	8.483713e+00
4.574000e-05	-6.155237e-03	8.472626e+00
4.575000e-05	-4.430575e-03	8.422527e+00
4.576000e-05	-5.315714e-03	8.389845e+00
4.577000e-05	-4.168676e-03	8.367819e+00
4.578000e-05	-5.039723e-03	8.304708e+00
4.579000e-05	-3.784037e-03	8.192598e+00
4.580000e-05	-4.033692e-03	8.178844e+00
4.581000e-05	-3.465773e-03	8.093609e+00
4.582000e-05	-3.089611e-03	8.012654e+00
4.583000e-05	-3.453029e-03	7.969299e+00
4.584000e-05	-3.747814e-03	7.834107e+00
4.585000e-05	-3.875972e-03	7.841975e+00
4.586000e-05	-4.309024e-03	7.705265e+00
4.587000e-05	-3.955121e-03	7.683609e+00
4.588000e-05	-4.253592e-03	7.580897e+00
4.589000e-05	-1.773624e-03	7.494711e+00
4.590000e-05	-4.078430e-03	7.318317e+00
4.591000e-05	-3.101075e-03	7.263650e+00
4.592000e-05	-5.173931e-03	7.180446e+00
4.593000e-05	-1.697226e-03	7.104786e+00
4.594000e-05	-4.427598e-03	6.988397e+00
4.595000e-05	-3.188978e-03	6.925682e+00
4.596000e-05	-3.804352e-03	6.800975e+00
4.597000e-05	-2.621171e-03	6.756866e+00
4.598000e-05	-4.402273e-03	6.570924e+00
4.599000e-05	-3.068683e-03	6.452554e+00
4.600000e-05	-3.867948e-03	6.377895e+00
4.601000e-05	-3.700418e-03	6.254179e+00
4.602000e-05	-4.184431e-03	6.137290e+00
4.603000e-05	-2.967369e-03	6.012128e+00
4.604000e-05	-3.921173e-03	5.929241e+00
4.605000e-05	-5.151638e-03	5.781921e+00
4.606000e-05	-4.036891e-03	5.642600e+00
4.607000e-05	-2.606487e-03	5.536238e+00
4.608000e-05	-3.112618e-03	5.420500e+00
4.609000e-05	-4.140934e-03	5.272131e+00
4.610000e-05	-3.838579e-03	5.106240e+00
4.611000e-05	-2.319748e-03	4.917715e+00
4.612000e-05	-3.942792e-03	4.809421e+00
4.613000e-05	-4.706342e-03	4.642080e+00
4.614000e-05	-4.655580e-03	4.547765e+00
4.615000e-05	-3.534319e-03	4.392476e+00
4.616000e-05	-3.831854e-03	4.263635e+00
4.617000e-05	-3.900040e-03	4.093159e+00
4.618000e-05	-3.105378e-03	3.968367e+00
4.619000e-05	-3.326517e-03	3.800047e+00
4.620000e-05	-4.211030e-03	3.663607e+00
4.621000e-05	-3.704436e-03	3.598792e+00
4.622000e-05	-4.198502e-03	3.328325e+00
4.623000e-05	-3.326164e-03	3.200473e+00
4.624000e-05	-4.032053e-03	3.094158e+00
4.625000e-05	-4.495566e-03	2.947340e+00
4.626000e-05	-3.895165e-03	2.820978e+00
4.627000e-05	-3.515309e-03	2.643478e+00
4.628000e-05	-3.014811e-03	2.423105e+00
4.629000e-05	-4.365553e-03	2.295136e+00
4.630000e-05	-4.203817e-03	2.167241e+00
4.631000e-05	-3.504061e-03	2.000976e+00
4.632000e-05	-3.310498e-03	1.862655e+00
4.633000e-05	-4.330968e-03	1.696161e+00
4.634000e-05	-4.120999e-03	1.566208e+00
4.635000e-05	-3.379549e-03	1.367917e+00
4.636000e-05	-3.771280e-03	1.219996e+00
4.637000e-05	-4.388490e-03	9.793202e-01
4.638000e-05	-4.282497e-03	8.404476e-01
4.639000e-05	-3.573798e-03	6.646553e-01
4.640000e-05	-3.081299e-03	4.645857e-01
4.641000e-05	-3.976401e-03	3.783449e-01
4.642000e-05	-4.199938e-03	1.882937e-01
4.643000e-05	-1.513285e-03	8.523988e-03
4.644000e-05	2.257940e-03	-1.258946e-01
4.645000e-05	1.621667e-03	-2.752856e-01
4.646000e-05	-2.023760e-03	-4.110276e-01
4.647000e-05	-1.174776e-03	-5.784936e-01
4.648000e-05	-2.731864e-03	-7.689261e-01
4.649000e-05	-1.318619e-03	-8.822555e-01
4.650000e-05	-1.661239e-03	-1.009079e+00
4.651000e-05	1.452213e-02	-1.148416e+00
4.652000e-05	7.634564e-02	-1.306439e+00
4.653000e-05	-2.336355e-02	-1.559446e+00
4.654000e-05	-3.757689e-02	-1.829629e+00
4.655000e-05	-7.090000e-02	-1.999022e+00
4.656000e-05	-5.219143e-02	-2.031053e+00
4.657000e-05	1.636870e-01	-2.042133e+00
4.658000e-05	-7.784939e-02	-2.303809e+00
4.659000e-05	-8.891772e-02	-2.516790e+00
4.660000e-05	1.895711e-01	-2.558924e+00
4.661000e-05	-1.337978e-01	-2.716318e+00
4.662000e-05	-7.792549e-02	-2.957862e+00
4.663000e-05	1.661506e-01	-3.095262e+00
4.664000e-05	-1.127665e-01	-3.241680e+00
4.665000e-05	-1.091046e-02	-3.381051e+00
4.666000e-05	1.319660e-01	-3.494215e+00
4.667000e-05	-1.508738e-01	-3.624682e+00
4.668000e-05	7.236463e-02	-3.801109e+00
4.669000e-05	-6.334773e-03	-3.989524e+00
4.670000e-05	-8.632428e-02	-4.158523e+00
4.671000e-05	1.306175e-01	-4.243079e+00
4.672000e-05	-8.399159e-02	-4.378448e+00
4.673000e-05	-3.921957e-03	-4.555888e+00
4.674000e-05	8.715130e-02	-4.683787e+00
4.675000e-05	-8.372753e-02	-4.841655e+00
4.676000e-05	2.213529e-02	-4.989897e+00
4.677000e-05	-2.554945e-02	-5.125260e+00
4.678000e-05	2.269352e-02	-5.253657e+00
4.679000e-05	3.035944e-02	-5.352569e+00
4.680000e-05	-7.743434e-02	-5.578996e+00
4.681000e-05	8.099159e-02	-5.673233e+00
4.682000e-05	-3.025600e-02	-5.781554e+00
4.683000e-05	-3.114347e-02	-5.896868e+00
4.684000e-05	1.681204e-02	-6.009976e+00
4.685000e-05	-1.709477e-02	-6.134836e+00
4.686000e-05	7.154999e-02	-6.284263e+00
4.687000e-05	-7.432868e-02	-6.410000e+00
4.688000e-05	-2.401709e-03	-6.446208e+00
4.689000e-05	4.056096e-02	-6.589499e+00
4.690000e-05	-2.751912e-02	-6.676289e+00
4.691000e-05	5.778308e-03	-6.768949e+00
4.692000e-05	-2.634140e-02	-6.843159e+00
4.693000e-05	4.743554e-02	-6.961682e+00
4.694000e-05	-1.912083e-02	-7.105867e+00
4.695000e-05	-2.816678e-02	-7.221604e+00
4.696000e-05	2.114000e-02	-7.274757e+00
4.697000e-05	-3.581778e-03	-7.388575e+00
4.698000e-05	1.561647e-03	-7.473683e+00
4.699000e-05	-2.257375e-02	-7.548349e+00
4.700000e-05	1.866543e-02	-7.613154e+00
4.701000e-05	4.226481e-03	-7.747918e+00
4.702000e-05	-1.828237e-02	-7.795210e+00
4.703000e-05	1.828960e-03	-7.966446e+00
4.704000e-05	3.357882e-04	-8.001525e+00
4.705000e-05	3.709464e-03	-8.043730e+00
4.706000e-05	-9.612137e-03	-8.117839e+00
4.707000e-05	2.720637e-03	-8.200999e+00
4.708000e-05	-1.054727e-03	-8.230654e+00
4.709000e-05	-7.863980e-03	-8.306286e+00
4.710000e-05	3.947623e-04	-8.336893e+00
4.711000e-05	-3.161042e-04	-8.389475e+00
4.712000e-05	-6.895670e-04	-8.420474e+00
4.713000e-05	-2.531102e-03	-8.431078e+00
4.714000e-05	-1.471621e-03	-8.432131e+00
4.715000e-05	-3.608658e-03	-8.475685e+00
4.716000e-05	-5.370435e-03	-8.506867e+00
4.717000e-05	8.063565e-04	-8.538915e+00
4.718000e-05	-8.394814e-04	-8.662574e+00
4.719000e-05	-5.442227e-03	-8.612556e+00
4.720000e-05	-2.122622e-03	-8.654184e+00
4.721000e-05	4.566353e-04	-8.716714e+00
4.722000e-05	-3.891448e-03	-8.664287e+00
4.723000e-05	-6.103298e-03	-8.717415e+00
4.724000e-05	-1.537068e-03	-8.758392e+00
4.725000e-05	-5.169017e-04	-8.778819e+00
4.726000e-05	-3.055317e-03	-8.717369e+00
4.727000e-05	-3.787407e-03	-8.708419e+00
4.728000e-05	-2.101684e-03	-8.737393e+00
4.729000e-05	-2.179213e-03	-8.706744e+00
4.730000e-05	-3.683611e-03	-8.736710e+00
4.731000e-05	-1.762495e-03	-8.726691e+00
4.732000e-05	-1.993671e-03	-8.744661e+00
4.733000e-05	-2.135414e-03	-8.644005e+00
4.734000e-05	-2.844800e-03	-8.591448e+00
4.735000e-05	-2.098845e-03	-8.608421e+00
4.736000e-05	-1.094521e-03	-8.507415e+00
4.737000e-05	-7.527890e-04	-8.533710e+00
4.738000e-05	-1.284873e-03	-8.435211e+00
4.739000e-05	-1.133750e-03	-8.432074e+00
4.740000e-05	-8.968062e-04	-8.388421e+00
4.741000e-05	-1.841649e-04	-8.339345e+00
4.742000e-05	-2.228297e-03	-8.276260e+00
4.743000e-05	-3.183647e-03	-8.243682e+00
4.744000e-05	-2.826263e-03	-8.240027e+00
4.745000e-05	-2.434788e-03	-8.128894e+00
4.746000e-05	-2.068135e-03	-8.085691e+00
4.747000e-05	-3.411867e-03	-8.023149e+00
4.748000e-05	-2.894892e-03	-8.011450e+00
4.749000e-05	-2.984736e-03	-7.928413e+00
4.750000e-05	-2.681131e-03	-7.823058e+00
4.751000e-05	-3.041840e-03	-7.708792e+00
4.752000e-05	-4.635562e-03	-7.621548e+00
4.753000e-05	-2.977309e-03	-7.507817e+00
4.754000e-05	-3.376270e-03	-7.464635e+00
4.755000e-05	-3.407919e-03	-7.398523e+00
4.756000e-05	-3.942762e-03	-7.277263e+00
4.757000e-05	-2.206196e-03	-7.213604e+00
4.758000e-05	-1.547201e-03	-7.198419e+00
4.759000e-05	-3.816861e-03	-7.043506e+00
4.760000e-05	-4.292418e-03	-6.876781e+00
4.761000e-05	-2.992930e-03	-6.781477e+00
4.762000e-05	-3.045102e-03	-6.707737e+00
4.763000e-05	-4.019828e-03	-6.632503e+00
4.764000e-05	-3.113418e-03	-6.536347e+00
4.765000e-05	-2.527458e-03	-6.441553e+00
4.766000e-05	-4.089709e-03	-6.368292e+00
4.767000e-05	-3.756179e-03	-6.190401e+00
4.768000e-05	-2.399030e-03	-6.052049e+00
4.769000e-05	-3.664381e-03	-5.958416e+00
4.770000e-05	-5.443127e-03	-5.832579e+00
4.771000e-05	-4.442109e-03	-5.705718e+00
4.772000e-05	-2.079227e-03	-5.611926e+00
4.773000e-05	-3.774708e-03	-5.474633e+00
4.774000e-05	-4.709251e-03	-5.296078e+00
4.775000e-05	-4.671267e-03	-5.147267e+00
4.776000e-05	-3.131614e-03	-5.011973e+00
4.777000e-05	-3.914224e-03	-4.852557e+00
4.778000e-05	-3.959746e-03	-4.663208e+00
4.779000e-05	-5.137322e-03	-4.538395e+00
4.780000e-05	-5.497425e-03	-4.443532e+00
4.781000e-05	-4.454209e-03	-4.365792e+00
4.782000e-05	-3.119240e-03	-4.220925e+00
4.783000e-05	-3.422857e-03	-4.072556e+00
4.784000e-05	-5.433861e-03	-3.918842e+00
4.785000e-05	-4.339868e-03	-3.768845e+00
4.786000e-05	-4.694995e-03	-3.610949e+00
4.787000e-05	-3.240554e-03	-3.505183e+00
4.788000e-05	-4.732600e-03	-3.347792e+00
4.789000e-05	-3.752702e-03	-3.180999e+00
4.790000e-05	-4.769817e-03	-3.062608e+00
4.791000e-05	-3.631137e-03	-2.844128e+00
4.792000e-05	-4.099221e-03	-2.716741e+00
4.793000e-05	-3.967492e-03	-2.598396e+00
4.794000e-05	-5.054160e-03	-2.421578e+00
4.795000e-05	-5.731816e-03	-2.264158e+00
4.796000e-05	-4.483405e-03	-2.084632e+00
4.797000e-05	-3.389666e-03	-1.938318e+00
4.798000e-05	-3.770253e-03	-1.768949e+00
4.799000e-05	-4.913302e-03	-1.623005e+00
4.800000e-05	-4.212155e-03	-1.444733e+00
4.801000e-05	-4.333293e-03	-1.234603e+00
4.802000e-05	-4.087519e-03	-1.134235e+00
4.803000e-05	-4.297556e-03	-9.883183e-01
4.804000e-05	-4.504283e-03	-7.904999e-01
4.805000e-05	-5.773650e-03	-5.925464e-01
4.806000e-05	-5.148754e-03	-4.415514e-01
4.807000e-05	-4.604276e-03	-3.021843e-01
4.808000e-05	-2.434751e-03	-1.467922e-01
4.809000e-05	-2.114646e-03	1.950250e-02
4.810000e-05	9.289317e-04	1.470451e-01
4.811000e-05	-2.690970e-03	3.784498e-01
4.812000e-05	-1.665114e-03	4.832093e-01
4.813000e-05	-2.456523e-03	5.911839e-01
4.814000e-05	-2.736197e-03	7.593697e-01
4.815000e-05	-3.806432e-03	8.927106e-01
4.816000e-05	1.265372e-04	1.117312e+00
4.817000e-05	9.938343e-03	1.223607e+00
4.818000e-05	5.249631e-02	1.400575e+00
4.819000e-05	2.083761e-02	1.695264e+00
4.820000e-05	-4.880844e-02	1.843612e+00
4.821000e-05	-4.071342e-02	1.980001e+00
4.822000e-05	-8.656583e-02	2.116343e+00
4.823000e-05	4.963341e-02	2.190079e+00
4.824000e-05	1.117330e-01	2.368415e+00
4.825000e-05	-1.459064e-01	2.452161e+00
4.826000e-05	6.180512e-02	2.561550e+00
4.827000e-05	6.596995e-02	2.801604e+00
4.828000e-05	-1.291017e-01	2.977999e+00
4.829000e-05	5.912657e-02	3.063736e+00
4.830000e-05	6.058016e-02	3.221056e+00
4.831000e-05	-1.284469e-01	3.369075e+00
4.832000e-05	9.125687e-02	3.578925e+00
4.833000e-05	5.057877e-03	3.674814e+00
4.834000e-05	-5.907048e-02	3.843633e+00
4.835000e-05	4.543764e-02	3.948550e+00
4.836000e-05	-4.248765e-02	4.115915e+00
4.837000e-05	4.260668e-03	4.368370e+00
4.838000e-05	2.433553e-02	4.462584e+00
4.839000e-05	-2.634100e-02	4.610551e+00
4.840000e-05	1.662880e-02	4.747868e+00
4.841000e-05	1.702107e-02	4.933312e+00
4.842000e-05	-3.179977e-02	5.056737e+00
4.843000e-05	-1.829330e-02	5.243186e+00
4.844000e-05	1.307101e-02	5.378973e+00
4.845000e-05	2.289460e-02	5.484861e+00
4.846000e-05	-3.164185e-02	5.599500e+00
4.847000e-05	4.404376e-03	5.715715e+00
4.848000e-05	4.800595e-03	5.906318e+00
4.849000e-05	-1.122389e-02	6.010529e+00
4.850000e-05	-1.056347e-03	6.106362e+00
4.851000e-05	-1.713825e-02	6.210602e+00
4.852000e-05	2.364242e-02	6.357342e+00
4.853000e-05	4.025475e-04	6.401053e+00
4.854000e-05	-2.237993e-02	6.483191e+00
4.855000e-05	-1.866203e-03	6.715738e+00
4.856000e-05	9.669842e-03	6.810026e+00
4.857000e-05	-5.766346e-03	6.882079e+00
4.858000e-05	-1.592425e-02	6.946870e+00
4.859000e-05	8.771471e-03	7.031605e+00
4.860000e-05	8.859654e-03	7.157395e+00
4.861000e-05	-1.489373e-02	7.221577e+00
4.862000e-05	-1.111494e-02	7.324317e+00
4.863000e-05	5.975423e-03	7.421632e+00
4.864000e-05	4.875684e-04	7.579867e+00
4.865000e-05	-6.409169e-03	7.622078e+00
4.866000e-05	-6.362339e-03	7.737392e+00
4.867000e-05	4.871130e-03	7.830003e+00
4.868000e-05	-5.187622e-03	7.876761e+00
4.869000e-05	-4.005232e-03	7.978395e+00
4.870000e-05	-1.599380e-03	8.064686e+00
4.871000e-05	-2.600981e-03	8.149392e+00
4.872000e-05	-4.674590e-03	8.169975e+00
4.873000e-05	-2.297331e-03	8.264132e+00
4.874000e-05	1.516987e-03	8.337240e+00
4.875000e-05	-6.557291e-03	8.347795e+00
4.876000e-05	-5.111361e-03	8.409476e+00
4.877000e-05	-1.412321e-03	8.421503e+00
4.878000e-05	-7.938650e-04	8.483731e+00
4.879000e-05	-2.490062e-03	8.463135e+00
4.880000e-05	-2.903876e-03	8.486237e+00
4.881000e-05	-3.484290e-03	8.548321e+00
4.882000e-05	-5.865091e-03	8.589395e+00
4.883000e-05	-1.950970e-03	8.609999e+00
4.884000e-05	-3.244152e-04	8.623031e+00
4.885000e-05	-2.461698e-03	8.612603e+00
4.886000e-05	-5.517241e-03	8.654108e+00
4.887000e-05	-3.890695e-03	8.655186e+00
4.888000e-05	-3.501240e-04	8.686686e+00
4.889000e-05	-4.443604e-03	8.654765e+00
4.890000e-05	-4.204751e-03	8.687784e+00
4.891000e-05	-3.135644e-03	8.705769e+00
4.892000e-05	-9.340000e-04	8.716814e+00
4.893000e-05	-4.148737e-03	8.707262e+00
4.894000e-05	-3.318079e-03	8.706814e+00
4.895000e-05	-3.869000e-03	8.695766e+00
4.896000e-05	-3.679383e-03	8.705686e+00
4.897000e-05	-4.794741e-03	8.654732e+00
4.898000e-05	-4.271928e-03	8.684135e+00
4.899000e-05	-3.264995e-03	8.673529e+00
4.900000e-05	-5.234869e-03	8.601103e+00
4.901000e-05	-4.150482e-03	8.589924e+00
4.902000e-05	-5.007427e-03	8.568448e+00
4.903000e-05	-4.077567e-03	8.508869e+00
4.904000e-05	-5.560735e-03	8.486291e+00
4.905000e-05	-5.357040e-03	8.463161e+00
4.906000e-05	-5.666980e-03	8.442081e+00
4.907000e-05	-4.364634e-03	8.411052e+00
4.908000e-05	-4.612356e-03	8.378424e+00
4.909000e-05	-5.588745e-03	8.287244e+00
4.910000e-05	-4.445615e-03	8.243127e+00
4.911000e-05	-3.167096e-03	8.179522e+00
4.912000e-05	-3.383046e-03	8.155816e+00
4.913000e-05	-3.710035e-03	8.063088e+00
4.914000e-05	-3.792807e-03	7.979997e+00
4.915000e-05	-3.118721e-03	7.865233e+00
4.916000e-05	-4.203938e-03	7.822026e+00
4.917000e-05	-3.179547e-03	7.738819e+00
4.918000e-05	-4.623430e-03	7.705137e+00
4.919000e-05	-3.206793e-03	7.620076e+00
4.920000e-05	-4.340069e-03	7.508316e+00
4.921000e-05	-1.696143e-03	7.441024e+00
4.922000e-05	-4.274387e-03	7.244685e+00
4.923000e-05	-3.779284e-03	7.191550e+00
4.924000e-05	-4.241767e-03	7.156369e+00
4.925000e-05	-2.459485e-03	7.063578e+00
4.926000e-05	-4.104840e-03	6.937267e+00
4.927000e-05	-3.115060e-03	6.863606e+00
4.928000e-05	-3.407410e-03	6.789898e+00
4.929000e-05	-3.948923e-03	6.684529e+00
4.930000e-05	-3.855600e-03	6.517665e+00
4.931000e-05	-4.039471e-03	6.410999e+00
4.932000e-05	-3.191104e-03	6.306263e+00
4.933000e-05	-3.053186e-03	6.209950e+00
4.934000e-05	-3.038399e-03	6.075213e+00
4.935000e-05	-3.536927e-03	6.010425e+00
4.936000e-05	-4.066629e-03	5.873686e+00
4.937000e-05	-4.173196e-03	5.735738e+00
4.938000e-05	-3.326571e-03	5.541397e+00
4.939000e-05	-3.621541e-03	5.454129e+00
4.940000e-05	-4.057667e-03	5.329346e+00
4.941000e-05	-3.947630e-03	5.212074e+00
4.942000e-05	-3.827325e-03	5.011578e+00
4.943000e-05	-3.520761e-03	4.834575e+00
4.944000e-05	-4.157375e-03	4.697288e+00
4.945000e-05	-3.237113e-03	4.580449e+00
4.946000e-05	-3.339370e-03	4.443659e+00
4.947000e-05	-4.116393e-03	4.348841e+00
4.948000e-05	-3.213104e-03	4.188323e+00
4.949000e-05	-3.032504e-03	4.030474e+00
4.950000e-05	-4.114703e-03	3.905235e+00
4.951000e-05	-4.137506e-03	3.728317e+00
4.952000e-05	-3.998274e-03	3.631023e+00
4.953000e-05	-2.896401e-03	3.505214e+00
4.954000e-05	-3.747169e-03	3.284684e+00
4.955000e-05	-3.931483e-03	3.187821e+00
4.956000e-05	-3.495904e-03	3.031525e+00
4.957000e-05	-3.795880e-03	2.882783e+00
4.958000e-05	-3.330614e-03	2.748919e+00
4.959000e-05	-3.890637e-03	2.526941e+00
4.960000e-05	-3.764724e-03	2.379896e+00
4.961000e-05	-3.771552e-03	2.242053e+00
4.962000e-05	-4.127956e-03	2.093159e+00
4.963000e-05	-3.820564e-03	1.948844e+00
4.964000e-05	-3.419999e-03	1.789945e+00
4.965000e-05	-3.689413e-03	1.660475e+00
4.966000e-05	-3.395010e-03	1.421524e+00
4.967000e-05	-4.289717e-03	1.275737e+00
4.968000e-05	-3.886761e-03	1.135711e+00
4.969000e-05	-4.175725e-03	9.141095e-01
4.970000e-05	-3.903596e-03	7.182934e-01
4.971000e-05	-3.885076e-03	5.903449e-01
4.972000e-05	-3.584254e-03	4.210252e-01
4.973000e-05	-2.970332e-03	3.256395e-01
4.974000e-05	-4.309848e-03	8.473422e-02
4.975000e-05	-5.243902e-04	-5.273396e-02
4.976000e-05	2.207700e-03	-1.800524e-01
4.977000e-05	-1.560406e-03	-3.368920e-01
4.978000e-05	6.165432e-04	-4.716590e-01
4.979000e-05	-2.836942e-03	-6.252327e-01
4.980000e-05	-1.056368e-03	-8.105525e-01
4.981000e-05	-2.825294e-03	-9.463707e-01
4.982000e-05	3.472942e-03	-1.083184e+00
4.983000e-05	3.955144e-02	-1.220553e+00
4.984000e-05	6.010477e-02	-1.452134e+00
4.985000e-05	-6.414025e-02	-1.675314e+00
4.986000e-05	-1.967207e-02	-1.907364e+00
4.987000e-05	-1.172640e-01	-2.000504e+00
4.988000e-05	8.816018e-02	-2.020053e+00
4.989000e-05	8.124247e-02	-2.114767e+00
4.990000e-05	-1.684494e-01	-2.379156e+00
4.991000e-05	9.466235e-02	-2.558916e+00
4.992000e-05	7.045869e-02	-2.621604e+00
4.993000e-05	-1.886444e-01	-2.821604e+00
4.994000e-05	9.722734e-02	-3.012176e+00
4.995000e-05	6.276941e-02	-3.127467e+00
4.996000e-05	-1.533228e-01	-3.316341e+00
4.997000e-05	1.470254e-01	-3.431579e+00
4.998000e-05	-2.735214e-02	-3.537495e+00
4.999000e-05	-7.741833e-02	-3.716900e+00
