# 260408_13:24:48.758943
t	CH1	CH2
0.000000e+00	-4.700692e-03	1.230952e+00
1.000000e-08	-4.389266e-03	9.583646e-01
2.000000e-08	-3.760895e-03	6.953369e-01
3.000000e-08	-4.475268e-03	5.141567e-01
4.000000e-08	-4.162936e-03	3.147579e-01
5.000000e-08	-2.840624e-03	3.002751e-02
6.000000e-08	3.419902e-03	-1.580263e-01
7.000000e-08	4.180574e-03	-3.689235e-01
8.000000e-08	-2.856275e-03	-5.800301e-01
9.000000e-08	2.664497e-03	-8.010527e-01
1.000000e-07	-2.492639e-03	-9.905301e-01
1.100000e-07	2.403633e-04	-1.220558e+00
1.200000e-07	1.128184e-04	-1.425770e+00
1.300000e-07	3.278825e-02	-1.633109e+00
1.400000e-07	9.944372e-02	-1.822661e+00
1.500000e-07	-7.415186e-02	-2.137951e+00
1.600000e-07	-1.656912e-02	-2.524667e+00
1.700000e-07	-4.013450e-02	-2.696317e+00
1.800000e-07	-7.164812e-02	-2.854185e+00
1.900000e-07	4.612193e-02	-2.981579e+00
2.000000e-07	1.436179e-01	-3.170348e+00
2.100000e-07	-2.006239e-01	-3.452710e+00
2.200000e-07	1.970333e-01	-3.568951e+00
2.300000e-07	-1.111802e-01	-3.764079e+00
2.400000e-07	-6.797220e-02	-4.074213e+00
2.500000e-07	1.626335e-01	-4.234630e+00
2.600000e-07	-1.408000e-01	-4.423210e+00
2.700000e-07	8.315227e-02	-4.685686e+00
2.800000e-07	5.155744e-02	-4.835234e+00
2.900000e-07	-1.427507e-01	-5.127322e+00
3.000000e-07	1.608945e-01	-5.380895e+00
3.100000e-07	-1.506269e-01	-5.592533e+00
3.200000e-07	8.213552e-02	-5.802150e+00
3.300000e-07	5.776953e-03	-5.969447e+00
3.400000e-07	-5.924487e-02	-6.203003e+00
3.500000e-07	1.162158e-01	-6.410599e+00
3.600000e-07	-1.154647e-01	-6.612609e+00
3.700000e-07	1.149846e-01	-6.760550e+00
3.800000e-07	-7.949829e-02	-6.992550e+00
3.900000e-07	-5.240256e-03	-7.252108e+00
4.000000e-07	7.114966e-02	-7.399070e+00
4.100000e-07	-8.124385e-02	-7.589504e+00
4.200000e-07	9.803356e-02	-7.741096e+00
4.300000e-07	-7.400967e-02	-8.020474e+00
4.400000e-07	4.888207e-02	-8.129918e+00
4.500000e-07	-2.653909e-02	-8.306311e+00
4.600000e-07	-1.337471e-02	-8.434081e+00
4.700000e-07	5.250004e-02	-8.623577e+00
4.800000e-07	-2.965870e-02	-8.851625e+00
4.900000e-07	4.121648e-02	-8.958895e+00
5.000000e-07	-6.004722e-02	-9.094814e+00
5.100000e-07	4.577802e-02	-9.221978e+00
5.200000e-07	-1.297521e-02	-9.329951e+00
5.300000e-07	9.153623e-03	-9.499334e+00
5.400000e-07	-1.742410e-03	-9.663658e+00
5.500000e-07	7.227182e-03	-9.812600e+00
5.600000e-07	1.440320e-02	-9.907367e+00
5.700000e-07	-2.130472e-02	-1.006518e+01
5.800000e-07	1.630301e-02	-1.023402e+01
5.900000e-07	-2.487650e-03	-1.034937e+01
6.000000e-07	1.408010e-02	-1.048271e+01
6.100000e-07	-1.469622e-02	-1.057147e+01
6.200000e-07	1.886099e-02	-1.070624e+01
6.300000e-07	3.029847e-03	-1.072847e+01
6.400000e-07	3.739457e-03	-1.088536e+01
6.500000e-07	-5.195094e-03	-1.097940e+01
6.600000e-07	7.190087e-03	-1.111721e+01
6.700000e-07	9.832172e-03	-1.115994e+01
6.800000e-07	-1.730236e-03	-1.127573e+01
6.900000e-07	9.219119e-03	-1.135189e+01
7.000000e-07	-1.654490e-04	-1.145520e+01
7.100000e-07	6.953326e-03	-1.152681e+01
7.200000e-07	-1.989215e-03	-1.162255e+01
7.300000e-07	1.128855e-02	-1.170618e+01
7.400000e-07	4.852565e-03	-1.177941e+01
7.500000e-07	8.216451e-03	-1.183313e+01
7.600000e-07	2.681481e-03	-1.188723e+01
7.700000e-07	6.161440e-03	-1.189889e+01
7.800000e-07	4.490235e-03	-1.193899e+01
7.900000e-07	4.113990e-03	-1.202105e+01
8.000000e-07	6.742778e-03	-1.205368e+01
8.100000e-07	4.018952e-03	-1.209626e+01
8.200000e-07	6.936769e-03	-1.215781e+01
8.300000e-07	6.493598e-03	-1.214729e+01
8.400000e-07	7.782893e-03	-1.215794e+01
8.500000e-07	5.929671e-03	-1.220032e+01
8.600000e-07	8.647350e-03	-1.218995e+01
8.700000e-07	1.176279e-02	-1.223192e+01
8.800000e-07	1.081837e-02	-1.216049e+01
8.900000e-07	1.212094e-02	-1.218045e+01
9.000000e-07	1.376106e-02	-1.220200e+01
9.100000e-07	1.810954e-02	-1.220997e+01
9.200000e-07	2.021467e-02	-1.217845e+01
9.300000e-07	2.545394e-02	-1.214889e+01
9.400000e-07	3.277872e-02	-1.215886e+01
9.500000e-07	4.149214e-02	-1.212684e+01
9.600000e-07	5.423623e-02	-1.208473e+01
9.700000e-07	6.888772e-02	-1.204060e+01
9.800000e-07	7.556609e-02	-1.200057e+01
9.900000e-07	6.291648e-02	-1.195683e+01
1.000000e-06	4.428544e-02	-1.189673e+01
1.010000e-06	2.981916e-02	-1.179310e+01
1.020000e-06	2.141409e-02	-1.178933e+01
1.030000e-06	1.560491e-02	-1.170668e+01
1.040000e-06	1.252710e-02	-1.161149e+01
1.050000e-06	1.116187e-02	-1.151581e+01
1.060000e-06	1.081083e-02	-1.144162e+01
1.070000e-06	1.029222e-02	-1.133875e+01
1.080000e-06	6.988878e-03	-1.123208e+01
1.090000e-06	5.505169e-03	-1.111679e+01
1.100000e-06	5.883619e-03	-1.105485e+01
1.110000e-06	5.458662e-03	-1.090936e+01
1.120000e-06	4.486267e-03	-1.089305e+01
1.130000e-06	4.111235e-03	-1.079787e+01
1.140000e-06	4.505699e-03	-1.067370e+01
1.150000e-06	3.798887e-03	-1.055887e+01
1.160000e-06	3.162176e-03	-1.047263e+01
1.170000e-06	2.756621e-03	-1.034521e+01
1.180000e-06	3.556503e-03	-1.023954e+01
1.190000e-06	2.730795e-03	-1.006420e+01
1.200000e-06	2.426540e-03	-9.937837e+00
1.210000e-06	2.097927e-03	-9.843044e+00
1.220000e-06	2.440398e-03	-9.735782e+00
1.230000e-06	2.018146e-03	-9.569910e+00
1.240000e-06	1.615946e-03	-9.402549e+00
1.250000e-06	1.359173e-03	-9.284630e+00
1.260000e-06	1.456621e-03	-9.167309e+00
1.270000e-06	1.571059e-03	-8.988917e+00
1.280000e-06	5.715926e-04	-8.841996e+00
1.290000e-06	5.243404e-04	-8.652601e+00
1.300000e-06	1.641572e-03	-8.494205e+00
1.310000e-06	1.767003e-03	-8.347261e+00
1.320000e-06	-9.930784e-04	-8.159868e+00
1.330000e-06	-4.453688e-04	-8.038486e+00
1.340000e-06	2.949224e-04	-7.792496e+00
1.350000e-06	-2.427499e-05	-7.559894e+00
1.360000e-06	-1.243634e-03	-7.430546e+00
1.370000e-06	-1.868411e-03	-7.261027e+00
1.380000e-06	-7.581702e-04	-7.032521e+00
1.390000e-06	-1.366792e-03	-6.830998e+00
1.400000e-06	-1.599724e-03	-6.661994e+00
1.410000e-06	-2.294800e-03	-6.453555e+00
1.420000e-06	-1.512803e-03	-6.295702e+00
1.430000e-06	-2.143666e-03	-6.073577e+00
1.440000e-06	-2.041600e-03	-5.852605e+00
1.450000e-06	-3.507845e-03	-5.705156e+00
1.460000e-06	-2.526895e-03	-5.476149e+00
1.470000e-06	-2.136134e-03	-5.231048e+00
1.480000e-06	-1.807804e-03	-5.008468e+00
1.490000e-06	-3.748945e-03	-4.739366e+00
1.500000e-06	-2.011156e-03	-4.537888e+00
1.510000e-06	-3.592448e-03	-4.388395e+00
1.520000e-06	-2.038661e-03	-4.208368e+00
1.530000e-06	-3.356844e-03	-4.030470e+00
1.540000e-06	-2.099448e-03	-3.756337e+00
1.550000e-06	-3.367130e-03	-3.576843e+00
1.560000e-06	-4.420215e-03	-3.346708e+00
1.570000e-06	-3.865993e-03	-3.176287e+00
1.580000e-06	-5.359593e-03	-2.842680e+00
1.590000e-06	-2.664797e-03	-2.662705e+00
1.600000e-06	-3.936557e-03	-2.433029e+00
1.610000e-06	-2.517692e-03	-2.219494e+00
1.620000e-06	-5.213619e-03	-1.997894e+00
1.630000e-06	-3.486206e-03	-1.779419e+00
1.640000e-06	-5.444610e-03	-1.597865e+00
1.650000e-06	-3.804522e-03	-1.312655e+00
1.660000e-06	-5.263658e-03	-1.031077e+00
1.670000e-06	-4.537189e-03	-8.010252e-01
1.680000e-06	-6.177749e-03	-5.574425e-01
1.690000e-06	-4.003837e-03	-3.788661e-01
1.700000e-06	-4.938026e-03	-1.357871e-01
1.710000e-06	-1.019628e-03	5.363413e-02
1.720000e-06	5.417706e-03	3.372910e-01
1.730000e-06	-5.297316e-03	5.442671e-01
1.740000e-06	2.398497e-03	7.268672e-01
1.750000e-06	-5.619057e-03	9.061891e-01
1.760000e-06	-2.629694e-04	1.159426e+00
1.770000e-06	-4.930140e-03	1.359475e+00
1.780000e-06	2.383846e-03	1.603033e+00
1.790000e-06	2.507635e-02	1.860605e+00
1.800000e-06	8.123179e-02	2.041633e+00
1.810000e-06	-3.879299e-02	2.335187e+00
1.820000e-06	-4.519744e-02	2.557892e+00
1.830000e-06	-3.034263e-02	2.819951e+00
1.840000e-06	-2.842047e-02	2.968950e+00
1.850000e-06	-7.734468e-02	3.136803e+00
1.860000e-06	1.528796e-01	3.235259e+00
1.870000e-06	-4.289058e-02	3.589374e+00
1.880000e-06	-8.862463e-02	3.695212e+00
1.890000e-06	1.707909e-01	3.906216e+00
1.900000e-06	-1.472934e-01	4.189921e+00
1.910000e-06	4.418964e-02	4.399020e+00
1.920000e-06	4.290495e-02	4.619949e+00
1.930000e-06	-7.606352e-02	4.788977e+00
1.940000e-06	5.873434e-02	5.042129e+00
1.950000e-06	-3.081557e-02	5.315815e+00
1.960000e-06	-3.063696e-03	5.528865e+00
1.970000e-06	9.258339e-03	5.737392e+00
1.980000e-06	-3.566120e-02	5.947896e+00
1.990000e-06	1.714538e-02	6.178843e+00
2.000000e-06	-2.731096e-02	6.329397e+00
2.010000e-06	4.148049e-02	6.557817e+00
2.020000e-06	-2.518004e-02	6.809894e+00
2.030000e-06	-2.930953e-03	6.959871e+00
2.040000e-06	1.257498e-02	7.169369e+00
2.050000e-06	-4.601644e-02	7.356732e+00
2.060000e-06	2.756480e-02	7.506738e+00
2.070000e-06	-1.459602e-02	7.747818e+00
2.080000e-06	3.208185e-03	7.959442e+00
2.090000e-06	-7.571015e-04	8.147313e+00
2.100000e-06	-2.256843e-02	8.296261e+00
2.110000e-06	2.716847e-03	8.420603e+00
2.120000e-06	-1.179780e-02	8.619473e+00
2.130000e-06	5.772110e-03	8.727770e+00
2.140000e-06	-1.522293e-02	8.853182e+00
2.150000e-06	2.534314e-03	9.023999e+00
2.160000e-06	-2.647786e-03	9.221449e+00
2.170000e-06	-1.815956e-02	9.336818e+00
2.180000e-06	1.097570e-03	9.455182e+00
2.190000e-06	-7.573058e-03	9.629522e+00
2.200000e-06	1.122256e-03	9.757319e+00
2.210000e-06	-1.436503e-02	9.875736e+00
2.220000e-06	7.412912e-05	1.006165e+01
2.230000e-06	-7.684789e-03	1.020945e+01
2.240000e-06	-1.105286e-02	1.029626e+01
2.250000e-06	-7.830709e-03	1.038990e+01
2.260000e-06	-3.168232e-03	1.056836e+01
2.270000e-06	-3.674757e-03	1.068421e+01
2.280000e-06	-1.318844e-02	1.081147e+01
2.290000e-06	-3.553623e-03	1.093570e+01
2.300000e-06	-8.226687e-03	1.099937e+01
2.310000e-06	-6.400066e-03	1.110316e+01
2.320000e-06	-1.067618e-02	1.116834e+01
2.330000e-06	-5.274713e-03	1.129608e+01
2.340000e-06	-7.421923e-03	1.139136e+01
2.350000e-06	-9.464627e-03	1.145358e+01
2.360000e-06	-6.457877e-03	1.156646e+01
2.370000e-06	-1.048781e-02	1.166213e+01
2.380000e-06	-8.593512e-03	1.172674e+01
2.390000e-06	-9.611550e-03	1.179090e+01
2.400000e-06	-6.041408e-03	1.186160e+01
2.410000e-06	-8.140462e-03	1.187368e+01
2.420000e-06	-1.064287e-02	1.190726e+01
2.430000e-06	-1.165237e-02	1.198791e+01
2.440000e-06	-1.044609e-02	1.203249e+01
2.450000e-06	-1.143302e-02	1.207355e+01
2.460000e-06	-8.652307e-03	1.211368e+01
2.470000e-06	-1.046798e-02	1.213668e+01
2.480000e-06	-1.321862e-02	1.218821e+01
2.490000e-06	-1.290738e-02	1.220039e+01
2.500000e-06	-1.454224e-02	1.221087e+01
2.510000e-06	-1.286350e-02	1.222097e+01
2.520000e-06	-1.578337e-02	1.222240e+01
2.530000e-06	-1.614176e-02	1.224047e+01
2.540000e-06	-1.646145e-02	1.224247e+01
2.550000e-06	-1.888115e-02	1.222342e+01
2.560000e-06	-1.990479e-02	1.226252e+01
2.570000e-06	-2.555676e-02	1.224089e+01
2.580000e-06	-2.985803e-02	1.223201e+01
2.590000e-06	-3.600113e-02	1.220044e+01
2.600000e-06	-4.275461e-02	1.215679e+01
2.610000e-06	-5.293870e-02	1.214568e+01
2.620000e-06	-6.920570e-02	1.209321e+01
2.630000e-06	-7.949925e-02	1.207302e+01
2.640000e-06	-7.529433e-02	1.198084e+01
2.650000e-06	-5.618877e-02	1.189681e+01
2.660000e-06	-3.967215e-02	1.190528e+01
2.670000e-06	-2.852713e-02	1.185200e+01
2.680000e-06	-2.454577e-02	1.182991e+01
2.690000e-06	-2.103475e-02	1.168526e+01
2.700000e-06	-1.901023e-02	1.165207e+01
2.710000e-06	-1.715329e-02	1.150831e+01
2.720000e-06	-1.610199e-02	1.147417e+01
2.730000e-06	-1.406394e-02	1.141623e+01
2.740000e-06	-1.193334e-02	1.128214e+01
2.750000e-06	-1.258998e-02	1.114929e+01
2.760000e-06	-1.197699e-02	1.109260e+01
2.770000e-06	-1.326906e-02	1.097987e+01
2.780000e-06	-1.064939e-02	1.088368e+01
2.790000e-06	-1.252363e-02	1.084089e+01
2.800000e-06	-7.972322e-03	1.066418e+01
2.810000e-06	-8.931258e-03	1.061829e+01
2.820000e-06	-8.679057e-03	1.045149e+01
2.830000e-06	-1.089435e-02	1.031528e+01
2.840000e-06	-1.208492e-02	1.021047e+01
2.850000e-06	-9.849850e-03	1.010453e+01
2.860000e-06	-1.002525e-02	9.976861e+00
2.870000e-06	-9.060422e-03	9.829569e+00
2.880000e-06	-7.706898e-03	9.655049e+00
2.890000e-06	-7.745375e-03	9.516707e+00
2.900000e-06	-6.111689e-03	9.409419e+00
2.910000e-06	-7.116367e-03	9.283128e+00
2.920000e-06	-8.242172e-03	9.095209e+00
2.930000e-06	-9.283964e-03	8.977837e+00
2.940000e-06	-9.390117e-03	8.809842e+00
2.950000e-06	-7.973058e-03	8.640493e+00
2.960000e-06	-8.668635e-03	8.493623e+00
2.970000e-06	-6.319194e-03	8.327236e+00
2.980000e-06	-6.063933e-03	8.116857e+00
2.990000e-06	-5.323852e-03	7.975888e+00
3.000000e-06	-6.197544e-03	7.786862e+00
3.010000e-06	-5.941281e-03	7.608892e+00
3.020000e-06	-6.544750e-03	7.407342e+00
3.030000e-06	-6.727738e-03	7.179371e+00
3.040000e-06	-7.801328e-03	7.039367e+00
3.050000e-06	-6.784604e-03	6.840998e+00
3.060000e-06	-7.221289e-03	6.641574e+00
3.070000e-06	-6.547774e-03	6.419467e+00
3.080000e-06	-6.006403e-03	6.231471e+00
3.090000e-06	-4.979264e-03	6.080625e+00
3.100000e-06	-4.979213e-03	5.884055e+00
3.110000e-06	-6.175511e-03	5.630975e+00
3.120000e-06	-5.964186e-03	5.462547e+00
3.130000e-06	-5.489474e-03	5.239447e+00
3.140000e-06	-5.757771e-03	5.037913e+00
3.150000e-06	-6.685707e-03	4.735309e+00
3.160000e-06	-6.247898e-03	4.557313e+00
3.170000e-06	-5.178659e-03	4.387892e+00
3.180000e-06	-5.057936e-03	4.154658e+00
3.190000e-06	-4.238708e-03	3.915104e+00
3.200000e-06	-4.443435e-03	3.682708e+00
3.210000e-06	-4.876866e-03	3.526309e+00
3.220000e-06	-4.972934e-03	3.262075e+00
3.230000e-06	-4.712897e-03	3.033524e+00
3.240000e-06	-5.279102e-03	2.842550e+00
3.250000e-06	-5.310918e-03	2.631526e+00
3.260000e-06	-5.542416e-03	2.397940e+00
3.270000e-06	-4.617397e-03	2.143788e+00
3.280000e-06	-3.852331e-03	1.978290e+00
3.290000e-06	-3.831006e-03	1.693711e+00
3.300000e-06	-3.806633e-03	1.512555e+00
3.310000e-06	-4.782381e-03	1.240103e+00
3.320000e-06	-5.270652e-03	9.262383e-01
3.330000e-06	-4.108722e-03	7.447856e-01
3.340000e-06	-3.879268e-03	5.341842e-01
3.350000e-06	-4.131426e-03	3.331546e-01
3.360000e-06	-2.836684e-03	9.054757e-02
3.370000e-06	3.529314e-03	-1.385260e-01
3.380000e-06	5.341155e-03	-4.088961e-01
3.390000e-06	-2.982836e-03	-5.115553e-01
3.400000e-06	2.107708e-03	-7.705288e-01
3.410000e-06	-3.203180e-03	-9.619775e-01
3.420000e-06	1.451425e-03	-1.190531e+00
3.430000e-06	-9.783300e-05	-1.464182e+00
3.440000e-06	3.042324e-02	-1.632732e+00
3.450000e-06	1.012694e-01	-1.834160e+00
3.460000e-06	-6.752807e-02	-2.148426e+00
3.470000e-06	-2.295832e-02	-2.495191e+00
3.480000e-06	-3.718078e-02	-2.697791e+00
3.490000e-06	-7.011314e-02	-2.831159e+00
3.500000e-06	3.119224e-02	-2.978976e+00
3.510000e-06	1.583029e-01	-3.168496e+00
3.520000e-06	-2.015268e-01	-3.423184e+00
3.530000e-06	1.899366e-01	-3.558948e+00
3.540000e-06	-9.234881e-02	-3.731003e+00
3.550000e-06	-8.647865e-02	-4.044687e+00
3.560000e-06	1.697501e-01	-4.244106e+00
3.570000e-06	-1.376216e-01	-4.433660e+00
3.580000e-06	6.532331e-02	-4.674261e+00
3.590000e-06	6.935147e-02	-4.852662e+00
3.600000e-06	-1.545655e-01	-5.107842e+00
3.610000e-06	1.623249e-01	-5.298416e+00
3.620000e-06	-1.416273e-01	-5.561500e+00
3.630000e-06	6.931632e-02	-5.812048e+00
3.640000e-06	2.107079e-02	-5.949974e+00
3.650000e-06	-7.065810e-02	-6.162100e+00
3.660000e-06	1.217957e-01	-6.400505e+00
3.670000e-06	-1.165897e-01	-6.591028e+00
3.680000e-06	1.065572e-01	-6.810500e+00
3.690000e-06	-6.640199e-02	-6.997926e+00
3.700000e-06	-1.707161e-02	-7.233181e+00
3.710000e-06	8.317439e-02	-7.370946e+00
3.720000e-06	-8.698506e-02	-7.600469e+00
3.730000e-06	9.675248e-02	-7.780922e+00
3.740000e-06	-6.973246e-02	-8.000371e+00
3.750000e-06	4.223787e-02	-8.169417e+00
3.760000e-06	-1.830690e-02	-8.297308e+00
3.770000e-06	-2.028320e-02	-8.463137e+00
3.780000e-06	5.701344e-02	-8.603625e+00
3.790000e-06	-3.211888e-02	-8.812075e+00
3.800000e-06	4.149189e-02	-8.948268e+00
3.810000e-06	-5.882728e-02	-9.085712e+00
3.820000e-06	4.281485e-02	-9.201578e+00
3.830000e-06	-7.887072e-03	-9.380947e+00
3.840000e-06	4.417379e-03	-9.547394e+00
3.850000e-06	1.241818e-03	-9.684207e+00
3.860000e-06	4.149198e-03	-9.822575e+00
3.870000e-06	1.698481e-02	-9.947290e+00
3.880000e-06	-2.331890e-02	-1.007466e+01
3.890000e-06	1.497771e-02	-1.018255e+01
3.900000e-06	-3.432220e-03	-1.035834e+01
3.910000e-06	1.390190e-02	-1.046569e+01
3.920000e-06	-1.381100e-02	-1.056839e+01
3.930000e-06	1.730332e-02	-1.069676e+01
3.940000e-06	4.104937e-03	-1.078947e+01
3.950000e-06	1.740482e-03	-1.092719e+01
3.960000e-06	-4.858898e-03	-1.094092e+01
3.970000e-06	6.338313e-03	-1.107716e+01
3.980000e-06	1.135403e-02	-1.120857e+01
3.990000e-06	-2.267114e-03	-1.128619e+01
4.000000e-06	8.906193e-03	-1.139997e+01
4.010000e-06	-6.399593e-04	-1.145521e+01
4.020000e-06	6.908115e-03	-1.152944e+01
4.030000e-06	-1.446704e-03	-1.157205e+01
4.040000e-06	1.139030e-02	-1.167473e+01
4.050000e-06	3.918958e-03	-1.172046e+01
4.060000e-06	6.613319e-03	-1.183502e+01
4.070000e-06	3.768027e-03	-1.188566e+01
4.080000e-06	5.660153e-03	-1.194731e+01
4.090000e-06	3.974732e-03	-1.195947e+01
4.100000e-06	2.787005e-03	-1.202262e+01
4.110000e-06	8.107047e-03	-1.205366e+01
4.120000e-06	3.795972e-03	-1.211571e+01
4.130000e-06	6.921193e-03	-1.215584e+01
4.140000e-06	6.903262e-03	-1.213784e+01
4.150000e-06	8.601389e-03	-1.213082e+01
4.160000e-06	6.375383e-03	-1.218097e+01
4.170000e-06	8.224112e-03	-1.216049e+01
4.180000e-06	1.108348e-02	-1.221944e+01
4.190000e-06	1.190988e-02	-1.221205e+01
4.200000e-06	1.228905e-02	-1.221247e+01
4.210000e-06	1.351576e-02	-1.224047e+01
4.220000e-06	1.635075e-02	-1.220097e+01
4.230000e-06	2.078265e-02	-1.223944e+01
4.240000e-06	2.547270e-02	-1.214942e+01
4.250000e-06	3.274215e-02	-1.214784e+01
4.260000e-06	4.086889e-02	-1.212626e+01
4.270000e-06	5.276890e-02	-1.206527e+01
4.280000e-06	6.901555e-02	-1.206020e+01
4.290000e-06	7.577612e-02	-1.203155e+01
4.300000e-06	6.477512e-02	-1.198828e+01
4.310000e-06	4.462055e-02	-1.191681e+01
4.320000e-06	2.893665e-02	-1.188512e+01
4.330000e-06	2.156890e-02	-1.179938e+01
4.340000e-06	1.612783e-02	-1.168668e+01
4.350000e-06	1.378859e-02	-1.163152e+01
4.360000e-06	1.112733e-02	-1.155781e+01
4.370000e-06	1.070614e-02	-1.143247e+01
4.380000e-06	9.564255e-03	-1.134836e+01
4.390000e-06	8.253036e-03	-1.124460e+01
4.400000e-06	6.709302e-03	-1.108683e+01
4.410000e-06	5.540275e-03	-1.107260e+01
4.420000e-06	4.992268e-03	-1.096732e+01
4.430000e-06	4.074991e-03	-1.086310e+01
4.440000e-06	4.975055e-03	-1.079937e+01
4.450000e-06	3.881842e-03	-1.067415e+01
4.460000e-06	3.835851e-03	-1.059041e+01
4.470000e-06	3.692267e-03	-1.047405e+01
4.480000e-06	3.920508e-03	-1.031933e+01
4.490000e-06	2.610695e-03	-1.023263e+01
4.500000e-06	2.434065e-03	-1.005515e+01
4.510000e-06	3.215349e-03	-9.927863e+00
4.520000e-06	2.987302e-03	-9.831995e+00
4.530000e-06	1.769790e-03	-9.706311e+00
4.540000e-06	1.779913e-03	-9.619418e+00
4.550000e-06	1.858605e-03	-9.451623e+00
4.560000e-06	2.026468e-03	-9.284708e+00
4.570000e-06	2.237870e-03	-9.137366e+00
4.580000e-06	1.039900e-03	-8.969443e+00
4.590000e-06	7.217889e-04	-8.842547e+00
4.600000e-06	9.262878e-04	-8.663632e+00
4.610000e-06	1.009551e-03	-8.536156e+00
4.620000e-06	6.265783e-04	-8.308837e+00
4.630000e-06	-2.246044e-04	-8.169420e+00
4.640000e-06	-1.163805e-04	-7.949966e+00
4.650000e-06	-3.715984e-04	-7.772047e+00
4.660000e-06	-1.168848e-04	-7.599500e+00
4.670000e-06	-7.077467e-04	-7.431423e+00
4.680000e-06	-8.317641e-04	-7.271973e+00
4.690000e-06	-1.307435e-03	-7.012650e+00
4.700000e-06	-1.826535e-03	-6.830549e+00
4.710000e-06	-2.337027e-03	-6.652678e+00
4.720000e-06	-2.205349e-03	-6.494132e+00
4.730000e-06	-9.505558e-04	-6.303257e+00
4.740000e-06	-3.211071e-03	-6.042151e+00
4.750000e-06	-2.320570e-03	-5.904107e+00
4.760000e-06	-2.922150e-03	-5.684755e+00
4.770000e-06	-2.421393e-03	-5.535787e+00
4.780000e-06	-3.927349e-03	-5.281527e+00
4.790000e-06	-1.940539e-03	-4.990047e+00
4.800000e-06	-3.554093e-03	-4.777987e+00
4.810000e-06	-1.411585e-03	-4.517441e+00
4.820000e-06	-4.310220e-03	-4.418919e+00
4.830000e-06	-2.759147e-03	-4.168470e+00
4.840000e-06	-3.343377e-03	-3.990421e+00
4.850000e-06	-1.046480e-03	-3.811386e+00
4.860000e-06	-3.404008e-03	-3.578387e+00
4.870000e-06	-4.168004e-03	-3.356391e+00
4.880000e-06	-3.764506e-03	-3.167288e+00
4.890000e-06	-4.877227e-03	-2.892754e+00
4.900000e-06	-3.309542e-03	-2.633156e+00
4.910000e-06	-4.579509e-03	-2.462080e+00
4.920000e-06	-2.602944e-03	-2.261522e+00
4.930000e-06	-4.410112e-03	-2.008366e+00
4.940000e-06	-2.818920e-03	-1.817946e+00
4.950000e-06	-4.706931e-03	-1.588391e+00
4.960000e-06	-4.179076e-03	-1.283830e+00
4.970000e-06	-5.903459e-03	-1.052103e+00
4.980000e-06	-4.162896e-03	-7.910688e-01
4.990000e-06	-5.983320e-03	-5.700963e-01
5.000000e-06	-4.154015e-03	-3.478897e-01
5.010000e-06	-5.226467e-03	-1.473634e-01
5.020000e-06	-2.913491e-04	3.265783e-02
5.030000e-06	4.910883e-03	2.863172e-01
5.040000e-06	-5.499220e-03	5.252681e-01
5.050000e-06	2.082979e-03	7.554194e-01
5.060000e-06	-4.818586e-03	8.842092e-01
5.070000e-06	-2.594345e-04	1.148947e+00
5.080000e-06	-4.886584e-03	1.388374e+00
5.090000e-06	2.318832e-03	1.601006e+00
5.100000e-06	2.438937e-02	1.840059e+00
5.110000e-06	8.006596e-02	2.041632e+00
5.120000e-06	-3.275455e-02	2.325266e+00
5.130000e-06	-4.876227e-02	2.507816e+00
5.140000e-06	-2.855658e-02	2.810524e+00
5.150000e-06	-2.792502e-02	2.988396e+00
5.160000e-06	-7.973220e-02	3.176245e+00
5.170000e-06	1.436260e-01	3.243635e+00
5.180000e-06	-2.385911e-02	3.547396e+00
5.190000e-06	-1.079087e-01	3.673685e+00
5.200000e-06	1.791582e-01	3.935617e+00
5.210000e-06	-1.442582e-01	4.148324e+00
5.220000e-06	3.503286e-02	4.357925e+00
5.230000e-06	5.121327e-02	4.578951e+00
5.240000e-06	-7.914670e-02	4.769425e+00
5.250000e-06	5.662538e-02	5.052659e+00
5.260000e-06	-2.653106e-02	5.314742e+00
5.270000e-06	-8.425077e-03	5.517240e+00
5.280000e-06	1.077083e-02	5.747741e+00
5.290000e-06	-3.522020e-02	5.978419e+00
5.300000e-06	1.724611e-02	6.136317e+00
5.310000e-06	-2.781678e-02	6.326319e+00
5.320000e-06	3.880554e-02	6.536288e+00
5.330000e-06	-2.049277e-02	6.748421e+00
5.340000e-06	-6.464577e-03	6.967893e+00
5.350000e-06	1.627929e-02	7.136822e+00
5.360000e-06	-4.847037e-02	7.326689e+00
5.370000e-06	2.657245e-02	7.515714e+00
5.380000e-06	-1.262088e-02	7.756790e+00
5.390000e-06	1.051308e-03	7.956814e+00
5.400000e-06	2.505930e-03	8.147263e+00
5.410000e-06	-2.446165e-02	8.275361e+00
5.420000e-06	3.721144e-03	8.420553e+00
5.430000e-06	-1.262417e-02	8.588893e+00
5.440000e-06	7.339153e-03	8.696808e+00
5.450000e-06	-1.530330e-02	8.864556e+00
5.460000e-06	2.238480e-03	9.073628e+00
5.470000e-06	-1.696444e-03	9.219969e+00
5.480000e-06	-1.871015e-02	9.316290e+00
5.490000e-06	1.142384e-03	9.473158e+00
5.500000e-06	-7.641314e-03	9.598453e+00
5.510000e-06	1.594128e-03	9.750816e+00
5.520000e-06	-1.535149e-02	9.916655e+00
5.530000e-06	1.243636e-04	1.007261e+01
5.540000e-06	-8.011601e-03	1.019985e+01
5.550000e-06	-1.095420e-02	1.029626e+01
5.560000e-06	-8.771298e-03	1.040140e+01
5.570000e-06	-3.758622e-03	1.053771e+01
5.580000e-06	-3.851703e-03	1.068452e+01
5.590000e-06	-1.321260e-02	1.078895e+01
5.600000e-06	-2.984389e-03	1.089421e+01
5.610000e-06	-7.542557e-03	1.096094e+01
5.620000e-06	-7.071177e-03	1.112421e+01
5.630000e-06	-1.134375e-02	1.112981e+01
5.640000e-06	-5.149518e-03	1.126608e+01
5.650000e-06	-8.524558e-03	1.139987e+01
5.660000e-06	-9.103081e-03	1.149508e+01
5.670000e-06	-6.217024e-03	1.154828e+01
5.680000e-06	-9.957852e-03	1.163313e+01
5.690000e-06	-9.870250e-03	1.171723e+01
5.700000e-06	-9.838370e-03	1.180089e+01
5.710000e-06	-5.050306e-03	1.182105e+01
5.720000e-06	-8.450994e-03	1.189410e+01
5.730000e-06	-9.985654e-03	1.194631e+01
5.740000e-06	-1.148087e-02	1.193987e+01
5.750000e-06	-1.094060e-02	1.200097e+01
5.760000e-06	-1.042271e-02	1.209310e+01
5.770000e-06	-1.033555e-02	1.210463e+01
5.780000e-06	-1.093778e-02	1.214826e+01
5.790000e-06	-1.313186e-02	1.216831e+01
5.800000e-06	-1.268652e-02	1.217939e+01
5.810000e-06	-1.236683e-02	1.218996e+01
5.820000e-06	-1.303924e-02	1.224192e+01
5.830000e-06	-1.436569e-02	1.221055e+01
5.840000e-06	-1.740735e-02	1.223352e+01
5.850000e-06	-1.809708e-02	1.224255e+01
5.860000e-06	-2.029977e-02	1.225299e+01
5.870000e-06	-2.057835e-02	1.226195e+01
5.880000e-06	-2.486333e-02	1.225042e+01
5.890000e-06	-2.876345e-02	1.218942e+01
5.900000e-06	-3.596351e-02	1.218886e+01
5.910000e-06	-4.150292e-02	1.218982e+01
5.920000e-06	-5.301002e-02	1.216676e+01
5.930000e-06	-6.874797e-02	1.211416e+01
5.940000e-06	-7.982350e-02	1.209052e+01
5.950000e-06	-7.582162e-02	1.201042e+01
5.960000e-06	-5.764335e-02	1.193881e+01
5.970000e-06	-4.028237e-02	1.190573e+01
5.980000e-06	-2.930270e-02	1.184357e+01
5.990000e-06	-2.417128e-02	1.179846e+01
6.000000e-06	-2.109212e-02	1.173616e+01
6.010000e-06	-1.879241e-02	1.165313e+01
6.020000e-06	-1.782845e-02	1.159786e+01
6.030000e-06	-1.615378e-02	1.147352e+01
6.040000e-06	-1.537588e-02	1.139839e+01
6.050000e-06	-1.223212e-02	1.129302e+01
6.060000e-06	-1.328248e-02	1.119881e+01
6.070000e-06	-1.102452e-02	1.112406e+01
6.080000e-06	-1.289945e-02	1.099844e+01
6.090000e-06	-1.110837e-02	1.090571e+01
6.100000e-06	-1.288506e-02	1.078992e+01
6.110000e-06	-8.986198e-03	1.068666e+01
6.120000e-06	-1.113009e-02	1.062036e+01
6.130000e-06	-8.720172e-03	1.050092e+01
6.140000e-06	-1.084020e-02	1.033571e+01
6.150000e-06	-8.360601e-03	1.019042e+01
6.160000e-06	-1.040899e-02	1.010461e+01
6.170000e-06	-7.422773e-03	9.938710e+00
6.180000e-06	-9.055251e-03	9.822471e+00
6.190000e-06	-7.223390e-03	9.674132e+00
6.200000e-06	-9.700866e-03	9.567308e+00
6.210000e-06	-7.935171e-03	9.419415e+00
6.220000e-06	-8.804128e-03	9.272078e+00
6.230000e-06	-6.860559e-03	9.126782e+00
6.240000e-06	-7.976193e-03	8.978886e+00
6.250000e-06	-6.860235e-03	8.798365e+00
6.260000e-06	-6.953845e-03	8.681417e+00
6.270000e-06	-6.058625e-03	8.472606e+00
6.280000e-06	-6.476360e-03	8.346739e+00
6.290000e-06	-7.036056e-03	8.166813e+00
6.300000e-06	-7.131986e-03	7.977387e+00
6.310000e-06	-6.314083e-03	7.779441e+00
6.320000e-06	-6.302726e-03	7.598889e+00
6.330000e-06	-6.630052e-03	7.410466e+00
6.340000e-06	-5.697828e-03	7.198364e+00
6.350000e-06	-5.997906e-03	6.990965e+00
6.360000e-06	-5.639851e-03	6.819519e+00
6.370000e-06	-6.535116e-03	6.673045e+00
6.380000e-06	-6.181046e-03	6.410370e+00
6.390000e-06	-6.565699e-03	6.271075e+00
6.400000e-06	-6.393414e-03	6.093101e+00
6.410000e-06	-6.300473e-03	5.882053e+00
6.420000e-06	-5.596586e-03	5.703471e+00
6.430000e-06	-5.470486e-03	5.473023e+00
6.440000e-06	-6.064561e-03	5.250472e+00
6.450000e-06	-6.088770e-03	4.999315e+00
6.460000e-06	-5.300523e-03	4.736865e+00
6.470000e-06	-5.037898e-03	4.537241e+00
6.480000e-06	-5.498171e-03	4.397817e+00
6.490000e-06	-5.368734e-03	4.175710e+00
6.500000e-06	-4.428886e-03	3.912657e+00
6.510000e-06	-5.264135e-03	3.715235e+00
6.520000e-06	-4.747674e-03	3.568183e+00
6.530000e-06	-4.772356e-03	3.252603e+00
6.540000e-06	-4.327719e-03	3.052025e+00
6.550000e-06	-4.937971e-03	2.861528e+00
6.560000e-06	-4.726843e-03	2.693095e+00
6.570000e-06	-4.406080e-03	2.397812e+00
6.580000e-06	-4.031145e-03	2.168837e+00
6.590000e-06	-4.233641e-03	1.987863e+00
6.600000e-06	-4.592319e-03	1.764808e+00
6.610000e-06	-4.156138e-03	1.492579e+00
6.620000e-06	-4.335191e-03	1.262078e+00
6.630000e-06	-5.021870e-03	1.059845e+00
6.640000e-06	-4.090731e-03	7.663370e-01
6.650000e-06	-4.689680e-03	5.137329e-01
6.660000e-06	-3.277010e-03	3.862131e-01
6.670000e-06	-2.747443e-03	8.298139e-02
6.680000e-06	2.557258e-03	-1.684523e-01
6.690000e-06	5.082314e-03	-3.284724e-01
6.700000e-06	-4.145947e-03	-5.284248e-01
6.710000e-06	2.728863e-03	-7.910027e-01
6.720000e-06	-3.417930e-03	-1.019482e+00
6.730000e-06	1.347955e-03	-1.180529e+00
6.740000e-06	-2.835995e-04	-1.423557e+00
6.750000e-06	2.829929e-02	-1.622131e+00
6.760000e-06	1.014054e-01	-1.802587e+00
6.770000e-06	-6.106084e-02	-2.098922e+00
6.780000e-06	-2.679781e-02	-2.486217e+00
6.790000e-06	-3.415181e-02	-2.696793e+00
6.800000e-06	-6.859477e-02	-2.840706e+00
6.810000e-06	1.620100e-02	-2.949998e+00
6.820000e-06	1.708984e-01	-3.138945e+00
6.830000e-06	-2.008325e-01	-3.441034e+00
6.840000e-06	1.792323e-01	-3.588975e+00
6.850000e-06	-7.077957e-02	-3.750427e+00
6.860000e-06	-1.058619e-01	-4.013684e+00
6.870000e-06	1.766974e-01	-4.202103e+00
6.880000e-06	-1.285898e-01	-4.421600e+00
6.890000e-06	4.935671e-02	-4.663186e+00
6.900000e-06	8.575389e-02	-4.833138e+00
6.910000e-06	-1.661614e-01	-5.116870e+00
6.920000e-06	1.626522e-01	-5.265392e+00
6.930000e-06	-1.328017e-01	-5.549429e+00
6.940000e-06	5.436292e-02	-5.810503e+00
6.950000e-06	3.478163e-02	-5.948920e+00
6.960000e-06	-8.085652e-02	-6.152968e+00
6.970000e-06	1.260846e-01	-6.370478e+00
6.980000e-06	-1.140136e-01	-6.612979e+00
6.990000e-06	9.740111e-02	-6.770075e+00
7.000000e-06	-5.231730e-02	-6.967972e+00
7.010000e-06	-3.247913e-02	-7.241533e+00
7.020000e-06	9.262752e-02	-7.331973e+00
7.030000e-06	-9.079036e-02	-7.549420e+00
7.040000e-06	9.658542e-02	-7.749951e+00
7.050000e-06	-6.362186e-02	-7.939471e+00
7.060000e-06	3.377491e-02	-8.129317e+00
7.070000e-06	-9.560156e-03	-8.276888e+00
7.080000e-06	-2.866402e-02	-8.452585e+00
7.090000e-06	6.196073e-02	-8.614023e+00
7.100000e-06	-3.494906e-02	-8.791076e+00
7.110000e-06	4.394170e-02	-8.917837e+00
7.120000e-06	-5.635214e-02	-9.066283e+00
7.130000e-06	3.778299e-02	-9.211525e+00
7.140000e-06	-4.432202e-03	-9.381445e+00
7.150000e-06	2.116517e-03	-9.535763e+00
7.160000e-06	4.670753e-03	-9.683258e+00
7.170000e-06	-3.828651e-04	-9.799499e+00
7.180000e-06	1.994601e-02	-9.936288e+00
7.190000e-06	-2.358816e-02	-1.005518e+01
7.200000e-06	1.592049e-02	-1.018996e+01
7.210000e-06	-2.513502e-03	-1.032644e+01
7.220000e-06	1.374832e-02	-1.049268e+01
7.230000e-06	-1.406198e-02	-1.056940e+01
7.240000e-06	1.538927e-02	-1.069573e+01
7.250000e-06	5.590859e-03	-1.075889e+01
7.260000e-06	1.553397e-03	-1.086526e+01
7.270000e-06	-3.118373e-03	-1.098989e+01
7.280000e-06	4.622218e-03	-1.108619e+01
7.290000e-06	1.153892e-02	-1.119842e+01
7.300000e-06	-3.333380e-03	-1.131564e+01
7.310000e-06	9.539609e-03	-1.141055e+01
7.320000e-06	2.915090e-04	-1.146666e+01
7.330000e-06	7.324016e-03	-1.153687e+01
7.340000e-06	-3.008347e-03	-1.163295e+01
7.350000e-06	9.598471e-03	-1.170871e+01
7.360000e-06	4.028690e-03	-1.178131e+01
7.370000e-06	7.353215e-03	-1.187255e+01
7.380000e-06	3.098510e-03	-1.182471e+01
7.390000e-06	5.694167e-03	-1.191794e+01
7.400000e-06	4.302687e-03	-1.198091e+01
7.410000e-06	3.699535e-03	-1.203062e+01
7.420000e-06	7.326346e-03	-1.204310e+01
7.430000e-06	3.214913e-03	-1.208424e+01
7.440000e-06	7.062114e-03	-1.211731e+01
7.450000e-06	6.725153e-03	-1.216824e+01
7.460000e-06	8.379637e-03	-1.214789e+01
7.470000e-06	5.435423e-03	-1.218937e+01
7.480000e-06	8.372720e-03	-1.215992e+01
7.490000e-06	1.148279e-02	-1.217954e+01
7.500000e-06	1.156921e-02	-1.223147e+01
7.510000e-06	1.159545e-02	-1.223097e+01
7.520000e-06	1.332094e-02	-1.220200e+01
7.530000e-06	1.737847e-02	-1.220144e+01
7.540000e-06	2.134738e-02	-1.216994e+01
7.550000e-06	2.414749e-02	-1.218934e+01
7.560000e-06	3.193914e-02	-1.213636e+01
7.570000e-06	4.034081e-02	-1.211726e+01
7.580000e-06	5.291997e-02	-1.210526e+01
7.590000e-06	6.810960e-02	-1.203158e+01
7.600000e-06	7.590599e-02	-1.203052e+01
7.610000e-06	6.498529e-02	-1.194844e+01
7.620000e-06	4.459615e-02	-1.189578e+01
7.630000e-06	2.969490e-02	-1.186468e+01
7.640000e-06	2.227843e-02	-1.178889e+01
7.650000e-06	1.674640e-02	-1.170659e+01
7.660000e-06	1.344561e-02	-1.166087e+01
7.670000e-06	1.042634e-02	-1.149581e+01
7.680000e-06	1.042774e-02	-1.147315e+01
7.690000e-06	1.054548e-02	-1.134931e+01
7.700000e-06	8.444494e-03	-1.126312e+01
7.710000e-06	6.920788e-03	-1.112734e+01
7.720000e-06	5.187130e-03	-1.109047e+01
7.730000e-06	5.908370e-03	-1.092881e+01
7.740000e-06	4.240823e-03	-1.088215e+01
7.750000e-06	4.409521e-03	-1.077842e+01
7.760000e-06	3.988740e-03	-1.067473e+01
7.770000e-06	3.567888e-03	-1.060989e+01
7.780000e-06	3.468106e-03	-1.048560e+01
7.790000e-06	4.387329e-03	-1.032828e+01
7.800000e-06	3.026857e-03	-1.021047e+01
7.810000e-06	2.111579e-03	-1.009423e+01
7.820000e-06	2.206365e-03	-9.919343e+00
7.830000e-06	2.938651e-03	-9.852577e+00
7.840000e-06	2.022712e-03	-9.725285e+00
7.850000e-06	1.015403e-03	-9.588462e+00
7.860000e-06	2.343243e-03	-9.423596e+00
7.870000e-06	2.032800e-03	-9.294581e+00
7.880000e-06	1.537333e-03	-9.175362e+00
7.890000e-06	1.814271e-03	-8.967937e+00
7.900000e-06	1.726492e-03	-8.841472e+00
7.910000e-06	6.079782e-04	-8.675678e+00
7.920000e-06	6.362708e-04	-8.465235e+00
7.930000e-06	2.186298e-04	-8.327314e+00
7.940000e-06	2.063832e-04	-8.210395e+00
7.950000e-06	2.131746e-04	-8.030470e+00
7.960000e-06	1.539604e-04	-7.861551e+00
7.970000e-06	-2.293706e-04	-7.611495e+00
7.980000e-06	-1.562722e-03	-7.430577e+00
7.990000e-06	-2.045175e-03	-7.232554e+00
8.000000e-06	-1.059835e-03	-7.043099e+00
8.010000e-06	-1.524302e-03	-6.880074e+00
8.020000e-06	-2.335414e-03	-6.682630e+00
8.030000e-06	-1.876258e-03	-6.475204e+00
8.040000e-06	-1.855912e-03	-6.295757e+00
8.050000e-06	-2.851172e-03	-6.073625e+00
8.060000e-06	-2.459217e-03	-5.873654e+00
8.070000e-06	-2.546820e-03	-5.684233e+00
8.080000e-06	-1.977551e-03	-5.505775e+00
8.090000e-06	-3.232521e-03	-5.264128e+00
8.100000e-06	-1.930155e-03	-5.042051e+00
8.110000e-06	-3.580021e-03	-4.780391e+00
8.120000e-06	-1.706699e-03	-4.569315e+00
8.130000e-06	-4.624559e-03	-4.398449e+00
8.140000e-06	-3.072443e-03	-4.219941e+00
8.150000e-06	-4.258690e-03	-3.979901e+00
8.160000e-06	-2.107824e-03	-3.718937e+00
8.170000e-06	-2.752192e-03	-3.537392e+00
8.180000e-06	-3.509824e-03	-3.356842e+00
8.190000e-06	-3.669207e-03	-3.177213e+00
8.200000e-06	-5.332632e-03	-2.904157e+00
8.210000e-06	-3.733609e-03	-2.682633e+00
8.220000e-06	-3.834577e-03	-2.472704e+00
8.230000e-06	-3.354172e-03	-2.211627e+00
8.240000e-06	-4.202607e-03	-2.018519e+00
8.250000e-06	-3.912904e-03	-1.798445e+00
8.260000e-06	-4.906419e-03	-1.607343e+00
8.270000e-06	-4.126226e-03	-1.283261e+00
8.280000e-06	-4.956911e-03	-1.042079e+00
8.290000e-06	-3.806795e-03	-8.210739e-01
8.300000e-06	-5.868776e-03	-5.999661e-01
8.310000e-06	-4.311561e-03	-3.979172e-01
8.320000e-06	-3.931491e-03	-1.758409e-01
8.330000e-06	-7.768179e-04	2.215532e-02
8.340000e-06	4.844231e-03	3.382373e-01
8.350000e-06	-5.398559e-03	4.941907e-01
8.360000e-06	2.288029e-03	6.947894e-01
8.370000e-06	-4.368328e-03	8.561654e-01
8.380000e-06	-1.994604e-04	1.136447e+00
8.390000e-06	-4.494194e-03	1.379400e+00
8.400000e-06	1.912239e-03	1.568978e+00
8.410000e-06	2.338268e-02	1.811080e+00
8.420000e-06	7.995228e-02	2.011581e+00
8.430000e-06	-2.394761e-02	2.315113e+00
8.440000e-06	-5.315245e-02	2.526396e+00
8.450000e-06	-2.759175e-02	2.778427e+00
8.460000e-06	-2.804793e-02	2.967896e+00
8.470000e-06	-8.020528e-02	3.115266e+00
8.480000e-06	1.344534e-01	3.281659e+00
8.490000e-06	-3.433430e-03	3.548819e+00
8.500000e-06	-1.254846e-01	3.705232e+00
8.510000e-06	1.854564e-01	3.917160e+00
8.520000e-06	-1.383993e-01	4.125766e+00
8.530000e-06	2.536852e-02	4.377424e+00
8.540000e-06	5.663506e-02	4.569347e+00
8.550000e-06	-8.380247e-02	4.769073e+00
8.560000e-06	5.355491e-02	5.044500e+00
8.570000e-06	-1.912748e-02	5.294888e+00
8.580000e-06	-1.117004e-02	5.516242e+00
8.590000e-06	1.243033e-02	5.726758e+00
8.600000e-06	-3.644738e-02	5.957945e+00
8.610000e-06	1.733552e-02	6.158343e+00
8.620000e-06	-2.674082e-02	6.316817e+00
8.630000e-06	3.559368e-02	6.539187e+00
8.640000e-06	-1.575000e-02	6.787897e+00
8.650000e-06	-1.313307e-02	6.997316e+00
8.660000e-06	1.902555e-02	7.147791e+00
8.670000e-06	-5.059295e-02	7.314735e+00
8.680000e-06	2.562359e-02	7.525203e+00
8.690000e-06	-1.044476e-02	7.727811e+00
8.700000e-06	-1.527604e-03	7.917634e+00
8.710000e-06	3.713938e-03	8.125238e+00
8.720000e-06	-2.532392e-02	8.267184e+00
8.730000e-06	4.203104e-03	8.451527e+00
8.740000e-06	-1.322854e-02	8.577865e+00
8.750000e-06	7.814179e-03	8.696264e+00
8.760000e-06	-1.504272e-02	8.832604e+00
8.770000e-06	1.416726e-03	9.012049e+00
8.780000e-06	-7.092384e-04	9.200048e+00
8.790000e-06	-1.916216e-02	9.336758e+00
8.800000e-06	2.284081e-04	9.534131e+00
8.810000e-06	-8.642881e-03	9.628975e+00
8.820000e-06	2.152489e-03	9.717264e+00
8.830000e-06	-1.491855e-02	9.876183e+00
8.840000e-06	-8.459214e-05	1.005355e+01
8.850000e-06	-7.757212e-03	1.016787e+01
8.860000e-06	-1.078745e-02	1.032371e+01
8.870000e-06	-9.437605e-03	1.040942e+01
8.880000e-06	-4.049722e-03	1.056776e+01
8.890000e-06	-2.046444e-03	1.067355e+01
8.900000e-06	-1.295577e-02	1.078987e+01
8.910000e-06	-4.065986e-03	1.089461e+01
8.920000e-06	-7.285812e-03	1.098992e+01
8.930000e-06	-6.333206e-03	1.110270e+01
8.940000e-06	-1.241766e-02	1.112787e+01
8.950000e-06	-6.444504e-03	1.127318e+01
8.960000e-06	-8.061548e-03	1.138081e+01
8.970000e-06	-8.698637e-03	1.146457e+01
8.980000e-06	-6.021089e-03	1.154821e+01
8.990000e-06	-9.606683e-03	1.165413e+01
9.000000e-06	-9.329732e-03	1.170678e+01
9.010000e-06	-1.037340e-02	1.177987e+01
9.020000e-06	-5.031925e-03	1.185290e+01
9.030000e-06	-9.605789e-03	1.189568e+01
9.040000e-06	-9.692304e-03	1.191731e+01
9.050000e-06	-1.133862e-02	1.199794e+01
9.060000e-06	-1.050711e-02	1.204047e+01
9.070000e-06	-1.125707e-02	1.208250e+01
9.080000e-06	-1.083038e-02	1.214405e+01
9.090000e-06	-1.066993e-02	1.215574e+01
9.100000e-06	-1.187135e-02	1.221926e+01
9.110000e-06	-1.271102e-02	1.217889e+01
9.120000e-06	-1.320669e-02	1.218989e+01
9.130000e-06	-1.370926e-02	1.220792e+01
9.140000e-06	-1.435189e-02	1.224142e+01
9.150000e-06	-1.835582e-02	1.225247e+01
9.160000e-06	-1.675141e-02	1.225092e+01
9.170000e-06	-2.124071e-02	1.222200e+01
9.180000e-06	-1.897498e-02	1.222152e+01
9.190000e-06	-2.378119e-02	1.223947e+01
9.200000e-06	-2.733570e-02	1.223092e+01
9.210000e-06	-3.454751e-02	1.219981e+01
9.220000e-06	-4.292761e-02	1.219919e+01
9.230000e-06	-5.390511e-02	1.218727e+01
9.240000e-06	-7.014441e-02	1.209363e+01
9.250000e-06	-7.945896e-02	1.206050e+01
9.260000e-06	-7.568192e-02	1.199992e+01
9.270000e-06	-5.847144e-02	1.195788e+01
9.280000e-06	-4.026310e-02	1.189576e+01
9.290000e-06	-2.885448e-02	1.185212e+01
9.300000e-06	-2.343109e-02	1.182889e+01
9.310000e-06	-2.123349e-02	1.172676e+01
9.320000e-06	-2.046160e-02	1.168312e+01
9.330000e-06	-1.845795e-02	1.158031e+01
9.340000e-06	-1.733381e-02	1.145505e+01
9.350000e-06	-1.425247e-02	1.140876e+01
9.360000e-06	-1.273427e-02	1.129510e+01
9.370000e-06	-1.227002e-02	1.117031e+01
9.380000e-06	-1.084668e-02	1.108417e+01
9.390000e-06	-1.172329e-02	1.100091e+01
9.400000e-06	-1.056763e-02	1.092519e+01
9.410000e-06	-1.284438e-02	1.084896e+01
9.420000e-06	-8.762233e-03	1.070520e+01
9.430000e-06	-1.222463e-02	1.059986e+01
9.440000e-06	-9.649635e-03	1.046297e+01
9.450000e-06	-1.122621e-02	1.035581e+01
9.460000e-06	-7.928364e-03	1.024142e+01
9.470000e-06	-8.449554e-03	1.011471e+01
9.480000e-06	-7.887050e-03	9.969361e+00
9.490000e-06	-9.198093e-03	9.861574e+00
9.500000e-06	-7.563869e-03	9.724573e+00
9.510000e-06	-8.501367e-03	9.517733e+00
9.520000e-06	-7.489462e-03	9.418868e+00
9.530000e-06	-9.335753e-03	9.274629e+00
9.540000e-06	-6.894651e-03	9.158208e+00
9.550000e-06	-9.125253e-03	8.989763e+00
9.560000e-06	-6.493336e-03	8.799441e+00
9.570000e-06	-6.943284e-03	8.650470e+00
9.580000e-06	-6.354564e-03	8.524184e+00
9.590000e-06	-7.898747e-03	8.325764e+00
9.600000e-06	-6.964428e-03	8.135838e+00
9.610000e-06	-6.842626e-03	7.947865e+00
9.620000e-06	-5.942673e-03	7.819392e+00
9.630000e-06	-5.902819e-03	7.599400e+00
9.640000e-06	-6.400147e-03	7.399517e+00
9.650000e-06	-7.696537e-03	7.167417e+00
9.660000e-06	-6.078095e-03	7.030520e+00
9.670000e-06	-5.792027e-03	6.841569e+00
9.680000e-06	-5.306717e-03	6.633002e+00
9.690000e-06	-6.800585e-03	6.449446e+00
9.700000e-06	-6.087096e-03	6.241470e+00
9.710000e-06	-5.970156e-03	6.083602e+00
9.720000e-06	-5.704527e-03	5.904100e+00
9.730000e-06	-5.920669e-03	5.732425e+00
9.740000e-06	-5.764621e-03	5.474625e+00
9.750000e-06	-5.865852e-03	5.291528e+00
9.760000e-06	-5.669991e-03	4.997917e+00
9.770000e-06	-5.389448e-03	4.777787e+00
9.780000e-06	-5.153937e-03	4.557888e+00
9.790000e-06	-4.885447e-03	4.388339e+00
9.800000e-06	-5.849072e-03	4.186837e+00
9.810000e-06	-5.680854e-03	3.955286e+00
9.820000e-06	-5.262051e-03	3.715737e+00
9.830000e-06	-4.769923e-03	3.554155e+00
9.840000e-06	-4.449906e-03	3.304576e+00
9.850000e-06	-4.957250e-03	3.061603e+00
9.860000e-06	-5.251273e-03	2.862128e+00
9.870000e-06	-4.837584e-03	2.671101e+00
9.880000e-06	-4.543527e-03	2.426967e+00
9.890000e-06	-4.537120e-03	2.187842e+00
9.900000e-06	-4.445972e-03	2.008315e+00
9.910000e-06	-4.900568e-03	1.746261e+00
9.920000e-06	-4.531595e-03	1.492129e+00
9.930000e-06	-4.742556e-03	1.293178e+00
9.940000e-06	-4.526391e-03	9.594133e-01
9.950000e-06	-4.385892e-03	7.863371e-01
9.960000e-06	-4.386028e-03	5.167094e-01
9.970000e-06	-3.380315e-03	3.762619e-01
9.980000e-06	-3.168359e-03	1.135040e-01
9.990000e-06	2.062930e-03	-1.478974e-01
1.000000e-05	5.629456e-03	-3.369722e-01
1.001000e-05	-4.554715e-03	-4.974510e-01
1.002000e-05	2.899167e-03	-7.785513e-01
1.003000e-05	-3.659767e-03	-9.789988e-01
1.004000e-05	3.066731e-03	-1.190596e+00
1.005000e-05	-7.128182e-04	-1.402137e+00
1.006000e-05	2.504517e-02	-1.621632e+00
1.007000e-05	1.002344e-01	-1.822683e+00
1.008000e-05	-5.285043e-02	-2.068395e+00
1.009000e-05	-3.240927e-02	-2.444587e+00
1.010000e-05	-3.018607e-02	-2.704791e+00
1.011000e-05	-6.627059e-02	-2.812128e+00
1.012000e-05	3.225722e-03	-2.998450e+00
1.013000e-05	1.816357e-01	-3.117868e+00
1.014000e-05	-1.992063e-01	-3.401680e+00
1.015000e-05	1.685258e-01	-3.579420e+00
1.016000e-05	-4.471612e-02	-3.717750e+00
1.017000e-05	-1.244215e-01	-4.052183e+00
1.018000e-05	1.813215e-01	-4.190603e+00
1.019000e-05	-1.188082e-01	-4.421602e+00
1.020000e-05	3.252941e-02	-4.686162e+00
1.021000e-05	1.032043e-01	-4.804203e+00
1.022000e-05	-1.736988e-01	-5.076293e+00
1.023000e-05	1.620825e-01	-5.298240e+00
1.024000e-05	-1.217978e-01	-5.548950e+00
1.025000e-05	3.833268e-02	-5.739550e+00
1.026000e-05	4.910558e-02	-5.937920e+00
1.027000e-05	-8.978846e-02	-6.199473e+00
1.028000e-05	1.292021e-01	-6.370074e+00
1.029000e-05	-1.084824e-01	-6.572003e+00
1.030000e-05	8.726134e-02	-6.770921e+00
1.031000e-05	-3.818263e-02	-6.971947e+00
1.032000e-05	-4.701558e-02	-7.211578e+00
1.033000e-05	1.017491e-01	-7.348974e+00
1.034000e-05	-9.380447e-02	-7.558943e+00
1.035000e-05	9.433816e-02	-7.750442e+00
1.036000e-05	-5.623463e-02	-7.979974e+00
1.037000e-05	2.694170e-02	-8.148341e+00
1.038000e-05	-1.999365e-03	-8.273733e+00
1.039000e-05	-3.770026e-02	-8.421628e+00
1.040000e-05	6.640149e-02	-8.582075e+00
1.041000e-05	-3.532006e-02	-8.780453e+00
1.042000e-05	4.308954e-02	-8.957391e+00
1.043000e-05	-5.393195e-02	-9.065259e+00
1.044000e-05	3.474734e-02	-9.180076e+00
1.045000e-05	6.687849e-04	-9.368469e+00
1.046000e-05	-3.809704e-03	-9.486813e+00
1.047000e-05	6.241192e-03	-9.623232e+00
1.048000e-05	-2.395583e-03	-9.780497e+00
1.049000e-05	2.277088e-02	-9.905738e+00
1.050000e-05	-2.355340e-02	-1.005360e+01
1.051000e-05	1.595725e-02	-1.021147e+01
1.052000e-05	-2.654016e-03	-1.030691e+01
1.053000e-05	1.273494e-02	-1.047158e+01
1.054000e-05	-1.304524e-02	-1.054892e+01
1.055000e-05	1.275579e-02	-1.068621e+01
1.056000e-05	7.029000e-03	-1.075944e+01
1.057000e-05	2.389957e-04	-1.085728e+01
1.058000e-05	-2.411753e-03	-1.095889e+01
1.059000e-05	2.865927e-03	-1.108671e+01
1.060000e-05	1.371882e-02	-1.113957e+01
1.061000e-05	-2.937912e-03	-1.127668e+01
1.062000e-05	1.024674e-02	-1.136000e+01
1.063000e-05	-8.383023e-04	-1.148416e+01
1.064000e-05	6.749128e-03	-1.150828e+01
1.065000e-05	-1.620942e-03	-1.160245e+01
1.066000e-05	1.064932e-02	-1.168775e+01
1.067000e-05	4.278505e-03	-1.174094e+01
1.068000e-05	5.743579e-03	-1.185400e+01
1.069000e-05	3.711844e-03	-1.188475e+01
1.070000e-05	5.229185e-03	-1.191889e+01
1.071000e-05	4.910752e-03	-1.197851e+01
1.072000e-05	2.668209e-03	-1.204107e+01
1.073000e-05	7.128811e-03	-1.201221e+01
1.074000e-05	3.791176e-03	-1.211618e+01
1.075000e-05	5.657422e-03	-1.212724e+01
1.076000e-05	6.754566e-03	-1.216889e+01
1.077000e-05	7.613627e-03	-1.215029e+01
1.078000e-05	5.724202e-03	-1.215002e+01
1.079000e-05	7.128339e-03	-1.217095e+01
1.080000e-05	1.097676e-02	-1.220047e+01
1.081000e-05	1.152242e-02	-1.219947e+01
1.082000e-05	1.228151e-02	-1.220042e+01
1.083000e-05	1.449595e-02	-1.219007e+01
1.084000e-05	1.598733e-02	-1.219142e+01
1.085000e-05	2.016635e-02	-1.220989e+01
1.086000e-05	2.514118e-02	-1.214982e+01
1.087000e-05	3.276040e-02	-1.215837e+01
1.088000e-05	3.906986e-02	-1.214676e+01
1.089000e-05	5.164262e-02	-1.210526e+01
1.090000e-05	6.711424e-02	-1.204013e+01
1.091000e-05	7.633261e-02	-1.202052e+01
1.092000e-05	6.607587e-02	-1.193979e+01
1.093000e-05	4.697544e-02	-1.189621e+01
1.094000e-05	3.079775e-02	-1.185508e+01
1.095000e-05	2.208180e-02	-1.180944e+01
1.096000e-05	1.556135e-02	-1.169718e+01
1.097000e-05	1.246332e-02	-1.164142e+01
1.098000e-05	1.126278e-02	-1.154726e+01
1.099000e-05	1.074136e-02	-1.141217e+01
1.100000e-05	1.071798e-02	-1.132776e+01
1.101000e-05	7.856041e-03	-1.128458e+01
1.102000e-05	7.202731e-03	-1.114884e+01
1.103000e-05	5.385486e-03	-1.106303e+01
1.104000e-05	5.460628e-03	-1.094786e+01
1.105000e-05	4.000491e-03	-1.093318e+01
1.106000e-05	3.916234e-03	-1.078942e+01
1.107000e-05	4.189703e-03	-1.068428e+01
1.108000e-05	3.208501e-03	-1.056042e+01
1.109000e-05	3.297419e-03	-1.047410e+01
1.110000e-05	3.368104e-03	-1.036929e+01
1.111000e-05	3.143035e-03	-1.022245e+01
1.112000e-05	2.930945e-03	-1.009318e+01
1.113000e-05	2.865573e-03	-9.978366e+00
1.114000e-05	2.721473e-03	-9.882050e+00
1.115000e-05	1.478776e-03	-9.709287e+00
1.116000e-05	1.577746e-03	-9.589043e+00
1.117000e-05	1.428665e-03	-9.444573e+00
1.118000e-05	1.574361e-03	-9.285680e+00
1.119000e-05	1.664752e-03	-9.136864e+00
1.120000e-05	2.218798e-03	-9.030994e+00
1.121000e-05	1.152138e-03	-8.793623e+00
1.122000e-05	1.252573e-03	-8.694180e+00
1.123000e-05	-7.520840e-05	-8.514286e+00
1.124000e-05	6.059768e-04	-8.376864e+00
1.125000e-05	-6.648753e-04	-8.200420e+00
1.126000e-05	-3.613909e-04	-8.042075e+00
1.127000e-05	-9.561958e-04	-7.833096e+00
1.128000e-05	-1.117581e-03	-7.622548e+00
1.129000e-05	-2.237698e-03	-7.462623e+00
1.130000e-05	-2.382260e-03	-7.302532e+00
1.131000e-05	-3.347949e-04	-7.082698e+00
1.132000e-05	-1.620146e-03	-6.872575e+00
1.133000e-05	-1.704414e-03	-6.673649e+00
1.134000e-05	-2.335764e-03	-6.504836e+00
1.135000e-05	-2.229801e-03	-6.304678e+00
1.136000e-05	-2.932523e-03	-6.095129e+00
1.137000e-05	-1.795870e-03	-5.905206e+00
1.138000e-05	-2.843648e-03	-5.684257e+00
1.139000e-05	-3.555720e-03	-5.515752e+00
1.140000e-05	-3.265114e-03	-5.303650e+00
1.141000e-05	-4.636955e-04	-5.032627e+00
1.142000e-05	-3.284334e-03	-4.808387e+00
1.143000e-05	-1.912112e-03	-4.559965e+00
1.144000e-05	-5.089501e-03	-4.390970e+00
1.145000e-05	-1.690625e-03	-4.219494e+00
1.146000e-05	-3.584883e-03	-4.030017e+00
1.147000e-05	-2.405330e-03	-3.780119e+00
1.148000e-05	-3.119130e-03	-3.538992e+00
1.149000e-05	-4.409261e-03	-3.357912e+00
1.150000e-05	-3.643161e-03	-3.168367e+00
1.151000e-05	-5.681594e-03	-2.903734e+00
1.152000e-05	-2.954069e-03	-2.703734e+00
1.153000e-05	-3.378049e-03	-2.483607e+00
1.154000e-05	-2.765332e-03	-2.232597e+00
1.155000e-05	-5.046727e-03	-2.009522e+00
1.156000e-05	-3.370281e-03	-1.807969e+00
1.157000e-05	-5.394629e-03	-1.617420e+00
1.158000e-05	-4.084986e-03	-1.295233e+00
1.159000e-05	-5.257607e-03	-1.083654e+00
1.160000e-05	-3.918427e-03	-8.395514e-01
1.161000e-05	-6.063260e-03	-6.209511e-01
1.162000e-05	-3.910228e-03	-3.989184e-01
1.163000e-05	-4.011354e-03	-1.874197e-01
1.164000e-05	-1.548405e-03	2.161158e-02
1.165000e-05	4.813495e-03	3.262370e-01
1.166000e-05	-5.330983e-03	4.843118e-01
1.167000e-05	1.681158e-03	6.848169e-01
1.168000e-05	-4.380170e-03	8.536590e-01
1.169000e-05	-2.124380e-04	1.117370e+00
1.170000e-05	-4.404407e-03	1.377372e+00
1.171000e-05	2.010160e-03	1.559527e+00
1.172000e-05	2.128300e-02	1.799529e+00
1.173000e-05	7.854478e-02	2.001030e+00
1.174000e-05	-1.776419e-02	2.273689e+00
1.175000e-05	-5.745919e-02	2.524767e+00
1.176000e-05	-2.604834e-02	2.779426e+00
1.177000e-05	-2.640448e-02	2.958921e+00
1.178000e-05	-7.980458e-02	3.146238e+00
1.179000e-05	1.227160e-01	3.234210e+00
1.180000e-05	1.529254e-02	3.546187e+00
1.181000e-05	-1.425005e-01	3.663631e+00
1.182000e-05	1.893615e-01	3.895685e+00
1.183000e-05	-1.324224e-01	4.107345e+00
1.184000e-05	1.402183e-02	4.367820e+00
1.185000e-05	6.580366e-02	4.579868e+00
1.186000e-05	-8.229185e-02	4.768421e+00
1.187000e-05	4.936637e-02	5.033499e+00
1.188000e-05	-1.537831e-02	5.285683e+00
1.189000e-05	-1.731322e-02	5.505769e+00
1.190000e-05	1.586358e-02	5.726764e+00
1.191000e-05	-3.743240e-02	5.937270e+00
1.192000e-05	1.518143e-02	6.137716e+00
1.193000e-05	-2.630921e-02	6.306786e+00
1.194000e-05	3.399674e-02	6.506211e+00
1.195000e-05	-9.568559e-03	6.748293e+00
1.196000e-05	-1.653172e-02	6.947294e+00
1.197000e-05	2.388029e-02	7.117265e+00
1.198000e-05	-5.257801e-02	7.324662e+00
1.199000e-05	2.405681e-02	7.525707e+00
1.200000e-05	-1.006255e-02	7.716312e+00
1.201000e-05	-2.292774e-03	7.928311e+00
1.202000e-05	6.206483e-03	8.096764e+00
1.203000e-05	-2.488003e-02	8.293184e+00
1.204000e-05	4.642236e-03	8.450529e+00
1.205000e-05	-1.393922e-02	8.569393e+00
1.206000e-05	7.464039e-03	8.696186e+00
1.207000e-05	-1.688828e-02	8.852077e+00
1.208000e-05	-2.047864e-04	9.025946e+00
1.209000e-05	1.936213e-04	9.199967e+00
1.210000e-05	-1.862397e-02	9.368316e+00
1.211000e-05	1.716431e-03	9.482603e+00
1.212000e-05	-9.245220e-03	9.591024e+00
1.213000e-05	2.901129e-03	9.808341e+00
1.214000e-05	-1.516215e-02	9.894184e+00
1.215000e-05	5.823135e-04	1.005063e+01
1.216000e-05	-8.569285e-03	1.014884e+01
1.217000e-05	-1.063061e-02	1.030463e+01
1.218000e-05	-9.099383e-03	1.037989e+01
1.219000e-05	-4.400198e-03	1.054669e+01
1.220000e-05	-3.584975e-03	1.062367e+01
1.221000e-05	-1.365883e-02	1.076892e+01
1.222000e-05	-4.493064e-03	1.088423e+01
1.223000e-05	-6.602630e-03	1.106887e+01
1.224000e-05	-6.132868e-03	1.108318e+01
1.225000e-05	-1.236952e-02	1.116734e+01
1.226000e-05	-6.684846e-03	1.124360e+01
1.227000e-05	-8.624590e-03	1.139976e+01
1.228000e-05	-9.588424e-03	1.147413e+01
1.229000e-05	-6.130767e-03	1.162836e+01
1.230000e-05	-8.562912e-03	1.163410e+01
1.231000e-05	-9.109773e-03	1.173574e+01
1.232000e-05	-8.988902e-03	1.177042e+01
1.233000e-05	-4.298268e-03	1.184252e+01
1.234000e-05	-7.801357e-03	1.190418e+01
1.235000e-05	-1.050665e-02	1.190724e+01
1.236000e-05	-1.210517e-02	1.194832e+01
1.237000e-05	-1.070737e-02	1.201300e+01
1.238000e-05	-1.129929e-02	1.206250e+01
1.239000e-05	-1.039612e-02	1.210618e+01
1.240000e-05	-1.155768e-02	1.216624e+01
1.241000e-05	-1.266236e-02	1.219776e+01
1.242000e-05	-1.270012e-02	1.220789e+01
1.243000e-05	-1.182793e-02	1.220942e+01
1.244000e-05	-1.192252e-02	1.221084e+01
1.245000e-05	-1.477255e-02	1.223102e+01
1.246000e-05	-1.766941e-02	1.226245e+01
1.247000e-05	-1.888924e-02	1.224362e+01
1.248000e-05	-1.945628e-02	1.223252e+01
1.249000e-05	-2.009727e-02	1.222160e+01
1.250000e-05	-2.421695e-02	1.223092e+01
1.251000e-05	-2.882737e-02	1.222154e+01
1.252000e-05	-3.433590e-02	1.218887e+01
1.253000e-05	-4.033675e-02	1.215919e+01
1.254000e-05	-5.268889e-02	1.218629e+01
1.255000e-05	-6.860410e-02	1.209513e+01
1.256000e-05	-7.947517e-02	1.206253e+01
1.257000e-05	-7.711933e-02	1.200987e+01
1.258000e-05	-5.881911e-02	1.192831e+01
1.259000e-05	-4.205052e-02	1.192621e+01
1.260000e-05	-2.958097e-02	1.185305e+01
1.261000e-05	-2.515559e-02	1.180989e+01
1.262000e-05	-2.214941e-02	1.174728e+01
1.263000e-05	-1.921290e-02	1.166250e+01
1.264000e-05	-1.786469e-02	1.158883e+01
1.265000e-05	-1.586006e-02	1.146410e+01
1.266000e-05	-1.464213e-02	1.141035e+01
1.267000e-05	-1.309591e-02	1.128408e+01
1.268000e-05	-1.415452e-02	1.120991e+01
1.269000e-05	-1.177665e-02	1.106470e+01
1.270000e-05	-1.303201e-02	1.101089e+01
1.271000e-05	-1.072867e-02	1.092771e+01
1.272000e-05	-1.252586e-02	1.082047e+01
1.273000e-05	-8.587012e-03	1.070468e+01
1.274000e-05	-1.095179e-02	1.062831e+01
1.275000e-05	-8.227672e-03	1.046153e+01
1.276000e-05	-1.166609e-02	1.034624e+01
1.277000e-05	-9.246846e-03	1.025144e+01
1.278000e-05	-9.761006e-03	1.014619e+01
1.279000e-05	-8.614469e-03	9.979839e+00
1.280000e-05	-9.355825e-03	9.822499e+00
1.281000e-05	-7.269990e-03	9.684554e+00
1.282000e-05	-9.229157e-03	9.537766e+00
1.283000e-05	-7.596867e-03	9.420920e+00
1.284000e-05	-8.662745e-03	9.294056e+00
1.285000e-05	-5.926661e-03	9.137232e+00
1.286000e-05	-9.050482e-03	8.987342e+00
1.287000e-05	-7.297337e-03	8.821392e+00
1.288000e-05	-6.734942e-03	8.652599e+00
1.289000e-05	-5.991914e-03	8.465205e+00
1.290000e-05	-6.562923e-03	8.355288e+00
1.291000e-05	-7.038160e-03	8.168461e+00
1.292000e-05	-7.847442e-03	7.947336e+00
1.293000e-05	-5.599654e-03	7.800843e+00
1.294000e-05	-5.688140e-03	7.641899e+00
1.295000e-05	-5.796153e-03	7.390941e+00
1.296000e-05	-7.445792e-03	7.177968e+00
1.297000e-05	-6.028871e-03	7.021424e+00
1.298000e-05	-6.106304e-03	6.841996e+00
1.299000e-05	-6.115764e-03	6.662024e+00
1.300000e-05	-6.405592e-03	6.452045e+00
1.301000e-05	-5.495858e-03	6.273099e+00
1.302000e-05	-5.761986e-03	6.071605e+00
1.303000e-05	-5.685187e-03	5.924649e+00
1.304000e-05	-6.303466e-03	5.732130e+00
1.305000e-05	-5.878243e-03	5.475599e+00
1.306000e-05	-5.794073e-03	5.283594e+00
1.307000e-05	-5.399248e-03	5.019919e+00
1.308000e-05	-5.274788e-03	4.788337e+00
1.309000e-05	-5.237227e-03	4.587363e+00
1.310000e-05	-5.558922e-03	4.388841e+00
1.311000e-05	-5.565982e-03	4.188766e+00
1.312000e-05	-5.499881e-03	3.955338e+00
1.313000e-05	-4.751185e-03	3.735211e+00
1.314000e-05	-4.867622e-03	3.537340e+00
1.315000e-05	-4.665684e-03	3.293106e+00
1.316000e-05	-5.173945e-03	3.103655e+00
1.317000e-05	-5.152176e-03	2.883183e+00
1.318000e-05	-4.748847e-03	2.682124e+00
1.319000e-05	-5.047904e-03	2.408371e+00
1.320000e-05	-5.157314e-03	2.178888e+00
1.321000e-05	-4.506157e-03	1.999495e+00
1.322000e-05	-4.340944e-03	1.766783e+00
1.323000e-05	-4.436216e-03	1.512657e+00
1.324000e-05	-4.805555e-03	1.282577e+00
1.325000e-05	-4.720017e-03	1.050891e+00
1.326000e-05	-4.235195e-03	7.673119e-01
1.327000e-05	-3.711301e-03	5.862646e-01
1.328000e-05	-2.796951e-03	3.657396e-01
1.329000e-05	-3.330985e-03	1.136566e-01
1.330000e-05	9.297005e-04	-1.268948e-01
1.331000e-05	5.672424e-03	-3.264435e-01
1.332000e-05	-4.775700e-03	-5.089734e-01
1.333000e-05	3.505220e-03	-7.695051e-01
1.334000e-05	-3.875004e-03	-9.599486e-01
1.335000e-05	2.806997e-03	-1.179973e+00
1.336000e-05	-2.333171e-03	-1.422501e+00
1.337000e-05	2.370761e-02	-1.611178e+00
1.338000e-05	9.957207e-02	-1.791103e+00
1.339000e-05	-4.411235e-02	-2.054217e+00
1.340000e-05	-3.849994e-02	-2.443658e+00
1.341000e-05	-2.753356e-02	-2.666217e+00
1.342000e-05	-6.572045e-02	-2.821630e+00
1.343000e-05	-1.024676e-02	-2.938938e+00
1.344000e-05	1.912466e-01	-3.098295e+00
1.345000e-05	-1.957096e-01	-3.390475e+00
1.346000e-05	1.569554e-01	-3.548446e+00
1.347000e-05	-1.706412e-02	-3.718991e+00
1.348000e-05	-1.430380e-01	-4.002155e+00
1.349000e-05	1.812287e-01	-4.231002e+00
1.350000e-05	-1.090122e-01	-4.420055e+00
1.351000e-05	1.533178e-02	-4.634182e+00
1.352000e-05	1.170970e-01	-4.831555e+00
1.353000e-05	-1.755903e-01	-5.087267e+00
1.354000e-05	1.552569e-01	-5.285363e+00
1.355000e-05	-1.068793e-01	-5.579496e+00
1.356000e-05	2.180426e-02	-5.780447e+00
1.357000e-05	6.168386e-02	-5.938367e+00
1.358000e-05	-9.581030e-02	-6.160894e+00
1.359000e-05	1.292468e-01	-6.309001e+00
1.360000e-05	-1.042088e-01	-6.590475e+00
1.361000e-05	7.561015e-02	-6.778971e+00
1.362000e-05	-2.272903e-02	-6.939896e+00
1.363000e-05	-5.938983e-02	-7.240130e+00
1.364000e-05	1.076522e-01	-7.359395e+00
1.365000e-05	-9.441038e-02	-7.558892e+00
1.366000e-05	9.051012e-02	-7.709393e+00
1.367000e-05	-5.031819e-02	-7.979946e+00
1.368000e-05	1.889800e-02	-8.137391e+00
1.369000e-05	7.339837e-03	-8.254784e+00
1.370000e-05	-4.308762e-02	-8.441652e+00
1.371000e-05	6.677446e-02	-8.592543e+00
1.372000e-05	-3.743034e-02	-8.790054e+00
1.373000e-05	4.328253e-02	-8.928315e+00
1.374000e-05	-5.129661e-02	-9.096259e+00
1.375000e-05	2.894278e-02	-9.211000e+00
1.376000e-05	6.189508e-03	-9.329393e+00
1.377000e-05	-4.843219e-03	-9.507360e+00
1.378000e-05	1.014632e-02	-9.653133e+00
1.379000e-05	-4.668606e-03	-9.791500e+00
1.380000e-05	2.403766e-02	-9.897313e+00
1.381000e-05	-2.469912e-02	-1.005363e+01
1.382000e-05	1.361807e-02	-1.017007e+01
1.383000e-05	-2.961774e-03	-1.035784e+01
1.384000e-05	1.411860e-02	-1.047465e+01
1.385000e-05	-1.036352e-02	-1.055089e+01
1.386000e-05	1.209214e-02	-1.066563e+01
1.387000e-05	8.570463e-03	-1.076945e+01
1.388000e-05	-5.328511e-04	-1.087423e+01
1.389000e-05	-1.534520e-03	-1.100032e+01
1.390000e-05	7.650485e-04	-1.109571e+01
1.391000e-05	1.370873e-02	-1.117889e+01
1.392000e-05	-3.904063e-03	-1.128723e+01
1.393000e-05	1.005004e-02	-1.139139e+01
1.394000e-05	-9.890142e-04	-1.144470e+01
1.395000e-05	6.959351e-03	-1.152891e+01
1.396000e-05	-1.356940e-03	-1.161192e+01
1.397000e-05	1.007769e-02	-1.167616e+01
1.398000e-05	5.392034e-03	-1.175036e+01
1.399000e-05	5.165528e-03	-1.183363e+01
1.400000e-05	2.951261e-03	-1.188420e+01
1.401000e-05	3.579366e-03	-1.192836e+01
1.402000e-05	4.438967e-03	-1.197752e+01
1.403000e-05	3.585480e-03	-1.204155e+01
1.404000e-05	8.051588e-03	-1.205318e+01
1.405000e-05	3.805602e-03	-1.211526e+01
1.406000e-05	6.337629e-03	-1.215781e+01
1.407000e-05	6.238851e-03	-1.216782e+01
1.408000e-05	8.018085e-03	-1.212942e+01
1.409000e-05	5.741262e-03	-1.219034e+01
1.410000e-05	7.426072e-03	-1.219849e+01
1.411000e-05	1.106022e-02	-1.220102e+01
1.412000e-05	1.196915e-02	-1.220151e+01
1.413000e-05	1.168518e-02	-1.223047e+01
1.414000e-05	1.398933e-02	-1.223059e+01
1.415000e-05	1.671805e-02	-1.217042e+01
1.416000e-05	2.072485e-02	-1.221947e+01
1.417000e-05	2.358504e-02	-1.215892e+01
1.418000e-05	3.164013e-02	-1.215831e+01
1.419000e-05	3.934262e-02	-1.213679e+01
1.420000e-05	5.051956e-02	-1.213673e+01
1.421000e-05	6.602649e-02	-1.205217e+01
1.422000e-05	7.611720e-02	-1.204052e+01
1.423000e-05	6.787871e-02	-1.194836e+01
1.424000e-05	4.719044e-02	-1.189626e+01
1.425000e-05	3.101406e-02	-1.187365e+01
1.426000e-05	2.162373e-02	-1.176834e+01
1.427000e-05	1.728886e-02	-1.172688e+01
1.428000e-05	1.306413e-02	-1.164204e+01
1.429000e-05	1.117459e-02	-1.152674e+01
1.430000e-05	1.084934e-02	-1.146268e+01
1.431000e-05	9.704259e-03	-1.136839e+01
1.432000e-05	8.504276e-03	-1.127423e+01
1.433000e-05	7.228204e-03	-1.113929e+01
1.434000e-05	5.984696e-03	-1.103062e+01
1.435000e-05	4.646382e-03	-1.094982e+01
1.436000e-05	4.505820e-03	-1.088570e+01
1.437000e-05	3.739514e-03	-1.077942e+01
1.438000e-05	4.142823e-03	-1.069476e+01
1.439000e-05	4.178432e-03	-1.058834e+01
1.440000e-05	3.433405e-03	-1.049373e+01
1.441000e-05	3.337578e-03	-1.035733e+01
1.442000e-05	2.349267e-03	-1.024150e+01
1.443000e-05	1.808259e-03	-1.011613e+01
1.444000e-05	2.664069e-03	-9.949340e+00
1.445000e-05	3.115326e-03	-9.853627e+00
1.446000e-05	2.191443e-03	-9.767340e+00
1.447000e-05	4.915902e-04	-9.609975e+00
1.448000e-05	1.590673e-03	-9.465051e+00
1.449000e-05	2.440883e-03	-9.285728e+00
1.450000e-05	8.359362e-04	-9.157866e+00
1.451000e-05	9.409255e-04	-9.032544e+00
1.452000e-05	1.271560e-03	-8.883153e+00
1.453000e-05	1.765753e-03	-8.715758e+00
1.454000e-05	3.117596e-04	-8.548335e+00
1.455000e-05	1.099726e-03	-8.378792e+00
1.456000e-05	-1.382600e-04	-8.208495e+00
1.457000e-05	-9.008260e-04	-8.072023e+00
1.458000e-05	-9.067871e-04	-7.863645e+00
1.459000e-05	-1.081093e-03	-7.622024e+00
1.460000e-05	-8.246172e-04	-7.453048e+00
1.461000e-05	-1.141642e-03	-7.242675e+00
1.462000e-05	-1.448400e-03	-7.065224e+00
1.463000e-05	-1.658888e-03	-6.863624e+00
1.464000e-05	-1.799696e-03	-6.703256e+00
1.465000e-05	-1.648911e-03	-6.514254e+00
1.466000e-05	-2.131530e-03	-6.315212e+00
1.467000e-05	-2.451232e-03	-6.104182e+00
1.468000e-05	-2.140351e-03	-5.905156e+00
1.469000e-05	-2.738537e-03	-5.717787e+00
1.470000e-05	-1.955726e-03	-5.565754e+00
1.471000e-05	-4.003952e-03	-5.272702e+00
1.472000e-05	-1.360692e-03	-5.072077e+00
1.473000e-05	-4.090031e-03	-4.829895e+00
1.474000e-05	-1.203064e-03	-4.569915e+00
1.475000e-05	-4.358604e-03	-4.409494e+00
1.476000e-05	-1.265985e-03	-4.251049e+00
1.477000e-05	-3.515130e-03	-4.011598e+00
1.478000e-05	-2.394878e-03	-3.819044e+00
1.479000e-05	-3.217680e-03	-3.588491e+00
1.480000e-05	-4.302494e-03	-3.355792e+00
1.481000e-05	-3.220815e-03	-3.187891e+00
1.482000e-05	-4.496854e-03	-2.906760e+00
1.483000e-05	-3.233871e-03	-2.726259e+00
1.484000e-05	-3.939987e-03	-2.464131e+00
1.485000e-05	-2.266856e-03	-2.283602e+00
1.486000e-05	-4.343465e-03	-2.000498e+00
1.487000e-05	-2.705171e-03	-1.810396e+00
1.488000e-05	-4.535454e-03	-1.609972e+00
1.489000e-05	-3.690429e-03	-1.284843e+00
1.490000e-05	-5.548596e-03	-1.073705e+00
1.491000e-05	-4.250703e-03	-8.530715e-01
1.492000e-05	-5.760740e-03	-6.500515e-01
1.493000e-05	-3.727140e-03	-4.004462e-01
1.494000e-05	-3.873566e-03	-1.873924e-01
1.495000e-05	-1.702851e-03	1.609006e-03
1.496000e-05	5.452780e-03	2.847379e-01
1.497000e-05	-4.467944e-03	4.641867e-01
1.498000e-05	1.251108e-03	6.542405e-01
1.499000e-05	-3.656238e-03	8.325827e-01
1.500000e-05	-6.203297e-04	1.157342e+00
1.501000e-05	-4.329433e-03	1.348371e+00
1.502000e-05	1.545549e-03	1.600979e+00
1.503000e-05	2.055478e-02	1.791000e+00
1.504000e-05	7.737806e-02	2.008579e+00
1.505000e-05	-8.001021e-03	2.252133e+00
1.506000e-05	-6.107492e-02	2.506216e+00
1.507000e-05	-2.402118e-02	2.800397e+00
1.508000e-05	-2.864856e-02	2.937844e+00
1.509000e-05	-8.009482e-02	3.114290e+00
1.510000e-05	1.113461e-01	3.232084e+00
1.511000e-05	3.673124e-02	3.505815e+00
1.512000e-05	-1.552606e-01	3.673635e+00
1.513000e-05	1.916591e-01	3.853713e+00
1.514000e-05	-1.250345e-01	4.127342e+00
1.515000e-05	-6.402369e-04	4.348369e+00
1.516000e-05	7.191818e-02	4.528896e+00
1.517000e-05	-8.123859e-02	4.778424e+00
1.518000e-05	4.574392e-02	4.991450e+00
1.519000e-05	-9.499347e-03	5.284108e+00
1.520000e-05	-2.100387e-02	5.536262e+00
1.521000e-05	1.879985e-02	5.675735e+00
1.522000e-05	-3.712417e-02	5.936216e+00
1.523000e-05	1.291103e-02	6.105742e+00
1.524000e-05	-2.411134e-02	6.345763e+00
1.525000e-05	3.046730e-02	6.514708e+00
1.526000e-05	-5.521424e-03	6.757290e+00
1.527000e-05	-2.256798e-02	6.926765e+00
1.528000e-05	2.789077e-02	7.107290e+00
1.529000e-05	-5.141302e-02	7.266257e+00
1.530000e-05	2.168864e-02	7.475757e+00
1.531000e-05	-5.413818e-03	7.716263e+00
1.532000e-05	-6.381465e-03	7.905339e+00
1.533000e-05	7.267720e-03	8.126287e+00
1.534000e-05	-2.879524e-02	8.274133e+00
1.535000e-05	6.294632e-03	8.430528e+00
1.536000e-05	-1.406821e-02	8.556440e+00
1.537000e-05	8.551333e-03	8.715236e+00
1.538000e-05	-1.498385e-02	8.881478e+00
1.539000e-05	-9.160143e-04	9.012995e+00
1.540000e-05	1.788362e-03	9.159394e+00
1.541000e-05	-1.978405e-02	9.345291e+00
1.542000e-05	-1.175802e-04	9.452657e+00
1.543000e-05	-7.919488e-03	9.609920e+00
1.544000e-05	3.863209e-03	9.757713e+00
1.545000e-05	-1.513439e-02	9.865731e+00
1.546000e-05	-1.016037e-03	1.004053e+01
1.547000e-05	-6.909844e-03	1.017737e+01
1.548000e-05	-9.701403e-03	1.027413e+01
1.549000e-05	-1.092971e-02	1.039045e+01
1.550000e-05	-5.501039e-03	1.053781e+01
1.551000e-05	-2.755320e-03	1.064350e+01
1.552000e-05	-1.175696e-02	1.080939e+01
1.553000e-05	-4.195534e-03	1.089424e+01
1.554000e-05	-7.394401e-03	1.099939e+01
1.555000e-05	-5.925681e-03	1.108368e+01
1.556000e-05	-1.226330e-02	1.118734e+01
1.557000e-05	-6.090995e-03	1.126411e+01
1.558000e-05	-8.515236e-03	1.141829e+01
1.559000e-05	-9.904248e-03	1.146417e+01
1.560000e-05	-6.217565e-03	1.152791e+01
1.561000e-05	-8.727982e-03	1.165158e+01
1.562000e-05	-9.057726e-03	1.171466e+01
1.563000e-05	-1.082002e-02	1.175994e+01
1.564000e-05	-4.958967e-03	1.183255e+01
1.565000e-05	-8.461042e-03	1.191413e+01
1.566000e-05	-9.899738e-03	1.193521e+01
1.567000e-05	-1.196306e-02	1.197696e+01
1.568000e-05	-1.008437e-02	1.197154e+01
1.569000e-05	-1.066165e-02	1.205108e+01
1.570000e-05	-1.063615e-02	1.207463e+01
1.571000e-05	-1.048397e-02	1.211573e+01
1.572000e-05	-1.288682e-02	1.215934e+01
1.573000e-05	-1.223511e-02	1.218087e+01
1.574000e-05	-1.245059e-02	1.218987e+01
1.575000e-05	-1.186801e-02	1.225099e+01
1.576000e-05	-1.535439e-02	1.223342e+01
1.577000e-05	-1.757907e-02	1.224205e+01
1.578000e-05	-1.711266e-02	1.226254e+01
1.579000e-05	-1.886874e-02	1.224199e+01
1.580000e-05	-2.119000e-02	1.225147e+01
1.581000e-05	-2.534738e-02	1.223944e+01
1.582000e-05	-2.815081e-02	1.221147e+01
1.583000e-05	-3.395766e-02	1.221039e+01
1.584000e-05	-4.120432e-02	1.221786e+01
1.585000e-05	-5.235039e-02	1.213579e+01
1.586000e-05	-6.575143e-02	1.210360e+01
1.587000e-05	-8.006984e-02	1.206210e+01
1.588000e-05	-7.804814e-02	1.199034e+01
1.589000e-05	-6.084274e-02	1.194831e+01
1.590000e-05	-4.220081e-02	1.193471e+01
1.591000e-05	-2.979002e-02	1.185358e+01
1.592000e-05	-2.465315e-02	1.182892e+01
1.593000e-05	-2.256513e-02	1.171786e+01
1.594000e-05	-1.952259e-02	1.164512e+01
1.595000e-05	-1.720299e-02	1.158828e+01
1.596000e-05	-1.706606e-02	1.149565e+01
1.597000e-05	-1.523637e-02	1.134887e+01
1.598000e-05	-1.302670e-02	1.128360e+01
1.599000e-05	-1.345693e-02	1.119046e+01
1.600000e-05	-1.201755e-02	1.109408e+01
1.601000e-05	-1.284540e-02	1.098940e+01
1.602000e-05	-9.883106e-03	1.093626e+01
1.603000e-05	-1.201900e-02	1.085252e+01
1.604000e-05	-9.851719e-03	1.074570e+01
1.605000e-05	-1.032659e-02	1.064004e+01
1.606000e-05	-7.692074e-03	1.051406e+01
1.607000e-05	-1.145232e-02	1.035679e+01
1.608000e-05	-8.358716e-03	1.023100e+01
1.609000e-05	-1.069046e-02	1.016576e+01
1.610000e-05	-7.607063e-03	9.957890e+00
1.611000e-05	-9.164849e-03	9.883646e+00
1.612000e-05	-6.600146e-03	9.716560e+00
1.613000e-05	-9.216869e-03	9.576784e+00
1.614000e-05	-7.945081e-03	9.450041e+00
1.615000e-05	-8.484656e-03	9.293601e+00
1.616000e-05	-8.392943e-03	9.128235e+00
1.617000e-05	-7.303788e-03	8.976938e+00
1.618000e-05	-6.811541e-03	8.848394e+00
1.619000e-05	-6.507758e-03	8.680499e+00
1.620000e-05	-6.954472e-03	8.514731e+00
1.621000e-05	-5.873993e-03	8.385756e+00
1.622000e-05	-6.671847e-03	8.218914e+00
1.623000e-05	-7.115778e-03	7.999346e+00
1.624000e-05	-6.508371e-03	7.839947e+00
1.625000e-05	-6.919900e-03	7.649546e+00
1.626000e-05	-6.004547e-03	7.463945e+00
1.627000e-05	-6.020977e-03	7.219945e+00
1.628000e-05	-6.092483e-03	7.022495e+00
1.629000e-05	-5.849965e-03	6.892074e+00
1.630000e-05	-6.759324e-03	6.674071e+00
1.631000e-05	-6.281471e-03	6.471049e+00
1.632000e-05	-5.576518e-03	6.275650e+00
1.633000e-05	-5.985300e-03	6.094155e+00
1.634000e-05	-6.095906e-03	5.915103e+00
1.635000e-05	-5.279955e-03	5.703103e+00
1.636000e-05	-5.180001e-03	5.504625e+00
1.637000e-05	-5.822653e-03	5.283551e+00
1.638000e-05	-5.462234e-03	5.019519e+00
1.639000e-05	-6.033285e-03	4.779340e+00
1.640000e-05	-4.843073e-03	4.588365e+00
1.641000e-05	-5.854826e-03	4.428496e+00
1.642000e-05	-5.203612e-03	4.178987e+00
1.643000e-05	-4.924110e-03	3.925813e+00
1.644000e-05	-4.944034e-03	3.748290e+00
1.645000e-05	-5.034159e-03	3.587711e+00
1.646000e-05	-5.397282e-03	3.283178e+00
1.647000e-05	-4.966584e-03	3.113579e+00
1.648000e-05	-4.845448e-03	2.862129e+00
1.649000e-05	-5.450867e-03	2.684128e+00
1.650000e-05	-4.326645e-03	2.399342e+00
1.651000e-05	-4.462083e-03	2.179891e+00
1.652000e-05	-4.522403e-03	1.988392e+00
1.653000e-05	-5.323267e-03	1.778893e+00
1.654000e-05	-4.325891e-03	1.474703e+00
1.655000e-05	-4.048131e-03	1.303155e+00
1.656000e-05	-3.741102e-03	1.069471e+00
1.657000e-05	-3.670848e-03	7.919171e-01
1.658000e-05	-3.739550e-03	5.448408e-01
1.659000e-05	-3.921926e-03	3.578435e-01
1.660000e-05	-3.256372e-03	6.260682e-02
1.661000e-05	5.988239e-04	-1.583710e-01
1.662000e-05	7.185799e-03	-3.483659e-01
1.663000e-05	-5.066017e-03	-4.769174e-01
1.664000e-05	4.836713e-03	-7.689525e-01
1.665000e-05	-4.246870e-03	-9.699499e-01
1.666000e-05	2.744015e-03	-1.158995e+00
1.667000e-05	-1.688359e-03	-1.392635e+00
1.668000e-05	2.204976e-02	-1.631630e+00
1.669000e-05	9.846996e-02	-1.800700e+00
1.670000e-05	-3.596674e-02	-2.035316e+00
1.671000e-05	-4.378440e-02	-2.380159e+00
1.672000e-05	-2.434386e-02	-2.685166e+00
1.673000e-05	-6.365693e-02	-2.831084e+00
1.674000e-05	-2.232771e-02	-2.999514e+00
1.675000e-05	1.976335e-01	-3.137318e+00
1.676000e-05	-1.891804e-01	-3.379583e+00
1.677000e-05	1.434570e-01	-3.537445e+00
1.678000e-05	9.378862e-03	-3.697919e+00
1.679000e-05	-1.592859e-01	-4.021025e+00
1.680000e-05	1.833466e-01	-4.171053e+00
1.681000e-05	-9.725121e-02	-4.411505e+00
1.682000e-05	-1.151988e-03	-4.643558e+00
1.683000e-05	1.325935e-01	-4.801554e+00
1.684000e-05	-1.824366e-01	-5.097240e+00
1.685000e-05	1.504415e-01	-5.316266e+00
1.686000e-05	-9.557063e-02	-5.608971e+00
1.687000e-05	6.216876e-03	-5.769501e+00
1.688000e-05	7.599920e-02	-5.906872e+00
1.689000e-05	-1.060815e-01	-6.138914e+00
1.690000e-05	1.280364e-01	-6.336999e+00
1.691000e-05	-9.586947e-02	-6.568949e+00
1.692000e-05	6.456444e-02	-6.759470e+00
1.693000e-05	-5.351421e-03	-6.948490e+00
1.694000e-05	-7.149403e-02	-7.210396e+00
1.695000e-05	1.149484e-01	-7.317367e+00
1.696000e-05	-9.740074e-02	-7.528892e+00
1.697000e-05	8.483970e-02	-7.795420e+00
1.698000e-05	-3.922085e-02	-7.918371e+00
1.699000e-05	1.105359e-02	-8.106815e+00
1.700000e-05	1.500877e-02	-8.254236e+00
1.701000e-05	-5.151181e-02	-8.441601e+00
1.702000e-05	7.094205e-02	-8.610971e+00
1.703000e-05	-3.532979e-02	-8.771073e+00
1.704000e-05	4.199289e-02	-8.956738e+00
1.705000e-05	-4.653424e-02	-9.075682e+00
1.706000e-05	2.298331e-02	-9.211475e+00
1.707000e-05	1.090769e-02	-9.359865e+00
1.708000e-05	-1.021241e-02	-9.506358e+00
1.709000e-05	1.275825e-02	-9.622126e+00
1.710000e-05	-8.327919e-03	-9.801945e+00
1.711000e-05	2.577721e-02	-9.895787e+00
1.712000e-05	-2.444723e-02	-1.005260e+01
1.713000e-05	1.341514e-02	-1.019044e+01
1.714000e-05	-8.347978e-04	-1.031787e+01
1.715000e-05	1.307004e-02	-1.043465e+01
1.716000e-05	-1.022118e-02	-1.054832e+01
1.717000e-05	8.164372e-03	-1.068521e+01
1.718000e-05	9.786746e-03	-1.076837e+01
1.719000e-05	-1.213656e-03	-1.087724e+01
1.720000e-05	5.509437e-04	-1.099787e+01
1.721000e-05	2.550657e-04	-1.107726e+01
1.722000e-05	1.497235e-02	-1.119994e+01
1.723000e-05	-4.029012e-03	-1.128371e+01
1.724000e-05	9.271041e-03	-1.135942e+01
1.725000e-05	-1.300563e-04	-1.144318e+01
1.726000e-05	6.609224e-03	-1.153831e+01
1.727000e-05	-1.881795e-03	-1.158990e+01
1.728000e-05	7.551673e-03	-1.169518e+01
1.729000e-05	6.400862e-03	-1.178134e+01
1.730000e-05	6.090532e-03	-1.184248e+01
1.731000e-05	4.514627e-03	-1.187618e+01
1.732000e-05	3.917150e-03	-1.195591e+01
1.733000e-05	4.331477e-03	-1.200899e+01
1.734000e-05	2.365435e-03	-1.202214e+01
1.735000e-05	8.085265e-03	-1.200215e+01
1.736000e-05	3.906024e-03	-1.208626e+01
1.737000e-05	5.603829e-03	-1.213726e+01
1.738000e-05	6.062254e-03	-1.215781e+01
1.739000e-05	7.335732e-03	-1.217934e+01
1.740000e-05	6.142040e-03	-1.216894e+01
1.741000e-05	7.287286e-03	-1.220994e+01
1.742000e-05	1.106534e-02	-1.219205e+01
1.743000e-05	1.242544e-02	-1.219095e+01
1.744000e-05	1.150799e-02	-1.223104e+01
1.745000e-05	1.350463e-02	-1.220039e+01
1.746000e-05	1.626712e-02	-1.221049e+01
1.747000e-05	2.002961e-02	-1.218097e+01
1.748000e-05	2.402889e-02	-1.217894e+01
1.749000e-05	3.081372e-02	-1.217781e+01
1.750000e-05	3.992742e-02	-1.212726e+01
1.751000e-05	5.051705e-02	-1.212580e+01
1.752000e-05	6.706465e-02	-1.207412e+01
1.753000e-05	7.545786e-02	-1.195009e+01
1.754000e-05	6.721346e-02	-1.198939e+01
1.755000e-05	4.846934e-02	-1.188679e+01
1.756000e-05	3.297317e-02	-1.185468e+01
1.757000e-05	2.222951e-02	-1.178844e+01
1.758000e-05	1.618513e-02	-1.173473e+01
1.759000e-05	1.300008e-02	-1.163152e+01
1.760000e-05	1.158384e-02	-1.151781e+01
1.761000e-05	1.083063e-02	-1.145357e+01
1.762000e-05	1.000478e-02	-1.136934e+01
1.763000e-05	9.021462e-03	-1.126372e+01
1.764000e-05	6.586174e-03	-1.117836e+01
1.765000e-05	5.793720e-03	-1.103465e+01
1.766000e-05	4.547168e-03	-1.097884e+01
1.767000e-05	4.036264e-03	-1.093363e+01
1.768000e-05	5.011204e-03	-1.079094e+01
1.769000e-05	4.109775e-03	-1.069466e+01
1.770000e-05	4.999159e-03	-1.062945e+01
1.771000e-05	3.277852e-03	-1.047478e+01
1.772000e-05	2.342802e-03	-1.038986e+01
1.773000e-05	2.482385e-03	-1.021095e+01
1.774000e-05	2.721237e-03	-1.011463e+01
1.775000e-05	2.751743e-03	-9.949892e+00
1.776000e-05	2.551452e-03	-9.863649e+00
1.777000e-05	2.900821e-03	-9.726336e+00
1.778000e-05	2.185781e-04	-9.628473e+00
1.779000e-05	2.893898e-03	-9.493602e+00
1.780000e-05	6.746193e-04	-9.315281e+00
1.781000e-05	2.659655e-03	-9.147420e+00
1.782000e-05	1.646933e-03	-9.033019e+00
1.783000e-05	1.246531e-03	-8.874174e+00
1.784000e-05	1.918578e-03	-8.665705e+00
1.785000e-05	-1.096777e-04	-8.536810e+00
1.786000e-05	3.911945e-05	-8.359369e+00
1.787000e-05	-9.680631e-04	-8.219495e+00
1.788000e-05	-1.052879e-03	-8.062076e+00
1.789000e-05	-2.328463e-04	-7.822622e+00
1.790000e-05	-1.963778e-04	-7.633446e+00
1.791000e-05	4.831417e-04	-7.481575e+00
1.792000e-05	-5.039967e-04	-7.275251e+00
1.793000e-05	-1.169255e-04	-7.092677e+00
1.794000e-05	-1.752911e-03	-6.884104e+00
1.795000e-05	-3.146488e-03	-6.696181e+00
1.796000e-05	-2.169694e-03	-6.497236e+00
1.797000e-05	-1.674430e-03	-6.325308e+00
1.798000e-05	-2.803815e-03	-6.126257e+00
1.799000e-05	-2.774872e-03	-5.904707e+00
1.800000e-05	-2.712191e-03	-5.676784e+00
1.801000e-05	-9.932442e-04	-5.557360e+00
1.802000e-05	-3.474091e-03	-5.294181e+00
1.803000e-05	-1.271741e-03	-5.033074e+00
1.804000e-05	-3.378460e-03	-4.809374e+00
1.805000e-05	-1.480460e-03	-4.618490e+00
1.806000e-05	-4.914073e-03	-4.459471e+00
1.807000e-05	-3.401832e-03	-4.240527e+00
1.808000e-05	-4.583487e-03	-4.052075e+00
1.809000e-05	-2.071808e-03	-3.831549e+00
1.810000e-05	-2.351577e-03	-3.618467e+00
1.811000e-05	-3.265784e-03	-3.358019e+00
1.812000e-05	-3.095275e-03	-3.177419e+00
1.813000e-05	-4.421605e-03	-2.927266e+00
1.814000e-05	-2.197558e-03	-2.735215e+00
1.815000e-05	-4.756010e-03	-2.514706e+00
1.816000e-05	-3.199795e-03	-2.272604e+00
1.817000e-05	-4.156881e-03	-2.030048e+00
1.818000e-05	-2.482826e-03	-1.841099e+00
1.819000e-05	-5.740790e-03	-1.588498e+00
1.820000e-05	-3.963714e-03	-1.288317e+00
1.821000e-05	-4.556461e-03	-1.084208e+00
1.822000e-05	-3.128151e-03	-8.420529e-01
1.823000e-05	-5.890314e-03	-6.811990e-01
1.824000e-05	-5.507579e-03	-4.089961e-01
1.825000e-05	-4.622268e-03	-1.790237e-01
1.826000e-05	-1.467642e-03	2.631191e-03
1.827000e-05	4.495846e-03	2.532381e-01
1.828000e-05	-3.667544e-03	4.347891e-01
1.829000e-05	1.340442e-03	6.947355e-01
1.830000e-05	-2.155260e-03	8.236077e-01
1.831000e-05	4.579681e-05	1.104788e+00
1.832000e-05	-4.527399e-03	1.356850e+00
1.833000e-05	6.465947e-04	1.619977e+00
1.834000e-05	1.851328e-02	1.760024e+00
1.835000e-05	7.467214e-02	2.009054e+00
1.836000e-05	-7.740964e-04	2.252060e+00
1.837000e-05	-6.463495e-02	2.473313e+00
1.838000e-05	-2.251507e-02	2.787872e+00
1.839000e-05	-2.909706e-02	2.937420e+00
1.840000e-05	-7.874361e-02	3.085738e+00
1.841000e-05	9.872347e-02	3.222654e+00
1.842000e-05	5.540107e-02	3.496786e+00
1.843000e-05	-1.678021e-01	3.672113e+00
1.844000e-05	1.903705e-01	3.873735e+00
1.845000e-05	-1.144862e-01	4.085813e+00
1.846000e-05	-1.092833e-02	4.357793e+00
1.847000e-05	7.926601e-02	4.508270e+00
1.848000e-05	-8.206961e-02	4.769392e+00
1.849000e-05	4.033157e-02	4.989979e+00
1.850000e-05	-2.040735e-03	5.242653e+00
1.851000e-05	-2.561654e-02	5.475263e+00
1.852000e-05	1.882427e-02	5.646633e+00
1.853000e-05	-3.690231e-02	5.938238e+00
1.854000e-05	1.220096e-02	6.106292e+00
1.855000e-05	-2.223009e-02	6.296742e+00
1.856000e-05	2.689156e-02	6.486709e+00
1.857000e-05	9.387299e-04	6.716787e+00
1.858000e-05	-2.587829e-02	6.896417e+00
1.859000e-05	2.990799e-02	7.095736e+00
1.860000e-05	-5.308270e-02	7.281683e+00
1.861000e-05	1.975463e-02	7.445137e+00
1.862000e-05	-2.458618e-03	7.705761e+00
1.863000e-05	-8.179769e-03	7.945736e+00
1.864000e-05	1.018071e-02	8.097188e+00
1.865000e-05	-2.893835e-02	8.264183e+00
1.866000e-05	5.878437e-03	8.431527e+00
1.867000e-05	-1.408775e-02	8.519418e+00
1.868000e-05	8.595962e-03	8.727231e+00
1.869000e-05	-1.355449e-02	8.873104e+00
1.870000e-05	-1.809051e-03	9.020419e+00
1.871000e-05	1.898727e-03	9.218420e+00
1.872000e-05	-2.010144e-02	9.337257e+00
1.873000e-05	-2.230324e-04	9.445103e+00
1.874000e-05	-8.357434e-03	9.599474e+00
1.875000e-05	3.590942e-03	9.747292e+00
1.876000e-05	-1.307922e-02	9.895603e+00
1.877000e-05	-4.155763e-04	1.003165e+01
1.878000e-05	-6.908696e-03	1.018734e+01
1.879000e-05	-1.032592e-02	1.027611e+01
1.880000e-05	-1.078537e-02	1.036947e+01
1.881000e-05	-4.188542e-03	1.052531e+01
1.882000e-05	-2.452004e-03	1.064408e+01
1.883000e-05	-1.184959e-02	1.080842e+01
1.884000e-05	-4.402630e-03	1.090416e+01
1.885000e-05	-6.938191e-03	1.097989e+01
1.886000e-05	-6.024446e-03	1.109260e+01
1.887000e-05	-1.238139e-02	1.115834e+01
1.888000e-05	-5.829154e-03	1.126158e+01
1.889000e-05	-7.655470e-03	1.139879e+01
1.890000e-05	-9.534678e-03	1.146260e+01
1.891000e-05	-6.794547e-03	1.158926e+01
1.892000e-05	-8.505011e-03	1.163145e+01
1.893000e-05	-9.120023e-03	1.170628e+01
1.894000e-05	-1.077601e-02	1.179877e+01
1.895000e-05	-5.159063e-03	1.184300e+01
1.896000e-05	-8.828832e-03	1.190410e+01
1.897000e-05	-9.359360e-03	1.195678e+01
1.898000e-05	-1.178836e-02	1.192834e+01
1.899000e-05	-9.448891e-03	1.205997e+01
1.900000e-05	-1.098792e-02	1.208310e+01
1.901000e-05	-1.093218e-02	1.208416e+01
1.902000e-05	-1.161015e-02	1.216613e+01
1.903000e-05	-1.255686e-02	1.217829e+01
1.904000e-05	-1.245662e-02	1.217981e+01
1.905000e-05	-1.301253e-02	1.221937e+01
1.906000e-05	-1.313647e-02	1.219992e+01
1.907000e-05	-1.522435e-02	1.222297e+01
1.908000e-05	-1.643141e-02	1.222252e+01
1.909000e-05	-1.754882e-02	1.225252e+01
1.910000e-05	-1.925824e-02	1.225257e+01
1.911000e-05	-2.116244e-02	1.222355e+01
1.912000e-05	-2.446317e-02	1.222240e+01
1.913000e-05	-2.825885e-02	1.222942e+01
1.914000e-05	-3.360753e-02	1.225037e+01
1.915000e-05	-4.056221e-02	1.215931e+01
1.916000e-05	-5.041727e-02	1.212731e+01
1.917000e-05	-6.615045e-02	1.211409e+01
1.918000e-05	-7.832629e-02	1.209307e+01
1.919000e-05	-7.836839e-02	1.199145e+01
1.920000e-05	-6.208739e-02	1.199736e+01
1.921000e-05	-4.364139e-02	1.194570e+01
1.922000e-05	-3.061707e-02	1.186308e+01
1.923000e-05	-2.527289e-02	1.181949e+01
1.924000e-05	-2.167542e-02	1.176833e+01
1.925000e-05	-1.937483e-02	1.169363e+01
1.926000e-05	-1.739677e-02	1.155839e+01
1.927000e-05	-1.675905e-02	1.149610e+01
1.928000e-05	-1.462142e-02	1.140884e+01
1.929000e-05	-1.295172e-02	1.132413e+01
1.930000e-05	-1.285836e-02	1.120779e+01
1.931000e-05	-1.220658e-02	1.112313e+01
1.932000e-05	-1.281233e-02	1.099097e+01
1.933000e-05	-1.111860e-02	1.092583e+01
1.934000e-05	-1.222920e-02	1.085004e+01
1.935000e-05	-8.359132e-03	1.076620e+01
1.936000e-05	-1.084439e-02	1.061944e+01
1.937000e-05	-8.213094e-03	1.052460e+01
1.938000e-05	-1.072529e-02	1.035631e+01
1.939000e-05	-8.147677e-03	1.024195e+01
1.940000e-05	-1.067988e-02	1.011721e+01
1.941000e-05	-8.382340e-03	9.968893e+00
1.942000e-05	-8.945777e-03	9.844524e+00
1.943000e-05	-6.680049e-03	9.725601e+00
1.944000e-05	-1.036183e-02	9.555790e+00
1.945000e-05	-7.565196e-03	9.449915e+00
1.946000e-05	-8.408192e-03	9.315209e+00
1.947000e-05	-6.252845e-03	9.227832e+00
1.948000e-05	-8.277943e-03	9.030967e+00
1.949000e-05	-7.270211e-03	8.820944e+00
1.950000e-05	-6.945873e-03	8.663026e+00
1.951000e-05	-5.972410e-03	8.533756e+00
1.952000e-05	-7.268490e-03	8.387264e+00
1.953000e-05	-6.907483e-03	8.207813e+00
1.954000e-05	-6.812287e-03	7.979363e+00
1.955000e-05	-5.604605e-03	7.800419e+00
1.956000e-05	-7.046595e-03	7.670441e+00
1.957000e-05	-6.813563e-03	7.430596e+00
1.958000e-05	-6.134512e-03	7.230448e+00
1.959000e-05	-6.135818e-03	7.082096e+00
1.960000e-05	-6.025656e-03	6.892024e+00
1.961000e-05	-6.910791e-03	6.672574e+00
1.962000e-05	-6.074557e-03	6.501998e+00
1.963000e-05	-5.194511e-03	6.272597e+00
1.964000e-05	-6.322574e-03	6.094155e+00
1.965000e-05	-6.025316e-03	5.977231e+00
1.966000e-05	-6.104893e-03	5.673153e+00
1.967000e-05	-5.957498e-03	5.514204e+00
1.968000e-05	-5.464701e-03	5.274107e+00
1.969000e-05	-5.218689e-03	5.021540e+00
1.970000e-05	-5.423953e-03	4.807892e+00
1.971000e-05	-5.077899e-03	4.597841e+00
1.972000e-05	-4.367753e-03	4.418972e+00
1.973000e-05	-5.881989e-03	4.208363e+00
1.974000e-05	-6.052987e-03	3.945814e+00
1.975000e-05	-5.673935e-03	3.747809e+00
1.976000e-05	-4.458409e-03	3.617265e+00
1.977000e-05	-4.782429e-03	3.284129e+00
1.978000e-05	-4.956042e-03	3.093633e+00
1.979000e-05	-5.148112e-03	2.903132e+00
1.980000e-05	-4.063334e-03	2.673151e+00
1.981000e-05	-4.643419e-03	2.430942e+00
1.982000e-05	-4.623328e-03	2.219491e+00
1.983000e-05	-4.413582e-03	1.998351e+00
1.984000e-05	-4.838068e-03	1.829317e+00
1.985000e-05	-5.150905e-03	1.495683e+00
1.986000e-05	-5.009054e-03	1.283654e+00
1.987000e-05	-4.512681e-03	1.040949e+00
1.988000e-05	-4.037212e-03	8.184386e-01
1.989000e-05	-3.733350e-03	5.368143e-01
1.990000e-05	-3.949660e-03	3.762885e-01
1.991000e-05	-2.611942e-03	5.260809e-02
1.992000e-05	-3.296118e-05	-9.691961e-02
1.993000e-05	7.675319e-03	-3.272934e-01
1.994000e-05	-5.102006e-03	-5.449722e-01
1.995000e-05	4.833298e-03	-7.604476e-01
1.996000e-05	-4.086513e-03	-9.084248e-01
1.997000e-05	2.898696e-03	-1.127496e+00
1.998000e-05	-1.653211e-03	-1.370404e+00
1.999000e-05	1.947833e-02	-1.602600e+00
2.000000e-05	9.604811e-02	-1.790107e+00
2.001000e-05	-2.626070e-02	-2.045789e+00
2.002000e-05	-4.993413e-02	-2.432583e+00
2.003000e-05	-1.890184e-02	-2.693262e+00
2.004000e-05	-6.211467e-02	-2.801105e+00
2.005000e-05	-3.139332e-02	-2.989970e+00
2.006000e-05	2.007069e-01	-3.107313e+00
2.007000e-05	-1.823622e-01	-3.370978e+00
2.008000e-05	1.232877e-01	-3.578421e+00
2.009000e-05	3.494656e-02	-3.685872e+00
2.010000e-05	-1.730278e-01	-3.990583e+00
2.011000e-05	1.805934e-01	-4.200553e+00
2.012000e-05	-8.129719e-02	-4.371101e+00
2.013000e-05	-1.786684e-02	-4.632525e+00
2.014000e-05	1.447653e-01	-4.771051e+00
2.015000e-05	-1.834719e-01	-5.074711e+00
2.016000e-05	1.425673e-01	-5.286213e+00
2.017000e-05	-8.046134e-02	-5.537322e+00
2.018000e-05	-1.237409e-02	-5.748423e+00
2.019000e-05	8.948972e-02	-5.938343e+00
2.020000e-05	-1.091035e-01	-6.099296e+00
2.021000e-05	1.258271e-01	-6.369445e+00
2.022000e-05	-8.730332e-02	-6.548397e+00
2.023000e-05	5.060126e-02	-6.748946e+00
2.024000e-05	9.948831e-03	-6.927317e+00
2.025000e-05	-8.386570e-02	-7.169000e+00
2.026000e-05	1.198056e-01	-7.308916e+00
2.027000e-05	-9.580397e-02	-7.498442e+00
2.028000e-05	7.887375e-02	-7.746366e+00
2.029000e-05	-3.177403e-02	-7.958742e+00
2.030000e-05	9.970933e-04	-8.156839e+00
2.031000e-05	2.314553e-02	-8.263683e+00
2.032000e-05	-5.702787e-02	-8.392077e+00
2.033000e-05	7.197688e-02	-8.608471e+00
2.034000e-05	-3.153572e-02	-8.789949e+00
2.035000e-05	3.964446e-02	-8.916287e+00
2.036000e-05	-4.267502e-02	-9.074307e+00
2.037000e-05	1.358328e-02	-9.220000e+00
2.038000e-05	1.730812e-02	-9.356388e+00
2.039000e-05	-1.486480e-02	-9.497311e+00
2.040000e-05	1.620655e-02	-9.603132e+00
2.041000e-05	-1.085624e-02	-9.761376e+00
2.042000e-05	2.918655e-02	-9.875816e+00
2.043000e-05	-2.364600e-02	-1.002357e+01
2.044000e-05	1.340263e-02	-1.020050e+01
2.045000e-05	-4.572486e-04	-1.033733e+01
2.046000e-05	1.108177e-02	-1.044271e+01
2.047000e-05	-9.180523e-03	-1.052984e+01
2.048000e-05	5.571267e-03	-1.065519e+01
2.049000e-05	1.238203e-02	-1.075892e+01
2.050000e-05	-2.085951e-03	-1.088566e+01
2.051000e-05	2.002372e-03	-1.095891e+01
2.052000e-05	-8.803271e-04	-1.109813e+01
2.053000e-05	1.617915e-02	-1.120832e+01
2.054000e-05	-2.935588e-03	-1.129471e+01
2.055000e-05	9.670272e-03	-1.138089e+01
2.056000e-05	1.469688e-05	-1.143458e+01
2.057000e-05	4.632641e-03	-1.150631e+01
2.058000e-05	-1.644900e-03	-1.160095e+01
2.059000e-05	8.053183e-03	-1.171671e+01
2.060000e-05	8.236367e-03	-1.173894e+01
2.061000e-05	5.316564e-03	-1.183362e+01
2.062000e-05	3.644711e-03	-1.188365e+01
2.063000e-05	3.530923e-03	-1.195691e+01
2.064000e-05	5.784361e-03	-1.196946e+01
2.065000e-05	2.548278e-03	-1.204052e+01
2.066000e-05	7.176173e-03	-1.206268e+01
2.067000e-05	4.589979e-03	-1.209670e+01
2.068000e-05	6.161626e-03	-1.211678e+01
2.069000e-05	5.817469e-03	-1.215831e+01
2.070000e-05	7.902483e-03	-1.217891e+01
2.071000e-05	6.291166e-03	-1.220031e+01
2.072000e-05	7.384465e-03	-1.215944e+01
2.073000e-05	1.030695e-02	-1.221197e+01
2.074000e-05	1.203264e-02	-1.222097e+01
2.075000e-05	1.212342e-02	-1.221204e+01
2.076000e-05	1.392006e-02	-1.220082e+01
2.077000e-05	1.550198e-02	-1.221999e+01
2.078000e-05	2.001813e-02	-1.220144e+01
2.079000e-05	2.361011e-02	-1.215884e+01
2.080000e-05	3.151427e-02	-1.214934e+01
2.081000e-05	3.875682e-02	-1.212589e+01
2.082000e-05	5.001499e-02	-1.209573e+01
2.083000e-05	6.522572e-02	-1.205418e+01
2.084000e-05	7.459355e-02	-1.202252e+01
2.085000e-05	6.878913e-02	-1.195789e+01
2.086000e-05	4.942699e-02	-1.190418e+01
2.087000e-05	3.341848e-02	-1.185475e+01
2.088000e-05	2.172277e-02	-1.178050e+01
2.089000e-05	1.738831e-02	-1.175574e+01
2.090000e-05	1.331598e-02	-1.162297e+01
2.091000e-05	1.083711e-02	-1.153729e+01
2.092000e-05	9.796431e-03	-1.149215e+01
2.093000e-05	1.090665e-02	-1.139081e+01
2.094000e-05	9.435851e-03	-1.126573e+01
2.095000e-05	6.421208e-03	-1.112837e+01
2.096000e-05	5.289718e-03	-1.103307e+01
2.097000e-05	4.676565e-03	-1.098092e+01
2.098000e-05	4.395648e-03	-1.088368e+01
2.099000e-05	3.760573e-03	-1.079945e+01
2.100000e-05	3.686976e-03	-1.070518e+01
2.101000e-05	4.489001e-03	-1.057152e+01
2.102000e-05	3.288393e-03	-1.050626e+01
2.103000e-05	2.422379e-03	-1.034739e+01
2.104000e-05	2.731798e-03	-1.023302e+01
2.105000e-05	2.846225e-03	-1.009523e+01
2.106000e-05	2.766074e-03	-9.970367e+00
2.107000e-05	2.116425e-03	-9.842153e+00
2.108000e-05	2.099945e-03	-9.758363e+00
2.109000e-05	2.765597e-03	-9.610468e+00
2.110000e-05	2.484087e-03	-9.493582e+00
2.111000e-05	1.337394e-03	-9.377806e+00
2.112000e-05	4.522685e-04	-9.158941e+00
2.113000e-05	1.698155e-03	-9.033521e+00
2.114000e-05	1.462497e-03	-8.911650e+00
2.115000e-05	4.437407e-04	-8.696732e+00
2.116000e-05	-8.015843e-04	-8.546866e+00
2.117000e-05	1.486034e-03	-8.368816e+00
2.118000e-05	-1.181831e-04	-8.231496e+00
2.119000e-05	-1.587966e-03	-8.084599e+00
2.120000e-05	-1.103576e-03	-7.864104e+00
2.121000e-05	5.062377e-05	-7.663053e+00
2.122000e-05	-1.464464e-03	-7.451604e+00
2.123000e-05	-2.181235e-03	-7.283182e+00
2.124000e-05	-1.931043e-03	-7.095128e+00
2.125000e-05	-1.092345e-03	-6.892654e+00
2.126000e-05	-1.830052e-03	-6.705158e+00
2.127000e-05	-1.996748e-03	-6.496663e+00
2.128000e-05	-1.161910e-03	-6.326811e+00
2.129000e-05	-2.625993e-03	-6.104783e+00
2.130000e-05	-1.986397e-03	-5.914782e+00
2.131000e-05	-3.671134e-03	-5.716236e+00
2.132000e-05	-1.327511e-03	-5.557332e+00
2.133000e-05	-3.557531e-03	-5.325678e+00
2.134000e-05	-1.645693e-03	-5.062107e+00
2.135000e-05	-3.755874e-03	-4.810914e+00
2.136000e-05	-1.678996e-03	-4.638417e+00
2.137000e-05	-3.899287e-03	-4.411570e+00
2.138000e-05	-1.417303e-03	-4.231074e+00
2.139000e-05	-4.048349e-03	-4.041949e+00
2.140000e-05	-1.855522e-03	-3.832074e+00
2.141000e-05	-3.129006e-03	-3.578971e+00
2.142000e-05	-2.600311e-03	-3.380491e+00
2.143000e-05	-3.418139e-03	-3.218392e+00
2.144000e-05	-3.714867e-03	-2.915886e+00
2.145000e-05	-3.849011e-03	-2.726262e+00
2.146000e-05	-3.071238e-03	-2.514711e+00
2.147000e-05	-2.829420e-03	-2.296707e+00
2.148000e-05	-3.980055e-03	-2.060501e+00
2.149000e-05	-4.378935e-03	-1.842075e+00
2.150000e-05	-4.395828e-03	-1.617074e+00
2.151000e-05	-3.126338e-03	-1.318892e+00
2.152000e-05	-5.266785e-03	-1.084234e+00
2.153000e-05	-4.360066e-03	-8.736544e-01
2.154000e-05	-5.588703e-03	-6.721305e-01
2.155000e-05	-3.820781e-03	-4.004964e-01
2.156000e-05	-3.496295e-03	-1.699464e-01
2.157000e-05	-2.769726e-03	2.152501e-02
2.158000e-05	4.239718e-03	2.742119e-01
2.159000e-05	-4.113156e-03	5.051868e-01
2.160000e-05	6.253203e-04	6.436579e-01
2.161000e-05	-2.873914e-03	8.321551e-01
2.162000e-05	-5.043314e-04	1.094771e+00
2.163000e-05	-3.713360e-03	1.357868e+00
2.164000e-05	4.208916e-04	1.620322e+00
2.165000e-05	1.629953e-02	1.791004e+00
2.166000e-05	7.241384e-02	1.999475e+00
2.167000e-05	7.468506e-03	2.231105e+00
2.168000e-05	-6.741020e-02	2.512758e+00
2.169000e-05	-2.129904e-02	2.788347e+00
2.170000e-05	-3.064066e-02	2.927841e+00
2.171000e-05	-7.761182e-02	3.087207e+00
2.172000e-05	8.612459e-02	3.270579e+00
2.173000e-05	7.344979e-02	3.524236e+00
2.174000e-05	-1.781075e-01	3.654134e+00
2.175000e-05	1.886163e-01	3.852175e+00
2.176000e-05	-1.019093e-01	4.115742e+00
2.177000e-05	-2.386542e-02	4.316214e+00
2.178000e-05	8.174079e-02	4.526741e+00
2.179000e-05	-7.934460e-02	4.739792e+00
2.180000e-05	3.478572e-02	5.010073e+00
2.181000e-05	3.336927e-03	5.262111e+00
2.182000e-05	-3.075809e-02	5.485205e+00
2.183000e-05	2.246381e-02	5.671159e+00
2.184000e-05	-3.450325e-02	5.936813e+00
2.185000e-05	1.004027e-02	6.085211e+00
2.186000e-05	-2.022224e-02	6.285736e+00
2.187000e-05	2.330685e-02	6.493683e+00
2.188000e-05	5.704816e-03	6.696266e+00
2.189000e-05	-3.270369e-02	6.917809e+00
2.190000e-05	3.132310e-02	7.116266e+00
2.191000e-05	-5.149075e-02	7.292184e+00
2.192000e-05	1.804759e-02	7.395158e+00
2.193000e-05	2.635664e-04	7.684739e+00
2.194000e-05	-1.025870e-02	7.905731e+00
2.195000e-05	1.181696e-02	8.104137e+00
2.196000e-05	-2.918835e-02	8.264155e+00
2.197000e-05	5.754109e-03	8.420473e+00
2.198000e-05	-1.525912e-02	8.528866e+00
2.199000e-05	7.955572e-03	8.675860e+00
2.200000e-05	-1.333810e-02	8.852449e+00
2.201000e-05	-1.217502e-03	9.001920e+00
2.202000e-05	3.342210e-03	9.178942e+00
2.203000e-05	-1.873555e-02	9.326258e+00
2.204000e-05	-6.899674e-04	9.424053e+00
2.205000e-05	-7.725881e-03	9.589368e+00
2.206000e-05	1.957878e-03	9.726386e+00
2.207000e-05	-1.403180e-02	9.895174e+00
2.208000e-05	-9.195169e-04	1.005050e+01
2.209000e-05	-6.274678e-03	1.013681e+01
2.210000e-05	-1.057041e-02	1.027518e+01
2.211000e-05	-9.874316e-03	1.037034e+01
2.212000e-05	-3.208350e-03	1.052476e+01
2.213000e-05	-2.519654e-03	1.061500e+01
2.214000e-05	-1.216028e-02	1.077036e+01
2.215000e-05	-5.229724e-03	1.087460e+01
2.216000e-05	-7.282239e-03	1.098989e+01
2.217000e-05	-5.968927e-03	1.108465e+01
2.218000e-05	-1.158009e-02	1.117984e+01
2.219000e-05	-5.615290e-03	1.125260e+01
2.220000e-05	-7.540520e-03	1.133836e+01
2.221000e-05	-9.649428e-03	1.145505e+01
2.222000e-05	-6.382587e-03	1.155878e+01
2.223000e-05	-8.715590e-03	1.166312e+01
2.224000e-05	-8.972725e-03	1.173568e+01
2.225000e-05	-1.080602e-02	1.180986e+01
2.226000e-05	-5.094550e-03	1.181150e+01
2.227000e-05	-8.098313e-03	1.188613e+01
2.228000e-05	-8.945746e-03	1.192623e+01
2.229000e-05	-1.197946e-02	1.197884e+01
2.230000e-05	-9.833769e-03	1.199952e+01
2.231000e-05	-1.140834e-02	1.204157e+01
2.232000e-05	-1.116529e-02	1.209463e+01
2.233000e-05	-1.144971e-02	1.213568e+01
2.234000e-05	-1.188735e-02	1.217781e+01
2.235000e-05	-1.272822e-02	1.216029e+01
2.236000e-05	-1.314001e-02	1.221734e+01
2.237000e-05	-1.350175e-02	1.222247e+01
2.238000e-05	-1.475292e-02	1.221195e+01
2.239000e-05	-1.526226e-02	1.223352e+01
2.240000e-05	-1.766839e-02	1.226300e+01
2.241000e-05	-1.957813e-02	1.225197e+01
2.242000e-05	-2.098911e-02	1.224392e+01
2.243000e-05	-2.374742e-02	1.223297e+01
2.244000e-05	-2.772889e-02	1.223102e+01
2.245000e-05	-3.417410e-02	1.222197e+01
2.246000e-05	-4.025587e-02	1.218929e+01
2.247000e-05	-5.037875e-02	1.214689e+01
2.248000e-05	-6.582008e-02	1.218516e+01
2.249000e-05	-7.872321e-02	1.209202e+01
2.250000e-05	-7.841397e-02	1.205132e+01
2.251000e-05	-6.194134e-02	1.194686e+01
2.252000e-05	-4.426919e-02	1.192671e+01
2.253000e-05	-3.154080e-02	1.182260e+01
2.254000e-05	-2.565933e-02	1.187091e+01
2.255000e-05	-2.066273e-02	1.173626e+01
2.256000e-05	-1.895168e-02	1.167217e+01
2.257000e-05	-1.796900e-02	1.157083e+01
2.258000e-05	-1.701254e-02	1.148465e+01
2.259000e-05	-1.480692e-02	1.140089e+01
2.260000e-05	-1.292264e-02	1.133656e+01
2.261000e-05	-1.366908e-02	1.119994e+01
2.262000e-05	-1.268618e-02	1.111370e+01
2.263000e-05	-1.142498e-02	1.104194e+01
2.264000e-05	-1.013710e-02	1.094666e+01
2.265000e-05	-1.315436e-02	1.081150e+01
2.266000e-05	-8.935933e-03	1.072678e+01
2.267000e-05	-1.051567e-02	1.059105e+01
2.268000e-05	-7.814125e-03	1.049313e+01
2.269000e-05	-1.274159e-02	1.034629e+01
2.270000e-05	-8.655338e-03	1.025002e+01
2.271000e-05	-1.010299e-02	1.013631e+01
2.272000e-05	-8.126330e-03	1.002979e+01
2.273000e-05	-9.878908e-03	9.872599e+00
2.274000e-05	-8.105025e-03	9.747625e+00
2.275000e-05	-8.716159e-03	9.586811e+00
2.276000e-05	-7.565283e-03	9.460945e+00
2.277000e-05	-8.790083e-03	9.312708e+00
2.278000e-05	-6.832335e-03	9.157963e+00
2.279000e-05	-8.079084e-03	9.041543e+00
2.280000e-05	-7.443472e-03	8.819522e+00
2.281000e-05	-7.873661e-03	8.671549e+00
2.282000e-05	-6.426819e-03	8.545708e+00
2.283000e-05	-7.772644e-03	8.358786e+00
2.284000e-05	-6.866584e-03	8.189019e+00
2.285000e-05	-7.267135e-03	7.999467e+00
2.286000e-05	-4.925908e-03	7.830522e+00
2.287000e-05	-6.390875e-03	7.642574e+00
2.288000e-05	-5.696066e-03	7.433020e+00
2.289000e-05	-7.363269e-03	7.229445e+00
2.290000e-05	-6.809315e-03	7.062123e+00
2.291000e-05	-7.131281e-03	6.874576e+00
2.292000e-05	-5.940027e-03	6.665203e+00
2.293000e-05	-6.631592e-03	6.503027e+00
2.294000e-05	-6.074355e-03	6.285126e+00
2.295000e-05	-5.784053e-03	6.126228e+00
2.296000e-05	-5.615266e-03	5.945183e+00
2.297000e-05	-6.013242e-03	5.714680e+00
2.298000e-05	-6.474487e-03	5.513604e+00
2.299000e-05	-5.264750e-03	5.302151e+00
2.300000e-05	-5.166229e-03	5.062025e+00
2.301000e-05	-5.293248e-03	4.848369e+00
2.302000e-05	-6.204154e-03	4.608394e+00
2.303000e-05	-6.232459e-03	4.430525e+00
2.304000e-05	-5.288161e-03	4.218316e+00
2.305000e-05	-5.037573e-03	3.967359e+00
2.306000e-05	-4.472668e-03	3.736288e+00
2.307000e-05	-5.500705e-03	3.537388e+00
2.308000e-05	-4.542358e-03	3.373703e+00
2.309000e-05	-5.142885e-03	3.094179e+00
2.310000e-05	-6.061632e-03	2.864158e+00
2.311000e-05	-4.808415e-03	2.714728e+00
2.312000e-05	-4.537358e-03	2.449046e+00
2.313000e-05	-5.040871e-03	2.218392e+00
2.314000e-05	-3.860693e-03	2.029919e+00
2.315000e-05	-3.918313e-03	1.788840e+00
2.316000e-05	-4.781015e-03	1.536284e+00
2.317000e-05	-5.187046e-03	1.292657e+00
2.318000e-05	-4.449453e-03	1.050520e+00
2.319000e-05	-3.750261e-03	7.988950e-01
2.320000e-05	-4.385737e-03	5.693406e-01
2.321000e-05	-3.569083e-03	4.263649e-01
2.322000e-05	-2.433453e-03	1.346855e-01
2.323000e-05	1.646922e-05	-1.268956e-01
2.324000e-05	7.524950e-03	-3.268734e-01
2.325000e-05	-4.860841e-03	-4.554709e-01
2.326000e-05	5.396507e-03	-7.594236e-01
2.327000e-05	-3.597900e-03	-9.174435e-01
2.328000e-05	3.136971e-03	-1.147947e+00
2.329000e-05	-2.020466e-03	-1.370006e+00
2.330000e-05	1.798756e-02	-1.630026e+00
2.331000e-05	9.293882e-02	-1.789078e+00
2.332000e-05	-1.666631e-02	-2.061844e+00
2.333000e-05	-5.574345e-02	-2.402108e+00
2.334000e-05	-1.505067e-02	-2.674712e+00
2.335000e-05	-6.140777e-02	-2.809625e+00
2.336000e-05	-4.182345e-02	-2.908369e+00
2.337000e-05	2.044019e-01	-3.106817e+00
2.338000e-05	-1.714435e-01	-3.377971e+00
2.339000e-05	1.050343e-01	-3.578446e+00
2.340000e-05	6.276742e-02	-3.644317e+00
2.341000e-05	-1.832594e-01	-4.002476e+00
2.342000e-05	1.825359e-01	-4.171999e+00
2.343000e-05	-7.275182e-02	-4.368529e+00
2.344000e-05	-3.798983e-02	-4.573179e+00
2.345000e-05	1.547475e-01	-4.768600e+00
2.346000e-05	-1.814847e-01	-5.034713e+00
2.347000e-05	1.354701e-01	-5.284287e+00
2.348000e-05	-6.361837e-02	-5.568393e+00
2.349000e-05	-2.743808e-02	-5.730519e+00
2.350000e-05	9.921527e-02	-5.896273e+00
2.351000e-05	-1.153948e-01	-6.145468e+00
2.352000e-05	1.238889e-01	-6.368996e+00
2.353000e-05	-7.675163e-02	-6.568920e+00
2.354000e-05	3.752883e-02	-6.758866e+00
2.355000e-05	2.369307e-02	-6.935882e+00
2.356000e-05	-9.550482e-02	-7.199447e+00
2.357000e-05	1.236048e-01	-7.317840e+00
2.358000e-05	-9.381679e-02	-7.527313e+00
2.359000e-05	7.350652e-02	-7.740441e+00
2.360000e-05	-2.112625e-02	-7.917895e+00
2.361000e-05	-7.487018e-03	-8.137764e+00
2.362000e-05	3.219799e-02	-8.223733e+00
2.363000e-05	-6.182591e-02	-8.380480e+00
2.364000e-05	7.204338e-02	-8.578996e+00
2.365000e-05	-3.324875e-02	-8.729475e+00
2.366000e-05	3.839431e-02	-8.915813e+00
2.367000e-05	-3.717197e-02	-9.034230e+00
2.368000e-05	1.110250e-02	-9.168521e+00
2.369000e-05	2.231386e-02	-9.355788e+00
2.370000e-05	-1.805920e-02	-9.506782e+00
2.371000e-05	1.772873e-02	-9.621681e+00
2.372000e-05	-1.286990e-02	-9.749445e+00
2.373000e-05	2.955724e-02	-9.886809e+00
2.374000e-05	-2.460713e-02	-1.004358e+01
2.375000e-05	1.115405e-02	-1.019947e+01
2.376000e-05	1.195929e-03	-1.029631e+01
2.377000e-05	1.135798e-02	-1.047320e+01
2.378000e-05	-7.442238e-03	-1.053631e+01
2.379000e-05	4.294306e-03	-1.065476e+01
2.380000e-05	1.450747e-02	-1.075784e+01
2.381000e-05	-3.069665e-03	-1.086519e+01
2.382000e-05	9.171268e-04	-1.096992e+01
2.383000e-05	-2.407677e-03	-1.104468e+01
2.384000e-05	1.722080e-02	-1.113944e+01
2.385000e-05	-3.910873e-03	-1.123421e+01
2.386000e-05	9.103847e-03	-1.140144e+01
2.387000e-05	5.572686e-04	-1.145263e+01
2.388000e-05	6.754614e-03	-1.153486e+01
2.389000e-05	-7.776765e-04	-1.159002e+01
2.390000e-05	6.497655e-03	-1.169570e+01
2.391000e-05	7.249198e-03	-1.177644e+01
2.392000e-05	6.118763e-03	-1.181200e+01
2.393000e-05	4.379185e-03	-1.186315e+01
2.394000e-05	2.192803e-03	-1.193886e+01
2.395000e-05	5.278601e-03	-1.203699e+01
2.396000e-05	3.548511e-03	-1.202997e+01
2.397000e-05	8.091598e-03	-1.207470e+01
2.398000e-05	4.252023e-03	-1.210528e+01
2.399000e-05	6.320030e-03	-1.213676e+01
2.400000e-05	6.356491e-03	-1.215726e+01
2.401000e-05	8.113861e-03	-1.217942e+01
2.402000e-05	3.831983e-03	-1.219046e+01
2.403000e-05	8.290787e-03	-1.218939e+01
2.404000e-05	9.848345e-03	-1.220894e+01
2.405000e-05	1.338947e-02	-1.221099e+01
2.406000e-05	1.238444e-02	-1.223195e+01
2.407000e-05	1.491548e-02	-1.220054e+01
2.408000e-05	1.602103e-02	-1.219094e+01
2.409000e-05	1.786571e-02	-1.218949e+01
2.410000e-05	2.440536e-02	-1.218939e+01
2.411000e-05	3.035263e-02	-1.216036e+01
2.412000e-05	3.978436e-02	-1.209831e+01
2.413000e-05	4.954129e-02	-1.207473e+01
2.414000e-05	6.458300e-02	-1.205413e+01
2.415000e-05	7.427533e-02	-1.205002e+01
2.416000e-05	6.906140e-02	-1.199994e+01
2.417000e-05	5.061803e-02	-1.190731e+01
2.418000e-05	3.299837e-02	-1.184307e+01
2.419000e-05	2.281757e-02	-1.178847e+01
2.420000e-05	1.751044e-02	-1.176579e+01
2.421000e-05	1.369342e-02	-1.164308e+01
2.422000e-05	1.066786e-02	-1.156978e+01
2.423000e-05	9.511927e-03	-1.146352e+01
2.424000e-05	1.038105e-02	-1.133839e+01
2.425000e-05	9.241718e-03	-1.126365e+01
2.426000e-05	6.525265e-03	-1.120942e+01
2.427000e-05	6.879674e-03	-1.108153e+01
2.428000e-05	5.758407e-03	-1.096797e+01
2.429000e-05	5.352884e-03	-1.091428e+01
2.430000e-05	3.199961e-03	-1.080089e+01
2.431000e-05	3.789956e-03	-1.073571e+01
2.432000e-05	3.908949e-03	-1.059947e+01
2.433000e-05	3.298095e-03	-1.051473e+01
2.434000e-05	3.607322e-03	-1.037894e+01
2.435000e-05	3.021767e-03	-1.029255e+01
2.436000e-05	3.201440e-03	-1.010523e+01
2.437000e-05	2.272090e-03	-9.980417e+00
2.438000e-05	1.991123e-03	-9.872624e+00
2.439000e-05	1.684508e-03	-9.737293e+00
2.440000e-05	1.820906e-03	-9.651048e+00
2.441000e-05	1.080972e-03	-9.476177e+00
2.442000e-05	1.474099e-03	-9.316857e+00
2.443000e-05	9.225736e-04	-9.169390e+00
2.444000e-05	8.398947e-04	-9.032073e+00
2.445000e-05	9.576446e-04	-8.874204e+00
2.446000e-05	7.189404e-04	-8.676757e+00
2.447000e-05	6.042252e-04	-8.536314e+00
2.448000e-05	1.356166e-03	-8.377894e+00
2.449000e-05	4.647894e-04	-8.202575e+00
2.450000e-05	-1.262871e-04	-8.094123e+00
2.451000e-05	-1.336979e-03	-7.874679e+00
2.452000e-05	-4.833653e-04	-7.633650e+00
2.453000e-05	-1.043856e-03	-7.442678e+00
2.454000e-05	-1.744215e-03	-7.295128e+00
2.455000e-05	-4.836317e-04	-7.083208e+00
2.456000e-05	-1.671769e-03	-6.922677e+00
2.457000e-05	-1.520043e-03	-6.715733e+00
2.458000e-05	-2.546514e-03	-6.514738e+00
2.459000e-05	-1.264178e-03	-6.347282e+00
2.460000e-05	-3.160072e-03	-6.116931e+00
2.461000e-05	-1.794236e-03	-5.945260e+00
2.462000e-05	-3.743448e-03	-5.728366e+00
2.463000e-05	-2.044139e-03	-5.567337e+00
2.464000e-05	-4.013342e-03	-5.324286e+00
2.465000e-05	-1.137453e-03	-5.073679e+00
2.466000e-05	-4.670581e-03	-4.841575e+00
2.467000e-05	-7.592235e-04	-4.619969e+00
2.468000e-05	-4.603901e-03	-4.420574e+00
2.469000e-05	-9.314108e-04	-4.240597e+00
2.470000e-05	-4.350889e-03	-4.042626e+00
2.471000e-05	-1.658087e-03	-3.853179e+00
2.472000e-05	-3.278460e-03	-3.599443e+00
2.473000e-05	-3.644239e-03	-3.427969e+00
2.474000e-05	-4.501486e-03	-3.209898e+00
2.475000e-05	-4.330377e-03	-2.948310e+00
2.476000e-05	-3.389174e-03	-2.745289e+00
2.477000e-05	-3.008979e-03	-2.505809e+00
2.478000e-05	-3.342265e-03	-2.285704e+00
2.479000e-05	-3.501341e-03	-2.050628e+00
2.480000e-05	-4.299136e-03	-1.852103e+00
2.481000e-05	-4.353335e-03	-1.638575e+00
2.482000e-05	-3.935339e-03	-1.338360e+00
2.483000e-05	-5.427183e-03	-1.103234e+00
2.484000e-05	-4.140318e-03	-8.147268e-01
2.485000e-05	-5.794488e-03	-7.041556e-01
2.486000e-05	-4.200369e-03	-3.990264e-01
2.487000e-05	-4.830294e-03	-2.316015e-01
2.488000e-05	-2.870465e-03	1.530128e-03
2.489000e-05	4.372480e-03	2.931341e-01
2.490000e-05	-2.370183e-03	4.531117e-01
2.491000e-05	4.382880e-04	6.430878e-01
2.492000e-05	-2.404158e-03	8.321090e-01
2.493000e-05	-1.810674e-03	1.125192e+00
2.494000e-05	-3.872271e-03	1.337241e+00
2.495000e-05	3.523451e-04	1.527393e+00
2.496000e-05	1.678883e-02	1.800926e+00
2.497000e-05	6.979159e-02	1.999975e+00
2.498000e-05	1.500199e-02	2.222552e+00
2.499000e-05	-7.131074e-02	2.431582e+00
2.500000e-05	-2.012230e-02	2.767896e+00
2.501000e-05	-3.094584e-02	2.937869e+00
2.502000e-05	-7.527706e-02	3.085159e+00
2.503000e-05	7.214847e-02	3.211576e+00
2.504000e-05	8.963781e-02	3.486266e+00
2.505000e-05	-1.841288e-01	3.650658e+00
2.506000e-05	1.831940e-01	3.822605e+00
2.507000e-05	-9.177711e-02	4.074131e+00
2.508000e-05	-3.551584e-02	4.336242e+00
2.509000e-05	8.997285e-02	4.515287e+00
2.510000e-05	-7.381536e-02	4.716298e+00
2.511000e-05	2.579483e-02	4.989845e+00
2.512000e-05	6.469995e-03	5.233055e+00
2.513000e-05	-3.424059e-02	5.466187e+00
2.514000e-05	2.413071e-02	5.663282e+00
2.515000e-05	-3.432401e-02	5.906766e+00
2.516000e-05	8.811769e-03	6.106208e+00
2.517000e-05	-1.776829e-02	6.305833e+00
2.518000e-05	1.911866e-02	6.474282e+00
2.519000e-05	8.956662e-03	6.707191e+00
2.520000e-05	-3.333310e-02	6.924237e+00
2.521000e-05	3.433772e-02	7.087713e+00
2.522000e-05	-5.095412e-02	7.313631e+00
2.523000e-05	1.261051e-02	7.454078e+00
2.524000e-05	3.048666e-03	7.673708e+00
2.525000e-05	-1.077642e-02	7.904759e+00
2.526000e-05	1.405864e-02	8.095553e+00
2.527000e-05	-2.943788e-02	8.274108e+00
2.528000e-05	3.959070e-03	8.419474e+00
2.529000e-05	-1.599488e-02	8.547342e+00
2.530000e-05	8.167403e-03	8.684587e+00
2.531000e-05	-1.152450e-02	8.821575e+00
2.532000e-05	-2.249451e-03	9.021495e+00
2.533000e-05	3.014443e-03	9.187368e+00
2.534000e-05	-1.918019e-02	9.326260e+00
2.535000e-05	-9.399673e-04	9.433102e+00
2.536000e-05	-7.436813e-03	9.559440e+00
2.537000e-05	3.698986e-03	9.756263e+00
2.538000e-05	-1.374206e-02	9.865200e+00
2.539000e-05	-2.598271e-03	1.006195e+01
2.540000e-05	-7.146108e-03	1.014727e+01
2.541000e-05	-9.511629e-03	1.028616e+01
2.542000e-05	-1.043973e-02	1.040939e+01
2.543000e-05	-4.664825e-03	1.050676e+01
2.544000e-05	-2.135112e-03	1.063210e+01
2.545000e-05	-1.148873e-02	1.074879e+01
2.546000e-05	-5.723270e-03	1.089216e+01
2.547000e-05	-6.593503e-03	1.095929e+01
2.548000e-05	-5.423218e-03	1.106813e+01
2.549000e-05	-1.108804e-02	1.114684e+01
2.550000e-05	-6.531253e-03	1.129255e+01
2.551000e-05	-8.292460e-03	1.137779e+01
2.552000e-05	-9.517786e-03	1.148305e+01
2.553000e-05	-6.318881e-03	1.154826e+01
2.554000e-05	-8.512672e-03	1.163097e+01
2.555000e-05	-1.091458e-02	1.169674e+01
2.556000e-05	-1.155880e-02	1.178784e+01
2.557000e-05	-5.610533e-03	1.186205e+01
2.558000e-05	-6.964327e-03	1.188260e+01
2.559000e-05	-8.805719e-03	1.189728e+01
2.560000e-05	-1.134692e-02	1.194734e+01
2.561000e-05	-9.266029e-03	1.199094e+01
2.562000e-05	-1.125920e-02	1.208208e+01
2.563000e-05	-1.137767e-02	1.206411e+01
2.564000e-05	-1.094667e-02	1.217615e+01
2.565000e-05	-1.207238e-02	1.215781e+01
2.566000e-05	-1.244879e-02	1.219039e+01
2.567000e-05	-1.501784e-02	1.217936e+01
2.568000e-05	-1.338119e-02	1.221882e+01
2.569000e-05	-1.408221e-02	1.222152e+01
2.570000e-05	-1.506713e-02	1.224192e+01
2.571000e-05	-1.690688e-02	1.225147e+01
2.572000e-05	-1.902367e-02	1.223052e+01
2.573000e-05	-2.125844e-02	1.226143e+01
2.574000e-05	-2.406219e-02	1.221852e+01
2.575000e-05	-2.797532e-02	1.223392e+01
2.576000e-05	-3.426447e-02	1.220937e+01
2.577000e-05	-4.029163e-02	1.219029e+01
2.578000e-05	-5.021241e-02	1.213676e+01
2.579000e-05	-6.481315e-02	1.210468e+01
2.580000e-05	-7.748028e-02	1.210263e+01
2.581000e-05	-7.767379e-02	1.202189e+01
2.582000e-05	-6.300105e-02	1.199836e+01
2.583000e-05	-4.607701e-02	1.193573e+01
2.584000e-05	-3.138099e-02	1.188463e+01
2.585000e-05	-2.491971e-02	1.182894e+01
2.586000e-05	-2.262196e-02	1.175731e+01
2.587000e-05	-2.019861e-02	1.166358e+01
2.588000e-05	-1.737964e-02	1.162939e+01
2.589000e-05	-1.505643e-02	1.148665e+01
2.590000e-05	-1.364397e-02	1.139784e+01
2.591000e-05	-1.283337e-02	1.135461e+01
2.592000e-05	-1.211136e-02	1.116984e+01
2.593000e-05	-1.331578e-02	1.111576e+01
2.594000e-05	-1.311935e-02	1.101142e+01
2.595000e-05	-1.047940e-02	1.092826e+01
2.596000e-05	-1.162029e-02	1.084254e+01
2.597000e-05	-8.719985e-03	1.072526e+01
2.598000e-05	-1.123665e-02	1.063345e+01
2.599000e-05	-7.086813e-03	1.051358e+01
2.600000e-05	-1.135465e-02	1.033731e+01
2.601000e-05	-8.777936e-03	1.027249e+01
2.602000e-05	-1.131380e-02	1.014671e+01
2.603000e-05	-7.936076e-03	1.001837e+01
2.604000e-05	-8.988083e-03	9.871625e+00
2.605000e-05	-6.755574e-03	9.735131e+00
2.606000e-05	-8.546807e-03	9.598792e+00
2.607000e-05	-6.993250e-03	9.430445e+00
2.608000e-05	-8.390207e-03	9.337213e+00
2.609000e-05	-6.419889e-03	9.168812e+00
2.610000e-05	-9.629447e-03	9.050966e+00
2.611000e-05	-7.627019e-03	8.861891e+00
2.612000e-05	-8.654937e-03	8.704098e+00
2.613000e-05	-7.657881e-03	8.526161e+00
2.614000e-05	-8.122500e-03	8.388866e+00
2.615000e-05	-6.355893e-03	8.238417e+00
2.616000e-05	-4.983883e-03	8.010020e+00
2.617000e-05	-5.601351e-03	7.812947e+00
2.618000e-05	-6.344909e-03	7.670575e+00
2.619000e-05	-6.279581e-03	7.456002e+00
2.620000e-05	-6.915980e-03	7.270672e+00
2.621000e-05	-7.922087e-03	7.074097e+00
2.622000e-05	-8.325119e-03	6.904127e+00
2.623000e-05	-7.405877e-03	6.674179e+00
2.624000e-05	-5.800974e-03	6.482497e+00
2.625000e-05	-5.115255e-03	6.303102e+00
2.626000e-05	-5.424268e-03	6.115759e+00
2.627000e-05	-4.999500e-03	5.974729e+00
2.628000e-05	-5.124476e-03	5.734677e+00
2.629000e-05	-5.895501e-03	5.504233e+00
2.630000e-05	-6.843049e-03	5.315101e+00
2.631000e-05	-6.369547e-03	5.060525e+00
2.632000e-05	-6.648634e-03	4.849444e+00
2.633000e-05	-6.360205e-03	4.579419e+00
2.634000e-05	-5.362417e-03	4.411496e+00
2.635000e-05	-4.801943e-03	4.209890e+00
2.636000e-05	-3.908354e-03	3.967792e+00
2.637000e-05	-4.834095e-03	3.778389e+00
2.638000e-05	-6.312161e-03	3.578840e+00
2.639000e-05	-5.346067e-03	3.374686e+00
2.640000e-05	-5.477142e-03	3.126782e+00
2.641000e-05	-5.638104e-03	2.913634e+00
2.642000e-05	-5.033075e-03	2.724706e+00
2.643000e-05	-5.041593e-03	2.452548e+00
2.644000e-05	-4.497087e-03	2.217469e+00
2.645000e-05	-3.927879e-03	2.019449e+00
2.646000e-05	-4.455299e-03	1.829866e+00
2.647000e-05	-4.426643e-03	1.546256e+00
2.648000e-05	-4.014723e-03	1.343684e+00
2.649000e-05	-4.414263e-03	1.091523e+00
2.650000e-05	-5.019265e-03	7.993459e-01
2.651000e-05	-4.407116e-03	6.183910e-01
2.652000e-05	-3.880952e-03	3.572936e-01
2.653000e-05	-2.523376e-03	1.037355e-01
2.654000e-05	-9.520008e-04	-7.574190e-02
2.655000e-05	8.489480e-03	-3.057659e-01
2.656000e-05	-4.913404e-03	-4.942382e-01
2.657000e-05	5.501571e-03	-7.584962e-01
2.658000e-05	-4.390617e-03	-9.379222e-01
2.659000e-05	2.922592e-03	-1.157345e+00
2.660000e-05	-2.782179e-03	-1.362526e+00
2.661000e-05	1.666224e-02	-1.601553e+00
2.662000e-05	9.032719e-02	-1.789501e+00
2.663000e-05	-6.220332e-03	-2.024161e+00
2.664000e-05	-6.101088e-02	-2.411105e+00
2.665000e-05	-1.149309e-02	-2.663184e+00
2.666000e-05	-6.089257e-02	-2.790026e+00
2.667000e-05	-5.101143e-02	-2.967967e+00
2.668000e-05	2.026633e-01	-3.076745e+00
2.669000e-05	-1.601512e-01	-3.338972e+00
2.670000e-05	8.828583e-02	-3.568896e+00
2.671000e-05	8.711487e-02	-3.625385e+00
2.672000e-05	-1.960946e-01	-3.960053e+00
2.673000e-05	1.773596e-01	-4.189552e+00
2.674000e-05	-5.553400e-02	-4.348949e+00
2.675000e-05	-5.458415e-02	-4.612546e+00
2.676000e-05	1.644365e-01	-4.730953e+00
2.677000e-05	-1.791912e-01	-5.045688e+00
2.678000e-05	1.260286e-01	-5.206210e+00
2.679000e-05	-4.713884e-02	-5.546391e+00
2.680000e-05	-4.457310e-02	-5.739994e+00
2.681000e-05	1.100522e-01	-5.867843e+00
2.682000e-05	-1.200300e-01	-6.108340e+00
2.683000e-05	1.185433e-01	-6.378465e+00
2.684000e-05	-6.833480e-02	-6.538917e+00
2.685000e-05	2.419743e-02	-6.758346e+00
2.686000e-05	3.956817e-02	-6.905335e+00
2.687000e-05	-1.068616e-01	-7.179899e+00
2.688000e-05	1.270299e-01	-7.339870e+00
2.689000e-05	-8.735308e-02	-7.548369e+00
2.690000e-05	6.650361e-02	-7.727463e+00
2.691000e-05	-1.223993e-02	-7.927837e+00
2.692000e-05	-2.022694e-02	-8.104842e+00
2.693000e-05	3.726839e-02	-8.264682e+00
2.694000e-05	-6.780236e-02	-8.400104e+00
2.695000e-05	7.380071e-02	-8.570564e+00
2.696000e-05	-2.977506e-02	-8.738873e+00
2.697000e-05	3.579713e-02	-8.877818e+00
2.698000e-05	-3.136194e-02	-9.044178e+00
2.699000e-05	3.710731e-03	-9.168975e+00
2.700000e-05	2.826641e-02	-9.337287e+00
2.701000e-05	-2.236718e-02	-9.483683e+00
2.702000e-05	2.037541e-02	-9.642606e+00
2.703000e-05	-1.560744e-02	-9.769975e+00
2.704000e-05	3.014355e-02	-9.864311e+00
2.705000e-05	-2.376586e-02	-9.993096e+00
2.706000e-05	9.897195e-03	-1.019044e+01
2.707000e-05	2.825410e-03	-1.027723e+01
2.708000e-05	1.030689e-02	-1.042300e+01
2.709000e-05	-6.420297e-03	-1.054739e+01
2.710000e-05	2.097635e-03	-1.066571e+01
2.711000e-05	1.633388e-02	-1.073842e+01
2.712000e-05	-4.110343e-03	-1.090418e+01
2.713000e-05	2.067173e-03	-1.094691e+01
2.714000e-05	-4.158844e-03	-1.104418e+01
2.715000e-05	1.666046e-02	-1.121002e+01
2.716000e-05	-3.622125e-03	-1.127311e+01
2.717000e-05	9.889061e-03	-1.134994e+01
2.718000e-05	1.379774e-03	-1.144315e+01
2.719000e-05	5.767249e-03	-1.148681e+01
2.720000e-05	-7.001328e-04	-1.153994e+01
2.721000e-05	5.974601e-03	-1.169528e+01
2.722000e-05	7.493912e-03	-1.172783e+01
2.723000e-05	4.177403e-03	-1.185002e+01
2.724000e-05	5.516952e-03	-1.184420e+01
2.725000e-05	2.992996e-03	-1.192586e+01
2.726000e-05	6.096888e-03	-1.196900e+01
2.727000e-05	2.722641e-03	-1.199110e+01
2.728000e-05	8.252646e-03	-1.207370e+01
2.729000e-05	4.236478e-03	-1.209618e+01
2.730000e-05	5.034270e-03	-1.213681e+01
2.731000e-05	6.723489e-03	-1.214726e+01
2.732000e-05	7.897288e-03	-1.215741e+01
2.733000e-05	6.135375e-03	-1.218042e+01
2.734000e-05	7.187222e-03	-1.218054e+01
2.735000e-05	1.078159e-02	-1.224055e+01
2.736000e-05	1.220590e-02	-1.221095e+01
2.737000e-05	1.085340e-02	-1.221155e+01
2.738000e-05	1.453418e-02	-1.219007e+01
2.739000e-05	1.571830e-02	-1.218002e+01
2.740000e-05	2.010179e-02	-1.216897e+01
2.741000e-05	2.394427e-02	-1.218092e+01
2.742000e-05	3.016548e-02	-1.215936e+01
2.743000e-05	3.820200e-02	-1.212781e+01
2.744000e-05	4.912568e-02	-1.210671e+01
2.745000e-05	6.434765e-02	-1.209706e+01
2.746000e-05	7.464965e-02	-1.200197e+01
2.747000e-05	6.892080e-02	-1.193044e+01
2.748000e-05	5.005559e-02	-1.190673e+01
2.749000e-05	3.353057e-02	-1.189365e+01
2.750000e-05	2.326381e-02	-1.182050e+01
2.751000e-05	1.719336e-02	-1.173483e+01
2.752000e-05	1.365686e-02	-1.168210e+01
2.753000e-05	1.131814e-02	-1.149589e+01
2.754000e-05	1.043659e-02	-1.147257e+01
2.755000e-05	9.918686e-03	-1.141049e+01
2.756000e-05	8.642987e-03	-1.129465e+01
2.757000e-05	6.467245e-03	-1.118686e+01
2.758000e-05	6.943977e-03	-1.107408e+01
2.759000e-05	4.492590e-03	-1.095040e+01
2.760000e-05	4.781834e-03	-1.086423e+01
2.761000e-05	4.366265e-03	-1.081899e+01
2.762000e-05	3.719023e-03	-1.071483e+01
2.763000e-05	3.723442e-03	-1.062100e+01
2.764000e-05	2.953126e-03	-1.051421e+01
2.765000e-05	2.426137e-03	-1.038889e+01
2.766000e-05	2.397833e-03	-1.025255e+01
2.767000e-05	1.996788e-03	-1.013578e+01
2.768000e-05	2.540766e-03	-9.980016e+00
2.769000e-05	2.831530e-03	-9.863203e+00
2.770000e-05	1.636253e-03	-9.747313e+00
2.771000e-05	1.315241e-03	-9.641148e+00
2.772000e-05	1.629471e-03	-9.484733e+00
2.773000e-05	1.398911e-03	-9.368361e+00
2.774000e-05	3.130583e-04	-9.160362e+00
2.775000e-05	1.047079e-03	-9.032070e+00
2.776000e-05	1.214200e-03	-8.911802e+00
2.777000e-05	5.933410e-04	-8.736209e+00
2.778000e-05	2.460801e-04	-8.566964e+00
2.779000e-05	8.203527e-04	-8.379391e+00
2.780000e-05	4.102838e-04	-8.212072e+00
2.781000e-05	5.043121e-05	-8.083180e+00
2.782000e-05	-1.851079e-03	-7.894729e+00
2.783000e-05	-3.867471e-04	-7.665101e+00
2.784000e-05	-1.283509e-03	-7.484682e+00
2.785000e-05	-2.143981e-03	-7.303158e+00
2.786000e-05	-1.643406e-03	-7.104206e+00
2.787000e-05	-4.685560e-04	-6.933285e+00
2.788000e-05	-2.277736e-03	-6.705784e+00
2.789000e-05	-2.601290e-03	-6.577338e+00
2.790000e-05	-2.447715e-03	-6.336410e+00
2.791000e-05	-2.130071e-03	-6.166388e+00
2.792000e-05	-1.245001e-03	-5.916788e+00
2.793000e-05	-3.459671e-03	-5.756713e+00
2.794000e-05	-1.810888e-03	-5.578791e+00
2.795000e-05	-3.712710e-03	-5.363383e+00
2.796000e-05	-1.191716e-03	-5.074232e+00
2.797000e-05	-4.392401e-03	-4.864102e+00
2.798000e-05	-1.783306e-03	-4.621448e+00
2.799000e-05	-3.362711e-03	-4.420628e+00
2.800000e-05	-1.679865e-03	-4.284175e+00
2.801000e-05	-4.009768e-03	-4.052701e+00
2.802000e-05	-2.286824e-03	-3.863127e+00
2.803000e-05	-2.811602e-03	-3.639998e+00
2.804000e-05	-3.083949e-03	-3.411071e+00
2.805000e-05	-3.537075e-03	-3.200916e+00
2.806000e-05	-4.641063e-03	-2.959342e+00
2.807000e-05	-3.807377e-03	-2.727361e+00
2.808000e-05	-2.628923e-03	-2.525759e+00
2.809000e-05	-3.678663e-03	-2.314711e+00
2.810000e-05	-4.242477e-03	-2.044182e+00
2.811000e-05	-4.078038e-03	-1.862652e+00
2.812000e-05	-4.006945e-03	-1.641150e+00
2.813000e-05	-4.074256e-03	-1.368390e+00
2.814000e-05	-5.503499e-03	-1.164257e+00
2.815000e-05	-4.281814e-03	-8.642541e-01
2.816000e-05	-5.615544e-03	-7.151842e-01
2.817000e-05	-5.035402e-03	-4.115213e-01
2.818000e-05	-5.011718e-03	-2.004514e-01
2.819000e-05	-2.583783e-03	-1.947375e-02
2.820000e-05	5.038650e-03	2.316341e-01
2.821000e-05	-3.334771e-03	4.621591e-01
2.822000e-05	-1.254092e-03	6.531340e-01
2.823000e-05	-1.964921e-03	8.120764e-01
2.824000e-05	-8.026433e-04	1.044140e+00
2.825000e-05	-2.708486e-03	1.295314e+00
2.826000e-05	-3.360452e-04	1.545967e+00
2.827000e-05	1.458556e-02	1.758421e+00
2.828000e-05	6.752769e-02	1.948921e+00
2.829000e-05	2.209501e-02	2.202530e+00
2.830000e-05	-7.377231e-02	2.463534e+00
2.831000e-05	-1.895550e-02	2.736293e+00
2.832000e-05	-3.197766e-02	2.915268e+00
2.833000e-05	-7.401662e-02	3.094135e+00
2.834000e-05	5.954605e-02	3.220055e+00
2.835000e-05	1.065139e-01	3.504711e+00
2.836000e-05	-1.884910e-01	3.662628e+00
2.837000e-05	1.771619e-01	3.820552e+00
2.838000e-05	-7.871936e-02	4.104186e+00
2.839000e-05	-4.883374e-02	4.295732e+00
2.840000e-05	9.103838e-02	4.476211e+00
2.841000e-05	-7.255201e-02	4.727341e+00
2.842000e-05	2.411756e-02	4.919444e+00
2.843000e-05	1.552459e-02	5.241652e+00
2.844000e-05	-3.910269e-02	5.474109e+00
2.845000e-05	2.331347e-02	5.653156e+00
2.846000e-05	-3.372760e-02	5.926763e+00
2.847000e-05	5.628301e-03	6.114659e+00
2.848000e-05	-1.333599e-02	6.275206e+00
2.849000e-05	1.656242e-02	6.473658e+00
2.850000e-05	1.412253e-02	6.677207e+00
2.851000e-05	-4.029456e-02	6.895261e+00
2.852000e-05	3.546670e-02	7.135184e+00
2.853000e-05	-4.875976e-02	7.252108e+00
2.854000e-05	1.040090e-02	7.413700e+00
2.855000e-05	6.193141e-03	7.634157e+00
2.856000e-05	-1.467810e-02	7.885104e+00
2.857000e-05	1.446005e-02	8.054185e+00
2.858000e-05	-3.011217e-02	8.244180e+00
2.859000e-05	3.949824e-03	8.379950e+00
2.860000e-05	-1.401206e-02	8.528790e+00
2.861000e-05	6.742831e-03	8.675156e+00
2.862000e-05	-1.057558e-02	8.830480e+00
2.863000e-05	-3.573234e-03	8.989470e+00
2.864000e-05	5.069993e-03	9.168915e+00
2.865000e-05	-1.995624e-02	9.316713e+00
2.866000e-05	-2.091779e-03	9.422626e+00
2.867000e-05	-7.835197e-03	9.548390e+00
2.868000e-05	2.382232e-03	9.755189e+00
2.869000e-05	-1.295357e-02	9.842648e+00
2.870000e-05	-4.876794e-04	9.989975e+00
2.871000e-05	-4.972420e-03	1.013771e+01
2.872000e-05	-9.903417e-03	1.027213e+01
2.873000e-05	-1.230649e-02	1.032744e+01
2.874000e-05	-3.595852e-03	1.050516e+01
2.875000e-05	-2.130654e-03	1.066147e+01
2.876000e-05	-1.148231e-02	1.075873e+01
2.877000e-05	-7.017516e-03	1.088311e+01
2.878000e-05	-6.303886e-03	1.097982e+01
2.879000e-05	-5.747564e-03	1.107518e+01
2.880000e-05	-1.157965e-02	1.118689e+01
2.881000e-05	-6.351593e-03	1.124055e+01
2.882000e-05	-6.579208e-03	1.134728e+01
2.883000e-05	-9.100405e-03	1.146502e+01
2.884000e-05	-8.277931e-03	1.154933e+01
2.885000e-05	-8.083534e-03	1.165415e+01
2.886000e-05	-8.582799e-03	1.170776e+01
2.887000e-05	-1.141659e-02	1.178899e+01
2.888000e-05	-5.493022e-03	1.182195e+01
2.889000e-05	-7.867000e-03	1.186322e+01
2.890000e-05	-7.584134e-03	1.190724e+01
2.891000e-05	-1.151618e-02	1.196686e+01
2.892000e-05	-9.846419e-03	1.197937e+01
2.893000e-05	-1.158864e-02	1.205255e+01
2.894000e-05	-1.045051e-02	1.209410e+01
2.895000e-05	-1.138257e-02	1.211621e+01
2.896000e-05	-1.148658e-02	1.216076e+01
2.897000e-05	-1.342864e-02	1.220786e+01
2.898000e-05	-1.342141e-02	1.217894e+01
2.899000e-05	-1.359108e-02	1.220044e+01
2.900000e-05	-1.553306e-02	1.224202e+01
2.901000e-05	-1.582533e-02	1.223245e+01
2.902000e-05	-1.720469e-02	1.225350e+01
2.903000e-05	-1.878437e-02	1.227395e+01
2.904000e-05	-2.085211e-02	1.219147e+01
2.905000e-05	-2.379540e-02	1.223300e+01
2.906000e-05	-2.785927e-02	1.222347e+01
2.907000e-05	-3.266915e-02	1.222142e+01
2.908000e-05	-3.950034e-02	1.219889e+01
2.909000e-05	-4.979565e-02	1.216781e+01
2.910000e-05	-6.415071e-02	1.210464e+01
2.911000e-05	-7.793079e-02	1.210260e+01
2.912000e-05	-7.862670e-02	1.204194e+01
2.913000e-05	-6.305612e-02	1.197984e+01
2.914000e-05	-4.622248e-02	1.193473e+01
2.915000e-05	-3.196873e-02	1.185515e+01
2.916000e-05	-2.524598e-02	1.185002e+01
2.917000e-05	-2.237397e-02	1.175934e+01
2.918000e-05	-2.004249e-02	1.167358e+01
2.919000e-05	-1.670200e-02	1.158741e+01
2.920000e-05	-1.533282e-02	1.148570e+01
2.921000e-05	-1.361612e-02	1.143034e+01
2.922000e-05	-1.314193e-02	1.133308e+01
2.923000e-05	-1.212043e-02	1.123039e+01
2.924000e-05	-1.292337e-02	1.108716e+01
2.925000e-05	-1.262008e-02	1.105144e+01
2.926000e-05	-1.124448e-02	1.095878e+01
2.927000e-05	-1.146324e-02	1.084207e+01
2.928000e-05	-9.649133e-03	1.072628e+01
2.929000e-05	-1.151311e-02	1.064104e+01
2.930000e-05	-9.300442e-03	1.056415e+01
2.931000e-05	-1.009216e-02	1.037881e+01
2.932000e-05	-8.860874e-03	1.025257e+01
2.933000e-05	-9.834917e-03	1.012526e+01
2.934000e-05	-9.212067e-03	1.005094e+01
2.935000e-05	-8.943180e-03	9.862598e+00
2.936000e-05	-6.387463e-03	9.775656e+00
2.937000e-05	-9.056224e-03	9.577339e+00
2.938000e-05	-8.850479e-03	9.442519e+00
2.939000e-05	-9.000632e-03	9.326182e+00
2.940000e-05	-6.915430e-03	9.188337e+00
2.941000e-05	-7.617571e-03	9.020991e+00
2.942000e-05	-7.591961e-03	8.841024e+00
2.943000e-05	-7.929515e-03	8.713599e+00
2.944000e-05	-7.196957e-03	8.526663e+00
2.945000e-05	-7.193002e-03	8.397963e+00
2.946000e-05	-6.533973e-03	8.169440e+00
2.947000e-05	-6.740457e-03	8.041916e+00
2.948000e-05	-7.183097e-03	7.842545e+00
2.949000e-05	-6.623271e-03	7.691527e+00
2.950000e-05	-6.898005e-03	7.483171e+00
2.951000e-05	-6.443819e-03	7.273444e+00
2.952000e-05	-5.653406e-03	7.084098e+00
2.953000e-05	-6.567166e-03	6.914157e+00
2.954000e-05	-6.139073e-03	6.716254e+00
2.955000e-05	-6.222153e-03	6.525075e+00
2.956000e-05	-6.411300e-03	6.314683e+00
2.957000e-05	-5.501065e-03	6.125232e+00
2.958000e-05	-5.861912e-03	5.955786e+00
2.959000e-05	-6.152902e-03	5.776654e+00
2.960000e-05	-6.101962e-03	5.524183e+00
2.961000e-05	-5.400484e-03	5.334631e+00
2.962000e-05	-5.718646e-03	5.082598e+00
2.963000e-05	-5.981772e-03	4.800569e+00
2.964000e-05	-5.969196e-03	4.639969e+00
2.965000e-05	-5.294547e-03	4.430549e+00
2.966000e-05	-5.176598e-03	4.209344e+00
2.967000e-05	-5.335648e-03	4.027270e+00
2.968000e-05	-5.496832e-03	3.768390e+00
2.969000e-05	-5.567554e-03	3.599369e+00
2.970000e-05	-4.892581e-03	3.386259e+00
2.971000e-05	-4.787883e-03	3.126207e+00
2.972000e-05	-4.849983e-03	2.915760e+00
2.973000e-05	-4.644415e-03	2.757258e+00
2.974000e-05	-4.732027e-03	2.451503e+00
2.975000e-05	-5.131907e-03	2.260447e+00
2.976000e-05	-5.040821e-03	2.019473e+00
2.977000e-05	-4.496453e-03	1.820368e+00
2.978000e-05	-3.885438e-03	1.637338e+00
2.979000e-05	-4.675878e-03	1.325212e+00
2.980000e-05	-4.750464e-03	1.054125e+00
2.981000e-05	-4.116149e-03	8.094674e-01
2.982000e-05	-4.135700e-03	5.993697e-01
2.983000e-05	-3.073638e-03	4.083962e-01
2.984000e-05	-3.246895e-03	1.347332e-01
2.985000e-05	-1.368624e-03	-7.521448e-02
2.986000e-05	8.055565e-03	-2.762909e-01
2.987000e-05	-4.979882e-03	-4.842631e-01
2.988000e-05	4.783893e-03	-7.283696e-01
2.989000e-05	-4.062166e-03	-9.368472e-01
2.990000e-05	3.196989e-03	-1.136371e+00
2.991000e-05	-3.093431e-03	-1.310498e+00
2.992000e-05	1.535797e-02	-1.590529e+00
2.993000e-05	8.659106e-02	-1.768450e+00
2.994000e-05	3.590194e-03	-2.003260e+00
2.995000e-05	-6.735800e-02	-2.358953e+00
2.996000e-05	-8.918281e-03	-2.632659e+00
2.997000e-05	-6.111189e-02	-2.800031e+00
2.998000e-05	-5.890589e-02	-2.928392e+00
2.999000e-05	1.999539e-01	-3.095770e+00
3.000000e-05	-1.477545e-01	-3.316374e+00
3.001000e-05	6.662201e-02	-3.569398e+00
3.002000e-05	1.115578e-01	-3.616762e+00
3.003000e-05	-2.059491e-01	-3.980000e+00
3.004000e-05	1.710737e-01	-4.149474e+00
3.005000e-05	-4.176376e-02	-4.380500e+00
3.006000e-05	-6.754278e-02	-4.572126e+00
3.007000e-05	1.697745e-01	-4.778452e+00
3.008000e-05	-1.737696e-01	-5.013653e+00
3.009000e-05	1.112723e-01	-5.242759e+00
3.010000e-05	-3.047371e-02	-5.457242e+00
3.011000e-05	-6.164904e-02	-5.748447e+00
3.012000e-05	1.191544e-01	-5.896391e+00
3.013000e-05	-1.189067e-01	-6.086291e+00
3.014000e-05	1.122231e-01	-6.346868e+00
3.015000e-05	-5.384016e-02	-6.518368e+00
3.016000e-05	1.157029e-02	-6.767321e+00
3.017000e-05	5.182499e-02	-6.896462e+00
3.018000e-05	-1.167916e-01	-7.170020e+00
3.019000e-05	1.261218e-01	-7.307310e+00
3.020000e-05	-8.412710e-02	-7.527840e+00
3.021000e-05	5.763916e-02	-7.727737e+00
3.022000e-05	-1.653460e-03	-7.917413e+00
3.023000e-05	-2.677332e-02	-8.106316e+00
3.024000e-05	4.479715e-02	-8.254128e+00
3.025000e-05	-7.037513e-02	-8.431532e+00
3.026000e-05	7.182417e-02	-8.551414e+00
3.027000e-05	-2.768270e-02	-8.738370e+00
3.028000e-05	3.139767e-02	-8.895713e+00
3.029000e-05	-2.734770e-02	-9.054153e+00
3.030000e-05	-3.239093e-03	-9.168899e+00
3.031000e-05	3.203898e-02	-9.336814e+00
3.032000e-05	-2.339931e-02	-9.476183e+00
3.033000e-05	2.349944e-02	-9.622600e+00
3.034000e-05	-1.581335e-02	-9.790919e+00
3.035000e-05	3.114495e-02	-9.896261e+00
3.036000e-05	-2.277628e-02	-1.002163e+01
3.037000e-05	7.350482e-03	-1.016089e+01
3.038000e-05	2.310158e-03	-1.023681e+01
3.039000e-05	9.161608e-03	-1.043260e+01
3.040000e-05	-3.713948e-03	-1.055734e+01
3.041000e-05	1.174546e-03	-1.069415e+01
3.042000e-05	1.706683e-02	-1.073789e+01
3.043000e-05	-3.938326e-03	-1.083411e+01
3.044000e-05	3.361822e-03	-1.097894e+01
3.045000e-05	-4.929333e-03	-1.107418e+01
3.046000e-05	1.793794e-02	-1.114886e+01
3.047000e-05	-3.476474e-03	-1.128413e+01
3.048000e-05	8.493298e-03	-1.133794e+01
3.049000e-05	1.493556e-03	-1.143203e+01
3.050000e-05	5.193753e-03	-1.153774e+01
3.051000e-05	9.189080e-04	-1.158997e+01
3.052000e-05	7.073784e-03	-1.168515e+01
3.053000e-05	8.935088e-03	-1.175886e+01
3.054000e-05	4.242706e-03	-1.184194e+01
3.055000e-05	5.221092e-03	-1.188573e+01
3.056000e-05	2.562131e-03	-1.190773e+01
3.057000e-05	6.367496e-03	-1.192991e+01
3.058000e-05	2.718904e-03	-1.203055e+01
3.059000e-05	7.248547e-03	-1.200263e+01
3.060000e-05	4.442979e-03	-1.210668e+01
3.061000e-05	4.983807e-03	-1.213624e+01
3.062000e-05	7.301921e-03	-1.214679e+01
3.063000e-05	7.522879e-03	-1.216994e+01
3.064000e-05	6.662354e-03	-1.217844e+01
3.065000e-05	7.197092e-03	-1.218997e+01
3.066000e-05	1.061040e-02	-1.220144e+01
3.067000e-05	1.227543e-02	-1.222005e+01
3.068000e-05	1.094372e-02	-1.222044e+01
3.069000e-05	1.380838e-02	-1.218142e+01
3.070000e-05	1.587771e-02	-1.222142e+01
3.071000e-05	1.911137e-02	-1.219044e+01
3.072000e-05	2.352369e-02	-1.219049e+01
3.073000e-05	3.033575e-02	-1.217836e+01
3.074000e-05	3.861352e-02	-1.213831e+01
3.075000e-05	4.725110e-02	-1.209568e+01
3.076000e-05	6.341058e-02	-1.207262e+01
3.077000e-05	7.483369e-02	-1.203302e+01
3.078000e-05	7.036832e-02	-1.197042e+01
3.079000e-05	5.110685e-02	-1.190623e+01
3.080000e-05	3.329593e-02	-1.186515e+01
3.081000e-05	2.318947e-02	-1.179952e+01
3.082000e-05	1.817965e-02	-1.172571e+01
3.083000e-05	1.404521e-02	-1.167117e+01
3.084000e-05	1.124810e-02	-1.158786e+01
3.085000e-05	1.042904e-02	-1.145318e+01
3.086000e-05	1.063547e-02	-1.141094e+01
3.087000e-05	8.528340e-03	-1.124363e+01
3.088000e-05	5.815390e-03	-1.121199e+01
3.089000e-05	5.893463e-03	-1.112310e+01
3.090000e-05	4.668649e-03	-1.093687e+01
3.091000e-05	4.812633e-03	-1.088623e+01
3.092000e-05	3.985558e-03	-1.079002e+01
3.093000e-05	4.310212e-03	-1.070628e+01
3.094000e-05	3.590352e-03	-1.059957e+01
3.095000e-05	3.252869e-03	-1.051428e+01
3.096000e-05	3.049030e-03	-1.040936e+01
3.097000e-05	2.035568e-03	-1.025450e+01
3.098000e-05	2.360256e-03	-1.012826e+01
3.099000e-05	2.301366e-03	-1.001089e+01
3.100000e-05	2.917256e-03	-9.893623e+00
3.101000e-05	1.430690e-03	-9.786814e+00
3.102000e-05	2.188926e-03	-9.652525e+00
3.103000e-05	1.387974e-03	-9.486182e+00
3.104000e-05	1.853960e-03	-9.337808e+00
3.105000e-05	1.140698e-03	-9.200419e+00
3.106000e-05	1.243923e-03	-9.082578e+00
3.107000e-05	4.655441e-04	-8.916153e+00
3.108000e-05	1.236767e-03	-8.746837e+00
3.109000e-05	-5.889850e-04	-8.587914e+00
3.110000e-05	3.321597e-04	-8.401468e+00
3.111000e-05	-1.534747e-04	-8.262074e+00
3.112000e-05	-2.843081e-04	-8.083205e+00
3.113000e-05	-2.213445e-04	-7.866607e+00
3.114000e-05	-1.196374e-03	-7.723257e+00
3.115000e-05	-1.062478e-03	-7.466176e+00
3.116000e-05	-7.625222e-04	-7.325759e+00
3.117000e-05	-1.178460e-03	-7.125233e+00
3.118000e-05	-1.852334e-03	-6.915734e+00
3.119000e-05	-1.775279e-03	-6.736806e+00
3.120000e-05	-2.204821e-03	-6.528238e+00
3.121000e-05	-9.927981e-04	-6.348369e+00
3.122000e-05	-2.811730e-03	-6.187836e+00
3.123000e-05	-1.476759e-03	-5.946340e+00
3.124000e-05	-3.169660e-03	-5.747365e+00
3.125000e-05	-2.535081e-03	-5.587415e+00
3.126000e-05	-4.391038e-03	-5.337412e+00
3.127000e-05	-6.387700e-04	-5.095276e+00
3.128000e-05	-3.957465e-03	-4.892600e+00
3.129000e-05	-1.293740e-03	-4.601522e+00
3.130000e-05	-4.576816e-03	-4.472625e+00
3.131000e-05	-2.344836e-03	-4.284054e+00
3.132000e-05	-4.588413e-03	-4.055204e+00
3.133000e-05	-1.329477e-03	-3.863629e+00
3.134000e-05	-3.407477e-03	-3.641500e+00
3.135000e-05	-1.598554e-03	-3.400499e+00
3.136000e-05	-4.025250e-03	-3.210449e+00
3.137000e-05	-4.524854e-03	-2.988417e+00
3.138000e-05	-4.725576e-03	-2.747790e+00
3.139000e-05	-2.848852e-03	-2.558365e+00
3.140000e-05	-3.192887e-03	-2.327308e+00
3.141000e-05	-4.625456e-03	-2.062053e+00
3.142000e-05	-4.109618e-03	-1.842177e+00
3.143000e-05	-4.985059e-03	-1.640053e+00
3.144000e-05	-3.230074e-03	-1.389016e+00
3.145000e-05	-4.848191e-03	-1.126162e+00
3.146000e-05	-4.646442e-03	-9.167858e-01
3.147000e-05	-5.849155e-03	-7.333058e-01
3.148000e-05	-5.051091e-03	-4.310265e-01
3.149000e-05	-4.333793e-03	-2.511000e-01
3.150000e-05	-3.640460e-03	-2.157507e-02
3.151000e-05	4.014299e-03	2.415853e-01
3.152000e-05	-1.600780e-03	4.326315e-01
3.153000e-05	-1.267762e-03	6.416104e-01
3.154000e-05	-9.838871e-04	8.506276e-01
3.155000e-05	-2.420574e-03	1.054209e+00
3.156000e-05	-3.769532e-03	1.286290e+00
3.157000e-05	-8.086364e-04	1.487793e+00
3.158000e-05	1.400482e-02	1.777921e+00
3.159000e-05	6.449944e-02	1.940471e+00
3.160000e-05	2.840489e-02	2.191005e+00
3.161000e-05	-7.688414e-02	2.452032e+00
3.162000e-05	-1.961210e-02	2.716391e+00
3.163000e-05	-3.247030e-02	2.925687e+00
3.164000e-05	-6.973591e-02	3.065210e+00
3.165000e-05	4.730573e-02	3.210500e+00
3.166000e-05	1.200384e-01	3.501689e+00
3.167000e-05	-1.932655e-01	3.642558e+00
3.168000e-05	1.679384e-01	3.791081e+00
3.169000e-05	-6.185934e-02	4.073655e+00
3.170000e-05	-5.912511e-02	4.306238e+00
3.171000e-05	9.774714e-02	4.495787e+00
3.172000e-05	-6.921288e-02	4.707820e+00
3.173000e-05	1.571025e-02	4.937263e+00
3.174000e-05	1.977630e-02	5.243603e+00
3.175000e-05	-4.167021e-02	5.443084e+00
3.176000e-05	2.464675e-02	5.622603e+00
3.177000e-05	-3.163445e-02	5.925738e+00
3.178000e-05	2.307168e-03	6.083681e+00
3.179000e-05	-1.284886e-02	6.295209e+00
3.180000e-05	1.153241e-02	6.462607e+00
3.181000e-05	2.116394e-02	6.667684e+00
3.182000e-05	-4.098923e-02	6.866233e+00
3.183000e-05	3.503381e-02	7.077208e+00
3.184000e-05	-4.754954e-02	7.280607e+00
3.185000e-05	7.742715e-03	7.415647e+00
3.186000e-05	9.066768e-03	7.663328e+00
3.187000e-05	-1.559229e-02	7.813131e+00
3.188000e-05	1.618030e-02	8.054610e+00
3.189000e-05	-3.004769e-02	8.273180e+00
3.190000e-05	2.918257e-03	8.379448e+00
3.191000e-05	-1.498904e-02	8.507291e+00
3.192000e-05	7.672511e-03	8.694103e+00
3.193000e-05	-9.369454e-03	8.812955e+00
3.194000e-05	-5.123065e-03	9.009992e+00
3.195000e-05	4.644136e-03	9.158287e+00
3.196000e-05	-1.925867e-02	9.314784e+00
3.197000e-05	-1.533302e-03	9.440974e+00
3.198000e-05	-7.009695e-03	9.578842e+00
3.199000e-05	2.270449e-03	9.724662e+00
3.200000e-05	-1.307095e-02	9.843099e+00
3.201000e-05	-2.959367e-03	1.002109e+01
3.202000e-05	-5.036338e-03	1.012726e+01
3.203000e-05	-9.173901e-03	1.028258e+01
3.204000e-05	-1.151256e-02	1.033096e+01
3.205000e-05	-3.821029e-03	1.047626e+01
3.206000e-05	-2.056246e-03	1.064312e+01
3.207000e-05	-1.156525e-02	1.073639e+01
3.208000e-05	-6.638264e-03	1.087468e+01
3.209000e-05	-4.620856e-03	1.091887e+01
3.210000e-05	-5.897843e-03	1.105268e+01
3.211000e-05	-1.131655e-02	1.115731e+01
3.212000e-05	-8.086534e-03	1.126153e+01
3.213000e-05	-6.971755e-03	1.136626e+01
3.214000e-05	-8.078721e-03	1.148303e+01
3.215000e-05	-6.778132e-03	1.154733e+01
3.216000e-05	-8.099405e-03	1.163195e+01
3.217000e-05	-9.192958e-03	1.169313e+01
3.218000e-05	-1.116237e-02	1.175834e+01
3.219000e-05	-5.280978e-03	1.183149e+01
3.220000e-05	-7.853397e-03	1.189268e+01
3.221000e-05	-8.949125e-03	1.188518e+01
3.222000e-05	-1.196392e-02	1.197084e+01
3.223000e-05	-9.300542e-03	1.199992e+01
3.224000e-05	-1.137792e-02	1.204152e+01
3.225000e-05	-9.985394e-03	1.211408e+01
3.226000e-05	-1.138068e-02	1.213665e+01
3.227000e-05	-1.289902e-02	1.215781e+01
3.228000e-05	-1.381923e-02	1.219824e+01
3.229000e-05	-1.256736e-02	1.220889e+01
3.230000e-05	-1.212414e-02	1.224037e+01
3.231000e-05	-1.466336e-02	1.221142e+01
3.232000e-05	-1.550219e-02	1.227050e+01
3.233000e-05	-1.690891e-02	1.225307e+01
3.234000e-05	-1.810652e-02	1.224405e+01
3.235000e-05	-2.084439e-02	1.224149e+01
3.236000e-05	-2.388006e-02	1.220900e+01
3.237000e-05	-2.791095e-02	1.221150e+01
3.238000e-05	-3.347266e-02	1.219839e+01
3.239000e-05	-3.950585e-02	1.219876e+01
3.240000e-05	-4.874451e-02	1.214023e+01
3.241000e-05	-6.357027e-02	1.211563e+01
3.242000e-05	-7.814808e-02	1.209503e+01
3.243000e-05	-7.777215e-02	1.202192e+01
3.244000e-05	-6.290018e-02	1.194934e+01
3.245000e-05	-4.638927e-02	1.191723e+01
3.246000e-05	-3.309648e-02	1.188463e+01
3.247000e-05	-2.674534e-02	1.181095e+01
3.248000e-05	-2.189270e-02	1.178781e+01
3.249000e-05	-2.009128e-02	1.170408e+01
3.250000e-05	-1.735948e-02	1.162786e+01
3.251000e-05	-1.577545e-02	1.147505e+01
3.252000e-05	-1.461567e-02	1.142144e+01
3.253000e-05	-1.328482e-02	1.136320e+01
3.254000e-05	-1.224194e-02	1.122994e+01
3.255000e-05	-1.312721e-02	1.114525e+01
3.256000e-05	-1.247908e-02	1.105152e+01
3.257000e-05	-1.152513e-02	1.092731e+01
3.258000e-05	-1.238369e-02	1.085100e+01
3.259000e-05	-9.659970e-03	1.078676e+01
3.260000e-05	-1.015111e-02	1.065094e+01
3.261000e-05	-7.529629e-03	1.051555e+01
3.262000e-05	-1.077637e-02	1.035731e+01
3.263000e-05	-9.963419e-03	1.027255e+01
3.264000e-05	-9.523102e-03	1.014879e+01
3.265000e-05	-8.313319e-03	1.006839e+01
3.266000e-05	-9.441236e-03	9.903677e+00
3.267000e-05	-8.574850e-03	9.776233e+00
3.268000e-05	-9.152191e-03	9.597912e+00
3.269000e-05	-8.011201e-03	9.471522e+00
3.270000e-05	-8.362302e-03	9.337654e+00
3.271000e-05	-6.708444e-03	9.187942e+00
3.272000e-05	-7.186681e-03	9.043495e+00
3.273000e-05	-7.104843e-03	8.872096e+00
3.274000e-05	-8.129899e-03	8.723181e+00
3.275000e-05	-7.441591e-03	8.547310e+00
3.276000e-05	-7.973643e-03	8.378415e+00
3.277000e-05	-6.536905e-03	8.271494e+00
3.278000e-05	-7.069002e-03	8.071447e+00
3.279000e-05	-6.911093e-03	7.862024e+00
3.280000e-05	-7.156664e-03	7.671623e+00
3.281000e-05	-5.720762e-03	7.473575e+00
3.282000e-05	-6.106949e-03	7.279555e+00
3.283000e-05	-6.657171e-03	7.083103e+00
3.284000e-05	-7.042319e-03	6.905152e+00
3.285000e-05	-6.245529e-03	6.704158e+00
3.286000e-05	-6.214437e-03	6.485180e+00
3.287000e-05	-6.785595e-03	6.334181e+00
3.288000e-05	-5.985149e-03	6.146711e+00
3.289000e-05	-6.230090e-03	5.955736e+00
3.290000e-05	-6.528423e-03	5.726660e+00
3.291000e-05	-5.883885e-03	5.545689e+00
3.292000e-05	-6.174177e-03	5.305179e+00
3.293000e-05	-5.608668e-03	5.061550e+00
3.294000e-05	-6.094859e-03	4.789395e+00
3.295000e-05	-5.591708e-03	4.619494e+00
3.296000e-05	-5.748069e-03	4.420968e+00
3.297000e-05	-6.278752e-03	4.250496e+00
3.298000e-05	-5.253156e-03	3.948912e+00
3.299000e-05	-5.770603e-03	3.798391e+00
3.300000e-05	-4.716095e-03	3.588970e+00
3.301000e-05	-5.365481e-03	3.313320e+00
3.302000e-05	-4.648730e-03	3.115267e+00
3.303000e-05	-5.261121e-03	2.914686e+00
3.304000e-05	-5.546644e-03	2.744212e+00
3.305000e-05	-5.106127e-03	2.462626e+00
3.306000e-05	-4.842115e-03	2.218946e+00
3.307000e-05	-4.002891e-03	2.051549e+00
3.308000e-05	-4.520813e-03	1.809473e+00
3.309000e-05	-4.610275e-03	1.606363e+00
3.310000e-05	-4.341019e-03	1.326763e+00
3.311000e-05	-4.996767e-03	1.082227e+00
3.312000e-05	-4.010214e-03	8.085512e-01
3.313000e-05	-3.884464e-03	6.084449e-01
3.314000e-05	-2.791002e-03	4.384712e-01
3.315000e-05	-2.128934e-03	1.577630e-01
3.316000e-05	-2.209009e-03	-4.481453e-02
3.317000e-05	7.775514e-03	-3.157156e-01
3.318000e-05	-4.608439e-03	-4.332607e-01
3.319000e-05	4.511140e-03	-7.589409e-01
3.320000e-05	-3.772404e-03	-9.073645e-01
3.321000e-05	3.140768e-03	-1.097867e+00
3.322000e-05	-3.277243e-03	-1.298447e+00
3.323000e-05	1.457154e-02	-1.589976e+00
3.324000e-05	8.311693e-02	-1.737449e+00
3.325000e-05	1.383247e-02	-2.012678e+00
3.326000e-05	-7.334345e-02	-2.371499e+00
3.327000e-05	-5.808689e-03	-2.623630e+00
3.328000e-05	-5.935749e-02	-2.799001e+00
3.329000e-05	-6.377931e-02	-2.919396e+00
3.330000e-05	1.970287e-01	-3.075289e+00
3.331000e-05	-1.339766e-01	-3.306896e+00
3.332000e-05	4.028579e-02	-3.577470e+00
3.333000e-05	1.342204e-01	-3.664185e+00
3.334000e-05	-2.099794e-01	-3.979819e+00
3.335000e-05	1.637818e-01	-4.168473e+00
3.336000e-05	-2.524244e-02	-4.319447e+00
3.337000e-05	-8.297658e-02	-4.590451e+00
3.338000e-05	1.743821e-01	-4.719050e+00
3.339000e-05	-1.665492e-01	-5.032629e+00
3.340000e-05	9.725561e-02	-5.223706e+00
3.341000e-05	-1.379998e-02	-5.455819e+00
3.342000e-05	-7.745910e-02	-5.677317e+00
3.343000e-05	1.263455e-01	-5.905863e+00
3.344000e-05	-1.174642e-01	-6.105737e+00
3.345000e-05	1.040106e-01	-6.278317e+00
3.346000e-05	-4.078282e-02	-6.527441e+00
3.347000e-05	-2.858466e-03	-6.757391e+00
3.348000e-05	6.583021e-02	-6.854315e+00
3.349000e-05	-1.246898e-01	-7.148924e+00
3.350000e-05	1.252835e-01	-7.326362e+00
3.351000e-05	-7.791315e-02	-7.496786e+00
3.352000e-05	4.770597e-02	-7.728787e+00
3.353000e-05	9.655685e-03	-7.847788e+00
3.354000e-05	-3.390414e-02	-8.114812e+00
3.355000e-05	5.172920e-02	-8.233654e+00
3.356000e-05	-7.356290e-02	-8.369474e+00
3.357000e-05	6.967704e-02	-8.519444e+00
3.358000e-05	-2.411382e-02	-8.749416e+00
3.359000e-05	2.814961e-02	-8.895213e+00
3.360000e-05	-2.125778e-02	-9.011604e+00
3.361000e-05	-8.647380e-03	-9.139469e+00
3.362000e-05	3.580449e-02	-9.326814e+00
3.363000e-05	-2.661131e-02	-9.476785e+00
3.364000e-05	2.507722e-02	-9.602575e+00
3.365000e-05	-1.695471e-02	-9.767419e+00
3.366000e-05	3.114870e-02	-9.874761e+00
3.367000e-05	-2.204346e-02	-1.002156e+01
3.368000e-05	6.051264e-03	-1.017979e+01
3.369000e-05	4.221839e-03	-1.025523e+01
3.370000e-05	8.483952e-03	-1.046253e+01
3.371000e-05	-1.599527e-03	-1.057878e+01
3.372000e-05	-2.224789e-03	-1.065321e+01
3.373000e-05	1.921698e-02	-1.073784e+01
3.374000e-05	-4.623840e-03	-1.085373e+01
3.375000e-05	4.738424e-03	-1.095994e+01
3.376000e-05	-6.377750e-03	-1.102315e+01
3.377000e-05	1.870711e-02	-1.118939e+01
3.378000e-05	-3.962238e-03	-1.124418e+01
3.379000e-05	8.586814e-03	-1.136992e+01
3.380000e-05	2.508159e-03	-1.141260e+01
3.381000e-05	4.810709e-03	-1.152579e+01
3.382000e-05	1.210238e-03	-1.158997e+01
3.383000e-05	4.324714e-03	-1.170825e+01
3.384000e-05	8.820805e-03	-1.173929e+01
3.385000e-05	4.251806e-03	-1.182154e+01
3.386000e-05	6.848510e-03	-1.188368e+01
3.387000e-05	2.483930e-03	-1.189731e+01
3.388000e-05	5.899652e-03	-1.197047e+01
3.389000e-05	2.943287e-03	-1.200264e+01
3.390000e-05	7.636284e-03	-1.206263e+01
3.391000e-05	4.750494e-03	-1.207618e+01
3.392000e-05	5.136994e-03	-1.211684e+01
3.393000e-05	7.164006e-03	-1.213879e+01
3.394000e-05	8.324657e-03	-1.216999e+01
3.395000e-05	7.382677e-03	-1.217991e+01
3.396000e-05	6.528592e-03	-1.218997e+01
3.397000e-05	9.996612e-03	-1.221095e+01
3.398000e-05	1.291851e-02	-1.221052e+01
3.399000e-05	1.096266e-02	-1.220207e+01
3.400000e-05	1.335403e-02	-1.222099e+01
3.401000e-05	1.529843e-02	-1.216992e+01
3.402000e-05	2.032028e-02	-1.215989e+01
3.403000e-05	2.309465e-02	-1.217002e+01
3.404000e-05	2.967628e-02	-1.217894e+01
3.405000e-05	3.721338e-02	-1.215434e+01
3.406000e-05	4.809053e-02	-1.209468e+01
3.407000e-05	6.289920e-02	-1.205413e+01
3.408000e-05	7.362032e-02	-1.205450e+01
3.409000e-05	7.088935e-02	-1.198042e+01
3.410000e-05	5.282334e-02	-1.189678e+01
3.411000e-05	3.495699e-02	-1.188523e+01
3.412000e-05	2.306048e-02	-1.181159e+01
3.413000e-05	1.791669e-02	-1.175680e+01
3.414000e-05	1.421971e-02	-1.168270e+01
3.415000e-05	1.216353e-02	-1.154791e+01
3.416000e-05	1.050162e-02	-1.146516e+01
3.417000e-05	9.014989e-03	-1.139939e+01
3.418000e-05	9.567730e-03	-1.126428e+01
3.419000e-05	7.827595e-03	-1.117839e+01
3.420000e-05	5.374610e-03	-1.110370e+01
3.421000e-05	4.436865e-03	-1.099039e+01
3.422000e-05	4.422756e-03	-1.093321e+01
3.423000e-05	5.081318e-03	-1.082954e+01
3.424000e-05	4.035568e-03	-1.071581e+01
3.425000e-05	3.684448e-03	-1.064157e+01
3.426000e-05	3.023112e-03	-1.050673e+01
3.427000e-05	2.710095e-03	-1.040844e+01
3.428000e-05	3.292096e-03	-1.024418e+01
3.429000e-05	1.752332e-03	-1.012776e+01
3.430000e-05	3.016786e-03	-1.001044e+01
3.431000e-05	2.001791e-03	-9.883778e+00
3.432000e-05	1.877824e-03	-9.758386e+00
3.433000e-05	1.155139e-03	-9.641995e+00
3.434000e-05	2.583238e-03	-9.532701e+00
3.435000e-05	1.923211e-03	-9.359885e+00
3.436000e-05	1.122695e-03	-9.200445e+00
3.437000e-05	1.118412e-03	-9.042149e+00
3.438000e-05	5.978454e-04	-8.893707e+00
3.439000e-05	1.481494e-03	-8.676711e+00
3.440000e-05	1.072783e-04	-8.558966e+00
3.441000e-05	-5.001815e-04	-8.398994e+00
3.442000e-05	-3.002625e-04	-8.242078e+00
3.443000e-05	8.780962e-04	-8.104208e+00
3.444000e-05	-4.365785e-04	-7.875263e+00
3.445000e-05	5.066295e-05	-7.733702e+00
3.446000e-05	-1.436124e-03	-7.503709e+00
3.447000e-05	-1.557544e-03	-7.295332e+00
3.448000e-05	-1.109715e-03	-7.106835e+00
3.449000e-05	-1.733945e-03	-6.906709e+00
3.450000e-05	-2.916816e-03	-6.706783e+00
3.451000e-05	-1.575121e-03	-6.566740e+00
3.452000e-05	-5.804616e-04	-6.366891e+00
3.453000e-05	-3.051680e-03	-6.138759e+00
3.454000e-05	-1.712749e-03	-5.937861e+00
3.455000e-05	-3.337413e-03	-5.747891e+00
3.456000e-05	-6.651631e-04	-5.537467e+00
3.457000e-05	-4.589466e-03	-5.366407e+00
3.458000e-05	-1.277784e-03	-5.114787e+00
3.459000e-05	-4.378819e-03	-4.902704e+00
3.460000e-05	-1.685325e-03	-4.621530e+00
3.461000e-05	-3.283381e-03	-4.442615e+00
3.462000e-05	-1.397929e-03	-4.274151e+00
3.463000e-05	-4.288291e-03	-4.073004e+00
3.464000e-05	-2.000463e-03	-3.913652e+00
3.465000e-05	-4.062826e-03	-3.640475e+00
3.466000e-05	-2.451790e-03	-3.442026e+00
3.467000e-05	-4.514195e-03	-3.171998e+00
3.468000e-05	-4.001732e-03	-2.948917e+00
3.469000e-05	-4.605789e-03	-2.766868e+00
3.470000e-05	-2.681273e-03	-2.527837e+00
3.471000e-05	-4.796096e-03	-2.346808e+00
3.472000e-05	-3.889564e-03	-2.052779e+00
3.473000e-05	-3.640238e-03	-1.872628e+00
3.474000e-05	-3.420895e-03	-1.614028e+00
3.475000e-05	-5.015489e-03	-1.419920e+00
3.476000e-05	-4.614659e-03	-1.126311e+00
3.477000e-05	-5.063075e-03	-8.851355e-01
3.478000e-05	-5.107621e-03	-6.867269e-01
3.479000e-05	-5.361390e-03	-4.220238e-01
3.480000e-05	-4.231865e-03	-2.120489e-01
3.481000e-05	-2.941845e-03	-2.167744e-02
3.482000e-05	2.984249e-03	2.425326e-01
3.483000e-05	-1.973336e-03	4.316565e-01
3.484000e-05	-2.777068e-03	6.015803e-01
3.485000e-05	-4.447413e-04	8.105550e-01
3.486000e-05	-2.231629e-03	1.042633e+00
3.487000e-05	-3.858748e-03	1.314741e+00
3.488000e-05	-1.420515e-03	1.495864e+00
3.489000e-05	1.256062e-02	1.759945e+00
3.490000e-05	6.148484e-02	1.958418e+00
3.491000e-05	3.536556e-02	2.209949e+00
3.492000e-05	-7.818115e-02	2.426063e+00
3.493000e-05	-1.733255e-02	2.726241e+00
3.494000e-05	-3.379813e-02	2.886290e+00
3.495000e-05	-6.641709e-02	3.064133e+00
3.496000e-05	3.410683e-02	3.179980e+00
3.497000e-05	1.325509e-01	3.441583e+00
3.498000e-05	-1.944870e-01	3.603030e+00
3.499000e-05	1.586112e-01	3.801472e+00
3.500000e-05	-4.637151e-02	4.021557e+00
3.501000e-05	-7.131691e-02	4.274609e+00
3.502000e-05	9.923905e-02	4.525188e+00
3.503000e-05	-6.278568e-02	4.747363e+00
3.504000e-05	7.473750e-03	4.907921e+00
3.505000e-05	2.546056e-02	5.233079e+00
3.506000e-05	-4.573464e-02	5.442555e+00
3.507000e-05	2.534363e-02	5.622578e+00
3.508000e-05	-3.018698e-02	5.886237e+00
3.509000e-05	1.138946e-05	6.102684e+00
3.510000e-05	-9.534894e-03	6.253658e+00
3.511000e-05	6.943587e-03	6.431559e+00
3.512000e-05	2.482484e-02	6.684588e+00
3.513000e-05	-4.272638e-02	6.925232e+00
3.514000e-05	3.585125e-02	7.063636e+00
3.515000e-05	-4.650091e-02	7.252653e+00
3.516000e-05	4.121719e-03	7.432071e+00
3.517000e-05	1.155517e-02	7.692555e+00
3.518000e-05	-1.712033e-02	7.893108e+00
3.519000e-05	1.569602e-02	8.062179e+00
3.520000e-05	-2.903489e-02	8.242554e+00
3.521000e-05	1.540913e-03	8.368445e+00
3.522000e-05	-1.388633e-02	8.536285e+00
3.523000e-05	6.581822e-03	8.694628e+00
3.524000e-05	-7.725794e-03	8.781476e+00
3.525000e-05	-5.387338e-03	9.016895e+00
3.526000e-05	4.845365e-03	9.186795e+00
3.527000e-05	-1.904423e-02	9.306259e+00
3.528000e-05	-3.765544e-03	9.471999e+00
3.529000e-05	-7.103347e-03	9.546868e+00
3.530000e-05	1.673941e-03	9.735213e+00
3.531000e-05	-1.214069e-02	9.844097e+00
3.532000e-05	-3.231642e-03	9.970051e+00
3.533000e-05	-4.530059e-03	1.012628e+01
3.534000e-05	-9.142081e-03	1.028358e+01
3.535000e-05	-1.162450e-02	1.034787e+01
3.536000e-05	-4.043051e-03	1.048578e+01
3.537000e-05	-2.944062e-03	1.061997e+01
3.538000e-05	-1.050762e-02	1.074731e+01
3.539000e-05	-7.046164e-03	1.083258e+01
3.540000e-05	-6.033205e-03	1.095684e+01
3.541000e-05	-6.424783e-03	1.109303e+01
3.542000e-05	-1.139656e-02	1.111734e+01
3.543000e-05	-6.283370e-03	1.121157e+01
3.544000e-05	-7.136955e-03	1.132626e+01
3.545000e-05	-9.290258e-03	1.141192e+01
3.546000e-05	-7.847036e-03	1.151736e+01
3.547000e-05	-7.784601e-03	1.159009e+01
3.548000e-05	-9.772533e-03	1.171471e+01
3.549000e-05	-1.082678e-02	1.177831e+01
3.550000e-05	-5.980211e-03	1.183147e+01
3.551000e-05	-8.306498e-03	1.187466e+01
3.552000e-05	-8.575139e-03	1.189621e+01
3.553000e-05	-1.130392e-02	1.195679e+01
3.554000e-05	-9.979041e-03	1.201047e+01
3.555000e-05	-1.170362e-02	1.201250e+01
3.556000e-05	-1.063279e-02	1.205370e+01
3.557000e-05	-1.045961e-02	1.216516e+01
3.558000e-05	-1.157016e-02	1.215721e+01
3.559000e-05	-1.294668e-02	1.218937e+01
3.560000e-05	-1.302109e-02	1.220987e+01
3.561000e-05	-1.252292e-02	1.221934e+01
3.562000e-05	-1.504784e-02	1.223142e+01
3.563000e-05	-1.581701e-02	1.222102e+01
3.564000e-05	-1.656898e-02	1.224140e+01
3.565000e-05	-1.828815e-02	1.225292e+01
3.566000e-05	-2.086877e-02	1.226250e+01
3.567000e-05	-2.359029e-02	1.220150e+01
3.568000e-05	-2.675416e-02	1.219197e+01
3.569000e-05	-3.169244e-02	1.221099e+01
3.570000e-05	-3.878886e-02	1.215886e+01
3.571000e-05	-4.844224e-02	1.215616e+01
3.572000e-05	-6.237253e-02	1.213471e+01
3.573000e-05	-7.665789e-02	1.206302e+01
3.574000e-05	-7.869248e-02	1.204145e+01
3.575000e-05	-6.517703e-02	1.196046e+01
3.576000e-05	-4.622103e-02	1.190576e+01
3.577000e-05	-3.241956e-02	1.189517e+01
3.578000e-05	-2.569657e-02	1.182192e+01
3.579000e-05	-2.208174e-02	1.175774e+01
3.580000e-05	-2.046084e-02	1.171515e+01
3.581000e-05	-1.739702e-02	1.161888e+01
3.582000e-05	-1.705362e-02	1.152618e+01
3.583000e-05	-1.447147e-02	1.142149e+01
3.584000e-05	-1.475793e-02	1.133616e+01
3.585000e-05	-1.272288e-02	1.124094e+01
3.586000e-05	-1.229256e-02	1.110571e+01
3.587000e-05	-1.096638e-02	1.101202e+01
3.588000e-05	-1.165292e-02	1.096631e+01
3.589000e-05	-1.130476e-02	1.084304e+01
3.590000e-05	-1.005024e-02	1.074726e+01
3.591000e-05	-1.116468e-02	1.063310e+01
3.592000e-05	-9.730695e-03	1.049605e+01
3.593000e-05	-1.120335e-02	1.036936e+01
3.594000e-05	-8.412883e-03	1.025147e+01
3.595000e-05	-1.070794e-02	1.017631e+01
3.596000e-05	-8.734263e-03	1.001842e+01
3.597000e-05	-8.802095e-03	9.904602e+00
3.598000e-05	-7.185603e-03	9.745860e+00
3.599000e-05	-9.643938e-03	9.578867e+00
3.600000e-05	-8.268331e-03	9.442048e+00
3.601000e-05	-8.581823e-03	9.346732e+00
3.602000e-05	-6.764433e-03	9.179987e+00
3.603000e-05	-8.916761e-03	9.032470e+00
3.604000e-05	-7.579796e-03	8.861521e+00
3.605000e-05	-7.848030e-03	8.685129e+00
3.606000e-05	-6.443834e-03	8.585814e+00
3.607000e-05	-7.091999e-03	8.369365e+00
3.608000e-05	-7.207791e-03	8.231023e+00
3.609000e-05	-7.463170e-03	8.051520e+00
3.610000e-05	-6.475890e-03	7.880550e+00
3.611000e-05	-6.654880e-03	7.683675e+00
3.612000e-05	-6.117612e-03	7.452102e+00
3.613000e-05	-6.595339e-03	7.311602e+00
3.614000e-05	-5.352082e-03	7.094103e+00
3.615000e-05	-5.429370e-03	6.904679e+00
3.616000e-05	-6.601952e-03	6.735281e+00
3.617000e-05	-7.907322e-03	6.543055e+00
3.618000e-05	-6.429463e-03	6.365256e+00
3.619000e-05	-5.415499e-03	6.153265e+00
3.620000e-05	-6.418725e-03	5.967843e+00
3.621000e-05	-7.087196e-03	5.767811e+00
3.622000e-05	-5.890721e-03	5.567237e+00
3.623000e-05	-5.880423e-03	5.316263e+00
3.624000e-05	-5.678260e-03	5.054575e+00
3.625000e-05	-6.268750e-03	4.891104e+00
3.626000e-05	-4.469149e-03	4.649501e+00
3.627000e-05	-4.693459e-03	4.431023e+00
3.628000e-05	-5.394591e-03	4.269521e+00
3.629000e-05	-5.846709e-03	4.028944e+00
3.630000e-05	-5.773896e-03	3.797890e+00
3.631000e-05	-4.682868e-03	3.630424e+00
3.632000e-05	-4.726917e-03	3.427738e+00
3.633000e-05	-4.746917e-03	3.136261e+00
3.634000e-05	-5.122443e-03	2.946261e+00
3.635000e-05	-5.143369e-03	2.735263e+00
3.636000e-05	-5.206828e-03	2.483553e+00
3.637000e-05	-4.699617e-03	2.240998e+00
3.638000e-05	-4.742580e-03	2.040524e+00
3.639000e-05	-3.659755e-03	1.879925e+00
3.640000e-05	-4.829455e-03	1.566458e+00
3.641000e-05	-4.671592e-03	1.327760e+00
3.642000e-05	-4.402554e-03	1.122577e+00
3.643000e-05	-4.321273e-03	8.310190e-01
3.644000e-05	-3.992940e-03	6.179449e-01
3.645000e-05	-3.530601e-03	3.999461e-01
3.646000e-05	-2.641623e-03	1.648407e-01
3.647000e-05	-1.606221e-03	-7.471315e-02
3.648000e-05	8.692592e-03	-2.662381e-01
3.649000e-05	-3.542845e-03	-4.441868e-01
3.650000e-05	3.531626e-03	-6.649671e-01
3.651000e-05	-4.096043e-03	-8.958710e-01
3.652000e-05	2.519343e-03	-1.085819e+00
3.653000e-05	-2.472787e-03	-1.288421e+00
3.654000e-05	1.279753e-02	-1.550028e+00
3.655000e-05	7.973569e-02	-1.758948e+00
3.656000e-05	2.246589e-02	-1.952083e+00
3.657000e-05	-7.662484e-02	-2.370495e+00
3.658000e-05	-2.592317e-03	-2.612080e+00
3.659000e-05	-6.046401e-02	-2.789451e+00
3.660000e-05	-7.011396e-02	-2.966763e+00
3.661000e-05	1.933235e-01	-3.046284e+00
3.662000e-05	-1.167733e-01	-3.285867e+00
3.663000e-05	1.345540e-02	-3.538346e+00
3.664000e-05	1.528187e-01	-3.673160e+00
3.665000e-05	-2.127742e-01	-3.949391e+00
3.666000e-05	1.537215e-01	-4.149995e+00
3.667000e-05	-1.018419e-02	-4.328922e+00
3.668000e-05	-9.513055e-02	-4.580974e+00
3.669000e-05	1.770500e-01	-4.708471e+00
3.670000e-05	-1.578487e-01	-4.992627e+00
3.671000e-05	8.115895e-02	-5.245684e+00
3.672000e-05	3.741089e-03	-5.497162e+00
3.673000e-05	-9.110849e-02	-5.727865e+00
3.674000e-05	1.337115e-01	-5.916262e+00
3.675000e-05	-1.155941e-01	-6.077262e+00
3.676000e-05	9.426165e-02	-6.357411e+00
3.677000e-05	-2.860474e-02	-6.526314e+00
3.678000e-05	-1.602707e-02	-6.737819e+00
3.679000e-05	7.741161e-02	-6.904761e+00
3.680000e-05	-1.309182e-01	-7.139266e+00
3.681000e-05	1.220454e-01	-7.317263e+00
3.682000e-05	-7.003408e-02	-7.495788e+00
3.683000e-05	3.979974e-02	-7.696338e+00
3.684000e-05	1.944013e-02	-7.876788e+00
3.685000e-05	-4.275965e-02	-8.095185e+00
3.686000e-05	5.692541e-02	-8.252684e+00
3.687000e-05	-7.569365e-02	-8.420447e+00
3.688000e-05	6.733085e-02	-8.527340e+00
3.689000e-05	-2.035338e-02	-8.726793e+00
3.690000e-05	2.262329e-02	-8.876262e+00
3.691000e-05	-1.579852e-02	-9.042124e+00
3.692000e-05	-1.461414e-02	-9.167492e+00
3.693000e-05	3.997399e-02	-9.308857e+00
3.694000e-05	-2.819448e-02	-9.474126e+00
3.695000e-05	2.718490e-02	-9.611053e+00
3.696000e-05	-1.748315e-02	-9.748369e+00
3.697000e-05	3.086559e-02	-9.905756e+00
3.698000e-05	-2.114495e-02	-9.971496e+00
3.699000e-05	3.605091e-03	-1.017034e+01
3.700000e-05	4.808193e-03	-1.027571e+01
3.701000e-05	6.552602e-03	-1.046157e+01
3.702000e-05	1.350132e-03	-1.049484e+01
3.703000e-05	-2.414320e-03	-1.064373e+01
3.704000e-05	2.012608e-02	-1.075839e+01
3.705000e-05	-5.533919e-03	-1.085416e+01
3.706000e-05	5.842011e-03	-1.095736e+01
3.707000e-05	-6.147101e-03	-1.102408e+01
3.708000e-05	1.711113e-02	-1.113684e+01
3.709000e-05	-3.957899e-03	-1.126366e+01
3.710000e-05	7.910225e-03	-1.139931e+01
3.711000e-05	3.192574e-03	-1.141310e+01
3.712000e-05	5.905350e-03	-1.149734e+01
3.713000e-05	1.275705e-03	-1.160291e+01
3.714000e-05	3.039958e-03	-1.168568e+01
3.715000e-05	9.864994e-03	-1.175831e+01
3.716000e-05	4.116056e-03	-1.181350e+01
3.717000e-05	6.852353e-03	-1.186610e+01
3.718000e-05	2.336805e-03	-1.192831e+01
3.719000e-05	6.105655e-03	-1.195042e+01
3.720000e-05	1.712085e-03	-1.201152e+01
3.721000e-05	7.152102e-03	-1.203320e+01
3.722000e-05	5.605464e-03	-1.206558e+01
3.723000e-05	6.072869e-03	-1.212929e+01
3.724000e-05	7.035325e-03	-1.213926e+01
3.725000e-05	7.499123e-03	-1.218934e+01
3.726000e-05	6.639283e-03	-1.214989e+01
3.727000e-05	7.958646e-03	-1.223147e+01
3.728000e-05	1.037816e-02	-1.217954e+01
3.729000e-05	1.191055e-02	-1.224307e+01
3.730000e-05	1.132722e-02	-1.219154e+01
3.731000e-05	1.350754e-02	-1.219042e+01
3.732000e-05	1.541270e-02	-1.219096e+01
3.733000e-05	2.010332e-02	-1.215946e+01
3.734000e-05	2.295575e-02	-1.217834e+01
3.735000e-05	2.926215e-02	-1.218942e+01
3.736000e-05	3.661235e-02	-1.213836e+01
3.737000e-05	4.787153e-02	-1.210476e+01
3.738000e-05	6.308342e-02	-1.207521e+01
3.739000e-05	7.494757e-02	-1.204205e+01
3.740000e-05	7.069971e-02	-1.197244e+01
3.741000e-05	5.206123e-02	-1.194775e+01
3.742000e-05	3.581284e-02	-1.189515e+01
3.743000e-05	2.440921e-02	-1.180105e+01
3.744000e-05	1.808098e-02	-1.172621e+01
3.745000e-05	1.306020e-02	-1.168362e+01
3.746000e-05	1.233995e-02	-1.151984e+01
3.747000e-05	1.135256e-02	-1.151467e+01
3.748000e-05	1.043180e-02	-1.139941e+01
3.749000e-05	9.636183e-03	-1.129526e+01
3.750000e-05	6.519330e-03	-1.120092e+01
3.751000e-05	5.278187e-03	-1.104668e+01
3.752000e-05	4.658109e-03	-1.097841e+01
3.753000e-05	4.649834e-03	-1.088531e+01
3.754000e-05	5.134541e-03	-1.080147e+01
3.755000e-05	4.705455e-03	-1.076619e+01
3.756000e-05	3.993689e-03	-1.065060e+01
3.757000e-05	2.266162e-03	-1.052531e+01
3.758000e-05	1.784470e-03	-1.039992e+01
3.759000e-05	2.866270e-03	-1.024260e+01
3.760000e-05	3.523006e-03	-1.013686e+01
3.761000e-05	3.521001e-03	-1.002049e+01
3.762000e-05	2.460918e-03	-9.885207e+00
3.763000e-05	2.104109e-03	-9.799866e+00
3.764000e-05	1.675250e-03	-9.651627e+00
3.765000e-05	2.592839e-03	-9.535780e+00
3.766000e-05	1.606869e-03	-9.339412e+00
3.767000e-05	1.546022e-03	-9.191420e+00
3.768000e-05	1.249937e-03	-9.072753e+00
3.769000e-05	1.882530e-03	-8.924758e+00
3.770000e-05	1.165041e-03	-8.707261e+00
3.771000e-05	-3.370494e-04	-8.609844e+00
3.772000e-05	8.281296e-04	-8.420918e+00
3.773000e-05	-2.128970e-04	-8.283174e+00
3.774000e-05	-3.618806e-05	-8.095759e+00
3.775000e-05	-1.403456e-03	-7.886731e+00
3.776000e-05	-2.167199e-04	-7.723748e+00
3.777000e-05	-1.534587e-03	-7.495713e+00
3.778000e-05	-7.422623e-04	-7.316355e+00
3.779000e-05	-1.114766e-03	-7.146837e+00
3.780000e-05	-2.342663e-03	-6.966911e+00
3.781000e-05	-2.153979e-03	-6.707261e+00
3.782000e-05	-2.041163e-03	-6.547392e+00
3.783000e-05	-1.032599e-03	-6.369790e+00
3.784000e-05	-2.537334e-03	-6.177916e+00
3.785000e-05	-1.659017e-03	-5.937412e+00
3.786000e-05	-2.861936e-03	-5.738415e+00
3.787000e-05	-2.166651e-03	-5.598865e+00
3.788000e-05	-4.549952e-03	-5.376464e+00
3.789000e-05	-1.111971e-03	-5.087764e+00
3.790000e-05	-3.718355e-03	-4.908627e+00
3.791000e-05	-7.068939e-04	-4.632629e+00
3.792000e-05	-3.677203e-03	-4.462679e+00
3.793000e-05	-1.211874e-03	-4.276204e+00
3.794000e-05	-4.752283e-03	-4.073033e+00
3.795000e-05	-2.407340e-03	-3.856258e+00
3.796000e-05	-3.907453e-03	-3.630598e+00
3.797000e-05	-9.865830e-04	-3.443048e+00
3.798000e-05	-3.576479e-03	-3.221025e+00
3.799000e-05	-4.536603e-03	-2.990966e+00
3.800000e-05	-5.411292e-03	-2.767865e+00
3.801000e-05	-2.498415e-03	-2.545842e+00
3.802000e-05	-3.763237e-03	-2.325841e+00
3.803000e-05	-4.033502e-03	-2.063233e+00
3.804000e-05	-4.568582e-03	-1.904657e+00
3.805000e-05	-3.518866e-03	-1.662105e+00
3.806000e-05	-4.030267e-03	-1.408423e+00
3.807000e-05	-4.672115e-03	-1.135684e+00
3.808000e-05	-5.477959e-03	-9.247908e-01
3.809000e-05	-4.677860e-03	-7.572608e-01
3.810000e-05	-5.186267e-03	-4.511028e-01
3.811000e-05	-5.131454e-03	-2.116064e-01
3.812000e-05	-3.883297e-03	-2.052896e-02
3.813000e-05	3.418197e-03	2.200039e-01
3.814000e-05	-5.583050e-05	4.421104e-01
3.815000e-05	-2.907883e-03	6.105563e-01
3.816000e-05	-7.052092e-04	7.905015e-01
3.817000e-05	-2.625503e-03	1.082033e+00
3.818000e-05	-2.522159e-03	1.286240e+00
3.819000e-05	-6.474638e-04	1.475314e+00
3.820000e-05	1.158013e-02	1.750429e+00
3.821000e-05	5.833617e-02	1.957347e+00
3.822000e-05	4.195744e-02	2.199525e+00
3.823000e-05	-8.077331e-02	2.410605e+00
3.824000e-05	-1.908604e-02	2.725840e+00
3.825000e-05	-3.584911e-02	2.915736e+00
3.826000e-05	-6.309491e-02	3.055158e+00
3.827000e-05	2.187673e-02	3.189550e+00
3.828000e-05	1.447690e-01	3.442133e+00
3.829000e-05	-1.930492e-01	3.621556e+00
3.830000e-05	1.470438e-01	3.800521e+00
3.831000e-05	-2.950761e-02	4.042162e+00
3.832000e-05	-8.323080e-02	4.305233e+00
3.833000e-05	9.866620e-02	4.463211e+00
3.834000e-05	-5.982466e-02	4.765189e+00
3.835000e-05	9.178655e-04	4.883840e+00
3.836000e-05	3.251139e-02	5.242100e+00
3.837000e-05	-4.683765e-02	5.481680e+00
3.838000e-05	2.715256e-02	5.610531e+00
3.839000e-05	-2.689189e-02	5.843714e+00
3.840000e-05	-3.358739e-03	6.061679e+00
3.841000e-05	-6.391661e-03	6.243158e+00
3.842000e-05	3.320327e-03	6.461584e+00
3.843000e-05	2.733075e-02	6.654155e+00
3.844000e-05	-4.755886e-02	6.872662e+00
3.845000e-05	3.503833e-02	7.064132e+00
3.846000e-05	-4.144570e-02	7.241628e+00
3.847000e-05	1.587706e-03	7.413072e+00
3.848000e-05	1.421234e-02	7.663578e+00
3.849000e-05	-1.951458e-02	7.892554e+00
3.850000e-05	1.595497e-02	8.032154e+00
3.851000e-05	-2.823424e-02	8.253153e+00
3.852000e-05	6.718909e-04	8.409899e+00
3.853000e-05	-1.277917e-02	8.487263e+00
3.854000e-05	4.724573e-03	8.664103e+00
3.855000e-05	-6.488151e-03	8.769350e+00
3.856000e-05	-6.240210e-03	8.927887e+00
3.857000e-05	4.504301e-03	9.116286e+00
3.858000e-05	-1.793295e-02	9.304708e+00
3.859000e-05	-4.088480e-03	9.430073e+00
3.860000e-05	-6.655430e-03	9.546314e+00
3.861000e-05	5.231765e-04	9.732156e+00
3.862000e-05	-1.100099e-02	9.843949e+00
3.863000e-05	-2.846271e-03	9.998470e+00
3.864000e-05	-3.966321e-03	1.008824e+01
3.865000e-05	-1.018537e-02	1.026210e+01
3.866000e-05	-1.152818e-02	1.034681e+01
3.867000e-05	-3.849380e-03	1.046412e+01
3.868000e-05	-2.117815e-03	1.061957e+01
3.869000e-05	-1.041483e-02	1.070779e+01
3.870000e-05	-8.284861e-03	1.089208e+01
3.871000e-05	-5.922081e-03	1.096884e+01
3.872000e-05	-6.792290e-03	1.106257e+01
3.873000e-05	-1.097314e-02	1.113531e+01
3.874000e-05	-6.994075e-03	1.118958e+01
3.875000e-05	-7.047217e-03	1.134766e+01
3.876000e-05	-8.871124e-03	1.145402e+01
3.877000e-05	-7.816863e-03	1.146773e+01
3.878000e-05	-7.165251e-03	1.163050e+01
3.879000e-05	-9.043945e-03	1.171478e+01
3.880000e-05	-1.111029e-02	1.174881e+01
3.881000e-05	-5.689892e-03	1.182202e+01
3.882000e-05	-7.957089e-03	1.188263e+01
3.883000e-05	-9.134396e-03	1.191476e+01
3.884000e-05	-1.191151e-02	1.193836e+01
3.885000e-05	-9.879447e-03	1.199992e+01
3.886000e-05	-1.162791e-02	1.203000e+01
3.887000e-05	-9.996691e-03	1.207161e+01
3.888000e-05	-1.029959e-02	1.215558e+01
3.889000e-05	-1.128966e-02	1.212626e+01
3.890000e-05	-1.291701e-02	1.217944e+01
3.891000e-05	-1.280711e-02	1.217939e+01
3.892000e-05	-1.250139e-02	1.222300e+01
3.893000e-05	-1.454119e-02	1.220295e+01
3.894000e-05	-1.663529e-02	1.223209e+01
3.895000e-05	-1.701891e-02	1.225150e+01
3.896000e-05	-1.814105e-02	1.223305e+01
3.897000e-05	-2.156704e-02	1.225295e+01
3.898000e-05	-2.171901e-02	1.224144e+01
3.899000e-05	-2.887819e-02	1.221192e+01
3.900000e-05	-2.958536e-02	1.217892e+01
3.901000e-05	-3.837818e-02	1.217034e+01
3.902000e-05	-4.660832e-02	1.216474e+01
3.903000e-05	-6.081361e-02	1.215613e+01
3.904000e-05	-7.762406e-02	1.205260e+01
3.905000e-05	-7.935225e-02	1.206047e+01
3.906000e-05	-6.765940e-02	1.202889e+01
3.907000e-05	-4.695862e-02	1.191578e+01
3.908000e-05	-3.272018e-02	1.191363e+01
3.909000e-05	-2.548522e-02	1.182099e+01
3.910000e-05	-2.099328e-02	1.176826e+01
3.911000e-05	-1.958476e-02	1.170415e+01
3.912000e-05	-1.706428e-02	1.160942e+01
3.913000e-05	-1.660872e-02	1.148515e+01
3.914000e-05	-1.548462e-02	1.140145e+01
3.915000e-05	-1.507707e-02	1.133418e+01
3.916000e-05	-1.371658e-02	1.122949e+01
3.917000e-05	-1.293716e-02	1.113326e+01
3.918000e-05	-1.061027e-02	1.103997e+01
3.919000e-05	-9.885688e-03	1.092581e+01
3.920000e-05	-1.136714e-02	1.086012e+01
3.921000e-05	-1.009824e-02	1.076578e+01
3.922000e-05	-1.007313e-02	1.063247e+01
3.923000e-05	-9.474761e-03	1.049378e+01
3.924000e-05	-1.215784e-02	1.038834e+01
3.925000e-05	-9.907535e-03	1.026352e+01
3.926000e-05	-1.003429e-02	1.017784e+01
3.927000e-05	-7.250409e-03	1.003234e+01
3.928000e-05	-8.037811e-03	9.855203e+00
3.929000e-05	-6.979270e-03	9.756334e+00
3.930000e-05	-7.974951e-03	9.598367e+00
3.931000e-05	-7.897291e-03	9.472577e+00
3.932000e-05	-9.732543e-03	9.336787e+00
3.933000e-05	-8.413306e-03	9.217411e+00
3.934000e-05	-8.824853e-03	9.053524e+00
3.935000e-05	-5.869331e-03	8.852477e+00
3.936000e-05	-7.417941e-03	8.685228e+00
3.937000e-05	-6.341839e-03	8.567340e+00
3.938000e-05	-6.588379e-03	8.397494e+00
3.939000e-05	-6.431947e-03	8.233496e+00
3.940000e-05	-7.509072e-03	8.052523e+00
3.941000e-05	-7.538268e-03	7.922574e+00
3.942000e-05	-7.152879e-03	7.693657e+00
3.943000e-05	-6.310317e-03	7.464752e+00
3.944000e-05	-6.410766e-03	7.274099e+00
3.945000e-05	-5.954215e-03	7.104651e+00
3.946000e-05	-5.860108e-03	6.904184e+00
3.947000e-05	-6.003090e-03	6.725731e+00
3.948000e-05	-6.496874e-03	6.523653e+00
3.949000e-05	-5.679983e-03	6.355781e+00
3.950000e-05	-5.144944e-03	6.147788e+00
3.951000e-05	-6.748229e-03	5.937838e+00
3.952000e-05	-6.835037e-03	5.746359e+00
3.953000e-05	-6.527718e-03	5.526836e+00
3.954000e-05	-5.094786e-03	5.355336e+00
3.955000e-05	-5.388952e-03	5.094629e+00
3.956000e-05	-5.479243e-03	4.839474e+00
3.957000e-05	-5.579691e-03	4.630551e+00
3.958000e-05	-4.869925e-03	4.451551e+00
3.959000e-05	-5.369149e-03	4.272029e+00
3.960000e-05	-5.767651e-03	4.038894e+00
3.961000e-05	-5.661614e-03	3.809368e+00
3.962000e-05	-4.758422e-03	3.610021e+00
3.963000e-05	-5.048201e-03	3.378965e+00
3.964000e-05	-4.759135e-03	3.125214e+00
3.965000e-05	-5.356848e-03	2.966288e+00
3.966000e-05	-4.740840e-03	2.766315e+00
3.967000e-05	-4.336164e-03	2.461579e+00
3.968000e-05	-4.328125e-03	2.232054e+00
3.969000e-05	-5.037878e-03	2.051000e+00
3.970000e-05	-4.686099e-03	1.840921e+00
3.971000e-05	-4.721371e-03	1.597869e+00
3.972000e-05	-3.915365e-03	1.397892e+00
3.973000e-05	-4.328257e-03	1.093209e+00
3.974000e-05	-4.689233e-03	7.999752e-01
3.975000e-05	-4.618405e-03	6.294675e-01
3.976000e-05	-3.186814e-03	4.004938e-01
3.977000e-05	-2.538974e-03	1.583358e-01
3.978000e-05	-1.558755e-03	-4.428790e-02
3.979000e-05	7.747790e-03	-2.857106e-01
3.980000e-05	-3.765257e-03	-4.431578e-01
3.981000e-05	3.476640e-03	-7.068698e-01
3.982000e-05	-2.956959e-03	-9.279172e-01
3.983000e-05	2.899493e-03	-1.117286e+00
3.984000e-05	-2.899495e-03	-1.305794e+00
3.985000e-05	1.070421e-02	-1.549925e+00
3.986000e-05	7.511574e-02	-1.728421e+00
3.987000e-05	3.179911e-02	-1.970050e+00
3.988000e-05	-8.116984e-02	-2.369450e+00
3.989000e-05	-9.872722e-05	-2.641208e+00
3.990000e-05	-5.979225e-02	-2.770476e+00
3.991000e-05	-7.437584e-02	-2.896337e+00
3.992000e-05	1.866809e-01	-3.061233e+00
3.993000e-05	-9.944423e-02	-3.324193e+00
3.994000e-05	-1.288038e-02	-3.518369e+00
3.995000e-05	1.683381e-01	-3.622183e+00
3.996000e-05	-2.099162e-01	-3.960974e+00
3.997000e-05	1.423554e-01	-4.148369e+00
3.998000e-05	6.819722e-03	-4.326874e+00
3.999000e-05	-1.054950e-01	-4.568997e+00
4.000000e-05	1.785775e-01	-4.729395e+00
4.001000e-05	-1.481990e-01	-5.012028e+00
4.002000e-05	6.304752e-02	-5.252604e+00
4.003000e-05	2.177405e-02	-5.475186e+00
4.004000e-05	-1.043038e-01	-5.706337e+00
4.005000e-05	1.378344e-01	-5.885782e+00
4.006000e-05	-1.122299e-01	-6.064183e+00
4.007000e-05	8.477604e-02	-6.317244e+00
4.008000e-05	-1.573913e-02	-6.504266e+00
4.009000e-05	-2.926382e-02	-6.756789e+00
4.010000e-05	8.926504e-02	-6.813336e+00
4.011000e-05	-1.352890e-01	-7.088820e+00
4.012000e-05	1.173770e-01	-7.296356e+00
4.013000e-05	-6.168748e-02	-7.464261e+00
4.014000e-05	2.898784e-02	-7.717233e+00
4.015000e-05	2.937299e-02	-7.905759e+00
4.016000e-05	-5.015509e-02	-8.104712e+00
4.017000e-05	6.059685e-02	-8.252104e+00
4.018000e-05	-7.701733e-02	-8.379919e+00
4.019000e-05	6.443656e-02	-8.538439e+00
4.020000e-05	-1.436132e-02	-8.688311e+00
4.021000e-05	1.936205e-02	-8.915787e+00
4.022000e-05	-9.412147e-03	-9.021526e+00
4.023000e-05	-2.209714e-02	-9.159421e+00
4.024000e-05	4.361939e-02	-9.335759e+00
4.025000e-05	-3.063265e-02	-9.474759e+00
4.026000e-05	2.759734e-02	-9.601473e+00
4.027000e-05	-1.764837e-02	-9.758341e+00
4.028000e-05	3.048351e-02	-9.874360e+00
4.029000e-05	-1.881237e-02	-1.000152e+01
4.030000e-05	2.025926e-03	-1.015989e+01
4.031000e-05	6.345679e-03	-1.027574e+01
4.032000e-05	5.861628e-03	-1.045100e+01
4.033000e-05	1.773868e-03	-1.050683e+01
4.034000e-05	-4.777664e-03	-1.063415e+01
4.035000e-05	2.021355e-02	-1.073986e+01
4.036000e-05	-6.153886e-03	-1.082313e+01
4.037000e-05	6.190552e-03	-1.095841e+01
4.038000e-05	-7.243334e-03	-1.105208e+01
4.039000e-05	1.632623e-02	-1.112746e+01
4.040000e-05	-3.053444e-03	-1.124305e+01
4.041000e-05	7.375181e-03	-1.135847e+01
4.042000e-05	3.859109e-03	-1.136215e+01
4.043000e-05	4.380852e-03	-1.152578e+01
4.044000e-05	1.556364e-03	-1.156942e+01
4.045000e-05	3.326145e-03	-1.166568e+01
4.046000e-05	1.058924e-02	-1.173783e+01
4.047000e-05	3.890797e-03	-1.184097e+01
4.048000e-05	5.662624e-03	-1.187460e+01
4.049000e-05	1.685961e-03	-1.192878e+01
4.050000e-05	6.173455e-03	-1.199896e+01
4.051000e-05	2.513634e-03	-1.198149e+01
4.052000e-05	7.098484e-03	-1.204363e+01
4.053000e-05	4.957806e-03	-1.207570e+01
4.054000e-05	4.850971e-03	-1.211871e+01
4.055000e-05	6.157265e-03	-1.215826e+01
4.056000e-05	7.080884e-03	-1.214889e+01
4.057000e-05	6.910954e-03	-1.220932e+01
4.058000e-05	7.322641e-03	-1.217042e+01
4.059000e-05	9.880101e-03	-1.218007e+01
4.060000e-05	1.219076e-02	-1.222102e+01
4.061000e-05	1.106413e-02	-1.221097e+01
4.062000e-05	1.429919e-02	-1.223099e+01
4.063000e-05	1.568522e-02	-1.222099e+01
4.064000e-05	1.869144e-02	-1.222044e+01
4.065000e-05	2.220762e-02	-1.217994e+01
4.066000e-05	2.836414e-02	-1.215636e+01
4.067000e-05	3.719286e-02	-1.213826e+01
4.068000e-05	4.685117e-02	-1.214626e+01
4.069000e-05	6.202988e-02	-1.204415e+01
4.070000e-05	7.269921e-02	-1.204255e+01
4.071000e-05	7.267719e-02	-1.199046e+01
4.072000e-05	5.353308e-02	-1.196731e+01
4.073000e-05	3.446788e-02	-1.185565e+01
4.074000e-05	2.462223e-02	-1.181312e+01
4.075000e-05	1.900981e-02	-1.175938e+01
4.076000e-05	1.470634e-02	-1.168568e+01
4.077000e-05	1.158449e-02	-1.157944e+01
4.078000e-05	1.046526e-02	-1.148513e+01
4.079000e-05	1.064952e-02	-1.135851e+01
4.080000e-05	9.234385e-03	-1.130623e+01
4.081000e-05	6.493594e-03	-1.120147e+01
4.082000e-05	5.619498e-03	-1.110513e+01
4.083000e-05	5.551876e-03	-1.098940e+01
4.084000e-05	4.775341e-03	-1.091521e+01
4.085000e-05	4.035743e-03	-1.082997e+01
4.086000e-05	4.109199e-03	-1.071829e+01
4.087000e-05	3.894713e-03	-1.063302e+01
4.088000e-05	3.642822e-03	-1.052581e+01
4.089000e-05	2.777632e-03	-1.041009e+01
4.090000e-05	2.743096e-03	-1.027515e+01
4.091000e-05	3.660338e-03	-1.014778e+01
4.092000e-05	2.535243e-03	-1.000045e+01
4.093000e-05	2.341293e-03	-9.895228e+00
4.094000e-05	1.394787e-03	-9.799435e+00
4.095000e-05	2.108997e-03	-9.652153e+00
4.096000e-05	2.428376e-03	-9.506683e+00
4.097000e-05	1.209338e-03	-9.357865e+00
4.098000e-05	1.486605e-04	-9.219971e+00
4.099000e-05	1.463914e-03	-9.053650e+00
4.100000e-05	1.474432e-03	-8.915763e+00
4.101000e-05	9.574547e-04	-8.747340e+00
4.102000e-05	1.127019e-04	-8.588870e+00
4.103000e-05	1.661626e-03	-8.421425e+00
4.104000e-05	1.445282e-04	-8.263649e+00
4.105000e-05	-3.092568e-05	-8.115733e+00
4.106000e-05	-5.619195e-04	-7.905762e+00
4.107000e-05	1.953388e-04	-7.725757e+00
4.108000e-05	-1.311765e-03	-7.535184e+00
4.109000e-05	-1.279280e-03	-7.325335e+00
4.110000e-05	-1.086711e-03	-7.118384e+00
4.111000e-05	-1.047939e-03	-6.935388e+00
4.112000e-05	-1.300616e-03	-6.746841e+00
4.113000e-05	-1.676860e-03	-6.567918e+00
4.114000e-05	-1.517700e-03	-6.368892e+00
4.115000e-05	-2.914259e-03	-6.178940e+00
4.116000e-05	-1.184320e-03	-5.989365e+00
4.117000e-05	-3.557970e-03	-5.768466e+00
4.118000e-05	-2.103347e-03	-5.619492e+00
4.119000e-05	-4.615403e-03	-5.369887e+00
4.120000e-05	-9.098496e-04	-5.137310e+00
4.121000e-05	-3.527824e-03	-4.854674e+00
4.122000e-05	-6.604864e-04	-4.642123e+00
4.123000e-05	-3.457404e-03	-4.475153e+00
4.124000e-05	-1.750561e-03	-4.285684e+00
4.125000e-05	-3.689086e-03	-4.074732e+00
4.126000e-05	-2.694807e-03	-3.884781e+00
4.127000e-05	-4.273682e-03	-3.642079e+00
4.128000e-05	-3.379445e-03	-3.442602e+00
4.129000e-05	-4.626092e-03	-3.232098e+00
4.130000e-05	-3.905286e-03	-3.040071e+00
4.131000e-05	-5.030250e-03	-2.768417e+00
4.132000e-05	-2.161710e-03	-2.577315e+00
4.133000e-05	-3.885608e-03	-2.367341e+00
4.134000e-05	-3.589276e-03	-2.066730e+00
4.135000e-05	-4.339519e-03	-1.873182e+00
4.136000e-05	-4.044289e-03	-1.672654e+00
4.137000e-05	-5.230274e-03	-1.411074e+00
4.138000e-05	-5.097289e-03	-1.147841e+00
4.139000e-05	-5.148344e-03	-9.163384e-01
4.140000e-05	-5.379939e-03	-7.367896e-01
4.141000e-05	-4.974397e-03	-4.536303e-01
4.142000e-05	-4.000537e-03	-2.526291e-01
4.143000e-05	-3.821553e-03	-5.255402e-02
4.144000e-05	3.194687e-03	2.109814e-01
4.145000e-05	1.985171e-04	4.215825e-01
4.146000e-05	-2.794865e-03	5.919526e-01
4.147000e-05	-7.072167e-04	7.895501e-01
4.148000e-05	-4.268519e-03	1.059630e+00
4.149000e-05	-2.127218e-03	1.254263e+00
4.150000e-05	-5.225804e-04	1.505260e+00
4.151000e-05	9.464833e-03	1.737350e+00
4.152000e-05	5.490194e-02	1.915870e+00
4.153000e-05	4.798947e-02	2.159952e+00
4.154000e-05	-7.964932e-02	2.429978e+00
4.155000e-05	-1.915073e-02	2.684786e+00
4.156000e-05	-3.767026e-02	2.884236e+00
4.157000e-05	-5.896054e-02	3.033608e+00
4.158000e-05	1.140883e-02	3.169476e+00
4.159000e-05	1.532341e-01	3.412028e+00
4.160000e-05	-1.918577e-01	3.640629e+00
4.161000e-05	1.336701e-01	3.780949e+00
4.162000e-05	-1.068822e-02	4.012551e+00
4.163000e-05	-9.258698e-02	4.245084e+00
4.164000e-05	1.018437e-01	4.463185e+00
4.165000e-05	-5.019882e-02	4.694690e+00
4.166000e-05	-6.715799e-03	4.916216e+00
4.167000e-05	3.490041e-02	5.171000e+00
4.168000e-05	-5.009888e-02	5.442030e+00
4.169000e-05	2.504715e-02	5.630052e+00
4.170000e-05	-2.499936e-02	5.863675e+00
4.171000e-05	-6.758382e-03	6.052607e+00
4.172000e-05	-3.629514e-03	6.262604e+00
4.173000e-05	-5.312791e-04	6.420605e+00
4.174000e-05	3.251748e-02	6.644629e+00
4.175000e-05	-4.701529e-02	6.873233e+00
4.176000e-05	3.359454e-02	7.052606e+00
4.177000e-05	-3.994732e-02	7.250029e+00
4.178000e-05	-4.037457e-03	7.391974e+00
4.179000e-05	1.780994e-02	7.641655e+00
4.180000e-05	-2.021685e-02	7.853046e+00
4.181000e-05	1.569532e-02	8.032048e+00
4.182000e-05	-2.666799e-02	8.222003e+00
4.183000e-05	-7.132529e-04	8.358369e+00
4.184000e-05	-1.292428e-02	8.525235e+00
4.185000e-05	3.372809e-03	8.663103e+00
4.186000e-05	-5.341557e-03	8.778894e+00
4.187000e-05	-9.449294e-03	8.927417e+00
4.188000e-05	6.011627e-03	9.127337e+00
4.189000e-05	-1.848573e-02	9.284683e+00
4.190000e-05	-2.641009e-03	9.400973e+00
4.191000e-05	-5.062684e-03	9.556292e+00
4.192000e-05	-2.312908e-04	9.682180e+00
4.193000e-05	-9.246979e-03	9.822053e+00
4.194000e-05	-6.550055e-03	9.978447e+00
4.195000e-05	-2.580272e-03	1.008576e+01
4.196000e-05	-1.215850e-02	1.022150e+01
4.197000e-05	-1.243513e-02	1.034629e+01
4.198000e-05	-4.650890e-03	1.048273e+01
4.199000e-05	-1.651355e-03	1.061057e+01
4.200000e-05	-6.868338e-03	1.070731e+01
4.201000e-05	-8.188064e-03	1.086260e+01
4.202000e-05	-6.560228e-03	1.093586e+01
4.203000e-05	-9.426043e-03	1.105258e+01
4.204000e-05	-1.084259e-02	1.109526e+01
4.205000e-05	-6.673090e-03	1.121953e+01
4.206000e-05	-7.644814e-03	1.133521e+01
4.207000e-05	-9.087667e-03	1.146212e+01
4.208000e-05	-7.498009e-03	1.151821e+01
4.209000e-05	-5.642285e-03	1.159047e+01
4.210000e-05	-9.709638e-03	1.167466e+01
4.211000e-05	-1.163733e-02	1.178639e+01
4.212000e-05	-8.005226e-03	1.184057e+01
4.213000e-05	-7.539358e-03	1.186310e+01
4.214000e-05	-7.633822e-03	1.192466e+01
4.215000e-05	-1.079714e-02	1.194839e+01
4.216000e-05	-1.015473e-02	1.200044e+01
4.217000e-05	-1.315966e-02	1.203150e+01
4.218000e-05	-1.100564e-02	1.210468e+01
4.219000e-05	-1.069315e-02	1.210418e+01
4.220000e-05	-9.779111e-03	1.213681e+01
4.221000e-05	-1.169432e-02	1.218782e+01
4.222000e-05	-1.409210e-02	1.218031e+01
4.223000e-05	-1.332553e-02	1.222140e+01
4.224000e-05	-1.443209e-02	1.222157e+01
4.225000e-05	-1.508099e-02	1.224200e+01
4.226000e-05	-1.657335e-02	1.223197e+01
4.227000e-05	-1.741483e-02	1.222354e+01
4.228000e-05	-2.114688e-02	1.222197e+01
4.229000e-05	-2.365181e-02	1.221197e+01
4.230000e-05	-2.663319e-02	1.224097e+01
4.231000e-05	-3.053029e-02	1.217137e+01
4.232000e-05	-3.796012e-02	1.220844e+01
4.233000e-05	-4.861675e-02	1.217776e+01
4.234000e-05	-6.110477e-02	1.212473e+01
4.235000e-05	-7.513350e-02	1.208410e+01
4.236000e-05	-7.987873e-02	1.201105e+01
4.237000e-05	-6.768580e-02	1.198889e+01
4.238000e-05	-4.796001e-02	1.190521e+01
4.239000e-05	-3.399068e-02	1.188465e+01
4.240000e-05	-2.591256e-02	1.183102e+01
4.241000e-05	-2.130538e-02	1.173881e+01
4.242000e-05	-1.857602e-02	1.165410e+01
4.243000e-05	-1.847077e-02	1.158048e+01
4.244000e-05	-1.772686e-02	1.150466e+01
4.245000e-05	-1.517045e-02	1.144197e+01
4.246000e-05	-1.347131e-02	1.131268e+01
4.247000e-05	-1.190787e-02	1.124994e+01
4.248000e-05	-1.375744e-02	1.111576e+01
4.249000e-05	-1.146325e-02	1.103092e+01
4.250000e-05	-1.199947e-02	1.094679e+01
4.251000e-05	-1.130606e-02	1.085158e+01
4.252000e-05	-1.122181e-02	1.074633e+01
4.253000e-05	-1.022158e-02	1.062199e+01
4.254000e-05	-9.232946e-03	1.053508e+01
4.255000e-05	-1.083333e-02	1.037841e+01
4.256000e-05	-9.338458e-03	1.025355e+01
4.257000e-05	-9.725568e-03	1.015629e+01
4.258000e-05	-8.116894e-03	1.005044e+01
4.259000e-05	-8.549869e-03	9.904628e+00
4.260000e-05	-8.690458e-03	9.776783e+00
4.261000e-05	-9.163599e-03	9.548866e+00
4.262000e-05	-7.410526e-03	9.483024e+00
4.263000e-05	-7.769906e-03	9.345310e+00
4.264000e-05	-7.468855e-03	9.199516e+00
4.265000e-05	-8.322360e-03	9.033550e+00
4.266000e-05	-7.533999e-03	8.851127e+00
4.267000e-05	-7.673761e-03	8.716682e+00
4.268000e-05	-6.104526e-03	8.567890e+00
4.269000e-05	-7.499638e-03	8.398918e+00
4.270000e-05	-6.967884e-03	8.232495e+00
4.271000e-05	-7.288517e-03	8.091573e+00
4.272000e-05	-6.595774e-03	7.873077e+00
4.273000e-05	-6.270761e-03	7.705178e+00
4.274000e-05	-6.186261e-03	7.505607e+00
4.275000e-05	-6.111373e-03	7.301629e+00
4.276000e-05	-6.790596e-03	7.095153e+00
4.277000e-05	-6.142758e-03	6.915683e+00
4.278000e-05	-6.025491e-03	6.746257e+00
4.279000e-05	-6.036004e-03	6.524716e+00
4.280000e-05	-6.093968e-03	6.314789e+00
4.281000e-05	-6.944740e-03	6.127264e+00
4.282000e-05	-6.049524e-03	5.977365e+00
4.283000e-05	-5.572484e-03	5.776259e+00
4.284000e-05	-5.934760e-03	5.537291e+00
4.285000e-05	-5.803786e-03	5.346817e+00
4.286000e-05	-5.810215e-03	5.104627e+00
4.287000e-05	-4.978800e-03	4.840001e+00
4.288000e-05	-5.579211e-03	4.630975e+00
4.289000e-05	-5.846752e-03	4.480501e+00
4.290000e-05	-5.738171e-03	4.209974e+00
4.291000e-05	-5.247460e-03	4.007916e+00
4.292000e-05	-5.166735e-03	3.789971e+00
4.293000e-05	-5.470235e-03	3.639891e+00
4.294000e-05	-5.047109e-03	3.389389e+00
4.295000e-05	-5.314606e-03	3.157834e+00
4.296000e-05	-5.018754e-03	2.946862e+00
4.297000e-05	-4.323118e-03	2.747316e+00
4.298000e-05	-4.349050e-03	2.433584e+00
4.299000e-05	-5.254457e-03	2.271528e+00
4.300000e-05	-5.037777e-03	2.040627e+00
4.301000e-05	-4.529291e-03	1.871050e+00
4.302000e-05	-4.193729e-03	1.567441e+00
4.303000e-05	-4.735833e-03	1.348216e+00
4.304000e-05	-4.684632e-03	1.124709e+00
4.305000e-05	-3.594056e-03	8.205213e-01
4.306000e-05	-3.795825e-03	6.205012e-01
4.307000e-05	-4.215383e-03	4.000725e-01
4.308000e-05	-2.752111e-03	1.757921e-01
4.309000e-05	-2.392165e-03	-3.365809e-02
4.310000e-05	7.744406e-03	-2.347655e-01
4.311000e-05	-3.673117e-03	-4.526840e-01
4.312000e-05	3.841494e-03	-6.668696e-01
4.313000e-05	-3.564550e-03	-9.047905e-01
4.314000e-05	2.303754e-03	-1.106267e+00
4.315000e-05	-2.942158e-03	-1.307368e+00
4.316000e-05	1.029094e-02	-1.539450e+00
4.317000e-05	7.198384e-02	-1.727393e+00
4.318000e-05	4.030129e-02	-1.970049e+00
4.319000e-05	-8.510519e-02	-2.317921e+00
4.320000e-05	6.727623e-04	-2.601032e+00
4.321000e-05	-5.841988e-02	-2.779976e+00
4.322000e-05	-7.703644e-02	-2.917761e+00
4.323000e-05	1.793571e-01	-3.045579e+00
4.324000e-05	-7.646631e-02	-3.303718e+00
4.325000e-05	-3.730816e-02	-3.557370e+00
4.326000e-05	1.829390e-01	-3.622204e+00
4.327000e-05	-2.077219e-01	-3.948372e+00
4.328000e-05	1.295810e-01	-4.147342e+00
4.329000e-05	2.125591e-02	-4.337817e+00
4.330000e-05	-1.174880e-01	-4.530942e+00
4.331000e-05	1.788797e-01	-4.757917e+00
4.332000e-05	-1.347029e-01	-5.000049e+00
4.333000e-05	4.535919e-02	-5.201582e+00
4.334000e-05	3.976759e-02	-5.465213e+00
4.335000e-05	-1.166084e-01	-5.686263e+00
4.336000e-05	1.411479e-01	-5.874734e+00
4.337000e-05	-1.071775e-01	-6.085233e+00
4.338000e-05	7.437466e-02	-6.307939e+00
4.339000e-05	-1.692449e-03	-6.494367e+00
4.340000e-05	-4.346944e-02	-6.726262e+00
4.341000e-05	9.799829e-02	-6.834758e+00
4.342000e-05	-1.374680e-01	-7.098344e+00
4.343000e-05	1.127665e-01	-7.286791e+00
4.344000e-05	-5.271722e-02	-7.455111e+00
4.345000e-05	1.846263e-02	-7.687283e+00
4.346000e-05	3.784630e-02	-7.913687e+00
4.347000e-05	-5.629696e-02	-8.074184e+00
4.348000e-05	6.411726e-02	-8.232628e+00
4.349000e-05	-7.516602e-02	-8.370473e+00
4.350000e-05	5.928261e-02	-8.549866e+00
4.351000e-05	-1.081438e-02	-8.725814e+00
4.352000e-05	1.354408e-02	-8.875311e+00
4.353000e-05	-3.647990e-03	-9.032049e+00
4.354000e-05	-2.761136e-02	-9.158870e+00
4.355000e-05	4.679782e-02	-9.297183e+00
4.356000e-05	-3.108455e-02	-9.475158e+00
4.357000e-05	2.830570e-02	-9.601498e+00
4.358000e-05	-2.103882e-02	-9.716364e+00
4.359000e-05	3.185559e-02	-9.885784e+00
4.360000e-05	-1.838107e-02	-9.980472e+00
4.361000e-05	1.569581e-03	-1.012891e+01
4.362000e-05	7.861834e-03	-1.027418e+01
4.363000e-05	4.832135e-03	-1.044207e+01
4.364000e-05	3.568825e-03	-1.049631e+01
4.365000e-05	-8.643540e-03	-1.064355e+01
4.366000e-05	2.366587e-02	-1.072834e+01
4.367000e-05	-7.852078e-03	-1.082155e+01
4.368000e-05	8.948065e-03	-1.093939e+01
4.369000e-05	-6.337197e-03	-1.102402e+01
4.370000e-05	1.632176e-02	-1.115849e+01
4.371000e-05	-1.208868e-03	-1.123310e+01
4.372000e-05	3.860647e-03	-1.136939e+01
4.373000e-05	4.043338e-03	-1.139407e+01
4.374000e-05	1.174149e-03	-1.150781e+01
4.375000e-05	6.052036e-03	-1.160094e+01
4.376000e-05	3.119233e-03	-1.168568e+01
4.377000e-05	1.034976e-02	-1.173584e+01
4.378000e-05	1.969767e-03	-1.180994e+01
4.379000e-05	6.894091e-03	-1.189415e+01
4.380000e-05	2.430057e-03	-1.193638e+01
4.381000e-05	6.961848e-03	-1.196941e+01
4.382000e-05	2.113324e-03	-1.198004e+01
4.383000e-05	7.717170e-03	-1.204465e+01
4.384000e-05	4.757517e-03	-1.206570e+01
4.385000e-05	4.941530e-03	-1.212671e+01
4.386000e-05	7.718442e-03	-1.212776e+01
4.387000e-05	7.862808e-03	-1.216889e+01
4.388000e-05	6.497104e-03	-1.219944e+01
4.389000e-05	6.631292e-03	-1.220097e+01
4.390000e-05	1.145880e-02	-1.218047e+01
4.391000e-05	1.265919e-02	-1.221095e+01
4.392000e-05	1.037749e-02	-1.222049e+01
4.393000e-05	1.170175e-02	-1.224149e+01
4.394000e-05	1.404983e-02	-1.220045e+01
4.395000e-05	1.995000e-02	-1.220994e+01
4.396000e-05	2.444587e-02	-1.217997e+01
4.397000e-05	2.916187e-02	-1.212784e+01
4.398000e-05	3.507196e-02	-1.211784e+01
4.399000e-05	4.500360e-02	-1.211528e+01
4.400000e-05	6.098349e-02	-1.209521e+01
4.401000e-05	7.453356e-02	-1.204252e+01
4.402000e-05	7.321439e-02	-1.198946e+01
4.403000e-05	5.511002e-02	-1.195688e+01
4.404000e-05	3.651110e-02	-1.188568e+01
4.405000e-05	2.373775e-02	-1.182250e+01
4.406000e-05	1.800712e-02	-1.172633e+01
4.407000e-05	1.466602e-02	-1.167462e+01
4.408000e-05	1.120779e-02	-1.156841e+01
4.409000e-05	1.144687e-02	-1.146367e+01
4.410000e-05	1.168653e-02	-1.140095e+01
4.411000e-05	9.627010e-03	-1.131481e+01
4.412000e-05	6.956636e-03	-1.122046e+01
4.413000e-05	3.817937e-03	-1.111420e+01
4.414000e-05	5.939645e-03	-1.096894e+01
4.415000e-05	4.448501e-03	-1.093721e+01
4.416000e-05	6.205966e-03	-1.080200e+01
4.417000e-05	3.856254e-03	-1.072676e+01
4.418000e-05	3.684489e-03	-1.066107e+01
4.419000e-05	3.061368e-03	-1.054689e+01
4.420000e-05	2.930054e-03	-1.048192e+01
4.421000e-05	2.655784e-03	-1.029370e+01
4.422000e-05	2.768040e-03	-1.013881e+01
4.423000e-05	2.490539e-03	-1.000094e+01
4.424000e-05	2.945602e-03	-9.884207e+00
4.425000e-05	2.115292e-03	-9.788316e+00
4.426000e-05	1.605718e-03	-9.661623e+00
4.427000e-05	1.910460e-03	-9.485756e+00
4.428000e-05	8.811076e-04	-9.377916e+00
4.429000e-05	1.598537e-03	-9.239442e+00
4.430000e-05	2.454057e-03	-9.072104e+00
4.431000e-05	2.223656e-03	-8.935286e+00
4.432000e-05	9.250905e-04	-8.767289e+00
4.433000e-05	-4.905124e-04	-8.600970e+00
4.434000e-05	7.725878e-04	-8.390425e+00
4.435000e-05	8.152102e-04	-8.293153e+00
4.436000e-05	-1.065801e-05	-8.126209e+00
4.437000e-05	6.358028e-05	-7.925783e+00
4.438000e-05	4.560580e-04	-7.745854e+00
4.439000e-05	-1.100024e-03	-7.484784e+00
4.440000e-05	-1.909939e-03	-7.357336e+00
4.441000e-05	-6.519462e-04	-7.136837e+00
4.442000e-05	-8.637716e-04	-6.958341e+00
4.443000e-05	-2.345510e-03	-6.788387e+00
4.444000e-05	-2.406831e-03	-6.588888e+00
4.445000e-05	-1.952726e-03	-6.419965e+00
4.446000e-05	-2.116621e-03	-6.199947e+00
4.447000e-05	-2.314263e-03	-5.998392e+00
4.448000e-05	-3.863933e-03	-5.798946e+00
4.449000e-05	-1.996034e-03	-5.609444e+00
4.450000e-05	-2.689777e-03	-5.390066e+00
4.451000e-05	-1.058671e-03	-5.126815e+00
4.452000e-05	-4.094617e-03	-4.875684e+00
4.453000e-05	-1.390563e-03	-4.684050e+00
4.454000e-05	-2.967788e-03	-4.473629e+00
4.455000e-05	-2.931528e-03	-4.316761e+00
4.456000e-05	-4.064390e-03	-4.115731e+00
4.457000e-05	-2.135335e-03	-3.915306e+00
4.458000e-05	-3.067496e-03	-3.662603e+00
4.459000e-05	-1.902641e-03	-3.462600e+00
4.460000e-05	-4.606027e-03	-3.233104e+00
4.461000e-05	-3.111561e-03	-3.041548e+00
4.462000e-05	-4.847106e-03	-2.799441e+00
4.463000e-05	-2.430927e-03	-2.568970e+00
4.464000e-05	-4.509025e-03	-2.388434e+00
4.465000e-05	-2.968208e-03	-2.073183e+00
4.466000e-05	-4.212230e-03	-1.875208e+00
4.467000e-05	-4.184185e-03	-1.713207e+00
4.468000e-05	-5.438051e-03	-1.443600e+00
4.469000e-05	-4.327861e-03	-1.147391e+00
4.470000e-05	-5.057471e-03	-9.567645e-01
4.471000e-05	-5.354684e-03	-7.572647e-01
4.472000e-05	-5.623304e-03	-4.516565e-01
4.473000e-05	-4.501285e-03	-2.525818e-01
4.474000e-05	-3.476134e-03	-4.110665e-02
4.475000e-05	2.951685e-03	1.604257e-01
4.476000e-05	1.371648e-04	4.115038e-01
4.477000e-05	-3.706180e-03	5.915488e-01
4.478000e-05	1.500061e-03	7.799511e-01
4.479000e-05	-3.543653e-03	1.022059e+00
4.480000e-05	-2.398279e-03	1.262687e+00
4.481000e-05	-2.683773e-03	1.472788e+00
4.482000e-05	9.261726e-03	1.728296e+00
4.483000e-05	5.251056e-02	1.936316e+00
4.484000e-05	5.353326e-02	2.129399e+00
4.485000e-05	-8.018155e-02	2.389950e+00
4.486000e-05	-1.964590e-02	2.705190e+00
4.487000e-05	-3.725938e-02	2.894685e+00
4.488000e-05	-5.703751e-02	3.021679e+00
4.489000e-05	-1.697821e-03	3.209001e+00
4.490000e-05	1.614791e-01	3.429980e+00
4.491000e-05	-1.845900e-01	3.650501e+00
4.492000e-05	1.197875e-01	3.776971e+00
4.493000e-05	5.094675e-03	4.011528e+00
4.494000e-05	-1.042885e-01	4.315627e+00
4.495000e-05	1.008877e-01	4.443133e+00
4.496000e-05	-4.358891e-02	4.674737e+00
4.497000e-05	-1.384807e-02	4.875708e+00
4.498000e-05	4.070415e-02	5.149998e+00
4.499000e-05	-5.098714e-02	5.403501e+00
4.500000e-05	2.349190e-02	5.592026e+00
4.501000e-05	-2.291541e-02	5.844532e+00
4.502000e-05	-9.533278e-03	6.082130e+00
4.503000e-05	-6.101060e-04	6.263155e+00
4.504000e-05	-5.489150e-03	6.411501e+00
4.505000e-05	3.367285e-02	6.643127e+00
4.506000e-05	-4.888142e-02	6.852134e+00
4.507000e-05	3.366981e-02	7.052578e+00
4.508000e-05	-3.532579e-02	7.251029e+00
4.509000e-05	-8.365140e-03	7.432121e+00
4.510000e-05	1.762538e-02	7.651951e+00
4.511000e-05	-2.109951e-02	7.851475e+00
4.512000e-05	1.570266e-02	8.011550e+00
4.513000e-05	-2.448202e-02	8.230977e+00
4.514000e-05	-2.434714e-03	8.337365e+00
4.515000e-05	-1.107227e-02	8.505236e+00
4.516000e-05	1.698205e-03	8.672181e+00
4.517000e-05	-5.024082e-03	8.739374e+00
4.518000e-05	-8.345664e-03	8.948337e+00
4.519000e-05	5.606046e-03	9.117312e+00
4.520000e-05	-1.612397e-02	9.283659e+00
4.521000e-05	-7.391715e-03	9.430949e+00
4.522000e-05	-5.295514e-03	9.526815e+00
4.523000e-05	-7.535841e-05	9.702233e+00
4.524000e-05	-9.288346e-03	9.823019e+00
4.525000e-05	-5.983467e-03	9.989967e+00
4.526000e-05	-3.842238e-03	1.010518e+01
4.527000e-05	-9.552941e-03	1.022310e+01
4.528000e-05	-1.242988e-02	1.032579e+01
4.529000e-05	-4.031753e-03	1.048315e+01
4.530000e-05	-2.078555e-03	1.059147e+01
4.531000e-05	-9.180141e-03	1.068681e+01
4.532000e-05	-9.048275e-03	1.087360e+01
4.533000e-05	-6.030012e-03	1.094779e+01
4.534000e-05	-6.726241e-03	1.106310e+01
4.535000e-05	-1.043278e-02	1.110731e+01
4.536000e-05	-8.279837e-03	1.123097e+01
4.537000e-05	-6.691923e-03	1.133773e+01
4.538000e-05	-7.915156e-03	1.140097e+01
4.539000e-05	-8.626416e-03	1.152525e+01
4.540000e-05	-7.814165e-03	1.163052e+01
4.541000e-05	-1.000367e-02	1.168463e+01
4.542000e-05	-1.040210e-02	1.174832e+01
4.543000e-05	-7.386373e-03	1.180092e+01
4.544000e-05	-7.551919e-03	1.188258e+01
4.545000e-05	-8.147994e-03	1.192628e+01
4.546000e-05	-1.162290e-02	1.197739e+01
4.547000e-05	-9.856757e-03	1.201097e+01
4.548000e-05	-1.210617e-02	1.203198e+01
4.549000e-05	-9.640606e-03	1.210460e+01
4.550000e-05	-1.104786e-02	1.213368e+01
4.551000e-05	-1.105501e-02	1.213676e+01
4.552000e-05	-1.293887e-02	1.218879e+01
4.553000e-05	-1.345777e-02	1.219034e+01
4.554000e-05	-1.288991e-02	1.219992e+01
4.555000e-05	-1.430702e-02	1.224049e+01
4.556000e-05	-1.564442e-02	1.224247e+01
4.557000e-05	-1.758195e-02	1.227197e+01
4.558000e-05	-1.821518e-02	1.224255e+01
4.559000e-05	-2.055235e-02	1.222153e+01
4.560000e-05	-2.320378e-02	1.222100e+01
4.561000e-05	-2.676860e-02	1.221152e+01
4.562000e-05	-3.108054e-02	1.220944e+01
4.563000e-05	-3.820791e-02	1.218784e+01
4.564000e-05	-4.749471e-02	1.213728e+01
4.565000e-05	-6.035677e-02	1.212463e+01
4.566000e-05	-7.518097e-02	1.208208e+01
4.567000e-05	-7.989862e-02	1.202099e+01
4.568000e-05	-6.830965e-02	1.199731e+01
4.569000e-05	-4.860741e-02	1.191578e+01
4.570000e-05	-3.471506e-02	1.187513e+01
4.571000e-05	-2.580206e-02	1.184099e+01
4.572000e-05	-2.254705e-02	1.176741e+01
4.573000e-05	-1.950197e-02	1.169521e+01
4.574000e-05	-1.820334e-02	1.161936e+01
4.575000e-05	-1.702009e-02	1.149623e+01
4.576000e-05	-1.497742e-02	1.147050e+01
4.577000e-05	-1.372256e-02	1.133568e+01
4.578000e-05	-1.213811e-02	1.122002e+01
4.579000e-05	-1.366782e-02	1.111474e+01
4.580000e-05	-1.154645e-02	1.104107e+01
4.581000e-05	-1.168146e-02	1.095781e+01
4.582000e-05	-1.069586e-02	1.090355e+01
4.583000e-05	-1.088012e-02	1.074631e+01
4.584000e-05	-1.113033e-02	1.063350e+01
4.585000e-05	-9.653872e-03	1.053678e+01
4.586000e-05	-1.045525e-02	1.034035e+01
4.587000e-05	-9.783424e-03	1.027410e+01
4.588000e-05	-9.505799e-03	1.018629e+01
4.589000e-05	-8.911857e-03	1.002155e+01
4.590000e-05	-9.090645e-03	9.926727e+00
4.591000e-05	-7.490765e-03	9.746843e+00
4.592000e-05	-8.927124e-03	9.609943e+00
4.593000e-05	-8.103454e-03	9.472626e+00
4.594000e-05	-9.344191e-03	9.366788e+00
4.595000e-05	-6.999656e-03	9.220419e+00
4.596000e-05	-7.808687e-03	9.051600e+00
4.597000e-05	-7.136955e-03	8.882124e+00
4.598000e-05	-7.887649e-03	8.706182e+00
4.599000e-05	-7.141347e-03	8.566840e+00
4.600000e-05	-7.575151e-03	8.398972e+00
4.601000e-05	-6.334679e-03	8.253521e+00
4.602000e-05	-6.810583e-03	8.060000e+00
4.603000e-05	-6.458533e-03	7.872075e+00
4.604000e-05	-6.256555e-03	7.735183e+00
4.605000e-05	-5.802287e-03	7.512680e+00
4.606000e-05	-6.506280e-03	7.283105e+00
4.607000e-05	-6.704719e-03	7.105701e+00
4.608000e-05	-6.665641e-03	6.914309e+00
4.609000e-05	-5.781101e-03	6.765789e+00
4.610000e-05	-6.297314e-03	6.547187e+00
4.611000e-05	-6.294242e-03	6.317786e+00
4.612000e-05	-5.709051e-03	6.157337e+00
4.613000e-05	-6.169284e-03	5.987843e+00
4.614000e-05	-5.180845e-03	5.784288e+00
4.615000e-05	-5.732199e-03	5.557289e+00
4.616000e-05	-6.057963e-03	5.377267e+00
4.617000e-05	-5.949209e-03	5.114607e+00
4.618000e-05	-5.123312e-03	4.850474e+00
4.619000e-05	-4.884414e-03	4.632024e+00
4.620000e-05	-5.617911e-03	4.432631e+00
4.621000e-05	-5.155968e-03	4.292095e+00
4.622000e-05	-5.302258e-03	3.988921e+00
4.623000e-05	-4.973659e-03	3.820398e+00
4.624000e-05	-5.364155e-03	3.609446e+00
4.625000e-05	-5.147623e-03	3.358289e+00
4.626000e-05	-4.721663e-03	3.157365e+00
4.627000e-05	-4.717143e-03	2.976763e+00
4.628000e-05	-4.667571e-03	2.776391e+00
4.629000e-05	-4.151381e-03	2.504079e+00
4.630000e-05	-5.093482e-03	2.263025e+00
4.631000e-05	-4.246941e-03	2.071104e+00
4.632000e-05	-4.919806e-03	1.851494e+00
4.633000e-05	-3.845105e-03	1.608368e+00
4.634000e-05	-4.407365e-03	1.387786e+00
4.635000e-05	-4.145617e-03	1.133236e+00
4.636000e-05	-4.429765e-03	8.189990e-01
4.637000e-05	-4.339826e-03	6.415026e-01
4.638000e-05	-3.473025e-03	4.210000e-01
4.639000e-05	-2.712894e-03	1.553147e-01
4.640000e-05	-1.912893e-03	-2.521170e-02
4.641000e-05	7.631254e-03	-2.846355e-01
4.642000e-05	-3.026521e-03	-4.236842e-01
4.643000e-05	3.126350e-03	-7.072669e-01
4.644000e-05	-3.635177e-03	-8.842632e-01
4.645000e-05	1.167529e-03	-1.074758e+00
4.646000e-05	-2.992321e-03	-1.284742e+00
4.647000e-05	1.020112e-02	-1.559496e+00
4.648000e-05	6.813586e-02	-1.726341e+00
4.649000e-05	4.852098e-02	-1.948996e+00
4.650000e-05	-8.758666e-02	-2.328898e+00
4.651000e-05	1.082603e-03	-2.619499e+00
4.652000e-05	-5.789133e-02	-2.778898e+00
4.653000e-05	-7.987332e-02	-2.925861e+00
4.654000e-05	1.703409e-01	-3.036179e+00
4.655000e-05	-5.482986e-02	-3.263759e+00
4.656000e-05	-6.195294e-02	-3.527917e+00
4.657000e-05	1.945346e-01	-3.621134e+00
4.658000e-05	-2.046090e-01	-3.908868e+00
4.659000e-05	1.134850e-01	-4.148370e+00
4.660000e-05	3.690062e-02	-4.337366e+00
4.661000e-05	-1.262155e-01	-4.549397e+00
4.662000e-05	1.761040e-01	-4.728420e+00
4.663000e-05	-1.177230e-01	-4.970450e+00
4.664000e-05	2.939544e-02	-5.223602e+00
4.665000e-05	5.576957e-02	-5.434756e+00
4.666000e-05	-1.293659e-01	-5.677289e+00
4.667000e-05	1.418557e-01	-5.884734e+00
4.668000e-05	-9.975298e-02	-6.083206e+00
4.669000e-05	6.217902e-02	-6.306790e+00
4.670000e-05	1.105843e-02	-6.466287e+00
4.671000e-05	-5.443548e-02	-6.695814e+00
4.672000e-05	1.085082e-01	-6.884307e+00
4.673000e-05	-1.396018e-01	-7.118313e+00
4.674000e-05	1.051771e-01	-7.306284e+00
4.675000e-05	-4.179290e-02	-7.453659e+00
4.676000e-05	7.545039e-03	-7.687236e+00
4.677000e-05	4.724915e-02	-7.876185e+00
4.678000e-05	-6.313403e-02	-8.084685e+00
4.679000e-05	6.736348e-02	-8.192005e+00
4.680000e-05	-7.487269e-02	-8.347967e+00
4.681000e-05	5.572729e-02	-8.527886e+00
4.682000e-05	-3.829669e-03	-8.677365e+00
4.683000e-05	9.177381e-03	-8.894732e+00
4.684000e-05	1.797711e-03	-9.001076e+00
4.685000e-05	-3.278708e-02	-9.128418e+00
4.686000e-05	5.052180e-02	-9.287758e+00
4.687000e-05	-3.379052e-02	-9.445125e+00
4.688000e-05	2.694645e-02	-9.582050e+00
4.689000e-05	-1.807042e-02	-9.708337e+00
4.690000e-05	2.908354e-02	-9.924708e+00
4.691000e-05	-1.360457e-02	-9.950470e+00
4.692000e-05	-2.421143e-03	-1.013934e+01
4.693000e-05	8.758383e-03	-1.024410e+01
4.694000e-05	3.379057e-03	-1.041308e+01
4.695000e-05	3.977422e-03	-1.051581e+01
4.696000e-05	-8.331127e-03	-1.063365e+01
4.697000e-05	2.177137e-02	-1.074631e+01
4.698000e-05	-5.959024e-03	-1.083360e+01
4.699000e-05	5.715731e-03	-1.095978e+01
4.700000e-05	-7.367827e-03	-1.104417e+01
4.701000e-05	1.750394e-02	-1.114888e+01
4.702000e-05	-8.076081e-04	-1.123205e+01
4.703000e-05	5.249097e-03	-1.130834e+01
4.704000e-05	3.971643e-03	-1.142152e+01
4.705000e-05	3.635973e-03	-1.150624e+01
4.706000e-05	3.205388e-03	-1.157994e+01
4.707000e-05	1.523976e-03	-1.163465e+01
4.708000e-05	1.091217e-02	-1.172978e+01
4.709000e-05	2.364661e-03	-1.180105e+01
4.710000e-05	7.639138e-03	-1.185575e+01
4.711000e-05	1.614992e-03	-1.189721e+01
4.712000e-05	6.331289e-03	-1.196946e+01
4.713000e-05	2.597101e-03	-1.198999e+01
4.714000e-05	7.261651e-03	-1.204205e+01
4.715000e-05	6.017873e-03	-1.212569e+01
4.716000e-05	3.738158e-03	-1.213726e+01
4.717000e-05	6.581256e-03	-1.211984e+01
4.718000e-05	7.220081e-03	-1.215942e+01
4.719000e-05	6.828176e-03	-1.216887e+01
4.720000e-05	5.709398e-03	-1.217989e+01
4.721000e-05	9.581628e-03	-1.218044e+01
4.722000e-05	1.224043e-02	-1.221099e+01
4.723000e-05	1.165088e-02	-1.220997e+01
4.724000e-05	1.256941e-02	-1.222204e+01
4.725000e-05	1.412238e-02	-1.220102e+01
4.726000e-05	1.896319e-02	-1.216137e+01
4.727000e-05	2.324132e-02	-1.218992e+01
4.728000e-05	2.793188e-02	-1.217991e+01
4.729000e-05	3.619766e-02	-1.212737e+01
4.730000e-05	4.550542e-02	-1.211718e+01
4.731000e-05	6.018177e-02	-1.207321e+01
4.732000e-05	7.338916e-02	-1.201105e+01
4.733000e-05	7.212049e-02	-1.197992e+01
4.734000e-05	5.554756e-02	-1.190881e+01
4.735000e-05	3.774186e-02	-1.188660e+01
4.736000e-05	2.625849e-02	-1.180304e+01
4.737000e-05	1.841923e-02	-1.176936e+01
4.738000e-05	1.434707e-02	-1.165420e+01
4.739000e-05	1.250064e-02	-1.156039e+01
4.740000e-05	1.100583e-02	-1.149518e+01
4.741000e-05	1.000245e-02	-1.141194e+01
4.742000e-05	8.973665e-03	-1.129673e+01
4.743000e-05	6.607766e-03	-1.124247e+01
4.744000e-05	6.598805e-03	-1.111373e+01
4.745000e-05	5.333621e-03	-1.101092e+01
4.746000e-05	5.082358e-03	-1.088671e+01
4.747000e-05	4.616077e-03	-1.085055e+01
4.748000e-05	4.319925e-03	-1.066728e+01
4.749000e-05	3.695913e-03	-1.062253e+01
4.750000e-05	3.469360e-03	-1.052631e+01
4.751000e-05	3.370905e-03	-1.041099e+01
4.752000e-05	2.847177e-03	-1.028415e+01
4.753000e-05	1.936653e-03	-1.017836e+01
4.754000e-05	2.337642e-03	-1.000245e+01
4.755000e-05	3.040254e-03	-9.865156e+00
4.756000e-05	2.159862e-03	-9.768421e+00
4.757000e-05	1.294521e-03	-9.672074e+00
4.758000e-05	2.821155e-03	-9.526277e+00
4.759000e-05	2.700981e-03	-9.409436e+00
4.760000e-05	1.365681e-03	-9.211917e+00
4.761000e-05	8.349695e-04	-9.094678e+00
4.762000e-05	6.482491e-04	-8.936811e+00
4.763000e-05	1.444438e-03	-8.788387e+00
4.764000e-05	7.323119e-04	-8.601995e+00
4.765000e-05	7.818521e-04	-8.433051e+00
4.766000e-05	1.227413e-03	-8.274225e+00
4.767000e-05	-3.223440e-04	-8.126287e+00
4.768000e-05	-7.967346e-04	-7.936231e+00
4.769000e-05	-9.857404e-04	-7.728733e+00
4.770000e-05	-5.770712e-04	-7.505283e+00
4.771000e-05	-1.118539e-03	-7.376267e+00
4.772000e-05	-5.896506e-04	-7.215315e+00
4.773000e-05	-1.547145e-03	-6.947835e+00
4.774000e-05	-2.104663e-03	-6.767363e+00
4.775000e-05	-1.626002e-03	-6.567918e+00
4.776000e-05	-1.276101e-03	-6.409444e+00
4.777000e-05	-2.411641e-03	-6.200445e+00
4.778000e-05	-2.230851e-03	-5.988444e+00
4.779000e-05	-2.951759e-03	-5.758992e+00
4.780000e-05	-9.877137e-04	-5.640019e+00
4.781000e-05	-4.484164e-03	-5.401520e+00
4.782000e-05	-7.150310e-04	-5.117315e+00
4.783000e-05	-2.990161e-03	-4.876205e+00
4.784000e-05	-1.403647e-03	-4.672079e+00
4.785000e-05	-3.238310e-03	-4.515158e+00
4.786000e-05	-2.764753e-03	-4.277232e+00
4.787000e-05	-3.478185e-03	-4.096837e+00
4.788000e-05	-2.495136e-03	-3.928240e+00
4.789000e-05	-3.247996e-03	-3.671552e+00
4.790000e-05	-2.316926e-03	-3.473579e+00
4.791000e-05	-4.356115e-03	-3.283152e+00
4.792000e-05	-2.941112e-03	-3.022053e+00
4.793000e-05	-4.828118e-03	-2.809469e+00
4.794000e-05	-2.033224e-03	-2.568945e+00
4.795000e-05	-4.388941e-03	-2.407819e+00
4.796000e-05	-3.033532e-03	-2.135309e+00
4.797000e-05	-5.431513e-03	-1.926186e+00
4.798000e-05	-3.191494e-03	-1.704156e+00
4.799000e-05	-4.372191e-03	-1.402998e+00
4.800000e-05	-4.111662e-03	-1.199863e+00
4.801000e-05	-4.847857e-03	-9.178645e-01
4.802000e-05	-5.023168e-03	-7.477847e-01
4.803000e-05	-5.051606e-03	-4.431780e-01
4.804000e-05	-4.234676e-03	-2.526040e-01
4.805000e-05	-3.147163e-03	-6.315665e-02
4.806000e-05	2.241609e-03	1.483471e-01
4.807000e-05	1.247231e-03	4.099800e-01
4.808000e-05	-4.142496e-03	6.109987e-01
4.809000e-05	2.709837e-03	7.888986e-01
4.810000e-05	-4.402447e-03	9.915076e-01
4.811000e-05	-2.202390e-03	1.242108e+00
4.812000e-05	-2.884432e-03	1.474258e+00
4.813000e-05	9.277862e-03	1.756792e+00
4.814000e-05	5.063549e-02	1.917846e+00
4.815000e-05	5.813094e-02	2.145796e+00
4.816000e-05	-7.965877e-02	2.418478e+00
4.817000e-05	-2.078752e-02	2.684138e+00
4.818000e-05	-3.748572e-02	2.874260e+00
4.819000e-05	-5.320687e-02	3.041580e+00
4.820000e-05	-1.131952e-02	3.179047e+00
4.821000e-05	1.689200e-01	3.388026e+00
4.822000e-05	-1.787046e-01	3.610026e+00
4.823000e-05	1.019024e-01	3.736970e+00
4.824000e-05	2.413087e-02	4.019528e+00
4.825000e-05	-1.119309e-01	4.253052e+00
4.826000e-05	9.887590e-02	4.442658e+00
4.827000e-05	-3.835564e-02	4.673188e+00
4.828000e-05	-2.156885e-02	4.882782e+00
4.829000e-05	4.529998e-02	5.199949e+00
4.830000e-05	-5.047194e-02	5.449525e+00
4.831000e-05	2.375838e-02	5.579526e+00
4.832000e-05	-2.110900e-02	5.853130e+00
4.833000e-05	-1.325500e-02	6.020557e+00
4.834000e-05	2.830799e-03	6.223555e+00
4.835000e-05	-6.906928e-03	6.421022e+00
4.836000e-05	3.767284e-02	6.632575e+00
4.837000e-05	-5.014049e-02	6.852182e+00
4.838000e-05	3.079648e-02	7.004155e+00
4.839000e-05	-3.181325e-02	7.229054e+00
4.840000e-05	-1.180797e-02	7.380999e+00
4.841000e-05	2.171295e-02	7.629975e+00
4.842000e-05	-2.151992e-02	7.821123e+00
4.843000e-05	1.547330e-02	8.031524e+00
4.844000e-05	-2.282313e-02	8.200475e+00
4.845000e-05	-3.553202e-03	8.347894e+00
4.846000e-05	-9.492319e-03	8.476733e+00
4.847000e-05	2.151519e-04	8.622556e+00
4.848000e-05	-4.238591e-03	8.758471e+00
4.849000e-05	-1.030883e-02	8.959513e+00
4.850000e-05	5.592464e-03	9.116210e+00
4.851000e-05	-1.563399e-02	9.254206e+00
4.852000e-05	-7.459697e-03	9.401019e+00
4.853000e-05	-4.223807e-03	9.536739e+00
4.854000e-05	-1.330704e-03	9.622156e+00
4.855000e-05	-7.058744e-03	9.821043e+00
4.856000e-05	-6.641104e-03	9.968945e+00
4.857000e-05	-3.132453e-03	1.010473e+01
4.858000e-05	-1.040177e-02	1.023215e+01
4.859000e-05	-1.279424e-02	1.030724e+01
4.860000e-05	-5.503211e-03	1.045310e+01
4.861000e-05	-2.246570e-03	1.061089e+01
4.862000e-05	-8.022688e-03	1.075628e+01
4.863000e-05	-8.540193e-03	1.083263e+01
4.864000e-05	-4.534108e-03	1.089676e+01
4.865000e-05	-7.114478e-03	1.108105e+01
4.866000e-05	-1.103889e-02	1.110626e+01
4.867000e-05	-8.497455e-03	1.120050e+01
4.868000e-05	-5.376785e-03	1.132768e+01
4.869000e-05	-7.981044e-03	1.140037e+01
4.870000e-05	-8.856783e-03	1.149666e+01
4.871000e-05	-7.543095e-03	1.161794e+01
4.872000e-05	-1.077422e-02	1.170463e+01
4.873000e-05	-1.023039e-02	1.175729e+01
4.874000e-05	-6.949421e-03	1.181107e+01
4.875000e-05	-6.986845e-03	1.185357e+01
4.876000e-05	-7.790553e-03	1.189571e+01
4.877000e-05	-1.136386e-02	1.197836e+01
4.878000e-05	-9.377690e-03	1.197984e+01
4.879000e-05	-1.187224e-02	1.201195e+01
4.880000e-05	-1.088506e-02	1.210318e+01
4.881000e-05	-1.147283e-02	1.210713e+01
4.882000e-05	-1.148846e-02	1.213531e+01
4.883000e-05	-1.248013e-02	1.215737e+01
4.884000e-05	-1.313472e-02	1.220040e+01
4.885000e-05	-1.224114e-02	1.221955e+01
4.886000e-05	-1.399525e-02	1.218197e+01
4.887000e-05	-1.561022e-02	1.225155e+01
4.888000e-05	-1.615636e-02	1.223205e+01
4.889000e-05	-1.817400e-02	1.225252e+01
4.890000e-05	-2.042204e-02	1.223000e+01
4.891000e-05	-2.352174e-02	1.225205e+01
4.892000e-05	-2.659151e-02	1.224040e+01
4.893000e-05	-3.004466e-02	1.220099e+01
4.894000e-05	-3.777457e-02	1.217827e+01
4.895000e-05	-4.691090e-02	1.215819e+01
4.896000e-05	-5.963558e-02	1.208368e+01
4.897000e-05	-7.492464e-02	1.209315e+01
4.898000e-05	-8.073605e-02	1.204147e+01
4.899000e-05	-6.882720e-02	1.198991e+01
4.900000e-05	-4.921899e-02	1.194578e+01
4.901000e-05	-3.496497e-02	1.189420e+01
4.902000e-05	-2.656418e-02	1.182147e+01
4.903000e-05	-2.238744e-02	1.177736e+01
4.904000e-05	-1.996611e-02	1.168368e+01
4.905000e-05	-1.787576e-02	1.164050e+01
4.906000e-05	-1.688110e-02	1.149533e+01
4.907000e-05	-1.524298e-02	1.142295e+01
4.908000e-05	-1.460544e-02	1.133314e+01
4.909000e-05	-1.218180e-02	1.124039e+01
4.910000e-05	-1.367765e-02	1.114721e+01
4.911000e-05	-1.112008e-02	1.105007e+01
4.912000e-05	-1.173119e-02	1.096779e+01
4.913000e-05	-1.041036e-02	1.090466e+01
4.914000e-05	-1.188809e-02	1.076731e+01
4.915000e-05	-1.011126e-02	1.066310e+01
4.916000e-05	-9.667146e-03	1.053323e+01
4.917000e-05	-9.799362e-03	1.038037e+01
4.918000e-05	-9.839949e-03	1.025463e+01
4.919000e-05	-9.694150e-03	1.015789e+01
4.920000e-05	-8.237453e-03	1.004397e+01
4.921000e-05	-8.887723e-03	9.913724e+00
4.922000e-05	-8.446835e-03	9.768290e+00
4.923000e-05	-8.842233e-03	9.589896e+00
4.924000e-05	-7.760926e-03	9.482102e+00
4.925000e-05	-7.346167e-03	9.297762e+00
4.926000e-05	-7.507519e-03	9.179967e+00
4.927000e-05	-8.287992e-03	9.073499e+00
4.928000e-05	-6.670107e-03	8.931502e+00
4.929000e-05	-7.268476e-03	8.745255e+00
4.930000e-05	-7.687205e-03	8.577839e+00
4.931000e-05	-7.568190e-03	8.390443e+00
4.932000e-05	-6.603104e-03	8.242552e+00
4.933000e-05	-5.911235e-03	8.064104e+00
4.934000e-05	-6.645720e-03	7.934700e+00
4.935000e-05	-6.933392e-03	7.734732e+00
4.936000e-05	-6.380823e-03	7.554285e+00
4.937000e-05	-6.185242e-03	7.295583e+00
4.938000e-05	-6.385513e-03	7.133707e+00
4.939000e-05	-6.116765e-03	6.916761e+00
4.940000e-05	-5.630728e-03	6.806260e+00
4.941000e-05	-6.246782e-03	6.517758e+00
4.942000e-05	-6.180811e-03	6.354312e+00
4.943000e-05	-5.204114e-03	6.188340e+00
4.944000e-05	-5.013924e-03	6.008364e+00
4.945000e-05	-5.625626e-03	5.778887e+00
4.946000e-05	-6.063268e-03	5.557867e+00
4.947000e-05	-5.834096e-03	5.386837e+00
4.948000e-05	-5.734136e-03	5.185235e+00
4.949000e-05	-6.259668e-03	4.852603e+00
4.950000e-05	-6.517991e-03	4.672125e+00
4.951000e-05	-5.249285e-03	4.483101e+00
4.952000e-05	-5.423960e-03	4.282625e+00
4.953000e-05	-4.497195e-03	4.060471e+00
4.954000e-05	-4.977234e-03	3.828895e+00
4.955000e-05	-5.048285e-03	3.650998e+00
4.956000e-05	-4.848624e-03	3.388893e+00
4.957000e-05	-4.618344e-03	3.156338e+00
4.958000e-05	-4.637136e-03	2.967413e+00
4.959000e-05	-5.631957e-03	2.818890e+00
4.960000e-05	-5.366120e-03	2.494158e+00
4.961000e-05	-5.342409e-03	2.272682e+00
4.962000e-05	-4.821409e-03	2.044603e+00
4.963000e-05	-3.921153e-03	1.893124e+00
4.964000e-05	-3.166319e-03	1.610522e+00
4.965000e-05	-3.583068e-03	1.387318e+00
4.966000e-05	-3.929509e-03	1.156738e+00
4.967000e-05	-4.270853e-03	8.620277e-01
4.968000e-05	-3.654385e-03	6.521026e-01
4.969000e-05	-4.450779e-03	4.095464e-01
4.970000e-05	-3.651152e-03	2.109674e-01
4.971000e-05	-3.612191e-03	-5.213158e-02
4.972000e-05	7.896646e-03	-2.641329e-01
4.973000e-05	-8.210866e-04	-4.210815e-01
4.974000e-05	3.175869e-03	-6.962394e-01
4.975000e-05	-3.124035e-03	-8.546893e-01
4.976000e-05	9.669124e-04	-1.094783e+00
4.977000e-05	-2.889747e-03	-1.233342e+00
4.978000e-05	7.522482e-03	-1.527893e+00
4.979000e-05	6.302453e-02	-1.727865e+00
4.980000e-05	5.733840e-02	-1.919426e+00
4.981000e-05	-8.870117e-02	-2.336793e+00
4.982000e-05	2.497605e-03	-2.602500e+00
4.983000e-05	-5.754628e-02	-2.778445e+00
4.984000e-05	-8.131647e-02	-2.906234e+00
4.985000e-05	1.605412e-01	-3.074157e+00
4.986000e-05	-3.068242e-02	-3.234208e+00
4.987000e-05	-8.811426e-02	-3.525821e+00
4.988000e-05	2.032301e-01	-3.640582e+00
4.989000e-05	-1.995747e-01	-3.927842e+00
4.990000e-05	9.885792e-02	-4.136915e+00
4.991000e-05	5.409390e-02	-4.296838e+00
4.992000e-05	-1.338504e-01	-4.556397e+00
4.993000e-05	1.735421e-01	-4.747346e+00
4.994000e-05	-1.025235e-01	-4.929951e+00
4.995000e-05	7.700695e-03	-5.201077e+00
4.996000e-05	7.198155e-02	-5.415662e+00
4.997000e-05	-1.372503e-01	-5.683787e+00
4.998000e-05	1.439051e-01	-5.875209e+00
4.999000e-05	-9.316054e-02	-6.034757e+00
