# 260408_10:32:15.586605
t	CH1	CH2
0.000000e+00	-3.944513e-03	2.678267e+00
1.000000e-08	-4.586568e-03	2.400978e+00
2.000000e-08	-4.526131e-03	2.138292e+00
3.000000e-08	-4.995825e-03	1.876161e+00
4.000000e-08	-4.179341e-03	1.560348e+00
5.000000e-08	-4.502316e-03	1.275106e+00
6.000000e-08	-4.331828e-03	9.672884e-01
7.000000e-08	-3.768985e-03	6.636015e-01
8.000000e-08	-3.493438e-03	4.094727e-01
9.000000e-08	-2.799294e-03	7.515547e-02
1.000000e-07	8.674563e-04	-2.074222e-01
1.100000e-07	8.219419e-03	-4.520749e-01
1.200000e-07	-5.211513e-03	-7.764195e-01
1.300000e-07	4.907745e-03	-9.584761e-01
1.400000e-07	-3.909279e-03	-1.270683e+00
1.500000e-07	2.665230e-03	-1.557950e+00
1.600000e-07	-1.086145e-03	-1.789474e+00
1.700000e-07	2.452406e-02	-1.969003e+00
1.800000e-07	8.021867e-02	-2.296262e+00
1.900000e-07	9.254713e-03	-2.619655e+00
2.000000e-07	-7.735903e-02	-3.016572e+00
2.100000e-07	5.513721e-03	-3.303892e+00
2.200000e-07	-3.479470e-02	-3.506370e+00
2.300000e-07	-3.720727e-02	-3.766455e+00
2.400000e-07	-4.303772e-02	-3.990578e+00
2.500000e-07	1.809706e-01	-4.178500e+00
2.600000e-07	-1.312278e-01	-4.419630e+00
2.700000e-07	5.114327e-02	-4.736872e+00
2.800000e-07	2.950040e-02	-4.968949e+00
2.900000e-07	-1.197740e-01	-5.285767e+00
3.000000e-07	1.487732e-01	-5.558427e+00
3.100000e-07	-1.262202e-01	-5.861658e+00
3.200000e-07	9.953633e-02	-6.082843e+00
3.300000e-07	-2.015144e-02	-6.328075e+00
3.400000e-07	-5.723331e-02	-6.642767e+00
3.500000e-07	8.821784e-02	-6.904945e+00
3.600000e-07	-1.026564e-01	-7.221662e+00
3.700000e-07	9.223573e-02	-7.455236e+00
3.800000e-07	-7.057962e-02	-7.755999e+00
3.900000e-07	5.332017e-02	-8.042135e+00
4.000000e-07	1.818983e-02	-8.233161e+00
4.100000e-07	-5.929624e-02	-8.505344e+00
4.200000e-07	6.918387e-02	-8.758028e+00
4.300000e-07	-6.702756e-02	-8.981577e+00
4.400000e-07	5.697031e-02	-9.241133e+00
4.500000e-07	-5.028720e-02	-9.453091e+00
4.600000e-07	4.663175e-02	-9.674267e+00
4.700000e-07	2.148499e-03	-9.863369e+00
4.800000e-07	-1.447346e-02	-1.007337e+01
4.900000e-07	-1.230072e-03	-1.026537e+01
5.000000e-07	-1.276334e-02	-1.053692e+01
5.100000e-07	4.232129e-02	-1.069637e+01
5.200000e-07	-3.483526e-02	-1.088535e+01
5.300000e-07	2.593790e-02	-1.108570e+01
5.400000e-07	-1.229399e-02	-1.129640e+01
5.500000e-07	2.126884e-02	-1.149585e+01
5.600000e-07	-3.364783e-02	-1.170635e+01
5.700000e-07	2.079843e-02	-1.188635e+01
5.800000e-07	7.381587e-03	-1.210582e+01
5.900000e-07	5.154018e-03	-1.223324e+01
6.000000e-07	-1.292581e-02	-1.243058e+01
6.100000e-07	7.202988e-03	-1.258061e+01
6.200000e-07	1.137917e-02	-1.276895e+01
6.300000e-07	-1.340738e-02	-1.291642e+01
6.400000e-07	4.634523e-03	-1.306424e+01
6.500000e-07	2.197907e-03	-1.321161e+01
6.600000e-07	1.467382e-02	-1.335998e+01
6.700000e-07	-1.255030e-02	-1.351777e+01
6.800000e-07	1.000819e-02	-1.367416e+01
6.900000e-07	4.675340e-04	-1.379008e+01
7.000000e-07	5.345394e-03	-1.388742e+01
7.100000e-07	-4.217089e-03	-1.401419e+01
7.200000e-07	9.070814e-03	-1.418198e+01
7.300000e-07	4.800471e-03	-1.423472e+01
7.400000e-07	4.670834e-04	-1.437053e+01
7.500000e-07	1.992061e-03	-1.445724e+01
7.600000e-07	2.273631e-03	-1.453051e+01
7.700000e-07	5.473385e-03	-1.464169e+01
7.800000e-07	3.106048e-03	-1.470587e+01
7.900000e-07	6.327116e-03	-1.481150e+01
8.000000e-07	3.983382e-03	-1.484374e+01
8.100000e-07	2.983740e-03	-1.485785e+01
8.200000e-07	3.601915e-03	-1.492893e+01
8.300000e-07	3.866439e-03	-1.499061e+01
8.400000e-07	3.203093e-03	-1.506271e+01
8.500000e-07	5.725264e-03	-1.503724e+01
8.600000e-07	5.308680e-03	-1.510780e+01
8.700000e-07	4.832092e-03	-1.513893e+01
8.800000e-07	5.274658e-03	-1.518143e+01
8.900000e-07	7.235720e-03	-1.513206e+01
9.000000e-07	8.419918e-03	-1.519408e+01
9.100000e-07	9.484726e-03	-1.520369e+01
9.200000e-07	1.208128e-02	-1.519361e+01
9.300000e-07	1.294023e-02	-1.523461e+01
9.400000e-07	1.571533e-02	-1.522511e+01
9.500000e-07	1.824266e-02	-1.523359e+01
9.600000e-07	2.251901e-02	-1.517358e+01
9.700000e-07	2.728412e-02	-1.517051e+01
9.800000e-07	3.314389e-02	-1.513047e+01
9.900000e-07	4.153608e-02	-1.509775e+01
1.000000e-06	5.070551e-02	-1.508577e+01
1.010000e-06	6.029457e-02	-1.503361e+01
1.020000e-06	6.895881e-02	-1.498056e+01
1.030000e-06	6.823805e-02	-1.489895e+01
1.040000e-06	5.950672e-02	-1.485462e+01
1.050000e-06	4.611241e-02	-1.478401e+01
1.060000e-06	3.409924e-02	-1.474787e+01
1.070000e-06	2.357546e-02	-1.464414e+01
1.080000e-06	1.852973e-02	-1.457943e+01
1.090000e-06	1.534125e-02	-1.446630e+01
1.100000e-06	1.341438e-02	-1.435988e+01
1.110000e-06	1.080961e-02	-1.424621e+01
1.120000e-06	9.879232e-03	-1.415935e+01
1.130000e-06	8.291500e-03	-1.401206e+01
1.140000e-06	6.462702e-03	-1.386679e+01
1.150000e-06	4.742185e-03	-1.380045e+01
1.160000e-06	4.021617e-03	-1.361421e+01
1.170000e-06	3.859663e-03	-1.348929e+01
1.180000e-06	3.311570e-03	-1.340150e+01
1.190000e-06	2.953187e-03	-1.320159e+01
1.200000e-06	2.622531e-03	-1.311634e+01
1.210000e-06	1.442757e-03	-1.296135e+01
1.220000e-06	1.927407e-03	-1.281246e+01
1.230000e-06	6.599064e-04	-1.264419e+01
1.240000e-06	2.681072e-04	-1.249820e+01
1.250000e-06	8.525716e-05	-1.236940e+01
1.260000e-06	1.411521e-03	-1.221193e+01
1.270000e-06	3.902382e-05	-1.200464e+01
1.280000e-06	-5.475925e-04	-1.182358e+01
1.290000e-06	-3.209155e-04	-1.159098e+01
1.300000e-06	9.739140e-04	-1.142201e+01
1.310000e-06	-1.368533e-03	-1.117038e+01
1.320000e-06	-1.572199e-03	-1.100050e+01
1.330000e-06	-3.168771e-04	-1.077043e+01
1.340000e-06	-9.920539e-04	-1.062193e+01
1.350000e-06	-2.531226e-03	-1.037201e+01
1.360000e-06	-2.194715e-03	-1.018992e+01
1.370000e-06	-2.072824e-03	-9.939347e+00
1.380000e-06	-2.652493e-03	-9.738869e+00
1.390000e-06	-3.925124e-03	-9.519843e+00
1.400000e-06	-3.462350e-03	-9.308266e+00
1.410000e-06	-2.770231e-03	-9.074212e+00
1.420000e-06	-3.133221e-03	-8.824110e+00
1.430000e-06	-3.979450e-03	-8.571343e+00
1.440000e-06	-4.390633e-03	-8.339317e+00
1.450000e-06	-4.096058e-03	-8.097844e+00
1.460000e-06	-4.022566e-03	-7.846637e+00
1.470000e-06	-3.855916e-03	-7.600929e+00
1.480000e-06	-5.006729e-03	-7.366795e+00
1.490000e-06	-4.924773e-03	-7.075738e+00
1.500000e-06	-5.636430e-03	-6.850558e+00
1.510000e-06	-5.004424e-03	-6.590374e+00
1.520000e-06	-3.493832e-03	-6.358395e+00
1.530000e-06	-2.516472e-03	-6.085186e+00
1.540000e-06	-4.588930e-03	-5.801952e+00
1.550000e-06	-5.186961e-03	-5.528795e+00
1.560000e-06	-7.080173e-03	-5.253531e+00
1.570000e-06	-5.252217e-03	-4.950947e+00
1.580000e-06	-4.481686e-03	-4.663504e+00
1.590000e-06	-4.240341e-03	-4.402528e+00
1.600000e-06	-4.020469e-03	-4.157846e+00
1.610000e-06	-4.625423e-03	-3.857781e+00
1.620000e-06	-6.234115e-03	-3.590576e+00
1.630000e-06	-5.023528e-03	-3.347714e+00
1.640000e-06	-6.810892e-03	-3.027109e+00
1.650000e-06	-5.233769e-03	-2.759823e+00
1.660000e-06	-7.145154e-03	-2.485085e+00
1.670000e-06	-3.754024e-03	-2.200900e+00
1.680000e-06	-5.849701e-03	-1.905741e+00
1.690000e-06	-4.938527e-03	-1.671556e+00
1.700000e-06	-7.417787e-03	-1.356712e+00
1.710000e-06	-5.038919e-03	-1.021998e+00
1.720000e-06	-6.039951e-03	-6.909170e-01
1.730000e-06	-4.968359e-03	-4.315002e-01
1.740000e-06	-5.925164e-03	-2.078951e-01
1.750000e-06	-8.688498e-05	1.043083e-01
1.760000e-06	5.506231e-03	4.195486e-01
1.770000e-06	-7.555474e-03	6.321815e-01
1.780000e-06	1.967937e-03	8.818593e-01
1.790000e-06	-4.462463e-03	1.180078e+00
1.800000e-06	1.659280e-03	1.482765e+00
1.810000e-06	-5.934213e-03	1.789023e+00
1.820000e-06	1.145591e-02	1.998951e+00
1.830000e-06	1.832629e-02	2.259687e+00
1.840000e-06	8.342057e-02	2.543392e+00
1.850000e-06	-3.050863e-02	2.852211e+00
1.860000e-06	-5.447070e-02	3.125340e+00
1.870000e-06	-2.405973e-02	3.419105e+00
1.880000e-06	-8.977865e-03	3.654812e+00
1.890000e-06	-3.059557e-02	3.906445e+00
1.900000e-06	-2.886541e-02	4.113894e+00
1.910000e-06	5.238096e-02	4.389052e+00
1.920000e-06	4.246338e-02	4.642784e+00
1.930000e-06	-1.015755e-01	4.886265e+00
1.940000e-06	1.303700e-01	5.210657e+00
1.950000e-06	-9.419034e-02	5.485392e+00
1.960000e-06	2.130847e-02	5.747052e+00
1.970000e-06	1.417672e-02	6.041682e+00
1.980000e-06	-1.647667e-02	6.286294e+00
1.990000e-06	1.943729e-02	6.547474e+00
2.000000e-06	-4.203701e-02	6.861663e+00
2.010000e-06	3.983789e-02	7.085847e+00
2.020000e-06	-3.017264e-02	7.372127e+00
2.030000e-06	-3.594943e-03	7.654865e+00
2.040000e-06	-6.462938e-04	7.936370e+00
2.050000e-06	3.950171e-03	8.201734e+00
2.060000e-06	2.718787e-02	8.413211e+00
2.070000e-06	-4.381308e-02	8.663214e+00
2.080000e-06	7.280797e-03	8.884350e+00
2.090000e-06	1.868908e-03	9.105400e+00
2.100000e-06	-6.242879e-03	9.368945e+00
2.110000e-06	-7.554906e-03	9.580057e+00
2.120000e-06	-6.150538e-03	9.792104e+00
2.130000e-06	1.811178e-02	1.002263e+01
2.140000e-06	-1.696986e-02	1.023272e+01
2.150000e-06	-1.031774e-02	1.044174e+01
2.160000e-06	-9.294726e-03	1.064222e+01
2.170000e-06	1.161595e-02	1.083332e+01
2.180000e-06	-9.971881e-03	1.104166e+01
2.190000e-06	-1.651520e-02	1.123273e+01
2.200000e-06	7.954338e-03	1.140379e+01
2.210000e-06	3.005283e-03	1.168427e+01
2.220000e-06	-1.225273e-02	1.179331e+01
2.230000e-06	-1.547562e-02	1.199066e+01
2.240000e-06	1.058892e-02	1.221061e+01
2.250000e-06	-1.700674e-03	1.232948e+01
2.260000e-06	-1.569219e-02	1.250800e+01
2.270000e-06	-8.565229e-03	1.268475e+01
2.280000e-06	1.760040e-03	1.281326e+01
2.290000e-06	-6.152149e-03	1.300311e+01
2.300000e-06	-1.408030e-02	1.312056e+01
2.310000e-06	-2.490684e-03	1.332738e+01
2.320000e-06	5.959410e-04	1.344479e+01
2.330000e-06	-1.199161e-02	1.359998e+01
2.340000e-06	-6.378042e-03	1.371744e+01
2.350000e-06	-3.681195e-03	1.388469e+01
2.360000e-06	-5.126381e-03	1.398108e+01
2.370000e-06	-1.157125e-02	1.412845e+01
2.380000e-06	-7.809347e-03	1.424474e+01
2.390000e-06	-4.510465e-03	1.434953e+01
2.400000e-06	-1.030041e-02	1.444524e+01
2.410000e-06	-9.918198e-03	1.456895e+01
2.420000e-06	-6.431813e-03	1.459669e+01
2.430000e-06	-5.696996e-03	1.474687e+01
2.440000e-06	-4.691872e-03	1.477055e+01
2.450000e-06	-6.604339e-03	1.483464e+01
2.460000e-06	-1.093882e-02	1.490727e+01
2.470000e-06	-1.067105e-02	1.491955e+01
2.480000e-06	-1.062177e-02	1.500161e+01
2.490000e-06	-7.809954e-03	1.505316e+01
2.500000e-06	-1.335144e-02	1.507672e+01
2.510000e-06	-1.135746e-02	1.511882e+01
2.520000e-06	-1.031272e-02	1.514750e+01
2.530000e-06	-1.183882e-02	1.516353e+01
2.540000e-06	-1.209169e-02	1.519298e+01
2.550000e-06	-1.422303e-02	1.518061e+01
2.560000e-06	-1.471126e-02	1.520468e+01
2.570000e-06	-2.082153e-02	1.520257e+01
2.580000e-06	-1.875225e-02	1.522216e+01
2.590000e-06	-2.095546e-02	1.519367e+01
2.600000e-06	-2.417549e-02	1.521408e+01
2.610000e-06	-2.880204e-02	1.518361e+01
2.620000e-06	-3.301269e-02	1.516151e+01
2.630000e-06	-3.782626e-02	1.517898e+01
2.640000e-06	-4.610285e-02	1.510942e+01
2.650000e-06	-5.370959e-02	1.509540e+01
2.660000e-06	-6.607255e-02	1.506419e+01
2.670000e-06	-7.481486e-02	1.501256e+01
2.680000e-06	-7.693512e-02	1.494943e+01
2.690000e-06	-6.699040e-02	1.489729e+01
2.700000e-06	-5.382006e-02	1.484514e+01
2.710000e-06	-4.120912e-02	1.477148e+01
2.720000e-06	-3.169713e-02	1.467727e+01
2.730000e-06	-2.675109e-02	1.458110e+01
2.740000e-06	-2.211263e-02	1.449827e+01
2.750000e-06	-1.978027e-02	1.439301e+01
2.760000e-06	-1.832636e-02	1.429682e+01
2.770000e-06	-1.766266e-02	1.418153e+01
2.780000e-06	-1.706723e-02	1.406625e+01
2.790000e-06	-1.232597e-02	1.391787e+01
2.800000e-06	-1.315900e-02	1.378311e+01
2.810000e-06	-1.189191e-02	1.366577e+01
2.820000e-06	-1.286367e-02	1.353932e+01
2.830000e-06	-1.032405e-02	1.339251e+01
2.840000e-06	-1.180069e-02	1.325572e+01
2.850000e-06	-9.176090e-03	1.307837e+01
2.860000e-06	-1.051246e-02	1.300048e+01
2.870000e-06	-9.235949e-03	1.283314e+01
2.880000e-06	-1.011846e-02	1.264674e+01
2.890000e-06	-7.738151e-03	1.256840e+01
2.900000e-06	-9.101976e-03	1.234301e+01
2.910000e-06	-7.845198e-03	1.224303e+01
2.920000e-06	-7.547231e-03	1.201509e+01
2.930000e-06	-6.837885e-03	1.187464e+01
2.940000e-06	-8.564320e-03	1.166722e+01
2.950000e-06	-7.379410e-03	1.144416e+01
2.960000e-06	-5.754391e-03	1.125329e+01
2.970000e-06	-7.162580e-03	1.108621e+01
2.980000e-06	-7.792623e-03	1.090574e+01
2.990000e-06	-6.274263e-03	1.064527e+01
3.000000e-06	-5.918956e-03	1.044412e+01
3.010000e-06	-6.240923e-03	1.024518e+01
3.020000e-06	-5.941792e-03	1.000503e+01
3.030000e-06	-5.772758e-03	9.815056e+00
3.040000e-06	-4.886294e-03	9.560423e+00
3.050000e-06	-6.194163e-03	9.349395e+00
3.060000e-06	-6.029253e-03	9.110224e+00
3.070000e-06	-5.797897e-03	8.916237e+00
3.080000e-06	-5.214459e-03	8.624558e+00
3.090000e-06	-5.185488e-03	8.473060e+00
3.100000e-06	-5.169158e-03	8.160972e+00
3.110000e-06	-5.439704e-03	7.908846e+00
3.120000e-06	-5.699154e-03	7.676616e+00
3.130000e-06	-5.253235e-03	7.402977e+00
3.140000e-06	-4.727310e-03	7.170324e+00
3.150000e-06	-5.640169e-03	6.928270e+00
3.160000e-06	-5.549154e-03	6.655587e+00
3.170000e-06	-5.255919e-03	6.359899e+00
3.180000e-06	-4.997445e-03	6.138846e+00
3.190000e-06	-4.686872e-03	5.896820e+00
3.200000e-06	-5.264479e-03	5.621629e+00
3.210000e-06	-4.106738e-03	5.391348e+00
3.220000e-06	-4.932855e-03	5.116013e+00
3.230000e-06	-4.663657e-03	4.748349e+00
3.240000e-06	-5.432681e-03	4.515158e+00
3.250000e-06	-4.975878e-03	4.222961e+00
3.260000e-06	-4.746355e-03	3.938320e+00
3.270000e-06	-4.113866e-03	3.704136e+00
3.280000e-06	-4.622889e-03	3.422978e+00
3.290000e-06	-4.766646e-03	3.127240e+00
3.300000e-06	-4.037085e-03	2.854554e+00
3.310000e-06	-4.836066e-03	2.569319e+00
3.320000e-06	-4.495733e-03	2.254608e+00
3.330000e-06	-5.435521e-03	2.018951e+00
3.340000e-06	-4.721351e-03	1.715210e+00
3.350000e-06	-4.617077e-03	1.390550e+00
3.360000e-06	-4.130554e-03	1.138765e+00
3.370000e-06	-3.665518e-03	7.794451e-01
3.380000e-06	-3.780535e-03	4.861657e-01
3.390000e-06	-3.993943e-03	2.224531e-01
3.400000e-06	-2.195027e-03	-1.022105e-01
3.410000e-06	7.581346e-03	-2.953182e-01
3.420000e-06	-3.344671e-05	-5.584300e-01
3.430000e-06	1.193578e-03	-8.826351e-01
3.440000e-06	-3.377533e-04	-1.115839e+00
3.450000e-06	7.195033e-04	-1.443701e+00
3.460000e-06	-3.354487e-03	-1.682708e+00
3.470000e-06	1.362828e-02	-1.915340e+00
3.480000e-06	4.110730e-02	-2.105771e+00
3.490000e-06	8.848684e-02	-2.411684e+00
3.500000e-06	-9.095557e-02	-2.808579e+00
3.510000e-06	7.873842e-04	-3.228581e+00
3.520000e-06	-3.983448e-02	-3.432083e+00
3.530000e-06	-4.466558e-03	-3.591083e+00
3.540000e-06	-9.637274e-02	-3.876845e+00
3.550000e-06	1.129766e-01	-4.083683e+00
3.560000e-06	4.011750e-02	-4.293291e+00
3.570000e-06	-1.236992e-01	-4.550477e+00
3.580000e-06	1.774634e-01	-4.841110e+00
3.590000e-06	-1.510886e-01	-5.136472e+00
3.600000e-06	7.717488e-02	-5.421212e+00
3.610000e-06	7.856318e-04	-5.703838e+00
3.620000e-06	-5.366675e-02	-5.971053e+00
3.630000e-06	1.183394e-01	-6.248080e+00
3.640000e-06	-1.267104e-01	-6.554472e+00
3.650000e-06	8.611011e-02	-6.770005e+00
3.660000e-06	-4.077876e-02	-7.115320e+00
3.670000e-06	-9.201537e-03	-7.338000e+00
3.680000e-06	4.497913e-02	-7.579003e+00
3.690000e-06	-6.995678e-02	-7.895944e+00
3.700000e-06	1.170399e-01	-8.108445e+00
3.710000e-06	-9.520560e-02	-8.369104e+00
3.720000e-06	5.670404e-02	-8.643136e+00
3.730000e-06	-2.293697e-02	-8.905321e+00
3.740000e-06	-4.641739e-03	-9.115892e+00
3.750000e-06	2.072779e-02	-9.316871e+00
3.760000e-06	-3.451885e-02	-9.588003e+00
3.770000e-06	7.048851e-02	-9.780528e+00
3.780000e-06	-4.839415e-02	-9.970035e+00
3.790000e-06	2.703984e-02	-1.022218e+01
3.800000e-06	-3.983791e-02	-1.042108e+01
3.810000e-06	4.422738e-02	-1.061506e+01
3.820000e-06	-1.326864e-02	-1.078916e+01
3.830000e-06	-9.079188e-04	-1.098911e+01
3.840000e-06	8.383040e-03	-1.120196e+01
3.850000e-06	3.353340e-03	-1.140366e+01
3.860000e-06	-4.449973e-04	-1.158068e+01
3.870000e-06	-2.032127e-02	-1.183006e+01
3.880000e-06	3.307229e-02	-1.198056e+01
3.890000e-06	-8.683912e-03	-1.218945e+01
3.900000e-06	7.300207e-03	-1.236795e+01
3.910000e-06	-1.758003e-02	-1.249434e+01
3.920000e-06	2.559637e-02	-1.270525e+01
3.930000e-06	-1.416179e-02	-1.284524e+01
3.940000e-06	1.649773e-03	-1.302203e+01
3.950000e-06	-1.566247e-03	-1.312890e+01
3.960000e-06	1.613433e-02	-1.330635e+01
3.970000e-06	-3.259990e-03	-1.344464e+01
3.980000e-06	-2.097806e-03	-1.355956e+01
3.990000e-06	7.067896e-03	-1.371742e+01
4.000000e-06	2.120390e-03	-1.382376e+01
4.010000e-06	1.483209e-03	-1.396955e+01
4.020000e-06	-1.048163e-04	-1.407587e+01
4.030000e-06	1.042793e-02	-1.422159e+01
4.040000e-06	1.108615e-03	-1.428790e+01
4.050000e-06	3.574554e-03	-1.442374e+01
4.060000e-06	6.469354e-04	-1.452790e+01
4.070000e-06	4.579719e-03	-1.462298e+01
4.080000e-06	3.011516e-03	-1.465537e+01
4.090000e-06	5.348043e-03	-1.473953e+01
4.100000e-06	4.420956e-03	-1.481409e+01
4.110000e-06	3.186170e-03	-1.488430e+01
4.120000e-06	2.624041e-03	-1.490680e+01
4.130000e-06	5.476428e-03	-1.497895e+01
4.140000e-06	3.160432e-03	-1.500416e+01
4.150000e-06	5.178873e-03	-1.505522e+01
4.160000e-06	5.203596e-03	-1.507774e+01
4.170000e-06	6.000688e-03	-1.513837e+01
4.180000e-06	5.389587e-03	-1.511895e+01
4.190000e-06	5.899975e-03	-1.515053e+01
4.200000e-06	7.965607e-03	-1.519305e+01
4.210000e-06	7.809794e-03	-1.521464e+01
4.220000e-06	1.175479e-02	-1.522211e+01
4.230000e-06	1.261013e-02	-1.520374e+01
4.240000e-06	1.605408e-02	-1.523469e+01
4.250000e-06	1.773680e-02	-1.521404e+01
4.260000e-06	2.064583e-02	-1.519158e+01
4.270000e-06	2.454265e-02	-1.513346e+01
4.280000e-06	3.016152e-02	-1.515055e+01
4.290000e-06	3.761435e-02	-1.514133e+01
4.300000e-06	4.610865e-02	-1.509629e+01
4.310000e-06	5.617351e-02	-1.504421e+01
4.320000e-06	6.586660e-02	-1.504408e+01
4.330000e-06	7.089635e-02	-1.496943e+01
4.340000e-06	6.470207e-02	-1.485727e+01
4.350000e-06	5.330357e-02	-1.483364e+01
4.360000e-06	3.902663e-02	-1.474900e+01
4.370000e-06	2.822019e-02	-1.466624e+01
4.380000e-06	2.090324e-02	-1.464156e+01
4.390000e-06	1.745175e-02	-1.455889e+01
4.400000e-06	1.448127e-02	-1.438403e+01
4.410000e-06	1.088391e-02	-1.429980e+01
4.420000e-06	1.055336e-02	-1.416348e+01
4.430000e-06	1.011741e-02	-1.397619e+01
4.440000e-06	7.725603e-03	-1.394885e+01
4.450000e-06	5.217178e-03	-1.384556e+01
4.460000e-06	5.109882e-03	-1.369590e+01
4.470000e-06	4.792757e-03	-1.357098e+01
4.480000e-06	2.657584e-03	-1.345513e+01
4.490000e-06	3.373679e-03	-1.329577e+01
4.500000e-06	3.292357e-03	-1.317190e+01
4.510000e-06	2.640410e-03	-1.301495e+01
4.520000e-06	3.956724e-04	-1.290571e+01
4.530000e-06	8.985330e-04	-1.270890e+01
4.540000e-06	1.257869e-03	-1.259053e+01
4.550000e-06	5.698930e-04	-1.244256e+01
4.560000e-06	7.112597e-04	-1.226721e+01
4.570000e-06	3.210640e-04	-1.205726e+01
4.580000e-06	-6.114059e-04	-1.186872e+01
4.590000e-06	-6.766270e-04	-1.169827e+01
4.600000e-06	-8.120145e-04	-1.148579e+01
4.610000e-06	-2.575433e-04	-1.129614e+01
4.620000e-06	-1.587990e-03	-1.098714e+01
4.630000e-06	-9.022311e-04	-1.088516e+01
4.640000e-06	-1.040179e-03	-1.068719e+01
4.650000e-06	-2.500650e-03	-1.049532e+01
4.660000e-06	-2.084150e-03	-1.021624e+01
4.670000e-06	-1.594730e-03	-1.003413e+01
4.680000e-06	-2.627610e-03	-9.804507e+00
4.690000e-06	-3.548138e-03	-9.623610e+00
4.700000e-06	-2.946872e-03	-9.401528e+00
4.710000e-06	-3.434854e-03	-9.149425e+00
4.720000e-06	-3.449342e-03	-8.958392e+00
4.730000e-06	-4.064977e-03	-8.676697e+00
4.740000e-06	-4.172903e-03	-8.455085e+00
4.750000e-06	-3.880022e-03	-8.213003e+00
4.760000e-06	-3.907852e-03	-7.993951e+00
4.770000e-06	-4.611029e-03	-7.717216e+00
4.780000e-06	-4.599702e-03	-7.445106e+00
4.790000e-06	-4.841199e-03	-7.208998e+00
4.800000e-06	-4.512029e-03	-6.938293e+00
4.810000e-06	-4.635717e-03	-6.705186e+00
4.820000e-06	-4.709800e-03	-6.473055e+00
4.830000e-06	-5.478341e-03	-6.180897e+00
4.840000e-06	-4.994653e-03	-5.937819e+00
4.850000e-06	-4.725753e-03	-5.654132e+00
4.860000e-06	-3.779553e-03	-5.354004e+00
4.870000e-06	-5.690559e-03	-5.096184e+00
4.880000e-06	-4.059936e-03	-4.789823e+00
4.890000e-06	-4.948890e-03	-4.497265e+00
4.900000e-06	-4.391853e-03	-4.303688e+00
4.910000e-06	-5.373179e-03	-4.051028e+00
4.920000e-06	-4.445032e-03	-3.708263e+00
4.930000e-06	-5.097244e-03	-3.464556e+00
4.940000e-06	-5.477529e-03	-3.219479e+00
4.950000e-06	-5.336662e-03	-2.915582e+00
4.960000e-06	-6.497896e-03	-2.582001e+00
4.970000e-06	-5.132248e-03	-2.358770e+00
4.980000e-06	-5.280035e-03	-2.042977e+00
4.990000e-06	-4.572164e-03	-1.759398e+00
5.000000e-06	-6.091830e-03	-1.456686e+00
5.010000e-06	-5.532597e-03	-1.128766e+00
5.020000e-06	-5.507436e-03	-8.740756e-01
5.030000e-06	-4.886557e-03	-6.083175e-01
5.040000e-06	-5.542985e-03	-2.656832e-01
5.050000e-06	-3.693175e-03	-2.197913e-02
5.060000e-06	4.840240e-03	2.617855e-01
5.070000e-06	-1.203391e-03	5.234156e-01
5.080000e-06	-1.794624e-03	7.600486e-01
5.090000e-06	-8.036404e-04	1.052290e+00
5.100000e-06	-2.401207e-03	1.346418e+00
5.110000e-06	-4.087910e-03	1.672688e+00
5.120000e-06	2.136453e-03	1.894289e+00
5.130000e-06	1.354008e-02	2.114792e+00
5.140000e-06	5.542961e-02	2.340425e+00
5.150000e-06	5.053898e-02	2.694288e+00
5.160000e-06	-8.098212e-02	2.989155e+00
5.170000e-06	-1.888133e-02	3.212289e+00
5.180000e-06	-2.739528e-02	3.538001e+00
5.190000e-06	-2.282082e-03	3.821605e+00
5.200000e-06	-5.126426e-02	4.033109e+00
5.210000e-06	1.450970e-02	4.275360e+00
5.220000e-06	8.258534e-02	4.555868e+00
5.230000e-06	-7.362796e-02	4.789554e+00
5.240000e-06	2.455818e-02	5.012642e+00
5.250000e-06	4.752753e-02	5.380103e+00
5.260000e-06	-9.079852e-02	5.673687e+00
5.270000e-06	7.434322e-02	5.926342e+00
5.280000e-06	-4.053120e-02	6.180050e+00
5.290000e-06	2.334082e-02	6.431135e+00
5.300000e-06	-2.318892e-02	6.707920e+00
5.310000e-06	-5.813688e-03	6.998557e+00
5.320000e-06	2.400163e-02	7.213138e+00
5.330000e-06	-4.725269e-02	7.578551e+00
5.340000e-06	2.716340e-02	7.821607e+00
5.350000e-06	-2.789260e-02	8.066847e+00
5.360000e-06	3.961436e-02	8.318373e+00
5.370000e-06	-1.865908e-02	8.518449e+00
5.380000e-06	-2.337716e-02	8.750527e+00
5.390000e-06	2.061580e-02	9.041588e+00
5.400000e-06	-1.888555e-02	9.253762e+00
5.410000e-06	8.342540e-03	9.455216e+00
5.420000e-06	-2.536730e-02	9.674921e+00
5.430000e-06	2.277494e-02	9.877950e+00
5.440000e-06	-1.236136e-02	1.014795e+01
5.450000e-06	-7.935059e-03	1.032857e+01
5.460000e-06	-1.759858e-02	1.052746e+01
5.470000e-06	5.981248e-03	1.074100e+01
5.480000e-06	5.866032e-03	1.091748e+01
5.490000e-06	-2.123213e-02	1.115805e+01
5.500000e-06	-3.833430e-04	1.131900e+01
5.510000e-06	1.466163e-03	1.160055e+01
5.520000e-06	1.567121e-03	1.176747e+01
5.530000e-06	-2.464305e-02	1.192745e+01
5.540000e-06	5.880957e-03	1.208939e+01
5.550000e-06	3.626739e-03	1.227589e+01
5.560000e-06	-7.921855e-03	1.249229e+01
5.570000e-06	-1.809736e-02	1.259173e+01
5.580000e-06	8.989985e-05	1.275206e+01
5.590000e-06	6.528324e-04	1.291700e+01
5.600000e-06	-1.527605e-02	1.307477e+01
5.610000e-06	-6.727055e-03	1.324459e+01
5.620000e-06	-1.272280e-03	1.337261e+01
5.630000e-06	-1.225786e-03	1.353890e+01
5.640000e-06	-1.427457e-02	1.367576e+01
5.650000e-06	-3.017835e-03	1.375113e+01
5.660000e-06	-5.183606e-03	1.390782e+01
5.670000e-06	-7.972556e-03	1.403632e+01
5.680000e-06	-1.058850e-02	1.417111e+01
5.690000e-06	-5.132796e-03	1.428790e+01
5.700000e-06	-4.535875e-03	1.444228e+01
5.710000e-06	-1.076570e-02	1.447835e+01
5.720000e-06	-7.024240e-03	1.456966e+01
5.730000e-06	-8.933749e-03	1.471479e+01
5.740000e-06	-5.847372e-03	1.475043e+01
5.750000e-06	-6.914455e-03	1.479201e+01
5.760000e-06	-7.891474e-03	1.486421e+01
5.770000e-06	-9.815961e-03	1.494693e+01
5.780000e-06	-9.582143e-03	1.491843e+01
5.790000e-06	-9.111069e-03	1.501366e+01
5.800000e-06	-1.097298e-02	1.505476e+01
5.810000e-06	-1.186024e-02	1.508690e+01
5.820000e-06	-1.167002e-02	1.510835e+01
5.830000e-06	-1.089608e-02	1.515948e+01
5.840000e-06	-1.337945e-02	1.517151e+01
5.850000e-06	-1.461175e-02	1.518209e+01
5.860000e-06	-1.496573e-02	1.521458e+01
5.870000e-06	-1.639815e-02	1.520316e+01
5.880000e-06	-1.825084e-02	1.523311e+01
5.890000e-06	-2.140447e-02	1.520369e+01
5.900000e-06	-2.323449e-02	1.517271e+01
5.910000e-06	-2.742365e-02	1.523215e+01
5.920000e-06	-2.951818e-02	1.518206e+01
5.930000e-06	-3.628227e-02	1.518001e+01
5.940000e-06	-4.205591e-02	1.517050e+01
5.950000e-06	-5.039519e-02	1.510737e+01
5.960000e-06	-6.139108e-02	1.503684e+01
5.970000e-06	-7.070640e-02	1.503219e+01
5.980000e-06	-7.784789e-02	1.499148e+01
5.990000e-06	-7.248268e-02	1.491885e+01
6.000000e-06	-6.108257e-02	1.481472e+01
6.010000e-06	-4.612518e-02	1.476346e+01
6.020000e-06	-3.544368e-02	1.471782e+01
6.030000e-06	-2.830164e-02	1.463468e+01
6.040000e-06	-2.490191e-02	1.456043e+01
6.050000e-06	-2.219222e-02	1.441572e+01
6.060000e-06	-1.879841e-02	1.435950e+01
6.070000e-06	-1.929290e-02	1.422508e+01
6.080000e-06	-1.668366e-02	1.408842e+01
6.090000e-06	-1.627541e-02	1.399503e+01
6.100000e-06	-1.339448e-02	1.388619e+01
6.110000e-06	-1.257263e-02	1.374938e+01
6.120000e-06	-1.216848e-02	1.359151e+01
6.130000e-06	-1.145486e-02	1.345624e+01
6.140000e-06	-1.096659e-02	1.332843e+01
6.150000e-06	-1.052413e-02	1.317311e+01
6.160000e-06	-1.048023e-02	1.306569e+01
6.170000e-06	-8.888582e-03	1.288639e+01
6.180000e-06	-1.186006e-02	1.277193e+01
6.190000e-06	-8.059776e-03	1.261353e+01
6.200000e-06	-9.111392e-03	1.246579e+01
6.210000e-06	-7.280159e-03	1.225780e+01
6.220000e-06	-8.389971e-03	1.212832e+01
6.230000e-06	-6.571152e-03	1.193842e+01
6.240000e-06	-7.758726e-03	1.174990e+01
6.250000e-06	-7.439083e-03	1.155043e+01
6.260000e-06	-7.636691e-03	1.138942e+01
6.270000e-06	-7.872239e-03	1.116940e+01
6.280000e-06	-7.975817e-03	1.095946e+01
6.290000e-06	-5.630790e-03	1.080003e+01
6.300000e-06	-5.394542e-03	1.056145e+01
6.310000e-06	-4.965014e-03	1.036940e+01
6.320000e-06	-6.256227e-03	1.012632e+01
6.330000e-06	-5.389971e-03	9.876744e+00
6.340000e-06	-5.925996e-03	9.652742e+00
6.350000e-06	-5.649262e-03	9.435081e+00
6.360000e-06	-7.113990e-03	9.204085e+00
6.370000e-06	-5.957145e-03	9.001404e+00
6.380000e-06	-5.595312e-03	8.740898e+00
6.390000e-06	-4.644723e-03	8.527297e+00
6.400000e-06	-4.089356e-03	8.266769e+00
6.410000e-06	-4.539120e-03	8.043711e+00
6.420000e-06	-6.344769e-03	7.802479e+00
6.430000e-06	-5.894256e-03	7.540299e+00
6.440000e-06	-4.844296e-03	7.344113e+00
6.450000e-06	-4.877660e-03	7.034156e+00
6.460000e-06	-6.068709e-03	6.781477e+00
6.470000e-06	-5.322270e-03	6.536791e+00
6.480000e-06	-3.564519e-03	6.253209e+00
6.490000e-06	-4.253145e-03	6.043032e+00
6.500000e-06	-4.664677e-03	5.789400e+00
6.510000e-06	-5.444905e-03	5.518264e+00
6.520000e-06	-4.431380e-03	5.212078e+00
6.530000e-06	-5.620572e-03	4.875690e+00
6.540000e-06	-5.914178e-03	4.572952e+00
6.550000e-06	-3.854054e-03	4.338521e+00
6.560000e-06	-4.572108e-03	4.044133e+00
6.570000e-06	-6.844782e-03	3.790898e+00
6.580000e-06	-4.018892e-03	3.538944e+00
6.590000e-06	-5.849615e-03	3.214531e+00
6.600000e-06	-5.765639e-04	2.949374e+00
6.610000e-06	-4.229566e-03	2.677244e+00
6.620000e-06	-4.353802e-03	2.359974e+00
6.630000e-06	-4.583342e-03	2.117288e+00
6.640000e-06	-7.140793e-03	1.864557e+00
6.650000e-06	-4.806229e-03	1.548342e+00
6.660000e-06	-7.400630e-03	1.265609e+00
6.670000e-06	-3.413839e-03	9.266883e-01
6.680000e-06	-4.221198e-03	6.625779e-01
6.690000e-06	-2.386834e-03	3.498740e-01
6.700000e-06	-6.262774e-04	5.308065e-02
6.710000e-06	4.352413e-03	-2.385274e-01
6.720000e-06	8.113810e-03	-4.421827e-01
6.730000e-06	-7.026278e-03	-7.384222e-01
6.740000e-06	2.063161e-03	-9.685487e-01
6.750000e-06	-5.127460e-03	-1.291709e+00
6.760000e-06	1.804331e-03	-1.576529e+00
6.770000e-06	-2.446916e-05	-1.807479e+00
6.780000e-06	2.654897e-02	-2.000554e+00
6.790000e-06	8.612817e-02	-2.274269e+00
6.800000e-06	-2.694263e-03	-2.631683e+00
6.810000e-06	-7.021597e-02	-3.008628e+00
6.820000e-06	1.352866e-03	-3.315469e+00
6.830000e-06	-3.248622e-02	-3.517919e+00
6.840000e-06	-4.563329e-02	-3.758550e+00
6.850000e-06	-3.141817e-02	-4.030628e+00
6.860000e-06	1.824248e-01	-4.187923e+00
6.870000e-06	-1.472419e-01	-4.451110e+00
6.880000e-06	7.446507e-02	-4.717424e+00
6.890000e-06	6.587855e-03	-4.969501e+00
6.900000e-06	-1.034767e-01	-5.325341e+00
6.910000e-06	1.461964e-01	-5.549600e+00
6.920000e-06	-1.318513e-01	-5.891236e+00
6.930000e-06	1.139838e-01	-6.095942e+00
6.940000e-06	-4.048328e-02	-6.379556e+00
6.950000e-06	-4.241139e-02	-6.713241e+00
6.960000e-06	8.090691e-02	-6.917450e+00
6.970000e-06	-9.979306e-02	-7.263187e+00
6.980000e-06	1.007338e-01	-7.453268e+00
6.990000e-06	-8.165995e-02	-7.756429e+00
7.000000e-06	6.927878e-02	-8.032688e+00
7.010000e-06	1.328865e-03	-8.253737e+00
7.020000e-06	-4.887189e-02	-8.527920e+00
7.030000e-06	6.348618e-02	-8.789428e+00
7.040000e-06	-6.605535e-02	-9.031633e+00
7.050000e-06	6.174001e-02	-9.201631e+00
7.060000e-06	-5.495986e-02	-9.441666e+00
7.070000e-06	5.686887e-02	-9.674820e+00
7.080000e-06	-7.182391e-03	-9.915320e+00
7.090000e-06	-8.258682e-03	-1.013692e+01
7.100000e-06	-6.982556e-03	-1.032737e+01
7.110000e-06	-7.439229e-03	-1.053843e+01
7.120000e-06	3.761885e-02	-1.070734e+01
7.130000e-06	-3.444003e-02	-1.086639e+01
7.140000e-06	2.746239e-02	-1.110725e+01
7.150000e-06	-1.327540e-02	-1.131838e+01
7.160000e-06	2.225116e-02	-1.148637e+01
7.170000e-06	-3.527515e-02	-1.169582e+01
7.180000e-06	2.594446e-02	-1.185785e+01
7.190000e-06	3.059067e-03	-1.209422e+01
7.200000e-06	6.232929e-03	-1.223432e+01
7.210000e-06	-1.599646e-02	-1.244366e+01
7.220000e-06	9.940206e-03	-1.259164e+01
7.230000e-06	8.325597e-03	-1.273945e+01
7.240000e-06	-1.277837e-02	-1.292790e+01
7.250000e-06	4.113223e-03	-1.305477e+01
7.260000e-06	3.175470e-03	-1.322411e+01
7.270000e-06	1.420897e-02	-1.339993e+01
7.280000e-06	-1.224147e-02	-1.349877e+01
7.290000e-06	1.172846e-02	-1.369367e+01
7.300000e-06	-1.615633e-03	-1.376008e+01
7.310000e-06	4.188562e-03	-1.391784e+01
7.320000e-06	-5.231068e-03	-1.403264e+01
7.330000e-06	9.912653e-03	-1.412893e+01
7.340000e-06	3.459138e-03	-1.421577e+01
7.350000e-06	6.780065e-04	-1.438156e+01
7.360000e-06	1.510222e-03	-1.446522e+01
7.370000e-06	2.986528e-03	-1.456151e+01
7.380000e-06	5.119890e-03	-1.459416e+01
7.390000e-06	3.210394e-03	-1.470987e+01
7.400000e-06	6.058730e-03	-1.477311e+01
7.410000e-06	3.071850e-03	-1.482371e+01
7.420000e-06	2.596444e-03	-1.488730e+01
7.430000e-06	2.316972e-03	-1.497832e+01
7.440000e-06	4.051503e-03	-1.500156e+01
7.450000e-06	2.572705e-03	-1.504462e+01
7.460000e-06	6.098535e-03	-1.506729e+01
7.470000e-06	6.760315e-03	-1.511935e+01
7.480000e-06	5.972189e-03	-1.508995e+01
7.490000e-06	4.873533e-03	-1.517095e+01
7.500000e-06	7.571916e-03	-1.522295e+01
7.510000e-06	8.524323e-03	-1.520143e+01
7.520000e-06	8.755038e-03	-1.520308e+01
7.530000e-06	1.191865e-02	-1.524319e+01
7.540000e-06	1.459826e-02	-1.521519e+01
7.550000e-06	1.691319e-02	-1.523506e+01
7.560000e-06	1.830181e-02	-1.522408e+01
7.570000e-06	2.237004e-02	-1.520300e+01
7.580000e-06	2.858551e-02	-1.517051e+01
7.590000e-06	3.449240e-02	-1.514048e+01
7.600000e-06	4.226008e-02	-1.511879e+01
7.610000e-06	5.094588e-02	-1.510672e+01
7.620000e-06	6.196444e-02	-1.505411e+01
7.630000e-06	6.920440e-02	-1.497208e+01
7.640000e-06	6.886273e-02	-1.488640e+01
7.650000e-06	5.895776e-02	-1.485522e+01
7.660000e-06	4.572581e-02	-1.479153e+01
7.670000e-06	3.440270e-02	-1.474784e+01
7.680000e-06	2.303099e-02	-1.462261e+01
7.690000e-06	1.922481e-02	-1.453990e+01
7.700000e-06	1.594770e-02	-1.444522e+01
7.710000e-06	1.255105e-02	-1.436148e+01
7.720000e-06	1.050958e-02	-1.425514e+01
7.730000e-06	9.556774e-03	-1.412841e+01
7.740000e-06	8.624986e-03	-1.401246e+01
7.750000e-06	6.008077e-03	-1.386572e+01
7.760000e-06	5.327823e-03	-1.376938e+01
7.770000e-06	5.340770e-03	-1.360317e+01
7.780000e-06	4.086451e-03	-1.348771e+01
7.790000e-06	3.050169e-03	-1.335098e+01
7.800000e-06	2.913293e-03	-1.323408e+01
7.810000e-06	2.603794e-03	-1.305927e+01
7.820000e-06	1.020696e-03	-1.293098e+01
7.830000e-06	1.068861e-03	-1.278146e+01
7.840000e-06	1.474901e-03	-1.264561e+01
7.850000e-06	1.245311e-03	-1.249624e+01
7.860000e-06	2.015761e-04	-1.234890e+01
7.870000e-06	8.626752e-04	-1.214145e+01
7.880000e-06	3.749028e-04	-1.197083e+01
7.890000e-06	-4.706415e-04	-1.179251e+01
7.900000e-06	-8.360619e-04	-1.164098e+01
7.910000e-06	-9.177445e-04	-1.138143e+01
7.920000e-06	-1.307213e-03	-1.118988e+01
7.930000e-06	-1.613950e-03	-1.101098e+01
7.940000e-06	-1.186289e-03	-1.077042e+01
7.950000e-06	-1.699378e-03	-1.059191e+01
7.960000e-06	-2.132086e-03	-1.039043e+01
7.970000e-06	-1.634177e-03	-1.013043e+01
7.980000e-06	-2.015233e-03	-9.968841e+00
7.990000e-06	-3.742814e-03	-9.726794e+00
8.000000e-06	-3.459298e-03	-9.496638e+00
8.010000e-06	-3.058591e-03	-9.274661e+00
8.020000e-06	-2.854867e-03	-9.064110e+00
8.030000e-06	-4.176008e-03	-8.821557e+00
8.040000e-06	-4.198219e-03	-8.561349e+00
8.050000e-06	-4.252523e-03	-8.338320e+00
8.060000e-06	-3.905002e-03	-8.096243e+00
8.070000e-06	-5.045518e-03	-7.875531e+00
8.080000e-06	-3.495979e-03	-7.589927e+00
8.090000e-06	-4.260743e-03	-7.330269e+00
8.100000e-06	-4.862778e-03	-7.056062e+00
8.110000e-06	-6.092179e-03	-6.802480e+00
8.120000e-06	-5.409285e-03	-6.549825e+00
8.130000e-06	-5.023178e-03	-6.338820e+00
8.140000e-06	-3.580762e-03	-6.064058e+00
8.150000e-06	-5.258692e-03	-5.820949e+00
8.160000e-06	-3.813730e-03	-5.587289e+00
8.170000e-06	-5.265481e-03	-5.203480e+00
8.180000e-06	-3.864446e-03	-4.929374e+00
8.190000e-06	-5.744142e-03	-4.641476e+00
8.200000e-06	-4.634008e-03	-4.370028e+00
8.210000e-06	-4.424456e-03	-4.128789e+00
8.220000e-06	-4.908232e-03	-3.873055e+00
8.230000e-06	-6.622425e-03	-3.631427e+00
8.240000e-06	-5.561867e-03	-3.296692e+00
8.250000e-06	-5.269902e-03	-3.013500e+00
8.260000e-06	-3.418689e-03	-2.729316e+00
8.270000e-06	-6.041788e-03	-2.504110e+00
8.280000e-06	-5.144043e-03	-2.182750e+00
8.290000e-06	-6.028994e-03	-1.886137e+00
8.300000e-06	-4.779905e-03	-1.631578e+00
8.310000e-06	-6.326542e-03	-1.296160e+00
8.320000e-06	-4.574896e-03	-9.783964e-01
8.330000e-06	-4.332985e-03	-7.077547e-01
8.340000e-06	-4.663947e-03	-4.124477e-01
8.350000e-06	-5.366296e-03	-1.483435e-01
8.360000e-06	-5.454513e-04	1.037682e-01
8.370000e-06	5.609455e-03	4.211290e-01
8.380000e-06	-6.806478e-03	6.422829e-01
8.390000e-06	2.366490e-03	8.943894e-01
8.400000e-06	-4.712647e-03	1.229576e+00
8.410000e-06	1.511658e-03	1.514768e+00
8.420000e-06	-6.459710e-03	1.808531e+00
8.430000e-06	1.222425e-02	2.030079e+00
8.440000e-06	2.056499e-02	2.220108e+00
8.450000e-06	8.474886e-02	2.535896e+00
8.460000e-06	-3.991204e-02	2.844336e+00
8.470000e-06	-4.999606e-02	3.178949e+00
8.480000e-06	-2.530223e-02	3.440687e+00
8.490000e-06	-6.111752e-03	3.733316e+00
8.500000e-06	-3.578668e-02	3.896018e+00
8.510000e-06	-2.593854e-02	4.135420e+00
8.520000e-06	5.720553e-02	4.360057e+00
8.530000e-06	3.466840e-02	4.674236e+00
8.540000e-06	-9.863564e-02	4.895446e+00
8.550000e-06	1.348527e-01	5.229258e+00
8.560000e-06	-1.072266e-01	5.536949e+00
8.570000e-06	3.624108e-02	5.780575e+00
8.580000e-06	4.270733e-03	6.041761e+00
8.590000e-06	-1.049420e-02	6.285917e+00
8.600000e-06	1.578033e-02	6.578479e+00
8.610000e-06	-4.138629e-02	6.844237e+00
8.620000e-06	4.220277e-02	7.097417e+00
8.630000e-06	-3.523829e-02	7.399158e+00
8.640000e-06	3.333734e-03	7.695317e+00
8.650000e-06	-8.155870e-03	7.918006e+00
8.660000e-06	6.537249e-03	8.231586e+00
8.670000e-06	2.407166e-02	8.462185e+00
8.680000e-06	-4.384360e-02	8.622287e+00
8.690000e-06	1.096561e-02	8.895894e+00
8.700000e-06	-8.197641e-04	9.146447e+00
8.710000e-06	-3.763619e-03	9.349477e+00
8.720000e-06	-1.148511e-02	9.570085e+00
8.730000e-06	-2.917455e-03	9.791709e+00
8.740000e-06	1.464804e-02	1.006274e+01
8.750000e-06	-1.697576e-02	1.024179e+01
8.760000e-06	-1.247927e-02	1.048626e+01
8.770000e-06	-6.799177e-03	1.064421e+01
8.780000e-06	1.334959e-02	1.086477e+01
8.790000e-06	-9.761656e-03	1.105331e+01
8.800000e-06	-1.561900e-02	1.127226e+01
8.810000e-06	7.710679e-03	1.146474e+01
8.820000e-06	9.011894e-04	1.166485e+01
8.830000e-06	-1.449980e-02	1.183266e+01
8.840000e-06	-1.179768e-02	1.198321e+01
8.850000e-06	1.165428e-02	1.217261e+01
8.860000e-06	-1.864587e-03	1.236998e+01
8.870000e-06	-1.703203e-02	1.250990e+01
8.880000e-06	-7.019388e-03	1.267528e+01
8.890000e-06	3.594001e-03	1.285518e+01
8.900000e-06	-7.176165e-03	1.299319e+01
8.910000e-06	-1.411689e-02	1.315058e+01
8.920000e-06	-1.370325e-03	1.333885e+01
8.930000e-06	5.524755e-04	1.345540e+01
8.940000e-06	-9.522542e-03	1.360962e+01
8.950000e-06	-8.000714e-03	1.369895e+01
8.960000e-06	-3.216971e-03	1.387529e+01
8.970000e-06	-4.986546e-03	1.399169e+01
8.980000e-06	-1.177214e-02	1.416890e+01
8.990000e-06	-5.575291e-03	1.423474e+01
9.000000e-06	-4.657483e-03	1.437059e+01
9.010000e-06	-8.167261e-03	1.444424e+01
9.020000e-06	-8.986932e-03	1.454893e+01
9.030000e-06	-7.124670e-03	1.464524e+01
9.040000e-06	-5.616603e-03	1.474585e+01
9.050000e-06	-7.672266e-03	1.478098e+01
9.060000e-06	-6.422727e-03	1.484319e+01
9.070000e-06	-9.606139e-03	1.487685e+01
9.080000e-06	-9.279462e-03	1.494048e+01
9.090000e-06	-1.109304e-02	1.501101e+01
9.100000e-06	-9.247733e-03	1.504516e+01
9.110000e-06	-1.194710e-02	1.509527e+01
9.120000e-06	-1.124966e-02	1.508944e+01
9.130000e-06	-1.074077e-02	1.514795e+01
9.140000e-06	-1.321836e-02	1.520005e+01
9.150000e-06	-1.303119e-02	1.516551e+01
9.160000e-06	-1.565649e-02	1.517358e+01
9.170000e-06	-1.488012e-02	1.520208e+01
9.180000e-06	-1.874787e-02	1.524361e+01
9.190000e-06	-2.023905e-02	1.520411e+01
9.200000e-06	-2.241511e-02	1.520268e+01
9.210000e-06	-2.450315e-02	1.519311e+01
9.220000e-06	-2.870914e-02	1.518263e+01
9.230000e-06	-3.377872e-02	1.517298e+01
9.240000e-06	-3.940771e-02	1.516050e+01
9.250000e-06	-4.772272e-02	1.510937e+01
9.260000e-06	-5.509494e-02	1.506535e+01
9.270000e-06	-6.739533e-02	1.504321e+01
9.280000e-06	-7.445263e-02	1.502313e+01
9.290000e-06	-7.641581e-02	1.493045e+01
9.300000e-06	-6.590033e-02	1.487829e+01
9.310000e-06	-5.435059e-02	1.477364e+01
9.320000e-06	-4.138624e-02	1.474143e+01
9.330000e-06	-3.185027e-02	1.469624e+01
9.340000e-06	-2.648800e-02	1.458048e+01
9.350000e-06	-2.288135e-02	1.446784e+01
9.360000e-06	-2.092090e-02	1.442246e+01
9.370000e-06	-1.888804e-02	1.426679e+01
9.380000e-06	-1.742281e-02	1.417993e+01
9.390000e-06	-1.713195e-02	1.408426e+01
9.400000e-06	-1.244653e-02	1.389935e+01
9.410000e-06	-1.468781e-02	1.382258e+01
9.420000e-06	-1.082190e-02	1.365621e+01
9.430000e-06	-1.383950e-02	1.351839e+01
9.440000e-06	-9.891256e-03	1.338206e+01
9.450000e-06	-1.259669e-02	1.326529e+01
9.460000e-06	-8.532036e-03	1.310982e+01
9.470000e-06	-1.090557e-02	1.298038e+01
9.480000e-06	-8.436622e-03	1.281313e+01
9.490000e-06	-9.799646e-03	1.267619e+01
9.500000e-06	-7.384810e-03	1.253045e+01
9.510000e-06	-8.686241e-03	1.237296e+01
9.520000e-06	-8.734314e-03	1.222155e+01
9.530000e-06	-8.288322e-03	1.204408e+01
9.540000e-06	-7.707148e-03	1.185514e+01
9.550000e-06	-7.388968e-03	1.169576e+01
9.560000e-06	-7.086417e-03	1.141613e+01
9.570000e-06	-6.337814e-03	1.124419e+01
9.580000e-06	-7.220494e-03	1.106468e+01
9.590000e-06	-6.542271e-03	1.088519e+01
9.600000e-06	-6.360988e-03	1.066616e+01
9.610000e-06	-5.534224e-03	1.044359e+01
9.620000e-06	-5.908239e-03	1.027765e+01
9.630000e-06	-6.180538e-03	1.003203e+01
9.640000e-06	-5.775932e-03	9.780503e+00
9.650000e-06	-5.961008e-03	9.547847e+00
9.660000e-06	-5.681663e-03	9.360298e+00
9.670000e-06	-5.264218e-03	9.107765e+00
9.680000e-06	-5.118643e-03	8.885664e+00
9.690000e-06	-6.047938e-03	8.633630e+00
9.700000e-06	-5.164176e-03	8.422635e+00
9.710000e-06	-4.438430e-03	8.158977e+00
9.720000e-06	-5.717979e-03	7.917295e+00
9.730000e-06	-6.422338e-03	7.665660e+00
9.740000e-06	-5.329421e-03	7.381926e+00
9.750000e-06	-4.849862e-03	7.147867e+00
9.760000e-06	-5.852787e-03	6.904791e+00
9.770000e-06	-6.012108e-03	6.667036e+00
9.780000e-06	-5.033382e-03	6.370897e+00
9.790000e-06	-4.839942e-03	6.127342e+00
9.800000e-06	-4.953192e-03	5.867239e+00
9.810000e-06	-6.026105e-03	5.652027e+00
9.820000e-06	-4.298564e-03	5.330370e+00
9.830000e-06	-5.324667e-03	5.044057e+00
9.840000e-06	-4.816159e-03	4.758320e+00
9.850000e-06	-5.796850e-03	4.486163e+00
9.860000e-06	-4.410336e-03	4.199429e+00
9.870000e-06	-4.276834e-03	3.916817e+00
9.880000e-06	-4.456878e-03	3.633657e+00
9.890000e-06	-5.755789e-03	3.400350e+00
9.900000e-06	-4.456829e-03	3.115761e+00
9.910000e-06	-3.851779e-03	2.862557e+00
9.920000e-06	-4.295858e-03	2.509220e+00
9.930000e-06	-5.170818e-03	2.233579e+00
9.940000e-06	-5.176541e-03	1.990896e+00
9.950000e-06	-4.592139e-03	1.716237e+00
9.960000e-06	-4.518037e-03	1.390898e+00
9.970000e-06	-5.146045e-03	1.096262e+00
9.980000e-06	-4.905917e-03	7.478964e-01
9.990000e-06	-4.084504e-03	5.056881e-01
1.000000e-05	-3.889740e-03	2.029965e-01
1.001000e-05	-2.443172e-03	-9.363546e-02
1.002000e-05	8.272407e-03	-3.048658e-01
1.003000e-05	-1.224814e-03	-5.885300e-01
1.004000e-05	9.763718e-04	-9.032278e-01
1.005000e-05	-2.224116e-03	-1.136343e+00
1.006000e-05	2.440538e-03	-1.472732e+00
1.007000e-05	-2.584080e-03	-1.694813e+00
1.008000e-05	1.454126e-02	-1.904867e+00
1.009000e-05	4.399826e-02	-2.145476e+00
1.010000e-05	8.497617e-02	-2.472287e+00
1.011000e-05	-9.718369e-02	-2.800558e+00
1.012000e-05	6.817241e-03	-3.208054e+00
1.013000e-05	-4.365080e-02	-3.441707e+00
1.014000e-05	-3.625971e-03	-3.612238e+00
1.015000e-05	-9.905004e-02	-3.935397e+00
1.016000e-05	1.312123e-01	-4.094737e+00
1.017000e-05	1.872649e-02	-4.293790e+00
1.018000e-05	-1.079176e-01	-4.620153e+00
1.019000e-05	1.781268e-01	-4.862658e+00
1.020000e-05	-1.660004e-01	-5.157023e+00
1.021000e-05	9.768199e-02	-5.463687e+00
1.022000e-05	-2.090179e-02	-5.716821e+00
1.023000e-05	-3.479394e-02	-6.020104e+00
1.024000e-05	1.100701e-01	-6.221708e+00
1.025000e-05	-1.298369e-01	-6.558377e+00
1.026000e-05	9.751233e-02	-6.851008e+00
1.027000e-05	-5.579760e-02	-7.103767e+00
1.028000e-05	7.503697e-03	-7.389449e+00
1.029000e-05	3.189240e-02	-7.611083e+00
1.030000e-05	-6.067232e-02	-7.907874e+00
1.031000e-05	1.156093e-01	-8.168970e+00
1.032000e-05	-1.001053e-01	-8.402533e+00
1.033000e-05	6.528980e-02	-8.684312e+00
1.034000e-05	-3.349594e-02	-8.925819e+00
1.035000e-05	6.511624e-03	-9.098444e+00
1.036000e-05	1.069435e-02	-9.325368e+00
1.037000e-05	-2.748577e-02	-9.610007e+00
1.038000e-05	6.802991e-02	-9.790529e+00
1.039000e-05	-4.806671e-02	-1.000008e+01
1.040000e-05	2.732301e-02	-1.021106e+01
1.041000e-05	-4.274375e-02	-1.045269e+01
1.042000e-05	4.987360e-02	-1.060214e+01
1.043000e-05	-1.871921e-02	-1.082213e+01
1.044000e-05	4.467995e-03	-1.101063e+01
1.045000e-05	4.265121e-03	-1.119011e+01
1.046000e-05	6.740585e-03	-1.141266e+01
1.047000e-05	-5.966590e-03	-1.162213e+01
1.048000e-05	-1.677758e-02	-1.182211e+01
1.049000e-05	3.153138e-02	-1.203006e+01
1.050000e-05	-7.146349e-03	-1.218053e+01
1.051000e-05	6.029036e-03	-1.233845e+01
1.052000e-05	-1.657805e-02	-1.250840e+01
1.053000e-05	2.508344e-02	-1.268634e+01
1.054000e-05	-1.491487e-02	-1.288316e+01
1.055000e-05	2.298464e-03	-1.304161e+01
1.056000e-05	-2.833084e-03	-1.312795e+01
1.057000e-05	1.717064e-02	-1.326687e+01
1.058000e-05	-4.223775e-03	-1.348469e+01
1.059000e-05	3.365361e-04	-1.361913e+01
1.060000e-05	6.273932e-03	-1.373835e+01
1.061000e-05	1.117326e-03	-1.389282e+01
1.062000e-05	-1.095159e-03	-1.399003e+01
1.063000e-05	1.151032e-03	-1.410735e+01
1.064000e-05	9.904210e-03	-1.423364e+01
1.065000e-05	-9.968635e-04	-1.433035e+01
1.066000e-05	1.926056e-03	-1.443316e+01
1.067000e-05	5.969693e-04	-1.453890e+01
1.068000e-05	5.158462e-03	-1.462256e+01
1.069000e-05	2.357513e-03	-1.468627e+01
1.070000e-05	5.523285e-03	-1.478152e+01
1.071000e-05	4.398930e-03	-1.482404e+01
1.072000e-05	3.344751e-03	-1.488727e+01
1.073000e-05	2.889564e-03	-1.493790e+01
1.074000e-05	4.989634e-03	-1.499104e+01
1.075000e-05	2.534015e-03	-1.501314e+01
1.076000e-05	4.717059e-03	-1.506419e+01
1.077000e-05	5.574867e-03	-1.510692e+01
1.078000e-05	6.396801e-03	-1.512890e+01
1.079000e-05	5.838838e-03	-1.517893e+01
1.080000e-05	6.152810e-03	-1.517003e+01
1.081000e-05	7.773645e-03	-1.519249e+01
1.082000e-05	7.846969e-03	-1.521458e+01
1.083000e-05	1.235463e-02	-1.521521e+01
1.084000e-05	1.289081e-02	-1.525262e+01
1.085000e-05	1.594070e-02	-1.524514e+01
1.086000e-05	1.603469e-02	-1.523314e+01
1.087000e-05	2.020571e-02	-1.520251e+01
1.088000e-05	2.620021e-02	-1.520251e+01
1.089000e-05	3.206910e-02	-1.516144e+01
1.090000e-05	3.802988e-02	-1.511895e+01
1.091000e-05	4.622608e-02	-1.507775e+01
1.092000e-05	5.692559e-02	-1.505561e+01
1.093000e-05	6.635912e-02	-1.505311e+01
1.094000e-05	7.024217e-02	-1.492140e+01
1.095000e-05	6.393677e-02	-1.488575e+01
1.096000e-05	5.244668e-02	-1.484408e+01
1.097000e-05	3.925911e-02	-1.478992e+01
1.098000e-05	2.862001e-02	-1.471672e+01
1.099000e-05	2.070209e-02	-1.462046e+01
1.100000e-05	1.708801e-02	-1.449887e+01
1.101000e-05	1.456351e-02	-1.439308e+01
1.102000e-05	1.093945e-02	-1.428824e+01
1.103000e-05	1.091568e-02	-1.421153e+01
1.104000e-05	9.848286e-03	-1.405664e+01
1.105000e-05	7.223089e-03	-1.394790e+01
1.106000e-05	4.618681e-03	-1.384411e+01
1.107000e-05	4.341183e-03	-1.373574e+01
1.108000e-05	4.503263e-03	-1.350093e+01
1.109000e-05	3.163712e-03	-1.344308e+01
1.110000e-05	3.044134e-03	-1.331625e+01
1.111000e-05	1.716785e-03	-1.317037e+01
1.112000e-05	1.995424e-03	-1.302455e+01
1.113000e-05	1.438869e-03	-1.289724e+01
1.114000e-05	1.590446e-03	-1.271877e+01
1.115000e-05	4.284522e-04	-1.260150e+01
1.116000e-05	7.571256e-04	-1.240248e+01
1.117000e-05	6.445727e-04	-1.222413e+01
1.118000e-05	-6.476208e-04	-1.211829e+01
1.119000e-05	-1.041658e-03	-1.189769e+01
1.120000e-05	-6.541430e-04	-1.166724e+01
1.121000e-05	-1.707694e-04	-1.149774e+01
1.122000e-05	-1.412407e-03	-1.127613e+01
1.123000e-05	-2.220043e-03	-1.106464e+01
1.124000e-05	-8.777714e-04	-1.086668e+01
1.125000e-05	-2.884724e-04	-1.069622e+01
1.126000e-05	-2.877138e-03	-1.049669e+01
1.127000e-05	-2.935548e-03	-1.025406e+01
1.128000e-05	-2.136308e-03	-1.004353e+01
1.129000e-05	-2.230748e-03	-9.814577e+00
1.130000e-05	-4.452007e-03	-9.583533e+00
1.131000e-05	-3.341965e-03	-9.400877e+00
1.132000e-05	-3.683276e-03	-9.189397e+00
1.133000e-05	-2.464929e-03	-8.968841e+00
1.134000e-05	-5.635612e-03	-8.668139e+00
1.135000e-05	-3.777520e-03	-8.463535e+00
1.136000e-05	-4.668948e-03	-8.200557e+00
1.137000e-05	-4.101333e-03	-7.951925e+00
1.138000e-05	-4.967503e-03	-7.717157e+00
1.139000e-05	-4.511985e-03	-7.443586e+00
1.140000e-05	-4.646685e-03	-7.161504e+00
1.141000e-05	-4.032048e-03	-6.969292e+00
1.142000e-05	-5.660725e-03	-6.684212e+00
1.143000e-05	-4.724396e-03	-6.471561e+00
1.144000e-05	-4.535981e-03	-6.170372e+00
1.145000e-05	-4.341248e-03	-5.906266e+00
1.146000e-05	-5.576860e-03	-5.664507e+00
1.147000e-05	-3.291866e-03	-5.361900e+00
1.148000e-05	-4.627555e-03	-5.075661e+00
1.149000e-05	-4.287070e-03	-4.787769e+00
1.150000e-05	-5.689453e-03	-4.495686e+00
1.151000e-05	-4.598716e-03	-4.264162e+00
1.152000e-05	-4.322996e-03	-4.051404e+00
1.153000e-05	-3.714418e-03	-3.696217e+00
1.154000e-05	-5.725635e-03	-3.464608e+00
1.155000e-05	-6.072951e-03	-3.219470e+00
1.156000e-05	-4.268649e-03	-2.863606e+00
1.157000e-05	-6.209941e-03	-2.591426e+00
1.158000e-05	-4.831246e-03	-2.317313e+00
1.159000e-05	-5.558682e-03	-2.022000e+00
1.160000e-05	-3.763546e-03	-1.745321e+00
1.161000e-05	-5.698718e-03	-1.464137e+00
1.162000e-05	-5.321390e-03	-1.107695e+00
1.163000e-05	-5.804995e-03	-8.625281e-01
1.164000e-05	-5.551040e-03	-5.677936e-01
1.165000e-05	-5.684994e-03	-2.851568e-01
1.166000e-05	-3.149768e-03	-3.100000e-02
1.167000e-05	5.201857e-03	2.838082e-01
1.168000e-05	-1.936485e-03	5.274671e-01
1.169000e-05	-2.766836e-04	8.011248e-01
1.170000e-05	-7.046899e-04	1.093290e+00
1.171000e-05	-1.503735e-03	1.355446e+00
1.172000e-05	-4.037586e-03	1.701316e+00
1.173000e-05	4.530619e-03	1.904415e+00
1.174000e-05	1.317178e-02	2.104343e+00
1.175000e-05	5.960304e-02	2.367476e+00
1.176000e-05	4.353682e-02	2.716948e+00
1.177000e-05	-8.168729e-02	3.019630e+00
1.178000e-05	-1.692410e-02	3.243793e+00
1.179000e-05	-2.770032e-02	3.569055e+00
1.180000e-05	-3.438398e-03	3.830134e+00
1.181000e-05	-4.972470e-02	4.012235e+00
1.182000e-05	1.812213e-02	4.274263e+00
1.183000e-05	8.125620e-02	4.527923e+00
1.184000e-05	-8.492755e-02	4.759059e+00
1.185000e-05	4.498527e-02	5.124383e+00
1.186000e-05	3.083510e-02	5.400633e+00
1.187000e-05	-8.329067e-02	5.653267e+00
1.188000e-05	7.124768e-02	5.936895e+00
1.189000e-05	-4.179322e-02	6.208555e+00
1.190000e-05	2.745185e-02	6.422158e+00
1.191000e-05	-2.742442e-02	6.726571e+00
1.192000e-05	-1.652629e-04	6.991631e+00
1.193000e-05	1.952137e-02	7.232815e+00
1.194000e-05	-4.510404e-02	7.539575e+00
1.195000e-05	2.502177e-02	7.801758e+00
1.196000e-05	-2.643021e-02	8.076872e+00
1.197000e-05	4.287167e-02	8.308549e+00
1.198000e-05	-2.486618e-02	8.549000e+00
1.199000e-05	-2.158017e-02	8.808657e+00
1.200000e-05	1.795982e-02	9.033189e+00
1.201000e-05	-1.786437e-02	9.293291e+00
1.202000e-05	8.037117e-03	9.465365e+00
1.203000e-05	-2.532121e-02	9.694993e+00
1.204000e-05	2.560030e-02	9.907874e+00
1.205000e-05	-1.487229e-02	1.015047e+01
1.206000e-05	-7.288181e-03	1.035850e+01
1.207000e-05	-1.770746e-02	1.052805e+01
1.208000e-05	9.858643e-03	1.079055e+01
1.209000e-05	5.044583e-03	1.094953e+01
1.210000e-05	-2.250102e-02	1.114945e+01
1.211000e-05	1.452358e-03	1.136893e+01
1.212000e-05	7.718637e-04	1.157918e+01
1.213000e-05	1.609141e-03	1.172940e+01
1.214000e-05	-2.399931e-02	1.192990e+01
1.215000e-05	7.653167e-03	1.205640e+01
1.216000e-05	1.944632e-03	1.230687e+01
1.217000e-05	-8.204621e-03	1.244524e+01
1.218000e-05	-1.644351e-02	1.258168e+01
1.219000e-05	9.710269e-04	1.274100e+01
1.220000e-05	3.390946e-04	1.294790e+01
1.221000e-05	-1.620687e-02	1.304532e+01
1.222000e-05	-4.266317e-03	1.324469e+01
1.223000e-05	-1.186732e-03	1.339364e+01
1.224000e-05	-1.105723e-03	1.353788e+01
1.225000e-05	-1.319361e-02	1.364579e+01
1.226000e-05	-2.999456e-03	1.381258e+01
1.227000e-05	-5.217381e-03	1.389893e+01
1.228000e-05	-8.586340e-03	1.409729e+01
1.229000e-05	-9.287122e-03	1.421263e+01
1.230000e-05	-4.496075e-03	1.428945e+01
1.231000e-05	-4.730772e-03	1.442309e+01
1.232000e-05	-1.099438e-02	1.454895e+01
1.233000e-05	-6.797980e-03	1.458141e+01
1.234000e-05	-7.942983e-03	1.470485e+01
1.235000e-05	-4.937133e-03	1.478145e+01
1.236000e-05	-7.666657e-03	1.480319e+01
1.237000e-05	-8.247399e-03	1.486429e+01
1.238000e-05	-9.388533e-03	1.490790e+01
1.239000e-05	-1.031401e-02	1.498143e+01
1.240000e-05	-9.424661e-03	1.501318e+01
1.241000e-05	-1.217105e-02	1.505367e+01
1.242000e-05	-1.052978e-02	1.510685e+01
1.243000e-05	-1.203431e-02	1.510895e+01
1.244000e-05	-1.120749e-02	1.512997e+01
1.245000e-05	-1.328036e-02	1.515154e+01
1.246000e-05	-1.387707e-02	1.521304e+01
1.247000e-05	-1.514428e-02	1.522164e+01
1.248000e-05	-1.761133e-02	1.518114e+01
1.249000e-05	-1.850660e-02	1.519364e+01
1.250000e-05	-2.165467e-02	1.522559e+01
1.251000e-05	-2.281449e-02	1.520454e+01
1.252000e-05	-2.726076e-02	1.520361e+01
1.253000e-05	-3.055140e-02	1.521206e+01
1.254000e-05	-3.672218e-02	1.521046e+01
1.255000e-05	-4.339699e-02	1.511888e+01
1.256000e-05	-5.243680e-02	1.509932e+01
1.257000e-05	-6.088376e-02	1.506572e+01
1.258000e-05	-7.338884e-02	1.500216e+01
1.259000e-05	-7.773835e-02	1.496100e+01
1.260000e-05	-7.181732e-02	1.490782e+01
1.261000e-05	-6.010549e-02	1.485467e+01
1.262000e-05	-4.467124e-02	1.477250e+01
1.263000e-05	-3.545292e-02	1.470882e+01
1.264000e-05	-2.926666e-02	1.464368e+01
1.265000e-05	-2.583667e-02	1.450138e+01
1.266000e-05	-2.219531e-02	1.443411e+01
1.267000e-05	-1.937921e-02	1.436039e+01
1.268000e-05	-1.846475e-02	1.427311e+01
1.269000e-05	-1.580898e-02	1.410735e+01
1.270000e-05	-1.562534e-02	1.399296e+01
1.271000e-05	-1.342239e-02	1.385569e+01
1.272000e-05	-1.295007e-02	1.369783e+01
1.273000e-05	-1.186629e-02	1.357200e+01
1.274000e-05	-1.114246e-02	1.347521e+01
1.275000e-05	-1.124395e-02	1.332732e+01
1.276000e-05	-9.911565e-03	1.317206e+01
1.277000e-05	-9.756146e-03	1.304360e+01
1.278000e-05	-1.069602e-02	1.288637e+01
1.279000e-05	-1.120545e-02	1.275990e+01
1.280000e-05	-7.918614e-03	1.259151e+01
1.281000e-05	-7.416228e-03	1.247574e+01
1.282000e-05	-6.706280e-03	1.226679e+01
1.283000e-05	-8.456997e-03	1.211782e+01
1.284000e-05	-5.742817e-03	1.193888e+01
1.285000e-05	-8.065529e-03	1.174993e+01
1.286000e-05	-7.506670e-03	1.155047e+01
1.287000e-05	-7.850827e-03	1.137985e+01
1.288000e-05	-6.341570e-03	1.112837e+01
1.289000e-05	-5.806761e-03	1.095992e+01
1.290000e-05	-5.826350e-03	1.075141e+01
1.291000e-05	-6.210588e-03	1.058088e+01
1.292000e-05	-6.025320e-03	1.036839e+01
1.293000e-05	-6.110787e-03	1.013829e+01
1.294000e-05	-4.969468e-03	9.888762e+00
1.295000e-05	-5.994545e-03	9.673711e+00
1.296000e-05	-5.846113e-03	9.423058e+00
1.297000e-05	-5.469761e-03	9.203681e+00
1.298000e-05	-5.127850e-03	8.990027e+00
1.299000e-05	-6.094378e-03	8.749795e+00
1.300000e-05	-5.988615e-03	8.537293e+00
1.301000e-05	-5.308573e-03	8.238260e+00
1.302000e-05	-4.608454e-03	8.042557e+00
1.303000e-05	-4.609623e-03	7.781950e+00
1.304000e-05	-5.074455e-03	7.500420e+00
1.305000e-05	-5.202292e-03	7.265194e+00
1.306000e-05	-6.123914e-03	7.011457e+00
1.307000e-05	-5.477335e-03	6.750502e+00
1.308000e-05	-5.307577e-03	6.516142e+00
1.309000e-05	-4.702798e-03	6.254583e+00
1.310000e-05	-4.127413e-03	6.044056e+00
1.311000e-05	-7.467143e-03	5.707243e+00
1.312000e-05	-4.275638e-03	5.504788e+00
1.313000e-05	-5.829150e-03	5.181905e+00
1.314000e-05	-3.021751e-03	4.835135e+00
1.315000e-05	-5.456566e-03	4.601502e+00
1.316000e-05	-3.365084e-03	4.330873e+00
1.317000e-05	-5.524423e-03	4.042632e+00
1.318000e-05	-5.038285e-03	3.780899e+00
1.319000e-05	-6.226550e-03	3.528369e+00
1.320000e-05	-6.135568e-03	3.221433e+00
1.321000e-05	-5.022392e-03	2.966893e+00
1.322000e-05	-4.421662e-03	2.647233e+00
1.323000e-05	-5.236472e-03	2.399475e+00
1.324000e-05	-3.741087e-03	2.125235e+00
1.325000e-05	-3.921830e-03	1.853453e+00
1.326000e-05	-3.296585e-03	1.517740e+00
1.327000e-05	-6.416592e-03	1.262028e+00
1.328000e-05	-6.126491e-03	9.071646e-01
1.329000e-05	-5.090976e-03	6.330517e-01
1.330000e-05	-4.612725e-03	3.587924e-01
1.331000e-05	-2.517292e-03	4.150439e-02
1.332000e-05	1.556374e-03	-2.090251e-01
1.333000e-05	8.097837e-03	-4.621804e-01
1.334000e-05	-4.958472e-03	-7.659959e-01
1.335000e-05	5.022590e-03	-1.000605e+00
1.336000e-05	-3.286693e-03	-1.283762e+00
1.337000e-05	1.651205e-03	-1.599052e+00
1.338000e-05	6.430285e-04	-1.808629e+00
1.339000e-05	2.592609e-02	-1.991054e+00
1.340000e-05	8.926761e-02	-2.345490e+00
1.341000e-05	-1.652441e-02	-2.631284e+00
1.342000e-05	-6.203528e-02	-3.061658e+00
1.343000e-05	-2.617765e-03	-3.316421e+00
1.344000e-05	-2.600622e-02	-3.559371e+00
1.345000e-05	-5.102557e-02	-3.789425e+00
1.346000e-05	-1.696014e-02	-4.010605e+00
1.347000e-05	1.784583e-01	-4.199478e+00
1.348000e-05	-1.646009e-01	-4.473315e+00
1.349000e-05	9.776188e-02	-4.727494e+00
1.350000e-05	-1.152718e-02	-4.999652e+00
1.351000e-05	-8.260286e-02	-5.316849e+00
1.352000e-05	1.387939e-01	-5.572577e+00
1.353000e-05	-1.358891e-01	-5.894261e+00
1.354000e-05	1.280470e-01	-6.125322e+00
1.355000e-05	-5.817210e-02	-6.401182e+00
1.356000e-05	-2.502982e-02	-6.684345e+00
1.357000e-05	7.246932e-02	-6.928473e+00
1.358000e-05	-9.826644e-02	-7.262767e+00
1.359000e-05	1.031698e-01	-7.474344e+00
1.360000e-05	-9.187156e-02	-7.759076e+00
1.361000e-05	8.408410e-02	-8.043283e+00
1.362000e-05	-1.353122e-02	-8.284241e+00
1.363000e-05	-3.476594e-02	-8.487965e+00
1.364000e-05	5.752304e-02	-8.800529e+00
1.365000e-05	-6.495930e-02	-9.040662e+00
1.366000e-05	6.161481e-02	-9.222085e+00
1.367000e-05	-6.091199e-02	-9.481569e+00
1.368000e-05	6.330860e-02	-9.665268e+00
1.369000e-05	-1.572042e-02	-9.896317e+00
1.370000e-05	3.027266e-04	-1.014482e+01
1.371000e-05	-1.221704e-02	-1.035793e+01
1.372000e-05	-3.510352e-04	-1.051943e+01
1.373000e-05	3.264368e-02	-1.072740e+01
1.374000e-05	-3.180229e-02	-1.092792e+01
1.375000e-05	2.668552e-02	-1.107732e+01
1.376000e-05	-1.430231e-02	-1.134690e+01
1.377000e-05	2.203392e-02	-1.154840e+01
1.378000e-05	-3.621152e-02	-1.173638e+01
1.379000e-05	2.891709e-02	-1.192738e+01
1.380000e-05	9.713336e-04	-1.209482e+01
1.381000e-05	8.587568e-03	-1.229524e+01
1.382000e-05	-1.884048e-02	-1.242416e+01
1.383000e-05	1.147169e-02	-1.258261e+01
1.384000e-05	4.727108e-03	-1.277993e+01
1.385000e-05	-1.040921e-02	-1.291740e+01
1.386000e-05	2.997412e-03	-1.306522e+01
1.387000e-05	4.236555e-03	-1.321413e+01
1.388000e-05	1.279827e-02	-1.337953e+01
1.389000e-05	-1.303020e-02	-1.349938e+01
1.390000e-05	1.091028e-02	-1.370614e+01
1.391000e-05	-1.422857e-03	-1.377965e+01
1.392000e-05	4.928806e-03	-1.395740e+01
1.393000e-05	-6.477392e-03	-1.401509e+01
1.394000e-05	9.362495e-03	-1.420054e+01
1.395000e-05	2.997571e-03	-1.428629e+01
1.396000e-05	8.320094e-04	-1.442151e+01
1.397000e-05	1.843433e-03	-1.447572e+01
1.398000e-05	2.874623e-03	-1.458103e+01
1.399000e-05	4.940532e-03	-1.465476e+01
1.400000e-05	3.218293e-03	-1.473745e+01
1.401000e-05	6.030300e-03	-1.478303e+01
1.402000e-05	3.291451e-03	-1.487419e+01
1.403000e-05	2.307694e-03	-1.490687e+01
1.404000e-05	2.880221e-03	-1.495903e+01
1.405000e-05	4.058872e-03	-1.503461e+01
1.406000e-05	3.644881e-03	-1.502469e+01
1.407000e-05	5.489528e-03	-1.510679e+01
1.408000e-05	5.395863e-03	-1.510988e+01
1.409000e-05	6.799818e-03	-1.512938e+01
1.410000e-05	6.057457e-03	-1.518003e+01
1.411000e-05	7.635010e-03	-1.519253e+01
1.412000e-05	8.052047e-03	-1.524259e+01
1.413000e-05	9.739577e-03	-1.523408e+01
1.414000e-05	1.238472e-02	-1.522214e+01
1.415000e-05	1.382222e-02	-1.521419e+01
1.416000e-05	1.684440e-02	-1.522259e+01
1.417000e-05	1.974608e-02	-1.520253e+01
1.418000e-05	2.428606e-02	-1.518251e+01
1.419000e-05	2.909207e-02	-1.516166e+01
1.420000e-05	3.441277e-02	-1.515030e+01
1.421000e-05	4.228002e-02	-1.510932e+01
1.422000e-05	5.240569e-02	-1.506619e+01
1.423000e-05	6.293005e-02	-1.506513e+01
1.424000e-05	7.081235e-02	-1.502403e+01
1.425000e-05	6.851039e-02	-1.493637e+01
1.426000e-05	5.886798e-02	-1.486564e+01
1.427000e-05	4.585276e-02	-1.479151e+01
1.428000e-05	3.345487e-02	-1.469842e+01
1.429000e-05	2.358204e-02	-1.465399e+01
1.430000e-05	1.836315e-02	-1.460990e+01
1.431000e-05	1.464428e-02	-1.447759e+01
1.432000e-05	1.272709e-02	-1.432030e+01
1.433000e-05	1.051732e-02	-1.424518e+01
1.434000e-05	1.002789e-02	-1.411982e+01
1.435000e-05	8.230251e-03	-1.400201e+01
1.436000e-05	5.773476e-03	-1.387669e+01
1.437000e-05	5.553626e-03	-1.377095e+01
1.438000e-05	4.657615e-03	-1.362458e+01
1.439000e-05	3.304750e-03	-1.344727e+01
1.440000e-05	2.041425e-03	-1.336992e+01
1.441000e-05	2.931900e-03	-1.322366e+01
1.442000e-05	2.090341e-03	-1.308522e+01
1.443000e-05	1.263666e-03	-1.292895e+01
1.444000e-05	1.279926e-03	-1.282146e+01
1.445000e-05	1.608696e-03	-1.265416e+01
1.446000e-05	7.773842e-04	-1.247727e+01
1.447000e-05	8.100540e-04	-1.231734e+01
1.448000e-05	9.556552e-04	-1.211842e+01
1.449000e-05	-3.210345e-04	-1.198438e+01
1.450000e-05	-9.431135e-04	-1.181260e+01
1.451000e-05	-9.212895e-04	-1.160188e+01
1.452000e-05	-8.475752e-05	-1.140088e+01
1.453000e-05	-2.366716e-03	-1.118050e+01
1.454000e-05	-2.503888e-03	-1.096840e+01
1.455000e-05	-1.719174e-03	-1.076040e+01
1.456000e-05	-2.340127e-03	-1.062233e+01
1.457000e-05	-2.626657e-03	-1.039245e+01
1.458000e-05	-2.139101e-03	-1.014782e+01
1.459000e-05	-2.375603e-03	-9.947318e+00
1.460000e-05	-2.713281e-03	-9.737194e+00
1.461000e-05	-4.413565e-03	-9.468161e+00
1.462000e-05	-3.676743e-03	-9.274132e+00
1.463000e-05	-3.154091e-03	-9.033553e+00
1.464000e-05	-4.200362e-03	-8.831481e+00
1.465000e-05	-3.604563e-03	-8.560370e+00
1.466000e-05	-4.179744e-03	-8.318290e+00
1.467000e-05	-3.911196e-03	-8.115216e+00
1.468000e-05	-4.446733e-03	-7.834038e+00
1.469000e-05	-3.939684e-03	-7.579847e+00
1.470000e-05	-5.106045e-03	-7.316214e+00
1.471000e-05	-5.041232e-03	-7.044631e+00
1.472000e-05	-4.969557e-03	-6.802524e+00
1.473000e-05	-4.518614e-03	-6.549894e+00
1.474000e-05	-5.237618e-03	-6.298842e+00
1.475000e-05	-4.887210e-03	-6.024506e+00
1.476000e-05	-4.788852e-03	-5.770446e+00
1.477000e-05	-3.614807e-03	-5.518269e+00
1.478000e-05	-6.324358e-03	-5.212454e+00
1.479000e-05	-4.087949e-03	-4.918736e+00
1.480000e-05	-4.559549e-03	-4.639978e+00
1.481000e-05	-4.735149e-03	-4.389901e+00
1.482000e-05	-5.408895e-03	-4.117295e+00
1.483000e-05	-3.956283e-03	-3.846152e+00
1.484000e-05	-4.553663e-03	-3.579948e+00
1.485000e-05	-4.245526e-03	-3.297713e+00
1.486000e-05	-5.815662e-03	-3.074875e+00
1.487000e-05	-4.773276e-03	-2.707244e+00
1.488000e-05	-6.121800e-03	-2.463553e+00
1.489000e-05	-3.725005e-03	-2.130295e+00
1.490000e-05	-5.284102e-03	-1.844186e+00
1.491000e-05	-5.042621e-03	-1.631024e+00
1.492000e-05	-6.622505e-03	-1.295111e+00
1.493000e-05	-4.053145e-03	-9.698949e-01
1.494000e-05	-5.177644e-03	-6.866597e-01
1.495000e-05	-5.046238e-03	-4.109988e-01
1.496000e-05	-5.242613e-03	-1.467934e-01
1.497000e-05	1.053046e-03	1.438682e-01
1.498000e-05	4.681098e-03	4.306538e-01
1.499000e-05	-7.188153e-03	6.727592e-01
1.500000e-05	3.318149e-03	9.144705e-01
1.501000e-05	-4.575083e-03	1.222657e+00
1.502000e-05	1.826432e-03	1.495292e+00
1.503000e-05	-7.229227e-03	1.811578e+00
1.504000e-05	1.277828e-02	2.010605e+00
1.505000e-05	2.299755e-02	2.232287e+00
1.506000e-05	8.631316e-02	2.535022e+00
1.507000e-05	-4.967062e-02	2.903759e+00
1.508000e-05	-4.452668e-02	3.149501e+00
1.509000e-05	-2.706997e-02	3.482209e+00
1.510000e-05	-3.343780e-03	3.744817e+00
1.511000e-05	-3.974686e-02	3.938896e+00
1.512000e-05	-2.163780e-02	4.139022e+00
1.513000e-05	6.120808e-02	4.410607e+00
1.514000e-05	2.431235e-02	4.663818e+00
1.515000e-05	-9.498452e-02	4.935521e+00
1.516000e-05	1.370314e-01	5.274262e+00
1.517000e-05	-1.170686e-01	5.550895e+00
1.518000e-05	4.941220e-02	5.819083e+00
1.519000e-05	-5.422493e-03	6.044311e+00
1.520000e-05	-4.942060e-03	6.277892e+00
1.521000e-05	1.328137e-02	6.589679e+00
1.522000e-05	-4.183918e-02	6.874788e+00
1.523000e-05	4.298645e-02	7.118472e+00
1.524000e-05	-4.245320e-02	7.422133e+00
1.525000e-05	9.571078e-03	7.685371e+00
1.526000e-05	-1.235249e-02	7.949029e+00
1.527000e-05	1.266006e-02	8.201184e+00
1.528000e-05	1.889124e-02	8.464791e+00
1.529000e-05	-4.339311e-02	8.686267e+00
1.530000e-05	1.359963e-02	8.897423e+00
1.531000e-05	-3.565862e-03	9.130026e+00
1.532000e-05	-2.005313e-03	9.440030e+00
1.533000e-05	-1.426859e-02	9.561655e+00
1.534000e-05	9.434149e-04	9.831706e+00
1.535000e-05	1.122869e-02	1.005224e+01
1.536000e-05	-1.597678e-02	1.023234e+01
1.537000e-05	-1.334043e-02	1.045179e+01
1.538000e-05	-5.065373e-03	1.063527e+01
1.539000e-05	1.280384e-02	1.087321e+01
1.540000e-05	-1.140419e-02	1.106267e+01
1.541000e-05	-1.439640e-02	1.122221e+01
1.542000e-05	6.614976e-03	1.142481e+01
1.543000e-05	3.388343e-03	1.166579e+01
1.544000e-05	-1.487839e-02	1.183371e+01
1.545000e-05	-9.941123e-03	1.202218e+01
1.546000e-05	1.119624e-02	1.219014e+01
1.547000e-05	-6.720817e-04	1.239153e+01
1.548000e-05	-1.793452e-02	1.255000e+01
1.549000e-05	-7.347645e-03	1.269682e+01
1.550000e-05	3.851168e-03	1.287424e+01
1.551000e-05	-7.696221e-03	1.302066e+01
1.552000e-05	-1.228433e-02	1.315098e+01
1.553000e-05	-1.365030e-03	1.334752e+01
1.554000e-05	1.407221e-03	1.347472e+01
1.555000e-05	-9.959747e-03	1.359261e+01
1.556000e-05	-7.480728e-03	1.371693e+01
1.557000e-05	-3.475776e-03	1.384479e+01
1.558000e-05	-4.931921e-03	1.401251e+01
1.559000e-05	-1.139247e-02	1.418850e+01
1.560000e-05	-6.253286e-03	1.426624e+01
1.561000e-05	-5.452670e-03	1.434996e+01
1.562000e-05	-7.981640e-03	1.445674e+01
1.563000e-05	-8.590276e-03	1.454853e+01
1.564000e-05	-8.124970e-03	1.468524e+01
1.565000e-05	-6.309426e-03	1.472887e+01
1.566000e-05	-7.182428e-03	1.480156e+01
1.567000e-05	-6.088600e-03	1.481466e+01
1.568000e-05	-1.022056e-02	1.490838e+01
1.569000e-05	-9.476236e-03	1.498040e+01
1.570000e-05	-1.026425e-02	1.498101e+01
1.571000e-05	-1.003001e-02	1.503406e+01
1.572000e-05	-1.139258e-02	1.506582e+01
1.573000e-05	-1.201420e-02	1.509785e+01
1.574000e-05	-1.053852e-02	1.511943e+01
1.575000e-05	-1.305724e-02	1.515110e+01
1.576000e-05	-1.335788e-02	1.517250e+01
1.577000e-05	-1.622098e-02	1.519298e+01
1.578000e-05	-1.487528e-02	1.518409e+01
1.579000e-05	-1.852403e-02	1.524261e+01
1.580000e-05	-1.936175e-02	1.521264e+01
1.581000e-05	-2.250166e-02	1.521214e+01
1.582000e-05	-2.500686e-02	1.520461e+01
1.583000e-05	-2.823456e-02	1.517264e+01
1.584000e-05	-3.467253e-02	1.517100e+01
1.585000e-05	-4.000133e-02	1.514948e+01
1.586000e-05	-4.833065e-02	1.511848e+01
1.587000e-05	-5.644931e-02	1.507676e+01
1.588000e-05	-6.802640e-02	1.505472e+01
1.589000e-05	-7.543867e-02	1.500103e+01
1.590000e-05	-7.570651e-02	1.493790e+01
1.591000e-05	-6.586682e-02	1.487729e+01
1.592000e-05	-5.281423e-02	1.482364e+01
1.593000e-05	-4.062836e-02	1.474898e+01
1.594000e-05	-3.111708e-02	1.466516e+01
1.595000e-05	-2.674102e-02	1.458103e+01
1.596000e-05	-2.285684e-02	1.448824e+01
1.597000e-05	-1.922940e-02	1.439106e+01
1.598000e-05	-1.908161e-02	1.428680e+01
1.599000e-05	-1.726524e-02	1.416108e+01
1.600000e-05	-1.709010e-02	1.402464e+01
1.601000e-05	-1.182462e-02	1.391882e+01
1.602000e-05	-1.550117e-02	1.379153e+01
1.603000e-05	-1.018565e-02	1.364317e+01
1.604000e-05	-1.528311e-02	1.353890e+01
1.605000e-05	-9.081277e-03	1.339050e+01
1.606000e-05	-1.122219e-02	1.329324e+01
1.607000e-05	-8.321846e-03	1.308844e+01
1.608000e-05	-9.626539e-03	1.297045e+01
1.609000e-05	-9.908150e-03	1.282253e+01
1.610000e-05	-9.818822e-03	1.266716e+01
1.611000e-05	-9.102681e-03	1.252790e+01
1.612000e-05	-8.739527e-03	1.236093e+01
1.613000e-05	-5.303232e-03	1.221250e+01
1.614000e-05	-7.108407e-03	1.200203e+01
1.615000e-05	-7.875129e-03	1.185411e+01
1.616000e-05	-6.851705e-03	1.164569e+01
1.617000e-05	-4.531918e-03	1.146466e+01
1.618000e-05	-6.644496e-03	1.123256e+01
1.619000e-05	-7.955738e-03	1.106311e+01
1.620000e-05	-7.528106e-03	1.085419e+01
1.621000e-05	-5.959946e-03	1.067506e+01
1.622000e-05	-6.009229e-03	1.042367e+01
1.623000e-05	-5.215262e-03	1.023304e+01
1.624000e-05	-5.322760e-03	1.001163e+01
1.625000e-05	-4.854208e-03	9.797976e+00
1.626000e-05	-6.803733e-03	9.517798e+00
1.627000e-05	-5.979760e-03	9.347365e+00
1.628000e-05	-5.846951e-03	9.057741e+00
1.629000e-05	-3.753370e-03	8.872208e+00
1.630000e-05	-5.977436e-03	8.612583e+00
1.631000e-05	-6.372973e-03	8.401476e+00
1.632000e-05	-5.543447e-03	8.209370e+00
1.633000e-05	-5.349254e-03	7.897766e+00
1.634000e-05	-4.287623e-03	7.705186e+00
1.635000e-05	-5.092159e-03	7.399474e+00
1.636000e-05	-4.896577e-03	7.148791e+00
1.637000e-05	-6.843836e-03	6.896165e+00
1.638000e-05	-5.473890e-03	6.653507e+00
1.639000e-05	-4.757608e-03	6.350373e+00
1.640000e-05	-5.421662e-03	6.138421e+00
1.641000e-05	-5.126332e-03	5.886261e+00
1.642000e-05	-5.469446e-03	5.601974e+00
1.643000e-05	-5.123849e-03	5.338917e+00
1.644000e-05	-4.822883e-03	4.992537e+00
1.645000e-05	-4.841528e-03	4.725315e+00
1.646000e-05	-4.892820e-03	4.473154e+00
1.647000e-05	-5.443654e-03	4.150319e+00
1.648000e-05	-6.191323e-03	3.877236e+00
1.649000e-05	-5.830063e-03	3.643532e+00
1.650000e-05	-4.051788e-03	3.348368e+00
1.651000e-05	-5.764594e-03	3.065658e+00
1.652000e-05	-4.710474e-03	2.832028e+00
1.653000e-05	-4.717078e-03	2.548737e+00
1.654000e-05	-4.101109e-03	2.222030e+00
1.655000e-05	-4.858375e-03	1.999870e+00
1.656000e-05	-5.036027e-03	1.695684e+00
1.657000e-05	-5.236033e-03	1.389897e+00
1.658000e-05	-5.328242e-03	1.033508e+00
1.659000e-05	-5.310855e-03	7.373699e-01
1.660000e-05	-4.420555e-03	4.640844e-01
1.661000e-05	-2.721667e-03	1.709704e-01
1.662000e-05	-1.505783e-03	-8.528807e-02
1.663000e-05	8.650944e-03	-3.163684e-01
1.664000e-05	-2.205034e-03	-6.191986e-01
1.665000e-05	3.325247e-03	-8.737141e-01
1.666000e-05	-2.752523e-03	-1.126920e+00
1.667000e-05	1.891925e-03	-1.501638e+00
1.668000e-05	-3.299815e-03	-1.695262e+00
1.669000e-05	1.680420e-02	-1.925346e+00
1.670000e-05	4.805485e-02	-2.175998e+00
1.671000e-05	7.997636e-02	-2.483762e+00
1.672000e-05	-1.014529e-01	-2.863161e+00
1.673000e-05	1.226619e-02	-3.212657e+00
1.674000e-05	-4.610239e-02	-3.463186e+00
1.675000e-05	-2.711851e-03	-3.653711e+00
1.676000e-05	-9.945114e-02	-3.956844e+00
1.677000e-05	1.462249e-01	-4.105291e+00
1.678000e-05	-4.838899e-03	-4.305416e+00
1.679000e-05	-8.912582e-02	-4.594084e+00
1.680000e-05	1.726928e-01	-4.841211e+00
1.681000e-05	-1.767869e-01	-5.169107e+00
1.682000e-05	1.197095e-01	-5.483345e+00
1.683000e-05	-4.160732e-02	-5.747924e+00
1.684000e-05	-1.454279e-02	-5.991580e+00
1.685000e-05	9.668559e-02	-6.252712e+00
1.686000e-05	-1.307972e-01	-6.577499e+00
1.687000e-05	1.042976e-01	-6.820659e+00
1.688000e-05	-6.923430e-02	-7.124816e+00
1.689000e-05	2.386220e-02	-7.361130e+00
1.690000e-05	1.871735e-02	-7.610663e+00
1.691000e-05	-4.783013e-02	-7.949478e+00
1.692000e-05	1.088268e-01	-8.149004e+00
1.693000e-05	-1.044648e-01	-8.391186e+00
1.694000e-05	7.384713e-02	-8.642669e+00
1.695000e-05	-4.330217e-02	-8.925844e+00
1.696000e-05	1.651251e-02	-9.125353e+00
1.697000e-05	1.852156e-03	-9.328373e+00
1.698000e-05	-1.727448e-02	-9.590085e+00
1.699000e-05	6.154655e-02	-9.810505e+00
1.700000e-05	-4.753616e-02	-1.003214e+01
1.701000e-05	2.638131e-02	-1.023106e+01
1.702000e-05	-4.200053e-02	-1.044222e+01
1.703000e-05	5.184508e-02	-1.066261e+01
1.704000e-05	-2.502749e-02	-1.082221e+01
1.705000e-05	1.005811e-02	-1.105171e+01
1.706000e-05	9.017559e-04	-1.119271e+01
1.707000e-05	8.479084e-03	-1.143474e+01
1.708000e-05	-1.083635e-02	-1.156216e+01
1.709000e-05	-1.085327e-02	-1.179363e+01
1.710000e-05	2.888562e-02	-1.205218e+01
1.711000e-05	-5.897784e-03	-1.220163e+01
1.712000e-05	2.794856e-03	-1.234003e+01
1.713000e-05	-1.520325e-02	-1.254745e+01
1.714000e-05	2.514601e-02	-1.271737e+01
1.715000e-05	-1.610996e-02	-1.289377e+01
1.716000e-05	3.386465e-03	-1.302166e+01
1.717000e-05	-2.783628e-03	-1.316053e+01
1.718000e-05	1.716347e-02	-1.331588e+01
1.719000e-05	-7.166493e-03	-1.343472e+01
1.720000e-05	1.368253e-03	-1.363154e+01
1.721000e-05	5.602735e-03	-1.371990e+01
1.722000e-05	2.657109e-03	-1.385477e+01
1.723000e-05	-1.426805e-03	-1.395163e+01
1.724000e-05	8.283478e-04	-1.413835e+01
1.725000e-05	8.857058e-03	-1.426314e+01
1.726000e-05	-2.988743e-04	-1.433995e+01
1.727000e-05	2.784840e-03	-1.444572e+01
1.728000e-05	3.537416e-04	-1.452788e+01
1.729000e-05	5.436501e-03	-1.463206e+01
1.730000e-05	3.355329e-03	-1.466729e+01
1.731000e-05	6.957348e-03	-1.477095e+01
1.732000e-05	3.869249e-03	-1.484313e+01
1.733000e-05	2.869253e-03	-1.487680e+01
1.734000e-05	2.185091e-03	-1.489787e+01
1.735000e-05	4.409365e-03	-1.499053e+01
1.736000e-05	3.521484e-03	-1.503266e+01
1.737000e-05	5.326909e-03	-1.505622e+01
1.738000e-05	6.568212e-03	-1.509530e+01
1.739000e-05	6.621436e-03	-1.515888e+01
1.740000e-05	5.452859e-03	-1.517097e+01
1.741000e-05	6.179268e-03	-1.520246e+01
1.742000e-05	1.047821e-02	-1.522356e+01
1.743000e-05	9.565306e-03	-1.520404e+01
1.744000e-05	1.187100e-02	-1.518361e+01
1.745000e-05	1.239730e-02	-1.527469e+01
1.746000e-05	1.611553e-02	-1.522419e+01
1.747000e-05	1.785765e-02	-1.522268e+01
1.748000e-05	2.140228e-02	-1.520258e+01
1.749000e-05	2.588070e-02	-1.518203e+01
1.750000e-05	3.237517e-02	-1.517143e+01
1.751000e-05	3.840227e-02	-1.514033e+01
1.752000e-05	4.678546e-02	-1.509722e+01
1.753000e-05	5.734190e-02	-1.501567e+01
1.754000e-05	6.767385e-02	-1.503308e+01
1.755000e-05	7.135661e-02	-1.495888e+01
1.756000e-05	6.486671e-02	-1.486730e+01
1.757000e-05	5.162961e-02	-1.481263e+01
1.758000e-05	3.807854e-02	-1.475995e+01
1.759000e-05	2.768514e-02	-1.466679e+01
1.760000e-05	2.021078e-02	-1.459998e+01
1.761000e-05	1.716571e-02	-1.451832e+01
1.762000e-05	1.491774e-02	-1.438196e+01
1.763000e-05	1.183797e-02	-1.427774e+01
1.764000e-05	9.839605e-03	-1.418953e+01
1.765000e-05	8.561937e-03	-1.404449e+01
1.766000e-05	5.986076e-03	-1.391882e+01
1.767000e-05	4.638416e-03	-1.382301e+01
1.768000e-05	5.448331e-03	-1.370772e+01
1.769000e-05	3.026990e-03	-1.353997e+01
1.770000e-05	4.392699e-03	-1.342356e+01
1.771000e-05	3.260919e-03	-1.326572e+01
1.772000e-05	1.959862e-03	-1.318892e+01
1.773000e-05	1.478923e-03	-1.300300e+01
1.774000e-05	-1.042892e-03	-1.289481e+01
1.775000e-05	2.135164e-03	-1.269832e+01
1.776000e-05	3.516698e-04	-1.258038e+01
1.777000e-05	3.413427e-04	-1.243248e+01
1.778000e-05	-7.729210e-04	-1.223506e+01
1.779000e-05	2.098051e-04	-1.207527e+01
1.780000e-05	-1.421928e-03	-1.188709e+01
1.781000e-05	-1.437884e-03	-1.167522e+01
1.782000e-05	-7.098443e-04	-1.145529e+01
1.783000e-05	-7.571322e-04	-1.129604e+01
1.784000e-05	-1.679442e-03	-1.106223e+01
1.785000e-05	-2.085132e-03	-1.088459e+01
1.786000e-05	-3.051109e-03	-1.069572e+01
1.787000e-05	-3.451791e-03	-1.049659e+01
1.788000e-05	-2.706073e-03	-1.018509e+01
1.789000e-05	-2.896095e-03	-1.002263e+01
1.790000e-05	-1.725142e-03	-9.843082e+00
1.791000e-05	-3.307936e-03	-9.600981e+00
1.792000e-05	-2.348124e-03	-9.366878e+00
1.793000e-05	-3.197582e-03	-9.128768e+00
1.794000e-05	-4.098734e-03	-8.938246e+00
1.795000e-05	-4.896535e-03	-8.677715e+00
1.796000e-05	-4.579522e-03	-8.482056e+00
1.797000e-05	-4.604248e-03	-8.200877e+00
1.798000e-05	-4.635275e-03	-7.987324e+00
1.799000e-05	-4.120825e-03	-7.727637e+00
1.800000e-05	-3.411376e-03	-7.452954e+00
1.801000e-05	-4.871254e-03	-7.199852e+00
1.802000e-05	-4.597248e-03	-6.887796e+00
1.803000e-05	-3.554773e-03	-6.674607e+00
1.804000e-05	-4.256358e-03	-6.443005e+00
1.805000e-05	-4.239528e-03	-6.181799e+00
1.806000e-05	-4.353331e-03	-5.927166e+00
1.807000e-05	-4.359891e-03	-5.654101e+00
1.808000e-05	-3.895759e-03	-5.390296e+00
1.809000e-05	-6.187806e-03	-5.105558e+00
1.810000e-05	-3.914198e-03	-4.757791e+00
1.811000e-05	-4.801982e-03	-4.495182e+00
1.812000e-05	-3.594015e-03	-4.245079e+00
1.813000e-05	-4.740080e-03	-3.960451e+00
1.814000e-05	-4.537011e-03	-3.744686e+00
1.815000e-05	-5.160201e-03	-3.462525e+00
1.816000e-05	-6.033835e-03	-3.149374e+00
1.817000e-05	-4.447027e-03	-2.854050e+00
1.818000e-05	-6.142049e-03	-2.600348e+00
1.819000e-05	-3.923290e-03	-2.306165e+00
1.820000e-05	-4.971808e-03	-2.012545e+00
1.821000e-05	-4.149718e-03	-1.728772e+00
1.822000e-05	-6.729099e-03	-1.453929e+00
1.823000e-05	-5.840339e-03	-1.115736e+00
1.824000e-05	-5.969246e-03	-8.619528e-01
1.825000e-05	-5.176070e-03	-5.881645e-01
1.826000e-05	-5.184732e-03	-2.829290e-01
1.827000e-05	-3.325296e-03	-5.994950e-02
1.828000e-05	4.451651e-03	2.934430e-01
1.829000e-05	-3.417030e-03	5.369198e-01
1.830000e-05	-6.798375e-04	7.691050e-01
1.831000e-05	-9.965950e-04	1.083838e+00
1.832000e-05	6.494693e-04	1.328449e+00
1.833000e-05	-4.977686e-03	1.643339e+00
1.834000e-05	5.126880e-03	1.925366e+00
1.835000e-05	1.158460e-02	2.145892e+00
1.836000e-05	6.387441e-02	2.378553e+00
1.837000e-05	3.397124e-02	2.717447e+00
1.838000e-05	-8.087865e-02	3.021207e+00
1.839000e-05	-1.638577e-02	3.294396e+00
1.840000e-05	-2.575584e-02	3.599132e+00
1.841000e-05	-6.417555e-03	3.831211e+00
1.842000e-05	-4.952547e-02	4.011710e+00
1.843000e-05	2.189090e-02	4.303365e+00
1.844000e-05	8.144626e-02	4.556524e+00
1.845000e-05	-9.764078e-02	4.800657e+00
1.846000e-05	6.188516e-02	5.094867e+00
1.847000e-05	1.246188e-02	5.411657e+00
1.848000e-05	-6.898128e-02	5.633267e+00
1.849000e-05	6.741082e-02	5.958026e+00
1.850000e-05	-4.231137e-02	6.181107e+00
1.851000e-05	2.720002e-02	6.463316e+00
1.852000e-05	-3.198923e-02	6.778001e+00
1.853000e-05	6.179988e-03	7.032133e+00
1.854000e-05	1.295296e-02	7.232846e+00
1.855000e-05	-4.201478e-02	7.569180e+00
1.856000e-05	2.436902e-02	7.842686e+00
1.857000e-05	-2.489105e-02	8.104922e+00
1.858000e-05	4.349874e-02	8.380026e+00
1.859000e-05	-2.910618e-02	8.579930e+00
1.860000e-05	-1.587169e-02	8.853560e+00
1.861000e-05	1.764435e-02	9.013260e+00
1.862000e-05	-1.873158e-02	9.295844e+00
1.863000e-05	7.859778e-03	9.496399e+00
1.864000e-05	-2.396871e-02	9.726426e+00
1.865000e-05	2.776106e-02	9.959928e+00
1.866000e-05	-1.788117e-02	1.017095e+01
1.867000e-05	-6.626057e-03	1.041003e+01
1.868000e-05	-1.684239e-02	1.055011e+01
1.869000e-05	1.024874e-02	1.077955e+01
1.870000e-05	3.990689e-03	1.092050e+01
1.871000e-05	-2.269196e-02	1.114008e+01
1.872000e-05	3.723197e-03	1.136008e+01
1.873000e-05	7.481885e-04	1.153071e+01
1.874000e-05	1.700351e-03	1.178110e+01
1.875000e-05	-2.374296e-02	1.196902e+01
1.876000e-05	1.062774e-02	1.211645e+01
1.877000e-05	1.292869e-03	1.226532e+01
1.878000e-05	-8.831978e-03	1.247532e+01
1.879000e-05	-1.617586e-02	1.262566e+01
1.880000e-05	1.684479e-03	1.276111e+01
1.881000e-05	4.898376e-05	1.292843e+01
1.882000e-05	-1.624189e-02	1.308682e+01
1.883000e-05	-3.639251e-03	1.326379e+01
1.884000e-05	4.102669e-04	1.340114e+01
1.885000e-05	-1.000796e-03	1.349998e+01
1.886000e-05	-1.326933e-02	1.366579e+01
1.887000e-05	-2.941079e-03	1.380122e+01
1.888000e-05	-5.432705e-03	1.390985e+01
1.889000e-05	-8.917794e-03	1.408695e+01
1.890000e-05	-9.947194e-03	1.422359e+01
1.891000e-05	-5.176431e-03	1.431837e+01
1.892000e-05	-4.779699e-03	1.441369e+01
1.893000e-05	-1.082876e-02	1.446938e+01
1.894000e-05	-6.611719e-03	1.459410e+01
1.895000e-05	-7.719238e-03	1.467644e+01
1.896000e-05	-6.166234e-03	1.475003e+01
1.897000e-05	-6.979565e-03	1.478204e+01
1.898000e-05	-9.272214e-03	1.485581e+01
1.899000e-05	-9.436904e-03	1.491995e+01
1.900000e-05	-1.130226e-02	1.494855e+01
1.901000e-05	-8.198142e-03	1.505274e+01
1.902000e-05	-1.270364e-02	1.505516e+01
1.903000e-05	-1.278263e-02	1.508782e+01
1.904000e-05	-1.070405e-02	1.510742e+01
1.905000e-05	-1.282336e-02	1.512093e+01
1.906000e-05	-1.038131e-02	1.516153e+01
1.907000e-05	-1.600459e-02	1.517306e+01
1.908000e-05	-1.442897e-02	1.521311e+01
1.909000e-05	-1.893697e-02	1.517263e+01
1.910000e-05	-2.086557e-02	1.522369e+01
1.911000e-05	-2.305466e-02	1.524303e+01
1.912000e-05	-2.391329e-02	1.524566e+01
1.913000e-05	-2.719759e-02	1.519259e+01
1.914000e-05	-2.986310e-02	1.521303e+01
1.915000e-05	-3.624701e-02	1.515992e+01
1.916000e-05	-4.344248e-02	1.510935e+01
1.917000e-05	-5.392217e-02	1.508682e+01
1.918000e-05	-6.473919e-02	1.507474e+01
1.919000e-05	-7.108406e-02	1.502273e+01
1.920000e-05	-7.709439e-02	1.497096e+01
1.921000e-05	-7.181723e-02	1.488792e+01
1.922000e-05	-6.188937e-02	1.486524e+01
1.923000e-05	-4.533660e-02	1.480105e+01
1.924000e-05	-3.356465e-02	1.469727e+01
1.925000e-05	-2.734439e-02	1.463166e+01
1.926000e-05	-2.302336e-02	1.453832e+01
1.927000e-05	-2.451575e-02	1.442103e+01
1.928000e-05	-2.019922e-02	1.432840e+01
1.929000e-05	-1.857041e-02	1.423366e+01
1.930000e-05	-1.384899e-02	1.410835e+01
1.931000e-05	-1.458971e-02	1.398083e+01
1.932000e-05	-1.391531e-02	1.385416e+01
1.933000e-05	-1.262110e-02	1.367592e+01
1.934000e-05	-1.214304e-02	1.359153e+01
1.935000e-05	-9.791056e-03	1.346311e+01
1.936000e-05	-9.761101e-03	1.329735e+01
1.937000e-05	-9.601814e-03	1.319053e+01
1.938000e-05	-1.206959e-02	1.304363e+01
1.939000e-05	-9.466341e-03	1.287629e+01
1.940000e-05	-8.027226e-03	1.274940e+01
1.941000e-05	-6.857443e-03	1.260193e+01
1.942000e-05	-8.703166e-03	1.244378e+01
1.943000e-05	-8.682660e-03	1.227516e+01
1.944000e-05	-8.141872e-03	1.210677e+01
1.945000e-05	-7.011418e-03	1.192839e+01
1.946000e-05	-6.468785e-03	1.175787e+01
1.947000e-05	-5.903384e-03	1.150095e+01
1.948000e-05	-8.445034e-03	1.134877e+01
1.949000e-05	-7.414728e-03	1.113739e+01
1.950000e-05	-6.180565e-03	1.094987e+01
1.951000e-05	-4.955152e-03	1.077087e+01
1.952000e-05	-5.054063e-03	1.051890e+01
1.953000e-05	-5.909999e-03	1.035935e+01
1.954000e-05	-6.329950e-03	1.011627e+01
1.955000e-05	-6.088076e-03	9.887585e+00
1.956000e-05	-6.449678e-03	9.674037e+00
1.957000e-05	-5.859111e-03	9.401478e+00
1.958000e-05	-5.860620e-03	9.192482e+00
1.959000e-05	-5.748804e-03	8.981899e+00
1.960000e-05	-5.794868e-03	8.701268e+00
1.961000e-05	-6.052950e-03	8.506240e+00
1.962000e-05	-4.707960e-03	8.307187e+00
1.963000e-05	-4.925659e-03	8.023056e+00
1.964000e-05	-5.797884e-03	7.782373e+00
1.965000e-05	-6.601433e-03	7.528816e+00
1.966000e-05	-5.122184e-03	7.225133e+00
1.967000e-05	-5.232223e-03	7.002929e+00
1.968000e-05	-5.269536e-03	6.731397e+00
1.969000e-05	-5.588695e-03	6.465159e+00
1.970000e-05	-5.046784e-03	6.224058e+00
1.971000e-05	-5.517006e-03	6.022552e+00
1.972000e-05	-5.233858e-03	5.796692e+00
1.973000e-05	-5.173130e-03	5.476137e+00
1.974000e-05	-5.232447e-03	5.200874e+00
1.975000e-05	-5.832812e-03	4.842634e+00
1.976000e-05	-5.727884e-03	4.589874e+00
1.977000e-05	-5.256607e-03	4.348394e+00
1.978000e-05	-5.612487e-03	4.050952e+00
1.979000e-05	-5.316854e-03	3.746845e+00
1.980000e-05	-4.648794e-03	3.477290e+00
1.981000e-05	-5.122408e-03	3.221977e+00
1.982000e-05	-6.011509e-03	2.937790e+00
1.983000e-05	-5.081176e-03	2.664733e+00
1.984000e-05	-4.566749e-03	2.350941e+00
1.985000e-05	-4.930857e-03	2.105686e+00
1.986000e-05	-5.216648e-03	1.842006e+00
1.987000e-05	-4.485811e-03	1.495215e+00
1.988000e-05	-6.436926e-03	1.232000e+00
1.989000e-05	-2.268830e-03	9.246047e-01
1.990000e-05	-7.625478e-03	6.124988e-01
1.991000e-05	-3.542082e-04	3.378646e-01
1.992000e-05	-3.443461e-03	1.025740e-01
1.993000e-05	4.285019e-03	-2.216065e-01
1.994000e-05	5.934778e-03	-4.631367e-01
1.995000e-05	-5.658871e-03	-7.980248e-01
1.996000e-05	3.083624e-03	-1.021104e+00
1.997000e-05	-4.959579e-03	-1.294321e+00
1.998000e-05	2.884535e-03	-1.569544e+00
1.999000e-05	4.314222e-03	-1.830632e+00
2.000000e-05	2.728025e-02	-2.020660e+00
2.001000e-05	9.327325e-02	-2.336398e+00
2.002000e-05	-3.010625e-02	-2.664286e+00
2.003000e-05	-5.124932e-02	-3.093763e+00
2.004000e-05	-9.089183e-03	-3.356999e+00
2.005000e-05	-2.201279e-02	-3.558523e+00
2.006000e-05	-6.002681e-02	-3.849083e+00
2.007000e-05	-2.153398e-03	-4.001632e+00
2.008000e-05	1.710281e-01	-4.199607e+00
2.009000e-05	-1.756028e-01	-4.482889e+00
2.010000e-05	1.218236e-01	-4.749027e+00
2.011000e-05	-3.390319e-02	-5.032655e+00
2.012000e-05	-6.176877e-02	-5.287428e+00
2.013000e-05	1.290613e-01	-5.621188e+00
2.014000e-05	-1.353839e-01	-5.865312e+00
2.015000e-05	1.390643e-01	-6.146396e+00
2.016000e-05	-7.765951e-02	-6.390103e+00
2.017000e-05	-9.692505e-03	-6.685845e+00
2.018000e-05	5.863470e-02	-6.947449e+00
2.019000e-05	-9.217571e-02	-7.261818e+00
2.020000e-05	1.085626e-01	-7.526867e+00
2.021000e-05	-9.974730e-02	-7.809656e+00
2.022000e-05	9.675680e-02	-8.063287e+00
2.023000e-05	-3.345005e-02	-8.305866e+00
2.024000e-05	-2.012976e-02	-8.578004e+00
2.025000e-05	5.028658e-02	-8.790609e+00
2.026000e-05	-6.016423e-02	-9.043136e+00
2.027000e-05	6.057651e-02	-9.233663e+00
2.028000e-05	-6.609460e-02	-9.493171e+00
2.029000e-05	6.989056e-02	-9.697369e+00
2.030000e-05	-2.451239e-02	-9.895321e+00
2.031000e-05	6.876248e-03	-1.011842e+01
2.032000e-05	-1.969496e-02	-1.032740e+01
2.033000e-05	6.567663e-03	-1.055041e+01
2.034000e-05	2.697507e-02	-1.075892e+01
2.035000e-05	-3.003122e-02	-1.087693e+01
2.036000e-05	2.644219e-02	-1.111595e+01
2.037000e-05	-1.403067e-02	-1.133753e+01
2.038000e-05	2.098591e-02	-1.155855e+01
2.039000e-05	-3.977993e-02	-1.171695e+01
2.040000e-05	3.211076e-02	-1.197796e+01
2.041000e-05	-2.644076e-03	-1.212742e+01
2.042000e-05	1.052915e-02	-1.231426e+01
2.043000e-05	-2.129707e-02	-1.243468e+01
2.044000e-05	1.553349e-02	-1.263166e+01
2.045000e-05	1.125458e-03	-1.279998e+01
2.046000e-05	-8.652828e-03	-1.292040e+01
2.047000e-05	2.299617e-03	-1.306624e+01
2.048000e-05	5.551726e-03	-1.325419e+01
2.049000e-05	1.068234e-02	-1.338053e+01
2.050000e-05	-1.232777e-02	-1.351785e+01
2.051000e-05	1.136749e-02	-1.371582e+01
2.052000e-05	-2.312464e-03	-1.381266e+01
2.053000e-05	5.056286e-03	-1.389789e+01
2.054000e-05	-5.578815e-03	-1.402359e+01
2.055000e-05	1.005787e-02	-1.420160e+01
2.056000e-05	1.816912e-03	-1.427535e+01
2.057000e-05	1.898231e-03	-1.438206e+01
2.058000e-05	1.373892e-03	-1.447685e+01
2.059000e-05	3.564437e-03	-1.461148e+01
2.060000e-05	3.721335e-03	-1.467469e+01
2.061000e-05	3.346585e-03	-1.471645e+01
2.062000e-05	5.616543e-03	-1.482105e+01
2.063000e-05	3.121152e-03	-1.483524e+01
2.064000e-05	4.060794e-03	-1.491685e+01
2.065000e-05	4.744523e-03	-1.495948e+01
2.066000e-05	3.679427e-03	-1.503161e+01
2.067000e-05	3.122951e-03	-1.503667e+01
2.068000e-05	6.579652e-03	-1.511632e+01
2.069000e-05	5.990500e-03	-1.510935e+01
2.070000e-05	6.505443e-03	-1.514040e+01
2.071000e-05	5.573154e-03	-1.512048e+01
2.072000e-05	8.656763e-03	-1.519356e+01
2.073000e-05	9.109304e-03	-1.517206e+01
2.074000e-05	1.079633e-02	-1.523306e+01
2.075000e-05	1.246578e-02	-1.521314e+01
2.076000e-05	1.480274e-02	-1.519321e+01
2.077000e-05	1.729745e-02	-1.520566e+01
2.078000e-05	1.982770e-02	-1.521313e+01
2.079000e-05	2.376288e-02	-1.518258e+01
2.080000e-05	2.984852e-02	-1.517006e+01
2.081000e-05	3.531453e-02	-1.513001e+01
2.082000e-05	4.248052e-02	-1.510890e+01
2.083000e-05	5.257375e-02	-1.506617e+01
2.084000e-05	6.398557e-02	-1.500411e+01
2.085000e-05	7.075785e-02	-1.497003e+01
2.086000e-05	6.797068e-02	-1.492733e+01
2.087000e-05	5.771029e-02	-1.484561e+01
2.088000e-05	4.351612e-02	-1.477953e+01
2.089000e-05	3.235447e-02	-1.471834e+01
2.090000e-05	2.305641e-02	-1.460206e+01
2.091000e-05	1.776289e-02	-1.455038e+01
2.092000e-05	1.448455e-02	-1.446472e+01
2.093000e-05	1.311158e-02	-1.432843e+01
2.094000e-05	1.064140e-02	-1.425360e+01
2.095000e-05	1.032950e-02	-1.409977e+01
2.096000e-05	7.154457e-03	-1.401055e+01
2.097000e-05	5.638698e-03	-1.388517e+01
2.098000e-05	4.852403e-03	-1.375942e+01
2.099000e-05	4.158065e-03	-1.359150e+01
2.100000e-05	3.384700e-03	-1.346617e+01
2.101000e-05	2.743384e-03	-1.333895e+01
2.102000e-05	2.860631e-03	-1.322206e+01
2.103000e-05	2.423331e-03	-1.310619e+01
2.104000e-05	1.516687e-03	-1.290785e+01
2.105000e-05	1.548784e-03	-1.280296e+01
2.106000e-05	3.953556e-04	-1.266456e+01
2.107000e-05	-9.573731e-04	-1.248571e+01
2.108000e-05	9.169914e-04	-1.230934e+01
2.109000e-05	1.202265e-03	-1.217937e+01
2.110000e-05	-1.007126e-03	-1.197200e+01
2.111000e-05	-2.340245e-03	-1.176343e+01
2.112000e-05	-2.913072e-04	-1.161040e+01
2.113000e-05	-1.032390e-03	-1.134990e+01
2.114000e-05	-2.293519e-03	-1.115882e+01
2.115000e-05	-1.673976e-03	-1.095885e+01
2.116000e-05	-1.452131e-03	-1.076037e+01
2.117000e-05	-1.892579e-03	-1.054035e+01
2.118000e-05	-3.371763e-03	-1.032032e+01
2.119000e-05	-3.008953e-03	-1.014720e+01
2.120000e-05	-2.630792e-03	-9.938367e+00
2.121000e-05	-3.358271e-03	-9.735741e+00
2.122000e-05	-3.988647e-03	-9.497610e+00
2.123000e-05	-3.571870e-03	-9.253584e+00
2.124000e-05	-3.288905e-03	-8.983004e+00
2.125000e-05	-3.525438e-03	-8.771958e+00
2.126000e-05	-3.583235e-03	-8.586770e+00
2.127000e-05	-4.199988e-03	-8.326892e+00
2.128000e-05	-4.719641e-03	-8.134165e+00
2.129000e-05	-4.164613e-03	-7.773502e+00
2.130000e-05	-4.006549e-03	-7.538296e+00
2.131000e-05	-4.933515e-03	-7.316107e+00
2.132000e-05	-4.310542e-03	-7.036513e+00
2.133000e-05	-4.786919e-03	-6.770373e+00
2.134000e-05	-2.798931e-03	-6.528268e+00
2.135000e-05	-4.938478e-03	-6.278264e+00
2.136000e-05	-3.464666e-03	-6.043030e+00
2.137000e-05	-4.325193e-03	-5.770324e+00
2.138000e-05	-3.711744e-03	-5.457691e+00
2.139000e-05	-6.410145e-03	-5.201947e+00
2.140000e-05	-3.741670e-03	-4.927214e+00
2.141000e-05	-4.034494e-03	-4.591426e+00
2.142000e-05	-4.232049e-03	-4.380396e+00
2.143000e-05	-6.029543e-03	-4.095741e+00
2.144000e-05	-2.945188e-03	-3.815978e+00
2.145000e-05	-4.573591e-03	-3.568795e+00
2.146000e-05	-4.746788e-03	-3.293935e+00
2.147000e-05	-5.708697e-03	-3.011377e+00
2.148000e-05	-4.326393e-03	-2.717708e+00
2.149000e-05	-5.285512e-03	-2.412979e+00
2.150000e-05	-5.147538e-03	-2.159191e+00
2.151000e-05	-6.139775e-03	-1.894107e+00
2.152000e-05	-5.138096e-03	-1.609950e+00
2.153000e-05	-5.422700e-03	-1.253080e+00
2.154000e-05	-5.067333e-03	-9.403648e-01
2.155000e-05	-4.727890e-03	-6.552120e-01
2.156000e-05	-5.171898e-03	-4.294211e-01
2.157000e-05	-5.227270e-03	-1.362122e-01
2.158000e-05	-7.588376e-05	1.665484e-01
2.159000e-05	3.882201e-03	4.416065e-01
2.160000e-05	-6.016036e-03	7.027419e-01
2.161000e-05	3.439927e-03	9.770424e-01
2.162000e-05	-5.345298e-03	1.280710e+00
2.163000e-05	8.316200e-04	1.525342e+00
2.164000e-05	-6.089190e-03	1.820706e+00
2.165000e-05	1.231899e-02	2.032635e+00
2.166000e-05	2.460593e-02	2.281284e+00
2.167000e-05	8.647087e-02	2.650099e+00
2.168000e-05	-5.760002e-02	2.894841e+00
2.169000e-05	-3.913189e-02	3.176980e+00
2.170000e-05	-3.102091e-02	3.503415e+00
2.171000e-05	-2.457059e-03	3.706948e+00
2.172000e-05	-4.377358e-02	3.997999e+00
2.173000e-05	-1.629821e-02	4.118499e+00
2.174000e-05	6.420606e-02	4.441182e+00
2.175000e-05	1.359619e-02	4.675863e+00
2.176000e-05	-8.703009e-02	4.938879e+00
2.177000e-05	1.370234e-01	5.255212e+00
2.178000e-05	-1.252830e-01	5.577449e+00
2.179000e-05	6.133750e-02	5.830733e+00
2.180000e-05	-1.602842e-02	6.055316e+00
2.181000e-05	-1.723513e-03	6.317422e+00
2.182000e-05	9.128031e-03	6.591657e+00
2.183000e-05	-3.698812e-02	6.866842e+00
2.184000e-05	4.608460e-02	7.187047e+00
2.185000e-05	-4.776949e-02	7.411712e+00
2.186000e-05	1.457435e-02	7.677471e+00
2.187000e-05	-1.618255e-02	7.980607e+00
2.188000e-05	1.767035e-02	8.233690e+00
2.189000e-05	1.368689e-02	8.464344e+00
2.190000e-05	-4.245868e-02	8.716369e+00
2.191000e-05	1.561668e-02	8.916899e+00
2.192000e-05	-7.172856e-03	9.160657e+00
2.193000e-05	1.323466e-03	9.371083e+00
2.194000e-05	-1.450907e-02	9.580688e+00
2.195000e-05	7.162826e-03	9.803113e+00
2.196000e-05	6.630010e-03	1.008576e+01
2.197000e-05	-1.527143e-02	1.025427e+01
2.198000e-05	-1.486708e-02	1.054472e+01
2.199000e-05	-1.700970e-03	1.069679e+01
2.200000e-05	1.340549e-02	1.088579e+01
2.201000e-05	-1.230693e-02	1.107576e+01
2.202000e-05	-1.260976e-02	1.126519e+01
2.203000e-05	5.847404e-03	1.146577e+01
2.204000e-05	3.956332e-03	1.167584e+01
2.205000e-05	-1.726698e-02	1.187322e+01
2.206000e-05	-6.720449e-03	1.204271e+01
2.207000e-05	9.078520e-03	1.222064e+01
2.208000e-05	-8.430458e-04	1.239160e+01
2.209000e-05	-1.769416e-02	1.258055e+01
2.210000e-05	-4.295329e-03	1.271690e+01
2.211000e-05	3.435866e-03	1.285525e+01
2.212000e-05	-8.502006e-03	1.302327e+01
2.213000e-05	-1.245406e-02	1.317151e+01
2.214000e-05	-8.829068e-04	1.332853e+01
2.215000e-05	1.639592e-03	1.347625e+01
2.216000e-05	-1.068340e-02	1.359263e+01
2.217000e-05	-6.700639e-03	1.373745e+01
2.218000e-05	-4.824577e-03	1.385682e+01
2.219000e-05	-6.030624e-03	1.399368e+01
2.220000e-05	-1.178517e-02	1.418191e+01
2.221000e-05	-4.758124e-03	1.424434e+01
2.222000e-05	-4.224395e-03	1.436205e+01
2.223000e-05	-8.673893e-03	1.443682e+01
2.224000e-05	-8.621477e-03	1.453091e+01
2.225000e-05	-8.173231e-03	1.464422e+01
2.226000e-05	-6.144225e-03	1.469935e+01
2.227000e-05	-8.163738e-03	1.479056e+01
2.228000e-05	-6.490969e-03	1.485426e+01
2.229000e-05	-1.029081e-02	1.490690e+01
2.230000e-05	-8.978670e-03	1.495211e+01
2.231000e-05	-1.078630e-02	1.501253e+01
2.232000e-05	-9.990191e-03	1.504461e+01
2.233000e-05	-1.186594e-02	1.508482e+01
2.234000e-05	-1.213296e-02	1.511785e+01
2.235000e-05	-1.110675e-02	1.513142e+01
2.236000e-05	-1.406951e-02	1.516250e+01
2.237000e-05	-1.315070e-02	1.519253e+01
2.238000e-05	-1.547407e-02	1.516163e+01
2.239000e-05	-1.536706e-02	1.518256e+01
2.240000e-05	-1.899407e-02	1.519461e+01
2.241000e-05	-2.089628e-02	1.523211e+01
2.242000e-05	-2.178430e-02	1.520316e+01
2.243000e-05	-2.593797e-02	1.517408e+01
2.244000e-05	-2.900663e-02	1.520156e+01
2.245000e-05	-3.575815e-02	1.521395e+01
2.246000e-05	-3.977260e-02	1.516000e+01
2.247000e-05	-4.770150e-02	1.513895e+01
2.248000e-05	-5.736363e-02	1.510835e+01
2.249000e-05	-6.813428e-02	1.506376e+01
2.250000e-05	-7.556053e-02	1.502106e+01
2.251000e-05	-7.670330e-02	1.491990e+01
2.252000e-05	-6.403625e-02	1.486472e+01
2.253000e-05	-5.452104e-02	1.483256e+01
2.254000e-05	-3.665822e-02	1.474990e+01
2.255000e-05	-3.048875e-02	1.467584e+01
2.256000e-05	-2.549406e-02	1.461145e+01
2.257000e-05	-2.342139e-02	1.445622e+01
2.258000e-05	-2.224823e-02	1.440153e+01
2.259000e-05	-1.780075e-02	1.428675e+01
2.260000e-05	-1.687524e-02	1.415096e+01
2.261000e-05	-1.524515e-02	1.399569e+01
2.262000e-05	-1.120391e-02	1.390030e+01
2.263000e-05	-1.500283e-02	1.378948e+01
2.264000e-05	-9.923136e-03	1.365419e+01
2.265000e-05	-1.236586e-02	1.352737e+01
2.266000e-05	-8.091262e-03	1.337203e+01
2.267000e-05	-1.328228e-02	1.325314e+01
2.268000e-05	-1.125279e-02	1.307824e+01
2.269000e-05	-1.032905e-02	1.297890e+01
2.270000e-05	-7.538118e-03	1.281151e+01
2.271000e-05	-6.746700e-03	1.265356e+01
2.272000e-05	-8.161224e-03	1.251877e+01
2.273000e-05	-9.209289e-03	1.236983e+01
2.274000e-05	-7.974061e-03	1.221000e+01
2.275000e-05	-5.745553e-03	1.203198e+01
2.276000e-05	-6.558633e-03	1.182411e+01
2.277000e-05	-7.873917e-03	1.161509e+01
2.278000e-05	-8.848372e-03	1.145396e+01
2.279000e-05	-5.571040e-03	1.126506e+01
2.280000e-05	-5.711094e-03	1.100306e+01
2.281000e-05	-5.325902e-03	1.085419e+01
2.282000e-05	-5.153474e-03	1.064464e+01
2.283000e-05	-6.896264e-03	1.043551e+01
2.284000e-05	-7.087865e-03	1.020303e+01
2.285000e-05	-6.388948e-03	9.954582e+00
2.286000e-05	-5.247874e-03	9.800375e+00
2.287000e-05	-4.577463e-03	9.526894e+00
2.288000e-05	-6.389273e-03	9.328744e+00
2.289000e-05	-7.061384e-03	9.087736e+00
2.290000e-05	-6.138935e-03	8.832581e+00
2.291000e-05	-4.668514e-03	8.621931e+00
2.292000e-05	-5.588718e-03	8.401002e+00
2.293000e-05	-6.137906e-03	8.169797e+00
2.294000e-05	-6.664588e-03	7.876737e+00
2.295000e-05	-5.123887e-03	7.674157e+00
2.296000e-05	-4.151160e-03	7.358866e+00
2.297000e-05	-5.742720e-03	7.127340e+00
2.298000e-05	-5.675409e-03	6.905185e+00
2.299000e-05	-6.274382e-03	6.611973e+00
2.300000e-05	-5.857109e-03	6.329322e+00
2.301000e-05	-5.687692e-03	6.085245e+00
2.302000e-05	-5.163103e-03	5.844134e+00
2.303000e-05	-5.058321e-03	5.590924e+00
2.304000e-05	-5.427083e-03	5.308845e+00
2.305000e-05	-5.958421e-03	5.021403e+00
2.306000e-05	-5.512895e-03	4.706240e+00
2.307000e-05	-5.028310e-03	4.462556e+00
2.308000e-05	-5.351593e-03	4.190349e+00
2.309000e-05	-5.357366e-03	3.926137e+00
2.310000e-05	-4.933133e-03	3.641556e+00
2.311000e-05	-5.272533e-03	3.328239e+00
2.312000e-05	-4.362420e-03	3.065059e+00
2.313000e-05	-5.108166e-03	2.832479e+00
2.314000e-05	-5.312762e-03	2.524766e+00
2.315000e-05	-5.547208e-03	2.191503e+00
2.316000e-05	-4.551959e-03	1.968446e+00
2.317000e-05	-4.636941e-03	1.683083e+00
2.318000e-05	-5.071037e-03	1.348867e+00
2.319000e-05	-5.071556e-03	1.047079e+00
2.320000e-05	-3.515091e-03	6.982647e-01
2.321000e-05	-3.976320e-03	4.846079e-01
2.322000e-05	-3.271891e-03	2.104511e-01
2.323000e-05	-1.393924e-03	-7.428928e-02
2.324000e-05	9.942236e-03	-3.369486e-01
2.325000e-05	-4.537288e-03	-6.396327e-01
2.326000e-05	3.742684e-03	-8.952881e-01
2.327000e-05	-1.749209e-03	-1.137474e+00
2.328000e-05	3.912946e-03	-1.452713e+00
2.329000e-05	-4.403048e-03	-1.714316e+00
2.330000e-05	1.845702e-02	-1.956845e+00
2.331000e-05	5.270344e-02	-2.156026e+00
2.332000e-05	7.363157e-02	-2.463892e+00
2.333000e-05	-1.043150e-01	-2.892812e+00
2.334000e-05	1.638667e-02	-3.262232e+00
2.335000e-05	-4.697354e-02	-3.473162e+00
2.336000e-05	-3.617618e-03	-3.673863e+00
2.337000e-05	-9.980844e-02	-3.958420e+00
2.338000e-05	1.611352e-01	-4.096265e+00
2.339000e-05	-2.858061e-02	-4.305867e+00
2.340000e-05	-6.703693e-02	-4.650760e+00
2.341000e-05	1.613087e-01	-4.834211e+00
2.342000e-05	-1.822445e-01	-5.180104e+00
2.343000e-05	1.375316e-01	-5.484313e+00
2.344000e-05	-6.459003e-02	-5.746974e+00
2.345000e-05	5.641286e-03	-6.040181e+00
2.346000e-05	8.530891e-02	-6.273685e+00
2.347000e-05	-1.263093e-01	-6.579051e+00
2.348000e-05	1.099199e-01	-6.821112e+00
2.349000e-05	-8.381403e-02	-7.108442e+00
2.350000e-05	3.959899e-02	-7.411056e+00
2.351000e-05	3.492066e-03	-7.612166e+00
2.352000e-05	-3.446786e-02	-7.958051e+00
2.353000e-05	1.004049e-01	-8.200424e+00
2.354000e-05	-1.039567e-01	-8.461641e+00
2.355000e-05	8.024168e-02	-8.705163e+00
2.356000e-05	-5.277399e-02	-8.937445e+00
2.357000e-05	2.623343e-02	-9.138997e+00
2.358000e-05	-8.030265e-03	-9.337542e+00
2.359000e-05	-8.828847e-03	-9.611159e+00
2.360000e-05	5.378473e-02	-9.789591e+00
2.361000e-05	-4.478274e-02	-1.003364e+01
2.362000e-05	2.598313e-02	-1.018516e+01
2.363000e-05	-4.169712e-02	-1.047479e+01
2.364000e-05	5.269076e-02	-1.064419e+01
2.365000e-05	-2.978436e-02	-1.085316e+01
2.366000e-05	1.409992e-02	-1.105326e+01
2.367000e-05	-2.942918e-03	-1.126111e+01
2.368000e-05	1.231312e-02	-1.144476e+01
2.369000e-05	-1.634681e-02	-1.161314e+01
2.370000e-05	-6.848659e-03	-1.183476e+01
2.371000e-05	2.531967e-02	-1.205424e+01
2.372000e-05	-4.976072e-03	-1.219161e+01
2.373000e-05	6.318961e-04	-1.238008e+01
2.374000e-05	-1.283555e-02	-1.253953e+01
2.375000e-05	2.388752e-02	-1.273684e+01
2.376000e-05	-1.710334e-02	-1.286472e+01
2.377000e-05	4.865535e-03	-1.301256e+01
2.378000e-05	-3.295921e-03	-1.317050e+01
2.379000e-05	1.789508e-02	-1.333689e+01
2.380000e-05	-9.148590e-03	-1.342424e+01
2.381000e-05	3.099338e-03	-1.361111e+01
2.382000e-05	3.676887e-03	-1.374792e+01
2.383000e-05	3.301500e-03	-1.391629e+01
2.384000e-05	-2.082039e-03	-1.399313e+01
2.385000e-05	2.793782e-03	-1.412885e+01
2.386000e-05	8.106848e-03	-1.421416e+01
2.387000e-05	-1.357593e-04	-1.437100e+01
2.388000e-05	3.303541e-03	-1.447464e+01
2.389000e-05	1.446561e-03	-1.454843e+01
2.390000e-05	5.184473e-03	-1.463256e+01
2.391000e-05	3.219960e-03	-1.468575e+01
2.392000e-05	6.538011e-03	-1.477205e+01
2.393000e-05	3.991531e-03	-1.480361e+01
2.394000e-05	3.160776e-03	-1.490825e+01
2.395000e-05	2.756121e-03	-1.493741e+01
2.396000e-05	4.513654e-03	-1.498201e+01
2.397000e-05	2.809253e-03	-1.504419e+01
2.398000e-05	6.754850e-03	-1.507624e+01
2.399000e-05	6.714814e-03	-1.507835e+01
2.400000e-05	6.095767e-03	-1.513988e+01
2.401000e-05	6.259848e-03	-1.514148e+01
2.402000e-05	6.166859e-03	-1.518098e+01
2.403000e-05	9.464498e-03	-1.518151e+01
2.404000e-05	8.825321e-03	-1.520306e+01
2.405000e-05	1.301776e-02	-1.522521e+01
2.406000e-05	1.273969e-02	-1.522408e+01
2.407000e-05	1.652724e-02	-1.521356e+01
2.408000e-05	1.765927e-02	-1.521416e+01
2.409000e-05	2.094741e-02	-1.515316e+01
2.410000e-05	2.636974e-02	-1.513246e+01
2.411000e-05	3.231236e-02	-1.517990e+01
2.412000e-05	3.905406e-02	-1.510930e+01
2.413000e-05	4.776272e-02	-1.509722e+01
2.414000e-05	5.761221e-02	-1.501474e+01
2.415000e-05	6.711580e-02	-1.501359e+01
2.416000e-05	7.006104e-02	-1.493892e+01
2.417000e-05	6.348704e-02	-1.487532e+01
2.418000e-05	5.207411e-02	-1.481349e+01
2.419000e-05	3.721307e-02	-1.478092e+01
2.420000e-05	2.678979e-02	-1.465669e+01
2.421000e-05	2.012907e-02	-1.459155e+01
2.422000e-05	1.653400e-02	-1.453932e+01
2.423000e-05	1.279054e-02	-1.437048e+01
2.424000e-05	1.058196e-02	-1.429774e+01
2.425000e-05	1.045036e-02	-1.419253e+01
2.426000e-05	8.867589e-03	-1.403359e+01
2.427000e-05	6.196756e-03	-1.390780e+01
2.428000e-05	5.059095e-03	-1.382406e+01
2.429000e-05	4.941843e-03	-1.368674e+01
2.430000e-05	5.300780e-03	-1.353928e+01
2.431000e-05	1.543645e-03	-1.343301e+01
2.432000e-05	1.937856e-03	-1.328667e+01
2.433000e-05	2.134843e-03	-1.313790e+01
2.434000e-05	1.077971e-03	-1.301180e+01
2.435000e-05	3.778462e-04	-1.284626e+01
2.436000e-05	8.046993e-04	-1.270825e+01
2.437000e-05	1.131830e-03	-1.260898e+01
2.438000e-05	9.775145e-04	-1.241053e+01
2.439000e-05	6.302836e-04	-1.226318e+01
2.440000e-05	-9.757205e-04	-1.212664e+01
2.441000e-05	-1.269447e-03	-1.185614e+01
2.442000e-05	-1.141170e-03	-1.169814e+01
2.443000e-05	-3.388976e-05	-1.146616e+01
2.444000e-05	-1.238883e-03	-1.122503e+01
2.445000e-05	-2.511622e-03	-1.104298e+01
2.446000e-05	-6.945306e-04	-1.082358e+01
2.447000e-05	-4.525401e-04	-1.066509e+01
2.448000e-05	-3.241050e-03	-1.045626e+01
2.449000e-05	-2.538429e-03	-1.024604e+01
2.450000e-05	-1.627838e-03	-1.003303e+01
2.451000e-05	-3.125947e-03	-9.790026e+00
2.452000e-05	-3.014210e-03	-9.610503e+00
2.453000e-05	-2.536049e-03	-9.379870e+00
2.454000e-05	-2.481369e-03	-9.157815e+00
2.455000e-05	-4.169992e-03	-8.926216e+00
2.456000e-05	-4.146688e-03	-8.646236e+00
2.457000e-05	-3.196202e-03	-8.453101e+00
2.458000e-05	-2.770551e-03	-8.201875e+00
2.459000e-05	-4.843085e-03	-7.952351e+00
2.460000e-05	-4.733117e-03	-7.655613e+00
2.461000e-05	-3.526765e-03	-7.422002e+00
2.462000e-05	-3.416115e-03	-7.170948e+00
2.463000e-05	-4.539599e-03	-6.944637e+00
2.464000e-05	-4.447503e-03	-6.675058e+00
2.465000e-05	-3.528055e-03	-6.443505e+00
2.466000e-05	-3.546065e-03	-6.166245e+00
2.467000e-05	-4.634586e-03	-5.885688e+00
2.468000e-05	-5.108770e-03	-5.632483e+00
2.469000e-05	-4.633230e-03	-5.327321e+00
2.470000e-05	-5.353879e-03	-5.005462e+00
2.471000e-05	-3.508818e-03	-4.727241e+00
2.472000e-05	-4.781474e-03	-4.475607e+00
2.473000e-05	-3.116053e-03	-4.223578e+00
2.474000e-05	-4.335792e-03	-3.980849e+00
2.475000e-05	-3.681077e-03	-3.686632e+00
2.476000e-05	-3.932820e-03	-3.423352e+00
2.477000e-05	-5.207747e-03	-3.140438e+00
2.478000e-05	-5.912043e-03	-2.862026e+00
2.479000e-05	-7.115399e-03	-2.589317e+00
2.480000e-05	-4.611706e-03	-2.296137e+00
2.481000e-05	-5.386688e-03	-2.000445e+00
2.482000e-05	-4.589502e-03	-1.739212e+00
2.483000e-05	-5.995942e-03	-1.442369e+00
2.484000e-05	-4.826796e-03	-1.085706e+00
2.485000e-05	-5.586491e-03	-7.919253e-01
2.486000e-05	-5.011050e-03	-5.177134e-01
2.487000e-05	-5.674497e-03	-2.840542e-01
2.488000e-05	-3.449142e-03	2.165401e-02
2.489000e-05	4.422435e-03	3.253467e-01
2.490000e-05	-4.967989e-03	5.574999e-01
2.491000e-05	-7.750993e-04	8.195826e-01
2.492000e-05	-1.307351e-03	1.112860e+00
2.493000e-05	3.554702e-04	1.380497e+00
2.494000e-05	-5.989819e-03	1.697917e+00
2.495000e-05	6.415710e-03	1.936422e+00
2.496000e-05	1.180778e-02	2.116948e+00
2.497000e-05	6.852154e-02	2.428129e+00
2.498000e-05	2.504939e-02	2.749476e+00
2.499000e-05	-7.951341e-02	3.041837e+00
2.500000e-05	-1.736942e-02	3.303868e+00
2.501000e-05	-2.545136e-02	3.609632e+00
2.502000e-05	-1.002216e-02	3.863284e+00
2.503000e-05	-4.718359e-02	4.053293e+00
2.504000e-05	2.642915e-02	4.335870e+00
2.505000e-05	8.457111e-02	4.568974e+00
2.506000e-05	-1.089033e-01	4.782155e+00
2.507000e-05	8.298897e-02	5.165896e+00
2.508000e-05	-1.124454e-02	5.421741e+00
2.509000e-05	-5.678370e-02	5.674839e+00
2.510000e-05	5.939414e-02	5.978009e+00
2.511000e-05	-4.062672e-02	6.231108e+00
2.512000e-05	3.130152e-02	6.463269e+00
2.513000e-05	-3.549203e-02	6.759504e+00
2.514000e-05	1.381042e-02	6.982709e+00
2.515000e-05	8.263773e-03	7.302917e+00
2.516000e-05	-3.668003e-02	7.591058e+00
2.517000e-05	2.385134e-02	7.823197e+00
2.518000e-05	-2.433026e-02	8.127372e+00
2.519000e-05	4.313261e-02	8.358999e+00
2.520000e-05	-3.481247e-02	8.572154e+00
2.521000e-05	-1.339555e-02	8.822837e+00
2.522000e-05	1.865993e-02	9.087163e+00
2.523000e-05	-1.659861e-02	9.295346e+00
2.524000e-05	6.721101e-03	9.535424e+00
2.525000e-05	-2.538523e-02	9.747948e+00
2.526000e-05	2.856620e-02	9.981028e+00
2.527000e-05	-1.849595e-02	1.017853e+01
2.528000e-05	-7.087780e-03	1.037013e+01
2.529000e-05	-1.503320e-02	1.058963e+01
2.530000e-05	1.253381e-02	1.076008e+01
2.531000e-05	3.366378e-03	1.098053e+01
2.532000e-05	-2.444336e-02	1.113903e+01
2.533000e-05	6.613661e-03	1.136914e+01
2.534000e-05	-1.061372e-05	1.160103e+01
2.535000e-05	5.860637e-04	1.178111e+01
2.536000e-05	-2.451359e-02	1.196043e+01
2.537000e-05	1.067110e-02	1.216692e+01
2.538000e-05	3.466389e-03	1.228677e+01
2.539000e-05	-1.039000e-02	1.247627e+01
2.540000e-05	-1.455035e-02	1.264216e+01
2.541000e-05	7.354423e-04	1.277261e+01
2.542000e-05	-1.378718e-03	1.295000e+01
2.543000e-05	-1.658258e-02	1.307735e+01
2.544000e-05	-4.008426e-03	1.326372e+01
2.545000e-05	-6.230455e-04	1.342408e+01
2.546000e-05	-3.936193e-03	1.353803e+01
2.547000e-05	-1.173658e-02	1.366529e+01
2.548000e-05	-1.943905e-03	1.380324e+01
2.549000e-05	-4.793162e-03	1.395950e+01
2.550000e-05	-9.209706e-03	1.410782e+01
2.551000e-05	-8.145960e-03	1.422219e+01
2.552000e-05	-5.034382e-03	1.431793e+01
2.553000e-05	-6.119441e-03	1.443464e+01
2.554000e-05	-1.167959e-02	1.452643e+01
2.555000e-05	-6.784224e-03	1.463211e+01
2.556000e-05	-9.060061e-03	1.469882e+01
2.557000e-05	-6.130060e-03	1.473890e+01
2.558000e-05	-6.552815e-03	1.482264e+01
2.559000e-05	-8.278290e-03	1.486722e+01
2.560000e-05	-9.486187e-03	1.490835e+01
2.561000e-05	-1.133468e-02	1.498005e+01
2.562000e-05	-9.575368e-03	1.500216e+01
2.563000e-05	-1.303680e-02	1.500521e+01
2.564000e-05	-1.169865e-02	1.511732e+01
2.565000e-05	-1.293876e-02	1.511843e+01
2.566000e-05	-1.140491e-02	1.513046e+01
2.567000e-05	-1.403190e-02	1.513098e+01
2.568000e-05	-1.591917e-02	1.519254e+01
2.569000e-05	-1.451674e-02	1.521216e+01
2.570000e-05	-1.818555e-02	1.521364e+01
2.571000e-05	-1.900655e-02	1.520312e+01
2.572000e-05	-2.331325e-02	1.522409e+01
2.573000e-05	-2.277389e-02	1.523309e+01
2.574000e-05	-2.875075e-02	1.521414e+01
2.575000e-05	-3.191212e-02	1.513303e+01
2.576000e-05	-3.757039e-02	1.518143e+01
2.577000e-05	-4.397540e-02	1.512893e+01
2.578000e-05	-5.201460e-02	1.509632e+01
2.579000e-05	-6.339767e-02	1.506482e+01
2.580000e-05	-7.152152e-02	1.502214e+01
2.581000e-05	-7.790931e-02	1.496995e+01
2.582000e-05	-7.036370e-02	1.491737e+01
2.583000e-05	-5.961584e-02	1.483367e+01
2.584000e-05	-4.400763e-02	1.478100e+01
2.585000e-05	-3.373479e-02	1.467780e+01
2.586000e-05	-2.846249e-02	1.464251e+01
2.587000e-05	-2.352122e-02	1.452947e+01
2.588000e-05	-2.112938e-02	1.442461e+01
2.589000e-05	-1.797854e-02	1.433882e+01
2.590000e-05	-1.865128e-02	1.423404e+01
2.591000e-05	-1.536468e-02	1.410934e+01
2.592000e-05	-1.418013e-02	1.396148e+01
2.593000e-05	-1.255420e-02	1.383519e+01
2.594000e-05	-1.185590e-02	1.370735e+01
2.595000e-05	-1.171735e-02	1.358148e+01
2.596000e-05	-1.085024e-02	1.345463e+01
2.597000e-05	-1.087466e-02	1.330882e+01
2.598000e-05	-8.975193e-03	1.312098e+01
2.599000e-05	-1.039079e-02	1.305253e+01
2.600000e-05	-7.351346e-03	1.285567e+01
2.601000e-05	-1.051648e-02	1.274939e+01
2.602000e-05	-6.949322e-03	1.259293e+01
2.603000e-05	-8.740837e-03	1.245326e+01
2.604000e-05	-7.177669e-03	1.226674e+01
2.605000e-05	-7.000471e-03	1.208525e+01
2.606000e-05	-7.086123e-03	1.193883e+01
2.607000e-05	-7.839006e-03	1.174937e+01
2.608000e-05	-6.945826e-03	1.154075e+01
2.609000e-05	-6.406041e-03	1.134933e+01
2.610000e-05	-6.411288e-03	1.114982e+01
2.611000e-05	-6.699926e-03	1.094882e+01
2.612000e-05	-5.894265e-03	1.072190e+01
2.613000e-05	-5.478575e-03	1.056878e+01
2.614000e-05	-6.475272e-03	1.029732e+01
2.615000e-05	-6.689733e-03	1.012672e+01
2.616000e-05	-5.673238e-03	9.845214e+00
2.617000e-05	-6.375656e-03	9.633058e+00
2.618000e-05	-6.383948e-03	9.403502e+00
2.619000e-05	-6.383028e-03	9.231935e+00
2.620000e-05	-5.027442e-03	8.970395e+00
2.621000e-05	-5.664926e-03	8.707766e+00
2.622000e-05	-5.339495e-03	8.516743e+00
2.623000e-05	-5.892379e-03	8.255111e+00
2.624000e-05	-5.272809e-03	8.023479e+00
2.625000e-05	-5.117386e-03	7.760346e+00
2.626000e-05	-5.635709e-03	7.447159e+00
2.627000e-05	-6.757222e-03	7.242511e+00
2.628000e-05	-5.848376e-03	6.981402e+00
2.629000e-05	-4.733337e-03	6.761347e+00
2.630000e-05	-5.548878e-03	6.494132e+00
2.631000e-05	-6.263382e-03	6.232929e+00
2.632000e-05	-5.658344e-03	6.001524e+00
2.633000e-05	-5.028747e-03	5.755665e+00
2.634000e-05	-5.153004e-03	5.435632e+00
2.635000e-05	-5.559224e-03	5.119368e+00
2.636000e-05	-5.531520e-03	4.865506e+00
2.637000e-05	-5.631792e-03	4.579295e+00
2.638000e-05	-6.172556e-03	4.317236e+00
2.639000e-05	-5.289498e-03	4.020551e+00
2.640000e-05	-4.521566e-03	3.728842e+00
2.641000e-05	-4.122278e-03	3.498785e+00
2.642000e-05	-5.181095e-03	3.170975e+00
2.643000e-05	-5.483097e-03	2.937767e+00
2.644000e-05	-4.971892e-03	2.645054e+00
2.645000e-05	-4.887823e-03	2.350340e+00
2.646000e-05	-5.785444e-03	2.075133e+00
2.647000e-05	-4.665082e-03	1.811475e+00
2.648000e-05	-3.538711e-03	1.485213e+00
2.649000e-05	-3.466505e-03	1.180500e+00
2.650000e-05	-4.337043e-03	9.121080e-01
2.651000e-05	-4.420094e-03	5.904197e-01
2.652000e-05	-4.104225e-03	3.057910e-01
2.653000e-05	-1.803493e-03	1.152743e-02
2.654000e-05	4.579654e-03	-2.517077e-01
2.655000e-05	5.670074e-03	-5.131892e-01
2.656000e-05	-3.904509e-03	-7.580526e-01
2.657000e-05	3.942325e-03	-1.071158e+00
2.658000e-05	-2.398631e-03	-1.314938e+00
2.659000e-05	9.146725e-04	-1.631082e+00
2.660000e-05	4.675863e-03	-1.862182e+00
2.661000e-05	2.943968e-02	-2.052080e+00
2.662000e-05	9.700389e-02	-2.338016e+00
2.663000e-05	-4.303072e-02	-2.714361e+00
2.664000e-05	-4.204466e-02	-3.082839e+00
2.665000e-05	-1.491403e-02	-3.358003e+00
2.666000e-05	-1.706607e-02	-3.568998e+00
2.667000e-05	-6.793071e-02	-3.800654e+00
2.668000e-05	1.834544e-02	-4.013132e+00
2.669000e-05	1.628829e-01	-4.220055e+00
2.670000e-05	-1.833238e-01	-4.484292e+00
2.671000e-05	1.418833e-01	-4.749074e+00
2.672000e-05	-5.429675e-02	-5.041188e+00
2.673000e-05	-3.997766e-02	-5.368030e+00
2.674000e-05	1.136599e-01	-5.610708e+00
2.675000e-05	-1.368958e-01	-5.936292e+00
2.676000e-05	1.469629e-01	-6.167898e+00
2.677000e-05	-8.809533e-02	-6.452163e+00
2.678000e-05	1.089033e-02	-6.756941e+00
2.679000e-05	4.582103e-02	-6.957980e+00
2.680000e-05	-8.628902e-02	-7.305818e+00
2.681000e-05	1.040711e-01	-7.506893e+00
2.682000e-05	-1.059872e-01	-7.823162e+00
2.683000e-05	1.093992e-01	-8.095293e+00
2.684000e-05	-4.619878e-02	-8.296869e+00
2.685000e-05	-7.433523e-03	-8.588574e+00
2.686000e-05	3.728314e-02	-8.808636e+00
2.687000e-05	-5.533659e-02	-9.052737e+00
2.688000e-05	6.125599e-02	-9.231787e+00
2.689000e-05	-6.408425e-02	-9.495320e+00
2.690000e-05	7.465055e-02	-9.727398e+00
2.691000e-05	-3.487130e-02	-9.907825e+00
2.692000e-05	1.187856e-02	-1.013890e+01
2.693000e-05	-2.486357e-02	-1.033855e+01
2.694000e-05	1.293307e-02	-1.056008e+01
2.695000e-05	2.061972e-02	-1.073842e+01
2.696000e-05	-2.660135e-02	-1.095792e+01
2.697000e-05	2.406559e-02	-1.113900e+01
2.698000e-05	-1.233373e-02	-1.135003e+01
2.699000e-05	2.019816e-02	-1.156907e+01
2.700000e-05	-3.754279e-02	-1.176643e+01
2.701000e-05	3.423017e-02	-1.196795e+01
2.702000e-05	-6.794436e-03	-1.211897e+01
2.703000e-05	1.053640e-02	-1.227632e+01
2.704000e-05	-2.145243e-02	-1.249369e+01
2.705000e-05	1.876809e-02	-1.262321e+01
2.706000e-05	-2.212913e-03	-1.281063e+01
2.707000e-05	-7.083784e-03	-1.295953e+01
2.708000e-05	1.310281e-03	-1.309485e+01
2.709000e-05	8.731158e-03	-1.320474e+01
2.710000e-05	9.669003e-03	-1.337161e+01
2.711000e-05	-1.166824e-02	-1.350993e+01
2.712000e-05	1.007193e-02	-1.371629e+01
2.713000e-05	-1.758869e-03	-1.381063e+01
2.714000e-05	4.604952e-03	-1.390745e+01
2.715000e-05	-6.677553e-03	-1.408419e+01
2.716000e-05	1.129275e-02	-1.422258e+01
2.717000e-05	3.918355e-03	-1.428735e+01
2.718000e-05	3.107963e-03	-1.437356e+01
2.719000e-05	1.408048e-03	-1.450682e+01
2.720000e-05	3.423853e-03	-1.457101e+01
2.721000e-05	4.546128e-03	-1.462426e+01
2.722000e-05	3.899460e-03	-1.473142e+01
2.723000e-05	5.894412e-03	-1.479264e+01
2.724000e-05	4.130238e-03	-1.485579e+01
2.725000e-05	3.747766e-03	-1.491735e+01
2.726000e-05	4.014761e-03	-1.497100e+01
2.727000e-05	3.087419e-03	-1.503363e+01
2.728000e-05	3.906011e-03	-1.504674e+01
2.729000e-05	7.066976e-03	-1.505782e+01
2.730000e-05	7.275793e-03	-1.509882e+01
2.731000e-05	5.560082e-03	-1.517950e+01
2.732000e-05	5.256837e-03	-1.517103e+01
2.733000e-05	8.498014e-03	-1.517251e+01
2.734000e-05	9.010629e-03	-1.522269e+01
2.735000e-05	1.031342e-02	-1.524316e+01
2.736000e-05	1.226523e-02	-1.520216e+01
2.737000e-05	1.502924e-02	-1.522411e+01
2.738000e-05	1.686842e-02	-1.518271e+01
2.739000e-05	1.988532e-02	-1.525456e+01
2.740000e-05	2.381969e-02	-1.515266e+01
2.741000e-05	2.927413e-02	-1.515055e+01
2.742000e-05	3.483952e-02	-1.512937e+01
2.743000e-05	4.327370e-02	-1.510732e+01
2.744000e-05	5.292562e-02	-1.505474e+01
2.745000e-05	6.401893e-02	-1.505261e+01
2.746000e-05	7.067646e-02	-1.496098e+01
2.747000e-05	6.742038e-02	-1.490887e+01
2.748000e-05	5.727955e-02	-1.486367e+01
2.749000e-05	4.369446e-02	-1.478248e+01
2.750000e-05	3.193268e-02	-1.473630e+01
2.751000e-05	2.192035e-02	-1.464461e+01
2.752000e-05	1.762021e-02	-1.456940e+01
2.753000e-05	1.467872e-02	-1.443473e+01
2.754000e-05	1.219546e-02	-1.434878e+01
2.755000e-05	1.147506e-02	-1.422411e+01
2.756000e-05	9.267995e-03	-1.410872e+01
2.757000e-05	6.404964e-03	-1.401095e+01
2.758000e-05	6.168630e-03	-1.386466e+01
2.759000e-05	3.578097e-03	-1.376997e+01
2.760000e-05	4.297309e-03	-1.361201e+01
2.761000e-05	3.022933e-03	-1.345664e+01
2.762000e-05	3.386791e-03	-1.335890e+01
2.763000e-05	3.461116e-03	-1.324133e+01
2.764000e-05	1.855287e-03	-1.305416e+01
2.765000e-05	-6.940721e-05	-1.292932e+01
2.766000e-05	9.538824e-04	-1.276010e+01
2.767000e-05	1.918490e-03	-1.262508e+01
2.768000e-05	4.778060e-04	-1.248362e+01
2.769000e-05	3.292353e-04	-1.231587e+01
2.770000e-05	-5.423461e-05	-1.215887e+01
2.771000e-05	-6.423355e-04	-1.193100e+01
2.772000e-05	-9.542553e-04	-1.176895e+01
2.773000e-05	-5.033029e-04	-1.158198e+01
2.774000e-05	-9.175983e-04	-1.135000e+01
2.775000e-05	-1.188796e-03	-1.115675e+01
2.776000e-05	-2.173801e-03	-1.094840e+01
2.777000e-05	-8.421197e-04	-1.074927e+01
2.778000e-05	-2.734343e-03	-1.057935e+01
2.779000e-05	-3.161151e-03	-1.032934e+01
2.780000e-05	-2.207586e-03	-1.014532e+01
2.781000e-05	-1.305766e-03	-9.916394e+00
2.782000e-05	-3.212167e-03	-9.705664e+00
2.783000e-05	-2.709183e-03	-9.445161e+00
2.784000e-05	-1.633117e-03	-9.242532e+00
2.785000e-05	-3.382697e-03	-8.964402e+00
2.786000e-05	-4.019223e-03	-8.789950e+00
2.787000e-05	-4.494196e-03	-8.516272e+00
2.788000e-05	-2.810763e-03	-8.295261e+00
2.789000e-05	-3.755309e-03	-8.102588e+00
2.790000e-05	-4.425050e-03	-7.783352e+00
2.791000e-05	-4.383811e-03	-7.556791e+00
2.792000e-05	-4.016313e-03	-7.245661e+00
2.793000e-05	-3.120975e-03	-7.033979e+00
2.794000e-05	-5.032082e-03	-6.799820e+00
2.795000e-05	-3.784679e-03	-6.528271e+00
2.796000e-05	-5.094417e-03	-6.257161e+00
2.797000e-05	-2.804444e-03	-6.012056e+00
2.798000e-05	-5.377678e-03	-5.738820e+00
2.799000e-05	-3.642149e-03	-5.446208e+00
2.800000e-05	-6.394252e-03	-5.189428e+00
2.801000e-05	-3.967486e-03	-4.895187e+00
2.802000e-05	-5.570160e-03	-4.559945e+00
2.803000e-05	-3.388724e-03	-4.358869e+00
2.804000e-05	-4.244956e-03	-4.127108e+00
2.805000e-05	-3.553703e-03	-3.842501e+00
2.806000e-05	-5.672169e-03	-3.538819e+00
2.807000e-05	-5.537166e-03	-3.293606e+00
2.808000e-05	-5.114171e-03	-3.009845e+00
2.809000e-05	-5.152421e-03	-2.686691e+00
2.810000e-05	-6.808494e-03	-2.402030e+00
2.811000e-05	-5.391517e-03	-2.138640e+00
2.812000e-05	-5.071469e-03	-1.852578e+00
2.813000e-05	-5.039380e-03	-1.609346e+00
2.814000e-05	-6.129665e-03	-1.262496e+00
2.815000e-05	-5.738682e-03	-9.573146e-01
2.816000e-05	-5.169424e-03	-6.845303e-01
2.817000e-05	-5.345735e-03	-3.677923e-01
2.818000e-05	-4.905948e-03	-1.261356e-01
2.819000e-05	2.272317e-04	1.780736e-01
2.820000e-05	3.648686e-03	4.027117e-01
2.821000e-05	-5.956527e-03	7.158881e-01
2.822000e-05	3.271243e-03	9.379996e-01
2.823000e-05	-5.021977e-03	1.272134e+00
2.824000e-05	2.979348e-04	1.518047e+00
2.825000e-05	-5.941974e-03	1.811683e+00
2.826000e-05	1.328158e-02	1.992680e+00
2.827000e-05	2.725663e-02	2.256788e+00
2.828000e-05	8.348025e-02	2.569601e+00
2.829000e-05	-6.659983e-02	2.906291e+00
2.830000e-05	-3.291957e-02	3.198103e+00
2.831000e-05	-3.121096e-02	3.472790e+00
2.832000e-05	1.629597e-06	3.727397e+00
2.833000e-05	-4.695628e-02	3.988474e+00
2.834000e-05	-1.250654e-02	4.139983e+00
2.835000e-05	6.853825e-02	4.432710e+00
2.836000e-05	1.024228e-03	4.706419e+00
2.837000e-05	-7.409351e-02	4.989978e+00
2.838000e-05	1.334302e-01	5.274290e+00
2.839000e-05	-1.318211e-01	5.568503e+00
2.840000e-05	7.002476e-02	5.842212e+00
2.841000e-05	-2.343062e-02	6.105792e+00
2.842000e-05	4.789819e-03	6.317975e+00
2.843000e-05	5.151804e-03	6.631661e+00
2.844000e-05	-3.499625e-02	6.894872e+00
2.845000e-05	4.690633e-02	7.158003e+00
2.846000e-05	-5.216363e-02	7.465314e+00
2.847000e-05	2.002286e-02	7.697028e+00
2.848000e-05	-2.135848e-02	8.020079e+00
2.849000e-05	2.477282e-02	8.264317e+00
2.850000e-05	1.018204e-02	8.476319e+00
2.851000e-05	-4.079186e-02	8.765970e+00
2.852000e-05	1.902240e-02	8.937977e+00
2.853000e-05	-8.904316e-03	9.189532e+00
2.854000e-05	2.691505e-03	9.401608e+00
2.855000e-05	-1.982559e-02	9.582713e+00
2.856000e-05	1.051370e-02	9.873311e+00
2.857000e-05	4.317098e-03	1.008579e+01
2.858000e-05	-1.300535e-02	1.025735e+01
2.859000e-05	-1.589369e-02	1.053477e+01
2.860000e-05	3.263769e-04	1.067580e+01
2.861000e-05	1.263403e-02	1.086624e+01
2.862000e-05	-1.450733e-02	1.107583e+01
2.863000e-05	-9.841222e-03	1.127529e+01
2.864000e-05	6.364182e-03	1.146682e+01
2.865000e-05	3.715004e-03	1.170485e+01
2.866000e-05	-1.940970e-02	1.187537e+01
2.867000e-05	-4.338816e-03	1.202221e+01
2.868000e-05	8.640782e-03	1.223116e+01
2.869000e-05	-2.748565e-03	1.236216e+01
2.870000e-05	-1.848706e-02	1.257955e+01
2.871000e-05	-3.561405e-03	1.268792e+01
2.872000e-05	3.040753e-03	1.289427e+01
2.873000e-05	-9.791965e-03	1.300364e+01
2.874000e-05	-1.085223e-02	1.317059e+01
2.875000e-05	-2.438103e-03	1.336998e+01
2.876000e-05	4.702100e-04	1.344632e+01
2.877000e-05	-1.279113e-02	1.367363e+01
2.878000e-05	-4.836102e-03	1.373901e+01
2.879000e-05	-4.433972e-03	1.384785e+01
2.880000e-05	-5.299314e-03	1.404112e+01
2.881000e-05	-1.151941e-02	1.416103e+01
2.882000e-05	-5.585241e-03	1.427580e+01
2.883000e-05	-4.622123e-03	1.443010e+01
2.884000e-05	-9.809903e-03	1.446620e+01
2.885000e-05	-8.607292e-03	1.460095e+01
2.886000e-05	-9.353371e-03	1.464469e+01
2.887000e-05	-6.651304e-03	1.474795e+01
2.888000e-05	-8.491749e-03	1.479058e+01
2.889000e-05	-6.631318e-03	1.482416e+01
2.890000e-05	-1.047977e-02	1.490680e+01
2.891000e-05	-8.902676e-03	1.493948e+01
2.892000e-05	-1.010470e-02	1.501008e+01
2.893000e-05	-1.117806e-02	1.505166e+01
2.894000e-05	-1.182768e-02	1.507834e+01
2.895000e-05	-1.228904e-02	1.509680e+01
2.896000e-05	-1.170319e-02	1.512043e+01
2.897000e-05	-1.407659e-02	1.516248e+01
2.898000e-05	-1.438600e-02	1.519150e+01
2.899000e-05	-1.534930e-02	1.517258e+01
2.900000e-05	-1.464990e-02	1.521318e+01
2.901000e-05	-1.882278e-02	1.521366e+01
2.902000e-05	-2.016132e-02	1.518361e+01
2.903000e-05	-2.241369e-02	1.523361e+01
2.904000e-05	-2.638247e-02	1.524304e+01
2.905000e-05	-2.955158e-02	1.519401e+01
2.906000e-05	-3.607092e-02	1.521153e+01
2.907000e-05	-4.108344e-02	1.515938e+01
2.908000e-05	-4.891277e-02	1.510745e+01
2.909000e-05	-5.700542e-02	1.508627e+01
2.910000e-05	-6.844933e-02	1.508216e+01
2.911000e-05	-7.509557e-02	1.500108e+01
2.912000e-05	-7.422662e-02	1.492930e+01
2.913000e-05	-6.500850e-02	1.486427e+01
2.914000e-05	-5.090177e-02	1.479261e+01
2.915000e-05	-3.879636e-02	1.474037e+01
2.916000e-05	-2.915504e-02	1.464471e+01
2.917000e-05	-2.623174e-02	1.458948e+01
2.918000e-05	-2.234598e-02	1.450619e+01
2.919000e-05	-1.921796e-02	1.436248e+01
2.920000e-05	-1.781781e-02	1.430524e+01
2.921000e-05	-1.576253e-02	1.411185e+01
2.922000e-05	-1.530796e-02	1.402458e+01
2.923000e-05	-1.228382e-02	1.386632e+01
2.924000e-05	-1.419675e-02	1.379050e+01
2.925000e-05	-1.028218e-02	1.362416e+01
2.926000e-05	-1.215123e-02	1.352732e+01
2.927000e-05	-1.019460e-02	1.338100e+01
2.928000e-05	-1.097238e-02	1.325364e+01
2.929000e-05	-8.508711e-03	1.307825e+01
2.930000e-05	-9.553838e-03	1.293088e+01
2.931000e-05	-8.896137e-03	1.280143e+01
2.932000e-05	-9.421663e-03	1.262514e+01
2.933000e-05	-7.625197e-03	1.252835e+01
2.934000e-05	-7.902342e-03	1.228980e+01
2.935000e-05	-7.247663e-03	1.219193e+01
2.936000e-05	-7.057357e-03	1.199298e+01
2.937000e-05	-7.431156e-03	1.181400e+01
2.938000e-05	-7.648857e-03	1.162358e+01
2.939000e-05	-6.755106e-03	1.142356e+01
2.940000e-05	-6.704602e-03	1.118353e+01
2.941000e-05	-7.261189e-03	1.099305e+01
2.942000e-05	-6.070915e-03	1.084359e+01
2.943000e-05	-5.268187e-03	1.065358e+01
2.944000e-05	-5.956650e-03	1.040303e+01
2.945000e-05	-6.797377e-03	1.020051e+01
2.946000e-05	-6.275630e-03	9.992504e+00
2.947000e-05	-5.807798e-03	9.708323e+00
2.948000e-05	-7.160085e-03	9.557323e+00
2.949000e-05	-6.395589e-03	9.305740e+00
2.950000e-05	-5.681910e-03	9.057735e+00
2.951000e-05	-4.973361e-03	8.832581e+00
2.952000e-05	-5.858824e-03	8.600503e+00
2.953000e-05	-6.290760e-03	8.400324e+00
2.954000e-05	-5.527135e-03	8.167693e+00
2.955000e-05	-5.862922e-03	7.915140e+00
2.956000e-05	-6.644098e-03	7.604158e+00
2.957000e-05	-5.958461e-03	7.409345e+00
2.958000e-05	-4.932858e-03	7.095741e+00
2.959000e-05	-5.318212e-03	6.874132e+00
2.960000e-05	-6.378830e-03	6.612375e+00
2.961000e-05	-5.662195e-03	6.321345e+00
2.962000e-05	-4.973884e-03	6.125214e+00
2.963000e-05	-5.208195e-03	5.824083e+00
2.964000e-05	-6.359169e-03	5.560870e+00
2.965000e-05	-4.937628e-03	5.329641e+00
2.966000e-05	-4.794047e-03	4.989325e+00
2.967000e-05	-5.537207e-03	4.715188e+00
2.968000e-05	-5.846095e-03	4.452507e+00
2.969000e-05	-5.759293e-03	4.169720e+00
2.970000e-05	-4.146833e-03	3.865563e+00
2.971000e-05	-4.781867e-03	3.651552e+00
2.972000e-05	-4.031148e-03	3.357270e+00
2.973000e-05	-5.051612e-03	3.054556e+00
2.974000e-05	-4.917435e-03	2.802524e+00
2.975000e-05	-4.947692e-03	2.507611e+00
2.976000e-05	-4.146454e-03	2.189396e+00
2.977000e-05	-4.474294e-03	1.958341e+00
2.978000e-05	-4.948642e-03	1.644674e+00
2.979000e-05	-4.508167e-03	1.348290e+00
2.980000e-05	-4.085489e-03	1.033500e+00
2.981000e-05	-4.040253e-03	7.262597e-01
2.982000e-05	-3.799086e-03	4.526065e-01
2.983000e-05	-2.419042e-03	1.693671e-01
2.984000e-05	-9.765866e-04	-1.143945e-01
2.985000e-05	9.969057e-03	-3.579972e-01
2.986000e-05	-4.787799e-03	-6.626325e-01
2.987000e-05	4.412936e-03	-8.952920e-01
2.988000e-05	-2.985280e-03	-1.178955e+00
2.989000e-05	4.350312e-03	-1.442888e+00
2.990000e-05	-3.427739e-03	-1.686845e+00
2.991000e-05	2.029350e-02	-1.937918e+00
2.992000e-05	5.600339e-02	-2.208531e+00
2.993000e-05	6.620889e-02	-2.495317e+00
2.994000e-05	-1.040810e-01	-2.855340e+00
2.995000e-05	1.918698e-02	-3.233762e+00
2.996000e-05	-4.876192e-02	-3.463237e+00
2.997000e-05	-6.887850e-03	-3.685813e+00
2.998000e-05	-9.608476e-02	-3.957026e+00
2.999000e-05	1.725806e-01	-4.075320e+00
3.000000e-05	-5.128844e-02	-4.366476e+00
3.001000e-05	-4.396415e-02	-4.663734e+00
3.002000e-05	1.431347e-01	-4.873743e+00
3.003000e-05	-1.857179e-01	-5.219657e+00
3.004000e-05	1.535798e-01	-5.475366e+00
3.005000e-05	-8.420492e-02	-5.768553e+00
3.006000e-05	2.810731e-02	-6.051138e+00
3.007000e-05	6.522620e-02	-6.233793e+00
3.008000e-05	-1.215183e-01	-6.610503e+00
3.009000e-05	1.151660e-01	-6.872187e+00
3.010000e-05	-9.366720e-02	-7.129949e+00
3.011000e-05	5.518874e-02	-7.411658e+00
3.012000e-05	-1.407250e-02	-7.621291e+00
3.013000e-05	-1.797183e-02	-7.989005e+00
3.014000e-05	8.991240e-02	-8.190559e+00
3.015000e-05	-1.031519e-01	-8.462792e+00
3.016000e-05	8.346519e-02	-8.667749e+00
3.017000e-05	-6.114059e-02	-8.947524e+00
3.018000e-05	3.485350e-02	-9.169023e+00
3.019000e-05	-1.908727e-02	-9.359602e+00
3.020000e-05	3.236795e-03	-9.641208e+00
3.021000e-05	4.571979e-02	-9.812232e+00
3.022000e-05	-4.288619e-02	-1.006274e+01
3.023000e-05	2.135768e-02	-1.029567e+01
3.024000e-05	-3.867775e-02	-1.046424e+01
3.025000e-05	5.527434e-02	-1.065576e+01
3.026000e-05	-3.344519e-02	-1.087319e+01
3.027000e-05	1.835954e-02	-1.105321e+01
3.028000e-05	-6.880396e-03	-1.126324e+01
3.029000e-05	1.492240e-02	-1.148427e+01
3.030000e-05	-2.049162e-02	-1.164321e+01
3.031000e-05	-1.058626e-03	-1.182377e+01
3.032000e-05	2.273362e-02	-1.206369e+01
3.033000e-05	-4.332700e-03	-1.221311e+01
3.034000e-05	-2.315718e-03	-1.240100e+01
3.035000e-05	-8.204324e-03	-1.254848e+01
3.036000e-05	2.258668e-02	-1.274827e+01
3.037000e-05	-1.829739e-02	-1.286469e+01
3.038000e-05	4.418486e-03	-1.302371e+01
3.039000e-05	-2.282543e-03	-1.320050e+01
3.040000e-05	1.832045e-02	-1.332485e+01
3.041000e-05	-1.114402e-02	-1.344422e+01
3.042000e-05	5.376100e-03	-1.363361e+01
3.043000e-05	3.723381e-03	-1.371883e+01
3.044000e-05	4.612017e-03	-1.388582e+01
3.045000e-05	-2.765977e-03	-1.400203e+01
3.046000e-05	5.160900e-03	-1.417745e+01
3.047000e-05	8.028228e-03	-1.424272e+01
3.048000e-05	7.960620e-05	-1.437060e+01
3.049000e-05	2.018930e-03	-1.445367e+01
3.050000e-05	2.230749e-03	-1.452998e+01
3.051000e-05	6.701326e-03	-1.459216e+01
3.052000e-05	2.210010e-03	-1.470682e+01
3.053000e-05	6.528344e-03	-1.480050e+01
3.054000e-05	4.590326e-03	-1.483368e+01
3.055000e-05	5.213486e-03	-1.487674e+01
3.056000e-05	1.609569e-03	-1.494835e+01
3.057000e-05	4.504840e-03	-1.496108e+01
3.058000e-05	2.697805e-03	-1.505318e+01
3.059000e-05	6.019068e-03	-1.504517e+01
3.060000e-05	5.421478e-03	-1.509833e+01
3.061000e-05	6.688050e-03	-1.513943e+01
3.062000e-05	6.661722e-03	-1.515140e+01
3.063000e-05	7.121320e-03	-1.519889e+01
3.064000e-05	8.662408e-03	-1.524358e+01
3.065000e-05	9.357070e-03	-1.519161e+01
3.066000e-05	1.263122e-02	-1.525316e+01
3.067000e-05	1.304868e-02	-1.524321e+01
3.068000e-05	1.542283e-02	-1.522666e+01
3.069000e-05	1.745993e-02	-1.519409e+01
3.070000e-05	2.179460e-02	-1.519249e+01
3.071000e-05	2.627704e-02	-1.518903e+01
3.072000e-05	3.279835e-02	-1.515998e+01
3.073000e-05	3.996867e-02	-1.510838e+01
3.074000e-05	4.763853e-02	-1.505674e+01
3.075000e-05	5.764353e-02	-1.504364e+01
3.076000e-05	6.716768e-02	-1.503163e+01
3.077000e-05	7.019492e-02	-1.497990e+01
3.078000e-05	6.310986e-02	-1.484722e+01
3.079000e-05	4.873454e-02	-1.483411e+01
3.080000e-05	3.606617e-02	-1.476947e+01
3.081000e-05	2.595601e-02	-1.465557e+01
3.082000e-05	1.985576e-02	-1.459150e+01
3.083000e-05	1.623593e-02	-1.449784e+01
3.084000e-05	1.400406e-02	-1.437253e+01
3.085000e-05	1.077609e-02	-1.428617e+01
3.086000e-05	9.438305e-03	-1.418040e+01
3.087000e-05	7.877065e-03	-1.404312e+01
3.088000e-05	5.791281e-03	-1.392885e+01
3.089000e-05	5.027831e-03	-1.378993e+01
3.090000e-05	4.951080e-03	-1.368525e+01
3.091000e-05	3.490489e-03	-1.351832e+01
3.092000e-05	2.919130e-03	-1.344308e+01
3.093000e-05	2.541120e-03	-1.324617e+01
3.094000e-05	2.754529e-03	-1.313737e+01
3.095000e-05	8.629867e-04	-1.300248e+01
3.096000e-05	-1.559469e-04	-1.287521e+01
3.097000e-05	6.321875e-04	-1.267632e+01
3.098000e-05	9.403648e-04	-1.255937e+01
3.099000e-05	1.712046e-04	-1.239998e+01
3.100000e-05	-2.078872e-04	-1.225306e+01
3.101000e-05	-1.477261e-05	-1.207611e+01
3.102000e-05	-7.726339e-04	-1.188311e+01
3.103000e-05	-8.655277e-04	-1.165504e+01
3.104000e-05	3.041645e-04	-1.146479e+01
3.105000e-05	-1.453917e-03	-1.124111e+01
3.106000e-05	-1.590845e-03	-1.101153e+01
3.107000e-05	-1.408983e-03	-1.085459e+01
3.108000e-05	-6.851577e-04	-1.066593e+01
3.109000e-05	-2.141040e-03	-1.049211e+01
3.110000e-05	-1.651766e-03	-1.021348e+01
3.111000e-05	-2.229793e-03	-1.001090e+01
3.112000e-05	-1.952149e-03	-9.750452e+00
3.113000e-05	-4.090743e-03	-9.562453e+00
3.114000e-05	-2.337708e-03	-9.368294e+00
3.115000e-05	-3.051910e-03	-9.138315e+00
3.116000e-05	-3.505511e-03	-8.957241e+00
3.117000e-05	-3.920226e-03	-8.645579e+00
3.118000e-05	-3.643911e-03	-8.392953e+00
3.119000e-05	-3.798436e-03	-8.178921e+00
3.120000e-05	-4.642851e-03	-7.959789e+00
3.121000e-05	-3.754853e-03	-7.684113e+00
3.122000e-05	-3.584338e-03	-7.411452e+00
3.123000e-05	-3.930015e-03	-7.137799e+00
3.124000e-05	-4.107088e-03	-6.894665e+00
3.125000e-05	-3.494067e-03	-6.613052e+00
3.126000e-05	-4.097589e-03	-6.431029e+00
3.127000e-05	-4.699815e-03	-6.137190e+00
3.128000e-05	-4.147167e-03	-5.865638e+00
3.129000e-05	-4.208718e-03	-5.610505e+00
3.130000e-05	-5.896837e-03	-5.378713e+00
3.131000e-05	-4.727332e-03	-5.052532e+00
3.132000e-05	-4.199721e-03	-4.737138e+00
3.133000e-05	-3.958617e-03	-4.433657e+00
3.134000e-05	-4.586767e-03	-4.232554e+00
3.135000e-05	-3.784741e-03	-3.999995e+00
3.136000e-05	-4.611338e-03	-3.653083e+00
3.137000e-05	-4.890367e-03	-3.410974e+00
3.138000e-05	-6.686201e-03	-3.127795e+00
3.139000e-05	-5.106223e-03	-2.812948e+00
3.140000e-05	-5.866641e-03	-2.539346e+00
3.141000e-05	-4.119767e-03	-2.264205e+00
3.142000e-05	-5.684762e-03	-1.999900e+00
3.143000e-05	-4.681126e-03	-1.707311e+00
3.144000e-05	-6.753012e-03	-1.371447e+00
3.145000e-05	-5.248869e-03	-1.085132e+00
3.146000e-05	-6.180816e-03	-8.509713e-01
3.147000e-05	-5.371704e-03	-5.345782e-01
3.148000e-05	-6.049413e-03	-2.824989e-01
3.149000e-05	-3.874193e-03	3.262888e-02
3.150000e-05	5.901960e-03	3.385206e-01
3.151000e-05	-5.109376e-03	5.585038e-01
3.152000e-05	1.459458e-03	8.321065e-01
3.153000e-05	-3.498703e-03	1.116421e+00
3.154000e-05	-1.553707e-04	1.380028e+00
3.155000e-05	-7.667034e-03	1.748443e+00
3.156000e-05	7.777956e-03	1.947395e+00
3.157000e-05	1.223107e-02	2.126997e+00
3.158000e-05	7.249742e-02	2.360081e+00
3.159000e-05	1.595639e-02	2.787581e+00
3.160000e-05	-7.694433e-02	3.113762e+00
3.161000e-05	-1.662983e-02	3.296470e+00
3.162000e-05	-2.232877e-02	3.641660e+00
3.163000e-05	-1.298322e-02	3.844788e+00
3.164000e-05	-4.588597e-02	4.083191e+00
3.165000e-05	3.242896e-02	4.316971e+00
3.166000e-05	8.182300e-02	4.589104e+00
3.167000e-05	-1.148059e-01	4.852713e+00
3.168000e-05	9.859299e-02	5.118446e+00
3.169000e-05	-3.195172e-02	5.442209e+00
3.170000e-05	-4.305984e-02	5.715417e+00
3.171000e-05	5.173582e-02	5.979529e+00
3.172000e-05	-3.581817e-02	6.230707e+00
3.173000e-05	3.292470e-02	6.484869e+00
3.174000e-05	-3.889348e-02	6.791053e+00
3.175000e-05	1.823759e-02	7.052184e+00
3.176000e-05	-2.271885e-04	7.297895e+00
3.177000e-05	-3.053669e-02	7.632106e+00
3.178000e-05	1.903098e-02	7.873767e+00
3.179000e-05	-2.053135e-02	8.129971e+00
3.180000e-05	4.367535e-02	8.420056e+00
3.181000e-05	-3.677261e-02	8.581580e+00
3.182000e-05	-9.683335e-03	8.842740e+00
3.183000e-05	1.526837e-02	9.054292e+00
3.184000e-05	-1.483555e-02	9.318345e+00
3.185000e-05	5.808326e-03	9.537847e+00
3.186000e-05	-2.287279e-02	9.727509e+00
3.187000e-05	2.881572e-02	9.960508e+00
3.188000e-05	-1.995987e-02	1.015106e+01
3.189000e-05	-7.466600e-03	1.044016e+01
3.190000e-05	-1.585962e-02	1.056153e+01
3.191000e-05	1.226493e-02	1.085110e+01
3.192000e-05	1.324047e-03	1.096166e+01
3.193000e-05	-2.248316e-02	1.118112e+01
3.194000e-05	6.279135e-03	1.138163e+01
3.195000e-05	9.853693e-04	1.160161e+01
3.196000e-05	-2.042315e-03	1.177209e+01
3.197000e-05	-2.340171e-02	1.198063e+01
3.198000e-05	1.101656e-02	1.215043e+01
3.199000e-05	1.069856e-03	1.231793e+01
3.200000e-05	-1.127020e-02	1.249842e+01
3.201000e-05	-1.449313e-02	1.266222e+01
3.202000e-05	1.912383e-03	1.284316e+01
3.203000e-05	-1.896485e-03	1.295055e+01
3.204000e-05	-1.624123e-02	1.308837e+01
3.205000e-05	-2.235449e-03	1.324332e+01
3.206000e-05	-5.757452e-04	1.339574e+01
3.207000e-05	-3.786209e-03	1.353055e+01
3.208000e-05	-1.311791e-02	1.368525e+01
3.209000e-05	-3.816865e-03	1.380366e+01
3.210000e-05	-5.672925e-03	1.394738e+01
3.211000e-05	-1.035588e-02	1.408647e+01
3.212000e-05	-8.118914e-03	1.419327e+01
3.213000e-05	-5.253571e-03	1.434788e+01
3.214000e-05	-6.260611e-03	1.441414e+01
3.215000e-05	-1.184574e-02	1.454992e+01
3.216000e-05	-7.041084e-03	1.462413e+01
3.217000e-05	-7.639699e-03	1.472780e+01
3.218000e-05	-6.892072e-03	1.477001e+01
3.219000e-05	-7.571297e-03	1.480416e+01
3.220000e-05	-9.290154e-03	1.487679e+01
3.221000e-05	-8.541204e-03	1.492745e+01
3.222000e-05	-1.257516e-02	1.496056e+01
3.223000e-05	-1.003885e-02	1.505221e+01
3.224000e-05	-1.307250e-02	1.508566e+01
3.225000e-05	-1.091939e-02	1.510634e+01
3.226000e-05	-1.150199e-02	1.511940e+01
3.227000e-05	-1.173680e-02	1.516048e+01
3.228000e-05	-1.361307e-02	1.521008e+01
3.229000e-05	-1.624954e-02	1.521211e+01
3.230000e-05	-1.504926e-02	1.522156e+01
3.231000e-05	-1.782120e-02	1.521359e+01
3.232000e-05	-1.865079e-02	1.524414e+01
3.233000e-05	-2.302797e-02	1.520509e+01
3.234000e-05	-2.403990e-02	1.521406e+01
3.235000e-05	-2.764547e-02	1.524301e+01
3.236000e-05	-3.092749e-02	1.517300e+01
3.237000e-05	-3.786993e-02	1.519145e+01
3.238000e-05	-4.457380e-02	1.511893e+01
3.239000e-05	-5.217265e-02	1.511792e+01
3.240000e-05	-6.437697e-02	1.509579e+01
3.241000e-05	-7.205142e-02	1.500268e+01
3.242000e-05	-7.732004e-02	1.498056e+01
3.243000e-05	-6.935333e-02	1.490779e+01
3.244000e-05	-5.769158e-02	1.484366e+01
3.245000e-05	-4.378823e-02	1.479051e+01
3.246000e-05	-3.324954e-02	1.467932e+01
3.247000e-05	-2.765140e-02	1.461406e+01
3.248000e-05	-2.409548e-02	1.449575e+01
3.249000e-05	-2.137899e-02	1.441414e+01
3.250000e-05	-1.800054e-02	1.432837e+01
3.251000e-05	-1.802856e-02	1.421451e+01
3.252000e-05	-1.521396e-02	1.409832e+01
3.253000e-05	-1.419103e-02	1.396093e+01
3.254000e-05	-1.232801e-02	1.382411e+01
3.255000e-05	-1.202337e-02	1.371830e+01
3.256000e-05	-1.101122e-02	1.357240e+01
3.257000e-05	-1.112173e-02	1.341424e+01
3.258000e-05	-1.116422e-02	1.331725e+01
3.259000e-05	-9.784164e-03	1.316200e+01
3.260000e-05	-9.686220e-03	1.303313e+01
3.261000e-05	-9.292340e-03	1.288624e+01
3.262000e-05	-1.028083e-02	1.271832e+01
3.263000e-05	-7.846168e-03	1.261246e+01
3.264000e-05	-8.209675e-03	1.243308e+01
3.265000e-05	-7.525435e-03	1.224418e+01
3.266000e-05	-7.483474e-03	1.203572e+01
3.267000e-05	-6.608309e-03	1.193627e+01
3.268000e-05	-7.127638e-03	1.174830e+01
3.269000e-05	-8.313897e-03	1.149827e+01
3.270000e-05	-7.710674e-03	1.129725e+01
3.271000e-05	-6.591228e-03	1.111719e+01
3.272000e-05	-7.317169e-03	1.094685e+01
3.273000e-05	-6.189216e-03	1.073190e+01
3.274000e-05	-5.548069e-03	1.046832e+01
3.275000e-05	-5.809248e-03	1.031629e+01
3.276000e-05	-6.915967e-03	1.009679e+01
3.277000e-05	-5.904449e-03	9.835637e+00
3.278000e-05	-6.325798e-03	9.642007e+00
3.279000e-05	-5.904764e-03	9.391499e+00
3.280000e-05	-6.429179e-03	9.180452e+00
3.281000e-05	-6.038646e-03	8.948345e+00
3.282000e-05	-6.144521e-03	8.667266e+00
3.283000e-05	-6.324949e-03	8.485668e+00
3.284000e-05	-5.902145e-03	8.233984e+00
3.285000e-05	-5.593882e-03	8.020927e+00
3.286000e-05	-6.050934e-03	7.768371e+00
3.287000e-05	-5.825514e-03	7.476589e+00
3.288000e-05	-5.017422e-03	7.222552e+00
3.289000e-05	-5.434547e-03	6.989347e+00
3.290000e-05	-5.560450e-03	6.738817e+00
3.291000e-05	-5.772655e-03	6.442660e+00
3.292000e-05	-5.368344e-03	6.181904e+00
3.293000e-05	-5.023130e-03	5.991399e+00
3.294000e-05	-5.663661e-03	5.716711e+00
3.295000e-05	-5.151690e-03	5.414058e+00
3.296000e-05	-5.312468e-03	5.129364e+00
3.297000e-05	-5.573120e-03	4.832002e+00
3.298000e-05	-5.357767e-03	4.538344e+00
3.299000e-05	-4.997580e-03	4.306766e+00
3.300000e-05	-5.207991e-03	3.990530e+00
3.301000e-05	-4.897657e-03	3.737215e+00
3.302000e-05	-5.457370e-03	3.465284e+00
3.303000e-05	-3.942092e-03	3.160869e+00
3.304000e-05	-3.950815e-03	2.927209e+00
3.305000e-05	-4.412851e-03	2.643531e+00
3.306000e-05	-4.455953e-03	2.316813e+00
3.307000e-05	-4.647866e-03	2.084604e+00
3.308000e-05	-4.541424e-03	1.832474e+00
3.309000e-05	-3.646632e-03	1.493134e+00
3.310000e-05	-4.585683e-03	1.200417e+00
3.311000e-05	-4.660265e-03	8.524768e-01
3.312000e-05	-3.814533e-03	5.788686e-01
3.313000e-05	-3.298473e-03	3.267407e-01
3.314000e-05	-8.699876e-04	1.039624e-02
3.315000e-05	5.376236e-03	-2.617541e-01
3.316000e-05	5.103128e-03	-5.143345e-01
3.317000e-05	-3.445025e-03	-7.990787e-01
3.318000e-05	3.780317e-03	-1.051181e+00
3.319000e-05	-2.153358e-03	-1.324922e+00
3.320000e-05	1.086074e-05	-1.609609e+00
3.321000e-05	5.458503e-03	-1.861712e+00
3.322000e-05	2.973505e-02	-2.042663e+00
3.323000e-05	9.959672e-02	-2.337951e+00
3.324000e-05	-5.659686e-02	-2.715970e+00
3.325000e-05	-3.225719e-02	-3.096897e+00
3.326000e-05	-1.946245e-02	-3.420454e+00
3.327000e-05	-1.189458e-02	-3.589478e+00
3.328000e-05	-7.752579e-02	-3.800707e+00
3.329000e-05	3.514740e-02	-4.023184e+00
3.330000e-05	1.466296e-01	-4.210631e+00
3.331000e-05	-1.863260e-01	-4.505920e+00
3.332000e-05	1.630393e-01	-4.790104e+00
3.333000e-05	-8.002288e-02	-5.051238e+00
3.334000e-05	-1.661953e-02	-5.379604e+00
3.335000e-05	9.762205e-02	-5.642161e+00
3.336000e-05	-1.243161e-01	-5.905890e+00
3.337000e-05	1.514627e-01	-6.206925e+00
3.338000e-05	-1.052881e-01	-6.463238e+00
3.339000e-05	2.613377e-02	-6.717497e+00
3.340000e-05	2.877563e-02	-6.970624e+00
3.341000e-05	-7.748789e-02	-7.274817e+00
3.342000e-05	1.010271e-01	-7.526944e+00
3.343000e-05	-1.056690e-01	-7.861711e+00
3.344000e-05	1.192166e-01	-8.095396e+00
3.345000e-05	-6.375571e-02	-8.355971e+00
3.346000e-05	7.088583e-03	-8.579556e+00
3.347000e-05	2.867952e-02	-8.832162e+00
3.348000e-05	-4.830878e-02	-9.043766e+00
3.349000e-05	5.628478e-02	-9.253341e+00
3.350000e-05	-6.532544e-02	-9.536298e+00
3.351000e-05	7.956636e-02	-9.736848e+00
3.352000e-05	-4.044699e-02	-9.948374e+00
3.353000e-05	1.731839e-02	-1.015895e+01
3.354000e-05	-3.140769e-02	-1.034045e+01
3.355000e-05	2.112519e-02	-1.062000e+01
3.356000e-05	1.386182e-02	-1.074913e+01
3.357000e-05	-2.184310e-02	-1.096850e+01
3.358000e-05	2.354290e-02	-1.118760e+01
3.359000e-05	-1.159175e-02	-1.133161e+01
3.360000e-05	1.607018e-02	-1.151943e+01
3.361000e-05	-3.756666e-02	-1.177845e+01
3.362000e-05	3.655315e-02	-1.197995e+01
3.363000e-05	-8.753866e-03	-1.213802e+01
3.364000e-05	1.291258e-02	-1.230432e+01
3.365000e-05	-2.173675e-02	-1.244526e+01
3.366000e-05	2.281626e-02	-1.262369e+01
3.367000e-05	-4.789374e-03	-1.274305e+01
3.368000e-05	-5.082058e-03	-1.294945e+01
3.369000e-05	6.242411e-04	-1.309585e+01
3.370000e-05	9.165913e-03	-1.321579e+01
3.371000e-05	7.563335e-03	-1.342210e+01
3.372000e-05	-8.973425e-03	-1.354940e+01
3.373000e-05	1.165802e-02	-1.369787e+01
3.374000e-05	-2.563123e-03	-1.382316e+01
3.375000e-05	4.198174e-03	-1.396743e+01
3.376000e-05	-3.557637e-03	-1.405476e+01
3.377000e-05	1.292257e-02	-1.421161e+01
3.378000e-05	1.777640e-03	-1.428779e+01
3.379000e-05	1.507353e-03	-1.439304e+01
3.380000e-05	1.481475e-03	-1.447682e+01
3.381000e-05	4.313824e-03	-1.455108e+01
3.382000e-05	4.205275e-03	-1.464279e+01
3.383000e-05	4.846827e-03	-1.475998e+01
3.384000e-05	6.304229e-03	-1.481061e+01
3.385000e-05	3.959276e-03	-1.487464e+01
3.386000e-05	2.021448e-03	-1.494785e+01
3.387000e-05	3.921578e-03	-1.497055e+01
3.388000e-05	4.487998e-03	-1.500111e+01
3.389000e-05	4.510100e-03	-1.504572e+01
3.390000e-05	5.415123e-03	-1.506622e+01
3.391000e-05	5.722660e-03	-1.510888e+01
3.392000e-05	5.625026e-03	-1.515990e+01
3.393000e-05	6.084313e-03	-1.516090e+01
3.394000e-05	7.986672e-03	-1.520243e+01
3.395000e-05	8.655836e-03	-1.522104e+01
3.396000e-05	1.100488e-02	-1.523411e+01
3.397000e-05	1.266124e-02	-1.521317e+01
3.398000e-05	1.516994e-02	-1.524521e+01
3.399000e-05	1.619135e-02	-1.524171e+01
3.400000e-05	1.989872e-02	-1.517219e+01
3.401000e-05	2.399076e-02	-1.521298e+01
3.402000e-05	2.976996e-02	-1.518200e+01
3.403000e-05	3.508119e-02	-1.510980e+01
3.404000e-05	4.355914e-02	-1.512832e+01
3.405000e-05	5.382446e-02	-1.506622e+01
3.406000e-05	6.364723e-02	-1.505314e+01
3.407000e-05	7.032768e-02	-1.498101e+01
3.408000e-05	6.632030e-02	-1.493575e+01
3.409000e-05	5.652163e-02	-1.482412e+01
3.410000e-05	4.145780e-02	-1.478048e+01
3.411000e-05	3.028792e-02	-1.470782e+01
3.412000e-05	2.168578e-02	-1.461259e+01
3.413000e-05	1.810099e-02	-1.456902e+01
3.414000e-05	1.437816e-02	-1.447274e+01
3.415000e-05	1.153025e-02	-1.432933e+01
3.416000e-05	1.053450e-02	-1.421414e+01
3.417000e-05	9.158352e-03	-1.406622e+01
3.418000e-05	6.988932e-03	-1.398145e+01
3.419000e-05	5.483463e-03	-1.385573e+01
3.420000e-05	4.537907e-03	-1.375887e+01
3.421000e-05	3.720224e-03	-1.363348e+01
3.422000e-05	3.163059e-03	-1.343468e+01
3.423000e-05	2.632894e-03	-1.330984e+01
3.424000e-05	2.718075e-03	-1.319098e+01
3.425000e-05	1.545204e-03	-1.309609e+01
3.426000e-05	4.500391e-04	-1.292682e+01
3.427000e-05	1.232426e-03	-1.274248e+01
3.428000e-05	8.083834e-04	-1.262356e+01
3.429000e-05	2.715251e-04	-1.245421e+01
3.430000e-05	-8.602442e-04	-1.230779e+01
3.431000e-05	4.398639e-04	-1.213933e+01
3.432000e-05	1.618480e-04	-1.194835e+01
3.433000e-05	-1.103504e-03	-1.174838e+01
3.434000e-05	-4.213190e-04	-1.158183e+01
3.435000e-05	-7.441208e-04	-1.131732e+01
3.436000e-05	-6.091290e-04	-1.111934e+01
3.437000e-05	-1.007754e-03	-1.093822e+01
3.438000e-05	3.286880e-05	-1.073930e+01
3.439000e-05	-9.847038e-04	-1.050835e+01
3.440000e-05	-2.348356e-03	-1.032972e+01
3.441000e-05	-2.655586e-03	-1.007417e+01
3.442000e-05	-2.389823e-03	-9.885243e+00
3.443000e-05	-2.727383e-03	-9.696742e+00
3.444000e-05	-1.972596e-03	-9.446060e+00
3.445000e-05	-2.296848e-03	-9.231529e+00
3.446000e-05	-3.206491e-03	-8.989950e+00
3.447000e-05	-3.805809e-03	-8.780452e+00
3.448000e-05	-3.380756e-03	-8.518215e+00
3.449000e-05	-3.569721e-03	-8.306638e+00
3.450000e-05	-4.028575e-03	-8.053136e+00
3.451000e-05	-4.411543e-03	-7.790398e+00
3.452000e-05	-4.176718e-03	-7.496716e+00
3.453000e-05	-4.710610e-03	-7.314157e+00
3.454000e-05	-3.899535e-03	-7.024007e+00
3.455000e-05	-3.772353e-03	-6.768769e+00
3.456000e-05	-2.834664e-03	-6.527036e+00
3.457000e-05	-5.457139e-03	-6.233632e+00
3.458000e-05	-4.926454e-03	-5.970899e+00
3.459000e-05	-4.802168e-03	-5.727741e+00
3.460000e-05	-3.060686e-03	-5.484131e+00
3.461000e-05	-6.200437e-03	-5.200373e+00
3.462000e-05	-4.878724e-03	-4.864507e+00
3.463000e-05	-4.413371e-03	-4.589895e+00
3.464000e-05	-3.465804e-03	-4.357344e+00
3.465000e-05	-4.952577e-03	-4.054083e+00
3.466000e-05	-4.834485e-03	-3.822475e+00
3.467000e-05	-5.562825e-03	-3.546739e+00
3.468000e-05	-4.999632e-03	-3.244106e+00
3.469000e-05	-5.162917e-03	-2.969640e+00
3.470000e-05	-5.934401e-03	-2.694711e+00
3.471000e-05	-6.304022e-03	-2.448872e+00
3.472000e-05	-5.938304e-03	-2.067141e+00
3.473000e-05	-5.971589e-03	-1.832001e+00
3.474000e-05	-6.048018e-03	-1.591374e+00
3.475000e-05	-5.514655e-03	-1.250425e+00
3.476000e-05	-4.620685e-03	-9.382144e-01
3.477000e-05	-5.447058e-03	-6.625542e-01
3.478000e-05	-6.652023e-03	-3.593684e-01
3.479000e-05	-4.752669e-03	-5.465685e-02
3.480000e-05	1.949387e-03	1.895486e-01
3.481000e-05	2.371927e-03	4.641618e-01
3.482000e-05	-7.057811e-03	7.258157e-01
3.483000e-05	2.499770e-03	9.769750e-01
3.484000e-05	-4.376410e-03	1.263286e+00
3.485000e-05	-5.369881e-04	1.547527e+00
3.486000e-05	-4.405384e-03	1.863110e+00
3.487000e-05	1.381452e-02	2.041237e+00
3.488000e-05	3.332153e-02	2.293812e+00
3.489000e-05	8.065838e-02	2.590680e+00
3.490000e-05	-7.224117e-02	2.895945e+00
3.491000e-05	-2.899410e-02	3.211533e+00
3.492000e-05	-3.231660e-02	3.506919e+00
3.493000e-05	4.087703e-04	3.737447e+00
3.494000e-05	-4.971110e-02	3.969028e+00
3.495000e-05	-7.165772e-03	4.200557e+00
3.496000e-05	7.426879e-02	4.462286e+00
3.497000e-05	-1.263492e-02	4.727548e+00
3.498000e-05	-6.005185e-02	5.008629e+00
3.499000e-05	1.249105e-01	5.324817e+00
3.500000e-05	-1.333259e-01	5.618582e+00
3.501000e-05	7.573580e-02	5.842259e+00
3.502000e-05	-3.163880e-02	6.125816e+00
3.503000e-05	1.191954e-02	6.329049e+00
3.504000e-05	1.457498e-03	6.683738e+00
3.505000e-05	-3.088008e-02	6.925894e+00
3.506000e-05	4.703642e-02	7.157581e+00
3.507000e-05	-5.464199e-02	7.485812e+00
3.508000e-05	2.475122e-02	7.717979e+00
3.509000e-05	-2.550216e-02	8.032633e+00
3.510000e-05	2.912614e-02	8.283866e+00
3.511000e-05	3.036838e-03	8.505848e+00
3.512000e-05	-3.968328e-02	8.737423e+00
3.513000e-05	2.137441e-02	8.941103e+00
3.514000e-05	-1.164487e-02	9.229104e+00
3.515000e-05	5.455610e-03	9.410136e+00
3.516000e-05	-2.136614e-02	9.643712e+00
3.517000e-05	1.450232e-02	9.885890e+00
3.518000e-05	5.146977e-05	1.009584e+01
3.519000e-05	-1.293714e-02	1.029489e+01
3.520000e-05	-1.639249e-02	1.052650e+01
3.521000e-05	2.701421e-03	1.072732e+01
3.522000e-05	1.180084e-02	1.091737e+01
3.523000e-05	-1.708568e-02	1.107577e+01
3.524000e-05	-8.130366e-03	1.129685e+01
3.525000e-05	5.382182e-03	1.148745e+01
3.526000e-05	3.052190e-03	1.168737e+01
3.527000e-05	-2.143235e-02	1.188532e+01
3.528000e-05	-6.011840e-04	1.205419e+01
3.529000e-05	6.616121e-03	1.222267e+01
3.530000e-05	-3.383383e-03	1.241106e+01
3.531000e-05	-1.898906e-02	1.255108e+01
3.532000e-05	-1.931476e-03	1.273940e+01
3.533000e-05	2.281617e-03	1.286374e+01
3.534000e-05	-1.146353e-02	1.303471e+01
3.535000e-05	-1.046298e-02	1.319166e+01
3.536000e-05	-1.177953e-03	1.333940e+01
3.537000e-05	7.227477e-04	1.349637e+01
3.538000e-05	-1.312050e-02	1.362417e+01
3.539000e-05	-5.437604e-03	1.374860e+01
3.540000e-05	-5.024335e-03	1.388729e+01
3.541000e-05	-6.829021e-03	1.403169e+01
3.542000e-05	-1.183443e-02	1.415106e+01
3.543000e-05	-5.134716e-03	1.429682e+01
3.544000e-05	-5.457603e-03	1.438203e+01
3.545000e-05	-9.513584e-03	1.447677e+01
3.546000e-05	-8.667715e-03	1.459158e+01
3.547000e-05	-8.503078e-03	1.466467e+01
3.548000e-05	-5.671661e-03	1.470890e+01
3.549000e-05	-7.027542e-03	1.483156e+01
3.550000e-05	-6.886905e-03	1.485369e+01
3.551000e-05	-1.101416e-02	1.491787e+01
3.552000e-05	-1.083539e-02	1.497751e+01
3.553000e-05	-9.360524e-03	1.503206e+01
3.554000e-05	-1.055329e-02	1.503166e+01
3.555000e-05	-1.218763e-02	1.507882e+01
3.556000e-05	-1.320924e-02	1.509693e+01
3.557000e-05	-1.031857e-02	1.515945e+01
3.558000e-05	-1.302911e-02	1.517148e+01
3.559000e-05	-1.284897e-02	1.518206e+01
3.560000e-05	-1.542091e-02	1.520301e+01
3.561000e-05	-1.566771e-02	1.520366e+01
3.562000e-05	-1.918985e-02	1.523216e+01
3.563000e-05	-2.072160e-02	1.522309e+01
3.564000e-05	-2.147025e-02	1.520406e+01
3.565000e-05	-2.591801e-02	1.523151e+01
3.566000e-05	-2.874812e-02	1.518106e+01
3.567000e-05	-3.599938e-02	1.515150e+01
3.568000e-05	-3.880116e-02	1.516993e+01
3.569000e-05	-4.827910e-02	1.514785e+01
3.570000e-05	-5.755236e-02	1.508574e+01
3.571000e-05	-6.992092e-02	1.505364e+01
3.572000e-05	-7.680886e-02	1.498056e+01
3.573000e-05	-7.451532e-02	1.493900e+01
3.574000e-05	-6.470209e-02	1.489624e+01
3.575000e-05	-4.961469e-02	1.481306e+01
3.576000e-05	-3.786645e-02	1.471987e+01
3.577000e-05	-2.932838e-02	1.466371e+01
3.578000e-05	-2.566042e-02	1.460043e+01
3.579000e-05	-2.220657e-02	1.445779e+01
3.580000e-05	-1.903694e-02	1.440143e+01
3.581000e-05	-1.941488e-02	1.427479e+01
3.582000e-05	-1.588176e-02	1.415087e+01
3.583000e-05	-1.569584e-02	1.400269e+01
3.584000e-05	-1.128000e-02	1.389822e+01
3.585000e-05	-1.348941e-02	1.380140e+01
3.586000e-05	-1.142246e-02	1.363154e+01
3.587000e-05	-1.331849e-02	1.350874e+01
3.588000e-05	-1.005211e-02	1.334358e+01
3.589000e-05	-1.088187e-02	1.323416e+01
3.590000e-05	-8.415720e-03	1.308729e+01
3.591000e-05	-1.008950e-02	1.292995e+01
3.592000e-05	-9.608193e-03	1.281151e+01
3.593000e-05	-9.621058e-03	1.262409e+01
3.594000e-05	-8.366742e-03	1.248580e+01
3.595000e-05	-8.852170e-03	1.230875e+01
3.596000e-05	-8.771039e-03	1.218041e+01
3.597000e-05	-7.541819e-03	1.200292e+01
3.598000e-05	-7.096149e-03	1.184313e+01
3.599000e-05	-6.242179e-03	1.159303e+01
3.600000e-05	-6.221153e-03	1.140398e+01
3.601000e-05	-5.212552e-03	1.119143e+01
3.602000e-05	-6.524035e-03	1.100251e+01
3.603000e-05	-8.413005e-03	1.086406e+01
3.604000e-05	-7.550109e-03	1.062313e+01
3.605000e-05	-7.700717e-03	1.039203e+01
3.606000e-05	-7.135991e-03	1.018298e+01
3.607000e-05	-6.292001e-03	9.971897e+00
3.608000e-05	-4.543797e-03	9.735373e+00
3.609000e-05	-4.774515e-03	9.514788e+00
3.610000e-05	-5.525489e-03	9.305165e+00
3.611000e-05	-5.283855e-03	9.044137e+00
3.612000e-05	-6.650145e-03	8.833000e+00
3.613000e-05	-6.870169e-03	8.590449e+00
3.614000e-05	-7.703926e-03	8.379398e+00
3.615000e-05	-6.637694e-03	8.116744e+00
3.616000e-05	-5.567562e-03	7.864133e+00
3.617000e-05	-5.079737e-03	7.583432e+00
3.618000e-05	-4.209146e-03	7.388194e+00
3.619000e-05	-5.070230e-03	7.083612e+00
3.620000e-05	-5.374209e-03	6.873112e+00
3.621000e-05	-5.263912e-03	6.620324e+00
3.622000e-05	-5.552233e-03	6.327844e+00
3.623000e-05	-6.377581e-03	6.076165e+00
3.624000e-05	-5.862644e-03	5.843997e+00
3.625000e-05	-5.188671e-03	5.578823e+00
3.626000e-05	-4.562991e-03	5.297741e+00
3.627000e-05	-4.592985e-03	4.999378e+00
3.628000e-05	-4.237156e-03	4.654062e+00
3.629000e-05	-4.752872e-03	4.410980e+00
3.630000e-05	-5.132342e-03	4.149242e+00
3.631000e-05	-5.576336e-03	3.834132e+00
3.632000e-05	-5.138265e-03	3.670525e+00
3.633000e-05	-5.441109e-03	3.335715e+00
3.634000e-05	-5.377972e-03	3.042003e+00
3.635000e-05	-4.337352e-03	2.789396e+00
3.636000e-05	-4.046681e-03	2.422110e+00
3.637000e-05	-4.266955e-03	2.199403e+00
3.638000e-05	-3.736877e-03	1.937737e+00
3.639000e-05	-4.411412e-03	1.662032e+00
3.640000e-05	-4.026227e-03	1.307717e+00
3.641000e-05	-4.241402e-03	1.000326e+00
3.642000e-05	-4.505875e-03	7.152397e-01
3.643000e-05	-4.295125e-03	4.610515e-01
3.644000e-05	-3.237241e-03	1.877884e-01
3.645000e-05	-4.428242e-04	-1.158409e-01
3.646000e-05	1.083739e-02	-3.795510e-01
3.647000e-05	-4.842049e-03	-6.147880e-01
3.648000e-05	4.882810e-03	-9.144409e-01
3.649000e-05	-5.008593e-03	-1.188533e+00
3.650000e-05	3.851798e-03	-1.525838e+00
3.651000e-05	-3.294627e-03	-1.755347e+00
3.652000e-05	2.090874e-02	-1.978950e+00
3.653000e-05	6.126755e-02	-2.179131e+00
3.654000e-05	5.608897e-02	-2.547450e+00
3.655000e-05	-1.018744e-01	-2.913445e+00
3.656000e-05	1.877842e-02	-3.243737e+00
3.657000e-05	-4.725967e-02	-3.504340e+00
3.658000e-05	-1.024307e-02	-3.685892e+00
3.659000e-05	-9.064258e-02	-3.970001e+00
3.660000e-05	1.866255e-01	-4.136369e+00
3.661000e-05	-7.450641e-02	-4.357973e+00
3.662000e-05	-1.902471e-02	-4.694842e+00
3.663000e-05	1.242488e-01	-4.895767e+00
3.664000e-05	-1.835347e-01	-5.241763e+00
3.665000e-05	1.643399e-01	-5.494922e+00
3.666000e-05	-1.035885e-01	-5.790555e+00
3.667000e-05	4.875451e-02	-6.061836e+00
3.668000e-05	4.671056e-02	-6.295325e+00
3.669000e-05	-1.113957e-01	-6.639610e+00
3.670000e-05	1.154542e-01	-6.831792e+00
3.671000e-05	-1.028191e-01	-7.167578e+00
3.672000e-05	7.006295e-02	-7.391611e+00
3.673000e-05	-3.194230e-02	-7.675797e+00
3.674000e-05	-2.797525e-03	-8.000703e+00
3.675000e-05	7.569274e-02	-8.161657e+00
3.676000e-05	-9.697016e-02	-8.484268e+00
3.677000e-05	8.588291e-02	-8.726323e+00
3.678000e-05	-6.700066e-02	-8.949002e+00
3.679000e-05	4.442854e-02	-9.140503e+00
3.680000e-05	-2.837563e-02	-9.378533e+00
3.681000e-05	1.437611e-02	-9.630786e+00
3.682000e-05	3.650639e-02	-9.873637e+00
3.683000e-05	-3.697249e-02	-1.005477e+01
3.684000e-05	1.741751e-02	-1.026326e+01
3.685000e-05	-3.651288e-02	-1.048435e+01
3.686000e-05	5.452635e-02	-1.066527e+01
3.687000e-05	-3.498759e-02	-1.081482e+01
3.688000e-05	2.249672e-02	-1.102525e+01
3.689000e-05	-9.799387e-03	-1.127619e+01
3.690000e-05	1.937672e-02	-1.148380e+01
3.691000e-05	-2.474461e-02	-1.163469e+01
3.692000e-05	5.024275e-03	-1.184477e+01
3.693000e-05	1.873818e-02	-1.202419e+01
3.694000e-05	-1.911115e-03	-1.225374e+01
3.695000e-05	-3.408520e-03	-1.238045e+01
3.696000e-05	-5.319380e-03	-1.255900e+01
3.697000e-05	2.151487e-02	-1.272777e+01
3.698000e-05	-1.740810e-02	-1.286430e+01
3.699000e-05	6.769788e-03	-1.303311e+01
3.700000e-05	-2.072903e-03	-1.316253e+01
3.701000e-05	1.759278e-02	-1.335840e+01
3.702000e-05	-1.244295e-02	-1.347582e+01
3.703000e-05	8.070788e-03	-1.365203e+01
3.704000e-05	1.096798e-03	-1.376898e+01
3.705000e-05	4.658567e-03	-1.390785e+01
3.706000e-05	-4.103211e-03	-1.400106e+01
3.707000e-05	4.681456e-03	-1.415843e+01
3.708000e-05	1.027299e-02	-1.423511e+01
3.709000e-05	-2.585963e-03	-1.436903e+01
3.710000e-05	4.484236e-03	-1.446466e+01
3.711000e-05	2.181375e-03	-1.455903e+01
3.712000e-05	5.605715e-03	-1.464318e+01
3.713000e-05	3.840474e-03	-1.470637e+01
3.714000e-05	2.732065e-03	-1.476093e+01
3.715000e-05	4.873418e-03	-1.485314e+01
3.716000e-05	1.637739e-03	-1.490680e+01
3.717000e-05	4.481920e-03	-1.495903e+01
3.718000e-05	4.934488e-03	-1.496304e+01
3.719000e-05	3.556179e-03	-1.504319e+01
3.720000e-05	6.264974e-03	-1.506672e+01
3.721000e-05	6.508512e-03	-1.507885e+01
3.722000e-05	6.040002e-03	-1.514787e+01
3.723000e-05	4.919522e-03	-1.515243e+01
3.724000e-05	4.912069e-03	-1.517096e+01
3.725000e-05	8.502783e-03	-1.521151e+01
3.726000e-05	8.932653e-03	-1.519357e+01
3.727000e-05	1.333714e-02	-1.522209e+01
3.728000e-05	1.320303e-02	-1.527213e+01
3.729000e-05	1.649152e-02	-1.522209e+01
3.730000e-05	1.777094e-02	-1.522457e+01
3.731000e-05	2.031893e-02	-1.521406e+01
3.732000e-05	2.674743e-02	-1.518193e+01
3.733000e-05	3.266205e-02	-1.512193e+01
3.734000e-05	4.040994e-02	-1.511833e+01
3.735000e-05	4.700169e-02	-1.508672e+01
3.736000e-05	5.780024e-02	-1.508366e+01
3.737000e-05	6.869222e-02	-1.499348e+01
3.738000e-05	7.035489e-02	-1.493900e+01
3.739000e-05	6.287522e-02	-1.490572e+01
3.740000e-05	4.834790e-02	-1.481358e+01
3.741000e-05	3.609869e-02	-1.474000e+01
3.742000e-05	2.441679e-02	-1.468469e+01
3.743000e-05	2.036770e-02	-1.459153e+01
3.744000e-05	1.600360e-02	-1.454724e+01
3.745000e-05	1.285841e-02	-1.440143e+01
3.746000e-05	9.929055e-03	-1.428666e+01
3.747000e-05	9.324815e-03	-1.416888e+01
3.748000e-05	9.825148e-03	-1.399456e+01
3.749000e-05	6.085405e-03	-1.392832e+01
3.750000e-05	5.727169e-03	-1.380303e+01
3.751000e-05	4.490981e-03	-1.368471e+01
3.752000e-05	3.288511e-03	-1.348890e+01
3.753000e-05	1.357472e-03	-1.341053e+01
3.754000e-05	3.552735e-03	-1.326563e+01
3.755000e-05	3.431218e-03	-1.316787e+01
3.756000e-05	1.131349e-03	-1.298148e+01
3.757000e-05	5.272218e-04	-1.286414e+01
3.758000e-05	2.055699e-03	-1.269812e+01
3.759000e-05	1.007313e-03	-1.255737e+01
3.760000e-05	1.741368e-04	-1.239145e+01
3.761000e-05	7.159526e-05	-1.219253e+01
3.762000e-05	7.574316e-05	-1.203558e+01
3.763000e-05	-7.779282e-04	-1.185354e+01
3.764000e-05	-1.079595e-03	-1.161362e+01
3.765000e-05	4.144304e-04	-1.148319e+01
3.766000e-05	-3.703172e-04	-1.123408e+01
3.767000e-05	-1.518075e-03	-1.104143e+01
3.768000e-05	-1.913212e-03	-1.079101e+01
3.769000e-05	-1.432045e-03	-1.062456e+01
3.770000e-05	-1.845829e-03	-1.048309e+01
3.771000e-05	-2.211224e-03	-1.023145e+01
3.772000e-05	-1.665957e-03	-1.002043e+01
3.773000e-05	-1.938000e-03	-9.800399e+00
3.774000e-05	-3.801447e-03	-9.519422e+00
3.775000e-05	-2.846402e-03	-9.336269e+00
3.776000e-05	-3.146744e-03	-9.117240e+00
3.777000e-05	-2.911673e-03	-8.895635e+00
3.778000e-05	-4.405699e-03	-8.633236e+00
3.779000e-05	-3.970970e-03	-8.361953e+00
3.780000e-05	-3.987826e-03	-8.159373e+00
3.781000e-05	-4.279549e-03	-7.928245e+00
3.782000e-05	-4.320287e-03	-7.632533e+00
3.783000e-05	-4.166248e-03	-7.390848e+00
3.784000e-05	-4.015721e-03	-7.137920e+00
3.785000e-05	-4.227542e-03	-6.874662e+00
3.786000e-05	-4.388702e-03	-6.622532e+00
3.787000e-05	-4.875567e-03	-6.400400e+00
3.788000e-05	-4.119812e-03	-6.166116e+00
3.789000e-05	-4.223606e-03	-5.843579e+00
3.790000e-05	-4.355231e-03	-5.590024e+00
3.791000e-05	-5.121822e-03	-5.326157e+00
3.792000e-05	-5.081137e-03	-5.013075e+00
3.793000e-05	-3.881211e-03	-4.694208e+00
3.794000e-05	-5.152842e-03	-4.463604e+00
3.795000e-05	-5.106341e-03	-4.213079e+00
3.796000e-05	-5.115868e-03	-3.967370e+00
3.797000e-05	-4.222805e-03	-3.652079e+00
3.798000e-05	-5.116530e-03	-3.391871e+00
3.799000e-05	-7.151784e-03	-3.076217e+00
3.800000e-05	-5.620120e-03	-2.822499e+00
3.801000e-05	-6.527935e-03	-2.577665e+00
3.802000e-05	-4.803805e-03	-2.274132e+00
3.803000e-05	-5.778693e-03	-1.948320e+00
3.804000e-05	-4.415534e-03	-1.706608e+00
3.805000e-05	-6.642622e-03	-1.390946e+00
3.806000e-05	-4.815861e-03	-1.053055e+00
3.807000e-05	-7.041975e-03	-7.819734e-01
3.808000e-05	-4.827615e-03	-4.745817e-01
3.809000e-05	-5.394804e-03	-2.209988e-01
3.810000e-05	-1.893805e-03	4.565665e-02
3.811000e-05	6.046957e-03	3.179736e-01
3.812000e-05	-6.194159e-03	6.191025e-01
3.813000e-05	2.689611e-03	8.221315e-01
3.814000e-05	-3.764605e-03	1.116468e+00
3.815000e-05	4.146705e-04	1.370054e+00
3.816000e-05	-7.825226e-03	1.767992e+00
3.817000e-05	8.915822e-03	1.948001e+00
3.818000e-05	1.226438e-02	2.167524e+00
3.819000e-05	7.749417e-02	2.420713e+00
3.820000e-05	4.630430e-03	2.809608e+00
3.821000e-05	-7.305066e-02	3.075264e+00
3.822000e-05	-1.824343e-02	3.365926e+00
3.823000e-05	-1.777470e-02	3.640712e+00
3.824000e-05	-1.637290e-02	3.892888e+00
3.825000e-05	-4.283898e-02	4.044845e+00
3.826000e-05	3.618012e-02	4.288923e+00
3.827000e-05	7.816996e-02	4.580153e+00
3.828000e-05	-1.222313e-01	4.853289e+00
3.829000e-05	1.141862e-01	5.127556e+00
3.830000e-05	-5.189096e-02	5.461791e+00
3.831000e-05	-2.280794e-02	5.656846e+00
3.832000e-05	4.604243e-02	5.981130e+00
3.833000e-05	-3.243591e-02	6.223212e+00
3.834000e-05	2.828407e-02	6.505896e+00
3.835000e-05	-4.281608e-02	6.811209e+00
3.836000e-05	2.689560e-02	7.112288e+00
3.837000e-05	-7.629938e-03	7.318049e+00
3.838000e-05	-2.380517e-02	7.641637e+00
3.839000e-05	1.533180e-02	7.913867e+00
3.840000e-05	-1.600214e-02	8.158954e+00
3.841000e-05	4.008921e-02	8.399107e+00
3.842000e-05	-3.983823e-02	8.621135e+00
3.843000e-05	-3.292511e-03	8.862165e+00
3.844000e-05	1.360506e-02	9.055300e+00
3.845000e-05	-1.491089e-02	9.306923e+00
3.846000e-05	3.266629e-03	9.548427e+00
3.847000e-05	-2.028161e-02	9.760027e+00
3.848000e-05	2.711797e-02	9.970580e+00
3.849000e-05	-2.063798e-02	1.024006e+01
3.850000e-05	-8.165395e-03	1.038118e+01
3.851000e-05	-1.451000e-02	1.061163e+01
3.852000e-05	1.259091e-02	1.081166e+01
3.853000e-05	-8.322046e-04	1.097211e+01
3.854000e-05	-2.234142e-02	1.118159e+01
3.855000e-05	7.003275e-03	1.139063e+01
3.856000e-05	1.969971e-04	1.161161e+01
3.857000e-05	-3.605345e-03	1.179053e+01
3.858000e-05	-2.175506e-02	1.197011e+01
3.859000e-05	1.241737e-02	1.212655e+01
3.860000e-05	5.215652e-04	1.229845e+01
3.861000e-05	-1.257925e-02	1.249787e+01
3.862000e-05	-1.370806e-02	1.263526e+01
3.863000e-05	1.639641e-03	1.284263e+01
3.864000e-05	-2.128773e-03	1.296051e+01
3.865000e-05	-1.649097e-02	1.312750e+01
3.866000e-05	-2.211831e-03	1.325382e+01
3.867000e-05	-1.406316e-03	1.342171e+01
3.868000e-05	-4.221232e-03	1.356050e+01
3.869000e-05	-1.305116e-02	1.367740e+01
3.870000e-05	-3.027341e-03	1.383571e+01
3.871000e-05	-5.281570e-03	1.395990e+01
3.872000e-05	-1.009011e-02	1.407447e+01
3.873000e-05	-7.966545e-03	1.422259e+01
3.874000e-05	-5.658547e-03	1.432843e+01
3.875000e-05	-5.337281e-03	1.442416e+01
3.876000e-05	-1.148154e-02	1.454940e+01
3.877000e-05	-7.501635e-03	1.462259e+01
3.878000e-05	-7.503457e-03	1.467785e+01
3.879000e-05	-5.816887e-03	1.474851e+01
3.880000e-05	-7.265392e-03	1.482367e+01
3.881000e-05	-1.000023e-02	1.486479e+01
3.882000e-05	-9.129082e-03	1.493683e+01
3.883000e-05	-1.167682e-02	1.497106e+01
3.884000e-05	-8.217129e-03	1.502316e+01
3.885000e-05	-1.207837e-02	1.504517e+01
3.886000e-05	-1.120262e-02	1.509685e+01
3.887000e-05	-1.187932e-02	1.512033e+01
3.888000e-05	-1.211073e-02	1.517948e+01
3.889000e-05	-1.282723e-02	1.515103e+01
3.890000e-05	-1.551010e-02	1.520203e+01
3.891000e-05	-1.429949e-02	1.522156e+01
3.892000e-05	-1.879884e-02	1.520406e+01
3.893000e-05	-1.788312e-02	1.519371e+01
3.894000e-05	-2.212723e-02	1.522314e+01
3.895000e-05	-2.343384e-02	1.519321e+01
3.896000e-05	-2.841998e-02	1.519266e+01
3.897000e-05	-3.116105e-02	1.516306e+01
3.898000e-05	-3.731466e-02	1.517998e+01
3.899000e-05	-4.483948e-02	1.511850e+01
3.900000e-05	-5.294010e-02	1.514734e+01
3.901000e-05	-6.480894e-02	1.504576e+01
3.902000e-05	-7.228331e-02	1.504309e+01
3.903000e-05	-7.640568e-02	1.498997e+01
3.904000e-05	-6.840275e-02	1.489679e+01
3.905000e-05	-5.660307e-02	1.483369e+01
3.906000e-05	-4.378984e-02	1.476195e+01
3.907000e-05	-3.407284e-02	1.468672e+01
3.908000e-05	-2.801476e-02	1.463206e+01
3.909000e-05	-2.333295e-02	1.449940e+01
3.910000e-05	-2.207698e-02	1.441151e+01
3.911000e-05	-1.814604e-02	1.433832e+01
3.912000e-05	-1.727969e-02	1.418164e+01
3.913000e-05	-1.545450e-02	1.403669e+01
3.914000e-05	-1.350096e-02	1.393147e+01
3.915000e-05	-1.261592e-02	1.381308e+01
3.916000e-05	-1.187186e-02	1.366627e+01
3.917000e-05	-1.217958e-02	1.355095e+01
3.918000e-05	-1.091200e-02	1.343413e+01
3.919000e-05	-1.116469e-02	1.330825e+01
3.920000e-05	-8.927098e-03	1.316147e+01
3.921000e-05	-1.123953e-02	1.303353e+01
3.922000e-05	-9.676642e-03	1.286572e+01
3.923000e-05	-9.875487e-03	1.273679e+01
3.924000e-05	-6.910604e-03	1.260143e+01
3.925000e-05	-8.155510e-03	1.239358e+01
3.926000e-05	-7.444495e-03	1.225313e+01
3.927000e-05	-8.434503e-03	1.207564e+01
3.928000e-05	-7.672621e-03	1.190582e+01
3.929000e-05	-8.087351e-03	1.171884e+01
3.930000e-05	-7.368719e-03	1.149569e+01
3.931000e-05	-6.495050e-03	1.131624e+01
3.932000e-05	-7.320532e-03	1.113679e+01
3.933000e-05	-7.252343e-03	1.091830e+01
3.934000e-05	-5.621538e-03	1.071717e+01
3.935000e-05	-6.870423e-03	1.051667e+01
3.936000e-05	-7.114698e-03	1.029624e+01
3.937000e-05	-6.905381e-03	1.010521e+01
3.938000e-05	-4.877306e-03	9.865558e+00
3.939000e-05	-5.794397e-03	9.620981e+00
3.940000e-05	-6.819417e-03	9.410824e+00
3.941000e-05	-6.506818e-03	9.120923e+00
3.942000e-05	-4.942965e-03	8.935748e+00
3.943000e-05	-5.414321e-03	8.686690e+00
3.944000e-05	-6.929198e-03	8.465610e+00
3.945000e-05	-5.974249e-03	8.223582e+00
3.946000e-05	-5.114205e-03	7.979948e+00
3.947000e-05	-5.478910e-03	7.697820e+00
3.948000e-05	-5.578990e-03	7.455584e+00
3.949000e-05	-5.402589e-03	7.181977e+00
3.950000e-05	-5.510971e-03	6.948871e+00
3.951000e-05	-4.764403e-03	6.708789e+00
3.952000e-05	-5.682166e-03	6.432080e+00
3.953000e-05	-5.353166e-03	6.172004e+00
3.954000e-05	-5.557944e-03	5.918998e+00
3.955000e-05	-5.159330e-03	5.704111e+00
3.956000e-05	-4.446532e-03	5.423556e+00
3.957000e-05	-5.189123e-03	5.127689e+00
3.958000e-05	-4.673870e-03	4.809449e+00
3.959000e-05	-4.671089e-03	4.547744e+00
3.960000e-05	-4.721018e-03	4.277212e+00
3.961000e-05	-5.150171e-03	3.970398e+00
3.962000e-05	-4.657892e-03	3.735136e+00
3.963000e-05	-4.646590e-03	3.454658e+00
3.964000e-05	-4.733868e-03	3.151345e+00
3.965000e-05	-4.725320e-03	2.916715e+00
3.966000e-05	-4.332264e-03	2.612500e+00
3.967000e-05	-4.202450e-03	2.316689e+00
3.968000e-05	-5.046018e-03	2.103529e+00
3.969000e-05	-4.835619e-03	1.778793e+00
3.970000e-05	-4.717678e-03	1.472628e+00
3.971000e-05	-3.777398e-03	1.138873e+00
3.972000e-05	-4.024565e-03	8.120264e-01
3.973000e-05	-4.256089e-03	5.398434e-01
3.974000e-05	-4.038706e-03	3.067052e-01
3.975000e-05	-1.702643e-03	1.089493e-02
3.976000e-05	6.115037e-03	-2.927330e-01
3.977000e-05	3.878541e-03	-5.243446e-01
3.978000e-05	-2.776872e-03	-8.211316e-01
3.979000e-05	2.211343e-03	-1.071212e+00
3.980000e-05	-1.829333e-03	-1.390002e+00
3.981000e-05	-9.143903e-04	-1.610609e+00
3.982000e-05	7.557017e-03	-1.911209e+00
3.983000e-05	3.095694e-02	-2.104163e+00
3.984000e-05	1.022063e-01	-2.359055e+00
3.985000e-05	-6.962897e-02	-2.726423e+00
3.986000e-05	-2.222768e-02	-3.118424e+00
3.987000e-05	-2.872894e-02	-3.397604e+00
3.988000e-05	-6.841484e-03	-3.588578e+00
3.989000e-05	-8.567463e-02	-3.843739e+00
3.990000e-05	5.570611e-02	-4.042711e+00
3.991000e-05	1.286888e-01	-4.230660e+00
3.992000e-05	-1.851826e-01	-4.545946e+00
3.993000e-05	1.772693e-01	-4.812080e+00
3.994000e-05	-1.018229e-01	-5.052316e+00
3.995000e-05	8.811612e-03	-5.390634e+00
3.996000e-05	7.818747e-02	-5.661764e+00
3.997000e-05	-1.159445e-01	-5.948395e+00
3.998000e-05	1.516658e-01	-6.160104e+00
3.999000e-05	-1.199882e-01	-6.473791e+00
4.000000e-05	4.492496e-02	-6.768451e+00
4.001000e-05	1.221006e-02	-7.011531e+00
4.002000e-05	-6.304286e-02	-7.305366e+00
4.003000e-05	9.462801e-02	-7.547429e+00
4.004000e-05	-1.058857e-01	-7.862240e+00
4.005000e-05	1.257898e-01	-8.096367e+00
4.006000e-05	-7.713295e-02	-8.368449e+00
4.007000e-05	2.258947e-02	-8.590081e+00
4.008000e-05	1.522189e-02	-8.912190e+00
4.009000e-05	-3.957815e-02	-9.115395e+00
4.010000e-05	5.047613e-02	-9.293316e+00
4.011000e-05	-6.205016e-02	-9.547398e+00
4.012000e-05	8.207662e-02	-9.730473e+00
4.013000e-05	-4.584541e-02	-9.938049e+00
4.014000e-05	2.357469e-02	-1.012093e+01
4.015000e-05	-3.542373e-02	-1.038061e+01
4.016000e-05	2.854297e-02	-1.056011e+01
4.017000e-05	7.506795e-03	-1.078001e+01
4.018000e-05	-1.680163e-02	-1.098106e+01
4.019000e-05	1.984125e-02	-1.117099e+01
4.020000e-05	-9.167840e-03	-1.135155e+01
4.021000e-05	1.461327e-02	-1.158900e+01
4.022000e-05	-3.411748e-02	-1.177950e+01
4.023000e-05	3.761992e-02	-1.196098e+01
4.024000e-05	-8.961640e-03	-1.213898e+01
4.025000e-05	1.248467e-02	-1.232734e+01
4.026000e-05	-2.238622e-02	-1.247572e+01
4.027000e-05	2.357017e-02	-1.267522e+01
4.028000e-05	-7.519830e-03	-1.282164e+01
4.029000e-05	-3.210690e-03	-1.299053e+01
4.030000e-05	1.061089e-03	-1.307540e+01
4.031000e-05	1.098020e-02	-1.328417e+01
4.032000e-05	5.220210e-03	-1.341206e+01
4.033000e-05	-8.308056e-03	-1.356098e+01
4.034000e-05	1.102176e-02	-1.366732e+01
4.035000e-05	-2.796257e-04	-1.385424e+01
4.036000e-05	3.105670e-03	-1.394798e+01
4.037000e-05	-3.938272e-03	-1.406582e+01
4.038000e-05	1.185232e-02	-1.419264e+01
4.039000e-05	1.381069e-03	-1.428735e+01
4.040000e-05	2.485814e-03	-1.440311e+01
4.041000e-05	1.664603e-04	-1.447872e+01
4.042000e-05	4.749114e-03	-1.460214e+01
4.043000e-05	3.812602e-03	-1.467574e+01
4.044000e-05	4.892148e-03	-1.474890e+01
4.045000e-05	4.713098e-03	-1.478353e+01
4.046000e-05	3.569404e-03	-1.487619e+01
4.047000e-05	3.170832e-03	-1.490793e+01
4.048000e-05	4.146872e-03	-1.501098e+01
4.049000e-05	3.301113e-03	-1.503261e+01
4.050000e-05	4.916825e-03	-1.505516e+01
4.051000e-05	5.306891e-03	-1.508577e+01
4.052000e-05	5.799668e-03	-1.513985e+01
4.053000e-05	5.851765e-03	-1.512093e+01
4.054000e-05	6.274460e-03	-1.516206e+01
4.055000e-05	8.463895e-03	-1.519348e+01
4.056000e-05	7.755304e-03	-1.522416e+01
4.057000e-05	1.108367e-02	-1.520411e+01
4.058000e-05	1.274803e-02	-1.522404e+01
4.059000e-05	1.508778e-02	-1.525366e+01
4.060000e-05	1.603240e-02	-1.523308e+01
4.061000e-05	1.916675e-02	-1.519149e+01
4.062000e-05	2.434299e-02	-1.517201e+01
4.063000e-05	2.877448e-02	-1.517988e+01
4.064000e-05	3.581521e-02	-1.513882e+01
4.065000e-05	4.430188e-02	-1.509830e+01
4.066000e-05	5.455750e-02	-1.505464e+01
4.067000e-05	6.378478e-02	-1.501164e+01
4.068000e-05	7.056468e-02	-1.499950e+01
4.069000e-05	6.676449e-02	-1.492627e+01
4.070000e-05	5.505032e-02	-1.483414e+01
4.071000e-05	4.087882e-02	-1.478001e+01
4.072000e-05	3.004032e-02	-1.472582e+01
4.073000e-05	2.207507e-02	-1.462204e+01
4.074000e-05	1.747222e-02	-1.455987e+01
4.075000e-05	1.470860e-02	-1.446411e+01
4.076000e-05	1.085592e-02	-1.433987e+01
4.077000e-05	1.041481e-02	-1.423059e+01
4.078000e-05	8.897182e-03	-1.406715e+01
4.079000e-05	6.771507e-03	-1.396048e+01
4.080000e-05	5.533349e-03	-1.385474e+01
4.081000e-05	5.119660e-03	-1.372830e+01
4.082000e-05	4.290617e-03	-1.361346e+01
4.083000e-05	3.030333e-03	-1.346462e+01
4.084000e-05	3.195223e-03	-1.334732e+01
4.085000e-05	3.323646e-03	-1.319147e+01
4.086000e-05	2.358572e-03	-1.306464e+01
4.087000e-05	1.021110e-03	-1.288680e+01
4.088000e-05	2.028096e-03	-1.276038e+01
4.089000e-05	1.966857e-03	-1.262153e+01
4.090000e-05	6.981788e-04	-1.246314e+01
4.091000e-05	-2.092090e-04	-1.226724e+01
4.092000e-05	8.020220e-04	-1.213885e+01
4.093000e-05	3.033406e-05	-1.192132e+01
4.094000e-05	-1.578694e-03	-1.174980e+01
4.095000e-05	-7.463574e-04	-1.156027e+01
4.096000e-05	-4.561373e-04	-1.130872e+01
4.097000e-05	-5.019253e-04	-1.109722e+01
4.098000e-05	-1.555852e-03	-1.090724e+01
4.099000e-05	-7.791353e-04	-1.071882e+01
4.100000e-05	-1.854971e-03	-1.053735e+01
4.101000e-05	-2.621742e-03	-1.032924e+01
4.102000e-05	-2.100838e-03	-1.008509e+01
4.103000e-05	-2.201189e-03	-9.916086e+00
4.104000e-05	-3.371462e-03	-9.684220e+00
4.105000e-05	-2.878451e-03	-9.436632e+00
4.106000e-05	-3.093271e-03	-9.220981e+00
4.107000e-05	-3.393208e-03	-8.990947e+00
4.108000e-05	-3.792647e-03	-8.739378e+00
4.109000e-05	-3.972934e-03	-8.517168e+00
4.110000e-05	-4.543595e-03	-8.254107e+00
4.111000e-05	-4.409578e-03	-8.065562e+00
4.112000e-05	-4.108758e-03	-7.802803e+00
4.113000e-05	-3.928731e-03	-7.537191e+00
4.114000e-05	-4.068036e-03	-7.284656e+00
4.115000e-05	-4.117635e-03	-7.020427e+00
4.116000e-05	-4.623819e-03	-6.728739e+00
4.117000e-05	-3.654412e-03	-6.486662e+00
4.118000e-05	-4.722585e-03	-6.204482e+00
4.119000e-05	-4.603588e-03	-5.959999e+00
4.120000e-05	-5.152100e-03	-5.737694e+00
4.121000e-05	-3.944584e-03	-5.514584e+00
4.122000e-05	-6.461588e-03	-5.188798e+00
4.123000e-05	-3.773525e-03	-4.822033e+00
4.124000e-05	-5.288987e-03	-4.579791e+00
4.125000e-05	-3.971249e-03	-4.338264e+00
4.126000e-05	-6.067848e-03	-4.105082e+00
4.127000e-05	-5.024454e-03	-3.783376e+00
4.128000e-05	-4.671545e-03	-3.525712e+00
4.129000e-05	-4.432644e-03	-3.264031e+00
4.130000e-05	-6.926550e-03	-2.929715e+00
4.131000e-05	-7.295351e-03	-2.664104e+00
4.132000e-05	-5.678000e-03	-2.419971e+00
4.133000e-05	-4.062131e-03	-2.124155e+00
4.134000e-05	-5.134217e-03	-1.831475e+00
4.135000e-05	-6.686042e-03	-1.545867e+00
4.136000e-05	-6.423491e-03	-1.190901e+00
4.137000e-05	-5.163459e-03	-9.166595e-01
4.138000e-05	-4.337221e-03	-6.440503e-01
4.139000e-05	-6.165508e-03	-2.972895e-01
4.140000e-05	-4.249714e-03	-6.463045e-02
4.141000e-05	1.567470e-03	1.891038e-01
4.142000e-05	2.085128e-03	4.937607e-01
4.143000e-05	-5.077297e-03	7.263907e-01
4.144000e-05	3.048560e-03	1.018604e+00
4.145000e-05	-3.197869e-03	1.274868e+00
4.146000e-05	-4.489504e-04	1.609508e+00
4.147000e-05	-3.487899e-03	1.862711e+00
4.148000e-05	1.310970e-02	2.082687e+00
4.149000e-05	3.723280e-02	2.294364e+00
4.150000e-05	7.802051e-02	2.651659e+00
4.151000e-05	-7.801950e-02	2.956575e+00
4.152000e-05	-2.497309e-02	3.202134e+00
4.153000e-05	-3.293320e-02	3.515445e+00
4.154000e-05	2.569027e-03	3.778527e+00
4.155000e-05	-5.176752e-02	3.957500e+00
4.156000e-05	-1.343514e-03	4.213179e+00
4.157000e-05	7.842202e-02	4.445291e+00
4.158000e-05	-2.623103e-02	4.748401e+00
4.159000e-05	-4.332266e-02	4.959555e+00
4.160000e-05	1.125093e-01	5.297424e+00
4.161000e-05	-1.321035e-01	5.579134e+00
4.162000e-05	8.362366e-02	5.863190e+00
4.163000e-05	-3.437672e-02	6.117448e+00
4.164000e-05	1.748339e-02	6.368054e+00
4.165000e-05	-5.685160e-03	6.683263e+00
4.166000e-05	-2.848260e-02	6.896399e+00
4.167000e-05	4.422088e-02	7.190684e+00
4.168000e-05	-5.536480e-02	7.505819e+00
4.169000e-05	2.972366e-02	7.779003e+00
4.170000e-05	-2.815857e-02	8.011684e+00
4.171000e-05	3.382797e-02	8.296848e+00
4.172000e-05	-3.881609e-03	8.556398e+00
4.173000e-05	-3.716669e-02	8.737476e+00
4.174000e-05	2.203427e-02	8.951528e+00
4.175000e-05	-1.337951e-02	9.221607e+00
4.176000e-05	7.703102e-03	9.452659e+00
4.177000e-05	-2.362508e-02	9.642766e+00
4.178000e-05	1.884834e-02	9.875820e+00
4.179000e-05	-3.836504e-03	1.008845e+01
4.180000e-05	-9.992182e-03	1.030740e+01
4.181000e-05	-1.710732e-02	1.047692e+01
4.182000e-05	2.314973e-03	1.070845e+01
4.183000e-05	1.006037e-02	1.090692e+01
4.184000e-05	-1.760817e-02	1.109742e+01
4.185000e-05	-5.004218e-03	1.128692e+01
4.186000e-05	3.458328e-03	1.147687e+01
4.187000e-05	3.835876e-03	1.171635e+01
4.188000e-05	-2.213028e-02	1.188537e+01
4.189000e-05	1.333359e-03	1.204522e+01
4.190000e-05	6.094162e-03	1.221327e+01
4.191000e-05	-3.618374e-03	1.244369e+01
4.192000e-05	-2.035010e-02	1.258060e+01
4.193000e-05	-3.706180e-03	1.274995e+01
4.194000e-05	1.374046e-03	1.288684e+01
4.195000e-05	-1.286892e-02	1.305371e+01
4.196000e-05	-7.785976e-03	1.323008e+01
4.197000e-05	-1.472282e-03	1.333903e+01
4.198000e-05	1.953839e-03	1.347635e+01
4.199000e-05	-1.370726e-02	1.362317e+01
4.200000e-05	-5.053897e-03	1.377853e+01
4.201000e-05	-6.315968e-03	1.392580e+01
4.202000e-05	-7.141319e-03	1.405431e+01
4.203000e-05	-1.059463e-02	1.415301e+01
4.204000e-05	-5.691783e-03	1.430632e+01
4.205000e-05	-4.717638e-03	1.441006e+01
4.206000e-05	-9.862806e-03	1.444835e+01
4.207000e-05	-7.199567e-03	1.462056e+01
4.208000e-05	-8.069038e-03	1.466477e+01
4.209000e-05	-5.063874e-03	1.472940e+01
4.210000e-05	-7.937336e-03	1.479113e+01
4.211000e-05	-8.162147e-03	1.485564e+01
4.212000e-05	-1.060545e-02	1.492790e+01
4.213000e-05	-9.966312e-03	1.498000e+01
4.214000e-05	-9.642437e-03	1.501159e+01
4.215000e-05	-1.042486e-02	1.506321e+01
4.216000e-05	-1.099217e-02	1.508627e+01
4.217000e-05	-1.190752e-02	1.510843e+01
4.218000e-05	-9.786201e-03	1.514043e+01
4.219000e-05	-1.419119e-02	1.515046e+01
4.220000e-05	-1.341746e-02	1.516105e+01
4.221000e-05	-1.549835e-02	1.518204e+01
4.222000e-05	-1.545450e-02	1.520311e+01
4.223000e-05	-1.863214e-02	1.522314e+01
4.224000e-05	-2.144862e-02	1.524361e+01
4.225000e-05	-2.155544e-02	1.518259e+01
4.226000e-05	-2.612809e-02	1.519264e+01
4.227000e-05	-2.824635e-02	1.518206e+01
4.228000e-05	-3.570013e-02	1.516148e+01
4.229000e-05	-4.016796e-02	1.514893e+01
4.230000e-05	-4.957928e-02	1.512935e+01
4.231000e-05	-5.863873e-02	1.506634e+01
4.232000e-05	-6.902912e-02	1.507414e+01
4.233000e-05	-7.574640e-02	1.501100e+01
4.234000e-05	-7.237695e-02	1.493843e+01
4.235000e-05	-6.405475e-02	1.487467e+01
4.236000e-05	-4.825292e-02	1.480263e+01
4.237000e-05	-3.689816e-02	1.473938e+01
4.238000e-05	-2.943614e-02	1.464469e+01
4.239000e-05	-2.579215e-02	1.455945e+01
4.240000e-05	-2.191060e-02	1.443722e+01
4.241000e-05	-1.874824e-02	1.437098e+01
4.242000e-05	-1.912203e-02	1.422509e+01
4.243000e-05	-1.618315e-02	1.416138e+01
4.244000e-05	-1.622079e-02	1.401301e+01
4.245000e-05	-1.224651e-02	1.387569e+01
4.246000e-05	-1.389535e-02	1.376991e+01
4.247000e-05	-1.060268e-02	1.358556e+01
4.248000e-05	-1.172201e-02	1.349627e+01
4.249000e-05	-1.035058e-02	1.338048e+01
4.250000e-05	-1.082080e-02	1.320314e+01
4.251000e-05	-9.232047e-03	1.307724e+01
4.252000e-05	-1.067365e-02	1.293832e+01
4.253000e-05	-1.054046e-02	1.279203e+01
4.254000e-05	-9.634443e-03	1.264311e+01
4.255000e-05	-8.780802e-03	1.245777e+01
4.256000e-05	-6.885796e-03	1.231774e+01
4.257000e-05	-8.076477e-03	1.212985e+01
4.258000e-05	-6.117452e-03	1.199093e+01
4.259000e-05	-7.347686e-03	1.179143e+01
4.260000e-05	-7.055370e-03	1.159351e+01
4.261000e-05	-7.353018e-03	1.143151e+01
4.262000e-05	-7.507404e-03	1.120953e+01
4.263000e-05	-7.610177e-03	1.101148e+01
4.264000e-05	-7.176169e-03	1.081205e+01
4.265000e-05	-5.687234e-03	1.061246e+01
4.266000e-05	-6.589488e-03	1.038045e+01
4.267000e-05	-5.717324e-03	1.018237e+01
4.268000e-05	-5.564548e-03	9.950751e+00
4.269000e-05	-5.488200e-03	9.726767e+00
4.270000e-05	-6.576204e-03	9.475188e+00
4.271000e-05	-6.617301e-03	9.295657e+00
4.272000e-05	-5.907418e-03	9.024607e+00
4.273000e-05	-5.875536e-03	8.780528e+00
4.274000e-05	-5.974012e-03	8.599397e+00
4.275000e-05	-6.003534e-03	8.318843e+00
4.276000e-05	-4.562379e-03	8.106192e+00
4.277000e-05	-5.069092e-03	7.862580e+00
4.278000e-05	-5.384394e-03	7.612527e+00
4.279000e-05	-4.764444e-03	7.326115e+00
4.280000e-05	-4.861233e-03	7.095135e+00
4.281000e-05	-5.010666e-03	6.873057e+00
4.282000e-05	-5.740328e-03	6.560318e+00
4.283000e-05	-5.183688e-03	6.306235e+00
4.284000e-05	-5.617471e-03	6.084610e+00
4.285000e-05	-5.164428e-03	5.792979e+00
4.286000e-05	-4.670657e-03	5.519350e+00
4.287000e-05	-4.138630e-03	5.285657e+00
4.288000e-05	-5.237461e-03	4.947766e+00
4.289000e-05	-4.201102e-03	4.654034e+00
4.290000e-05	-5.005443e-03	4.390978e+00
4.291000e-05	-4.967018e-03	4.127665e+00
4.292000e-05	-5.183886e-03	3.842007e+00
4.293000e-05	-4.475127e-03	3.580927e+00
4.294000e-05	-4.892878e-03	3.283087e+00
4.295000e-05	-5.067067e-03	3.041505e+00
4.296000e-05	-4.408192e-03	2.769874e+00
4.297000e-05	-4.240030e-03	2.461579e+00
4.298000e-05	-3.556374e-03	2.207895e+00
4.299000e-05	-4.208079e-03	1.917764e+00
4.300000e-05	-4.992379e-03	1.601376e+00
4.301000e-05	-4.772751e-03	1.316612e+00
4.302000e-05	-5.112049e-03	9.598675e-01
4.303000e-05	-3.921669e-03	7.151316e-01
4.304000e-05	-3.930820e-03	4.104276e-01
4.305000e-05	-1.405787e-03	1.277381e-01
4.306000e-05	-4.815223e-04	-1.274185e-01
4.307000e-05	9.497428e-03	-3.890773e-01
4.308000e-05	-5.543798e-03	-6.654708e-01
4.309000e-05	5.089454e-03	-9.174736e-01
4.310000e-05	-4.539249e-03	-1.179134e+00
4.311000e-05	4.187394e-03	-1.535919e+00
4.312000e-05	-4.515683e-03	-1.747450e+00
4.313000e-05	2.215029e-02	-1.988554e+00
4.314000e-05	6.663299e-02	-2.250683e+00
4.315000e-05	4.391242e-02	-2.548527e+00
4.316000e-05	-9.880317e-02	-2.957375e+00
4.317000e-05	1.793547e-02	-3.273816e+00
4.318000e-05	-4.514426e-02	-3.526315e+00
4.319000e-05	-1.555381e-02	-3.716426e+00
4.320000e-05	-8.318085e-02	-3.998528e+00
4.321000e-05	1.942395e-01	-4.146395e+00
4.322000e-05	-9.875436e-02	-4.349154e+00
4.323000e-05	7.929240e-03	-4.716388e+00
4.324000e-05	1.007681e-01	-4.936919e+00
4.325000e-05	-1.756965e-01	-5.261790e+00
4.326000e-05	1.704254e-01	-5.526498e+00
4.327000e-05	-1.170353e-01	-5.820630e+00
4.328000e-05	7.062227e-02	-6.054343e+00
4.329000e-05	2.460352e-02	-6.315899e+00
4.330000e-05	-1.003884e-01	-6.641684e+00
4.331000e-05	1.145190e-01	-6.883766e+00
4.332000e-05	-1.104036e-01	-7.160180e+00
4.333000e-05	8.301655e-02	-7.452238e+00
4.334000e-05	-4.876344e-02	-7.705874e+00
4.335000e-05	1.755985e-02	-8.010659e+00
4.336000e-05	6.008897e-02	-8.232081e+00
4.337000e-05	-8.865599e-02	-8.516368e+00
4.338000e-05	8.702521e-02	-8.737976e+00
4.339000e-05	-7.116498e-02	-8.960053e+00
4.340000e-05	5.151496e-02	-9.190555e+00
4.341000e-05	-3.945499e-02	-9.411681e+00
4.342000e-05	2.459892e-02	-9.643244e+00
4.343000e-05	2.667955e-02	-9.862742e+00
4.344000e-05	-2.870924e-02	-1.009431e+01
4.345000e-05	1.406927e-02	-1.029435e+01
4.346000e-05	-3.097677e-02	-1.049887e+01
4.347000e-05	5.348547e-02	-1.066487e+01
4.348000e-05	-3.680152e-02	-1.091582e+01
4.349000e-05	2.487387e-02	-1.104432e+01
4.350000e-05	-1.196444e-02	-1.126432e+01
4.351000e-05	2.135860e-02	-1.147587e+01
4.352000e-05	-2.821123e-02	-1.168422e+01
4.353000e-05	1.071287e-02	-1.188537e+01
4.354000e-05	1.483284e-02	-1.205425e+01
4.355000e-05	2.370391e-03	-1.223374e+01
4.356000e-05	-7.316871e-03	-1.239111e+01
4.357000e-05	-2.932354e-03	-1.258956e+01
4.358000e-05	1.846328e-02	-1.271840e+01
4.359000e-05	-1.582786e-02	-1.291787e+01
4.360000e-05	6.173367e-03	-1.304419e+01
4.361000e-05	-1.594001e-03	-1.319213e+01
4.362000e-05	1.817546e-02	-1.332890e+01
4.363000e-05	-1.248996e-02	-1.347682e+01
4.364000e-05	9.192919e-03	-1.363217e+01
4.365000e-05	1.549903e-03	-1.373851e+01
4.366000e-05	6.445357e-03	-1.390582e+01
4.367000e-05	-5.619909e-03	-1.400261e+01
4.368000e-05	5.683869e-03	-1.417993e+01
4.369000e-05	6.906000e-03	-1.423319e+01
4.370000e-05	1.199991e-03	-1.434000e+01
4.371000e-05	2.244051e-03	-1.449572e+01
4.372000e-05	1.929414e-03	-1.454103e+01
4.373000e-05	6.510722e-03	-1.460309e+01
4.374000e-05	3.013083e-03	-1.471530e+01
4.375000e-05	5.986977e-03	-1.478158e+01
4.376000e-05	3.237816e-03	-1.481314e+01
4.377000e-05	3.708226e-03	-1.491675e+01
4.378000e-05	2.630394e-03	-1.492698e+01
4.379000e-05	4.977136e-03	-1.501166e+01
4.380000e-05	2.513528e-03	-1.502464e+01
4.381000e-05	5.908550e-03	-1.508570e+01
4.382000e-05	5.328860e-03	-1.511938e+01
4.383000e-05	5.142377e-03	-1.517041e+01
4.384000e-05	4.380325e-03	-1.515093e+01
4.385000e-05	6.945688e-03	-1.517198e+01
4.386000e-05	8.784973e-03	-1.521359e+01
4.387000e-05	8.898471e-03	-1.521256e+01
4.388000e-05	1.160259e-02	-1.519261e+01
4.389000e-05	1.345306e-02	-1.520412e+01
4.390000e-05	1.707175e-02	-1.522459e+01
4.391000e-05	1.770292e-02	-1.520206e+01
4.392000e-05	2.174387e-02	-1.518151e+01
4.393000e-05	2.712845e-02	-1.514201e+01
4.394000e-05	3.216577e-02	-1.515046e+01
4.395000e-05	4.017771e-02	-1.511832e+01
4.396000e-05	4.765903e-02	-1.509979e+01
4.397000e-05	5.981761e-02	-1.503368e+01
4.398000e-05	6.958124e-02	-1.500146e+01
4.399000e-05	6.982723e-02	-1.492983e+01
4.400000e-05	6.090097e-02	-1.485622e+01
4.401000e-05	4.799904e-02	-1.483258e+01
4.402000e-05	3.580294e-02	-1.477840e+01
4.403000e-05	2.486950e-02	-1.464461e+01
4.404000e-05	1.832240e-02	-1.460103e+01
4.405000e-05	1.498821e-02	-1.449784e+01
4.406000e-05	1.313521e-02	-1.434046e+01
4.407000e-05	1.119405e-02	-1.425714e+01
4.408000e-05	1.135536e-02	-1.413038e+01
4.409000e-05	9.407815e-03	-1.402301e+01
4.410000e-05	6.892732e-03	-1.388582e+01
4.411000e-05	4.505896e-03	-1.377102e+01
4.412000e-05	4.823118e-03	-1.367519e+01
4.413000e-05	3.579216e-03	-1.349982e+01
4.414000e-05	2.808258e-03	-1.339195e+01
4.415000e-05	3.212476e-03	-1.323364e+01
4.416000e-05	2.721478e-03	-1.312877e+01
4.417000e-05	1.547633e-03	-1.299098e+01
4.418000e-05	1.934632e-03	-1.285459e+01
4.419000e-05	2.223184e-03	-1.268522e+01
4.420000e-05	4.430854e-04	-1.249832e+01
4.421000e-05	3.057891e-05	-1.236093e+01
4.422000e-05	1.462290e-03	-1.216248e+01
4.423000e-05	6.216408e-04	-1.207409e+01
4.424000e-05	-1.855520e-03	-1.184461e+01
4.425000e-05	-4.599599e-04	-1.163201e+01
4.426000e-05	-2.176243e-04	-1.147460e+01
4.427000e-05	-9.110758e-04	-1.119146e+01
4.428000e-05	-4.947945e-04	-1.102043e+01
4.429000e-05	3.869019e-05	-1.077098e+01
4.430000e-05	-2.928858e-04	-1.064401e+01
4.431000e-05	-2.813573e-03	-1.040408e+01
4.432000e-05	-2.746336e-03	-1.022146e+01
4.433000e-05	-2.101376e-03	-1.000795e+01
4.434000e-05	-2.381356e-03	-9.779852e+00
4.435000e-05	-3.473058e-03	-9.530424e+00
4.436000e-05	-2.953067e-03	-9.317716e+00
4.437000e-05	-2.709434e-03	-9.036190e+00
4.438000e-05	-3.602698e-03	-8.856135e+00
4.439000e-05	-3.794496e-03	-8.624006e+00
4.440000e-05	-3.643787e-03	-8.368898e+00
4.441000e-05	-3.981328e-03	-8.128294e+00
4.442000e-05	-4.770318e-03	-7.919267e+00
4.443000e-05	-3.909985e-03	-7.643058e+00
4.444000e-05	-4.201962e-03	-7.378324e+00
4.445000e-05	-4.221751e-03	-7.106269e+00
4.446000e-05	-5.548403e-03	-6.804111e+00
4.447000e-05	-3.933971e-03	-6.620954e+00
4.448000e-05	-4.418744e-03	-6.360899e+00
4.449000e-05	-4.135107e-03	-6.125136e+00
4.450000e-05	-5.256683e-03	-5.812583e+00
4.451000e-05	-4.238765e-03	-5.560923e+00
4.452000e-05	-6.020682e-03	-5.305661e+00
4.453000e-05	-6.027280e-03	-5.019977e+00
4.454000e-05	-5.395564e-03	-4.684082e+00
4.455000e-05	-4.535910e-03	-4.450550e+00
4.456000e-05	-5.424378e-03	-4.210877e+00
4.457000e-05	-4.426176e-03	-3.908241e+00
4.458000e-05	-4.679855e-03	-3.663551e+00
4.459000e-05	-5.045218e-03	-3.378345e+00
4.460000e-05	-5.177286e-03	-3.095661e+00
4.461000e-05	-4.875358e-03	-2.799447e+00
4.462000e-05	-6.356130e-03	-2.516288e+00
4.463000e-05	-5.314362e-03	-2.243055e+00
4.464000e-05	-5.944722e-03	-1.947817e+00
4.465000e-05	-4.982302e-03	-1.704057e+00
4.466000e-05	-6.138153e-03	-1.408743e+00
4.467000e-05	-5.848851e-03	-1.062580e+00
4.468000e-05	-5.388746e-03	-7.709476e-01
4.469000e-05	-5.009444e-03	-4.640807e-01
4.470000e-05	-5.685486e-03	-2.289226e-01
4.471000e-05	-2.086934e-03	3.216046e-02
4.472000e-05	6.990582e-03	3.804998e-01
4.473000e-05	-6.609146e-03	5.995289e-01
4.474000e-05	2.508836e-03	8.336843e-01
4.475000e-05	-5.648970e-03	1.177554e+00
4.476000e-05	1.403607e-03	1.411635e+00
4.477000e-05	-7.676622e-03	1.758021e+00
4.478000e-05	1.157943e-02	1.967577e+00
4.479000e-05	1.390083e-02	2.189555e+00
4.480000e-05	8.209167e-02	2.412162e+00
4.481000e-05	-5.863045e-03	2.772682e+00
4.482000e-05	-6.848286e-02	3.084841e+00
4.483000e-05	-1.941567e-02	3.328501e+00
4.484000e-05	-1.417118e-02	3.642788e+00
4.485000e-05	-2.038148e-02	3.885817e+00
4.486000e-05	-3.959524e-02	4.074766e+00
4.487000e-05	3.994402e-02	4.317475e+00
4.488000e-05	7.402020e-02	4.620682e+00
4.489000e-05	-1.252676e-01	4.863845e+00
4.490000e-05	1.291880e-01	5.159099e+00
4.491000e-05	-7.203492e-02	5.494262e+00
4.492000e-05	-7.948184e-03	5.735470e+00
4.493000e-05	3.435798e-02	6.010184e+00
4.494000e-05	-2.760227e-02	6.262763e+00
4.495000e-05	2.963577e-02	6.505924e+00
4.496000e-05	-4.417703e-02	6.792709e+00
4.497000e-05	3.092291e-02	7.054291e+00
4.498000e-05	-1.604008e-02	7.348428e+00
4.499000e-05	-1.683979e-02	7.632286e+00
4.500000e-05	1.112891e-02	7.896323e+00
4.501000e-05	-1.083132e-02	8.160557e+00
4.502000e-05	3.798367e-02	8.401103e+00
4.503000e-05	-4.265154e-02	8.582186e+00
4.504000e-05	-2.295394e-04	8.844266e+00
4.505000e-05	1.125141e-02	9.115920e+00
4.506000e-05	-1.243875e-02	9.318900e+00
4.507000e-05	2.798391e-04	9.578006e+00
4.508000e-05	-1.790008e-02	9.741056e+00
4.509000e-05	2.525072e-02	1.002113e+01
4.510000e-05	-2.032110e-02	1.022064e+01
4.511000e-05	-8.121587e-03	1.037208e+01
4.512000e-05	-1.297316e-02	1.062161e+01
4.513000e-05	1.273116e-02	1.080264e+01
4.514000e-05	-2.192596e-03	1.097159e+01
4.515000e-05	-2.272017e-02	1.119071e+01
4.516000e-05	7.759462e-03	1.137914e+01
4.517000e-05	7.586449e-04	1.160321e+01
4.518000e-05	-5.978363e-03	1.177161e+01
4.519000e-05	-2.003943e-02	1.197113e+01
4.520000e-05	1.279959e-02	1.215001e+01
4.521000e-05	-1.987723e-03	1.230890e+01
4.522000e-05	-1.165338e-02	1.251635e+01
4.523000e-05	-1.484062e-02	1.264532e+01
4.524000e-05	4.404904e-03	1.283371e+01
4.525000e-05	-3.181238e-03	1.299003e+01
4.526000e-05	-1.480997e-02	1.309843e+01
4.527000e-05	-5.285213e-04	1.328682e+01
4.528000e-05	-2.959856e-03	1.343327e+01
4.529000e-05	-5.527837e-03	1.354858e+01
4.530000e-05	-1.490302e-02	1.372679e+01
4.531000e-05	-2.975707e-03	1.382512e+01
4.532000e-05	-4.462614e-03	1.394353e+01
4.533000e-05	-1.005871e-02	1.413638e+01
4.534000e-05	-4.718891e-03	1.420514e+01
4.535000e-05	-5.291229e-03	1.431941e+01
4.536000e-05	-4.215955e-03	1.442472e+01
4.537000e-05	-1.131574e-02	1.452838e+01
4.538000e-05	-7.202019e-03	1.465472e+01
4.539000e-05	-8.122622e-03	1.466842e+01
4.540000e-05	-8.713900e-03	1.477990e+01
4.541000e-05	-6.850153e-03	1.481319e+01
4.542000e-05	-9.874265e-03	1.487677e+01
4.543000e-05	-8.770691e-03	1.494942e+01
4.544000e-05	-8.311483e-03	1.499063e+01
4.545000e-05	-1.071998e-02	1.504168e+01
4.546000e-05	-8.039376e-03	1.506477e+01
4.547000e-05	-1.192851e-02	1.512890e+01
4.548000e-05	-1.057667e-02	1.513945e+01
4.549000e-05	-1.353679e-02	1.516003e+01
4.550000e-05	-1.478912e-02	1.518048e+01
4.551000e-05	-1.400188e-02	1.521354e+01
4.552000e-05	-1.508135e-02	1.525304e+01
4.553000e-05	-1.697525e-02	1.520404e+01
4.554000e-05	-1.795206e-02	1.525264e+01
4.555000e-05	-2.206172e-02	1.523211e+01
4.556000e-05	-2.271244e-02	1.525306e+01
4.557000e-05	-2.904061e-02	1.518414e+01
4.558000e-05	-3.092796e-02	1.521143e+01
4.559000e-05	-3.872506e-02	1.515996e+01
4.560000e-05	-4.610720e-02	1.512892e+01
4.561000e-05	-5.294158e-02	1.508737e+01
4.562000e-05	-6.551919e-02	1.507374e+01
4.563000e-05	-7.289859e-02	1.500361e+01
4.564000e-05	-7.765461e-02	1.500043e+01
4.565000e-05	-6.765916e-02	1.491880e+01
4.566000e-05	-5.585039e-02	1.483361e+01
4.567000e-05	-4.241440e-02	1.476148e+01
4.568000e-05	-3.216422e-02	1.469575e+01
4.569000e-05	-2.822365e-02	1.462258e+01
4.570000e-05	-2.445821e-02	1.451815e+01
4.571000e-05	-2.177947e-02	1.442211e+01
4.572000e-05	-1.813978e-02	1.430782e+01
4.573000e-05	-1.699031e-02	1.422351e+01
4.574000e-05	-1.657474e-02	1.409827e+01
4.575000e-05	-1.341540e-02	1.393788e+01
4.576000e-05	-1.320832e-02	1.382356e+01
4.577000e-05	-1.120737e-02	1.369569e+01
4.578000e-05	-1.403162e-02	1.354141e+01
4.579000e-05	-1.140682e-02	1.340351e+01
4.580000e-05	-1.197542e-02	1.331625e+01
4.581000e-05	-8.955495e-03	1.314185e+01
4.582000e-05	-1.008186e-02	1.301158e+01
4.583000e-05	-8.783602e-03	1.286459e+01
4.584000e-05	-9.673957e-03	1.270732e+01
4.585000e-05	-8.176116e-03	1.253042e+01
4.586000e-05	-9.039142e-03	1.243398e+01
4.587000e-05	-8.466701e-03	1.222363e+01
4.588000e-05	-7.335272e-03	1.206611e+01
4.589000e-05	-7.356443e-03	1.191724e+01
4.590000e-05	-8.129913e-03	1.169827e+01
4.591000e-05	-7.475187e-03	1.150714e+01
4.592000e-05	-6.991240e-03	1.128409e+01
4.593000e-05	-6.562166e-03	1.109626e+01
4.594000e-05	-6.845333e-03	1.090477e+01
4.595000e-05	-5.755964e-03	1.068682e+01
4.596000e-05	-6.018136e-03	1.048622e+01
4.597000e-05	-6.430471e-03	1.026519e+01
4.598000e-05	-6.328835e-03	1.007521e+01
4.599000e-05	-6.115420e-03	9.823031e+00
4.600000e-05	-6.395762e-03	9.590957e+00
4.601000e-05	-6.093966e-03	9.350350e+00
4.602000e-05	-5.184514e-03	9.131896e+00
4.603000e-05	-4.659110e-03	8.907171e+00
4.604000e-05	-5.790186e-03	8.695663e+00
4.605000e-05	-5.990488e-03	8.484585e+00
4.606000e-05	-4.868695e-03	8.243454e+00
4.607000e-05	-5.699690e-03	7.949927e+00
4.608000e-05	-5.458892e-03	7.748795e+00
4.609000e-05	-5.727686e-03	7.453003e+00
4.610000e-05	-4.876587e-03	7.190952e+00
4.611000e-05	-4.778161e-03	6.938845e+00
4.612000e-05	-5.379458e-03	6.688766e+00
4.613000e-05	-4.857888e-03	6.401534e+00
4.614000e-05	-4.330669e-03	6.189925e+00
4.615000e-05	-4.339327e-03	5.979373e+00
4.616000e-05	-6.039736e-03	5.673108e+00
4.617000e-05	-4.928237e-03	5.432980e+00
4.618000e-05	-4.508884e-03	5.057665e+00
4.619000e-05	-4.975654e-03	4.790374e+00
4.620000e-05	-5.683932e-03	4.536765e+00
4.621000e-05	-4.461348e-03	4.233529e+00
4.622000e-05	-4.254844e-03	3.959869e+00
4.623000e-05	-4.096251e-03	3.707162e+00
4.624000e-05	-4.985362e-03	3.445033e+00
4.625000e-05	-5.123602e-03	3.129294e+00
4.626000e-05	-4.739587e-03	2.904633e+00
4.627000e-05	-4.146304e-03	2.610474e+00
4.628000e-05	-4.708079e-03	2.305706e+00
4.629000e-05	-5.043784e-03	2.012531e+00
4.630000e-05	-4.848220e-03	1.766740e+00
4.631000e-05	-3.842759e-03	1.483979e+00
4.632000e-05	-4.501390e-03	1.138239e+00
4.633000e-05	-4.500820e-03	7.989464e-01
4.634000e-05	-3.776676e-03	5.376922e-01
4.635000e-05	-3.740832e-03	3.051840e-01
4.636000e-05	-2.940974e-03	-2.213013e-02
4.637000e-05	6.735571e-03	-2.628143e-01
4.638000e-05	2.399389e-03	-5.354934e-01
4.639000e-05	-9.230012e-04	-8.311816e-01
4.640000e-05	1.171513e-03	-1.054261e+00
4.641000e-05	-6.039693e-04	-1.399026e+00
4.642000e-05	-2.027418e-03	-1.642208e+00
4.643000e-05	9.435265e-03	-1.905313e+00
4.644000e-05	3.237105e-02	-2.063788e+00
4.645000e-05	1.019059e-01	-2.402133e+00
4.646000e-05	-8.146993e-02	-2.768994e+00
4.647000e-05	-1.209172e-02	-3.139552e+00
4.648000e-05	-3.530999e-02	-3.390129e+00
4.649000e-05	-2.855097e-03	-3.579656e+00
4.650000e-05	-9.307333e-02	-3.884362e+00
4.651000e-05	7.654568e-02	-4.083211e+00
4.652000e-05	1.074693e-01	-4.231733e+00
4.653000e-05	-1.800370e-01	-4.539048e+00
4.654000e-05	1.898600e-01	-4.762084e+00
4.655000e-05	-1.235997e-01	-5.084895e+00
4.656000e-05	3.239404e-02	-5.432682e+00
4.657000e-05	5.365328e-02	-5.663766e+00
4.658000e-05	-1.008790e-01	-5.959453e+00
4.659000e-05	1.517381e-01	-6.172557e+00
4.660000e-05	-1.291717e-01	-6.453819e+00
4.661000e-05	6.095478e-02	-6.759051e+00
4.662000e-05	-5.801070e-03	-6.992186e+00
4.663000e-05	-4.737149e-02	-7.328468e+00
4.664000e-05	8.452225e-02	-7.560608e+00
4.665000e-05	-1.024134e-01	-7.874318e+00
4.666000e-05	1.305356e-01	-8.136921e+00
4.667000e-05	-8.909979e-02	-8.367501e+00
4.668000e-05	3.627153e-02	-8.591666e+00
4.669000e-05	3.748374e-03	-8.854765e+00
4.670000e-05	-2.866501e-02	-9.093367e+00
4.671000e-05	4.422983e-02	-9.274292e+00
4.672000e-05	-5.842144e-02	-9.538903e+00
4.673000e-05	8.183359e-02	-9.761505e+00
4.674000e-05	-4.914245e-02	-9.940529e+00
4.675000e-05	2.898261e-02	-1.015148e+01
4.676000e-05	-3.988575e-02	-1.039068e+01
4.677000e-05	3.550150e-02	-1.063153e+01
4.678000e-05	5.829256e-04	-1.077108e+01
4.679000e-05	-1.260227e-02	-1.098159e+01
4.680000e-05	1.616866e-02	-1.114098e+01
4.681000e-05	-4.731822e-03	-1.136158e+01
4.682000e-05	1.174456e-02	-1.156051e+01
4.683000e-05	-3.202727e-02	-1.176056e+01
4.684000e-05	3.765711e-02	-1.196946e+01
4.685000e-05	-8.394106e-03	-1.213950e+01
4.686000e-05	1.163094e-02	-1.229987e+01
4.687000e-05	-2.458884e-02	-1.249527e+01
4.688000e-05	2.466972e-02	-1.268627e+01
4.689000e-05	-8.186710e-03	-1.280219e+01
4.690000e-05	-8.072759e-04	-1.299261e+01
4.691000e-05	-6.072699e-04	-1.312650e+01
4.692000e-05	1.228326e-02	-1.328734e+01
4.693000e-05	3.064038e-03	-1.342163e+01
4.694000e-05	-6.283043e-03	-1.355998e+01
4.695000e-05	1.035518e-02	-1.372840e+01
4.696000e-05	-6.538815e-04	-1.380324e+01
4.697000e-05	2.779887e-03	-1.393905e+01
4.698000e-05	-3.226583e-03	-1.406575e+01
4.699000e-05	1.149459e-02	-1.420509e+01
4.700000e-05	1.306978e-03	-1.428688e+01
4.701000e-05	2.819974e-03	-1.442467e+01
4.702000e-05	7.763461e-04	-1.447690e+01
4.703000e-05	5.085807e-03	-1.462208e+01
4.704000e-05	4.436452e-03	-1.465477e+01
4.705000e-05	4.618846e-03	-1.474945e+01
4.706000e-05	4.277484e-03	-1.478161e+01
4.707000e-05	4.084334e-03	-1.485529e+01
4.708000e-05	2.919339e-03	-1.493738e+01
4.709000e-05	4.105484e-03	-1.495011e+01
4.710000e-05	1.883245e-03	-1.500359e+01
4.711000e-05	3.755437e-03	-1.506724e+01
4.712000e-05	5.540523e-03	-1.506677e+01
4.713000e-05	6.317499e-03	-1.508885e+01
4.714000e-05	5.482112e-03	-1.513983e+01
4.715000e-05	5.464612e-03	-1.514998e+01
4.716000e-05	8.221070e-03	-1.519248e+01
4.717000e-05	8.220357e-03	-1.522261e+01
4.718000e-05	1.064845e-02	-1.519271e+01
4.719000e-05	1.204625e-02	-1.524514e+01
4.720000e-05	1.549965e-02	-1.520259e+01
4.721000e-05	1.676515e-02	-1.525611e+01
4.722000e-05	2.001925e-02	-1.522406e+01
4.723000e-05	2.420800e-02	-1.515251e+01
4.724000e-05	3.040190e-02	-1.521151e+01
4.725000e-05	3.604210e-02	-1.512840e+01
4.726000e-05	4.467655e-02	-1.510877e+01
4.727000e-05	5.387002e-02	-1.504567e+01
4.728000e-05	6.479785e-02	-1.503206e+01
4.729000e-05	7.107233e-02	-1.495053e+01
4.730000e-05	6.540460e-02	-1.490832e+01
4.731000e-05	5.463315e-02	-1.481417e+01
4.732000e-05	4.094854e-02	-1.476248e+01
4.733000e-05	3.106764e-02	-1.471637e+01
4.734000e-05	2.075228e-02	-1.461455e+01
4.735000e-05	1.730472e-02	-1.452942e+01
4.736000e-05	1.478620e-02	-1.439361e+01
4.737000e-05	1.208298e-02	-1.433730e+01
4.738000e-05	1.090659e-02	-1.422406e+01
4.739000e-05	9.641927e-03	-1.406675e+01
4.740000e-05	8.265826e-03	-1.396195e+01
4.741000e-05	5.371486e-03	-1.383416e+01
4.742000e-05	4.553829e-03	-1.375882e+01
4.743000e-05	4.482802e-03	-1.354098e+01
4.744000e-05	1.143685e-03	-1.343621e+01
4.745000e-05	5.301245e-03	-1.336637e+01
4.746000e-05	9.075548e-04	-1.317045e+01
4.747000e-05	5.095514e-03	-1.303364e+01
4.748000e-05	1.537837e-03	-1.294582e+01
4.749000e-05	1.651312e-03	-1.278085e+01
4.750000e-05	1.301643e-03	-1.261098e+01
4.751000e-05	-2.736222e-03	-1.244304e+01
4.752000e-05	1.753764e-03	-1.228776e+01
4.753000e-05	-1.315434e-03	-1.212735e+01
4.754000e-05	1.231988e-03	-1.192927e+01
4.755000e-05	-2.896881e-03	-1.172845e+01
4.756000e-05	1.119448e-03	-1.152780e+01
4.757000e-05	-2.225414e-04	-1.130727e+01
4.758000e-05	-2.293732e-03	-1.107574e+01
4.759000e-05	-2.773320e-03	-1.091524e+01
4.760000e-05	-1.241879e-03	-1.072729e+01
4.761000e-05	-1.021966e-03	-1.053982e+01
4.762000e-05	-9.300027e-04	-1.027669e+01
4.763000e-05	-3.552810e-03	-1.011461e+01
4.764000e-05	-2.737682e-03	-9.885684e+00
4.765000e-05	-3.689595e-03	-9.664641e+00
4.766000e-05	-3.074935e-03	-9.423536e+00
4.767000e-05	-1.928023e-03	-9.210951e+00
4.768000e-05	-2.724194e-03	-8.969423e+00
4.769000e-05	-3.885200e-03	-8.728851e+00
4.770000e-05	-4.682399e-03	-8.504211e+00
4.771000e-05	-4.015349e-03	-8.232533e+00
4.772000e-05	-4.180702e-03	-8.063033e+00
4.773000e-05	-4.104601e-03	-7.777372e+00
4.774000e-05	-4.910000e-03	-7.524637e+00
4.775000e-05	-5.517390e-03	-7.254056e+00
4.776000e-05	-3.916055e-03	-6.990874e+00
4.777000e-05	-4.095794e-03	-6.727294e+00
4.778000e-05	-4.490052e-03	-6.504113e+00
4.779000e-05	-6.894430e-03	-6.232953e+00
4.780000e-05	-5.420161e-03	-5.999774e+00
4.781000e-05	-3.697046e-03	-5.746637e+00
4.782000e-05	-3.793440e-03	-5.453533e+00
4.783000e-05	-6.133774e-03	-5.137770e+00
4.784000e-05	-5.133447e-03	-4.832400e+00
4.785000e-05	-5.659381e-03	-4.546746e+00
4.786000e-05	-5.405702e-03	-4.307664e+00
4.787000e-05	-4.469144e-03	-4.053084e+00
4.788000e-05	-3.318147e-03	-3.769921e+00
4.789000e-05	-4.653517e-03	-3.505215e+00
4.790000e-05	-6.155325e-03	-3.232478e+00
4.791000e-05	-5.664457e-03	-2.945713e+00
4.792000e-05	-5.364435e-03	-2.673155e+00
4.793000e-05	-5.393232e-03	-2.389898e+00
4.794000e-05	-5.397662e-03	-2.115080e+00
4.795000e-05	-5.867347e-03	-1.830426e+00
4.796000e-05	-5.235294e-03	-1.568189e+00
4.797000e-05	-5.842210e-03	-1.188341e+00
4.798000e-05	-5.235846e-03	-8.951584e-01
4.799000e-05	-4.636646e-03	-6.024475e-01
4.800000e-05	-4.784058e-03	-3.262382e-01
4.801000e-05	-4.298623e-03	-7.398289e-02
4.802000e-05	2.682618e-03	2.401352e-01
4.803000e-05	8.314268e-04	4.838132e-01
4.804000e-05	-3.707350e-03	7.269183e-01
4.805000e-05	1.105341e-03	1.000157e+00
4.806000e-05	-3.783403e-03	1.305367e+00
4.807000e-05	-1.566622e-03	1.641147e+00
4.808000e-05	-1.807344e-03	1.842187e+00
4.809000e-05	1.362462e-02	2.063811e+00
4.810000e-05	4.128617e-02	2.346366e+00
4.811000e-05	7.296761e-02	2.621709e+00
4.812000e-05	-8.170150e-02	2.948502e+00
4.813000e-05	-2.101402e-02	3.221610e+00
4.814000e-05	-3.276692e-02	3.526999e+00
4.815000e-05	3.029254e-03	3.749029e+00
4.816000e-05	-5.251191e-02	3.980007e+00
4.817000e-05	2.164644e-03	4.222708e+00
4.818000e-05	8.060607e-02	4.474766e+00
4.819000e-05	-4.253195e-02	4.748999e+00
4.820000e-05	-2.378288e-02	5.000710e+00
4.821000e-05	9.793657e-02	5.308451e+00
4.822000e-05	-1.261208e-01	5.581235e+00
4.823000e-05	8.706469e-02	5.893243e+00
4.824000e-05	-3.848990e-02	6.117899e+00
4.825000e-05	1.970565e-02	6.410109e+00
4.826000e-05	-1.353924e-02	6.694795e+00
4.827000e-05	-2.232782e-02	6.947449e+00
4.828000e-05	4.162603e-02	7.202061e+00
4.829000e-05	-5.576708e-02	7.496820e+00
4.830000e-05	3.043217e-02	7.760029e+00
4.831000e-05	-2.932202e-02	8.085767e+00
4.832000e-05	3.647950e-02	8.296820e+00
4.833000e-05	-8.837293e-03	8.526969e+00
4.834000e-05	-3.364226e-02	8.728552e+00
4.835000e-05	2.362691e-02	8.960159e+00
4.836000e-05	-1.693086e-02	9.183640e+00
4.837000e-05	8.363633e-03	9.442741e+00
4.838000e-05	-2.631162e-02	9.664220e+00
4.839000e-05	2.239482e-02	9.896844e+00
4.840000e-05	-8.317589e-03	1.009742e+01
4.841000e-05	-8.988891e-03	1.033745e+01
4.842000e-05	-1.871062e-02	1.050748e+01
4.843000e-05	4.105615e-03	1.072640e+01
4.844000e-05	8.611221e-03	1.090590e+01
4.845000e-05	-1.914250e-02	1.111895e+01
4.846000e-05	-4.118784e-03	1.131748e+01
4.847000e-05	2.557500e-03	1.147948e+01
4.848000e-05	4.110408e-03	1.167787e+01
4.849000e-05	-2.469689e-02	1.192642e+01
4.850000e-05	3.600712e-03	1.206632e+01
4.851000e-05	4.719166e-03	1.226479e+01
4.852000e-05	-3.203119e-03	1.246221e+01
4.853000e-05	-1.937785e-02	1.259061e+01
4.854000e-05	-2.175009e-03	1.275797e+01
4.855000e-05	1.267291e-03	1.292642e+01
4.856000e-05	-1.356326e-02	1.303474e+01
4.857000e-05	-8.449002e-03	1.321411e+01
4.858000e-05	-1.867852e-03	1.337106e+01
4.859000e-05	1.694633e-03	1.350638e+01
4.860000e-05	-1.266207e-02	1.362479e+01
4.861000e-05	-3.149938e-03	1.376848e+01
4.862000e-05	-5.424767e-03	1.390840e+01
4.863000e-05	-6.497997e-03	1.402222e+01
4.864000e-05	-1.100551e-02	1.415313e+01
4.865000e-05	-5.525228e-03	1.429737e+01
4.866000e-05	-5.351835e-03	1.437413e+01
4.867000e-05	-1.079075e-02	1.452580e+01
4.868000e-05	-7.699771e-03	1.458261e+01
4.869000e-05	-7.712886e-03	1.466480e+01
4.870000e-05	-4.378144e-03	1.472945e+01
4.871000e-05	-6.672043e-03	1.480106e+01
4.872000e-05	-7.062211e-03	1.485217e+01
4.873000e-05	-9.223239e-03	1.490835e+01
4.874000e-05	-1.074438e-02	1.498848e+01
4.875000e-05	-9.456752e-03	1.502109e+01
4.876000e-05	-1.105032e-02	1.504374e+01
4.877000e-05	-1.088795e-02	1.510530e+01
4.878000e-05	-1.269582e-02	1.510837e+01
4.879000e-05	-1.039933e-02	1.516943e+01
4.880000e-05	-1.309875e-02	1.519156e+01
4.881000e-05	-1.318429e-02	1.516156e+01
4.882000e-05	-1.560418e-02	1.520169e+01
4.883000e-05	-1.586150e-02	1.523359e+01
4.884000e-05	-1.791730e-02	1.523207e+01
4.885000e-05	-2.132493e-02	1.522406e+01
4.886000e-05	-2.226419e-02	1.523164e+01
4.887000e-05	-2.731295e-02	1.520159e+01
4.888000e-05	-2.954721e-02	1.519205e+01
4.889000e-05	-3.711220e-02	1.518208e+01
4.890000e-05	-4.087301e-02	1.512845e+01
4.891000e-05	-4.869932e-02	1.510837e+01
4.892000e-05	-5.908266e-02	1.506472e+01
4.893000e-05	-7.084032e-02	1.504313e+01
4.894000e-05	-7.719158e-02	1.499148e+01
4.895000e-05	-7.167523e-02	1.489883e+01
4.896000e-05	-6.270821e-02	1.489427e+01
4.897000e-05	-4.804252e-02	1.479258e+01
4.898000e-05	-3.691633e-02	1.470780e+01
4.899000e-05	-2.896139e-02	1.461372e+01
4.900000e-05	-2.538816e-02	1.453991e+01
4.901000e-05	-2.328051e-02	1.446616e+01
4.902000e-05	-1.878659e-02	1.435098e+01
4.903000e-05	-1.970965e-02	1.426477e+01
4.904000e-05	-1.628845e-02	1.410832e+01
4.905000e-05	-1.693831e-02	1.400361e+01
4.906000e-05	-1.235355e-02	1.384672e+01
4.907000e-05	-1.357785e-02	1.372000e+01
4.908000e-05	-1.221839e-02	1.359204e+01
4.909000e-05	-1.323814e-02	1.349674e+01
4.910000e-05	-1.081715e-02	1.337891e+01
4.911000e-05	-1.015172e-02	1.322204e+01
4.912000e-05	-9.397648e-03	1.308669e+01
4.913000e-05	-9.699263e-03	1.291987e+01
4.914000e-05	-1.078895e-02	1.281040e+01
4.915000e-05	-9.340702e-03	1.264404e+01
4.916000e-05	-8.846132e-03	1.250579e+01
4.917000e-05	-7.551702e-03	1.232782e+01
4.918000e-05	-8.922547e-03	1.215940e+01
4.919000e-05	-6.746791e-03	1.197940e+01
4.920000e-05	-6.799935e-03	1.178238e+01
4.921000e-05	-6.777826e-03	1.160246e+01
4.922000e-05	-7.476314e-03	1.138946e+01
4.923000e-05	-7.126211e-03	1.120900e+01
4.924000e-05	-6.257123e-03	1.095143e+01
4.925000e-05	-6.412296e-03	1.082201e+01
4.926000e-05	-5.378444e-03	1.059148e+01
4.927000e-05	-7.715747e-03	1.037937e+01
4.928000e-05	-6.285379e-03	1.015933e+01
4.929000e-05	-5.926229e-03	9.949421e+00
4.930000e-05	-4.399431e-03	9.727269e+00
4.931000e-05	-6.003972e-03	9.464167e+00
4.932000e-05	-5.010554e-03	9.254112e+00
4.933000e-05	-4.967634e-03	9.013080e+00
4.934000e-05	-6.209157e-03	8.761002e+00
4.935000e-05	-6.382197e-03	8.577873e+00
4.936000e-05	-5.313678e-03	8.358772e+00
4.937000e-05	-4.342633e-03	8.095137e+00
4.938000e-05	-5.774209e-03	7.842554e+00
4.939000e-05	-6.688957e-03	7.590398e+00
4.940000e-05	-4.368459e-03	7.328135e+00
4.941000e-05	-5.388129e-03	7.073111e+00
4.942000e-05	-4.859153e-03	6.843103e+00
4.943000e-05	-3.678331e-03	6.586818e+00
4.944000e-05	-3.966623e-03	6.335157e+00
4.945000e-05	-5.838909e-03	6.084111e+00
4.946000e-05	-5.917681e-03	5.780799e+00
4.947000e-05	-7.849141e-03	5.527366e+00
4.948000e-05	-1.828618e-03	5.293607e+00
4.949000e-05	-6.369221e-03	4.936736e+00
4.950000e-05	-1.028879e-03	4.633555e+00
4.951000e-05	-6.152994e-03	4.412454e+00
4.952000e-05	-2.940015e-03	4.114135e+00
4.953000e-05	-6.197083e-03	3.822002e+00
4.954000e-05	-6.928946e-03	3.618923e+00
4.955000e-05	-5.016018e-03	3.295105e+00
4.956000e-05	-6.024207e-03	3.000950e+00
4.957000e-05	-3.836556e-03	2.718346e+00
4.958000e-05	-4.229165e-03	2.442450e+00
4.959000e-05	-5.272277e-03	2.146867e+00
4.960000e-05	-3.235538e-03	1.906534e+00
4.961000e-05	-5.012005e-03	1.570471e+00
4.962000e-05	-3.583018e-03	1.285584e+00
4.963000e-05	-5.923538e-03	9.597659e-01
4.964000e-05	-4.992796e-03	6.941341e-01
4.965000e-05	-4.815014e-03	4.613713e-01
4.966000e-05	-3.924769e-03	1.251317e-01
4.967000e-05	1.084217e-04	-1.475486e-01
4.968000e-05	9.430979e-03	-3.916040e-01
4.969000e-05	-5.924778e-03	-7.338359e-01
4.970000e-05	5.849740e-03	-9.484999e-01
4.971000e-05	-4.571535e-03	-1.220135e+00
4.972000e-05	3.531923e-03	-1.527995e+00
4.973000e-05	-4.376280e-03	-1.769074e+00
4.974000e-05	2.317029e-02	-1.990098e+00
4.975000e-05	6.976068e-02	-2.222729e+00
4.976000e-05	3.028419e-02	-2.569554e+00
4.977000e-05	-9.299300e-02	-2.915949e+00
4.978000e-05	1.603408e-02	-3.325238e+00
4.979000e-05	-4.202885e-02	-3.495817e+00
4.980000e-05	-2.239665e-02	-3.717024e+00
4.981000e-05	-7.343196e-02	-3.999103e+00
4.982000e-05	2.002915e-01	-4.145921e+00
4.983000e-05	-1.196585e-01	-4.399530e+00
4.984000e-05	3.292812e-02	-4.696745e+00
4.985000e-05	7.684370e-02	-4.907895e+00
4.986000e-05	-1.625598e-01	-5.283841e+00
4.987000e-05	1.727677e-01	-5.527428e+00
4.988000e-05	-1.330770e-01	-5.810706e+00
4.989000e-05	8.886179e-02	-6.074859e+00
4.990000e-05	5.597932e-03	-6.336901e+00
4.991000e-05	-8.383257e-02	-6.672763e+00
4.992000e-05	1.133667e-01	-6.885241e+00
4.993000e-05	-1.148964e-01	-7.200684e+00
4.994000e-05	9.293650e-02	-7.443716e+00
4.995000e-05	-6.512885e-02	-7.756372e+00
4.996000e-05	3.591898e-02	-8.014111e+00
4.997000e-05	4.446841e-02	-8.232733e+00
4.998000e-05	-7.832751e-02	-8.485843e+00
4.999000e-05	8.473980e-02	-8.709452e+00
