# 260408_10:36:02.867599
t	CH1	CH2
0.000000e+00	-4.427633e-03	2.735797e+00
1.000000e-08	-4.652030e-03	2.409129e+00
2.000000e-08	-4.839156e-03	2.134892e+00
3.000000e-08	-4.355623e-03	1.871236e+00
4.000000e-08	-4.525053e-03	1.567477e+00
5.000000e-08	-4.226330e-03	1.253342e+00
6.000000e-08	-5.266533e-03	9.048721e-01
7.000000e-08	-4.075226e-03	6.506881e-01
8.000000e-08	-3.693900e-03	3.699763e-01
9.000000e-08	-2.147088e-03	3.324296e-02
1.000000e-07	1.359262e-03	-2.233447e-01
1.100000e-07	7.503065e-03	-4.519989e-01
1.200000e-07	-6.681227e-03	-7.083620e-01
1.300000e-07	6.050397e-03	-9.909959e-01
1.400000e-07	-5.433489e-03	-1.253083e+00
1.500000e-07	2.813909e-03	-1.567446e+00
1.600000e-07	-1.030322e-05	-1.821470e+00
1.700000e-07	2.795959e-02	-2.020996e+00
1.800000e-07	8.167132e-02	-2.286230e+00
1.900000e-07	-3.208922e-03	-2.632521e+00
2.000000e-07	-7.424838e-02	-3.083023e+00
2.100000e-07	8.117740e-03	-3.307318e+00
2.200000e-07	-3.360341e-02	-3.547891e+00
2.300000e-07	-3.894683e-02	-3.798942e+00
2.400000e-07	-4.849790e-02	-4.042524e+00
2.500000e-07	1.954303e-01	-4.159371e+00
2.600000e-07	-1.499185e-01	-4.463053e+00
2.700000e-07	7.743357e-02	-4.778442e+00
2.800000e-07	4.060143e-02	-4.981445e+00
2.900000e-07	-1.413051e-01	-5.307387e+00
3.000000e-07	1.639250e-01	-5.611001e+00
3.100000e-07	-1.488443e-01	-5.884629e+00
3.200000e-07	1.247256e-01	-6.117912e+00
3.300000e-07	-3.360597e-02	-6.413450e+00
3.400000e-07	-5.632795e-02	-6.696832e+00
3.500000e-07	9.826162e-02	-6.908345e+00
3.600000e-07	-1.152510e-01	-7.256125e+00
3.700000e-07	1.037289e-01	-7.498312e+00
3.800000e-07	-8.373241e-02	-7.750448e+00
3.900000e-07	7.037203e-02	-8.085755e+00
4.000000e-07	8.327297e-03	-8.295663e+00
4.100000e-07	-5.979878e-02	-8.530416e+00
4.200000e-07	7.317742e-02	-8.800974e+00
4.300000e-07	-7.088316e-02	-9.003659e+00
4.400000e-07	6.222890e-02	-9.232706e+00
4.500000e-07	-6.037801e-02	-9.446232e+00
4.600000e-07	5.881799e-02	-9.698911e+00
4.700000e-07	-6.700823e-03	-9.897217e+00
4.800000e-07	-8.304440e-03	-1.011844e+01
4.900000e-07	-5.596341e-03	-1.033932e+01
5.000000e-07	-1.148350e-02	-1.055895e+01
5.100000e-07	3.810533e-02	-1.075830e+01
5.200000e-07	-3.773557e-02	-1.091842e+01
5.300000e-07	3.266647e-02	-1.114832e+01
5.400000e-07	-1.592745e-02	-1.133792e+01
5.500000e-07	2.422711e-02	-1.153747e+01
5.600000e-07	-3.977720e-02	-1.173989e+01
5.700000e-07	2.424217e-02	-1.197887e+01
5.800000e-07	8.109584e-04	-1.212640e+01
5.900000e-07	8.191855e-03	-1.230674e+01
6.000000e-07	-1.436123e-02	-1.243474e+01
6.100000e-07	9.648392e-03	-1.266363e+01
6.200000e-07	9.697912e-03	-1.278203e+01
6.300000e-07	-1.418053e-02	-1.296895e+01
6.400000e-07	2.599293e-03	-1.307679e+01
6.500000e-07	1.892698e-04	-1.326376e+01
6.600000e-07	1.595783e-02	-1.340210e+01
6.700000e-07	-1.447848e-02	-1.355897e+01
6.800000e-07	1.114990e-02	-1.370724e+01
6.900000e-07	-2.431847e-03	-1.381118e+01
7.000000e-07	4.616687e-03	-1.393857e+01
7.100000e-07	-6.573691e-03	-1.406579e+01
7.200000e-07	9.902282e-03	-1.419158e+01
7.300000e-07	3.851949e-03	-1.429690e+01
7.400000e-07	5.111593e-04	-1.445313e+01
7.500000e-07	1.133479e-03	-1.450789e+01
7.600000e-07	2.619526e-03	-1.458168e+01
7.700000e-07	4.775936e-03	-1.465529e+01
7.800000e-07	1.551154e-03	-1.476795e+01
7.900000e-07	5.285734e-03	-1.479364e+01
8.000000e-07	1.802005e-03	-1.486484e+01
8.100000e-07	3.238388e-03	-1.490795e+01
8.200000e-07	2.310360e-03	-1.496201e+01
8.300000e-07	3.764501e-03	-1.504221e+01
8.400000e-07	1.460650e-03	-1.502627e+01
8.500000e-07	3.895724e-03	-1.513637e+01
8.600000e-07	4.777815e-03	-1.515955e+01
8.700000e-07	4.765280e-03	-1.519053e+01
8.800000e-07	4.742027e-03	-1.517260e+01
8.900000e-07	6.259753e-03	-1.522276e+01
9.000000e-07	6.327393e-03	-1.526421e+01
9.100000e-07	6.426290e-03	-1.526481e+01
9.200000e-07	9.907537e-03	-1.527524e+01
9.300000e-07	1.176259e-02	-1.526266e+01
9.400000e-07	1.361598e-02	-1.526331e+01
9.500000e-07	1.394134e-02	-1.528384e+01
9.600000e-07	1.755574e-02	-1.524374e+01
9.700000e-07	2.344617e-02	-1.519006e+01
9.800000e-07	2.678164e-02	-1.519054e+01
9.900000e-07	3.103185e-02	-1.511103e+01
1.000000e-06	3.695371e-02	-1.509787e+01
1.010000e-06	4.321342e-02	-1.502431e+01
1.020000e-06	4.787691e-02	-1.498364e+01
1.030000e-06	4.512888e-02	-1.497908e+01
1.040000e-06	3.864486e-02	-1.490582e+01
1.050000e-06	3.061983e-02	-1.478174e+01
1.060000e-06	2.470890e-02	-1.474898e+01
1.070000e-06	1.839786e-02	-1.464536e+01
1.080000e-06	1.565050e-02	-1.459008e+01
1.090000e-06	1.208913e-02	-1.450432e+01
1.100000e-06	1.030933e-02	-1.437106e+01
1.110000e-06	7.192944e-03	-1.427486e+01
1.120000e-06	7.384749e-03	-1.413040e+01
1.130000e-06	6.490064e-03	-1.403229e+01
1.140000e-06	4.834352e-03	-1.386595e+01
1.150000e-06	3.865224e-03	-1.377011e+01
1.160000e-06	2.927221e-03	-1.365327e+01
1.170000e-06	2.747603e-03	-1.347790e+01
1.180000e-06	1.984727e-03	-1.337963e+01
1.190000e-06	1.379487e-03	-1.324379e+01
1.200000e-06	5.985862e-04	-1.311497e+01
1.210000e-06	9.200002e-04	-1.296048e+01
1.220000e-06	1.970704e-03	-1.284179e+01
1.230000e-06	4.918744e-04	-1.265389e+01
1.240000e-06	-1.197224e-03	-1.251845e+01
1.250000e-06	-1.846877e-03	-1.235763e+01
1.260000e-06	-3.420377e-04	-1.214106e+01
1.270000e-06	-9.723330e-04	-1.198172e+01
1.280000e-06	-2.197998e-03	-1.178171e+01
1.290000e-06	-3.052536e-04	-1.163069e+01
1.300000e-06	1.520545e-04	-1.139222e+01
1.310000e-06	-1.905874e-03	-1.117114e+01
1.320000e-06	-2.935813e-03	-1.094061e+01
1.330000e-06	-1.984740e-03	-1.077063e+01
1.340000e-06	-1.473452e-03	-1.058015e+01
1.350000e-06	-4.078753e-03	-1.037053e+01
1.360000e-06	-2.966919e-03	-1.016808e+01
1.370000e-06	-2.832011e-03	-9.887958e+00
1.380000e-06	-2.781328e-03	-9.698303e+00
1.390000e-06	-4.501537e-03	-9.494923e+00
1.400000e-06	-3.783258e-03	-9.222743e+00
1.410000e-06	-4.208499e-03	-9.013266e+00
1.420000e-06	-4.124641e-03	-8.843209e+00
1.430000e-06	-4.288242e-03	-8.618058e+00
1.440000e-06	-4.741546e-03	-8.327498e+00
1.450000e-06	-5.346580e-03	-8.076817e+00
1.460000e-06	-4.248058e-03	-7.841711e+00
1.470000e-06	-4.894824e-03	-7.568609e+00
1.480000e-06	-5.200053e-03	-7.297320e+00
1.490000e-06	-5.096109e-03	-7.114322e+00
1.500000e-06	-5.257874e-03	-6.789514e+00
1.510000e-06	-4.482340e-03	-6.556979e+00
1.520000e-06	-5.744103e-03	-6.335917e+00
1.530000e-06	-4.540607e-03	-6.041816e+00
1.540000e-06	-5.932345e-03	-5.778555e+00
1.550000e-06	-4.099731e-03	-5.457546e+00
1.560000e-06	-4.752666e-03	-5.219691e+00
1.570000e-06	-4.822189e-03	-4.936403e+00
1.580000e-06	-4.641017e-03	-4.611208e+00
1.590000e-06	-5.742597e-03	-4.398055e+00
1.600000e-06	-5.089351e-03	-4.115471e+00
1.610000e-06	-4.145620e-03	-3.864406e+00
1.620000e-06	-4.416346e-03	-3.578024e+00
1.630000e-06	-4.410686e-03	-3.294920e+00
1.640000e-06	-5.928067e-03	-2.970189e+00
1.650000e-06	-4.526579e-03	-2.755424e+00
1.660000e-06	-7.126531e-03	-2.442262e+00
1.670000e-06	-4.064834e-03	-2.137206e+00
1.680000e-06	-5.706615e-03	-1.892741e+00
1.690000e-06	-4.290817e-03	-1.610156e+00
1.700000e-06	-6.531521e-03	-1.223713e+00
1.710000e-06	-4.876984e-03	-9.985489e-01
1.720000e-06	-5.535873e-03	-6.658673e-01
1.730000e-06	-4.588238e-03	-3.775326e-01
1.740000e-06	-5.582794e-03	-1.158737e-01
1.750000e-06	-9.244249e-05	1.487394e-01
1.760000e-06	5.363252e-03	4.144987e-01
1.770000e-06	-7.894143e-03	6.938304e-01
1.780000e-06	4.423732e-03	9.802383e-01
1.790000e-06	-5.127134e-03	1.232580e+00
1.800000e-06	1.808964e-03	1.557708e+00
1.810000e-06	-7.521591e-03	1.810528e+00
1.820000e-06	1.459172e-02	2.032024e+00
1.830000e-06	2.079828e-02	2.254079e+00
1.840000e-06	8.724355e-02	2.559688e+00
1.850000e-06	-4.486517e-02	2.887584e+00
1.860000e-06	-4.737905e-02	3.192375e+00
1.870000e-06	-2.448115e-02	3.505129e+00
1.880000e-06	-5.621507e-03	3.747788e+00
1.890000e-06	-3.537028e-02	3.948346e+00
1.900000e-06	-2.486004e-02	4.191449e+00
1.910000e-06	5.431244e-02	4.452504e+00
1.920000e-06	4.938036e-02	4.676612e+00
1.930000e-06	-1.205086e-01	5.008971e+00
1.940000e-06	1.537577e-01	5.285103e+00
1.950000e-06	-1.228369e-01	5.589927e+00
1.960000e-06	4.248429e-02	5.843503e+00
1.970000e-06	2.399275e-03	6.106186e+00
1.980000e-06	-7.618444e-03	6.328838e+00
1.990000e-06	1.783549e-02	6.621527e+00
2.000000e-06	-4.736129e-02	6.916238e+00
2.010000e-06	4.877428e-02	7.150300e+00
2.020000e-06	-3.861235e-02	7.505578e+00
2.030000e-06	2.866893e-03	7.767267e+00
2.040000e-06	-7.332336e-03	7.983051e+00
2.050000e-06	9.424522e-03	8.314108e+00
2.060000e-06	2.379503e-02	8.506163e+00
2.070000e-06	-4.572395e-02	8.696266e+00
2.080000e-06	1.125581e-02	9.020921e+00
2.090000e-06	2.015443e-03	9.219471e+00
2.100000e-06	-6.004094e-03	9.422479e+00
2.110000e-06	-9.544163e-03	9.632132e+00
2.120000e-06	-2.366250e-03	9.885113e+00
2.130000e-06	1.738721e-02	1.010674e+01
2.140000e-06	-1.829598e-02	1.031771e+01
2.150000e-06	-1.193082e-02	1.054842e+01
2.160000e-06	-7.189239e-03	1.070674e+01
2.170000e-06	9.777029e-03	1.093619e+01
2.180000e-06	-6.281089e-03	1.109789e+01
2.190000e-06	-1.591558e-02	1.133832e+01
2.200000e-06	8.829355e-03	1.150776e+01
2.210000e-06	9.598778e-04	1.173827e+01
2.220000e-06	-1.047510e-02	1.191767e+01
2.230000e-06	-1.212419e-02	1.208521e+01
2.240000e-06	9.628370e-03	1.223266e+01
2.250000e-06	-1.110300e-03	1.243305e+01
2.260000e-06	-1.572472e-02	1.260142e+01
2.270000e-06	-6.717682e-03	1.278792e+01
2.280000e-06	1.976013e-03	1.291732e+01
2.290000e-06	-4.829933e-03	1.303616e+01
2.300000e-06	-1.422818e-02	1.323348e+01
2.310000e-06	-9.265774e-04	1.336213e+01
2.320000e-06	-8.680023e-04	1.353640e+01
2.330000e-06	-7.498273e-03	1.365364e+01
2.340000e-06	-7.648623e-03	1.379253e+01
2.350000e-06	-3.731965e-03	1.391795e+01
2.360000e-06	-4.970233e-03	1.405622e+01
2.370000e-06	-1.176559e-02	1.420006e+01
2.380000e-06	-4.688490e-03	1.433837e+01
2.390000e-06	-4.037093e-03	1.441409e+01
2.400000e-06	-6.494034e-03	1.451737e+01
2.410000e-06	-9.793804e-03	1.460108e+01
2.420000e-06	-5.444148e-03	1.471675e+01
2.430000e-06	-6.170149e-03	1.478048e+01
2.440000e-06	-7.672078e-03	1.483369e+01
2.450000e-06	-6.926906e-03	1.489477e+01
2.460000e-06	-8.739489e-03	1.496942e+01
2.470000e-06	-7.833423e-03	1.500158e+01
2.480000e-06	-9.817100e-03	1.501524e+01
2.490000e-06	-7.273489e-03	1.507579e+01
2.500000e-06	-1.042495e-02	1.512793e+01
2.510000e-06	-1.134318e-02	1.518053e+01
2.520000e-06	-1.118116e-02	1.519166e+01
2.530000e-06	-1.190787e-02	1.521416e+01
2.540000e-06	-1.179041e-02	1.528269e+01
2.550000e-06	-1.542222e-02	1.526629e+01
2.560000e-06	-1.227492e-02	1.529576e+01
2.570000e-06	-1.724727e-02	1.527577e+01
2.580000e-06	-1.670002e-02	1.527579e+01
2.590000e-06	-2.019676e-02	1.531482e+01
2.600000e-06	-2.128218e-02	1.525522e+01
2.610000e-06	-2.397560e-02	1.528679e+01
2.620000e-06	-2.775444e-02	1.524124e+01
2.630000e-06	-3.168718e-02	1.526314e+01
2.640000e-06	-3.834560e-02	1.520256e+01
2.650000e-06	-4.236948e-02	1.516746e+01
2.660000e-06	-5.044408e-02	1.507688e+01
2.670000e-06	-5.275023e-02	1.507624e+01
2.680000e-06	-5.257816e-02	1.501156e+01
2.690000e-06	-4.541434e-02	1.495747e+01
2.700000e-06	-3.947531e-02	1.488579e+01
2.710000e-06	-3.187775e-02	1.481056e+01
2.720000e-06	-2.633061e-02	1.473645e+01
2.730000e-06	-2.262264e-02	1.461361e+01
2.740000e-06	-2.107741e-02	1.454693e+01
2.750000e-06	-1.811825e-02	1.447267e+01
2.760000e-06	-1.706423e-02	1.431845e+01
2.770000e-06	-1.370715e-02	1.421126e+01
2.780000e-06	-1.517684e-02	1.407637e+01
2.790000e-06	-1.085222e-02	1.395003e+01
2.800000e-06	-1.224333e-02	1.383384e+01
2.810000e-06	-1.057631e-02	1.373688e+01
2.820000e-06	-1.219978e-02	1.359053e+01
2.830000e-06	-9.591782e-03	1.341419e+01
2.840000e-06	-1.006115e-02	1.330645e+01
2.850000e-06	-7.611520e-03	1.314861e+01
2.860000e-06	-9.935398e-03	1.301217e+01
2.870000e-06	-9.086985e-03	1.288277e+01
2.880000e-06	-8.609930e-03	1.272740e+01
2.890000e-06	-6.698060e-03	1.257001e+01
2.900000e-06	-7.129016e-03	1.244217e+01
2.910000e-06	-8.293460e-03	1.228364e+01
2.920000e-06	-6.806170e-03	1.205429e+01
2.930000e-06	-6.840423e-03	1.186632e+01
2.940000e-06	-6.029892e-03	1.167692e+01
2.950000e-06	-7.882558e-03	1.152532e+01
2.960000e-06	-6.213989e-03	1.132740e+01
2.970000e-06	-5.832866e-03	1.107482e+01
2.980000e-06	-5.711806e-03	1.086590e+01
2.990000e-06	-5.953710e-03	1.067477e+01
3.000000e-06	-6.289191e-03	1.049384e+01
3.010000e-06	-5.134775e-03	1.027472e+01
3.020000e-06	-5.560818e-03	1.006432e+01
3.030000e-06	-5.310703e-03	9.811137e+00
3.040000e-06	-5.993961e-03	9.578108e+00
3.050000e-06	-5.189786e-03	9.357979e+00
3.060000e-06	-5.085823e-03	9.166975e+00
3.070000e-06	-5.566903e-03	8.884397e+00
3.080000e-06	-5.731394e-03	8.663245e+00
3.090000e-06	-5.643411e-03	8.443243e+00
3.100000e-06	-4.461429e-03	8.210089e+00
3.110000e-06	-5.808406e-03	7.917851e+00
3.120000e-06	-5.694016e-03	7.675850e+00
3.130000e-06	-5.069662e-03	7.450135e+00
3.140000e-06	-4.611926e-03	7.169455e+00
3.150000e-06	-5.473541e-03	6.926926e+00
3.160000e-06	-4.947991e-03	6.681295e+00
3.170000e-06	-3.922547e-03	6.380059e+00
3.180000e-06	-4.273987e-03	6.155975e+00
3.190000e-06	-5.056907e-03	5.905795e+00
3.200000e-06	-6.344180e-03	5.631689e+00
3.210000e-06	-5.336607e-03	5.357506e+00
3.220000e-06	-5.637702e-03	5.064294e+00
3.230000e-06	-5.386967e-03	4.748401e+00
3.240000e-06	-4.942613e-03	4.453797e+00
3.250000e-06	-4.427019e-03	4.209711e+00
3.260000e-06	-4.484045e-03	3.916422e+00
3.270000e-06	-4.647649e-03	3.672766e+00
3.280000e-06	-3.852127e-03	3.388283e+00
3.290000e-06	-5.021178e-03	3.106867e+00
3.300000e-06	-5.156546e-03	2.822163e+00
3.310000e-06	-4.960418e-03	2.525429e+00
3.320000e-06	-5.444385e-03	2.232087e+00
3.330000e-06	-4.212340e-03	2.000504e+00
3.340000e-06	-4.218242e-03	1.692720e+00
3.350000e-06	-4.131601e-03	1.410081e+00
3.360000e-06	-4.699841e-03	1.124316e+00
3.370000e-06	-3.815755e-03	7.880550e-01
3.380000e-06	-4.505958e-03	4.933684e-01
3.390000e-06	-3.019673e-03	2.301618e-01
3.400000e-06	-2.290332e-03	-8.412646e-02
3.410000e-06	8.541761e-03	-3.287843e-01
3.420000e-06	-3.601284e-03	-6.110424e-01
3.430000e-06	3.267621e-03	-8.451555e-01
3.440000e-06	-2.609378e-03	-1.137786e+00
3.450000e-06	2.647903e-03	-1.472171e+00
3.460000e-06	-4.616354e-03	-1.685232e+00
3.470000e-06	1.679431e-02	-1.906787e+00
3.480000e-06	4.318454e-02	-2.146867e+00
3.490000e-06	9.091008e-02	-2.475153e+00
3.500000e-06	-1.084905e-01	-2.822997e+00
3.510000e-06	1.577030e-02	-3.223018e+00
3.520000e-06	-5.001698e-02	-3.464128e+00
3.530000e-06	2.387933e-03	-3.614680e+00
3.540000e-06	-1.042797e-01	-3.946939e+00
3.550000e-06	1.297161e-01	-4.075837e+00
3.560000e-06	4.634104e-02	-4.286763e+00
3.570000e-06	-1.490330e-01	-4.621574e+00
3.580000e-06	1.985968e-01	-4.874128e+00
3.590000e-06	-1.740883e-01	-5.138838e+00
3.600000e-06	9.535465e-02	-5.486129e+00
3.610000e-06	-1.152272e-02	-5.698289e+00
3.620000e-06	-4.718672e-02	-6.029501e+00
3.630000e-06	1.266372e-01	-6.222556e+00
3.640000e-06	-1.429596e-01	-6.579895e+00
3.650000e-06	9.915151e-02	-6.810603e+00
3.660000e-06	-4.882622e-02	-7.096257e+00
3.670000e-06	-7.468374e-03	-7.379969e+00
3.680000e-06	4.855344e-02	-7.672104e+00
3.690000e-06	-7.395799e-02	-7.907364e+00
3.700000e-06	1.254286e-01	-8.180451e+00
3.710000e-06	-1.123994e-01	-8.441024e+00
3.720000e-06	6.782622e-02	-8.635711e+00
3.730000e-06	-2.804630e-02	-8.908363e+00
3.740000e-06	-6.417021e-04	-9.137892e+00
3.750000e-06	1.359924e-02	-9.339949e+00
3.760000e-06	-3.294908e-02	-9.610503e+00
3.770000e-06	7.475639e-02	-9.831555e+00
3.780000e-06	-5.406306e-02	-1.005316e+01
3.790000e-06	3.109534e-02	-1.023366e+01
3.800000e-06	-4.674640e-02	-1.043521e+01
3.810000e-06	4.883331e-02	-1.068411e+01
3.820000e-06	-2.172868e-02	-1.083371e+01
3.830000e-06	3.613205e-03	-1.105318e+01
3.840000e-06	7.031874e-03	-1.125471e+01
3.850000e-06	4.436537e-03	-1.145416e+01
3.860000e-06	-2.593519e-03	-1.162273e+01
3.870000e-06	-2.222303e-02	-1.186466e+01
3.880000e-06	3.169806e-02	-1.204518e+01
3.890000e-06	-9.989797e-03	-1.221263e+01
3.900000e-06	8.605727e-03	-1.241008e+01
3.910000e-06	-2.041400e-02	-1.251042e+01
3.920000e-06	2.620610e-02	-1.272789e+01
3.930000e-06	-1.579882e-02	-1.287629e+01
3.940000e-06	1.848996e-03	-1.304273e+01
3.950000e-06	-4.263884e-03	-1.314001e+01
3.960000e-06	1.585782e-02	-1.332992e+01
3.970000e-06	-4.473960e-03	-1.343521e+01
3.980000e-06	-2.310858e-03	-1.363318e+01
3.990000e-06	5.958110e-03	-1.373997e+01
4.000000e-06	1.168695e-03	-1.388835e+01
4.010000e-06	-1.402869e-03	-1.403311e+01
4.020000e-06	-1.530026e-03	-1.416047e+01
4.030000e-06	9.609936e-03	-1.426432e+01
4.040000e-06	-4.895194e-04	-1.438000e+01
4.050000e-06	1.769211e-03	-1.448624e+01
4.060000e-06	1.215659e-04	-1.455095e+01
4.070000e-06	4.160600e-03	-1.463468e+01
4.080000e-06	1.650156e-03	-1.469741e+01
4.090000e-06	3.964969e-03	-1.482005e+01
4.100000e-06	2.890057e-03	-1.487327e+01
4.110000e-06	3.273709e-03	-1.491790e+01
4.120000e-06	5.849620e-04	-1.496842e+01
4.130000e-06	4.790963e-03	-1.502411e+01
4.140000e-06	1.768508e-03	-1.506521e+01
4.150000e-06	3.488257e-03	-1.504587e+01
4.160000e-06	3.861778e-03	-1.511990e+01
4.170000e-06	5.182024e-03	-1.515258e+01
4.180000e-06	4.985962e-03	-1.521206e+01
4.190000e-06	3.812722e-03	-1.522266e+01
4.200000e-06	6.207429e-03	-1.523569e+01
4.210000e-06	5.932167e-03	-1.524266e+01
4.220000e-06	9.902320e-03	-1.525522e+01
4.230000e-06	1.044230e-02	-1.528389e+01
4.240000e-06	1.362564e-02	-1.528379e+01
4.250000e-06	1.330213e-02	-1.526374e+01
4.260000e-06	1.737480e-02	-1.525384e+01
4.270000e-06	2.054601e-02	-1.521116e+01
4.280000e-06	2.481223e-02	-1.517104e+01
4.290000e-06	2.848067e-02	-1.517000e+01
4.300000e-06	3.451389e-02	-1.511707e+01
4.310000e-06	4.142589e-02	-1.508584e+01
4.320000e-06	4.546877e-02	-1.505377e+01
4.330000e-06	4.645675e-02	-1.498008e+01
4.340000e-06	4.196148e-02	-1.490687e+01
4.350000e-06	3.612450e-02	-1.484329e+01
4.360000e-06	2.770921e-02	-1.476061e+01
4.370000e-06	2.071331e-02	-1.469700e+01
4.380000e-06	1.604516e-02	-1.460223e+01
4.390000e-06	1.396768e-02	-1.452798e+01
4.400000e-06	1.109375e-02	-1.442274e+01
4.410000e-06	8.154190e-03	-1.434698e+01
4.420000e-06	7.148833e-03	-1.420219e+01
4.430000e-06	7.703624e-03	-1.407679e+01
4.440000e-06	5.046486e-03	-1.399906e+01
4.450000e-06	3.307977e-03	-1.384231e+01
4.460000e-06	3.172362e-03	-1.370640e+01
4.470000e-06	2.680166e-03	-1.355873e+01
4.480000e-06	2.601353e-03	-1.344424e+01
4.490000e-06	1.682984e-03	-1.330632e+01
4.500000e-06	3.817237e-04	-1.316911e+01
4.510000e-06	7.465908e-04	-1.304369e+01
4.520000e-06	-1.236239e-04	-1.292745e+01
4.530000e-06	1.134240e-03	-1.273843e+01
4.540000e-06	2.106782e-04	-1.260206e+01
4.550000e-06	-6.212589e-04	-1.246181e+01
4.560000e-06	-4.238737e-05	-1.222327e+01
4.570000e-06	-1.805978e-03	-1.212703e+01
4.580000e-06	-2.348725e-03	-1.193437e+01
4.590000e-06	-2.479466e-03	-1.173595e+01
4.600000e-06	-5.863974e-04	-1.147692e+01
4.610000e-06	-1.555307e-03	-1.126542e+01
4.620000e-06	-2.546353e-03	-1.107432e+01
4.630000e-06	-2.123499e-03	-1.088432e+01
4.640000e-06	-7.475367e-04	-1.068642e+01
4.650000e-06	-3.221040e-03	-1.048595e+01
4.660000e-06	-3.153212e-03	-1.026322e+01
4.670000e-06	-3.714535e-03	-1.002384e+01
4.680000e-06	-2.792869e-03	-9.831239e+00
4.690000e-06	-4.906597e-03	-9.641763e+00
4.700000e-06	-4.407811e-03	-9.359685e+00
4.710000e-06	-4.179122e-03	-9.118501e+00
4.720000e-06	-3.290242e-03	-8.926950e+00
4.730000e-06	-4.166043e-03	-8.695344e+00
4.740000e-06	-4.548479e-03	-8.441740e+00
4.750000e-06	-4.828843e-03	-8.229607e+00
4.760000e-06	-5.167020e-03	-7.968576e+00
4.770000e-06	-4.617595e-03	-7.702422e+00
4.780000e-06	-4.490068e-03	-7.452189e+00
4.790000e-06	-4.807646e-03	-7.179082e+00
4.800000e-06	-4.538792e-03	-6.964926e+00
4.810000e-06	-4.959647e-03	-6.635314e+00
4.820000e-06	-5.250086e-03	-6.421688e+00
4.830000e-06	-5.276412e-03	-6.119556e+00
4.840000e-06	-3.944201e-03	-5.906445e+00
4.850000e-06	-5.063676e-03	-5.654289e+00
4.860000e-06	-4.626517e-03	-5.348581e+00
4.870000e-06	-6.772783e-03	-5.085315e+00
4.880000e-06	-4.106489e-03	-4.726999e+00
4.890000e-06	-5.761345e-03	-4.484796e+00
4.900000e-06	-4.034363e-03	-4.269791e+00
4.910000e-06	-5.765449e-03	-3.998630e+00
4.920000e-06	-4.054800e-03	-3.705923e+00
4.930000e-06	-5.007649e-03	-3.430234e+00
4.940000e-06	-4.012385e-03	-3.188550e+00
4.950000e-06	-5.751964e-03	-2.832189e+00
4.960000e-06	-5.998709e-03	-2.597580e+00
4.970000e-06	-5.723849e-03	-2.312391e+00
4.980000e-06	-5.343534e-03	-1.990008e+00
4.990000e-06	-5.213767e-03	-1.745447e+00
5.000000e-06	-6.498988e-03	-1.419359e+00
5.010000e-06	-5.950651e-03	-1.095818e+00
5.020000e-06	-5.758749e-03	-7.612116e-01
5.030000e-06	-4.460685e-03	-5.143949e-01
5.040000e-06	-5.231597e-03	-2.327118e-01
5.050000e-06	-4.225597e-03	5.144488e-02
5.060000e-06	4.543472e-03	2.967328e-01
5.070000e-06	-2.982869e-03	5.682634e-01
5.080000e-06	-6.123352e-04	7.794749e-01
5.090000e-06	-1.846415e-03	1.106568e+00
5.100000e-06	-1.287617e-03	1.391347e+00
5.110000e-06	-5.106503e-03	1.716130e+00
5.120000e-06	4.385049e-03	1.925839e+00
5.130000e-06	1.256792e-02	2.127264e+00
5.140000e-06	6.089091e-02	2.399372e+00
5.150000e-06	4.312746e-02	2.748342e+00
5.160000e-06	-8.822518e-02	3.082604e+00
5.170000e-06	-1.281072e-02	3.327712e+00
5.180000e-06	-2.918928e-02	3.612976e+00
5.190000e-06	-2.850148e-03	3.845154e+00
5.200000e-06	-5.577859e-02	4.055161e+00
5.210000e-06	1.868729e-02	4.363715e+00
5.220000e-06	8.461548e-02	4.560372e+00
5.230000e-06	-8.090588e-02	4.882054e+00
5.240000e-06	3.793214e-02	5.157243e+00
5.250000e-06	4.394728e-02	5.464026e+00
5.260000e-06	-9.939599e-02	5.676589e+00
5.270000e-06	7.710136e-02	6.000446e+00
5.280000e-06	-4.797471e-02	6.243525e+00
5.290000e-06	3.404405e-02	6.475655e+00
5.300000e-06	-2.871665e-02	6.780902e+00
5.310000e-06	2.631228e-04	7.042055e+00
5.320000e-06	2.578224e-02	7.285763e+00
5.330000e-06	-5.164948e-02	7.642024e+00
5.340000e-06	3.010145e-02	7.853584e+00
5.350000e-06	-2.851332e-02	8.178794e+00
5.360000e-06	4.748410e-02	8.378473e+00
5.370000e-06	-2.852042e-02	8.612532e+00
5.380000e-06	-2.321590e-02	8.842579e+00
5.390000e-06	2.172988e-02	9.076165e+00
5.400000e-06	-1.905091e-02	9.338263e+00
5.410000e-06	1.093054e-02	9.536868e+00
5.420000e-06	-2.902927e-02	9.779375e+00
5.430000e-06	3.246935e-02	9.978400e+00
5.440000e-06	-1.893254e-02	1.019355e+01
5.450000e-06	-4.112646e-03	1.044163e+01
5.460000e-06	-1.880604e-02	1.063463e+01
5.470000e-06	1.049506e-02	1.081156e+01
5.480000e-06	2.684055e-03	1.098210e+01
5.490000e-06	-2.209916e-02	1.124098e+01
5.500000e-06	3.880615e-03	1.143154e+01
5.510000e-06	1.397403e-03	1.163353e+01
5.520000e-06	3.399044e-03	1.188158e+01
5.530000e-06	-2.695161e-02	1.200953e+01
5.540000e-06	1.052965e-02	1.215045e+01
5.550000e-06	1.020689e-03	1.233932e+01
5.560000e-06	-3.559270e-03	1.251735e+01
5.570000e-06	-1.731931e-02	1.266466e+01
5.580000e-06	1.713477e-03	1.285369e+01
5.590000e-06	1.194722e-03	1.300250e+01
5.600000e-06	-1.442449e-02	1.312898e+01
5.610000e-06	-4.135589e-03	1.333879e+01
5.620000e-06	-2.360277e-03	1.347356e+01
5.630000e-06	4.067772e-04	1.358055e+01
5.640000e-06	-1.371274e-02	1.373847e+01
5.650000e-06	-3.107084e-03	1.382762e+01
5.660000e-06	-6.320152e-03	1.398058e+01
5.670000e-06	-6.203694e-03	1.413880e+01
5.680000e-06	-9.819893e-03	1.426576e+01
5.690000e-06	-1.975646e-03	1.434998e+01
5.700000e-06	-7.404704e-03	1.449374e+01
5.710000e-06	-7.296314e-03	1.454998e+01
5.720000e-06	-5.797171e-03	1.466464e+01
5.730000e-06	-9.320073e-03	1.473785e+01
5.740000e-06	-5.059112e-03	1.481059e+01
5.750000e-06	-1.063676e-02	1.488334e+01
5.760000e-06	-3.966046e-03	1.493840e+01
5.770000e-06	-9.017671e-03	1.498953e+01
5.780000e-06	-1.011430e-02	1.502316e+01
5.790000e-06	-8.476949e-03	1.507624e+01
5.800000e-06	-1.035742e-02	1.511685e+01
5.810000e-06	-1.068047e-02	1.516045e+01
5.820000e-06	-1.186475e-02	1.523106e+01
5.830000e-06	-1.059122e-02	1.520124e+01
5.840000e-06	-1.110588e-02	1.525269e+01
5.850000e-06	-1.206460e-02	1.528636e+01
5.860000e-06	-1.285660e-02	1.523574e+01
5.870000e-06	-1.581429e-02	1.527532e+01
5.880000e-06	-1.765636e-02	1.529587e+01
5.890000e-06	-1.964895e-02	1.528529e+01
5.900000e-06	-2.095490e-02	1.530582e+01
5.910000e-06	-2.262877e-02	1.530476e+01
5.920000e-06	-2.428225e-02	1.526421e+01
5.930000e-06	-2.960200e-02	1.524421e+01
5.940000e-06	-3.564898e-02	1.520156e+01
5.950000e-06	-4.212300e-02	1.517058e+01
5.960000e-06	-4.816400e-02	1.514893e+01
5.970000e-06	-5.075346e-02	1.505540e+01
5.980000e-06	-5.351988e-02	1.501321e+01
5.990000e-06	-4.799569e-02	1.497003e+01
6.000000e-06	-4.403101e-02	1.490682e+01
6.010000e-06	-3.527029e-02	1.487372e+01
6.020000e-06	-2.934071e-02	1.474843e+01
6.030000e-06	-2.428026e-02	1.463474e+01
6.040000e-06	-2.124012e-02	1.458003e+01
6.050000e-06	-1.810873e-02	1.447529e+01
6.060000e-06	-1.667407e-02	1.438169e+01
6.070000e-06	-1.536774e-02	1.427570e+01
6.080000e-06	-1.617778e-02	1.419155e+01
6.090000e-06	-1.349848e-02	1.401277e+01
6.100000e-06	-1.252212e-02	1.388638e+01
6.110000e-06	-1.023692e-02	1.378918e+01
6.120000e-06	-1.151311e-02	1.366319e+01
6.130000e-06	-9.405195e-03	1.350638e+01
6.140000e-06	-1.046187e-02	1.337108e+01
6.150000e-06	-9.231559e-03	1.326326e+01
6.160000e-06	-1.078810e-02	1.307432e+01
6.170000e-06	-7.814467e-03	1.296800e+01
6.180000e-06	-9.613962e-03	1.278016e+01
6.190000e-06	-6.534421e-03	1.263419e+01
6.200000e-06	-7.605339e-03	1.249392e+01
6.210000e-06	-6.746133e-03	1.230843e+01
6.220000e-06	-7.768655e-03	1.215798e+01
6.230000e-06	-6.834305e-03	1.194706e+01
6.240000e-06	-7.687409e-03	1.181158e+01
6.250000e-06	-6.529079e-03	1.162054e+01
6.260000e-06	-5.626392e-03	1.136909e+01
6.270000e-06	-5.726871e-03	1.119004e+01
6.280000e-06	-6.420789e-03	1.098959e+01
6.290000e-06	-6.289777e-03	1.078068e+01
6.300000e-06	-5.067410e-03	1.055861e+01
6.310000e-06	-5.772275e-03	1.035913e+01
6.320000e-06	-5.904571e-03	1.017801e+01
6.330000e-06	-5.567300e-03	9.936401e+00
6.340000e-06	-6.007947e-03	9.674876e+00
6.350000e-06	-5.279385e-03	9.454741e+00
6.360000e-06	-6.720402e-03	9.255290e+00
6.370000e-06	-5.257171e-03	9.013663e+00
6.380000e-06	-5.574223e-03	8.788134e+00
6.390000e-06	-4.879973e-03	8.536975e+00
6.400000e-06	-5.074753e-03	8.318425e+00
6.410000e-06	-5.453406e-03	8.062774e+00
6.420000e-06	-5.861718e-03	7.811085e+00
6.430000e-06	-5.368485e-03	7.548553e+00
6.440000e-06	-4.571375e-03	7.333300e+00
6.450000e-06	-5.262395e-03	7.041688e+00
6.460000e-06	-5.792334e-03	6.790109e+00
6.470000e-06	-5.683258e-03	6.524421e+00
6.480000e-06	-4.353423e-03	6.293292e+00
6.490000e-06	-5.068154e-03	6.041186e+00
6.500000e-06	-5.756596e-03	5.789079e+00
6.510000e-06	-4.756807e-03	5.487347e+00
6.520000e-06	-4.677744e-03	5.201287e+00
6.530000e-06	-5.397669e-03	4.874245e+00
6.540000e-06	-5.963334e-03	4.588535e+00
6.550000e-06	-4.411046e-03	4.340028e+00
6.560000e-06	-5.143170e-03	4.053266e+00
6.570000e-06	-3.860407e-03	3.799058e+00
6.580000e-06	-4.961622e-03	3.538002e+00
6.590000e-06	-5.036305e-03	3.221764e+00
6.600000e-06	-4.909671e-03	2.967476e+00
6.610000e-06	-4.320516e-03	2.686418e+00
6.620000e-06	-5.450342e-03	2.379603e+00
6.630000e-06	-5.160771e-03	2.093797e+00
6.640000e-06	-4.627428e-03	1.820137e+00
6.650000e-06	-4.621369e-03	1.576950e+00
6.660000e-06	-5.239520e-03	1.240715e+00
6.670000e-06	-5.147994e-03	9.267736e-01
6.680000e-06	-3.552528e-03	6.410892e-01
6.690000e-06	-3.827996e-03	3.999725e-01
6.700000e-06	-2.645889e-03	7.421190e-02
6.710000e-06	1.320914e-03	-2.009699e-01
6.720000e-06	8.181104e-03	-4.220001e-01
6.730000e-06	-6.209507e-03	-7.598870e-01
6.740000e-06	4.480259e-03	-1.030970e+00
6.750000e-06	-4.364080e-03	-1.273705e+00
6.760000e-06	3.130438e-03	-1.569415e+00
6.770000e-06	9.387599e-04	-1.798446e+00
6.780000e-06	2.816347e-02	-2.022577e+00
6.790000e-06	8.629545e-02	-2.326833e+00
6.800000e-06	-1.676242e-02	-2.643603e+00
6.810000e-06	-6.504734e-02	-3.010073e+00
6.820000e-06	1.691007e-03	-3.357867e+00
6.830000e-06	-2.897913e-02	-3.589370e+00
6.840000e-06	-4.528960e-02	-3.771896e+00
6.850000e-06	-3.334788e-02	-4.041025e+00
6.860000e-06	1.914238e-01	-4.180949e+00
6.870000e-06	-1.656269e-01	-4.436578e+00
6.880000e-06	9.927459e-02	-4.708390e+00
6.890000e-06	1.521562e-02	-4.969446e+00
6.900000e-06	-1.239981e-01	-5.350412e+00
6.910000e-06	1.540483e-01	-5.630000e+00
6.920000e-06	-1.523397e-01	-5.885205e+00
6.930000e-06	1.378154e-01	-6.157367e+00
6.940000e-06	-4.978204e-02	-6.431848e+00
6.950000e-06	-4.043503e-02	-6.727288e+00
6.960000e-06	9.032769e-02	-7.006892e+00
6.970000e-06	-1.137010e-01	-7.302658e+00
6.980000e-06	1.070655e-01	-7.506786e+00
6.990000e-06	-9.424172e-02	-7.821005e+00
7.000000e-06	8.280908e-02	-8.074683e+00
7.010000e-06	-5.349008e-03	-8.304711e+00
7.020000e-06	-4.949563e-02	-8.520443e+00
7.030000e-06	6.888517e-02	-8.782604e+00
7.040000e-06	-6.954523e-02	-9.033233e+00
7.050000e-06	6.279273e-02	-9.224659e+00
7.060000e-06	-6.336866e-02	-9.465708e+00
7.070000e-06	6.320543e-02	-9.718441e+00
7.080000e-06	-1.530702e-02	-9.906293e+00
7.090000e-06	-2.071638e-03	-1.013842e+01
7.100000e-06	-9.357232e-03	-1.033800e+01
7.110000e-06	-4.257945e-03	-1.055995e+01
7.120000e-06	3.379474e-02	-1.077997e+01
7.130000e-06	-3.493048e-02	-1.092037e+01
7.140000e-06	3.028455e-02	-1.112793e+01
7.150000e-06	-1.434281e-02	-1.134850e+01
7.160000e-06	2.340372e-02	-1.156993e+01
7.170000e-06	-4.162463e-02	-1.174037e+01
7.180000e-06	2.716494e-02	-1.195035e+01
7.190000e-06	-1.892549e-03	-1.213837e+01
7.200000e-06	1.084216e-02	-1.229580e+01
7.210000e-06	-1.703457e-02	-1.242421e+01
7.220000e-06	1.293440e-02	-1.265621e+01
7.230000e-06	6.662552e-03	-1.281153e+01
7.240000e-06	-1.290523e-02	-1.299048e+01
7.250000e-06	2.617080e-03	-1.309582e+01
7.260000e-06	9.102433e-04	-1.324521e+01
7.270000e-06	1.349549e-02	-1.339265e+01
7.280000e-06	-1.434466e-02	-1.355887e+01
7.290000e-06	1.013193e-02	-1.369689e+01
7.300000e-06	-1.507864e-03	-1.381221e+01
7.310000e-06	4.697508e-03	-1.394995e+01
7.320000e-06	-6.182614e-03	-1.407584e+01
7.330000e-06	8.808690e-03	-1.419156e+01
7.340000e-06	2.835000e-03	-1.431677e+01
7.350000e-06	7.765759e-04	-1.443316e+01
7.360000e-06	1.358882e-03	-1.448832e+01
7.370000e-06	2.035520e-03	-1.461313e+01
7.380000e-06	2.976051e-03	-1.466527e+01
7.390000e-06	1.150406e-03	-1.469845e+01
7.400000e-06	5.477462e-03	-1.484471e+01
7.410000e-06	2.792426e-03	-1.488582e+01
7.420000e-06	3.219011e-03	-1.490855e+01
7.430000e-06	3.291404e-03	-1.500148e+01
7.440000e-06	2.913509e-03	-1.504266e+01
7.450000e-06	5.299694e-04	-1.506534e+01
7.460000e-06	4.034322e-03	-1.508639e+01
7.470000e-06	6.742994e-03	-1.517045e+01
7.480000e-06	5.377125e-03	-1.516110e+01
7.490000e-06	3.416165e-03	-1.521261e+01
7.500000e-06	4.610223e-03	-1.525121e+01
7.510000e-06	7.238653e-03	-1.523519e+01
7.520000e-06	8.492067e-03	-1.525479e+01
7.530000e-06	1.049655e-02	-1.523382e+01
7.540000e-06	1.147942e-02	-1.526579e+01
7.550000e-06	1.283864e-02	-1.526326e+01
7.560000e-06	1.518957e-02	-1.522424e+01
7.570000e-06	1.869583e-02	-1.523274e+01
7.580000e-06	2.263246e-02	-1.520064e+01
7.590000e-06	2.637171e-02	-1.517003e+01
7.600000e-06	3.246325e-02	-1.515848e+01
7.610000e-06	3.762547e-02	-1.510690e+01
7.620000e-06	4.376674e-02	-1.504529e+01
7.630000e-06	4.778497e-02	-1.498259e+01
7.640000e-06	4.488940e-02	-1.494748e+01
7.650000e-06	3.870014e-02	-1.489582e+01
7.660000e-06	2.986072e-02	-1.482269e+01
7.670000e-06	2.491782e-02	-1.476698e+01
7.680000e-06	1.850909e-02	-1.467324e+01
7.690000e-06	1.471899e-02	-1.454858e+01
7.700000e-06	1.120379e-02	-1.451484e+01
7.710000e-06	9.545154e-03	-1.435905e+01
7.720000e-06	8.064496e-03	-1.415429e+01
7.730000e-06	7.244675e-03	-1.412796e+01
7.740000e-06	5.472012e-03	-1.399274e+01
7.750000e-06	3.596815e-03	-1.393595e+01
7.760000e-06	3.389496e-03	-1.376066e+01
7.770000e-06	2.738110e-03	-1.362321e+01
7.780000e-06	3.118173e-03	-1.345742e+01
7.790000e-06	1.708467e-03	-1.336856e+01
7.800000e-06	1.637062e-03	-1.324481e+01
7.810000e-06	4.976777e-04	-1.306593e+01
7.820000e-06	4.902769e-04	-1.295750e+01
7.830000e-06	2.762426e-04	-1.282166e+01
7.840000e-06	1.217179e-05	-1.267332e+01
7.850000e-06	-5.246682e-04	-1.253642e+01
7.860000e-06	-1.646167e-03	-1.233908e+01
7.870000e-06	-5.160829e-04	-1.220008e+01
7.880000e-06	-7.282346e-04	-1.197109e+01
7.890000e-06	-1.185473e-03	-1.182011e+01
7.900000e-06	-5.864706e-04	-1.158969e+01
7.910000e-06	-2.056983e-03	-1.133314e+01
7.920000e-06	-3.474191e-03	-1.120006e+01
7.930000e-06	-2.655476e-03	-1.097018e+01
7.940000e-06	-1.185848e-03	-1.074913e+01
7.950000e-06	-2.365272e-03	-1.059811e+01
7.960000e-06	-3.950907e-03	-1.032711e+01
7.970000e-06	-2.896355e-03	-1.013750e+01
7.980000e-06	-3.180418e-03	-9.939025e+00
7.990000e-06	-3.863359e-03	-9.726900e+00
8.000000e-06	-4.744215e-03	-9.474464e+00
8.010000e-06	-3.062630e-03	-9.281871e+00
8.020000e-06	-3.945786e-03	-9.051710e+00
8.030000e-06	-4.431921e-03	-8.811585e+00
8.040000e-06	-5.088956e-03	-8.571051e+00
8.050000e-06	-4.327568e-03	-8.307898e+00
8.060000e-06	-4.556656e-03	-8.086347e+00
8.070000e-06	-4.847613e-03	-7.842710e+00
8.080000e-06	-4.768769e-03	-7.529053e+00
8.090000e-06	-4.014546e-03	-7.285323e+00
8.100000e-06	-4.764152e-03	-7.053788e+00
8.110000e-06	-6.276580e-03	-6.751108e+00
8.120000e-06	-5.502797e-03	-6.537979e+00
8.130000e-06	-5.537155e-03	-6.306941e+00
8.140000e-06	-4.150173e-03	-6.011087e+00
8.150000e-06	-6.126655e-03	-5.748153e+00
8.160000e-06	-4.314818e-03	-5.485446e+00
8.170000e-06	-5.368340e-03	-5.192757e+00
8.180000e-06	-3.920964e-03	-4.866425e+00
8.190000e-06	-4.056307e-03	-4.590087e+00
8.200000e-06	-5.917990e-03	-4.388528e+00
8.210000e-06	-5.068132e-03	-4.115824e+00
8.220000e-06	-4.419566e-03	-3.860740e+00
8.230000e-06	-5.076343e-03	-3.559046e+00
8.240000e-06	-5.067388e-03	-3.284418e+00
8.250000e-06	-6.636060e-03	-3.028083e+00
8.260000e-06	-4.265633e-03	-2.724896e+00
8.270000e-06	-6.337210e-03	-2.462738e+00
8.280000e-06	-4.765663e-03	-2.126451e+00
8.290000e-06	-7.394744e-03	-1.842284e+00
8.300000e-06	-4.838054e-03	-1.599633e+00
8.310000e-06	-7.253694e-03	-1.253266e+00
8.320000e-06	-4.263876e-03	-8.984972e-01
8.330000e-06	-6.412732e-03	-6.643395e-01
8.340000e-06	-4.339823e-03	-4.000261e-01
8.350000e-06	-5.742736e-03	-7.434098e-02
8.360000e-06	1.568108e-03	1.587132e-01
8.370000e-06	3.993341e-03	4.520290e-01
8.380000e-06	-7.426361e-03	7.156816e-01
8.390000e-06	3.289530e-03	9.487444e-01
8.400000e-06	-5.560911e-03	1.264107e+00
8.410000e-06	1.316941e-03	1.608162e+00
8.420000e-06	-7.239625e-03	1.830476e+00
8.430000e-06	1.466456e-02	2.020976e+00
8.440000e-06	2.306883e-02	2.284602e+00
8.450000e-06	8.722108e-02	2.579392e+00
8.460000e-06	-5.401215e-02	2.886187e+00
8.470000e-06	-4.065124e-02	3.171571e+00
8.480000e-06	-2.693982e-02	3.513683e+00
8.490000e-06	-4.244326e-03	3.746790e+00
8.500000e-06	-4.039195e-02	3.967402e+00
8.510000e-06	-1.948809e-02	4.202947e+00
8.520000e-06	5.875559e-02	4.472980e+00
8.530000e-06	4.084345e-02	4.727268e+00
8.540000e-06	-1.136719e-01	4.982395e+00
8.550000e-06	1.559124e-01	5.297183e+00
8.560000e-06	-1.335848e-01	5.558397e+00
8.570000e-06	5.024095e-02	5.854479e+00
8.580000e-06	-1.163849e-02	6.117634e+00
8.590000e-06	-9.323762e-04	6.398377e+00
8.600000e-06	1.617484e-02	6.603574e+00
8.610000e-06	-4.433003e-02	6.917258e+00
8.620000e-06	5.086244e-02	7.161900e+00
8.630000e-06	-4.431914e-02	7.475184e+00
8.640000e-06	7.846415e-03	7.759897e+00
8.650000e-06	-1.235279e-02	7.973979e+00
8.660000e-06	1.575320e-02	8.284187e+00
8.670000e-06	1.907076e-02	8.515262e+00
8.680000e-06	-4.738341e-02	8.728295e+00
8.690000e-06	1.295653e-02	8.951521e+00
8.700000e-06	-2.135027e-04	9.210026e+00
8.710000e-06	-2.661058e-03	9.403083e+00
8.720000e-06	-1.242584e-02	9.684660e+00
8.730000e-06	6.391747e-04	9.896162e+00
8.740000e-06	1.265784e-02	1.009682e+01
8.750000e-06	-1.689112e-02	1.031629e+01
8.760000e-06	-1.186832e-02	1.053782e+01
8.770000e-06	-3.479344e-03	1.070679e+01
8.780000e-06	9.844445e-03	1.091785e+01
8.790000e-06	-9.540914e-03	1.110631e+01
8.800000e-06	-1.343134e-02	1.136829e+01
8.810000e-06	8.270734e-03	1.153030e+01
8.820000e-06	5.257298e-04	1.175789e+01
8.830000e-06	-1.346943e-02	1.188735e+01
8.840000e-06	-9.547485e-03	1.208722e+01
8.850000e-06	9.581804e-03	1.226472e+01
8.860000e-06	-1.316940e-03	1.245256e+01
8.870000e-06	-1.497762e-02	1.260103e+01
8.880000e-06	-5.071718e-03	1.280890e+01
8.890000e-06	2.207362e-03	1.293929e+01
8.900000e-06	-5.345770e-03	1.306424e+01
8.910000e-06	-1.257070e-02	1.320351e+01
8.920000e-06	-1.586093e-03	1.339045e+01
8.930000e-06	-6.593227e-04	1.351792e+01
8.940000e-06	-8.504019e-03	1.364327e+01
8.950000e-06	-7.506299e-03	1.378106e+01
8.960000e-06	-3.885515e-03	1.393785e+01
8.970000e-06	-4.503894e-03	1.405474e+01
8.980000e-06	-1.100256e-02	1.424211e+01
8.990000e-06	-3.830700e-03	1.429584e+01
9.000000e-06	-4.737493e-03	1.442501e+01
9.010000e-06	-7.094167e-03	1.453688e+01
9.020000e-06	-8.760347e-03	1.461258e+01
9.030000e-06	-6.640976e-03	1.470532e+01
9.040000e-06	-6.509475e-03	1.478290e+01
9.050000e-06	-7.099595e-03	1.483276e+01
9.060000e-06	-5.650909e-03	1.488674e+01
9.070000e-06	-9.045276e-03	1.493955e+01
9.080000e-06	-8.799514e-03	1.497211e+01
9.090000e-06	-1.098728e-02	1.505574e+01
9.100000e-06	-7.989337e-03	1.506732e+01
9.110000e-06	-1.167501e-02	1.513840e+01
9.120000e-06	-1.112633e-02	1.519003e+01
9.130000e-06	-9.590504e-03	1.522964e+01
9.140000e-06	-1.135586e-02	1.524066e+01
9.150000e-06	-1.207464e-02	1.527382e+01
9.160000e-06	-1.532582e-02	1.525421e+01
9.170000e-06	-1.289185e-02	1.527529e+01
9.180000e-06	-1.642866e-02	1.525582e+01
9.190000e-06	-1.722339e-02	1.529677e+01
9.200000e-06	-1.951720e-02	1.525524e+01
9.210000e-06	-2.201755e-02	1.528434e+01
9.220000e-06	-2.406751e-02	1.529372e+01
9.230000e-06	-2.869623e-02	1.525319e+01
9.240000e-06	-3.177230e-02	1.526269e+01
9.250000e-06	-3.907212e-02	1.520906e+01
9.260000e-06	-4.357994e-02	1.514003e+01
9.270000e-06	-4.999344e-02	1.505635e+01
9.280000e-06	-5.303494e-02	1.502472e+01
9.290000e-06	-5.226126e-02	1.499214e+01
9.300000e-06	-4.579791e-02	1.496790e+01
9.310000e-06	-3.840510e-02	1.482574e+01
9.320000e-06	-3.193186e-02	1.481316e+01
9.330000e-06	-2.614237e-02	1.467590e+01
9.340000e-06	-2.157690e-02	1.463118e+01
9.350000e-06	-2.021092e-02	1.454838e+01
9.360000e-06	-1.787829e-02	1.443372e+01
9.370000e-06	-1.774136e-02	1.432799e+01
9.380000e-06	-1.431263e-02	1.424071e+01
9.390000e-06	-1.324714e-02	1.412485e+01
9.400000e-06	-1.168014e-02	1.394856e+01
9.410000e-06	-1.170502e-02	1.386372e+01
9.420000e-06	-1.096736e-02	1.371543e+01
9.430000e-06	-1.143876e-02	1.351961e+01
9.440000e-06	-9.829277e-03	1.344409e+01
9.450000e-06	-9.739366e-03	1.335590e+01
9.460000e-06	-7.525530e-03	1.317753e+01
9.470000e-06	-8.103224e-03	1.299066e+01
9.480000e-06	-8.397031e-03	1.289374e+01
9.490000e-06	-8.511007e-03	1.270583e+01
9.500000e-06	-6.935547e-03	1.255898e+01
9.510000e-06	-8.338702e-03	1.243911e+01
9.520000e-06	-7.037636e-03	1.225174e+01
9.530000e-06	-7.409758e-03	1.206382e+01
9.540000e-06	-6.537601e-03	1.185680e+01
9.550000e-06	-5.126432e-03	1.168595e+01
9.560000e-06	-6.361909e-03	1.151487e+01
9.570000e-06	-7.626787e-03	1.126425e+01
9.580000e-06	-7.306816e-03	1.107522e+01
9.590000e-06	-6.097940e-03	1.086480e+01
9.600000e-06	-5.197761e-03	1.072532e+01
9.610000e-06	-5.294232e-03	1.047280e+01
9.620000e-06	-4.572522e-03	1.026169e+01
9.630000e-06	-6.922704e-03	1.004334e+01
9.640000e-06	-4.980514e-03	9.841587e+00
9.650000e-06	-6.985535e-03	9.610105e+00
9.660000e-06	-4.615271e-03	9.347950e+00
9.670000e-06	-5.950908e-03	9.114904e+00
9.680000e-06	-4.746926e-03	8.914325e+00
9.690000e-06	-6.152466e-03	8.650591e+00
9.700000e-06	-5.689764e-03	8.453213e+00
9.710000e-06	-5.866782e-03	8.199105e+00
9.720000e-06	-5.283483e-03	7.917376e+00
9.730000e-06	-5.308816e-03	7.684794e+00
9.740000e-06	-5.024984e-03	7.419692e+00
9.750000e-06	-5.319095e-03	7.148475e+00
9.760000e-06	-3.964414e-03	6.915372e+00
9.770000e-06	-4.762937e-03	6.651193e+00
9.780000e-06	-4.761681e-03	6.368529e+00
9.790000e-06	-5.962857e-03	6.126403e+00
9.800000e-06	-5.266609e-03	5.903772e+00
9.810000e-06	-5.257684e-03	5.622112e+00
9.820000e-06	-4.997804e-03	5.397429e+00
9.830000e-06	-5.139649e-03	5.020769e+00
9.840000e-06	-4.362335e-03	4.747398e+00
9.850000e-06	-5.072384e-03	4.472793e+00
9.860000e-06	-5.247355e-03	4.229034e+00
9.870000e-06	-5.342895e-03	3.905873e+00
9.880000e-06	-5.256331e-03	3.651641e+00
9.890000e-06	-5.460619e-03	3.387580e+00
9.900000e-06	-5.240395e-03	3.114818e+00
9.910000e-06	-5.645269e-03	2.811133e+00
9.920000e-06	-4.629816e-03	2.495479e+00
9.930000e-06	-5.262083e-03	2.222167e+00
9.940000e-06	-4.660354e-03	1.987504e+00
9.950000e-06	-4.513372e-03	1.652213e+00
9.960000e-06	-4.710851e-03	1.369031e+00
9.970000e-06	-4.297095e-03	1.104295e+00
9.980000e-06	-4.837867e-03	7.589938e-01
9.990000e-06	-4.525504e-03	4.942172e-01
1.000000e-05	-3.348410e-03	2.566065e-01
1.001000e-05	-1.760436e-03	-9.577665e-02
1.002000e-05	9.192933e-03	-3.472845e-01
1.003000e-05	-3.701807e-03	-6.105724e-01
1.004000e-05	3.302284e-03	-8.857065e-01
1.005000e-05	-3.596247e-03	-1.147785e+00
1.006000e-05	2.957880e-03	-1.474179e+00
1.007000e-05	-4.683572e-03	-1.685762e+00
1.008000e-05	1.900923e-02	-1.916738e+00
1.009000e-05	4.578612e-02	-2.116341e+00
1.010000e-05	8.610028e-02	-2.495656e+00
1.011000e-05	-1.115892e-01	-2.824504e+00
1.012000e-05	2.003152e-02	-3.211072e+00
1.013000e-05	-5.250848e-02	-3.453706e+00
1.014000e-05	2.451130e-03	-3.634177e+00
1.015000e-05	-1.047504e-01	-3.955844e+00
1.016000e-05	1.460766e-01	-4.075312e+00
1.017000e-05	2.334224e-02	-4.306758e+00
1.018000e-05	-1.312947e-01	-4.652604e+00
1.019000e-05	1.963938e-01	-4.853782e+00
1.020000e-05	-1.848004e-01	-5.160941e+00
1.021000e-05	1.116964e-01	-5.505837e+00
1.022000e-05	-3.324942e-02	-5.729439e+00
1.023000e-05	-2.652357e-02	-6.053051e+00
1.024000e-05	1.154618e-01	-6.283157e+00
1.025000e-05	-1.426021e-01	-6.590369e+00
1.026000e-05	1.083781e-01	-6.834629e+00
1.027000e-05	-6.201806e-02	-7.119866e+00
1.028000e-05	7.090689e-03	-7.391574e+00
1.029000e-05	3.214354e-02	-7.655100e+00
1.030000e-05	-6.131891e-02	-7.967944e+00
1.031000e-05	1.219918e-01	-8.171374e+00
1.032000e-05	-1.153464e-01	-8.412079e+00
1.033000e-05	7.384710e-02	-8.728216e+00
1.034000e-05	-3.762680e-02	-8.940391e+00
1.035000e-05	9.299869e-03	-9.158970e+00
1.036000e-05	3.950523e-03	-9.362021e+00
1.037000e-05	-2.425396e-02	-9.583098e+00
1.038000e-05	6.909246e-02	-9.833100e+00
1.039000e-05	-5.287522e-02	-1.001220e+01
1.040000e-05	2.986284e-02	-1.019511e+01
1.041000e-05	-4.596977e-02	-1.049684e+01
1.042000e-05	5.198454e-02	-1.065419e+01
1.043000e-05	-2.626267e-02	-1.084216e+01
1.044000e-05	7.994110e-03	-1.100511e+01
1.045000e-05	3.121800e-03	-1.123421e+01
1.046000e-05	6.932932e-03	-1.143521e+01
1.047000e-05	-7.132756e-03	-1.163374e+01
1.048000e-05	-1.729091e-02	-1.186424e+01
1.049000e-05	2.910708e-02	-1.203466e+01
1.050000e-05	-9.271736e-03	-1.221216e+01
1.051000e-05	6.793746e-03	-1.240813e+01
1.052000e-05	-1.732760e-02	-1.255797e+01
1.053000e-05	2.638209e-02	-1.270642e+01
1.054000e-05	-1.641693e-02	-1.288627e+01
1.055000e-05	2.808073e-03	-1.302116e+01
1.056000e-05	-5.560672e-03	-1.316055e+01
1.057000e-05	1.665938e-02	-1.334950e+01
1.058000e-05	-5.915257e-03	-1.345529e+01
1.059000e-05	-2.277203e-05	-1.359271e+01
1.060000e-05	5.253103e-03	-1.372098e+01
1.061000e-05	1.221013e-03	-1.385487e+01
1.062000e-05	-1.680520e-03	-1.403211e+01
1.063000e-05	1.702468e-04	-1.416953e+01
1.064000e-05	8.354621e-03	-1.422629e+01
1.065000e-05	6.075258e-05	-1.437908e+01
1.066000e-05	2.372420e-03	-1.448636e+01
1.067000e-05	5.307045e-04	-1.457002e+01
1.068000e-05	4.093804e-03	-1.460316e+01
1.069000e-05	1.402191e-03	-1.471737e+01
1.070000e-05	4.270485e-03	-1.479168e+01
1.071000e-05	2.685823e-03	-1.485427e+01
1.072000e-05	3.128934e-03	-1.493842e+01
1.073000e-05	1.750035e-03	-1.494050e+01
1.074000e-05	5.067592e-03	-1.502351e+01
1.075000e-05	6.970643e-04	-1.506426e+01
1.076000e-05	4.218394e-03	-1.510642e+01
1.077000e-05	4.847001e-03	-1.513898e+01
1.078000e-05	6.492718e-03	-1.517103e+01
1.079000e-05	4.220353e-03	-1.517016e+01
1.080000e-05	4.405864e-03	-1.520118e+01
1.081000e-05	6.976496e-03	-1.519522e+01
1.082000e-05	7.150326e-03	-1.523326e+01
1.083000e-05	9.502058e-03	-1.528429e+01
1.084000e-05	1.011151e-02	-1.526582e+01
1.085000e-05	1.325908e-02	-1.530627e+01
1.086000e-05	1.420277e-02	-1.525216e+01
1.087000e-05	1.596407e-02	-1.523276e+01
1.088000e-05	2.011049e-02	-1.521159e+01
1.089000e-05	2.523279e-02	-1.519066e+01
1.090000e-05	2.947927e-02	-1.515001e+01
1.091000e-05	3.496822e-02	-1.509895e+01
1.092000e-05	4.114902e-02	-1.503532e+01
1.093000e-05	4.598589e-02	-1.499271e+01
1.094000e-05	4.612083e-02	-1.500956e+01
1.095000e-05	4.144748e-02	-1.490445e+01
1.096000e-05	3.481157e-02	-1.483434e+01
1.097000e-05	2.755208e-02	-1.480066e+01
1.098000e-05	2.064525e-02	-1.470542e+01
1.099000e-05	1.659808e-02	-1.461169e+01
1.100000e-05	1.287100e-02	-1.453702e+01
1.101000e-05	1.106876e-02	-1.443414e+01
1.102000e-05	8.644430e-03	-1.432695e+01
1.103000e-05	7.749676e-03	-1.418971e+01
1.104000e-05	6.632006e-03	-1.406682e+01
1.105000e-05	5.549144e-03	-1.391963e+01
1.106000e-05	4.769748e-03	-1.384467e+01
1.107000e-05	3.744153e-03	-1.369538e+01
1.108000e-05	2.663467e-03	-1.354761e+01
1.109000e-05	7.905957e-04	-1.342324e+01
1.110000e-05	1.556087e-03	-1.331445e+01
1.111000e-05	2.062212e-03	-1.316805e+01
1.112000e-05	1.663635e-03	-1.302116e+01
1.113000e-05	1.013270e-03	-1.286540e+01
1.114000e-05	7.134169e-04	-1.273700e+01
1.115000e-05	-1.486987e-03	-1.261116e+01
1.116000e-05	-5.196541e-04	-1.242219e+01
1.117000e-05	-1.471983e-04	-1.227479e+01
1.118000e-05	-1.135246e-03	-1.209445e+01
1.119000e-05	-2.453766e-03	-1.186699e+01
1.120000e-05	-2.895022e-03	-1.170497e+01
1.121000e-05	-9.786530e-04	-1.150647e+01
1.122000e-05	-2.074255e-03	-1.125545e+01
1.123000e-05	-2.611224e-03	-1.104234e+01
1.124000e-05	-1.908981e-03	-1.087385e+01
1.125000e-05	-2.069337e-03	-1.067540e+01
1.126000e-05	-2.072755e-03	-1.047640e+01
1.127000e-05	-3.350910e-03	-1.024279e+01
1.128000e-05	-3.166624e-03	-1.000964e+01
1.129000e-05	-3.822359e-03	-9.812189e+00
1.130000e-05	-3.995434e-03	-9.621112e+00
1.131000e-05	-4.665506e-03	-9.336055e+00
1.132000e-05	-4.933985e-03	-9.098006e+00
1.133000e-05	-4.595953e-03	-8.915470e+00
1.134000e-05	-4.795192e-03	-8.702869e+00
1.135000e-05	-3.565515e-03	-8.401313e+00
1.136000e-05	-3.604330e-03	-8.200109e+00
1.137000e-05	-4.153121e-03	-7.969529e+00
1.138000e-05	-5.460305e-03	-7.725321e+00
1.139000e-05	-5.436665e-03	-7.400734e+00
1.140000e-05	-5.147138e-03	-7.168532e+00
1.141000e-05	-4.768252e-03	-6.926375e+00
1.142000e-05	-5.474822e-03	-6.674864e+00
1.143000e-05	-4.350399e-03	-6.391762e+00
1.144000e-05	-5.062975e-03	-6.126050e+00
1.145000e-05	-3.510769e-03	-5.874844e+00
1.146000e-05	-5.343140e-03	-5.598710e+00
1.147000e-05	-3.504291e-03	-5.375951e+00
1.148000e-05	-6.430708e-03	-5.053263e+00
1.149000e-05	-4.764264e-03	-4.736469e+00
1.150000e-05	-6.079918e-03	-4.473293e+00
1.151000e-05	-4.110302e-03	-4.242238e+00
1.152000e-05	-5.990822e-03	-3.961105e+00
1.153000e-05	-4.193669e-03	-3.684317e+00
1.154000e-05	-5.652657e-03	-3.411138e+00
1.155000e-05	-6.007314e-03	-3.156529e+00
1.156000e-05	-5.202378e-03	-2.832642e+00
1.157000e-05	-5.041511e-03	-2.568549e+00
1.158000e-05	-5.209850e-03	-2.284421e+00
1.159000e-05	-5.899028e-03	-1.980078e+00
1.160000e-05	-5.663948e-03	-1.683896e+00
1.161000e-05	-5.618595e-03	-1.440205e+00
1.162000e-05	-6.064657e-03	-1.095789e+00
1.163000e-05	-6.219902e-03	-8.206315e-01
1.164000e-05	-5.427700e-03	-4.643473e-01
1.165000e-05	-4.768196e-03	-2.222295e-01
1.166000e-05	-3.514724e-03	3.092476e-02
1.167000e-05	5.558711e-03	3.366883e-01
1.168000e-05	-4.091867e-03	5.682922e-01
1.169000e-05	1.011623e-03	8.005024e-01
1.170000e-05	-1.957515e-03	1.126260e+00
1.171000e-05	-1.278327e-03	1.399397e+00
1.172000e-05	-5.841763e-03	1.746135e+00
1.173000e-05	5.699865e-03	1.958866e+00
1.174000e-05	1.153259e-02	2.179369e+00
1.175000e-05	6.376246e-02	2.441949e+00
1.176000e-05	3.547053e-02	2.769844e+00
1.177000e-05	-8.610324e-02	3.035104e+00
1.178000e-05	-1.268294e-02	3.347788e+00
1.179000e-05	-2.946144e-02	3.633003e+00
1.180000e-05	-6.742528e-03	3.874086e+00
1.181000e-05	-5.237935e-02	4.076207e+00
1.182000e-05	2.451172e-02	4.347789e+00
1.183000e-05	8.542311e-02	4.620872e+00
1.184000e-05	-9.497502e-02	4.874533e+00
1.185000e-05	5.479902e-02	5.137714e+00
1.186000e-05	2.437646e-02	5.473084e+00
1.187000e-05	-8.601514e-02	5.727284e+00
1.188000e-05	7.197862e-02	6.040873e+00
1.189000e-05	-4.702770e-02	6.243028e+00
1.190000e-05	3.495628e-02	6.497188e+00
1.191000e-05	-3.471499e-02	6.789471e+00
1.192000e-05	5.610612e-03	7.052655e+00
1.193000e-05	2.274877e-02	7.369213e+00
1.194000e-05	-4.518284e-02	7.582026e+00
1.195000e-05	2.549778e-02	7.872107e+00
1.196000e-05	-2.990199e-02	8.190367e+00
1.197000e-05	4.694212e-02	8.411450e+00
1.198000e-05	-3.124286e-02	8.622528e+00
1.199000e-05	-1.945382e-02	8.834154e+00
1.200000e-05	2.147606e-02	9.084664e+00
1.201000e-05	-1.830533e-02	9.359365e+00
1.202000e-05	9.463888e-03	9.567919e+00
1.203000e-05	-2.601071e-02	9.772428e+00
1.204000e-05	3.322133e-02	1.003293e+01
1.205000e-05	-2.075333e-02	1.020150e+01
1.206000e-05	-5.500048e-03	1.043218e+01
1.207000e-05	-1.910477e-02	1.063560e+01
1.208000e-05	1.167519e-02	1.085361e+01
1.209000e-05	2.276167e-03	1.102203e+01
1.210000e-05	-2.119944e-02	1.120254e+01
1.211000e-05	6.883081e-03	1.142413e+01
1.212000e-05	-3.493182e-04	1.166274e+01
1.213000e-05	3.025442e-03	1.187303e+01
1.214000e-05	-2.537405e-02	1.206001e+01
1.215000e-05	1.078324e-02	1.217300e+01
1.216000e-05	-5.992456e-04	1.234792e+01
1.217000e-05	-6.086435e-03	1.254781e+01
1.218000e-05	-1.573546e-02	1.268326e+01
1.219000e-05	1.238332e-03	1.286269e+01
1.220000e-05	3.840510e-04	1.299161e+01
1.221000e-05	-1.528154e-02	1.315900e+01
1.222000e-05	-2.340608e-03	1.330722e+01
1.223000e-05	-2.272230e-03	1.346519e+01
1.224000e-05	2.284259e-04	1.358001e+01
1.225000e-05	-1.365932e-02	1.374990e+01
1.226000e-05	-1.673928e-03	1.385469e+01
1.227000e-05	-5.854564e-03	1.402201e+01
1.228000e-05	-7.799469e-03	1.416002e+01
1.229000e-05	-9.535874e-03	1.427482e+01
1.230000e-05	-4.170961e-03	1.439053e+01
1.231000e-05	-3.230578e-03	1.448679e+01
1.232000e-05	-1.061798e-02	1.457193e+01
1.233000e-05	-5.578207e-03	1.467426e+01
1.234000e-05	-8.138727e-03	1.476882e+01
1.235000e-05	-4.969224e-03	1.480113e+01
1.236000e-05	-8.687035e-03	1.484524e+01
1.237000e-05	-7.799739e-03	1.493730e+01
1.238000e-05	-8.101504e-03	1.497155e+01
1.239000e-05	-1.035576e-02	1.502211e+01
1.240000e-05	-7.751954e-03	1.504582e+01
1.241000e-05	-1.093533e-02	1.510695e+01
1.242000e-05	-9.824790e-03	1.514895e+01
1.243000e-05	-1.143039e-02	1.520211e+01
1.244000e-05	-8.507987e-03	1.523366e+01
1.245000e-05	-1.288254e-02	1.525319e+01
1.246000e-05	-1.412839e-02	1.524414e+01
1.247000e-05	-1.407282e-02	1.525524e+01
1.248000e-05	-1.515972e-02	1.527672e+01
1.249000e-05	-1.621088e-02	1.526479e+01
1.250000e-05	-1.888337e-02	1.528514e+01
1.251000e-05	-1.923324e-02	1.530430e+01
1.252000e-05	-2.357434e-02	1.528467e+01
1.253000e-05	-2.587891e-02	1.522582e+01
1.254000e-05	-3.154955e-02	1.523369e+01
1.255000e-05	-3.536823e-02	1.521216e+01
1.256000e-05	-4.151556e-02	1.518003e+01
1.257000e-05	-4.734942e-02	1.513893e+01
1.258000e-05	-5.087183e-02	1.506627e+01
1.259000e-05	-5.385958e-02	1.503317e+01
1.260000e-05	-4.803116e-02	1.496954e+01
1.261000e-05	-4.292829e-02	1.493637e+01
1.262000e-05	-3.445474e-02	1.482166e+01
1.263000e-05	-2.923385e-02	1.474993e+01
1.264000e-05	-2.344928e-02	1.467524e+01
1.265000e-05	-2.139427e-02	1.459956e+01
1.266000e-05	-1.876851e-02	1.452432e+01
1.267000e-05	-1.726895e-02	1.439964e+01
1.268000e-05	-1.542175e-02	1.424522e+01
1.269000e-05	-1.456108e-02	1.418856e+01
1.270000e-05	-1.208594e-02	1.404266e+01
1.271000e-05	-1.207501e-02	1.386742e+01
1.272000e-05	-1.001695e-02	1.376901e+01
1.273000e-05	-1.153048e-02	1.364371e+01
1.274000e-05	-1.019631e-02	1.351540e+01
1.275000e-05	-1.184166e-02	1.338798e+01
1.276000e-05	-8.224543e-03	1.323227e+01
1.277000e-05	-8.804183e-03	1.308480e+01
1.278000e-05	-6.798063e-03	1.293545e+01
1.279000e-05	-9.735462e-03	1.278911e+01
1.280000e-05	-5.931215e-03	1.264361e+01
1.281000e-05	-7.284969e-03	1.249435e+01
1.282000e-05	-7.271304e-03	1.223740e+01
1.283000e-05	-8.068241e-03	1.215756e+01
1.284000e-05	-6.705788e-03	1.193811e+01
1.285000e-05	-6.698364e-03	1.179946e+01
1.286000e-05	-6.862306e-03	1.158014e+01
1.287000e-05	-6.360562e-03	1.137004e+01
1.288000e-05	-6.289513e-03	1.115749e+01
1.289000e-05	-5.307055e-03	1.099750e+01
1.290000e-05	-6.410430e-03	1.080959e+01
1.291000e-05	-4.723462e-03	1.056048e+01
1.292000e-05	-5.479909e-03	1.037698e+01
1.293000e-05	-6.421012e-03	1.013995e+01
1.294000e-05	-5.619075e-03	9.955900e+00
1.295000e-05	-6.609765e-03	9.704297e+00
1.296000e-05	-6.153393e-03	9.453170e+00
1.297000e-05	-5.755504e-03	9.243238e+00
1.298000e-05	-4.445857e-03	9.041484e+00
1.299000e-05	-5.545013e-03	8.758608e+00
1.300000e-05	-5.653751e-03	8.527404e+00
1.301000e-05	-4.959222e-03	8.333899e+00
1.302000e-05	-4.846896e-03	8.023221e+00
1.303000e-05	-5.509419e-03	7.781660e+00
1.304000e-05	-5.994689e-03	7.547901e+00
1.305000e-05	-5.472611e-03	7.252273e+00
1.306000e-05	-5.357182e-03	7.029238e+00
1.307000e-05	-5.448969e-03	6.829038e+00
1.308000e-05	-4.553140e-03	6.556397e+00
1.309000e-05	-4.811760e-03	6.251692e+00
1.310000e-05	-4.946109e-03	6.023083e+00
1.311000e-05	-5.263282e-03	5.767554e+00
1.312000e-05	-5.112160e-03	5.544297e+00
1.313000e-05	-6.903044e-03	5.208110e+00
1.314000e-05	-4.120981e-03	4.844740e+00
1.315000e-05	-7.068653e-03	4.589012e+00
1.316000e-05	-2.052894e-03	4.367449e+00
1.317000e-05	-5.587818e-03	4.039682e+00
1.318000e-05	-4.871368e-03	3.778534e+00
1.319000e-05	-4.461885e-03	3.506421e+00
1.320000e-05	-5.671834e-03	3.211083e+00
1.321000e-05	-5.082407e-03	2.957954e+00
1.322000e-05	-6.781616e-03	2.672870e+00
1.323000e-05	-3.906820e-03	2.387424e+00
1.324000e-05	-4.291582e-03	2.104816e+00
1.325000e-05	-4.371331e-03	1.809712e+00
1.326000e-05	-3.550866e-03	1.534821e+00
1.327000e-05	-4.901842e-03	1.210633e+00
1.328000e-05	-3.951323e-03	9.342971e-01
1.329000e-05	-4.840528e-03	5.996054e-01
1.330000e-05	-4.925266e-03	3.379462e-01
1.331000e-05	-2.320329e-03	3.113664e-02
1.332000e-05	2.920915e-03	-2.020211e-01
1.333000e-05	6.518308e-03	-4.746053e-01
1.334000e-05	-7.031315e-03	-7.878710e-01
1.335000e-05	5.237945e-03	-9.910238e-01
1.336000e-05	-2.964345e-03	-1.286209e+00
1.337000e-05	2.104835e-03	-1.569899e+00
1.338000e-05	1.776581e-03	-1.843051e+00
1.339000e-05	2.881261e-02	-2.022654e+00
1.340000e-05	9.164603e-02	-2.327289e+00
1.341000e-05	-3.106293e-02	-2.645655e+00
1.342000e-05	-5.617269e-02	-3.055151e+00
1.343000e-05	-4.264508e-03	-3.349467e+00
1.344000e-05	-2.209010e-02	-3.557895e+00
1.345000e-05	-5.375702e-02	-3.813099e+00
1.346000e-05	-2.019283e-02	-4.052132e+00
1.347000e-05	1.864675e-01	-4.212472e+00
1.348000e-05	-1.770816e-01	-4.436781e+00
1.349000e-05	1.190342e-01	-4.809492e+00
1.350000e-05	-1.377092e-02	-5.023001e+00
1.351000e-05	-1.004499e-01	-5.388996e+00
1.352000e-05	1.479402e-01	-5.623002e+00
1.353000e-05	-1.520531e-01	-5.906737e+00
1.354000e-05	1.452082e-01	-6.147417e+00
1.355000e-05	-6.698976e-02	-6.442529e+00
1.356000e-05	-2.301819e-02	-6.716866e+00
1.357000e-05	7.885984e-02	-6.980472e+00
1.358000e-05	-1.106132e-01	-7.285234e+00
1.359000e-05	1.093469e-01	-7.477891e+00
1.360000e-05	-1.015581e-01	-7.792499e+00
1.361000e-05	9.728569e-02	-8.067288e+00
1.362000e-05	-2.352943e-02	-8.317687e+00
1.363000e-05	-3.340211e-02	-8.581646e+00
1.364000e-05	5.911760e-02	-8.833525e+00
1.365000e-05	-6.628068e-02	-9.064133e+00
1.366000e-05	6.287589e-02	-9.221763e+00
1.367000e-05	-6.682257e-02	-9.516768e+00
1.368000e-05	7.211870e-02	-9.738314e+00
1.369000e-05	-2.376251e-02	-9.919393e+00
1.370000e-05	5.348594e-03	-1.014695e+01
1.371000e-05	-1.697770e-02	-1.033940e+01
1.372000e-05	1.930554e-03	-1.054099e+01
1.373000e-05	2.849475e-02	-1.075700e+01
1.374000e-05	-3.381345e-02	-1.092998e+01
1.375000e-05	3.012258e-02	-1.115992e+01
1.376000e-05	-1.550902e-02	-1.133100e+01
1.377000e-05	2.442532e-02	-1.155005e+01
1.378000e-05	-4.120184e-02	-1.171987e+01
1.379000e-05	2.984554e-02	-1.195990e+01
1.380000e-05	-4.587275e-03	-1.214842e+01
1.381000e-05	1.065253e-02	-1.231637e+01
1.382000e-05	-1.975240e-02	-1.247621e+01
1.383000e-05	1.512653e-02	-1.262479e+01
1.384000e-05	2.969884e-03	-1.283253e+01
1.385000e-05	-1.056180e-02	-1.297052e+01
1.386000e-05	1.505043e-03	-1.310642e+01
1.387000e-05	2.708430e-03	-1.327522e+01
1.388000e-05	1.261935e-02	-1.340361e+01
1.389000e-05	-1.440912e-02	-1.355995e+01
1.390000e-05	1.091132e-02	-1.368685e+01
1.391000e-05	-1.573930e-03	-1.385318e+01
1.392000e-05	4.562099e-03	-1.395101e+01
1.393000e-05	-6.511809e-03	-1.407489e+01
1.394000e-05	1.027747e-02	-1.425216e+01
1.395000e-05	2.611985e-03	-1.430737e+01
1.396000e-05	6.141673e-04	-1.446571e+01
1.397000e-05	2.485166e-04	-1.454782e+01
1.398000e-05	2.626757e-03	-1.462205e+01
1.399000e-05	4.351448e-03	-1.466479e+01
1.400000e-05	2.423595e-03	-1.475853e+01
1.401000e-05	4.214509e-03	-1.488364e+01
1.402000e-05	2.981119e-03	-1.489679e+01
1.403000e-05	2.472854e-03	-1.492845e+01
1.404000e-05	2.846418e-03	-1.496060e+01
1.405000e-05	2.654302e-03	-1.503471e+01
1.406000e-05	2.191129e-03	-1.507582e+01
1.407000e-05	4.439813e-03	-1.511787e+01
1.408000e-05	4.978655e-03	-1.515003e+01
1.409000e-05	5.068194e-03	-1.518213e+01
1.410000e-05	4.952303e-03	-1.519253e+01
1.411000e-05	6.445538e-03	-1.524171e+01
1.412000e-05	7.218947e-03	-1.526366e+01
1.413000e-05	6.854356e-03	-1.525577e+01
1.414000e-05	9.526020e-03	-1.527627e+01
1.415000e-05	1.199341e-02	-1.524277e+01
1.416000e-05	1.310931e-02	-1.528416e+01
1.417000e-05	1.614014e-02	-1.527379e+01
1.418000e-05	1.909593e-02	-1.523272e+01
1.419000e-05	2.322005e-02	-1.517114e+01
1.420000e-05	2.695079e-02	-1.517906e+01
1.421000e-05	3.235148e-02	-1.511963e+01
1.422000e-05	3.788827e-02	-1.510590e+01
1.423000e-05	4.426450e-02	-1.504372e+01
1.424000e-05	4.711707e-02	-1.499114e+01
1.425000e-05	4.432532e-02	-1.494900e+01
1.426000e-05	3.884964e-02	-1.490537e+01
1.427000e-05	3.064349e-02	-1.481211e+01
1.428000e-05	2.502096e-02	-1.471805e+01
1.429000e-05	1.729132e-02	-1.466385e+01
1.430000e-05	1.387689e-02	-1.457003e+01
1.431000e-05	1.098688e-02	-1.451479e+01
1.432000e-05	9.372380e-03	-1.437006e+01
1.433000e-05	8.167327e-03	-1.421532e+01
1.434000e-05	7.013651e-03	-1.413695e+01
1.435000e-05	5.805750e-03	-1.401021e+01
1.436000e-05	4.764779e-03	-1.385732e+01
1.437000e-05	3.169015e-03	-1.378903e+01
1.438000e-05	2.842507e-03	-1.363179e+01
1.439000e-05	1.582215e-03	-1.347637e+01
1.440000e-05	2.119534e-03	-1.337006e+01
1.441000e-05	1.714263e-03	-1.325324e+01
1.442000e-05	6.887080e-04	-1.307642e+01
1.443000e-05	4.055395e-04	-1.294755e+01
1.444000e-05	6.014774e-04	-1.279216e+01
1.445000e-05	-3.191961e-04	-1.262279e+01
1.446000e-05	-5.549725e-05	-1.246732e+01
1.447000e-05	-3.230795e-03	-1.234648e+01
1.448000e-05	2.779361e-04	-1.216848e+01
1.449000e-05	-1.643366e-03	-1.199959e+01
1.450000e-05	-2.094967e-03	-1.177974e+01
1.451000e-05	-5.091868e-04	-1.159963e+01
1.452000e-05	-6.886716e-04	-1.139013e+01
1.453000e-05	-2.574752e-03	-1.118003e+01
1.454000e-05	-3.381255e-03	-1.092958e+01
1.455000e-05	-3.525799e-03	-1.072963e+01
1.456000e-05	-8.049736e-04	-1.056011e+01
1.457000e-05	-5.337935e-03	-1.031748e+01
1.458000e-05	-1.661094e-03	-1.013748e+01
1.459000e-05	-4.373734e-03	-9.926922e+00
1.460000e-05	-2.273635e-03	-9.706422e+00
1.461000e-05	-3.356289e-03	-9.462342e+00
1.462000e-05	-1.893998e-03	-9.221815e+00
1.463000e-05	-4.719640e-03	-9.030235e+00
1.464000e-05	-4.146856e-03	-8.839113e+00
1.465000e-05	-7.002141e-03	-8.537654e+00
1.466000e-05	-4.413714e-03	-8.316974e+00
1.467000e-05	-6.060275e-03	-8.093842e+00
1.468000e-05	-3.826258e-03	-7.802684e+00
1.469000e-05	-4.792795e-03	-7.516904e+00
1.470000e-05	-3.227080e-03	-7.274747e+00
1.471000e-05	-3.650684e-03	-7.022117e+00
1.472000e-05	-4.277622e-03	-6.740059e+00
1.473000e-05	-4.332255e-03	-6.485524e+00
1.474000e-05	-6.498091e-03	-6.263844e+00
1.475000e-05	-5.325090e-03	-5.981162e+00
1.476000e-05	-6.452987e-03	-5.716528e+00
1.477000e-05	-3.985293e-03	-5.505916e+00
1.478000e-05	-5.613885e-03	-5.200080e+00
1.479000e-05	-3.926682e-03	-4.883826e+00
1.480000e-05	-3.870624e-03	-4.551055e+00
1.481000e-05	-4.394502e-03	-4.338046e+00
1.482000e-05	-5.373393e-03	-4.105448e+00
1.483000e-05	-4.215982e-03	-3.801284e+00
1.484000e-05	-4.302478e-03	-3.556424e+00
1.485000e-05	-5.452460e-03	-3.273266e+00
1.486000e-05	-7.287323e-03	-2.978682e+00
1.487000e-05	-5.167448e-03	-2.675870e+00
1.488000e-05	-7.349109e-03	-2.451233e+00
1.489000e-05	-4.241657e-03	-2.125600e+00
1.490000e-05	-6.303108e-03	-1.831680e+00
1.491000e-05	-4.054568e-03	-1.537050e+00
1.492000e-05	-6.757005e-03	-1.260634e+00
1.493000e-05	-5.431323e-03	-8.879685e-01
1.494000e-05	-6.459043e-03	-6.643684e-01
1.495000e-05	-4.328105e-03	-3.475223e-01
1.496000e-05	-5.068536e-03	-8.331585e-02
1.497000e-05	7.744623e-04	2.107922e-01
1.498000e-05	3.445035e-03	4.630803e-01
1.499000e-05	-7.399988e-03	7.247379e-01
1.500000e-05	4.475720e-03	9.607944e-01
1.501000e-05	-5.558104e-03	1.254082e+00
1.502000e-05	1.033258e-03	1.591288e+00
1.503000e-05	-5.944948e-03	1.843078e+00
1.504000e-05	1.459206e-02	2.023530e+00
1.505000e-05	2.556931e-02	2.305187e+00
1.506000e-05	8.594629e-02	2.641870e+00
1.507000e-05	-6.154299e-02	2.927238e+00
1.508000e-05	-3.689952e-02	3.250525e+00
1.509000e-05	-2.924096e-02	3.546759e+00
1.510000e-05	-1.132226e-03	3.738914e+00
1.511000e-05	-4.282083e-02	3.998925e+00
1.512000e-05	-1.563091e-02	4.202400e+00
1.513000e-05	6.026643e-02	4.474181e+00
1.514000e-05	2.890983e-02	4.727316e+00
1.515000e-05	-1.045081e-01	5.041501e+00
1.516000e-05	1.555803e-01	5.327787e+00
1.517000e-05	-1.385827e-01	5.589475e+00
1.518000e-05	6.326616e-02	5.855034e+00
1.519000e-05	-1.844116e-02	6.116786e+00
1.520000e-05	3.056119e-03	6.369896e+00
1.521000e-05	1.056302e-02	6.694159e+00
1.522000e-05	-4.189894e-02	6.937267e+00
1.523000e-05	5.317536e-02	7.231976e+00
1.524000e-05	-4.867791e-02	7.486688e+00
1.525000e-05	1.338023e-02	7.760370e+00
1.526000e-05	-1.705248e-02	8.033506e+00
1.527000e-05	2.019475e-02	8.297113e+00
1.528000e-05	1.482402e-02	8.494763e+00
1.529000e-05	-4.543621e-02	8.757321e+00
1.530000e-05	1.621998e-02	8.992449e+00
1.531000e-05	-3.165746e-03	9.242005e+00
1.532000e-05	-1.482055e-03	9.412607e+00
1.533000e-05	-1.514349e-02	9.675638e+00
1.534000e-05	5.657713e-03	9.894339e+00
1.535000e-05	1.042119e-02	1.013577e+01
1.536000e-05	-1.556099e-02	1.033782e+01
1.537000e-05	-1.400310e-02	1.054635e+01
1.538000e-05	-1.832238e-03	1.072682e+01
1.539000e-05	1.085000e-02	1.095584e+01
1.540000e-05	-9.746706e-03	1.112837e+01
1.541000e-05	-1.279128e-02	1.132084e+01
1.542000e-05	7.358286e-03	1.154937e+01
1.543000e-05	2.282155e-03	1.176940e+01
1.544000e-05	-1.551263e-02	1.188782e+01
1.545000e-05	-7.681756e-03	1.207487e+01
1.546000e-05	9.486661e-03	1.229519e+01
1.547000e-05	8.486687e-04	1.246261e+01
1.548000e-05	-1.790030e-02	1.264453e+01
1.549000e-05	-5.221374e-03	1.278853e+01
1.550000e-05	1.122503e-03	1.292940e+01
1.551000e-05	-6.148648e-03	1.309472e+01
1.552000e-05	-1.149398e-02	1.325459e+01
1.553000e-05	-7.297907e-04	1.341150e+01
1.554000e-05	4.558585e-04	1.354843e+01
1.555000e-05	-9.926141e-03	1.366474e+01
1.556000e-05	-6.279655e-03	1.380098e+01
1.557000e-05	-4.527719e-03	1.392985e+01
1.558000e-05	-4.954957e-03	1.410574e+01
1.559000e-05	-1.088196e-02	1.422421e+01
1.560000e-05	-4.286414e-03	1.429785e+01
1.561000e-05	-5.167265e-03	1.448372e+01
1.562000e-05	-7.438003e-03	1.450785e+01
1.563000e-05	-8.453034e-03	1.466256e+01
1.564000e-05	-7.359294e-03	1.469732e+01
1.565000e-05	-5.975679e-03	1.477051e+01
1.566000e-05	-7.584971e-03	1.483171e+01
1.567000e-05	-5.903558e-03	1.488677e+01
1.568000e-05	-9.549750e-03	1.497895e+01
1.569000e-05	-8.230277e-03	1.498113e+01
1.570000e-05	-1.058384e-02	1.508414e+01
1.571000e-05	-8.607786e-03	1.508687e+01
1.572000e-05	-1.103295e-02	1.518951e+01
1.573000e-05	-1.108278e-02	1.516941e+01
1.574000e-05	-1.026533e-02	1.520066e+01
1.575000e-05	-1.228694e-02	1.524464e+01
1.576000e-05	-1.220681e-02	1.524431e+01
1.577000e-05	-1.451578e-02	1.530571e+01
1.578000e-05	-1.339529e-02	1.523532e+01
1.579000e-05	-1.757437e-02	1.529684e+01
1.580000e-05	-1.675740e-02	1.526525e+01
1.581000e-05	-2.012075e-02	1.527529e+01
1.582000e-05	-2.191744e-02	1.528577e+01
1.583000e-05	-2.428113e-02	1.526382e+01
1.584000e-05	-2.856814e-02	1.522322e+01
1.585000e-05	-3.221860e-02	1.527069e+01
1.586000e-05	-3.922979e-02	1.517116e+01
1.587000e-05	-4.356459e-02	1.511796e+01
1.588000e-05	-5.078938e-02	1.510637e+01
1.589000e-05	-5.341960e-02	1.502289e+01
1.590000e-05	-5.210949e-02	1.500216e+01
1.591000e-05	-4.559529e-02	1.495850e+01
1.592000e-05	-3.743198e-02	1.485282e+01
1.593000e-05	-3.078192e-02	1.477049e+01
1.594000e-05	-2.541341e-02	1.467637e+01
1.595000e-05	-2.182556e-02	1.466424e+01
1.596000e-05	-2.012406e-02	1.453685e+01
1.597000e-05	-1.693944e-02	1.446216e+01
1.598000e-05	-1.701157e-02	1.430843e+01
1.599000e-05	-1.458739e-02	1.419167e+01
1.600000e-05	-1.354976e-02	1.410527e+01
1.601000e-05	-1.124713e-02	1.398803e+01
1.602000e-05	-1.141928e-02	1.384221e+01
1.603000e-05	-1.028961e-02	1.371590e+01
1.604000e-05	-1.110167e-02	1.356803e+01
1.605000e-05	-1.022151e-02	1.344319e+01
1.606000e-05	-9.792166e-03	1.330590e+01
1.607000e-05	-8.453365e-03	1.315656e+01
1.608000e-05	-8.474707e-03	1.304306e+01
1.609000e-05	-8.921240e-03	1.288374e+01
1.610000e-05	-7.834654e-03	1.272732e+01
1.611000e-05	-7.399996e-03	1.253858e+01
1.612000e-05	-6.322212e-03	1.240113e+01
1.613000e-05	-8.200664e-03	1.219164e+01
1.614000e-05	-6.565955e-03	1.207327e+01
1.615000e-05	-6.773191e-03	1.187485e+01
1.616000e-05	-6.219370e-03	1.167617e+01
1.617000e-05	-7.238659e-03	1.153727e+01
1.618000e-05	-6.010811e-03	1.127382e+01
1.619000e-05	-6.261305e-03	1.107627e+01
1.620000e-05	-6.199715e-03	1.091485e+01
1.621000e-05	-5.802964e-03	1.068420e+01
1.622000e-05	-5.203212e-03	1.049379e+01
1.623000e-05	-5.820725e-03	1.026366e+01
1.624000e-05	-5.822830e-03	1.003226e+01
1.625000e-05	-5.078746e-03	9.800482e+00
1.626000e-05	-6.493548e-03	9.539582e+00
1.627000e-05	-6.373872e-03	9.358552e+00
1.628000e-05	-5.014185e-03	9.144401e+00
1.629000e-05	-5.564561e-03	8.883846e+00
1.630000e-05	-5.388436e-03	8.662661e+00
1.631000e-05	-5.279413e-03	8.422188e+00
1.632000e-05	-4.763316e-03	8.198559e+00
1.633000e-05	-5.791935e-03	7.905326e+00
1.634000e-05	-5.772938e-03	7.663294e+00
1.635000e-05	-5.078675e-03	7.410539e+00
1.636000e-05	-4.589421e-03	7.157959e+00
1.637000e-05	-5.673634e-03	6.896792e+00
1.638000e-05	-5.632385e-03	6.631615e+00
1.639000e-05	-5.433445e-03	6.378508e+00
1.640000e-05	-4.959897e-03	6.107450e+00
1.641000e-05	-5.488085e-03	5.894243e+00
1.642000e-05	-5.568174e-03	5.630085e+00
1.643000e-05	-4.741684e-03	5.375528e+00
1.644000e-05	-5.148373e-03	5.031115e+00
1.645000e-05	-5.581653e-03	4.715851e+00
1.646000e-05	-5.252122e-03	4.462239e+00
1.647000e-05	-4.551582e-03	4.208483e+00
1.648000e-05	-4.293684e-03	3.933773e+00
1.649000e-05	-5.739419e-03	3.611664e+00
1.650000e-05	-5.165791e-03	3.356480e+00
1.651000e-05	-5.082100e-03	3.061718e+00
1.652000e-05	-4.653145e-03	2.812611e+00
1.653000e-05	-5.136357e-03	2.505398e+00
1.654000e-05	-4.905230e-03	2.231134e+00
1.655000e-05	-4.201397e-03	2.007476e+00
1.656000e-05	-4.027354e-03	1.701236e+00
1.657000e-05	-5.671365e-03	1.358005e+00
1.658000e-05	-5.380107e-03	1.080666e+00
1.659000e-05	-3.854607e-03	7.558725e-01
1.660000e-05	-3.602353e-03	4.517631e-01
1.661000e-05	-3.929849e-03	1.880778e-01
1.662000e-05	-2.120900e-03	-9.572903e-02
1.663000e-05	1.031646e-02	-3.478159e-01
1.664000e-05	-4.134977e-03	-6.199688e-01
1.665000e-05	4.211161e-03	-8.962543e-01
1.666000e-05	-4.223932e-03	-1.158862e+00
1.667000e-05	4.253064e-03	-1.474754e+00
1.668000e-05	-5.195177e-03	-1.676337e+00
1.669000e-05	1.968516e-02	-2.008393e+00
1.670000e-05	4.937779e-02	-2.149866e+00
1.671000e-05	7.948660e-02	-2.507187e+00
1.672000e-05	-1.122060e-01	-2.835604e+00
1.673000e-05	2.360780e-02	-3.273080e+00
1.674000e-05	-5.284549e-02	-3.466208e+00
1.675000e-05	6.688048e-04	-3.635627e+00
1.676000e-05	-1.053728e-01	-3.936919e+00
1.677000e-05	1.571151e-01	-4.105834e+00
1.678000e-05	-3.256257e-03	-4.327814e+00
1.679000e-05	-1.110408e-01	-4.674185e+00
1.680000e-05	1.921818e-01	-4.875735e+00
1.681000e-05	-1.914765e-01	-5.211047e+00
1.682000e-05	1.300394e-01	-5.486214e+00
1.683000e-05	-5.366830e-02	-5.719870e+00
1.684000e-05	-6.760999e-03	-6.071601e+00
1.685000e-05	1.024445e-01	-6.265233e+00
1.686000e-05	-1.382952e-01	-6.582075e+00
1.687000e-05	1.149269e-01	-6.862128e+00
1.688000e-05	-7.606302e-02	-7.177691e+00
1.689000e-05	2.187378e-02	-7.422026e+00
1.690000e-05	1.803187e-02	-7.655133e+00
1.691000e-05	-4.808897e-02	-7.970948e+00
1.692000e-05	1.134681e-01	-8.180994e+00
1.693000e-05	-1.153283e-01	-8.414682e+00
1.694000e-05	8.032069e-02	-8.706716e+00
1.695000e-05	-4.539189e-02	-8.958395e+00
1.696000e-05	1.858166e-02	-9.127976e+00
1.697000e-05	-4.002592e-03	-9.351471e+00
1.698000e-05	-1.523272e-02	-9.664631e+00
1.699000e-05	6.050277e-02	-9.823656e+00
1.700000e-05	-5.055827e-02	-1.000411e+01
1.701000e-05	2.855835e-02	-1.025468e+01
1.702000e-05	-4.530051e-02	-1.044679e+01
1.703000e-05	5.281111e-02	-1.069514e+01
1.704000e-05	-2.983300e-02	-1.086523e+01
1.705000e-05	1.192125e-02	-1.105426e+01
1.706000e-05	-2.619387e-04	-1.126521e+01
1.707000e-05	1.031236e-02	-1.147419e+01
1.708000e-05	-1.208108e-02	-1.163569e+01
1.709000e-05	-1.325783e-02	-1.185576e+01
1.710000e-05	2.638121e-02	-1.204574e+01
1.711000e-05	-6.949906e-03	-1.221263e+01
1.712000e-05	4.111334e-03	-1.238068e+01
1.713000e-05	-1.622713e-02	-1.258250e+01
1.714000e-05	2.536168e-02	-1.276937e+01
1.715000e-05	-1.743782e-02	-1.290634e+01
1.716000e-05	3.923062e-03	-1.302373e+01
1.717000e-05	-4.739392e-03	-1.320158e+01
1.718000e-05	1.825141e-02	-1.333992e+01
1.719000e-05	-7.235872e-03	-1.348474e+01
1.720000e-05	6.786013e-04	-1.365614e+01
1.721000e-05	2.314029e-03	-1.376958e+01
1.722000e-05	1.706402e-03	-1.389645e+01
1.723000e-05	-2.885596e-03	-1.406371e+01
1.724000e-05	2.433051e-03	-1.416950e+01
1.725000e-05	8.404127e-03	-1.422526e+01
1.726000e-05	5.212764e-04	-1.439056e+01
1.727000e-05	1.934823e-03	-1.446679e+01
1.728000e-05	-5.228345e-04	-1.457800e+01
1.729000e-05	4.636101e-03	-1.463521e+01
1.730000e-05	8.875045e-04	-1.473837e+01
1.731000e-05	6.526802e-03	-1.481366e+01
1.732000e-05	3.590712e-03	-1.486231e+01
1.733000e-05	3.376359e-03	-1.491697e+01
1.734000e-05	1.968820e-03	-1.494100e+01
1.735000e-05	5.229975e-03	-1.501116e+01
1.736000e-05	1.484950e-03	-1.506477e+01
1.737000e-05	4.421276e-03	-1.510682e+01
1.738000e-05	4.289814e-03	-1.510892e+01
1.739000e-05	5.552855e-03	-1.515108e+01
1.740000e-05	4.695340e-03	-1.519163e+01
1.741000e-05	4.823148e-03	-1.521266e+01
1.742000e-05	7.681872e-03	-1.523219e+01
1.743000e-05	6.373613e-03	-1.529474e+01
1.744000e-05	1.091596e-02	-1.527519e+01
1.745000e-05	1.081711e-02	-1.525579e+01
1.746000e-05	1.331435e-02	-1.526326e+01
1.747000e-05	1.409846e-02	-1.525376e+01
1.748000e-05	1.736063e-02	-1.525422e+01
1.749000e-05	2.095449e-02	-1.527269e+01
1.750000e-05	2.447674e-02	-1.514011e+01
1.751000e-05	3.032708e-02	-1.516755e+01
1.752000e-05	3.540911e-02	-1.509798e+01
1.753000e-05	4.053317e-02	-1.507577e+01
1.754000e-05	4.599309e-02	-1.503366e+01
1.755000e-05	4.790625e-02	-1.498003e+01
1.756000e-05	4.235302e-02	-1.493643e+01
1.757000e-05	3.407350e-02	-1.484279e+01
1.758000e-05	2.663529e-02	-1.477060e+01
1.759000e-05	2.034979e-02	-1.466600e+01
1.760000e-05	1.637042e-02	-1.462066e+01
1.761000e-05	1.251180e-02	-1.454592e+01
1.762000e-05	1.019420e-02	-1.445118e+01
1.763000e-05	8.682642e-03	-1.427903e+01
1.764000e-05	8.174016e-03	-1.419906e+01
1.765000e-05	7.216707e-03	-1.408284e+01
1.766000e-05	5.258218e-03	-1.392960e+01
1.767000e-05	3.605462e-03	-1.383324e+01
1.768000e-05	2.968959e-03	-1.372599e+01
1.769000e-05	1.807395e-03	-1.353948e+01
1.770000e-05	2.037026e-03	-1.341321e+01
1.771000e-05	1.994266e-03	-1.331535e+01
1.772000e-05	1.146709e-03	-1.314913e+01
1.773000e-05	-6.928679e-04	-1.304179e+01
1.774000e-05	-1.919319e-04	-1.288437e+01
1.775000e-05	1.053042e-03	-1.272648e+01
1.776000e-05	-1.129289e-04	-1.255914e+01
1.777000e-05	-6.421273e-04	-1.241161e+01
1.778000e-05	-1.043361e-03	-1.222275e+01
1.779000e-05	-7.348570e-04	-1.212545e+01
1.780000e-05	-1.977274e-03	-1.183384e+01
1.781000e-05	-2.180231e-03	-1.173540e+01
1.782000e-05	-1.456155e-03	-1.149535e+01
1.783000e-05	-1.872935e-03	-1.124434e+01
1.784000e-05	-2.716203e-03	-1.106424e+01
1.785000e-05	-1.616105e-03	-1.081282e+01
1.786000e-05	-1.950138e-03	-1.067482e+01
1.787000e-05	-3.426304e-03	-1.043379e+01
1.788000e-05	-4.178196e-03	-1.028222e+01
1.789000e-05	-2.266880e-03	-1.004071e+01
1.790000e-05	-2.981423e-03	-9.782712e+00
1.791000e-05	-4.599940e-03	-9.572160e+00
1.792000e-05	-4.279814e-03	-9.357579e+00
1.793000e-05	-2.989424e-03	-9.117955e+00
1.794000e-05	-3.569264e-03	-8.886299e+00
1.795000e-05	-4.505015e-03	-8.643819e+00
1.796000e-05	-3.998763e-03	-8.401213e+00
1.797000e-05	-3.746603e-03	-8.210132e+00
1.798000e-05	-4.926654e-03	-7.887033e+00
1.799000e-05	-4.850557e-03	-7.633839e+00
1.800000e-05	-4.858256e-03	-7.408557e+00
1.801000e-05	-3.922583e-03	-7.128507e+00
1.802000e-05	-4.946142e-03	-6.942444e+00
1.803000e-05	-4.506628e-03	-6.651216e+00
1.804000e-05	-4.615999e-03	-6.411710e+00
1.805000e-05	-4.930159e-03	-6.166526e+00
1.806000e-05	-4.432088e-03	-5.883390e+00
1.807000e-05	-5.057747e-03	-5.572109e+00
1.808000e-05	-5.036277e-03	-5.316503e+00
1.809000e-05	-5.935542e-03	-5.041708e+00
1.810000e-05	-4.014262e-03	-4.704976e+00
1.811000e-05	-6.712458e-03	-4.470737e+00
1.812000e-05	-3.044953e-03	-4.241783e+00
1.813000e-05	-7.235849e-03	-3.980503e+00
1.814000e-05	-1.680836e-03	-3.642315e+00
1.815000e-05	-5.078409e-03	-3.418636e+00
1.816000e-05	-5.329113e-03	-3.138022e+00
1.817000e-05	-5.052599e-03	-2.819659e+00
1.818000e-05	-7.507295e-03	-2.517451e+00
1.819000e-05	-5.114728e-03	-2.222388e+00
1.820000e-05	-8.593436e-03	-1.999477e+00
1.821000e-05	-4.565399e-03	-1.725968e+00
1.822000e-05	-5.863075e-03	-1.428654e+00
1.823000e-05	-4.280979e-03	-1.051763e+00
1.824000e-05	-4.610421e-03	-7.900238e-01
1.825000e-05	-4.817715e-03	-4.653459e-01
1.826000e-05	-5.173738e-03	-2.301556e-01
1.827000e-05	-3.496513e-03	4.302739e-02
1.828000e-05	3.860530e-03	3.578429e-01
1.829000e-05	-5.190561e-03	5.903235e-01
1.830000e-05	4.437203e-04	8.339765e-01
1.831000e-05	-2.601796e-03	1.126317e+00
1.832000e-05	2.408016e-04	1.391397e+00
1.833000e-05	-6.363779e-03	1.726765e+00
1.834000e-05	7.419151e-03	1.958392e+00
1.835000e-05	1.218460e-02	2.169819e+00
1.836000e-05	6.894788e-02	2.423429e+00
1.837000e-05	2.508563e-02	2.789447e+00
1.838000e-05	-8.428174e-02	3.096634e+00
1.839000e-05	-1.353498e-02	3.336912e+00
1.840000e-05	-2.661904e-02	3.662078e+00
1.841000e-05	-8.251521e-03	3.884738e+00
1.842000e-05	-5.187899e-02	4.085657e+00
1.843000e-05	2.707710e-02	4.339818e+00
1.844000e-05	8.551962e-02	4.611947e+00
1.845000e-05	-1.051327e-01	4.895236e+00
1.846000e-05	7.259106e-02	5.170272e+00
1.847000e-05	3.728965e-03	5.464585e+00
1.848000e-05	-7.071678e-02	5.729817e+00
1.849000e-05	6.810189e-02	6.021854e+00
1.850000e-05	-4.303472e-02	6.245107e+00
1.851000e-05	3.488494e-02	6.547760e+00
1.852000e-05	-3.869930e-02	6.840979e+00
1.853000e-05	1.158733e-02	7.035584e+00
1.854000e-05	1.454146e-02	7.382322e+00
1.855000e-05	-4.297783e-02	7.644106e+00
1.856000e-05	2.282857e-02	7.897144e+00
1.857000e-05	-2.646129e-02	8.217900e+00
1.858000e-05	4.611746e-02	8.433525e+00
1.859000e-05	-3.345884e-02	8.632057e+00
1.860000e-05	-1.456094e-02	8.844207e+00
1.861000e-05	2.113437e-02	9.096735e+00
1.862000e-05	-1.942472e-02	9.356920e+00
1.863000e-05	8.597218e-03	9.589296e+00
1.864000e-05	-2.528669e-02	9.813450e+00
1.865000e-05	3.375178e-02	1.006100e+01
1.866000e-05	-2.205427e-02	1.024198e+01
1.867000e-05	-4.730465e-03	1.048311e+01
1.868000e-05	-1.822405e-02	1.068313e+01
1.869000e-05	1.191154e-02	1.087411e+01
1.870000e-05	9.478873e-04	1.105461e+01
1.871000e-05	-2.145565e-02	1.124213e+01
1.872000e-05	6.775559e-03	1.145321e+01
1.873000e-05	-1.868890e-05	1.168567e+01
1.874000e-05	2.486490e-03	1.184311e+01
1.875000e-05	-2.529606e-02	1.200256e+01
1.876000e-05	1.154268e-02	1.219253e+01
1.877000e-05	2.799178e-04	1.236945e+01
1.878000e-05	-6.959355e-03	1.251735e+01
1.879000e-05	-1.542689e-02	1.268576e+01
1.880000e-05	1.589648e-03	1.284419e+01
1.881000e-05	4.438126e-04	1.303148e+01
1.882000e-05	-1.632757e-02	1.315895e+01
1.883000e-05	-2.808487e-03	1.335777e+01
1.884000e-05	-1.970267e-03	1.348432e+01
1.885000e-05	2.081606e-04	1.363168e+01
1.886000e-05	-1.275226e-02	1.373787e+01
1.887000e-05	-1.547343e-03	1.385485e+01
1.888000e-05	-5.180906e-03	1.399201e+01
1.889000e-05	-8.642547e-03	1.418148e+01
1.890000e-05	-8.199585e-03	1.430619e+01
1.891000e-05	-4.656999e-03	1.443061e+01
1.892000e-05	-4.245818e-03	1.448426e+01
1.893000e-05	-1.052647e-02	1.459045e+01
1.894000e-05	-5.196780e-03	1.465568e+01
1.895000e-05	-9.101933e-03	1.474895e+01
1.896000e-05	-4.597018e-03	1.480058e+01
1.897000e-05	-7.444615e-03	1.484577e+01
1.898000e-05	-7.081199e-03	1.494785e+01
1.899000e-05	-9.095361e-03	1.497106e+01
1.900000e-05	-1.047474e-02	1.501272e+01
1.901000e-05	-7.339168e-03	1.504484e+01
1.902000e-05	-1.106359e-02	1.507685e+01
1.903000e-05	-1.045187e-02	1.512947e+01
1.904000e-05	-1.163462e-02	1.519161e+01
1.905000e-05	-1.016324e-02	1.520361e+01
1.906000e-05	-1.209751e-02	1.529171e+01
1.907000e-05	-1.313223e-02	1.526374e+01
1.908000e-05	-1.315426e-02	1.528432e+01
1.909000e-05	-1.578917e-02	1.529582e+01
1.910000e-05	-1.662514e-02	1.528484e+01
1.911000e-05	-1.949770e-02	1.529579e+01
1.912000e-05	-1.922820e-02	1.526492e+01
1.913000e-05	-2.427132e-02	1.526579e+01
1.914000e-05	-2.543490e-02	1.526579e+01
1.915000e-05	-3.133113e-02	1.524214e+01
1.916000e-05	-3.513074e-02	1.526119e+01
1.917000e-05	-4.147133e-02	1.516908e+01
1.918000e-05	-4.778470e-02	1.511642e+01
1.919000e-05	-5.176407e-02	1.507575e+01
1.920000e-05	-5.368945e-02	1.503264e+01
1.921000e-05	-4.727659e-02	1.497902e+01
1.922000e-05	-4.283500e-02	1.490433e+01
1.923000e-05	-3.393201e-02	1.485074e+01
1.924000e-05	-2.821375e-02	1.474893e+01
1.925000e-05	-2.296289e-02	1.469427e+01
1.926000e-05	-2.085504e-02	1.457948e+01
1.927000e-05	-1.954515e-02	1.449775e+01
1.928000e-05	-1.616730e-02	1.439169e+01
1.929000e-05	-1.475766e-02	1.430482e+01
1.930000e-05	-1.408021e-02	1.415953e+01
1.931000e-05	-1.209388e-02	1.408414e+01
1.932000e-05	-1.312391e-02	1.387543e+01
1.933000e-05	-1.051550e-02	1.378846e+01
1.934000e-05	-1.160142e-02	1.362417e+01
1.935000e-05	-9.483855e-03	1.351540e+01
1.936000e-05	-1.095647e-02	1.336948e+01
1.937000e-05	-8.601169e-03	1.324166e+01
1.938000e-05	-9.885457e-03	1.307492e+01
1.939000e-05	-7.299503e-03	1.293890e+01
1.940000e-05	-9.186523e-03	1.278066e+01
1.941000e-05	-6.492195e-03	1.264209e+01
1.942000e-05	-8.191361e-03	1.246477e+01
1.943000e-05	-6.457270e-03	1.228637e+01
1.944000e-05	-7.023736e-03	1.214938e+01
1.945000e-05	-6.422354e-03	1.193946e+01
1.946000e-05	-7.022510e-03	1.179805e+01
1.947000e-05	-7.177771e-03	1.160861e+01
1.948000e-05	-6.320000e-03	1.136961e+01
1.949000e-05	-6.793778e-03	1.117796e+01
1.950000e-05	-5.615925e-03	1.098853e+01
1.951000e-05	-5.915150e-03	1.083903e+01
1.952000e-05	-5.687156e-03	1.057098e+01
1.953000e-05	-5.764788e-03	1.032898e+01
1.954000e-05	-6.402077e-03	1.016645e+01
1.955000e-05	-4.885586e-03	9.916824e+00
1.956000e-05	-5.099448e-03	9.683797e+00
1.957000e-05	-5.873634e-03	9.422162e+00
1.958000e-05	-5.964390e-03	9.243213e+00
1.959000e-05	-4.762558e-03	9.000055e+00
1.960000e-05	-5.580210e-03	8.817928e+00
1.961000e-05	-5.473185e-03	8.506401e+00
1.962000e-05	-5.283900e-03	8.303323e+00
1.963000e-05	-5.782392e-03	8.032193e+00
1.964000e-05	-6.249698e-03	7.780059e+00
1.965000e-05	-5.844176e-03	7.537853e+00
1.966000e-05	-5.653134e-03	7.262744e+00
1.967000e-05	-5.198755e-03	6.990608e+00
1.968000e-05	-5.483122e-03	6.787555e+00
1.969000e-05	-5.533673e-03	6.503272e+00
1.970000e-05	-5.687173e-03	6.241136e+00
1.971000e-05	-5.477433e-03	6.021111e+00
1.972000e-05	-4.583085e-03	5.774423e+00
1.973000e-05	-5.037620e-03	5.443793e+00
1.974000e-05	-6.363671e-03	5.240531e+00
1.975000e-05	-6.322384e-03	4.832721e+00
1.976000e-05	-4.419096e-03	4.608556e+00
1.977000e-05	-4.181932e-03	4.367946e+00
1.978000e-05	-5.017946e-03	4.032262e+00
1.979000e-05	-4.853380e-03	3.787481e+00
1.980000e-05	-4.486567e-03	3.517821e+00
1.981000e-05	-3.842597e-03	3.172105e+00
1.982000e-05	-4.990855e-03	2.926847e+00
1.983000e-05	-4.637274e-03	2.672267e+00
1.984000e-05	-5.551855e-03	2.386951e+00
1.985000e-05	-4.329440e-03	2.074763e+00
1.986000e-05	-7.790895e-03	1.801185e+00
1.987000e-05	-1.811546e-03	1.494319e+00
1.988000e-05	-6.126586e-03	1.220034e+00
1.989000e-05	-1.322715e-03	8.727185e-01
1.990000e-05	-5.815287e-03	6.190276e-01
1.991000e-05	-2.214462e-03	3.569435e-01
1.992000e-05	-1.337583e-03	2.005888e-02
1.993000e-05	2.645528e-03	-2.316013e-01
1.994000e-05	4.972547e-03	-4.751578e-01
1.995000e-05	-6.601292e-03	-7.890146e-01
1.996000e-05	4.999655e-03	-1.043049e+00
1.997000e-05	-2.697194e-03	-1.307687e+00
1.998000e-05	1.446553e-03	-1.611525e+00
1.999000e-05	4.164924e-03	-1.812025e+00
2.000000e-05	3.041072e-02	-2.053028e+00
2.001000e-05	9.541236e-02	-2.350759e+00
2.002000e-05	-4.309567e-02	-2.695232e+00
2.003000e-05	-4.534384e-02	-3.065225e+00
2.004000e-05	-1.084485e-02	-3.398846e+00
2.005000e-05	-1.897922e-02	-3.559946e+00
2.006000e-05	-6.173977e-02	-3.842180e+00
2.007000e-05	-2.668322e-03	-4.032602e+00
2.008000e-05	1.810661e-01	-4.192024e+00
2.009000e-05	-1.864559e-01	-4.497237e+00
2.010000e-05	1.355015e-01	-4.800002e+00
2.011000e-05	-3.889157e-02	-5.023028e+00
2.012000e-05	-7.667531e-02	-5.381444e+00
2.013000e-05	1.352119e-01	-5.613050e+00
2.014000e-05	-1.495833e-01	-5.906841e+00
2.015000e-05	1.533809e-01	-6.151015e+00
2.016000e-05	-8.375082e-02	-6.435105e+00
2.017000e-05	-4.626618e-03	-6.717364e+00
2.018000e-05	6.688177e-02	-6.992523e+00
2.019000e-05	-1.030849e-01	-7.276737e+00
2.020000e-05	1.079785e-01	-7.528891e+00
2.021000e-05	-1.080313e-01	-7.803559e+00
2.022000e-05	1.084976e-01	-8.095766e+00
2.023000e-05	-3.789711e-02	-8.307865e+00
2.024000e-05	-1.848243e-02	-8.550631e+00
2.025000e-05	5.067581e-02	-8.792628e+00
2.026000e-05	-6.176851e-02	-9.085236e+00
2.027000e-05	6.052631e-02	-9.265186e+00
2.028000e-05	-6.882650e-02	-9.505767e+00
2.029000e-05	7.832377e-02	-9.719395e+00
2.030000e-05	-3.053618e-02	-9.929868e+00
2.031000e-05	1.115670e-02	-1.017050e+01
2.032000e-05	-2.377113e-02	-1.036192e+01
2.033000e-05	7.766375e-03	-1.057997e+01
2.034000e-05	2.298339e-02	-1.079755e+01
2.035000e-05	-3.033298e-02	-1.096153e+01
2.036000e-05	2.841574e-02	-1.112092e+01
2.037000e-05	-1.483931e-02	-1.137897e+01
2.038000e-05	2.372267e-02	-1.158853e+01
2.039000e-05	-4.144620e-02	-1.177152e+01
2.040000e-05	3.179256e-02	-1.197945e+01
2.041000e-05	-7.734444e-03	-1.213997e+01
2.042000e-05	1.158622e-02	-1.232794e+01
2.043000e-05	-2.127776e-02	-1.248631e+01
2.044000e-05	1.854499e-02	-1.263374e+01
2.045000e-05	5.939395e-04	-1.282258e+01
2.046000e-05	-8.691172e-03	-1.299152e+01
2.047000e-05	7.904859e-05	-1.312839e+01
2.048000e-05	4.630445e-03	-1.325622e+01
2.049000e-05	1.011515e-02	-1.337208e+01
2.050000e-05	-1.215677e-02	-1.357056e+01
2.051000e-05	1.231323e-02	-1.372684e+01
2.052000e-05	-1.471134e-03	-1.383268e+01
2.053000e-05	4.258007e-03	-1.398058e+01
2.054000e-05	-6.756895e-03	-1.410676e+01
2.055000e-05	1.005823e-02	-1.421366e+01
2.056000e-05	3.020972e-03	-1.431842e+01
2.057000e-05	1.409353e-03	-1.442364e+01
2.058000e-05	1.496969e-03	-1.453832e+01
2.059000e-05	3.003346e-03	-1.460168e+01
2.060000e-05	3.761632e-03	-1.464532e+01
2.061000e-05	2.185122e-03	-1.474946e+01
2.062000e-05	5.348616e-03	-1.486214e+01
2.063000e-05	2.704205e-03	-1.489587e+01
2.064000e-05	2.708903e-03	-1.493650e+01
2.065000e-05	3.328819e-03	-1.501208e+01
2.066000e-05	3.939953e-03	-1.505416e+01
2.067000e-05	2.323519e-03	-1.509539e+01
2.068000e-05	4.023583e-03	-1.513745e+01
2.069000e-05	5.835831e-03	-1.517902e+01
2.070000e-05	5.428148e-03	-1.515861e+01
2.071000e-05	4.425374e-03	-1.519008e+01
2.072000e-05	5.954235e-03	-1.522119e+01
2.073000e-05	6.259362e-03	-1.523374e+01
2.074000e-05	8.322124e-03	-1.527332e+01
2.075000e-05	1.050621e-02	-1.528579e+01
2.076000e-05	1.249729e-02	-1.526524e+01
2.077000e-05	1.383513e-02	-1.528527e+01
2.078000e-05	1.598337e-02	-1.522476e+01
2.079000e-05	1.825309e-02	-1.520316e+01
2.080000e-05	2.319813e-02	-1.521306e+01
2.081000e-05	2.750046e-02	-1.518261e+01
2.082000e-05	3.262537e-02	-1.516795e+01
2.083000e-05	3.779089e-02	-1.504690e+01
2.084000e-05	4.390330e-02	-1.505579e+01
2.085000e-05	4.777763e-02	-1.496118e+01
2.086000e-05	4.396464e-02	-1.494743e+01
2.087000e-05	3.718393e-02	-1.486584e+01
2.088000e-05	3.020566e-02	-1.479166e+01
2.089000e-05	2.416981e-02	-1.475700e+01
2.090000e-05	1.795946e-02	-1.460474e+01
2.091000e-05	1.278149e-02	-1.457601e+01
2.092000e-05	1.020827e-02	-1.447482e+01
2.093000e-05	9.800046e-03	-1.436806e+01
2.094000e-05	8.927092e-03	-1.427277e+01
2.095000e-05	8.342725e-03	-1.409747e+01
2.096000e-05	5.707225e-03	-1.401009e+01
2.097000e-05	3.184764e-03	-1.386345e+01
2.098000e-05	3.271299e-03	-1.376906e+01
2.099000e-05	2.783957e-03	-1.364326e+01
2.100000e-05	2.314104e-03	-1.348542e+01
2.101000e-05	2.072470e-03	-1.338951e+01
2.102000e-05	2.575836e-03	-1.324169e+01
2.103000e-05	9.655107e-04	-1.307732e+01
2.104000e-05	-7.057135e-04	-1.294795e+01
2.105000e-05	3.307176e-05	-1.280216e+01
2.106000e-05	1.355358e-04	-1.263224e+01
2.107000e-05	-5.978546e-04	-1.250443e+01
2.108000e-05	-1.524358e-03	-1.231840e+01
2.109000e-05	-7.203056e-04	-1.216953e+01
2.110000e-05	-3.538741e-04	-1.195906e+01
2.111000e-05	-1.793648e-03	-1.173853e+01
2.112000e-05	-1.983708e-03	-1.155006e+01
2.113000e-05	-2.063613e-03	-1.130913e+01
2.114000e-05	-1.679063e-03	-1.116757e+01
2.115000e-05	-2.721192e-03	-1.090953e+01
2.116000e-05	-1.611652e-03	-1.074653e+01
2.117000e-05	-8.025782e-04	-1.058898e+01
2.118000e-05	-4.481983e-03	-1.036805e+01
2.119000e-05	-2.614640e-03	-1.014645e+01
2.120000e-05	-4.152359e-03	-9.896452e+00
2.121000e-05	-2.382649e-03	-9.686314e+00
2.122000e-05	-1.693201e-03	-9.434271e+00
2.123000e-05	-1.452646e-03	-9.222664e+00
2.124000e-05	-2.711134e-03	-9.030683e+00
2.125000e-05	-5.135765e-03	-8.778201e+00
2.126000e-05	-5.326334e-03	-8.527533e+00
2.127000e-05	-5.815115e-03	-8.295395e+00
2.128000e-05	-5.812079e-03	-8.064741e+00
2.129000e-05	-3.139176e-03	-7.799187e+00
2.130000e-05	-4.384797e-03	-7.518901e+00
2.131000e-05	-3.650805e-03	-7.272817e+00
2.132000e-05	-4.011743e-03	-7.012512e+00
2.133000e-05	-3.679893e-03	-6.797582e+00
2.134000e-05	-3.949862e-03	-6.507449e+00
2.135000e-05	-6.376615e-03	-6.292241e+00
2.136000e-05	-5.125843e-03	-5.991156e+00
2.137000e-05	-5.189449e-03	-5.715027e+00
2.138000e-05	-4.399603e-03	-5.463319e+00
2.139000e-05	-6.084910e-03	-5.179083e+00
2.140000e-05	-3.309058e-03	-4.834367e+00
2.141000e-05	-3.166909e-03	-4.569051e+00
2.142000e-05	-3.729673e-03	-4.326949e+00
2.143000e-05	-5.117767e-03	-4.064446e+00
2.144000e-05	-3.935046e-03	-3.818610e+00
2.145000e-05	-5.364128e-03	-3.546946e+00
2.146000e-05	-5.513255e-03	-3.274315e+00
2.147000e-05	-7.297746e-03	-2.916978e+00
2.148000e-05	-4.871857e-03	-2.683315e+00
2.149000e-05	-7.043713e-03	-2.380607e+00
2.150000e-05	-3.401503e-03	-2.114852e+00
2.151000e-05	-5.883044e-03	-1.870706e+00
2.152000e-05	-3.140118e-03	-1.569478e+00
2.153000e-05	-7.660879e-03	-1.210058e+00
2.154000e-05	-5.742453e-03	-9.258435e-01
2.155000e-05	-6.565572e-03	-6.807118e-01
2.156000e-05	-4.563031e-03	-3.275223e-01
2.157000e-05	-4.682499e-03	-9.331691e-02
2.158000e-05	2.123550e-03	1.822699e-01
2.159000e-05	3.238271e-03	4.931538e-01
2.160000e-05	-6.813389e-03	7.278344e-01
2.161000e-05	2.141371e-03	9.893720e-01
2.162000e-05	-4.930146e-03	1.284729e+00
2.163000e-05	7.302094e-04	1.580792e+00
2.164000e-05	-5.820569e-03	1.864529e+00
2.165000e-05	1.314172e-02	2.064104e+00
2.166000e-05	2.838331e-02	2.305112e+00
2.167000e-05	8.475644e-02	2.581999e+00
2.168000e-05	-6.929087e-02	2.939792e+00
2.169000e-05	-3.079532e-02	3.241928e+00
2.170000e-05	-3.010336e-02	3.517763e+00
2.171000e-05	3.431705e-04	3.807867e+00
2.172000e-05	-4.708111e-02	3.990451e+00
2.173000e-05	-1.128269e-02	4.193051e+00
2.174000e-05	6.440923e-02	4.455633e+00
2.175000e-05	1.748488e-02	4.760867e+00
2.176000e-05	-9.393140e-02	4.971027e+00
2.177000e-05	1.503571e-01	5.297338e+00
2.178000e-05	-1.439961e-01	5.631423e+00
2.179000e-05	7.096788e-02	5.885159e+00
2.180000e-05	-2.491873e-02	6.116766e+00
2.181000e-05	1.035045e-02	6.399425e+00
2.182000e-05	6.044912e-03	6.663689e+00
2.183000e-05	-3.845429e-02	6.917292e+00
2.184000e-05	5.160502e-02	7.193001e+00
2.185000e-05	-5.241611e-02	7.487187e+00
2.186000e-05	1.760297e-02	7.760395e+00
2.187000e-05	-2.006041e-02	8.093633e+00
2.188000e-05	2.491667e-02	8.326738e+00
2.189000e-05	1.025670e-02	8.538265e+00
2.190000e-05	-4.195714e-02	8.739925e+00
2.191000e-05	1.865198e-02	8.991428e+00
2.192000e-05	-6.723308e-03	9.285055e+00
2.193000e-05	9.516831e-04	9.476109e+00
2.194000e-05	-1.894652e-02	9.674214e+00
2.195000e-05	1.005253e-02	9.936264e+00
2.196000e-05	5.760867e-03	1.011832e+01
2.197000e-05	-1.320694e-02	1.034882e+01
2.198000e-05	-1.412669e-02	1.054895e+01
2.199000e-05	2.728001e-04	1.073827e+01
2.200000e-05	9.137588e-03	1.093797e+01
2.201000e-05	-1.250347e-02	1.114782e+01
2.202000e-05	-1.033094e-02	1.135887e+01
2.203000e-05	6.627670e-03	1.153830e+01
2.204000e-05	1.582013e-03	1.174835e+01
2.205000e-05	-1.762271e-02	1.196839e+01
2.206000e-05	-4.069725e-03	1.212774e+01
2.207000e-05	7.838241e-03	1.230524e+01
2.208000e-05	-3.696960e-04	1.247656e+01
2.209000e-05	-1.719392e-02	1.262350e+01
2.210000e-05	-2.600513e-03	1.277040e+01
2.211000e-05	7.842981e-04	1.295892e+01
2.212000e-05	-8.602549e-03	1.306579e+01
2.213000e-05	-1.175852e-02	1.325319e+01
2.214000e-05	-7.465116e-04	1.337098e+01
2.215000e-05	6.734748e-04	1.352788e+01
2.216000e-05	-1.058444e-02	1.365579e+01
2.217000e-05	-4.975999e-03	1.379153e+01
2.218000e-05	-4.409592e-03	1.394697e+01
2.219000e-05	-4.991846e-03	1.413784e+01
2.220000e-05	-1.186185e-02	1.422411e+01
2.221000e-05	-3.872171e-03	1.430043e+01
2.222000e-05	-5.280732e-03	1.446369e+01
2.223000e-05	-7.733161e-03	1.452790e+01
2.224000e-05	-8.050100e-03	1.466366e+01
2.225000e-05	-8.102465e-03	1.472632e+01
2.226000e-05	-5.873256e-03	1.479993e+01
2.227000e-05	-8.025479e-03	1.485319e+01
2.228000e-05	-5.850849e-03	1.490684e+01
2.229000e-05	-9.324558e-03	1.498200e+01
2.230000e-05	-8.968812e-03	1.500211e+01
2.231000e-05	-1.005328e-02	1.502474e+01
2.232000e-05	-9.301134e-03	1.509585e+01
2.233000e-05	-1.134918e-02	1.512941e+01
2.234000e-05	-1.143258e-02	1.520953e+01
2.235000e-05	-9.099719e-03	1.520358e+01
2.236000e-05	-1.161158e-02	1.528161e+01
2.237000e-05	-1.279925e-02	1.527372e+01
2.238000e-05	-1.541868e-02	1.526529e+01
2.239000e-05	-1.338177e-02	1.528489e+01
2.240000e-05	-1.737756e-02	1.535574e+01
2.241000e-05	-1.843383e-02	1.528525e+01
2.242000e-05	-1.969477e-02	1.530439e+01
2.243000e-05	-2.180277e-02	1.527469e+01
2.244000e-05	-2.345048e-02	1.525529e+01
2.245000e-05	-2.892640e-02	1.526274e+01
2.246000e-05	-3.237970e-02	1.522364e+01
2.247000e-05	-3.943580e-02	1.522056e+01
2.248000e-05	-4.360504e-02	1.512891e+01
2.249000e-05	-5.034077e-02	1.511790e+01
2.250000e-05	-5.388750e-02	1.505524e+01
2.251000e-05	-5.108021e-02	1.500963e+01
2.252000e-05	-4.427396e-02	1.492645e+01
2.253000e-05	-3.716965e-02	1.483317e+01
2.254000e-05	-3.133874e-02	1.480253e+01
2.255000e-05	-2.383231e-02	1.469724e+01
2.256000e-05	-2.212970e-02	1.462069e+01
2.257000e-05	-2.024689e-02	1.449585e+01
2.258000e-05	-1.685535e-02	1.439216e+01
2.259000e-05	-1.648689e-02	1.437695e+01
2.260000e-05	-1.389628e-02	1.421158e+01
2.261000e-05	-1.391039e-02	1.412442e+01
2.262000e-05	-1.216340e-02	1.395943e+01
2.263000e-05	-1.087273e-02	1.382124e+01
2.264000e-05	-9.777532e-03	1.367535e+01
2.265000e-05	-1.097936e-02	1.358041e+01
2.266000e-05	-1.066603e-02	1.343217e+01
2.267000e-05	-1.004765e-02	1.334387e+01
2.268000e-05	-8.640451e-03	1.313603e+01
2.269000e-05	-8.122828e-03	1.301953e+01
2.270000e-05	-8.646594e-03	1.284130e+01
2.271000e-05	-7.360237e-03	1.266634e+01
2.272000e-05	-6.638652e-03	1.252700e+01
2.273000e-05	-6.888393e-03	1.240006e+01
2.274000e-05	-8.180626e-03	1.220069e+01
2.275000e-05	-6.688582e-03	1.209175e+01
2.276000e-05	-7.027871e-03	1.186414e+01
2.277000e-05	-5.970588e-03	1.169479e+01
2.278000e-05	-7.087605e-03	1.146319e+01
2.279000e-05	-5.975350e-03	1.132479e+01
2.280000e-05	-6.296804e-03	1.108272e+01
2.281000e-05	-5.707289e-03	1.089327e+01
2.282000e-05	-5.142250e-03	1.069272e+01
2.283000e-05	-6.266906e-03	1.051172e+01
2.284000e-05	-5.795366e-03	1.028309e+01
2.285000e-05	-5.784792e-03	1.004969e+01
2.286000e-05	-5.213196e-03	9.800034e+00
2.287000e-05	-6.354234e-03	9.577401e+00
2.288000e-05	-6.089475e-03	9.326427e+00
2.289000e-05	-4.764234e-03	9.144752e+00
2.290000e-05	-5.279184e-03	8.894293e+00
2.291000e-05	-6.052850e-03	8.661188e+00
2.292000e-05	-6.259676e-03	8.429659e+00
2.293000e-05	-5.256632e-03	8.138532e+00
2.294000e-05	-5.563423e-03	7.916420e+00
2.295000e-05	-6.468197e-03	7.663266e+00
2.296000e-05	-5.497962e-03	7.388478e+00
2.297000e-05	-4.723384e-03	7.125402e+00
2.298000e-05	-4.753884e-03	6.884343e+00
2.299000e-05	-5.449696e-03	6.630160e+00
2.300000e-05	-5.033135e-03	6.367479e+00
2.301000e-05	-5.352609e-03	6.114897e+00
2.302000e-05	-5.011819e-03	5.864763e+00
2.303000e-05	-6.008822e-03	5.628529e+00
2.304000e-05	-4.512022e-03	5.366873e+00
2.305000e-05	-5.173222e-03	4.991633e+00
2.306000e-05	-4.792920e-03	4.736320e+00
2.307000e-05	-5.878981e-03	4.463689e+00
2.308000e-05	-4.566170e-03	4.147503e+00
2.309000e-05	-4.737921e-03	3.894817e+00
2.310000e-05	-4.579122e-03	3.642614e+00
2.311000e-05	-5.624257e-03	3.387506e+00
2.312000e-05	-5.247285e-03	3.103239e+00
2.313000e-05	-4.235722e-03	2.801581e+00
2.314000e-05	-4.521758e-03	2.495346e+00
2.315000e-05	-4.412756e-03	2.209012e+00
2.316000e-05	-5.142907e-03	1.958925e+00
2.317000e-05	-3.850543e-03	1.661260e+00
2.318000e-05	-4.364180e-03	1.356922e+00
2.319000e-05	-4.241840e-03	1.089686e+00
2.320000e-05	-3.621200e-03	7.153947e-01
2.321000e-05	-3.973689e-03	4.722629e-01
2.322000e-05	-2.767701e-03	1.669736e-01
2.323000e-05	-1.581731e-03	-5.723278e-02
2.324000e-05	1.042581e-02	-3.588974e-01
2.325000e-05	-5.396655e-03	-6.760501e-01
2.326000e-05	4.500036e-03	-9.257369e-01
2.327000e-05	-4.460531e-03	-1.158895e+00
2.328000e-05	4.738922e-03	-1.446728e+00
2.329000e-05	-4.145069e-03	-1.717367e+00
2.330000e-05	2.144502e-02	-1.928845e+00
2.331000e-05	5.218680e-02	-2.169495e+00
2.332000e-05	7.112211e-02	-2.527784e+00
2.333000e-05	-1.124473e-01	-2.825633e+00
2.334000e-05	2.602809e-02	-3.216103e+00
2.335000e-05	-5.254612e-02	-3.506636e+00
2.336000e-05	-9.583335e-04	-3.676708e+00
2.337000e-05	-1.049767e-01	-3.929895e+00
2.338000e-05	1.694340e-01	-4.077817e+00
2.339000e-05	-2.613192e-02	-4.339863e+00
2.340000e-05	-8.597851e-02	-4.704134e+00
2.341000e-05	1.825383e-01	-4.896862e+00
2.342000e-05	-1.946326e-01	-5.233950e+00
2.343000e-05	1.435847e-01	-5.497892e+00
2.344000e-05	-7.370089e-02	-5.741896e+00
2.345000e-05	1.459480e-02	-6.053629e+00
2.346000e-05	8.641731e-02	-6.276132e+00
2.347000e-05	-1.335592e-01	-6.622969e+00
2.348000e-05	1.202835e-01	-6.843709e+00
2.349000e-05	-8.655095e-02	-7.159838e+00
2.350000e-05	3.590699e-02	-7.402584e+00
2.351000e-05	1.868500e-03	-7.676159e+00
2.352000e-05	-3.337335e-02	-8.032399e+00
2.353000e-05	1.025257e-01	-8.191501e+00
2.354000e-05	-1.145365e-01	-8.455204e+00
2.355000e-05	8.542141e-02	-8.706812e+00
2.356000e-05	-5.265177e-02	-8.949993e+00
2.357000e-05	2.670746e-02	-9.156945e+00
2.358000e-05	-1.522918e-02	-9.402021e+00
2.359000e-05	-5.568313e-03	-9.605158e+00
2.360000e-05	5.317061e-02	-9.883534e+00
2.361000e-05	-4.626226e-02	-1.007466e+01
2.362000e-05	2.685799e-02	-1.023567e+01
2.363000e-05	-4.366056e-02	-1.048572e+01
2.364000e-05	5.332846e-02	-1.069474e+01
2.365000e-05	-3.452798e-02	-1.085426e+01
2.366000e-05	1.561423e-02	-1.110736e+01
2.367000e-05	-3.012827e-03	-1.129516e+01
2.368000e-05	1.306393e-02	-1.150582e+01
2.369000e-05	-1.537227e-02	-1.169679e+01
2.370000e-05	-1.028502e-02	-1.186521e+01
2.371000e-05	2.429697e-02	-1.205374e+01
2.372000e-05	-4.803999e-03	-1.222523e+01
2.373000e-05	3.032564e-03	-1.242106e+01
2.374000e-05	-1.202018e-02	-1.257100e+01
2.375000e-05	2.006463e-02	-1.273997e+01
2.376000e-05	-1.819259e-02	-1.288779e+01
2.377000e-05	3.654167e-03	-1.303371e+01
2.378000e-05	-1.429616e-03	-1.317308e+01
2.379000e-05	1.890233e-02	-1.333147e+01
2.380000e-05	-1.073725e-02	-1.349484e+01
2.381000e-05	3.061458e-03	-1.368367e+01
2.382000e-05	3.863429e-03	-1.378061e+01
2.383000e-05	4.184006e-03	-1.394692e+01
2.384000e-05	-4.018799e-03	-1.403416e+01
2.385000e-05	1.197487e-03	-1.416990e+01
2.386000e-05	6.781404e-03	-1.422577e+01
2.387000e-05	-7.794194e-04	-1.436055e+01
2.388000e-05	2.694202e-03	-1.448472e+01
2.389000e-05	2.489350e-03	-1.459990e+01
2.390000e-05	6.072192e-03	-1.461474e+01
2.391000e-05	-6.675682e-04	-1.466789e+01
2.392000e-05	4.325838e-03	-1.479261e+01
2.393000e-05	4.004437e-03	-1.483529e+01
2.394000e-05	4.459426e-03	-1.491642e+01
2.395000e-05	1.246421e-03	-1.491993e+01
2.396000e-05	2.453787e-03	-1.506368e+01
2.397000e-05	1.433989e-03	-1.503371e+01
2.398000e-05	5.899946e-03	-1.511839e+01
2.399000e-05	7.480368e-03	-1.512900e+01
2.400000e-05	6.008944e-03	-1.520155e+01
2.401000e-05	3.398386e-03	-1.521203e+01
2.402000e-05	4.161838e-03	-1.518364e+01
2.403000e-05	6.859706e-03	-1.525379e+01
2.404000e-05	6.170387e-03	-1.526418e+01
2.405000e-05	1.006446e-02	-1.523417e+01
2.406000e-05	1.173074e-02	-1.526377e+01
2.407000e-05	1.288812e-02	-1.527477e+01
2.408000e-05	1.372309e-02	-1.528571e+01
2.409000e-05	1.742746e-02	-1.524371e+01
2.410000e-05	2.265201e-02	-1.520164e+01
2.411000e-05	2.597259e-02	-1.524010e+01
2.412000e-05	2.946907e-02	-1.515951e+01
2.413000e-05	3.481781e-02	-1.510695e+01
2.414000e-05	4.066122e-02	-1.506627e+01
2.415000e-05	4.662151e-02	-1.501321e+01
2.416000e-05	4.746961e-02	-1.495903e+01
2.417000e-05	4.102923e-02	-1.491695e+01
2.418000e-05	3.478935e-02	-1.481374e+01
2.419000e-05	2.695921e-02	-1.478113e+01
2.420000e-05	1.968750e-02	-1.468644e+01
2.421000e-05	1.416099e-02	-1.461306e+01
2.422000e-05	1.181754e-02	-1.453832e+01
2.423000e-05	1.104881e-02	-1.445316e+01
2.424000e-05	9.062822e-03	-1.430840e+01
2.425000e-05	7.584924e-03	-1.417211e+01
2.426000e-05	6.247815e-03	-1.405490e+01
2.427000e-05	6.151978e-03	-1.391705e+01
2.428000e-05	4.770485e-03	-1.378324e+01
2.429000e-05	3.049011e-03	-1.368630e+01
2.430000e-05	1.953909e-03	-1.356756e+01
2.431000e-05	1.692593e-03	-1.341316e+01
2.432000e-05	1.580883e-03	-1.330537e+01
2.433000e-05	7.836093e-04	-1.313896e+01
2.434000e-05	8.511166e-04	-1.299311e+01
2.435000e-05	-2.163649e-04	-1.288384e+01
2.436000e-05	7.115536e-04	-1.268598e+01
2.437000e-05	-2.303473e-04	-1.257603e+01
2.438000e-05	-2.613828e-04	-1.244017e+01
2.439000e-05	7.596789e-05	-1.222364e+01
2.440000e-05	-7.399558e-04	-1.208582e+01
2.441000e-05	-2.471870e-03	-1.184625e+01
2.442000e-05	-2.785252e-03	-1.163484e+01
2.443000e-05	-5.281096e-04	-1.146427e+01
2.444000e-05	-9.649638e-04	-1.126622e+01
2.445000e-05	-1.556551e-03	-1.101224e+01
2.446000e-05	-2.806530e-03	-1.084272e+01
2.447000e-05	-1.829470e-03	-1.067180e+01
2.448000e-05	-2.622504e-03	-1.046469e+01
2.449000e-05	-2.531679e-03	-1.023221e+01
2.450000e-05	-2.915743e-03	-9.990139e+00
2.451000e-05	-2.844599e-03	-9.789088e+00
2.452000e-05	-4.379359e-03	-9.609036e+00
2.453000e-05	-2.785059e-03	-9.369575e+00
2.454000e-05	-3.070045e-03	-9.116395e+00
2.455000e-05	-3.826005e-03	-8.896445e+00
2.456000e-05	-4.841713e-03	-8.642271e+00
2.457000e-05	-4.635649e-03	-8.399682e+00
2.458000e-05	-4.416591e-03	-8.148081e+00
2.459000e-05	-3.931372e-03	-7.955004e+00
2.460000e-05	-4.106928e-03	-7.572291e+00
2.461000e-05	-3.630777e-03	-7.417055e+00
2.462000e-05	-4.919990e-03	-7.119551e+00
2.463000e-05	-5.465645e-03	-6.874895e+00
2.464000e-05	-4.539286e-03	-6.652262e+00
2.465000e-05	-3.330138e-03	-6.380630e+00
2.466000e-05	-5.124183e-03	-6.074399e+00
2.467000e-05	-5.221055e-03	-5.872290e+00
2.468000e-05	-4.703708e-03	-5.611158e+00
2.469000e-05	-3.969500e-03	-5.305345e+00
2.470000e-05	-5.968361e-03	-5.081709e+00
2.471000e-05	-4.435663e-03	-4.674396e+00
2.472000e-05	-5.619114e-03	-4.443687e+00
2.473000e-05	-3.621315e-03	-4.199655e+00
2.474000e-05	-4.897996e-03	-3.927976e+00
2.475000e-05	-5.140300e-03	-3.663184e+00
2.476000e-05	-4.882913e-03	-3.379549e+00
2.477000e-05	-5.804036e-03	-3.156374e+00
2.478000e-05	-5.237665e-03	-2.811079e+00
2.479000e-05	-7.135688e-03	-2.536475e+00
2.480000e-05	-5.756033e-03	-2.283764e+00
2.481000e-05	-5.385344e-03	-1.986946e+00
2.482000e-05	-5.512134e-03	-1.674288e+00
2.483000e-05	-6.646765e-03	-1.338059e+00
2.484000e-05	-5.504843e-03	-1.061740e+00
2.485000e-05	-5.999788e-03	-7.889750e-01
2.486000e-05	-5.356735e-03	-4.638384e-01
2.487000e-05	-5.854611e-03	-2.421566e-01
2.488000e-05	-2.172336e-03	8.460389e-02
2.489000e-05	6.291110e-03	3.568171e-01
2.490000e-05	-5.835039e-03	6.119711e-01
2.491000e-05	6.919734e-04	8.305013e-01
2.492000e-05	-4.007404e-03	1.186321e+00
2.493000e-05	1.186427e-03	1.413950e+00
2.494000e-05	-7.734450e-03	1.727737e+00
2.495000e-05	8.074553e-03	1.977845e+00
2.496000e-05	1.193581e-02	2.189820e+00
2.497000e-05	7.213548e-02	2.442501e+00
2.498000e-05	1.628577e-02	2.830946e+00
2.499000e-05	-8.051910e-02	3.095184e+00
2.500000e-05	-1.359940e-02	3.318818e+00
2.501000e-05	-2.327808e-02	3.644128e+00
2.502000e-05	-1.232524e-02	3.886210e+00
2.503000e-05	-4.871713e-02	4.098209e+00
2.504000e-05	2.932225e-02	4.368843e+00
2.505000e-05	8.499484e-02	4.620502e+00
2.506000e-05	-1.127130e-01	4.907111e+00
2.507000e-05	9.094924e-02	5.201900e+00
2.508000e-05	-1.749282e-02	5.475211e+00
2.509000e-05	-5.801893e-02	5.740242e+00
2.510000e-05	5.860139e-02	6.023949e+00
2.511000e-05	-4.018996e-02	6.242559e+00
2.512000e-05	3.647311e-02	6.540263e+00
2.513000e-05	-4.125128e-02	6.831958e+00
2.514000e-05	1.925275e-02	7.076236e+00
2.515000e-05	7.683762e-03	7.369347e+00
2.516000e-05	-3.712105e-02	7.703156e+00
2.517000e-05	2.023065e-02	7.896764e+00
2.518000e-05	-2.205004e-02	8.199949e+00
2.519000e-05	4.639691e-02	8.411506e+00
2.520000e-05	-3.812429e-02	8.671534e+00
2.521000e-05	-1.177204e-02	8.894692e+00
2.522000e-05	1.924136e-02	9.127316e+00
2.523000e-05	-1.736846e-02	9.328873e+00
2.524000e-05	6.739814e-03	9.568870e+00
2.525000e-05	-2.509860e-02	9.792000e+00
2.526000e-05	3.304931e-02	1.005155e+01
2.527000e-05	-2.161312e-02	1.025153e+01
2.528000e-05	-4.414262e-03	1.043373e+01
2.529000e-05	-1.696130e-02	1.060464e+01
2.530000e-05	1.129219e-02	1.087413e+01
2.531000e-05	3.728552e-04	1.105356e+01
2.532000e-05	-2.127024e-02	1.125169e+01
2.533000e-05	8.980429e-03	1.148411e+01
2.534000e-05	-1.402482e-03	1.166514e+01
2.535000e-05	9.268563e-05	1.189363e+01
2.536000e-05	-2.451890e-02	1.202206e+01
2.537000e-05	1.239807e-02	1.222355e+01
2.538000e-05	-7.052373e-04	1.237795e+01
2.539000e-05	-7.019792e-03	1.256940e+01
2.540000e-05	-1.285739e-02	1.271572e+01
2.541000e-05	1.001472e-03	1.288521e+01
2.542000e-05	-5.144126e-04	1.301353e+01
2.543000e-05	-1.520694e-02	1.319995e+01
2.544000e-05	-1.451849e-03	1.331877e+01
2.545000e-05	-3.413442e-03	1.349579e+01
2.546000e-05	-1.864255e-03	1.363156e+01
2.547000e-05	-1.342152e-02	1.376838e+01
2.548000e-05	-1.209745e-03	1.391727e+01
2.549000e-05	-5.651701e-03	1.399301e+01
2.550000e-05	-8.210722e-03	1.421055e+01
2.551000e-05	-8.208559e-03	1.424369e+01
2.552000e-05	-4.474013e-03	1.438306e+01
2.553000e-05	-4.259567e-03	1.450574e+01
2.554000e-05	-1.093910e-02	1.458148e+01
2.555000e-05	-6.091972e-03	1.469476e+01
2.556000e-05	-8.246522e-03	1.477043e+01
2.557000e-05	-5.107114e-03	1.482259e+01
2.558000e-05	-8.064868e-03	1.489474e+01
2.559000e-05	-8.008720e-03	1.495742e+01
2.560000e-05	-7.907390e-03	1.500053e+01
2.561000e-05	-9.891030e-03	1.502114e+01
2.562000e-05	-8.244615e-03	1.507677e+01
2.563000e-05	-1.162493e-02	1.508653e+01
2.564000e-05	-1.033482e-02	1.519998e+01
2.565000e-05	-1.096839e-02	1.521106e+01
2.566000e-05	-1.038229e-02	1.526271e+01
2.567000e-05	-1.353391e-02	1.523267e+01
2.568000e-05	-1.269320e-02	1.522274e+01
2.569000e-05	-1.585679e-02	1.530581e+01
2.570000e-05	-1.390799e-02	1.528527e+01
2.571000e-05	-1.802056e-02	1.532632e+01
2.572000e-05	-1.828399e-02	1.530582e+01
2.573000e-05	-1.862645e-02	1.530425e+01
2.574000e-05	-2.354054e-02	1.524729e+01
2.575000e-05	-2.590592e-02	1.525372e+01
2.576000e-05	-3.257203e-02	1.521222e+01
2.577000e-05	-3.547166e-02	1.520114e+01
2.578000e-05	-4.200115e-02	1.521891e+01
2.579000e-05	-4.730284e-02	1.517838e+01
2.580000e-05	-5.007604e-02	1.506632e+01
2.581000e-05	-5.353617e-02	1.500159e+01
2.582000e-05	-4.738868e-02	1.496843e+01
2.583000e-05	-4.287518e-02	1.492684e+01
2.584000e-05	-3.367836e-02	1.483312e+01
2.585000e-05	-2.858988e-02	1.477900e+01
2.586000e-05	-2.245748e-02	1.465437e+01
2.587000e-05	-2.078326e-02	1.456941e+01
2.588000e-05	-1.814646e-02	1.447527e+01
2.589000e-05	-1.562311e-02	1.435953e+01
2.590000e-05	-1.642824e-02	1.425324e+01
2.591000e-05	-1.434354e-02	1.416593e+01
2.592000e-05	-1.270912e-02	1.404162e+01
2.593000e-05	-1.172101e-02	1.387374e+01
2.594000e-05	-9.629939e-03	1.379851e+01
2.595000e-05	-1.129798e-02	1.362266e+01
2.596000e-05	-9.579539e-03	1.352432e+01
2.597000e-05	-1.085863e-02	1.333796e+01
2.598000e-05	-8.236630e-03	1.326011e+01
2.599000e-05	-8.969015e-03	1.310519e+01
2.600000e-05	-7.884042e-03	1.289540e+01
2.601000e-05	-9.142186e-03	1.274958e+01
2.602000e-05	-6.863405e-03	1.262208e+01
2.603000e-05	-8.018275e-03	1.251482e+01
2.604000e-05	-7.772009e-03	1.233734e+01
2.605000e-05	-7.063801e-03	1.214642e+01
2.606000e-05	-6.526293e-03	1.197856e+01
2.607000e-05	-7.226255e-03	1.177901e+01
2.608000e-05	-6.686380e-03	1.156791e+01
2.609000e-05	-6.731066e-03	1.138746e+01
2.610000e-05	-5.718820e-03	1.115745e+01
2.611000e-05	-6.099976e-03	1.094801e+01
2.612000e-05	-6.193543e-03	1.077798e+01
2.613000e-05	-5.568173e-03	1.059846e+01
2.614000e-05	-5.375778e-03	1.034745e+01
2.615000e-05	-6.709298e-03	1.014688e+01
2.616000e-05	-5.283999e-03	9.896326e+00
2.617000e-05	-6.581451e-03	9.714196e+00
2.618000e-05	-5.158147e-03	9.429688e+00
2.619000e-05	-6.201434e-03	9.230613e+00
2.620000e-05	-4.782554e-03	9.028605e+00
2.621000e-05	-6.284727e-03	8.728403e+00
2.622000e-05	-5.764401e-03	8.506399e+00
2.623000e-05	-5.451812e-03	8.272795e+00
2.624000e-05	-5.468634e-03	8.041167e+00
2.625000e-05	-5.377245e-03	7.767559e+00
2.626000e-05	-5.150406e-03	7.524324e+00
2.627000e-05	-5.075924e-03	7.232761e+00
2.628000e-05	-5.875952e-03	6.998583e+00
2.629000e-05	-5.228072e-03	6.788624e+00
2.630000e-05	-5.243151e-03	6.463818e+00
2.631000e-05	-5.588823e-03	6.232159e+00
2.632000e-05	-4.652614e-03	6.010060e+00
2.633000e-05	-5.261691e-03	5.745874e+00
2.634000e-05	-4.794033e-03	5.453314e+00
2.635000e-05	-5.595893e-03	5.137528e+00
2.636000e-05	-4.965671e-03	4.862588e+00
2.637000e-05	-4.851385e-03	4.557427e+00
2.638000e-05	-4.396058e-03	4.336347e+00
2.639000e-05	-4.968383e-03	4.041660e+00
2.640000e-05	-4.582679e-03	3.746401e+00
2.641000e-05	-4.896840e-03	3.493888e+00
2.642000e-05	-4.910476e-03	3.198535e+00
2.643000e-05	-5.239302e-03	2.925873e+00
2.644000e-05	-4.442350e-03	2.672166e+00
2.645000e-05	-4.255126e-03	2.367374e+00
2.646000e-05	-4.223885e-03	2.073663e+00
2.647000e-05	-4.717592e-03	1.798600e+00
2.648000e-05	-4.729909e-03	1.492721e+00
2.649000e-05	-4.941290e-03	1.188530e+00
2.650000e-05	-4.190547e-03	8.521742e-01
2.651000e-05	-3.709540e-03	5.879788e-01
2.652000e-05	-3.244594e-03	3.253948e-01
2.653000e-05	-1.326633e-03	2.047657e-02
2.654000e-05	4.746457e-03	-2.835477e-01
2.655000e-05	4.675712e-03	-4.656079e-01
2.656000e-05	-3.742491e-03	-7.598909e-01
2.657000e-05	3.370576e-03	-1.012074e+00
2.658000e-05	-1.887288e-03	-1.298716e+00
2.659000e-05	-1.103719e-03	-1.632521e+00
2.660000e-05	5.395683e-03	-1.844629e+00
2.661000e-05	3.141813e-02	-2.066530e+00
2.662000e-05	9.669531e-02	-2.358843e+00
2.663000e-05	-5.435289e-02	-2.745784e+00
2.664000e-05	-3.448245e-02	-3.075732e+00
2.665000e-05	-1.680950e-02	-3.371400e+00
2.666000e-05	-1.266490e-02	-3.560921e+00
2.667000e-05	-7.153594e-02	-3.864135e+00
2.668000e-05	1.418648e-02	-4.050604e+00
2.669000e-05	1.699644e-01	-4.192528e+00
2.670000e-05	-1.914339e-01	-4.557810e+00
2.671000e-05	1.527446e-01	-4.780996e+00
2.672000e-05	-6.198711e-02	-5.055632e+00
2.673000e-05	-4.941934e-02	-5.421498e+00
2.674000e-05	1.201576e-01	-5.622705e+00
2.675000e-05	-1.447434e-01	-5.927839e+00
2.676000e-05	1.564841e-01	-6.188398e+00
2.677000e-05	-9.865750e-02	-6.463105e+00
2.678000e-05	1.095861e-02	-6.727968e+00
2.679000e-05	5.074504e-02	-7.031999e+00
2.680000e-05	-9.575447e-02	-7.318836e+00
2.681000e-05	1.078819e-01	-7.536869e+00
2.682000e-05	-1.101598e-01	-7.815078e+00
2.683000e-05	1.185779e-01	-8.087818e+00
2.684000e-05	-5.353694e-02	-8.338319e+00
2.685000e-05	-5.284203e-03	-8.583549e+00
2.686000e-05	3.937718e-02	-8.884134e+00
2.687000e-05	-5.743053e-02	-9.056262e+00
2.688000e-05	5.843762e-02	-9.245259e+00
2.689000e-05	-6.796328e-02	-9.496816e+00
2.690000e-05	8.113195e-02	-9.729446e+00
2.691000e-05	-3.871002e-02	-9.939397e+00
2.692000e-05	1.912900e-02	-1.019242e+01
2.693000e-05	-2.815479e-02	-1.043098e+01
2.694000e-05	1.423551e-02	-1.057163e+01
2.695000e-05	1.621598e-02	-1.076105e+01
2.696000e-05	-2.658597e-02	-1.095105e+01
2.697000e-05	2.691097e-02	-1.114243e+01
2.698000e-05	-1.449254e-02	-1.140998e+01
2.699000e-05	2.136342e-02	-1.159145e+01
2.700000e-05	-4.179235e-02	-1.177200e+01
2.701000e-05	3.329849e-02	-1.197105e+01
2.702000e-05	-8.296932e-03	-1.215937e+01
2.703000e-05	1.618061e-02	-1.233790e+01
2.704000e-05	-2.227011e-02	-1.243624e+01
2.705000e-05	1.781756e-02	-1.264529e+01
2.706000e-05	-4.189604e-03	-1.286513e+01
2.707000e-05	-7.805321e-03	-1.302110e+01
2.708000e-05	-2.834241e-04	-1.313790e+01
2.709000e-05	7.731585e-03	-1.328777e+01
2.710000e-05	1.151254e-02	-1.339216e+01
2.711000e-05	-1.083153e-02	-1.356905e+01
2.712000e-05	9.751628e-03	-1.370837e+01
2.713000e-05	-2.744895e-03	-1.385529e+01
2.714000e-05	4.450046e-03	-1.397053e+01
2.715000e-05	-5.683671e-03	-1.409632e+01
2.716000e-05	1.001394e-02	-1.429316e+01
2.717000e-05	1.949975e-03	-1.427737e+01
2.718000e-05	1.696371e-03	-1.446419e+01
2.719000e-05	1.832367e-03	-1.451937e+01
2.720000e-05	3.022400e-03	-1.462368e+01
2.721000e-05	2.690397e-03	-1.466527e+01
2.722000e-05	2.075196e-03	-1.476001e+01
2.723000e-05	4.962659e-03	-1.481272e+01
2.724000e-05	3.348355e-03	-1.489584e+01
2.725000e-05	2.331253e-03	-1.494800e+01
2.726000e-05	4.168194e-03	-1.497151e+01
2.727000e-05	2.506949e-03	-1.504471e+01
2.728000e-05	2.584427e-03	-1.505677e+01
2.729000e-05	3.989512e-03	-1.511747e+01
2.730000e-05	5.652920e-03	-1.515051e+01
2.731000e-05	5.314132e-03	-1.517961e+01
2.732000e-05	4.556577e-03	-1.519256e+01
2.733000e-05	6.045064e-03	-1.523161e+01
2.734000e-05	6.087382e-03	-1.526471e+01
2.735000e-05	8.238488e-03	-1.522567e+01
2.736000e-05	1.026604e-02	-1.525374e+01
2.737000e-05	1.232606e-02	-1.528326e+01
2.738000e-05	1.426089e-02	-1.523262e+01
2.739000e-05	1.571922e-02	-1.524569e+01
2.740000e-05	1.906233e-02	-1.519411e+01
2.741000e-05	2.178967e-02	-1.515208e+01
2.742000e-05	2.621500e-02	-1.515150e+01
2.743000e-05	3.320684e-02	-1.513900e+01
2.744000e-05	3.832889e-02	-1.509685e+01
2.745000e-05	4.403540e-02	-1.504426e+01
2.746000e-05	4.780733e-02	-1.497211e+01
2.747000e-05	4.337976e-02	-1.492760e+01
2.748000e-05	3.717115e-02	-1.488487e+01
2.749000e-05	2.919758e-02	-1.481219e+01
2.750000e-05	2.316482e-02	-1.473900e+01
2.751000e-05	1.699453e-02	-1.463429e+01
2.752000e-05	1.381072e-02	-1.454951e+01
2.753000e-05	1.136208e-02	-1.451484e+01
2.754000e-05	9.046305e-03	-1.436995e+01
2.755000e-05	7.061119e-03	-1.425274e+01
2.756000e-05	6.749271e-03	-1.411540e+01
2.757000e-05	6.357488e-03	-1.401121e+01
2.758000e-05	4.266253e-03	-1.383540e+01
2.759000e-05	3.393735e-03	-1.377203e+01
2.760000e-05	2.350685e-03	-1.361069e+01
2.761000e-05	2.511050e-03	-1.347537e+01
2.762000e-05	1.311225e-03	-1.335893e+01
2.763000e-05	1.600295e-03	-1.323071e+01
2.764000e-05	7.169500e-04	-1.308585e+01
2.765000e-05	-2.815246e-04	-1.292795e+01
2.766000e-05	-3.939627e-04	-1.278269e+01
2.767000e-05	1.297649e-03	-1.261319e+01
2.768000e-05	8.594105e-04	-1.249637e+01
2.769000e-05	-7.371802e-04	-1.231688e+01
2.770000e-05	-5.200532e-04	-1.217903e+01
2.771000e-05	-7.508919e-04	-1.197958e+01
2.772000e-05	-1.067511e-03	-1.178958e+01
2.773000e-05	-1.267511e-03	-1.156806e+01
2.774000e-05	-1.486321e-03	-1.135953e+01
2.775000e-05	-1.234943e-03	-1.111705e+01
2.776000e-05	-2.221651e-03	-1.092805e+01
2.777000e-05	-1.729521e-03	-1.075848e+01
2.778000e-05	-2.446613e-03	-1.054911e+01
2.779000e-05	-4.250900e-03	-1.034738e+01
2.780000e-05	-3.447581e-03	-1.008650e+01
2.781000e-05	-2.708556e-03	-9.894317e+00
2.782000e-05	-3.282922e-03	-9.664320e+00
2.783000e-05	-3.808514e-03	-9.402843e+00
2.784000e-05	-3.188944e-03	-9.211684e+00
2.785000e-05	-3.591698e-03	-9.021084e+00
2.786000e-05	-4.326090e-03	-8.817581e+00
2.787000e-05	-4.890830e-03	-8.514975e+00
2.788000e-05	-4.832326e-03	-8.265317e+00
2.789000e-05	-4.636757e-03	-8.062789e+00
2.790000e-05	-4.226407e-03	-7.770160e+00
2.791000e-05	-4.211393e-03	-7.497900e+00
2.792000e-05	-4.325340e-03	-7.252741e+00
2.793000e-05	-4.368102e-03	-7.000213e+00
2.794000e-05	-5.771661e-03	-6.728975e+00
2.795000e-05	-4.530757e-03	-6.474846e+00
2.796000e-05	-5.563523e-03	-6.261263e+00
2.797000e-05	-3.386725e-03	-5.959555e+00
2.798000e-05	-5.766955e-03	-5.715400e+00
2.799000e-05	-4.440315e-03	-5.492816e+00
2.800000e-05	-5.100753e-03	-5.157505e+00
2.801000e-05	-4.202768e-03	-4.831890e+00
2.802000e-05	-5.576615e-03	-4.509529e+00
2.803000e-05	-4.874648e-03	-4.316951e+00
2.804000e-05	-5.674710e-03	-4.063792e+00
2.805000e-05	-3.793682e-03	-3.779656e+00
2.806000e-05	-5.176808e-03	-3.505399e+00
2.807000e-05	-4.287308e-03	-3.263236e+00
2.808000e-05	-5.996918e-03	-2.964026e+00
2.809000e-05	-5.153905e-03	-2.680788e+00
2.810000e-05	-7.694886e-03	-2.389154e+00
2.811000e-05	-4.354526e-03	-2.055768e+00
2.812000e-05	-5.591343e-03	-1.830634e+00
2.813000e-05	-4.855541e-03	-1.565966e+00
2.814000e-05	-8.219322e-03	-1.200555e+00
2.815000e-05	-4.261657e-03	-9.257695e-01
2.816000e-05	-4.771271e-03	-6.602294e-01
2.817000e-05	-5.282127e-03	-3.473685e-01
2.818000e-05	-6.417395e-03	-4.266304e-02
2.819000e-05	1.814331e-03	1.923947e-01
2.820000e-05	2.711830e-03	5.036341e-01
2.821000e-05	-7.288725e-03	7.788871e-01
2.822000e-05	2.118607e-03	1.049470e+00
2.823000e-05	-3.474947e-03	1.302212e+00
2.824000e-05	8.036319e-04	1.591421e+00
2.825000e-05	-4.771471e-03	1.854629e+00
2.826000e-05	1.267058e-02	2.055602e+00
2.827000e-05	3.111935e-02	2.306762e+00
2.828000e-05	8.207816e-02	2.614077e+00
2.829000e-05	-7.476558e-02	2.950266e+00
2.830000e-05	-2.616619e-02	3.241026e+00
2.831000e-05	-3.186248e-02	3.609840e+00
2.832000e-05	9.978932e-04	3.820422e+00
2.833000e-05	-4.920615e-02	4.023421e+00
2.834000e-05	-6.516536e-03	4.303114e+00
2.835000e-05	6.914110e-02	4.486582e+00
2.836000e-05	6.001526e-03	4.779421e+00
2.837000e-05	-8.134669e-02	5.033556e+00
2.838000e-05	1.435850e-01	5.348796e+00
2.839000e-05	-1.472572e-01	5.704003e+00
2.840000e-05	7.987337e-02	5.896684e+00
2.841000e-05	-3.110800e-02	6.150394e+00
2.842000e-05	1.287118e-02	6.391025e+00
2.843000e-05	1.285231e-03	6.695588e+00
2.844000e-05	-3.512490e-02	6.948320e+00
2.845000e-05	5.219657e-02	7.214499e+00
2.846000e-05	-5.511254e-02	7.528263e+00
2.847000e-05	2.289931e-02	7.779324e+00
2.848000e-05	-2.308053e-02	8.087161e+00
2.849000e-05	3.037701e-02	8.326840e+00
2.850000e-05	4.765030e-03	8.517289e+00
2.851000e-05	-4.297258e-02	8.768921e+00
2.852000e-05	1.953399e-02	8.971975e+00
2.853000e-05	-9.473821e-03	9.232663e+00
2.854000e-05	3.201174e-03	9.475086e+00
2.855000e-05	-2.069474e-02	9.697761e+00
2.856000e-05	1.579170e-02	9.957268e+00
2.857000e-05	2.735886e-03	1.014835e+01
2.858000e-05	-1.202130e-02	1.035833e+01
2.859000e-05	-1.776029e-02	1.062089e+01
2.860000e-05	1.494617e-03	1.079892e+01
2.861000e-05	8.234087e-03	1.096787e+01
2.862000e-05	-1.259230e-02	1.115784e+01
2.863000e-05	-8.199408e-03	1.134992e+01
2.864000e-05	6.262387e-03	1.154040e+01
2.865000e-05	2.653453e-03	1.178892e+01
2.866000e-05	-1.960622e-02	1.194829e+01
2.867000e-05	-2.923969e-03	1.212890e+01
2.868000e-05	6.565028e-03	1.232674e+01
2.869000e-05	-8.379011e-04	1.248514e+01
2.870000e-05	-1.706466e-02	1.261256e+01
2.871000e-05	-1.970140e-03	1.281003e+01
2.872000e-05	1.490082e-03	1.293944e+01
2.873000e-05	-8.416658e-03	1.309727e+01
2.874000e-05	-1.079627e-02	1.324622e+01
2.875000e-05	-2.218939e-03	1.342266e+01
2.876000e-05	-1.136199e-03	1.350845e+01
2.877000e-05	-1.202975e-02	1.369431e+01
2.878000e-05	-4.354111e-03	1.379308e+01
2.879000e-05	-4.744196e-03	1.396838e+01
2.880000e-05	-5.785381e-03	1.412677e+01
2.881000e-05	-1.181012e-02	1.424357e+01
2.882000e-05	-3.335169e-03	1.435840e+01
2.883000e-05	-4.872854e-03	1.444459e+01
2.884000e-05	-8.908883e-03	1.453637e+01
2.885000e-05	-6.953300e-03	1.465211e+01
2.886000e-05	-7.680807e-03	1.473630e+01
2.887000e-05	-5.512335e-03	1.477006e+01
2.888000e-05	-9.173271e-03	1.483414e+01
2.889000e-05	-6.639127e-03	1.495629e+01
2.890000e-05	-8.699097e-03	1.496948e+01
2.891000e-05	-8.452490e-03	1.499216e+01
2.892000e-05	-1.017110e-02	1.505624e+01
2.893000e-05	-9.827347e-03	1.508635e+01
2.894000e-05	-1.072474e-02	1.517943e+01
2.895000e-05	-1.092123e-02	1.518053e+01
2.896000e-05	-9.594097e-03	1.523156e+01
2.897000e-05	-1.274142e-02	1.523319e+01
2.898000e-05	-1.232801e-02	1.524427e+01
2.899000e-05	-1.471876e-02	1.529334e+01
2.900000e-05	-1.361550e-02	1.528626e+01
2.901000e-05	-1.697195e-02	1.530582e+01
2.902000e-05	-1.709191e-02	1.532587e+01
2.903000e-05	-1.848053e-02	1.525484e+01
2.904000e-05	-2.196053e-02	1.528424e+01
2.905000e-05	-2.474624e-02	1.528527e+01
2.906000e-05	-2.939310e-02	1.528314e+01
2.907000e-05	-3.296424e-02	1.522206e+01
2.908000e-05	-3.976695e-02	1.521011e+01
2.909000e-05	-4.517117e-02	1.512838e+01
2.910000e-05	-5.062454e-02	1.508685e+01
2.911000e-05	-5.318207e-02	1.504526e+01
2.912000e-05	-5.039439e-02	1.498053e+01
2.913000e-05	-4.506940e-02	1.494938e+01
2.914000e-05	-3.672258e-02	1.485524e+01
2.915000e-05	-2.966995e-02	1.476958e+01
2.916000e-05	-2.474884e-02	1.471837e+01
2.917000e-05	-2.268633e-02	1.464111e+01
2.918000e-05	-2.044663e-02	1.454742e+01
2.919000e-05	-1.654131e-02	1.445216e+01
2.920000e-05	-1.571071e-02	1.435688e+01
2.921000e-05	-1.412733e-02	1.417209e+01
2.922000e-05	-1.419934e-02	1.410577e+01
2.923000e-05	-1.159849e-02	1.393753e+01
2.924000e-05	-1.187375e-02	1.383369e+01
2.925000e-05	-1.047753e-02	1.369537e+01
2.926000e-05	-1.092838e-02	1.356753e+01
2.927000e-05	-1.023652e-02	1.343314e+01
2.928000e-05	-9.622787e-03	1.331325e+01
2.929000e-05	-8.797449e-03	1.313743e+01
2.930000e-05	-8.102656e-03	1.300255e+01
2.931000e-05	-8.883573e-03	1.287219e+01
2.932000e-05	-7.194153e-03	1.267530e+01
2.933000e-05	-7.795178e-03	1.257800e+01
2.934000e-05	-6.735604e-03	1.242901e+01
2.935000e-05	-8.004973e-03	1.220164e+01
2.936000e-05	-5.989833e-03	1.207274e+01
2.937000e-05	-6.832407e-03	1.185385e+01
2.938000e-05	-6.841090e-03	1.168577e+01
2.939000e-05	-7.551723e-03	1.151227e+01
2.940000e-05	-5.514751e-03	1.123227e+01
2.941000e-05	-5.142800e-03	1.107379e+01
2.942000e-05	-6.751560e-03	1.088429e+01
2.943000e-05	-5.584787e-03	1.065225e+01
2.944000e-05	-5.954263e-03	1.046072e+01
2.945000e-05	-6.142986e-03	1.019211e+01
2.946000e-05	-6.476466e-03	1.002111e+01
2.947000e-05	-5.393598e-03	9.780078e+00
2.948000e-05	-4.965024e-03	9.525878e+00
2.949000e-05	-5.623177e-03	9.326422e+00
2.950000e-05	-5.597109e-03	9.104847e+00
2.951000e-05	-5.613695e-03	8.851841e+00
2.952000e-05	-5.958453e-03	8.641134e+00
2.953000e-05	-5.888947e-03	8.432083e+00
2.954000e-05	-4.917369e-03	8.176999e+00
2.955000e-05	-5.348937e-03	7.944395e+00
2.956000e-05	-4.854729e-03	7.643266e+00
2.957000e-05	-4.947456e-03	7.389034e+00
2.958000e-05	-5.077859e-03	7.126974e+00
2.959000e-05	-5.787974e-03	6.894267e+00
2.960000e-05	-5.092675e-03	6.611983e+00
2.961000e-05	-4.273398e-03	6.336955e+00
2.962000e-05	-5.666673e-03	6.084871e+00
2.963000e-05	-5.642873e-03	5.882743e+00
2.964000e-05	-5.055470e-03	5.608506e+00
2.965000e-05	-4.946857e-03	5.294849e+00
2.966000e-05	-4.929185e-03	4.958587e+00
2.967000e-05	-4.884071e-03	4.683793e+00
2.968000e-05	-4.232882e-03	4.422685e+00
2.969000e-05	-4.655893e-03	4.178002e+00
2.970000e-05	-4.370580e-03	3.914312e+00
2.971000e-05	-5.061631e-03	3.652609e+00
2.972000e-05	-4.215142e-03	3.374951e+00
2.973000e-05	-4.606771e-03	3.060786e+00
2.974000e-05	-4.871553e-03	2.809051e+00
2.975000e-05	-4.872104e-03	2.443791e+00
2.976000e-05	-4.847533e-03	2.219104e+00
2.977000e-05	-4.431386e-03	1.966847e+00
2.978000e-05	-4.245266e-03	1.660587e+00
2.979000e-05	-4.621125e-03	1.317375e+00
2.980000e-05	-4.462176e-03	1.030584e+00
2.981000e-05	-4.536318e-03	7.328185e-01
2.982000e-05	-3.939577e-03	4.406591e-01
2.983000e-05	-3.719744e-03	1.552973e-01
2.984000e-05	-6.794536e-04	-1.467355e-01
2.985000e-05	1.067293e-02	-3.904447e-01
2.986000e-05	-5.663915e-03	-6.546251e-01
2.987000e-05	5.840427e-03	-9.368355e-01
2.988000e-05	-5.568346e-03	-1.210445e+00
2.989000e-05	5.016801e-03	-1.504809e+00
2.990000e-05	-4.709853e-03	-1.727889e+00
2.991000e-05	2.257728e-02	-1.958373e+00
2.992000e-05	5.663230e-02	-2.211572e+00
2.993000e-05	6.262567e-02	-2.537261e+00
2.994000e-05	-1.099490e-01	-2.898230e+00
2.995000e-05	2.684932e-02	-3.253134e+00
2.996000e-05	-5.180175e-02	-3.475736e+00
2.997000e-05	-5.445815e-03	-3.697216e+00
2.998000e-05	-1.016119e-01	-3.970900e+00
2.999000e-05	1.807215e-01	-4.105792e+00
3.000000e-05	-5.179568e-02	-4.359868e+00
3.001000e-05	-6.044836e-02	-4.684764e+00
3.002000e-05	1.707074e-01	-4.896762e+00
3.003000e-05	-1.973683e-01	-5.232153e+00
3.004000e-05	1.566968e-01	-5.507844e+00
3.005000e-05	-9.378662e-02	-5.770995e+00
3.006000e-05	3.525297e-02	-6.065652e+00
3.007000e-05	6.992395e-02	-6.306809e+00
3.008000e-05	-1.277363e-01	-6.622500e+00
3.009000e-05	1.227288e-01	-6.893114e+00
3.010000e-05	-9.773512e-02	-7.179894e+00
3.011000e-05	5.210264e-02	-7.433082e+00
3.012000e-05	-1.281017e-02	-7.665733e+00
3.013000e-05	-1.531445e-02	-8.042578e+00
3.014000e-05	9.173791e-02	-8.202552e+00
3.015000e-05	-1.121103e-01	-8.475283e+00
3.016000e-05	8.490877e-02	-8.667871e+00
3.017000e-05	-6.003459e-02	-8.949949e+00
3.018000e-05	3.617795e-02	-9.201050e+00
3.019000e-05	-2.256221e-02	-9.391081e+00
3.020000e-05	6.810326e-03	-9.646609e+00
3.021000e-05	4.535344e-02	-9.864130e+00
3.022000e-05	-4.329361e-02	-1.006424e+01
3.023000e-05	2.230226e-02	-1.030629e+01
3.024000e-05	-3.946099e-02	-1.048677e+01
3.025000e-05	5.322746e-02	-1.066584e+01
3.026000e-05	-3.656766e-02	-1.091629e+01
3.027000e-05	2.136874e-02	-1.109681e+01
3.028000e-05	-5.222923e-03	-1.124669e+01
3.029000e-05	1.567918e-02	-1.149982e+01
3.030000e-05	-2.284005e-02	-1.165631e+01
3.031000e-05	-2.095067e-03	-1.188492e+01
3.032000e-05	2.073638e-02	-1.207723e+01
3.033000e-05	-3.733392e-03	-1.226519e+01
3.034000e-05	-3.515987e-04	-1.239414e+01
3.035000e-05	-8.041808e-03	-1.255310e+01
3.036000e-05	2.302498e-02	-1.277945e+01
3.037000e-05	-1.820880e-02	-1.292839e+01
3.038000e-05	2.511707e-03	-1.302584e+01
3.039000e-05	-4.176099e-03	-1.322261e+01
3.040000e-05	1.863337e-02	-1.337000e+01
3.041000e-05	-1.143073e-02	-1.351782e+01
3.042000e-05	5.073516e-03	-1.364527e+01
3.043000e-05	2.387626e-03	-1.379053e+01
3.044000e-05	3.141539e-03	-1.390737e+01
3.045000e-05	-4.934999e-03	-1.404566e+01
3.046000e-05	4.134632e-03	-1.420098e+01
3.047000e-05	8.242870e-03	-1.428724e+01
3.048000e-05	4.247832e-04	-1.442258e+01
3.049000e-05	9.496676e-04	-1.453424e+01
3.050000e-05	1.398184e-03	-1.459048e+01
3.051000e-05	4.157867e-03	-1.463417e+01
3.052000e-05	9.912177e-04	-1.474640e+01
3.053000e-05	5.033317e-03	-1.482211e+01
3.054000e-05	3.582708e-03	-1.486477e+01
3.055000e-05	3.759947e-03	-1.491842e+01
3.056000e-05	1.492685e-03	-1.496003e+01
3.057000e-05	4.369933e-03	-1.502071e+01
3.058000e-05	1.493196e-03	-1.504582e+01
3.059000e-05	3.723999e-03	-1.511635e+01
3.060000e-05	4.345210e-03	-1.514898e+01
3.061000e-05	5.124687e-03	-1.517001e+01
3.062000e-05	4.547580e-03	-1.517161e+01
3.063000e-05	3.572108e-03	-1.522111e+01
3.064000e-05	8.069620e-03	-1.521417e+01
3.065000e-05	7.695488e-03	-1.526321e+01
3.066000e-05	1.070183e-02	-1.522469e+01
3.067000e-05	1.075046e-02	-1.527474e+01
3.068000e-05	1.322713e-02	-1.524474e+01
3.069000e-05	1.452442e-02	-1.526281e+01
3.070000e-05	1.623362e-02	-1.525279e+01
3.071000e-05	2.057312e-02	-1.516371e+01
3.072000e-05	2.545605e-02	-1.520110e+01
3.073000e-05	3.055915e-02	-1.513958e+01
3.074000e-05	3.628339e-02	-1.512643e+01
3.075000e-05	4.200336e-02	-1.504482e+01
3.076000e-05	4.653440e-02	-1.502259e+01
3.077000e-05	4.572095e-02	-1.499048e+01
3.078000e-05	4.030241e-02	-1.491642e+01
3.079000e-05	3.370585e-02	-1.483324e+01
3.080000e-05	2.628294e-02	-1.476004e+01
3.081000e-05	1.989166e-02	-1.468585e+01
3.082000e-05	1.572103e-02	-1.458113e+01
3.083000e-05	1.243234e-02	-1.452743e+01
3.084000e-05	1.066866e-02	-1.440216e+01
3.085000e-05	7.940930e-03	-1.429542e+01
3.086000e-05	7.469287e-03	-1.417108e+01
3.087000e-05	6.080779e-03	-1.406429e+01
3.088000e-05	4.521930e-03	-1.392800e+01
3.089000e-05	3.504503e-03	-1.381266e+01
3.090000e-05	3.058918e-03	-1.372587e+01
3.091000e-05	2.942743e-03	-1.351801e+01
3.092000e-05	1.920483e-03	-1.342021e+01
3.093000e-05	8.807825e-04	-1.328587e+01
3.094000e-05	1.328894e-03	-1.312908e+01
3.095000e-05	1.023170e-03	-1.301065e+01
3.096000e-05	6.998014e-04	-1.283432e+01
3.097000e-05	5.281779e-04	-1.269485e+01
3.098000e-05	-5.844077e-04	-1.254846e+01
3.099000e-05	-4.098922e-04	-1.237964e+01
3.100000e-05	-2.572716e-04	-1.226219e+01
3.101000e-05	-1.386059e-03	-1.206287e+01
3.102000e-05	-1.817768e-03	-1.185335e+01
3.103000e-05	-1.349085e-03	-1.167379e+01
3.104000e-05	-1.502383e-03	-1.145372e+01
3.105000e-05	-1.504152e-03	-1.124326e+01
3.106000e-05	-2.856758e-03	-1.110069e+01
3.107000e-05	-1.971256e-03	-1.085164e+01
3.108000e-05	-2.021090e-03	-1.064434e+01
3.109000e-05	-3.023880e-03	-1.046377e+01
3.110000e-05	-3.261281e-03	-1.021416e+01
3.111000e-05	-2.836631e-03	-9.980712e+00
3.112000e-05	-2.582698e-03	-9.738033e+00
3.113000e-05	-4.040317e-03	-9.589031e+00
3.114000e-05	-2.804021e-03	-9.328466e+00
3.115000e-05	-3.609768e-03	-9.106348e+00
3.116000e-05	-3.128397e-03	-8.864846e+00
3.117000e-05	-4.594917e-03	-8.621593e+00
3.118000e-05	-3.822192e-03	-8.359133e+00
3.119000e-05	-4.572078e-03	-8.169002e+00
3.120000e-05	-4.649417e-03	-7.925322e+00
3.121000e-05	-4.748753e-03	-7.641042e+00
3.122000e-05	-4.245126e-03	-7.369054e+00
3.123000e-05	-4.145821e-03	-7.126379e+00
3.124000e-05	-5.305981e-03	-6.873266e+00
3.125000e-05	-5.636870e-03	-6.599732e+00
3.126000e-05	-4.390077e-03	-6.388130e+00
3.127000e-05	-4.874208e-03	-6.105972e+00
3.128000e-05	-4.206765e-03	-5.851233e+00
3.129000e-05	-5.247361e-03	-5.579505e+00
3.130000e-05	-4.824838e-03	-5.285550e+00
3.131000e-05	-5.877229e-03	-5.009134e+00
3.132000e-05	-3.375959e-03	-4.614268e+00
3.133000e-05	-5.013929e-03	-4.441637e+00
3.134000e-05	-4.953701e-03	-4.208130e+00
3.135000e-05	-5.362510e-03	-3.919902e+00
3.136000e-05	-3.853186e-03	-3.632661e+00
3.137000e-05	-4.841671e-03	-3.409508e+00
3.138000e-05	-6.555394e-03	-3.093890e+00
3.139000e-05	-5.579357e-03	-2.809056e+00
3.140000e-05	-6.327800e-03	-2.515400e+00
3.141000e-05	-5.497550e-03	-2.250814e+00
3.142000e-05	-6.314260e-03	-1.976470e+00
3.143000e-05	-5.586516e-03	-1.633242e+00
3.144000e-05	-6.555537e-03	-1.346976e+00
3.145000e-05	-5.142763e-03	-1.031231e+00
3.146000e-05	-5.930057e-03	-7.475525e-01
3.147000e-05	-4.732014e-03	-4.421368e-01
3.148000e-05	-5.684436e-03	-1.986003e-01
3.149000e-05	-2.072662e-03	6.262626e-02
3.150000e-05	5.459870e-03	3.708908e-01
3.151000e-05	-6.846779e-03	6.009751e-01
3.152000e-05	1.729716e-03	8.736554e-01
3.153000e-05	-3.366380e-03	1.199397e+00
3.154000e-05	1.672471e-03	1.432031e+00
3.155000e-05	-8.005751e-03	1.738921e+00
3.156000e-05	9.403290e-03	1.979850e+00
3.157000e-05	1.327753e-02	2.191450e+00
3.158000e-05	7.687173e-02	2.456029e+00
3.159000e-05	6.811811e-03	2.822474e+00
3.160000e-05	-7.750694e-02	3.105814e+00
3.161000e-05	-1.527880e-02	3.369946e+00
3.162000e-05	-2.040318e-02	3.665609e+00
3.163000e-05	-1.393976e-02	3.896712e+00
3.164000e-05	-4.531677e-02	4.106692e+00
3.165000e-05	3.326448e-02	4.409371e+00
3.166000e-05	8.418132e-02	4.643001e+00
3.167000e-05	-1.218011e-01	4.926288e+00
3.168000e-05	1.075457e-01	5.180851e+00
3.169000e-05	-3.902151e-02	5.517759e+00
3.170000e-05	-4.000994e-02	5.730518e+00
3.171000e-05	5.150221e-02	6.003054e+00
3.172000e-05	-3.621431e-02	6.274710e+00
3.173000e-05	3.498215e-02	6.590369e+00
3.174000e-05	-4.512993e-02	6.834083e+00
3.175000e-05	2.525957e-02	7.096212e+00
3.176000e-05	4.036810e-04	7.380419e+00
3.177000e-05	-3.039537e-02	7.676160e+00
3.178000e-05	1.712533e-02	7.918768e+00
3.179000e-05	-1.872117e-02	8.251476e+00
3.180000e-05	4.158965e-02	8.413558e+00
3.181000e-05	-3.873979e-02	8.664656e+00
3.182000e-05	-8.059389e-03	8.915242e+00
3.183000e-05	1.802251e-02	9.157246e+00
3.184000e-05	-1.689569e-02	9.351446e+00
3.185000e-05	4.762014e-03	9.600898e+00
3.186000e-05	-2.272868e-02	9.824051e+00
3.187000e-05	3.224780e-02	1.004361e+01
3.188000e-05	-2.316017e-02	1.026361e+01
3.189000e-05	-5.807797e-03	1.046471e+01
3.190000e-05	-1.646754e-02	1.065616e+01
3.191000e-05	1.244070e-02	1.088566e+01
3.192000e-05	2.869730e-04	1.108508e+01
3.193000e-05	-1.960307e-02	1.128316e+01
3.194000e-05	1.040698e-02	1.143466e+01
3.195000e-05	-2.450386e-03	1.171469e+01
3.196000e-05	-3.453377e-03	1.186456e+01
3.197000e-05	-2.336621e-02	1.207266e+01
3.198000e-05	1.431819e-02	1.220359e+01
3.199000e-05	-3.789091e-04	1.238995e+01
3.200000e-05	-1.093303e-02	1.252895e+01
3.201000e-05	-1.302443e-02	1.271730e+01
3.202000e-05	2.676462e-03	1.288480e+01
3.203000e-05	6.118900e-04	1.302356e+01
3.204000e-05	-1.723645e-02	1.317995e+01
3.205000e-05	-3.352652e-03	1.332890e+01
3.206000e-05	-3.381499e-03	1.349432e+01
3.207000e-05	-1.365579e-03	1.363303e+01
3.208000e-05	-1.155344e-02	1.375150e+01
3.209000e-05	-2.022133e-03	1.392882e+01
3.210000e-05	-5.488514e-03	1.402558e+01
3.211000e-05	-9.487819e-03	1.417100e+01
3.212000e-05	-6.122138e-03	1.429619e+01
3.213000e-05	-4.617568e-03	1.439156e+01
3.214000e-05	-6.069399e-03	1.451685e+01
3.215000e-05	-1.192434e-02	1.460303e+01
3.216000e-05	-5.667400e-03	1.470472e+01
3.217000e-05	-7.545300e-03	1.473993e+01
3.218000e-05	-4.875431e-03	1.481208e+01
3.219000e-05	-6.749276e-03	1.490629e+01
3.220000e-05	-8.483419e-03	1.495945e+01
3.221000e-05	-8.801138e-03	1.501058e+01
3.222000e-05	-1.188649e-02	1.502221e+01
3.223000e-05	-7.455556e-03	1.506682e+01
3.224000e-05	-1.075895e-02	1.515782e+01
3.225000e-05	-9.609593e-03	1.518993e+01
3.226000e-05	-1.122390e-02	1.525263e+01
3.227000e-05	-1.035072e-02	1.523518e+01
3.228000e-05	-1.230038e-02	1.524224e+01
3.229000e-05	-1.441207e-02	1.528532e+01
3.230000e-05	-1.359068e-02	1.528536e+01
3.231000e-05	-1.556295e-02	1.529776e+01
3.232000e-05	-1.562299e-02	1.528624e+01
3.233000e-05	-1.928452e-02	1.531632e+01
3.234000e-05	-2.007424e-02	1.529572e+01
3.235000e-05	-2.328098e-02	1.526424e+01
3.236000e-05	-2.646573e-02	1.526429e+01
3.237000e-05	-3.166088e-02	1.525312e+01
3.238000e-05	-3.597275e-02	1.522013e+01
3.239000e-05	-4.184656e-02	1.513996e+01
3.240000e-05	-4.816762e-02	1.515795e+01
3.241000e-05	-5.171689e-02	1.505477e+01
3.242000e-05	-5.396299e-02	1.503266e+01
3.243000e-05	-4.724874e-02	1.497755e+01
3.244000e-05	-4.166324e-02	1.490684e+01
3.245000e-05	-3.290772e-02	1.483366e+01
3.246000e-05	-2.608477e-02	1.475845e+01
3.247000e-05	-2.420842e-02	1.467481e+01
3.248000e-05	-1.885427e-02	1.457945e+01
3.249000e-05	-1.990020e-02	1.448479e+01
3.250000e-05	-1.519820e-02	1.439063e+01
3.251000e-05	-1.464284e-02	1.426477e+01
3.252000e-05	-1.377814e-02	1.413700e+01
3.253000e-05	-1.063937e-02	1.402211e+01
3.254000e-05	-1.393953e-02	1.389577e+01
3.255000e-05	-1.001012e-02	1.376745e+01
3.256000e-05	-1.461987e-02	1.360421e+01
3.257000e-05	-1.007903e-02	1.348675e+01
3.258000e-05	-1.057258e-02	1.336843e+01
3.259000e-05	-7.408206e-03	1.324116e+01
3.260000e-05	-8.555404e-03	1.308319e+01
3.261000e-05	-6.298340e-03	1.296587e+01
3.262000e-05	-9.276968e-03	1.274101e+01
3.263000e-05	-9.193767e-03	1.259018e+01
3.264000e-05	-9.678245e-03	1.247574e+01
3.265000e-05	-7.054848e-03	1.232330e+01
3.266000e-05	-6.645766e-03	1.214742e+01
3.267000e-05	-7.146227e-03	1.195843e+01
3.268000e-05	-7.421858e-03	1.177900e+01
3.269000e-05	-5.749892e-03	1.162838e+01
3.270000e-05	-4.908824e-03	1.135805e+01
3.271000e-05	-7.535952e-03	1.113756e+01
3.272000e-05	-7.522260e-03	1.096790e+01
3.273000e-05	-7.085700e-03	1.074796e+01
3.274000e-05	-4.381849e-03	1.057795e+01
3.275000e-05	-5.363004e-03	1.031545e+01
3.276000e-05	-6.498855e-03	1.012645e+01
3.277000e-05	-5.063726e-03	9.866193e+00
3.278000e-05	-4.874462e-03	9.652265e+00
3.279000e-05	-5.509944e-03	9.413083e+00
3.280000e-05	-7.471430e-03	9.242184e+00
3.281000e-05	-6.222104e-03	8.961030e+00
3.282000e-05	-5.375249e-03	8.714846e+00
3.283000e-05	-4.927756e-03	8.545846e+00
3.284000e-05	-5.097378e-03	8.252171e+00
3.285000e-05	-4.921683e-03	8.010658e+00
3.286000e-05	-5.262501e-03	7.748032e+00
3.287000e-05	-6.182681e-03	7.523321e+00
3.288000e-05	-6.165581e-03	7.220187e+00
3.289000e-05	-5.835116e-03	6.959085e+00
3.290000e-05	-4.488501e-03	6.776975e+00
3.291000e-05	-4.573900e-03	6.502220e+00
3.292000e-05	-5.572859e-03	6.240608e+00
3.293000e-05	-4.543349e-03	5.999079e+00
3.294000e-05	-4.998685e-03	5.725872e+00
3.295000e-05	-4.054647e-03	5.451714e+00
3.296000e-05	-4.686134e-03	5.198054e+00
3.297000e-05	-5.232162e-03	4.831637e+00
3.298000e-05	-5.988643e-03	4.547026e+00
3.299000e-05	-5.441122e-03	4.342819e+00
3.300000e-05	-4.211177e-03	4.010054e+00
3.301000e-05	-4.333105e-03	3.695775e+00
3.302000e-05	-4.067370e-03	3.493217e+00
3.303000e-05	-5.142155e-03	3.157401e+00
3.304000e-05	-4.607920e-03	2.906295e+00
3.305000e-05	-5.321123e-03	2.640734e+00
3.306000e-05	-5.134572e-03	2.324921e+00
3.307000e-05	-4.966857e-03	2.052187e+00
3.308000e-05	-4.147530e-03	1.797975e+00
3.309000e-05	-4.217131e-03	1.494817e+00
3.310000e-05	-4.242100e-03	1.218601e+00
3.311000e-05	-4.416355e-03	8.320877e-01
3.312000e-05	-4.625278e-03	5.765226e-01
3.313000e-05	-3.094180e-03	2.957709e-01
3.314000e-05	-1.646315e-03	2.102512e-02
3.315000e-05	5.057687e-03	-2.647552e-01
3.316000e-05	4.544089e-03	-4.367302e-01
3.317000e-05	-3.072821e-03	-7.914524e-01
3.318000e-05	2.704879e-03	-1.054103e+00
3.319000e-05	-1.987977e-03	-1.360213e+00
3.320000e-05	-1.128259e-04	-1.602477e+00
3.321000e-05	7.232164e-03	-1.864129e+00
3.322000e-05	3.176624e-02	-2.045579e+00
3.323000e-05	1.002850e-01	-2.340972e+00
3.324000e-05	-6.761075e-02	-2.739741e+00
3.325000e-05	-2.524777e-02	-3.110238e+00
3.326000e-05	-2.411797e-02	-3.391025e+00
3.327000e-05	-8.677510e-03	-3.609950e+00
3.328000e-05	-7.704387e-02	-3.873134e+00
3.329000e-05	3.295615e-02	-4.064634e+00
3.330000e-05	1.586528e-01	-4.252154e+00
3.331000e-05	-1.946556e-01	-4.578339e+00
3.332000e-05	1.694561e-01	-4.780530e+00
3.333000e-05	-8.641432e-02	-5.035133e+00
3.334000e-05	-2.772944e-02	-5.392524e+00
3.335000e-05	1.016537e-01	-5.684634e+00
3.336000e-05	-1.354453e-01	-5.938817e+00
3.337000e-05	1.599231e-01	-6.200024e+00
3.338000e-05	-1.119656e-01	-6.474785e+00
3.339000e-05	2.855866e-02	-6.730446e+00
3.340000e-05	3.641954e-02	-6.994076e+00
3.341000e-05	-8.512636e-02	-7.327818e+00
3.342000e-05	1.032890e-01	-7.579967e+00
3.343000e-05	-1.109953e-01	-7.854259e+00
3.344000e-05	1.247947e-01	-8.137387e+00
3.345000e-05	-6.925134e-02	-8.338794e+00
3.346000e-05	8.640991e-03	-8.621028e+00
3.347000e-05	3.007704e-02	-8.873686e+00
3.348000e-05	-4.904765e-02	-9.096286e+00
3.349000e-05	5.324163e-02	-9.297288e+00
3.350000e-05	-6.652472e-02	-9.545872e+00
3.351000e-05	8.453671e-02	-9.758871e+00
3.352000e-05	-4.537581e-02	-9.929897e+00
3.353000e-05	2.202256e-02	-1.020205e+01
3.354000e-05	-3.283878e-02	-1.036110e+01
3.355000e-05	2.249299e-02	-1.059010e+01
3.356000e-05	9.060989e-03	-1.078048e+01
3.357000e-05	-2.287801e-02	-1.098310e+01
3.358000e-05	2.585459e-02	-1.119095e+01
3.359000e-05	-1.086573e-02	-1.139298e+01
3.360000e-05	1.884587e-02	-1.160110e+01
3.361000e-05	-3.999366e-02	-1.178248e+01
3.362000e-05	3.594732e-02	-1.200160e+01
3.363000e-05	-9.933651e-03	-1.215193e+01
3.364000e-05	1.362797e-02	-1.233845e+01
3.365000e-05	-2.424315e-02	-1.248727e+01
3.366000e-05	2.176840e-02	-1.265479e+01
3.367000e-05	-4.937428e-03	-1.285261e+01
3.368000e-05	-5.003218e-03	-1.298256e+01
3.369000e-05	-2.800059e-04	-1.309787e+01
3.370000e-05	8.470707e-03	-1.327584e+01
3.371000e-05	6.826115e-03	-1.345368e+01
3.372000e-05	-1.267480e-02	-1.360158e+01
3.373000e-05	9.951577e-03	-1.373640e+01
3.374000e-05	-1.810645e-03	-1.388479e+01
3.375000e-05	3.413325e-03	-1.397048e+01
3.376000e-05	-5.847414e-03	-1.405992e+01
3.377000e-05	1.161031e-02	-1.423273e+01
3.378000e-05	2.966074e-03	-1.432887e+01
3.379000e-05	1.160936e-03	-1.446467e+01
3.380000e-05	-2.611428e-04	-1.453740e+01
3.381000e-05	2.309656e-03	-1.460271e+01
3.382000e-05	3.493145e-03	-1.468474e+01
3.383000e-05	2.777255e-03	-1.477003e+01
3.384000e-05	4.357923e-03	-1.484269e+01
3.385000e-05	3.392154e-03	-1.490534e+01
3.386000e-05	2.200593e-03	-1.491885e+01
3.387000e-05	4.046957e-03	-1.497161e+01
3.388000e-05	2.574145e-03	-1.506324e+01
3.389000e-05	3.275047e-03	-1.508639e+01
3.390000e-05	4.730849e-03	-1.511790e+01
3.391000e-05	4.998143e-03	-1.514900e+01
3.392000e-05	3.961155e-03	-1.518253e+01
3.393000e-05	4.218098e-03	-1.523066e+01
3.394000e-05	5.912639e-03	-1.523419e+01
3.395000e-05	6.703220e-03	-1.525426e+01
3.396000e-05	7.710087e-03	-1.525279e+01
3.397000e-05	9.632688e-03	-1.530529e+01
3.398000e-05	1.253529e-02	-1.526426e+01
3.399000e-05	1.343090e-02	-1.526421e+01
3.400000e-05	1.489947e-02	-1.528426e+01
3.401000e-05	1.807233e-02	-1.521171e+01
3.402000e-05	2.224740e-02	-1.516258e+01
3.403000e-05	2.821325e-02	-1.515956e+01
3.404000e-05	3.348305e-02	-1.511803e+01
3.405000e-05	3.877729e-02	-1.509434e+01
3.406000e-05	4.423872e-02	-1.504519e+01
3.407000e-05	4.774551e-02	-1.498213e+01
3.408000e-05	4.354874e-02	-1.492740e+01
3.409000e-05	3.730534e-02	-1.487537e+01
3.410000e-05	2.954962e-02	-1.479168e+01
3.411000e-05	2.283372e-02	-1.470750e+01
3.412000e-05	1.631015e-02	-1.461279e+01
3.413000e-05	1.343984e-02	-1.457798e+01
3.414000e-05	1.166173e-02	-1.446432e+01
3.415000e-05	9.479591e-03	-1.436898e+01
3.416000e-05	7.308485e-03	-1.420276e+01
3.417000e-05	6.552618e-03	-1.410792e+01
3.418000e-05	6.304285e-03	-1.399024e+01
3.419000e-05	3.724078e-03	-1.386577e+01
3.420000e-05	3.768320e-03	-1.373798e+01
3.421000e-05	3.129200e-03	-1.361024e+01
3.422000e-05	2.066502e-03	-1.347442e+01
3.423000e-05	2.290239e-03	-1.338000e+01
3.424000e-05	2.093185e-03	-1.318069e+01
3.425000e-05	2.008017e-03	-1.307474e+01
3.426000e-05	-1.033974e-03	-1.291795e+01
3.427000e-05	4.567041e-04	-1.277103e+01
3.428000e-05	-6.064281e-06	-1.260124e+01
3.429000e-05	-5.460813e-04	-1.248530e+01
3.430000e-05	-1.162624e-03	-1.227740e+01
3.431000e-05	-9.660163e-04	-1.217948e+01
3.432000e-05	-9.388547e-04	-1.192804e+01
3.433000e-05	-1.929035e-03	-1.171893e+01
3.434000e-05	-1.099679e-03	-1.155803e+01
3.435000e-05	-1.162712e-03	-1.134005e+01
3.436000e-05	-2.031732e-03	-1.114755e+01
3.437000e-05	-2.231313e-03	-1.093695e+01
3.438000e-05	-1.944720e-03	-1.074593e+01
3.439000e-05	-2.514622e-03	-1.049690e+01
3.440000e-05	-2.649732e-03	-1.032593e+01
3.441000e-05	-3.378207e-03	-1.006742e+01
3.442000e-05	-2.950483e-03	-9.893797e+00
3.443000e-05	-3.684603e-03	-9.673815e+00
3.444000e-05	-4.000002e-03	-9.430661e+00
3.445000e-05	-3.599466e-03	-9.241136e+00
3.446000e-05	-3.574335e-03	-8.988179e+00
3.447000e-05	-4.720028e-03	-8.777604e+00
3.448000e-05	-3.507269e-03	-8.507796e+00
3.449000e-05	-4.025528e-03	-8.284223e+00
3.450000e-05	-4.455568e-03	-8.041767e+00
3.451000e-05	-5.141494e-03	-7.767584e+00
3.452000e-05	-4.656861e-03	-7.505368e+00
3.453000e-05	-4.826352e-03	-7.262236e+00
3.454000e-05	-4.670070e-03	-6.979683e+00
3.455000e-05	-4.848590e-03	-6.737003e+00
3.456000e-05	-3.283053e-03	-6.475872e+00
3.457000e-05	-5.348680e-03	-6.249739e+00
3.458000e-05	-3.814066e-03	-5.959057e+00
3.459000e-05	-6.080137e-03	-5.714872e+00
3.460000e-05	-4.899446e-03	-5.443289e+00
3.461000e-05	-6.535000e-03	-5.138004e+00
3.462000e-05	-3.938891e-03	-4.832311e+00
3.463000e-05	-5.573852e-03	-4.536926e+00
3.464000e-05	-5.433116e-03	-4.305424e+00
3.465000e-05	-6.080212e-03	-4.042322e+00
3.466000e-05	-3.278352e-03	-3.757580e+00
3.467000e-05	-5.489564e-03	-3.514319e+00
3.468000e-05	-4.816316e-03	-3.229711e+00
3.469000e-05	-6.097344e-03	-2.866946e+00
3.470000e-05	-5.457695e-03	-2.673763e+00
3.471000e-05	-7.478578e-03	-2.399051e+00
3.472000e-05	-5.174528e-03	-2.083317e+00
3.473000e-05	-5.983282e-03	-1.810606e+00
3.474000e-05	-4.545377e-03	-1.532972e+00
3.475000e-05	-6.630559e-03	-1.220504e+00
3.476000e-05	-5.556281e-03	-8.918197e-01
3.477000e-05	-5.566770e-03	-6.006329e-01
3.478000e-05	-5.671094e-03	-2.848698e-01
3.479000e-05	-4.964136e-03	-3.265658e-02
3.480000e-05	2.396780e-03	2.230261e-01
3.481000e-05	2.310365e-03	5.167628e-01
3.482000e-05	-5.785517e-03	7.572631e-01
3.483000e-05	3.389086e-03	1.003496e+00
3.484000e-05	-5.113458e-03	1.296234e+00
3.485000e-05	-1.039221e-03	1.662354e+00
3.486000e-05	-3.900221e-03	1.875634e+00
3.487000e-05	1.455162e-02	2.076110e+00
3.488000e-05	3.623932e-02	2.356263e+00
3.489000e-05	7.909868e-02	2.664583e+00
3.490000e-05	-8.064009e-02	2.981370e+00
3.491000e-05	-2.235598e-02	3.214030e+00
3.492000e-05	-3.342046e-02	3.538816e+00
3.493000e-05	1.541522e-03	3.821347e+00
3.494000e-05	-5.216947e-02	4.034050e+00
3.495000e-05	-2.088463e-03	4.204684e+00
3.496000e-05	7.501005e-02	4.526213e+00
3.497000e-05	-6.199834e-03	4.783849e+00
3.498000e-05	-6.502934e-02	5.024079e+00
3.499000e-05	1.335611e-01	5.319819e+00
3.500000e-05	-1.494468e-01	5.653106e+00
3.501000e-05	8.210159e-02	5.906212e+00
3.502000e-05	-3.815416e-02	6.127766e+00
3.503000e-05	2.158689e-02	6.390553e+00
3.504000e-05	-1.580268e-03	6.697267e+00
3.505000e-05	-3.152346e-02	6.969354e+00
3.506000e-05	5.141620e-02	7.242501e+00
3.507000e-05	-5.663004e-02	7.508240e+00
3.508000e-05	2.651738e-02	7.790525e+00
3.509000e-05	-2.733815e-02	8.069189e+00
3.510000e-05	3.459332e-02	8.306318e+00
3.511000e-05	-1.387904e-03	8.578820e+00
3.512000e-05	-4.086496e-02	8.768950e+00
3.513000e-05	2.177320e-02	9.044030e+00
3.514000e-05	-1.122837e-02	9.234660e+00
3.515000e-05	5.397005e-03	9.504663e+00
3.516000e-05	-2.346932e-02	9.707193e+00
3.517000e-05	1.882020e-02	9.907266e+00
3.518000e-05	-1.879472e-03	1.014987e+01
3.519000e-05	-9.729614e-03	1.038985e+01
3.520000e-05	-1.738492e-02	1.057140e+01
3.521000e-05	2.807328e-03	1.079943e+01
3.522000e-05	6.303577e-03	1.095005e+01
3.523000e-05	-1.550223e-02	1.118240e+01
3.524000e-05	-6.217420e-03	1.137937e+01
3.525000e-05	5.149859e-03	1.156995e+01
3.526000e-05	3.090219e-03	1.179298e+01
3.527000e-05	-2.193830e-02	1.194845e+01
3.528000e-05	-1.022076e-03	1.211987e+01
3.529000e-05	4.829188e-03	1.228729e+01
3.530000e-05	-8.693851e-04	1.250672e+01
3.531000e-05	-1.810850e-02	1.260364e+01
3.532000e-05	-1.876840e-03	1.280060e+01
3.533000e-05	3.693121e-04	1.296085e+01
3.534000e-05	-1.046676e-02	1.306677e+01
3.535000e-05	-1.035528e-02	1.324626e+01
3.536000e-05	-1.129069e-03	1.348106e+01
3.537000e-05	2.519822e-04	1.358003e+01
3.538000e-05	-1.286380e-02	1.368687e+01
3.539000e-05	-4.195585e-03	1.382311e+01
3.540000e-05	-5.521149e-03	1.394045e+01
3.541000e-05	-5.400524e-03	1.409825e+01
3.542000e-05	-1.157807e-02	1.421418e+01
3.543000e-05	-4.168273e-03	1.435750e+01
3.544000e-05	-4.967225e-03	1.445319e+01
3.545000e-05	-8.640030e-03	1.458997e+01
3.546000e-05	-7.033969e-03	1.465319e+01
3.547000e-05	-8.373557e-03	1.472733e+01
3.548000e-05	-4.602646e-03	1.476153e+01
3.549000e-05	-8.546780e-03	1.484569e+01
3.550000e-05	-5.785756e-03	1.495532e+01
3.551000e-05	-9.661988e-03	1.497992e+01
3.552000e-05	-9.021688e-03	1.500206e+01
3.553000e-05	-9.396325e-03	1.504484e+01
3.554000e-05	-9.369852e-03	1.510692e+01
3.555000e-05	-9.996523e-03	1.513840e+01
3.556000e-05	-1.159533e-02	1.516866e+01
3.557000e-05	-9.737897e-03	1.521159e+01
3.558000e-05	-1.295383e-02	1.523169e+01
3.559000e-05	-1.223881e-02	1.523329e+01
3.560000e-05	-1.416303e-02	1.527382e+01
3.561000e-05	-1.362464e-02	1.526532e+01
3.562000e-05	-1.686669e-02	1.528482e+01
3.563000e-05	-1.791889e-02	1.525677e+01
3.564000e-05	-1.901971e-02	1.526681e+01
3.565000e-05	-2.281640e-02	1.524527e+01
3.566000e-05	-2.446138e-02	1.525381e+01
3.567000e-05	-3.042472e-02	1.525224e+01
3.568000e-05	-3.238001e-02	1.521364e+01
3.569000e-05	-3.864787e-02	1.517056e+01
3.570000e-05	-4.401226e-02	1.512748e+01
3.571000e-05	-5.163074e-02	1.512585e+01
3.572000e-05	-5.338246e-02	1.505379e+01
3.573000e-05	-5.060687e-02	1.498054e+01
3.574000e-05	-4.451544e-02	1.495737e+01
3.575000e-05	-3.613253e-02	1.485329e+01
3.576000e-05	-3.080349e-02	1.479091e+01
3.577000e-05	-2.431749e-02	1.471589e+01
3.578000e-05	-2.255561e-02	1.461062e+01
3.579000e-05	-1.940588e-02	1.451587e+01
3.580000e-05	-1.656251e-02	1.441166e+01
3.581000e-05	-1.591938e-02	1.431580e+01
3.582000e-05	-1.464245e-02	1.420163e+01
3.583000e-05	-1.387021e-02	1.411577e+01
3.584000e-05	-1.217772e-02	1.398052e+01
3.585000e-05	-1.085780e-02	1.381018e+01
3.586000e-05	-1.037464e-02	1.366582e+01
3.587000e-05	-1.083247e-02	1.354745e+01
3.588000e-05	-1.084479e-02	1.342161e+01
3.589000e-05	-1.014294e-02	1.327630e+01
3.590000e-05	-8.462559e-03	1.314695e+01
3.591000e-05	-8.184434e-03	1.296954e+01
3.592000e-05	-8.758462e-03	1.284261e+01
3.593000e-05	-7.374815e-03	1.267629e+01
3.594000e-05	-7.950497e-03	1.255900e+01
3.595000e-05	-7.005578e-03	1.236806e+01
3.596000e-05	-8.353645e-03	1.218156e+01
3.597000e-05	-6.322010e-03	1.208176e+01
3.598000e-05	-6.939635e-03	1.182474e+01
3.599000e-05	-7.141767e-03	1.167319e+01
3.600000e-05	-6.232035e-03	1.143274e+01
3.601000e-05	-6.855542e-03	1.127266e+01
3.602000e-05	-5.396776e-03	1.107266e+01
3.603000e-05	-8.704249e-03	1.085575e+01
3.604000e-05	-6.072735e-03	1.060109e+01
3.605000e-05	-5.209971e-03	1.041321e+01
3.606000e-05	-6.320178e-03	1.019158e+01
3.607000e-05	-3.900560e-03	1.000911e+01
3.608000e-05	-5.091756e-03	9.778982e+00
3.609000e-05	-5.463926e-03	9.507395e+00
3.610000e-05	-5.585667e-03	9.296350e+00
3.611000e-05	-6.963387e-03	9.062270e+00
3.612000e-05	-5.992781e-03	8.841788e+00
3.613000e-05	-7.367393e-03	8.561657e+00
3.614000e-05	-4.897910e-03	8.387012e+00
3.615000e-05	-4.771932e-03	8.105925e+00
3.616000e-05	-4.863270e-03	7.875767e+00
3.617000e-05	-3.599437e-03	7.640737e+00
3.618000e-05	-4.682825e-03	7.356952e+00
3.619000e-05	-4.258685e-03	7.116393e+00
3.620000e-05	-5.452110e-03	6.893168e+00
3.621000e-05	-6.153657e-03	6.580081e+00
3.622000e-05	-4.747365e-03	6.317450e+00
3.623000e-05	-5.881944e-03	6.102716e+00
3.624000e-05	-5.264972e-03	5.859713e+00
3.625000e-05	-5.766711e-03	5.568425e+00
3.626000e-05	-4.147777e-03	5.305297e+00
3.627000e-05	-3.964929e-03	4.967433e+00
3.628000e-05	-4.227530e-03	4.643241e+00
3.629000e-05	-4.230844e-03	4.401134e+00
3.630000e-05	-4.872270e-03	4.196504e+00
3.631000e-05	-5.452111e-03	3.861164e+00
3.632000e-05	-5.947135e-03	3.591106e+00
3.633000e-05	-5.419864e-03	3.305768e+00
3.634000e-05	-5.062867e-03	3.042685e+00
3.635000e-05	-3.961154e-03	2.789554e+00
3.636000e-05	-4.126915e-03	2.483361e+00
3.637000e-05	-4.161602e-03	2.187556e+00
3.638000e-05	-4.147622e-03	1.965347e+00
3.639000e-05	-4.622107e-03	1.650083e+00
3.640000e-05	-4.235730e-03	1.336822e+00
3.641000e-05	-5.455566e-03	9.986075e-01
3.642000e-05	-4.192279e-03	7.038923e-01
3.643000e-05	-3.610904e-03	4.305815e-01
3.644000e-05	-2.125982e-03	1.153685e-01
3.645000e-05	-7.772938e-04	-1.393157e-01
3.646000e-05	9.942990e-03	-4.013948e-01
3.647000e-05	-6.573627e-03	-6.852113e-01
3.648000e-05	6.726382e-03	-9.582657e-01
3.649000e-05	-4.958236e-03	-1.200472e+00
3.650000e-05	4.772886e-03	-1.525841e+00
3.651000e-05	-5.216070e-03	-1.768840e+00
3.652000e-05	2.369414e-02	-1.969396e+00
3.653000e-05	6.107276e-02	-2.252350e+00
3.654000e-05	5.205655e-02	-2.568362e+00
3.655000e-05	-1.069809e-01	-2.949713e+00
3.656000e-05	2.589050e-02	-3.276184e+00
3.657000e-05	-5.183183e-02	-3.506840e+00
3.658000e-05	-9.650543e-03	-3.718816e+00
3.659000e-05	-9.575451e-02	-4.000997e+00
3.660000e-05	1.896108e-01	-4.148368e+00
3.661000e-05	-7.675266e-02	-4.390871e+00
3.662000e-05	-3.380770e-02	-4.716116e+00
3.663000e-05	1.530120e-01	-4.907288e+00
3.664000e-05	-1.964128e-01	-5.265629e+00
3.665000e-05	1.686467e-01	-5.549918e+00
3.666000e-05	-1.094178e-01	-5.792945e+00
3.667000e-05	5.486193e-02	-6.105163e+00
3.668000e-05	5.145452e-02	-6.358267e+00
3.669000e-05	-1.171186e-01	-6.613626e+00
3.670000e-05	1.246244e-01	-6.835262e+00
3.671000e-05	-1.085936e-01	-7.190424e+00
3.672000e-05	6.412256e-02	-7.442605e+00
3.673000e-05	-2.926376e-02	-7.739786e+00
3.674000e-05	1.640843e-04	-8.083029e+00
3.675000e-05	7.898032e-02	-8.232604e+00
3.676000e-05	-1.032366e-01	-8.495208e+00
3.677000e-05	8.937348e-02	-8.749922e+00
3.678000e-05	-6.704454e-02	-9.001401e+00
3.679000e-05	4.242470e-02	-9.190525e+00
3.680000e-05	-3.198561e-02	-9.404129e+00
3.681000e-05	1.721985e-02	-9.674583e+00
3.682000e-05	3.725711e-02	-9.875257e+00
3.683000e-05	-3.482700e-02	-1.007682e+01
3.684000e-05	1.923312e-02	-1.026679e+01
3.685000e-05	-3.682753e-02	-1.053644e+01
3.686000e-05	5.179831e-02	-1.069582e+01
3.687000e-05	-3.920077e-02	-1.090679e+01
3.688000e-05	2.470774e-02	-1.108722e+01
3.689000e-05	-9.757265e-03	-1.131584e+01
3.690000e-05	1.894656e-02	-1.151691e+01
3.691000e-05	-2.520934e-02	-1.170571e+01
3.692000e-05	3.974251e-03	-1.191732e+01
3.693000e-05	1.676772e-02	-1.212729e+01
3.694000e-05	-1.179851e-03	-1.224366e+01
3.695000e-05	-4.267945e-03	-1.242263e+01
3.696000e-05	-6.463188e-03	-1.260300e+01
3.697000e-05	2.120544e-02	-1.277001e+01
3.698000e-05	-1.753307e-02	-1.290042e+01
3.699000e-05	4.515824e-03	-1.307477e+01
3.700000e-05	-3.448522e-03	-1.319913e+01
3.701000e-05	1.884545e-02	-1.337007e+01
3.702000e-05	-1.201955e-02	-1.350827e+01
3.703000e-05	6.082653e-03	-1.369537e+01
3.704000e-05	6.162259e-04	-1.377965e+01
3.705000e-05	4.330242e-03	-1.388840e+01
3.706000e-05	-5.623865e-03	-1.406364e+01
3.707000e-05	5.259210e-03	-1.417045e+01
3.708000e-05	7.342058e-03	-1.427677e+01
3.709000e-05	5.500157e-04	-1.444261e+01
3.710000e-05	8.993960e-04	-1.448676e+01
3.711000e-05	8.833185e-04	-1.458061e+01
3.712000e-05	4.510001e-03	-1.460373e+01
3.713000e-05	6.006606e-04	-1.470697e+01
3.714000e-05	5.067374e-03	-1.482216e+01
3.715000e-05	2.644870e-03	-1.488582e+01
3.716000e-05	3.608690e-03	-1.492792e+01
3.717000e-05	2.310556e-03	-1.498103e+01
3.718000e-05	4.776102e-03	-1.503166e+01
3.719000e-05	6.923272e-04	-1.505627e+01
3.720000e-05	4.356685e-03	-1.512647e+01
3.721000e-05	4.524089e-03	-1.512798e+01
3.722000e-05	4.881884e-03	-1.515093e+01
3.723000e-05	4.415766e-03	-1.525161e+01
3.724000e-05	4.357654e-03	-1.525277e+01
3.725000e-05	7.856472e-03	-1.521426e+01
3.726000e-05	6.237727e-03	-1.524369e+01
3.727000e-05	9.634857e-03	-1.525426e+01
3.728000e-05	1.079344e-02	-1.530379e+01
3.729000e-05	1.251546e-02	-1.527529e+01
3.730000e-05	1.484636e-02	-1.526422e+01
3.731000e-05	1.664493e-02	-1.523266e+01
3.732000e-05	2.226086e-02	-1.519212e+01
3.733000e-05	2.474685e-02	-1.519158e+01
3.734000e-05	3.107337e-02	-1.515748e+01
3.735000e-05	3.546339e-02	-1.509794e+01
3.736000e-05	4.122817e-02	-1.505374e+01
3.737000e-05	4.661588e-02	-1.504174e+01
3.738000e-05	4.605038e-02	-1.499908e+01
3.739000e-05	4.119570e-02	-1.491595e+01
3.740000e-05	3.259782e-02	-1.485377e+01
3.741000e-05	2.586357e-02	-1.475108e+01
3.742000e-05	1.890421e-02	-1.465432e+01
3.743000e-05	1.416759e-02	-1.458156e+01
3.744000e-05	1.243739e-02	-1.453685e+01
3.745000e-05	1.092091e-02	-1.442271e+01
3.746000e-05	8.213796e-03	-1.428487e+01
3.747000e-05	7.494756e-03	-1.414904e+01
3.748000e-05	6.851607e-03	-1.405584e+01
3.749000e-05	5.360133e-03	-1.390838e+01
3.750000e-05	3.545697e-03	-1.382216e+01
3.751000e-05	2.803106e-03	-1.370487e+01
3.752000e-05	2.835669e-03	-1.352698e+01
3.753000e-05	2.173502e-03	-1.342319e+01
3.754000e-05	2.278516e-03	-1.328439e+01
3.755000e-05	9.071836e-04	-1.309738e+01
3.756000e-05	9.226554e-04	-1.296054e+01
3.757000e-05	-8.358415e-05	-1.285282e+01
3.758000e-05	8.286590e-05	-1.269597e+01
3.759000e-05	-2.615523e-04	-1.257745e+01
3.760000e-05	-6.308142e-04	-1.240308e+01
3.761000e-05	-2.818179e-04	-1.221076e+01
3.762000e-05	-8.236140e-04	-1.204427e+01
3.763000e-05	-9.502720e-04	-1.185336e+01
3.764000e-05	-1.672948e-03	-1.167582e+01
3.765000e-05	-1.342614e-03	-1.149269e+01
3.766000e-05	-2.035859e-03	-1.127326e+01
3.767000e-05	-2.336990e-03	-1.102316e+01
3.768000e-05	-2.698811e-03	-1.080226e+01
3.769000e-05	-1.710914e-03	-1.061271e+01
3.770000e-05	-2.894439e-03	-1.045271e+01
3.771000e-05	-2.603210e-03	-1.020214e+01
3.772000e-05	-2.298590e-03	-9.980456e+00
3.773000e-05	-3.075346e-03	-9.789084e+00
3.774000e-05	-4.308782e-03	-9.587529e+00
3.775000e-05	-3.469508e-03	-9.327424e+00
3.776000e-05	-3.516691e-03	-9.085897e+00
3.777000e-05	-4.397204e-03	-8.825292e+00
3.778000e-05	-4.537808e-03	-8.632762e+00
3.779000e-05	-4.301945e-03	-8.348687e+00
3.780000e-05	-4.200320e-03	-8.157025e+00
3.781000e-05	-4.987306e-03	-7.943419e+00
3.782000e-05	-4.701591e-03	-7.601261e+00
3.783000e-05	-4.299801e-03	-7.348608e+00
3.784000e-05	-4.661330e-03	-7.137024e+00
3.785000e-05	-5.096555e-03	-6.833243e+00
3.786000e-05	-5.058146e-03	-6.619157e+00
3.787000e-05	-4.837588e-03	-6.378105e+00
3.788000e-05	-5.238493e-03	-6.114317e+00
3.789000e-05	-5.171743e-03	-5.840186e+00
3.790000e-05	-5.089036e-03	-5.560056e+00
3.791000e-05	-4.464957e-03	-5.304370e+00
3.792000e-05	-6.424766e-03	-5.039659e+00
3.793000e-05	-4.543446e-03	-4.704265e+00
3.794000e-05	-5.335399e-03	-4.420734e+00
3.795000e-05	-4.764619e-03	-4.211127e+00
3.796000e-05	-5.513905e-03	-3.954444e+00
3.797000e-05	-3.782225e-03	-3.651659e+00
3.798000e-05	-5.248961e-03	-3.357550e+00
3.799000e-05	-7.106489e-03	-3.063367e+00
3.800000e-05	-5.423421e-03	-2.788524e+00
3.801000e-05	-6.529926e-03	-2.544297e+00
3.802000e-05	-4.960667e-03	-2.220211e+00
3.803000e-05	-6.151264e-03	-1.925395e+00
3.804000e-05	-4.170844e-03	-1.641637e+00
3.805000e-05	-6.864529e-03	-1.344375e+00
3.806000e-05	-5.373186e-03	-1.030604e+00
3.807000e-05	-7.594340e-03	-7.470237e-01
3.808000e-05	-4.336914e-03	-4.316332e-01
3.809000e-05	-5.668507e-03	-1.990252e-01
3.810000e-05	-7.578288e-04	5.708271e-02
3.811000e-05	5.475721e-03	4.108697e-01
3.812000e-05	-6.928473e-03	6.529750e-01
3.813000e-05	2.821121e-03	8.652040e-01
3.814000e-05	-4.243238e-03	1.188417e+00
3.815000e-05	9.293758e-04	1.456079e+00
3.816000e-05	-8.571389e-03	1.758326e+00
3.817000e-05	1.156928e-02	1.978872e+00
3.818000e-05	1.414303e-02	2.192929e+00
3.819000e-05	8.094760e-02	2.476155e+00
3.820000e-05	-3.531955e-03	2.813578e+00
3.821000e-05	-7.108653e-02	3.107869e+00
3.822000e-05	-1.680010e-02	3.401972e+00
3.823000e-05	-1.738873e-02	3.677160e+00
3.824000e-05	-1.923316e-02	3.906265e+00
3.825000e-05	-4.265828e-02	4.136316e+00
3.826000e-05	3.835811e-02	4.389897e+00
3.827000e-05	8.191412e-02	4.633054e+00
3.828000e-05	-1.274358e-01	4.947836e+00
3.829000e-05	1.231907e-01	5.190451e+00
3.830000e-05	-5.880108e-02	5.517740e+00
3.831000e-05	-2.365254e-02	5.770922e+00
3.832000e-05	4.088505e-02	6.053531e+00
3.833000e-05	-3.128014e-02	6.276736e+00
3.834000e-05	3.263683e-02	6.581491e+00
3.835000e-05	-4.703754e-02	6.855559e+00
3.836000e-05	3.064528e-02	7.087214e+00
3.837000e-05	-7.958085e-03	7.382949e+00
3.838000e-05	-2.375901e-02	7.696712e+00
3.839000e-05	1.330381e-02	7.927715e+00
3.840000e-05	-1.410320e-02	8.252027e+00
3.841000e-05	4.194783e-02	8.444057e+00
3.842000e-05	-4.323638e-02	8.644562e+00
3.843000e-05	-4.198446e-03	8.917238e+00
3.844000e-05	1.479653e-02	9.138246e+00
3.845000e-05	-1.608878e-02	9.359425e+00
3.846000e-05	3.761029e-03	9.591028e+00
3.847000e-05	-1.936657e-02	9.843581e+00
3.848000e-05	3.090018e-02	1.005408e+01
3.849000e-05	-2.315162e-02	1.025461e+01
3.850000e-05	-6.171377e-03	1.047576e+01
3.851000e-05	-1.460321e-02	1.069469e+01
3.852000e-05	1.110098e-02	1.085519e+01
3.853000e-05	-1.525598e-03	1.103364e+01
3.854000e-05	-2.112921e-02	1.128531e+01
3.855000e-05	9.299452e-03	1.144571e+01
3.856000e-05	-1.566475e-03	1.170566e+01
3.857000e-05	-3.242990e-03	1.186316e+01
3.858000e-05	-2.164092e-02	1.204566e+01
3.859000e-05	1.235941e-02	1.220508e+01
3.860000e-05	-4.754363e-04	1.242053e+01
3.861000e-05	-1.015019e-02	1.254987e+01
3.862000e-05	-1.229837e-02	1.271629e+01
3.863000e-05	1.250338e-03	1.290469e+01
3.864000e-05	-6.392931e-04	1.304258e+01
3.865000e-05	-1.676858e-02	1.318008e+01
3.866000e-05	-1.397796e-03	1.335887e+01
3.867000e-05	-2.211784e-03	1.351527e+01
3.868000e-05	-2.899126e-03	1.364414e+01
3.869000e-05	-1.188788e-02	1.373987e+01
3.870000e-05	-2.472660e-03	1.389630e+01
3.871000e-05	-5.038086e-03	1.403314e+01
3.872000e-05	-9.428737e-03	1.418988e+01
3.873000e-05	-6.749787e-03	1.427677e+01
3.874000e-05	-5.096487e-03	1.442403e+01
3.875000e-05	-5.046379e-03	1.451524e+01
3.876000e-05	-1.025612e-02	1.459096e+01
3.877000e-05	-6.317866e-03	1.468667e+01
3.878000e-05	-8.242055e-03	1.474947e+01
3.879000e-05	-5.012785e-03	1.481311e+01
3.880000e-05	-6.423242e-03	1.493375e+01
3.881000e-05	-8.132444e-03	1.495742e+01
3.882000e-05	-8.951615e-03	1.501060e+01
3.883000e-05	-1.045269e-02	1.501469e+01
3.884000e-05	-7.125040e-03	1.504532e+01
3.885000e-05	-1.121973e-02	1.512893e+01
3.886000e-05	-1.013564e-02	1.519001e+01
3.887000e-05	-1.113470e-02	1.521163e+01
3.888000e-05	-1.075071e-02	1.524266e+01
3.889000e-05	-1.208910e-02	1.523572e+01
3.890000e-05	-1.533135e-02	1.527529e+01
3.891000e-05	-1.225254e-02	1.527529e+01
3.892000e-05	-1.659551e-02	1.526632e+01
3.893000e-05	-1.609969e-02	1.528582e+01
3.894000e-05	-1.957378e-02	1.526732e+01
3.895000e-05	-1.989583e-02	1.526739e+01
3.896000e-05	-2.457203e-02	1.529324e+01
3.897000e-05	-2.755711e-02	1.525327e+01
3.898000e-05	-3.127117e-02	1.524416e+01
3.899000e-05	-3.606889e-02	1.521011e+01
3.900000e-05	-4.061803e-02	1.515948e+01
3.901000e-05	-4.958371e-02	1.511733e+01
3.902000e-05	-5.228273e-02	1.504437e+01
3.903000e-05	-5.322717e-02	1.501016e+01
3.904000e-05	-4.674246e-02	1.494742e+01
3.905000e-05	-4.089113e-02	1.491537e+01
3.906000e-05	-3.219181e-02	1.484216e+01
3.907000e-05	-2.765559e-02	1.471637e+01
3.908000e-05	-2.223895e-02	1.465527e+01
3.909000e-05	-2.084845e-02	1.454898e+01
3.910000e-05	-1.849685e-02	1.446477e+01
3.911000e-05	-1.717964e-02	1.437006e+01
3.912000e-05	-1.440698e-02	1.424426e+01
3.913000e-05	-1.458286e-02	1.414643e+01
3.914000e-05	-1.166877e-02	1.401302e+01
3.915000e-05	-1.249122e-02	1.387524e+01
3.916000e-05	-1.017466e-02	1.372791e+01
3.917000e-05	-1.235026e-02	1.363116e+01
3.918000e-05	-9.912800e-03	1.347426e+01
3.919000e-05	-1.066958e-02	1.332745e+01
3.920000e-05	-7.251170e-03	1.317011e+01
3.921000e-05	-1.005922e-02	1.302117e+01
3.922000e-05	-8.190299e-03	1.292527e+01
3.923000e-05	-1.024014e-02	1.275853e+01
3.924000e-05	-6.901205e-03	1.260103e+01
3.925000e-05	-7.789001e-03	1.248181e+01
3.926000e-05	-7.028236e-03	1.230332e+01
3.927000e-05	-7.035495e-03	1.210500e+01
3.928000e-05	-7.197805e-03	1.192805e+01
3.929000e-05	-7.156414e-03	1.175797e+01
3.930000e-05	-7.542365e-03	1.157693e+01
3.931000e-05	-6.393706e-03	1.132640e+01
3.932000e-05	-6.524606e-03	1.111745e+01
3.933000e-05	-6.112477e-03	1.094893e+01
3.934000e-05	-5.881035e-03	1.074648e+01
3.935000e-05	-5.422479e-03	1.056650e+01
3.936000e-05	-5.487806e-03	1.030430e+01
3.937000e-05	-5.494811e-03	1.012585e+01
3.938000e-05	-5.467235e-03	9.853818e+00
3.939000e-05	-6.115236e-03	9.651191e+00
3.940000e-05	-6.083434e-03	9.410707e+00
3.941000e-05	-5.094814e-03	9.229582e+00
3.942000e-05	-5.106854e-03	8.948504e+00
3.943000e-05	-5.653459e-03	8.695849e+00
3.944000e-05	-4.772632e-03	8.505841e+00
3.945000e-05	-4.779199e-03	8.241740e+00
3.946000e-05	-5.502959e-03	7.982056e+00
3.947000e-05	-5.543912e-03	7.766954e+00
3.948000e-05	-5.254622e-03	7.482870e+00
3.949000e-05	-4.982719e-03	7.199583e+00
3.950000e-05	-5.607824e-03	6.967501e+00
3.951000e-05	-5.250965e-03	6.716800e+00
3.952000e-05	-5.621731e-03	6.483764e+00
3.953000e-05	-4.722932e-03	6.198682e+00
3.954000e-05	-4.218563e-03	5.988054e+00
3.955000e-05	-5.368526e-03	5.735373e+00
3.956000e-05	-4.692271e-03	5.450734e+00
3.957000e-05	-5.982104e-03	5.214923e+00
3.958000e-05	-4.958967e-03	4.791633e+00
3.959000e-05	-5.128122e-03	4.565897e+00
3.960000e-05	-4.349580e-03	4.274817e+00
3.961000e-05	-5.043317e-03	4.010077e+00
3.962000e-05	-4.797004e-03	3.703345e+00
3.963000e-05	-4.920347e-03	3.461765e+00
3.964000e-05	-4.939798e-03	3.168455e+00
3.965000e-05	-4.882146e-03	2.893869e+00
3.966000e-05	-4.824644e-03	2.608187e+00
3.967000e-05	-4.306564e-03	2.344771e+00
3.968000e-05	-5.065865e-03	2.051135e+00
3.969000e-05	-4.452342e-03	1.746531e+00
3.970000e-05	-4.538175e-03	1.461686e+00
3.971000e-05	-4.711786e-03	1.165898e+00
3.972000e-05	-4.421294e-03	8.306090e-01
3.973000e-05	-4.129766e-03	5.667963e-01
3.974000e-05	-3.704513e-03	2.413436e-01
3.975000e-05	-1.206564e-03	2.004744e-02
3.976000e-05	5.788593e-03	-2.756566e-01
3.977000e-05	2.524231e-03	-5.193145e-01
3.978000e-05	-2.044743e-03	-8.131027e-01
3.979000e-05	1.172408e-03	-1.064654e+00
3.980000e-05	-3.288651e-04	-1.427895e+00
3.981000e-05	-1.661700e-03	-1.644075e+00
3.982000e-05	9.109641e-03	-1.845208e+00
3.983000e-05	3.280386e-02	-2.116182e+00
3.984000e-05	1.024580e-01	-2.371022e+00
3.985000e-05	-7.907162e-02	-2.747867e+00
3.986000e-05	-1.492747e-02	-3.159842e+00
3.987000e-05	-3.076459e-02	-3.382026e+00
3.988000e-05	-5.069510e-03	-3.591526e+00
3.989000e-05	-8.606874e-02	-3.854732e+00
3.990000e-05	5.242785e-02	-4.044181e+00
3.991000e-05	1.453767e-01	-4.202154e+00
3.992000e-05	-1.947946e-01	-4.538868e+00
3.993000e-05	1.815695e-01	-4.823525e+00
3.994000e-05	-1.115724e-01	-5.075159e+00
3.995000e-05	-5.616142e-03	-5.443554e+00
3.996000e-05	7.753405e-02	-5.664633e+00
3.997000e-05	-1.213646e-01	-5.958371e+00
3.998000e-05	1.638757e-01	-6.182501e+00
3.999000e-05	-1.244655e-01	-6.505737e+00
4.000000e-05	4.293955e-02	-6.759000e+00
4.001000e-05	2.135072e-02	-7.033603e+00
4.002000e-05	-7.135935e-02	-7.338343e+00
4.003000e-05	9.620639e-02	-7.552500e+00
4.004000e-05	-1.105031e-01	-7.874689e+00
4.005000e-05	1.327725e-01	-8.129343e+00
4.006000e-05	-8.171117e-02	-8.348947e+00
4.007000e-05	1.917072e-02	-8.633633e+00
4.008000e-05	1.909253e-02	-8.874688e+00
4.009000e-05	-3.920440e-02	-9.107292e+00
4.010000e-05	4.928074e-02	-9.299818e+00
4.011000e-05	-6.280063e-02	-9.579398e+00
4.012000e-05	8.520023e-02	-9.749451e+00
4.013000e-05	-4.905375e-02	-1.000903e+01
4.014000e-05	2.513018e-02	-1.020262e+01
4.015000e-05	-3.664915e-02	-1.041098e+01
4.016000e-05	2.959929e-02	-1.064311e+01
4.017000e-05	3.087398e-03	-1.081155e+01
4.018000e-05	-1.845388e-02	-1.098358e+01
4.019000e-05	2.158210e-02	-1.118258e+01
4.020000e-05	-8.947701e-03	-1.141358e+01
4.021000e-05	1.612033e-02	-1.161108e+01
4.022000e-05	-3.766924e-02	-1.182268e+01
4.023000e-05	3.755110e-02	-1.197006e+01
4.024000e-05	-1.135128e-02	-1.217250e+01
4.025000e-05	1.410072e-02	-1.237797e+01
4.026000e-05	-2.346394e-02	-1.250837e+01
4.027000e-05	2.416110e-02	-1.267585e+01
4.028000e-05	-7.805899e-03	-1.284464e+01
4.029000e-05	-4.420701e-03	-1.302216e+01
4.030000e-05	-1.003294e-03	-1.314945e+01
4.031000e-05	1.071771e-02	-1.331732e+01
4.032000e-05	5.100181e-03	-1.343468e+01
4.033000e-05	-9.820775e-03	-1.360203e+01
4.034000e-05	9.564802e-03	-1.372940e+01
4.035000e-05	-1.002976e-03	-1.385429e+01
4.036000e-05	3.110545e-03	-1.396261e+01
4.037000e-05	-4.656234e-03	-1.412945e+01
4.038000e-05	1.028195e-02	-1.424426e+01
4.039000e-05	2.212115e-03	-1.433788e+01
4.040000e-05	1.628014e-03	-1.446519e+01
4.041000e-05	-5.237000e-05	-1.452892e+01
4.042000e-05	2.426825e-03	-1.461309e+01
4.043000e-05	3.023193e-03	-1.468379e+01
4.044000e-05	2.798399e-03	-1.476908e+01
4.045000e-05	4.508037e-03	-1.485326e+01
4.046000e-05	2.698867e-03	-1.489737e+01
4.047000e-05	2.171150e-03	-1.492940e+01
4.048000e-05	2.980633e-03	-1.499211e+01
4.049000e-05	1.898694e-03	-1.504516e+01
4.050000e-05	3.974299e-03	-1.509789e+01
4.051000e-05	2.879300e-03	-1.512645e+01
4.052000e-05	6.443949e-03	-1.515850e+01
4.053000e-05	2.057056e-03	-1.517106e+01
4.054000e-05	7.607224e-03	-1.523371e+01
4.055000e-05	7.403430e-03	-1.524171e+01
4.056000e-05	6.096625e-03	-1.525419e+01
4.057000e-05	8.806734e-03	-1.525527e+01
4.058000e-05	7.839080e-03	-1.529474e+01
4.059000e-05	1.477108e-02	-1.526524e+01
4.060000e-05	1.194712e-02	-1.530376e+01
4.061000e-05	1.781569e-02	-1.525221e+01
4.062000e-05	1.839738e-02	-1.519371e+01
4.063000e-05	2.376870e-02	-1.523214e+01
4.064000e-05	2.570310e-02	-1.518103e+01
4.065000e-05	3.375787e-02	-1.515742e+01
4.066000e-05	3.966844e-02	-1.508640e+01
4.067000e-05	4.544961e-02	-1.503329e+01
4.068000e-05	4.757285e-02	-1.500158e+01
4.069000e-05	4.417018e-02	-1.489695e+01
4.070000e-05	3.573694e-02	-1.489430e+01
4.071000e-05	2.793277e-02	-1.481173e+01
4.072000e-05	2.222061e-02	-1.470698e+01
4.073000e-05	1.753046e-02	-1.463328e+01
4.074000e-05	1.456017e-02	-1.455995e+01
4.075000e-05	1.218474e-02	-1.448484e+01
4.076000e-05	1.101091e-02	-1.432956e+01
4.077000e-05	7.500267e-03	-1.427374e+01
4.078000e-05	5.123094e-03	-1.414733e+01
4.079000e-05	4.248982e-03	-1.401119e+01
4.080000e-05	3.690802e-03	-1.386487e+01
4.081000e-05	4.790728e-03	-1.374698e+01
4.082000e-05	2.847546e-03	-1.361319e+01
4.083000e-05	2.915228e-03	-1.346537e+01
4.084000e-05	1.223027e-03	-1.334795e+01
4.085000e-05	1.991123e-03	-1.319219e+01
4.086000e-05	1.143710e-03	-1.304534e+01
4.087000e-05	-4.109156e-04	-1.292792e+01
4.088000e-05	6.351180e-04	-1.276911e+01
4.089000e-05	5.864998e-04	-1.262123e+01
4.090000e-05	1.927996e-04	-1.248379e+01
4.091000e-05	-2.028095e-03	-1.225589e+01
4.092000e-05	-1.096616e-03	-1.216897e+01
4.093000e-05	-9.219372e-04	-1.190758e+01
4.094000e-05	-1.474076e-03	-1.174961e+01
4.095000e-05	-6.568436e-04	-1.157753e+01
4.096000e-05	-9.842480e-04	-1.134645e+01
4.097000e-05	-1.545702e-03	-1.113595e+01
4.098000e-05	-2.620778e-03	-1.093642e+01
4.099000e-05	-2.872762e-03	-1.071640e+01
4.100000e-05	-2.037076e-03	-1.055700e+01
4.101000e-05	-2.123184e-03	-1.026445e+01
4.102000e-05	-2.347593e-03	-1.011545e+01
4.103000e-05	-3.401148e-03	-9.884818e+00
4.104000e-05	-3.677224e-03	-9.672241e+00
4.105000e-05	-3.577977e-03	-9.420188e+00
4.106000e-05	-3.291573e-03	-9.160086e+00
4.107000e-05	-4.184287e-03	-8.969553e+00
4.108000e-05	-4.324339e-03	-8.805528e+00
4.109000e-05	-3.915119e-03	-8.494419e+00
4.110000e-05	-3.738721e-03	-8.261338e+00
4.111000e-05	-4.438329e-03	-8.031811e+00
4.112000e-05	-5.425616e-03	-7.778101e+00
4.113000e-05	-5.214057e-03	-7.475842e+00
4.114000e-05	-4.933922e-03	-7.240738e+00
4.115000e-05	-4.449868e-03	-6.988558e+00
4.116000e-05	-5.459688e-03	-6.707397e+00
4.117000e-05	-4.054476e-03	-6.494791e+00
4.118000e-05	-5.409886e-03	-6.259636e+00
4.119000e-05	-4.619340e-03	-5.988876e+00
4.120000e-05	-6.152440e-03	-5.694871e+00
4.121000e-05	-4.154761e-03	-5.430837e+00
4.122000e-05	-6.360251e-03	-5.115925e+00
4.123000e-05	-4.711014e-03	-4.820763e+00
4.124000e-05	-5.455985e-03	-4.536424e+00
4.125000e-05	-4.585597e-03	-4.304419e+00
4.126000e-05	-5.377930e-03	-4.033737e+00
4.127000e-05	-4.461150e-03	-3.756125e+00
4.128000e-05	-4.907987e-03	-3.474392e+00
4.129000e-05	-4.986372e-03	-3.241657e+00
4.130000e-05	-6.082832e-03	-2.895826e+00
4.131000e-05	-4.889881e-03	-2.618683e+00
4.132000e-05	-7.186157e-03	-2.378530e+00
4.133000e-05	-4.467978e-03	-2.023190e+00
4.134000e-05	-5.810080e-03	-1.780554e+00
4.135000e-05	-4.444166e-03	-1.523868e+00
4.136000e-05	-6.306710e-03	-1.188525e+00
4.137000e-05	-5.368053e-03	-8.842647e-01
4.138000e-05	-6.320216e-03	-5.981540e-01
4.139000e-05	-4.550148e-03	-3.053410e-01
4.140000e-05	-4.536715e-03	-4.260664e-02
4.141000e-05	2.797513e-03	2.440738e-01
4.142000e-05	7.466429e-04	5.067843e-01
4.143000e-05	-4.082603e-03	7.583421e-01
4.144000e-05	1.395329e-03	1.073545e+00
4.145000e-05	-4.208842e-03	1.315707e+00
4.146000e-05	-2.451241e-03	1.641371e+00
4.147000e-05	-1.622105e-03	1.896157e+00
4.148000e-05	1.345046e-02	2.105708e+00
4.149000e-05	3.961238e-02	2.357362e+00
4.150000e-05	7.370575e-02	2.703634e+00
4.151000e-05	-8.354483e-02	2.980445e+00
4.152000e-05	-1.814726e-02	3.243980e+00
4.153000e-05	-3.368587e-02	3.548922e+00
4.154000e-05	9.546683e-04	3.781574e+00
4.155000e-05	-5.415302e-02	4.011526e+00
4.156000e-05	2.625474e-03	4.296635e+00
4.157000e-05	7.656680e-02	4.508236e+00
4.158000e-05	-2.350885e-02	4.820002e+00
4.159000e-05	-4.866892e-02	5.052579e+00
4.160000e-05	1.227666e-01	5.391421e+00
4.161000e-05	-1.441907e-01	5.663080e+00
4.162000e-05	8.908019e-02	5.946792e+00
4.163000e-05	-4.181128e-02	6.169320e+00
4.164000e-05	2.512790e-02	6.413374e+00
4.165000e-05	-8.796682e-03	6.698368e+00
4.166000e-05	-2.608483e-02	6.979950e+00
4.167000e-05	4.871049e-02	7.244533e+00
4.168000e-05	-5.976538e-02	7.589820e+00
4.169000e-05	2.753247e-02	7.832026e+00
4.170000e-05	-3.042181e-02	8.104738e+00
4.171000e-05	3.944389e-02	8.328341e+00
4.172000e-05	-5.540538e-03	8.538945e+00
4.173000e-05	-3.679483e-02	8.790980e+00
4.174000e-05	2.356428e-02	9.023605e+00
4.175000e-05	-1.452646e-02	9.255113e+00
4.176000e-05	5.266184e-03	9.506114e+00
4.177000e-05	-2.697593e-02	9.728771e+00
4.178000e-05	2.309855e-02	9.989397e+00
4.179000e-05	-5.893089e-03	1.015895e+01
4.180000e-05	-8.447471e-03	1.036993e+01
4.181000e-05	-1.886640e-02	1.058097e+01
4.182000e-05	5.160131e-03	1.079993e+01
4.183000e-05	6.812897e-03	1.097940e+01
4.184000e-05	-1.595770e-02	1.119098e+01
4.185000e-05	-4.587268e-03	1.136140e+01
4.186000e-05	3.777934e-03	1.157248e+01
4.187000e-05	3.070087e-03	1.177100e+01
4.188000e-05	-2.195180e-02	1.194990e+01
4.189000e-05	2.660121e-03	1.213937e+01
4.190000e-05	4.371342e-03	1.232677e+01
4.191000e-05	-1.212914e-03	1.249417e+01
4.192000e-05	-1.919894e-02	1.262413e+01
4.193000e-05	-7.782904e-04	1.279148e+01
4.194000e-05	1.645546e-03	1.296047e+01
4.195000e-05	-1.097958e-02	1.309632e+01
4.196000e-05	-9.527447e-03	1.325624e+01
4.197000e-05	-3.269059e-03	1.342263e+01
4.198000e-05	1.455206e-03	1.356006e+01
4.199000e-05	-1.275980e-02	1.369579e+01
4.200000e-05	-2.894505e-03	1.385461e+01
4.201000e-05	-5.767311e-03	1.396840e+01
4.202000e-05	-5.052155e-03	1.416839e+01
4.203000e-05	-1.079260e-02	1.425322e+01
4.204000e-05	-3.874607e-03	1.439190e+01
4.205000e-05	-3.796722e-03	1.441472e+01
4.206000e-05	-8.571778e-03	1.453840e+01
4.207000e-05	-7.122072e-03	1.464269e+01
4.208000e-05	-9.921118e-03	1.475835e+01
4.209000e-05	-4.351355e-03	1.482103e+01
4.210000e-05	-7.338953e-03	1.482476e+01
4.211000e-05	-6.010529e-03	1.491532e+01
4.212000e-05	-1.001484e-02	1.497010e+01
4.213000e-05	-9.067672e-03	1.499321e+01
4.214000e-05	-9.289044e-03	1.501722e+01
4.215000e-05	-9.238563e-03	1.511643e+01
4.216000e-05	-1.118328e-02	1.512998e+01
4.217000e-05	-1.096330e-02	1.520016e+01
4.218000e-05	-8.657951e-03	1.520264e+01
4.219000e-05	-1.187632e-02	1.526321e+01
4.220000e-05	-1.269807e-02	1.526374e+01
4.221000e-05	-1.506185e-02	1.527629e+01
4.222000e-05	-1.305032e-02	1.526537e+01
4.223000e-05	-1.634722e-02	1.527630e+01
4.224000e-05	-1.869403e-02	1.525677e+01
4.225000e-05	-2.031547e-02	1.527480e+01
4.226000e-05	-2.246651e-02	1.527524e+01
4.227000e-05	-2.359778e-02	1.525582e+01
4.228000e-05	-2.985995e-02	1.523272e+01
4.229000e-05	-3.338215e-02	1.521159e+01
4.230000e-05	-3.990446e-02	1.516906e+01
4.231000e-05	-4.509768e-02	1.512806e+01
4.232000e-05	-5.053148e-02	1.506480e+01
4.233000e-05	-5.493927e-02	1.501274e+01
4.234000e-05	-5.011112e-02	1.498063e+01
4.235000e-05	-4.523223e-02	1.494730e+01
4.236000e-05	-3.522278e-02	1.486384e+01
4.237000e-05	-3.022188e-02	1.478951e+01
4.238000e-05	-2.377568e-02	1.466532e+01
4.239000e-05	-2.185892e-02	1.459116e+01
4.240000e-05	-1.993771e-02	1.452682e+01
4.241000e-05	-1.740084e-02	1.443008e+01
4.242000e-05	-1.686539e-02	1.433482e+01
4.243000e-05	-1.515540e-02	1.420056e+01
4.244000e-05	-1.404881e-02	1.409342e+01
4.245000e-05	-1.195037e-02	1.392646e+01
4.246000e-05	-1.057424e-02	1.383261e+01
4.247000e-05	-1.033294e-02	1.367377e+01
4.248000e-05	-1.119660e-02	1.355698e+01
4.249000e-05	-1.056549e-02	1.338157e+01
4.250000e-05	-9.668067e-03	1.332477e+01
4.251000e-05	-9.229432e-03	1.310534e+01
4.252000e-05	-9.351986e-03	1.294856e+01
4.253000e-05	-1.014120e-02	1.280269e+01
4.254000e-05	-6.529563e-03	1.265374e+01
4.255000e-05	-7.584793e-03	1.253795e+01
4.256000e-05	-6.835657e-03	1.237850e+01
4.257000e-05	-8.825558e-03	1.220911e+01
4.258000e-05	-6.129926e-03	1.203064e+01
4.259000e-05	-6.822633e-03	1.182419e+01
4.260000e-05	-6.365232e-03	1.165177e+01
4.261000e-05	-7.358277e-03	1.140469e+01
4.262000e-05	-6.880791e-03	1.125272e+01
4.263000e-05	-6.402751e-03	1.104064e+01
4.264000e-05	-5.884775e-03	1.086371e+01
4.265000e-05	-5.067458e-03	1.061219e+01
4.266000e-05	-5.464770e-03	1.043863e+01
4.267000e-05	-6.249265e-03	1.021106e+01
4.268000e-05	-5.802980e-03	1.000858e+01
4.269000e-05	-5.293030e-03	9.748476e+00
4.270000e-05	-5.709001e-03	9.495873e+00
4.271000e-05	-6.495185e-03	9.304822e+00
4.272000e-05	-4.297864e-03	9.083763e+00
4.273000e-05	-5.617919e-03	8.840110e+00
4.274000e-05	-5.152525e-03	8.609557e+00
4.275000e-05	-6.015256e-03	8.358007e+00
4.276000e-05	-4.518158e-03	8.104402e+00
4.277000e-05	-5.882283e-03	7.873743e+00
4.278000e-05	-5.191918e-03	7.622139e+00
4.279000e-05	-4.857881e-03	7.358425e+00
4.280000e-05	-4.882958e-03	7.104817e+00
4.281000e-05	-5.833702e-03	6.831138e+00
4.282000e-05	-6.182255e-03	6.597003e+00
4.283000e-05	-4.799459e-03	6.315322e+00
4.284000e-05	-4.447644e-03	6.084766e+00
4.285000e-05	-4.631963e-03	5.819663e+00
4.286000e-05	-5.935659e-03	5.556977e+00
4.287000e-05	-4.611794e-03	5.312796e+00
4.288000e-05	-4.968672e-03	4.908954e+00
4.289000e-05	-4.871821e-03	4.682265e+00
4.290000e-05	-4.870913e-03	4.412132e+00
4.291000e-05	-5.057587e-03	4.105397e+00
4.292000e-05	-4.853040e-03	3.871707e+00
4.293000e-05	-4.927294e-03	3.590555e+00
4.294000e-05	-4.611055e-03	3.275375e+00
4.295000e-05	-4.813237e-03	3.039680e+00
4.296000e-05	-4.412725e-03	2.767875e+00
4.297000e-05	-4.050987e-03	2.421593e+00
4.298000e-05	-4.939868e-03	2.197476e+00
4.299000e-05	-5.166742e-03	1.933815e+00
4.300000e-05	-4.153626e-03	1.620557e+00
4.301000e-05	-4.857658e-03	1.314341e+00
4.302000e-05	-5.231245e-03	9.569526e-01
4.303000e-05	-4.700549e-03	6.927134e-01
4.304000e-05	-3.697204e-03	4.205804e-01
4.305000e-05	-2.445882e-03	8.579480e-02
4.306000e-05	-4.953119e-05	-1.598659e-01
4.307000e-05	9.234998e-03	-3.910011e-01
4.308000e-05	-7.364087e-03	-7.452120e-01
4.309000e-05	6.782833e-03	-9.688397e-01
4.310000e-05	-5.203842e-03	-1.212024e+00
4.311000e-05	4.317904e-03	-1.538367e+00
4.312000e-05	-4.505178e-03	-1.757918e+00
4.313000e-05	2.398294e-02	-1.978922e+00
4.314000e-05	6.640114e-02	-2.263152e+00
4.315000e-05	4.002081e-02	-2.541442e+00
4.316000e-05	-1.012321e-01	-2.960841e+00
4.317000e-05	2.332360e-02	-3.315313e+00
4.318000e-05	-4.831602e-02	-3.505791e+00
4.319000e-05	-1.460498e-02	-3.739893e+00
4.320000e-05	-8.845141e-02	-4.031972e+00
4.321000e-05	1.958612e-01	-4.157890e+00
4.322000e-05	-1.005888e-01	-4.371473e+00
4.323000e-05	-7.410709e-03	-4.717363e+00
4.324000e-05	1.302028e-01	-4.969341e+00
4.325000e-05	-1.932250e-01	-5.286158e+00
4.326000e-05	1.751289e-01	-5.576447e+00
4.327000e-05	-1.238056e-01	-5.821576e+00
4.328000e-05	7.396520e-02	-6.104862e+00
4.329000e-05	2.947415e-02	-6.369792e+00
4.330000e-05	-1.070286e-01	-6.643631e+00
4.331000e-05	1.222967e-01	-6.917817e+00
4.332000e-05	-1.130674e-01	-7.232499e+00
4.333000e-05	7.900371e-02	-7.453185e+00
4.334000e-05	-4.406750e-02	-7.760390e+00
4.335000e-05	1.714918e-02	-8.021531e+00
4.336000e-05	6.351557e-02	-8.253607e+00
4.337000e-05	-9.612657e-02	-8.526815e+00
4.338000e-05	8.832048e-02	-8.729941e+00
4.339000e-05	-7.062834e-02	-8.992024e+00
4.340000e-05	4.891755e-02	-9.221531e+00
4.341000e-05	-4.073729e-02	-9.403555e+00
4.342000e-05	2.857947e-02	-9.646286e+00
4.343000e-05	2.677051e-02	-9.865837e+00
4.344000e-05	-2.950508e-02	-1.010879e+01
4.345000e-05	1.354698e-02	-1.030886e+01
4.346000e-05	-3.187521e-02	-1.053990e+01
4.347000e-05	5.121369e-02	-1.068584e+01
4.348000e-05	-3.975885e-02	-1.093632e+01
4.349000e-05	2.695079e-02	-1.110737e+01
4.350000e-05	-1.165528e-02	-1.132834e+01
4.351000e-05	2.202028e-02	-1.151839e+01
4.352000e-05	-2.927948e-02	-1.171882e+01
4.353000e-05	7.764781e-03	-1.192895e+01
4.354000e-05	1.336944e-02	-1.210531e+01
4.355000e-05	2.572206e-03	-1.225574e+01
4.356000e-05	-7.334934e-03	-1.241361e+01
4.357000e-05	-4.172126e-03	-1.261213e+01
4.358000e-05	1.787373e-02	-1.277000e+01
4.359000e-05	-1.684200e-02	-1.293942e+01
4.360000e-05	3.477026e-03	-1.306479e+01
4.361000e-05	-3.363535e-03	-1.320316e+01
4.362000e-05	1.871290e-02	-1.338195e+01
4.363000e-05	-1.319798e-02	-1.351632e+01
4.364000e-05	7.341973e-03	-1.368531e+01
4.365000e-05	7.590094e-04	-1.378161e+01
4.366000e-05	5.633973e-03	-1.394892e+01
4.367000e-05	-5.877448e-03	-1.402469e+01
4.368000e-05	5.930997e-03	-1.416200e+01
4.369000e-05	5.339762e-03	-1.427687e+01
4.370000e-05	1.211409e-03	-1.443109e+01
4.371000e-05	1.039141e-03	-1.444784e+01
4.372000e-05	1.567799e-03	-1.458218e+01
4.373000e-05	3.632594e-03	-1.462324e+01
4.374000e-05	2.709003e-04	-1.476897e+01
4.375000e-05	5.167930e-03	-1.485261e+01
4.376000e-05	3.891185e-03	-1.489477e+01
4.377000e-05	4.037122e-03	-1.491785e+01
4.378000e-05	1.785406e-03	-1.495003e+01
4.379000e-05	3.847544e-03	-1.505418e+01
4.380000e-05	1.417709e-03	-1.507382e+01
4.381000e-05	4.150678e-03	-1.510792e+01
4.382000e-05	4.052375e-03	-1.510901e+01
4.383000e-05	5.177253e-03	-1.518856e+01
4.384000e-05	4.039789e-03	-1.522214e+01
4.385000e-05	4.103601e-03	-1.522211e+01
4.386000e-05	6.424947e-03	-1.526361e+01
4.387000e-05	6.180614e-03	-1.525484e+01
4.388000e-05	1.110754e-02	-1.526325e+01
4.389000e-05	1.096202e-02	-1.527482e+01
4.390000e-05	1.344633e-02	-1.527421e+01
4.391000e-05	1.441377e-02	-1.528422e+01
4.392000e-05	1.830474e-02	-1.526474e+01
4.393000e-05	2.188474e-02	-1.522321e+01
4.394000e-05	2.481899e-02	-1.522211e+01
4.395000e-05	3.025942e-02	-1.512953e+01
4.396000e-05	3.577558e-02	-1.507745e+01
4.397000e-05	4.234264e-02	-1.505627e+01
4.398000e-05	4.710248e-02	-1.503321e+01
4.399000e-05	4.581427e-02	-1.492903e+01
4.400000e-05	4.089705e-02	-1.491690e+01
4.401000e-05	3.201289e-02	-1.485319e+01
4.402000e-05	2.536645e-02	-1.475911e+01
4.403000e-05	1.934982e-02	-1.466529e+01
4.404000e-05	1.458025e-02	-1.457961e+01
4.405000e-05	1.233169e-02	-1.450595e+01
4.406000e-05	1.030234e-02	-1.442163e+01
4.407000e-05	7.859858e-03	-1.427585e+01
4.408000e-05	6.884202e-03	-1.419048e+01
4.409000e-05	6.627074e-03	-1.405482e+01
4.410000e-05	5.300723e-03	-1.391603e+01
4.411000e-05	3.633980e-03	-1.381221e+01
4.412000e-05	2.463984e-03	-1.368382e+01
4.413000e-05	2.763711e-03	-1.354646e+01
4.414000e-05	2.439571e-03	-1.342163e+01
4.415000e-05	1.954502e-03	-1.327380e+01
4.416000e-05	2.009775e-03	-1.312652e+01
4.417000e-05	1.017241e-03	-1.297061e+01
4.418000e-05	-5.503413e-04	-1.286429e+01
4.419000e-05	-7.084434e-04	-1.270685e+01
4.420000e-05	9.135686e-06	-1.252700e+01
4.421000e-05	-7.519806e-04	-1.237958e+01
4.422000e-05	-1.022595e-03	-1.221264e+01
4.423000e-05	-1.273291e-03	-1.204417e+01
4.424000e-05	-1.992161e-03	-1.184529e+01
4.425000e-05	-1.133929e-03	-1.167177e+01
4.426000e-05	-1.613683e-03	-1.145077e+01
4.427000e-05	-2.500000e-03	-1.120326e+01
4.428000e-05	-2.924314e-03	-1.100166e+01
4.429000e-05	-2.619880e-03	-1.085314e+01
4.430000e-05	-2.489687e-03	-1.063126e+01
4.431000e-05	-2.776249e-03	-1.043926e+01
4.432000e-05	-2.009268e-03	-1.020061e+01
4.433000e-05	-3.209579e-03	-9.939176e+00
4.434000e-05	-4.135606e-03	-9.757554e+00
4.435000e-05	-4.683479e-03	-9.566505e+00
4.436000e-05	-3.290996e-03	-9.336446e+00
4.437000e-05	-3.487935e-03	-9.084895e+00
4.438000e-05	-4.188976e-03	-8.872792e+00
4.439000e-05	-5.057280e-03	-8.601586e+00
4.440000e-05	-2.436886e-03	-8.348005e+00
4.441000e-05	-6.181129e-03	-8.107974e+00
4.442000e-05	-4.521295e-03	-7.915469e+00
4.443000e-05	-6.862757e-03	-7.609659e+00
4.444000e-05	-2.850815e-03	-7.377501e+00
4.445000e-05	-4.926221e-03	-7.136448e+00
4.446000e-05	-3.821047e-03	-6.841813e+00
4.447000e-05	-5.613705e-03	-6.611108e+00
4.448000e-05	-5.267788e-03	-6.386530e+00
4.449000e-05	-6.022226e-03	-6.065268e+00
4.450000e-05	-5.150821e-03	-5.851262e+00
4.451000e-05	-5.422893e-03	-5.566976e+00
4.452000e-05	-5.794561e-03	-5.284841e+00
4.453000e-05	-5.769732e-03	-4.959055e+00
4.454000e-05	-2.204979e-03	-4.652343e+00
4.455000e-05	-4.111462e-03	-4.420132e+00
4.456000e-05	-4.175151e-03	-4.178056e+00
4.457000e-05	-6.604428e-03	-3.954871e+00
4.458000e-05	-6.459814e-03	-3.619656e+00
4.459000e-05	-5.748594e-03	-3.367474e+00
4.460000e-05	-6.830314e-03	-3.081840e+00
4.461000e-05	-4.640699e-03	-2.768027e+00
4.462000e-05	-6.936530e-03	-2.503395e+00
4.463000e-05	-3.822184e-03	-2.179632e+00
4.464000e-05	-4.663524e-03	-1.934421e+00
4.465000e-05	-3.742707e-03	-1.642164e+00
4.466000e-05	-6.439029e-03	-1.346499e+00
4.467000e-05	-6.151823e-03	-1.021155e+00
4.468000e-05	-6.999078e-03	-7.664761e-01
4.469000e-05	-6.349468e-03	-4.106068e-01
4.470000e-05	-5.475438e-03	-1.873750e-01
4.471000e-05	-9.148399e-04	1.060805e-01
4.472000e-05	7.459484e-03	4.100237e-01
4.473000e-05	-7.341905e-03	6.135476e-01
4.474000e-05	3.723677e-03	9.161052e-01
4.475000e-05	-5.413912e-03	1.222027e+00
4.476000e-05	2.863268e-03	1.504108e+00
4.477000e-05	-8.162013e-03	1.801845e+00
4.478000e-05	1.137446e-02	2.020447e+00
4.479000e-05	1.244275e-02	2.212499e+00
4.480000e-05	8.242405e-02	2.485659e+00
4.481000e-05	-1.307368e-02	2.845023e+00
4.482000e-05	-6.500013e-02	3.148263e+00
4.483000e-05	-1.844057e-02	3.421501e+00
4.484000e-05	-1.439466e-02	3.715687e+00
4.485000e-05	-2.247050e-02	3.916791e+00
4.486000e-05	-3.951543e-02	4.178892e+00
4.487000e-05	4.112501e-02	4.431501e+00
4.488000e-05	7.660038e-02	4.674159e+00
4.489000e-05	-1.315588e-01	4.887841e+00
4.490000e-05	1.344325e-01	5.254105e+00
4.491000e-05	-7.853242e-02	5.537314e+00
4.492000e-05	-4.762938e-03	5.761520e+00
4.493000e-05	3.493139e-02	6.054609e+00
4.494000e-05	-2.669901e-02	6.295363e+00
4.495000e-05	2.880019e-02	6.581947e+00
4.496000e-05	-4.896859e-02	6.883657e+00
4.497000e-05	3.555216e-02	7.116290e+00
4.498000e-05	-1.766979e-02	7.444080e+00
4.499000e-05	-1.779880e-02	7.726687e+00
4.500000e-05	1.037398e-02	7.970396e+00
4.501000e-05	-7.781678e-03	8.265126e+00
4.502000e-05	3.808346e-02	8.443633e+00
4.503000e-05	-4.626543e-02	8.705209e+00
4.504000e-05	-2.260005e-04	8.916264e+00
4.505000e-05	1.184048e-02	9.139373e+00
4.506000e-05	-1.456234e-02	9.390401e+00
4.507000e-05	-3.483535e-04	9.602078e+00
4.508000e-05	-1.678532e-02	9.844632e+00
4.509000e-05	2.928458e-02	1.009516e+01
4.510000e-05	-2.189558e-02	1.028416e+01
4.511000e-05	-7.690810e-03	1.047671e+01
4.512000e-05	-1.273056e-02	1.068619e+01
4.513000e-05	1.234967e-02	1.088624e+01
4.514000e-05	-2.255844e-03	1.104369e+01
4.515000e-05	-2.122734e-02	1.128626e+01
4.516000e-05	9.748734e-03	1.148577e+01
4.517000e-05	-1.354165e-03	1.169667e+01
4.518000e-05	-5.317204e-03	1.189378e+01
4.519000e-05	-2.151867e-02	1.203511e+01
4.520000e-05	1.207476e-02	1.225213e+01
4.521000e-05	-1.398422e-04	1.238250e+01
4.522000e-05	-1.052130e-02	1.257150e+01
4.523000e-05	-1.008530e-02	1.271890e+01
4.524000e-05	1.586724e-03	1.290477e+01
4.525000e-05	-1.818217e-03	1.302413e+01
4.526000e-05	-1.544431e-02	1.320155e+01
4.527000e-05	-8.818410e-04	1.334140e+01
4.528000e-05	-1.666212e-03	1.349679e+01
4.529000e-05	-4.603691e-03	1.366264e+01
4.530000e-05	-1.088625e-02	1.375897e+01
4.531000e-05	-2.037984e-03	1.392832e+01
4.532000e-05	-4.241465e-03	1.406368e+01
4.533000e-05	-1.093545e-02	1.423203e+01
4.534000e-05	-5.769592e-03	1.431732e+01
4.535000e-05	-5.025901e-03	1.442203e+01
4.536000e-05	-5.466037e-03	1.453632e+01
4.537000e-05	-1.088093e-02	1.463108e+01
4.538000e-05	-5.953956e-03	1.471629e+01
4.539000e-05	-7.616879e-03	1.475848e+01
4.540000e-05	-6.022539e-03	1.481256e+01
4.541000e-05	-7.169087e-03	1.486529e+01
4.542000e-05	-8.906112e-03	1.495892e+01
4.543000e-05	-7.931205e-03	1.498060e+01
4.544000e-05	-1.064158e-02	1.505366e+01
4.545000e-05	-7.597607e-03	1.503677e+01
4.546000e-05	-1.132302e-02	1.515685e+01
4.547000e-05	-1.049433e-02	1.519056e+01
4.548000e-05	-1.077191e-02	1.523309e+01
4.549000e-05	-1.136335e-02	1.523309e+01
4.550000e-05	-1.244453e-02	1.526476e+01
4.551000e-05	-1.426618e-02	1.528472e+01
4.552000e-05	-1.229581e-02	1.528579e+01
4.553000e-05	-1.632135e-02	1.528532e+01
4.554000e-05	-1.714754e-02	1.529579e+01
4.555000e-05	-2.020621e-02	1.524537e+01
4.556000e-05	-2.079527e-02	1.529627e+01
4.557000e-05	-2.409079e-02	1.528579e+01
4.558000e-05	-2.717119e-02	1.526317e+01
4.559000e-05	-3.130157e-02	1.526259e+01
4.560000e-05	-3.679898e-02	1.521106e+01
4.561000e-05	-4.226606e-02	1.513901e+01
4.562000e-05	-4.932122e-02	1.514640e+01
4.563000e-05	-5.253960e-02	1.505377e+01
4.564000e-05	-5.311432e-02	1.499108e+01
4.565000e-05	-4.713081e-02	1.493800e+01
4.566000e-05	-4.097977e-02	1.488422e+01
4.567000e-05	-3.209866e-02	1.481166e+01
4.568000e-05	-2.710658e-02	1.471832e+01
4.569000e-05	-2.226138e-02	1.466224e+01
4.570000e-05	-2.108286e-02	1.454891e+01
4.571000e-05	-1.831452e-02	1.447376e+01
4.572000e-05	-1.697145e-02	1.438648e+01
4.573000e-05	-1.461658e-02	1.425469e+01
4.574000e-05	-1.429729e-02	1.413645e+01
4.575000e-05	-1.171102e-02	1.403002e+01
4.576000e-05	-1.229205e-02	1.386377e+01
4.577000e-05	-1.108978e-02	1.375793e+01
4.578000e-05	-1.238698e-02	1.362014e+01
4.579000e-05	-9.521416e-03	1.347482e+01
4.580000e-05	-1.038217e-02	1.333695e+01
4.581000e-05	-8.321831e-03	1.320051e+01
4.582000e-05	-9.676614e-03	1.305319e+01
4.583000e-05	-8.420990e-03	1.289480e+01
4.584000e-05	-9.405697e-03	1.277798e+01
4.585000e-05	-7.722143e-03	1.259901e+01
4.586000e-05	-7.790006e-03	1.246373e+01
4.587000e-05	-7.384387e-03	1.224529e+01
4.588000e-05	-7.406702e-03	1.209537e+01
4.589000e-05	-7.665329e-03	1.190803e+01
4.590000e-05	-6.557295e-03	1.178700e+01
4.591000e-05	-7.229145e-03	1.154637e+01
4.592000e-05	-5.375251e-03	1.134490e+01
4.593000e-05	-6.331276e-03	1.110735e+01
4.594000e-05	-6.145751e-03	1.094595e+01
4.595000e-05	-6.566277e-03	1.075535e+01
4.596000e-05	-5.563027e-03	1.054545e+01
4.597000e-05	-4.983331e-03	1.029535e+01
4.598000e-05	-5.748588e-03	1.007390e+01
4.599000e-05	-6.097945e-03	9.851691e+00
4.600000e-05	-6.383400e-03	9.600663e+00
4.601000e-05	-5.973625e-03	9.420032e+00
4.602000e-05	-5.507014e-03	9.157556e+00
4.603000e-05	-5.174193e-03	8.936400e+00
4.604000e-05	-5.345997e-03	8.704765e+00
4.605000e-05	-5.354703e-03	8.495792e+00
4.606000e-05	-4.472718e-03	8.211162e+00
4.607000e-05	-5.411908e-03	7.969953e+00
4.608000e-05	-5.958722e-03	7.767896e+00
4.609000e-05	-5.837140e-03	7.473267e+00
4.610000e-05	-5.271356e-03	7.220659e+00
4.611000e-05	-5.603781e-03	6.938378e+00
4.612000e-05	-5.083961e-03	6.685872e+00
4.613000e-05	-5.308375e-03	6.461166e+00
4.614000e-05	-5.546609e-03	6.190054e+00
4.615000e-05	-5.062615e-03	5.998976e+00
4.616000e-05	-4.379159e-03	5.684239e+00
4.617000e-05	-3.720874e-03	5.433059e+00
4.618000e-05	-6.376714e-03	5.145399e+00
4.619000e-05	-5.261601e-03	4.798458e+00
4.620000e-05	-5.259591e-03	4.505846e+00
4.621000e-05	-4.210072e-03	4.281817e+00
4.622000e-05	-5.228397e-03	3.978455e+00
4.623000e-05	-4.773105e-03	3.704370e+00
4.624000e-05	-4.972366e-03	3.470636e+00
4.625000e-05	-5.217131e-03	3.168421e+00
4.626000e-05	-4.497457e-03	2.872691e+00
4.627000e-05	-4.608354e-03	2.639029e+00
4.628000e-05	-4.712016e-03	2.293766e+00
4.629000e-05	-5.036309e-03	2.031134e+00
4.630000e-05	-4.934578e-03	1.756322e+00
4.631000e-05	-4.046090e-03	1.440663e+00
4.632000e-05	-4.240636e-03	1.166922e+00
4.633000e-05	-4.851845e-03	8.199826e-01
4.634000e-05	-5.081039e-03	5.447972e-01
4.635000e-05	-3.291019e-03	2.908643e-01
4.636000e-05	-2.400518e-03	-2.357639e-02
4.637000e-05	5.825375e-03	-2.962828e-01
4.638000e-05	1.544798e-03	-5.307882e-01
4.639000e-05	-1.551407e-03	-8.436300e-01
4.640000e-05	2.110140e-04	-1.045705e+00
4.641000e-05	-1.073914e-05	-1.370521e+00
4.642000e-05	-1.628366e-03	-1.654078e+00
4.643000e-05	1.066171e-02	-1.915208e+00
4.644000e-05	3.372658e-02	-2.108183e+00
4.645000e-05	1.027714e-01	-2.431500e+00
4.646000e-05	-8.865963e-02	-2.770842e+00
4.647000e-05	-6.264493e-03	-3.148969e+00
4.648000e-05	-3.701021e-02	-3.391525e+00
4.649000e-05	-4.154705e-04	-3.621576e+00
4.650000e-05	-9.259857e-02	-3.875213e+00
4.651000e-05	7.040150e-02	-4.074707e+00
4.652000e-05	1.242736e-01	-4.253657e+00
4.653000e-05	-1.927292e-01	-4.589520e+00
4.654000e-05	1.901877e-01	-4.813099e+00
4.655000e-05	-1.336082e-01	-5.116811e+00
4.656000e-05	1.953531e-02	-5.434100e+00
4.657000e-05	6.075596e-02	-5.666236e+00
4.658000e-05	-1.097291e-01	-5.940395e+00
4.659000e-05	1.581201e-01	-6.213555e+00
4.660000e-05	-1.324374e-01	-6.527287e+00
4.661000e-05	5.967235e-02	-6.777999e+00
4.662000e-05	3.633190e-03	-7.045232e+00
4.663000e-05	-5.848936e-02	-7.339471e+00
4.664000e-05	9.022232e-02	-7.561552e+00
4.665000e-05	-1.053884e-01	-7.897243e+00
4.666000e-05	1.343176e-01	-8.138898e+00
4.667000e-05	-9.360314e-02	-8.379524e+00
4.668000e-05	3.290534e-02	-8.664183e+00
4.669000e-05	7.763871e-03	-8.865738e+00
4.670000e-05	-3.201595e-02	-9.116867e+00
4.671000e-05	4.158521e-02	-9.339396e+00
4.672000e-05	-5.693428e-02	-9.549896e+00
4.673000e-05	8.561391e-02	-9.790499e+00
4.674000e-05	-5.292650e-02	-1.001258e+01
4.675000e-05	2.784421e-02	-1.016363e+01
4.676000e-05	-4.127178e-02	-1.043316e+01
4.677000e-05	3.556857e-02	-1.062308e+01
4.678000e-05	-2.026543e-03	-1.079361e+01
4.679000e-05	-1.279536e-02	-1.099360e+01
4.680000e-05	1.795180e-02	-1.124416e+01
4.681000e-05	-6.560863e-03	-1.144314e+01
4.682000e-05	1.181736e-02	-1.159468e+01
4.683000e-05	-3.505690e-02	-1.183066e+01
4.684000e-05	3.597691e-02	-1.200256e+01
4.685000e-05	-1.171537e-02	-1.216195e+01
4.686000e-05	1.380346e-02	-1.235947e+01
4.687000e-05	-2.330888e-02	-1.253835e+01
4.688000e-05	2.509507e-02	-1.270692e+01
4.689000e-05	-1.070047e-02	-1.286569e+01
4.690000e-05	-3.029897e-03	-1.300268e+01
4.691000e-05	-2.595923e-03	-1.312997e+01
4.692000e-05	1.148976e-02	-1.329835e+01
4.693000e-05	3.134624e-03	-1.345526e+01
4.694000e-05	-7.917024e-03	-1.358063e+01
4.695000e-05	9.194952e-03	-1.369890e+01
4.696000e-05	-1.309667e-03	-1.383629e+01
4.697000e-05	1.598963e-03	-1.397163e+01
4.698000e-05	-3.158230e-03	-1.408889e+01
4.699000e-05	1.024097e-02	-1.427429e+01
4.700000e-05	3.309389e-04	-1.434947e+01
4.701000e-05	5.357607e-04	-1.450421e+01
4.702000e-05	1.252982e-03	-1.455845e+01
4.703000e-05	3.314007e-03	-1.460274e+01
4.704000e-05	2.583794e-03	-1.465482e+01
4.705000e-05	3.830359e-03	-1.477018e+01
4.706000e-05	4.541715e-03	-1.483467e+01
4.707000e-05	3.279546e-03	-1.489792e+01
4.708000e-05	8.437637e-04	-1.498851e+01
4.709000e-05	3.561221e-03	-1.499219e+01
4.710000e-05	1.231547e-03	-1.505324e+01
4.711000e-05	3.173865e-03	-1.512785e+01
4.712000e-05	3.818541e-03	-1.512743e+01
4.713000e-05	5.073230e-03	-1.517100e+01
4.714000e-05	5.046904e-03	-1.515013e+01
4.715000e-05	3.913264e-03	-1.521224e+01
4.716000e-05	5.862577e-03	-1.525321e+01
4.717000e-05	5.954854e-03	-1.529369e+01
4.718000e-05	9.414326e-03	-1.526479e+01
4.719000e-05	1.059304e-02	-1.528526e+01
4.720000e-05	1.315984e-02	-1.528469e+01
4.721000e-05	1.297415e-02	-1.526331e+01
4.722000e-05	1.640355e-02	-1.526426e+01
4.723000e-05	1.913043e-02	-1.524212e+01
4.724000e-05	2.419623e-02	-1.520208e+01
4.725000e-05	2.813235e-02	-1.516961e+01
4.726000e-05	3.412056e-02	-1.513890e+01
4.727000e-05	3.981463e-02	-1.508637e+01
4.728000e-05	4.495757e-02	-1.505231e+01
4.729000e-05	4.781806e-02	-1.495058e+01
4.730000e-05	4.222363e-02	-1.491653e+01
4.731000e-05	3.549941e-02	-1.485474e+01
4.732000e-05	2.781218e-02	-1.480071e+01
4.733000e-05	2.261995e-02	-1.470540e+01
4.734000e-05	1.711793e-02	-1.461324e+01
4.735000e-05	1.367129e-02	-1.455905e+01
4.736000e-05	1.169976e-02	-1.445177e+01
4.737000e-05	9.282742e-03	-1.430745e+01
4.738000e-05	7.480038e-03	-1.422222e+01
4.739000e-05	5.998634e-03	-1.411790e+01
4.740000e-05	5.048962e-03	-1.400063e+01
4.741000e-05	4.422718e-03	-1.385371e+01
4.742000e-05	3.190200e-03	-1.374850e+01
4.743000e-05	2.931057e-03	-1.362106e+01
4.744000e-05	1.701578e-03	-1.343279e+01
4.745000e-05	1.677922e-03	-1.337956e+01
4.746000e-05	1.277735e-03	-1.319116e+01
4.747000e-05	1.138736e-03	-1.302372e+01
4.748000e-05	-7.399798e-05	-1.290692e+01
4.749000e-05	9.488409e-04	-1.276048e+01
4.750000e-05	7.889606e-04	-1.260061e+01
4.751000e-05	-1.308413e-03	-1.248332e+01
4.752000e-05	-1.460030e-03	-1.226382e+01
4.753000e-05	-7.838165e-04	-1.213705e+01
4.754000e-05	-9.711542e-04	-1.189703e+01
4.755000e-05	-1.634463e-03	-1.170848e+01
4.756000e-05	-9.563632e-04	-1.150803e+01
4.757000e-05	-7.763468e-04	-1.131653e+01
4.758000e-05	-1.891751e-03	-1.111495e+01
4.759000e-05	-2.938841e-03	-1.088490e+01
4.760000e-05	-2.587641e-03	-1.072690e+01
4.761000e-05	-2.930380e-03	-1.051695e+01
4.762000e-05	-2.974346e-03	-1.028690e+01
4.763000e-05	-4.252141e-03	-1.008344e+01
4.764000e-05	-4.037643e-03	-9.863742e+00
4.765000e-05	-2.895412e-03	-9.672291e+00
4.766000e-05	-5.390504e-03	-9.420711e+00
4.767000e-05	-2.404000e-03	-9.160634e+00
4.768000e-05	-3.284262e-03	-8.969055e+00
4.769000e-05	-5.310230e-03	-8.736453e+00
4.770000e-05	-3.510633e-03	-8.514446e+00
4.771000e-05	-6.615080e-03	-8.243341e+00
4.772000e-05	-1.614813e-03	-8.020712e+00
4.773000e-05	-6.533572e-03	-7.757004e+00
4.774000e-05	-4.004541e-03	-7.483317e+00
4.775000e-05	-6.128117e-03	-7.231236e+00
4.776000e-05	-4.135392e-03	-6.968078e+00
4.777000e-05	-4.653887e-03	-6.716876e+00
4.778000e-05	-5.314550e-03	-6.482793e+00
4.779000e-05	-5.563750e-03	-6.210234e+00
4.780000e-05	-4.015028e-03	-5.936925e+00
4.781000e-05	-5.063965e-03	-5.664315e+00
4.782000e-05	-3.803636e-03	-5.450079e+00
4.783000e-05	-7.757641e-03	-5.097000e+00
4.784000e-05	-3.515747e-03	-4.780585e+00
4.785000e-05	-6.066913e-03	-4.537422e+00
4.786000e-05	-4.864994e-03	-4.314819e+00
4.787000e-05	-5.290377e-03	-4.031662e+00
4.788000e-05	-2.816288e-03	-3.746527e+00
4.789000e-05	-5.274165e-03	-3.452292e+00
4.790000e-05	-5.761365e-03	-3.230202e+00
4.791000e-05	-5.953348e-03	-2.885798e+00
4.792000e-05	-5.023176e-03	-2.610636e+00
4.793000e-05	-6.495071e-03	-2.377525e+00
4.794000e-05	-5.104567e-03	-2.032689e+00
4.795000e-05	-6.164278e-03	-1.768054e+00
4.796000e-05	-3.701964e-03	-1.531837e+00
4.797000e-05	-6.753567e-03	-1.136474e+00
4.798000e-05	-5.597407e-03	-8.637630e-01
4.799000e-05	-5.774502e-03	-5.480265e-01
4.800000e-05	-4.755650e-03	-2.752659e-01
4.801000e-05	-4.505130e-03	-3.160670e-02
4.802000e-05	3.301468e-03	2.941327e-01
4.803000e-05	8.970043e-04	5.176878e-01
4.804000e-05	-3.478501e-03	7.578236e-01
4.805000e-05	6.568051e-04	1.014051e+00
4.806000e-05	-3.476440e-03	1.367841e+00
4.807000e-05	-2.551094e-03	1.644026e+00
4.808000e-05	-3.019376e-04	1.894210e+00
4.809000e-05	1.294139e-02	2.115185e+00
4.810000e-05	4.407540e-02	2.337917e+00
4.811000e-05	6.924303e-02	2.716156e+00
4.812000e-05	-8.725253e-02	3.022447e+00
4.813000e-05	-1.644014e-02	3.276084e+00
4.814000e-05	-3.427259e-02	3.568398e+00
4.815000e-05	2.024385e-03	3.813002e+00
4.816000e-05	-5.564577e-02	4.052951e+00
4.817000e-05	5.400668e-03	4.257106e+00
4.818000e-05	8.047295e-02	4.536713e+00
4.819000e-05	-3.595966e-02	4.781097e+00
4.820000e-05	-2.853644e-02	5.116234e+00
4.821000e-05	1.060487e-01	5.389920e+00
4.822000e-05	-1.398602e-01	5.675608e+00
4.823000e-05	9.123663e-02	5.897389e+00
4.824000e-05	-4.461353e-02	6.191925e+00
4.825000e-05	2.766451e-02	6.443029e+00
4.826000e-05	-1.564671e-02	6.727243e+00
4.827000e-05	-2.022486e-02	6.990477e+00
4.828000e-05	4.571295e-02	7.263684e+00
4.829000e-05	-5.914278e-02	7.567818e+00
4.830000e-05	2.957378e-02	7.813504e+00
4.831000e-05	-3.149903e-02	8.137187e+00
4.832000e-05	4.195319e-02	8.357872e+00
4.833000e-05	-1.283097e-02	8.559995e+00
4.834000e-05	-3.461718e-02	8.800499e+00
4.835000e-05	2.491901e-02	9.024654e+00
4.836000e-05	-1.483039e-02	9.325242e+00
4.837000e-05	6.272618e-03	9.475663e+00
4.838000e-05	-2.820717e-02	9.708320e+00
4.839000e-05	2.613525e-02	9.946825e+00
4.840000e-05	-9.087516e-03	1.017857e+01
4.841000e-05	-7.208630e-03	1.036898e+01
4.842000e-05	-1.991490e-02	1.058993e+01
4.843000e-05	6.726409e-03	1.076995e+01
4.844000e-05	5.009636e-03	1.097992e+01
4.845000e-05	-1.729436e-02	1.117993e+01
4.846000e-05	-2.477109e-03	1.138050e+01
4.847000e-05	2.787136e-03	1.156151e+01
4.848000e-05	3.303258e-03	1.180148e+01
4.849000e-05	-2.452963e-02	1.198903e+01
4.850000e-05	4.463107e-03	1.213800e+01
4.851000e-05	3.389155e-03	1.230729e+01
4.852000e-05	-1.603231e-03	1.248616e+01
4.853000e-05	-1.777387e-02	1.264313e+01
4.854000e-05	-6.158419e-04	1.283311e+01
4.855000e-05	1.947041e-03	1.300045e+01
4.856000e-05	-1.148574e-02	1.311787e+01
4.857000e-05	-7.352427e-03	1.327664e+01
4.858000e-05	-2.665709e-03	1.341411e+01
4.859000e-05	1.075329e-03	1.355908e+01
4.860000e-05	-1.388416e-02	1.367779e+01
4.861000e-05	-3.384075e-03	1.383513e+01
4.862000e-05	-6.144031e-03	1.394898e+01
4.863000e-05	-4.848708e-03	1.413884e+01
4.864000e-05	-1.079492e-02	1.426321e+01
4.865000e-05	-3.664069e-03	1.437040e+01
4.866000e-05	-4.740823e-03	1.443571e+01
4.867000e-05	-9.404404e-03	1.455695e+01
4.868000e-05	-5.677575e-03	1.464429e+01
4.869000e-05	-8.490025e-03	1.470790e+01
4.870000e-05	-5.369470e-03	1.476951e+01
4.871000e-05	-9.372192e-03	1.486269e+01
4.872000e-05	-6.039489e-03	1.487635e+01
4.873000e-05	-8.623145e-03	1.497903e+01
4.874000e-05	-8.820466e-03	1.500059e+01
4.875000e-05	-8.512974e-03	1.505522e+01
4.876000e-05	-1.012991e-02	1.511580e+01
4.877000e-05	-1.092085e-02	1.516798e+01
4.878000e-05	-1.197425e-02	1.520051e+01
4.879000e-05	-8.690789e-03	1.521061e+01
4.880000e-05	-1.201424e-02	1.524324e+01
4.881000e-05	-1.288008e-02	1.525327e+01
4.882000e-05	-1.495857e-02	1.527532e+01
4.883000e-05	-1.321021e-02	1.529530e+01
4.884000e-05	-1.627216e-02	1.528485e+01
4.885000e-05	-1.938663e-02	1.526532e+01
4.886000e-05	-1.940347e-02	1.529632e+01
4.887000e-05	-2.284189e-02	1.528427e+01
4.888000e-05	-2.378337e-02	1.527282e+01
4.889000e-05	-3.092468e-02	1.526374e+01
4.890000e-05	-3.412985e-02	1.523111e+01
4.891000e-05	-3.974892e-02	1.518856e+01
4.892000e-05	-4.460624e-02	1.513745e+01
4.893000e-05	-5.135574e-02	1.508737e+01
4.894000e-05	-5.428683e-02	1.503327e+01
4.895000e-05	-5.023981e-02	1.499958e+01
4.896000e-05	-4.517691e-02	1.493635e+01
4.897000e-05	-3.641128e-02	1.480469e+01
4.898000e-05	-2.979549e-02	1.475903e+01
4.899000e-05	-2.382641e-02	1.470532e+01
4.900000e-05	-2.168541e-02	1.456911e+01
4.901000e-05	-1.996201e-02	1.448580e+01
4.902000e-05	-1.844613e-02	1.444161e+01
4.903000e-05	-1.628432e-02	1.428490e+01
4.904000e-05	-1.456945e-02	1.416104e+01
4.905000e-05	-1.303445e-02	1.405422e+01
4.906000e-05	-1.192356e-02	1.388730e+01
4.907000e-05	-1.065871e-02	1.382156e+01
4.908000e-05	-1.177300e-02	1.368332e+01
4.909000e-05	-1.050806e-02	1.351693e+01
4.910000e-05	-1.186010e-02	1.339011e+01
4.911000e-05	-9.427457e-03	1.329177e+01
4.912000e-05	-9.782758e-03	1.311590e+01
4.913000e-05	-7.799225e-03	1.300850e+01
4.914000e-05	-9.207265e-03	1.285064e+01
4.915000e-05	-6.661711e-03	1.266324e+01
4.916000e-05	-6.426593e-03	1.254487e+01
4.917000e-05	-5.432458e-03	1.241801e+01
4.918000e-05	-8.510786e-03	1.218806e+01
4.919000e-05	-7.249774e-03	1.202976e+01
4.920000e-05	-8.037241e-03	1.183316e+01
4.921000e-05	-6.341799e-03	1.165117e+01
4.922000e-05	-7.300945e-03	1.143209e+01
4.923000e-05	-5.795247e-03	1.120117e+01
4.924000e-05	-5.080347e-03	1.101064e+01
4.925000e-05	-5.121893e-03	1.084169e+01
4.926000e-05	-4.504236e-03	1.061006e+01
4.927000e-05	-6.414249e-03	1.037969e+01
4.928000e-05	-7.503388e-03	1.016905e+01
4.929000e-05	-6.654026e-03	1.004706e+01
4.930000e-05	-5.575709e-03	9.746974e+00
4.931000e-05	-4.975786e-03	9.505821e+00
4.932000e-05	-5.364500e-03	9.294817e+00
4.933000e-05	-3.944446e-03	9.043138e+00
4.934000e-05	-5.381733e-03	8.800611e+00
4.935000e-05	-5.984949e-03	8.599028e+00
4.936000e-05	-6.692436e-03	8.357983e+00
4.937000e-05	-5.248621e-03	8.115770e+00
4.938000e-05	-4.473772e-03	7.852186e+00
4.939000e-05	-5.454986e-03	7.618133e+00
4.940000e-05	-5.542699e-03	7.364850e+00
4.941000e-05	-4.763398e-03	7.111742e+00
4.942000e-05	-4.497847e-03	6.853763e+00
4.943000e-05	-5.639408e-03	6.576474e+00
4.944000e-05	-6.449384e-03	6.305369e+00
4.945000e-05	-4.469674e-03	6.073288e+00
4.946000e-05	-4.468393e-03	5.907533e+00
4.947000e-05	-5.437435e-03	5.547448e+00
4.948000e-05	-5.136082e-03	5.292140e+00
4.949000e-05	-5.055658e-03	4.938104e+00
4.950000e-05	-4.636866e-03	4.661264e+00
4.951000e-05	-5.920062e-03	4.390526e+00
4.952000e-05	-5.649312e-03	4.104797e+00
4.953000e-05	-4.960629e-03	3.840685e+00
4.954000e-05	-4.549569e-03	3.580553e+00
4.955000e-05	-4.255841e-03	3.273747e+00
4.956000e-05	-4.833807e-03	3.019636e+00
4.957000e-05	-4.832905e-03	2.786422e+00
4.958000e-05	-4.127293e-03	2.402059e+00
4.959000e-05	-5.538609e-03	2.185924e+00
4.960000e-05	-4.838885e-03	1.902346e+00
4.961000e-05	-5.228864e-03	1.619454e+00
4.962000e-05	-3.917027e-03	1.283266e+00
4.963000e-05	-4.520842e-03	9.664253e-01
4.964000e-05	-5.023244e-03	6.417383e-01
4.965000e-05	-3.694814e-03	4.290513e-01
4.966000e-05	-1.891342e-03	8.471329e-02
4.967000e-05	1.094078e-04	-1.703884e-01
4.968000e-05	9.844526e-03	-4.019986e-01
4.969000e-05	-8.326079e-03	-6.966919e-01
4.970000e-05	6.392812e-03	-9.409484e-01
4.971000e-05	-6.059697e-03	-1.215049e+00
4.972000e-05	3.874263e-03	-1.538872e+00
4.973000e-05	-3.778318e-03	-1.759392e+00
4.974000e-05	2.512536e-02	-1.990496e+00
4.975000e-05	7.178717e-02	-2.233156e+00
4.976000e-05	2.737090e-02	-2.591446e+00
4.977000e-05	-9.492758e-02	-3.000842e+00
4.978000e-05	2.002437e-02	-3.304263e+00
4.979000e-05	-4.363209e-02	-3.527838e+00
4.980000e-05	-2.133759e-02	-3.728445e+00
4.981000e-05	-7.962745e-02	-3.991051e+00
4.982000e-05	1.985275e-01	-4.157997e+00
4.983000e-05	-1.196574e-01	-4.392025e+00
4.984000e-05	1.871507e-02	-4.724843e+00
4.985000e-05	1.069842e-01	-4.897917e+00
4.986000e-05	-1.868876e-01	-5.266191e+00
4.987000e-05	1.766514e-01	-5.571045e+00
4.988000e-05	-1.363901e-01	-5.825549e+00
4.989000e-05	9.241171e-02	-6.098865e+00
4.990000e-05	1.246164e-02	-6.328391e+00
4.991000e-05	-9.294903e-02	-6.664635e+00
4.992000e-05	1.194641e-01	-6.918363e+00
4.993000e-05	-1.174146e-01	-7.212526e+00
4.994000e-05	8.791968e-02	-7.485783e+00
4.995000e-05	-5.930533e-02	-7.719941e+00
4.996000e-05	3.481093e-02	-8.035229e+00
4.997000e-05	4.703040e-02	-8.264611e+00
4.998000e-05	-8.701798e-02	-8.528824e+00
4.999000e-05	8.584087e-02	-8.728027e+00
