# 260408_13:51:49.781468
t	CH1	CH2
0.000000e+00	-4.608743e-03	1.242204e+00
1.000000e-08	-3.590725e-03	9.794411e-01
2.000000e-08	-3.187478e-03	7.469933e-01
3.000000e-08	-4.066047e-03	4.948369e-01
4.000000e-08	-3.252619e-03	3.153921e-01
5.000000e-08	-2.526723e-03	3.523028e-02
6.000000e-08	2.000762e-03	-2.053694e-01
7.000000e-08	3.500306e-03	-3.773959e-01
8.000000e-08	-3.335136e-03	-5.982685e-01
9.000000e-08	3.013556e-03	-7.994260e-01
1.000000e-07	-3.287551e-03	-9.894472e-01
1.100000e-07	1.299198e-03	-1.167349e+00
1.200000e-07	2.097830e-04	-1.470376e+00
1.300000e-07	3.129961e-02	-1.630481e+00
1.400000e-07	9.090695e-02	-1.851480e+00
1.500000e-07	-5.224994e-02	-2.144091e+00
1.600000e-07	-3.435670e-02	-2.481033e+00
1.700000e-07	-3.170286e-02	-2.702562e+00
1.800000e-07	-6.784529e-02	-2.810403e+00
1.900000e-07	1.897839e-02	-2.976767e+00
2.000000e-07	1.544582e-01	-3.125688e+00
2.100000e-07	-1.803511e-01	-3.386823e+00
2.200000e-07	1.654338e-01	-3.547295e+00
2.300000e-07	-3.848532e-02	-3.705116e+00
2.400000e-07	-1.091909e-01	-4.030353e+00
2.500000e-07	1.603457e-01	-4.217903e+00
2.600000e-07	-1.107089e-01	-4.399373e+00
2.700000e-07	3.214801e-02	-4.658899e+00
2.800000e-07	8.825613e-02	-4.798871e+00
2.900000e-07	-1.458238e-01	-5.101058e+00
3.000000e-07	1.396600e-01	-5.240508e+00
3.100000e-07	-1.097303e-01	-5.544193e+00
3.200000e-07	3.313527e-02	-5.744242e+00
3.300000e-07	4.349251e-02	-5.913689e+00
3.400000e-07	-8.320026e-02	-6.123213e+00
3.500000e-07	1.143377e-01	-6.346718e+00
3.600000e-07	-9.176049e-02	-6.564743e+00
3.700000e-07	7.079909e-02	-6.735215e+00
3.800000e-07	-2.950792e-02	-6.903589e+00
3.900000e-07	-4.687190e-02	-7.135692e+00
4.000000e-07	8.868275e-02	-7.335712e+00
4.100000e-07	-8.195673e-02	-7.504062e+00
4.200000e-07	7.697477e-02	-7.702559e+00
4.300000e-07	-4.249608e-02	-7.883003e+00
4.400000e-07	1.678851e-02	-8.092535e+00
4.500000e-07	3.759919e-04	-8.259424e+00
4.600000e-07	-3.719468e-02	-8.377850e+00
4.700000e-07	5.781646e-02	-8.522616e+00
4.800000e-07	-2.952736e-02	-8.713616e+00
4.900000e-07	3.211303e-02	-8.892008e+00
5.000000e-07	-4.365252e-02	-9.019847e+00
5.100000e-07	2.393992e-02	-9.155217e+00
5.200000e-07	4.375081e-03	-9.260532e+00
5.300000e-07	-8.934376e-03	-9.418477e+00
5.400000e-07	8.041773e-03	-9.576269e+00
5.500000e-07	-4.500203e-03	-9.703188e+00
5.600000e-07	1.932775e-02	-9.841007e+00
5.700000e-07	-2.362051e-02	-9.966771e+00
5.800000e-07	1.223974e-02	-1.007413e+01
5.900000e-07	-2.490726e-03	-1.021683e+01
6.000000e-07	8.529643e-03	-1.038727e+01
6.100000e-07	-1.082412e-02	-1.045108e+01
6.200000e-07	8.700213e-03	-1.060887e+01
6.300000e-07	6.636475e-03	-1.070416e+01
6.400000e-07	-2.575503e-03	-1.080790e+01
6.500000e-07	-2.017167e-03	-1.087113e+01
6.600000e-07	9.804602e-04	-1.097530e+01
6.700000e-07	1.012304e-02	-1.109101e+01
6.800000e-07	-3.956304e-03	-1.117530e+01
6.900000e-07	8.216350e-03	-1.125199e+01
7.000000e-07	-7.466251e-04	-1.135266e+01
7.100000e-07	4.328053e-03	-1.143992e+01
7.200000e-07	-1.942099e-03	-1.147203e+01
7.300000e-07	8.426068e-03	-1.155682e+01
7.400000e-07	4.466605e-03	-1.164993e+01
7.500000e-07	4.441088e-03	-1.171418e+01
7.600000e-07	2.767160e-03	-1.174527e+01
7.700000e-07	4.051936e-03	-1.183640e+01
7.800000e-07	4.225033e-03	-1.183998e+01
7.900000e-07	2.188506e-03	-1.190504e+01
8.000000e-07	7.555374e-03	-1.193364e+01
8.100000e-07	4.311797e-03	-1.195737e+01
8.200000e-07	5.887523e-03	-1.202737e+01
8.300000e-07	6.317132e-03	-1.205038e+01
8.400000e-07	7.209675e-03	-1.201321e+01
8.500000e-07	6.049800e-03	-1.203053e+01
8.600000e-07	7.969200e-03	-1.207316e+01
8.700000e-07	1.015557e-02	-1.208264e+01
8.800000e-07	1.079813e-02	-1.209321e+01
8.900000e-07	1.116208e-02	-1.207474e+01
9.000000e-07	1.200995e-02	-1.209206e+01
9.100000e-07	1.310116e-02	-1.209259e+01
9.200000e-07	1.518229e-02	-1.206254e+01
9.300000e-07	1.614458e-02	-1.203321e+01
9.400000e-07	1.891080e-02	-1.202048e+01
9.500000e-07	1.855949e-02	-1.203098e+01
9.600000e-07	1.872453e-02	-1.194682e+01
9.700000e-07	1.956668e-02	-1.192671e+01
9.800000e-07	1.938688e-02	-1.187071e+01
9.900000e-07	1.823029e-02	-1.181893e+01
1.000000e-06	1.734145e-02	-1.176782e+01
1.010000e-06	1.635149e-02	-1.174414e+01
1.020000e-06	1.474931e-02	-1.163045e+01
1.030000e-06	1.275825e-02	-1.155787e+01
1.040000e-06	1.082364e-02	-1.146366e+01
1.050000e-06	9.804684e-03	-1.138738e+01
1.060000e-06	9.689945e-03	-1.132424e+01
1.070000e-06	9.286080e-03	-1.120048e+01
1.080000e-06	6.941408e-03	-1.112421e+01
1.090000e-06	5.422019e-03	-1.100050e+01
1.100000e-06	4.744955e-03	-1.094624e+01
1.110000e-06	4.038308e-03	-1.085208e+01
1.120000e-06	3.184250e-03	-1.078642e+01
1.130000e-06	3.212443e-03	-1.068364e+01
1.140000e-06	3.489618e-03	-1.059850e+01
1.150000e-06	2.966022e-03	-1.044269e+01
1.160000e-06	1.504288e-03	-1.037892e+01
1.170000e-06	1.283677e-03	-1.025153e+01
1.180000e-06	8.075687e-04	-1.011626e+01
1.190000e-06	4.322616e-04	-9.977950e+00
1.200000e-06	1.161844e-03	-9.872182e+00
1.210000e-06	1.076297e-03	-9.777846e+00
1.220000e-06	1.345251e-03	-9.630555e+00
1.230000e-06	-8.909921e-04	-9.543663e+00
1.240000e-06	-1.984293e-04	-9.359917e+00
1.250000e-06	-8.141840e-04	-9.190550e+00
1.260000e-06	-7.980556e-04	-9.072133e+00
1.270000e-06	-4.426725e-04	-8.855289e+00
1.280000e-06	-1.485910e-03	-8.788324e+00
1.290000e-06	-1.942344e-03	-8.599049e+00
1.300000e-06	-2.298463e-03	-8.410653e+00
1.310000e-06	-1.170736e-03	-8.304734e+00
1.320000e-06	-2.680477e-03	-8.098363e+00
1.330000e-06	-2.794985e-03	-7.947397e+00
1.340000e-06	-3.008217e-03	-7.746992e+00
1.350000e-06	-2.376730e-03	-7.555873e+00
1.360000e-06	-3.628650e-03	-7.348947e+00
1.370000e-06	-3.227931e-03	-7.190398e+00
1.380000e-06	-3.538165e-03	-6.989945e+00
1.390000e-06	-3.258661e-03	-6.789445e+00
1.400000e-06	-4.175464e-03	-6.600505e+00
1.410000e-06	-3.883362e-03	-6.462680e+00
1.420000e-06	-3.026946e-03	-6.252203e+00
1.430000e-06	-3.203174e-03	-6.011201e+00
1.440000e-06	-3.909985e-03	-5.841705e+00
1.450000e-06	-4.404438e-03	-5.622680e+00
1.460000e-06	-3.889587e-03	-5.483184e+00
1.470000e-06	-4.422479e-03	-5.191656e+00
1.480000e-06	-3.472736e-03	-4.949571e+00
1.490000e-06	-3.553809e-03	-4.695469e+00
1.500000e-06	-4.306016e-03	-4.538316e+00
1.510000e-06	-3.811131e-03	-4.400395e+00
1.520000e-06	-5.060551e-03	-4.149948e+00
1.530000e-06	-3.578213e-03	-4.000475e+00
1.540000e-06	-3.519950e-03	-3.728869e+00
1.550000e-06	-3.774387e-03	-3.535819e+00
1.560000e-06	-4.121496e-03	-3.365867e+00
1.570000e-06	-5.307962e-03	-3.126388e+00
1.580000e-06	-3.640823e-03	-2.863708e+00
1.590000e-06	-5.761687e-03	-2.634759e+00
1.600000e-06	-4.560974e-03	-2.433653e+00
1.610000e-06	-4.318313e-03	-2.231228e+00
1.620000e-06	-3.012906e-03	-1.978999e+00
1.630000e-06	-5.461196e-03	-1.779521e+00
1.640000e-06	-4.147588e-03	-1.602525e+00
1.650000e-06	-5.143884e-03	-1.275890e+00
1.660000e-06	-4.135461e-03	-1.044734e+00
1.670000e-06	-5.246877e-03	-8.011053e-01
1.680000e-06	-4.907408e-03	-6.135788e-01
1.690000e-06	-5.173782e-03	-3.299985e-01
1.700000e-06	-4.560775e-03	-1.480432e-01
1.710000e-06	-1.612436e-03	6.047757e-02
1.720000e-06	4.360829e-03	3.026081e-01
1.730000e-06	-4.468769e-03	4.831117e-01
1.740000e-06	1.972964e-03	6.936367e-01
1.750000e-06	-4.641437e-03	8.319827e-01
1.760000e-06	-6.673856e-04	1.123618e+00
1.770000e-06	-4.555947e-03	1.344747e+00
1.780000e-06	3.263299e-03	1.596691e+00
1.790000e-06	2.548665e-02	1.829455e+00
1.800000e-06	7.371306e-02	2.018478e+00
1.810000e-06	-2.156831e-02	2.261955e+00
1.820000e-06	-5.569663e-02	2.552556e+00
1.830000e-06	-2.541150e-02	2.745720e+00
1.840000e-06	-3.445844e-02	2.943692e+00
1.850000e-06	-6.523653e-02	3.130508e+00
1.860000e-06	1.262968e-01	3.219950e+00
1.870000e-06	-7.497902e-03	3.501062e+00
1.880000e-06	-1.107834e-01	3.650030e+00
1.890000e-06	1.646449e-01	3.889379e+00
1.900000e-06	-1.249875e-01	4.081557e+00
1.910000e-06	1.926259e-02	4.332536e+00
1.920000e-06	5.594574e-02	4.533116e+00
1.930000e-06	-7.211814e-02	4.695142e+00
1.940000e-06	4.586565e-02	4.961219e+00
1.950000e-06	-1.633315e-02	5.239879e+00
1.960000e-06	-1.212798e-02	5.480477e+00
1.970000e-06	1.154418e-02	5.630431e+00
1.980000e-06	-3.252182e-02	5.934560e+00
1.990000e-06	1.430100e-02	6.081583e+00
2.000000e-06	-1.998748e-02	6.261481e+00
2.010000e-06	3.037768e-02	6.432003e+00
2.020000e-06	-7.217261e-03	6.691504e+00
2.030000e-06	-1.169031e-02	6.852508e+00
2.040000e-06	1.800965e-02	7.030479e+00
2.050000e-06	-4.560848e-02	7.221423e+00
2.060000e-06	2.029414e-02	7.365851e+00
2.070000e-06	-3.699548e-03	7.669903e+00
2.080000e-06	-1.198301e-03	7.818374e+00
2.090000e-06	7.020274e-03	8.055851e+00
2.100000e-06	-2.342069e-02	8.207975e+00
2.110000e-06	5.199449e-03	8.355744e+00
2.120000e-06	-1.269787e-02	8.471087e+00
2.130000e-06	7.483956e-03	8.637925e+00
2.140000e-06	-1.026611e-02	8.776723e+00
2.150000e-06	6.849140e-04	8.893066e+00
2.160000e-06	5.882475e-04	9.070956e+00
2.170000e-06	-1.655098e-02	9.260508e+00
2.180000e-06	3.095420e-03	9.346270e+00
2.190000e-06	-5.138039e-03	9.512560e+00
2.200000e-06	2.122797e-03	9.630828e+00
2.210000e-06	-1.222439e-02	9.814796e+00
2.220000e-06	1.749933e-03	9.922620e+00
2.230000e-06	-4.933462e-03	1.006100e+01
2.240000e-06	-8.813177e-03	1.019628e+01
2.250000e-06	-7.620640e-03	1.030153e+01
2.260000e-06	-3.188382e-03	1.040935e+01
2.270000e-06	-2.067948e-03	1.054416e+01
2.280000e-06	-9.003710e-03	1.064898e+01
2.290000e-06	-1.830833e-03	1.080529e+01
2.300000e-06	-5.811824e-03	1.084204e+01
2.310000e-06	-5.974965e-03	1.097677e+01
2.320000e-06	-9.909469e-03	1.104998e+01
2.330000e-06	-4.338436e-03	1.114471e+01
2.340000e-06	-6.251114e-03	1.122898e+01
2.350000e-06	-7.776756e-03	1.135261e+01
2.360000e-06	-5.924247e-03	1.141635e+01
2.370000e-06	-8.108241e-03	1.150299e+01
2.380000e-06	-7.824900e-03	1.159626e+01
2.390000e-06	-9.389966e-03	1.162950e+01
2.400000e-06	-4.697424e-03	1.172319e+01
2.410000e-06	-7.501899e-03	1.175522e+01
2.420000e-06	-8.666740e-03	1.181885e+01
2.430000e-06	-9.943643e-03	1.187051e+01
2.440000e-06	-9.151620e-03	1.188306e+01
2.450000e-06	-1.081586e-02	1.191374e+01
2.460000e-06	-1.224912e-02	1.194414e+01
2.470000e-06	-9.651261e-03	1.197735e+01
2.480000e-06	-1.238518e-02	1.199847e+01
2.490000e-06	-1.213192e-02	1.202803e+01
2.500000e-06	-1.328565e-02	1.203948e+01
2.510000e-06	-1.239280e-02	1.206250e+01
2.520000e-06	-1.482267e-02	1.205955e+01
2.530000e-06	-1.603082e-02	1.209256e+01
2.540000e-06	-1.584186e-02	1.207309e+01
2.550000e-06	-1.793800e-02	1.208366e+01
2.560000e-06	-1.966088e-02	1.205158e+01
2.570000e-06	-2.087561e-02	1.212051e+01
2.580000e-06	-2.168015e-02	1.203150e+01
2.590000e-06	-2.270395e-02	1.206093e+01
2.600000e-06	-2.316291e-02	1.207793e+01
2.610000e-06	-2.405094e-02	1.202735e+01
2.620000e-06	-2.537500e-02	1.195582e+01
2.630000e-06	-2.473311e-02	1.191427e+01
2.640000e-06	-2.452601e-02	1.186308e+01
2.650000e-06	-2.281511e-02	1.183095e+01
2.660000e-06	-2.215169e-02	1.176743e+01
2.670000e-06	-2.050254e-02	1.170529e+01
2.680000e-06	-1.997507e-02	1.167111e+01
2.690000e-06	-1.775017e-02	1.153428e+01
2.700000e-06	-1.705045e-02	1.147268e+01
2.710000e-06	-1.642696e-02	1.139795e+01
2.720000e-06	-1.555085e-02	1.133514e+01
2.730000e-06	-1.477217e-02	1.120208e+01
2.740000e-06	-1.168222e-02	1.115484e+01
2.750000e-06	-1.180301e-02	1.106304e+01
2.760000e-06	-1.074712e-02	1.095837e+01
2.770000e-06	-1.137965e-02	1.090321e+01
2.780000e-06	-9.318737e-03	1.077847e+01
2.790000e-06	-1.135002e-02	1.075264e+01
2.800000e-06	-8.604317e-03	1.055743e+01
2.810000e-06	-9.883230e-03	1.043071e+01
2.820000e-06	-8.141092e-03	1.031586e+01
2.830000e-06	-9.320344e-03	1.020048e+01
2.840000e-06	-7.482969e-03	1.012326e+01
2.850000e-06	-6.631142e-03	9.957449e+00
2.860000e-06	-7.134104e-03	9.890629e+00
2.870000e-06	-7.329080e-03	9.714686e+00
2.880000e-06	-6.343865e-03	9.538420e+00
2.890000e-06	-5.876946e-03	9.399031e+00
2.900000e-06	-6.072072e-03	9.265211e+00
2.910000e-06	-6.731477e-03	9.177422e+00
2.920000e-06	-6.323993e-03	9.010078e+00
2.930000e-06	-5.640507e-03	8.821659e+00
2.940000e-06	-5.197478e-03	8.682685e+00
2.950000e-06	-5.768167e-03	8.566795e+00
2.960000e-06	-5.457464e-03	8.370525e+00
2.970000e-06	-5.678148e-03	8.240130e+00
2.980000e-06	-5.210677e-03	8.053630e+00
2.990000e-06	-5.388700e-03	7.894709e+00
3.000000e-06	-4.586657e-03	7.694237e+00
3.010000e-06	-5.076583e-03	7.523216e+00
3.020000e-06	-4.878449e-03	7.315306e+00
3.030000e-06	-5.099618e-03	7.145335e+00
3.040000e-06	-4.983139e-03	6.915792e+00
3.050000e-06	-5.266829e-03	6.739918e+00
3.060000e-06	-4.712911e-03	6.516940e+00
3.070000e-06	-4.818395e-03	6.365366e+00
3.080000e-06	-5.157566e-03	6.169996e+00
3.090000e-06	-4.151824e-03	5.991005e+00
3.100000e-06	-4.671912e-03	5.813550e+00
3.110000e-06	-4.647684e-03	5.558975e+00
3.120000e-06	-4.958115e-03	5.389997e+00
3.130000e-06	-5.445561e-03	5.190020e+00
3.140000e-06	-4.817321e-03	4.895917e+00
3.150000e-06	-4.823143e-03	4.674737e+00
3.160000e-06	-3.912746e-03	4.496316e+00
3.170000e-06	-4.936557e-03	4.316791e+00
3.180000e-06	-4.738057e-03	4.075262e+00
3.190000e-06	-5.031308e-03	3.852681e+00
3.200000e-06	-4.296594e-03	3.673232e+00
3.210000e-06	-4.505776e-03	3.505711e+00
3.220000e-06	-3.900113e-03	3.201626e+00
3.230000e-06	-4.116881e-03	3.001079e+00
3.240000e-06	-4.138543e-03	2.812628e+00
3.250000e-06	-4.523199e-03	2.561100e+00
3.260000e-06	-4.194715e-03	2.327441e+00
3.270000e-06	-3.955819e-03	2.127388e+00
3.280000e-06	-4.116565e-03	1.947895e+00
3.290000e-06	-3.915045e-03	1.705361e+00
3.300000e-06	-4.185502e-03	1.442181e+00
3.310000e-06	-4.405242e-03	1.213157e+00
3.320000e-06	-3.405829e-03	9.715010e-01
3.330000e-06	-2.789405e-03	7.568658e-01
3.340000e-06	-4.184280e-03	4.973869e-01
3.350000e-06	-3.859187e-03	3.364622e-01
3.360000e-06	-2.432420e-03	2.430414e-02
3.370000e-06	2.209501e-03	-2.078234e-01
3.380000e-06	4.735423e-03	-3.468158e-01
3.390000e-06	-3.394617e-03	-5.657960e-01
3.400000e-06	2.977505e-03	-8.279223e-01
3.410000e-06	-3.533661e-03	-9.889473e-01
3.420000e-06	9.292463e-04	-1.185826e+00
3.430000e-06	-2.984283e-04	-1.429903e+00
3.440000e-06	2.972455e-02	-1.620455e+00
3.450000e-06	9.103531e-02	-1.840474e+00
3.460000e-06	-4.708208e-02	-2.133587e+00
3.470000e-06	-3.706392e-02	-2.459931e+00
3.480000e-06	-2.948218e-02	-2.662082e+00
3.490000e-06	-6.820246e-02	-2.812479e+00
3.500000e-06	1.226472e-02	-2.955718e+00
3.510000e-06	1.596641e-01	-3.073107e+00
3.520000e-06	-1.826118e-01	-3.384821e+00
3.530000e-06	1.548612e-01	-3.547791e+00
3.540000e-06	-2.539610e-02	-3.741616e+00
3.550000e-06	-1.201028e-01	-3.988854e+00
3.560000e-06	1.654933e-01	-4.176424e+00
3.570000e-06	-1.047912e-01	-4.368972e+00
3.580000e-06	1.841722e-02	-4.619921e+00
3.590000e-06	9.446561e-02	-4.737877e+00
3.600000e-06	-1.484358e-01	-5.060983e+00
3.610000e-06	1.400329e-01	-5.271081e+00
3.620000e-06	-1.029525e-01	-5.545167e+00
3.630000e-06	2.405616e-02	-5.787270e+00
3.640000e-06	5.272324e-02	-5.893638e+00
3.650000e-06	-8.819183e-02	-6.114091e+00
3.660000e-06	1.138460e-01	-6.357113e+00
3.670000e-06	-8.889241e-02	-6.564642e+00
3.680000e-06	6.485298e-02	-6.754735e+00
3.690000e-06	-2.233376e-02	-6.901987e+00
3.700000e-06	-5.326437e-02	-7.156771e+00
3.710000e-06	9.395371e-02	-7.325165e+00
3.720000e-06	-8.131252e-02	-7.482986e+00
3.730000e-06	7.499053e-02	-7.693510e+00
3.740000e-06	-3.903915e-02	-7.883062e+00
3.750000e-06	1.162472e-02	-8.092062e+00
3.760000e-06	4.968657e-03	-8.208449e+00
3.770000e-06	-4.079461e-02	-8.377295e+00
3.780000e-06	5.856822e-02	-8.542590e+00
3.790000e-06	-2.987575e-02	-8.721640e+00
3.800000e-06	3.140013e-02	-8.894109e+00
3.810000e-06	-4.147496e-02	-8.968825e+00
3.820000e-06	2.049125e-02	-9.144191e+00
3.830000e-06	6.988004e-03	-9.231957e+00
3.840000e-06	-1.063164e-02	-9.449952e+00
3.850000e-06	9.554375e-03	-9.586770e+00
3.860000e-06	-5.215959e-03	-9.693161e+00
3.870000e-06	1.939649e-02	-9.851426e+00
3.880000e-06	-2.522480e-02	-9.996794e+00
3.890000e-06	1.136455e-02	-1.010216e+01
3.900000e-06	-1.853678e-03	-1.022940e+01
3.910000e-06	8.925413e-03	-1.039784e+01
3.920000e-06	-9.995033e-03	-1.047211e+01
3.930000e-06	8.242808e-03	-1.059685e+01
3.940000e-06	8.766747e-03	-1.072301e+01
3.950000e-06	-2.791127e-03	-1.079842e+01
3.960000e-06	-2.042922e-03	-1.086160e+01
3.970000e-06	-2.634867e-04	-1.098585e+01
3.980000e-06	1.012790e-02	-1.112153e+01
3.990000e-06	-3.573552e-03	-1.117575e+01
4.000000e-06	6.786311e-03	-1.128206e+01
4.010000e-06	-8.980470e-04	-1.134566e+01
4.020000e-06	5.840078e-03	-1.145990e+01
4.030000e-06	-2.528041e-03	-1.144354e+01
4.040000e-06	9.193029e-03	-1.158677e+01
4.050000e-06	6.199261e-03	-1.163940e+01
4.060000e-06	4.573149e-03	-1.177253e+01
4.070000e-06	4.119494e-03	-1.173622e+01
4.080000e-06	6.276104e-04	-1.185040e+01
4.090000e-06	4.406798e-03	-1.183246e+01
4.100000e-06	4.698745e-04	-1.189264e+01
4.110000e-06	7.296395e-03	-1.192519e+01
4.120000e-06	3.890824e-03	-1.195682e+01
4.130000e-06	7.678850e-03	-1.202885e+01
4.140000e-06	8.048621e-03	-1.203850e+01
4.150000e-06	8.276561e-03	-1.203003e+01
4.160000e-06	6.454059e-03	-1.204263e+01
4.170000e-06	7.141739e-03	-1.205366e+01
4.180000e-06	1.063513e-02	-1.213263e+01
4.190000e-06	1.013141e-02	-1.211321e+01
4.200000e-06	9.285731e-03	-1.209366e+01
4.210000e-06	1.203426e-02	-1.211213e+01
4.220000e-06	1.355328e-02	-1.207266e+01
4.230000e-06	1.624877e-02	-1.207311e+01
4.240000e-06	1.607528e-02	-1.203248e+01
4.250000e-06	1.919412e-02	-1.202908e+01
4.260000e-06	1.906202e-02	-1.200990e+01
4.270000e-06	1.816449e-02	-1.197882e+01
4.280000e-06	1.817337e-02	-1.191517e+01
4.290000e-06	1.874885e-02	-1.191214e+01
4.300000e-06	1.854256e-02	-1.187003e+01
4.310000e-06	1.657249e-02	-1.177932e+01
4.320000e-06	1.594466e-02	-1.174376e+01
4.330000e-06	1.582864e-02	-1.164049e+01
4.340000e-06	1.297590e-02	-1.154790e+01
4.350000e-06	1.065793e-02	-1.147431e+01
4.360000e-06	9.283347e-03	-1.137830e+01
4.370000e-06	9.473653e-03	-1.132469e+01
4.380000e-06	8.859725e-03	-1.122048e+01
4.390000e-06	6.672746e-03	-1.112581e+01
4.400000e-06	5.251396e-03	-1.105108e+01
4.410000e-06	4.431204e-03	-1.095679e+01
4.420000e-06	5.026895e-03	-1.085361e+01
4.430000e-06	3.720358e-03	-1.077790e+01
4.440000e-06	3.797919e-03	-1.069316e+01
4.450000e-06	3.349289e-03	-1.058740e+01
4.460000e-06	2.421337e-03	-1.046421e+01
4.470000e-06	1.332365e-03	-1.037029e+01
4.480000e-06	1.164342e-03	-1.023105e+01
4.490000e-06	1.450802e-03	-1.010524e+01
4.500000e-06	6.606167e-04	-9.957921e+00
4.510000e-06	1.331694e-03	-9.853631e+00
4.520000e-06	-2.569795e-05	-9.766917e+00
4.530000e-06	-9.200033e-05	-9.673130e+00
4.540000e-06	-1.922804e-04	-9.534715e+00
4.550000e-06	-3.947298e-04	-9.356425e+00
4.560000e-06	-1.249834e-03	-9.200502e+00
4.570000e-06	-1.906637e-03	-9.083158e+00
4.580000e-06	-8.807251e-04	-8.914841e+00
4.590000e-06	-1.030896e-03	-8.779895e+00
4.600000e-06	-1.568402e-03	-8.608474e+00
4.610000e-06	-2.095057e-03	-8.421602e+00
4.620000e-06	-9.360601e-04	-8.274186e+00
4.630000e-06	-1.768694e-03	-8.117317e+00
4.640000e-06	-2.925301e-03	-7.969350e+00
4.650000e-06	-2.805349e-03	-7.747370e+00
4.660000e-06	-2.606989e-03	-7.577996e+00
4.670000e-06	-3.031091e-03	-7.349471e+00
4.680000e-06	-3.369190e-03	-7.182916e+00
4.690000e-06	-3.195422e-03	-6.958026e+00
4.700000e-06	-3.049351e-03	-6.798996e+00
4.710000e-06	-3.258619e-03	-6.620503e+00
4.720000e-06	-3.193187e-03	-6.443631e+00
4.730000e-06	-3.993910e-03	-6.233613e+00
4.740000e-06	-3.354708e-03	-6.031103e+00
4.750000e-06	-3.056385e-03	-5.832705e+00
4.760000e-06	-4.533241e-03	-5.700682e+00
4.770000e-06	-3.918512e-03	-5.473257e+00
4.780000e-06	-4.566013e-03	-5.199126e+00
4.790000e-06	-3.080193e-03	-4.979051e+00
4.800000e-06	-3.283491e-03	-4.688439e+00
4.810000e-06	-3.689097e-03	-4.566294e+00
4.820000e-06	-3.765143e-03	-4.378445e+00
4.830000e-06	-3.575415e-03	-4.170570e+00
4.840000e-06	-3.738198e-03	-3.979595e+00
4.850000e-06	-3.721533e-03	-3.708998e+00
4.860000e-06	-4.252656e-03	-3.538341e+00
4.870000e-06	-3.504722e-03	-3.307414e+00
4.880000e-06	-4.445872e-03	-3.126842e+00
4.890000e-06	-3.724848e-03	-2.865263e+00
4.900000e-06	-5.777653e-03	-2.645759e+00
4.910000e-06	-2.685971e-03	-2.403757e+00
4.920000e-06	-5.006299e-03	-2.254075e+00
4.930000e-06	-3.592896e-03	-2.019570e+00
4.940000e-06	-5.347096e-03	-1.781549e+00
4.950000e-06	-2.985498e-03	-1.582519e+00
4.960000e-06	-5.589191e-03	-1.238017e+00
4.970000e-06	-5.036539e-03	-1.065260e+00
4.980000e-06	-5.513773e-03	-8.221040e-01
4.990000e-06	-4.251382e-03	-6.216040e-01
5.000000e-06	-4.660023e-03	-3.805198e-01
5.010000e-06	-4.121303e-03	-1.610172e-01
5.020000e-06	-1.739068e-03	2.997764e-02
5.030000e-06	4.349741e-03	3.220631e-01
5.040000e-06	-4.516606e-03	4.826855e-01
5.050000e-06	1.606599e-03	7.026419e-01
5.060000e-06	-3.107651e-03	8.625665e-01
5.070000e-06	3.061215e-04	1.093638e+00
5.080000e-06	-4.691310e-03	1.333740e+00
5.090000e-06	2.388702e-03	1.554823e+00
5.100000e-06	2.370973e-02	1.817427e+00
5.110000e-06	7.353935e-02	2.007798e+00
5.120000e-06	-1.669698e-02	2.220460e+00
5.130000e-06	-5.837026e-02	2.473510e+00
5.140000e-06	-2.404975e-02	2.746768e+00
5.150000e-06	-3.426587e-02	2.924240e+00
5.160000e-06	-6.550758e-02	3.082534e+00
5.170000e-06	1.192833e-01	3.220576e+00
5.180000e-06	4.872376e-03	3.491609e+00
5.190000e-06	-1.185202e-01	3.649051e+00
5.200000e-06	1.674401e-01	3.808935e+00
5.210000e-06	-1.212287e-01	4.072103e+00
5.220000e-06	1.286682e-02	4.302088e+00
5.230000e-06	5.857224e-02	4.482612e+00
5.240000e-06	-7.236165e-02	4.735192e+00
5.250000e-06	4.476759e-02	4.923043e+00
5.260000e-06	-1.262009e-02	5.219779e+00
5.270000e-06	-1.488605e-02	5.470451e+00
5.280000e-06	1.434586e-02	5.608404e+00
5.290000e-06	-3.155738e-02	5.900058e+00
5.300000e-06	1.392935e-02	6.071532e+00
5.310000e-06	-2.026882e-02	6.239462e+00
5.320000e-06	2.786884e-02	6.450426e+00
5.330000e-06	-5.720551e-03	6.661081e+00
5.340000e-06	-1.479219e-02	6.839505e+00
5.350000e-06	2.017665e-02	7.050581e+00
5.360000e-06	-4.446119e-02	7.219904e+00
5.370000e-06	2.100055e-02	7.386250e+00
5.380000e-06	-3.334282e-03	7.627879e+00
5.390000e-06	-3.559067e-03	7.809328e+00
5.400000e-06	6.116491e-03	8.035927e+00
5.410000e-06	-2.374167e-02	8.217821e+00
5.420000e-06	6.682010e-03	8.356269e+00
5.430000e-06	-1.221556e-02	8.472585e+00
5.440000e-06	8.127482e-03	8.618451e+00
5.450000e-06	-9.818970e-03	8.787250e+00
5.460000e-06	1.287237e-03	8.922686e+00
5.470000e-06	1.025209e-03	9.078537e+00
5.480000e-06	-1.676060e-02	9.260479e+00
5.490000e-06	2.609429e-03	9.385766e+00
5.500000e-06	-6.224488e-03	9.511041e+00
5.510000e-06	3.354952e-03	9.609956e+00
5.520000e-06	-1.220471e-02	9.815711e+00
5.530000e-06	1.296812e-03	9.923141e+00
5.540000e-06	-5.704871e-03	1.002053e+01
5.550000e-06	-9.183174e-03	1.017732e+01
5.560000e-06	-7.177493e-03	1.028353e+01
5.570000e-06	-1.550607e-03	1.042840e+01
5.580000e-06	-1.603279e-03	1.052271e+01
5.590000e-06	-1.003278e-02	1.061795e+01
5.600000e-06	-2.735025e-03	1.078575e+01
5.610000e-06	-5.982464e-03	1.086958e+01
5.620000e-06	-5.383998e-03	1.094377e+01
5.630000e-06	-9.254965e-03	1.106943e+01
5.640000e-06	-4.828177e-03	1.110524e+01
5.650000e-06	-7.426831e-03	1.121040e+01
5.660000e-06	-7.613917e-03	1.129164e+01
5.670000e-06	-4.913218e-03	1.141840e+01
5.680000e-06	-8.172216e-03	1.147091e+01
5.690000e-06	-8.958462e-03	1.156677e+01
5.700000e-06	-9.965382e-03	1.163198e+01
5.710000e-06	-4.052384e-03	1.169214e+01
5.720000e-06	-7.693894e-03	1.172577e+01
5.730000e-06	-8.841932e-03	1.180735e+01
5.740000e-06	-1.020817e-02	1.187906e+01
5.750000e-06	-1.023152e-02	1.188261e+01
5.760000e-06	-1.072696e-02	1.190421e+01
5.770000e-06	-1.155644e-02	1.195571e+01
5.780000e-06	-9.410155e-03	1.199635e+01
5.790000e-06	-1.239640e-02	1.196795e+01
5.800000e-06	-1.340278e-02	1.201888e+01
5.810000e-06	-1.325867e-02	1.202893e+01
5.820000e-06	-1.196472e-02	1.203158e+01
5.830000e-06	-1.459470e-02	1.205213e+01
5.840000e-06	-1.674400e-02	1.206161e+01
5.850000e-06	-1.702704e-02	1.205166e+01
5.860000e-06	-1.763869e-02	1.206411e+01
5.870000e-06	-1.925765e-02	1.207121e+01
5.880000e-06	-2.049956e-02	1.207108e+01
5.890000e-06	-2.146823e-02	1.202155e+01
5.900000e-06	-2.293479e-02	1.207046e+01
5.910000e-06	-2.321656e-02	1.201932e+01
5.920000e-06	-2.490557e-02	1.197737e+01
5.930000e-06	-2.498883e-02	1.196634e+01
5.940000e-06	-2.433220e-02	1.190572e+01
5.950000e-06	-2.325950e-02	1.187208e+01
5.960000e-06	-2.343865e-02	1.182190e+01
5.970000e-06	-2.187693e-02	1.177835e+01
5.980000e-06	-2.063707e-02	1.172524e+01
5.990000e-06	-1.989657e-02	1.166051e+01
6.000000e-06	-1.884786e-02	1.156574e+01
6.010000e-06	-1.707974e-02	1.150264e+01
6.020000e-06	-1.541095e-02	1.139792e+01
6.030000e-06	-1.507383e-02	1.132422e+01
6.040000e-06	-1.413562e-02	1.120943e+01
6.050000e-06	-1.153719e-02	1.116424e+01
6.060000e-06	-1.292173e-02	1.103256e+01
6.070000e-06	-1.027734e-02	1.096737e+01
6.080000e-06	-1.186288e-02	1.092414e+01
6.090000e-06	-9.836236e-03	1.082742e+01
6.100000e-06	-1.086495e-02	1.068067e+01
6.110000e-06	-8.194878e-03	1.058037e+01
6.120000e-06	-8.965553e-03	1.045155e+01
6.130000e-06	-7.994345e-03	1.029381e+01
6.140000e-06	-8.889409e-03	1.021143e+01
6.150000e-06	-7.262142e-03	1.009421e+01
6.160000e-06	-7.605873e-03	9.950425e+00
6.170000e-06	-7.681795e-03	9.891529e+00
6.180000e-06	-6.568828e-03	9.683712e+00
6.190000e-06	-5.631005e-03	9.605370e+00
6.200000e-06	-6.637991e-03	9.421027e+00
6.210000e-06	-6.635230e-03	9.334765e+00
6.220000e-06	-6.200861e-03	9.158975e+00
6.230000e-06	-5.900787e-03	9.042553e+00
6.240000e-06	-6.040141e-03	8.821104e+00
6.250000e-06	-6.098325e-03	8.683656e+00
6.260000e-06	-4.877988e-03	8.576864e+00
6.270000e-06	-5.453109e-03	8.400524e+00
6.280000e-06	-5.903985e-03	8.231577e+00
6.290000e-06	-4.904071e-03	8.043557e+00
6.300000e-06	-6.505119e-03	7.893207e+00
6.310000e-06	-5.074059e-03	7.663762e+00
6.320000e-06	-5.763250e-03	7.537837e+00
6.330000e-06	-3.757094e-03	7.305237e+00
6.340000e-06	-4.047559e-03	7.126292e+00
6.350000e-06	-3.549319e-03	6.935362e+00
6.360000e-06	-5.843792e-03	6.769419e+00
6.370000e-06	-4.477552e-03	6.530367e+00
6.380000e-06	-6.541376e-03	6.378392e+00
6.390000e-06	-5.357069e-03	6.158419e+00
6.400000e-06	-5.467026e-03	6.012001e+00
6.410000e-06	-3.957985e-03	5.800133e+00
6.420000e-06	-4.512113e-03	5.579474e+00
6.430000e-06	-3.742311e-03	5.379024e+00
6.440000e-06	-4.753731e-03	5.179076e+00
6.450000e-06	-5.027665e-03	4.887342e+00
6.460000e-06	-5.346775e-03	4.705290e+00
6.470000e-06	-5.011622e-03	4.495341e+00
6.480000e-06	-5.142273e-03	4.324866e+00
6.490000e-06	-5.457607e-03	4.043713e+00
6.500000e-06	-4.342633e-03	3.863234e+00
6.510000e-06	-4.312062e-03	3.672736e+00
6.520000e-06	-3.867567e-03	3.473662e+00
6.530000e-06	-4.286992e-03	3.201104e+00
6.540000e-06	-3.086463e-03	2.991077e+00
6.550000e-06	-3.288000e-03	2.814180e+00
6.560000e-06	-4.691689e-03	2.581677e+00
6.570000e-06	-4.021543e-03	2.320042e+00
6.580000e-06	-5.519793e-03	2.115916e+00
6.590000e-06	-3.916166e-03	1.939395e+00
6.600000e-06	-4.815285e-03	1.674838e+00
6.610000e-06	-3.986501e-03	1.453733e+00
6.620000e-06	-3.457475e-03	1.242705e+00
6.630000e-06	-3.266176e-03	9.409685e-01
6.640000e-06	-3.885148e-03	6.959409e-01
6.650000e-06	-4.235512e-03	5.058618e-01
6.660000e-06	-2.588122e-03	3.067422e-01
6.670000e-06	-2.732106e-03	4.376039e-02
6.680000e-06	2.199453e-03	-1.567695e-01
6.690000e-06	5.771332e-03	-3.663171e-01
6.700000e-06	-3.694527e-03	-5.762146e-01
6.710000e-06	3.288823e-03	-8.372998e-01
6.720000e-06	-3.849907e-03	-9.982721e-01
6.730000e-06	1.718753e-03	-1.187373e+00
6.740000e-06	6.792309e-04	-1.450403e+00
6.750000e-06	2.754353e-02	-1.659978e+00
6.760000e-06	9.094061e-02	-1.829503e+00
6.770000e-06	-4.182137e-02	-2.103514e+00
6.780000e-06	-4.048607e-02	-2.467879e+00
6.790000e-06	-2.803315e-02	-2.692184e+00
6.800000e-06	-6.754900e-02	-2.810475e+00
6.810000e-06	6.380818e-03	-2.924299e+00
6.820000e-06	1.639094e-01	-3.055037e+00
6.830000e-06	-1.804473e-01	-3.407320e+00
6.840000e-06	1.460872e-01	-3.587371e+00
6.850000e-06	-1.100092e-02	-3.712637e+00
6.860000e-06	-1.289623e-01	-4.005876e+00
6.870000e-06	1.644979e-01	-4.187395e+00
6.880000e-06	-9.823838e-02	-4.387323e+00
6.890000e-06	1.124387e-02	-4.657373e+00
6.900000e-06	1.029873e-01	-4.779823e+00
6.910000e-06	-1.519277e-01	-5.069507e+00
6.920000e-06	1.371018e-01	-5.250055e+00
6.930000e-06	-9.534554e-02	-5.514167e+00
6.940000e-06	1.381036e-02	-5.735219e+00
6.950000e-06	5.843981e-02	-5.913588e+00
6.960000e-06	-9.084194e-02	-6.131559e+00
6.970000e-06	1.147825e-01	-6.325239e+00
6.980000e-06	-8.411645e-02	-6.564193e+00
6.990000e-06	5.878507e-02	-6.765212e+00
7.000000e-06	-1.366863e-02	-6.903609e+00
7.010000e-06	-6.143689e-02	-7.164768e+00
7.020000e-06	9.596511e-02	-7.314111e+00
7.030000e-06	-8.213525e-02	-7.503987e+00
7.040000e-06	7.132954e-02	-7.719460e+00
7.050000e-06	-3.388169e-02	-7.871432e+00
7.060000e-06	7.311811e-03	-8.111607e+00
7.070000e-06	9.610847e-03	-8.228925e+00
7.080000e-06	-4.386782e-02	-8.386221e+00
7.090000e-06	6.014221e-02	-8.522665e+00
7.100000e-06	-3.054588e-02	-8.702587e+00
7.110000e-06	3.071499e-02	-8.850584e+00
7.120000e-06	-3.888109e-02	-9.027325e+00
7.130000e-06	1.786797e-02	-9.125192e+00
7.140000e-06	9.741065e-03	-9.251503e+00
7.150000e-06	-1.289029e-02	-9.407306e+00
7.160000e-06	1.157875e-02	-9.605946e+00
7.170000e-06	-6.010795e-03	-9.695212e+00
7.180000e-06	2.115536e-02	-9.839451e+00
7.190000e-06	-2.521008e-02	-9.946294e+00
7.200000e-06	1.127128e-02	-1.009311e+01
7.210000e-06	-1.655774e-03	-1.023580e+01
7.220000e-06	7.209860e-03	-1.035569e+01
7.230000e-06	-9.569154e-03	-1.047258e+01
7.240000e-06	6.676153e-03	-1.060935e+01
7.250000e-06	8.733702e-03	-1.067306e+01
7.260000e-06	-2.920452e-03	-1.079927e+01
7.270000e-06	-9.548959e-04	-1.091211e+01
7.280000e-06	5.447739e-04	-1.099635e+01
7.290000e-06	1.029511e-02	-1.106151e+01
7.300000e-06	-4.087643e-03	-1.110782e+01
7.310000e-06	7.195949e-03	-1.127108e+01
7.320000e-06	1.878174e-03	-1.137471e+01
7.330000e-06	4.345493e-03	-1.142990e+01
7.340000e-06	-2.353561e-03	-1.152108e+01
7.350000e-06	6.071899e-03	-1.157587e+01
7.360000e-06	5.403032e-03	-1.164898e+01
7.370000e-06	4.638462e-03	-1.168321e+01
7.380000e-06	3.387534e-03	-1.173619e+01
7.390000e-06	2.875348e-03	-1.180845e+01
7.400000e-06	4.447805e-03	-1.186050e+01
7.410000e-06	2.332340e-03	-1.191509e+01
7.420000e-06	6.740187e-03	-1.194462e+01
7.430000e-06	3.811989e-03	-1.196682e+01
7.440000e-06	7.065276e-03	-1.204890e+01
7.450000e-06	6.133122e-03	-1.201993e+01
7.460000e-06	8.273753e-03	-1.206855e+01
7.470000e-06	5.969823e-03	-1.205061e+01
7.480000e-06	7.941935e-03	-1.208256e+01
7.490000e-06	1.047602e-02	-1.208321e+01
7.500000e-06	1.118538e-02	-1.212261e+01
7.510000e-06	1.126154e-02	-1.205466e+01
7.520000e-06	1.202100e-02	-1.210171e+01
7.530000e-06	1.329187e-02	-1.210309e+01
7.540000e-06	1.562841e-02	-1.206311e+01
7.550000e-06	1.509042e-02	-1.206158e+01
7.560000e-06	1.775899e-02	-1.201056e+01
7.570000e-06	1.861911e-02	-1.200897e+01
7.580000e-06	1.901013e-02	-1.198885e+01
7.590000e-06	1.916941e-02	-1.193526e+01
7.600000e-06	1.842979e-02	-1.188363e+01
7.610000e-06	1.822681e-02	-1.184100e+01
7.620000e-06	1.785914e-02	-1.177732e+01
7.630000e-06	1.586674e-02	-1.171521e+01
7.640000e-06	1.412599e-02	-1.164101e+01
7.650000e-06	1.279632e-02	-1.155739e+01
7.660000e-06	1.187968e-02	-1.146359e+01
7.670000e-06	9.805764e-03	-1.141835e+01
7.680000e-06	8.130924e-03	-1.127631e+01
7.690000e-06	9.132867e-03	-1.123803e+01
7.700000e-06	7.290244e-03	-1.113677e+01
7.710000e-06	5.415443e-03	-1.104953e+01
7.720000e-06	4.375557e-03	-1.093532e+01
7.730000e-06	4.114755e-03	-1.085261e+01
7.740000e-06	3.809908e-03	-1.078790e+01
7.750000e-06	3.069148e-03	-1.068418e+01
7.760000e-06	3.063591e-03	-1.061837e+01
7.770000e-06	2.936124e-03	-1.051276e+01
7.780000e-06	1.485874e-03	-1.039640e+01
7.790000e-06	6.579993e-04	-1.023206e+01
7.800000e-06	9.916981e-05	-1.013381e+01
7.810000e-06	1.483029e-03	-1.000790e+01
7.820000e-06	1.513465e-03	-9.844159e+00
7.830000e-06	6.656187e-04	-9.768395e+00
7.840000e-06	3.802903e-04	-9.661076e+00
7.850000e-06	-9.555986e-05	-9.503690e+00
7.860000e-06	-2.836025e-04	-9.366892e+00
7.870000e-06	-1.441756e-03	-9.221525e+00
7.880000e-06	-2.103543e-03	-9.074158e+00
7.890000e-06	-8.818682e-07	-8.914792e+00
7.900000e-06	-6.451206e-04	-8.768449e+00
7.910000e-06	-1.429184e-03	-8.619048e+00
7.920000e-06	-2.579638e-03	-8.423006e+00
7.930000e-06	-8.462093e-04	-8.284691e+00
7.940000e-06	-2.296577e-03	-8.107871e+00
7.950000e-06	-3.020830e-03	-7.988267e+00
7.960000e-06	-1.805566e-03	-7.726892e+00
7.970000e-06	-1.914629e-03	-7.567922e+00
7.980000e-06	-2.831820e-03	-7.359445e+00
7.990000e-06	-3.883208e-03	-7.178052e+00
8.000000e-06	-3.757952e-03	-7.001528e+00
8.010000e-06	-3.228315e-03	-6.799478e+00
8.020000e-06	-3.339271e-03	-6.582027e+00
8.030000e-06	-4.388372e-03	-6.432700e+00
8.040000e-06	-3.683137e-03	-6.241132e+00
8.050000e-06	-3.072459e-03	-6.052075e+00
8.060000e-06	-3.574005e-03	-5.863183e+00
8.070000e-06	-4.219174e-03	-5.633710e+00
8.080000e-06	-4.504779e-03	-5.483581e+00
8.090000e-06	-3.584301e-03	-5.203604e+00
8.100000e-06	-3.095715e-03	-4.981175e+00
8.110000e-06	-3.088704e-03	-4.738392e+00
8.120000e-06	-4.614356e-03	-4.516943e+00
8.130000e-06	-3.374244e-03	-4.389072e+00
8.140000e-06	-4.012763e-03	-4.200019e+00
8.150000e-06	-3.668293e-03	-3.960620e+00
8.160000e-06	-4.295782e-03	-3.800471e+00
8.170000e-06	-3.086723e-03	-3.558392e+00
8.180000e-06	-3.805025e-03	-3.286343e+00
8.190000e-06	-5.282407e-03	-3.107466e+00
8.200000e-06	-4.822017e-03	-2.837838e+00
8.210000e-06	-5.262909e-03	-2.665258e+00
8.220000e-06	-3.867957e-03	-2.402736e+00
8.230000e-06	-5.327319e-03	-2.242108e+00
8.240000e-06	-2.805158e-03	-2.000574e+00
8.250000e-06	-5.340047e-03	-1.791546e+00
8.260000e-06	-4.690837e-03	-1.589447e+00
8.270000e-06	-5.068636e-03	-1.246865e+00
8.280000e-06	-4.171908e-03	-1.064312e+00
8.290000e-06	-5.488089e-03	-8.642066e-01
8.300000e-06	-4.237589e-03	-6.039764e-01
8.310000e-06	-5.794166e-03	-3.604463e-01
8.320000e-06	-3.842577e-03	-1.615947e-01
8.330000e-06	-1.421670e-03	8.973950e-03
8.340000e-06	4.708252e-03	3.120833e-01
8.350000e-06	-3.901932e-03	4.836806e-01
8.360000e-06	1.998950e-03	6.621357e-01
8.370000e-06	-4.881501e-03	8.411051e-01
8.380000e-06	-4.599962e-06	1.133162e+00
8.390000e-06	-7.248946e-03	1.363716e+00
8.400000e-06	5.361098e-03	1.570270e+00
8.410000e-06	2.267826e-02	1.777874e+00
8.420000e-06	7.361052e-02	2.017321e+00
8.430000e-06	-1.438232e-02	2.219983e+00
8.440000e-06	-6.130477e-02	2.501513e+00
8.450000e-06	-2.407946e-02	2.735618e+00
8.460000e-06	-3.425057e-02	2.902615e+00
8.470000e-06	-6.557417e-02	3.062587e+00
8.480000e-06	1.141734e-01	3.230427e+00
8.490000e-06	1.561768e-02	3.480059e+00
8.500000e-06	-1.256082e-01	3.621003e+00
8.510000e-06	1.690625e-01	3.828855e+00
8.520000e-06	-1.161294e-01	4.060009e+00
8.530000e-06	4.913749e-03	4.304086e+00
8.540000e-06	6.019820e-02	4.503612e+00
8.550000e-06	-7.161607e-02	4.743116e+00
8.560000e-06	4.360504e-02	4.954612e+00
8.570000e-06	-7.486596e-03	5.218449e+00
8.580000e-06	-1.798307e-02	5.469383e+00
8.590000e-06	1.456786e-02	5.608382e+00
8.600000e-06	-3.241297e-02	5.881032e+00
8.610000e-06	1.143376e-02	6.081083e+00
8.620000e-06	-1.826709e-02	6.230482e+00
8.630000e-06	2.739694e-02	6.458955e+00
8.640000e-06	-2.746663e-03	6.659929e+00
8.650000e-06	-1.879164e-02	6.870479e+00
8.660000e-06	2.193851e-02	7.061907e+00
8.670000e-06	-4.381174e-02	7.220425e+00
8.680000e-06	1.986304e-02	7.407797e+00
8.690000e-06	-1.632288e-03	7.636827e+00
8.700000e-06	-5.557281e-03	7.826825e+00
8.710000e-06	7.924701e-03	8.048871e+00
8.720000e-06	-2.355733e-02	8.200955e+00
8.730000e-06	7.014499e-03	8.363170e+00
8.740000e-06	-1.108704e-02	8.511583e+00
8.750000e-06	7.544994e-03	8.618827e+00
8.760000e-06	-1.054638e-02	8.766320e+00
8.770000e-06	1.524632e-03	8.901785e+00
8.780000e-06	1.870951e-03	9.050486e+00
8.790000e-06	-1.673924e-02	9.249929e+00
8.800000e-06	1.736993e-03	9.355741e+00
8.810000e-06	-5.297361e-03	9.491010e+00
8.820000e-06	2.908897e-03	9.608408e+00
8.830000e-06	-1.058727e-02	9.763116e+00
8.840000e-06	1.690316e-03	9.913090e+00
8.850000e-06	-5.330635e-03	1.006098e+01
8.860000e-06	-9.334835e-03	1.015477e+01
8.870000e-06	-8.366819e-03	1.025201e+01
8.880000e-06	-2.020288e-03	1.040588e+01
8.890000e-06	-1.208688e-03	1.054211e+01
8.900000e-06	-1.008717e-02	1.065883e+01
8.910000e-06	-3.266966e-03	1.075629e+01
8.920000e-06	-6.024369e-03	1.083151e+01
8.930000e-06	-4.241749e-03	1.097574e+01
8.940000e-06	-9.999514e-03	1.106990e+01
8.950000e-06	-4.587465e-03	1.112517e+01
8.960000e-06	-6.979091e-03	1.121890e+01
8.970000e-06	-6.803917e-03	1.129264e+01
8.980000e-06	-5.704237e-03	1.137832e+01
8.990000e-06	-7.852404e-03	1.150996e+01
9.000000e-06	-9.275131e-03	1.157477e+01
9.010000e-06	-8.960974e-03	1.166043e+01
9.020000e-06	-4.604152e-03	1.170411e+01
9.030000e-06	-8.141420e-03	1.177632e+01
9.040000e-06	-7.846100e-03	1.181733e+01
9.050000e-06	-1.051295e-02	1.183993e+01
9.060000e-06	-9.888307e-03	1.189206e+01
9.070000e-06	-1.102179e-02	1.196419e+01
9.080000e-06	-1.172756e-02	1.193367e+01
9.090000e-06	-9.715588e-03	1.198732e+01
9.100000e-06	-1.221160e-02	1.199793e+01
9.110000e-06	-1.272155e-02	1.202853e+01
9.120000e-06	-1.412815e-02	1.205998e+01
9.130000e-06	-1.261385e-02	1.204056e+01
9.140000e-06	-1.481571e-02	1.205905e+01
9.150000e-06	-1.549445e-02	1.208266e+01
9.160000e-06	-1.759572e-02	1.205309e+01
9.170000e-06	-1.818138e-02	1.205356e+01
9.180000e-06	-1.884249e-02	1.208208e+01
9.190000e-06	-2.105931e-02	1.208165e+01
9.200000e-06	-2.097641e-02	1.208003e+01
9.210000e-06	-2.284341e-02	1.200998e+01
9.220000e-06	-2.345445e-02	1.199905e+01
9.230000e-06	-2.489712e-02	1.196535e+01
9.240000e-06	-2.544150e-02	1.195672e+01
9.250000e-06	-2.457626e-02	1.189417e+01
9.260000e-06	-2.316874e-02	1.186263e+01
9.270000e-06	-2.275396e-02	1.181005e+01
9.280000e-06	-2.281923e-02	1.178740e+01
9.290000e-06	-2.056782e-02	1.170679e+01
9.300000e-06	-2.010177e-02	1.167348e+01
9.310000e-06	-1.763635e-02	1.155735e+01
9.320000e-06	-1.760492e-02	1.151519e+01
9.330000e-06	-1.650124e-02	1.142048e+01
9.340000e-06	-1.449040e-02	1.129419e+01
9.350000e-06	-1.304297e-02	1.122846e+01
9.360000e-06	-1.183797e-02	1.113482e+01
9.370000e-06	-1.279026e-02	1.103961e+01
9.380000e-06	-1.084692e-02	1.095787e+01
9.390000e-06	-1.169771e-02	1.088274e+01
9.400000e-06	-9.419273e-03	1.077100e+01
9.410000e-06	-1.178425e-02	1.068264e+01
9.420000e-06	-7.841077e-03	1.057950e+01
9.430000e-06	-9.134496e-03	1.042956e+01
9.440000e-06	-7.364861e-03	1.033629e+01
9.450000e-06	-9.948386e-03	1.028003e+01
9.460000e-06	-7.854739e-03	1.010326e+01
9.470000e-06	-8.135864e-03	9.999948e+00
9.480000e-06	-6.172126e-03	9.860587e+00
9.490000e-06	-6.916895e-03	9.705790e+00
9.500000e-06	-7.330515e-03	9.566795e+00
9.510000e-06	-6.497945e-03	9.459107e+00
9.520000e-06	-6.347880e-03	9.284292e+00
9.530000e-06	-5.976202e-03	9.189322e+00
9.540000e-06	-6.544689e-03	9.051503e+00
9.550000e-06	-6.076323e-03	8.823604e+00
9.560000e-06	-5.731826e-03	8.684237e+00
9.570000e-06	-5.364709e-03	8.566395e+00
9.580000e-06	-5.697084e-03	8.439548e+00
9.590000e-06	-5.329264e-03	8.281558e+00
9.600000e-06	-5.365961e-03	8.043187e+00
9.610000e-06	-5.793945e-03	7.912262e+00
9.620000e-06	-4.906581e-03	7.705340e+00
9.630000e-06	-4.943722e-03	7.507367e+00
9.640000e-06	-4.939005e-03	7.265867e+00
9.650000e-06	-6.183634e-03	7.134314e+00
9.660000e-06	-5.241821e-03	6.956868e+00
9.670000e-06	-4.544385e-03	6.769846e+00
9.680000e-06	-5.429180e-03	6.557924e+00
9.690000e-06	-5.498090e-03	6.367869e+00
9.700000e-06	-5.672590e-03	6.196499e+00
9.710000e-06	-4.522445e-03	6.030603e+00
9.720000e-06	-4.949172e-03	5.823678e+00
9.730000e-06	-5.162530e-03	5.630973e+00
9.740000e-06	-5.143242e-03	5.390125e+00
9.750000e-06	-4.666854e-03	5.188000e+00
9.760000e-06	-4.838681e-03	4.906863e+00
9.770000e-06	-5.216716e-03	4.694762e+00
9.780000e-06	-5.130527e-03	4.515262e+00
9.790000e-06	-4.584283e-03	4.348892e+00
9.800000e-06	-4.301532e-03	4.084229e+00
9.810000e-06	-4.605855e-03	3.873264e+00
9.820000e-06	-4.370987e-03	3.635713e+00
9.830000e-06	-5.118553e-03	3.446362e+00
9.840000e-06	-4.488330e-03	3.230684e+00
9.850000e-06	-4.852900e-03	2.992178e+00
9.860000e-06	-4.278001e-03	2.823655e+00
9.870000e-06	-4.508470e-03	2.631699e+00
9.880000e-06	-4.546818e-03	2.339446e+00
9.890000e-06	-4.158300e-03	2.125392e+00
9.900000e-06	-3.793259e-03	1.929467e+00
9.910000e-06	-4.387885e-03	1.687934e+00
9.920000e-06	-4.300088e-03	1.444838e+00
9.930000e-06	-4.228765e-03	1.244107e+00
9.940000e-06	-4.398860e-03	9.775962e-01
9.950000e-06	-3.992137e-03	7.264922e-01
9.960000e-06	-3.208300e-03	4.954184e-01
9.970000e-06	-3.173595e-03	3.074435e-01
9.980000e-06	-3.863512e-03	3.475783e-02
9.990000e-06	1.753355e-03	-1.762660e-01
1.000000e-05	4.845929e-03	-3.558209e-01
1.001000e-05	-3.706195e-03	-4.931458e-01
1.002000e-05	3.224358e-03	-8.173224e-01
1.003000e-05	-3.667574e-03	-1.007847e+00
1.004000e-05	1.417379e-03	-1.157271e+00
1.005000e-05	-7.299786e-04	-1.439877e+00
1.006000e-05	2.729456e-02	-1.600504e+00
1.007000e-05	8.986688e-02	-1.829449e+00
1.008000e-05	-3.690712e-02	-2.103535e+00
1.009000e-05	-4.442543e-02	-2.459904e+00
1.010000e-05	-2.426076e-02	-2.672659e+00
1.011000e-05	-6.773272e-02	-2.829451e+00
1.012000e-05	-1.184524e-03	-2.929241e+00
1.013000e-05	1.670328e-01	-3.112088e+00
1.014000e-05	-1.803644e-01	-3.375821e+00
1.015000e-05	1.350140e-01	-3.566867e+00
1.016000e-05	3.232353e-03	-3.703614e+00
1.017000e-05	-1.368412e-01	-3.999347e+00
1.018000e-05	1.677274e-01	-4.208295e+00
1.019000e-05	-9.045116e-02	-4.347823e+00
1.020000e-05	1.455770e-03	-4.608427e+00
1.021000e-05	1.097256e-01	-4.788298e+00
1.022000e-05	-1.558886e-01	-5.071505e+00
1.023000e-05	1.317518e-01	-5.269980e+00
1.024000e-05	-8.710820e-02	-5.523059e+00
1.025000e-05	6.072626e-03	-5.726240e+00
1.026000e-05	6.603816e-02	-5.913638e+00
1.027000e-05	-9.572573e-02	-6.122632e+00
1.028000e-05	1.132521e-01	-6.315642e+00
1.029000e-05	-7.885818e-02	-6.554745e+00
1.030000e-05	5.175308e-02	-6.757240e+00
1.031000e-05	-5.040922e-03	-6.882034e+00
1.032000e-05	-6.866091e-02	-7.175142e+00
1.033000e-05	9.881552e-02	-7.323586e+00
1.034000e-05	-8.161578e-02	-7.501487e+00
1.035000e-05	6.960317e-02	-7.712028e+00
1.036000e-05	-2.905826e-02	-7.862484e+00
1.037000e-05	2.872069e-03	-8.112534e+00
1.038000e-05	1.333145e-02	-8.227924e+00
1.039000e-05	-4.879727e-02	-8.398773e+00
1.040000e-05	6.026942e-02	-8.514157e+00
1.041000e-05	-2.837977e-02	-8.722987e+00
1.042000e-05	3.074665e-02	-8.842579e+00
1.043000e-05	-3.753769e-02	-9.008371e+00
1.044000e-05	1.407059e-02	-9.115187e+00
1.045000e-05	1.243186e-02	-9.282054e+00
1.046000e-05	-1.401857e-02	-9.417354e+00
1.047000e-05	1.251709e-02	-9.567346e+00
1.048000e-05	-8.179828e-03	-9.721665e+00
1.049000e-05	2.139480e-02	-9.839448e+00
1.050000e-05	-2.463704e-02	-9.946292e+00
1.051000e-05	9.807397e-03	-1.012261e+01
1.052000e-05	-9.738824e-04	-1.020887e+01
1.053000e-05	7.425814e-03	-1.036619e+01
1.054000e-05	-8.708072e-03	-1.048306e+01
1.055000e-05	5.863907e-03	-1.062780e+01
1.056000e-05	1.078016e-02	-1.068314e+01
1.057000e-05	-2.263761e-03	-1.081790e+01
1.058000e-05	-9.409312e-04	-1.088105e+01
1.059000e-05	-1.665540e-03	-1.095627e+01
1.060000e-05	1.066957e-02	-1.111208e+01
1.061000e-05	-4.084950e-03	-1.119514e+01
1.062000e-05	7.783837e-03	-1.129258e+01
1.063000e-05	1.170027e-03	-1.136567e+01
1.064000e-05	4.159740e-03	-1.138850e+01
1.065000e-05	-1.570322e-03	-1.151309e+01
1.066000e-05	6.069324e-03	-1.157580e+01
1.067000e-05	6.119037e-03	-1.160038e+01
1.068000e-05	4.412256e-03	-1.175209e+01
1.069000e-05	3.791153e-03	-1.175674e+01
1.070000e-05	2.658440e-03	-1.183838e+01
1.071000e-05	4.930737e-03	-1.186256e+01
1.072000e-05	2.899716e-03	-1.190116e+01
1.073000e-05	7.379815e-03	-1.194727e+01
1.074000e-05	3.834318e-03	-1.200687e+01
1.075000e-05	5.757997e-03	-1.199948e+01
1.076000e-05	6.194555e-03	-1.205098e+01
1.077000e-05	7.678854e-03	-1.207293e+01
1.078000e-05	6.392605e-03	-1.207063e+01
1.079000e-05	7.603714e-03	-1.213221e+01
1.080000e-05	1.073183e-02	-1.208366e+01
1.081000e-05	1.077830e-02	-1.213416e+01
1.082000e-05	1.001600e-02	-1.213464e+01
1.083000e-05	1.235100e-02	-1.210309e+01
1.084000e-05	1.371161e-02	-1.208416e+01
1.085000e-05	1.442119e-02	-1.208411e+01
1.086000e-05	1.500095e-02	-1.204066e+01
1.087000e-05	1.789000e-02	-1.202096e+01
1.088000e-05	1.921231e-02	-1.202958e+01
1.089000e-05	1.799301e-02	-1.200634e+01
1.090000e-05	1.965416e-02	-1.194414e+01
1.091000e-05	1.927343e-02	-1.190269e+01
1.092000e-05	1.903259e-02	-1.184248e+01
1.093000e-05	1.807064e-02	-1.177890e+01
1.094000e-05	1.415867e-02	-1.174416e+01
1.095000e-05	1.425030e-02	-1.163008e+01
1.096000e-05	1.296365e-02	-1.157485e+01
1.097000e-05	1.170766e-02	-1.150566e+01
1.098000e-05	1.080000e-02	-1.143135e+01
1.099000e-05	9.417457e-03	-1.130521e+01
1.100000e-05	7.634982e-03	-1.122050e+01
1.101000e-05	7.390376e-03	-1.112482e+01
1.102000e-05	3.425633e-03	-1.099903e+01
1.103000e-05	5.157096e-03	-1.092529e+01
1.104000e-05	3.667318e-03	-1.086213e+01
1.105000e-05	4.183243e-03	-1.080693e+01
1.106000e-05	2.131999e-03	-1.068419e+01
1.107000e-05	3.100124e-03	-1.060892e+01
1.108000e-05	2.341870e-03	-1.050264e+01
1.109000e-05	1.787151e-03	-1.037595e+01
1.110000e-05	2.814159e-04	-1.023163e+01
1.111000e-05	1.954514e-03	-1.009382e+01
1.112000e-05	9.483786e-04	-9.989942e+00
1.113000e-05	1.600129e-03	-9.914182e+00
1.114000e-05	-3.137388e-04	-9.727971e+00
1.115000e-05	5.298056e-05	-9.673103e+00
1.116000e-05	-1.412867e-03	-9.495613e+00
1.117000e-05	1.497251e-04	-9.358871e+00
1.118000e-05	4.129520e-04	-9.200501e+00
1.119000e-05	-3.908767e-04	-9.062159e+00
1.120000e-05	-1.020772e-03	-8.916866e+00
1.121000e-05	-9.064784e-04	-8.811075e+00
1.122000e-05	-1.617377e-03	-8.568125e+00
1.123000e-05	-1.540410e-03	-8.422126e+00
1.124000e-05	-9.233355e-04	-8.303762e+00
1.125000e-05	-2.789266e-03	-8.116793e+00
1.126000e-05	-2.560538e-03	-7.967369e+00
1.127000e-05	-2.594561e-03	-7.758967e+00
1.128000e-05	-2.644660e-03	-7.567470e+00
1.129000e-05	-2.961444e-03	-7.340419e+00
1.130000e-05	-2.387206e-03	-7.200573e+00
1.131000e-05	-2.971021e-03	-6.961980e+00
1.132000e-05	-3.481887e-03	-6.820448e+00
1.133000e-05	-3.570146e-03	-6.613029e+00
1.134000e-05	-2.745270e-03	-6.434133e+00
1.135000e-05	-3.959446e-03	-6.253610e+00
1.136000e-05	-3.806391e-03	-6.013204e+00
1.137000e-05	-3.209681e-03	-5.842604e+00
1.138000e-05	-2.835746e-03	-5.652788e+00
1.139000e-05	-4.085343e-03	-5.464187e+00
1.140000e-05	-4.034015e-03	-5.193553e+00
1.141000e-05	-2.886770e-03	-4.982624e+00
1.142000e-05	-2.935377e-03	-4.709440e+00
1.143000e-05	-4.631905e-03	-4.554891e+00
1.144000e-05	-3.198969e-03	-4.370945e+00
1.145000e-05	-5.433981e-03	-4.190092e+00
1.146000e-05	-3.844673e-03	-3.992619e+00
1.147000e-05	-3.385517e-03	-3.779443e+00
1.148000e-05	-3.687658e-03	-3.536921e+00
1.149000e-05	-4.321210e-03	-3.326920e+00
1.150000e-05	-5.759146e-03	-3.137796e+00
1.151000e-05	-4.642290e-03	-2.875787e+00
1.152000e-05	-5.493024e-03	-2.684863e+00
1.153000e-05	-4.133631e-03	-2.464234e+00
1.154000e-05	-4.095602e-03	-2.203205e+00
1.155000e-05	-3.034519e-03	-1.981076e+00
1.156000e-05	-5.663364e-03	-1.791098e+00
1.157000e-05	-4.916514e-03	-1.571470e+00
1.158000e-05	-5.812224e-03	-1.268364e+00
1.159000e-05	-3.661364e-03	-1.044179e+00
1.160000e-05	-5.931461e-03	-8.142313e-01
1.161000e-05	-5.953023e-03	-6.011327e-01
1.162000e-05	-5.654939e-03	-3.815474e-01
1.163000e-05	-4.167566e-03	-1.615446e-01
1.164000e-05	-1.713572e-03	5.895396e-02
1.165000e-05	3.634585e-03	2.731082e-01
1.166000e-05	-3.986328e-03	4.825852e-01
1.167000e-05	9.585431e-04	6.920593e-01
1.168000e-05	-3.706849e-03	8.499304e-01
1.169000e-05	-1.051849e-03	1.085640e+00
1.170000e-05	-5.077907e-03	1.314768e+00
1.171000e-05	2.668845e-03	1.544292e+00
1.172000e-05	2.193646e-02	1.828372e+00
1.173000e-05	7.169449e-02	1.966850e+00
1.174000e-05	-9.101226e-03	2.239900e+00
1.175000e-05	-6.264187e-02	2.513559e+00
1.176000e-05	-2.284126e-02	2.736241e+00
1.177000e-05	-3.510633e-02	2.914217e+00
1.178000e-05	-6.730240e-02	3.092607e+00
1.179000e-05	1.071712e-01	3.229953e+00
1.180000e-05	2.643250e-02	3.482034e+00
1.181000e-05	-1.332285e-01	3.630478e+00
1.182000e-05	1.702082e-01	3.809330e+00
1.183000e-05	-1.106161e-01	4.081033e+00
1.184000e-05	4.370935e-04	4.312039e+00
1.185000e-05	6.701034e-02	4.502637e+00
1.186000e-05	-7.159465e-02	4.705664e+00
1.187000e-05	3.735872e-02	4.953015e+00
1.188000e-05	-6.139868e-03	5.237424e+00
1.189000e-05	-2.030113e-02	5.428430e+00
1.190000e-05	1.668838e-02	5.619451e+00
1.191000e-05	-3.180844e-02	5.830039e+00
1.192000e-05	1.148667e-02	6.051453e+00
1.193000e-05	-1.675641e-02	6.279408e+00
1.194000e-05	2.507859e-02	6.428979e+00
1.195000e-05	2.588045e-04	6.691053e+00
1.196000e-05	-2.033307e-02	6.870959e+00
1.197000e-05	2.347754e-02	7.059005e+00
1.198000e-05	-4.476677e-02	7.220972e+00
1.199000e-05	1.807962e-02	7.395717e+00
1.200000e-05	1.467289e-04	7.618301e+00
1.201000e-05	-5.581695e-03	7.807326e+00
1.202000e-05	8.696915e-03	8.015897e+00
1.203000e-05	-2.580977e-02	8.226375e+00
1.204000e-05	6.301084e-03	8.355191e+00
1.205000e-05	-1.165552e-02	8.462033e+00
1.206000e-05	7.948758e-03	8.649374e+00
1.207000e-05	-9.684299e-03	8.765194e+00
1.208000e-05	-2.215173e-04	8.902586e+00
1.209000e-05	2.248457e-03	9.059010e+00
1.210000e-05	-1.666729e-02	9.249879e+00
1.211000e-05	1.720694e-03	9.344745e+00
1.212000e-05	-5.629930e-03	9.502066e+00
1.213000e-05	3.036701e-03	9.607907e+00
1.214000e-05	-1.182383e-02	9.735197e+00
1.215000e-05	4.294481e-04	9.923593e+00
1.216000e-05	-5.626860e-03	1.006953e+01
1.217000e-05	-8.354535e-03	1.018625e+01
1.218000e-05	-7.740341e-03	1.031261e+01
1.219000e-05	-2.759098e-03	1.039895e+01
1.220000e-05	-1.613457e-03	1.052322e+01
1.221000e-05	-9.511182e-03	1.065735e+01
1.222000e-05	-2.355790e-03	1.076224e+01
1.223000e-05	-5.795219e-03	1.086001e+01
1.224000e-05	-5.939740e-03	1.098524e+01
1.225000e-05	-1.054573e-02	1.104993e+01
1.226000e-05	-4.480205e-03	1.112619e+01
1.227000e-05	-5.601344e-03	1.124892e+01
1.228000e-05	-7.820402e-03	1.130162e+01
1.229000e-05	-5.995025e-03	1.141689e+01
1.230000e-05	-8.026962e-03	1.146998e+01
1.231000e-05	-8.623443e-03	1.159422e+01
1.232000e-05	-8.580606e-03	1.160951e+01
1.233000e-05	-3.984901e-03	1.171358e+01
1.234000e-05	-7.175959e-03	1.176677e+01
1.235000e-05	-9.330102e-03	1.181843e+01
1.236000e-05	-1.123653e-02	1.186055e+01
1.237000e-05	-9.494758e-03	1.188311e+01
1.238000e-05	-1.000081e-02	1.191311e+01
1.239000e-05	-1.073911e-02	1.198424e+01
1.240000e-05	-1.062107e-02	1.198580e+01
1.241000e-05	-1.346409e-02	1.200895e+01
1.242000e-05	-1.224634e-02	1.201900e+01
1.243000e-05	-1.308264e-02	1.202905e+01
1.244000e-05	-1.174334e-02	1.206953e+01
1.245000e-05	-1.595488e-02	1.207051e+01
1.246000e-05	-1.618644e-02	1.210164e+01
1.247000e-05	-1.627411e-02	1.209213e+01
1.248000e-05	-1.703869e-02	1.209216e+01
1.249000e-05	-1.904973e-02	1.210058e+01
1.250000e-05	-2.071104e-02	1.207366e+01
1.251000e-05	-2.092789e-02	1.205005e+01
1.252000e-05	-2.375680e-02	1.200953e+01
1.253000e-05	-2.299729e-02	1.200848e+01
1.254000e-05	-2.460536e-02	1.198640e+01
1.255000e-05	-2.463760e-02	1.197629e+01
1.256000e-05	-2.480863e-02	1.189334e+01
1.257000e-05	-2.481768e-02	1.187108e+01
1.258000e-05	-2.307813e-02	1.182158e+01
1.259000e-05	-2.221279e-02	1.175737e+01
1.260000e-05	-2.014110e-02	1.173532e+01
1.261000e-05	-1.988356e-02	1.168206e+01
1.262000e-05	-1.806791e-02	1.155687e+01
1.263000e-05	-1.727946e-02	1.150316e+01
1.264000e-05	-1.618206e-02	1.142042e+01
1.265000e-05	-1.493453e-02	1.129679e+01
1.266000e-05	-1.443614e-02	1.123853e+01
1.267000e-05	-1.141629e-02	1.115574e+01
1.268000e-05	-1.268075e-02	1.107155e+01
1.269000e-05	-1.047167e-02	1.096792e+01
1.270000e-05	-1.147403e-02	1.090376e+01
1.271000e-05	-9.700323e-03	1.079802e+01
1.272000e-05	-1.101062e-02	1.070209e+01
1.273000e-05	-8.564352e-03	1.061844e+01
1.274000e-05	-9.319499e-03	1.045360e+01
1.275000e-05	-7.254010e-03	1.033577e+01
1.276000e-05	-9.640222e-03	1.023153e+01
1.277000e-05	-7.382738e-03	1.011577e+01
1.278000e-05	-8.231278e-03	9.978503e+00
1.279000e-05	-6.759097e-03	9.841137e+00
1.280000e-05	-7.413942e-03	9.727263e+00
1.281000e-05	-7.012182e-03	9.557495e+00
1.282000e-05	-6.602946e-03	9.441104e+00
1.283000e-05	-5.920814e-03	9.305790e+00
1.284000e-05	-5.605277e-03	9.188400e+00
1.285000e-05	-6.463315e-03	9.051507e+00
1.286000e-05	-6.386292e-03	8.911702e+00
1.287000e-05	-6.036037e-03	8.694790e+00
1.288000e-05	-5.417684e-03	8.556895e+00
1.289000e-05	-5.262403e-03	8.399526e+00
1.290000e-05	-5.249651e-03	8.262182e+00
1.291000e-05	-5.485464e-03	8.075636e+00
1.292000e-05	-5.478811e-03	7.885287e+00
1.293000e-05	-5.965955e-03	7.685291e+00
1.294000e-05	-5.763159e-03	7.525817e+00
1.295000e-05	-5.656281e-03	7.326268e+00
1.296000e-05	-5.251409e-03	7.125842e+00
1.297000e-05	-5.262123e-03	6.946946e+00
1.298000e-05	-5.433334e-03	6.769375e+00
1.299000e-05	-5.347368e-03	6.579924e+00
1.300000e-05	-4.848668e-03	6.349396e+00
1.301000e-05	-5.027936e-03	6.199051e+00
1.302000e-05	-4.447847e-03	5.991150e+00
1.303000e-05	-4.640646e-03	5.882605e+00
1.304000e-05	-4.518606e-03	5.630997e+00
1.305000e-05	-5.415819e-03	5.400630e+00
1.306000e-05	-4.802820e-03	5.160549e+00
1.307000e-05	-6.123005e-03	4.937392e+00
1.308000e-05	-3.918014e-03	4.704840e+00
1.309000e-05	-5.106105e-03	4.495287e+00
1.310000e-05	-3.512455e-03	4.336371e+00
1.311000e-05	-4.241572e-03	4.083292e+00
1.312000e-05	-2.813466e-03	3.875262e+00
1.313000e-05	-6.252973e-03	3.664788e+00
1.314000e-05	-5.295876e-03	3.515812e+00
1.315000e-05	-6.192477e-03	3.241753e+00
1.316000e-05	-3.207715e-03	3.051679e+00
1.317000e-05	-3.926149e-03	2.822630e+00
1.318000e-05	-3.907585e-03	2.641654e+00
1.319000e-05	-4.897027e-03	2.348521e+00
1.320000e-05	-4.934054e-03	2.177418e+00
1.321000e-05	-4.004927e-03	1.978495e+00
1.322000e-05	-3.513790e-03	1.708369e+00
1.323000e-05	-4.615317e-03	1.484363e+00
1.324000e-05	-3.651612e-03	1.254683e+00
1.325000e-05	-4.530590e-03	9.806725e-01
1.326000e-05	-4.093091e-03	7.284671e-01
1.327000e-05	-4.374614e-03	5.569633e-01
1.328000e-05	-3.370237e-03	3.274647e-01
1.329000e-05	-3.267482e-03	2.521059e-02
1.330000e-05	1.574273e-03	-1.547946e-01
1.331000e-05	5.970268e-03	-3.348196e-01
1.332000e-05	-3.122614e-03	-5.477079e-01
1.333000e-05	3.255611e-03	-7.988448e-01
1.334000e-05	-3.948261e-03	-9.773211e-01
1.335000e-05	5.133134e-04	-1.176872e+00
1.336000e-05	-1.216982e-03	-1.388301e+00
1.337000e-05	2.609795e-02	-1.600876e+00
1.338000e-05	9.018873e-02	-1.798374e+00
1.339000e-05	-3.228280e-02	-2.082531e+00
1.340000e-05	-4.763190e-02	-2.448430e+00
1.341000e-05	-2.283074e-02	-2.652505e+00
1.342000e-05	-6.778161e-02	-2.800475e+00
1.343000e-05	-8.594808e-03	-2.954766e+00
1.344000e-05	1.701851e-01	-3.074131e+00
1.345000e-05	-1.770830e-01	-3.375170e+00
1.346000e-05	1.242250e-01	-3.546345e+00
1.347000e-05	1.626898e-02	-3.682087e+00
1.348000e-05	-1.438126e-01	-4.018799e+00
1.349000e-05	1.664277e-01	-4.167795e+00
1.350000e-05	-8.559806e-02	-4.376774e+00
1.351000e-05	-9.237363e-03	-4.590372e+00
1.352000e-05	1.181887e-01	-4.783822e+00
1.353000e-05	-1.547743e-01	-5.030905e+00
1.354000e-05	1.286047e-01	-5.250529e+00
1.355000e-05	-8.006784e-02	-5.462588e+00
1.356000e-05	-3.670601e-03	-5.744688e+00
1.357000e-05	7.376373e-02	-5.882084e+00
1.358000e-05	-9.855250e-02	-6.132087e+00
1.359000e-05	1.116500e-01	-6.336687e+00
1.360000e-05	-7.492986e-02	-6.524191e+00
1.361000e-05	4.362794e-02	-6.703091e+00
1.362000e-05	3.234585e-03	-6.861557e+00
1.363000e-05	-7.449060e-02	-7.154691e+00
1.364000e-05	1.011607e-01	-7.282587e+00
1.365000e-05	-8.185060e-02	-7.493433e+00
1.366000e-05	6.561629e-02	-7.649534e+00
1.367000e-05	-2.413376e-02	-7.870034e+00
1.368000e-05	-2.395782e-03	-8.081984e+00
1.369000e-05	1.763333e-02	-8.218429e+00
1.370000e-05	-5.033850e-02	-8.346815e+00
1.371000e-05	6.103691e-02	-8.493138e+00
1.372000e-05	-2.859968e-02	-8.733033e+00
1.373000e-05	2.892973e-02	-8.851628e+00
1.374000e-05	-3.543710e-02	-9.026297e+00
1.375000e-05	1.094740e-02	-9.125192e+00
1.376000e-05	1.549200e-02	-9.242128e+00
1.377000e-05	-1.629748e-02	-9.458855e+00
1.378000e-05	1.326051e-02	-9.536745e+00
1.379000e-05	-8.790298e-03	-9.673642e+00
1.380000e-05	2.283576e-02	-9.838903e+00
1.381000e-05	-2.443227e-02	-9.935717e+00
1.382000e-05	9.621901e-03	-1.006961e+01
1.383000e-05	2.061400e-04	-1.021835e+01
1.384000e-05	7.544846e-03	-1.035667e+01
1.385000e-05	-8.209804e-03	-1.046206e+01
1.386000e-05	3.908059e-03	-1.060677e+01
1.387000e-05	1.102735e-02	-1.069096e+01
1.388000e-05	-4.305047e-03	-1.077692e+01
1.389000e-05	-4.253163e-04	-1.087208e+01
1.390000e-05	-1.388958e-03	-1.098477e+01
1.391000e-05	1.266214e-02	-1.106303e+01
1.392000e-05	-3.695850e-03	-1.119424e+01
1.393000e-05	7.484009e-03	-1.126203e+01
1.394000e-05	5.495837e-04	-1.135367e+01
1.395000e-05	4.027765e-03	-1.142840e+01
1.396000e-05	-1.576481e-03	-1.144254e+01
1.397000e-05	5.982589e-03	-1.155527e+01
1.398000e-05	6.530291e-03	-1.161040e+01
1.399000e-05	3.858320e-03	-1.171156e+01
1.400000e-05	3.765576e-03	-1.173622e+01
1.401000e-05	3.640595e-03	-1.179838e+01
1.402000e-05	6.043557e-03	-1.184196e+01
1.403000e-05	3.002915e-03	-1.189266e+01
1.404000e-05	6.487353e-03	-1.193572e+01
1.405000e-05	4.007015e-03	-1.195432e+01
1.406000e-05	6.772134e-03	-1.202940e+01
1.407000e-05	6.437841e-03	-1.200893e+01
1.408000e-05	8.014051e-03	-1.202103e+01
1.409000e-05	5.888017e-03	-1.207261e+01
1.410000e-05	8.250172e-03	-1.210253e+01
1.411000e-05	1.044762e-02	-1.209361e+01
1.412000e-05	1.124341e-02	-1.210269e+01
1.413000e-05	1.073462e-02	-1.211316e+01
1.414000e-05	1.305924e-02	-1.209268e+01
1.415000e-05	1.320866e-02	-1.209174e+01
1.416000e-05	1.534912e-02	-1.206266e+01
1.417000e-05	1.592392e-02	-1.206063e+01
1.418000e-05	1.780389e-02	-1.201000e+01
1.419000e-05	1.820332e-02	-1.202050e+01
1.420000e-05	1.789554e-02	-1.198684e+01
1.421000e-05	1.966821e-02	-1.191382e+01
1.422000e-05	1.896189e-02	-1.187314e+01
1.423000e-05	1.842084e-02	-1.184998e+01
1.424000e-05	1.728761e-02	-1.182985e+01
1.425000e-05	1.632275e-02	-1.172421e+01
1.426000e-05	1.416209e-02	-1.160965e+01
1.427000e-05	1.245559e-02	-1.157632e+01
1.428000e-05	1.124315e-02	-1.152466e+01
1.429000e-05	9.698469e-03	-1.140955e+01
1.430000e-05	8.255706e-03	-1.132424e+01
1.431000e-05	8.702602e-03	-1.123201e+01
1.432000e-05	7.867600e-03	-1.114576e+01
1.433000e-05	5.405493e-03	-1.100940e+01
1.434000e-05	4.263093e-03	-1.095677e+01
1.435000e-05	3.996878e-03	-1.085363e+01
1.436000e-05	4.104473e-03	-1.076887e+01
1.437000e-05	3.202233e-03	-1.067463e+01
1.438000e-05	2.959114e-03	-1.059995e+01
1.439000e-05	2.257578e-03	-1.050266e+01
1.440000e-05	1.703974e-03	-1.039800e+01
1.441000e-05	1.609038e-03	-1.022913e+01
1.442000e-05	2.174908e-03	-1.008636e+01
1.443000e-05	7.688498e-04	-9.998450e+00
1.444000e-05	1.197881e-03	-9.894614e+00
1.445000e-05	3.457698e-04	-9.768417e+00
1.446000e-05	1.926314e-04	-9.643132e+00
1.447000e-05	-7.692530e-04	-9.514189e+00
1.448000e-05	4.536744e-04	-9.349449e+00
1.449000e-05	-6.205008e-04	-9.220522e+00
1.450000e-05	-5.399174e-04	-9.094212e+00
1.451000e-05	-1.041340e-03	-8.956345e+00
1.452000e-05	-1.757866e-03	-8.788469e+00
1.453000e-05	-1.752171e-03	-8.618976e+00
1.454000e-05	-1.956162e-03	-8.430084e+00
1.455000e-05	-4.939663e-04	-8.274761e+00
1.456000e-05	-1.992308e-03	-8.126843e+00
1.457000e-05	-1.803809e-03	-7.948419e+00
1.458000e-05	-1.955493e-03	-7.767995e+00
1.459000e-05	-2.225299e-03	-7.567892e+00
1.460000e-05	-3.203081e-03	-7.356945e+00
1.461000e-05	-3.467989e-03	-7.191571e+00
1.462000e-05	-3.007632e-03	-6.979525e+00
1.463000e-05	-3.303891e-03	-6.789053e+00
1.464000e-05	-3.097696e-03	-6.622730e+00
1.465000e-05	-3.478925e-03	-6.482709e+00
1.466000e-05	-3.804362e-03	-6.251631e+00
1.467000e-05	-3.603499e-03	-6.033252e+00
1.468000e-05	-3.456244e-03	-5.831682e+00
1.469000e-05	-3.489571e-03	-5.674733e+00
1.470000e-05	-4.124753e-03	-5.495759e+00
1.471000e-05	-4.717736e-03	-5.222079e+00
1.472000e-05	-3.503008e-03	-5.002549e+00
1.473000e-05	-2.648668e-03	-4.721017e+00
1.474000e-05	-4.453895e-03	-4.549320e+00
1.475000e-05	-3.411469e-03	-4.398995e+00
1.476000e-05	-5.591991e-03	-4.198623e+00
1.477000e-05	-4.264721e-03	-3.971999e+00
1.478000e-05	-3.922604e-03	-3.759620e+00
1.479000e-05	-3.168091e-03	-3.546944e+00
1.480000e-05	-3.574996e-03	-3.318466e+00
1.481000e-05	-5.817883e-03	-3.153919e+00
1.482000e-05	-4.387108e-03	-2.846358e+00
1.483000e-05	-5.222197e-03	-2.687236e+00
1.484000e-05	-4.179272e-03	-2.466286e+00
1.485000e-05	-4.861430e-03	-2.232283e+00
1.486000e-05	-3.783944e-03	-2.032603e+00
1.487000e-05	-4.791415e-03	-1.782679e+00
1.488000e-05	-4.122575e-03	-1.551451e+00
1.489000e-05	-5.805898e-03	-1.327941e+00
1.490000e-05	-3.686777e-03	-1.074810e+00
1.491000e-05	-5.496886e-03	-8.037815e-01
1.492000e-05	-5.370594e-03	-5.916816e-01
1.493000e-05	-5.123517e-03	-3.810975e-01
1.494000e-05	-6.206477e-03	-1.700499e-01
1.495000e-05	-1.643492e-03	6.042889e-02
1.496000e-05	2.593811e-03	2.700816e-01
1.497000e-05	-1.741942e-03	4.631341e-01
1.498000e-05	2.355792e-03	6.730065e-01
1.499000e-05	-1.307559e-03	8.306101e-01
1.500000e-05	-2.288399e-03	1.083485e+00
1.501000e-05	-4.987946e-03	1.334664e+00
1.502000e-05	6.596312e-04	1.555791e+00
1.503000e-05	1.886592e-02	1.768823e+00
1.504000e-05	6.827955e-02	1.988345e+00
1.505000e-05	-4.295658e-03	2.268908e+00
1.506000e-05	-6.299074e-02	2.451514e+00
1.507000e-05	-1.988763e-02	2.754692e+00
1.508000e-05	-3.403053e-02	2.903139e+00
1.509000e-05	-6.575498e-02	3.092531e+00
1.510000e-05	1.001177e-01	3.218899e+00
1.511000e-05	3.694520e-02	3.449409e+00
1.512000e-05	-1.386937e-01	3.609025e+00
1.513000e-05	1.688986e-01	3.831375e+00
1.514000e-05	-1.052605e-01	4.092030e+00
1.515000e-05	-7.315358e-03	4.280909e+00
1.516000e-05	7.285132e-02	4.482560e+00
1.517000e-05	-6.886790e-02	4.703189e+00
1.518000e-05	3.457975e-02	4.904115e+00
1.519000e-05	-3.581438e-03	5.257325e+00
1.520000e-05	-2.291304e-02	5.448378e+00
1.521000e-05	1.664093e-02	5.600930e+00
1.522000e-05	-3.277211e-02	5.882433e+00
1.523000e-05	1.047934e-02	6.039484e+00
1.524000e-05	-1.557844e-02	6.249456e+00
1.525000e-05	2.333903e-02	6.448450e+00
1.526000e-05	4.006572e-03	6.676858e+00
1.527000e-05	-2.102957e-02	6.861533e+00
1.528000e-05	2.589713e-02	7.039930e+00
1.529000e-05	-4.503386e-02	7.199351e+00
1.530000e-05	1.620974e-02	7.417194e+00
1.531000e-05	1.149148e-03	7.628424e+00
1.532000e-05	-6.536381e-03	7.798775e+00
1.533000e-05	9.597575e-03	8.037824e+00
1.534000e-05	-2.433233e-02	8.195899e+00
1.535000e-05	6.151316e-03	8.344770e+00
1.536000e-05	-1.229583e-02	8.472003e+00
1.537000e-05	7.225249e-03	8.619303e+00
1.538000e-05	-8.832241e-03	8.795215e+00
1.539000e-05	-5.618183e-04	8.903138e+00
1.540000e-05	1.199836e-03	9.049010e+00
1.541000e-05	-1.769376e-02	9.269452e+00
1.542000e-05	1.535100e-03	9.335745e+00
1.543000e-05	-4.583444e-03	9.460562e+00
1.544000e-05	3.799974e-03	9.608932e+00
1.545000e-05	-1.155609e-02	9.784221e+00
1.546000e-05	6.520110e-05	9.923713e+00
1.547000e-05	-5.592654e-03	1.006896e+01
1.548000e-05	-8.948644e-03	1.019577e+01
1.549000e-05	-7.960985e-03	1.024101e+01
1.550000e-05	-2.146832e-03	1.042030e+01
1.551000e-05	-2.583516e-03	1.051409e+01
1.552000e-05	-9.121946e-03	1.062938e+01
1.553000e-05	-2.849745e-03	1.074474e+01
1.554000e-05	-4.612840e-03	1.088098e+01
1.555000e-05	-5.685624e-03	1.097679e+01
1.556000e-05	-1.056928e-02	1.104998e+01
1.557000e-05	-5.434220e-03	1.114479e+01
1.558000e-05	-6.815040e-03	1.125837e+01
1.559000e-05	-7.167573e-03	1.136319e+01
1.560000e-05	-6.681364e-03	1.144685e+01
1.561000e-05	-7.751834e-03	1.150993e+01
1.562000e-05	-1.002074e-02	1.156577e+01
1.563000e-05	-9.861823e-03	1.161896e+01
1.564000e-05	-3.790344e-03	1.172469e+01
1.565000e-05	-6.146553e-03	1.179785e+01
1.566000e-05	-8.021249e-03	1.178785e+01
1.567000e-05	-1.121650e-02	1.183948e+01
1.568000e-05	-9.938898e-03	1.187261e+01
1.569000e-05	-1.062874e-02	1.193422e+01
1.570000e-05	-1.242837e-02	1.197482e+01
1.571000e-05	-1.091538e-02	1.195779e+01
1.572000e-05	-1.257442e-02	1.202835e+01
1.573000e-05	-1.148213e-02	1.201995e+01
1.574000e-05	-1.296290e-02	1.206798e+01
1.575000e-05	-1.258100e-02	1.203856e+01
1.576000e-05	-1.499867e-02	1.206268e+01
1.577000e-05	-1.649485e-02	1.207111e+01
1.578000e-05	-1.656687e-02	1.208356e+01
1.579000e-05	-1.728577e-02	1.209208e+01
1.580000e-05	-1.882637e-02	1.205116e+01
1.581000e-05	-2.129489e-02	1.205853e+01
1.582000e-05	-2.157193e-02	1.208050e+01
1.583000e-05	-2.296588e-02	1.203995e+01
1.584000e-05	-2.306824e-02	1.204005e+01
1.585000e-05	-2.465769e-02	1.199642e+01
1.586000e-05	-2.464812e-02	1.196579e+01
1.587000e-05	-2.403571e-02	1.192374e+01
1.588000e-05	-2.379322e-02	1.186168e+01
1.589000e-05	-2.366379e-02	1.186900e+01
1.590000e-05	-2.240715e-02	1.177595e+01
1.591000e-05	-2.004318e-02	1.176429e+01
1.592000e-05	-2.009178e-02	1.168308e+01
1.593000e-05	-1.938294e-02	1.159797e+01
1.594000e-05	-1.773886e-02	1.154164e+01
1.595000e-05	-1.436084e-02	1.141898e+01
1.596000e-05	-1.530217e-02	1.131331e+01
1.597000e-05	-1.464053e-02	1.119856e+01
1.598000e-05	-1.205121e-02	1.117631e+01
1.599000e-05	-1.171546e-02	1.107253e+01
1.600000e-05	-1.155938e-02	1.098742e+01
1.601000e-05	-1.217914e-02	1.091414e+01
1.602000e-05	-8.835860e-03	1.081040e+01
1.603000e-05	-9.943205e-03	1.069219e+01
1.604000e-05	-8.544516e-03	1.057937e+01
1.605000e-05	-1.021351e-02	1.043164e+01
1.606000e-05	-7.399015e-03	1.031477e+01
1.607000e-05	-8.591650e-03	1.024048e+01
1.608000e-05	-8.906132e-03	1.011632e+01
1.609000e-05	-7.906799e-03	1.000905e+01
1.610000e-05	-6.156633e-03	9.893580e+00
1.611000e-05	-6.354187e-03	9.733764e+00
1.612000e-05	-6.926893e-03	9.585947e+00
1.613000e-05	-7.585808e-03	9.440129e+00
1.614000e-05	-5.797095e-03	9.336865e+00
1.615000e-05	-6.398133e-03	9.218971e+00
1.616000e-05	-6.018191e-03	9.052577e+00
1.617000e-05	-7.356223e-03	8.884134e+00
1.618000e-05	-5.783737e-03	8.754286e+00
1.619000e-05	-5.171673e-03	8.537893e+00
1.620000e-05	-5.940159e-03	8.431049e+00
1.621000e-05	-5.579723e-03	8.274077e+00
1.622000e-05	-5.372548e-03	8.072788e+00
1.623000e-05	-5.069715e-03	7.864188e+00
1.624000e-05	-5.176647e-03	7.705841e+00
1.625000e-05	-5.644810e-03	7.524715e+00
1.626000e-05	-5.040623e-03	7.274810e+00
1.627000e-05	-5.527649e-03	7.115791e+00
1.628000e-05	-5.976968e-03	6.999420e+00
1.629000e-05	-5.264396e-03	6.778476e+00
1.630000e-05	-4.927321e-03	6.579969e+00
1.631000e-05	-4.848923e-03	6.408996e+00
1.632000e-05	-4.673355e-03	6.199022e+00
1.633000e-05	-4.443085e-03	6.001154e+00
1.634000e-05	-5.036035e-03	5.820104e+00
1.635000e-05	-4.838412e-03	5.581074e+00
1.636000e-05	-4.744894e-03	5.430127e+00
1.637000e-05	-5.341502e-03	5.200550e+00
1.638000e-05	-5.630037e-03	4.899267e+00
1.639000e-05	-4.708552e-03	4.684291e+00
1.640000e-05	-3.937029e-03	4.496363e+00
1.641000e-05	-4.527783e-03	4.358393e+00
1.642000e-05	-4.612429e-03	4.064293e+00
1.643000e-05	-4.525826e-03	3.874809e+00
1.644000e-05	-4.086454e-03	3.715240e+00
1.645000e-05	-4.725244e-03	3.476813e+00
1.646000e-05	-4.133976e-03	3.245699e+00
1.647000e-05	-4.236104e-03	3.034154e+00
1.648000e-05	-4.622077e-03	2.841708e+00
1.649000e-05	-4.816515e-03	2.621630e+00
1.650000e-05	-4.426326e-03	2.377970e+00
1.651000e-05	-4.734807e-03	2.128968e+00
1.652000e-05	-3.690043e-03	1.947867e+00
1.653000e-05	-3.395961e-03	1.726045e+00
1.654000e-05	-3.895563e-03	1.485337e+00
1.655000e-05	-4.230699e-03	1.262680e+00
1.656000e-05	-4.485326e-03	9.885749e-01
1.657000e-05	-3.698513e-03	7.374422e-01
1.658000e-05	-4.204546e-03	5.373647e-01
1.659000e-05	-3.713384e-03	3.283698e-01
1.660000e-05	-2.082405e-03	4.524191e-02
1.661000e-05	2.317840e-03	-1.362895e-01
1.662000e-05	6.802943e-03	-3.357384e-01
1.663000e-05	-5.213878e-03	-5.262706e-01
1.664000e-05	2.904690e-03	-7.468497e-01
1.665000e-05	-3.637090e-03	-9.672421e-01
1.666000e-05	2.235203e-03	-1.157396e+00
1.667000e-05	-1.565486e-03	-1.376876e+00
1.668000e-05	2.371603e-02	-1.578974e+00
1.669000e-05	8.808834e-02	-1.817376e+00
1.670000e-05	-2.651090e-02	-2.081963e+00
1.671000e-05	-5.112894e-02	-2.430406e+00
1.672000e-05	-2.066054e-02	-2.680033e+00
1.673000e-05	-6.689624e-02	-2.819902e+00
1.674000e-05	-1.234488e-02	-2.904762e+00
1.675000e-05	1.724842e-01	-3.052058e+00
1.676000e-05	-1.731077e-01	-3.363621e+00
1.677000e-05	1.098181e-01	-3.547747e+00
1.678000e-05	2.979333e-02	-3.695034e+00
1.679000e-05	-1.495473e-01	-4.016320e+00
1.680000e-05	1.682244e-01	-4.176846e+00
1.681000e-05	-7.649660e-02	-4.397316e+00
1.682000e-05	-1.746026e-02	-4.568645e+00
1.683000e-05	1.231623e-01	-4.777295e+00
1.684000e-05	-1.578544e-01	-5.048928e+00
1.685000e-05	1.228289e-01	-5.260032e+00
1.686000e-05	-7.006821e-02	-5.465511e+00
1.687000e-05	-1.089217e-02	-5.763666e+00
1.688000e-05	7.975349e-02	-5.864035e+00
1.689000e-05	-1.011787e-01	-6.053559e+00
1.690000e-05	1.090508e-01	-6.296139e+00
1.691000e-05	-7.046566e-02	-6.512567e+00
1.692000e-05	3.719763e-02	-6.725167e+00
1.693000e-05	1.131664e-02	-6.881534e+00
1.694000e-05	-8.058229e-02	-7.134266e+00
1.695000e-05	1.030369e-01	-7.272631e+00
1.696000e-05	-7.937703e-02	-7.491481e+00
1.697000e-05	6.177594e-02	-7.650507e+00
1.698000e-05	-1.963289e-02	-7.892032e+00
1.699000e-05	-7.384285e-03	-8.071057e+00
1.700000e-05	2.186926e-02	-8.187376e+00
1.701000e-05	-5.256211e-02	-8.367223e+00
1.702000e-05	6.228043e-02	-8.522665e+00
1.703000e-05	-2.683653e-02	-8.662490e+00
1.704000e-05	2.745513e-02	-8.859531e+00
1.705000e-05	-3.403253e-02	-8.988320e+00
1.706000e-05	7.252884e-03	-9.144692e+00
1.707000e-05	1.820003e-02	-9.270955e+00
1.708000e-05	-1.703167e-02	-9.415899e+00
1.709000e-05	1.574691e-02	-9.555741e+00
1.710000e-05	-1.051265e-02	-9.692537e+00
1.711000e-05	2.318697e-02	-9.829950e+00
1.712000e-05	-2.445890e-02	-9.944816e+00
1.713000e-05	7.924240e-03	-1.006351e+01
1.714000e-05	4.420870e-04	-1.018840e+01
1.715000e-05	7.448486e-03	-1.037427e+01
1.716000e-05	-6.533160e-03	-1.045100e+01
1.717000e-05	3.685596e-03	-1.059730e+01
1.718000e-05	1.181488e-02	-1.066311e+01
1.719000e-05	-3.411014e-03	-1.078735e+01
1.720000e-05	5.914507e-04	-1.086103e+01
1.721000e-05	-1.850052e-03	-1.093575e+01
1.722000e-05	1.169467e-02	-1.104151e+01
1.723000e-05	-4.161228e-03	-1.116624e+01
1.724000e-05	6.673318e-03	-1.124903e+01
1.725000e-05	-1.588770e-04	-1.136466e+01
1.726000e-05	2.953020e-03	-1.137893e+01
1.727000e-05	-1.476183e-04	-1.147191e+01
1.728000e-05	5.842134e-03	-1.160682e+01
1.729000e-05	7.035980e-03	-1.161948e+01
1.730000e-05	4.250997e-03	-1.170414e+01
1.731000e-05	4.013801e-03	-1.175512e+01
1.732000e-05	1.589844e-03	-1.180735e+01
1.733000e-05	4.574082e-03	-1.184101e+01
1.734000e-05	5.319544e-04	-1.190450e+01
1.735000e-05	6.126009e-03	-1.191619e+01
1.736000e-05	4.283527e-03	-1.199730e+01
1.737000e-05	5.952512e-03	-1.204893e+01
1.738000e-05	7.783922e-03	-1.202840e+01
1.739000e-05	8.032786e-03	-1.205006e+01
1.740000e-05	6.916715e-03	-1.205258e+01
1.741000e-05	7.260691e-03	-1.205316e+01
1.742000e-05	9.860326e-03	-1.207314e+01
1.743000e-05	1.053917e-02	-1.208466e+01
1.744000e-05	8.811743e-03	-1.211374e+01
1.745000e-05	1.345553e-02	-1.210166e+01
1.746000e-05	1.271732e-02	-1.209358e+01
1.747000e-05	1.553620e-02	-1.208213e+01
1.748000e-05	1.644344e-02	-1.206248e+01
1.749000e-05	1.865346e-02	-1.203097e+01
1.750000e-05	1.922307e-02	-1.199997e+01
1.751000e-05	1.845486e-02	-1.195885e+01
1.752000e-05	1.694791e-02	-1.191527e+01
1.753000e-05	1.884564e-02	-1.193261e+01
1.754000e-05	1.628314e-02	-1.185048e+01
1.755000e-05	1.904940e-02	-1.177837e+01
1.756000e-05	1.682172e-02	-1.172462e+01
1.757000e-05	1.578251e-02	-1.162898e+01
1.758000e-05	1.388315e-02	-1.160843e+01
1.759000e-05	9.869222e-03	-1.151516e+01
1.760000e-05	9.814801e-03	-1.141153e+01
1.761000e-05	5.936736e-03	-1.132224e+01
1.762000e-05	9.173930e-03	-1.120995e+01
1.763000e-05	6.731971e-03	-1.114682e+01
1.764000e-05	5.842486e-03	-1.102948e+01
1.765000e-05	4.636356e-03	-1.096787e+01
1.766000e-05	5.370250e-03	-1.084511e+01
1.767000e-05	4.115033e-03	-1.078735e+01
1.768000e-05	3.588992e-03	-1.069421e+01
1.769000e-05	1.088397e-03	-1.059800e+01
1.770000e-05	2.542092e-03	-1.048424e+01
1.771000e-05	5.900522e-04	-1.037890e+01
1.772000e-05	1.774978e-03	-1.025198e+01
1.773000e-05	3.540991e-04	-1.012626e+01
1.774000e-05	1.059150e-03	-9.998924e+00
1.775000e-05	1.523499e-03	-9.863687e+00
1.776000e-05	1.361657e-03	-9.737823e+00
1.777000e-05	1.617066e-03	-9.652581e+00
1.778000e-05	1.863507e-04	-9.515216e+00
1.779000e-05	-5.887690e-05	-9.388491e+00
1.780000e-05	-1.611550e-03	-9.181101e+00
1.781000e-05	-2.251530e-03	-9.094760e+00
1.782000e-05	-1.582531e-03	-8.926892e+00
1.783000e-05	-3.748798e-04	-8.790545e+00
1.784000e-05	-3.516675e-04	-8.618052e+00
1.785000e-05	7.780587e-06	-8.431607e+00
1.786000e-05	-8.737070e-04	-8.274766e+00
1.787000e-05	-2.135775e-03	-8.146938e+00
1.788000e-05	-2.834988e-03	-7.919422e+00
1.789000e-05	-2.472524e-03	-7.716468e+00
1.790000e-05	-2.811549e-03	-7.587920e+00
1.791000e-05	-3.026882e-03	-7.388497e+00
1.792000e-05	-2.146945e-03	-7.171549e+00
1.793000e-05	-3.066708e-03	-6.979875e+00
1.794000e-05	-3.368271e-03	-6.800050e+00
1.795000e-05	-3.514898e-03	-6.641148e+00
1.796000e-05	-2.863261e-03	-6.442955e+00
1.797000e-05	-3.618234e-03	-6.221655e+00
1.798000e-05	-3.312824e-03	-6.052755e+00
1.799000e-05	-4.085063e-03	-5.834159e+00
1.800000e-05	-4.247259e-03	-5.645213e+00
1.801000e-05	-5.280657e-03	-5.485236e+00
1.802000e-05	-4.575837e-03	-5.243175e+00
1.803000e-05	-3.445721e-03	-5.001654e+00
1.804000e-05	-1.567407e-03	-4.747945e+00
1.805000e-05	-4.878102e-03	-4.538368e+00
1.806000e-05	-2.877459e-03	-4.399500e+00
1.807000e-05	-5.532395e-03	-4.170573e+00
1.808000e-05	-2.707945e-03	-4.002570e+00
1.809000e-05	-5.323331e-03	-3.739502e+00
1.810000e-05	-3.807695e-03	-3.549971e+00
1.811000e-05	-4.600550e-03	-3.376992e+00
1.812000e-05	-4.676659e-03	-3.180467e+00
1.813000e-05	-4.462318e-03	-2.844787e+00
1.814000e-05	-5.128449e-03	-2.694286e+00
1.815000e-05	-4.157300e-03	-2.455762e+00
1.816000e-05	-4.890534e-03	-2.244733e+00
1.817000e-05	-4.364193e-03	-2.002550e+00
1.818000e-05	-5.358356e-03	-1.791147e+00
1.819000e-05	-4.751990e-03	-1.591550e+00
1.820000e-05	-5.799139e-03	-1.268965e+00
1.821000e-05	-4.371814e-03	-1.043784e+00
1.822000e-05	-5.080760e-03	-8.222329e-01
1.823000e-05	-4.820703e-03	-6.657827e-01
1.824000e-05	-5.941288e-03	-3.605751e-01
1.825000e-05	-4.310176e-03	-1.811001e-01
1.826000e-05	-1.830407e-03	5.049995e-02
1.827000e-05	5.065408e-03	2.620105e-01
1.828000e-05	-3.969955e-03	4.620567e-01
1.829000e-05	8.580185e-04	6.700082e-01
1.830000e-05	-2.873797e-03	8.714777e-01
1.831000e-05	-1.461749e-03	1.103159e+00
1.832000e-05	-5.048783e-03	1.324162e+00
1.833000e-05	1.979811e-03	1.547193e+00
1.834000e-05	2.031213e-02	1.785346e+00
1.835000e-05	6.975285e-02	1.987919e+00
1.836000e-05	-8.344717e-04	2.219400e+00
1.837000e-05	-6.611689e-02	2.481538e+00
1.838000e-05	-2.168324e-02	2.754691e+00
1.839000e-05	-3.404459e-02	2.953611e+00
1.840000e-05	-6.677028e-02	3.050057e+00
1.841000e-05	9.371776e-02	3.218450e+00
1.842000e-05	4.730393e-02	3.428602e+00
1.843000e-05	-1.439685e-01	3.668527e+00
1.844000e-05	1.696115e-01	3.806304e+00
1.845000e-05	-9.767674e-02	4.041928e+00
1.846000e-05	-1.338164e-02	4.241108e+00
1.847000e-05	7.448864e-02	4.491511e+00
1.848000e-05	-7.107684e-02	4.683136e+00
1.849000e-05	3.111785e-02	4.903744e+00
1.850000e-05	1.801114e-03	5.227400e+00
1.851000e-05	-2.366034e-02	5.418854e+00
1.852000e-05	1.874800e-02	5.619848e+00
1.853000e-05	-3.181094e-02	5.871402e+00
1.854000e-05	9.651938e-03	6.041482e+00
1.855000e-05	-1.521157e-02	6.229005e+00
1.856000e-05	2.052680e-02	6.409901e+00
1.857000e-05	6.899355e-03	6.617900e+00
1.858000e-05	-2.362344e-02	6.881407e+00
1.859000e-05	2.575587e-02	7.029479e+00
1.860000e-05	-4.532541e-02	7.188826e+00
1.861000e-05	1.498748e-02	7.344767e+00
1.862000e-05	3.327745e-03	7.627824e+00
1.863000e-05	-8.367231e-03	7.806782e+00
1.864000e-05	1.000823e-02	7.976294e+00
1.865000e-05	-2.487908e-02	8.227296e+00
1.866000e-05	6.191836e-03	8.364767e+00
1.867000e-05	-1.214930e-02	8.470056e+00
1.868000e-05	6.642012e-03	8.619300e+00
1.869000e-05	-9.138976e-03	8.766265e+00
1.870000e-05	-1.914864e-03	8.872534e+00
1.871000e-05	2.910381e-03	9.060930e+00
1.872000e-05	-1.639251e-02	9.238479e+00
1.873000e-05	2.008522e-03	9.343712e+00
1.874000e-05	-6.393846e-03	9.482982e+00
1.875000e-05	3.321469e-03	9.637323e+00
1.876000e-05	-1.157422e-02	9.764244e+00
1.877000e-05	-1.754398e-03	9.943538e+00
1.878000e-05	-3.439779e-03	1.002998e+01
1.879000e-05	-1.029843e-02	1.016532e+01
1.880000e-05	-5.474850e-03	1.026001e+01
1.881000e-05	-3.210151e-03	1.040690e+01
1.882000e-05	-2.516733e-03	1.054113e+01
1.883000e-05	-9.817057e-03	1.064786e+01
1.884000e-05	-6.250580e-03	1.073414e+01
1.885000e-05	-3.745897e-03	1.087248e+01
1.886000e-05	-5.350745e-03	1.095777e+01
1.887000e-05	-9.542910e-03	1.103893e+01
1.888000e-05	-5.133215e-03	1.114316e+01
1.889000e-05	-8.650294e-03	1.121047e+01
1.890000e-05	-7.590702e-03	1.133113e+01
1.891000e-05	-5.697007e-03	1.139935e+01
1.892000e-05	-6.340944e-03	1.150253e+01
1.893000e-05	-8.443854e-03	1.155520e+01
1.894000e-05	-9.851385e-03	1.160805e+01
1.895000e-05	-4.483930e-03	1.169299e+01
1.896000e-05	-7.757099e-03	1.176572e+01
1.897000e-05	-8.635064e-03	1.179888e+01
1.898000e-05	-1.119332e-02	1.181951e+01
1.899000e-05	-1.153576e-02	1.188116e+01
1.900000e-05	-9.225490e-03	1.191164e+01
1.901000e-05	-9.655860e-03	1.194474e+01
1.902000e-05	-9.487361e-03	1.199727e+01
1.903000e-05	-1.337643e-02	1.201990e+01
1.904000e-05	-1.316756e-02	1.201893e+01
1.905000e-05	-1.335617e-02	1.202893e+01
1.906000e-05	-1.265093e-02	1.205053e+01
1.907000e-05	-1.538267e-02	1.206148e+01
1.908000e-05	-1.520724e-02	1.207411e+01
1.909000e-05	-1.638002e-02	1.212459e+01
1.910000e-05	-1.744199e-02	1.207263e+01
1.911000e-05	-1.883361e-02	1.208406e+01
1.912000e-05	-2.013971e-02	1.205311e+01
1.913000e-05	-2.075741e-02	1.208056e+01
1.914000e-05	-2.347717e-02	1.203047e+01
1.915000e-05	-2.290814e-02	1.198793e+01
1.916000e-05	-2.374461e-02	1.198534e+01
1.917000e-05	-2.399292e-02	1.195579e+01
1.918000e-05	-2.473721e-02	1.194219e+01
1.919000e-05	-2.370989e-02	1.189256e+01
1.920000e-05	-2.263983e-02	1.182096e+01
1.921000e-05	-2.197927e-02	1.178690e+01
1.922000e-05	-1.988119e-02	1.174511e+01
1.923000e-05	-2.007611e-02	1.170318e+01
1.924000e-05	-1.847709e-02	1.163849e+01
1.925000e-05	-1.767399e-02	1.153519e+01
1.926000e-05	-1.633650e-02	1.141795e+01
1.927000e-05	-1.513866e-02	1.135419e+01
1.928000e-05	-1.327577e-02	1.124250e+01
1.929000e-05	-1.271856e-02	1.115629e+01
1.930000e-05	-1.301243e-02	1.108118e+01
1.931000e-05	-1.168442e-02	1.095685e+01
1.932000e-05	-1.105334e-02	1.088419e+01
1.933000e-05	-9.714514e-03	1.080930e+01
1.934000e-05	-1.155421e-02	1.069067e+01
1.935000e-05	-8.292333e-03	1.059942e+01
1.936000e-05	-8.800049e-03	1.042261e+01
1.937000e-05	-7.658123e-03	1.033527e+01
1.938000e-05	-9.484026e-03	1.022900e+01
1.939000e-05	-7.574212e-03	1.014529e+01
1.940000e-05	-8.566670e-03	1.002902e+01
1.941000e-05	-6.966522e-03	9.873084e+00
1.942000e-05	-7.014124e-03	9.703842e+00
1.943000e-05	-6.597128e-03	9.607423e+00
1.944000e-05	-6.934094e-03	9.461632e+00
1.945000e-05	-7.179651e-03	9.325763e+00
1.946000e-05	-5.982013e-03	9.190023e+00
1.947000e-05	-5.090034e-03	9.041005e+00
1.948000e-05	-6.826229e-03	8.862733e+00
1.949000e-05	-6.225042e-03	8.723788e+00
1.950000e-05	-5.589473e-03	8.537873e+00
1.951000e-05	-5.384888e-03	8.411629e+00
1.952000e-05	-5.933915e-03	8.253588e+00
1.953000e-05	-5.429641e-03	8.032786e+00
1.954000e-05	-5.775257e-03	7.864737e+00
1.955000e-05	-5.319421e-03	7.726287e+00
1.956000e-05	-5.343484e-03	7.535763e+00
1.957000e-05	-4.853175e-03	7.356418e+00
1.958000e-05	-4.868247e-03	7.148266e+00
1.959000e-05	-5.962158e-03	6.946391e+00
1.960000e-05	-5.252865e-03	6.758998e+00
1.961000e-05	-5.667457e-03	6.588024e+00
1.962000e-05	-5.268410e-03	6.359546e+00
1.963000e-05	-5.009478e-03	6.169601e+00
1.964000e-05	-4.527194e-03	6.042078e+00
1.965000e-05	-5.036543e-03	5.769576e+00
1.966000e-05	-4.865870e-03	5.610099e+00
1.967000e-05	-4.272166e-03	5.400574e+00
1.968000e-05	-5.015505e-03	5.220025e+00
1.969000e-05	-4.737778e-03	4.975491e+00
1.970000e-05	-4.611703e-03	4.735741e+00
1.971000e-05	-4.741612e-03	4.516287e+00
1.972000e-05	-5.626153e-03	4.366365e+00
1.973000e-05	-5.336653e-03	4.094888e+00
1.974000e-05	-4.411041e-03	3.884284e+00
1.975000e-05	-3.851452e-03	3.704289e+00
1.976000e-05	-4.156783e-03	3.524188e+00
1.977000e-05	-4.386289e-03	3.222305e+00
1.978000e-05	-3.699139e-03	3.042183e+00
1.979000e-05	-3.650389e-03	2.812657e+00
1.980000e-05	-4.440547e-03	2.661554e+00
1.981000e-05	-4.175512e-03	2.371496e+00
1.982000e-05	-4.695075e-03	2.147441e+00
1.983000e-05	-3.944552e-03	1.958920e+00
1.984000e-05	-3.739838e-03	1.765467e+00
1.985000e-05	-4.422052e-03	1.484264e+00
1.986000e-05	-3.610040e-03	1.285308e+00
1.987000e-05	-4.109763e-03	9.806788e-01
1.988000e-05	-3.394006e-03	7.788949e-01
1.989000e-05	-2.472723e-03	5.474161e-01
1.990000e-05	-3.069178e-03	2.874424e-01
1.991000e-05	-2.932397e-03	3.535909e-02
1.992000e-05	-3.236701e-04	-1.166919e-01
1.993000e-05	4.753243e-03	-3.147620e-01
1.994000e-05	-4.824172e-03	-4.932406e-01
1.995000e-05	3.702296e-03	-7.884234e-01
1.996000e-05	-3.733431e-03	-9.468446e-01
1.997000e-05	2.330159e-03	-1.146346e+00
1.998000e-05	-6.600004e-04	-1.347874e+00
1.999000e-05	2.443184e-02	-1.630453e+00
2.000000e-05	8.708647e-02	-1.778322e+00
2.001000e-05	-2.248276e-02	-2.051408e+00
2.002000e-05	-5.481127e-02	-2.398877e+00
2.003000e-05	-1.928682e-02	-2.621429e+00
2.004000e-05	-6.787140e-02	-2.819502e+00
2.005000e-05	-1.890988e-02	-2.906217e+00
2.006000e-05	1.745777e-01	-3.092532e+00
2.007000e-05	-1.646954e-01	-3.365665e+00
2.008000e-05	9.876357e-02	-3.577219e+00
2.009000e-05	4.300937e-02	-3.702962e+00
2.010000e-05	-1.554451e-01	-4.007846e+00
2.011000e-05	1.633271e-01	-4.156749e+00
2.012000e-05	-7.047262e-02	-4.364242e+00
2.013000e-05	-2.806905e-02	-4.627799e+00
2.014000e-05	1.289589e-01	-4.738251e+00
2.015000e-05	-1.574964e-01	-5.029403e+00
2.016000e-05	1.164186e-01	-5.229950e+00
2.017000e-05	-6.179698e-02	-5.511504e+00
2.018000e-05	-1.974112e-02	-5.764241e+00
2.019000e-05	8.749262e-02	-5.902008e+00
2.020000e-05	-1.032224e-01	-6.082482e+00
2.021000e-05	1.058052e-01	-6.302163e+00
2.022000e-05	-6.408201e-02	-6.523163e+00
2.023000e-05	2.907497e-02	-6.714717e+00
2.024000e-05	1.763312e-02	-6.891101e+00
2.025000e-05	-8.760652e-02	-7.102512e+00
2.026000e-05	1.054443e-01	-7.283137e+00
2.027000e-05	-7.585479e-02	-7.451010e+00
2.028000e-05	5.890081e-02	-7.651529e+00
2.029000e-05	-1.421785e-02	-7.841483e+00
2.030000e-05	-1.322016e-02	-8.030430e+00
2.031000e-05	2.290709e-02	-8.178324e+00
2.032000e-05	-5.613607e-02	-8.365144e+00
2.033000e-05	6.253007e-02	-8.463085e+00
2.034000e-05	-2.396153e-02	-8.693583e+00
2.035000e-05	2.510031e-02	-8.820032e+00
2.036000e-05	-3.181594e-02	-8.976250e+00
2.037000e-05	5.393118e-03	-9.123714e+00
2.038000e-05	2.208242e-02	-9.261454e+00
2.039000e-05	-2.013578e-02	-9.436823e+00
2.040000e-05	1.407687e-02	-9.505739e+00
2.041000e-05	-1.238108e-02	-9.664638e+00
2.042000e-05	2.418866e-02	-9.819954e+00
2.043000e-05	-2.350958e-02	-9.965143e+00
2.044000e-05	8.364130e-03	-1.007254e+01
2.045000e-05	1.425766e-03	-1.018792e+01
2.046000e-05	7.050584e-03	-1.036367e+01
2.047000e-05	-6.856713e-03	-1.046103e+01
2.048000e-05	2.558611e-03	-1.063877e+01
2.049000e-05	1.292593e-02	-1.066311e+01
2.050000e-05	-4.625443e-03	-1.078784e+01
2.051000e-05	1.537389e-04	-1.084103e+01
2.052000e-05	-3.278300e-03	-1.097727e+01
2.053000e-05	1.277377e-02	-1.106099e+01
2.054000e-05	-3.180254e-03	-1.117714e+01
2.055000e-05	7.432773e-03	-1.126201e+01
2.056000e-05	3.272093e-04	-1.134669e+01
2.057000e-05	3.597243e-03	-1.142992e+01
2.058000e-05	-2.423583e-04	-1.150104e+01
2.059000e-05	5.096008e-03	-1.154675e+01
2.060000e-05	6.190609e-03	-1.165042e+01
2.061000e-05	3.241071e-03	-1.169356e+01
2.062000e-05	3.723367e-03	-1.173669e+01
2.063000e-05	2.391662e-03	-1.180840e+01
2.064000e-05	4.657486e-03	-1.186998e+01
2.065000e-05	2.549776e-03	-1.193154e+01
2.066000e-05	7.120980e-03	-1.193582e+01
2.067000e-05	4.836506e-03	-1.200827e+01
2.068000e-05	5.887499e-03	-1.200987e+01
2.069000e-05	6.754878e-03	-1.202846e+01
2.070000e-05	7.031586e-03	-1.206061e+01
2.071000e-05	6.094940e-03	-1.206259e+01
2.072000e-05	7.554136e-03	-1.207208e+01
2.073000e-05	9.570612e-03	-1.210264e+01
2.074000e-05	1.059406e-02	-1.208474e+01
2.075000e-05	1.063103e-02	-1.214522e+01
2.076000e-05	1.229640e-02	-1.208316e+01
2.077000e-05	1.298618e-02	-1.206221e+01
2.078000e-05	1.482763e-02	-1.209264e+01
2.079000e-05	1.587855e-02	-1.203258e+01
2.080000e-05	1.809046e-02	-1.204003e+01
2.081000e-05	1.838635e-02	-1.203002e+01
2.082000e-05	1.802758e-02	-1.193845e+01
2.083000e-05	1.923646e-02	-1.194626e+01
2.084000e-05	1.886638e-02	-1.188206e+01
2.085000e-05	1.777809e-02	-1.182098e+01
2.086000e-05	1.809791e-02	-1.177684e+01
2.087000e-05	1.701654e-02	-1.173679e+01
2.088000e-05	1.442565e-02	-1.165196e+01
2.089000e-05	1.199903e-02	-1.158787e+01
2.090000e-05	1.100050e-02	-1.150371e+01
2.091000e-05	1.052122e-02	-1.141993e+01
2.092000e-05	9.430171e-03	-1.133264e+01
2.093000e-05	7.972137e-03	-1.127005e+01
2.094000e-05	7.114011e-03	-1.108742e+01
2.095000e-05	5.313948e-03	-1.107105e+01
2.096000e-05	5.126622e-03	-1.096724e+01
2.097000e-05	4.003903e-03	-1.085266e+01
2.098000e-05	4.299247e-03	-1.078792e+01
2.099000e-05	3.349695e-03	-1.069369e+01
2.100000e-05	2.944833e-03	-1.060002e+01
2.101000e-05	2.264141e-03	-1.051466e+01
2.102000e-05	1.451036e-03	-1.037797e+01
2.103000e-05	1.973737e-03	-1.027151e+01
2.104000e-05	1.252375e-03	-1.013577e+01
2.105000e-05	7.374351e-04	-1.003887e+01
2.106000e-05	1.451445e-03	-9.905234e+00
2.107000e-05	5.578297e-04	-9.779845e+00
2.108000e-05	1.260764e-03	-9.642157e+00
2.109000e-05	-3.024618e-04	-9.534167e+00
2.110000e-05	-1.810446e-04	-9.349496e+00
2.111000e-05	-1.499363e-03	-9.221603e+00
2.112000e-05	-8.734784e-04	-9.064684e+00
2.113000e-05	-5.517784e-04	-8.927916e+00
2.114000e-05	-5.358451e-04	-8.799874e+00
2.115000e-05	-1.875928e-03	-8.611003e+00
2.116000e-05	-1.739510e-03	-8.462083e+00
2.117000e-05	-1.336095e-03	-8.274289e+00
2.118000e-05	-1.050291e-03	-8.106892e+00
2.119000e-05	-2.496353e-03	-7.979949e+00
2.120000e-05	-2.325610e-03	-7.778024e+00
2.121000e-05	-3.478249e-03	-7.578929e+00
2.122000e-05	-3.965133e-03	-7.388074e+00
2.123000e-05	-3.441184e-03	-7.212050e+00
2.124000e-05	-3.094198e-03	-7.032105e+00
2.125000e-05	-3.278805e-03	-6.810099e+00
2.126000e-05	-3.299999e-03	-6.622029e+00
2.127000e-05	-2.489847e-03	-6.462733e+00
2.128000e-05	-3.245423e-03	-6.254633e+00
2.129000e-05	-3.657923e-03	-6.043130e+00
2.130000e-05	-4.078763e-03	-5.854253e+00
2.131000e-05	-3.772297e-03	-5.674711e+00
2.132000e-05	-4.286283e-03	-5.495734e+00
2.133000e-05	-4.145453e-03	-5.283630e+00
2.134000e-05	-3.207230e-03	-5.032150e+00
2.135000e-05	-2.757221e-03	-4.741002e+00
2.136000e-05	-5.738146e-03	-4.557871e+00
2.137000e-05	-3.780207e-03	-4.361145e+00
2.138000e-05	-5.305498e-03	-4.141128e+00
2.139000e-05	-3.166682e-03	-3.961705e+00
2.140000e-05	-4.296269e-03	-3.758049e+00
2.141000e-05	-3.485179e-03	-3.559995e+00
2.142000e-05	-3.885191e-03	-3.370470e+00
2.143000e-05	-4.850796e-03	-3.149946e+00
2.144000e-05	-5.023796e-03	-2.938989e+00
2.145000e-05	-5.874412e-03	-2.674887e+00
2.146000e-05	-4.716751e-03	-2.435211e+00
2.147000e-05	-4.750032e-03	-2.235261e+00
2.148000e-05	-3.630873e-03	-2.023081e+00
2.149000e-05	-4.446522e-03	-1.792101e+00
2.150000e-05	-4.516877e-03	-1.611625e+00
2.151000e-05	-5.486425e-03	-1.289518e+00
2.152000e-05	-4.586800e-03	-1.074836e+00
2.153000e-05	-5.849736e-03	-8.827340e-01
2.154000e-05	-4.712379e-03	-6.322066e-01
2.155000e-05	-5.083044e-03	-3.801974e-01
2.156000e-05	-4.006863e-03	-1.825736e-01
2.157000e-05	-3.364107e-03	7.324934e-03
2.158000e-05	4.697320e-03	2.320091e-01
2.159000e-05	-3.668311e-03	4.435578e-01
2.160000e-05	-1.292716e-04	6.225052e-01
2.161000e-05	-2.663471e-03	8.230501e-01
2.162000e-05	-1.291467e-03	1.073510e+00
2.163000e-05	-3.751801e-03	1.314613e+00
2.164000e-05	1.904243e-03	1.495093e+00
2.165000e-05	1.785985e-02	1.757877e+00
2.166000e-05	6.894529e-02	2.016342e+00
2.167000e-05	3.954436e-03	2.200404e+00
2.168000e-05	-6.803775e-02	2.429432e+00
2.169000e-05	-2.288270e-02	2.715165e+00
2.170000e-05	-3.444176e-02	2.923162e+00
2.171000e-05	-6.619305e-02	3.041107e+00
2.172000e-05	8.725585e-02	3.198952e+00
2.173000e-05	5.783425e-02	3.459930e+00
2.174000e-05	-1.494272e-01	3.639053e+00
2.175000e-05	1.684069e-01	3.827824e+00
2.176000e-05	-9.012828e-02	3.999980e+00
2.177000e-05	-2.096386e-02	4.302431e+00
2.178000e-05	7.468640e-02	4.473033e+00
2.179000e-05	-6.965936e-02	4.732631e+00
2.180000e-05	2.968929e-02	4.864113e+00
2.181000e-05	6.084898e-03	5.197249e+00
2.182000e-05	-2.649648e-02	5.419903e+00
2.183000e-05	1.962683e-02	5.618879e+00
2.184000e-05	-3.057924e-02	5.898880e+00
2.185000e-05	7.620150e-03	6.059981e+00
2.186000e-05	-1.400531e-02	6.240378e+00
2.187000e-05	1.922256e-02	6.380529e+00
2.188000e-05	8.289166e-03	6.626848e+00
2.189000e-05	-2.776570e-02	6.879954e+00
2.190000e-05	2.693518e-02	7.037350e+00
2.191000e-05	-4.259066e-02	7.218924e+00
2.192000e-05	1.338865e-02	7.386665e+00
2.193000e-05	1.973724e-03	7.558227e+00
2.194000e-05	-1.040462e-02	7.786745e+00
2.195000e-05	1.049974e-02	7.997841e+00
2.196000e-05	-2.330029e-02	8.186725e+00
2.197000e-05	6.383803e-03	8.333665e+00
2.198000e-05	-1.180316e-02	8.483603e+00
2.199000e-05	6.253238e-03	8.608825e+00
2.200000e-05	-8.602905e-03	8.744365e+00
2.201000e-05	-1.261658e-03	8.933128e+00
2.202000e-05	2.495442e-03	9.048428e+00
2.203000e-05	-1.757243e-02	9.229924e+00
2.204000e-05	6.424533e-05	9.354795e+00
2.205000e-05	-4.790070e-03	9.513511e+00
2.206000e-05	3.061501e-03	9.639403e+00
2.207000e-05	-1.097988e-02	9.775195e+00
2.208000e-05	-2.522135e-04	9.901013e+00
2.209000e-05	-5.627571e-03	1.001848e+01
2.210000e-05	-8.731524e-03	1.018432e+01
2.211000e-05	-9.098299e-03	1.027051e+01
2.212000e-05	-2.228877e-03	1.043732e+01
2.213000e-05	-2.163711e-03	1.049264e+01
2.214000e-05	-9.720075e-03	1.064738e+01
2.215000e-05	-4.764029e-03	1.076672e+01
2.216000e-05	-5.597576e-03	1.087058e+01
2.217000e-05	-4.593143e-03	1.094574e+01
2.218000e-05	-9.964653e-03	1.103943e+01
2.219000e-05	-5.686538e-03	1.113319e+01
2.220000e-05	-6.680856e-03	1.122927e+01
2.221000e-05	-7.128094e-03	1.128309e+01
2.222000e-05	-5.894675e-03	1.139585e+01
2.223000e-05	-7.915431e-03	1.146001e+01
2.224000e-05	-8.768903e-03	1.155569e+01
2.225000e-05	-9.407711e-03	1.164808e+01
2.226000e-05	-4.580418e-03	1.168214e+01
2.227000e-05	-8.112248e-03	1.177534e+01
2.228000e-05	-8.524044e-03	1.181732e+01
2.229000e-05	-1.094137e-02	1.184085e+01
2.230000e-05	-9.817295e-03	1.188151e+01
2.231000e-05	-1.084026e-02	1.190421e+01
2.232000e-05	-1.113785e-02	1.192519e+01
2.233000e-05	-1.004806e-02	1.196630e+01
2.234000e-05	-1.229800e-02	1.197787e+01
2.235000e-05	-1.287570e-02	1.201100e+01
2.236000e-05	-1.280115e-02	1.203850e+01
2.237000e-05	-1.165226e-02	1.206105e+01
2.238000e-05	-1.554575e-02	1.204961e+01
2.239000e-05	-1.548215e-02	1.207320e+01
2.240000e-05	-1.723309e-02	1.206121e+01
2.241000e-05	-1.785768e-02	1.210166e+01
2.242000e-05	-1.886289e-02	1.206208e+01
2.243000e-05	-2.030702e-02	1.206110e+01
2.244000e-05	-2.136790e-02	1.208153e+01
2.245000e-05	-2.359711e-02	1.204948e+01
2.246000e-05	-2.335336e-02	1.202892e+01
2.247000e-05	-2.445689e-02	1.198693e+01
2.248000e-05	-2.418258e-02	1.194629e+01
2.249000e-05	-2.497853e-02	1.192266e+01
2.250000e-05	-2.358278e-02	1.189319e+01
2.251000e-05	-2.297020e-02	1.180996e+01
2.252000e-05	-2.212181e-02	1.177892e+01
2.253000e-05	-2.135265e-02	1.174574e+01
2.254000e-05	-2.052854e-02	1.169361e+01
2.255000e-05	-1.838717e-02	1.156788e+01
2.256000e-05	-1.818208e-02	1.151459e+01
2.257000e-05	-1.631736e-02	1.144898e+01
2.258000e-05	-1.481488e-02	1.131471e+01
2.259000e-05	-1.303025e-02	1.127060e+01
2.260000e-05	-1.152651e-02	1.116582e+01
2.261000e-05	-1.290584e-02	1.108211e+01
2.262000e-05	-1.099032e-02	1.095740e+01
2.263000e-05	-1.126804e-02	1.089471e+01
2.264000e-05	-9.142564e-03	1.079953e+01
2.265000e-05	-1.149248e-02	1.068464e+01
2.266000e-05	-8.881505e-03	1.059990e+01
2.267000e-05	-9.572214e-03	1.042161e+01
2.268000e-05	-7.159861e-03	1.035579e+01
2.269000e-05	-9.769914e-03	1.025103e+01
2.270000e-05	-7.173209e-03	1.011579e+01
2.271000e-05	-9.296857e-03	1.000098e+01
2.272000e-05	-7.169872e-03	9.911616e+00
2.273000e-05	-6.859747e-03	9.685322e+00
2.274000e-05	-5.757029e-03	9.587871e+00
2.275000e-05	-7.125222e-03	9.441682e+00
2.276000e-05	-7.007020e-03	9.334762e+00
2.277000e-05	-6.320291e-03	9.190476e+00
2.278000e-05	-5.995998e-03	9.062030e+00
2.279000e-05	-6.922541e-03	8.854764e+00
2.280000e-05	-7.291292e-03	8.714265e+00
2.281000e-05	-5.704144e-03	8.608423e+00
2.282000e-05	-5.408407e-03	8.420129e+00
2.283000e-05	-5.539722e-03	8.253085e+00
2.284000e-05	-5.832909e-03	8.084283e+00
2.285000e-05	-5.244603e-03	7.864185e+00
2.286000e-05	-5.049378e-03	7.746841e+00
2.287000e-05	-5.565150e-03	7.526846e+00
2.288000e-05	-5.257602e-03	7.334912e+00
2.289000e-05	-5.472303e-03	7.168345e+00
2.290000e-05	-4.627930e-03	6.977395e+00
2.291000e-05	-4.659130e-03	6.800450e+00
2.292000e-05	-4.837596e-03	6.558551e+00
2.293000e-05	-5.435849e-03	6.387949e+00
2.294000e-05	-5.142405e-03	6.199523e+00
2.295000e-05	-4.827793e-03	6.041628e+00
2.296000e-05	-4.478030e-03	5.872579e+00
2.297000e-05	-4.960854e-03	5.632678e+00
2.298000e-05	-5.240857e-03	5.431705e+00
2.299000e-05	-5.115850e-03	5.190073e+00
2.300000e-05	-4.467132e-03	4.939517e+00
2.301000e-05	-4.825843e-03	4.727366e+00
2.302000e-05	-4.140002e-03	4.546366e+00
2.303000e-05	-4.437016e-03	4.358392e+00
2.304000e-05	-4.257978e-03	4.097388e+00
2.305000e-05	-4.532415e-03	3.885284e+00
2.306000e-05	-5.100006e-03	3.704311e+00
2.307000e-05	-4.708291e-03	3.558341e+00
2.308000e-05	-3.907360e-03	3.303232e+00
2.309000e-05	-4.138089e-03	3.021708e+00
2.310000e-05	-4.469528e-03	2.834207e+00
2.311000e-05	-4.020135e-03	2.672129e+00
2.312000e-05	-3.586985e-03	2.389547e+00
2.313000e-05	-4.498266e-03	2.187995e+00
2.314000e-05	-4.626830e-03	1.938472e+00
2.315000e-05	-4.425673e-03	1.757520e+00
2.316000e-05	-4.211063e-03	1.495811e+00
2.317000e-05	-4.039451e-03	1.244813e+00
2.318000e-05	-3.829177e-03	1.030555e+00
2.319000e-05	-3.821385e-03	7.604674e-01
2.320000e-05	-3.993512e-03	5.583673e-01
2.321000e-05	-3.499447e-03	3.459661e-01
2.322000e-05	-2.463800e-03	5.576155e-02
2.323000e-05	8.849357e-04	-1.152171e-01
2.324000e-05	6.216224e-03	-3.372184e-01
2.325000e-05	-3.811067e-03	-4.951893e-01
2.326000e-05	3.202464e-03	-7.667996e-01
2.327000e-05	-4.218068e-03	-9.678421e-01
2.328000e-05	1.237295e-03	-1.137246e+00
2.329000e-05	-1.355245e-03	-1.408274e+00
2.330000e-05	2.254043e-02	-1.609430e+00
2.331000e-05	8.608830e-02	-1.787349e+00
2.332000e-05	-1.600317e-02	-2.050979e+00
2.333000e-05	-5.748839e-02	-2.397325e+00
2.334000e-05	-1.641368e-02	-2.640506e+00
2.335000e-05	-6.734937e-02	-2.809900e+00
2.336000e-05	-2.378807e-02	-2.894693e+00
2.337000e-05	1.756297e-01	-3.062964e+00
2.338000e-05	-1.586303e-01	-3.294692e+00
2.339000e-05	8.309897e-02	-3.576746e+00
2.340000e-05	5.326416e-02	-3.694009e+00
2.341000e-05	-1.596077e-01	-4.018251e+00
2.342000e-05	1.618814e-01	-4.135822e+00
2.343000e-05	-6.273406e-02	-4.325821e+00
2.344000e-05	-3.490265e-02	-4.557796e+00
2.345000e-05	1.351514e-01	-4.778196e+00
2.346000e-05	-1.547379e-01	-5.019904e+00
2.347000e-05	1.087153e-01	-5.239975e+00
2.348000e-05	-5.366194e-02	-5.463012e+00
2.349000e-05	-2.884346e-02	-5.734186e+00
2.350000e-05	9.277596e-02	-5.842059e+00
2.351000e-05	-1.035830e-01	-6.071053e+00
2.352000e-05	1.030456e-01	-6.302641e+00
2.353000e-05	-5.832159e-02	-6.483088e+00
2.354000e-05	2.238441e-02	-6.703142e+00
2.355000e-05	2.584349e-02	-6.820483e+00
2.356000e-05	-9.161164e-02	-7.103637e+00
2.357000e-05	1.050374e-01	-7.312111e+00
2.358000e-05	-7.361128e-02	-7.460480e+00
2.359000e-05	5.277619e-02	-7.631507e+00
2.360000e-05	-9.275378e-03	-7.810883e+00
2.361000e-05	-1.587503e-02	-8.040933e+00
2.362000e-05	2.971051e-02	-8.187901e+00
2.363000e-05	-5.793971e-02	-8.326691e+00
2.364000e-05	6.033380e-02	-8.482612e+00
2.365000e-05	-2.332673e-02	-8.701086e+00
2.366000e-05	2.583055e-02	-8.870579e+00
2.367000e-05	-2.890719e-02	-8.976271e+00
2.368000e-05	3.504824e-04	-9.104689e+00
2.369000e-05	2.329258e-02	-9.239451e+00
2.370000e-05	-1.974464e-02	-9.398201e+00
2.371000e-05	1.680359e-02	-9.526246e+00
2.372000e-05	-1.212194e-02	-9.692611e+00
2.373000e-05	2.472857e-02	-9.798875e+00
2.374000e-05	-2.248270e-02	-9.924764e+00
2.375000e-05	6.675785e-03	-1.006145e+01
2.376000e-05	1.265393e-03	-1.019732e+01
2.377000e-05	6.319958e-03	-1.034622e+01
2.378000e-05	-5.482242e-03	-1.044011e+01
2.379000e-05	1.651080e-03	-1.059680e+01
2.380000e-05	1.386189e-02	-1.066953e+01
2.381000e-05	-4.416498e-03	-1.078687e+01
2.382000e-05	7.865538e-04	-1.086108e+01
2.383000e-05	-3.112175e-03	-1.094477e+01
2.384000e-05	1.243795e-02	-1.104193e+01
2.385000e-05	-3.914716e-03	-1.115464e+01
2.386000e-05	6.740456e-03	-1.127053e+01
2.387000e-05	1.189465e-03	-1.129364e+01
2.388000e-05	2.699701e-03	-1.141928e+01
2.389000e-05	-8.025384e-04	-1.145046e+01
2.390000e-05	5.473748e-03	-1.155627e+01
2.391000e-05	6.794419e-03	-1.166840e+01
2.392000e-05	2.797015e-03	-1.169164e+01
2.393000e-05	4.150126e-03	-1.175527e+01
2.394000e-05	3.611281e-03	-1.180835e+01
2.395000e-05	5.263040e-03	-1.183198e+01
2.396000e-05	2.134600e-03	-1.189514e+01
2.397000e-05	6.194728e-03	-1.196665e+01
2.398000e-05	5.356990e-03	-1.198624e+01
2.399000e-05	5.366732e-03	-1.199842e+01
2.400000e-05	7.152125e-03	-1.203908e+01
2.401000e-05	7.130899e-03	-1.204958e+01
2.402000e-05	6.921349e-03	-1.203211e+01
2.403000e-05	7.442153e-03	-1.207359e+01
2.404000e-05	9.935350e-03	-1.208413e+01
2.405000e-05	1.117896e-02	-1.212564e+01
2.406000e-05	1.083026e-02	-1.207064e+01
2.407000e-05	1.173874e-02	-1.205319e+01
2.408000e-05	1.275414e-02	-1.206411e+01
2.409000e-05	1.526582e-02	-1.211253e+01
2.410000e-05	1.570644e-02	-1.201098e+01
2.411000e-05	1.828725e-02	-1.203950e+01
2.412000e-05	1.831634e-02	-1.199095e+01
2.413000e-05	1.838661e-02	-1.196735e+01
2.414000e-05	1.968815e-02	-1.191682e+01
2.415000e-05	1.836806e-02	-1.186410e+01
2.416000e-05	1.814262e-02	-1.186053e+01
2.417000e-05	1.702899e-02	-1.177740e+01
2.418000e-05	1.637978e-02	-1.171574e+01
2.419000e-05	1.393096e-02	-1.165061e+01
2.420000e-05	1.271437e-02	-1.160937e+01
2.421000e-05	1.109447e-02	-1.151369e+01
2.422000e-05	9.969242e-03	-1.139835e+01
2.423000e-05	8.649400e-03	-1.132627e+01
2.424000e-05	7.979999e-03	-1.121098e+01
2.425000e-05	7.638008e-03	-1.112632e+01
2.426000e-05	5.270249e-03	-1.105211e+01
2.427000e-05	4.931595e-03	-1.093584e+01
2.428000e-05	4.705777e-03	-1.087214e+01
2.429000e-05	4.069725e-03	-1.076847e+01
2.430000e-05	3.364199e-03	-1.071476e+01
2.431000e-05	2.659183e-03	-1.060043e+01
2.432000e-05	2.643340e-03	-1.047374e+01
2.433000e-05	2.175537e-03	-1.037790e+01
2.434000e-05	2.203976e-03	-1.024206e+01
2.435000e-05	1.399600e-03	-1.009781e+01
2.436000e-05	3.399795e-04	-9.999953e+00
2.437000e-05	5.186579e-04	-9.905684e+00
2.438000e-05	7.221597e-04	-9.748448e+00
2.439000e-05	6.305025e-04	-9.661707e+00
2.440000e-05	-1.187745e-04	-9.553815e+00
2.441000e-05	-2.326332e-05	-9.389544e+00
2.442000e-05	-4.436001e-04	-9.220604e+00
2.443000e-05	-1.476252e-04	-9.084689e+00
2.444000e-05	-5.143426e-04	-8.946365e+00
2.445000e-05	-1.159816e-03	-8.771000e+00
2.446000e-05	-8.822236e-04	-8.609528e+00
2.447000e-05	-9.904734e-04	-8.451684e+00
2.448000e-05	-1.632971e-03	-8.295736e+00
2.449000e-05	-2.419739e-03	-8.155422e+00
2.450000e-05	-2.539801e-03	-8.030047e+00
2.451000e-05	-1.711122e-03	-7.790547e+00
2.452000e-05	-2.821078e-03	-7.589022e+00
2.453000e-05	-3.753119e-03	-7.350526e+00
2.454000e-05	-3.268609e-03	-7.200103e+00
2.455000e-05	-1.511642e-03	-7.012100e+00
2.456000e-05	-3.166663e-03	-6.841526e+00
2.457000e-05	-4.623674e-03	-6.631129e+00
2.458000e-05	-4.314500e-03	-6.454255e+00
2.459000e-05	-2.779363e-03	-6.293158e+00
2.460000e-05	-3.865234e-03	-6.082707e+00
2.461000e-05	-4.420975e-03	-5.855232e+00
2.462000e-05	-3.377264e-03	-5.653183e+00
2.463000e-05	-3.684419e-03	-5.494718e+00
2.464000e-05	-3.993626e-03	-5.243350e+00
2.465000e-05	-5.418841e-03	-5.021629e+00
2.466000e-05	-2.976669e-03	-4.768639e+00
2.467000e-05	-5.342928e-03	-4.588397e+00
2.468000e-05	-3.845122e-03	-4.391526e+00
2.469000e-05	-5.413123e-03	-4.180173e+00
2.470000e-05	-4.133742e-03	-3.991673e+00
2.471000e-05	-4.328357e-03	-3.780046e+00
2.472000e-05	-3.351982e-03	-3.559996e+00
2.473000e-05	-4.381053e-03	-3.357519e+00
2.474000e-05	-4.670386e-03	-3.147392e+00
2.475000e-05	-5.227127e-03	-2.885862e+00
2.476000e-05	-5.851347e-03	-2.695887e+00
2.477000e-05	-4.368252e-03	-2.465283e+00
2.478000e-05	-4.215535e-03	-2.292808e+00
2.479000e-05	-3.536773e-03	-1.992100e+00
2.480000e-05	-4.992582e-03	-1.822556e+00
2.481000e-05	-4.236761e-03	-1.561051e+00
2.482000e-05	-5.277659e-03	-1.320993e+00
2.483000e-05	-4.090802e-03	-1.076838e+00
2.484000e-05	-6.278164e-03	-8.652879e-01
2.485000e-05	-4.537065e-03	-6.548018e-01
2.486000e-05	-5.958436e-03	-4.000963e-01
2.487000e-05	-4.478050e-03	-2.225790e-01
2.488000e-05	-3.574275e-03	4.108133e-02
2.489000e-05	4.535548e-03	2.400317e-01
2.490000e-05	-2.805524e-03	4.520801e-01
2.491000e-05	-9.690173e-04	6.319840e-01
2.492000e-05	-2.782472e-03	8.295288e-01
2.493000e-05	-8.170333e-04	1.080033e+00
2.494000e-05	-3.761942e-03	1.313238e+00
2.495000e-05	1.119058e-03	1.553663e+00
2.496000e-05	1.753320e-02	1.787770e+00
2.497000e-05	6.826484e-02	1.984820e+00
2.498000e-05	7.248124e-03	2.219824e+00
2.499000e-05	-6.907439e-02	2.460033e+00
2.500000e-05	-2.060485e-02	2.703258e+00
2.501000e-05	-3.420532e-02	2.872687e+00
2.502000e-05	-6.562778e-02	3.041508e+00
2.503000e-05	8.049992e-02	3.177953e+00
2.504000e-05	6.683347e-02	3.459455e+00
2.505000e-05	-1.535873e-01	3.640003e+00
2.506000e-05	1.661460e-01	3.799276e+00
2.507000e-05	-8.304381e-02	4.071029e+00
2.508000e-05	-2.775882e-02	4.299982e+00
2.509000e-05	7.904342e-02	4.482034e+00
2.510000e-05	-6.828805e-02	4.671010e+00
2.511000e-05	2.531595e-02	4.913061e+00
2.512000e-05	9.281615e-03	5.166299e+00
2.513000e-05	-2.825756e-02	5.398802e+00
2.514000e-05	2.016561e-02	5.598399e+00
2.515000e-05	-3.116862e-02	5.868404e+00
2.516000e-05	6.256291e-03	6.071480e+00
2.517000e-05	-1.218524e-02	6.248385e+00
2.518000e-05	1.611783e-02	6.412876e+00
2.519000e-05	1.136883e-02	6.657849e+00
2.520000e-05	-2.849938e-02	6.819879e+00
2.521000e-05	2.764783e-02	7.059878e+00
2.522000e-05	-4.317781e-02	7.177499e+00
2.523000e-05	1.178657e-02	7.374719e+00
2.524000e-05	5.549119e-03	7.618749e+00
2.525000e-05	-1.021002e-02	7.797221e+00
2.526000e-05	1.186084e-02	7.976724e+00
2.527000e-05	-2.538579e-02	8.185347e+00
2.528000e-05	5.345786e-03	8.343665e+00
2.529000e-05	-1.212268e-02	8.442036e+00
2.530000e-05	6.096515e-03	8.595377e+00
2.531000e-05	-7.491075e-03	8.753671e+00
2.532000e-05	-1.635724e-03	8.872563e+00
2.533000e-05	3.409423e-03	9.127853e+00
2.534000e-05	-1.559874e-02	9.217900e+00
2.535000e-05	4.142059e-04	9.364745e+00
2.536000e-05	-5.254266e-03	9.452482e+00
2.537000e-05	1.510173e-03	9.638403e+00
2.538000e-05	-1.084982e-02	9.735745e+00
2.539000e-05	-3.776717e-04	9.912563e+00
2.540000e-05	-4.309572e-03	1.004845e+01
2.541000e-05	-9.771358e-03	1.015477e+01
2.542000e-05	-7.558084e-03	1.028098e+01
2.543000e-05	-2.239110e-03	1.041637e+01
2.544000e-05	-1.802507e-03	1.051369e+01
2.545000e-05	-1.019589e-02	1.062783e+01
2.546000e-05	-4.769006e-03	1.074522e+01
2.547000e-05	-3.954769e-03	1.086153e+01
2.548000e-05	-4.488482e-03	1.096374e+01
2.549000e-05	-1.099377e-02	1.105043e+01
2.550000e-05	-5.011829e-03	1.111266e+01
2.551000e-05	-7.895867e-03	1.118985e+01
2.552000e-05	-7.227750e-03	1.132316e+01
2.553000e-05	-7.089823e-03	1.140540e+01
2.554000e-05	-6.503635e-03	1.148148e+01
2.555000e-05	-7.512777e-03	1.159420e+01
2.556000e-05	-8.770179e-03	1.164750e+01
2.557000e-05	-4.716393e-03	1.167261e+01
2.558000e-05	-6.969021e-03	1.174524e+01
2.559000e-05	-7.959762e-03	1.179938e+01
2.560000e-05	-1.163809e-02	1.186796e+01
2.561000e-05	-1.101852e-02	1.191309e+01
2.562000e-05	-1.043776e-02	1.191262e+01
2.563000e-05	-1.041382e-02	1.194484e+01
2.564000e-05	-1.014013e-02	1.198580e+01
2.565000e-05	-1.220976e-02	1.200898e+01
2.566000e-05	-1.207221e-02	1.202048e+01
2.567000e-05	-1.297831e-02	1.204005e+01
2.568000e-05	-1.235746e-02	1.203191e+01
2.569000e-05	-1.525769e-02	1.206256e+01
2.570000e-05	-1.529770e-02	1.207113e+01
2.571000e-05	-1.694826e-02	1.208163e+01
2.572000e-05	-1.663663e-02	1.208366e+01
2.573000e-05	-1.946300e-02	1.207258e+01
2.574000e-05	-2.034804e-02	1.207151e+01
2.575000e-05	-1.989717e-02	1.208106e+01
2.576000e-05	-2.233759e-02	1.202845e+01
2.577000e-05	-2.327239e-02	1.200890e+01
2.578000e-05	-2.540001e-02	1.199692e+01
2.579000e-05	-2.447537e-02	1.195527e+01
2.580000e-05	-2.465593e-02	1.193371e+01
2.581000e-05	-2.418514e-02	1.189216e+01
2.582000e-05	-2.379917e-02	1.184103e+01
2.583000e-05	-2.159965e-02	1.179790e+01
2.584000e-05	-1.995793e-02	1.176579e+01
2.585000e-05	-1.971561e-02	1.167058e+01
2.586000e-05	-1.865289e-02	1.162980e+01
2.587000e-05	-1.742275e-02	1.154414e+01
2.588000e-05	-1.682920e-02	1.147000e+01
2.589000e-05	-1.619238e-02	1.132476e+01
2.590000e-05	-1.374803e-02	1.129068e+01
2.591000e-05	-1.165159e-02	1.115639e+01
2.592000e-05	-1.132695e-02	1.108214e+01
2.593000e-05	-1.099474e-02	1.097687e+01
2.594000e-05	-1.200254e-02	1.089372e+01
2.595000e-05	-9.591840e-03	1.080950e+01
2.596000e-05	-1.065767e-02	1.069374e+01
2.597000e-05	-8.527479e-03	1.058747e+01
2.598000e-05	-9.495279e-03	1.046113e+01
2.599000e-05	-8.768473e-03	1.034679e+01
2.600000e-05	-1.027075e-02	1.024155e+01
2.601000e-05	-7.958961e-03	1.012481e+01
2.602000e-05	-8.738093e-03	1.000003e+01
2.603000e-05	-4.072620e-03	9.902659e+00
2.604000e-05	-6.451859e-03	9.717914e+00
2.605000e-05	-5.685269e-03	9.568395e+00
2.606000e-05	-7.552923e-03	9.452629e+00
2.607000e-05	-8.515831e-03	9.304814e+00
2.608000e-05	-6.511755e-03	9.198900e+00
2.609000e-05	-8.499199e-03	9.099654e+00
2.610000e-05	-5.800344e-03	8.892763e+00
2.611000e-05	-6.003478e-03	8.725215e+00
2.612000e-05	-3.670212e-03	8.557950e+00
2.613000e-05	-4.258892e-03	8.400628e+00
2.614000e-05	-4.694262e-03	8.261682e+00
2.615000e-05	-5.587466e-03	8.084303e+00
2.616000e-05	-6.458175e-03	7.874262e+00
2.617000e-05	-6.629833e-03	7.727417e+00
2.618000e-05	-7.358932e-03	7.566892e+00
2.619000e-05	-5.831884e-03	7.346936e+00
2.620000e-05	-4.743361e-03	7.185817e+00
2.621000e-05	-3.952453e-03	6.977572e+00
2.622000e-05	-3.539205e-03	6.830074e+00
2.623000e-05	-4.376919e-03	6.589029e+00
2.624000e-05	-4.099294e-03	6.388501e+00
2.625000e-05	-5.263129e-03	6.190550e+00
2.626000e-05	-5.646906e-03	6.060755e+00
2.627000e-05	-5.955645e-03	5.811080e+00
2.628000e-05	-5.461082e-03	5.621683e+00
2.629000e-05	-5.476857e-03	5.411603e+00
2.630000e-05	-4.564339e-03	5.193101e+00
2.631000e-05	-3.021025e-03	4.908920e+00
2.632000e-05	-2.911852e-03	4.737315e+00
2.633000e-05	-4.145773e-03	4.526870e+00
2.634000e-05	-5.349366e-03	4.359920e+00
2.635000e-05	-4.426904e-03	4.075441e+00
2.636000e-05	-4.672067e-03	3.884790e+00
2.637000e-05	-5.330304e-03	3.706338e+00
2.638000e-05	-4.829821e-03	3.516341e+00
2.639000e-05	-3.316542e-03	3.264334e+00
2.640000e-05	-3.736827e-03	3.063834e+00
2.641000e-05	-4.461826e-03	2.873207e+00
2.642000e-05	-3.724485e-03	2.652157e+00
2.643000e-05	-3.435098e-03	2.359049e+00
2.644000e-05	-3.931365e-03	2.190017e+00
2.645000e-05	-5.015853e-03	1.959996e+00
2.646000e-05	-4.401252e-03	1.750994e+00
2.647000e-05	-3.714562e-03	1.495338e+00
2.648000e-05	-5.014255e-03	1.273762e+00
2.649000e-05	-4.918437e-03	1.011175e+00
2.650000e-05	-3.321778e-03	7.584935e-01
2.651000e-05	-2.461743e-03	5.784437e-01
2.652000e-05	-2.489481e-03	3.499712e-01
2.653000e-05	-2.536782e-03	6.788903e-02
2.654000e-05	1.660061e-04	-1.141894e-01
2.655000e-05	5.980520e-03	-3.162393e-01
2.656000e-05	-3.814420e-03	-5.051630e-01
2.657000e-05	2.649878e-03	-7.462998e-01
2.658000e-05	-3.921670e-03	-9.147710e-01
2.659000e-05	3.307974e-03	-1.145263e+00
2.660000e-05	-3.517508e-03	-1.366395e+00
2.661000e-05	2.267839e-02	-1.569926e+00
2.662000e-05	8.254997e-02	-1.799273e+00
2.663000e-05	-7.353523e-03	-2.048908e+00
2.664000e-05	-6.114784e-02	-2.336726e+00
2.665000e-05	-1.494438e-02	-2.639509e+00
2.666000e-05	-6.720621e-02	-2.799447e+00
2.667000e-05	-2.816801e-02	-2.905767e+00
2.668000e-05	1.770586e-01	-3.111010e+00
2.669000e-05	-1.506626e-01	-3.334116e+00
2.670000e-05	6.960253e-02	-3.564345e+00
2.671000e-05	6.686046e-02	-3.682502e+00
2.672000e-05	-1.640516e-01	-3.996167e+00
2.673000e-05	1.580865e-01	-4.156742e+00
2.674000e-05	-5.526026e-02	-4.375790e+00
2.675000e-05	-4.422088e-02	-4.585746e+00
2.676000e-05	1.389140e-01	-4.767866e+00
2.677000e-05	-1.519221e-01	-5.038299e+00
2.678000e-05	1.036637e-01	-5.219899e+00
2.679000e-05	-4.510704e-02	-5.470033e+00
2.680000e-05	-3.976613e-02	-5.731563e+00
2.681000e-05	9.624107e-02	-5.891534e+00
2.682000e-05	-1.033778e-01	-6.091485e+00
2.683000e-05	1.004534e-01	-6.304087e+00
2.684000e-05	-5.140621e-02	-6.492559e+00
2.685000e-05	1.536846e-02	-6.723143e+00
2.686000e-05	3.347037e-02	-6.869009e+00
2.687000e-05	-9.715956e-02	-7.132086e+00
2.688000e-05	1.035680e-01	-7.283084e+00
2.689000e-05	-7.160472e-02	-7.480928e+00
2.690000e-05	4.938013e-02	-7.712059e+00
2.691000e-05	-4.486353e-03	-7.860978e+00
2.692000e-05	-2.027695e-02	-8.059480e+00
2.693000e-05	3.244941e-02	-8.207750e+00
2.694000e-05	-5.886916e-02	-8.354745e+00
2.695000e-05	5.956337e-02	-8.522586e+00
2.696000e-05	-2.098559e-02	-8.680361e+00
2.697000e-05	2.343377e-02	-8.850555e+00
2.698000e-05	-2.526813e-02	-8.989296e+00
2.699000e-05	-2.917037e-03	-9.125163e+00
2.700000e-05	2.542358e-02	-9.260926e+00
2.701000e-05	-2.240325e-02	-9.407321e+00
2.702000e-05	1.759502e-02	-9.554217e+00
2.703000e-05	-1.197154e-02	-9.692609e+00
2.704000e-05	2.626329e-02	-9.838401e+00
2.705000e-05	-2.206594e-02	-9.934267e+00
2.706000e-05	5.114347e-03	-1.005053e+01
2.707000e-05	1.104031e-03	-1.018830e+01
2.708000e-05	5.892100e-03	-1.034574e+01
2.709000e-05	-4.528846e-03	-1.045053e+01
2.710000e-05	-1.402018e-04	-1.059730e+01
2.711000e-05	1.306549e-02	-1.068156e+01
2.712000e-05	-4.051751e-03	-1.076727e+01
2.713000e-05	1.493317e-03	-1.086155e+01
2.714000e-05	-2.665419e-03	-1.098522e+01
2.715000e-05	1.277543e-02	-1.107255e+01
2.716000e-05	-3.987663e-03	-1.109529e+01
2.717000e-05	5.339896e-03	-1.124996e+01
2.718000e-05	1.496987e-03	-1.133411e+01
2.719000e-05	3.993423e-03	-1.140030e+01
2.720000e-05	-1.913812e-04	-1.143058e+01
2.721000e-05	3.543768e-03	-1.151522e+01
2.722000e-05	6.441319e-03	-1.157990e+01
2.723000e-05	3.790391e-03	-1.172166e+01
2.724000e-05	5.660764e-03	-1.173567e+01
2.725000e-05	3.328756e-03	-1.178785e+01
2.726000e-05	5.038761e-03	-1.187998e+01
2.727000e-05	7.544860e-04	-1.190206e+01
2.728000e-05	6.120552e-03	-1.192569e+01
2.729000e-05	4.397426e-03	-1.198832e+01
2.730000e-05	5.416108e-03	-1.198887e+01
2.731000e-05	6.084605e-03	-1.203005e+01
2.732000e-05	6.485170e-03	-1.208053e+01
2.733000e-05	6.184352e-03	-1.203361e+01
2.734000e-05	8.398307e-03	-1.209263e+01
2.735000e-05	1.104482e-02	-1.208266e+01
2.736000e-05	1.204613e-02	-1.208461e+01
2.737000e-05	9.851594e-03	-1.210314e+01
2.738000e-05	1.078473e-02	-1.207158e+01
2.739000e-05	1.265119e-02	-1.209211e+01
2.740000e-05	1.609039e-02	-1.208261e+01
2.741000e-05	1.612077e-02	-1.207211e+01
2.742000e-05	1.669077e-02	-1.201205e+01
2.743000e-05	1.740161e-02	-1.201898e+01
2.744000e-05	1.812503e-02	-1.197637e+01
2.745000e-05	2.168565e-02	-1.196575e+01
2.746000e-05	1.978915e-02	-1.191263e+01
2.747000e-05	1.893919e-02	-1.185151e+01
2.748000e-05	1.735669e-02	-1.177943e+01
2.749000e-05	1.568912e-02	-1.174626e+01
2.750000e-05	1.442639e-02	-1.168053e+01
2.751000e-05	1.249848e-02	-1.159835e+01
2.752000e-05	1.191950e-02	-1.151468e+01
2.753000e-05	1.022944e-02	-1.144000e+01
2.754000e-05	9.201662e-03	-1.132564e+01
2.755000e-05	9.135926e-03	-1.123043e+01
2.756000e-05	8.092015e-03	-1.113587e+01
2.757000e-05	5.457044e-03	-1.105003e+01
2.758000e-05	4.236619e-03	-1.092634e+01
2.759000e-05	3.420791e-03	-1.086418e+01
2.760000e-05	3.501498e-03	-1.077845e+01
2.761000e-05	4.078201e-03	-1.068571e+01
2.762000e-05	3.557438e-03	-1.066003e+01
2.763000e-05	2.642922e-03	-1.048479e+01
2.764000e-05	2.276778e-03	-1.041000e+01
2.765000e-05	1.686702e-03	-1.022263e+01
2.766000e-05	1.872787e-03	-1.015531e+01
2.767000e-05	4.490084e-04	-9.979024e+00
2.768000e-05	2.465813e-04	-9.884239e+00
2.769000e-05	1.148458e-03	-9.770424e+00
2.770000e-05	2.522505e-03	-9.644661e+00
2.771000e-05	6.024782e-04	-9.527290e+00
2.772000e-05	-6.055125e-04	-9.358371e+00
2.773000e-05	-8.510649e-04	-9.232529e+00
2.774000e-05	-1.137467e-03	-9.126186e+00
2.775000e-05	-1.019616e-03	-8.964868e+00
2.776000e-05	-6.160689e-04	-8.759074e+00
2.777000e-05	-7.189332e-04	-8.612102e+00
2.778000e-05	-2.014550e-03	-8.424682e+00
2.779000e-05	-1.792922e-03	-8.326283e+00
2.780000e-05	-1.978000e-03	-8.178398e+00
2.781000e-05	-2.766062e-03	-7.998527e+00
2.782000e-05	-3.031558e-03	-7.809997e+00
2.783000e-05	-1.940799e-03	-7.599496e+00
2.784000e-05	-2.841597e-03	-7.390525e+00
2.785000e-05	-2.363177e-03	-7.221654e+00
2.786000e-05	-2.617185e-03	-6.991052e+00
2.787000e-05	-3.029721e-03	-6.812126e+00
2.788000e-05	-3.384966e-03	-6.641204e+00
2.789000e-05	-4.203399e-03	-6.464782e+00
2.790000e-05	-3.705613e-03	-6.305214e+00
2.791000e-05	-3.191688e-03	-6.042258e+00
2.792000e-05	-3.843814e-03	-5.864233e+00
2.793000e-05	-3.656696e-03	-5.673208e+00
2.794000e-05	-4.107277e-03	-5.527360e+00
2.795000e-05	-4.094571e-03	-5.233256e+00
2.796000e-05	-3.580870e-03	-4.992204e+00
2.797000e-05	-3.060357e-03	-4.705570e+00
2.798000e-05	-5.325164e-03	-4.578997e+00
2.799000e-05	-3.592122e-03	-4.412196e+00
2.800000e-05	-4.597808e-03	-4.179104e+00
2.801000e-05	-3.287479e-03	-4.021170e+00
2.802000e-05	-4.634742e-03	-3.752070e+00
2.803000e-05	-3.752334e-03	-3.589650e+00
2.804000e-05	-3.968817e-03	-3.360920e+00
2.805000e-05	-4.268071e-03	-3.158097e+00
2.806000e-05	-4.526869e-03	-2.908393e+00
2.807000e-05	-5.460170e-03	-2.686342e+00
2.808000e-05	-5.224265e-03	-2.495286e+00
2.809000e-05	-4.223583e-03	-2.275291e+00
2.810000e-05	-4.098888e-03	-2.022106e+00
2.811000e-05	-4.881142e-03	-1.802206e+00
2.812000e-05	-4.339066e-03	-1.592671e+00
2.813000e-05	-5.343871e-03	-1.329096e+00
2.814000e-05	-4.542703e-03	-1.076309e+00
2.815000e-05	-5.639103e-03	-8.638365e-01
2.816000e-05	-4.486889e-03	-6.427278e-01
2.817000e-05	-5.453330e-03	-3.817063e-01
2.818000e-05	-4.726985e-03	-2.126239e-01
2.819000e-05	-3.108099e-03	8.375065e-03
2.820000e-05	3.751045e-03	2.385314e-01
2.821000e-05	-2.189732e-03	4.614568e-01
2.822000e-05	2.445436e-05	6.700042e-01
2.823000e-05	-1.684190e-03	8.105254e-01
2.824000e-05	-8.861086e-04	1.091081e+00
2.825000e-05	-3.019901e-03	1.302712e+00
2.826000e-05	3.993064e-04	1.574239e+00
2.827000e-05	1.763381e-02	1.786846e+00
2.828000e-05	6.669498e-02	1.966344e+00
2.829000e-05	1.177576e-02	2.208326e+00
2.830000e-05	-6.938012e-02	2.432427e+00
2.831000e-05	-2.000044e-02	2.714563e+00
2.832000e-05	-3.521988e-02	2.912140e+00
2.833000e-05	-6.484527e-02	3.053083e+00
2.834000e-05	7.375791e-02	3.188423e+00
2.835000e-05	7.614765e-02	3.471377e+00
2.836000e-05	-1.560080e-01	3.630001e+00
2.837000e-05	1.624374e-01	3.827250e+00
2.838000e-05	-7.562885e-02	4.009924e+00
2.839000e-05	-3.547303e-02	4.239880e+00
2.840000e-05	8.140471e-02	4.472032e+00
2.841000e-05	-6.363817e-02	4.702658e+00
2.842000e-05	2.186770e-02	4.931038e+00
2.843000e-05	1.089620e-02	5.188872e+00
2.844000e-05	-3.128313e-02	5.397903e+00
2.845000e-05	2.097042e-02	5.598905e+00
2.846000e-05	-2.987031e-02	5.879953e+00
2.847000e-05	4.441257e-03	6.020006e+00
2.848000e-05	-1.032904e-02	6.227853e+00
2.849000e-05	1.434493e-02	6.409505e+00
2.850000e-05	1.431174e-02	6.638823e+00
2.851000e-05	-2.985583e-02	6.819481e+00
2.852000e-05	2.827421e-02	7.017903e+00
2.853000e-05	-4.298488e-02	7.166400e+00
2.854000e-05	8.371517e-03	7.374692e+00
2.855000e-05	6.398005e-03	7.576797e+00
2.856000e-05	-1.025212e-02	7.774723e+00
2.857000e-05	1.267497e-02	7.985799e+00
2.858000e-05	-2.445356e-02	8.195801e+00
2.859000e-05	4.074438e-03	8.316617e+00
2.860000e-05	-1.161919e-02	8.451562e+00
2.861000e-05	6.051512e-03	8.578778e+00
2.862000e-05	-7.310295e-03	8.744768e+00
2.863000e-05	-2.602526e-03	8.862112e+00
2.864000e-05	3.548239e-03	9.048858e+00
2.865000e-05	-1.645791e-02	9.219379e+00
2.866000e-05	-6.878811e-05	9.364167e+00
2.867000e-05	-3.735498e-03	9.491537e+00
2.868000e-05	2.333720e-03	9.627349e+00
2.869000e-05	-1.070224e-02	9.764140e+00
2.870000e-05	-1.321689e-03	9.921734e+00
2.871000e-05	-3.539455e-03	1.003093e+01
2.872000e-05	-8.027939e-03	1.017469e+01
2.873000e-05	-9.776849e-03	1.029055e+01
2.874000e-05	-3.349576e-03	1.039735e+01
2.875000e-05	-2.147258e-03	1.051266e+01
2.876000e-05	-8.755565e-03	1.058683e+01
2.877000e-05	-3.621830e-03	1.077424e+01
2.878000e-05	-4.398965e-03	1.086148e+01
2.879000e-05	-5.581540e-03	1.098374e+01
2.880000e-05	-1.029095e-02	1.106995e+01
2.881000e-05	-5.991997e-03	1.114419e+01
2.882000e-05	-6.606529e-03	1.125742e+01
2.883000e-05	-7.966699e-03	1.133414e+01
2.884000e-05	-5.936499e-03	1.137632e+01
2.885000e-05	-7.185416e-03	1.147903e+01
2.886000e-05	-8.752161e-03	1.149416e+01
2.887000e-05	-8.953401e-03	1.164085e+01
2.888000e-05	-4.147423e-03	1.171311e+01
2.889000e-05	-7.536760e-03	1.175477e+01
2.890000e-05	-8.967507e-03	1.180737e+01
2.891000e-05	-1.054686e-02	1.183905e+01
2.892000e-05	-9.670503e-03	1.188161e+01
2.893000e-05	-1.028375e-02	1.194466e+01
2.894000e-05	-1.080642e-02	1.194521e+01
2.895000e-05	-1.056692e-02	1.201732e+01
2.896000e-05	-1.229381e-02	1.198842e+01
2.897000e-05	-1.299831e-02	1.198935e+01
2.898000e-05	-1.219239e-02	1.199945e+01
2.899000e-05	-1.246059e-02	1.202010e+01
2.900000e-05	-1.551284e-02	1.206106e+01
2.901000e-05	-1.555016e-02	1.208106e+01
2.902000e-05	-1.648132e-02	1.207266e+01
2.903000e-05	-1.663977e-02	1.208198e+01
2.904000e-05	-1.892109e-02	1.209213e+01
2.905000e-05	-1.994555e-02	1.206161e+01
2.906000e-05	-2.120226e-02	1.206100e+01
2.907000e-05	-2.301194e-02	1.205056e+01
2.908000e-05	-2.309244e-02	1.200948e+01
2.909000e-05	-2.396595e-02	1.199790e+01
2.910000e-05	-2.451855e-02	1.195574e+01
2.911000e-05	-2.561446e-02	1.195524e+01
2.912000e-05	-2.387653e-02	1.187168e+01
2.913000e-05	-2.303391e-02	1.180946e+01
2.914000e-05	-2.201707e-02	1.180898e+01
2.915000e-05	-2.085312e-02	1.174624e+01
2.916000e-05	-2.064484e-02	1.169219e+01
2.917000e-05	-1.754936e-02	1.161806e+01
2.918000e-05	-1.790703e-02	1.149464e+01
2.919000e-05	-1.586779e-02	1.142996e+01
2.920000e-05	-1.522467e-02	1.132529e+01
2.921000e-05	-1.252514e-02	1.122050e+01
2.922000e-05	-1.245808e-02	1.117532e+01
2.923000e-05	-1.236540e-02	1.107261e+01
2.924000e-05	-1.067995e-02	1.097787e+01
2.925000e-05	-1.178830e-02	1.090474e+01
2.926000e-05	-1.037429e-02	1.082043e+01
2.927000e-05	-1.180900e-02	1.071274e+01
2.928000e-05	-7.976667e-03	1.059943e+01
2.929000e-05	-9.520465e-03	1.047273e+01
2.930000e-05	-6.960938e-03	1.034589e+01
2.931000e-05	-9.856508e-03	1.020948e+01
2.932000e-05	-6.066168e-03	1.011424e+01
2.933000e-05	-9.121306e-03	1.004008e+01
2.934000e-05	-5.706060e-03	9.903333e+00
2.935000e-05	-6.980752e-03	9.695819e+00
2.936000e-05	-6.817004e-03	9.588894e+00
2.937000e-05	-8.037697e-03	9.463131e+00
2.938000e-05	-6.872289e-03	9.325840e+00
2.939000e-05	-5.655490e-03	9.230025e+00
2.940000e-05	-5.685663e-03	9.051584e+00
2.941000e-05	-6.535441e-03	8.843707e+00
2.942000e-05	-5.729354e-03	8.744817e+00
2.943000e-05	-5.439284e-03	8.588924e+00
2.944000e-05	-5.464158e-03	8.411653e+00
2.945000e-05	-6.019349e-03	8.255686e+00
2.946000e-05	-5.689572e-03	8.085760e+00
2.947000e-05	-5.803838e-03	7.884715e+00
2.948000e-05	-5.198935e-03	7.716843e+00
2.949000e-05	-4.224069e-03	7.579070e+00
2.950000e-05	-3.759529e-03	7.357996e+00
2.951000e-05	-5.222382e-03	7.177367e+00
2.952000e-05	-5.693470e-03	6.968422e+00
2.953000e-05	-5.748907e-03	6.799975e+00
2.954000e-05	-4.541869e-03	6.619572e+00
2.955000e-05	-4.662117e-03	6.367973e+00
2.956000e-05	-4.963346e-03	6.170674e+00
2.957000e-05	-4.586091e-03	6.053132e+00
2.958000e-05	-4.499044e-03	5.873584e+00
2.959000e-05	-4.693892e-03	5.611130e+00
2.960000e-05	-5.043656e-03	5.422203e+00
2.961000e-05	-5.026415e-03	5.219675e+00
2.962000e-05	-3.890291e-03	5.007946e+00
2.963000e-05	-4.416339e-03	4.766841e+00
2.964000e-05	-4.356328e-03	4.537868e+00
2.965000e-05	-4.285540e-03	4.370417e+00
2.966000e-05	-4.430621e-03	4.095912e+00
2.967000e-05	-4.261691e-03	3.883838e+00
2.968000e-05	-4.310089e-03	3.705788e+00
2.969000e-05	-4.259326e-03	3.495366e+00
2.970000e-05	-3.969778e-03	3.254283e+00
2.971000e-05	-4.225593e-03	3.043182e+00
2.972000e-05	-4.602806e-03	2.863735e+00
2.973000e-05	-5.011277e-03	2.633358e+00
2.974000e-05	-4.305301e-03	2.370024e+00
2.975000e-05	-4.025864e-03	2.178819e+00
2.976000e-05	-4.039890e-03	1.967521e+00
2.977000e-05	-4.049538e-03	1.769471e+00
2.978000e-05	-3.951203e-03	1.495888e+00
2.979000e-05	-3.747277e-03	1.276208e+00
2.980000e-05	-4.210564e-03	1.022208e+00
2.981000e-05	-4.310887e-03	7.494948e-01
2.982000e-05	-4.294678e-03	5.289183e-01
2.983000e-05	-3.162977e-03	3.589724e-01
2.984000e-05	-2.867698e-03	1.137630e-01
2.985000e-05	2.765439e-04	-1.256145e-01
2.986000e-05	6.763483e-03	-3.157132e-01
2.987000e-05	-3.530187e-03	-5.141128e-01
2.988000e-05	3.086011e-03	-7.857694e-01
2.989000e-05	-3.865379e-03	-9.573397e-01
2.990000e-05	1.154417e-03	-1.167241e+00
2.991000e-05	-1.766471e-03	-1.418350e+00
2.992000e-05	1.914133e-02	-1.600925e+00
2.993000e-05	8.283110e-02	-1.796872e+00
2.994000e-05	-6.044623e-03	-2.017954e+00
2.995000e-05	-6.340317e-02	-2.397321e+00
2.996000e-05	-1.324182e-02	-2.660482e+00
2.997000e-05	-6.684608e-02	-2.806904e+00
2.998000e-05	-3.164513e-02	-2.922661e+00
2.999000e-05	1.769601e-01	-3.081503e+00
3.000000e-05	-1.406333e-01	-3.335117e+00
3.001000e-05	5.461559e-02	-3.545245e+00
3.002000e-05	7.493237e-02	-3.680508e+00
3.003000e-05	-1.683052e-01	-4.006771e+00
3.004000e-05	1.560205e-01	-4.165820e+00
3.005000e-05	-4.557189e-02	-4.355192e+00
3.006000e-05	-5.258632e-02	-4.575697e+00
3.007000e-05	1.420204e-01	-4.775671e+00
3.008000e-05	-1.487935e-01	-5.009829e+00
3.009000e-05	9.590257e-02	-5.210877e+00
3.010000e-05	-3.412106e-02	-5.440028e+00
3.011000e-05	-4.757699e-02	-5.733687e+00
3.012000e-05	1.018620e-01	-5.871960e+00
3.013000e-05	-1.046537e-01	-6.090434e+00
3.014000e-05	9.610174e-02	-6.344513e+00
3.015000e-05	-4.506255e-02	-6.514613e+00
3.016000e-05	8.164368e-03	-6.732662e+00
3.017000e-05	4.002077e-02	-6.861505e+00
3.018000e-05	-9.977818e-02	-7.074563e+00
3.019000e-05	1.048595e-01	-7.302609e+00
3.020000e-05	-6.694445e-02	-7.461380e+00
3.021000e-05	4.402833e-02	-7.669931e+00
3.022000e-05	2.318750e-04	-7.860458e+00
3.023000e-05	-2.532338e-02	-8.061456e+00
3.024000e-05	3.518378e-02	-8.229321e+00
3.025000e-05	-5.989905e-02	-8.346241e+00
3.026000e-05	5.910252e-02	-8.492509e+00
3.027000e-05	-1.902696e-02	-8.670481e+00
3.028000e-05	2.015277e-02	-8.840527e+00
3.029000e-05	-2.350438e-02	-8.976322e+00
3.030000e-05	-5.128171e-03	-9.083116e+00
3.031000e-05	2.746650e-02	-9.211453e+00
3.032000e-05	-2.285826e-02	-9.436775e+00
3.033000e-05	1.696927e-02	-9.555671e+00
3.034000e-05	-1.236634e-02	-9.692586e+00
3.035000e-05	2.492981e-02	-9.818901e+00
3.036000e-05	-2.168763e-02	-9.934187e+00
3.037000e-05	4.177139e-03	-1.005156e+01
3.038000e-05	3.194609e-03	-1.019832e+01
3.039000e-05	5.183806e-03	-1.036522e+01
3.040000e-05	-4.627643e-03	-1.046198e+01
3.041000e-05	-2.180875e-03	-1.055682e+01
3.042000e-05	1.449370e-02	-1.066361e+01
3.043000e-05	-4.146350e-03	-1.076722e+01
3.044000e-05	1.552364e-03	-1.082201e+01
3.045000e-05	-3.722813e-03	-1.095477e+01
3.046000e-05	1.393738e-02	-1.105288e+01
3.047000e-05	-4.089063e-03	-1.115172e+01
3.048000e-05	5.245315e-03	-1.125951e+01
3.049000e-05	1.315650e-03	-1.135311e+01
3.050000e-05	3.409969e-03	-1.142798e+01
3.051000e-05	-5.179194e-04	-1.146054e+01
3.052000e-05	4.540025e-03	-1.154622e+01
3.053000e-05	7.671216e-03	-1.162980e+01
3.054000e-05	4.030370e-03	-1.166196e+01
3.055000e-05	3.487846e-03	-1.174374e+01
3.056000e-05	1.164267e-03	-1.180975e+01
3.057000e-05	5.264071e-03	-1.186045e+01
3.058000e-05	3.159026e-03	-1.191149e+01
3.059000e-05	6.615264e-03	-1.194426e+01
3.060000e-05	4.478819e-03	-1.195635e+01
3.061000e-05	4.661146e-03	-1.200737e+01
3.062000e-05	6.141730e-03	-1.203093e+01
3.063000e-05	6.737534e-03	-1.205051e+01
3.064000e-05	7.016552e-03	-1.206159e+01
3.065000e-05	7.750380e-03	-1.204215e+01
3.066000e-05	1.022919e-02	-1.210368e+01
3.067000e-05	1.140872e-02	-1.212466e+01
3.068000e-05	9.940828e-03	-1.210469e+01
3.069000e-05	1.169473e-02	-1.209416e+01
3.070000e-05	1.246242e-02	-1.205264e+01
3.071000e-05	1.606115e-02	-1.209311e+01
3.072000e-05	1.558905e-02	-1.203218e+01
3.073000e-05	1.769298e-02	-1.204953e+01
3.074000e-05	1.843896e-02	-1.198800e+01
3.075000e-05	1.779560e-02	-1.196735e+01
3.076000e-05	1.924223e-02	-1.189464e+01
3.077000e-05	1.938112e-02	-1.190213e+01
3.078000e-05	1.844315e-02	-1.184093e+01
3.079000e-05	1.711167e-02	-1.185682e+01
3.080000e-05	1.610149e-02	-1.169774e+01
3.081000e-05	1.436748e-02	-1.162208e+01
3.082000e-05	1.272156e-02	-1.159693e+01
3.083000e-05	1.177026e-02	-1.150579e+01
3.084000e-05	1.051786e-02	-1.142190e+01
3.085000e-05	9.400238e-03	-1.133579e+01
3.086000e-05	8.674714e-03	-1.127001e+01
3.087000e-05	7.905431e-03	-1.113792e+01
3.088000e-05	5.926302e-03	-1.106188e+01
3.089000e-05	4.519072e-03	-1.097584e+01
3.090000e-05	4.090305e-03	-1.084368e+01
3.091000e-05	4.184525e-03	-1.081893e+01
3.092000e-05	3.998735e-03	-1.069529e+01
3.093000e-05	2.948171e-03	-1.059203e+01
3.094000e-05	2.332622e-03	-1.049375e+01
3.095000e-05	2.500766e-03	-1.038998e+01
3.096000e-05	2.279690e-03	-1.023508e+01
3.097000e-05	1.768202e-03	-1.016527e+01
3.098000e-05	1.644204e-04	-1.002098e+01
3.099000e-05	1.361894e-03	-9.914185e+00
3.100000e-05	8.423929e-04	-9.728945e+00
3.101000e-05	4.707294e-04	-9.662556e+00
3.102000e-05	-7.450859e-04	-9.517767e+00
3.103000e-05	-3.846787e-04	-9.378398e+00
3.104000e-05	-1.012891e-04	-9.231659e+00
3.105000e-05	-5.933780e-05	-9.095161e+00
3.106000e-05	-1.162637e-03	-8.967367e+00
3.107000e-05	-9.063673e-04	-8.810525e+00
3.108000e-05	-1.430481e-03	-8.659532e+00
3.109000e-05	-1.874739e-03	-8.484680e+00
3.110000e-05	-6.351964e-04	-8.335735e+00
3.111000e-05	-2.410299e-03	-8.167943e+00
3.112000e-05	-1.995953e-03	-7.989524e+00
3.113000e-05	-2.132648e-03	-7.789949e+00
3.114000e-05	-1.626551e-03	-7.589428e+00
3.115000e-05	-3.601215e-03	-7.391973e+00
3.116000e-05	-3.142435e-03	-7.223199e+00
3.117000e-05	-2.962133e-03	-7.030028e+00
3.118000e-05	-3.181630e-03	-6.813104e+00
3.119000e-05	-3.824636e-03	-6.643134e+00
3.120000e-05	-3.693646e-03	-6.454710e+00
3.121000e-05	-3.585425e-03	-6.295688e+00
3.122000e-05	-4.094176e-03	-6.054834e+00
3.123000e-05	-4.852267e-03	-5.883229e+00
3.124000e-05	-3.554724e-03	-5.705311e+00
3.125000e-05	-4.247341e-03	-5.476267e+00
3.126000e-05	-3.585445e-03	-5.253229e+00
3.127000e-05	-4.011631e-03	-5.022656e+00
3.128000e-05	-2.715956e-03	-4.811592e+00
3.129000e-05	-5.018761e-03	-4.578471e+00
3.130000e-05	-3.243593e-03	-4.390524e+00
3.131000e-05	-5.126295e-03	-4.231150e+00
3.132000e-05	-3.012466e-03	-4.012079e+00
3.133000e-05	-3.917995e-03	-3.862073e+00
3.134000e-05	-2.937222e-03	-3.579999e+00
3.135000e-05	-4.427439e-03	-3.371420e+00
3.136000e-05	-5.729668e-03	-3.169522e+00
3.137000e-05	-4.331567e-03	-2.898913e+00
3.138000e-05	-5.132556e-03	-2.715862e+00
3.139000e-05	-4.320476e-03	-2.464762e+00
3.140000e-05	-4.134939e-03	-2.294788e+00
3.141000e-05	-2.801798e-03	-2.043703e+00
3.142000e-05	-3.826991e-03	-1.824680e+00
3.143000e-05	-4.635602e-03	-1.613630e+00
3.144000e-05	-5.940248e-03	-1.369517e+00
3.145000e-05	-5.111490e-03	-1.086288e+00
3.146000e-05	-5.859419e-03	-8.263080e-01
3.147000e-05	-4.192825e-03	-6.463353e-01
3.148000e-05	-6.588891e-03	-3.917026e-01
3.149000e-05	-3.714237e-03	-1.921051e-01
3.150000e-05	-2.164433e-03	-3.127682e-03
3.151000e-05	4.548271e-03	2.009542e-01
3.152000e-05	-1.881793e-03	4.515579e-01
3.153000e-05	-5.863497e-04	6.605068e-01
3.154000e-05	-2.445486e-03	8.305802e-01
3.155000e-05	-2.136990e-03	1.061556e+00
3.156000e-05	-3.337524e-03	1.304163e+00
3.157000e-05	1.283804e-03	1.533119e+00
3.158000e-05	1.667078e-02	1.765793e+00
3.159000e-05	6.552487e-02	1.966297e+00
3.160000e-05	1.508320e-02	2.188299e+00
3.161000e-05	-7.103533e-02	2.470433e+00
3.162000e-05	-2.130543e-02	2.693041e+00
3.163000e-05	-3.466648e-02	2.912637e+00
3.164000e-05	-6.467717e-02	3.050477e+00
3.165000e-05	6.752194e-02	3.186400e+00
3.166000e-05	8.342287e-02	3.427853e+00
3.167000e-05	-1.592458e-01	3.600454e+00
3.168000e-05	1.575489e-01	3.887767e+00
3.169000e-05	-6.543777e-02	3.989451e+00
3.170000e-05	-4.119296e-02	4.249410e+00
3.171000e-05	8.308900e-02	4.451033e+00
3.172000e-05	-6.314706e-02	4.680658e+00
3.173000e-05	1.754695e-02	4.862938e+00
3.174000e-05	1.492160e-02	5.146271e+00
3.175000e-05	-3.150925e-02	5.447949e+00
3.176000e-05	2.194655e-02	5.638899e+00
3.177000e-05	-2.927975e-02	5.888301e+00
3.178000e-05	2.370630e-03	6.048457e+00
3.179000e-05	-1.033863e-02	6.218920e+00
3.180000e-05	1.237831e-02	6.400305e+00
3.181000e-05	1.605937e-02	6.617348e+00
3.182000e-05	-3.143086e-02	6.829398e+00
3.183000e-05	2.889395e-02	7.049378e+00
3.184000e-05	-3.985885e-02	7.167398e+00
3.185000e-05	8.040035e-03	7.343670e+00
3.186000e-05	7.444568e-03	7.567720e+00
3.187000e-05	-1.239594e-02	7.765294e+00
3.188000e-05	1.251152e-02	8.015290e+00
3.189000e-05	-2.434114e-02	8.196793e+00
3.190000e-05	4.422827e-03	8.313664e+00
3.191000e-05	-1.040648e-02	8.461533e+00
3.192000e-05	5.990079e-03	8.557849e+00
3.193000e-05	-7.169922e-03	8.765190e+00
3.194000e-05	-3.176313e-03	8.871061e+00
3.195000e-05	2.692731e-03	9.099380e+00
3.196000e-05	-1.612935e-02	9.218925e+00
3.197000e-05	-8.778560e-04	9.325267e+00
3.198000e-05	-3.807494e-03	9.452482e+00
3.199000e-05	1.763451e-03	9.618875e+00
3.200000e-05	-9.526248e-03	9.724667e+00
3.201000e-05	-1.757373e-03	9.963035e+00
3.202000e-05	-4.627954e-03	1.004833e+01
3.203000e-05	-9.008735e-03	1.011529e+01
3.204000e-05	-8.943621e-03	1.031253e+01
3.205000e-05	-1.463227e-03	1.038692e+01
3.206000e-05	-1.637495e-03	1.044269e+01
3.207000e-05	-8.195559e-03	1.065778e+01
3.208000e-05	-3.924288e-03	1.069522e+01
3.209000e-05	-5.372212e-03	1.085046e+01
3.210000e-05	-6.276181e-03	1.098627e+01
3.211000e-05	-1.086797e-02	1.101848e+01
3.212000e-05	-3.930781e-03	1.116419e+01
3.213000e-05	-7.799022e-03	1.118890e+01
3.214000e-05	-6.289397e-03	1.128361e+01
3.215000e-05	-6.995546e-03	1.137632e+01
3.216000e-05	-5.533867e-03	1.153093e+01
3.217000e-05	-8.515172e-03	1.157527e+01
3.218000e-05	-9.072534e-03	1.163878e+01
3.219000e-05	-5.423279e-03	1.167259e+01
3.220000e-05	-7.562534e-03	1.173527e+01
3.221000e-05	-7.818957e-03	1.178825e+01
3.222000e-05	-1.133250e-02	1.180953e+01
3.223000e-05	-9.314490e-03	1.187211e+01
3.224000e-05	-9.926349e-03	1.190316e+01
3.225000e-05	-1.077888e-02	1.190686e+01
3.226000e-05	-1.153242e-02	1.199632e+01
3.227000e-05	-1.235678e-02	1.197838e+01
3.228000e-05	-1.240108e-02	1.201838e+01
3.229000e-05	-1.310165e-02	1.202198e+01
3.230000e-05	-1.301864e-02	1.203848e+01
3.231000e-05	-1.515365e-02	1.204105e+01
3.232000e-05	-1.615634e-02	1.205256e+01
3.233000e-05	-1.710736e-02	1.211209e+01
3.234000e-05	-1.759008e-02	1.210363e+01
3.235000e-05	-1.956853e-02	1.209216e+01
3.236000e-05	-1.996232e-02	1.212106e+01
3.237000e-05	-2.020377e-02	1.204255e+01
3.238000e-05	-2.256771e-02	1.202255e+01
3.239000e-05	-2.302463e-02	1.201893e+01
3.240000e-05	-2.461077e-02	1.197737e+01
3.241000e-05	-2.507563e-02	1.195777e+01
3.242000e-05	-2.506810e-02	1.193484e+01
3.243000e-05	-2.387392e-02	1.187211e+01
3.244000e-05	-2.367647e-02	1.182956e+01
3.245000e-05	-2.186807e-02	1.180835e+01
3.246000e-05	-2.049297e-02	1.173727e+01
3.247000e-05	-1.932147e-02	1.167171e+01
3.248000e-05	-1.947911e-02	1.158850e+01
3.249000e-05	-1.755819e-02	1.150309e+01
3.250000e-05	-1.532633e-02	1.145940e+01
3.251000e-05	-1.621461e-02	1.134434e+01
3.252000e-05	-1.408775e-02	1.123008e+01
3.253000e-05	-1.249362e-02	1.114690e+01
3.254000e-05	-1.239551e-02	1.106273e+01
3.255000e-05	-1.194098e-02	1.096992e+01
3.256000e-05	-1.201293e-02	1.087426e+01
3.257000e-05	-9.488056e-03	1.081095e+01
3.258000e-05	-1.110794e-02	1.074366e+01
3.259000e-05	-8.022060e-03	1.060947e+01
3.260000e-05	-1.048250e-02	1.042213e+01
3.261000e-05	-7.011899e-03	1.033684e+01
3.262000e-05	-9.345220e-03	1.024153e+01
3.263000e-05	-6.938720e-03	1.013681e+01
3.264000e-05	-9.202580e-03	1.003103e+01
3.265000e-05	-6.368336e-03	9.873162e+00
3.266000e-05	-6.760381e-03	9.717821e+00
3.267000e-05	-6.600864e-03	9.578500e+00
3.268000e-05	-8.322591e-03	9.431128e+00
3.269000e-05	-7.747982e-03	9.335815e+00
3.270000e-05	-5.831280e-03	9.197048e+00
3.271000e-05	-4.829022e-03	9.051105e+00
3.272000e-05	-5.842322e-03	8.873335e+00
3.273000e-05	-6.773468e-03	8.735790e+00
3.274000e-05	-5.309388e-03	8.597923e+00
3.275000e-05	-5.852621e-03	8.421580e+00
3.276000e-05	-5.949997e-03	8.253633e+00
3.277000e-05	-5.207148e-03	8.094264e+00
3.278000e-05	-4.848961e-03	7.946789e+00
3.279000e-05	-4.706167e-03	7.746866e+00
3.280000e-05	-4.971828e-03	7.576448e+00
3.281000e-05	-5.070028e-03	7.295448e+00
3.282000e-05	-5.099109e-03	7.147371e+00
3.283000e-05	-4.813417e-03	6.978523e+00
3.284000e-05	-5.645116e-03	6.820051e+00
3.285000e-05	-4.047592e-03	6.620575e+00
3.286000e-05	-5.063618e-03	6.379049e+00
3.287000e-05	-4.640655e-03	6.200054e+00
3.288000e-05	-4.834662e-03	6.021680e+00
3.289000e-05	-4.836444e-03	5.823678e+00
3.290000e-05	-4.471086e-03	5.620678e+00
3.291000e-05	-5.573890e-03	5.441128e+00
3.292000e-05	-4.642042e-03	5.233148e+00
3.293000e-05	-4.731415e-03	4.939965e+00
3.294000e-05	-4.817351e-03	4.727866e+00
3.295000e-05	-3.331664e-03	4.548441e+00
3.296000e-05	-3.561595e-03	4.356395e+00
3.297000e-05	-5.255806e-03	4.087941e+00
3.298000e-05	-4.351557e-03	3.905314e+00
3.299000e-05	-5.899482e-03	3.706916e+00
3.300000e-05	-3.429789e-03	3.507740e+00
3.301000e-05	-5.320484e-03	3.234707e+00
3.302000e-05	-4.637054e-03	3.093713e+00
3.303000e-05	-4.300583e-03	2.844210e+00
3.304000e-05	-2.806753e-03	2.655208e+00
3.305000e-05	-3.426564e-03	2.429549e+00
3.306000e-05	-4.397014e-03	2.179951e+00
3.307000e-05	-4.888941e-03	1.980546e+00
3.308000e-05	-3.904940e-03	1.758545e+00
3.309000e-05	-3.650316e-03	1.505893e+00
3.310000e-05	-4.631974e-03	1.274758e+00
3.311000e-05	-4.777416e-03	1.022729e+00
3.312000e-05	-3.772331e-03	7.690210e-01
3.313000e-05	-3.976475e-03	5.776147e-01
3.314000e-05	-3.195320e-03	3.799222e-01
3.315000e-05	-2.148392e-03	1.363882e-01
3.316000e-05	1.746069e-04	-1.047393e-01
3.317000e-05	6.829034e-03	-3.142120e-01
3.318000e-05	-4.177397e-03	-5.041093e-01
3.319000e-05	3.033230e-03	-8.038435e-01
3.320000e-05	-3.734917e-03	-9.542159e-01
3.321000e-05	1.540064e-03	-1.124243e+00
3.322000e-05	-2.262945e-03	-1.366721e+00
3.323000e-05	1.799795e-02	-1.608875e+00
3.324000e-05	8.257463e-02	-1.757295e+00
3.325000e-05	3.847354e-04	-2.050954e+00
3.326000e-05	-6.607787e-02	-2.346266e+00
3.327000e-05	-1.248275e-02	-2.640323e+00
3.328000e-05	-6.629355e-02	-2.788375e+00
3.329000e-05	-3.600478e-02	-2.925813e+00
3.330000e-05	1.763423e-01	-3.071433e+00
3.331000e-05	-1.305982e-01	-3.324562e+00
3.332000e-05	4.010741e-02	-3.544262e+00
3.333000e-05	8.448346e-02	-3.662084e+00
3.334000e-05	-1.723229e-01	-3.954320e+00
3.335000e-05	1.520707e-01	-4.166300e+00
3.336000e-05	-3.615971e-02	-4.344692e+00
3.337000e-05	-6.128200e-02	-4.525267e+00
3.338000e-05	1.432444e-01	-4.707286e+00
3.339000e-05	-1.464410e-01	-5.029373e+00
3.340000e-05	8.928863e-02	-5.229978e+00
3.341000e-05	-2.493302e-02	-5.409952e+00
3.342000e-05	-5.416794e-02	-5.712060e+00
3.343000e-05	1.049823e-01	-5.882507e+00
3.344000e-05	-1.028730e-01	-6.072530e+00
3.345000e-05	9.084680e-02	-6.283061e+00
3.346000e-05	-3.897254e-02	-6.493557e+00
3.347000e-05	9.081391e-04	-6.732137e+00
3.348000e-05	4.685899e-02	-6.841404e+00
3.349000e-05	-1.031901e-01	-7.102058e+00
3.350000e-05	1.042066e-01	-7.292609e+00
3.351000e-05	-6.312978e-02	-7.440929e+00
3.352000e-05	3.825810e-02	-7.631507e+00
3.353000e-05	4.873169e-03	-7.881480e+00
3.354000e-05	-2.914513e-02	-8.069958e+00
3.355000e-05	3.865348e-02	-8.187819e+00
3.356000e-05	-6.012750e-02	-8.333767e+00
3.357000e-05	5.741254e-02	-8.521082e+00
3.358000e-05	-1.863435e-02	-8.690958e+00
3.359000e-05	1.783965e-02	-8.830505e+00
3.360000e-05	-1.966945e-02	-8.986821e+00
3.361000e-05	-8.415439e-03	-9.115588e+00
3.362000e-05	2.911541e-02	-9.221430e+00
3.363000e-05	-2.432662e-02	-9.397747e+00
3.364000e-05	1.764927e-02	-9.545712e+00
3.365000e-05	-1.354098e-02	-9.713109e+00
3.366000e-05	2.476097e-02	-9.829421e+00
3.367000e-05	-2.047211e-02	-9.914713e+00
3.368000e-05	2.901689e-03	-1.006250e+01
3.369000e-05	3.816432e-03	-1.017632e+01
3.370000e-05	4.864867e-03	-1.033619e+01
3.371000e-05	-3.084774e-03	-1.047003e+01
3.372000e-05	-2.732999e-03	-1.058675e+01
3.373000e-05	1.441051e-02	-1.064151e+01
3.374000e-05	-5.812836e-03	-1.077577e+01
3.375000e-05	1.672524e-03	-1.086098e+01
3.376000e-05	-4.139625e-03	-1.096422e+01
3.377000e-05	1.328057e-02	-1.106295e+01
3.378000e-05	-3.677465e-03	-1.111517e+01
3.379000e-05	4.674468e-03	-1.125040e+01
3.380000e-05	2.116345e-03	-1.133316e+01
3.381000e-05	3.328473e-03	-1.143085e+01
3.382000e-05	-1.197650e-04	-1.145156e+01
3.383000e-05	3.485354e-03	-1.156532e+01
3.384000e-05	7.357197e-03	-1.161788e+01
3.385000e-05	1.949694e-03	-1.170456e+01
3.386000e-05	3.615417e-03	-1.174575e+01
3.387000e-05	1.943596e-03	-1.180730e+01
3.388000e-05	5.848371e-03	-1.182043e+01
3.389000e-05	2.050315e-03	-1.194356e+01
3.390000e-05	5.894538e-03	-1.193424e+01
3.391000e-05	3.984652e-03	-1.195720e+01
3.392000e-05	5.925932e-03	-1.201845e+01
3.393000e-05	7.292615e-03	-1.202043e+01
3.394000e-05	7.251915e-03	-1.205053e+01
3.395000e-05	6.296877e-03	-1.205366e+01
3.396000e-05	6.381616e-03	-1.208211e+01
3.397000e-05	1.071426e-02	-1.207411e+01
3.398000e-05	1.181103e-02	-1.212318e+01
3.399000e-05	9.841137e-03	-1.208409e+01
3.400000e-05	1.136968e-02	-1.210361e+01
3.401000e-05	1.307135e-02	-1.210371e+01
3.402000e-05	1.574030e-02	-1.206256e+01
3.403000e-05	1.522893e-02	-1.208165e+01
3.404000e-05	1.735851e-02	-1.201211e+01
3.405000e-05	1.895225e-02	-1.197995e+01
3.406000e-05	1.803713e-02	-1.196892e+01
3.407000e-05	1.849248e-02	-1.196617e+01
3.408000e-05	1.914353e-02	-1.186409e+01
3.409000e-05	1.923336e-02	-1.187143e+01
3.410000e-05	1.781504e-02	-1.180797e+01
3.411000e-05	1.629507e-02	-1.175676e+01
3.412000e-05	1.515960e-02	-1.164208e+01
3.413000e-05	1.358144e-02	-1.156792e+01
3.414000e-05	1.159258e-02	-1.151476e+01
3.415000e-05	9.615252e-03	-1.139848e+01
3.416000e-05	8.609545e-03	-1.132669e+01
3.417000e-05	9.054610e-03	-1.122015e+01
3.418000e-05	7.818787e-03	-1.108832e+01
3.419000e-05	5.978342e-03	-1.103266e+01
3.420000e-05	4.959845e-03	-1.094737e+01
3.421000e-05	4.904980e-03	-1.088268e+01
3.422000e-05	4.265494e-03	-1.080895e+01
3.423000e-05	2.251642e-03	-1.069474e+01
3.424000e-05	2.756581e-03	-1.065155e+01
3.425000e-05	3.141848e-03	-1.051524e+01
3.426000e-05	1.801766e-03	-1.040092e+01
3.427000e-05	1.270770e-03	-1.026268e+01
3.428000e-05	1.154960e-03	-1.016689e+01
3.429000e-05	2.025582e-03	-1.001960e+01
3.430000e-05	4.618626e-04	-9.925710e+00
3.431000e-05	1.164161e-03	-9.769945e+00
3.432000e-05	8.301559e-04	-9.662657e+00
3.433000e-05	-2.177242e-04	-9.556266e+00
3.434000e-05	-3.255628e-04	-9.338497e+00
3.435000e-05	-8.958884e-04	-9.271183e+00
3.436000e-05	-9.068692e-04	-9.083189e+00
3.437000e-05	-5.736561e-04	-8.989421e+00
3.438000e-05	-9.538268e-04	-8.781050e+00
3.439000e-05	-2.274058e-03	-8.641479e+00
3.440000e-05	-1.147734e-03	-8.462757e+00
3.441000e-05	-5.199863e-04	-8.333838e+00
3.442000e-05	-1.200440e-03	-8.108921e+00
3.443000e-05	-2.542530e-03	-8.019648e+00
3.444000e-05	-2.396504e-03	-7.821055e+00
3.445000e-05	-2.366274e-03	-7.590469e+00
3.446000e-05	-3.042697e-03	-7.419624e+00
3.447000e-05	-3.463643e-03	-7.211181e+00
3.448000e-05	-3.262672e-03	-7.014078e+00
3.449000e-05	-3.250354e-03	-6.803203e+00
3.450000e-05	-3.643339e-03	-6.662754e+00
3.451000e-05	-3.623912e-03	-6.474709e+00
3.452000e-05	-3.465940e-03	-6.335736e+00
3.453000e-05	-2.885532e-03	-6.083260e+00
3.454000e-05	-4.375878e-03	-5.864211e+00
3.455000e-05	-3.457300e-03	-5.694709e+00
3.456000e-05	-4.483007e-03	-5.504790e+00
3.457000e-05	-4.067471e-03	-5.234339e+00
3.458000e-05	-3.712139e-03	-5.012157e+00
3.459000e-05	-3.698590e-03	-4.789625e+00
3.460000e-05	-5.429269e-03	-4.580575e+00
3.461000e-05	-3.429183e-03	-4.402100e+00
3.462000e-05	-4.459595e-03	-4.181653e+00
3.463000e-05	-3.167569e-03	-4.023150e+00
3.464000e-05	-4.816008e-03	-3.822079e+00
3.465000e-05	-3.375446e-03	-3.579548e+00
3.466000e-05	-2.672725e-03	-3.349671e+00
3.467000e-05	-4.552414e-03	-3.181049e+00
3.468000e-05	-5.299782e-03	-2.967947e+00
3.469000e-05	-5.475094e-03	-2.717864e+00
3.470000e-05	-3.219819e-03	-2.496312e+00
3.471000e-05	-3.942736e-03	-2.296339e+00
3.472000e-05	-4.480729e-03	-2.042729e+00
3.473000e-05	-4.423819e-03	-1.833209e+00
3.474000e-05	-4.029066e-03	-1.652228e+00
3.475000e-05	-4.671167e-03	-1.379973e+00
3.476000e-05	-5.059225e-03	-1.135362e+00
3.477000e-05	-5.030148e-03	-8.562379e-01
3.478000e-05	-4.555707e-03	-6.623332e-01
3.479000e-05	-5.474023e-03	-4.226525e-01
3.480000e-05	-4.253298e-03	-2.436576e-01
3.481000e-05	-2.679460e-03	-8.623691e-03
3.482000e-05	4.837804e-03	2.894478e-01
3.483000e-05	-1.827628e-03	4.405029e-01
3.484000e-05	-5.261777e-04	6.195014e-01
3.485000e-05	-8.541831e-04	8.099725e-01
3.486000e-05	-8.478334e-04	1.061930e+00
3.487000e-05	-3.230834e-03	1.301538e+00
3.488000e-05	-4.423632e-04	1.515288e+00
3.489000e-05	1.533970e-02	1.756341e+00
3.490000e-05	6.489523e-02	1.925792e+00
3.491000e-05	1.935288e-02	2.167270e+00
3.492000e-05	-7.153566e-02	2.449908e+00
3.493000e-05	-2.074414e-02	2.683084e+00
3.494000e-05	-3.372623e-02	2.892561e+00
3.495000e-05	-6.266891e-02	3.070930e+00
3.496000e-05	6.110528e-02	3.187871e+00
3.497000e-05	9.052499e-02	3.417398e+00
3.498000e-05	-1.611578e-01	3.599951e+00
3.499000e-05	1.529848e-01	3.765271e+00
3.500000e-05	-5.572025e-02	3.997901e+00
3.501000e-05	-4.605884e-02	4.228401e+00
3.502000e-05	8.486423e-02	4.451508e+00
3.503000e-05	-6.133220e-02	4.710612e+00
3.504000e-05	1.240916e-02	4.893509e+00
3.505000e-05	1.889718e-02	5.196424e+00
3.506000e-05	-3.335566e-02	5.428350e+00
3.507000e-05	2.102163e-02	5.617825e+00
3.508000e-05	-2.855165e-02	5.848380e+00
3.509000e-05	2.220091e-03	6.019455e+00
3.510000e-05	-8.939081e-03	6.198878e+00
3.511000e-05	9.741478e-03	6.369345e+00
3.512000e-05	1.876043e-02	6.595800e+00
3.513000e-05	-3.238735e-02	6.820329e+00
3.514000e-05	2.809427e-02	7.048377e+00
3.515000e-05	-3.949871e-02	7.166421e+00
3.516000e-05	5.804515e-03	7.345167e+00
3.517000e-05	9.916274e-03	7.557267e+00
3.518000e-05	-1.267013e-02	7.766195e+00
3.519000e-05	1.275399e-02	7.964200e+00
3.520000e-05	-2.317610e-02	8.204717e+00
3.521000e-05	4.125566e-03	8.333617e+00
3.522000e-05	-1.024823e-02	8.451032e+00
3.523000e-05	5.531211e-03	8.588845e+00
3.524000e-05	-7.091457e-03	8.673666e+00
3.525000e-05	-3.812267e-03	8.871561e+00
3.526000e-05	3.624321e-03	9.058433e+00
3.527000e-05	-1.486622e-02	9.189453e+00
3.528000e-05	-1.628570e-03	9.344691e+00
3.529000e-05	-4.173373e-03	9.470432e+00
3.530000e-05	2.017145e-03	9.598894e+00
3.531000e-05	-1.010225e-02	9.775715e+00
3.532000e-05	-1.168670e-03	9.922512e+00
3.533000e-05	-3.117614e-03	1.003943e+01
3.534000e-05	-7.322657e-03	1.018582e+01
3.535000e-05	-1.143000e-02	1.028956e+01
3.536000e-05	-2.253110e-03	1.039672e+01
3.537000e-05	-2.179662e-03	1.048371e+01
3.538000e-05	-6.281564e-03	1.063738e+01
3.539000e-05	-4.896783e-03	1.075519e+01
3.540000e-05	-4.092024e-03	1.086998e+01
3.541000e-05	-5.105643e-03	1.096527e+01
3.542000e-05	-1.040245e-02	1.100835e+01
3.543000e-05	-5.360591e-03	1.112511e+01
3.544000e-05	-7.037276e-03	1.120885e+01
3.545000e-05	-8.217086e-03	1.132311e+01
3.546000e-05	-6.231035e-03	1.138575e+01
3.547000e-05	-7.040153e-03	1.144898e+01
3.548000e-05	-8.473273e-03	1.155464e+01
3.549000e-05	-9.413615e-03	1.163990e+01
3.550000e-05	-3.920193e-03	1.170316e+01
3.551000e-05	-7.416459e-03	1.175579e+01
3.552000e-05	-8.923264e-03	1.181735e+01
3.553000e-05	-1.131552e-02	1.184046e+01
3.554000e-05	-1.114524e-02	1.186158e+01
3.555000e-05	-1.108291e-02	1.189261e+01
3.556000e-05	-9.651855e-03	1.193524e+01
3.557000e-05	-9.030796e-03	1.196627e+01
3.558000e-05	-1.244823e-02	1.200587e+01
3.559000e-05	-1.398220e-02	1.201047e+01
3.560000e-05	-1.310162e-02	1.204943e+01
3.561000e-05	-1.245051e-02	1.205098e+01
3.562000e-05	-1.456034e-02	1.209151e+01
3.563000e-05	-1.598224e-02	1.205153e+01
3.564000e-05	-1.623342e-02	1.205423e+01
3.565000e-05	-1.702691e-02	1.209276e+01
3.566000e-05	-1.914692e-02	1.209151e+01
3.567000e-05	-2.017031e-02	1.205108e+01
3.568000e-05	-2.137401e-02	1.202298e+01
3.569000e-05	-2.388509e-02	1.205968e+01
3.570000e-05	-2.332862e-02	1.204046e+01
3.571000e-05	-2.268125e-02	1.197992e+01
3.572000e-05	-2.386838e-02	1.196692e+01
3.573000e-05	-2.529939e-02	1.194467e+01
3.574000e-05	-2.498997e-02	1.188403e+01
3.575000e-05	-2.352055e-02	1.184198e+01
3.576000e-05	-2.252200e-02	1.177845e+01
3.577000e-05	-2.070216e-02	1.172526e+01
3.578000e-05	-1.979501e-02	1.172318e+01
3.579000e-05	-1.887652e-02	1.157945e+01
3.580000e-05	-1.881187e-02	1.151364e+01
3.581000e-05	-1.660198e-02	1.142098e+01
3.582000e-05	-1.463964e-02	1.138582e+01
3.583000e-05	-1.268717e-02	1.124005e+01
3.584000e-05	-1.322413e-02	1.115634e+01
3.585000e-05	-1.280862e-02	1.108266e+01
3.586000e-05	-1.186066e-02	1.098990e+01
3.587000e-05	-1.138970e-02	1.088476e+01
3.588000e-05	-1.042021e-02	1.086000e+01
3.589000e-05	-1.135882e-02	1.068427e+01
3.590000e-05	-8.202300e-03	1.059795e+01
3.591000e-05	-1.015146e-02	1.046316e+01
3.592000e-05	-7.076983e-03	1.034690e+01
3.593000e-05	-9.759178e-03	1.026063e+01
3.594000e-05	-6.763479e-03	1.012584e+01
3.595000e-05	-8.830429e-03	1.003053e+01
3.596000e-05	-7.476344e-03	9.923065e+00
3.597000e-05	-7.857962e-03	9.706841e+00
3.598000e-05	-6.205569e-03	9.579449e+00
3.599000e-05	-7.272945e-03	9.444183e+00
3.600000e-05	-6.866142e-03	9.355317e+00
3.601000e-05	-6.517075e-03	9.199576e+00
3.602000e-05	-5.183872e-03	9.062629e+00
3.603000e-05	-6.024436e-03	8.883763e+00
3.604000e-05	-6.503963e-03	8.735815e+00
3.605000e-05	-5.694246e-03	8.578399e+00
3.606000e-05	-4.593944e-03	8.444605e+00
3.607000e-05	-6.009438e-03	8.303669e+00
3.608000e-05	-5.093923e-03	8.103837e+00
3.609000e-05	-5.768832e-03	7.916290e+00
3.610000e-05	-4.972417e-03	7.755867e+00
3.611000e-05	-5.674685e-03	7.596947e+00
3.612000e-05	-4.152368e-03	7.347921e+00
3.613000e-05	-4.966395e-03	7.187872e+00
3.614000e-05	-4.778384e-03	6.958445e+00
3.615000e-05	-5.064920e-03	6.821076e+00
3.616000e-05	-4.667421e-03	6.589550e+00
3.617000e-05	-4.752120e-03	6.410399e+00
3.618000e-05	-5.562180e-03	6.220128e+00
3.619000e-05	-5.543081e-03	6.043680e+00
3.620000e-05	-5.063394e-03	5.894184e+00
3.621000e-05	-4.447107e-03	5.652626e+00
3.622000e-05	-4.660830e-03	5.452705e+00
3.623000e-05	-4.222339e-03	5.251529e+00
3.624000e-05	-4.548294e-03	5.000499e+00
3.625000e-05	-5.015617e-03	4.738319e+00
3.626000e-05	-5.242317e-03	4.546917e+00
3.627000e-05	-4.045618e-03	4.379991e+00
3.628000e-05	-4.326868e-03	4.116947e+00
3.629000e-05	-4.737802e-03	3.924816e+00
3.630000e-05	-4.932552e-03	3.707813e+00
3.631000e-05	-4.348090e-03	3.536442e+00
3.632000e-05	-4.024318e-03	3.274838e+00
3.633000e-05	-3.504760e-03	3.053758e+00
3.634000e-05	-4.501555e-03	2.864787e+00
3.635000e-05	-4.628828e-03	2.654758e+00
3.636000e-05	-4.443341e-03	2.391126e+00
3.637000e-05	-4.227742e-03	2.148495e+00
3.638000e-05	-4.190566e-03	1.990124e+00
3.639000e-05	-4.893804e-03	1.751570e+00
3.640000e-05	-4.082065e-03	1.498890e+00
3.641000e-05	-4.262566e-03	1.295312e+00
3.642000e-05	-3.986315e-03	1.033828e+00
3.643000e-05	-5.034538e-03	7.595462e-01
3.644000e-05	-4.314141e-03	5.379910e-01
3.645000e-05	-3.465886e-03	3.605485e-01
3.646000e-05	-2.914146e-03	1.363946e-01
3.647000e-05	-9.905846e-04	-1.231882e-01
3.648000e-05	7.187321e-03	-3.051894e-01
3.649000e-05	-3.087334e-03	-4.551353e-01
3.650000e-05	3.400625e-03	-7.537672e-01
3.651000e-05	-4.337615e-03	-9.462884e-01
3.652000e-05	1.724355e-03	-1.125116e+00
3.653000e-05	-2.364401e-03	-1.396316e+00
3.654000e-05	1.764726e-02	-1.559926e+00
3.655000e-05	8.110858e-02	-1.746267e+00
3.656000e-05	5.500061e-03	-2.018379e+00
3.657000e-05	-6.720202e-02	-2.394745e+00
3.658000e-05	-1.083432e-02	-2.660003e+00
3.659000e-05	-6.646980e-02	-2.788901e+00
3.660000e-05	-4.031602e-02	-2.914161e+00
3.661000e-05	1.758280e-01	-3.082083e+00
3.662000e-05	-1.176714e-01	-3.285009e+00
3.663000e-05	2.735778e-02	-3.534666e+00
3.664000e-05	9.227691e-02	-3.622550e+00
3.665000e-05	-1.759347e-01	-3.966770e+00
3.666000e-05	1.451489e-01	-4.136665e+00
3.667000e-05	-2.753883e-02	-4.323618e+00
3.668000e-05	-6.762426e-02	-4.514667e+00
3.669000e-05	1.445625e-01	-4.706197e+00
3.670000e-05	-1.392188e-01	-4.986274e+00
3.671000e-05	8.312230e-02	-5.229374e+00
3.672000e-05	-1.556161e-02	-5.450383e+00
3.673000e-05	-6.481908e-02	-5.704561e+00
3.674000e-05	1.078805e-01	-5.862005e+00
3.675000e-05	-1.018059e-01	-6.050407e+00
3.676000e-05	8.720555e-02	-6.222579e+00
3.677000e-05	-3.096768e-02	-6.462584e+00
3.678000e-05	-4.247644e-03	-6.694611e+00
3.679000e-05	5.193842e-02	-6.839348e+00
3.680000e-05	-1.087400e-01	-7.101009e+00
3.681000e-05	1.009336e-01	-7.283052e+00
3.682000e-05	-5.660252e-02	-7.459401e+00
3.683000e-05	3.461367e-02	-7.629380e+00
3.684000e-05	9.959055e-03	-7.869349e+00
3.685000e-05	-3.441059e-02	-8.069525e+00
3.686000e-05	4.117888e-02	-8.147771e+00
3.687000e-05	-6.119334e-02	-8.325194e+00
3.688000e-05	5.503515e-02	-8.471984e+00
3.689000e-05	-1.517991e-02	-8.678855e+00
3.690000e-05	1.678542e-02	-8.830954e+00
3.691000e-05	-1.758058e-02	-8.965722e+00
3.692000e-05	-1.167567e-02	-9.132589e+00
3.693000e-05	3.200979e-02	-9.237928e+00
3.694000e-05	-2.361185e-02	-9.448747e+00
3.695000e-05	1.847201e-02	-9.514665e+00
3.696000e-05	-1.420556e-02	-9.672557e+00
3.697000e-05	2.386542e-02	-9.838896e+00
3.698000e-05	-1.884883e-02	-9.955163e+00
3.699000e-05	2.887287e-03	-1.002088e+01
3.700000e-05	2.836954e-03	-1.016632e+01
3.701000e-05	3.636635e-03	-1.033259e+01
3.702000e-05	-2.637580e-03	-1.042953e+01
3.703000e-05	-2.869448e-03	-1.058529e+01
3.704000e-05	1.570784e-02	-1.066153e+01
3.705000e-05	-4.806329e-03	-1.074682e+01
3.706000e-05	2.162248e-03	-1.087100e+01
3.707000e-05	-4.639651e-03	-1.094311e+01
3.708000e-05	1.199756e-02	-1.101151e+01
3.709000e-05	-3.409594e-03	-1.110971e+01
3.710000e-05	5.216157e-03	-1.127048e+01
3.711000e-05	3.115141e-03	-1.129359e+01
3.712000e-05	3.127182e-03	-1.139890e+01
3.713000e-05	6.084949e-04	-1.145148e+01
3.714000e-05	3.235553e-03	-1.158627e+01
3.715000e-05	7.704697e-03	-1.162940e+01
3.716000e-05	3.093752e-03	-1.170405e+01
3.717000e-05	4.350931e-03	-1.171326e+01
3.718000e-05	1.539391e-03	-1.178925e+01
3.719000e-05	4.384397e-03	-1.187096e+01
3.720000e-05	2.844903e-03	-1.186314e+01
3.721000e-05	5.819231e-03	-1.192564e+01
3.722000e-05	5.293628e-03	-1.198832e+01
3.723000e-05	4.406352e-03	-1.197738e+01
3.724000e-05	6.937929e-03	-1.205858e+01
3.725000e-05	7.322919e-03	-1.204946e+01
3.726000e-05	6.262810e-03	-1.207263e+01
3.727000e-05	6.931019e-03	-1.207359e+01
3.728000e-05	1.010600e-02	-1.207319e+01
3.729000e-05	1.197636e-02	-1.213418e+01
3.730000e-05	1.000976e-02	-1.208416e+01
3.731000e-05	1.169532e-02	-1.209513e+01
3.732000e-05	1.251253e-02	-1.209218e+01
3.733000e-05	1.481866e-02	-1.206256e+01
3.734000e-05	1.596802e-02	-1.205153e+01
3.735000e-05	1.806824e-02	-1.203050e+01
3.736000e-05	1.924786e-02	-1.204153e+01
3.737000e-05	1.859161e-02	-1.199895e+01
3.738000e-05	1.921306e-02	-1.191576e+01
3.739000e-05	1.814836e-02	-1.190407e+01
3.740000e-05	1.936387e-02	-1.184288e+01
3.741000e-05	1.839549e-02	-1.175840e+01
3.742000e-05	1.631554e-02	-1.174621e+01
3.743000e-05	1.381452e-02	-1.166163e+01
3.744000e-05	1.268347e-02	-1.156890e+01
3.745000e-05	1.187250e-02	-1.150717e+01
3.746000e-05	1.020533e-02	-1.139188e+01
3.747000e-05	9.137566e-03	-1.137471e+01
3.748000e-05	9.039650e-03	-1.123960e+01
3.749000e-05	7.950287e-03	-1.112782e+01
3.750000e-05	5.221492e-03	-1.109955e+01
3.751000e-05	4.842289e-03	-1.094582e+01
3.752000e-05	4.017998e-03	-1.089616e+01
3.753000e-05	4.460903e-03	-1.079098e+01
3.754000e-05	3.857734e-03	-1.071369e+01
3.755000e-05	2.880905e-03	-1.060008e+01
3.756000e-05	3.176019e-03	-1.049478e+01
3.757000e-05	2.094216e-03	-1.041035e+01
3.758000e-05	9.361620e-04	-1.026158e+01
3.759000e-05	7.648470e-04	-1.015787e+01
3.760000e-05	8.765754e-04	-9.999524e+00
3.761000e-05	1.540125e-03	-9.916235e+00
3.762000e-05	9.370591e-04	-9.807894e+00
3.763000e-05	8.933101e-04	-9.673658e+00
3.764000e-05	-7.759356e-04	-9.536869e+00
3.765000e-05	-2.162168e-04	-9.369024e+00
3.766000e-05	-2.507624e-04	-9.251181e+00
3.767000e-05	-1.251362e-03	-9.096813e+00
3.768000e-05	-1.086953e-03	-8.959344e+00
3.769000e-05	-1.345868e-03	-8.780503e+00
3.770000e-05	-2.363149e-03	-8.652100e+00
3.771000e-05	-2.679907e-03	-8.444156e+00
3.772000e-05	-1.450716e-03	-8.316337e+00
3.773000e-05	-1.376594e-03	-8.165947e+00
3.774000e-05	-2.662511e-03	-7.961000e+00
3.775000e-05	-2.101737e-03	-7.801056e+00
3.776000e-05	-2.571803e-03	-7.578517e+00
3.777000e-05	-3.393841e-03	-7.411053e+00
3.778000e-05	-2.592441e-03	-7.201105e+00
3.779000e-05	-3.463879e-03	-7.030480e+00
3.780000e-05	-3.519606e-03	-6.811604e+00
3.781000e-05	-4.633281e-03	-6.642179e+00
3.782000e-05	-3.773676e-03	-6.465788e+00
3.783000e-05	-3.043635e-03	-6.266157e+00
3.784000e-05	-3.488191e-03	-6.075709e+00
3.785000e-05	-4.081770e-03	-5.863709e+00
3.786000e-05	-3.734724e-03	-5.704761e+00
3.787000e-05	-4.505207e-03	-5.555787e+00
3.788000e-05	-3.388946e-03	-5.223304e+00
3.789000e-05	-4.937077e-03	-5.014635e+00
3.790000e-05	-2.953500e-03	-4.761174e+00
3.791000e-05	-5.201286e-03	-4.567468e+00
3.792000e-05	-3.366610e-03	-4.422104e+00
3.793000e-05	-4.923564e-03	-4.210603e+00
3.794000e-05	-2.000673e-03	-4.033655e+00
3.795000e-05	-4.596032e-03	-3.842130e+00
3.796000e-05	-2.657060e-03	-3.609096e+00
3.797000e-05	-4.517998e-03	-3.391091e+00
3.798000e-05	-5.144756e-03	-3.199544e+00
3.799000e-05	-4.846049e-03	-2.919468e+00
3.800000e-05	-5.057084e-03	-2.726340e+00
3.801000e-05	-4.319785e-03	-2.484311e+00
3.802000e-05	-4.101591e-03	-2.304782e+00
3.803000e-05	-2.532320e-03	-2.032607e+00
3.804000e-05	-3.254270e-03	-1.834179e+00
3.805000e-05	-3.141038e-03	-1.633254e+00
3.806000e-05	-4.636522e-03	-1.330571e+00
3.807000e-05	-5.202037e-03	-1.117837e+00
3.808000e-05	-6.677195e-03	-8.962607e-01
3.809000e-05	-6.391893e-03	-6.562380e-01
3.810000e-05	-6.858191e-03	-4.241314e-01
3.811000e-05	-3.847325e-03	-2.222027e-01
3.812000e-05	-1.980759e-03	-1.210889e-02
3.813000e-05	5.911806e-03	2.493788e-01
3.814000e-05	-8.871595e-04	4.510063e-01
3.815000e-05	3.071329e-04	6.584527e-01
3.816000e-05	-1.274935e-03	8.284275e-01
3.817000e-05	-3.864786e-03	1.078430e+00
3.818000e-05	-4.919403e-03	1.302010e+00
3.819000e-05	-7.370384e-04	1.494566e+00
3.820000e-05	1.541176e-02	1.766691e+00
3.821000e-05	6.352539e-02	1.965665e+00
3.822000e-05	2.334502e-02	2.166797e+00
3.823000e-05	-7.122660e-02	2.398878e+00
3.824000e-05	-2.016859e-02	2.732041e+00
3.825000e-05	-3.416818e-02	2.893083e+00
3.826000e-05	-6.320685e-02	3.021978e+00
3.827000e-05	5.352793e-02	3.177824e+00
3.828000e-05	9.720032e-02	3.447400e+00
3.829000e-05	-1.627356e-01	3.598450e+00
3.830000e-05	1.467299e-01	3.785268e+00
3.831000e-05	-4.721793e-02	4.018825e+00
3.832000e-05	-5.289681e-02	4.238837e+00
3.833000e-05	8.785764e-02	4.409960e+00
3.834000e-05	-5.745923e-02	4.680484e+00
3.835000e-05	8.616299e-03	4.892532e+00
3.836000e-05	2.134653e-02	5.167696e+00
3.837000e-05	-3.496079e-02	5.396799e+00
3.838000e-05	2.145283e-02	5.586350e+00
3.839000e-05	-2.865918e-02	5.827854e+00
3.840000e-05	6.244234e-04	5.998478e+00
3.841000e-05	-6.029343e-03	6.218946e+00
3.842000e-05	9.588689e-03	6.418873e+00
3.843000e-05	1.993882e-02	6.626274e+00
3.844000e-05	-3.331471e-02	6.817903e+00
3.845000e-05	2.920138e-02	6.987879e+00
3.846000e-05	-3.825699e-02	7.176321e+00
3.847000e-05	2.861111e-03	7.314667e+00
3.848000e-05	9.073661e-03	7.595247e+00
3.849000e-05	-1.318745e-02	7.798317e+00
3.850000e-05	1.418653e-02	8.004246e+00
3.851000e-05	-2.287492e-02	8.139221e+00
3.852000e-05	2.846003e-03	8.342610e+00
3.853000e-05	-9.119130e-03	8.482035e+00
3.854000e-05	5.327044e-03	8.585849e+00
3.855000e-05	-6.319488e-03	8.766138e+00
3.856000e-05	-5.375826e-03	8.861561e+00
3.857000e-05	3.885518e-03	9.049856e+00
3.858000e-05	-1.399618e-02	9.208274e+00
3.859000e-05	-1.902800e-03	9.343667e+00
3.860000e-05	-3.949377e-03	9.471982e+00
3.861000e-05	1.544561e-03	9.618848e+00
3.862000e-05	-7.533201e-03	9.744191e+00
3.863000e-05	-2.523500e-03	9.922012e+00
3.864000e-05	-3.569341e-03	1.001985e+01
3.865000e-05	-8.777480e-03	1.016422e+01
3.866000e-05	-9.272636e-03	1.026090e+01
3.867000e-05	-2.721176e-03	1.037775e+01
3.868000e-05	-8.877909e-04	1.052264e+01
3.869000e-05	-8.231795e-03	1.061838e+01
3.870000e-05	-6.044143e-03	1.074414e+01
3.871000e-05	-4.213865e-03	1.084948e+01
3.872000e-05	-5.458592e-03	1.095477e+01
3.873000e-05	-8.910279e-03	1.105990e+01
3.874000e-05	-5.115215e-03	1.111512e+01
3.875000e-05	-6.255487e-03	1.122782e+01
3.876000e-05	-8.092163e-03	1.126211e+01
3.877000e-05	-6.685492e-03	1.136684e+01
3.878000e-05	-6.235407e-03	1.148998e+01
3.879000e-05	-9.278930e-03	1.157467e+01
3.880000e-05	-9.103850e-03	1.161698e+01
3.881000e-05	-5.506670e-03	1.169366e+01
3.882000e-05	-6.577578e-03	1.174526e+01
3.883000e-05	-8.205450e-03	1.182830e+01
3.884000e-05	-1.012602e-02	1.183996e+01
3.885000e-05	-9.899749e-03	1.187311e+01
3.886000e-05	-1.162832e-02	1.190359e+01
3.887000e-05	-1.058612e-02	1.193429e+01
3.888000e-05	-1.064223e-02	1.194777e+01
3.889000e-05	-1.139336e-02	1.201888e+01
3.890000e-05	-1.366194e-02	1.201745e+01
3.891000e-05	-1.271693e-02	1.202090e+01
3.892000e-05	-1.185885e-02	1.206010e+01
3.893000e-05	-1.538169e-02	1.206206e+01
3.894000e-05	-1.557686e-02	1.207208e+01
3.895000e-05	-1.682771e-02	1.208311e+01
3.896000e-05	-1.651981e-02	1.212263e+01
3.897000e-05	-2.012362e-02	1.208306e+01
3.898000e-05	-2.008285e-02	1.204258e+01
3.899000e-05	-2.205951e-02	1.207095e+01
3.900000e-05	-2.271141e-02	1.204050e+01
3.901000e-05	-2.325868e-02	1.200047e+01
3.902000e-05	-2.396551e-02	1.200837e+01
3.903000e-05	-2.423760e-02	1.197629e+01
3.904000e-05	-2.601280e-02	1.192466e+01
3.905000e-05	-2.468967e-02	1.190218e+01
3.906000e-05	-2.455082e-02	1.184148e+01
3.907000e-05	-2.195233e-02	1.178687e+01
3.908000e-05	-2.047948e-02	1.176577e+01
3.909000e-05	-1.969966e-02	1.166413e+01
3.910000e-05	-1.899773e-02	1.156975e+01
3.911000e-05	-1.814250e-02	1.154526e+01
3.912000e-05	-1.606079e-02	1.140840e+01
3.913000e-05	-1.543967e-02	1.131579e+01
3.914000e-05	-1.409900e-02	1.123153e+01
3.915000e-05	-1.239308e-02	1.116632e+01
3.916000e-05	-1.198577e-02	1.107356e+01
3.917000e-05	-1.149541e-02	1.099745e+01
3.918000e-05	-1.125169e-02	1.089477e+01
3.919000e-05	-9.701033e-03	1.081253e+01
3.920000e-05	-1.198400e-02	1.074674e+01
3.921000e-05	-8.126584e-03	1.061905e+01
3.922000e-05	-1.017379e-02	1.048258e+01
3.923000e-05	-7.748667e-03	1.037640e+01
3.924000e-05	-9.676738e-03	1.026355e+01
3.925000e-05	-7.778170e-03	1.015632e+01
3.926000e-05	-8.662815e-03	1.002018e+01
3.927000e-05	-6.436115e-03	9.903188e+00
3.928000e-05	-7.178262e-03	9.746396e+00
3.929000e-05	-6.528056e-03	9.618423e+00
3.930000e-05	-6.956355e-03	9.453155e+00
3.931000e-05	-6.706133e-03	9.346319e+00
3.932000e-05	-6.532361e-03	9.220054e+00
3.933000e-05	-5.106483e-03	9.062557e+00
3.934000e-05	-6.230990e-03	8.863210e+00
3.935000e-05	-6.074986e-03	8.764817e+00
3.936000e-05	-6.288700e-03	8.568422e+00
3.937000e-05	-5.296750e-03	8.441651e+00
3.938000e-05	-5.694422e-03	8.292788e+00
3.939000e-05	-5.569444e-03	8.105766e+00
3.940000e-05	-5.299716e-03	7.904841e+00
3.941000e-05	-4.913837e-03	7.745341e+00
3.942000e-05	-4.533204e-03	7.558399e+00
3.943000e-05	-4.851317e-03	7.347895e+00
3.944000e-05	-5.094119e-03	7.148468e+00
3.945000e-05	-5.998145e-03	6.968971e+00
3.946000e-05	-5.158933e-03	6.799574e+00
3.947000e-05	-4.656956e-03	6.638528e+00
3.948000e-05	-5.128369e-03	6.378074e+00
3.949000e-05	-4.558132e-03	6.232103e+00
3.950000e-05	-4.476557e-03	6.034161e+00
3.951000e-05	-4.761902e-03	5.862129e+00
3.952000e-05	-5.552126e-03	5.642654e+00
3.953000e-05	-5.249082e-03	5.433154e+00
3.954000e-05	-4.571572e-03	5.221632e+00
3.955000e-05	-4.774756e-03	4.939520e+00
3.956000e-05	-4.932175e-03	4.708394e+00
3.957000e-05	-4.083281e-03	4.548367e+00
3.958000e-05	-4.522080e-03	4.388971e+00
3.959000e-05	-4.801305e-03	4.137991e+00
3.960000e-05	-4.562590e-03	3.926366e+00
3.961000e-05	-4.603571e-03	3.705416e+00
3.962000e-05	-3.987562e-03	3.537844e+00
3.963000e-05	-3.998715e-03	3.283840e+00
3.964000e-05	-4.720960e-03	3.053784e+00
3.965000e-05	-4.735940e-03	2.874259e+00
3.966000e-05	-4.217953e-03	2.634757e+00
3.967000e-05	-4.376863e-03	2.380028e+00
3.968000e-05	-4.707029e-03	2.170048e+00
3.969000e-05	-4.085675e-03	1.999073e+00
3.970000e-05	-4.216523e-03	1.747549e+00
3.971000e-05	-4.120077e-03	1.508412e+00
3.972000e-05	-4.696555e-03	1.296789e+00
3.973000e-05	-4.885653e-03	1.012230e+00
3.974000e-05	-4.320649e-03	7.780963e-01
3.975000e-05	-3.984964e-03	5.689686e-01
3.976000e-05	-3.557532e-03	3.480211e-01
3.977000e-05	-3.198631e-03	1.093370e-01
3.978000e-05	-4.874073e-04	-1.036857e-01
3.979000e-05	7.261999e-03	-3.046595e-01
3.980000e-05	-3.989353e-03	-5.225907e-01
3.981000e-05	3.016153e-03	-7.557345e-01
3.982000e-05	-3.988117e-03	-9.152381e-01
3.983000e-05	2.356600e-03	-1.115188e+00
3.984000e-05	-1.354970e-03	-1.337191e+00
3.985000e-05	1.554136e-02	-1.589921e+00
3.986000e-05	7.820147e-02	-1.776246e+00
3.987000e-05	1.067102e-02	-2.028327e+00
3.988000e-05	-6.982976e-02	-2.364672e+00
3.989000e-05	-9.841421e-03	-2.609905e+00
3.990000e-05	-6.515713e-02	-2.799372e+00
3.991000e-05	-4.196529e-02	-2.895636e+00
3.992000e-05	1.722019e-01	-3.062379e+00
3.993000e-05	-1.094212e-01	-3.323087e+00
3.994000e-05	1.362577e-02	-3.565265e+00
3.995000e-05	9.982398e-02	-3.651976e+00
3.996000e-05	-1.790465e-01	-3.946746e+00
3.997000e-05	1.385377e-01	-4.136166e+00
3.998000e-05	-1.893972e-02	-4.345140e+00
3.999000e-05	-7.259452e-02	-4.556191e+00
4.000000e-05	1.475535e-01	-4.696191e+00
4.001000e-05	-1.355167e-01	-4.978250e+00
4.002000e-05	7.193350e-02	-5.248930e+00
4.003000e-05	-5.812644e-03	-5.438501e+00
4.004000e-05	-7.075087e-02	-5.702111e+00
4.005000e-05	1.100499e-01	-5.870504e+00
4.006000e-05	-9.956732e-02	-6.040532e+00
4.007000e-05	8.250108e-02	-6.263663e+00
4.008000e-05	-2.350631e-02	-6.451935e+00
4.009000e-05	-1.144487e-02	-6.682084e+00
4.010000e-05	5.769006e-02	-6.841455e+00
4.011000e-05	-1.101365e-01	-7.121537e+00
4.012000e-05	9.746467e-02	-7.293032e+00
4.013000e-05	-5.384256e-02	-7.469380e+00
4.014000e-05	2.937029e-02	-7.610955e+00
4.015000e-05	1.539090e-02	-7.867884e+00
4.016000e-05	-3.650474e-02	-8.030955e+00
4.017000e-05	4.244893e-02	-8.186346e+00
4.018000e-05	-6.179022e-02	-8.336242e+00
4.019000e-05	5.358253e-02	-8.472609e+00
4.020000e-05	-1.209943e-02	-8.690932e+00
4.021000e-05	1.461444e-02	-8.829428e+00
4.022000e-05	-1.518934e-02	-8.966772e+00
4.023000e-05	-1.444400e-02	-9.085109e+00
4.024000e-05	3.329055e-02	-9.240977e+00
4.025000e-05	-2.485966e-02	-9.368250e+00
4.026000e-05	1.908130e-02	-9.534143e+00
4.027000e-05	-1.440082e-02	-9.673009e+00
4.028000e-05	2.430664e-02	-9.808850e+00
4.029000e-05	-1.835415e-02	-9.894217e+00
4.030000e-05	1.179006e-03	-1.008156e+01
4.031000e-05	3.421802e-03	-1.020527e+01
4.032000e-05	2.738879e-03	-1.034312e+01
4.033000e-05	-2.391163e-03	-1.044041e+01
4.034000e-05	-4.176868e-03	-1.058579e+01
4.035000e-05	1.603883e-02	-1.065256e+01
4.036000e-05	-4.873115e-03	-1.078779e+01
4.037000e-05	2.636273e-03	-1.087095e+01
4.038000e-05	-4.438892e-03	-1.095424e+01
4.039000e-05	1.247740e-02	-1.107148e+01
4.040000e-05	-3.198897e-03	-1.112414e+01
4.041000e-05	4.209795e-03	-1.127151e+01
4.042000e-05	3.649860e-03	-1.130569e+01
4.043000e-05	2.267783e-03	-1.138885e+01
4.044000e-05	5.868232e-04	-1.145003e+01
4.045000e-05	3.418032e-03	-1.156732e+01
4.046000e-05	8.562048e-03	-1.162939e+01
4.047000e-05	2.510988e-03	-1.170256e+01
4.048000e-05	4.019471e-03	-1.173577e+01
4.049000e-05	1.745762e-03	-1.178085e+01
4.050000e-05	5.373390e-03	-1.186148e+01
4.051000e-05	2.163317e-03	-1.191006e+01
4.052000e-05	5.663014e-03	-1.192571e+01
4.053000e-05	4.874871e-03	-1.194777e+01
4.054000e-05	4.757927e-03	-1.199835e+01
4.055000e-05	7.437632e-03	-1.200995e+01
4.056000e-05	7.557030e-03	-1.206106e+01
4.057000e-05	6.136745e-03	-1.208411e+01
4.058000e-05	6.839447e-03	-1.206411e+01
4.059000e-05	9.890575e-03	-1.209366e+01
4.060000e-05	1.091059e-02	-1.208514e+01
4.061000e-05	9.636367e-03	-1.209369e+01
4.062000e-05	1.183458e-02	-1.209421e+01
4.063000e-05	1.400486e-02	-1.211366e+01
4.064000e-05	1.601030e-02	-1.209414e+01
4.065000e-05	1.595820e-02	-1.207166e+01
4.066000e-05	1.735316e-02	-1.205113e+01
4.067000e-05	1.824635e-02	-1.204995e+01
4.068000e-05	1.770238e-02	-1.195900e+01
4.069000e-05	1.894785e-02	-1.195771e+01
4.070000e-05	1.896949e-02	-1.192309e+01
4.071000e-05	1.905167e-02	-1.187253e+01
4.072000e-05	1.829633e-02	-1.179730e+01
4.073000e-05	1.773177e-02	-1.167477e+01
4.074000e-05	1.484371e-02	-1.167158e+01
4.075000e-05	1.298904e-02	-1.156840e+01
4.076000e-05	1.022941e-02	-1.149424e+01
4.077000e-05	1.004667e-02	-1.142058e+01
4.078000e-05	8.039765e-03	-1.132676e+01
4.079000e-05	8.569725e-03	-1.126103e+01
4.080000e-05	8.530997e-03	-1.112672e+01
4.081000e-05	6.555117e-03	-1.104158e+01
4.082000e-05	5.762470e-03	-1.096837e+01
4.083000e-05	4.494180e-03	-1.089316e+01
4.084000e-05	3.156776e-03	-1.077997e+01
4.085000e-05	1.980636e-03	-1.072479e+01
4.086000e-05	2.096663e-03	-1.059203e+01
4.087000e-05	2.735579e-03	-1.053581e+01
4.088000e-05	3.206016e-03	-1.037997e+01
4.089000e-05	2.100224e-03	-1.027563e+01
4.090000e-05	2.202370e-03	-1.016692e+01
4.091000e-05	9.488530e-04	-1.002300e+01
4.092000e-05	1.465811e-03	-9.935239e+00
4.093000e-05	6.615998e-04	-9.820424e+00
4.094000e-05	6.435015e-04	-9.654282e+00
4.095000e-05	-9.963382e-04	-9.556891e+00
4.096000e-05	-6.135557e-04	-9.411395e+00
4.097000e-05	-1.003908e-03	-9.231708e+00
4.098000e-05	-8.413102e-04	-9.105764e+00
4.099000e-05	-4.187923e-04	-8.966846e+00
4.100000e-05	-9.017699e-04	-8.820078e+00
4.101000e-05	-1.213383e-03	-8.653580e+00
4.102000e-05	-2.154199e-03	-8.493307e+00
4.103000e-05	-1.084314e-03	-8.325241e+00
4.104000e-05	-1.403899e-03	-8.198874e+00
4.105000e-05	-2.815813e-03	-8.030999e+00
4.106000e-05	-2.501564e-03	-7.801576e+00
4.107000e-05	-2.360440e-03	-7.580024e+00
4.108000e-05	-2.926659e-03	-7.381530e+00
4.109000e-05	-3.843134e-03	-7.263206e+00
4.110000e-05	-2.733412e-03	-7.044658e+00
4.111000e-05	-3.148027e-03	-6.853200e+00
4.112000e-05	-3.856619e-03	-6.662657e+00
4.113000e-05	-3.288484e-03	-6.495288e+00
4.114000e-05	-3.375439e-03	-6.305338e+00
4.115000e-05	-3.574109e-03	-6.045784e+00
4.116000e-05	-4.384742e-03	-5.895284e+00
4.117000e-05	-3.497318e-03	-5.724790e+00
4.118000e-05	-4.256477e-03	-5.546946e+00
4.119000e-05	-4.032053e-03	-5.295331e+00
4.120000e-05	-4.941004e-03	-5.042736e+00
4.121000e-05	-3.011291e-03	-4.791526e+00
4.122000e-05	-4.297349e-03	-4.620995e+00
4.123000e-05	-2.748177e-03	-4.442651e+00
4.124000e-05	-5.011130e-03	-4.214180e+00
4.125000e-05	-2.858654e-03	-4.072204e+00
4.126000e-05	-4.524470e-03	-3.822177e+00
4.127000e-05	-2.872012e-03	-3.601025e+00
4.128000e-05	-4.963210e-03	-3.411149e+00
4.129000e-05	-4.291251e-03	-3.171577e+00
4.130000e-05	-4.252306e-03	-2.979021e+00
4.131000e-05	-5.017104e-03	-2.725916e+00
4.132000e-05	-4.210951e-03	-2.525290e+00
4.133000e-05	-3.800076e-03	-2.317813e+00
4.134000e-05	-3.268972e-03	-2.044109e+00
4.135000e-05	-4.511219e-03	-1.845256e+00
4.136000e-05	-4.525840e-03	-1.614208e+00
4.137000e-05	-5.489536e-03	-1.370600e+00
4.138000e-05	-4.153683e-03	-1.136864e+00
4.139000e-05	-6.015321e-03	-8.758617e-01
4.140000e-05	-4.565614e-03	-6.874342e-01
4.141000e-05	-5.314838e-03	-4.031538e-01
4.142000e-05	-3.781825e-03	-2.321801e-01
4.143000e-05	-3.465775e-03	-1.163151e-02
4.144000e-05	3.835142e-03	1.883803e-01
4.145000e-05	-1.299462e-03	4.114801e-01
4.146000e-05	-8.832203e-04	6.094001e-01
4.147000e-05	-8.478445e-04	7.984011e-01
4.148000e-05	-2.064010e-03	1.039903e+00
4.149000e-05	-3.005366e-03	1.292585e+00
4.150000e-05	8.094587e-04	1.474164e+00
4.151000e-05	1.400135e-02	1.763217e+00
4.152000e-05	6.090547e-02	1.916212e+00
4.153000e-05	2.547492e-02	2.146821e+00
4.154000e-05	-7.202979e-02	2.427846e+00
4.155000e-05	-2.187765e-02	2.681479e+00
4.156000e-05	-3.442842e-02	2.871512e+00
4.157000e-05	-6.129103e-02	3.041581e+00
4.158000e-05	4.932767e-02	3.167770e+00
4.159000e-05	1.043681e-01	3.377379e+00
4.160000e-05	-1.643594e-01	3.608375e+00
4.161000e-05	1.399574e-01	3.775796e+00
4.162000e-05	-3.995291e-02	4.027847e+00
4.163000e-05	-5.979162e-02	4.248377e+00
4.164000e-05	8.806329e-02	4.439978e+00
4.165000e-05	-5.371611e-02	4.650956e+00
4.166000e-05	5.192238e-03	4.860932e+00
4.167000e-05	2.256591e-02	5.153712e+00
4.168000e-05	-3.720803e-02	5.356799e+00
4.169000e-05	2.278465e-02	5.568324e+00
4.170000e-05	-2.517520e-02	5.797825e+00
4.171000e-05	-1.016964e-03	6.008931e+00
4.172000e-05	-6.175598e-03	6.238399e+00
4.173000e-05	6.302472e-03	6.387899e+00
4.174000e-05	2.141152e-02	6.635796e+00
4.175000e-05	-3.457087e-02	6.808375e+00
4.176000e-05	2.966260e-02	7.008349e+00
4.177000e-05	-3.672858e-02	7.157294e+00
4.178000e-05	1.547882e-03	7.333086e+00
4.179000e-05	1.156592e-02	7.586171e+00
4.180000e-05	-1.291345e-02	7.735667e+00
4.181000e-05	1.358748e-02	7.983746e+00
4.182000e-05	-2.278624e-02	8.186745e+00
4.183000e-05	1.635353e-03	8.282664e+00
4.184000e-05	-9.865783e-03	8.460003e+00
4.185000e-05	4.998381e-03	8.586797e+00
4.186000e-05	-5.196049e-03	8.732636e+00
4.187000e-05	-5.398697e-03	8.821059e+00
4.188000e-05	3.809656e-03	9.019353e+00
4.189000e-05	-1.364345e-02	9.198228e+00
4.190000e-05	-1.296234e-03	9.333686e+00
4.191000e-05	-2.998894e-03	9.480408e+00
4.192000e-05	1.400103e-03	9.607747e+00
4.193000e-05	-8.485362e-03	9.785187e+00
4.194000e-05	-2.714605e-03	9.911062e+00
4.195000e-05	-3.210886e-03	1.000945e+01
4.196000e-05	-8.331345e-03	1.016419e+01
4.197000e-05	-9.045461e-03	1.024046e+01
4.198000e-05	-2.562016e-03	1.035727e+01
4.199000e-05	-1.910767e-03	1.048359e+01
4.200000e-05	-7.393158e-03	1.057688e+01
4.201000e-05	-5.553299e-03	1.072411e+01
4.202000e-05	-3.951528e-03	1.087248e+01
4.203000e-05	-5.709221e-03	1.094474e+01
4.204000e-05	-9.551577e-03	1.103847e+01
4.205000e-05	-5.621581e-03	1.109216e+01
4.206000e-05	-6.185352e-03	1.119735e+01
4.207000e-05	-8.020678e-03	1.128216e+01
4.208000e-05	-7.218794e-03	1.137529e+01
4.209000e-05	-6.397324e-03	1.143088e+01
4.210000e-05	-7.869078e-03	1.152414e+01
4.211000e-05	-9.877002e-03	1.159090e+01
4.212000e-05	-6.062770e-03	1.167164e+01
4.213000e-05	-6.419431e-03	1.176722e+01
4.214000e-05	-7.905538e-03	1.181837e+01
4.215000e-05	-1.059311e-02	1.184046e+01
4.216000e-05	-9.576838e-03	1.185196e+01
4.217000e-05	-1.135134e-02	1.188361e+01
4.218000e-05	-1.142537e-02	1.192474e+01
4.219000e-05	-1.011958e-02	1.195770e+01
4.220000e-05	-1.142176e-02	1.198685e+01
4.221000e-05	-1.269166e-02	1.200945e+01
4.222000e-05	-1.335591e-02	1.202150e+01
4.223000e-05	-1.241456e-02	1.204208e+01
4.224000e-05	-1.462163e-02	1.207103e+01
4.225000e-05	-1.542748e-02	1.207251e+01
4.226000e-05	-1.669689e-02	1.208361e+01
4.227000e-05	-1.666855e-02	1.208263e+01
4.228000e-05	-1.942972e-02	1.206258e+01
4.229000e-05	-2.029423e-02	1.208158e+01
4.230000e-05	-2.106816e-02	1.205201e+01
4.231000e-05	-2.244802e-02	1.202203e+01
4.232000e-05	-2.307991e-02	1.203048e+01
4.233000e-05	-2.457508e-02	1.198845e+01
4.234000e-05	-2.438074e-02	1.196727e+01
4.235000e-05	-2.524637e-02	1.191471e+01
4.236000e-05	-2.371198e-02	1.186271e+01
4.237000e-05	-2.357497e-02	1.182998e+01
4.238000e-05	-2.200522e-02	1.177887e+01
4.239000e-05	-2.104285e-02	1.171572e+01
4.240000e-05	-2.019108e-02	1.167271e+01
4.241000e-05	-1.884880e-02	1.160938e+01
4.242000e-05	-1.860112e-02	1.150516e+01
4.243000e-05	-1.757307e-02	1.141995e+01
4.244000e-05	-1.504516e-02	1.135572e+01
4.245000e-05	-1.305606e-02	1.124161e+01
4.246000e-05	-1.223778e-02	1.116732e+01
4.247000e-05	-1.180354e-02	1.111316e+01
4.248000e-05	-1.149168e-02	1.096887e+01
4.249000e-05	-1.226893e-02	1.093374e+01
4.250000e-05	-1.037600e-02	1.082010e+01
4.251000e-05	-1.055638e-02	1.072571e+01
4.252000e-05	-7.636610e-03	1.062940e+01
4.253000e-05	-1.006505e-02	1.047426e+01
4.254000e-05	-7.308432e-03	1.035582e+01
4.255000e-05	-1.006967e-02	1.025153e+01
4.256000e-05	-6.868155e-03	1.013679e+01
4.257000e-05	-9.819309e-03	1.003253e+01
4.258000e-05	-6.281017e-03	9.883187e+00
4.259000e-05	-7.208165e-03	9.756370e+00
4.260000e-05	-5.013878e-03	9.607950e+00
4.261000e-05	-7.099235e-03	9.461108e+00
4.262000e-05	-6.785552e-03	9.336371e+00
4.263000e-05	-6.906004e-03	9.221075e+00
4.264000e-05	-5.158048e-03	9.113163e+00
4.265000e-05	-6.526854e-03	8.864255e+00
4.266000e-05	-6.160048e-03	8.725317e+00
4.267000e-05	-5.588944e-03	8.567402e+00
4.268000e-05	-4.762910e-03	8.451631e+00
4.269000e-05	-5.875551e-03	8.304762e+00
4.270000e-05	-4.882919e-03	8.095362e+00
4.271000e-05	-6.874987e-03	7.925362e+00
4.272000e-05	-4.848159e-03	7.736889e+00
4.273000e-05	-5.072702e-03	7.568916e+00
4.274000e-05	-4.066953e-03	7.357947e+00
4.275000e-05	-4.068144e-03	7.157947e+00
4.276000e-05	-3.948882e-03	6.968026e+00
4.277000e-05	-6.654855e-03	6.820528e+00
4.278000e-05	-5.166881e-03	6.580601e+00
4.279000e-05	-5.883931e-03	6.399053e+00
4.280000e-05	-4.372124e-03	6.232180e+00
4.281000e-05	-4.602834e-03	6.063656e+00
4.282000e-05	-3.927918e-03	5.913263e+00
4.283000e-05	-5.652415e-03	5.622201e+00
4.284000e-05	-4.838624e-03	5.461680e+00
4.285000e-05	-4.257840e-03	5.264104e+00
4.286000e-05	-4.468052e-03	4.920547e+00
4.287000e-05	-5.157670e-03	4.767895e+00
4.288000e-05	-3.907117e-03	4.598991e+00
4.289000e-05	-4.161750e-03	4.391016e+00
4.290000e-05	-4.517579e-03	4.149018e+00
4.291000e-05	-4.732551e-03	3.927386e+00
4.292000e-05	-4.516035e-03	3.735362e+00
4.293000e-05	-4.806330e-03	3.537916e+00
4.294000e-05	-5.446279e-03	3.286359e+00
4.295000e-05	-4.601618e-03	3.084782e+00
4.296000e-05	-3.101791e-03	2.885786e+00
4.297000e-05	-3.738017e-03	2.654737e+00
4.298000e-05	-4.732890e-03	2.401099e+00
4.299000e-05	-4.437304e-03	2.210572e+00
4.300000e-05	-4.075018e-03	2.002049e+00
4.301000e-05	-4.458227e-03	1.777549e+00
4.302000e-05	-4.486228e-03	1.517438e+00
4.303000e-05	-3.537826e-03	1.266764e+00
4.304000e-05	-3.096536e-03	1.043758e+00
4.305000e-05	-3.689024e-03	7.599912e-01
4.306000e-05	-4.405445e-03	5.609936e-01
4.307000e-05	-3.879903e-03	3.589662e-01
4.308000e-05	-1.988890e-03	8.646579e-02
4.309000e-05	-2.409429e-03	-1.141629e-01
4.310000e-05	6.207767e-03	-3.046858e-01
4.311000e-05	-2.974804e-03	-4.731615e-01
4.312000e-05	4.656254e-03	-7.566684e-01
4.313000e-05	-2.944651e-03	-9.346394e-01
4.314000e-05	1.548674e-03	-1.134663e+00
4.315000e-05	-3.461995e-03	-1.336671e+00
4.316000e-05	1.647550e-02	-1.589899e+00
4.317000e-05	7.638724e-02	-1.766295e+00
4.318000e-05	1.519234e-02	-2.009399e+00
4.319000e-05	-7.157536e-02	-2.335765e+00
4.320000e-05	-8.018104e-03	-2.589402e+00
4.321000e-05	-6.492537e-02	-2.788420e+00
4.322000e-05	-4.524326e-02	-2.904138e+00
4.323000e-05	1.710810e-01	-3.058981e+00
4.324000e-05	-9.885941e-02	-3.312538e+00
4.325000e-05	2.230671e-03	-3.525242e+00
4.326000e-05	1.086630e-01	-3.621504e+00
4.327000e-05	-1.817533e-01	-3.975218e+00
4.328000e-05	1.311652e-01	-4.124719e+00
4.329000e-05	-1.093237e-02	-4.334190e+00
4.330000e-05	-7.988702e-02	-4.557220e+00
4.331000e-05	1.496865e-01	-4.725716e+00
4.332000e-05	-1.299903e-01	-4.958196e+00
4.333000e-05	6.169224e-02	-5.210428e+00
4.334000e-05	3.546885e-03	-5.491382e+00
4.335000e-05	-7.619555e-02	-5.713061e+00
4.336000e-05	1.124737e-01	-5.862007e+00
4.337000e-05	-9.918300e-02	-6.040907e+00
4.338000e-05	7.630500e-02	-6.262011e+00
4.339000e-05	-1.819804e-02	-6.480034e+00
4.340000e-05	-1.921330e-02	-6.693987e+00
4.341000e-05	6.303395e-02	-6.838428e+00
4.342000e-05	-1.104505e-01	-7.110586e+00
4.343000e-05	9.606665e-02	-7.281584e+00
4.344000e-05	-4.914026e-02	-7.411352e+00
4.345000e-05	2.373952e-02	-7.629924e+00
4.346000e-05	2.130517e-02	-7.830405e+00
4.347000e-05	-3.984721e-02	-8.018900e+00
4.348000e-05	4.407237e-02	-8.185771e+00
4.349000e-05	-6.240330e-02	-8.334196e+00
4.350000e-05	5.131845e-02	-8.450057e+00
4.351000e-05	-1.006108e-02	-8.668955e+00
4.352000e-05	1.207705e-02	-8.820479e+00
4.353000e-05	-1.109385e-02	-8.945217e+00
4.354000e-05	-1.707392e-02	-9.094189e+00
4.355000e-05	3.444373e-02	-9.218349e+00
4.356000e-05	-2.608674e-02	-9.386250e+00
4.357000e-05	1.781293e-02	-9.525191e+00
4.358000e-05	-1.420013e-02	-9.682509e+00
4.359000e-05	2.321786e-02	-9.818874e+00
4.360000e-05	-1.684975e-02	-9.912592e+00
4.361000e-05	1.195979e-04	-1.004151e+01
4.362000e-05	5.255877e-03	-1.021775e+01
4.363000e-05	2.434968e-03	-1.031562e+01
4.364000e-05	-1.119821e-03	-1.042953e+01
4.365000e-05	-5.008615e-03	-1.056732e+01
4.366000e-05	1.606968e-02	-1.066301e+01
4.367000e-05	-5.044307e-03	-1.073622e+01
4.368000e-05	1.915234e-03	-1.083095e+01
4.369000e-05	-4.524492e-03	-1.097622e+01
4.370000e-05	1.206956e-02	-1.106898e+01
4.371000e-05	-2.744656e-03	-1.110366e+01
4.372000e-05	3.567530e-03	-1.120106e+01
4.373000e-05	2.573119e-03	-1.130514e+01
4.374000e-05	3.463783e-03	-1.139890e+01
4.375000e-05	1.446835e-03	-1.147148e+01
4.376000e-05	2.943857e-03	-1.150724e+01
4.377000e-05	8.144748e-03	-1.155980e+01
4.378000e-05	3.228704e-03	-1.172203e+01
4.379000e-05	4.162429e-03	-1.173532e+01
4.380000e-05	1.404598e-03	-1.182930e+01
4.381000e-05	4.365224e-03	-1.186045e+01
4.382000e-05	2.138472e-03	-1.188256e+01
4.383000e-05	5.900289e-03	-1.193372e+01
4.384000e-05	5.153864e-03	-1.199582e+01
4.385000e-05	4.713586e-03	-1.199887e+01
4.386000e-05	7.465326e-03	-1.202102e+01
4.387000e-05	7.412817e-03	-1.205153e+01
4.388000e-05	7.500939e-03	-1.206201e+01
4.389000e-05	7.084571e-03	-1.208413e+01
4.390000e-05	1.000501e-02	-1.209361e+01
4.391000e-05	1.106980e-02	-1.208519e+01
4.392000e-05	1.012530e-02	-1.207369e+01
4.393000e-05	1.166317e-02	-1.208368e+01
4.394000e-05	1.333833e-02	-1.207366e+01
4.395000e-05	1.551313e-02	-1.206163e+01
4.396000e-05	1.524308e-02	-1.205351e+01
4.397000e-05	1.746568e-02	-1.202108e+01
4.398000e-05	1.883962e-02	-1.205903e+01
4.399000e-05	1.833464e-02	-1.195993e+01
4.400000e-05	1.944487e-02	-1.197824e+01
4.401000e-05	1.944978e-02	-1.189259e+01
4.402000e-05	1.914416e-02	-1.187203e+01
4.403000e-05	1.811077e-02	-1.179840e+01
4.404000e-05	1.423884e-02	-1.178829e+01
4.405000e-05	1.464687e-02	-1.162201e+01
4.406000e-05	1.252153e-02	-1.155890e+01
4.407000e-05	1.226490e-02	-1.152521e+01
4.408000e-05	1.095722e-02	-1.144903e+01
4.409000e-05	1.009100e-02	-1.134680e+01
4.410000e-05	9.318801e-03	-1.126250e+01
4.411000e-05	6.964014e-03	-1.115840e+01
4.412000e-05	5.465599e-03	-1.107368e+01
4.413000e-05	3.420372e-03	-1.099837e+01
4.414000e-05	4.104271e-03	-1.089324e+01
4.415000e-05	3.894225e-03	-1.077043e+01
4.416000e-05	4.071669e-03	-1.070474e+01
4.417000e-05	3.272389e-03	-1.062153e+01
4.418000e-05	3.940926e-03	-1.053676e+01
4.419000e-05	2.820535e-03	-1.039053e+01
4.420000e-05	1.104200e-03	-1.028269e+01
4.421000e-05	-6.507733e-04	-1.014786e+01
4.422000e-05	8.566393e-04	-1.003100e+01
4.423000e-05	1.291613e-03	-9.936286e+00
4.424000e-05	-3.018952e-04	-9.788974e+00
4.425000e-05	-1.050888e-03	-9.684637e+00
4.426000e-05	1.261497e-03	-9.538346e+00
4.427000e-05	9.992344e-04	-9.389545e+00
4.428000e-05	5.634811e-04	-9.252634e+00
4.429000e-05	-9.820195e-04	-9.106188e+00
4.430000e-05	-1.817803e-03	-8.978394e+00
4.431000e-05	-2.200537e-03	-8.810503e+00
4.432000e-05	-1.653174e-03	-8.681607e+00
4.433000e-05	-1.079154e-03	-8.415232e+00
4.434000e-05	-1.874190e-03	-8.335245e+00
4.435000e-05	-2.066939e-03	-8.168524e+00
4.436000e-05	-2.398139e-03	-8.011573e+00
4.437000e-05	-1.901847e-03	-7.781098e+00
4.438000e-05	-1.896477e-03	-7.590100e+00
4.439000e-05	-1.816295e-03	-7.441577e+00
4.440000e-05	-2.827632e-03	-7.221657e+00
4.441000e-05	-4.467368e-03	-7.062107e+00
4.442000e-05	-4.351876e-03	-6.843158e+00
4.443000e-05	-3.604203e-03	-6.663733e+00
4.444000e-05	-3.244735e-03	-6.474811e+00
4.445000e-05	-4.404171e-03	-6.326261e+00
4.446000e-05	-4.460869e-03	-6.093787e+00
4.447000e-05	-3.315998e-03	-5.894186e+00
4.448000e-05	-3.058192e-03	-5.696788e+00
4.449000e-05	-3.645351e-03	-5.496266e+00
4.450000e-05	-3.957235e-03	-5.264862e+00
4.451000e-05	-3.601567e-03	-5.033783e+00
4.452000e-05	-2.721785e-03	-4.810680e+00
4.453000e-05	-4.982519e-03	-4.590574e+00
4.454000e-05	-2.754153e-03	-4.410629e+00
4.455000e-05	-4.479532e-03	-4.234707e+00
4.456000e-05	-3.688126e-03	-4.085202e+00
4.457000e-05	-5.306469e-03	-3.833653e+00
4.458000e-05	-3.056681e-03	-3.612051e+00
4.459000e-05	-2.474730e-03	-3.382080e+00
4.460000e-05	-3.360076e-03	-3.180550e+00
4.461000e-05	-4.958403e-03	-2.958995e+00
4.462000e-05	-6.455119e-03	-2.767490e+00
4.463000e-05	-5.526751e-03	-2.536916e+00
4.464000e-05	-4.119680e-03	-2.327917e+00
4.465000e-05	-3.624687e-03	-2.033705e+00
4.466000e-05	-3.535074e-03	-1.872734e+00
4.467000e-05	-4.042345e-03	-1.632782e+00
4.468000e-05	-4.607547e-03	-1.401226e+00
4.469000e-05	-4.447559e-03	-1.128441e+00
4.470000e-05	-6.252990e-03	-9.264404e-01
4.471000e-05	-5.232638e-03	-7.249382e-01
4.472000e-05	-5.574900e-03	-4.026813e-01
4.473000e-05	-3.914751e-03	-2.142563e-01
4.474000e-05	-3.024847e-03	-3.215883e-02
4.475000e-05	4.039464e-03	2.078764e-01
4.476000e-05	-8.174532e-04	4.204027e-01
4.477000e-05	-1.724328e-03	6.099015e-01
4.478000e-05	-9.021449e-04	7.983762e-01
4.479000e-05	-3.040965e-03	1.038951e+00
4.480000e-05	-3.399085e-03	1.252609e+00
4.481000e-05	1.052848e-03	1.524062e+00
4.482000e-05	1.395115e-02	1.746742e+00
4.483000e-05	6.008563e-02	1.925141e+00
4.484000e-05	2.992619e-02	2.145290e+00
4.485000e-05	-7.164735e-02	2.398403e+00
4.486000e-05	-2.139357e-02	2.690034e+00
4.487000e-05	-3.439862e-02	2.892582e+00
4.488000e-05	-6.051123e-02	3.040404e+00
4.489000e-05	4.176604e-02	3.178349e+00
4.490000e-05	1.105051e-01	3.436349e+00
4.491000e-05	-1.636728e-01	3.588924e+00
4.492000e-05	1.332766e-01	3.763667e+00
4.493000e-05	-2.954557e-02	3.988849e+00
4.494000e-05	-6.676784e-02	4.248328e+00
4.495000e-05	8.512197e-02	4.459354e+00
4.496000e-05	-5.320634e-02	4.670930e+00
4.497000e-05	1.950036e-03	4.851462e+00
4.498000e-05	2.891571e-02	5.144214e+00
4.499000e-05	-3.582855e-02	5.367298e+00
4.500000e-05	2.226788e-02	5.566323e+00
4.501000e-05	-2.539607e-02	5.794796e+00
4.502000e-05	-2.854695e-03	5.998905e+00
4.503000e-05	-3.251430e-03	6.167300e+00
4.504000e-05	5.245537e-03	6.378297e+00
4.505000e-05	2.374017e-02	6.605300e+00
4.506000e-05	-3.599609e-02	6.828879e+00
4.507000e-05	2.769301e-02	7.028350e+00
4.508000e-05	-3.462132e-02	7.166275e+00
4.509000e-05	-4.082434e-04	7.311666e+00
4.510000e-05	1.370369e-02	7.585070e+00
4.511000e-05	-1.447224e-02	7.756267e+00
4.512000e-05	1.296116e-02	7.974171e+00
4.513000e-05	-2.205096e-02	8.166145e+00
4.514000e-05	2.157259e-03	8.322139e+00
4.515000e-05	-8.350703e-03	8.429054e+00
4.516000e-05	2.604055e-03	8.546275e+00
4.517000e-05	-4.466189e-03	8.742590e+00
4.518000e-05	-4.430793e-03	8.879980e+00
4.519000e-05	5.178888e-03	9.039828e+00
4.520000e-05	-1.448251e-02	9.186774e+00
4.521000e-05	-3.820606e-03	9.315189e+00
4.522000e-05	-2.813122e-03	9.431457e+00
4.523000e-05	3.352695e-04	9.568274e+00
4.524000e-05	-8.427051e-03	9.703661e+00
4.525000e-05	-2.331142e-03	9.910934e+00
4.526000e-05	-1.847411e-03	9.989476e+00
4.527000e-05	-7.332511e-03	1.014424e+01
4.528000e-05	-9.732452e-03	1.028150e+01
4.529000e-05	-3.087595e-03	1.034427e+01
4.530000e-05	-1.468959e-03	1.047263e+01
4.531000e-05	-7.704704e-03	1.062685e+01
4.532000e-05	-6.876815e-03	1.071509e+01
4.533000e-05	-4.175760e-03	1.084103e+01
4.534000e-05	-4.385220e-03	1.094376e+01
4.535000e-05	-8.492015e-03	1.097995e+01
4.536000e-05	-6.445056e-03	1.110314e+01
4.537000e-05	-6.699891e-03	1.117737e+01
4.538000e-05	-6.996688e-03	1.131008e+01
4.539000e-05	-6.808857e-03	1.134670e+01
4.540000e-05	-6.723336e-03	1.145945e+01
4.541000e-05	-9.750830e-03	1.153359e+01
4.542000e-05	-9.353820e-03	1.161643e+01
4.543000e-05	-4.841593e-03	1.166363e+01
4.544000e-05	-6.945547e-03	1.173670e+01
4.545000e-05	-8.671542e-03	1.180043e+01
4.546000e-05	-1.067690e-02	1.181030e+01
4.547000e-05	-1.035229e-02	1.186168e+01
4.548000e-05	-1.072308e-02	1.188506e+01
4.549000e-05	-1.041029e-02	1.192371e+01
4.550000e-05	-1.004368e-02	1.195627e+01
4.551000e-05	-1.182728e-02	1.197887e+01
4.552000e-05	-1.391258e-02	1.202797e+01
4.553000e-05	-1.303810e-02	1.200055e+01
4.554000e-05	-1.212856e-02	1.209153e+01
4.555000e-05	-1.446661e-02	1.207143e+01
4.556000e-05	-1.460877e-02	1.206253e+01
4.557000e-05	-1.760458e-02	1.206306e+01
4.558000e-05	-1.796429e-02	1.209361e+01
4.559000e-05	-1.927339e-02	1.208263e+01
4.560000e-05	-1.956217e-02	1.206358e+01
4.561000e-05	-2.164942e-02	1.199908e+01
4.562000e-05	-2.342909e-02	1.204950e+01
4.563000e-05	-2.321964e-02	1.199848e+01
4.564000e-05	-2.384004e-02	1.197832e+01
4.565000e-05	-2.360132e-02	1.200587e+01
4.566000e-05	-2.533184e-02	1.190429e+01
4.567000e-05	-2.426080e-02	1.188264e+01
4.568000e-05	-2.373390e-02	1.183108e+01
4.569000e-05	-2.172494e-02	1.179893e+01
4.570000e-05	-2.055966e-02	1.175576e+01
4.571000e-05	-2.026581e-02	1.169255e+01
4.572000e-05	-1.919350e-02	1.163892e+01
4.573000e-05	-1.801522e-02	1.150424e+01
4.574000e-05	-1.721812e-02	1.143053e+01
4.575000e-05	-1.520028e-02	1.132584e+01
4.576000e-05	-1.332531e-02	1.127205e+01
4.577000e-05	-1.216834e-02	1.116594e+01
4.578000e-05	-1.262503e-02	1.108371e+01
4.579000e-05	-1.222973e-02	1.099947e+01
4.580000e-05	-1.180841e-02	1.090371e+01
4.581000e-05	-9.616501e-03	1.082050e+01
4.582000e-05	-1.109642e-02	1.072431e+01
4.583000e-05	-8.074678e-03	1.064793e+01
4.584000e-05	-1.021476e-02	1.047368e+01
4.585000e-05	-6.633222e-03	1.037789e+01
4.586000e-05	-1.018617e-02	1.025153e+01
4.587000e-05	-6.898422e-03	1.013684e+01
4.588000e-05	-9.546356e-03	1.003005e+01
4.589000e-05	-6.390631e-03	9.954090e+00
4.590000e-05	-6.589963e-03	9.735898e+00
4.591000e-05	-6.520528e-03	9.598948e+00
4.592000e-05	-7.138908e-03	9.464735e+00
4.593000e-05	-6.270601e-03	9.345844e+00
4.594000e-05	-6.076864e-03	9.221051e+00
4.595000e-05	-5.594286e-03	9.093658e+00
4.596000e-05	-6.463738e-03	8.874834e+00
4.597000e-05	-5.820239e-03	8.745816e+00
4.598000e-05	-5.354344e-03	8.608899e+00
4.599000e-05	-5.468498e-03	8.442052e+00
4.600000e-05	-5.595013e-03	8.254690e+00
4.601000e-05	-5.109436e-03	8.084836e+00
4.602000e-05	-5.422758e-03	7.906267e+00
4.603000e-05	-5.322969e-03	7.738397e+00
4.604000e-05	-5.328809e-03	7.578526e+00
4.605000e-05	-4.746541e-03	7.347926e+00
4.606000e-05	-4.943421e-03	7.168898e+00
4.607000e-05	-5.218620e-03	7.008051e+00
4.608000e-05	-5.533110e-03	6.832575e+00
4.609000e-05	-5.225982e-03	6.631651e+00
4.610000e-05	-5.477132e-03	6.430079e+00
4.611000e-05	-5.058991e-03	6.212104e+00
4.612000e-05	-4.738747e-03	6.072681e+00
4.613000e-05	-4.381132e-03	5.864257e+00
4.614000e-05	-4.400769e-03	5.623204e+00
4.615000e-05	-5.317876e-03	5.432754e+00
4.616000e-05	-5.199394e-03	5.233229e+00
4.617000e-05	-5.182235e-03	4.950027e+00
4.618000e-05	-4.741443e-03	4.737917e+00
4.619000e-05	-4.242151e-03	4.547946e+00
4.620000e-05	-5.052455e-03	4.369496e+00
4.621000e-05	-4.723308e-03	4.159919e+00
4.622000e-05	-5.112766e-03	3.936365e+00
4.623000e-05	-4.620964e-03	3.735841e+00
4.624000e-05	-5.005568e-03	3.578892e+00
4.625000e-05	-3.976804e-03	3.256812e+00
4.626000e-05	-4.481854e-03	3.055309e+00
4.627000e-05	-5.010704e-03	2.914713e+00
4.628000e-05	-4.631992e-03	2.675308e+00
4.629000e-05	-3.985699e-03	2.380578e+00
4.630000e-05	-4.330086e-03	2.203049e+00
4.631000e-05	-2.937122e-03	2.021051e+00
4.632000e-05	-4.207726e-03	1.789946e+00
4.633000e-05	-4.291003e-03	1.526494e+00
4.634000e-05	-4.130115e-03	1.305911e+00
4.635000e-05	-3.580021e-03	1.065803e+00
4.636000e-05	-3.186363e-03	7.900764e-01
4.637000e-05	-4.031248e-03	5.795451e-01
4.638000e-05	-4.248874e-03	3.280525e-01
4.639000e-05	-2.582490e-03	1.269672e-01
4.640000e-05	3.095649e-04	-9.308690e-02
4.641000e-05	6.246110e-03	-2.836868e-01
4.642000e-05	-4.073027e-03	-4.945342e-01
4.643000e-05	2.570294e-03	-7.570884e-01
4.644000e-05	-3.281152e-03	-9.257082e-01
4.645000e-05	1.723805e-03	-1.105166e+00
4.646000e-05	-2.457385e-03	-1.325647e+00
4.647000e-05	1.426190e-02	-1.609474e+00
4.648000e-05	7.514566e-02	-1.766221e+00
4.649000e-05	1.996536e-02	-1.988271e+00
4.650000e-05	-7.398987e-02	-2.385216e+00
4.651000e-05	-8.238175e-03	-2.589854e+00
4.652000e-05	-6.251619e-02	-2.777372e+00
4.653000e-05	-4.783810e-02	-2.883582e+00
4.654000e-05	1.682638e-01	-3.020451e+00
4.655000e-05	-8.888445e-02	-3.282562e+00
4.656000e-05	-7.905720e-03	-3.525216e+00
4.657000e-05	1.160847e-01	-3.611454e+00
4.658000e-05	-1.838226e-01	-3.925695e+00
4.659000e-05	1.263704e-01	-4.145215e+00
4.660000e-05	-8.109696e-04	-4.324665e+00
4.661000e-05	-8.541229e-02	-4.524141e+00
4.662000e-05	1.493945e-01	-4.746266e+00
4.663000e-05	-1.234876e-01	-4.996694e+00
4.664000e-05	5.022755e-02	-5.207951e+00
4.665000e-05	1.073488e-02	-5.418905e+00
4.666000e-05	-8.230401e-02	-5.672582e+00
4.667000e-05	1.148309e-01	-5.872983e+00
4.668000e-05	-9.490970e-02	-6.031903e+00
4.669000e-05	7.052962e-02	-6.252982e+00
4.670000e-05	-1.039892e-02	-6.451036e+00
4.671000e-05	-2.624513e-02	-6.703561e+00
4.672000e-05	6.729332e-02	-6.831453e+00
4.673000e-05	-1.111299e-01	-7.063062e+00
4.674000e-05	9.314589e-02	-7.242582e+00
4.675000e-05	-4.552507e-02	-7.429350e+00
4.676000e-05	1.810772e-02	-7.638949e+00
4.677000e-05	2.595677e-02	-7.798375e+00
4.678000e-05	-4.220392e-02	-8.010930e+00
4.679000e-05	4.553231e-02	-8.187846e+00
4.680000e-05	-6.174244e-02	-8.326639e+00
4.681000e-05	4.935631e-02	-8.462533e+00
4.682000e-05	-8.371817e-03	-8.678879e+00
4.683000e-05	1.000986e-02	-8.830475e+00
4.684000e-05	-8.559215e-03	-8.945743e+00
4.685000e-05	-1.946550e-02	-9.093564e+00
4.686000e-05	3.550511e-02	-9.189898e+00
4.687000e-05	-2.505340e-02	-9.376321e+00
4.688000e-05	1.927444e-02	-9.506611e+00
4.689000e-05	-1.376072e-02	-9.661532e+00
4.690000e-05	2.271703e-02	-9.808379e+00
4.691000e-05	-1.728143e-02	-9.924141e+00
4.692000e-05	-2.075422e-03	-1.006043e+01
4.693000e-05	6.572616e-03	-1.019580e+01
4.694000e-05	4.013922e-03	-1.034507e+01
4.695000e-05	-1.966728e-03	-1.046048e+01
4.696000e-05	-4.523572e-03	-1.056422e+01
4.697000e-05	1.469691e-02	-1.064206e+01
4.698000e-05	-1.493935e-03	-1.077732e+01
4.699000e-05	3.016719e-03	-1.086151e+01
4.700000e-05	-5.213659e-03	-1.097416e+01
4.701000e-05	1.378156e-02	-1.098950e+01
4.702000e-05	-4.140782e-03	-1.115456e+01
4.703000e-05	3.500098e-03	-1.121885e+01
4.704000e-05	1.498257e-04	-1.130309e+01
4.705000e-05	3.435493e-03	-1.141730e+01
4.706000e-05	1.599110e-03	-1.149046e+01
4.707000e-05	3.272482e-03	-1.152572e+01
4.708000e-05	9.543769e-03	-1.160885e+01
4.709000e-05	5.284963e-03	-1.165351e+01
4.710000e-05	5.467779e-03	-1.176522e+01
4.711000e-05	8.500258e-04	-1.182790e+01
4.712000e-05	3.247649e-03	-1.183893e+01
4.713000e-05	1.510850e-03	-1.188146e+01
4.714000e-05	4.753663e-03	-1.192619e+01
4.715000e-05	5.902875e-03	-1.196679e+01
4.716000e-05	5.329590e-03	-1.198092e+01
4.717000e-05	8.319457e-03	-1.202993e+01
4.718000e-05	8.618085e-03	-1.205111e+01
4.719000e-05	7.704921e-03	-1.206166e+01
4.720000e-05	6.489132e-03	-1.209261e+01
4.721000e-05	1.014928e-02	-1.207216e+01
4.722000e-05	1.097615e-02	-1.211316e+01
4.723000e-05	9.668075e-03	-1.209421e+01
4.724000e-05	1.056447e-02	-1.208424e+01
4.725000e-05	1.262190e-02	-1.208268e+01
4.726000e-05	1.592350e-02	-1.205266e+01
4.727000e-05	1.663348e-02	-1.207158e+01
4.728000e-05	1.828588e-02	-1.202098e+01
4.729000e-05	1.892177e-02	-1.202113e+01
4.730000e-05	1.834127e-02	-1.204942e+01
4.731000e-05	1.877190e-02	-1.195680e+01
4.732000e-05	1.781313e-02	-1.190324e+01
4.733000e-05	1.855533e-02	-1.188258e+01
4.734000e-05	1.804122e-02	-1.177890e+01
4.735000e-05	1.699107e-02	-1.172681e+01
4.736000e-05	1.468006e-02	-1.167208e+01
4.737000e-05	1.373393e-02	-1.161940e+01
4.738000e-05	1.228120e-02	-1.151519e+01
4.739000e-05	1.037504e-02	-1.143056e+01
4.740000e-05	8.056412e-03	-1.133622e+01
4.741000e-05	8.163815e-03	-1.127165e+01
4.742000e-05	8.616538e-03	-1.113685e+01
4.743000e-05	5.367342e-03	-1.108263e+01
4.744000e-05	5.363868e-03	-1.094837e+01
4.745000e-05	3.720284e-03	-1.088363e+01
4.746000e-05	4.528708e-03	-1.081953e+01
4.747000e-05	3.612985e-03	-1.075676e+01
4.748000e-05	4.657810e-03	-1.059150e+01
4.749000e-05	2.946313e-03	-1.051526e+01
4.750000e-05	1.296238e-03	-1.041143e+01
4.751000e-05	2.800269e-04	-1.028276e+01
4.752000e-05	1.572538e-03	-1.016689e+01
4.753000e-05	1.046130e-03	-1.004300e+01
4.754000e-05	2.466493e-04	-9.905263e+00
4.755000e-05	6.719692e-04	-9.797999e+00
4.756000e-05	8.312699e-04	-9.665160e+00
4.757000e-05	-3.285521e-04	-9.586421e+00
4.758000e-05	-4.097460e-04	-9.389526e+00
4.759000e-05	-1.012969e-03	-9.222654e+00
4.760000e-05	-4.736352e-04	-9.115764e+00
4.761000e-05	-2.071436e-03	-8.979470e+00
4.762000e-05	-1.276639e-03	-8.831428e+00
4.763000e-05	-8.536075e-04	-8.662554e+00
4.764000e-05	-2.047450e-03	-8.453261e+00
4.765000e-05	-2.502899e-03	-8.347369e+00
4.766000e-05	-1.864509e-03	-8.189472e+00
4.767000e-05	-1.492801e-03	-8.021076e+00
4.768000e-05	-2.801774e-03	-7.852100e+00
4.769000e-05	-1.628660e-03	-7.641498e+00
4.770000e-05	-3.800117e-03	-7.391553e+00
4.771000e-05	-3.427860e-03	-7.243654e+00
4.772000e-05	-4.477356e-03	-7.063236e+00
4.773000e-05	-2.577855e-03	-6.852155e+00
4.774000e-05	-3.483967e-03	-6.654732e+00
4.775000e-05	-3.378523e-03	-6.504814e+00
4.776000e-05	-4.103434e-03	-6.326763e+00
4.777000e-05	-2.836854e-03	-6.065332e+00
4.778000e-05	-3.404252e-03	-5.895787e+00
4.779000e-05	-3.451209e-03	-5.689291e+00
4.780000e-05	-4.620516e-03	-5.538940e+00
4.781000e-05	-4.000970e-03	-5.284833e+00
4.782000e-05	-4.557737e-03	-5.024683e+00
4.783000e-05	-2.819339e-03	-4.771529e+00
4.784000e-05	-4.361312e-03	-4.622046e+00
4.785000e-05	-3.384586e-03	-4.442079e+00
4.786000e-05	-5.018819e-03	-4.253683e+00
4.787000e-05	-3.472229e-03	-4.045207e+00
4.788000e-05	-3.832309e-03	-3.810083e+00
4.789000e-05	-2.060126e-03	-3.590624e+00
4.790000e-05	-4.137936e-03	-3.421601e+00
4.791000e-05	-5.187416e-03	-3.199098e+00
4.792000e-05	-5.899429e-03	-2.969617e+00
4.793000e-05	-5.730166e-03	-2.708417e+00
4.794000e-05	-4.180351e-03	-2.527940e+00
4.795000e-05	-3.762868e-03	-2.315917e+00
4.796000e-05	-3.867440e-03	-2.076737e+00
4.797000e-05	-4.232351e-03	-1.844683e+00
4.798000e-05	-4.249025e-03	-1.633759e+00
4.799000e-05	-5.523707e-03	-1.392180e+00
4.800000e-05	-5.326024e-03	-1.107468e+00
4.801000e-05	-5.757458e-03	-9.163118e-01
4.802000e-05	-5.239082e-03	-6.858645e-01
4.803000e-05	-5.293476e-03	-4.536291e-01
4.804000e-05	-4.679612e-03	-2.242078e-01
4.805000e-05	-3.394896e-03	-3.273150e-02
4.806000e-05	3.936686e-03	1.783263e-01
4.807000e-05	2.192875e-05	4.509288e-01
4.808000e-05	-1.798236e-03	6.288775e-01
4.809000e-05	-1.078606e-03	8.289236e-01
4.810000e-05	-3.536342e-03	1.040975e+00
4.811000e-05	-2.137494e-03	1.290608e+00
4.812000e-05	-7.823031e-04	1.492738e+00
4.813000e-05	1.310581e-02	1.753191e+00
4.814000e-05	5.873261e-02	1.915192e+00
4.815000e-05	3.256389e-02	2.194794e+00
4.816000e-05	-7.178348e-02	2.426426e+00
4.817000e-05	-2.316709e-02	2.670478e+00
4.818000e-05	-3.381193e-02	2.901559e+00
4.819000e-05	-5.897142e-02	3.029450e+00
4.820000e-05	3.609114e-02	3.177272e+00
4.821000e-05	1.148135e-01	3.406778e+00
4.822000e-05	-1.614682e-01	3.608403e+00
4.823000e-05	1.261634e-01	3.776792e+00
4.824000e-05	-2.162504e-02	4.007276e+00
4.825000e-05	-7.264456e-02	4.218803e+00
4.826000e-05	8.670173e-02	4.440427e+00
4.827000e-05	-4.881158e-02	4.619908e+00
4.828000e-05	-2.772109e-03	4.839508e+00
4.829000e-05	3.083410e-02	5.144641e+00
4.830000e-05	-3.681151e-02	5.347719e+00
4.831000e-05	2.151346e-02	5.566217e+00
4.832000e-05	-2.360461e-02	5.807894e+00
4.833000e-05	-3.062568e-03	5.979376e+00
4.834000e-05	-2.735106e-03	6.187323e+00
4.835000e-05	3.161428e-03	6.397246e+00
4.836000e-05	2.521198e-02	6.556270e+00
4.837000e-05	-3.658557e-02	6.808376e+00
4.838000e-05	2.784383e-02	7.025821e+00
4.839000e-05	-3.329041e-02	7.185745e+00
4.840000e-05	-1.872306e-03	7.332190e+00
4.841000e-05	1.464355e-02	7.574150e+00
4.842000e-05	-1.400868e-02	7.734718e+00
4.843000e-05	1.332637e-02	7.943643e+00
4.844000e-05	-2.026510e-02	8.156218e+00
4.845000e-05	2.176565e-04	8.334087e+00
4.846000e-05	-7.878530e-03	8.460507e+00
4.847000e-05	2.472431e-03	8.586744e+00
4.848000e-05	-4.597229e-03	8.713135e+00
4.849000e-05	-5.773571e-03	8.831004e+00
4.850000e-05	5.923378e-03	9.036855e+00
4.851000e-05	-1.222578e-02	9.186795e+00
4.852000e-05	-3.076349e-03	9.354216e+00
4.853000e-05	-2.767122e-03	9.460380e+00
4.854000e-05	1.124053e-03	9.576272e+00
4.855000e-05	-7.545039e-03	9.735215e+00
4.856000e-05	-3.214707e-03	9.880960e+00
4.857000e-05	-2.869788e-03	1.000838e+01
4.858000e-05	-8.122835e-03	1.013419e+01
4.859000e-05	-9.566462e-03	1.024000e+01
4.860000e-05	-2.570777e-03	1.037769e+01
4.861000e-05	-7.644810e-04	1.050256e+01
4.862000e-05	-7.556151e-03	1.062740e+01
4.863000e-05	-6.405491e-03	1.073359e+01
4.864000e-05	-3.969203e-03	1.085155e+01
4.865000e-05	-5.821418e-03	1.089571e+01
4.866000e-05	-9.455927e-03	1.099935e+01
4.867000e-05	-6.333094e-03	1.110321e+01
4.868000e-05	-4.975302e-03	1.123785e+01
4.869000e-05	-8.377710e-03	1.124161e+01
4.870000e-05	-7.158534e-03	1.134674e+01
4.871000e-05	-6.912798e-03	1.146841e+01
4.872000e-05	-7.959884e-03	1.156566e+01
4.873000e-05	-8.556518e-03	1.160033e+01
4.874000e-05	-6.021227e-03	1.171258e+01
4.875000e-05	-7.325813e-03	1.178574e+01
4.876000e-05	-8.032063e-03	1.178685e+01
4.877000e-05	-9.918661e-03	1.183950e+01
4.878000e-05	-9.588706e-03	1.184056e+01
4.879000e-05	-1.114062e-02	1.190409e+01
4.880000e-05	-1.032183e-02	1.195639e+01
4.881000e-05	-1.200987e-02	1.193735e+01
4.882000e-05	-1.092414e-02	1.198890e+01
4.883000e-05	-1.226836e-02	1.203990e+01
4.884000e-05	-1.256837e-02	1.202943e+01
4.885000e-05	-1.176308e-02	1.207198e+01
4.886000e-05	-1.469197e-02	1.205205e+01
4.887000e-05	-1.564840e-02	1.210008e+01
4.888000e-05	-1.683140e-02	1.208111e+01
4.889000e-05	-1.683365e-02	1.210258e+01
4.890000e-05	-1.925086e-02	1.208261e+01
4.891000e-05	-2.136425e-02	1.204006e+01
4.892000e-05	-2.157462e-02	1.208205e+01
4.893000e-05	-2.222161e-02	1.205053e+01
4.894000e-05	-2.215611e-02	1.203188e+01
4.895000e-05	-2.470547e-02	1.201650e+01
4.896000e-05	-2.515206e-02	1.194692e+01
4.897000e-05	-2.462613e-02	1.195574e+01
4.898000e-05	-2.352400e-02	1.189211e+01
4.899000e-05	-2.393490e-02	1.183006e+01
4.900000e-05	-2.272572e-02	1.184740e+01
4.901000e-05	-2.190864e-02	1.176479e+01
4.902000e-05	-2.101078e-02	1.169206e+01
4.903000e-05	-1.948863e-02	1.160098e+01
4.904000e-05	-1.646865e-02	1.153524e+01
4.905000e-05	-1.644095e-02	1.143061e+01
4.906000e-05	-1.433496e-02	1.135537e+01
4.907000e-05	-1.381500e-02	1.124163e+01
4.908000e-05	-1.195867e-02	1.118582e+01
4.909000e-05	-1.146884e-02	1.107311e+01
4.910000e-05	-1.191422e-02	1.099095e+01
4.911000e-05	-1.183738e-02	1.093579e+01
4.912000e-05	-1.067733e-02	1.083103e+01
4.913000e-05	-1.258328e-02	1.073524e+01
4.914000e-05	-9.086593e-03	1.059995e+01
4.915000e-05	-9.259473e-03	1.050521e+01
4.916000e-05	-5.588480e-03	1.039742e+01
4.917000e-05	-8.990013e-03	1.024161e+01
4.918000e-05	-5.912926e-03	1.017639e+01
4.919000e-05	-8.046781e-03	1.005055e+01
4.920000e-05	-7.461393e-03	9.913240e+00
4.921000e-05	-1.021429e-02	9.746922e+00
4.922000e-05	-8.270310e-03	9.600501e+00
4.923000e-05	-7.658884e-03	9.453658e+00
4.924000e-05	-5.515800e-03	9.345842e+00
4.925000e-05	-5.602635e-03	9.222577e+00
4.926000e-05	-5.018538e-03	9.092261e+00
4.927000e-05	-5.221051e-03	8.904292e+00
4.928000e-05	-5.914769e-03	8.766845e+00
4.929000e-05	-6.674987e-03	8.597449e+00
4.930000e-05	-6.189912e-03	8.441706e+00
4.931000e-05	-6.184737e-03	8.333212e+00
4.932000e-05	-5.760691e-03	8.042887e+00
4.933000e-05	-5.798196e-03	7.927841e+00
4.934000e-05	-5.052937e-03	7.767869e+00
4.935000e-05	-4.768699e-03	7.579416e+00
4.936000e-05	-4.757366e-03	7.337445e+00
4.937000e-05	-4.073347e-03	7.178496e+00
4.938000e-05	-5.479134e-03	6.989498e+00
4.939000e-05	-6.258644e-03	6.840177e+00
4.940000e-05	-5.862144e-03	6.630553e+00
4.941000e-05	-4.817217e-03	6.419999e+00
4.942000e-05	-4.649737e-03	6.252154e+00
4.943000e-05	-4.653593e-03	6.033206e+00
4.944000e-05	-5.131618e-03	5.854264e+00
4.945000e-05	-3.327305e-03	5.672310e+00
4.946000e-05	-3.959107e-03	5.463231e+00
4.947000e-05	-4.752505e-03	5.253156e+00
4.948000e-05	-5.799855e-03	5.009500e+00
4.949000e-05	-5.626607e-03	4.747969e+00
4.950000e-05	-4.823608e-03	4.538971e+00
4.951000e-05	-4.748580e-03	4.369074e+00
4.952000e-05	-4.696355e-03	4.178074e+00
4.953000e-05	-4.226742e-03	3.937416e+00
4.954000e-05	-3.206015e-03	3.736870e+00
4.955000e-05	-4.570516e-03	3.578819e+00
4.956000e-05	-4.696878e-03	3.306411e+00
4.957000e-05	-4.797156e-03	3.095791e+00
4.958000e-05	-4.311517e-03	2.915741e+00
4.959000e-05	-4.625224e-03	2.686316e+00
4.960000e-05	-4.911650e-03	2.424656e+00
4.961000e-05	-4.507523e-03	2.211624e+00
4.962000e-05	-3.793999e-03	1.980104e+00
4.963000e-05	-4.213753e-03	1.809548e+00
4.964000e-05	-4.796562e-03	1.558342e+00
4.965000e-05	-3.977328e-03	1.296863e+00
4.966000e-05	-3.734525e-03	1.063832e+00
4.967000e-05	-3.813152e-03	8.410975e-01
4.968000e-05	-3.726011e-03	5.890026e-01
4.969000e-05	-4.459495e-03	3.810451e-01
4.970000e-05	-2.926844e-03	1.469661e-01
4.971000e-05	-1.880561e-03	-1.046355e-01
4.972000e-05	6.261805e-03	-3.131618e-01
4.973000e-05	-1.952088e-03	-4.925315e-01
4.974000e-05	3.619573e-03	-7.252185e-01
4.975000e-05	-2.419445e-03	-9.036357e-01
4.976000e-05	9.659431e-04	-1.115614e+00
4.977000e-05	-2.514385e-03	-1.324266e+00
4.978000e-05	1.309666e-02	-1.588399e+00
4.979000e-05	7.306966e-02	-1.747266e+00
4.980000e-05	2.417905e-02	-1.996771e+00
4.981000e-05	-7.496553e-02	-2.344238e+00
4.982000e-05	-7.348599e-03	-2.628855e+00
4.983000e-05	-6.258698e-02	-2.778795e+00
4.984000e-05	-4.974118e-02	-2.853611e+00
4.985000e-05	1.655819e-01	-3.010504e+00
4.986000e-05	-7.821563e-02	-3.282662e+00
4.987000e-05	-1.838436e-02	-3.536187e+00
4.988000e-05	1.247255e-01	-3.660479e+00
4.989000e-05	-1.857056e-01	-3.955138e+00
4.990000e-05	1.189472e-01	-4.144642e+00
4.991000e-05	8.901438e-03	-4.323612e+00
4.992000e-05	-9.054948e-02	-4.534691e+00
4.993000e-05	1.487696e-01	-4.737209e+00
4.994000e-05	-1.176545e-01	-4.976196e+00
4.995000e-05	4.108044e-02	-5.198848e+00
4.996000e-05	2.068278e-02	-5.447803e+00
4.997000e-05	-8.879048e-02	-5.693009e+00
4.998000e-05	1.164105e-01	-5.860928e+00
4.999000e-05	-9.332169e-02	-6.029403e+00
