# 260408_14:18:51.665849
t	CH1	CH2
0.000000e+00	-3.265643e-03	1.342845e-01
1.000000e-08	-1.380479e-03	-5.418020e-02
2.000000e-08	1.760699e-03	-2.005511e-01
3.000000e-08	2.528469e-05	-3.593972e-01
4.000000e-08	9.303326e-04	-4.541343e-01
5.000000e-08	-7.950119e-04	-6.661875e-01
6.000000e-08	-2.201312e-03	-7.905312e-01
7.000000e-08	-1.800536e-03	-9.479723e-01
8.000000e-08	4.725236e-03	-1.065214e+00
9.000000e-08	4.094198e-02	-1.231084e+00
1.000000e-07	4.990483e-02	-1.445210e+00
1.100000e-07	-4.714035e-02	-1.677814e+00
1.200000e-07	-3.912276e-02	-1.917846e+00
1.300000e-07	-8.814738e-02	-2.021608e+00
1.400000e-07	4.864508e-02	-2.072629e+00
1.500000e-07	1.001209e-01	-2.200969e+00
1.600000e-07	-1.338449e-01	-2.444659e+00
1.700000e-07	3.898584e-02	-2.600450e+00
1.800000e-07	8.112211e-02	-2.704136e+00
1.900000e-07	-1.651153e-01	-2.877166e+00
2.000000e-07	5.212902e-02	-3.076689e+00
2.100000e-07	8.379096e-02	-3.181976e+00
2.200000e-07	-1.209901e-01	-3.349472e+00
2.300000e-07	8.055710e-02	-3.505137e+00
2.400000e-07	-2.132175e-03	-3.622082e+00
2.500000e-07	-8.187540e-02	-3.834061e+00
2.600000e-07	9.237124e-02	-3.990001e+00
2.700000e-07	-7.598226e-02	-4.119847e+00
2.800000e-07	9.865148e-03	-4.304709e+00
2.900000e-07	6.575012e-02	-4.379899e+00
3.000000e-07	-9.175386e-02	-4.516850e+00
3.100000e-07	6.229552e-02	-4.755262e+00
3.200000e-07	6.896550e-03	-4.813636e+00
3.300000e-07	-4.267782e-02	-5.031958e+00
3.400000e-07	1.860116e-02	-5.106266e+00
3.500000e-07	-3.078641e-02	-5.267762e+00
3.600000e-07	4.984323e-02	-5.514513e+00
3.700000e-07	-2.812176e-02	-5.631027e+00
3.800000e-07	-1.296977e-02	-5.706718e+00
3.900000e-07	4.482762e-02	-5.833109e+00
4.000000e-07	-4.809520e-02	-5.978923e+00
4.100000e-07	1.072249e-02	-6.043530e+00
4.200000e-07	-1.367122e-02	-6.182454e+00
4.300000e-07	2.790336e-02	-6.378921e+00
4.400000e-07	1.654899e-02	-6.423008e+00
4.500000e-07	-6.717366e-02	-6.569446e+00
4.600000e-07	3.148299e-02	-6.651108e+00
4.700000e-07	6.784602e-03	-6.760971e+00
4.800000e-07	-5.566581e-03	-6.852552e+00
4.900000e-07	-1.438986e-02	-6.939946e+00
5.000000e-07	7.720179e-04	-7.106816e+00
5.100000e-07	3.043710e-02	-7.211478e+00
5.200000e-07	-3.724784e-02	-7.294667e+00
5.300000e-07	-1.389526e-03	-7.389970e+00
5.400000e-07	1.145548e-02	-7.493588e+00
5.500000e-07	5.203620e-04	-7.587925e+00
5.600000e-07	-1.291379e-02	-7.695587e+00
5.700000e-07	-8.186098e-03	-7.819401e+00
5.800000e-07	2.311108e-02	-7.936768e+00
5.900000e-07	-1.325066e-02	-7.980502e+00
6.000000e-07	-1.128122e-02	-8.070633e+00
6.100000e-07	8.890321e-04	-8.145738e+00
6.200000e-07	3.872919e-03	-8.190472e+00
6.300000e-07	-4.409389e-03	-8.261581e+00
6.400000e-07	-8.042004e-03	-8.327765e+00
6.500000e-07	6.570482e-03	-8.358826e+00
6.600000e-07	-5.933015e-03	-8.409951e+00
6.700000e-07	-6.128191e-03	-8.430610e+00
6.800000e-07	5.718282e-04	-8.475212e+00
6.900000e-07	1.133967e-03	-8.556864e+00
7.000000e-07	-2.240848e-03	-8.596872e+00
7.100000e-07	-4.609960e-03	-8.661161e+00
7.200000e-07	-2.129284e-03	-8.744663e+00
7.300000e-07	-5.015112e-03	-8.777319e+00
7.400000e-07	-3.211378e-03	-8.809395e+00
7.500000e-07	-1.235386e-04	-8.830475e+00
7.600000e-07	-2.642952e-03	-8.881053e+00
7.700000e-07	-5.238162e-03	-8.801006e+00
7.800000e-07	-1.416602e-03	-8.882105e+00
7.900000e-07	-1.860558e-03	-8.842608e+00
8.000000e-07	-4.278645e-03	-8.902135e+00
8.100000e-07	-5.018385e-03	-8.862162e+00
8.200000e-07	-1.426819e-03	-8.893188e+00
8.300000e-07	-2.647502e-03	-8.932611e+00
8.400000e-07	-3.683274e-03	-8.904137e+00
8.500000e-07	-3.407197e-03	-8.924686e+00
8.600000e-07	-3.121494e-03	-8.912637e+00
8.700000e-07	-3.616952e-03	-8.894634e+00
8.800000e-07	-2.985629e-03	-8.892685e+00
8.900000e-07	-2.364272e-03	-8.851155e+00
9.000000e-07	-3.242104e-03	-8.833005e+00
9.100000e-07	-4.485470e-03	-8.870556e+00
9.200000e-07	-4.002996e-03	-8.811051e+00
9.300000e-07	-3.411122e-03	-8.800024e+00
9.400000e-07	-2.016011e-03	-8.769395e+00
9.500000e-07	-2.904393e-03	-8.755243e+00
9.600000e-07	-3.647979e-03	-8.692029e+00
9.700000e-07	-3.369184e-03	-8.648425e+00
9.800000e-07	-2.929542e-03	-8.595839e+00
9.900000e-07	-3.810770e-03	-8.503186e+00
1.000000e-06	-4.821334e-03	-8.440556e+00
1.010000e-06	-3.364939e-03	-8.409473e+00
1.020000e-06	-3.146011e-03	-8.395845e+00
1.030000e-06	-3.543853e-03	-8.313185e+00
1.040000e-06	-4.726748e-03	-8.230503e+00
1.050000e-06	-2.804470e-03	-8.197821e+00
1.060000e-06	-4.093720e-03	-8.123738e+00
1.070000e-06	-4.050507e-03	-8.042076e+00
1.080000e-06	-4.458033e-03	-8.018972e+00
1.090000e-06	-2.784790e-03	-7.973712e+00
1.100000e-06	-4.665003e-03	-7.879423e+00
1.110000e-06	-4.159734e-03	-7.693083e+00
1.120000e-06	-4.194288e-03	-7.588048e+00
1.130000e-06	-3.634794e-03	-7.553213e+00
1.140000e-06	-4.004204e-03	-7.440579e+00
1.150000e-06	-3.568981e-03	-7.364816e+00
1.160000e-06	-3.374215e-03	-7.242079e+00
1.170000e-06	-4.900035e-03	-7.167950e+00
1.180000e-06	-4.071122e-03	-7.102705e+00
1.190000e-06	-4.171407e-03	-6.983766e+00
1.200000e-06	-4.242854e-03	-6.839553e+00
1.210000e-06	-4.685789e-03	-6.734715e+00
1.220000e-06	-3.255346e-03	-6.651550e+00
1.230000e-06	-4.294496e-03	-6.544716e+00
1.240000e-06	-4.931842e-03	-6.401054e+00
1.250000e-06	-3.781010e-03	-6.344210e+00
1.260000e-06	-3.328341e-03	-6.166295e+00
1.270000e-06	-3.917983e-03	-6.050000e+00
1.280000e-06	-5.232827e-03	-5.946260e+00
1.290000e-06	-4.001264e-03	-5.828427e+00
1.300000e-06	-3.605520e-03	-5.702976e+00
1.310000e-06	-5.221591e-03	-5.558365e+00
1.320000e-06	-4.321528e-03	-5.467816e+00
1.330000e-06	-3.453674e-03	-5.209477e+00
1.340000e-06	-3.596313e-03	-5.112609e+00
1.350000e-06	-4.657155e-03	-4.943791e+00
1.360000e-06	-4.514273e-03	-4.763185e+00
1.370000e-06	-3.818286e-03	-4.598524e+00
1.380000e-06	-4.291562e-03	-4.452630e+00
1.390000e-06	-4.337769e-03	-4.368899e+00
1.400000e-06	-4.182549e-03	-4.270083e+00
1.410000e-06	-4.568391e-03	-4.104186e+00
1.420000e-06	-5.107213e-03	-3.988469e+00
1.430000e-06	-3.357802e-03	-3.830002e+00
1.440000e-06	-3.603938e-03	-3.621078e+00
1.450000e-06	-2.952483e-03	-3.544257e+00
1.460000e-06	-4.976767e-03	-3.364819e+00
1.470000e-06	-3.125101e-03	-3.260549e+00
1.480000e-06	-4.643723e-03	-3.060582e+00
1.490000e-06	-3.033762e-03	-2.882582e+00
1.500000e-06	-3.805726e-03	-2.767836e+00
1.510000e-06	-4.177133e-03	-2.576449e+00
1.520000e-06	-4.995565e-03	-2.430474e+00
1.530000e-06	-5.768470e-03	-2.281181e+00
1.540000e-06	-3.093914e-03	-2.093628e+00
1.550000e-06	-3.825525e-03	-1.936788e+00
1.560000e-06	-3.084685e-03	-1.788421e+00
1.570000e-06	-4.930579e-03	-1.640398e+00
1.580000e-06	-3.190127e-03	-1.470522e+00
1.590000e-06	-5.071863e-03	-1.240078e+00
1.600000e-06	-4.450008e-03	-1.072578e+00
1.610000e-06	-4.951632e-03	-8.637345e-01
1.620000e-06	-4.776841e-03	-7.759174e-01
1.630000e-06	-5.563109e-03	-5.858649e-01
1.640000e-06	-4.034188e-03	-3.989463e-01
1.650000e-06	-4.124064e-03	-2.425277e-01
1.660000e-06	-2.308183e-03	-9.418541e-02
1.670000e-06	-4.872909e-04	2.260526e-02
1.680000e-06	1.633656e-03	2.537051e-01
1.690000e-06	-2.063649e-03	3.909788e-01
1.700000e-06	-1.778689e-04	5.279196e-01
1.710000e-06	-2.769304e-03	6.552116e-01
1.720000e-06	-3.045807e-03	7.820526e-01
1.730000e-06	-3.501228e-03	9.688984e-01
1.740000e-06	2.546927e-03	1.119972e+00
1.750000e-06	2.436922e-02	1.307821e+00
1.760000e-06	5.433834e-02	1.530945e+00
1.770000e-06	-1.058746e-02	1.758976e+00
1.780000e-06	-4.853721e-02	1.957869e+00
1.790000e-06	-5.537663e-02	2.074709e+00
1.800000e-06	-5.574793e-02	2.178449e+00
1.810000e-06	9.781493e-02	2.294720e+00
1.820000e-06	2.497651e-02	2.431608e+00
1.830000e-06	-1.142656e-01	2.579001e+00
1.840000e-06	9.985268e-02	2.757373e+00
1.850000e-06	-1.774097e-02	2.897848e+00
1.860000e-06	-8.456576e-02	3.062686e+00
1.870000e-06	1.026482e-01	3.148974e+00
1.880000e-06	-1.321573e-02	3.339471e+00
1.890000e-06	-7.062641e-02	3.549396e+00
1.900000e-06	8.009097e-02	3.673083e+00
1.910000e-06	-3.986770e-02	3.812581e+00
1.920000e-06	-1.615204e-02	3.958547e+00
1.930000e-06	2.899867e-02	4.074788e+00
1.940000e-06	-3.946581e-02	4.346768e+00
1.950000e-06	1.569696e-02	4.433633e+00
1.960000e-06	4.443691e-03	4.579500e+00
1.970000e-06	-9.491753e-03	4.737343e+00
1.980000e-06	2.347582e-02	4.843238e+00
1.990000e-06	-2.905643e-03	5.045815e+00
2.000000e-06	-2.702333e-02	5.243629e+00
2.010000e-06	-9.956574e-03	5.397975e+00
2.020000e-06	2.231722e-02	5.516844e+00
2.030000e-06	1.646491e-03	5.601051e+00
2.040000e-06	-1.904497e-02	5.737816e+00
2.050000e-06	7.311565e-03	5.946248e+00
2.060000e-06	-6.244512e-03	6.042108e+00
2.070000e-06	-2.287660e-03	6.147319e+00
2.080000e-06	-2.328181e-03	6.283083e+00
2.090000e-06	-3.907633e-03	6.358449e+00
2.100000e-06	1.949667e-02	6.432113e+00
2.110000e-06	-1.227247e-02	6.607906e+00
2.120000e-06	-1.686136e-02	6.768899e+00
2.130000e-06	5.192406e-03	6.842054e+00
2.140000e-06	9.236423e-03	6.897217e+00
2.150000e-06	-8.313497e-03	7.020025e+00
2.160000e-06	-1.066763e-02	7.134767e+00
2.170000e-06	1.278512e-02	7.200555e+00
2.180000e-06	7.725638e-04	7.275237e+00
2.190000e-06	-1.410104e-02	7.460975e+00
2.200000e-06	-3.860642e-03	7.587821e+00
2.210000e-06	6.818191e-03	7.652681e+00
2.220000e-06	-1.325561e-03	7.735292e+00
2.230000e-06	-1.048693e-02	7.821529e+00
2.240000e-06	1.398007e-03	7.926737e+00
2.250000e-06	3.496378e-03	8.051083e+00
2.260000e-06	-6.011076e-03	8.135317e+00
2.270000e-06	-3.905823e-03	8.168373e+00
2.280000e-06	1.114465e-03	8.272182e+00
2.290000e-06	-1.718483e-03	8.284215e+00
2.300000e-06	-5.587657e-03	8.378371e+00
2.310000e-06	1.746366e-04	8.420578e+00
2.320000e-06	2.091095e-04	8.462633e+00
2.330000e-06	-6.671064e-03	8.504736e+00
2.340000e-06	-4.571438e-03	8.545773e+00
2.350000e-06	3.684008e-05	8.599323e+00
2.360000e-06	-4.932201e-04	8.621579e+00
2.370000e-06	-2.098966e-03	8.632080e+00
2.380000e-06	-1.953245e-03	8.724184e+00
2.390000e-06	-3.389243e-03	8.727788e+00
2.400000e-06	-4.135756e-03	8.776292e+00
2.410000e-06	-1.443183e-03	8.797797e+00
2.420000e-06	-3.926780e-04	8.799426e+00
2.430000e-06	-3.756826e-03	8.779451e+00
2.440000e-06	-4.569767e-03	8.821554e+00
2.450000e-06	-3.237275e-03	8.859632e+00
2.460000e-06	-8.919606e-04	8.850104e+00
2.470000e-06	-3.676059e-03	8.892582e+00
2.480000e-06	-3.037830e-03	8.872110e+00
2.490000e-06	-2.952168e-03	8.832159e+00
2.500000e-06	-2.321263e-03	8.884710e+00
2.510000e-06	-4.119381e-03	8.852134e+00
2.520000e-06	-3.033056e-03	8.832182e+00
2.530000e-06	-4.440844e-03	8.861561e+00
2.540000e-06	-3.714424e-03	8.821532e+00
2.550000e-06	-3.047907e-03	8.840630e+00
2.560000e-06	-2.328564e-03	8.819953e+00
2.570000e-06	-2.705991e-03	8.788575e+00
2.580000e-06	-3.749247e-03	8.758949e+00
2.590000e-06	-2.368505e-03	8.776395e+00
2.600000e-06	-3.061193e-03	8.725261e+00
2.610000e-06	-2.401420e-03	8.703689e+00
2.620000e-06	-3.039093e-03	8.670657e+00
2.630000e-06	-2.374947e-03	8.620601e+00
2.640000e-06	-3.278030e-03	8.588846e+00
2.650000e-06	-3.447188e-03	8.544746e+00
2.660000e-06	-3.142778e-03	8.561188e+00
2.670000e-06	-2.365520e-03	8.442131e+00
2.680000e-06	-3.947432e-03	8.408475e+00
2.690000e-06	-2.192909e-03	8.365840e+00
2.700000e-06	-3.972073e-03	8.321137e+00
2.710000e-06	-5.731986e-05	8.197423e+00
2.720000e-06	-1.402093e-03	8.143668e+00
2.730000e-06	-1.182775e-03	8.079628e+00
2.740000e-06	-3.831545e-03	8.017827e+00
2.750000e-06	-2.645143e-03	7.904788e+00
2.760000e-06	-3.429507e-03	7.829075e+00
2.770000e-06	-4.117396e-03	7.753793e+00
2.780000e-06	-3.047792e-03	7.682029e+00
2.790000e-06	-2.111543e-03	7.578467e+00
2.800000e-06	-2.838980e-03	7.521709e+00
2.810000e-06	-1.223658e-03	7.282311e+00
2.820000e-06	-2.276531e-03	7.219179e+00
2.830000e-06	-1.409008e-03	7.174846e+00
2.840000e-06	-2.933672e-03	7.061612e+00
2.850000e-06	-4.567870e-03	6.984322e+00
2.860000e-06	-4.398044e-03	6.891155e+00
2.870000e-06	-3.459158e-03	6.777471e+00
2.880000e-06	-2.359622e-03	6.671176e+00
2.890000e-06	-2.298342e-03	6.523759e+00
2.900000e-06	-1.810867e-03	6.396474e+00
2.910000e-06	-1.677823e-03	6.302187e+00
2.920000e-06	-2.544142e-03	6.206448e+00
2.930000e-06	-2.356957e-03	6.042655e+00
2.940000e-06	-4.077860e-03	5.976494e+00
2.950000e-06	-4.983249e-03	5.827974e+00
2.960000e-06	-3.687905e-03	5.649131e+00
2.970000e-06	-3.723817e-03	5.535863e+00
2.980000e-06	-3.745171e-03	5.418523e+00
2.990000e-06	-2.972261e-03	5.269233e+00
3.000000e-06	-1.552427e-03	5.090812e+00
3.010000e-06	-1.798673e-03	4.956138e+00
3.020000e-06	-3.843348e-03	4.816444e+00
3.030000e-06	-3.964160e-03	4.618574e+00
3.040000e-06	-3.397881e-03	4.513183e+00
3.050000e-06	-3.706472e-03	4.387470e+00
3.060000e-06	-4.167673e-03	4.267533e+00
3.070000e-06	-4.183711e-03	4.090605e+00
3.080000e-06	-2.999707e-03	3.873337e+00
3.090000e-06	-2.879942e-03	3.787444e+00
3.100000e-06	-1.752702e-03	3.651055e+00
3.110000e-06	-2.667050e-03	3.522707e+00
3.120000e-06	-4.115974e-03	3.393641e+00
3.130000e-06	-4.675896e-03	3.177394e+00
3.140000e-06	-4.769047e-03	3.028650e+00
3.150000e-06	-4.163410e-03	2.873104e+00
3.160000e-06	-2.988242e-03	2.736364e+00
3.170000e-06	-2.544496e-03	2.565342e+00
3.180000e-06	-3.455501e-03	2.387475e+00
3.190000e-06	-4.178500e-03	2.229022e+00
3.200000e-06	-3.474181e-03	2.101186e+00
3.210000e-06	-2.694923e-03	1.946320e+00
3.220000e-06	-3.402197e-03	1.807471e+00
3.230000e-06	-4.482138e-03	1.587524e+00
3.240000e-06	-4.350367e-03	1.411548e+00
3.250000e-06	-4.367507e-03	1.260632e+00
3.260000e-06	-3.508226e-03	1.061231e+00
3.270000e-06	-3.720848e-03	8.516292e-01
3.280000e-06	-3.349796e-03	7.142369e-01
3.290000e-06	-3.872069e-03	5.268147e-01
3.300000e-06	-3.155345e-03	3.989988e-01
3.310000e-06	-2.862851e-03	2.381079e-01
3.320000e-06	-1.890892e-03	8.054896e-02
3.330000e-06	2.724780e-04	-9.774441e-02
3.340000e-06	1.903279e-03	-2.441578e-01
3.350000e-06	-1.502643e-03	-3.809511e-01
3.360000e-06	-8.678737e-04	-5.174457e-01
3.370000e-06	-1.718059e-03	-7.262658e-01
3.380000e-06	-1.999402e-05	-8.951566e-01
3.390000e-06	-9.086719e-04	-9.709512e-01
3.400000e-06	1.169272e-02	-1.138868e+00
3.410000e-06	6.034037e-02	-1.337264e+00
3.420000e-06	1.924748e-02	-1.538399e+00
3.430000e-06	-5.383603e-02	-1.762555e+00
3.440000e-06	-4.796476e-02	-1.999449e+00
3.450000e-06	-7.563722e-02	-2.063235e+00
3.460000e-06	1.137428e-01	-2.084613e+00
3.470000e-06	9.368636e-03	-2.233759e+00
3.480000e-06	-1.222591e-01	-2.537843e+00
3.490000e-06	1.208165e-01	-2.610978e+00
3.500000e-06	-2.162875e-02	-2.738868e+00
3.510000e-06	-1.261473e-01	-2.998346e+00
3.520000e-06	1.284074e-01	-3.128843e+00
3.530000e-06	-1.651499e-02	-3.286560e+00
3.540000e-06	-7.580710e-02	-3.452581e+00
3.550000e-06	1.195428e-01	-3.556743e+00
3.560000e-06	-8.297884e-02	-3.677689e+00
3.570000e-06	2.852944e-03	-3.876240e+00
3.580000e-06	5.568037e-02	-4.064104e+00
3.590000e-06	-9.409820e-02	-4.211529e+00
3.600000e-06	8.090417e-02	-4.337217e+00
3.610000e-06	-7.859397e-03	-4.420501e+00
3.620000e-06	-5.750123e-02	-4.612455e+00
3.630000e-06	8.639514e-02	-4.688393e+00
3.640000e-06	-4.377515e-02	-4.887293e+00
3.650000e-06	-6.377766e-03	-5.043055e+00
3.660000e-06	-5.201982e-03	-5.209396e+00
3.670000e-06	-1.023822e-02	-5.358821e+00
3.680000e-06	4.601864e-02	-5.513771e+00
3.690000e-06	-5.579062e-02	-5.653631e+00
3.700000e-06	3.376188e-02	-5.738446e+00
3.710000e-06	6.197591e-03	-5.905612e+00
3.720000e-06	-3.802952e-02	-6.000479e+00
3.730000e-06	1.503083e-02	-6.053662e+00
3.740000e-06	-1.808122e-02	-6.283063e+00
3.750000e-06	5.388552e-02	-6.418925e+00
3.760000e-06	-3.113299e-02	-6.505083e+00
3.770000e-06	-3.972994e-02	-6.610476e+00
3.780000e-06	3.853938e-02	-6.704712e+00
3.790000e-06	-8.935284e-03	-6.839450e+00
3.800000e-06	1.237926e-03	-6.863685e+00
3.810000e-06	-2.151343e-02	-7.019957e+00
3.820000e-06	2.350684e-02	-7.178322e+00
3.830000e-06	3.596964e-03	-7.252032e+00
3.840000e-06	-3.806190e-02	-7.346316e+00
3.850000e-06	1.472906e-02	-7.440579e+00
3.860000e-06	5.580814e-03	-7.547244e+00
3.870000e-06	-1.696865e-03	-7.581080e+00
3.880000e-06	-2.132639e-02	-7.714172e+00
3.890000e-06	8.150381e-03	-7.861609e+00
3.900000e-06	1.521748e-02	-7.965296e+00
3.910000e-06	-1.974304e-02	-8.031576e+00
3.920000e-06	-3.693995e-03	-8.063688e+00
3.930000e-06	1.948366e-03	-8.147889e+00
3.940000e-06	3.009027e-03	-8.241055e+00
3.950000e-06	-9.862617e-03	-8.263187e+00
3.960000e-06	-7.607113e-04	-8.355347e+00
3.970000e-06	5.282333e-03	-8.409449e+00
3.980000e-06	-1.038344e-02	-8.431053e+00
3.990000e-06	-3.779872e-03	-8.444105e+00
4.000000e-06	1.907462e-03	-8.471739e+00
4.010000e-06	2.339985e-03	-8.578243e+00
4.020000e-06	-4.873315e-03	-8.630023e+00
4.030000e-06	-3.950872e-03	-8.733035e+00
4.040000e-06	-2.515914e-03	-8.777289e+00
4.050000e-06	-5.015071e-03	-8.805420e+00
4.060000e-06	-1.848436e-03	-8.768422e+00
4.070000e-06	-1.504970e-03	-8.801100e+00
4.080000e-06	-3.281941e-03	-8.842055e+00
4.090000e-06	-4.619789e-03	-8.842557e+00
4.100000e-06	-7.397184e-04	-8.843157e+00
4.110000e-06	-2.832717e-03	-8.853134e+00
4.120000e-06	-4.987860e-03	-8.832134e+00
4.130000e-06	-2.986081e-03	-8.893238e+00
4.140000e-06	-1.359894e-03	-8.924711e+00
4.150000e-06	-3.444418e-03	-8.873709e+00
4.160000e-06	-3.998943e-03	-8.913183e+00
4.170000e-06	-3.122176e-03	-8.924711e+00
4.180000e-06	-3.021586e-03	-8.884234e+00
4.190000e-06	-3.438854e-03	-8.872688e+00
4.200000e-06	-3.211330e-03	-8.883634e+00
4.210000e-06	-2.122346e-03	-8.881104e+00
4.220000e-06	-3.221081e-03	-8.852531e+00
4.230000e-06	-3.819253e-03	-8.840551e+00
4.240000e-06	-4.257100e-03	-8.830549e+00
4.250000e-06	-2.840956e-03	-8.767853e+00
4.260000e-06	-2.557553e-03	-8.744843e+00
4.270000e-06	-3.586221e-03	-8.744662e+00
4.280000e-06	-3.188710e-03	-8.691731e+00
4.290000e-06	-3.262519e-03	-8.657975e+00
4.300000e-06	-2.834884e-03	-8.544840e+00
4.310000e-06	-3.530879e-03	-8.494157e+00
4.320000e-06	-4.711487e-03	-8.421053e+00
4.330000e-06	-2.808341e-03	-8.419974e+00
4.340000e-06	-3.122556e-03	-8.354740e+00
4.350000e-06	-3.769686e-03	-8.293159e+00
4.360000e-06	-5.111288e-03	-8.239530e+00
4.370000e-06	-3.324072e-03	-8.187791e+00
4.380000e-06	-3.584827e-03	-8.143659e+00
4.390000e-06	-4.094925e-03	-8.030604e+00
4.400000e-06	-4.168596e-03	-7.978443e+00
4.410000e-06	-3.808009e-03	-7.952680e+00
4.420000e-06	-3.749826e-03	-7.796190e+00
4.430000e-06	-4.271013e-03	-7.692630e+00
4.440000e-06	-4.314764e-03	-7.566420e+00
4.450000e-06	-4.920764e-03	-7.493682e+00
4.460000e-06	-3.689408e-03	-7.419549e+00
4.470000e-06	-3.568376e-03	-7.363162e+00
4.480000e-06	-3.510280e-03	-7.210003e+00
4.490000e-06	-3.390329e-03	-7.165745e+00
4.500000e-06	-2.689265e-03	-7.078029e+00
4.510000e-06	-4.374777e-03	-6.894257e+00
4.520000e-06	-5.846588e-03	-6.788499e+00
4.530000e-06	-4.369111e-03	-6.722183e+00
4.540000e-06	-2.608618e-03	-6.598972e+00
4.550000e-06	-4.089525e-03	-6.502607e+00
4.560000e-06	-4.937091e-03	-6.418446e+00
4.570000e-06	-3.488581e-03	-6.311603e+00
4.580000e-06	-2.556740e-03	-6.082662e+00
4.590000e-06	-4.541365e-03	-6.006950e+00
4.600000e-06	-5.212024e-03	-5.883108e+00
4.610000e-06	-3.442812e-03	-5.776390e+00
4.620000e-06	-2.885233e-03	-5.652098e+00
4.630000e-06	-4.214221e-03	-5.522758e+00
4.640000e-06	-4.197811e-03	-5.346266e+00
4.650000e-06	-3.508874e-03	-5.167367e+00
4.660000e-06	-3.821015e-03	-5.030504e+00
4.670000e-06	-4.817906e-03	-4.848078e+00
4.680000e-06	-4.589801e-03	-4.713676e+00
4.690000e-06	-3.832035e-03	-4.557420e+00
4.700000e-06	-3.907297e-03	-4.450530e+00
4.710000e-06	-4.012441e-03	-4.347242e+00
4.720000e-06	-3.745212e-03	-4.210470e+00
4.730000e-06	-5.097648e-03	-4.092630e+00
4.740000e-06	-4.285100e-03	-3.933793e+00
4.750000e-06	-4.867383e-03	-3.795263e+00
4.760000e-06	-4.102102e-03	-3.608471e+00
4.770000e-06	-4.602359e-03	-3.461633e+00
4.780000e-06	-4.554563e-03	-3.263808e+00
4.790000e-06	-4.325608e-03	-3.176899e+00
4.800000e-06	-3.289468e-03	-3.006395e+00
4.810000e-06	-3.629560e-03	-2.850471e+00
4.820000e-06	-3.890691e-03	-2.693133e+00
4.830000e-06	-5.110852e-03	-2.533708e+00
4.840000e-06	-5.482367e-03	-2.417421e+00
4.850000e-06	-5.268001e-03	-2.227470e+00
4.860000e-06	-3.649483e-03	-2.030052e+00
4.870000e-06	-4.148335e-03	-1.911656e+00
4.880000e-06	-2.725602e-03	-1.744216e+00
4.890000e-06	-4.552040e-03	-1.598942e+00
4.900000e-06	-3.425726e-03	-1.406372e+00
4.910000e-06	-4.955088e-03	-1.189394e+00
4.920000e-06	-4.138103e-03	-1.001047e+00
4.930000e-06	-4.528805e-03	-8.711304e-01
4.940000e-06	-5.438008e-03	-6.436818e-01
4.950000e-06	-5.270867e-03	-5.031833e-01
4.960000e-06	-3.816070e-03	-3.363435e-01
4.970000e-06	-4.031734e-03	-2.169501e-01
4.980000e-06	-2.833083e-03	-8.057903e-02
4.990000e-06	4.940959e-04	8.678916e-02
5.000000e-06	5.402797e-04	2.948215e-01
5.010000e-06	-1.641775e-03	4.631089e-01
5.020000e-06	-6.810386e-04	6.004473e-01
5.030000e-06	-2.696913e-03	7.488446e-01
5.040000e-06	-3.098627e-03	8.126103e-01
5.050000e-06	-2.866839e-03	1.032636e+00
5.060000e-06	8.090978e-03	1.221525e+00
5.070000e-06	3.907744e-02	1.394474e+00
5.080000e-06	4.216642e-02	1.613688e+00
5.090000e-06	-3.632031e-02	1.863085e+00
5.100000e-06	-4.382432e-02	1.970976e+00
5.110000e-06	-7.148658e-02	2.115789e+00
5.120000e-06	-1.184484e-02	2.200975e+00
5.130000e-06	1.182761e-01	2.319444e+00
5.140000e-06	-6.394055e-02	2.435290e+00
5.150000e-06	-4.488682e-02	2.610630e+00
5.160000e-06	1.147897e-01	2.791504e+00
5.170000e-06	-9.485050e-02	2.951450e+00
5.180000e-06	-1.280423e-02	3.105162e+00
5.190000e-06	9.718536e-02	3.231656e+00
5.200000e-06	-8.084347e-02	3.411660e+00
5.210000e-06	-1.860408e-03	3.578975e+00
5.220000e-06	5.974130e-02	3.716743e+00
5.230000e-06	-6.534218e-02	3.884213e+00
5.240000e-06	2.381520e-02	4.020105e+00
5.250000e-06	-1.358653e-03	4.189997e+00
5.260000e-06	-3.088731e-02	4.398926e+00
5.270000e-06	2.487796e-02	4.505237e+00
5.280000e-06	-1.184116e-02	4.652639e+00
5.290000e-06	3.274477e-03	4.780500e+00
5.300000e-06	2.044165e-02	4.947940e+00
5.310000e-06	-1.545351e-02	5.179471e+00
5.320000e-06	-2.259301e-02	5.315814e+00
5.330000e-06	3.357225e-03	5.463162e+00
5.340000e-06	2.443812e-02	5.538475e+00
5.350000e-06	-1.365290e-02	5.662658e+00
5.360000e-06	-8.766084e-03	5.801529e+00
5.370000e-06	5.102665e-03	5.958477e+00
5.380000e-06	-8.762955e-03	6.074163e+00
5.390000e-06	2.472241e-03	6.178999e+00
5.400000e-06	-7.419451e-03	6.304738e+00
5.410000e-06	5.591048e-03	6.380989e+00
5.420000e-06	1.198747e-02	6.515162e+00
5.430000e-06	-2.029958e-02	6.654263e+00
5.440000e-06	-7.880947e-03	6.799448e+00
5.450000e-06	1.051220e-02	6.841632e+00
5.460000e-06	4.052069e-03	6.967293e+00
5.470000e-06	-1.302376e-02	7.021632e+00
5.480000e-06	-3.194256e-03	7.176872e+00
5.490000e-06	1.259203e-02	7.241157e+00
5.500000e-06	-8.114247e-03	7.385270e+00
5.510000e-06	-1.154395e-02	7.461182e+00
5.520000e-06	1.584047e-03	7.628450e+00
5.530000e-06	4.835971e-03	7.704709e+00
5.540000e-06	-5.670001e-03	7.787893e+00
5.550000e-06	-7.476809e-03	7.872657e+00
5.560000e-06	4.612476e-03	7.987896e+00
5.570000e-06	-1.501777e-03	8.114731e+00
5.580000e-06	-7.022282e-03	8.154897e+00
5.590000e-06	-2.419432e-03	8.219576e+00
5.600000e-06	1.577105e-03	8.303766e+00
5.610000e-06	-3.198558e-03	8.335267e+00
5.620000e-06	-3.926424e-03	8.378522e+00
5.630000e-06	9.867596e-04	8.421053e+00
5.640000e-06	-3.076842e-03	8.452130e+00
5.650000e-06	-5.929420e-03	8.514662e+00
5.660000e-06	-2.570215e-03	8.546399e+00
5.670000e-06	3.625274e-04	8.619526e+00
5.680000e-06	-1.477838e-03	8.630580e+00
5.690000e-06	-3.041750e-03	8.653109e+00
5.700000e-06	-3.351942e-03	8.754762e+00
5.710000e-06	-3.651853e-03	8.736821e+00
5.720000e-06	-2.239097e-03	8.776896e+00
5.730000e-06	-4.189513e-04	8.768471e+00
5.740000e-06	-2.611160e-03	8.778476e+00
5.750000e-06	-5.606635e-03	8.849001e+00
5.760000e-06	-3.516213e-03	8.831026e+00
5.770000e-06	-1.764011e-03	8.820552e+00
5.780000e-06	-2.686608e-03	8.832108e+00
5.790000e-06	-3.755297e-03	8.841632e+00
5.800000e-06	-2.037917e-03	8.812158e+00
5.810000e-06	-2.075366e-03	8.903232e+00
5.820000e-06	-2.753846e-03	8.842108e+00
5.830000e-06	-2.587004e-03	8.851608e+00
5.840000e-06	-2.782449e-03	8.871608e+00
5.850000e-06	-3.287885e-03	8.872132e+00
5.860000e-06	-4.114789e-03	8.854078e+00
5.870000e-06	-2.806291e-03	8.802003e+00
5.880000e-06	-2.016315e-03	8.830604e+00
5.890000e-06	-3.212504e-03	8.788925e+00
5.900000e-06	-3.660452e-03	8.756944e+00
5.910000e-06	-2.763093e-03	8.735271e+00
5.920000e-06	-2.086177e-03	8.734237e+00
5.930000e-06	-2.752316e-03	8.671733e+00
5.940000e-06	-2.836498e-03	8.670656e+00
5.950000e-06	-3.186197e-03	8.618403e+00
5.960000e-06	-3.040813e-03	8.586445e+00
5.970000e-06	-3.260607e-03	8.493911e+00
5.980000e-06	-3.002426e-03	8.462182e+00
5.990000e-06	-3.639231e-03	8.448552e+00
6.000000e-06	-2.041767e-03	8.406468e+00
6.010000e-06	-2.460880e-03	8.352740e+00
6.020000e-06	-2.490981e-03	8.300602e+00
6.030000e-06	-3.238915e-03	8.216971e+00
6.040000e-06	-3.144550e-03	8.104313e+00
6.050000e-06	-3.292646e-03	8.029634e+00
6.060000e-06	-3.438109e-03	7.966841e+00
6.070000e-06	-3.356097e-03	7.883109e+00
6.080000e-06	-3.334031e-03	7.807978e+00
6.090000e-06	-2.822942e-03	7.743264e+00
6.100000e-06	-1.875717e-03	7.639629e+00
6.110000e-06	-2.672260e-03	7.533412e+00
6.120000e-06	-1.990721e-03	7.459025e+00
6.130000e-06	-1.873521e-03	7.374234e+00
6.140000e-06	-1.920481e-03	7.198952e+00
6.150000e-06	-3.741261e-03	7.153290e+00
6.160000e-06	-3.858269e-03	7.049526e+00
6.170000e-06	-3.375429e-03	6.954713e+00
6.180000e-06	-2.344171e-03	6.820507e+00
6.190000e-06	-3.682764e-03	6.754337e+00
6.200000e-06	-2.535570e-03	6.598045e+00
6.210000e-06	-2.459204e-03	6.459186e+00
6.220000e-06	-2.554133e-03	6.364844e+00
6.230000e-06	-3.559996e-03	6.231608e+00
6.240000e-06	-2.431080e-03	6.155815e+00
6.250000e-06	-3.338009e-03	6.030554e+00
6.260000e-06	-4.486951e-03	5.924890e+00
6.270000e-06	-4.137947e-03	5.764714e+00
6.280000e-06	-2.697577e-03	5.629049e+00
6.290000e-06	-2.894157e-03	5.503158e+00
6.300000e-06	-3.372386e-03	5.366917e+00
6.310000e-06	-3.212949e-03	5.238527e+00
6.320000e-06	-2.324605e-03	5.060749e+00
6.330000e-06	-3.153756e-03	4.841628e+00
6.340000e-06	-3.273285e-03	4.733287e+00
6.350000e-06	-4.158964e-03	4.575396e+00
6.360000e-06	-4.148182e-03	4.451156e+00
6.370000e-06	-3.508957e-03	4.324918e+00
6.380000e-06	-3.813981e-03	4.165367e+00
6.390000e-06	-2.968287e-03	4.018049e+00
6.400000e-06	-3.084183e-03	3.893132e+00
6.410000e-06	-3.270109e-03	3.714763e+00
6.420000e-06	-2.814007e-03	3.618951e+00
6.430000e-06	-4.430748e-03	3.479075e+00
6.440000e-06	-3.711734e-03	3.320659e+00
6.450000e-06	-3.169186e-03	3.113792e+00
6.460000e-06	-3.599982e-03	2.955919e+00
6.470000e-06	-4.284283e-03	2.840076e+00
6.480000e-06	-3.808785e-03	2.702255e+00
6.490000e-06	-3.767181e-03	2.471235e+00
6.500000e-06	-3.314135e-03	2.305266e+00
6.510000e-06	-3.449971e-03	2.197420e+00
6.520000e-06	-3.165624e-03	2.000025e+00
6.530000e-06	-3.485412e-03	1.852682e+00
6.540000e-06	-3.866410e-03	1.714287e+00
6.550000e-06	-3.658773e-03	1.523786e+00
6.560000e-06	-3.572996e-03	1.358374e+00
6.570000e-06	-4.099161e-03	1.178474e+00
6.580000e-06	-3.873832e-03	9.958253e-01
6.590000e-06	-3.478461e-03	8.100001e-01
6.600000e-06	-3.415087e-03	6.711041e-01
6.610000e-06	-3.205684e-03	4.942095e-01
6.620000e-06	-2.744216e-03	3.168659e-01
6.630000e-06	-3.310449e-03	1.059884e-01
6.640000e-06	-2.338000e-03	8.918693e-03
6.650000e-06	1.836060e-03	-1.604497e-01
6.660000e-06	1.606663e-03	-2.973105e-01
6.670000e-06	-2.313591e-03	-4.325813e-01
6.680000e-06	-8.910891e-04	-5.835288e-01
6.690000e-06	-2.631645e-03	-7.914734e-01
6.700000e-06	6.629577e-04	-8.862893e-01
6.710000e-06	1.617719e-03	-1.043676e+00
6.720000e-06	2.610611e-02	-1.190475e+00
6.730000e-06	6.334244e-02	-1.340973e+00
6.740000e-06	-2.251886e-02	-1.655628e+00
6.750000e-06	-4.496903e-02	-1.907235e+00
6.760000e-06	-7.489753e-02	-2.032052e+00
6.770000e-06	-1.586732e-02	-2.104132e+00
6.780000e-06	1.337303e-01	-2.126142e+00
6.790000e-06	-9.215911e-02	-2.371427e+00
6.800000e-06	-4.446220e-02	-2.557900e+00
6.810000e-06	1.481229e-01	-2.641579e+00
6.820000e-06	-1.129424e-01	-2.781505e+00
6.830000e-06	-2.402829e-02	-3.062510e+00
6.840000e-06	1.334884e-01	-3.178448e+00
6.850000e-06	-9.916047e-02	-3.297268e+00
6.860000e-06	1.619475e-02	-3.463185e+00
6.870000e-06	7.070084e-02	-3.590400e+00
6.880000e-06	-1.134788e-01	-3.731900e+00
6.890000e-06	7.696189e-02	-3.978845e+00
6.900000e-06	-2.302283e-02	-4.085640e+00
6.910000e-06	-5.052442e-02	-4.283137e+00
6.920000e-06	9.840829e-02	-4.348447e+00
6.930000e-06	-7.546655e-02	-4.507135e+00
6.940000e-06	1.065245e-02	-4.684685e+00
6.950000e-06	5.431773e-02	-4.799425e+00
6.960000e-06	-5.824030e-02	-4.969475e+00
6.970000e-06	2.009104e-02	-5.073183e+00
6.980000e-06	-2.858037e-02	-5.211601e+00
6.990000e-06	2.905954e-02	-5.370429e+00
7.000000e-06	9.483607e-03	-5.568421e+00
7.010000e-06	-4.530756e-02	-5.675162e+00
7.020000e-06	5.560854e-02	-5.810004e+00
7.030000e-06	-3.384794e-02	-5.937870e+00
7.040000e-06	-8.430604e-03	-6.022080e+00
7.050000e-06	1.400405e-03	-6.188793e+00
7.060000e-06	1.802131e-03	-6.336314e+00
7.070000e-06	4.614561e-02	-6.440980e+00
7.080000e-06	-6.563412e-02	-6.536766e+00
7.090000e-06	4.486148e-03	-6.651105e+00
7.100000e-06	2.447224e-02	-6.748316e+00
7.110000e-06	-1.065437e-02	-6.822028e+00
7.120000e-06	-4.279175e-03	-6.897239e+00
7.130000e-06	-1.512766e-02	-7.055142e+00
7.140000e-06	3.720721e-02	-7.238924e+00
7.150000e-06	-2.558707e-02	-7.254138e+00
7.160000e-06	-1.902949e-02	-7.359400e+00
7.170000e-06	1.659076e-02	-7.473604e+00
7.180000e-06	1.322335e-03	-7.535846e+00
7.190000e-06	-7.501837e-03	-7.653051e+00
7.200000e-06	-1.838463e-02	-7.718323e+00
7.210000e-06	2.184193e-02	-7.852158e+00
7.220000e-06	-1.670778e-03	-7.929423e+00
7.230000e-06	-1.620820e-02	-8.070003e+00
7.240000e-06	1.008969e-03	-8.124633e+00
7.250000e-06	3.930068e-03	-8.188398e+00
7.260000e-06	-9.173492e-04	-8.241003e+00
7.270000e-06	-1.053539e-02	-8.295186e+00
7.280000e-06	5.260492e-03	-8.358245e+00
7.290000e-06	-1.715396e-03	-8.409450e+00
7.300000e-06	-9.473010e-03	-8.420553e+00
7.310000e-06	-3.204099e-04	-8.432086e+00
7.320000e-06	2.671926e-03	-8.576744e+00
7.330000e-06	-2.108835e-03	-8.616346e+00
7.340000e-06	-4.638360e-03	-8.693004e+00
7.350000e-06	-2.180241e-03	-8.724690e+00
7.360000e-06	-3.108913e-03	-8.763742e+00
7.370000e-06	-4.198367e-03	-8.789392e+00
7.380000e-06	6.024972e-04	-8.758994e+00
7.390000e-06	-1.765170e-03	-8.841454e+00
7.400000e-06	-5.147433e-03	-8.861105e+00
7.410000e-06	-4.474166e-03	-8.852560e+00
7.420000e-06	-9.794623e-04	-8.872607e+00
7.430000e-06	-4.247629e-03	-8.833133e+00
7.440000e-06	-5.430333e-03	-8.912682e+00
7.450000e-06	-2.465838e-03	-8.914736e+00
7.460000e-06	-4.943474e-06	-8.901612e+00
7.470000e-06	-2.695998e-03	-8.912113e+00
7.480000e-06	-2.948390e-03	-8.945314e+00
7.490000e-06	-3.122684e-03	-8.905737e+00
7.500000e-06	-3.769343e-03	-8.935284e+00
7.510000e-06	-4.570311e-03	-8.872131e+00
7.520000e-06	-3.200532e-03	-8.872608e+00
7.530000e-06	-2.962416e-03	-8.833058e+00
7.540000e-06	-3.972698e-03	-8.851129e+00
7.550000e-06	-3.304323e-03	-8.820004e+00
7.560000e-06	-3.042580e-03	-8.819501e+00
7.570000e-06	-1.417429e-03	-8.776819e+00
7.580000e-06	-2.831906e-03	-8.767790e+00
7.590000e-06	-3.457196e-03	-8.722687e+00
7.600000e-06	-5.089513e-03	-8.661552e+00
7.610000e-06	-3.217368e-03	-8.606828e+00
7.620000e-06	-4.537951e-03	-8.543642e+00
7.630000e-06	-4.026338e-03	-8.441105e+00
7.640000e-06	-4.714200e-03	-8.410501e+00
7.650000e-06	-1.171095e-03	-8.398374e+00
7.660000e-06	-3.248115e-03	-8.323262e+00
7.670000e-06	-3.681054e-03	-8.293606e+00
7.680000e-06	-3.988935e-03	-8.208869e+00
7.690000e-06	-3.148736e-03	-8.123291e+00
7.700000e-06	-5.829529e-03	-8.043132e+00
7.710000e-06	-4.365493e-03	-7.999551e+00
7.720000e-06	-4.275418e-03	-7.987891e+00
7.730000e-06	-3.721001e-03	-7.880057e+00
7.740000e-06	-4.317228e-03	-7.743766e+00
7.750000e-06	-3.390786e-03	-7.650103e+00
7.760000e-06	-3.485560e-03	-7.544791e+00
7.770000e-06	-4.298298e-03	-7.451578e+00
7.780000e-06	-3.869679e-03	-7.357295e+00
7.790000e-06	-3.557890e-03	-7.312659e+00
7.800000e-06	-3.830777e-03	-7.180475e+00
7.810000e-06	-5.308667e-03	-7.092237e+00
7.820000e-06	-3.647424e-03	-7.007844e+00
7.830000e-06	-4.105722e-03	-6.861580e+00
7.840000e-06	-3.901261e-03	-6.777421e+00
7.850000e-06	-3.279147e-03	-6.670606e+00
7.860000e-06	-2.642886e-03	-6.557265e+00
7.870000e-06	-3.887087e-03	-6.481155e+00
7.880000e-06	-4.166048e-03	-6.346295e+00
7.890000e-06	-4.012583e-03	-6.266946e+00
7.900000e-06	-4.007986e-03	-6.061608e+00
7.910000e-06	-4.817391e-03	-5.957894e+00
7.920000e-06	-3.890683e-03	-5.830528e+00
7.930000e-06	-3.673706e-03	-5.753157e+00
7.940000e-06	-3.717541e-03	-5.566951e+00
7.950000e-06	-4.393347e-03	-5.511474e+00
7.960000e-06	-2.985419e-03	-5.280532e+00
7.970000e-06	-3.897747e-03	-5.134211e+00
7.980000e-06	-4.851164e-03	-4.977471e+00
7.990000e-06	-4.635804e-03	-4.786371e+00
8.000000e-06	-4.029496e-03	-4.650628e+00
8.010000e-06	-4.998280e-03	-4.533738e+00
8.020000e-06	-4.315002e-03	-4.378475e+00
8.030000e-06	-3.985866e-03	-4.273132e+00
8.040000e-06	-3.675438e-03	-4.172817e+00
8.050000e-06	-4.957644e-03	-4.020499e+00
8.060000e-06	-3.334536e-03	-3.892683e+00
8.070000e-06	-4.957768e-03	-3.683207e+00
8.080000e-06	-3.589390e-03	-3.516838e+00
8.090000e-06	-6.031290e-03	-3.397971e+00
8.100000e-06	-3.369212e-03	-3.162582e+00
8.110000e-06	-5.282257e-03	-3.154288e+00
8.120000e-06	-3.716110e-03	-2.964286e+00
8.130000e-06	-3.799725e-03	-2.767919e+00
8.140000e-06	-3.956857e-03	-2.620075e+00
8.150000e-06	-4.952759e-03	-2.482634e+00
8.160000e-06	-4.893655e-03	-2.354315e+00
8.170000e-06	-3.748929e-03	-2.134241e+00
8.180000e-06	-4.186273e-03	-1.978870e+00
8.190000e-06	-4.772852e-03	-1.821576e+00
8.200000e-06	-4.951375e-03	-1.642107e+00
8.210000e-06	-4.994291e-03	-1.475206e+00
8.220000e-06	-4.612664e-03	-1.264709e+00
8.230000e-06	-4.000068e-03	-1.123286e+00
8.240000e-06	-5.059615e-03	-9.562909e-01
8.250000e-06	-5.188603e-03	-7.780435e-01
8.260000e-06	-5.349195e-03	-6.406013e-01
8.270000e-06	-3.785267e-03	-4.406028e-01
8.280000e-06	-4.636742e-03	-2.936345e-01
8.290000e-06	-4.919535e-03	-1.453422e-01
8.300000e-06	-2.369494e-03	3.047757e-02
8.310000e-06	7.790975e-04	1.988999e-01
8.320000e-06	-1.150759e-03	3.488960e-01
8.330000e-06	-8.760238e-04	4.751867e-01
8.340000e-06	-1.756843e-03	6.436580e-01
8.350000e-06	-2.525559e-03	7.904475e-01
8.360000e-06	-3.096954e-03	9.043132e-01
8.370000e-06	-6.524991e-04	1.115744e+00
8.380000e-06	1.522973e-02	1.284209e+00
8.390000e-06	5.123076e-02	1.505663e+00
8.400000e-06	1.492379e-02	1.717827e+00
8.410000e-06	-4.842160e-02	1.886240e+00
8.420000e-06	-4.546018e-02	2.020605e+00
8.430000e-06	-7.164756e-02	2.176322e+00
8.440000e-06	5.378093e-02	2.243683e+00
8.450000e-06	8.632493e-02	2.399081e+00
8.460000e-06	-1.216467e-01	2.496843e+00
8.470000e-06	4.597308e-02	2.703636e+00
8.480000e-06	5.310054e-02	2.883712e+00
8.490000e-06	-1.166734e-01	3.021535e+00
8.500000e-06	6.544604e-02	3.117863e+00
8.510000e-06	4.608060e-02	3.305238e+00
8.520000e-06	-9.721707e-02	3.486788e+00
8.530000e-06	6.109889e-02	3.611603e+00
8.540000e-06	2.908140e-03	3.738400e+00
8.550000e-06	-4.696514e-02	3.937867e+00
8.560000e-06	3.907148e-02	4.072582e+00
8.570000e-06	-3.003388e-02	4.262162e+00
8.580000e-06	-5.294795e-03	4.390028e+00
8.590000e-06	1.735170e-02	4.516921e+00
8.600000e-06	-1.706914e-02	4.725322e+00
8.610000e-06	1.705709e-02	4.820503e+00
8.620000e-06	8.599386e-03	5.024105e+00
8.630000e-06	-2.515420e-02	5.220629e+00
8.640000e-06	-1.603174e-02	5.327871e+00
8.650000e-06	1.588011e-02	5.483315e+00
8.660000e-06	1.481186e-02	5.588999e+00
8.670000e-06	-2.219895e-02	5.705238e+00
8.680000e-06	4.014201e-03	5.853691e+00
8.690000e-06	-1.942045e-03	6.019525e+00
8.700000e-06	-7.245200e-03	6.094790e+00
8.710000e-06	1.037996e-03	6.221634e+00
8.720000e-06	-8.526202e-03	6.367821e+00
8.730000e-06	1.659774e-02	6.430103e+00
8.740000e-06	-1.574834e-03	6.579345e+00
8.750000e-06	-2.023820e-02	6.746245e+00
8.760000e-06	2.539718e-05	6.809025e+00
8.770000e-06	1.103497e-02	6.864193e+00
8.780000e-06	-3.778734e-03	6.988949e+00
8.790000e-06	-1.416217e-02	7.054184e+00
8.800000e-06	7.023822e-03	7.198950e+00
8.810000e-06	7.123685e-03	7.252106e+00
8.820000e-06	-1.334273e-02	7.396969e+00
8.830000e-06	-7.175997e-03	7.485769e+00
8.840000e-06	5.691391e-03	7.630581e+00
8.850000e-06	2.263639e-03	7.745737e+00
8.860000e-06	-9.593130e-03	7.797445e+00
8.870000e-06	-3.246338e-03	7.913657e+00
8.880000e-06	5.040930e-03	8.049454e+00
8.890000e-06	-4.806622e-03	8.094163e+00
8.900000e-06	-5.126772e-03	8.156998e+00
8.910000e-06	-1.370516e-04	8.231678e+00
8.920000e-06	-1.352334e-05	8.305261e+00
8.930000e-06	-5.342956e-03	8.366320e+00
8.940000e-06	-1.915090e-03	8.399474e+00
8.950000e-06	1.171770e-03	8.442555e+00
8.960000e-06	-4.894049e-03	8.472112e+00
8.970000e-06	-5.285741e-03	8.524666e+00
8.980000e-06	-5.925560e-04	8.567945e+00
8.990000e-06	4.494750e-04	8.609527e+00
9.000000e-06	-2.700885e-03	8.632606e+00
9.010000e-06	-2.853354e-03	8.743141e+00
9.020000e-06	-3.188402e-03	8.724291e+00
9.030000e-06	-4.165058e-03	8.746817e+00
9.040000e-06	-2.023121e-03	8.757944e+00
9.050000e-06	-1.758105e-04	8.749025e+00
9.060000e-06	-3.103922e-03	8.800923e+00
9.070000e-06	-4.908577e-03	8.820026e+00
9.080000e-06	-2.943090e-03	8.831077e+00
9.090000e-06	-1.228210e-03	8.831554e+00
9.100000e-06	-3.005754e-03	8.821608e+00
9.110000e-06	-3.053363e-03	8.871654e+00
9.120000e-06	-2.728928e-03	8.861687e+00
9.130000e-06	-1.943503e-03	8.872608e+00
9.140000e-06	-2.839858e-03	8.881226e+00
9.150000e-06	-2.339972e-03	8.821136e+00
9.160000e-06	-1.813644e-03	8.841103e+00
9.170000e-06	-2.558283e-03	8.862080e+00
9.180000e-06	-3.448497e-03	8.820532e+00
9.190000e-06	-2.727545e-03	8.841430e+00
9.200000e-06	-2.558041e-03	8.798496e+00
9.210000e-06	-3.659009e-03	8.766928e+00
9.220000e-06	-3.425783e-03	8.755367e+00
9.230000e-06	-1.788346e-03	8.735791e+00
9.240000e-06	-1.650789e-03	8.674761e+00
9.250000e-06	-2.754412e-03	8.675209e+00
9.260000e-06	-2.163766e-03	8.631028e+00
9.270000e-06	-2.369399e-03	8.608531e+00
9.280000e-06	-2.251431e-03	8.543845e+00
9.290000e-06	-3.057384e-03	8.493190e+00
9.300000e-06	-3.192119e-03	8.451107e+00
9.310000e-06	-3.182255e-03	8.409002e+00
9.320000e-06	-2.067919e-03	8.347319e+00
9.330000e-06	-3.147395e-03	8.313635e+00
9.340000e-06	-3.575598e-03	8.228504e+00
9.350000e-06	-2.503059e-03	8.147397e+00
9.360000e-06	-2.348308e-03	8.072732e+00
9.370000e-06	-2.685267e-03	8.007929e+00
9.380000e-06	-2.405291e-03	7.933791e+00
9.390000e-06	-3.381971e-03	7.832129e+00
9.400000e-06	-2.608072e-03	7.774945e+00
9.410000e-06	-4.540279e-03	7.682686e+00
9.420000e-06	-2.126635e-03	7.599049e+00
9.430000e-06	-3.589231e-03	7.533207e+00
9.440000e-06	-2.186281e-03	7.438896e+00
9.450000e-06	-3.119257e-03	7.251609e+00
9.460000e-06	-2.508489e-03	7.198925e+00
9.470000e-06	-4.083232e-03	7.121259e+00
9.480000e-06	-3.198083e-03	6.987045e+00
9.490000e-06	-3.248937e-03	6.913183e+00
9.500000e-06	-2.481071e-03	6.809501e+00
9.510000e-06	-3.480419e-03	6.742232e+00
9.520000e-06	-3.387101e-03	6.555342e+00
9.530000e-06	-3.322707e-03	6.419580e+00
9.540000e-06	-2.562141e-03	6.324360e+00
9.550000e-06	-3.039924e-03	6.219498e+00
9.560000e-06	-2.468646e-03	6.093761e+00
9.570000e-06	-3.577769e-03	6.017951e+00
9.580000e-06	-3.672948e-03	5.910732e+00
9.590000e-06	-3.546154e-03	5.713257e+00
9.600000e-06	-3.883706e-03	5.567445e+00
9.610000e-06	-3.688994e-03	5.449153e+00
9.620000e-06	-2.262900e-03	5.353887e+00
9.630000e-06	-3.352225e-03	5.153949e+00
9.640000e-06	-2.953669e-03	4.976946e+00
9.650000e-06	-4.179136e-03	4.817950e+00
9.660000e-06	-3.098641e-03	4.640084e+00
9.670000e-06	-3.683719e-03	4.545790e+00
9.680000e-06	-3.541221e-03	4.420002e+00
9.690000e-06	-4.676171e-03	4.250210e+00
9.700000e-06	-4.202386e-03	4.081686e+00
9.710000e-06	-4.167062e-03	3.955369e+00
9.720000e-06	-3.354248e-03	3.809073e+00
9.730000e-06	-3.060922e-03	3.661707e+00
9.740000e-06	-3.783411e-03	3.564919e+00
9.750000e-06	-3.939236e-03	3.334994e+00
9.760000e-06	-3.735274e-03	3.197950e+00
9.770000e-06	-3.888147e-03	3.094181e+00
9.780000e-06	-3.504901e-03	2.941767e+00
9.790000e-06	-3.859445e-03	2.819497e+00
9.800000e-06	-2.441245e-03	2.608077e+00
9.810000e-06	-3.679912e-03	2.431024e+00
9.820000e-06	-4.403687e-03	2.293183e+00
9.830000e-06	-3.651460e-03	2.125312e+00
9.840000e-06	-3.178242e-03	1.977469e+00
9.850000e-06	-3.668635e-03	1.810003e+00
9.860000e-06	-3.684750e-03	1.690605e+00
9.870000e-06	-2.828721e-03	1.492232e+00
9.880000e-06	-3.269746e-03	1.303736e+00
9.890000e-06	-3.715888e-03	1.134366e+00
9.900000e-06	-3.883073e-03	9.057608e-01
9.910000e-06	-2.758169e-03	7.558898e-01
9.920000e-06	-2.999168e-03	6.084736e-01
9.930000e-06	-4.759589e-03	4.211029e-01
9.940000e-06	-3.254748e-03	3.137383e-01
9.950000e-06	-1.525382e-03	9.223565e-02
9.960000e-06	4.234763e-04	-7.613146e-02
9.970000e-06	1.701627e-03	-2.105514e-01
9.980000e-06	-9.933535e-04	-3.293483e-01
9.990000e-06	1.961013e-04	-4.552379e-01
1.000000e-05	-1.106258e-03	-6.750625e-01
1.001000e-05	-1.901571e-03	-8.110014e-01
1.002000e-05	-1.766469e-03	-9.277960e-01
1.003000e-05	5.299601e-03	-1.125790e+00
1.004000e-05	4.584432e-02	-1.203083e+00
1.005000e-05	4.574139e-02	-1.469134e+00
1.006000e-05	-5.006762e-02	-1.729351e+00
1.007000e-05	-3.756621e-02	-1.957896e+00
1.008000e-05	-9.036538e-02	-2.025530e+00
1.009000e-05	6.425258e-02	-2.083292e+00
1.010000e-05	8.488807e-02	-2.170878e+00
1.011000e-05	-1.399246e-01	-2.453085e+00
1.012000e-05	5.788696e-02	-2.601050e+00
1.013000e-05	5.952922e-02	-2.684187e+00
1.014000e-05	-1.681329e-01	-2.935763e+00
1.015000e-05	7.359816e-02	-3.035711e+00
1.016000e-05	6.331694e-02	-3.220478e+00
1.017000e-05	-1.169647e-01	-3.399446e+00
1.018000e-05	9.719209e-02	-3.507243e+00
1.019000e-05	-2.208702e-02	-3.632580e+00
1.020000e-05	-6.736468e-02	-3.855111e+00
1.021000e-05	9.005401e-02	-4.011552e+00
1.022000e-05	-8.747601e-02	-4.178824e+00
1.023000e-05	2.744110e-02	-4.264786e+00
1.024000e-05	5.333179e-02	-4.369995e+00
1.025000e-05	-8.989495e-02	-4.529897e+00
1.026000e-05	7.483111e-02	-4.737216e+00
1.027000e-05	-5.597351e-03	-4.873108e+00
1.028000e-05	-3.671125e-02	-5.020953e+00
1.029000e-05	1.341021e-02	-5.127313e+00
1.030000e-05	-2.936727e-02	-5.314764e+00
1.031000e-05	5.266545e-02	-5.453158e+00
1.032000e-05	-3.728640e-02	-5.601525e+00
1.033000e-05	-3.444001e-03	-5.736795e+00
1.034000e-05	3.884418e-02	-5.873583e+00
1.035000e-05	-4.924880e-02	-5.979427e+00
1.036000e-05	1.431959e-02	-6.063630e+00
1.037000e-05	-1.639924e-02	-6.169376e+00
1.038000e-05	3.579940e-02	-6.358897e+00
1.039000e-05	5.741474e-03	-6.463606e+00
1.040000e-05	-6.513768e-02	-6.548446e+00
1.041000e-05	3.583719e-02	-6.684157e+00
1.042000e-05	2.632495e-03	-6.779944e+00
1.043000e-05	-3.635312e-03	-6.901103e+00
1.044000e-05	-1.621805e-02	-7.007946e+00
1.045000e-05	6.223802e-03	-7.156793e+00
1.046000e-05	2.620522e-02	-7.232024e+00
1.047000e-05	-4.002639e-02	-7.295638e+00
1.048000e-05	3.734686e-03	-7.388951e+00
1.049000e-05	1.010412e-02	-7.503129e+00
1.050000e-05	-5.770210e-04	-7.556922e+00
1.051000e-05	-1.558551e-02	-7.694163e+00
1.052000e-05	-5.521652e-03	-7.799430e+00
1.053000e-05	2.307041e-02	-7.905717e+00
1.054000e-05	-1.568733e-02	-8.020998e+00
1.055000e-05	-8.465365e-03	-8.082106e+00
1.056000e-05	2.411512e-03	-8.116237e+00
1.057000e-05	4.478462e-03	-8.219496e+00
1.058000e-05	-6.042942e-03	-8.263105e+00
1.059000e-05	-6.090219e-03	-8.326866e+00
1.060000e-05	6.202045e-03	-8.357895e+00
1.061000e-05	-7.913324e-03	-8.419928e+00
1.062000e-05	-5.746201e-03	-8.441004e+00
1.063000e-05	6.249533e-04	-8.494212e+00
1.064000e-05	2.482900e-03	-8.537320e+00
1.065000e-05	-2.487135e-03	-8.601999e+00
1.066000e-05	-4.046898e-03	-8.704713e+00
1.067000e-05	-1.482272e-03	-8.715214e+00
1.068000e-05	-4.798916e-03	-8.746245e+00
1.069000e-05	-3.250500e-03	-8.758892e+00
1.070000e-05	-1.198081e-03	-8.798950e+00
1.071000e-05	-3.436500e-03	-8.821503e+00
1.072000e-05	-5.816499e-03	-8.811080e+00
1.073000e-05	-1.691844e-03	-8.860057e+00
1.074000e-05	-1.014831e-03	-8.891628e+00
1.075000e-05	-4.676446e-03	-8.853630e+00
1.076000e-05	-3.393340e-03	-8.873209e+00
1.077000e-05	-1.033877e-03	-8.904316e+00
1.078000e-05	-2.632601e-03	-8.945210e+00
1.079000e-05	-5.301365e-03	-8.883561e+00
1.080000e-05	-3.716875e-03	-8.894263e+00
1.081000e-05	-2.604949e-03	-8.905161e+00
1.082000e-05	-3.436211e-03	-8.872654e+00
1.083000e-05	-4.239655e-03	-8.883158e+00
1.084000e-05	-1.426907e-03	-8.891129e+00
1.085000e-05	-3.761985e-03	-8.892605e+00
1.086000e-05	-3.007582e-03	-8.850602e+00
1.087000e-05	-4.957238e-03	-8.820478e+00
1.088000e-05	-8.303352e-04	-8.808399e+00
1.089000e-05	-1.997779e-03	-8.757789e+00
1.090000e-05	-3.441483e-03	-8.745241e+00
1.091000e-05	-3.982657e-03	-8.693108e+00
1.092000e-05	-4.142697e-03	-8.636602e+00
1.093000e-05	-2.947805e-03	-8.556271e+00
1.094000e-05	-4.689771e-03	-8.471685e+00
1.095000e-05	-3.341589e-03	-8.481506e+00
1.096000e-05	-1.747419e-03	-8.408448e+00
1.097000e-05	-3.323763e-03	-8.365870e+00
1.098000e-05	-4.554466e-03	-8.305235e+00
1.099000e-05	-4.571991e-03	-8.241104e+00
1.100000e-05	-3.483127e-03	-8.186921e+00
1.101000e-05	-4.004822e-03	-8.073737e+00
1.102000e-05	-4.587864e-03	-8.061632e+00
1.103000e-05	-3.349471e-03	-7.990499e+00
1.104000e-05	-2.999914e-03	-7.966793e+00
1.105000e-05	-4.227747e-03	-7.909546e+00
1.106000e-05	-3.983768e-03	-7.649630e+00
1.107000e-05	-3.467804e-03	-7.589521e+00
1.108000e-05	-3.935029e-03	-7.515186e+00
1.109000e-05	-4.692800e-03	-7.439000e+00
1.110000e-05	-3.141169e-03	-7.334260e+00
1.111000e-05	-4.162477e-03	-7.279580e+00
1.112000e-05	-4.550167e-03	-7.186949e+00
1.113000e-05	-4.535207e-03	-7.031153e+00
1.114000e-05	-3.275182e-03	-6.913767e+00
1.115000e-05	-3.705503e-03	-6.830052e+00
1.116000e-05	-3.507188e-03	-6.704713e+00
1.117000e-05	-2.816905e-03	-6.650549e+00
1.118000e-05	-3.044995e-03	-6.473812e+00
1.119000e-05	-5.523281e-03	-6.450002e+00
1.120000e-05	-4.411902e-03	-6.323283e+00
1.121000e-05	-3.289157e-03	-6.196764e+00
1.122000e-05	-3.695345e-03	-6.040026e+00
1.123000e-05	-4.545853e-03	-5.944840e+00
1.124000e-05	-4.474198e-03	-5.805970e+00
1.125000e-05	-3.203435e-03	-5.671154e+00
1.126000e-05	-4.354630e-03	-5.544917e+00
1.127000e-05	-5.114779e-03	-5.368415e+00
1.128000e-05	-3.813859e-03	-5.228421e+00
1.129000e-05	-4.125335e-03	-5.062207e+00
1.130000e-05	-4.303637e-03	-4.963838e+00
1.131000e-05	-4.377290e-03	-4.755286e+00
1.132000e-05	-3.959771e-03	-4.618525e+00
1.133000e-05	-4.379651e-03	-4.502607e+00
1.134000e-05	-4.245636e-03	-4.346317e+00
1.135000e-05	-5.543276e-03	-4.231477e+00
1.136000e-05	-4.960883e-03	-4.123029e+00
1.137000e-05	-3.189682e-03	-3.987421e+00
1.138000e-05	-3.639370e-03	-3.828524e+00
1.139000e-05	-3.970898e-03	-3.649078e+00
1.140000e-05	-4.171079e-03	-3.504288e+00
1.141000e-05	-4.687820e-03	-3.346291e+00
1.142000e-05	-4.117597e-03	-3.242025e+00
1.143000e-05	-4.650751e-03	-3.061027e+00
1.144000e-05	-4.118556e-03	-2.901207e+00
1.145000e-05	-4.013616e-03	-2.732840e+00
1.146000e-05	-4.318126e-03	-2.568370e+00
1.147000e-05	-5.417552e-03	-2.440500e+00
1.148000e-05	-4.548642e-03	-2.262052e+00
1.149000e-05	-2.974633e-03	-2.091604e+00
1.150000e-05	-4.009916e-03	-1.934761e+00
1.151000e-05	-4.191311e-03	-1.787392e+00
1.152000e-05	-5.237167e-03	-1.620553e+00
1.153000e-05	-4.095250e-03	-1.440453e+00
1.154000e-05	-4.118589e-03	-1.200548e+00
1.155000e-05	-5.131049e-03	-1.051133e+00
1.156000e-05	-4.727092e-03	-8.927095e-01
1.157000e-05	-4.297869e-03	-7.358423e-01
1.158000e-05	-4.598829e-03	-5.838711e-01
1.159000e-05	-4.015712e-03	-3.888961e-01
1.160000e-05	-4.361777e-03	-2.606054e-01
1.161000e-05	-3.279110e-03	-7.411027e-02
1.162000e-05	-3.357329e-04	7.165783e-02
1.163000e-05	4.274340e-04	2.631877e-01
1.164000e-05	-2.833425e-03	4.304764e-01
1.165000e-05	-7.147523e-05	5.368408e-01
1.166000e-05	-2.616520e-03	6.657058e-01
1.167000e-05	-2.544518e-03	8.200801e-01
1.168000e-05	-2.933719e-03	9.704799e-01
1.169000e-05	3.686488e-03	1.157995e+00
1.170000e-05	2.746980e-02	1.327843e+00
1.171000e-05	5.292347e-02	1.539877e+00
1.172000e-05	-1.762919e-02	1.809526e+00
1.173000e-05	-4.886558e-02	1.919295e+00
1.174000e-05	-5.995827e-02	2.074664e+00
1.175000e-05	-4.915758e-02	2.190499e+00
1.176000e-05	1.078876e-01	2.293788e+00
1.177000e-05	7.084514e-03	2.461135e+00
1.178000e-05	-1.035349e-01	2.579924e+00
1.179000e-05	1.129783e-01	2.747268e+00
1.180000e-05	-3.722158e-02	2.937822e+00
1.181000e-05	-7.284143e-02	3.044186e+00
1.182000e-05	1.053347e-01	3.218426e+00
1.183000e-05	-3.091726e-02	3.338923e+00
1.184000e-05	-5.620028e-02	3.557421e+00
1.185000e-05	8.146180e-02	3.643710e+00
1.186000e-05	-5.001253e-02	3.821036e+00
1.187000e-05	-5.250015e-03	4.008947e+00
1.188000e-05	2.461132e-02	4.109970e+00
1.189000e-05	-4.032089e-02	4.334770e+00
1.190000e-05	2.040185e-02	4.453579e+00
1.191000e-05	3.261384e-04	4.590527e+00
1.192000e-05	-7.230468e-03	4.787942e+00
1.193000e-05	2.255886e-02	4.885786e+00
1.194000e-05	-6.156942e-03	5.114341e+00
1.195000e-05	-2.533291e-02	5.293134e+00
1.196000e-05	-6.218564e-03	5.399951e+00
1.197000e-05	2.360474e-02	5.556369e+00
1.198000e-05	-1.983237e-03	5.632027e+00
1.199000e-05	-1.713431e-02	5.818925e+00
1.200000e-05	7.243793e-03	5.926373e+00
1.201000e-05	-8.833967e-03	6.032157e+00
1.202000e-05	-1.158442e-03	6.146417e+00
1.203000e-05	-2.732243e-03	6.315158e+00
1.204000e-05	-2.702128e-03	6.377930e+00
1.205000e-05	1.828537e-02	6.443134e+00
1.206000e-05	-1.440066e-02	6.612030e+00
1.207000e-05	-1.475324e-02	6.788471e+00
1.208000e-05	6.669273e-03	6.831580e+00
1.209000e-05	7.586676e-03	6.935742e+00
1.210000e-05	-9.425836e-03	7.020550e+00
1.211000e-05	-9.219661e-03	7.154393e+00
1.212000e-05	1.294675e-02	7.251076e+00
1.213000e-05	-2.081983e-03	7.305236e+00
1.214000e-05	-1.430712e-02	7.472453e+00
1.215000e-05	-2.729018e-03	7.618296e+00
1.216000e-05	6.101888e-03	7.692083e+00
1.217000e-05	-2.116327e-03	7.736317e+00
1.218000e-05	-9.491908e-03	7.839506e+00
1.219000e-05	2.548529e-03	7.946471e+00
1.220000e-05	1.711316e-03	8.046028e+00
1.221000e-05	-6.509074e-03	8.156764e+00
1.222000e-05	-3.674317e-03	8.187523e+00
1.223000e-05	1.073471e-03	8.261558e+00
1.224000e-05	-2.832381e-03	8.335308e+00
1.225000e-05	-5.652671e-03	8.367971e+00
1.226000e-05	1.050984e-04	8.410028e+00
1.227000e-05	-9.555190e-04	8.472107e+00
1.228000e-05	-6.679514e-03	8.473662e+00
1.229000e-05	-3.041921e-03	8.536417e+00
1.230000e-05	1.957088e-03	8.589425e+00
1.231000e-05	-4.788039e-04	8.649504e+00
1.232000e-05	-3.291875e-03	8.651582e+00
1.233000e-05	-3.053875e-03	8.742692e+00
1.234000e-05	-3.264988e-03	8.743792e+00
1.235000e-05	-3.461204e-03	8.776415e+00
1.236000e-05	-1.302979e-03	8.799924e+00
1.237000e-05	-3.517024e-04	8.809446e+00
1.238000e-05	-4.652865e-03	8.830050e+00
1.239000e-05	-4.470174e-03	8.829530e+00
1.240000e-05	-3.312676e-03	8.821082e+00
1.241000e-05	-1.286660e-03	8.871704e+00
1.242000e-05	-3.206262e-03	8.881580e+00
1.243000e-05	-2.562318e-03	8.843080e+00
1.244000e-05	-2.121584e-03	8.851134e+00
1.245000e-05	-1.152455e-03	8.902212e+00
1.246000e-05	-3.224136e-03	8.841612e+00
1.247000e-05	-2.532648e-03	8.830534e+00
1.248000e-05	-3.063254e-03	8.881157e+00
1.249000e-05	-3.305536e-03	8.841079e+00
1.250000e-05	-2.941721e-03	8.861557e+00
1.251000e-05	-1.721000e-03	8.819004e+00
1.252000e-05	-2.832525e-03	8.817949e+00
1.253000e-05	-3.494625e-03	8.767896e+00
1.254000e-05	-3.483723e-03	8.776870e+00
1.255000e-05	-1.612320e-03	8.713241e+00
1.256000e-05	-2.010914e-03	8.703707e+00
1.257000e-05	-2.136694e-03	8.672158e+00
1.258000e-05	-3.585795e-03	8.628528e+00
1.259000e-05	-2.017581e-03	8.587471e+00
1.260000e-05	-2.243279e-03	8.534813e+00
1.261000e-05	-3.296075e-03	8.462108e+00
1.262000e-05	-3.786388e-03	8.420604e+00
1.263000e-05	-2.855178e-03	8.399000e+00
1.264000e-05	-2.164869e-03	8.346319e+00
1.265000e-05	-2.676899e-03	8.321131e+00
1.266000e-05	-2.104987e-03	8.178500e+00
1.267000e-05	-1.387569e-03	8.104241e+00
1.268000e-05	-1.309757e-03	8.092702e+00
1.269000e-05	-4.798712e-03	8.027946e+00
1.270000e-05	-2.646252e-03	7.843711e+00
1.271000e-05	-3.502360e-03	7.860475e+00
1.272000e-05	-2.935610e-03	7.724892e+00
1.273000e-05	-2.860837e-03	7.641458e+00
1.274000e-05	-1.748079e-03	7.568471e+00
1.275000e-05	-4.327525e-03	7.468175e+00
1.276000e-05	-3.559454e-03	7.334265e+00
1.277000e-05	-3.157170e-03	7.239525e+00
1.278000e-05	-1.995218e-03	7.135915e+00
1.279000e-05	-3.167139e-03	7.030579e+00
1.280000e-05	-3.038582e-03	6.955397e+00
1.281000e-05	-2.848299e-03	6.871605e+00
1.282000e-05	-3.372419e-03	6.757993e+00
1.283000e-05	-3.444633e-03	6.669083e+00
1.284000e-05	-3.084878e-03	6.472656e+00
1.285000e-05	-2.858945e-03	6.407974e+00
1.286000e-05	-3.679162e-03	6.293158e+00
1.287000e-05	-3.153766e-03	6.175895e+00
1.288000e-05	-2.566268e-03	6.051579e+00
1.289000e-05	-3.384464e-03	5.986419e+00
1.290000e-05	-3.875772e-03	5.858996e+00
1.291000e-05	-3.139266e-03	5.641053e+00
1.292000e-05	-3.579395e-03	5.555287e+00
1.293000e-05	-3.548750e-03	5.417470e+00
1.294000e-05	-4.280343e-03	5.281629e+00
1.295000e-05	-3.965405e-03	5.164207e+00
1.296000e-05	-3.407231e-03	4.963786e+00
1.297000e-05	-2.861913e-03	4.735867e+00
1.298000e-05	-3.674612e-03	4.680080e+00
1.299000e-05	-3.794646e-03	4.501709e+00
1.300000e-05	-3.670070e-03	4.387964e+00
1.301000e-05	-3.244460e-03	4.207095e+00
1.302000e-05	-3.701649e-03	4.009104e+00
1.303000e-05	-4.091072e-03	3.922813e+00
1.304000e-05	-3.568695e-03	3.786366e+00
1.305000e-05	-3.278649e-03	3.621529e+00
1.306000e-05	-2.958235e-03	3.523333e+00
1.307000e-05	-3.771687e-03	3.304808e+00
1.308000e-05	-3.249409e-03	3.167892e+00
1.309000e-05	-3.489847e-03	3.029026e+00
1.310000e-05	-2.990113e-03	2.873108e+00
1.311000e-05	-3.896440e-03	2.737391e+00
1.312000e-05	-3.140055e-03	2.527787e+00
1.313000e-05	-3.983784e-03	2.387896e+00
1.314000e-05	-3.280331e-03	2.238602e+00
1.315000e-05	-3.898075e-03	2.092133e+00
1.316000e-05	-3.467973e-03	1.924412e+00
1.317000e-05	-2.889424e-03	1.746868e+00
1.318000e-05	-3.245771e-03	1.627073e+00
1.319000e-05	-3.377826e-03	1.427500e+00
1.320000e-05	-3.283423e-03	1.171104e+00
1.321000e-05	-3.554079e-03	1.060605e+00
1.322000e-05	-4.296248e-03	8.701541e-01
1.323000e-05	-3.804361e-03	6.928071e-01
1.324000e-05	-3.678908e-03	5.448909e-01
1.325000e-05	-2.767186e-03	3.979975e-01
1.326000e-05	-3.961934e-03	2.275040e-01
1.327000e-05	-2.912231e-03	4.155165e-02
1.328000e-05	1.481991e-03	-9.736547e-02
1.329000e-05	2.965127e-03	-2.741839e-01
1.330000e-05	-4.592817e-04	-3.805512e-01
1.331000e-05	-7.811195e-05	-5.598695e-01
1.332000e-05	-2.722502e-03	-7.582957e-01
1.333000e-05	-7.455685e-04	-8.651353e-01
1.334000e-05	-6.924544e-04	-1.032030e+00
1.335000e-05	1.286708e-02	-1.159372e+00
1.336000e-05	6.250106e-02	-1.347839e+00
1.337000e-05	1.090993e-02	-1.500428e+00
1.338000e-05	-5.262838e-02	-1.802505e+00
1.339000e-05	-5.168000e-02	-1.978954e+00
1.340000e-05	-6.652565e-02	-2.023608e+00
1.341000e-05	1.240083e-01	-2.102688e+00
1.342000e-05	-1.502756e-02	-2.268087e+00
1.343000e-05	-1.099310e-01	-2.498846e+00
1.344000e-05	1.397109e-01	-2.619576e+00
1.345000e-05	-4.232521e-02	-2.728445e+00
1.346000e-05	-1.056288e-01	-2.970451e+00
1.347000e-05	1.384113e-01	-3.137843e+00
1.348000e-05	-3.828289e-02	-3.284157e+00
1.349000e-05	-6.191646e-02	-3.462578e+00
1.350000e-05	1.186326e-01	-3.527322e+00
1.351000e-05	-9.701065e-02	-3.737286e+00
1.352000e-05	2.203057e-02	-3.946793e+00
1.353000e-05	3.952323e-02	-4.054083e+00
1.354000e-05	-9.075119e-02	-4.202005e+00
1.355000e-05	9.027494e-02	-4.346836e+00
1.356000e-05	-2.668069e-02	-4.452078e+00
1.357000e-05	-4.663848e-02	-4.620480e+00
1.358000e-05	8.522918e-02	-4.736442e+00
1.359000e-05	-5.104917e-02	-4.888219e+00
1.360000e-05	1.867627e-03	-5.053632e+00
1.361000e-05	-1.006998e-02	-5.169922e+00
1.362000e-05	-1.748607e-03	-5.349892e+00
1.363000e-05	4.044545e-02	-5.496943e+00
1.364000e-05	-5.781900e-02	-5.675105e+00
1.365000e-05	4.192827e-02	-5.738946e+00
1.366000e-05	-4.034563e-03	-5.916813e+00
1.367000e-05	-3.411842e-02	-5.990551e+00
1.368000e-05	1.358216e-02	-6.124163e+00
1.369000e-05	-1.625044e-02	-6.274660e+00
1.370000e-05	5.659254e-02	-6.400476e+00
1.371000e-05	-3.981463e-02	-6.505139e+00
1.372000e-05	-2.840993e-02	-6.640454e+00
1.373000e-05	3.822233e-02	-6.705214e+00
1.374000e-05	-1.162855e-02	-6.800025e+00
1.375000e-05	-4.399380e-04	-6.853661e+00
1.376000e-05	-2.300844e-02	-7.032611e+00
1.377000e-05	2.843856e-02	-7.158825e+00
1.378000e-05	-1.286658e-03	-7.232605e+00
1.379000e-05	-3.393046e-02	-7.368793e+00
1.380000e-05	1.698224e-02	-7.432529e+00
1.381000e-05	4.505292e-03	-7.525718e+00
1.382000e-05	-1.130468e-03	-7.660524e+00
1.383000e-05	-2.124619e-02	-7.748294e+00
1.384000e-05	1.104489e-02	-7.851584e+00
1.385000e-05	1.024790e-02	-8.007241e+00
1.386000e-05	-2.085519e-02	-8.020605e+00
1.387000e-05	-2.389296e-03	-8.082584e+00
1.388000e-05	3.133550e-03	-8.116320e+00
1.389000e-05	4.046285e-03	-8.209979e+00
1.390000e-05	-9.685933e-03	-8.294658e+00
1.391000e-05	2.942990e-04	-8.345739e+00
1.392000e-05	4.045235e-03	-8.379022e+00
1.393000e-05	-1.094155e-02	-8.391479e+00
1.394000e-05	-2.722439e-03	-8.443558e+00
1.395000e-05	-6.113878e-05	-8.545244e+00
1.396000e-05	1.453907e-03	-8.567319e+00
1.397000e-05	-4.834582e-03	-8.629075e+00
1.398000e-05	-2.703995e-03	-8.690586e+00
1.399000e-05	-2.212349e-03	-8.745817e+00
1.400000e-05	-4.292003e-03	-8.777895e+00
1.401000e-05	-1.326847e-03	-8.779398e+00
1.402000e-05	-1.716672e-03	-8.820550e+00
1.403000e-05	-4.652423e-03	-8.830529e+00
1.404000e-05	-4.588157e-03	-8.843054e+00
1.405000e-05	-6.415199e-04	-8.822633e+00
1.406000e-05	-3.268566e-03	-8.841629e+00
1.407000e-05	-5.173958e-03	-8.853687e+00
1.408000e-05	-3.255058e-03	-8.885139e+00
1.409000e-05	-1.037363e-03	-8.894138e+00
1.410000e-05	-3.176222e-03	-8.884182e+00
1.411000e-05	-5.235427e-03	-8.914211e+00
1.412000e-05	-2.847807e-03	-8.895688e+00
1.413000e-05	-3.236379e-03	-8.953687e+00
1.414000e-05	-3.869044e-03	-8.872634e+00
1.415000e-05	-2.614164e-03	-8.861557e+00
1.416000e-05	-2.714588e-03	-8.861134e+00
1.417000e-05	-3.857934e-03	-8.841657e+00
1.418000e-05	-4.418779e-03	-8.832053e+00
1.419000e-05	-3.742849e-03	-8.838500e+00
1.420000e-05	-1.662740e-03	-8.779971e+00
1.421000e-05	-2.732351e-03	-8.756441e+00
1.422000e-05	-3.867759e-03	-8.713714e+00
1.423000e-05	-3.784459e-03	-8.650033e+00
1.424000e-05	-3.322357e-03	-8.627851e+00
1.425000e-05	-3.154931e-03	-8.535238e+00
1.426000e-05	-4.905074e-03	-8.501757e+00
1.427000e-05	-4.889487e-03	-8.420058e+00
1.428000e-05	-3.368260e-03	-8.397922e+00
1.429000e-05	-2.828220e-03	-8.346314e+00
1.430000e-05	-2.786032e-03	-8.311707e+00
1.431000e-05	-4.471275e-03	-8.219001e+00
1.432000e-05	-3.393100e-03	-8.186315e+00
1.433000e-05	-4.275188e-03	-8.092184e+00
1.434000e-05	-4.299744e-03	-8.029530e+00
1.435000e-05	-3.852356e-03	-7.986847e+00
1.436000e-05	-4.519040e-03	-7.943558e+00
1.437000e-05	-4.491117e-03	-7.807866e+00
1.438000e-05	-3.491348e-03	-7.652077e+00
1.439000e-05	-2.498698e-03	-7.546891e+00
1.440000e-05	-3.600979e-03	-7.442158e+00
1.441000e-05	-4.889949e-03	-7.387472e+00
1.442000e-05	-4.662879e-03	-7.262060e+00
1.443000e-05	-3.902826e-03	-7.260078e+00
1.444000e-05	-4.105289e-03	-7.166791e+00
1.445000e-05	-3.788744e-03	-7.037975e+00
1.446000e-05	-3.109631e-03	-6.864184e+00
1.447000e-05	-4.597492e-03	-6.798950e+00
1.448000e-05	-3.968714e-03	-6.713208e+00
1.449000e-05	-3.376984e-03	-6.607926e+00
1.450000e-05	-3.324920e-03	-6.504182e+00
1.451000e-05	-4.306918e-03	-6.388014e+00
1.452000e-05	-3.228121e-03	-6.300552e+00
1.453000e-05	-2.977059e-03	-6.073686e+00
1.454000e-05	-4.065839e-03	-5.969949e+00
1.455000e-05	-3.831530e-03	-5.921036e+00
1.456000e-05	-3.707847e-03	-5.725466e+00
1.457000e-05	-4.540602e-03	-5.610024e+00
1.458000e-05	-3.979128e-03	-5.520683e+00
1.459000e-05	-4.395226e-03	-5.323757e+00
1.460000e-05	-3.357363e-03	-5.156819e+00
1.461000e-05	-3.716318e-03	-5.048549e+00
1.462000e-05	-4.414580e-03	-4.839499e+00
1.463000e-05	-3.810413e-03	-4.633105e+00
1.464000e-05	-4.902626e-03	-4.566368e+00
1.465000e-05	-5.156556e-03	-4.421079e+00
1.466000e-05	-5.139491e-03	-4.325262e+00
1.467000e-05	-3.715424e-03	-4.207390e+00
1.468000e-05	-4.553041e-03	-4.080575e+00
1.469000e-05	-4.790443e-03	-3.944310e+00
1.470000e-05	-3.805952e-03	-3.755767e+00
1.471000e-05	-3.932138e-03	-3.566545e+00
1.472000e-05	-4.041154e-03	-3.451079e+00
1.473000e-05	-4.710927e-03	-3.313708e+00
1.474000e-05	-4.222638e-03	-3.165845e+00
1.475000e-05	-4.489636e-03	-2.986374e+00
1.476000e-05	-4.506001e-03	-2.819972e+00
1.477000e-05	-5.746316e-03	-2.690631e+00
1.478000e-05	-4.492903e-03	-2.532785e+00
1.479000e-05	-4.947681e-03	-2.356991e+00
1.480000e-05	-4.102366e-03	-2.176947e+00
1.481000e-05	-3.399263e-03	-2.040601e+00
1.482000e-05	-3.885949e-03	-1.871730e+00
1.483000e-05	-3.245812e-03	-1.733687e+00
1.484000e-05	-3.992014e-03	-1.537967e+00
1.485000e-05	-5.706051e-03	-1.386319e+00
1.486000e-05	-5.510816e-03	-1.205469e+00
1.487000e-05	-4.635879e-03	-9.690252e-01
1.488000e-05	-4.823381e-03	-8.615826e-01
1.489000e-05	-5.663708e-03	-6.901579e-01
1.490000e-05	-3.901592e-03	-5.021331e-01
1.491000e-05	-3.004989e-03	-3.358410e-01
1.492000e-05	-3.594966e-03	-1.584947e-01
1.493000e-05	-2.986540e-03	-4.005139e-02
1.494000e-05	1.985582e-04	1.368684e-01
1.495000e-05	-1.028125e-03	3.273405e-01
1.496000e-05	-3.266164e-03	4.340828e-01
1.497000e-05	-1.583833e-03	6.194288e-01
1.498000e-05	-3.436993e-03	7.183909e-01
1.499000e-05	-1.583400e-03	9.046590e-01
1.500000e-05	-1.040652e-03	1.064755e+00
1.501000e-05	9.605405e-03	1.222556e+00
1.502000e-05	4.286897e-02	1.411002e+00
1.503000e-05	3.782567e-02	1.614188e+00
1.504000e-05	-4.082226e-02	1.863732e+00
1.505000e-05	-4.307590e-02	1.990500e+00
1.506000e-05	-7.430247e-02	2.137319e+00
1.507000e-05	8.502955e-04	2.231031e+00
1.508000e-05	1.174526e-01	2.359401e+00
1.509000e-05	-8.158572e-02	2.516657e+00
1.510000e-05	-2.415361e-02	2.653534e+00
1.511000e-05	1.082060e-01	2.822028e+00
1.512000e-05	-1.060905e-01	2.978450e+00
1.513000e-05	6.028053e-03	3.102714e+00
1.514000e-05	8.996724e-02	3.233080e+00
1.515000e-05	-9.050606e-02	3.435060e+00
1.516000e-05	1.429926e-02	3.598499e+00
1.517000e-05	4.924891e-02	3.726289e+00
1.518000e-05	-6.550541e-02	3.905640e+00
1.519000e-05	2.759172e-02	4.051979e+00
1.520000e-05	-7.972005e-03	4.231026e+00
1.521000e-05	-2.418089e-02	4.368447e+00
1.522000e-05	2.540366e-02	4.485160e+00
1.523000e-05	-1.573255e-02	4.694212e+00
1.524000e-05	5.500201e-03	4.789474e+00
1.525000e-05	1.905254e-02	4.949326e+00
1.526000e-05	-1.980448e-02	5.198046e+00
1.527000e-05	-2.298274e-02	5.304714e+00
1.528000e-05	6.368951e-03	5.482585e+00
1.529000e-05	2.353180e-02	5.597973e+00
1.530000e-05	-1.612617e-02	5.694134e+00
1.531000e-05	-5.143529e-03	5.801484e+00
1.532000e-05	4.689067e-03	5.977946e+00
1.533000e-05	-9.320518e-03	6.105112e+00
1.534000e-05	1.777521e-03	6.209424e+00
1.535000e-05	-9.096999e-03	6.315210e+00
1.536000e-05	8.228091e-03	6.420554e+00
1.537000e-05	8.364221e-03	6.483639e+00
1.538000e-05	-2.130727e-02	6.664285e+00
1.539000e-05	-6.606635e-03	6.808521e+00
1.540000e-05	1.081313e-02	6.862613e+00
1.541000e-05	2.332656e-03	6.947795e+00
1.542000e-05	-1.247219e-02	7.064162e+00
1.543000e-05	-1.034218e-03	7.207396e+00
1.544000e-05	1.232262e-02	7.231057e+00
1.545000e-05	-9.508239e-03	7.317291e+00
1.546000e-05	-1.196773e-02	7.503713e+00
1.547000e-05	2.130858e-03	7.618979e+00
1.548000e-05	4.865003e-03	7.683188e+00
1.549000e-05	-6.497091e-03	7.778847e+00
1.550000e-05	-7.481117e-03	7.883584e+00
1.551000e-05	4.941372e-03	8.010895e+00
1.552000e-05	-1.885251e-03	8.041784e+00
1.553000e-05	-6.534176e-03	8.166822e+00
1.554000e-05	-1.151003e-03	8.200950e+00
1.555000e-05	9.513298e-04	8.262637e+00
1.556000e-05	-4.722647e-03	8.356390e+00
1.557000e-05	-4.526940e-03	8.367525e+00
1.558000e-05	1.396288e-03	8.441578e+00
1.559000e-05	-4.086317e-03	8.462160e+00
1.560000e-05	-5.721638e-03	8.546736e+00
1.561000e-05	-1.313448e-03	8.575820e+00
1.562000e-05	1.585531e-03	8.630479e+00
1.563000e-05	-1.192001e-03	8.642029e+00
1.564000e-05	-3.225763e-03	8.681183e+00
1.565000e-05	-3.842976e-03	8.734316e+00
1.566000e-05	-4.376829e-03	8.743891e+00
1.567000e-05	-3.362351e-03	8.757347e+00
1.568000e-05	-1.902842e-04	8.779471e+00
1.569000e-05	-2.159788e-03	8.798449e+00
1.570000e-05	-5.343291e-03	8.840527e+00
1.571000e-05	-2.934662e-03	8.840552e+00
1.572000e-05	-9.382829e-04	8.851630e+00
1.573000e-05	-1.865314e-03	8.861610e+00
1.574000e-05	-4.199385e-03	8.841634e+00
1.575000e-05	-2.663592e-03	8.852132e+00
1.576000e-05	-2.650988e-03	8.901658e+00
1.577000e-05	-2.961889e-03	8.863108e+00
1.578000e-05	-2.167834e-03	8.830612e+00
1.579000e-05	-1.935493e-03	8.862159e+00
1.580000e-05	-2.042382e-03	8.872682e+00
1.581000e-05	-3.283163e-03	8.851107e+00
1.582000e-05	-2.329963e-03	8.811051e+00
1.583000e-05	-2.297841e-03	8.829575e+00
1.584000e-05	-3.317468e-03	8.838450e+00
1.585000e-05	-3.636481e-03	8.788421e+00
1.586000e-05	-2.349109e-03	8.774370e+00
1.587000e-05	-3.096310e-03	8.716140e+00
1.588000e-05	-1.885617e-03	8.712133e+00
1.589000e-05	-2.605399e-03	8.619607e+00
1.590000e-05	-3.021445e-03	8.619500e+00
1.591000e-05	-2.034293e-03	8.586769e+00
1.592000e-05	-2.415172e-03	8.501764e+00
1.593000e-05	-3.735195e-03	8.441107e+00
1.594000e-05	-3.323680e-03	8.420028e+00
1.595000e-05	-2.727946e-03	8.386373e+00
1.596000e-05	-1.955186e-03	8.294735e+00
1.597000e-05	-3.085445e-03	8.270554e+00
1.598000e-05	-3.548030e-03	8.187017e+00
1.599000e-05	-2.280083e-03	8.084658e+00
1.600000e-05	-3.187238e-03	8.077123e+00
1.601000e-05	-2.299899e-03	7.976416e+00
1.602000e-05	-2.627835e-03	7.912104e+00
1.603000e-05	-3.427130e-03	7.796844e+00
1.604000e-05	-3.270412e-03	7.733262e+00
1.605000e-05	-3.100518e-03	7.619580e+00
1.606000e-05	-2.985465e-03	7.546842e+00
1.607000e-05	-2.425258e-03	7.416405e+00
1.608000e-05	-3.134532e-03	7.313286e+00
1.609000e-05	-2.119044e-03	7.209001e+00
1.610000e-05	-3.814708e-03	7.113737e+00
1.611000e-05	-2.961057e-03	7.000019e+00
1.612000e-05	-3.254471e-03	6.934789e+00
1.613000e-05	-2.900925e-03	6.839080e+00
1.614000e-05	-3.317536e-03	6.753814e+00
1.615000e-05	-3.062090e-03	6.564874e+00
1.616000e-05	-2.373984e-03	6.471606e+00
1.617000e-05	-3.427934e-03	6.336392e+00
1.618000e-05	-3.858971e-03	6.258578e+00
1.619000e-05	-2.841095e-03	6.125315e+00
1.620000e-05	-2.878744e-03	6.029600e+00
1.621000e-05	-3.483735e-03	5.926265e+00
1.622000e-05	-2.949611e-03	5.734338e+00
1.623000e-05	-2.727130e-03	5.568478e+00
1.624000e-05	-3.229449e-03	5.493230e+00
1.625000e-05	-3.570684e-03	5.365368e+00
1.626000e-05	-3.328669e-03	5.159022e+00
1.627000e-05	-3.197868e-03	5.027572e+00
1.628000e-05	-3.891184e-03	4.840154e+00
1.629000e-05	-3.995273e-03	4.704240e+00
1.630000e-05	-3.258258e-03	4.596872e+00
1.631000e-05	-2.773388e-03	4.430608e+00
1.632000e-05	-2.934915e-03	4.354318e+00
1.633000e-05	-2.928185e-03	4.134889e+00
1.634000e-05	-4.018904e-03	3.967973e+00
1.635000e-05	-4.084922e-03	3.900658e+00
1.636000e-05	-3.565222e-03	3.704816e+00
1.637000e-05	-3.254269e-03	3.569420e+00
1.638000e-05	-3.409168e-03	3.450577e+00
1.639000e-05	-3.893624e-03	3.261605e+00
1.640000e-05	-3.207914e-03	3.134860e+00
1.641000e-05	-3.015025e-03	2.957345e+00
1.642000e-05	-3.369519e-03	2.849629e+00
1.643000e-05	-3.409111e-03	2.682607e+00
1.644000e-05	-3.598572e-03	2.443107e+00
1.645000e-05	-3.900761e-03	2.335239e+00
1.646000e-05	-3.779768e-03	2.196345e+00
1.647000e-05	-3.679183e-03	2.029576e+00
1.648000e-05	-3.786674e-03	1.912187e+00
1.649000e-05	-3.398676e-03	1.702265e+00
1.650000e-05	-2.968912e-03	1.494765e+00
1.651000e-05	-2.899900e-03	1.363865e+00
1.652000e-05	-3.874926e-03	1.187495e+00
1.653000e-05	-3.874709e-03	9.759451e-01
1.654000e-05	-3.444933e-03	7.889263e-01
1.655000e-05	-3.484709e-03	6.205792e-01
1.656000e-05	-4.393496e-03	4.822592e-01
1.657000e-05	-3.723409e-03	3.448707e-01
1.658000e-05	-2.698995e-03	1.233186e-01
1.659000e-05	-1.806599e-03	-4.358125e-02
1.660000e-05	2.481084e-03	-1.799197e-01
1.661000e-05	1.049817e-03	-3.268156e-01
1.662000e-05	3.086939e-05	-4.530528e-01
1.663000e-05	-1.976241e-04	-6.226051e-01
1.664000e-05	-2.019665e-03	-7.915024e-01
1.665000e-05	-1.283470e-03	-9.372919e-01
1.666000e-05	9.524569e-04	-1.063682e+00
1.667000e-05	2.859152e-02	-1.211405e+00
1.668000e-05	6.140289e-02	-1.412876e+00
1.669000e-05	-3.089269e-02	-1.694083e+00
1.670000e-05	-4.140273e-02	-1.896258e+00
1.671000e-05	-7.968911e-02	-2.011104e+00
1.672000e-05	1.203232e-03	-2.054133e+00
1.673000e-05	1.300641e-01	-2.127295e+00
1.674000e-05	-1.088181e-01	-2.361979e+00
1.675000e-05	-2.279730e-02	-2.568925e+00
1.676000e-05	1.365379e-01	-2.652081e+00
1.677000e-05	-1.387665e-01	-2.812055e+00
1.678000e-05	-7.596155e-04	-2.983635e+00
1.679000e-05	1.235344e-01	-3.187973e+00
1.680000e-05	-1.101489e-01	-3.308295e+00
1.681000e-05	3.740221e-02	-3.484112e+00
1.682000e-05	5.330202e-02	-3.590976e+00
1.683000e-05	-1.106336e-01	-3.770028e+00
1.684000e-05	8.776467e-02	-3.978443e+00
1.685000e-05	-4.072875e-02	-4.098786e+00
1.686000e-05	-3.686957e-02	-4.272133e+00
1.687000e-05	9.295086e-02	-4.378866e+00
1.688000e-05	-8.530397e-02	-4.456141e+00
1.689000e-05	2.725388e-02	-4.695215e+00
1.690000e-05	4.311781e-02	-4.799526e+00
1.691000e-05	-5.678885e-02	-4.990399e+00
1.692000e-05	2.279700e-02	-5.125234e+00
1.693000e-05	-3.089155e-02	-5.235081e+00
1.694000e-05	3.512454e-02	-5.432022e+00
1.695000e-05	-1.606441e-03	-5.559396e+00
1.696000e-05	-3.833043e-02	-5.714289e+00
1.697000e-05	5.533108e-02	-5.822027e+00
1.698000e-05	-4.129059e-02	-5.958418e+00
1.699000e-05	-1.210437e-03	-6.060549e+00
1.700000e-05	-3.079252e-03	-6.146815e+00
1.701000e-05	9.288687e-03	-6.326292e+00
1.702000e-05	4.106535e-02	-6.421577e+00
1.703000e-05	-6.898598e-02	-6.507246e+00
1.704000e-05	1.354541e-02	-6.631082e+00
1.705000e-05	1.913206e-02	-6.738295e+00
1.706000e-05	-8.809867e-03	-6.840502e+00
1.707000e-05	-6.240485e-03	-6.936293e+00
1.708000e-05	-1.208028e-02	-7.125162e+00
1.709000e-05	3.647136e-02	-7.199951e+00
1.710000e-05	-2.952747e-02	-7.273659e+00
1.711000e-05	-1.330850e-02	-7.398898e+00
1.712000e-05	1.465674e-02	-7.483981e+00
1.713000e-05	7.412773e-04	-7.556818e+00
1.714000e-05	-8.684532e-03	-7.682554e+00
1.715000e-05	-1.597607e-02	-7.778448e+00
1.716000e-05	2.262236e-02	-7.913637e+00
1.717000e-05	-6.127003e-03	-7.988450e+00
1.718000e-05	-1.552261e-02	-8.042054e+00
1.719000e-05	5.107084e-04	-8.094688e+00
1.720000e-05	3.347507e-03	-8.178942e+00
1.721000e-05	-2.824360e-04	-8.241530e+00
1.722000e-05	-9.790106e-03	-8.282186e+00
1.723000e-05	5.648811e-03	-8.367824e+00
1.724000e-05	-3.559105e-03	-8.400499e+00
1.725000e-05	-7.510668e-03	-8.421504e+00
1.726000e-05	-5.220404e-04	-8.524256e+00
1.727000e-05	8.663415e-04	-8.516168e+00
1.728000e-05	-1.937552e-03	-8.575873e+00
1.729000e-05	-4.306064e-03	-8.651685e+00
1.730000e-05	-1.050513e-03	-8.742129e+00
1.731000e-05	-4.026149e-03	-8.753789e+00
1.732000e-05	-3.886300e-03	-8.787373e+00
1.733000e-05	-1.009463e-03	-8.810446e+00
1.734000e-05	-3.051947e-03	-8.830573e+00
1.735000e-05	-5.833214e-03	-8.821054e+00
1.736000e-05	-2.623438e-03	-8.851105e+00
1.737000e-05	-1.079175e-03	-8.862108e+00
1.738000e-05	-5.473508e-03	-8.892132e+00
1.739000e-05	-5.286348e-03	-8.902179e+00
1.740000e-05	-1.052799e-03	-8.895238e+00
1.741000e-05	-1.109526e-03	-8.912663e+00
1.742000e-05	-4.079533e-03	-8.883107e+00
1.743000e-05	-4.263348e-03	-8.913239e+00
1.744000e-05	-3.336194e-03	-8.915340e+00
1.745000e-05	-3.648095e-03	-8.924632e+00
1.746000e-05	-4.880784e-03	-8.881161e+00
1.747000e-05	-3.361000e-03	-8.851633e+00
1.748000e-05	-2.351938e-03	-8.863126e+00
1.749000e-05	-3.694524e-03	-8.850479e+00
1.750000e-05	-4.604001e-03	-8.809501e+00
1.751000e-05	-3.227858e-03	-8.820547e+00
1.752000e-05	-2.461525e-03	-8.788496e+00
1.753000e-05	-3.143744e-03	-8.734265e+00
1.754000e-05	-3.562712e-03	-8.703310e+00
1.755000e-05	-3.940709e-03	-8.651550e+00
1.756000e-05	-3.121626e-03	-8.576322e+00
1.757000e-05	-3.793493e-03	-8.494661e+00
1.758000e-05	-4.946153e-03	-8.440029e+00
1.759000e-05	-4.655459e-03	-8.450578e+00
1.760000e-05	-2.767602e-03	-8.326869e+00
1.761000e-05	-2.347898e-03	-8.305212e+00
1.762000e-05	-3.485525e-03	-8.251604e+00
1.763000e-05	-3.676437e-03	-8.198423e+00
1.764000e-05	-4.059176e-03	-8.126813e+00
1.765000e-05	-4.230059e-03	-8.091656e+00
1.766000e-05	-3.682926e-03	-7.998477e+00
1.767000e-05	-3.502827e-03	-8.008242e+00
1.768000e-05	-4.259542e-03	-7.911023e+00
1.769000e-05	-4.316898e-03	-7.773288e+00
1.770000e-05	-4.285907e-03	-7.598524e+00
1.771000e-05	-3.464458e-03	-7.565291e+00
1.772000e-05	-4.274832e-03	-7.423000e+00
1.773000e-05	-3.603407e-03	-7.345417e+00
1.774000e-05	-3.789541e-03	-7.253058e+00
1.775000e-05	-4.091002e-03	-7.219998e+00
1.776000e-05	-4.090534e-03	-7.134253e+00
1.777000e-05	-3.101400e-03	-6.977368e+00
1.778000e-05	-3.760416e-03	-6.841505e+00
1.779000e-05	-5.015298e-03	-6.766867e+00
1.780000e-05	-4.202709e-03	-6.681580e+00
1.781000e-05	-3.517496e-03	-6.567266e+00
1.782000e-05	-3.456208e-03	-6.441079e+00
1.783000e-05	-4.319454e-03	-6.366392e+00
1.784000e-05	-3.374797e-03	-6.169346e+00
1.785000e-05	-4.097461e-03	-6.040527e+00
1.786000e-05	-4.337354e-03	-5.954917e+00
1.787000e-05	-4.293035e-03	-5.841074e+00
1.788000e-05	-3.859267e-03	-5.703182e+00
1.789000e-05	-4.620915e-03	-5.558446e+00
1.790000e-05	-4.833464e-03	-5.439595e+00
1.791000e-05	-3.394134e-03	-5.252578e+00
1.792000e-05	-3.620340e-03	-5.104785e+00
1.793000e-05	-4.716715e-03	-4.993799e+00
1.794000e-05	-4.681547e-03	-4.766270e+00
1.795000e-05	-3.970396e-03	-4.640054e+00
1.796000e-05	-4.610786e-03	-4.523209e+00
1.797000e-05	-5.031395e-03	-4.417024e+00
1.798000e-05	-4.120793e-03	-4.281158e+00
1.799000e-05	-3.661536e-03	-4.145290e+00
1.800000e-05	-5.042959e-03	-3.980570e+00
1.801000e-05	-4.525905e-03	-3.911607e+00
1.802000e-05	-4.171257e-03	-3.672628e+00
1.803000e-05	-3.845597e-03	-3.526339e+00
1.804000e-05	-4.700603e-03	-3.419498e+00
1.805000e-05	-4.013982e-03	-3.251583e+00
1.806000e-05	-4.924593e-03	-3.112661e+00
1.807000e-05	-3.606031e-03	-2.923734e+00
1.808000e-05	-5.179959e-03	-2.777919e+00
1.809000e-05	-4.757432e-03	-2.639025e+00
1.810000e-05	-5.640596e-03	-2.433654e+00
1.811000e-05	-4.293500e-03	-2.326338e+00
1.812000e-05	-4.235839e-03	-2.123733e+00
1.813000e-05	-3.828089e-03	-1.986416e+00
1.814000e-05	-4.280412e-03	-1.831500e+00
1.815000e-05	-3.606828e-03	-1.682124e+00
1.816000e-05	-4.564185e-03	-1.483777e+00
1.817000e-05	-4.722163e-03	-1.232179e+00
1.818000e-05	-4.914973e-03	-1.113315e+00
1.819000e-05	-4.848152e-03	-9.543171e-01
1.820000e-05	-5.231065e-03	-7.889462e-01
1.821000e-05	-5.758759e-03	-6.290528e-01
1.822000e-05	-4.317211e-03	-4.205503e-01
1.823000e-05	-3.822078e-03	-2.716093e-01
1.824000e-05	-3.763711e-03	-1.168422e-01
1.825000e-05	-1.644237e-03	2.252881e-02
1.826000e-05	1.029208e-03	1.710787e-01
1.827000e-05	-1.141567e-03	3.689747e-01
1.828000e-05	-1.821986e-03	5.157919e-01
1.829000e-05	-1.979674e-03	6.536567e-01
1.830000e-05	-2.882281e-03	8.099248e-01
1.831000e-05	-2.859732e-03	9.108943e-01
1.832000e-05	1.334876e-03	1.118346e+00
1.833000e-05	1.812136e-02	1.285141e+00
1.834000e-05	5.299643e-02	1.485735e+00
1.835000e-05	7.882518e-03	1.741794e+00
1.836000e-05	-4.984984e-02	1.918216e+00
1.837000e-05	-4.733596e-02	2.041629e+00
1.838000e-05	-6.985921e-02	2.167922e+00
1.839000e-05	6.745186e-02	2.294059e+00
1.840000e-05	7.270274e-02	2.419578e+00
1.841000e-05	-1.249151e-01	2.577266e+00
1.842000e-05	6.496292e-02	2.717142e+00
1.843000e-05	3.397617e-02	2.884762e+00
1.844000e-05	-1.125892e-01	3.031102e+00
1.845000e-05	7.851366e-02	3.247893e+00
1.846000e-05	3.133890e-02	3.306720e+00
1.847000e-05	-9.309852e-02	3.476186e+00
1.848000e-05	7.094022e-02	3.600629e+00
1.849000e-05	-1.133076e-02	3.771024e+00
1.850000e-05	-3.936078e-02	3.909348e+00
1.851000e-05	3.907208e-02	4.074313e+00
1.852000e-05	-3.340089e-02	4.274582e+00
1.853000e-05	2.062583e-03	4.421504e+00
1.854000e-05	1.313885e-02	4.517296e+00
1.855000e-05	-1.566007e-02	4.713764e+00
1.856000e-05	2.145003e-02	4.860082e+00
1.857000e-05	6.118422e-03	5.023680e+00
1.858000e-05	-2.695722e-02	5.240557e+00
1.859000e-05	-1.474984e-02	5.378420e+00
1.860000e-05	1.761677e-02	5.454794e+00
1.861000e-05	1.077366e-02	5.610978e+00
1.862000e-05	-2.199317e-02	5.704188e+00
1.863000e-05	6.145826e-03	5.806314e+00
1.864000e-05	-3.355320e-03	6.041553e+00
1.865000e-05	-5.374866e-03	6.145266e+00
1.866000e-05	-4.513807e-04	6.251604e+00
1.867000e-05	-7.971602e-03	6.337896e+00
1.868000e-05	1.714317e-02	6.441129e+00
1.869000e-05	-5.370752e-03	6.527796e+00
1.870000e-05	-2.019520e-02	6.726895e+00
1.871000e-05	1.268753e-03	6.810553e+00
1.872000e-05	1.117761e-02	6.893690e+00
1.873000e-05	-4.288741e-03	6.998501e+00
1.874000e-05	-1.288159e-02	7.106220e+00
1.875000e-05	7.955913e-03	7.159951e+00
1.876000e-05	5.762747e-03	7.304588e+00
1.877000e-05	-1.389498e-02	7.348947e+00
1.878000e-05	-7.324178e-03	7.546847e+00
1.879000e-05	4.742144e-03	7.640079e+00
1.880000e-05	8.444306e-04	7.696312e+00
1.881000e-05	-8.630377e-03	7.820930e+00
1.882000e-05	-2.526580e-03	7.914260e+00
1.883000e-05	5.428460e-03	8.020556e+00
1.884000e-05	-5.210141e-03	8.136688e+00
1.885000e-05	-5.267471e-03	8.198346e+00
1.886000e-05	7.500913e-04	8.223133e+00
1.887000e-05	-9.842186e-04	8.304714e+00
1.888000e-05	-5.458387e-03	8.347342e+00
1.889000e-05	-1.669735e-03	8.400602e+00
1.890000e-05	2.523344e-04	8.461632e+00
1.891000e-05	-5.696635e-03	8.462107e+00
1.892000e-05	-4.678470e-03	8.564293e+00
1.893000e-05	4.636741e-04	8.607848e+00
1.894000e-05	-5.097751e-05	8.631601e+00
1.895000e-05	-2.063265e-03	8.672154e+00
1.896000e-05	-2.754385e-03	8.703212e+00
1.897000e-05	-3.555268e-03	8.754692e+00
1.898000e-05	-4.817916e-03	8.767865e+00
1.899000e-05	-2.323373e-03	8.787371e+00
1.900000e-05	9.809495e-05	8.808420e+00
1.901000e-05	-3.615769e-03	8.809026e+00
1.902000e-05	-4.673570e-03	8.809478e+00
1.903000e-05	-1.742188e-03	8.810528e+00
1.904000e-05	-8.000935e-04	8.841105e+00
1.905000e-05	-2.105360e-03	8.851554e+00
1.906000e-05	-3.136998e-03	8.851581e+00
1.907000e-05	-2.781189e-03	8.873080e+00
1.908000e-05	-2.956986e-03	8.862087e+00
1.909000e-05	-3.359136e-03	8.851158e+00
1.910000e-05	-2.927120e-03	8.842105e+00
1.911000e-05	-3.234393e-03	8.871734e+00
1.912000e-05	-2.877867e-03	8.851554e+00
1.913000e-05	-2.625599e-03	8.801079e+00
1.914000e-05	-1.741062e-03	8.811557e+00
1.915000e-05	-2.842716e-03	8.798978e+00
1.916000e-05	-3.704271e-03	8.786924e+00
1.917000e-05	-3.767124e-03	8.737396e+00
1.918000e-05	-2.747144e-03	8.765891e+00
1.919000e-05	-2.428586e-03	8.703786e+00
1.920000e-05	-1.651371e-03	8.752131e+00
1.921000e-05	-2.584924e-03	8.620079e+00
1.922000e-05	-3.958546e-03	8.598950e+00
1.923000e-05	-3.759855e-03	8.564915e+00
1.924000e-05	-2.762856e-03	8.542685e+00
1.925000e-05	-2.994158e-03	8.442107e+00
1.926000e-05	-2.451132e-03	8.389028e+00
1.927000e-05	-1.707878e-03	8.367444e+00
1.928000e-05	-2.864666e-03	8.283683e+00
1.929000e-05	-4.037958e-03	8.229572e+00
1.930000e-05	-3.482433e-03	8.114389e+00
1.931000e-05	-3.040091e-03	8.094736e+00
1.932000e-05	-2.697668e-03	8.028454e+00
1.933000e-05	-3.216761e-03	7.915337e+00
1.934000e-05	-2.762211e-03	7.840632e+00
1.935000e-05	-2.464572e-03	7.766317e+00
1.936000e-05	-3.033416e-03	7.692161e+00
1.937000e-05	-3.654908e-03	7.587449e+00
1.938000e-05	-3.177790e-03	7.521767e+00
1.939000e-05	-3.208807e-03	7.386871e+00
1.940000e-05	-4.352183e-03	7.251608e+00
1.941000e-05	-3.747601e-03	7.186925e+00
1.942000e-05	-3.460312e-03	7.061207e+00
1.943000e-05	-1.975786e-03	7.016421e+00
1.944000e-05	-2.557283e-03	6.883184e+00
1.945000e-05	-2.771831e-03	6.798474e+00
1.946000e-05	-3.929484e-03	6.681755e+00
1.947000e-05	-4.278621e-03	6.554270e+00
1.948000e-05	-3.954092e-03	6.429000e+00
1.949000e-05	-4.010956e-03	6.324711e+00
1.950000e-05	-3.469248e-03	6.218973e+00
1.951000e-05	-2.389879e-03	6.103711e+00
1.952000e-05	-3.433205e-03	6.019000e+00
1.953000e-05	-3.564421e-03	5.870087e+00
1.954000e-05	-2.757422e-03	5.703638e+00
1.955000e-05	-2.355848e-03	5.556945e+00
1.956000e-05	-4.118632e-03	5.430028e+00
1.957000e-05	-4.189172e-03	5.312660e+00
1.958000e-05	-3.703984e-03	5.144316e+00
1.959000e-05	-4.134883e-03	5.004369e+00
1.960000e-05	-3.871397e-03	4.817045e+00
1.961000e-05	-3.679918e-03	4.682653e+00
1.962000e-05	-2.039732e-03	4.544866e+00
1.963000e-05	-2.432712e-03	4.428049e+00
1.964000e-05	-1.721937e-03	4.262631e+00
1.965000e-05	-2.883633e-03	4.081236e+00
1.966000e-05	-3.814438e-03	3.934295e+00
1.967000e-05	-4.800800e-03	3.818450e+00
1.968000e-05	-5.194423e-03	3.652134e+00
1.969000e-05	-4.494671e-03	3.556369e+00
1.970000e-05	-3.700536e-03	3.355424e+00
1.971000e-05	-2.958996e-03	3.209501e+00
1.972000e-05	-2.273037e-03	3.071129e+00
1.973000e-05	-2.796195e-03	2.923812e+00
1.974000e-05	-2.684185e-03	2.746449e+00
1.975000e-05	-2.337961e-03	2.627955e+00
1.976000e-05	-3.872191e-03	2.439004e+00
1.977000e-05	-5.423973e-03	2.262079e+00
1.978000e-05	-4.421586e-03	2.082738e+00
1.979000e-05	-3.681444e-03	1.978443e+00
1.980000e-05	-3.389686e-03	1.848577e+00
1.981000e-05	-3.774911e-03	1.609127e+00
1.982000e-05	-2.182670e-03	1.481132e+00
1.983000e-05	-2.298250e-03	1.283259e+00
1.984000e-05	-3.602557e-03	1.133742e+00
1.985000e-05	-4.373483e-03	8.812834e-01
1.986000e-05	-2.975142e-03	7.663911e-01
1.987000e-05	-4.390215e-03	5.784461e-01
1.988000e-05	-3.990249e-03	4.310518e-01
1.989000e-05	-4.293669e-03	2.911805e-01
1.990000e-05	-2.768850e-03	6.317948e-02
1.991000e-05	1.106292e-03	-8.418659e-02
1.992000e-05	2.653505e-03	-2.015539e-01
1.993000e-05	-5.992585e-04	-3.898947e-01
1.994000e-05	2.094813e-05	-5.067340e-01
1.995000e-05	-1.737758e-03	-7.062854e-01
1.996000e-05	-1.398029e-03	-8.410814e-01
1.997000e-05	-1.456920e-03	-9.679471e-01
1.998000e-05	5.530349e-03	-1.115792e+00
1.999000e-05	5.043507e-02	-1.284208e+00
2.000000e-05	3.924671e-02	-1.463261e+00
2.001000e-05	-5.422499e-02	-1.739825e+00
2.002000e-05	-3.846397e-02	-1.919471e+00
2.003000e-05	-8.950943e-02	-2.041559e+00
2.004000e-05	7.924413e-02	-2.084584e+00
2.005000e-05	6.630926e-02	-2.243501e+00
2.006000e-05	-1.382306e-01	-2.486711e+00
2.007000e-05	8.114705e-02	-2.580525e+00
2.008000e-05	3.844159e-02	-2.696184e+00
2.009000e-05	-1.647446e-01	-2.927788e+00
2.010000e-05	9.289566e-02	-3.114136e+00
2.011000e-05	4.237715e-02	-3.232556e+00
2.012000e-05	-1.092525e-01	-3.401501e+00
2.013000e-05	1.114129e-01	-3.514764e+00
2.014000e-05	-3.946096e-02	-3.673633e+00
2.015000e-05	-5.284871e-02	-3.912235e+00
2.016000e-05	8.382426e-02	-4.010550e+00
2.017000e-05	-9.361652e-02	-4.158396e+00
2.018000e-05	4.705791e-02	-4.313788e+00
2.019000e-05	3.703841e-02	-4.399925e+00
2.020000e-05	-8.730103e-02	-4.558398e+00
2.021000e-05	8.359817e-02	-4.747241e+00
2.022000e-05	-1.825427e-02	-4.894662e+00
2.023000e-05	-2.971314e-02	-5.031977e+00
2.024000e-05	1.183113e-02	-5.138292e+00
2.025000e-05	-2.481654e-02	-5.327288e+00
2.026000e-05	5.265504e-02	-5.466079e+00
2.027000e-05	-4.555365e-02	-5.620552e+00
2.028000e-05	9.323286e-03	-5.755845e+00
2.029000e-05	3.102720e-02	-5.842584e+00
2.030000e-05	-4.913395e-02	-5.970428e+00
2.031000e-05	1.801134e-02	-6.102103e+00
2.032000e-05	-1.769632e-02	-6.230001e+00
2.033000e-05	4.173358e-02	-6.329522e+00
2.034000e-05	-4.416601e-03	-6.472607e+00
2.035000e-05	-5.864493e-02	-6.577892e+00
2.036000e-05	3.964485e-02	-6.703209e+00
2.037000e-05	-3.124492e-03	-6.769397e+00
2.038000e-05	-2.325873e-03	-6.893608e+00
2.039000e-05	-1.744627e-02	-7.009945e+00
2.040000e-05	1.071227e-02	-7.145346e+00
2.041000e-05	2.034687e-02	-7.240577e+00
2.042000e-05	-4.030555e-02	-7.286691e+00
2.043000e-05	7.364784e-03	-7.389949e+00
2.044000e-05	8.610072e-03	-7.494187e+00
2.045000e-05	-7.501894e-05	-7.616444e+00
2.046000e-05	-1.755731e-02	-7.716185e+00
2.047000e-05	-2.541523e-03	-7.758977e+00
2.048000e-05	2.042556e-02	-7.956342e+00
2.049000e-05	-1.671224e-02	-8.041027e+00
2.050000e-05	-5.762368e-03	-8.081605e+00
2.051000e-05	2.221317e-03	-8.136312e+00
2.052000e-05	4.167961e-03	-8.198948e+00
2.053000e-05	-7.306591e-03	-8.283604e+00
2.054000e-05	-4.679551e-03	-8.345739e+00
2.055000e-05	4.946495e-03	-8.376398e+00
2.056000e-05	-8.348815e-03	-8.432027e+00
2.057000e-05	-4.615372e-03	-8.431606e+00
2.058000e-05	3.956782e-04	-8.483687e+00
2.059000e-05	1.758018e-03	-8.594794e+00
2.060000e-05	-2.973481e-03	-8.607075e+00
2.061000e-05	-4.300098e-03	-8.673609e+00
2.062000e-05	-2.129712e-03	-8.772737e+00
2.063000e-05	-5.814109e-03	-8.767344e+00
2.064000e-05	-2.245121e-03	-8.797896e+00
2.065000e-05	-1.782194e-04	-8.809478e+00
2.066000e-05	-3.848973e-03	-8.860574e+00
2.067000e-05	-5.377534e-03	-8.832580e+00
2.068000e-05	-1.308538e-03	-8.881609e+00
2.069000e-05	-2.099318e-03	-8.892553e+00
2.070000e-05	-5.302973e-03	-8.884657e+00
2.071000e-05	-3.120894e-03	-8.913188e+00
2.072000e-05	-1.350139e-03	-8.885688e+00
2.073000e-05	-2.978512e-03	-8.883635e+00
2.074000e-05	-4.902736e-03	-8.932711e+00
2.075000e-05	-3.739412e-03	-8.903761e+00
2.076000e-05	-3.243894e-03	-8.913710e+00
2.077000e-05	-3.164420e-03	-8.893733e+00
2.078000e-05	-3.242243e-03	-8.852705e+00
2.079000e-05	-9.285354e-04	-8.851081e+00
2.080000e-05	-2.759427e-03	-8.871658e+00
2.081000e-05	-5.697490e-03	-8.852074e+00
2.082000e-05	-5.169185e-03	-8.839520e+00
2.083000e-05	-3.192575e-03	-8.817924e+00
2.084000e-05	-1.416939e-03	-8.785865e+00
2.085000e-05	-2.671662e-03	-8.764640e+00
2.086000e-05	-3.378934e-03	-8.682662e+00
2.087000e-05	-3.349148e-03	-8.657973e+00
2.088000e-05	-2.524301e-03	-8.584838e+00
2.089000e-05	-3.875785e-03	-8.492156e+00
2.090000e-05	-4.586113e-03	-8.431052e+00
2.091000e-05	-2.922082e-03	-8.398949e+00
2.092000e-05	-2.791767e-03	-8.367337e+00
2.093000e-05	-4.188931e-03	-8.303157e+00
2.094000e-05	-4.503110e-03	-8.251549e+00
2.095000e-05	-2.463883e-03	-8.187395e+00
2.096000e-05	-3.325100e-03	-8.121209e+00
2.097000e-05	-3.880697e-03	-8.052106e+00
2.098000e-05	-3.578501e-03	-8.018969e+00
2.099000e-05	-3.796759e-03	-7.913186e+00
2.100000e-05	-4.629527e-03	-7.826467e+00
2.101000e-05	-4.381459e-03	-7.661184e+00
2.102000e-05	-2.905400e-03	-7.608416e+00
2.103000e-05	-3.427491e-03	-7.534133e+00
2.104000e-05	-4.113990e-03	-7.429501e+00
2.105000e-05	-3.033944e-03	-7.364840e+00
2.106000e-05	-2.484522e-03	-7.230579e+00
2.107000e-05	-3.615804e-03	-7.164815e+00
2.108000e-05	-4.609300e-03	-7.093099e+00
2.109000e-05	-3.553893e-03	-6.966212e+00
2.110000e-05	-4.299789e-03	-6.818580e+00
2.111000e-05	-3.774316e-03	-6.765865e+00
2.112000e-05	-2.961373e-03	-6.617977e+00
2.113000e-05	-3.105718e-03	-6.505186e+00
2.114000e-05	-4.641388e-03	-6.330977e+00
2.115000e-05	-4.282850e-03	-6.330709e+00
2.116000e-05	-3.546584e-03	-6.155188e+00
2.117000e-05	-3.190313e-03	-5.999000e+00
2.118000e-05	-4.418904e-03	-5.954286e+00
2.119000e-05	-4.533549e-03	-5.787944e+00
2.120000e-05	-4.217420e-03	-5.683080e+00
2.121000e-05	-4.826300e-03	-5.546914e+00
2.122000e-05	-4.512804e-03	-5.395445e+00
2.123000e-05	-3.174179e-03	-5.209427e+00
2.124000e-05	-4.119564e-03	-5.063084e+00
2.125000e-05	-5.151905e-03	-4.960238e+00
2.126000e-05	-4.791066e-03	-4.756158e+00
2.127000e-05	-4.221340e-03	-4.587472e+00
2.128000e-05	-4.709305e-03	-4.463637e+00
2.129000e-05	-4.121078e-03	-4.396391e+00
2.130000e-05	-4.348411e-03	-4.240602e+00
2.131000e-05	-5.052028e-03	-4.094261e+00
2.132000e-05	-4.669731e-03	-3.968896e+00
2.133000e-05	-3.955427e-03	-3.827348e+00
2.134000e-05	-4.387788e-03	-3.619103e+00
2.135000e-05	-4.103750e-03	-3.503709e+00
2.136000e-05	-4.997390e-03	-3.345890e+00
2.137000e-05	-4.111222e-03	-3.188475e+00
2.138000e-05	-4.428808e-03	-3.060180e+00
2.139000e-05	-3.913973e-03	-2.821103e+00
2.140000e-05	-4.914283e-03	-2.733816e+00
2.141000e-05	-4.978857e-03	-2.505865e+00
2.142000e-05	-5.042026e-03	-2.420024e+00
2.143000e-05	-4.410284e-03	-2.212478e+00
2.144000e-05	-4.154474e-03	-2.041178e+00
2.145000e-05	-5.111262e-03	-1.914286e+00
2.146000e-05	-4.503907e-03	-1.767341e+00
2.147000e-05	-5.017171e-03	-1.570500e+00
2.148000e-05	-3.584076e-03	-1.409546e+00
2.149000e-05	-4.627366e-03	-1.199499e+00
2.150000e-05	-4.656610e-03	-1.021604e+00
2.151000e-05	-5.528984e-03	-9.026817e-01
2.152000e-05	-5.379032e-03	-7.438884e-01
2.153000e-05	-4.837357e-03	-5.668124e-01
2.154000e-05	-3.638335e-03	-3.785211e-01
2.155000e-05	-4.355940e-03	-1.896003e-01
2.156000e-05	-2.848360e-03	-8.212796e-02
2.157000e-05	-3.859781e-04	4.466045e-02
2.158000e-05	7.582986e-04	2.236616e-01
2.159000e-05	-2.364481e-03	4.215762e-01
2.160000e-05	-1.948027e-04	5.387723e-01
2.161000e-05	-3.640446e-03	6.751918e-01
2.162000e-05	-2.584140e-03	8.315777e-01
2.163000e-05	-2.713896e-03	9.600246e-01
2.164000e-05	4.828818e-03	1.199475e+00
2.165000e-05	3.116779e-02	1.347896e+00
2.166000e-05	5.141197e-02	1.578977e+00
2.167000e-05	-2.288632e-02	1.784453e+00
2.168000e-05	-4.638561e-02	1.948396e+00
2.169000e-05	-6.308379e-02	2.076685e+00
2.170000e-05	-4.339124e-02	2.201025e+00
2.171000e-05	1.145120e-01	2.286214e+00
2.172000e-05	-1.518337e-02	2.462633e+00
2.173000e-05	-9.009782e-02	2.629423e+00
2.174000e-05	1.184893e-01	2.747397e+00
2.175000e-05	-5.594332e-02	2.939491e+00
2.176000e-05	-5.727489e-02	3.093584e+00
2.177000e-05	1.066020e-01	3.180944e+00
2.178000e-05	-4.675940e-02	3.370474e+00
2.179000e-05	-4.425743e-02	3.557443e+00
2.180000e-05	7.962611e-02	3.695162e+00
2.181000e-05	-5.780598e-02	3.833055e+00
2.182000e-05	1.553155e-03	3.988427e+00
2.183000e-05	1.844305e-02	4.129400e+00
2.184000e-05	-3.739990e-02	4.339295e+00
2.185000e-05	2.492825e-02	4.465135e+00
2.186000e-05	-4.580476e-03	4.600482e+00
2.187000e-05	-6.020234e-03	4.789420e+00
2.188000e-05	2.283518e-02	4.846212e+00
2.189000e-05	-1.022704e-02	5.156771e+00
2.190000e-05	-2.630575e-02	5.286132e+00
2.191000e-05	-3.087922e-03	5.400501e+00
2.192000e-05	2.428702e-02	5.558316e+00
2.193000e-05	-5.115160e-03	5.611602e+00
2.194000e-05	-1.650512e-02	5.787872e+00
2.195000e-05	1.103589e-02	5.936294e+00
2.196000e-05	-8.011334e-03	6.031657e+00
2.197000e-05	-1.308105e-03	6.197448e+00
2.198000e-05	-5.615406e-03	6.276109e+00
2.199000e-05	-2.195538e-03	6.378525e+00
2.200000e-05	1.774288e-02	6.491633e+00
2.201000e-05	-1.810153e-02	6.603032e+00
2.202000e-05	-1.299502e-02	6.779372e+00
2.203000e-05	8.730382e-03	6.861580e+00
2.204000e-05	8.210876e-03	6.895193e+00
2.205000e-05	-1.030718e-02	7.072029e+00
2.206000e-05	-7.404155e-03	7.146793e+00
2.207000e-05	1.403813e-02	7.212605e+00
2.208000e-05	-4.125567e-03	7.285640e+00
2.209000e-05	-1.481082e-02	7.421458e+00
2.210000e-05	-2.676376e-03	7.588924e+00
2.211000e-05	6.709320e-03	7.672111e+00
2.212000e-05	-2.343380e-03	7.746418e+00
2.213000e-05	-9.328040e-03	7.862029e+00
2.214000e-05	2.844152e-03	8.006668e+00
2.215000e-05	1.694100e-03	8.081135e+00
2.216000e-05	-6.877572e-03	8.127366e+00
2.217000e-05	-3.258396e-03	8.208502e+00
2.218000e-05	9.207711e-04	8.261656e+00
2.219000e-05	-2.271423e-03	8.334745e+00
2.220000e-05	-4.610169e-03	8.358448e+00
2.221000e-05	6.218116e-04	8.421002e+00
2.222000e-05	-4.024676e-04	8.483107e+00
2.223000e-05	-6.190254e-03	8.483686e+00
2.224000e-05	-1.917578e-03	8.557840e+00
2.225000e-05	1.021381e-03	8.600902e+00
2.226000e-05	-1.310721e-03	8.621050e+00
2.227000e-05	-3.254512e-03	8.612081e+00
2.228000e-05	-2.272656e-03	8.735186e+00
2.229000e-05	-2.122451e-03	8.734867e+00
2.230000e-05	-3.740653e-03	8.745795e+00
2.231000e-05	8.895465e-05	8.787296e+00
2.232000e-05	-1.283592e-03	8.809475e+00
2.233000e-05	-4.803766e-03	8.799453e+00
2.234000e-05	-3.998951e-03	8.831130e+00
2.235000e-05	-1.944226e-03	8.851105e+00
2.236000e-05	-1.502659e-03	8.832556e+00
2.237000e-05	-3.670162e-03	8.830584e+00
2.238000e-05	-2.873484e-03	8.862579e+00
2.239000e-05	-1.610992e-03	8.863184e+00
2.240000e-05	-1.670605e-03	8.862158e+00
2.241000e-05	-3.172145e-03	8.880632e+00
2.242000e-05	-2.962454e-03	8.872604e+00
2.243000e-05	-4.271570e-03	8.862132e+00
2.244000e-05	-3.024244e-03	8.820610e+00
2.245000e-05	-2.377329e-03	8.809531e+00
2.246000e-05	-1.738028e-03	8.799929e+00
2.247000e-05	-2.288058e-03	8.778024e+00
2.248000e-05	-3.487632e-03	8.769372e+00
2.249000e-05	-3.575855e-03	8.796295e+00
2.250000e-05	-2.822794e-03	8.754291e+00
2.251000e-05	-2.823027e-03	8.712236e+00
2.252000e-05	-2.400859e-03	8.659605e+00
2.253000e-05	-3.787781e-03	8.631125e+00
2.254000e-05	-3.708362e-03	8.556970e+00
2.255000e-05	-2.429689e-03	8.513763e+00
2.256000e-05	-3.031612e-03	8.473183e+00
2.257000e-05	-3.264748e-03	8.421030e+00
2.258000e-05	-2.930193e-03	8.398973e+00
2.259000e-05	-2.637309e-03	8.345245e+00
2.260000e-05	-3.574955e-03	8.320254e+00
2.261000e-05	-2.510212e-03	8.178451e+00
2.262000e-05	-1.920430e-03	8.114768e+00
2.263000e-05	-2.316674e-03	8.070978e+00
2.264000e-05	-2.705072e-03	7.999419e+00
2.265000e-05	-3.084351e-03	7.922159e+00
2.266000e-05	-2.560634e-03	7.800500e+00
2.267000e-05	-2.857171e-03	7.754767e+00
2.268000e-05	-2.214060e-03	7.653057e+00
2.269000e-05	-2.480663e-03	7.597875e+00
2.270000e-05	-3.459047e-03	7.480733e+00
2.271000e-05	-3.151487e-03	7.314785e+00
2.272000e-05	-2.187550e-03	7.239532e+00
2.273000e-05	-2.687495e-03	7.115337e+00
2.274000e-05	-4.284437e-03	7.029557e+00
2.275000e-05	-3.067922e-03	6.965866e+00
2.276000e-05	-2.432534e-03	6.843106e+00
2.277000e-05	-2.398977e-03	6.776867e+00
2.278000e-05	-2.444823e-03	6.648998e+00
2.279000e-05	-3.127864e-03	6.491686e+00
2.280000e-05	-3.057075e-03	6.389051e+00
2.281000e-05	-3.605687e-03	6.302709e+00
2.282000e-05	-3.133399e-03	6.176445e+00
2.283000e-05	-3.779457e-03	6.032680e+00
2.284000e-05	-3.062832e-03	5.967397e+00
2.285000e-05	-4.264913e-03	5.788050e+00
2.286000e-05	-2.558082e-03	5.629531e+00
2.287000e-05	-3.484373e-03	5.504812e+00
2.288000e-05	-2.559233e-03	5.406499e+00
2.289000e-05	-3.372951e-03	5.240079e+00
2.290000e-05	-3.980945e-03	5.108655e+00
2.291000e-05	-4.073132e-03	4.884189e+00
2.292000e-05	-2.740434e-03	4.765900e+00
2.293000e-05	-3.784203e-03	4.658051e+00
2.294000e-05	-3.899697e-03	4.511187e+00
2.295000e-05	-3.697731e-03	4.346996e+00
2.296000e-05	-3.184133e-03	4.230048e+00
2.297000e-05	-3.593398e-03	4.040558e+00
2.298000e-05	-2.894187e-03	3.924735e+00
2.299000e-05	-3.274673e-03	3.757916e+00
2.300000e-05	-3.447421e-03	3.630582e+00
2.301000e-05	-3.394476e-03	3.512308e+00
2.302000e-05	-4.449902e-03	3.292212e+00
2.303000e-05	-3.164935e-03	3.175892e+00
2.304000e-05	-3.666733e-03	3.009498e+00
2.305000e-05	-3.912387e-03	2.891707e+00
2.306000e-05	-3.319111e-03	2.726340e+00
2.307000e-05	-1.888136e-03	2.544362e+00
2.308000e-05	-3.989048e-03	2.356945e+00
2.309000e-05	-3.778788e-03	2.198500e+00
2.310000e-05	-4.078613e-03	2.071633e+00
2.311000e-05	-3.659362e-03	1.934865e+00
2.312000e-05	-4.499436e-03	1.806343e+00
2.313000e-05	-3.817008e-03	1.544949e+00
2.314000e-05	-3.284394e-03	1.379055e+00
2.315000e-05	-3.085265e-03	1.241099e+00
2.316000e-05	-3.448511e-03	1.041574e+00
2.317000e-05	-4.295790e-03	8.716314e-01
2.318000e-05	-2.568497e-03	7.027618e-01
2.319000e-05	-3.986871e-03	5.253886e-01
2.320000e-05	-3.081730e-03	3.574938e-01
2.321000e-05	-4.882208e-03	2.201228e-01
2.322000e-05	-2.191235e-03	1.950021e-02
2.323000e-05	1.393696e-03	-1.182882e-01
2.324000e-05	2.170634e-03	-3.056866e-01
2.325000e-05	-1.874491e-03	-4.230000e-01
2.326000e-05	-2.096889e-04	-5.877960e-01
2.327000e-05	-2.252574e-03	-7.593920e-01
2.328000e-05	-6.323516e-04	-9.041605e-01
2.329000e-05	-1.418865e-03	-1.013026e+00
2.330000e-05	1.624658e-02	-1.168871e+00
2.331000e-05	6.325977e-02	-1.328268e+00
2.332000e-05	9.554771e-04	-1.611975e+00
2.333000e-05	-5.234037e-02	-1.824608e+00
2.334000e-05	-5.778355e-02	-2.031000e+00
2.335000e-05	-5.504038e-02	-2.074155e+00
2.336000e-05	1.329956e-01	-2.093617e+00
2.337000e-05	-4.033780e-02	-2.306740e+00
2.338000e-05	-9.649364e-02	-2.538345e+00
2.339000e-05	1.533255e-01	-2.630575e+00
2.340000e-05	-6.491532e-02	-2.720867e+00
2.341000e-05	-8.588588e-02	-2.981319e+00
2.342000e-05	1.442843e-01	-3.159865e+00
2.343000e-05	-5.661118e-02	-3.285209e+00
2.344000e-05	-4.197577e-02	-3.453032e+00
2.345000e-05	1.082779e-01	-3.566767e+00
2.346000e-05	-1.084694e-01	-3.729218e+00
2.347000e-05	3.920006e-02	-3.937817e+00
2.348000e-05	2.546323e-02	-4.042683e+00
2.349000e-05	-8.431101e-02	-4.223002e+00
2.350000e-05	9.807926e-02	-4.326313e+00
2.351000e-05	-4.221232e-02	-4.423579e+00
2.352000e-05	-3.190393e-02	-4.624060e+00
2.353000e-05	8.069242e-02	-4.778946e+00
2.354000e-05	-5.548602e-02	-4.906919e+00
2.355000e-05	9.955656e-03	-5.093630e+00
2.356000e-05	-1.608507e-02	-5.211001e+00
2.357000e-05	6.145171e-03	-5.420963e+00
2.358000e-05	3.209246e-02	-5.535342e+00
2.359000e-05	-5.707371e-02	-5.664138e+00
2.360000e-05	4.914814e-02	-5.779471e+00
2.361000e-05	-1.313796e-02	-5.907267e+00
2.362000e-05	-2.511762e-02	-5.990478e+00
2.363000e-05	1.287804e-02	-6.115584e+00
2.364000e-05	-1.287955e-02	-6.265534e+00
2.365000e-05	5.511084e-02	-6.379472e+00
2.366000e-05	-4.942955e-02	-6.486663e+00
2.367000e-05	-1.986775e-02	-6.601455e+00
2.368000e-05	3.424268e-02	-6.705792e+00
2.369000e-05	-1.308614e-02	-6.799445e+00
2.370000e-05	1.114106e-03	-6.864738e+00
2.371000e-05	-2.002731e-02	-7.040684e+00
2.372000e-05	3.217681e-02	-7.179447e+00
2.373000e-05	-8.851590e-03	-7.272555e+00
2.374000e-05	-3.026771e-02	-7.386265e+00
2.375000e-05	1.647605e-02	-7.400077e+00
2.376000e-05	2.339086e-03	-7.564713e+00
2.377000e-05	-2.674676e-03	-7.661949e+00
2.378000e-05	-2.131417e-02	-7.737734e+00
2.379000e-05	1.442131e-02	-7.812684e+00
2.380000e-05	7.795345e-03	-7.968868e+00
2.381000e-05	-1.897415e-02	-8.041058e+00
2.382000e-05	-3.265799e-04	-8.073085e+00
2.383000e-05	2.929392e-03	-8.159317e+00
2.384000e-05	2.219217e-03	-8.240401e+00
2.385000e-05	-1.114626e-02	-8.263639e+00
2.386000e-05	6.169236e-04	-8.357792e+00
2.387000e-05	2.172355e-03	-8.378473e+00
2.388000e-05	-9.897923e-03	-8.421526e+00
2.389000e-05	-2.112505e-03	-8.472108e+00
2.390000e-05	9.707831e-04	-8.545712e+00
2.391000e-05	1.337050e-03	-8.597268e+00
2.392000e-05	-4.271087e-03	-8.621102e+00
2.393000e-05	-2.987591e-03	-8.711186e+00
2.394000e-05	-3.652065e-03	-8.768815e+00
2.395000e-05	-5.377482e-03	-8.776395e+00
2.396000e-05	-1.767564e-03	-8.799395e+00
2.397000e-05	-1.566058e-03	-8.829525e+00
2.398000e-05	-4.527620e-03	-8.811454e+00
2.399000e-05	-3.984840e-03	-8.852079e+00
2.400000e-05	-1.190674e-03	-8.872129e+00
2.401000e-05	-2.913829e-03	-8.881628e+00
2.402000e-05	-5.729449e-03	-8.893159e+00
2.403000e-05	-2.941351e-03	-8.893160e+00
2.404000e-05	-1.498214e-03	-8.935664e+00
2.405000e-05	-3.584669e-03	-8.904732e+00
2.406000e-05	-4.659005e-03	-8.933166e+00
2.407000e-05	-3.437955e-03	-8.894218e+00
2.408000e-05	-2.565655e-03	-8.872187e+00
2.409000e-05	-4.145669e-03	-8.892605e+00
2.410000e-05	-2.207237e-03	-8.863133e+00
2.411000e-05	-2.601238e-03	-8.880605e+00
2.412000e-05	-4.782724e-03	-8.832127e+00
2.413000e-05	-4.379955e-03	-8.829527e+00
2.414000e-05	-3.053420e-03	-8.819523e+00
2.415000e-05	-2.215827e-03	-8.778897e+00
2.416000e-05	-3.606339e-03	-8.724267e+00
2.417000e-05	-3.067404e-03	-8.724712e+00
2.418000e-05	-3.260652e-03	-8.722109e+00
2.419000e-05	-2.793668e-03	-8.618445e+00
2.420000e-05	-2.756353e-03	-8.555186e+00
2.421000e-05	-4.926314e-03	-8.471610e+00
2.422000e-05	-4.821711e-03	-8.429979e+00
2.423000e-05	-2.841558e-03	-8.399369e+00
2.424000e-05	-2.677563e-03	-8.324238e+00
2.425000e-05	-2.709958e-03	-8.291182e+00
2.426000e-05	-3.906788e-03	-8.190473e+00
2.427000e-05	-3.563673e-03	-8.148845e+00
2.428000e-05	-4.099537e-03	-8.093182e+00
2.429000e-05	-4.793897e-03	-8.051505e+00
2.430000e-05	-4.422359e-03	-7.948867e+00
2.431000e-05	-4.800201e-03	-7.911113e+00
2.432000e-05	-4.339340e-03	-7.775817e+00
2.433000e-05	-3.328188e-03	-7.620631e+00
2.434000e-05	-3.083459e-03	-7.578393e+00
2.435000e-05	-3.497026e-03	-7.463133e+00
2.436000e-05	-3.402749e-03	-7.396345e+00
2.437000e-05	-3.446481e-03	-7.274181e+00
2.438000e-05	-3.402948e-03	-7.228949e+00
2.439000e-05	-4.716780e-03	-7.135814e+00
2.440000e-05	-4.312946e-03	-7.007270e+00
2.441000e-05	-3.920733e-03	-6.883109e+00
2.442000e-05	-4.121566e-03	-6.787398e+00
2.443000e-05	-4.291925e-03	-6.690160e+00
2.444000e-05	-3.033498e-03	-6.597420e+00
2.445000e-05	-2.707262e-03	-6.472657e+00
2.446000e-05	-3.884956e-03	-6.396396e+00
2.447000e-05	-3.721903e-03	-6.280527e+00
2.448000e-05	-2.906698e-03	-6.073684e+00
2.449000e-05	-5.127187e-03	-5.967376e+00
2.450000e-05	-5.764739e-03	-5.873108e+00
2.451000e-05	-3.758398e-03	-5.764312e+00
2.452000e-05	-5.115314e-03	-5.610601e+00
2.453000e-05	-5.154369e-03	-5.483159e+00
2.454000e-05	-2.899200e-03	-5.294186e+00
2.455000e-05	-3.808174e-03	-5.165366e+00
2.456000e-05	-3.242677e-03	-4.999420e+00
2.457000e-05	-3.807826e-03	-4.778474e+00
2.458000e-05	-4.178534e-03	-4.603158e+00
2.459000e-05	-4.009844e-03	-4.545810e+00
2.460000e-05	-6.657371e-03	-4.441050e+00
2.461000e-05	-4.542555e-03	-4.344687e+00
2.462000e-05	-5.732186e-03	-4.176969e+00
2.463000e-05	-5.131405e-03	-4.089003e+00
2.464000e-05	-4.410572e-03	-3.914864e+00
2.465000e-05	-3.908329e-03	-3.733216e+00
2.466000e-05	-2.378934e-03	-3.598893e+00
2.467000e-05	-4.284156e-03	-3.470580e+00
2.468000e-05	-4.674592e-03	-3.323683e+00
2.469000e-05	-4.312559e-03	-3.158340e+00
2.470000e-05	-4.437379e-03	-2.966245e+00
2.471000e-05	-4.605276e-03	-2.789025e+00
2.472000e-05	-5.851765e-03	-2.670581e+00
2.473000e-05	-4.756399e-03	-2.502236e+00
2.474000e-05	-4.333366e-03	-2.387914e+00
2.475000e-05	-4.685304e-03	-2.157846e+00
2.476000e-05	-3.735996e-03	-1.999024e+00
2.477000e-05	-3.073393e-03	-1.840254e+00
2.478000e-05	-3.937172e-03	-1.692761e+00
2.479000e-05	-5.370466e-03	-1.516867e+00
2.480000e-05	-4.665509e-03	-1.305238e+00
2.481000e-05	-3.808769e-03	-1.155347e+00
2.482000e-05	-4.676052e-03	-9.873476e-01
2.483000e-05	-5.212397e-03	-8.090989e-01
2.484000e-05	-4.490012e-03	-6.822567e-01
2.485000e-05	-3.296478e-03	-5.026315e-01
2.486000e-05	-3.711926e-03	-3.564121e-01
2.487000e-05	-4.425317e-03	-2.116001e-01
2.488000e-05	-2.335994e-03	3.155151e-02
2.489000e-05	1.269307e-03	1.593458e-01
2.490000e-05	-9.963739e-04	3.074170e-01
2.491000e-05	-1.933536e-03	4.526841e-01
2.492000e-05	-2.171042e-04	6.115787e-01
2.493000e-05	-2.831861e-03	7.398972e-01
2.494000e-05	-2.891705e-03	8.841105e-01
2.495000e-05	-1.710871e-03	1.065216e+00
2.496000e-05	1.099521e-02	1.263081e+00
2.497000e-05	4.556955e-02	1.413532e+00
2.498000e-05	3.171693e-02	1.655690e+00
2.499000e-05	-4.388128e-02	1.862658e+00
2.500000e-05	-4.209661e-02	2.000952e+00
2.501000e-05	-7.294350e-02	2.116366e+00
2.502000e-05	1.531100e-02	2.231053e+00
2.503000e-05	1.132928e-01	2.339371e+00
2.504000e-05	-9.788237e-02	2.526683e+00
2.505000e-05	-4.569114e-03	2.622061e+00
2.506000e-05	9.833513e-02	2.811105e+00
2.507000e-05	-1.148833e-01	3.009501e+00
2.508000e-05	2.348330e-02	3.096243e+00
2.509000e-05	8.200506e-02	3.262585e+00
2.510000e-05	-9.522219e-02	3.474104e+00
2.511000e-05	2.921510e-02	3.599526e+00
2.512000e-05	3.727828e-02	3.715322e+00
2.513000e-05	-6.374153e-02	3.904719e+00
2.514000e-05	3.338485e-02	4.092604e+00
2.515000e-05	-1.514761e-02	4.241532e+00
2.516000e-05	-2.070376e-02	4.349899e+00
2.517000e-05	2.441061e-02	4.506243e+00
2.518000e-05	-1.651132e-02	4.664158e+00
2.519000e-05	9.533506e-03	4.779524e+00
2.520000e-05	1.577734e-02	4.988875e+00
2.521000e-05	-2.142097e-02	5.189351e+00
2.522000e-05	-2.045145e-02	5.327351e+00
2.523000e-05	8.534289e-03	5.470679e+00
2.524000e-05	2.123900e-02	5.569924e+00
2.525000e-05	-1.998261e-02	5.663610e+00
2.526000e-05	-3.774505e-03	5.829184e+00
2.527000e-05	3.158949e-03	5.959397e+00
2.528000e-05	-9.198448e-03	6.075712e+00
2.529000e-05	1.893753e-03	6.200555e+00
2.530000e-05	-8.471755e-03	6.316266e+00
2.531000e-05	1.085574e-02	6.409550e+00
2.532000e-05	6.913693e-03	6.514814e+00
2.533000e-05	-2.228919e-02	6.715113e+00
2.534000e-05	-5.123604e-03	6.798975e+00
2.535000e-05	1.101372e-02	6.863158e+00
2.536000e-05	1.328873e-03	6.978898e+00
2.537000e-05	-1.431705e-02	7.074135e+00
2.538000e-05	8.936714e-04	7.218472e+00
2.539000e-05	1.085436e-02	7.221582e+00
2.540000e-05	-1.014963e-02	7.345817e+00
2.541000e-05	-1.034336e-02	7.526113e+00
2.542000e-05	3.423509e-03	7.608477e+00
2.543000e-05	4.085755e-03	7.694163e+00
2.544000e-05	-7.675366e-03	7.797923e+00
2.545000e-05	-6.672389e-03	7.903661e+00
2.546000e-05	4.971722e-03	8.018553e+00
2.547000e-05	-3.208808e-03	8.082639e+00
2.548000e-05	-5.599635e-03	8.198397e+00
2.549000e-05	-5.670182e-04	8.251003e+00
2.550000e-05	8.112331e-04	8.235183e+00
2.551000e-05	-4.578828e-03	8.347815e+00
2.552000e-05	-3.284309e-03	8.419973e+00
2.553000e-05	9.856963e-04	8.431507e+00
2.554000e-05	-3.867301e-03	8.472660e+00
2.555000e-05	-5.448246e-03	8.554241e+00
2.556000e-05	-1.047957e-03	8.547418e+00
2.557000e-05	3.472495e-04	8.609975e+00
2.558000e-05	-1.600311e-03	8.649680e+00
2.559000e-05	-2.251816e-03	8.682612e+00
2.560000e-05	-2.780011e-03	8.774716e+00
2.561000e-05	-4.089727e-03	8.763866e+00
2.562000e-05	-2.984446e-03	8.755399e+00
2.563000e-05	-1.892755e-04	8.817924e+00
2.564000e-05	-2.232862e-03	8.820450e+00
2.565000e-05	-4.933570e-03	8.799053e+00
2.566000e-05	-3.687333e-03	8.851105e+00
2.567000e-05	-6.642838e-04	8.850532e+00
2.568000e-05	-1.687385e-03	8.862055e+00
2.569000e-05	-3.947836e-03	8.840608e+00
2.570000e-05	-1.451053e-03	8.841103e+00
2.571000e-05	-1.708738e-03	8.883633e+00
2.572000e-05	-2.599435e-03	8.882633e+00
2.573000e-05	-3.539259e-03	8.831089e+00
2.574000e-05	-2.966682e-03	8.882183e+00
2.575000e-05	-2.761405e-03	8.882108e+00
2.576000e-05	-3.438769e-03	8.850082e+00
2.577000e-05	-2.415380e-03	8.810552e+00
2.578000e-05	-2.507150e-03	8.817998e+00
2.579000e-05	-3.602184e-03	8.809024e+00
2.580000e-05	-3.042409e-03	8.796320e+00
2.581000e-05	-3.452623e-03	8.745360e+00
2.582000e-05	-2.701778e-03	8.713243e+00
2.583000e-05	-2.902144e-03	8.711207e+00
2.584000e-05	-3.351427e-03	8.702102e+00
2.585000e-05	-3.074966e-03	8.598473e+00
2.586000e-05	-2.522556e-03	8.565770e+00
2.587000e-05	-3.457631e-03	8.522263e+00
2.588000e-05	-3.588007e-03	8.452113e+00
2.589000e-05	-4.128959e-03	8.422078e+00
2.590000e-05	-1.741734e-03	8.379922e+00
2.591000e-05	-2.125844e-03	8.314765e+00
2.592000e-05	-3.348693e-03	8.249528e+00
2.593000e-05	-3.849064e-03	8.186944e+00
2.594000e-05	-2.943090e-03	8.093684e+00
2.595000e-05	-3.904955e-03	8.060479e+00
2.596000e-05	-4.123198e-03	7.946317e+00
2.597000e-05	-2.278672e-03	7.850082e+00
2.598000e-05	-3.111888e-03	7.767924e+00
2.599000e-05	-4.004387e-03	7.702756e+00
2.600000e-05	-2.505278e-03	7.641579e+00
2.601000e-05	-3.565701e-03	7.575382e+00
2.602000e-05	-2.279917e-03	7.408073e+00
2.603000e-05	-2.975496e-03	7.273631e+00
2.604000e-05	-1.806030e-03	7.218001e+00
2.605000e-05	-3.491560e-03	7.123187e+00
2.606000e-05	-3.837777e-03	7.019500e+00
2.607000e-05	-3.634657e-03	6.934212e+00
2.608000e-05	-2.646321e-03	6.829979e+00
2.609000e-05	-2.987238e-03	6.762867e+00
2.610000e-05	-3.051814e-03	6.596398e+00
2.611000e-05	-2.358657e-03	6.441075e+00
2.612000e-05	-2.741318e-03	6.356395e+00
2.613000e-05	-3.569639e-03	6.239606e+00
2.614000e-05	-3.487627e-03	6.114237e+00
2.615000e-05	-3.389485e-03	6.029528e+00
2.616000e-05	-3.984981e-03	5.912313e+00
2.617000e-05	-3.364598e-03	5.754916e+00
2.618000e-05	-1.776040e-03	5.597024e+00
2.619000e-05	-2.194659e-03	5.462155e+00
2.620000e-05	-2.704862e-03	5.334392e+00
2.621000e-05	-3.877638e-03	5.207002e+00
2.622000e-05	-2.865616e-03	4.986950e+00
2.623000e-05	-3.487962e-03	4.850158e+00
2.624000e-05	-3.249612e-03	4.724711e+00
2.625000e-05	-3.603473e-03	4.576395e+00
2.626000e-05	-3.879438e-03	4.431129e+00
2.627000e-05	-3.899937e-03	4.345211e+00
2.628000e-05	-3.298995e-03	4.124340e+00
2.629000e-05	-3.899436e-03	4.027924e+00
2.630000e-05	-3.095073e-03	3.881155e+00
2.631000e-05	-2.778823e-03	3.714136e+00
2.632000e-05	-2.969138e-03	3.598524e+00
2.633000e-05	-3.688825e-03	3.440149e+00
2.634000e-05	-3.964932e-03	3.251060e+00
2.635000e-05	-4.088669e-03	3.114288e+00
2.636000e-05	-4.023872e-03	2.965894e+00
2.637000e-05	-4.014301e-03	2.810078e+00
2.638000e-05	-2.945039e-03	2.670157e+00
2.639000e-05	-3.389346e-03	2.402181e+00
2.640000e-05	-3.399661e-03	2.294213e+00
2.641000e-05	-3.498451e-03	2.126469e+00
2.642000e-05	-3.588223e-03	2.000051e+00
2.643000e-05	-3.464518e-03	1.890182e+00
2.644000e-05	-4.173899e-03	1.733733e+00
2.645000e-05	-3.380427e-03	1.513313e+00
2.646000e-05	-4.223775e-03	1.324313e+00
2.647000e-05	-3.400037e-03	1.189471e+00
2.648000e-05	-4.195498e-03	1.028995e+00
2.649000e-05	-3.644161e-03	7.574513e-01
2.650000e-05	-3.693435e-03	6.211017e-01
2.651000e-05	-2.779748e-03	4.911819e-01
2.652000e-05	-3.258646e-03	3.653646e-01
2.653000e-05	-3.278213e-03	1.148384e-01
2.654000e-05	-1.923239e-03	-5.253150e-02
2.655000e-05	3.010251e-03	-1.899734e-01
2.656000e-05	-4.403181e-04	-3.467631e-01
2.657000e-05	-5.669699e-04	-4.436852e-01
2.658000e-05	-7.876530e-04	-5.636065e-01
2.659000e-05	-1.369211e-03	-8.010762e-01
2.660000e-05	-1.202674e-03	-9.072969e-01
2.661000e-05	1.735812e-03	-1.044109e+00
2.662000e-05	3.422573e-02	-1.202003e+00
2.663000e-05	5.804765e-02	-1.454151e+00
2.664000e-05	-3.842579e-02	-1.716656e+00
2.665000e-05	-4.023617e-02	-1.917789e+00
2.666000e-05	-8.402666e-02	-2.041051e+00
2.667000e-05	1.737345e-02	-2.102708e+00
2.668000e-05	1.228127e-01	-2.087745e+00
2.669000e-05	-1.232366e-01	-2.412580e+00
2.670000e-05	-5.576994e-03	-2.569476e+00
2.671000e-05	1.193564e-01	-2.644583e+00
2.672000e-05	-1.559564e-01	-2.834480e+00
2.673000e-05	1.835488e-02	-3.053215e+00
2.674000e-05	1.116140e-01	-3.209974e+00
2.675000e-05	-1.171470e-01	-3.327868e+00
2.676000e-05	5.580587e-02	-3.485137e+00
2.677000e-05	3.347820e-02	-3.590424e+00
2.678000e-05	-1.041500e-01	-3.842927e+00
2.679000e-05	9.165453e-02	-3.959947e+00
2.680000e-05	-5.577463e-02	-4.137772e+00
2.681000e-05	-1.782661e-02	-4.293160e+00
2.682000e-05	8.664698e-02	-4.378344e+00
2.683000e-05	-9.151907e-02	-4.526163e+00
2.684000e-05	4.262853e-02	-4.684211e+00
2.685000e-05	2.959600e-02	-4.801050e+00
2.686000e-05	-5.341395e-02	-4.988950e+00
2.687000e-05	2.226810e-02	-5.138141e+00
2.688000e-05	-3.246245e-02	-5.264105e+00
2.689000e-05	4.160635e-02	-5.442078e+00
2.690000e-05	-1.192397e-02	-5.607973e+00
2.691000e-05	-2.938015e-02	-5.715734e+00
2.692000e-05	5.388027e-02	-5.831027e+00
2.693000e-05	-4.488627e-02	-5.958895e+00
2.694000e-05	3.991920e-03	-6.050529e+00
2.695000e-05	-7.858782e-03	-6.190813e+00
2.696000e-05	1.598259e-02	-6.365884e+00
2.697000e-05	3.411970e-02	-6.431556e+00
2.698000e-05	-7.049032e-02	-6.516768e+00
2.699000e-05	2.086735e-02	-6.652107e+00
2.700000e-05	1.442144e-02	-6.758824e+00
2.701000e-05	-7.030435e-03	-6.821500e+00
2.702000e-05	-8.293935e-03	-6.937292e+00
2.703000e-05	-8.175116e-03	-7.135239e+00
2.704000e-05	3.500263e-02	-7.210426e+00
2.705000e-05	-3.348167e-02	-7.314086e+00
2.706000e-05	-9.865315e-03	-7.380948e+00
2.707000e-05	1.321997e-02	-7.492609e+00
2.708000e-05	1.697504e-03	-7.558870e+00
2.709000e-05	-1.060172e-02	-7.651604e+00
2.710000e-05	-1.517532e-02	-7.809376e+00
2.711000e-05	2.362802e-02	-7.913737e+00
2.712000e-05	-6.779723e-03	-7.979496e+00
2.713000e-05	-1.260019e-02	-8.041104e+00
2.714000e-05	2.866761e-04	-8.134288e+00
2.715000e-05	3.750336e-03	-8.176945e+00
2.716000e-05	-2.929130e-03	-8.251576e+00
2.717000e-05	-9.654984e-03	-8.314713e+00
2.718000e-05	6.148378e-03	-8.338349e+00
2.719000e-05	-4.538140e-03	-8.410474e+00
2.720000e-05	-8.398626e-03	-8.441054e+00
2.721000e-05	8.432396e-06	-8.502657e+00
2.722000e-05	2.197881e-03	-8.566770e+00
2.723000e-05	-1.593920e-03	-8.637276e+00
2.724000e-05	-4.877609e-03	-8.713730e+00
2.725000e-05	-1.985246e-03	-8.726263e+00
2.726000e-05	-4.342244e-03	-8.746370e+00
2.727000e-05	-3.486685e-03	-8.778372e+00
2.728000e-05	-5.794512e-04	-8.788975e+00
2.729000e-05	-3.483577e-03	-8.830504e+00
2.730000e-05	-6.088965e-03	-8.841554e+00
2.731000e-05	-1.707867e-03	-8.852079e+00
2.732000e-05	3.707320e-05	-8.872608e+00
2.733000e-05	-3.856261e-03	-8.891634e+00
2.734000e-05	-5.698364e-03	-8.862709e+00
2.735000e-05	-1.232752e-03	-8.905264e+00
2.736000e-05	-4.008116e-03	-8.971735e+00
2.737000e-05	-3.516508e-03	-8.903688e+00
2.738000e-05	-4.465255e-03	-8.914188e+00
2.739000e-05	-6.178862e-04	-8.913712e+00
2.740000e-05	-3.250308e-03	-8.883634e+00
2.741000e-05	-3.162050e-03	-8.883206e+00
2.742000e-05	-2.497015e-03	-8.911158e+00
2.743000e-05	-2.696335e-03	-8.812107e+00
2.744000e-05	-4.682628e-03	-8.821531e+00
2.745000e-05	-5.085494e-03	-8.840025e+00
2.746000e-05	-2.943328e-03	-8.779025e+00
2.747000e-05	-1.584175e-03	-8.777322e+00
2.748000e-05	-3.278143e-03	-8.725394e+00
2.749000e-05	-2.812984e-03	-8.713585e+00
2.750000e-05	-3.402511e-03	-8.659527e+00
2.751000e-05	-2.036746e-03	-8.595895e+00
2.752000e-05	-3.884195e-03	-8.513234e+00
2.753000e-05	-4.887412e-03	-8.500656e+00
2.754000e-05	-3.524427e-03	-8.409449e+00
2.755000e-05	-3.008024e-03	-8.388398e+00
2.756000e-05	-3.496517e-03	-8.323708e+00
2.757000e-05	-4.853740e-03	-8.264005e+00
2.758000e-05	-4.008464e-03	-8.217949e+00
2.759000e-05	-3.688753e-03	-8.124260e+00
2.760000e-05	-3.910076e-03	-8.072582e+00
2.761000e-05	-3.564186e-03	-7.990454e+00
2.762000e-05	-2.847994e-03	-7.974838e+00
2.763000e-05	-4.136323e-03	-7.820454e+00
2.764000e-05	-4.585732e-03	-7.724287e+00
2.765000e-05	-4.229369e-03	-7.628955e+00
2.766000e-05	-3.335249e-03	-7.535713e+00
2.767000e-05	-4.490712e-03	-7.421551e+00
2.768000e-05	-3.262798e-03	-7.336792e+00
2.769000e-05	-3.315399e-03	-7.293650e+00
2.770000e-05	-3.626281e-03	-7.198471e+00
2.771000e-05	-4.581037e-03	-7.093286e+00
2.772000e-05	-3.429391e-03	-6.994821e+00
2.773000e-05	-3.988337e-03	-6.851604e+00
2.774000e-05	-4.367863e-03	-6.755867e+00
2.775000e-05	-3.933369e-03	-6.651503e+00
2.776000e-05	-3.774067e-03	-6.565363e+00
2.777000e-05	-4.435027e-03	-6.439578e+00
2.778000e-05	-4.785742e-03	-6.375789e+00
2.779000e-05	-3.262262e-03	-6.205919e+00
2.780000e-05	-3.297198e-03	-6.060081e+00
2.781000e-05	-5.256892e-03	-5.965315e+00
2.782000e-05	-4.347174e-03	-5.798528e+00
2.783000e-05	-3.961184e-03	-5.694579e+00
2.784000e-05	-4.210336e-03	-5.595942e+00
2.785000e-05	-4.726017e-03	-5.438479e+00
2.786000e-05	-3.910088e-03	-5.251029e+00
2.787000e-05	-4.049800e-03	-5.123158e+00
2.788000e-05	-4.562871e-03	-4.946894e+00
2.789000e-05	-4.805585e-03	-4.736912e+00
2.790000e-05	-3.988951e-03	-4.590524e+00
2.791000e-05	-4.999495e-03	-4.503734e+00
2.792000e-05	-4.523278e-03	-4.408946e+00
2.793000e-05	-4.891020e-03	-4.252186e+00
2.794000e-05	-3.746831e-03	-4.123716e+00
2.795000e-05	-5.101583e-03	-4.007951e+00
2.796000e-05	-4.390205e-03	-3.862157e+00
2.797000e-05	-4.184508e-03	-3.672033e+00
2.798000e-05	-4.221688e-03	-3.534786e+00
2.799000e-05	-4.717372e-03	-3.407917e+00
2.800000e-05	-4.408998e-03	-3.251077e+00
2.801000e-05	-3.764038e-03	-3.093712e+00
2.802000e-05	-3.885167e-03	-2.933733e+00
2.803000e-05	-4.071687e-03	-2.756395e+00
2.804000e-05	-3.972127e-03	-2.630374e+00
2.805000e-05	-4.795371e-03	-2.438679e+00
2.806000e-05	-5.243317e-03	-2.304188e+00
2.807000e-05	-4.508953e-03	-2.123707e+00
2.808000e-05	-3.740591e-03	-1.947316e+00
2.809000e-05	-4.158060e-03	-1.819471e+00
2.810000e-05	-3.713831e-03	-1.651084e+00
2.811000e-05	-4.410996e-03	-1.492610e+00
2.812000e-05	-3.941593e-03	-1.230605e+00
2.813000e-05	-3.703471e-03	-1.113713e+00
2.814000e-05	-4.557570e-03	-9.337659e-01
2.815000e-05	-5.241655e-03	-7.599200e-01
2.816000e-05	-5.858158e-03	-6.190264e-01
2.817000e-05	-4.824739e-03	-3.990517e-01
2.818000e-05	-3.911279e-03	-2.631593e-01
2.819000e-05	-4.199296e-03	-8.576322e-02
2.820000e-05	-8.302796e-04	2.307875e-02
2.821000e-05	1.269953e-03	1.621302e-01
2.822000e-05	-9.213139e-04	3.899749e-01
2.823000e-05	-1.014726e-03	4.763132e-01
2.824000e-05	-2.197604e-03	6.615617e-01
2.825000e-05	-3.150757e-03	8.209724e-01
2.826000e-05	-3.164711e-03	9.088720e-01
2.827000e-05	1.466192e-03	1.135370e+00
2.828000e-05	2.012910e-02	1.296187e+00
2.829000e-05	5.391579e-02	1.484787e+00
2.830000e-05	1.046898e-03	1.787447e+00
2.831000e-05	-4.956999e-02	1.924818e+00
2.832000e-05	-5.078931e-02	2.062629e+00
2.833000e-05	-6.641675e-02	2.158470e+00
2.834000e-05	8.016690e-02	2.285190e+00
2.835000e-05	5.727022e-02	2.420607e+00
2.836000e-05	-1.233598e-01	2.537887e+00
2.837000e-05	8.326376e-02	2.706289e+00
2.838000e-05	1.379979e-02	2.915715e+00
2.839000e-05	-1.052879e-01	3.033059e+00
2.840000e-05	8.659845e-02	3.221847e+00
2.841000e-05	1.508955e-02	3.316266e+00
2.842000e-05	-8.406090e-02	3.506293e+00
2.843000e-05	7.878033e-02	3.651551e+00
2.844000e-05	-2.473288e-02	3.829529e+00
2.845000e-05	-3.135298e-02	3.938896e+00
2.846000e-05	3.541146e-02	4.124241e+00
2.847000e-05	-3.664384e-02	4.285719e+00
2.848000e-05	8.436112e-03	4.431576e+00
2.849000e-05	1.158446e-02	4.558991e+00
2.850000e-05	-1.593540e-02	4.747240e+00
2.851000e-05	2.066852e-02	4.844757e+00
2.852000e-05	3.228109e-03	5.024839e+00
2.853000e-05	-2.610948e-02	5.241580e+00
2.854000e-05	-1.274729e-02	5.368947e+00
2.855000e-05	1.845515e-02	5.516216e+00
2.856000e-05	7.401761e-03	5.629448e+00
2.857000e-05	-2.193127e-02	5.716736e+00
2.858000e-05	6.465295e-03	5.896242e+00
2.859000e-05	-6.221362e-03	6.020031e+00
2.860000e-05	-3.037052e-03	6.107843e+00
2.861000e-05	-3.385359e-04	6.261108e+00
2.862000e-05	-7.187467e-03	6.336393e+00
2.863000e-05	1.820409e-02	6.441030e+00
2.864000e-05	-6.919442e-03	6.600022e+00
2.865000e-05	-1.862651e-02	6.756868e+00
2.866000e-05	2.611630e-03	6.821577e+00
2.867000e-05	9.821205e-03	6.924242e+00
2.868000e-05	-5.575111e-03	7.011449e+00
2.869000e-05	-1.228811e-02	7.096288e+00
2.870000e-05	9.508476e-03	7.199474e+00
2.871000e-05	3.780399e-03	7.294135e+00
2.872000e-05	-1.316591e-02	7.390902e+00
2.873000e-05	-5.748958e-03	7.598395e+00
2.874000e-05	5.740411e-03	7.612079e+00
2.875000e-05	4.317886e-04	7.725362e+00
2.876000e-05	-9.431795e-03	7.818551e+00
2.877000e-05	-9.509599e-04	7.906215e+00
2.878000e-05	3.058560e-03	8.021529e+00
2.879000e-05	-4.446395e-03	8.134766e+00
2.880000e-05	-4.522917e-03	8.139475e+00
2.881000e-05	4.386053e-04	8.231133e+00
2.882000e-05	-5.717466e-04	8.326190e+00
2.883000e-05	-4.912604e-03	8.358368e+00
2.884000e-05	3.557013e-04	8.410053e+00
2.885000e-05	-3.500634e-04	8.472156e+00
2.886000e-05	-5.134512e-03	8.474161e+00
2.887000e-05	-3.780931e-03	8.534342e+00
2.888000e-05	-4.682325e-04	8.587977e+00
2.889000e-05	4.401357e-04	8.641059e+00
2.890000e-05	-3.115552e-03	8.631562e+00
2.891000e-05	-2.640097e-03	8.663186e+00
2.892000e-05	-3.113126e-03	8.784764e+00
2.893000e-05	-3.556209e-03	8.767341e+00
2.894000e-05	-4.693212e-04	8.798421e+00
2.895000e-05	-1.321593e-03	8.789449e+00
2.896000e-05	-3.497016e-03	8.819500e+00
2.897000e-05	-4.621023e-03	8.800549e+00
2.898000e-05	-2.517141e-03	8.819554e+00
2.899000e-05	-1.558520e-03	8.842554e+00
2.900000e-05	-3.505460e-03	8.832654e+00
2.901000e-05	-1.666047e-03	8.841582e+00
2.902000e-05	-2.527394e-03	8.893654e+00
2.903000e-05	-2.721006e-03	8.832230e+00
2.904000e-05	-3.049462e-03	8.832632e+00
2.905000e-05	-2.105082e-03	8.830183e+00
2.906000e-05	-2.817451e-03	8.852156e+00
2.907000e-05	-3.664035e-03	8.841582e+00
2.908000e-05	-2.749027e-03	8.841104e+00
2.909000e-05	-2.554574e-03	8.819530e+00
2.910000e-05	-3.036912e-03	8.810428e+00
2.911000e-05	-3.084783e-03	8.778875e+00
2.912000e-05	-2.048108e-03	8.778344e+00
2.913000e-05	-2.628459e-03	8.725842e+00
2.914000e-05	-2.001714e-03	8.694714e+00
2.915000e-05	-2.957756e-03	8.671605e+00
2.916000e-05	-2.833124e-03	8.670526e+00
2.917000e-05	-3.727904e-03	8.597373e+00
2.918000e-05	-2.928095e-03	8.566869e+00
2.919000e-05	-3.326662e-03	8.492164e+00
2.920000e-05	-3.199013e-03	8.471607e+00
2.921000e-05	-3.739054e-03	8.408979e+00
2.922000e-05	-3.117527e-03	8.365799e+00
2.923000e-05	-3.352860e-03	8.292207e+00
2.924000e-05	-2.144206e-03	8.177399e+00
2.925000e-05	-2.273388e-03	8.116344e+00
2.926000e-05	-2.921828e-03	8.072710e+00
2.927000e-05	-2.994611e-03	8.047499e+00
2.928000e-05	-3.607408e-03	7.963687e+00
2.929000e-05	-2.969871e-03	7.818579e+00
2.930000e-05	-3.538609e-03	7.756891e+00
2.931000e-05	-3.471161e-03	7.682211e+00
2.932000e-05	-3.251847e-03	7.638500e+00
2.933000e-05	-3.409245e-03	7.512683e+00
2.934000e-05	-3.133953e-03	7.384866e+00
2.935000e-05	-2.942913e-03	7.221162e+00
2.936000e-05	-2.748246e-03	7.166393e+00
2.937000e-05	-3.464964e-03	7.102808e+00
2.938000e-05	-3.473930e-03	6.966999e+00
2.939000e-05	-3.153606e-03	6.861660e+00
2.940000e-05	-2.653668e-03	6.789546e+00
2.941000e-05	-3.749511e-03	6.712657e+00
2.942000e-05	-2.329105e-03	6.554340e+00
2.943000e-05	-2.873817e-03	6.429029e+00
2.944000e-05	-2.959123e-03	6.332790e+00
2.945000e-05	-3.306418e-03	6.188924e+00
2.946000e-05	-2.511817e-03	6.071708e+00
2.947000e-05	-3.244608e-03	6.018950e+00
2.948000e-05	-3.895497e-03	5.861683e+00
2.949000e-05	-3.348903e-03	5.682207e+00
2.950000e-05	-3.229854e-03	5.555866e+00
2.951000e-05	-2.888665e-03	5.420004e+00
2.952000e-05	-3.450300e-03	5.323264e+00
2.953000e-05	-3.645218e-03	5.144288e+00
2.954000e-05	-3.326920e-03	5.007889e+00
2.955000e-05	-2.851640e-03	4.766001e+00
2.956000e-05	-3.111592e-03	4.650651e+00
2.957000e-05	-3.716484e-03	4.545363e+00
2.958000e-05	-3.602750e-03	4.397546e+00
2.959000e-05	-3.115376e-03	4.289575e+00
2.960000e-05	-2.903223e-03	4.032737e+00
2.961000e-05	-4.651486e-03	3.935940e+00
2.962000e-05	-4.239947e-03	3.798478e+00
2.963000e-05	-3.283834e-03	3.662134e+00
2.964000e-05	-3.268897e-03	3.584341e+00
2.965000e-05	-4.026699e-03	3.345517e+00
2.966000e-05	-3.345510e-03	3.177946e+00
2.967000e-05	-3.487724e-03	3.090655e+00
2.968000e-05	-4.245235e-03	2.893837e+00
2.969000e-05	-4.313721e-03	2.778371e+00
2.970000e-05	-3.570149e-03	2.616953e+00
2.971000e-05	-2.314912e-03	2.387955e+00
2.972000e-05	-3.794260e-03	2.262129e+00
2.973000e-05	-4.238224e-03	2.104758e+00
2.974000e-05	-3.182474e-03	1.937446e+00
2.975000e-05	-2.712748e-03	1.807056e+00
2.976000e-05	-3.331197e-03	1.620076e+00
2.977000e-05	-4.531955e-03	1.450056e+00
2.978000e-05	-4.525163e-03	1.313684e+00
2.979000e-05	-3.838048e-03	1.113809e+00
2.980000e-05	-3.500796e-03	8.727343e-01
2.981000e-05	-4.304225e-03	7.448434e-01
2.982000e-05	-3.543964e-03	5.479688e-01
2.983000e-05	-3.197457e-03	4.295540e-01
2.984000e-05	-3.451412e-03	2.521330e-01
2.985000e-05	-2.928162e-03	6.213052e-02
2.986000e-05	-1.065209e-05	-1.161868e-01
2.987000e-05	2.550545e-03	-2.220103e-01
2.988000e-05	-8.788910e-04	-3.688984e-01
2.989000e-05	-4.567160e-04	-5.351827e-01
2.990000e-05	-1.623253e-03	-7.277405e-01
2.991000e-05	-1.046140e-03	-8.420839e-01
2.992000e-05	-6.793594e-04	-9.393746e-01
2.993000e-05	7.442335e-03	-1.108292e+00
2.994000e-05	5.363427e-02	-1.275183e+00
2.995000e-05	3.314640e-02	-1.518741e+00
2.996000e-05	-5.531329e-02	-1.738877e+00
2.997000e-05	-4.085925e-02	-1.948826e+00
2.998000e-05	-8.568790e-02	-2.022580e+00
2.999000e-05	9.356088e-02	-2.076634e+00
3.000000e-05	4.566397e-02	-2.201506e+00
3.001000e-05	-1.334558e-01	-2.456238e+00
3.002000e-05	1.008494e-01	-2.590524e+00
3.003000e-05	2.461273e-02	-2.716288e+00
3.004000e-05	-1.508800e-01	-2.928693e+00
3.005000e-05	1.116170e-01	-3.107268e+00
3.006000e-05	1.813451e-02	-3.222081e+00
3.007000e-05	-9.941009e-02	-3.380425e+00
3.008000e-05	1.197310e-01	-3.506739e+00
3.009000e-05	-6.010632e-02	-3.644208e+00
3.010000e-05	-3.078385e-02	-3.886143e+00
3.011000e-05	7.740780e-02	-3.999999e+00
3.012000e-05	-9.713345e-02	-4.170950e+00
3.013000e-05	6.179299e-02	-4.317838e+00
3.014000e-05	2.069449e-02	-4.411449e+00
3.015000e-05	-7.959431e-02	-4.559891e+00
3.016000e-05	8.718462e-02	-4.726890e+00
3.017000e-05	-2.833204e-02	-4.894687e+00
3.018000e-05	-1.989002e-02	-4.990502e+00
3.019000e-05	5.725749e-03	-5.168869e+00
3.020000e-05	-2.060860e-02	-5.288741e+00
3.021000e-05	5.060769e-02	-5.453084e+00
3.022000e-05	-5.046941e-02	-5.633553e+00
3.023000e-05	2.014230e-02	-5.759370e+00
3.024000e-05	2.216365e-02	-5.854587e+00
3.025000e-05	-4.493875e-02	-5.979974e+00
3.026000e-05	1.856616e-02	-6.082633e+00
3.027000e-05	-1.996130e-02	-6.220001e+00
3.028000e-05	4.657512e-02	-6.389397e+00
3.029000e-05	-1.344179e-02	-6.494585e+00
3.030000e-05	-5.286333e-02	-6.589773e+00
3.031000e-05	4.010503e-02	-6.671664e+00
3.032000e-05	-6.034353e-03	-6.759499e+00
3.033000e-05	8.745732e-05	-6.864134e+00
3.034000e-05	-1.911995e-02	-6.987973e+00
3.035000e-05	1.535644e-02	-7.158797e+00
3.036000e-05	1.548945e-02	-7.202027e+00
3.037000e-05	-4.030297e-02	-7.326241e+00
3.038000e-05	1.099025e-02	-7.411450e+00
3.039000e-05	6.877825e-03	-7.466684e+00
3.040000e-05	-1.306502e-04	-7.609451e+00
3.041000e-05	-1.951340e-02	-7.725159e+00
3.042000e-05	1.771066e-03	-7.811457e+00
3.043000e-05	1.987464e-02	-7.945190e+00
3.044000e-05	-1.850154e-02	-8.039906e+00
3.045000e-05	-6.569280e-03	-8.083606e+00
3.046000e-05	1.981032e-03	-8.136792e+00
3.047000e-05	4.775791e-03	-8.198474e+00
3.048000e-05	-8.246869e-03	-8.282583e+00
3.049000e-05	-4.588165e-03	-8.346745e+00
3.050000e-05	6.669573e-03	-8.377873e+00
3.051000e-05	-7.853515e-03	-8.422052e+00
3.052000e-05	-5.247946e-03	-8.452631e+00
3.053000e-05	-4.011376e-04	-8.515187e+00
3.054000e-05	2.232860e-03	-8.575742e+00
3.055000e-05	-3.716113e-03	-8.568573e+00
3.056000e-05	-4.406470e-03	-8.704662e+00
3.057000e-05	-2.426425e-03	-8.693715e+00
3.058000e-05	-4.924381e-03	-8.797821e+00
3.059000e-05	-1.596574e-03	-8.798972e+00
3.060000e-05	-9.055525e-04	-8.808353e+00
3.061000e-05	-4.441899e-03	-8.811025e+00
3.062000e-05	-5.357957e-03	-8.861055e+00
3.063000e-05	-7.994836e-05	-8.873128e+00
3.064000e-05	-1.815021e-03	-8.882158e+00
3.065000e-05	-5.180183e-03	-8.853606e+00
3.066000e-05	-4.252571e-03	-8.923587e+00
3.067000e-05	4.307280e-05	-8.933183e+00
3.068000e-05	-2.518391e-03	-8.923208e+00
3.069000e-05	-4.693003e-03	-8.903187e+00
3.070000e-05	-3.744372e-03	-8.883161e+00
3.071000e-05	-2.437882e-03	-8.943287e+00
3.072000e-05	-3.467397e-03	-8.862635e+00
3.073000e-05	-3.863120e-03	-8.882157e+00
3.074000e-05	-1.115167e-03	-8.862583e+00
3.075000e-05	-2.488616e-03	-8.842608e+00
3.076000e-05	-3.515702e-03	-8.819605e+00
3.077000e-05	-3.977486e-03	-8.831476e+00
3.078000e-05	-3.020254e-03	-8.787968e+00
3.079000e-05	-2.346726e-03	-8.737366e+00
3.080000e-05	-2.753659e-03	-8.733740e+00
3.081000e-05	-3.619479e-03	-8.711635e+00
3.082000e-05	-3.548367e-03	-8.668474e+00
3.083000e-05	-2.936344e-03	-8.575268e+00
3.084000e-05	-4.090010e-03	-8.442711e+00
3.085000e-05	-3.911100e-03	-8.419481e+00
3.086000e-05	-3.167866e-03	-8.398875e+00
3.087000e-05	-3.056068e-03	-8.355848e+00
3.088000e-05	-3.867592e-03	-8.293608e+00
3.089000e-05	-3.791289e-03	-8.250979e+00
3.090000e-05	-3.479745e-03	-8.188420e+00
3.091000e-05	-3.959526e-03	-8.112137e+00
3.092000e-05	-4.724277e-03	-8.051105e+00
3.093000e-05	-3.623405e-03	-7.978971e+00
3.094000e-05	-2.988746e-03	-7.945687e+00
3.095000e-05	-4.046299e-03	-7.768397e+00
3.096000e-05	-4.157228e-03	-7.711638e+00
3.097000e-05	-4.354201e-03	-7.578447e+00
3.098000e-05	-4.422837e-03	-7.522682e+00
3.099000e-05	-3.924508e-03	-7.418523e+00
3.100000e-05	-2.860409e-03	-7.356232e+00
3.101000e-05	-3.097700e-03	-7.261104e+00
3.102000e-05	-4.940328e-03	-7.145346e+00
3.103000e-05	-4.149999e-03	-7.102100e+00
3.104000e-05	-3.268736e-03	-6.895240e+00
3.105000e-05	-3.690024e-03	-6.790473e+00
3.106000e-05	-4.895920e-03	-6.714285e+00
3.107000e-05	-3.464092e-03	-6.590050e+00
3.108000e-05	-3.880481e-03	-6.530659e+00
3.109000e-05	-4.104379e-03	-6.388525e+00
3.110000e-05	-5.060710e-03	-6.313662e+00
3.111000e-05	-3.272669e-03	-6.145187e+00
3.112000e-05	-4.208664e-03	-5.999526e+00
3.113000e-05	-3.916102e-03	-5.945211e+00
3.114000e-05	-4.353183e-03	-5.785869e+00
3.115000e-05	-4.307023e-03	-5.663105e+00
3.116000e-05	-4.762342e-03	-5.534741e+00
3.117000e-05	-4.198555e-03	-5.374845e+00
3.118000e-05	-4.360956e-03	-5.207455e+00
3.119000e-05	-4.820599e-03	-5.061458e+00
3.120000e-05	-4.937620e-03	-4.891689e+00
3.121000e-05	-4.066976e-03	-4.743758e+00
3.122000e-05	-4.417863e-03	-4.597446e+00
3.123000e-05	-4.808538e-03	-4.461082e+00
3.124000e-05	-4.938041e-03	-4.365816e+00
3.125000e-05	-4.192513e-03	-4.230529e+00
3.126000e-05	-4.466588e-03	-4.082032e+00
3.127000e-05	-4.718653e-03	-3.918445e+00
3.128000e-05	-4.236985e-03	-3.817894e+00
3.129000e-05	-3.736541e-03	-3.600028e+00
3.130000e-05	-4.205177e-03	-3.463282e+00
3.131000e-05	-4.705499e-03	-3.334816e+00
3.132000e-05	-3.526485e-03	-3.179920e+00
3.133000e-05	-3.888381e-03	-3.012003e+00
3.134000e-05	-3.405534e-03	-2.851574e+00
3.135000e-05	-3.956241e-03	-2.703686e+00
3.136000e-05	-4.036108e-03	-2.544895e+00
3.137000e-05	-5.358862e-03	-2.398974e+00
3.138000e-05	-5.107555e-03	-2.260998e+00
3.139000e-05	-3.887986e-03	-2.082577e+00
3.140000e-05	-4.100451e-03	-1.934183e+00
3.141000e-05	-3.722922e-03	-1.726791e+00
3.142000e-05	-4.414942e-03	-1.609470e+00
3.143000e-05	-3.835025e-03	-1.428973e+00
3.144000e-05	-4.532016e-03	-1.208445e+00
3.145000e-05	-4.229065e-03	-1.030474e+00
3.146000e-05	-4.254645e-03	-8.641817e-01
3.147000e-05	-4.884536e-03	-7.353434e-01
3.148000e-05	-5.943296e-03	-5.547397e-01
3.149000e-05	-3.673775e-03	-3.678961e-01
3.150000e-05	-5.817094e-03	-2.205003e-01
3.151000e-05	-1.670872e-03	-9.115427e-02
3.152000e-05	-3.684864e-04	6.621290e-02
3.153000e-05	3.016580e-03	2.746356e-01
3.154000e-05	-2.513843e-03	4.310276e-01
3.155000e-05	6.590098e-04	5.588459e-01
3.156000e-05	-3.565519e-03	7.262355e-01
3.157000e-05	-3.376830e-03	8.421013e-01
3.158000e-05	-3.916587e-03	1.043029e+00
3.159000e-05	5.563398e-03	1.188502e+00
3.160000e-05	3.416218e-02	1.368450e+00
3.161000e-05	5.010899e-02	1.590581e+00
3.162000e-05	-2.929662e-02	1.801953e+00
3.163000e-05	-4.416025e-02	1.957372e+00
3.164000e-05	-6.604230e-02	2.094687e+00
3.165000e-05	-3.115196e-02	2.179998e+00
3.166000e-05	1.165591e-01	2.296242e+00
3.167000e-05	-3.319261e-02	2.454207e+00
3.168000e-05	-7.682333e-02	2.600997e+00
3.169000e-05	1.193328e-01	2.759450e+00
3.170000e-05	-7.462485e-02	2.969371e+00
3.171000e-05	-4.050076e-02	3.113635e+00
3.172000e-05	1.071200e-01	3.181080e+00
3.173000e-05	-5.953292e-02	3.372378e+00
3.174000e-05	-3.009289e-02	3.567895e+00
3.175000e-05	7.347427e-02	3.695162e+00
3.176000e-05	-6.275195e-02	3.853058e+00
3.177000e-05	1.169813e-02	3.998949e+00
3.178000e-05	9.539894e-03	4.178346e+00
3.179000e-05	-3.828269e-02	4.346817e+00
3.180000e-05	2.514869e-02	4.462635e+00
3.181000e-05	-7.596682e-03	4.602004e+00
3.182000e-05	-2.014794e-03	4.766925e+00
3.183000e-05	2.433290e-02	4.928222e+00
3.184000e-05	-1.134709e-02	5.157343e+00
3.185000e-05	-2.520486e-02	5.293184e+00
3.186000e-05	-1.567882e-03	5.420033e+00
3.187000e-05	2.477734e-02	5.526873e+00
3.188000e-05	-9.175935e-03	5.662679e+00
3.189000e-05	-1.366048e-02	5.757950e+00
3.190000e-05	8.198804e-03	5.936868e+00
3.191000e-05	-1.045104e-02	6.083111e+00
3.192000e-05	1.995990e-03	6.147901e+00
3.193000e-05	-5.093498e-03	6.303663e+00
3.194000e-05	1.299728e-03	6.389972e+00
3.195000e-05	1.578390e-02	6.463079e+00
3.196000e-05	-1.938219e-02	6.671959e+00
3.197000e-05	-9.947812e-03	6.788975e+00
3.198000e-05	8.259161e-03	6.831582e+00
3.199000e-05	6.992102e-03	6.946363e+00
3.200000e-05	-1.041805e-02	7.052009e+00
3.201000e-05	-6.954392e-03	7.126771e+00
3.202000e-05	1.290723e-02	7.221054e+00
3.203000e-05	-5.882772e-03	7.345737e+00
3.204000e-05	-1.193187e-02	7.420588e+00
3.205000e-05	-2.598725e-04	7.597945e+00
3.206000e-05	6.768769e-03	7.683185e+00
3.207000e-05	-3.193659e-03	7.746392e+00
3.208000e-05	-8.652252e-03	7.873606e+00
3.209000e-05	3.629834e-03	7.945225e+00
3.210000e-05	-2.069789e-04	8.052709e+00
3.211000e-05	-6.811543e-03	8.127363e+00
3.212000e-05	-2.732546e-03	8.209927e+00
3.213000e-05	1.418649e-03	8.293635e+00
3.214000e-05	-2.933460e-03	8.326313e+00
3.215000e-05	-4.720954e-03	8.398474e+00
3.216000e-05	8.719337e-05	8.410554e+00
3.217000e-05	-1.496082e-03	8.452057e+00
3.218000e-05	-5.574180e-03	8.504187e+00
3.219000e-05	-2.222317e-03	8.534963e+00
3.220000e-05	1.023346e-03	8.608955e+00
3.221000e-05	-7.000101e-04	8.641030e+00
3.222000e-05	-2.386519e-03	8.652557e+00
3.223000e-05	-3.275414e-03	8.754661e+00
3.224000e-05	-3.859762e-03	8.735896e+00
3.225000e-05	-3.792879e-03	8.785815e+00
3.226000e-05	-3.108011e-04	8.769396e+00
3.227000e-05	-9.741575e-04	8.788974e+00
3.228000e-05	-4.444440e-03	8.818532e+00
3.229000e-05	-3.669692e-03	8.831054e+00
3.230000e-05	-1.346079e-03	8.852054e+00
3.231000e-05	-2.187153e-03	8.831157e+00
3.232000e-05	-3.771275e-03	8.860581e+00
3.233000e-05	-2.377597e-03	8.832704e+00
3.234000e-05	-1.770067e-03	8.902659e+00
3.235000e-05	-2.550569e-03	8.893160e+00
3.236000e-05	-2.536605e-03	8.882159e+00
3.237000e-05	-2.162549e-03	8.860604e+00
3.238000e-05	-2.532588e-03	8.852079e+00
3.239000e-05	-3.274448e-03	8.861605e+00
3.240000e-05	-3.255394e-03	8.832080e+00
3.241000e-05	-2.715116e-03	8.821054e+00
3.242000e-05	-2.669343e-03	8.787946e+00
3.243000e-05	-4.055188e-03	8.775894e+00
3.244000e-05	-3.058432e-03	8.744866e+00
3.245000e-05	-2.381117e-03	8.745390e+00
3.246000e-05	-1.901066e-03	8.691735e+00
3.247000e-05	-2.132295e-03	8.670083e+00
3.248000e-05	-3.060433e-03	8.629527e+00
3.249000e-05	-2.812078e-03	8.587444e+00
3.250000e-05	-3.141891e-03	8.523739e+00
3.251000e-05	-3.042455e-03	8.492186e+00
3.252000e-05	-3.869372e-03	8.412078e+00
3.253000e-05	-2.706478e-03	8.408000e+00
3.254000e-05	-3.009320e-03	8.323268e+00
3.255000e-05	-2.243862e-03	8.312178e+00
3.256000e-05	-2.675595e-03	8.208520e+00
3.257000e-05	-2.141925e-03	8.146239e+00
3.258000e-05	-2.020332e-03	7.999653e+00
3.259000e-05	-2.979990e-03	7.967918e+00
3.260000e-05	-2.927053e-03	7.923683e+00
3.261000e-05	-3.784371e-03	7.827503e+00
3.262000e-05	-2.974855e-03	7.735762e+00
3.263000e-05	-1.986356e-03	7.681681e+00
3.264000e-05	-2.173880e-03	7.586868e+00
3.265000e-05	-2.832675e-03	7.448078e+00
3.266000e-05	-1.898034e-03	7.315365e+00
3.267000e-05	-2.301043e-03	7.220133e+00
3.268000e-05	-2.868869e-03	7.154342e+00
3.269000e-05	-4.068907e-03	7.050557e+00
3.270000e-05	-2.003369e-03	6.954916e+00
3.271000e-05	-1.880782e-03	6.850606e+00
3.272000e-05	-3.470424e-03	6.814916e+00
3.273000e-05	-3.708433e-03	6.630500e+00
3.274000e-05	-2.625939e-03	6.481262e+00
3.275000e-05	-2.660821e-03	6.386496e+00
3.276000e-05	-2.667810e-03	6.302134e+00
3.277000e-05	-2.476695e-03	6.184844e+00
3.278000e-05	-3.172396e-03	6.062082e+00
3.279000e-05	-3.492252e-03	5.945346e+00
3.280000e-05	-3.468721e-03	5.856398e+00
3.281000e-05	-2.348045e-03	5.680085e+00
3.282000e-05	-2.864396e-03	5.542736e+00
3.283000e-05	-3.555097e-03	5.347425e+00
3.284000e-05	-3.259518e-03	5.249029e+00
3.285000e-05	-2.958881e-03	5.132631e+00
3.286000e-05	-3.189243e-03	4.902712e+00
3.287000e-05	-3.191741e-03	4.724316e+00
3.288000e-05	-3.092447e-03	4.608501e+00
3.289000e-05	-3.378444e-03	4.471283e+00
3.290000e-05	-3.489095e-03	4.367969e+00
3.291000e-05	-3.418932e-03	4.246023e+00
3.292000e-05	-3.560296e-03	4.019079e+00
3.293000e-05	-4.565759e-03	3.903711e+00
3.294000e-05	-4.119364e-03	3.744867e+00
3.295000e-05	-2.583120e-03	3.619030e+00
3.296000e-05	-2.573536e-03	3.501736e+00
3.297000e-05	-3.785010e-03	3.283182e+00
3.298000e-05	-3.762997e-03	3.166294e+00
3.299000e-05	-3.669182e-03	3.019076e+00
3.300000e-05	-3.403712e-03	2.872633e+00
3.301000e-05	-3.973404e-03	2.723783e+00
3.302000e-05	-3.765627e-03	2.494311e+00
3.303000e-05	-3.403223e-03	2.324415e+00
3.304000e-05	-4.000483e-03	2.218073e+00
3.305000e-05	-3.559043e-03	2.052129e+00
3.306000e-05	-3.754963e-03	1.934289e+00
3.307000e-05	-3.784552e-03	1.715940e+00
3.308000e-05	-4.103659e-03	1.546445e+00
3.309000e-05	-3.267317e-03	1.398476e+00
3.310000e-05	-3.210473e-03	1.241625e+00
3.311000e-05	-3.884235e-03	1.061077e+00
3.312000e-05	-4.598275e-03	8.500727e-01
3.313000e-05	-3.969185e-03	7.031568e-01
3.314000e-05	-3.165491e-03	5.342594e-01
3.315000e-05	-2.969896e-03	3.574438e-01
3.316000e-05	-3.885185e-03	1.970414e-01
3.317000e-05	-2.085035e-03	1.899920e-02
3.318000e-05	1.834247e-03	-1.388208e-01
3.319000e-05	1.403905e-03	-2.456640e-01
3.320000e-05	-1.135737e-03	-4.310512e-01
3.321000e-05	2.920054e-04	-5.803733e-01
3.322000e-05	-2.172282e-03	-7.594710e-01
3.323000e-05	-5.833309e-04	-8.966878e-01
3.324000e-05	-6.782850e-04	-1.022004e+00
3.325000e-05	1.893616e-02	-1.159321e+00
3.326000e-05	6.317052e-02	-1.360344e+00
3.327000e-05	-8.091463e-03	-1.621028e+00
3.328000e-05	-4.952186e-02	-1.834132e+00
3.329000e-05	-6.307543e-02	-2.020029e+00
3.330000e-05	-4.114603e-02	-2.043585e+00
3.331000e-05	1.368383e-01	-2.104738e+00
3.332000e-05	-6.037105e-02	-2.279718e+00
3.333000e-05	-7.957342e-02	-2.548872e+00
3.334000e-05	1.492338e-01	-2.601632e+00
3.335000e-05	-8.698182e-02	-2.767897e+00
3.336000e-05	-6.517554e-02	-3.040456e+00
3.337000e-05	1.414399e-01	-3.148818e+00
3.338000e-05	-7.389880e-02	-3.294662e+00
3.339000e-05	-1.996441e-02	-3.472557e+00
3.340000e-05	9.782263e-02	-3.537392e+00
3.341000e-05	-1.147313e-01	-3.738766e+00
3.342000e-05	5.342277e-02	-3.917268e+00
3.343000e-05	5.890375e-03	-4.084137e+00
3.344000e-05	-7.411933e-02	-4.251507e+00
3.345000e-05	1.017548e-01	-4.376817e+00
3.346000e-05	-5.573237e-02	-4.484555e+00
3.347000e-05	-1.630707e-02	-4.644581e+00
3.348000e-05	7.331693e-02	-4.798872e+00
3.349000e-05	-6.008866e-02	-4.965768e+00
3.350000e-05	1.374770e-02	-5.064109e+00
3.351000e-05	-1.912191e-02	-5.210399e+00
3.352000e-05	1.507381e-02	-5.377275e+00
3.353000e-05	2.327981e-02	-5.545818e+00
3.354000e-05	-5.443270e-02	-5.674558e+00
3.355000e-05	5.472605e-02	-5.800949e+00
3.356000e-05	-2.189170e-02	-5.925743e+00
3.357000e-05	-2.087426e-02	-6.040550e+00
3.358000e-05	9.657929e-03	-6.114662e+00
3.359000e-05	-8.289297e-03	-6.244538e+00
3.360000e-05	5.199118e-02	-6.390454e+00
3.361000e-05	-5.678282e-02	-6.537184e+00
3.362000e-05	-8.476197e-03	-6.601003e+00
3.363000e-05	3.090762e-02	-6.736216e+00
3.364000e-05	-1.473722e-02	-6.800500e+00
3.365000e-05	-1.476651e-03	-6.923716e+00
3.366000e-05	-1.806565e-02	-7.074007e+00
3.367000e-05	3.459663e-02	-7.189950e+00
3.368000e-05	-1.413379e-02	-7.273138e+00
3.369000e-05	-2.628264e-02	-7.356315e+00
3.370000e-05	1.689732e-02	-7.461554e+00
3.371000e-05	1.376990e-03	-7.537267e+00
3.372000e-05	-3.737583e-03	-7.651957e+00
3.373000e-05	-2.029876e-02	-7.775718e+00
3.374000e-05	1.599957e-02	-7.904586e+00
3.375000e-05	5.038188e-03	-7.979371e+00
3.376000e-05	-1.824200e-02	-8.031034e+00
3.377000e-05	-2.532377e-04	-8.104110e+00
3.378000e-05	1.838992e-03	-8.167347e+00
3.379000e-05	1.472064e-03	-8.241931e+00
3.380000e-05	-1.043596e-02	-8.303633e+00
3.381000e-05	2.694790e-03	-8.387870e+00
3.382000e-05	5.650628e-04	-8.399447e+00
3.383000e-05	-9.240236e-03	-8.421006e+00
3.384000e-05	-2.056340e-03	-8.452583e+00
3.385000e-05	-3.025995e-05	-8.535819e+00
3.386000e-05	3.802458e-04	-8.547417e+00
3.387000e-05	-3.711096e-03	-8.660004e+00
3.388000e-05	-1.229999e-03	-8.702584e+00
3.389000e-05	-3.297216e-03	-8.748241e+00
3.390000e-05	-4.731423e-03	-8.777395e+00
3.391000e-05	-6.620340e-04	-8.808899e+00
3.392000e-05	-1.415561e-03	-8.841525e+00
3.393000e-05	-5.566442e-03	-8.811054e+00
3.394000e-05	-3.108374e-03	-8.861105e+00
3.395000e-05	4.573126e-04	-8.892082e+00
3.396000e-05	-4.134073e-03	-8.893105e+00
3.397000e-05	-6.062451e-03	-8.874134e+00
3.398000e-05	-1.860389e-03	-8.925209e+00
3.399000e-05	-3.678123e-04	-8.932689e+00
3.400000e-05	-3.379110e-03	-8.882184e+00
3.401000e-05	-4.700298e-03	-8.893687e+00
3.402000e-05	-2.142908e-03	-8.915235e+00
3.403000e-05	-3.378154e-03	-8.904208e+00
3.404000e-05	-4.388941e-03	-8.883684e+00
3.405000e-05	-2.996549e-03	-8.891129e+00
3.406000e-05	-1.727398e-03	-8.852632e+00
3.407000e-05	-3.219800e-03	-8.830576e+00
3.408000e-05	-3.693566e-03	-8.832554e+00
3.409000e-05	-3.461672e-03	-8.810000e+00
3.410000e-05	-3.241341e-03	-8.758945e+00
3.411000e-05	-2.558103e-03	-8.726795e+00
3.412000e-05	-3.343366e-03	-8.704213e+00
3.413000e-05	-3.194805e-03	-8.691136e+00
3.414000e-05	-2.362342e-03	-8.636900e+00
3.415000e-05	-2.960082e-03	-8.505661e+00
3.416000e-05	-4.535851e-03	-8.441605e+00
3.417000e-05	-4.183289e-03	-8.430452e+00
3.418000e-05	-2.262566e-03	-8.396870e+00
3.419000e-05	-2.108554e-03	-8.344733e+00
3.420000e-05	-4.400656e-03	-8.262605e+00
3.421000e-05	-4.478051e-03	-8.197952e+00
3.422000e-05	-3.094700e-03	-8.155763e+00
3.423000e-05	-4.915013e-03	-8.081609e+00
3.424000e-05	-3.606220e-03	-8.039453e+00
3.425000e-05	-4.957898e-03	-7.947897e+00
3.426000e-05	-1.495008e-03	-7.921604e+00
3.427000e-05	-4.066085e-03	-7.795237e+00
3.428000e-05	-4.491525e-03	-7.631603e+00
3.429000e-05	-3.718514e-03	-7.554795e+00
3.430000e-05	-5.814086e-03	-7.463157e+00
3.431000e-05	-3.270208e-03	-7.367000e+00
3.432000e-05	-4.128105e-03	-7.292159e+00
3.433000e-05	-3.595512e-03	-7.219974e+00
3.434000e-05	-3.905439e-03	-7.164763e+00
3.435000e-05	-4.062921e-03	-7.018895e+00
3.436000e-05	-2.891696e-03	-6.882155e+00
3.437000e-05	-4.226316e-03	-6.808349e+00
3.438000e-05	-2.964475e-03	-6.670608e+00
3.439000e-05	-2.964656e-03	-6.598369e+00
3.440000e-05	-4.295044e-03	-6.480582e+00
3.441000e-05	-4.384524e-03	-6.367972e+00
3.442000e-05	-4.145821e-03	-6.259977e+00
3.443000e-05	-3.978209e-03	-6.093158e+00
3.444000e-05	-4.101103e-03	-5.987925e+00
3.445000e-05	-4.575792e-03	-5.870680e+00
3.446000e-05	-4.087795e-03	-5.715316e+00
3.447000e-05	-3.851350e-03	-5.600027e+00
3.448000e-05	-4.034332e-03	-5.531779e+00
3.449000e-05	-5.194978e-03	-5.294136e+00
3.450000e-05	-4.169997e-03	-5.154844e+00
3.451000e-05	-5.636713e-03	-5.029946e+00
3.452000e-05	-2.902330e-03	-4.808849e+00
3.453000e-05	-2.959966e-03	-4.640607e+00
3.454000e-05	-4.801976e-03	-4.557965e+00
3.455000e-05	-4.451327e-03	-4.420529e+00
3.456000e-05	-6.142265e-03	-4.313736e+00
3.457000e-05	-3.474265e-03	-4.147315e+00
3.458000e-05	-5.228770e-03	-4.031653e+00
3.459000e-05	-2.380297e-03	-3.923780e+00
3.460000e-05	-4.121370e-03	-3.744663e+00
3.461000e-05	-4.555701e-03	-3.556416e+00
3.462000e-05	-4.854799e-03	-3.461578e+00
3.463000e-05	-3.889011e-03	-3.270181e+00
3.464000e-05	-3.831716e-03	-3.167389e+00
3.465000e-05	-3.655672e-03	-2.925764e+00
3.466000e-05	-3.894203e-03	-2.789923e+00
3.467000e-05	-4.439088e-03	-2.641681e+00
3.468000e-05	-5.131798e-03	-2.482710e+00
3.469000e-05	-4.873327e-03	-2.336899e+00
3.470000e-05	-4.410359e-03	-2.165862e+00
3.471000e-05	-4.418350e-03	-1.969472e+00
3.472000e-05	-3.999214e-03	-1.822579e+00
3.473000e-05	-3.552234e-03	-1.685137e+00
3.474000e-05	-3.690941e-03	-1.556320e+00
3.475000e-05	-3.932090e-03	-1.364264e+00
3.476000e-05	-4.964718e-03	-1.134838e+00
3.477000e-05	-4.541279e-03	-9.669213e-01
3.478000e-05	-6.250878e-03	-8.505526e-01
3.479000e-05	-3.997437e-03	-6.826329e-01
3.480000e-05	-4.315286e-03	-4.711318e-01
3.481000e-05	-3.390791e-03	-2.953646e-01
3.482000e-05	-4.466492e-03	-1.653946e-01
3.483000e-05	-1.725026e-03	-4.997764e-02
3.484000e-05	1.682406e-03	1.173447e-01
3.485000e-05	-1.014679e-03	3.388447e-01
3.486000e-05	-2.405439e-03	4.846853e-01
3.487000e-05	-1.742254e-03	6.010025e-01
3.488000e-05	-2.576932e-03	8.083486e-01
3.489000e-05	-2.972957e-03	8.955880e-01
3.490000e-05	-6.713258e-04	1.065708e+00
3.491000e-05	1.125325e-02	1.274159e+00
3.492000e-05	4.784501e-02	1.432550e+00
3.493000e-05	2.560259e-02	1.717344e+00
3.494000e-05	-4.713980e-02	1.883762e+00
3.495000e-05	-4.282538e-02	2.041501e+00
3.496000e-05	-7.269366e-02	2.146917e+00
3.497000e-05	2.939956e-02	2.261034e+00
3.498000e-05	1.044075e-01	2.400923e+00
3.499000e-05	-1.084843e-01	2.476312e+00
3.500000e-05	1.057132e-02	2.633107e+00
3.501000e-05	8.552184e-02	2.852681e+00
3.502000e-05	-1.186177e-01	3.000002e+00
3.503000e-05	3.791415e-02	3.106789e+00
3.504000e-05	6.996800e-02	3.273687e+00
3.505000e-05	-9.732844e-02	3.515310e+00
3.506000e-05	4.324399e-02	3.600029e+00
3.507000e-05	2.359662e-02	3.798897e+00
3.508000e-05	-5.924930e-02	3.935263e+00
3.509000e-05	3.623035e-02	4.052582e+00
3.510000e-05	-1.948727e-02	4.243034e+00
3.511000e-05	-1.557191e-02	4.388025e+00
3.512000e-05	2.147278e-02	4.546269e+00
3.513000e-05	-1.766432e-02	4.713740e+00
3.514000e-05	1.310408e-02	4.801099e+00
3.515000e-05	1.335218e-02	5.002034e+00
3.516000e-05	-2.356288e-02	5.190551e+00
3.517000e-05	-1.858736e-02	5.347892e+00
3.518000e-05	1.067213e-02	5.442187e+00
3.519000e-05	1.847586e-02	5.579447e+00
3.520000e-05	-2.071954e-02	5.703154e+00
3.521000e-05	-1.994731e-05	5.822110e+00
3.522000e-05	9.675848e-04	6.009026e+00
3.523000e-05	-7.394228e-03	6.124714e+00
3.524000e-05	2.277743e-03	6.191076e+00
3.525000e-05	-9.756710e-03	6.306291e+00
3.526000e-05	1.268784e-02	6.429425e+00
3.527000e-05	4.167460e-03	6.535342e+00
3.528000e-05	-2.083308e-02	6.695814e+00
3.529000e-05	-2.980960e-03	6.808500e+00
3.530000e-05	1.174358e-02	6.864159e+00
3.531000e-05	2.101407e-04	6.997923e+00
3.532000e-05	-1.355488e-02	7.082188e+00
3.533000e-05	2.988101e-03	7.190424e+00
3.534000e-05	1.052744e-02	7.291080e+00
3.535000e-05	-1.208286e-02	7.347299e+00
3.536000e-05	-9.773325e-03	7.546663e+00
3.537000e-05	3.909727e-03	7.631025e+00
3.538000e-05	4.580260e-03	7.704137e+00
3.539000e-05	-7.628764e-03	7.797921e+00
3.540000e-05	-5.255330e-03	7.884655e+00
3.541000e-05	5.996011e-03	8.038410e+00
3.542000e-05	-3.701356e-03	8.075708e+00
3.543000e-05	-6.220712e-03	8.178896e+00
3.544000e-05	-1.093338e-03	8.230074e+00
3.545000e-05	3.920119e-04	8.363263e+00
3.546000e-05	-4.548157e-03	8.327871e+00
3.547000e-05	-2.680149e-03	8.398926e+00
3.548000e-05	1.129954e-03	8.442079e+00
3.549000e-05	-4.025009e-03	8.462658e+00
3.550000e-05	-5.216872e-03	8.543236e+00
3.551000e-05	-9.630607e-04	8.594399e+00
3.552000e-05	7.208046e-04	8.599002e+00
3.553000e-05	-1.974225e-03	8.660157e+00
3.554000e-05	-2.242580e-03	8.713136e+00
3.555000e-05	-3.083994e-03	8.772237e+00
3.556000e-05	-4.078093e-03	8.743467e+00
3.557000e-05	-3.240995e-03	8.808370e+00
3.558000e-05	-1.859928e-04	8.807475e+00
3.559000e-05	-1.402660e-03	8.789524e+00
3.560000e-05	-4.891935e-03	8.809998e+00
3.561000e-05	-2.603193e-03	8.832108e+00
3.562000e-05	-1.813673e-03	8.832105e+00
3.563000e-05	-2.057564e-03	8.870580e+00
3.564000e-05	-3.438972e-03	8.852575e+00
3.565000e-05	-2.451604e-03	8.891133e+00
3.566000e-05	-2.744804e-03	8.862683e+00
3.567000e-05	-3.860461e-03	8.862158e+00
3.568000e-05	-2.397092e-03	8.872635e+00
3.569000e-05	-2.526705e-03	8.841158e+00
3.570000e-05	-2.331618e-03	8.841579e+00
3.571000e-05	-3.358098e-03	8.840627e+00
3.572000e-05	-2.178024e-03	8.801030e+00
3.573000e-05	-2.722628e-03	8.817578e+00
3.574000e-05	-3.485747e-03	8.769525e+00
3.575000e-05	-3.627727e-03	8.777820e+00
3.576000e-05	-3.078977e-03	8.735791e+00
3.577000e-05	-2.107314e-03	8.714215e+00
3.578000e-05	-2.819058e-03	8.682633e+00
3.579000e-05	-2.926604e-03	8.590579e+00
3.580000e-05	-3.248845e-03	8.608450e+00
3.581000e-05	-2.350876e-03	8.555841e+00
3.582000e-05	-2.557544e-03	8.505261e+00
3.583000e-05	-3.994087e-03	8.431207e+00
3.584000e-05	-3.133382e-03	8.427478e+00
3.585000e-05	-2.001092e-03	8.397493e+00
3.586000e-05	-2.338830e-03	8.303286e+00
3.587000e-05	-3.529354e-03	8.261549e+00
3.588000e-05	-2.446715e-03	8.165845e+00
3.589000e-05	-2.705638e-03	8.132790e+00
3.590000e-05	-2.792794e-03	8.059506e+00
3.591000e-05	-2.912546e-03	7.923397e+00
3.592000e-05	-3.103313e-03	7.871228e+00
3.593000e-05	-2.751659e-03	7.766946e+00
3.594000e-05	-2.919558e-03	7.694687e+00
3.595000e-05	-2.880333e-03	7.590555e+00
3.596000e-05	-3.210332e-03	7.561839e+00
3.597000e-05	-3.131181e-03	7.395447e+00
3.598000e-05	-2.802357e-03	7.283234e+00
3.599000e-05	-1.919767e-03	7.199524e+00
3.600000e-05	-3.507870e-03	7.122762e+00
3.601000e-05	-3.548379e-03	6.998546e+00
3.602000e-05	-3.678829e-03	6.903211e+00
3.603000e-05	-2.846830e-03	6.817079e+00
3.604000e-05	-3.584974e-03	6.742363e+00
3.605000e-05	-2.852847e-03	6.625969e+00
3.606000e-05	-2.361617e-03	6.430129e+00
3.607000e-05	-3.444098e-03	6.354839e+00
3.608000e-05	-3.864082e-03	6.248102e+00
3.609000e-05	-2.681616e-03	6.144289e+00
3.610000e-05	-2.663870e-03	6.009051e+00
3.611000e-05	-2.842749e-03	5.953783e+00
3.612000e-05	-3.745409e-03	5.754762e+00
3.613000e-05	-3.394117e-03	5.608025e+00
3.614000e-05	-3.060224e-03	5.481132e+00
3.615000e-05	-3.167674e-03	5.357890e+00
3.616000e-05	-2.940197e-03	5.208523e+00
3.617000e-05	-2.939116e-03	4.997951e+00
3.618000e-05	-3.135963e-03	4.829028e+00
3.619000e-05	-3.378488e-03	4.693862e+00
3.620000e-05	-2.879736e-03	4.575817e+00
3.621000e-05	-3.470171e-03	4.451105e+00
3.622000e-05	-3.459221e-03	4.335261e+00
3.623000e-05	-3.738821e-03	4.124214e+00
3.624000e-05	-3.694623e-03	3.957921e+00
3.625000e-05	-4.074046e-03	3.800130e+00
3.626000e-05	-3.030450e-03	3.733235e+00
3.627000e-05	-3.783049e-03	3.597449e+00
3.628000e-05	-3.294647e-03	3.396604e+00
3.629000e-05	-3.709096e-03	3.230128e+00
3.630000e-05	-3.261968e-03	3.102688e+00
3.631000e-05	-3.758182e-03	2.915817e+00
3.632000e-05	-3.394581e-03	2.830499e+00
3.633000e-05	-3.693712e-03	2.681158e+00
3.634000e-05	-4.138735e-03	2.442185e+00
3.635000e-05	-3.971322e-03	2.313782e+00
3.636000e-05	-3.470974e-03	2.145391e+00
3.637000e-05	-3.786620e-03	1.999475e+00
3.638000e-05	-3.600234e-03	1.870629e+00
3.639000e-05	-3.274163e-03	1.632082e+00
3.640000e-05	-3.632422e-03	1.553339e+00
3.641000e-05	-3.587237e-03	1.313842e+00
3.642000e-05	-4.008796e-03	1.137445e+00
3.643000e-05	-4.084163e-03	9.354160e-01
3.644000e-05	-3.265148e-03	7.474749e-01
3.645000e-05	-3.665357e-03	6.090992e-01
3.646000e-05	-3.570348e-03	4.911832e-01
3.647000e-05	-3.379859e-03	2.948408e-01
3.648000e-05	-3.400528e-03	1.027671e-01
3.649000e-05	-4.976690e-04	-6.310889e-02
3.650000e-05	2.536326e-03	-1.719473e-01
3.651000e-05	1.057704e-03	-3.277909e-01
3.652000e-05	-4.807824e-04	-4.971565e-01
3.653000e-05	-5.199649e-04	-6.645525e-01
3.654000e-05	-1.359335e-03	-8.109998e-01
3.655000e-05	-6.329525e-04	-9.373144e-01
3.656000e-05	2.456040e-03	-1.085609e+00
3.657000e-05	3.771435e-02	-1.222476e+00
3.658000e-05	5.376911e-02	-1.443531e+00
3.659000e-05	-4.339184e-02	-1.716763e+00
3.660000e-05	-3.778930e-02	-1.907342e+00
3.661000e-05	-8.668977e-02	-2.043078e+00
3.662000e-05	3.298129e-02	-2.093109e+00
3.663000e-05	1.117214e-01	-2.138241e+00
3.664000e-05	-1.324921e-01	-2.412106e+00
3.665000e-05	1.530036e-02	-2.580400e+00
3.666000e-05	9.985378e-02	-2.613085e+00
3.667000e-05	-1.626666e-01	-2.853630e+00
3.668000e-05	3.898171e-02	-3.052635e+00
3.669000e-05	9.465739e-02	-3.179976e+00
3.670000e-05	-1.189954e-01	-3.336446e+00
3.671000e-05	7.398001e-02	-3.484186e+00
3.672000e-05	1.595264e-02	-3.640479e+00
3.673000e-05	-9.421414e-02	-3.821899e+00
3.674000e-05	9.691502e-02	-3.960396e+00
3.675000e-05	-6.974306e-02	-4.127744e+00
3.676000e-05	-2.900531e-03	-4.294734e+00
3.677000e-05	7.574052e-02	-4.389870e+00
3.678000e-05	-9.254751e-02	-4.545793e+00
3.679000e-05	5.625871e-02	-4.674164e+00
3.680000e-05	1.754048e-02	-4.842525e+00
3.681000e-05	-4.798953e-02	-5.009924e+00
3.682000e-05	2.052194e-02	-5.146215e+00
3.683000e-05	-3.362662e-02	-5.312637e+00
3.684000e-05	4.598969e-02	-5.454004e+00
3.685000e-05	-1.985312e-02	-5.619399e+00
3.686000e-05	-2.032363e-02	-5.746268e+00
3.687000e-05	4.853454e-02	-5.831530e+00
3.688000e-05	-4.805630e-02	-5.959373e+00
3.689000e-05	8.641865e-03	-6.032052e+00
3.690000e-05	-1.269593e-02	-6.177319e+00
3.691000e-05	2.244084e-02	-6.345292e+00
3.692000e-05	2.484087e-02	-6.431555e+00
3.693000e-05	-6.946348e-02	-6.547847e+00
3.694000e-05	2.750522e-02	-6.673133e+00
3.695000e-05	9.238247e-03	-6.787847e+00
3.696000e-05	-5.545614e-03	-6.861052e+00
3.697000e-05	-1.236384e-02	-6.935797e+00
3.698000e-05	-3.968335e-03	-7.096168e+00
3.699000e-05	3.283209e-02	-7.201077e+00
3.700000e-05	-3.745329e-02	-7.274609e+00
3.701000e-05	-4.314776e-03	-7.389401e+00
3.702000e-05	1.196604e-02	-7.491682e+00
3.703000e-05	-6.390057e-04	-7.617746e+00
3.704000e-05	-1.375784e-02	-7.703584e+00
3.705000e-05	-1.066258e-02	-7.767847e+00
3.706000e-05	2.469145e-02	-7.942740e+00
3.707000e-05	-1.075935e-02	-7.996951e+00
3.708000e-05	-1.244769e-02	-8.052009e+00
3.709000e-05	1.945201e-03	-8.105262e+00
3.710000e-05	3.793157e-03	-8.198850e+00
3.711000e-05	-5.391899e-03	-8.252605e+00
3.712000e-05	-8.936260e-03	-8.315216e+00
3.713000e-05	7.258240e-03	-8.387923e+00
3.714000e-05	-5.765056e-03	-8.390527e+00
3.715000e-05	-7.128709e-03	-8.401658e+00
3.716000e-05	9.214683e-04	-8.513182e+00
3.717000e-05	2.547158e-03	-8.556869e+00
3.718000e-05	-2.905226e-03	-8.567829e+00
3.719000e-05	-4.751991e-03	-8.671634e+00
3.720000e-05	-1.129582e-03	-8.734738e+00
3.721000e-05	-4.185385e-03	-8.744892e+00
3.722000e-05	-4.721327e-03	-8.784975e+00
3.723000e-05	-1.284152e-03	-8.828974e+00
3.724000e-05	-2.288128e-03	-8.862050e+00
3.725000e-05	-5.053907e-03	-8.842080e+00
3.726000e-05	-1.116088e-03	-8.842132e+00
3.727000e-05	-7.931436e-04	-8.903083e+00
3.728000e-05	-4.317255e-03	-8.861633e+00
3.729000e-05	-5.315270e-03	-8.881659e+00
3.730000e-05	-1.048024e-03	-8.894688e+00
3.731000e-05	-2.199396e-03	-8.893179e+00
3.732000e-05	-4.944711e-03	-8.913712e+00
3.733000e-05	-3.902571e-03	-8.892663e+00
3.734000e-05	-2.867980e-03	-8.924656e+00
3.735000e-05	-2.887159e-03	-8.923686e+00
3.736000e-05	-3.523113e-03	-8.883186e+00
3.737000e-05	-2.504086e-03	-8.872108e+00
3.738000e-05	-1.934754e-03	-8.871057e+00
3.739000e-05	-3.441658e-03	-8.841054e+00
3.740000e-05	-5.088235e-03	-8.798050e+00
3.741000e-05	-3.486466e-03	-8.758948e+00
3.742000e-05	-2.931243e-03	-8.795294e+00
3.743000e-05	-2.547184e-03	-8.725792e+00
3.744000e-05	-3.580882e-03	-8.732092e+00
3.745000e-05	-3.261032e-03	-8.669576e+00
3.746000e-05	-2.574466e-03	-8.547800e+00
3.747000e-05	-3.003223e-03	-8.505659e+00
3.748000e-05	-5.099998e-03	-8.461057e+00
3.749000e-05	-3.644286e-03	-8.418898e+00
3.750000e-05	-2.518744e-03	-8.396846e+00
3.751000e-05	-3.847782e-03	-8.324161e+00
3.752000e-05	-4.804968e-03	-8.251106e+00
3.753000e-05	-3.478135e-03	-8.217847e+00
3.754000e-05	-2.123675e-03	-8.115838e+00
3.755000e-05	-3.614802e-03	-8.072605e+00
3.756000e-05	-4.140170e-03	-8.029404e+00
3.757000e-05	-3.459134e-03	-7.944366e+00
3.758000e-05	-4.191265e-03	-7.878423e+00
3.759000e-05	-3.817469e-03	-7.745734e+00
3.760000e-05	-4.455956e-03	-7.598526e+00
3.761000e-05	-4.041513e-03	-7.565661e+00
3.762000e-05	-4.195253e-03	-7.480505e+00
3.763000e-05	-3.754396e-03	-7.334288e+00
3.764000e-05	-3.464193e-03	-7.261154e+00
3.765000e-05	-4.034113e-03	-7.177399e+00
3.766000e-05	-3.991413e-03	-7.073032e+00
3.767000e-05	-4.055783e-03	-6.966691e+00
3.768000e-05	-4.166473e-03	-6.851104e+00
3.769000e-05	-4.385038e-03	-6.746316e+00
3.770000e-05	-3.175434e-03	-6.641004e+00
3.771000e-05	-3.953194e-03	-6.485835e+00
3.772000e-05	-4.370772e-03	-6.450080e+00
3.773000e-05	-4.179462e-03	-6.334340e+00
3.774000e-05	-2.508957e-03	-6.175320e+00
3.775000e-05	-3.308923e-03	-6.040080e+00
3.776000e-05	-4.312210e-03	-5.925291e+00
3.777000e-05	-4.827126e-03	-5.790477e+00
3.778000e-05	-3.975683e-03	-5.703282e+00
3.779000e-05	-4.651977e-03	-5.554947e+00
3.780000e-05	-4.611603e-03	-5.448573e+00
3.781000e-05	-3.171212e-03	-5.250554e+00
3.782000e-05	-3.779926e-03	-5.092182e+00
3.783000e-05	-4.661363e-03	-4.956417e+00
3.784000e-05	-4.905575e-03	-4.745315e+00
3.785000e-05	-3.449840e-03	-4.597496e+00
3.786000e-05	-4.297483e-03	-4.494209e+00
3.787000e-05	-4.503552e-03	-4.377946e+00
3.788000e-05	-4.146536e-03	-4.293108e+00
3.789000e-05	-4.263312e-03	-4.124788e+00
3.790000e-05	-4.620457e-03	-3.968473e+00
3.791000e-05	-4.040508e-03	-3.831075e+00
3.792000e-05	-3.658688e-03	-3.671102e+00
3.793000e-05	-3.774535e-03	-3.525209e+00
3.794000e-05	-4.221385e-03	-3.397470e+00
3.795000e-05	-3.920564e-03	-3.221002e+00
3.796000e-05	-4.374402e-03	-3.111656e+00
3.797000e-05	-3.482021e-03	-2.874739e+00
3.798000e-05	-4.309977e-03	-2.745392e+00
3.799000e-05	-4.277941e-03	-2.557970e+00
3.800000e-05	-4.929738e-03	-2.451102e+00
3.801000e-05	-4.635056e-03	-2.312811e+00
3.802000e-05	-4.063101e-03	-2.084208e+00
3.803000e-05	-4.326566e-03	-1.945841e+00
3.804000e-05	-3.678009e-03	-1.798947e+00
3.805000e-05	-4.352368e-03	-1.661582e+00
3.806000e-05	-2.988156e-03	-1.502254e+00
3.807000e-05	-4.447949e-03	-1.233603e+00
3.808000e-05	-4.605748e-03	-1.092133e+00
3.809000e-05	-4.217110e-03	-9.357895e-01
3.810000e-05	-4.834171e-03	-7.675148e-01
3.811000e-05	-5.243934e-03	-5.888762e-01
3.812000e-05	-4.410234e-03	-3.915276e-01
3.813000e-05	-4.025515e-03	-2.631305e-01
3.814000e-05	-3.797415e-03	-1.047858e-01
3.815000e-05	-9.430116e-04	3.263013e-02
3.816000e-05	1.398726e-03	2.225551e-01
3.817000e-05	-1.517388e-03	3.994975e-01
3.818000e-05	-1.345570e-03	5.357907e-01
3.819000e-05	-2.884449e-03	6.742040e-01
3.820000e-05	-2.816010e-03	8.095060e-01
3.821000e-05	-3.379998e-03	9.404196e-01
3.822000e-05	2.901822e-03	1.139873e+00
3.823000e-05	2.331554e-02	1.326792e+00
3.824000e-05	5.309750e-02	1.537867e+00
3.825000e-05	-5.810521e-03	1.789972e+00
3.826000e-05	-4.966746e-02	1.907218e+00
3.827000e-05	-5.495188e-02	2.052609e+00
3.828000e-05	-6.050499e-02	2.187397e+00
3.829000e-05	8.919813e-02	2.273608e+00
3.830000e-05	4.057384e-02	2.431554e+00
3.831000e-05	-1.176029e-01	2.556841e+00
3.832000e-05	9.516852e-02	2.717316e+00
3.833000e-05	-4.955299e-03	2.895786e+00
3.834000e-05	-9.243469e-02	3.053585e+00
3.835000e-05	9.684093e-02	3.178396e+00
3.836000e-05	-8.510856e-04	3.347417e+00
3.837000e-05	-7.707932e-02	3.546743e+00
3.838000e-05	8.008895e-02	3.643055e+00
3.839000e-05	-3.629016e-02	3.801004e+00
3.840000e-05	-2.208900e-02	3.997371e+00
3.841000e-05	3.295950e-02	4.124211e+00
3.842000e-05	-3.850850e-02	4.242713e+00
3.843000e-05	1.364510e-02	4.432554e+00
3.844000e-05	6.261996e-03	4.588473e+00
3.845000e-05	-1.364852e-02	4.735791e+00
3.846000e-05	2.447744e-02	4.912605e+00
3.847000e-05	5.885189e-04	5.096184e+00
3.848000e-05	-2.807443e-02	5.232582e+00
3.849000e-05	-1.079283e-02	5.389373e+00
3.850000e-05	2.044704e-02	5.515693e+00
3.851000e-05	3.609904e-03	5.599506e+00
3.852000e-05	-1.899191e-02	5.736239e+00
3.853000e-05	7.805787e-03	5.916345e+00
3.854000e-05	-7.577850e-03	6.030079e+00
3.855000e-05	-2.955345e-03	6.145819e+00
3.856000e-05	-3.293497e-04	6.252129e+00
3.857000e-05	-6.299476e-03	6.368470e+00
3.858000e-05	1.772522e-02	6.431179e+00
3.859000e-05	-1.097711e-02	6.630296e+00
3.860000e-05	-1.747359e-02	6.756896e+00
3.861000e-05	2.901018e-03	6.831603e+00
3.862000e-05	1.044245e-02	6.957186e+00
3.863000e-05	-5.991731e-03	7.020547e+00
3.864000e-05	-1.077346e-02	7.106766e+00
3.865000e-05	1.109686e-02	7.239500e+00
3.866000e-05	2.206467e-03	7.262686e+00
3.867000e-05	-1.378238e-02	7.412969e+00
3.868000e-05	-5.896867e-03	7.578922e+00
3.869000e-05	5.415938e-03	7.683055e+00
3.870000e-05	-1.041449e-03	7.715766e+00
3.871000e-05	-1.018851e-02	7.829530e+00
3.872000e-05	2.276537e-04	7.935766e+00
3.873000e-05	4.954198e-03	8.050550e+00
3.874000e-05	-4.413817e-03	8.124187e+00
3.875000e-05	-4.385716e-03	8.217945e+00
3.876000e-05	1.050380e-03	8.251576e+00
3.877000e-05	-1.724773e-03	8.327263e+00
3.878000e-05	-5.656136e-03	8.388839e+00
3.879000e-05	-2.172219e-03	8.408529e+00
3.880000e-05	-3.760176e-04	8.451606e+00
3.881000e-05	-7.342781e-03	8.462687e+00
3.882000e-05	-3.767216e-03	8.515794e+00
3.883000e-05	1.517567e-03	8.617824e+00
3.884000e-05	5.116260e-04	8.630029e+00
3.885000e-05	-1.800563e-03	8.613583e+00
3.886000e-05	-3.070196e-03	8.682657e+00
3.887000e-05	-3.108142e-03	8.746215e+00
3.888000e-05	-3.950740e-03	8.756812e+00
3.889000e-05	-1.547511e-03	8.787370e+00
3.890000e-05	-5.366554e-04	8.779474e+00
3.891000e-05	-5.036531e-03	8.810028e+00
3.892000e-05	-5.525790e-03	8.809478e+00
3.893000e-05	-2.106168e-03	8.831029e+00
3.894000e-05	-6.954940e-04	8.851704e+00
3.895000e-05	-3.117972e-03	8.841205e+00
3.896000e-05	-3.436105e-03	8.852132e+00
3.897000e-05	-2.553596e-03	8.882158e+00
3.898000e-05	-1.946705e-03	8.841157e+00
3.899000e-05	-4.040008e-03	8.872133e+00
3.900000e-05	-3.428125e-03	8.831632e+00
3.901000e-05	-3.536184e-03	8.841134e+00
3.902000e-05	-3.462601e-03	8.881608e+00
3.903000e-05	-2.967368e-03	8.820078e+00
3.904000e-05	-1.561097e-03	8.849506e+00
3.905000e-05	-2.557605e-03	8.821075e+00
3.906000e-05	-3.383986e-03	8.757374e+00
3.907000e-05	-3.863657e-03	8.775844e+00
3.908000e-05	-3.853931e-03	8.755290e+00
3.909000e-05	-2.701528e-03	8.722236e+00
3.910000e-05	-1.948530e-03	8.671129e+00
3.911000e-05	-1.793840e-03	8.620527e+00
3.912000e-05	-2.951922e-03	8.547499e+00
3.913000e-05	-2.666853e-03	8.525341e+00
3.914000e-05	-3.456411e-03	8.482708e+00
3.915000e-05	-3.395521e-03	8.430504e+00
3.916000e-05	-2.342017e-03	8.390027e+00
3.917000e-05	-2.927554e-03	8.356368e+00
3.918000e-05	-2.348884e-03	8.243207e+00
3.919000e-05	-1.748495e-03	8.228969e+00
3.920000e-05	-1.682138e-03	8.122371e+00
3.921000e-05	-2.236227e-03	8.081629e+00
3.922000e-05	-3.089723e-03	8.008326e+00
3.923000e-05	-2.221096e-03	7.924306e+00
3.924000e-05	-3.206536e-03	7.839130e+00
3.925000e-05	-2.762746e-03	7.766992e+00
3.926000e-05	-2.133358e-03	7.702159e+00
3.927000e-05	-2.034846e-03	7.627474e+00
3.928000e-05	-4.576233e-03	7.499656e+00
3.929000e-05	-2.888542e-03	7.335798e+00
3.930000e-05	-2.334416e-03	7.270130e+00
3.931000e-05	-1.467405e-03	7.176874e+00
3.932000e-05	-3.303527e-03	7.071633e+00
3.933000e-05	-3.792614e-03	6.986442e+00
3.934000e-05	-2.002320e-03	6.852106e+00
3.935000e-05	-1.958493e-03	6.786950e+00
3.936000e-05	-3.247207e-03	6.671658e+00
3.937000e-05	-3.587417e-03	6.513888e+00
3.938000e-05	-3.256991e-03	6.388121e+00
3.939000e-05	-2.884785e-03	6.323286e+00
3.940000e-05	-2.703862e-03	6.187949e+00
3.941000e-05	-3.868217e-03	6.083132e+00
3.942000e-05	-3.079984e-03	5.977949e+00
3.943000e-05	-2.813061e-03	5.859181e+00
3.944000e-05	-2.934854e-03	5.671187e+00
3.945000e-05	-3.446581e-03	5.534891e+00
3.946000e-05	-3.255036e-03	5.439055e+00
3.947000e-05	-3.070347e-03	5.290658e+00
3.948000e-05	-3.372255e-03	5.162842e+00
3.949000e-05	-4.153605e-03	4.935264e+00
3.950000e-05	-3.454086e-03	4.777395e+00
3.951000e-05	-3.162850e-03	4.671054e+00
3.952000e-05	-2.986761e-03	4.515311e+00
3.953000e-05	-3.278697e-03	4.359025e+00
3.954000e-05	-3.082822e-03	4.260731e+00
3.955000e-05	-2.476112e-03	4.060781e+00
3.956000e-05	-4.190919e-03	3.934713e+00
3.957000e-05	-4.395747e-03	3.808525e+00
3.958000e-05	-3.693920e-03	3.681529e+00
3.959000e-05	-3.934697e-03	3.532762e+00
3.960000e-05	-3.154011e-03	3.375842e+00
3.961000e-05	-4.494150e-03	3.189421e+00
3.962000e-05	-4.003207e-03	3.031058e+00
3.963000e-05	-3.509346e-03	2.922711e+00
3.964000e-05	-3.050608e-03	2.778920e+00
3.965000e-05	-3.362909e-03	2.577441e+00
3.966000e-05	-4.286534e-03	2.377400e+00
3.967000e-05	-3.689935e-03	2.260107e+00
3.968000e-05	-3.751771e-03	2.103259e+00
3.969000e-05	-2.556398e-03	1.956417e+00
3.970000e-05	-3.594769e-03	1.817521e+00
3.971000e-05	-3.589009e-03	1.628975e+00
3.972000e-05	-3.476422e-03	1.460553e+00
3.973000e-05	-2.779848e-03	1.273683e+00
3.974000e-05	-3.579422e-03	1.082682e+00
3.975000e-05	-3.587721e-03	8.627333e-01
3.976000e-05	-4.149685e-03	7.333707e-01
3.977000e-05	-3.796373e-03	5.464410e-01
3.978000e-05	-3.999667e-03	4.005490e-01
3.979000e-05	-2.760979e-03	2.211565e-01
3.980000e-05	-2.403412e-03	6.217790e-02
3.981000e-05	8.966377e-04	-1.156618e-01
3.982000e-05	2.192816e-03	-2.636278e-01
3.983000e-05	-9.983925e-04	-3.913972e-01
3.984000e-05	-3.897153e-04	-5.272907e-01
3.985000e-05	-1.031023e-03	-7.482894e-01
3.986000e-05	-6.752762e-04	-8.625814e-01
3.987000e-05	-1.644987e-03	-9.613736e-01
3.988000e-05	9.924789e-03	-1.116266e+00
3.989000e-05	5.688183e-02	-1.285661e+00
3.990000e-05	2.632501e-02	-1.548242e+00
3.991000e-05	-5.703010e-02	-1.800375e+00
3.992000e-05	-4.375288e-02	-1.989901e+00
3.993000e-05	-7.932294e-02	-2.075107e+00
3.994000e-05	1.067275e-01	-2.114082e+00
3.995000e-05	2.260994e-02	-2.223554e+00
3.996000e-05	-1.258589e-01	-2.506264e+00
3.997000e-05	1.200051e-01	-2.590500e+00
3.998000e-05	3.049455e-03	-2.736689e+00
3.999000e-05	-1.342784e-01	-2.968250e+00
4.000000e-05	1.268788e-01	-3.115216e+00
4.001000e-05	-1.983218e-03	-3.242579e+00
4.002000e-05	-8.803574e-02	-3.422901e+00
4.003000e-05	1.205514e-01	-3.525241e+00
4.004000e-05	-7.838299e-02	-3.677163e+00
4.005000e-05	-1.254157e-02	-3.896663e+00
4.006000e-05	6.676350e-02	-4.042480e+00
4.007000e-05	-9.681226e-02	-4.181378e+00
4.008000e-05	7.307848e-02	-4.326216e+00
4.009000e-05	3.305948e-03	-4.430976e+00
4.010000e-05	-7.068592e-02	-4.552424e+00
4.011000e-05	8.849369e-02	-4.787771e+00
4.012000e-05	-3.823259e-02	-4.887239e+00
4.013000e-05	-1.129096e-02	-5.053080e+00
4.014000e-05	1.729760e-03	-5.137444e+00
4.015000e-05	-1.465576e-02	-5.337788e+00
4.016000e-05	4.788845e-02	-5.506767e+00
4.017000e-05	-5.428228e-02	-5.663078e+00
4.018000e-05	2.813691e-02	-5.767402e+00
4.019000e-05	1.209412e-02	-5.874634e+00
4.020000e-05	-4.190957e-02	-5.989424e+00
4.021000e-05	1.847344e-02	-6.074580e+00
4.022000e-05	-1.888622e-02	-6.252035e+00
4.023000e-05	5.161872e-02	-6.359900e+00
4.024000e-05	-2.470423e-02	-6.483635e+00
4.025000e-05	-4.557735e-02	-6.589974e+00
4.026000e-05	4.099835e-02	-6.684133e+00
4.027000e-05	-8.568119e-03	-6.749449e+00
4.028000e-05	6.424634e-04	-6.912680e+00
4.029000e-05	-1.985466e-02	-7.071449e+00
4.030000e-05	2.065081e-02	-7.179345e+00
4.031000e-05	8.877153e-03	-7.251029e+00
4.032000e-05	-3.940397e-02	-7.355791e+00
4.033000e-05	1.262682e-02	-7.429923e+00
4.034000e-05	6.045062e-03	-7.514264e+00
4.035000e-05	-7.570486e-04	-7.609925e+00
4.036000e-05	-2.014222e-02	-7.726561e+00
4.037000e-05	5.643578e-03	-7.833605e+00
4.038000e-05	1.744586e-02	-7.976694e+00
4.039000e-05	-2.009319e-02	-8.019052e+00
4.040000e-05	-4.330343e-03	-8.103133e+00
4.041000e-05	1.551788e-03	-8.155271e+00
4.042000e-05	3.682743e-03	-8.189527e+00
4.043000e-05	-8.883216e-03	-8.284087e+00
4.044000e-05	-1.457028e-03	-8.336292e+00
4.045000e-05	5.663090e-03	-8.388950e+00
4.046000e-05	-1.018070e-02	-8.400001e+00
4.047000e-05	-3.160254e-03	-8.451580e+00
4.048000e-05	8.606127e-04	-8.485260e+00
4.049000e-05	1.544769e-03	-8.636371e+00
4.050000e-05	-4.190167e-03	-8.629031e+00
4.051000e-05	-3.331644e-03	-8.693661e+00
4.052000e-05	-2.044454e-03	-8.775242e+00
4.053000e-05	-4.725458e-03	-8.747900e+00
4.054000e-05	-1.971827e-03	-8.798850e+00
4.055000e-05	-1.157719e-03	-8.819928e+00
4.056000e-05	-4.641554e-03	-8.840576e+00
4.057000e-05	-5.259483e-03	-8.841582e+00
4.058000e-05	-8.035722e-04	-8.892107e+00
4.059000e-05	-1.957965e-03	-8.863161e+00
4.060000e-05	-5.281841e-03	-8.853661e+00
4.061000e-05	-3.007796e-03	-8.875083e+00
4.062000e-05	-5.416899e-04	-8.923713e+00
4.063000e-05	-3.185401e-03	-8.893213e+00
4.064000e-05	-4.424241e-03	-8.884212e+00
4.065000e-05	-3.237632e-03	-8.915162e+00
4.066000e-05	-2.559141e-03	-8.903712e+00
4.067000e-05	-3.492318e-03	-8.923132e+00
4.068000e-05	-3.622187e-03	-8.862133e+00
4.069000e-05	-2.214994e-03	-8.861108e+00
4.070000e-05	-3.192790e-03	-8.860629e+00
4.071000e-05	-4.409832e-03	-8.840601e+00
4.072000e-05	-3.879237e-03	-8.830479e+00
4.073000e-05	-2.106556e-03	-8.788374e+00
4.074000e-05	-2.463342e-03	-8.746295e+00
4.075000e-05	-3.267677e-03	-8.783663e+00
4.076000e-05	-4.466501e-03	-8.679205e+00
4.077000e-05	-3.312393e-03	-8.640399e+00
4.078000e-05	-2.378283e-03	-8.526340e+00
4.079000e-05	-4.243751e-03	-8.443589e+00
4.080000e-05	-4.787448e-03	-8.391079e+00
4.081000e-05	-2.943936e-03	-8.409449e+00
4.082000e-05	-3.275235e-03	-8.366845e+00
4.083000e-05	-4.218845e-03	-8.294109e+00
4.084000e-05	-4.389975e-03	-8.220501e+00
4.085000e-05	-3.610775e-03	-8.176843e+00
4.086000e-05	-3.340276e-03	-8.114711e+00
4.087000e-05	-4.541071e-03	-8.011978e+00
4.088000e-05	-3.467688e-03	-7.979347e+00
4.089000e-05	-3.635728e-03	-7.914240e+00
4.090000e-05	-3.839790e-03	-7.827902e+00
4.091000e-05	-4.300242e-03	-7.702081e+00
4.092000e-05	-4.359144e-03	-7.577897e+00
4.093000e-05	-4.280847e-03	-7.502687e+00
4.094000e-05	-4.094275e-03	-7.419975e+00
4.095000e-05	-3.157841e-03	-7.334711e+00
4.096000e-05	-3.563744e-03	-7.240557e+00
4.097000e-05	-4.211046e-03	-7.177247e+00
4.098000e-05	-3.810206e-03	-6.999448e+00
4.099000e-05	-3.703866e-03	-6.934215e+00
4.100000e-05	-4.470558e-03	-6.798951e+00
4.101000e-05	-4.450441e-03	-6.733212e+00
4.102000e-05	-3.627646e-03	-6.618929e+00
4.103000e-05	-2.660021e-03	-6.532687e+00
4.104000e-05	-3.776818e-03	-6.407476e+00
4.105000e-05	-3.164006e-03	-6.312561e+00
4.106000e-05	-3.527863e-03	-6.123716e+00
4.107000e-05	-4.220350e-03	-6.018949e+00
4.108000e-05	-5.077076e-03	-5.913611e+00
4.109000e-05	-4.184463e-03	-5.746969e+00
4.110000e-05	-3.804882e-03	-5.630055e+00
4.111000e-05	-4.406806e-03	-5.524736e+00
4.112000e-05	-3.290805e-03	-5.356264e+00
4.113000e-05	-3.483934e-03	-5.166875e+00
4.114000e-05	-4.031811e-03	-5.041006e+00
4.115000e-05	-5.157330e-03	-4.881158e+00
4.116000e-05	-4.234651e-03	-4.684165e+00
4.117000e-05	-4.464179e-03	-4.565868e+00
4.118000e-05	-4.699326e-03	-4.452130e+00
4.119000e-05	-4.722369e-03	-4.365815e+00
4.120000e-05	-3.800216e-03	-4.189553e+00
4.121000e-05	-5.057841e-03	-4.073134e+00
4.122000e-05	-4.558246e-03	-3.977394e+00
4.123000e-05	-3.655432e-03	-3.795973e+00
4.124000e-05	-3.983177e-03	-3.589004e+00
4.125000e-05	-4.152033e-03	-3.472627e+00
4.126000e-05	-4.914741e-03	-3.344259e+00
4.127000e-05	-4.331051e-03	-3.167921e+00
4.128000e-05	-4.088199e-03	-3.009452e+00
4.129000e-05	-3.820532e-03	-2.861055e+00
4.130000e-05	-4.525812e-03	-2.704309e+00
4.131000e-05	-5.238112e-03	-2.516420e+00
4.132000e-05	-4.132845e-03	-2.377500e+00
4.133000e-05	-4.941038e-03	-2.249050e+00
4.134000e-05	-3.978795e-03	-2.032053e+00
4.135000e-05	-5.187807e-03	-1.893187e+00
4.136000e-05	-3.600887e-03	-1.765367e+00
4.137000e-05	-3.929872e-03	-1.597976e+00
4.138000e-05	-4.703096e-03	-1.406998e+00
4.139000e-05	-5.192935e-03	-1.198051e+00
4.140000e-05	-3.507368e-03	-1.020576e+00
4.141000e-05	-4.322727e-03	-8.931330e-01
4.142000e-05	-4.972911e-03	-7.343121e-01
4.143000e-05	-4.737844e-03	-5.326607e-01
4.144000e-05	-3.814541e-03	-3.683974e-01
4.145000e-05	-3.846191e-03	-1.900276e-01
4.146000e-05	-3.653692e-03	-6.250914e-02
4.147000e-05	8.585220e-04	1.047381e-01
4.148000e-05	9.676808e-05	2.572893e-01
4.149000e-05	-3.475042e-03	4.226028e-01
4.150000e-05	-9.469714e-04	5.393970e-01
4.151000e-05	-3.561212e-03	6.942644e-01
4.152000e-05	-2.856077e-03	8.536540e-01
4.153000e-05	-2.906357e-03	1.021004e+00
4.154000e-05	6.951918e-03	1.211578e+00
4.155000e-05	3.788225e-02	1.389373e+00
4.156000e-05	4.636124e-02	1.592155e+00
4.157000e-05	-3.432197e-02	1.831153e+00
4.158000e-05	-4.547979e-02	1.949472e+00
4.159000e-05	-6.935613e-02	2.087209e+00
4.160000e-05	-1.866090e-02	2.219001e+00
4.161000e-05	1.175522e-01	2.298264e+00
4.162000e-05	-5.089499e-02	2.424181e+00
4.163000e-05	-5.787150e-02	2.609075e+00
4.164000e-05	1.174592e-01	2.760000e+00
4.165000e-05	-8.868933e-02	2.988470e+00
4.166000e-05	-2.515156e-02	3.094733e+00
4.167000e-05	9.979441e-02	3.200002e+00
4.168000e-05	-7.078786e-02	3.390101e+00
4.169000e-05	-1.421063e-02	3.558924e+00
4.170000e-05	6.467997e-02	3.705262e+00
4.171000e-05	-6.425324e-02	3.861205e+00
4.172000e-05	2.023757e-02	4.000000e+00
4.173000e-05	2.754193e-03	4.171417e+00
4.174000e-05	-3.646224e-02	4.366942e+00
4.175000e-05	2.652524e-02	4.495159e+00
4.176000e-05	-8.677159e-03	4.632105e+00
4.177000e-05	-1.362139e-04	4.757921e+00
4.178000e-05	2.019235e-02	4.967340e+00
4.179000e-05	-1.407561e-02	5.137897e+00
4.180000e-05	-2.272109e-02	5.295236e+00
4.181000e-05	2.164402e-03	5.402028e+00
4.182000e-05	2.465571e-02	5.526843e+00
4.183000e-05	-1.193834e-02	5.651578e+00
4.184000e-05	-1.063443e-02	5.761456e+00
4.185000e-05	6.001906e-03	5.977972e+00
4.186000e-05	-8.941984e-03	6.065204e+00
4.187000e-05	2.300152e-03	6.177396e+00
4.188000e-05	-6.205936e-03	6.305687e+00
4.189000e-05	3.297917e-03	6.387475e+00
4.190000e-05	1.291928e-02	6.494660e+00
4.191000e-05	-2.072822e-02	6.692160e+00
4.192000e-05	-9.034115e-03	6.779004e+00
4.193000e-05	1.040421e-02	6.860680e+00
4.194000e-05	4.765712e-03	6.926288e+00
4.195000e-05	-1.194049e-02	7.020531e+00
4.196000e-05	-4.906588e-03	7.147371e+00
4.197000e-05	1.313278e-02	7.211054e+00
4.198000e-05	-6.102410e-03	7.294263e+00
4.199000e-05	-1.184716e-02	7.473112e+00
4.200000e-05	-2.275017e-04	7.588098e+00
4.201000e-05	6.102030e-03	7.682631e+00
4.202000e-05	-4.800677e-03	7.767416e+00
4.203000e-05	-8.368672e-03	7.862159e+00
4.204000e-05	4.817794e-03	7.977948e+00
4.205000e-05	1.008373e-04	8.042680e+00
4.206000e-05	-6.314109e-03	8.157814e+00
4.207000e-05	-2.844015e-03	8.229005e+00
4.208000e-05	2.404823e-03	8.242639e+00
4.209000e-05	-4.073288e-03	8.335265e+00
4.210000e-05	-5.374434e-03	8.408499e+00
4.211000e-05	3.780427e-04	8.420554e+00
4.212000e-05	-2.046812e-03	8.511056e+00
4.213000e-05	-6.339827e-03	8.494162e+00
4.214000e-05	-1.567357e-03	8.546798e+00
4.215000e-05	9.397837e-04	8.647974e+00
4.216000e-05	-4.891960e-04	8.641608e+00
4.217000e-05	-3.425623e-03	8.681158e+00
4.218000e-05	-3.265097e-03	8.703662e+00
4.219000e-05	-3.979292e-03	8.754842e+00
4.220000e-05	-3.958448e-03	8.717425e+00
4.221000e-05	-8.621137e-04	8.787899e+00
4.222000e-05	-2.078295e-03	8.798001e+00
4.223000e-05	-4.058593e-03	8.810951e+00
4.224000e-05	-3.289175e-03	8.810553e+00
4.225000e-05	-2.270933e-03	8.841135e+00
4.226000e-05	-1.705323e-03	8.841132e+00
4.227000e-05	-3.879687e-03	8.862630e+00
4.228000e-05	-2.466896e-03	8.851135e+00
4.229000e-05	-3.180882e-03	8.843657e+00
4.230000e-05	-2.749118e-03	8.921633e+00
4.231000e-05	-2.902554e-03	8.862156e+00
4.232000e-05	-2.107293e-03	8.852054e+00
4.233000e-05	-2.417633e-03	8.831608e+00
4.234000e-05	-4.206034e-03	8.850633e+00
4.235000e-05	-2.454390e-03	8.810078e+00
4.236000e-05	-2.496826e-03	8.810104e+00
4.237000e-05	-3.316142e-03	8.818921e+00
4.238000e-05	-3.418949e-03	8.777843e+00
4.239000e-05	-2.868397e-03	8.745368e+00
4.240000e-05	-2.402544e-03	8.716769e+00
4.241000e-05	-2.260978e-03	8.693685e+00
4.242000e-05	-3.237202e-03	8.671132e+00
4.243000e-05	-2.784457e-03	8.620498e+00
4.244000e-05	-2.838109e-03	8.574420e+00
4.245000e-05	-2.851469e-03	8.574215e+00
4.246000e-05	-3.262665e-03	8.452136e+00
4.247000e-05	-3.376655e-03	8.419577e+00
4.248000e-05	-2.356719e-03	8.388974e+00
4.249000e-05	-3.172787e-03	8.353815e+00
4.250000e-05	-2.982395e-03	8.280156e+00
4.251000e-05	-2.818251e-03	8.196371e+00
4.252000e-05	-1.536429e-03	8.103819e+00
4.253000e-05	-2.982936e-03	8.028603e+00
4.254000e-05	-2.969701e-03	7.966846e+00
4.255000e-05	-3.556969e-03	7.911240e+00
4.256000e-05	-2.527314e-03	7.828500e+00
4.257000e-05	-2.913338e-03	7.744815e+00
4.258000e-05	-2.157840e-03	7.631555e+00
4.259000e-05	-2.372749e-03	7.578946e+00
4.260000e-05	-2.907483e-03	7.489628e+00
4.261000e-05	-2.604693e-03	7.324263e+00
4.262000e-05	-2.731290e-03	7.210029e+00
4.263000e-05	-3.309713e-03	7.156291e+00
4.264000e-05	-2.628311e-03	7.039503e+00
4.265000e-05	-3.192694e-03	6.955238e+00
4.266000e-05	-2.930602e-03	6.811532e+00
4.267000e-05	-3.494472e-03	6.735842e+00
4.268000e-05	-2.463911e-03	6.680550e+00
4.269000e-05	-2.788844e-03	6.451784e+00
4.270000e-05	-3.761167e-03	6.356920e+00
4.271000e-05	-3.859473e-03	6.271157e+00
4.272000e-05	-2.038506e-03	6.165414e+00
4.273000e-05	-2.378919e-03	6.030704e+00
4.274000e-05	-2.992733e-03	5.955319e+00
4.275000e-05	-3.671458e-03	5.806966e+00
4.276000e-05	-3.015492e-03	5.599555e+00
4.277000e-05	-3.462709e-03	5.512709e+00
4.278000e-05	-3.171951e-03	5.376446e+00
4.279000e-05	-2.949209e-03	5.251081e+00
4.280000e-05	-2.897813e-03	5.061525e+00
4.281000e-05	-3.374446e-03	4.863657e+00
4.282000e-05	-3.687713e-03	4.726814e+00
4.283000e-05	-4.196033e-03	4.577501e+00
4.284000e-05	-3.738644e-03	4.481758e+00
4.285000e-05	-4.229673e-03	4.335871e+00
4.286000e-05	-3.447408e-03	4.185969e+00
4.287000e-05	-2.781750e-03	4.029528e+00
4.288000e-05	-3.635184e-03	3.881183e+00
4.289000e-05	-3.913125e-03	3.737363e+00
4.290000e-05	-3.863104e-03	3.609053e+00
4.291000e-05	-4.174403e-03	3.481681e+00
4.292000e-05	-2.970568e-03	3.252584e+00
4.293000e-05	-2.899598e-03	3.153895e+00
4.294000e-05	-3.274486e-03	3.007020e+00
4.295000e-05	-4.657608e-03	2.849155e+00
4.296000e-05	-2.849572e-03	2.703811e+00
4.297000e-05	-3.693857e-03	2.523261e+00
4.298000e-05	-3.684044e-03	2.334892e+00
4.299000e-05	-3.178176e-03	2.186478e+00
4.300000e-05	-3.745362e-03	2.002608e+00
4.301000e-05	-3.664113e-03	1.884313e+00
4.302000e-05	-3.794548e-03	1.714364e+00
4.303000e-05	-3.890212e-03	1.525846e+00
4.304000e-05	-2.274409e-03	1.365492e+00
4.305000e-05	-3.578186e-03	1.208601e+00
4.306000e-05	-4.269107e-03	9.874942e-01
4.307000e-05	-3.274708e-03	8.195528e-01
4.308000e-05	-2.165737e-03	6.626345e-01
4.309000e-05	-3.929198e-03	4.938119e-01
4.310000e-05	-4.586424e-03	3.454436e-01
4.311000e-05	-3.283671e-03	1.453962e-01
4.312000e-05	-9.477371e-04	-2.192743e-02
4.313000e-05	2.004498e-03	-1.373196e-01
4.314000e-05	1.493348e-03	-2.757343e-01
4.315000e-05	-5.123124e-04	-4.330025e-01
4.316000e-05	-2.579711e-04	-6.028997e-01
4.317000e-05	-1.885052e-03	-7.604484e-01
4.318000e-05	-4.107193e-04	-9.247380e-01
4.319000e-05	3.960461e-04	-1.032080e+00
4.320000e-05	2.270160e-02	-1.208946e+00
4.321000e-05	6.234157e-02	-1.350795e+00
4.322000e-05	-1.649161e-02	-1.642582e+00
4.323000e-05	-4.785874e-02	-1.834137e+00
4.324000e-05	-6.773220e-02	-2.032004e+00
4.325000e-05	-2.752430e-02	-2.054158e+00
4.326000e-05	1.363827e-01	-2.106216e+00
4.327000e-05	-7.712068e-02	-2.340347e+00
4.328000e-05	-5.927391e-02	-2.578901e+00
4.329000e-05	1.409706e-01	-2.650977e+00
4.330000e-05	-1.112646e-01	-2.771400e+00
4.331000e-05	-4.193441e-02	-3.062479e+00
4.332000e-05	1.374343e-01	-3.178368e+00
4.333000e-05	-9.041601e-02	-3.285186e+00
4.334000e-05	-1.975789e-03	-3.444087e+00
4.335000e-05	8.266830e-02	-3.589371e+00
4.336000e-05	-1.159398e-01	-3.718343e+00
4.337000e-05	6.677247e-02	-3.958422e+00
4.338000e-05	-9.060401e-03	-4.064184e+00
4.339000e-05	-6.124563e-02	-4.272129e+00
4.340000e-05	1.002947e-01	-4.367794e+00
4.341000e-05	-6.856805e-02	-4.485633e+00
4.342000e-05	-2.041831e-03	-4.673083e+00
4.343000e-05	6.323367e-02	-4.789450e+00
4.344000e-05	-6.045987e-02	-4.948395e+00
4.345000e-05	1.872463e-02	-5.074209e+00
4.346000e-05	-2.341802e-02	-5.212525e+00
4.347000e-05	2.123722e-02	-5.391406e+00
4.348000e-05	1.505725e-02	-5.558320e+00
4.349000e-05	-4.886732e-02	-5.684655e+00
4.350000e-05	5.563406e-02	-5.778976e+00
4.351000e-05	-3.017452e-02	-5.927740e+00
4.352000e-05	-1.280980e-02	-6.021501e+00
4.353000e-05	5.754515e-03	-6.124741e+00
4.354000e-05	-4.030707e-03	-6.306215e+00
4.355000e-05	4.930824e-02	-6.421527e+00
4.356000e-05	-6.136376e-02	-6.526615e+00
4.357000e-05	-4.896349e-04	-6.629480e+00
4.358000e-05	2.712238e-02	-6.747792e+00
4.359000e-05	-1.180081e-02	-6.830001e+00
4.360000e-05	-2.208149e-03	-6.954162e+00
4.361000e-05	-1.710608e-02	-7.104663e+00
4.362000e-05	3.484835e-02	-7.197874e+00
4.363000e-05	-1.990300e-02	-7.253606e+00
4.364000e-05	-2.188089e-02	-7.358370e+00
4.365000e-05	1.642561e-02	-7.471530e+00
4.366000e-05	1.932342e-03	-7.556368e+00
4.367000e-05	-4.333186e-03	-7.632030e+00
4.368000e-05	-1.948471e-02	-7.767672e+00
4.369000e-05	1.823804e-02	-7.874164e+00
4.370000e-05	1.739136e-03	-7.969397e+00
4.371000e-05	-1.643904e-02	-8.000528e+00
4.372000e-05	-1.276047e-03	-8.094158e+00
4.373000e-05	3.443524e-03	-8.168322e+00
4.374000e-05	1.555806e-03	-8.230954e+00
4.375000e-05	-1.091974e-02	-8.265639e+00
4.376000e-05	3.000574e-03	-8.368792e+00
4.377000e-05	1.676410e-04	-8.429975e+00
4.378000e-05	-8.066748e-03	-8.411028e+00
4.379000e-05	-2.163927e-03	-8.484107e+00
4.380000e-05	9.944303e-04	-8.557685e+00
4.381000e-05	4.506350e-04	-8.596844e+00
4.382000e-05	-4.000775e-03	-8.624078e+00
4.383000e-05	-2.755553e-03	-8.743690e+00
4.384000e-05	-3.253545e-03	-8.756816e+00
4.385000e-05	-4.315069e-03	-8.758896e+00
4.386000e-05	-8.770264e-04	-8.789447e+00
4.387000e-05	-2.443112e-03	-8.821078e+00
4.388000e-05	-5.192946e-03	-8.861004e+00
4.389000e-05	-3.556980e-03	-8.852105e+00
4.390000e-05	-6.766017e-04	-8.872158e+00
4.391000e-05	-3.949058e-03	-8.851654e+00
4.392000e-05	-5.052852e-03	-8.882558e+00
4.393000e-05	-1.898438e-03	-8.904137e+00
4.394000e-05	-1.199351e-03	-8.942787e+00
4.395000e-05	-4.128435e-03	-8.904136e+00
4.396000e-05	-4.585002e-03	-8.884813e+00
4.397000e-05	-3.448455e-03	-8.886689e+00
4.398000e-05	-2.931679e-03	-8.932658e+00
4.399000e-05	-3.719500e-03	-8.873184e+00
4.400000e-05	-3.300790e-03	-8.892155e+00
4.401000e-05	-2.409323e-03	-8.841679e+00
4.402000e-05	-3.004232e-03	-8.840655e+00
4.403000e-05	-5.110338e-03	-8.830455e+00
4.404000e-05	-2.982433e-03	-8.790999e+00
4.405000e-05	-3.096748e-03	-8.776971e+00
4.406000e-05	-1.857528e-03	-8.745670e+00
4.407000e-05	-2.885234e-03	-8.723666e+00
4.408000e-05	-2.561522e-03	-8.681053e+00
4.409000e-05	-2.843141e-03	-8.618322e+00
4.410000e-05	-3.794893e-03	-8.565238e+00
4.411000e-05	-6.029015e-03	-8.472032e+00
4.412000e-05	-4.786459e-03	-8.401026e+00
4.413000e-05	-4.259105e-03	-8.378423e+00
4.414000e-05	-2.595622e-03	-8.314737e+00
4.415000e-05	-4.901977e-03	-8.280059e+00
4.416000e-05	-3.083387e-03	-8.178451e+00
4.417000e-05	-3.553922e-03	-8.146690e+00
4.418000e-05	-3.468109e-03	-8.083185e+00
4.419000e-05	-4.600486e-03	-8.001026e+00
4.420000e-05	-4.476021e-03	-7.937369e+00
4.421000e-05	-4.742502e-03	-7.923528e+00
4.422000e-05	-4.593236e-03	-7.764820e+00
4.423000e-05	-3.722636e-03	-7.630576e+00
4.424000e-05	-3.395035e-03	-7.565343e+00
4.425000e-05	-3.895273e-03	-7.491133e+00
4.426000e-05	-3.880045e-03	-7.378969e+00
4.427000e-05	-3.982221e-03	-7.313633e+00
4.428000e-05	-3.493274e-03	-7.198027e+00
4.429000e-05	-4.686014e-03	-7.154335e+00
4.430000e-05	-4.057961e-03	-7.025396e+00
4.431000e-05	-4.111938e-03	-6.882111e+00
4.432000e-05	-4.500416e-03	-6.796895e+00
4.433000e-05	-3.360207e-03	-6.692659e+00
4.434000e-05	-2.479664e-03	-6.567845e+00
4.435000e-05	-3.031288e-03	-6.453080e+00
4.436000e-05	-4.406915e-03	-6.378499e+00
4.437000e-05	-4.573942e-03	-6.258423e+00
4.438000e-05	-3.899996e-03	-6.061680e+00
4.439000e-05	-4.431557e-03	-5.967364e+00
4.440000e-05	-3.343481e-03	-5.841552e+00
4.441000e-05	-3.922731e-03	-5.734287e+00
4.442000e-05	-3.960576e-03	-5.580525e+00
4.443000e-05	-4.673841e-03	-5.449182e+00
4.444000e-05	-3.541463e-03	-5.291233e+00
4.445000e-05	-3.899962e-03	-5.156339e+00
4.446000e-05	-5.540863e-03	-4.995975e+00
4.447000e-05	-4.910096e-03	-4.788850e+00
4.448000e-05	-4.014037e-03	-4.670231e+00
4.449000e-05	-4.510089e-03	-4.565313e+00
4.450000e-05	-4.530393e-03	-4.440053e+00
4.451000e-05	-4.190692e-03	-4.343212e+00
4.452000e-05	-3.825503e-03	-4.166394e+00
4.453000e-05	-4.718818e-03	-4.041103e+00
4.454000e-05	-4.091310e-03	-3.901836e+00
4.455000e-05	-4.566770e-03	-3.703262e+00
4.456000e-05	-4.193171e-03	-3.556920e+00
4.457000e-05	-4.981051e-03	-3.440550e+00
4.458000e-05	-4.181248e-03	-3.261682e+00
4.459000e-05	-3.880700e-03	-3.155316e+00
4.460000e-05	-3.264296e-03	-2.927893e+00
4.461000e-05	-3.504976e-03	-2.788471e+00
4.462000e-05	-4.645480e-03	-2.641052e+00
4.463000e-05	-4.646041e-03	-2.523732e+00
4.464000e-05	-5.482647e-03	-2.346391e+00
4.465000e-05	-4.168027e-03	-2.158746e+00
4.466000e-05	-4.245574e-03	-1.967899e+00
4.467000e-05	-3.784997e-03	-1.861604e+00
4.468000e-05	-4.020135e-03	-1.673182e+00
4.469000e-05	-3.950502e-03	-1.545342e+00
4.470000e-05	-3.464544e-03	-1.323209e+00
4.471000e-05	-4.626994e-03	-1.115294e+00
4.472000e-05	-5.500421e-03	-9.774161e-01
4.473000e-05	-4.630664e-03	-8.009764e-01
4.474000e-05	-4.628481e-03	-6.526829e-01
4.475000e-05	-4.492478e-03	-4.526003e-01
4.476000e-05	-4.574411e-03	-3.147895e-01
4.477000e-05	-4.230978e-03	-1.463410e-01
4.478000e-05	-2.081262e-03	2.097337e-02
4.479000e-05	1.359182e-03	1.774222e-01
4.480000e-05	-3.277280e-04	3.494222e-01
4.481000e-05	-1.167702e-03	4.557605e-01
4.482000e-05	-1.612280e-03	6.510237e-01
4.483000e-05	-4.067285e-03	7.588459e-01
4.484000e-05	-2.674206e-03	8.947132e-01
4.485000e-05	1.135217e-04	1.065266e+00
4.486000e-05	1.366300e-02	1.265179e+00
4.487000e-05	4.833468e-02	1.483159e+00
4.488000e-05	1.987982e-02	1.707090e+00
4.489000e-05	-4.842335e-02	1.915238e+00
4.490000e-05	-4.453010e-02	2.021575e+00
4.491000e-05	-7.032515e-02	2.107293e+00
4.492000e-05	4.243989e-02	2.252579e+00
4.493000e-05	9.425902e-02	2.367424e+00
4.494000e-05	-1.143039e-01	2.527690e+00
4.495000e-05	2.670223e-02	2.692655e+00
4.496000e-05	6.904936e-02	2.853707e+00
4.497000e-05	-1.153290e-01	3.030000e+00
4.498000e-05	5.389372e-02	3.145718e+00
4.499000e-05	5.590349e-02	3.294132e+00
4.500000e-05	-9.674874e-02	3.453163e+00
4.501000e-05	5.353387e-02	3.591025e+00
4.502000e-05	1.071687e-02	3.747821e+00
4.503000e-05	-5.175592e-02	3.925737e+00
4.504000e-05	3.978141e-02	4.022605e+00
4.505000e-05	-2.412797e-02	4.173602e+00
4.506000e-05	-9.406784e-03	4.381000e+00
4.507000e-05	1.918231e-02	4.536843e+00
4.508000e-05	-1.711455e-02	4.723182e+00
4.509000e-05	1.632566e-02	4.792078e+00
4.510000e-05	1.053639e-02	5.022498e+00
4.511000e-05	-2.587042e-02	5.229974e+00
4.512000e-05	-1.717184e-02	5.367370e+00
4.513000e-05	1.289529e-02	5.482163e+00
4.514000e-05	1.606943e-02	5.589897e+00
4.515000e-05	-2.141801e-02	5.713154e+00
4.516000e-05	2.598033e-03	5.872736e+00
4.517000e-05	-1.701021e-03	5.988478e+00
4.518000e-05	-6.246604e-03	6.134736e+00
4.519000e-05	1.643246e-03	6.239003e+00
4.520000e-05	-8.639910e-03	6.336296e+00
4.521000e-05	1.435515e-02	6.420050e+00
4.522000e-05	1.566637e-03	6.566783e+00
4.523000e-05	-2.171076e-02	6.734840e+00
4.524000e-05	-1.421625e-03	6.820023e+00
4.525000e-05	1.149690e-02	6.855182e+00
4.526000e-05	-1.493307e-03	6.978002e+00
4.527000e-05	-1.404497e-02	7.084138e+00
4.528000e-05	4.466328e-03	7.188399e+00
4.529000e-05	1.003880e-02	7.282134e+00
4.530000e-05	-1.287439e-02	7.377817e+00
4.531000e-05	-8.845400e-03	7.533213e+00
4.532000e-05	4.534467e-03	7.591928e+00
4.533000e-05	2.426192e-03	7.702664e+00
4.534000e-05	-8.954114e-03	7.787972e+00
4.535000e-05	-4.162018e-03	7.864687e+00
4.536000e-05	6.167337e-03	8.029971e+00
4.537000e-05	-5.483822e-03	8.091660e+00
4.538000e-05	-6.833218e-03	8.167398e+00
4.539000e-05	-1.528899e-04	8.201627e+00
4.540000e-05	9.215254e-04	8.302168e+00
4.541000e-05	-4.752452e-03	8.346418e+00
4.542000e-05	-2.463652e-03	8.400475e+00
4.543000e-05	1.224719e-03	8.431129e+00
4.544000e-05	-5.728386e-03	8.492236e+00
4.545000e-05	-5.949861e-03	8.502137e+00
4.546000e-05	-1.700846e-03	8.607475e+00
4.547000e-05	1.497479e-03	8.630002e+00
4.548000e-05	-1.256549e-03	8.628503e+00
4.549000e-05	-1.945218e-03	8.653206e+00
4.550000e-05	-4.074657e-03	8.715263e+00
4.551000e-05	-4.465286e-03	8.735319e+00
4.552000e-05	-1.653495e-03	8.766419e+00
4.553000e-05	-1.352640e-04	8.778819e+00
4.554000e-05	-3.081890e-03	8.779950e+00
4.555000e-05	-5.133341e-03	8.821025e+00
4.556000e-05	-2.849343e-03	8.822030e+00
4.557000e-05	-3.444354e-04	8.871504e+00
4.558000e-05	-2.550575e-03	8.830656e+00
4.559000e-05	-3.266541e-03	8.831607e+00
4.560000e-05	-2.711877e-03	8.893103e+00
4.561000e-05	-2.211845e-03	8.872081e+00
4.562000e-05	-3.690379e-03	8.832629e+00
4.563000e-05	-2.171327e-03	8.842608e+00
4.564000e-05	-2.652811e-03	8.831108e+00
4.565000e-05	-2.993118e-03	8.851078e+00
4.566000e-05	-3.043527e-03	8.851054e+00
4.567000e-05	-1.461089e-03	8.840527e+00
4.568000e-05	-1.111079e-03	8.800000e+00
4.569000e-05	-3.369610e-03	8.787450e+00
4.570000e-05	-3.757619e-03	8.756367e+00
4.571000e-05	-3.182758e-03	8.765345e+00
4.572000e-05	-2.241433e-03	8.703683e+00
4.573000e-05	-2.902891e-03	8.651736e+00
4.574000e-05	-1.155594e-03	8.630055e+00
4.575000e-05	-2.367644e-03	8.587974e+00
4.576000e-05	-2.433115e-03	8.544343e+00
4.577000e-05	-3.387704e-03	8.473735e+00
4.578000e-05	-3.219137e-03	8.471685e+00
4.579000e-05	-2.520105e-03	8.419503e+00
4.580000e-05	-2.915230e-03	8.347919e+00
4.581000e-05	-2.743543e-03	8.321136e+00
4.582000e-05	-3.302239e-03	8.229023e+00
4.583000e-05	-2.875602e-03	8.115943e+00
4.584000e-05	-3.459640e-03	8.081737e+00
4.585000e-05	-3.898785e-03	8.048001e+00
4.586000e-05	-2.601143e-03	7.945291e+00
4.587000e-05	-2.312945e-03	7.891684e+00
4.588000e-05	-3.518732e-03	7.738492e+00
4.589000e-05	-3.600547e-03	7.702734e+00
4.590000e-05	-2.983255e-03	7.629500e+00
4.591000e-05	-3.999336e-03	7.542785e+00
4.592000e-05	-3.160532e-03	7.376976e+00
4.593000e-05	-2.900510e-03	7.261687e+00
4.594000e-05	-2.303517e-03	7.197920e+00
4.595000e-05	-3.976610e-03	7.094155e+00
4.596000e-05	-2.966966e-03	6.976981e+00
4.597000e-05	-2.924174e-03	6.903710e+00
4.598000e-05	-3.556791e-03	6.789500e+00
4.599000e-05	-3.650496e-03	6.711709e+00
4.600000e-05	-3.251802e-03	6.585370e+00
4.601000e-05	-2.997496e-03	6.410605e+00
4.602000e-05	-3.562958e-03	6.324867e+00
4.603000e-05	-2.847931e-03	6.199553e+00
4.604000e-05	-2.755864e-03	6.113260e+00
4.605000e-05	-3.098231e-03	5.999449e+00
4.606000e-05	-3.709748e-03	5.912158e+00
4.607000e-05	-3.255399e-03	5.714240e+00
4.608000e-05	-3.603082e-03	5.586999e+00
4.609000e-05	-4.273910e-03	5.450107e+00
4.610000e-05	-3.837432e-03	5.324319e+00
4.611000e-05	-2.984697e-03	5.154970e+00
4.612000e-05	-2.606771e-03	5.007370e+00
4.613000e-05	-3.459033e-03	4.848975e+00
4.614000e-05	-3.955611e-03	4.672659e+00
4.615000e-05	-3.356159e-03	4.544941e+00
4.616000e-05	-3.847009e-03	4.440556e+00
4.617000e-05	-3.257008e-03	4.321738e+00
4.618000e-05	-2.947946e-03	4.092762e+00
4.619000e-05	-3.275434e-03	3.967946e+00
4.620000e-05	-4.061210e-03	3.830101e+00
4.621000e-05	-3.913919e-03	3.703761e+00
4.622000e-05	-2.939013e-03	3.564971e+00
4.623000e-05	-3.483726e-03	3.376050e+00
4.624000e-05	-3.350736e-03	3.218978e+00
4.625000e-05	-4.319174e-03	3.092758e+00
4.626000e-05	-3.573238e-03	2.913413e+00
4.627000e-05	-3.477120e-03	2.779596e+00
4.628000e-05	-3.823665e-03	2.589150e+00
4.629000e-05	-3.110168e-03	2.450624e+00
4.630000e-05	-4.059762e-03	2.273734e+00
4.631000e-05	-3.379938e-03	2.162842e+00
4.632000e-05	-3.602497e-03	1.989003e+00
4.633000e-05	-4.020446e-03	1.811053e+00
4.634000e-05	-3.919472e-03	1.671653e+00
4.635000e-05	-3.674135e-03	1.493785e+00
4.636000e-05	-3.184185e-03	1.314337e+00
4.637000e-05	-3.231012e-03	1.127391e+00
4.638000e-05	-4.028159e-03	9.148621e-01
4.639000e-05	-3.413597e-03	7.463686e-01
4.640000e-05	-3.743684e-03	5.791238e-01
4.641000e-05	-3.099461e-03	4.516540e-01
4.642000e-05	-4.029689e-03	3.127098e-01
4.643000e-05	-3.733921e-03	1.127583e-01
4.644000e-05	-1.045033e-03	-7.563539e-02
4.645000e-05	2.337642e-03	-2.214524e-01
4.646000e-05	-1.477372e-04	-3.477957e-01
4.647000e-05	-5.351675e-04	-4.831142e-01
4.648000e-05	-9.446523e-04	-7.051602e-01
4.649000e-05	-1.501983e-03	-8.120289e-01
4.650000e-05	-6.149327e-04	-9.373431e-01
4.651000e-05	4.537119e-03	-1.105762e+00
4.652000e-05	4.210216e-02	-1.221531e+00
4.653000e-05	5.001708e-02	-1.424535e+00
4.654000e-05	-4.886005e-02	-1.717764e+00
4.655000e-05	-3.901225e-02	-1.938795e+00
4.656000e-05	-8.725526e-02	-2.063108e+00
4.657000e-05	4.735193e-02	-2.112682e+00
4.658000e-05	9.504984e-02	-2.209851e+00
4.659000e-05	-1.347218e-01	-2.433057e+00
4.660000e-05	3.349661e-02	-2.599450e+00
4.661000e-05	7.943986e-02	-2.683657e+00
4.662000e-05	-1.616410e-01	-2.876158e+00
4.663000e-05	5.946742e-02	-3.095137e+00
4.664000e-05	7.697740e-02	-3.220351e+00
4.665000e-05	-1.159368e-01	-3.348796e+00
4.666000e-05	9.082662e-02	-3.495636e+00
4.667000e-05	-3.745145e-03	-3.622531e+00
4.668000e-05	-8.307821e-02	-3.853403e+00
4.669000e-05	9.393285e-02	-4.009898e+00
4.670000e-05	-7.809354e-02	-4.148772e+00
4.671000e-05	1.658434e-02	-4.326687e+00
4.672000e-05	6.429637e-02	-4.418451e+00
4.673000e-05	-9.281903e-02	-4.528291e+00
4.674000e-05	6.666908e-02	-4.745632e+00
4.675000e-05	3.518097e-03	-4.854634e+00
4.676000e-05	-4.399295e-02	-4.998423e+00
4.677000e-05	1.708809e-02	-5.095788e+00
4.678000e-05	-3.114927e-02	-5.304632e+00
4.679000e-05	4.938507e-02	-5.466103e+00
4.680000e-05	-2.890010e-02	-5.599925e+00
4.681000e-05	-1.008140e-02	-5.736796e+00
4.682000e-05	4.357903e-02	-5.851579e+00
4.683000e-05	-4.963008e-02	-5.968346e+00
4.684000e-05	1.283124e-02	-6.052030e+00
4.685000e-05	-1.565586e-02	-6.188807e+00
4.686000e-05	2.772492e-02	-6.377797e+00
4.687000e-05	1.524236e-02	-6.451580e+00
4.688000e-05	-6.607485e-02	-6.579322e+00
4.689000e-05	3.256349e-02	-6.653059e+00
4.690000e-05	5.162641e-03	-6.787800e+00
4.691000e-05	-3.543737e-03	-6.851580e+00
4.692000e-05	-1.279542e-02	-6.968747e+00
4.693000e-05	-5.327161e-04	-7.145443e+00
4.694000e-05	2.937736e-02	-7.240450e+00
4.695000e-05	-3.878627e-02	-7.305139e+00
4.696000e-05	-1.382741e-03	-7.388377e+00
4.697000e-05	1.002806e-02	-7.483109e+00
4.698000e-05	1.992407e-03	-7.597896e+00
4.699000e-05	-1.221382e-02	-7.693162e+00
4.700000e-05	-9.192246e-03	-7.810424e+00
4.701000e-05	2.387267e-02	-7.905711e+00
4.702000e-05	-1.235204e-02	-8.010427e+00
4.703000e-05	-1.012858e-02	-8.022084e+00
4.704000e-05	6.268293e-04	-8.155164e+00
4.705000e-05	4.634932e-03	-8.168926e+00
4.706000e-05	-5.094786e-03	-8.252581e+00
4.707000e-05	-8.182078e-03	-8.327167e+00
4.708000e-05	6.972198e-03	-8.377900e+00
4.709000e-05	-5.340074e-03	-8.408951e+00
4.710000e-05	-5.643278e-03	-8.441005e+00
4.711000e-05	1.535680e-04	-8.515185e+00
4.712000e-05	9.361336e-04	-8.566344e+00
4.713000e-05	-1.913092e-03	-8.569328e+00
4.714000e-05	-5.099273e-03	-8.701113e+00
4.715000e-05	-2.521953e-03	-8.764267e+00
4.716000e-05	-4.466561e-03	-8.746318e+00
4.717000e-05	-2.454548e-03	-8.790372e+00
4.718000e-05	-1.047988e-03	-8.800475e+00
4.719000e-05	-2.988435e-03	-8.821953e+00
4.720000e-05	-4.787642e-03	-8.841577e+00
4.721000e-05	-1.797387e-03	-8.852080e+00
4.722000e-05	-1.652239e-03	-8.902607e+00
4.723000e-05	-4.306398e-03	-8.892157e+00
4.724000e-05	-4.858986e-03	-8.884134e+00
4.725000e-05	-1.733076e-03	-8.904212e+00
4.726000e-05	-3.088699e-03	-8.923237e+00
4.727000e-05	-4.426992e-03	-8.883108e+00
4.728000e-05	-3.042810e-03	-8.914221e+00
4.729000e-05	-2.311795e-03	-8.902664e+00
4.730000e-05	-3.087119e-03	-8.883636e+00
4.731000e-05	-4.292123e-03	-8.902655e+00
4.732000e-05	-2.192560e-03	-8.892183e+00
4.733000e-05	-3.682377e-03	-8.851983e+00
4.734000e-05	-3.590711e-03	-8.811030e+00
4.735000e-05	-3.389162e-03	-8.810025e+00
4.736000e-05	-2.913129e-03	-8.799498e+00
4.737000e-05	-2.246267e-03	-8.746392e+00
4.738000e-05	-3.179688e-03	-8.763616e+00
4.739000e-05	-2.857963e-03	-8.731993e+00
4.740000e-05	-4.267971e-03	-8.599520e+00
4.741000e-05	-3.663936e-03	-8.576395e+00
4.742000e-05	-4.015705e-03	-8.523238e+00
4.743000e-05	-4.320985e-03	-8.391586e+00
4.744000e-05	-3.852763e-03	-8.389055e+00
4.745000e-05	-3.217134e-03	-8.367319e+00
4.746000e-05	-3.828418e-03	-8.333660e+00
4.747000e-05	-4.136956e-03	-8.261055e+00
4.748000e-05	-4.079334e-03	-8.168447e+00
4.749000e-05	-3.725147e-03	-8.125132e+00
4.750000e-05	-3.681274e-03	-8.042556e+00
4.751000e-05	-3.859207e-03	-8.008949e+00
4.752000e-05	-3.971707e-03	-7.944764e+00
4.753000e-05	-4.296071e-03	-7.869951e+00
4.754000e-05	-3.611313e-03	-7.724161e+00
4.755000e-05	-3.689737e-03	-7.620501e+00
4.756000e-05	-3.995665e-03	-7.503160e+00
4.757000e-05	-4.794838e-03	-7.460505e+00
4.758000e-05	-3.784557e-03	-7.365816e+00
4.759000e-05	-3.076594e-03	-7.281056e+00
4.760000e-05	-4.110085e-03	-7.158421e+00
4.761000e-05	-3.697059e-03	-7.142701e+00
4.762000e-05	-3.895066e-03	-6.975788e+00
4.763000e-05	-3.623723e-03	-6.840553e+00
4.764000e-05	-4.364540e-03	-6.766842e+00
4.765000e-05	-3.214249e-03	-6.680949e+00
4.766000e-05	-3.403359e-03	-6.513788e+00
4.767000e-05	-4.787226e-03	-6.441604e+00
4.768000e-05	-3.899424e-03	-6.315188e+00
4.769000e-05	-3.263369e-03	-6.164743e+00
4.770000e-05	-3.228950e-03	-6.021006e+00
4.771000e-05	-5.047114e-03	-5.925713e+00
4.772000e-05	-2.988879e-03	-5.829478e+00
4.773000e-05	-2.988425e-03	-5.662707e+00
4.774000e-05	-5.341075e-03	-5.546346e+00
4.775000e-05	-6.136501e-03	-5.386449e+00
4.776000e-05	-4.478448e-03	-5.251473e+00
4.777000e-05	-4.229667e-03	-5.102184e+00
4.778000e-05	-4.641321e-03	-4.963818e+00
4.779000e-05	-4.281623e-03	-4.755319e+00
4.780000e-05	-3.086632e-03	-4.589599e+00
4.781000e-05	-4.125861e-03	-4.534209e+00
4.782000e-05	-5.360799e-03	-4.366870e+00
4.783000e-05	-4.309733e-03	-4.229528e+00
4.784000e-05	-4.531245e-03	-4.123736e+00
4.785000e-05	-4.010782e-03	-4.008471e+00
4.786000e-05	-4.831782e-03	-3.859077e+00
4.787000e-05	-3.695054e-03	-3.640104e+00
4.788000e-05	-3.504849e-03	-3.515237e+00
4.789000e-05	-5.197840e-03	-3.367472e+00
4.790000e-05	-3.690966e-03	-3.240103e+00
4.791000e-05	-3.886272e-03	-3.083679e+00
4.792000e-05	-4.075749e-03	-2.891208e+00
4.793000e-05	-4.098966e-03	-2.735315e+00
4.794000e-05	-5.850553e-03	-2.579969e+00
4.795000e-05	-5.200096e-03	-2.431554e+00
4.796000e-05	-5.233885e-03	-2.292658e+00
4.797000e-05	-4.385914e-03	-2.093734e+00
4.798000e-05	-3.228693e-03	-1.936841e+00
4.799000e-05	-2.399927e-03	-1.818024e+00
4.800000e-05	-4.242140e-03	-1.630581e+00
4.801000e-05	-3.776036e-03	-1.462685e+00
4.802000e-05	-6.991100e-03	-1.200477e+00
4.803000e-05	-4.508025e-03	-1.083154e+00
4.804000e-05	-6.429319e-03	-9.347909e-01
4.805000e-05	-4.328427e-03	-7.884699e-01
4.806000e-05	-4.837142e-03	-5.468225e-01
4.807000e-05	-2.536688e-03	-4.200265e-01
4.808000e-05	-2.933530e-03	-2.831818e-01
4.809000e-05	-3.644949e-03	-1.057358e-01
4.810000e-05	-4.517924e-04	2.310501e-02
4.811000e-05	3.958866e-04	2.330062e-01
4.812000e-05	-2.930868e-03	3.905012e-01
4.813000e-05	-2.566579e-03	5.268394e-01
4.814000e-05	-2.180400e-03	6.935827e-01
4.815000e-05	-2.527824e-03	8.010000e-01
4.816000e-05	-1.949220e-03	9.803946e-01
4.817000e-05	3.694537e-03	1.158898e+00
4.818000e-05	2.670712e-02	1.347862e+00
4.819000e-05	5.207386e-02	1.516769e+00
4.820000e-05	-1.213527e-02	1.828950e+00
4.821000e-05	-4.912383e-02	1.918318e+00
4.822000e-05	-5.838164e-02	2.053207e+00
4.823000e-05	-5.411907e-02	2.200422e+00
4.824000e-05	9.556353e-02	2.313715e+00
4.825000e-05	2.343563e-02	2.451580e+00
4.826000e-05	-1.083864e-01	2.578345e+00
4.827000e-05	1.052522e-01	2.716868e+00
4.828000e-05	-2.521955e-02	2.905715e+00
4.829000e-05	-8.125463e-02	3.092610e+00
4.830000e-05	9.759811e-02	3.129325e+00
4.831000e-05	-1.547496e-02	3.387341e+00
4.832000e-05	-6.576431e-02	3.545793e+00
4.833000e-05	8.115319e-02	3.673632e+00
4.834000e-05	-4.488208e-02	3.820529e+00
4.835000e-05	-1.195908e-02	3.958447e+00
4.836000e-05	2.841000e-02	4.155689e+00
4.837000e-05	-3.942247e-02	4.336315e+00
4.838000e-05	2.018384e-02	4.452631e+00
4.839000e-05	2.966891e-03	4.590026e+00
4.840000e-05	-1.255642e-02	4.736820e+00
4.841000e-05	2.210939e-02	4.904609e+00
4.842000e-05	-1.859838e-03	5.095760e+00
4.843000e-05	-2.661621e-02	5.242152e+00
4.844000e-05	-7.127832e-03	5.409475e+00
4.845000e-05	2.225819e-02	5.485767e+00
4.846000e-05	9.080039e-04	5.620975e+00
4.847000e-05	-1.729355e-02	5.758866e+00
4.848000e-05	8.491121e-03	5.935292e+00
4.849000e-05	-8.983914e-03	6.061078e+00
4.850000e-05	-2.804966e-03	6.136870e+00
4.851000e-05	-2.691178e-03	6.232586e+00
4.852000e-05	-4.804466e-03	6.357397e+00
4.853000e-05	1.822251e-02	6.472628e+00
4.854000e-05	-1.241130e-02	6.578976e+00
4.855000e-05	-1.474749e-02	6.777374e+00
4.856000e-05	5.015535e-03	6.841075e+00
4.857000e-05	7.751781e-03	6.924687e+00
4.858000e-05	-7.709067e-03	7.031453e+00
4.859000e-05	-9.632971e-03	7.126241e+00
4.860000e-05	1.135451e-02	7.218551e+00
4.861000e-05	-1.729599e-03	7.305208e+00
4.862000e-05	-1.310826e-02	7.409475e+00
4.863000e-05	-3.223355e-03	7.547945e+00
4.864000e-05	6.001621e-03	7.662006e+00
4.865000e-05	-2.714038e-03	7.725770e+00
4.866000e-05	-8.749473e-03	7.848981e+00
4.867000e-05	1.551832e-03	7.936359e+00
4.868000e-05	2.404472e-03	8.061587e+00
4.869000e-05	-6.195704e-03	8.084693e+00
4.870000e-05	-3.963051e-03	8.218042e+00
4.871000e-05	4.628847e-04	8.262028e+00
4.872000e-05	-2.663506e-03	8.303791e+00
4.873000e-05	-5.636709e-03	8.388921e+00
4.874000e-05	-3.651607e-04	8.430529e+00
4.875000e-05	1.936689e-04	8.452556e+00
4.876000e-05	-6.849497e-03	8.502136e+00
4.877000e-05	-4.263568e-03	8.515763e+00
4.878000e-05	7.190262e-04	8.617423e+00
4.879000e-05	3.876392e-04	8.631557e+00
4.880000e-05	-2.091200e-03	8.632108e+00
4.881000e-05	-3.638960e-03	8.724238e+00
4.882000e-05	-3.274144e-03	8.764746e+00
4.883000e-05	-4.579744e-03	8.735766e+00
4.884000e-05	-8.715848e-04	8.796897e+00
4.885000e-05	-1.266831e-03	8.798848e+00
4.886000e-05	-3.641310e-03	8.780978e+00
4.887000e-05	-4.610017e-03	8.810030e+00
4.888000e-05	-1.419085e-03	8.812099e+00
4.889000e-05	-6.519190e-04	8.840604e+00
4.890000e-05	-2.666713e-03	8.810553e+00
4.891000e-05	-3.456110e-03	8.841080e+00
4.892000e-05	-2.525858e-03	8.880554e+00
4.893000e-05	-2.915503e-03	8.852760e+00
4.894000e-05	-2.857922e-03	8.841157e+00
4.895000e-05	-2.956140e-03	8.852179e+00
4.896000e-05	-2.571081e-03	8.831157e+00
4.897000e-05	-3.473827e-03	8.821058e+00
4.898000e-05	-2.448520e-03	8.829050e+00
4.899000e-05	-1.967851e-03	8.800002e+00
4.900000e-05	-2.381141e-03	8.799473e+00
4.901000e-05	-3.274915e-03	8.788024e+00
4.902000e-05	-3.045519e-03	8.755371e+00
4.903000e-05	-2.526603e-03	8.724392e+00
4.904000e-05	-1.800529e-03	8.673163e+00
4.905000e-05	-2.243058e-03	8.660582e+00
4.906000e-05	-2.866659e-03	8.601103e+00
4.907000e-05	-2.927104e-03	8.576974e+00
4.908000e-05	-2.385565e-03	8.515316e+00
4.909000e-05	-3.046647e-03	8.473733e+00
4.910000e-05	-3.507950e-03	8.461606e+00
4.911000e-05	-2.553562e-03	8.377948e+00
4.912000e-05	-2.562338e-03	8.345918e+00
4.913000e-05	-2.626669e-03	8.252582e+00
4.914000e-05	-2.343185e-03	8.206476e+00
4.915000e-05	-1.777957e-03	8.137789e+00
4.916000e-05	-2.378798e-03	8.043132e+00
4.917000e-05	-3.659463e-03	8.016951e+00
4.918000e-05	-3.529253e-03	7.933762e+00
4.919000e-05	-3.753513e-03	7.828104e+00
4.920000e-05	-2.492580e-03	7.735865e+00
4.921000e-05	-3.105649e-03	7.642082e+00
4.922000e-05	-1.394783e-03	7.567497e+00
4.923000e-05	-3.801696e-03	7.479287e+00
4.924000e-05	-3.397594e-03	7.294366e+00
4.925000e-05	-3.969161e-03	7.231603e+00
4.926000e-05	-2.017758e-03	7.157367e+00
4.927000e-05	-3.607746e-03	7.031607e+00
4.928000e-05	-2.501829e-03	6.965401e+00
4.929000e-05	-3.342152e-03	6.832682e+00
4.930000e-05	-2.562247e-03	6.777521e+00
4.931000e-05	-3.208208e-03	6.658652e+00
4.932000e-05	-2.937393e-03	6.493787e+00
4.933000e-05	-2.765863e-03	6.389026e+00
4.934000e-05	-3.103173e-03	6.312835e+00
4.935000e-05	-4.762712e-03	6.177973e+00
4.936000e-05	-3.855461e-03	6.111683e+00
4.937000e-05	-3.782370e-03	5.966443e+00
4.938000e-05	-3.011198e-03	5.851095e+00
4.939000e-05	-2.221103e-03	5.641134e+00
4.940000e-05	-3.184428e-03	5.536387e+00
4.941000e-05	-4.014699e-03	5.409049e+00
4.942000e-05	-2.882665e-03	5.301657e+00
4.943000e-05	-3.332925e-03	5.091812e+00
4.944000e-05	-3.474164e-03	4.963262e+00
4.945000e-05	-3.674512e-03	4.755396e+00
4.946000e-05	-3.309190e-03	4.608653e+00
4.947000e-05	-3.464629e-03	4.504287e+00
4.948000e-05	-3.801693e-03	4.386496e+00
4.949000e-05	-3.474472e-03	4.269601e+00
4.950000e-05	-3.273702e-03	4.080656e+00
4.951000e-05	-3.152239e-03	3.954786e+00
4.952000e-05	-3.479176e-03	3.766400e+00
4.953000e-05	-2.854630e-03	3.660579e+00
4.954000e-05	-3.299157e-03	3.561841e+00
4.955000e-05	-4.794769e-03	3.335288e+00
4.956000e-05	-4.613957e-03	3.166921e+00
4.957000e-05	-2.859020e-03	3.068580e+00
4.958000e-05	-3.279501e-03	2.883181e+00
4.959000e-05	-2.483683e-03	2.745917e+00
4.960000e-05	-3.498637e-03	2.583445e+00
4.961000e-05	-3.489186e-03	2.367497e+00
4.962000e-05	-3.509547e-03	2.249551e+00
4.963000e-05	-2.983467e-03	2.102659e+00
4.964000e-05	-4.003187e-03	1.955945e+00
4.965000e-05	-4.479431e-03	1.717019e+00
4.966000e-05	-3.069384e-03	1.607524e+00
4.967000e-05	-3.503396e-03	1.399580e+00
4.968000e-05	-3.283714e-03	1.272208e+00
4.969000e-05	-4.299785e-03	1.090609e+00
4.970000e-05	-3.834227e-03	8.526858e-01
4.971000e-05	-3.474208e-03	7.037359e-01
4.972000e-05	-3.080366e-03	5.573949e-01
4.973000e-05	-4.081865e-03	3.890476e-01
4.974000e-05	-3.054770e-03	1.801790e-01
4.975000e-05	-3.137118e-03	6.007797e-02
4.976000e-05	9.701541e-04	-1.362391e-01
4.977000e-05	2.099641e-03	-2.435553e-01
4.978000e-05	-5.949742e-04	-4.004486e-01
4.979000e-05	1.683560e-03	-5.578368e-01
4.980000e-05	-1.441086e-03	-7.082896e-01
4.981000e-05	-2.678375e-03	-8.330565e-01
4.982000e-05	-1.541759e-03	-9.989236e-01
4.983000e-05	1.219567e-02	-1.127843e+00
4.984000e-05	5.867683e-02	-1.323162e+00
4.985000e-05	1.750618e-02	-1.529371e+00
4.986000e-05	-5.681570e-02	-1.811929e+00
4.987000e-05	-4.798549e-02	-2.000372e+00
4.988000e-05	-7.013483e-02	-2.063179e+00
4.989000e-05	1.154736e-01	-2.134637e+00
4.990000e-05	-9.426730e-04	-2.274008e+00
4.991000e-05	-1.139556e-01	-2.558261e+00
4.992000e-05	1.390278e-01	-2.632024e+00
4.993000e-05	-1.979926e-02	-2.718191e+00
4.994000e-05	-1.188382e-01	-2.970873e+00
4.995000e-05	1.330707e-01	-3.137792e+00
4.996000e-05	-1.943074e-02	-3.253558e+00
4.997000e-05	-7.405016e-02	-3.431501e+00
4.998000e-05	1.159321e-01	-3.566244e+00
4.999000e-05	-9.106062e-02	-3.695737e+00
