# 260408_14:18:51.147257
t	CH1	CH2
0.000000e+00	-3.312849e-03	8.568928e-02
1.000000e-08	3.904297e-04	-8.360401e-02
2.000000e-08	3.213974e-03	-2.110210e-01
3.000000e-08	-1.494306e-03	-3.879433e-01
4.000000e-08	6.066511e-04	-4.826855e-01
5.000000e-08	-1.900237e-03	-7.237500e-01
6.000000e-08	-2.622963e-05	-8.106236e-01
7.000000e-08	-2.010724e-03	-9.594459e-01
8.000000e-08	6.504724e-03	-1.104286e+00
9.000000e-08	5.483950e-02	-1.221683e+00
1.000000e-07	3.409646e-02	-1.504204e+00
1.100000e-07	-5.880701e-02	-1.756289e+00
1.200000e-07	-3.445513e-02	-1.956916e+00
1.300000e-07	-1.089475e-01	-2.032153e+00
1.400000e-07	1.229017e-01	-2.052584e+00
1.500000e-07	4.041833e-02	-2.219372e+00
1.600000e-07	-1.628974e-01	-2.493180e+00
1.700000e-07	1.357168e-01	-2.609002e+00
1.800000e-07	6.442167e-03	-2.682709e+00
1.900000e-07	-1.663062e-01	-2.943329e+00
2.000000e-07	1.365804e-01	-3.133778e+00
2.100000e-07	1.381910e-02	-3.239525e+00
2.200000e-07	-1.198014e-01	-3.389443e+00
2.300000e-07	1.431419e-01	-3.502733e+00
2.400000e-07	-8.864347e-02	-3.641628e+00
2.500000e-07	-1.550801e-02	-3.881221e+00
2.600000e-07	7.742477e-02	-4.000022e+00
2.700000e-07	-1.156450e-01	-4.196940e+00
2.800000e-07	7.930295e-02	-4.294183e+00
2.900000e-07	9.002275e-03	-4.397971e+00
3.000000e-07	-7.907721e-02	-4.536990e+00
3.100000e-07	9.791047e-02	-4.705238e+00
3.200000e-07	-4.806897e-02	-4.872728e+00
3.300000e-07	-3.556444e-03	-5.039150e+00
3.400000e-07	-3.976835e-03	-5.125313e+00
3.500000e-07	-1.972817e-02	-5.355233e+00
3.600000e-07	7.086449e-02	-5.490250e+00
3.700000e-07	-7.443515e-02	-5.620548e+00
3.800000e-07	3.660465e-02	-5.734362e+00
3.900000e-07	1.655231e-02	-5.862182e+00
4.000000e-07	-5.190389e-02	-5.978469e+00
4.100000e-07	2.644983e-02	-6.070605e+00
4.200000e-07	-3.142437e-02	-6.249069e+00
4.300000e-07	6.406708e-02	-6.378413e+00
4.400000e-07	-2.902024e-02	-6.460155e+00
4.500000e-07	-4.747306e-02	-6.588915e+00
4.600000e-07	4.765971e-02	-6.622155e+00
4.700000e-07	-1.230797e-02	-6.819416e+00
4.800000e-07	4.668386e-03	-6.851029e+00
4.900000e-07	-2.779714e-02	-6.998912e+00
5.000000e-07	2.544037e-02	-7.136310e+00
5.100000e-07	1.074188e-02	-7.229550e+00
5.200000e-07	-4.295670e-02	-7.293337e+00
5.300000e-07	1.620948e-02	-7.399399e+00
5.400000e-07	3.109503e-03	-7.471758e+00
5.500000e-07	2.407242e-03	-7.558501e+00
5.600000e-07	-2.027573e-02	-7.711732e+00
5.700000e-07	6.278058e-03	-7.788021e+00
5.800000e-07	1.822157e-02	-7.935359e+00
5.900000e-07	-2.101316e-02	-8.010048e+00
6.000000e-07	-3.624371e-03	-8.012655e+00
6.100000e-07	-2.193587e-04	-8.114763e+00
6.200000e-07	5.458373e-03	-8.209445e+00
6.300000e-07	-8.187778e-03	-8.231629e+00
6.400000e-07	-2.840077e-03	-8.355286e+00
6.500000e-07	5.409634e-03	-8.376520e+00
6.600000e-07	-8.660304e-03	-8.399003e+00
6.700000e-07	-2.563817e-03	-8.412182e+00
6.800000e-07	-5.634362e-04	-8.504238e+00
6.900000e-07	6.793388e-04	-8.537265e+00
7.000000e-07	-2.816951e-03	-8.537424e+00
7.100000e-07	-4.199189e-03	-8.623204e+00
7.200000e-07	-2.585675e-03	-8.693265e+00
7.300000e-07	-4.302236e-03	-8.746368e+00
7.400000e-07	-2.227555e-03	-8.787895e+00
7.500000e-07	-4.707710e-04	-8.809498e+00
7.600000e-07	-4.859044e-03	-8.821053e+00
7.700000e-07	-2.763236e-03	-8.820106e+00
7.800000e-07	-3.320303e-04	-8.842107e+00
7.900000e-07	-3.211150e-03	-8.852154e+00
8.000000e-07	-5.572889e-03	-8.842706e+00
8.100000e-07	-4.367701e-03	-8.843236e+00
8.200000e-07	-5.363819e-04	-8.863761e+00
8.300000e-07	-4.950038e-03	-8.852209e+00
8.400000e-07	-3.665486e-03	-8.882737e+00
8.500000e-07	-2.143929e-03	-8.893712e+00
8.600000e-07	-2.429875e-03	-8.852734e+00
8.700000e-07	-2.339043e-03	-8.892683e+00
8.800000e-07	-3.712578e-03	-8.853703e+00
8.900000e-07	-3.285444e-03	-8.823102e+00
9.000000e-07	-4.842084e-03	-8.860104e+00
9.100000e-07	-3.709405e-03	-8.811127e+00
9.200000e-07	-2.059920e-03	-8.821027e+00
9.300000e-07	-2.222435e-03	-8.800472e+00
9.400000e-07	-2.320220e-03	-8.787895e+00
9.500000e-07	-4.087849e-03	-8.704865e+00
9.600000e-07	-2.959580e-03	-8.640580e+00
9.700000e-07	-3.383686e-03	-8.568504e+00
9.800000e-07	-2.590836e-03	-8.516768e+00
9.900000e-07	-4.215396e-03	-8.463710e+00
1.000000e-06	-4.426684e-03	-8.411102e+00
1.010000e-06	-3.298785e-03	-8.389448e+00
1.020000e-06	-2.920221e-03	-8.316895e+00
1.030000e-06	-2.877067e-03	-8.263691e+00
1.040000e-06	-4.534960e-03	-8.210055e+00
1.050000e-06	-4.089407e-03	-8.156421e+00
1.060000e-06	-3.874394e-03	-8.074764e+00
1.070000e-06	-3.010136e-03	-8.041528e+00
1.080000e-06	-3.160653e-03	-7.979449e+00
1.090000e-06	-3.695794e-03	-7.874241e+00
1.100000e-06	-3.300048e-03	-7.788453e+00
1.110000e-06	-3.194677e-03	-7.661665e+00
1.120000e-06	-3.885758e-03	-7.560971e+00
1.130000e-06	-4.695871e-03	-7.464263e+00
1.140000e-06	-4.084074e-03	-7.411580e+00
1.150000e-06	-3.379622e-03	-7.296317e+00
1.160000e-06	-3.484294e-03	-7.241582e+00
1.170000e-06	-4.000696e-03	-7.158998e+00
1.180000e-06	-3.422436e-03	-7.054088e+00
1.190000e-06	-3.428134e-03	-6.875322e+00
1.200000e-06	-4.857077e-03	-6.791054e+00
1.210000e-06	-3.715772e-03	-6.694293e+00
1.220000e-06	-3.106919e-03	-6.631004e+00
1.230000e-06	-3.889910e-03	-6.494315e+00
1.240000e-06	-4.636842e-03	-6.421079e+00
1.250000e-06	-3.620204e-03	-6.284190e+00
1.260000e-06	-2.566808e-03	-6.125889e+00
1.270000e-06	-4.359649e-03	-6.000000e+00
1.280000e-06	-4.656528e-03	-5.925192e+00
1.290000e-06	-4.025288e-03	-5.768546e+00
1.300000e-06	-4.110407e-03	-5.659525e+00
1.310000e-06	-4.431816e-03	-5.567295e+00
1.320000e-06	-4.430561e-03	-5.356322e+00
1.330000e-06	-3.073486e-03	-5.189528e+00
1.340000e-06	-3.926253e-03	-5.052186e+00
1.350000e-06	-5.143107e-03	-4.875813e+00
1.360000e-06	-4.285452e-03	-4.663707e+00
1.370000e-06	-4.365713e-03	-4.570476e+00
1.380000e-06	-3.831235e-03	-4.452606e+00
1.390000e-06	-4.755377e-03	-4.377970e+00
1.400000e-06	-3.650985e-03	-4.201655e+00
1.410000e-06	-5.367814e-03	-4.083715e+00
1.420000e-06	-4.144264e-03	-3.969375e+00
1.430000e-06	-5.156044e-03	-3.800049e+00
1.440000e-06	-4.078750e-03	-3.621558e+00
1.450000e-06	-5.049663e-03	-3.485142e+00
1.460000e-06	-3.535339e-03	-3.296370e+00
1.470000e-06	-4.502027e-03	-3.210975e+00
1.480000e-06	-2.874454e-03	-3.011637e+00
1.490000e-06	-4.675245e-03	-2.851635e+00
1.500000e-06	-4.114526e-03	-2.756716e+00
1.510000e-06	-5.542666e-03	-2.528976e+00
1.520000e-06	-3.911289e-03	-2.409479e+00
1.530000e-06	-5.369403e-03	-2.223609e+00
1.540000e-06	-3.878274e-03	-2.072561e+00
1.550000e-06	-4.510503e-03	-1.935768e+00
1.560000e-06	-3.693697e-03	-1.768422e+00
1.570000e-06	-4.611572e-03	-1.607953e+00
1.580000e-06	-3.802531e-03	-1.410435e+00
1.590000e-06	-3.437266e-03	-1.201562e+00
1.600000e-06	-5.000162e-03	-1.051558e+00
1.610000e-06	-5.032631e-03	-8.746908e-01
1.620000e-06	-5.536816e-03	-7.183472e-01
1.630000e-06	-5.262169e-03	-5.172985e-01
1.640000e-06	-4.683764e-03	-3.789251e-01
1.650000e-06	-4.481275e-03	-2.505542e-01
1.660000e-06	-2.163667e-03	-8.370810e-02
1.670000e-06	2.541824e-04	5.210520e-02
1.680000e-06	6.731192e-04	2.741015e-01
1.690000e-06	-3.272987e-03	4.195751e-01
1.700000e-06	4.426225e-04	5.583908e-01
1.710000e-06	-3.386071e-03	7.042318e-01
1.720000e-06	-2.916129e-03	8.410525e-01
1.730000e-06	-4.024555e-03	9.779672e-01
1.740000e-06	4.938547e-03	1.199445e+00
1.750000e-06	3.138441e-02	1.356413e+00
1.760000e-06	5.676671e-02	1.618892e+00
1.770000e-06	-3.574911e-02	1.779523e+00
1.780000e-06	-3.874412e-02	1.957388e+00
1.790000e-06	-6.753265e-02	2.094183e+00
1.800000e-06	-4.095857e-02	2.168972e+00
1.810000e-06	1.402985e-01	2.294406e+00
1.820000e-06	-5.046991e-02	2.432159e+00
1.830000e-06	-8.331244e-02	2.580021e+00
1.840000e-06	1.450536e-01	2.747467e+00
1.850000e-06	-9.481932e-02	2.956966e+00
1.860000e-06	-4.131513e-02	3.053729e+00
1.870000e-06	1.229629e-01	3.179471e+00
1.880000e-06	-8.431458e-02	3.389416e+00
1.890000e-06	-2.052816e-02	3.587917e+00
1.900000e-06	8.181925e-02	3.661655e+00
1.910000e-06	-6.735394e-02	3.851626e+00
1.920000e-06	1.895922e-02	3.970947e+00
1.930000e-06	3.973284e-03	4.095763e+00
1.940000e-06	-3.731626e-02	4.335358e+00
1.950000e-06	2.793918e-02	4.472654e+00
1.960000e-06	-9.126196e-03	4.590001e+00
1.970000e-06	2.164945e-03	4.746866e+00
1.980000e-06	1.751637e-02	4.864762e+00
1.990000e-06	-1.411286e-02	5.116306e+00
2.000000e-06	-2.246652e-02	5.272579e+00
2.010000e-06	-7.131482e-03	5.359508e+00
2.020000e-06	3.434446e-02	5.536887e+00
2.030000e-06	-1.307017e-02	5.621031e+00
2.040000e-06	-1.489942e-02	5.756315e+00
2.050000e-06	8.231294e-03	5.924964e+00
2.060000e-06	-6.890241e-03	6.042150e+00
2.070000e-06	2.467998e-04	6.146371e+00
2.080000e-06	-1.056363e-02	6.261658e+00
2.090000e-06	5.847338e-03	6.368968e+00
2.100000e-06	1.593340e-02	6.442259e+00
2.110000e-06	-1.944938e-02	6.558124e+00
2.120000e-06	-1.122710e-02	6.777969e+00
2.130000e-06	9.848118e-03	6.841080e+00
2.140000e-06	2.728441e-03	6.944338e+00
2.150000e-06	-1.226994e-02	7.000500e+00
2.160000e-06	-5.352530e-03	7.095334e+00
2.170000e-06	1.770235e-02	7.211104e+00
2.180000e-06	-8.548725e-03	7.304734e+00
2.190000e-06	-1.402085e-02	7.419499e+00
2.200000e-06	7.871595e-04	7.556420e+00
2.210000e-06	6.363821e-03	7.653629e+00
2.220000e-06	-4.511220e-03	7.705847e+00
2.230000e-06	-9.738525e-03	7.830579e+00
2.240000e-06	3.960138e-03	7.934741e+00
2.250000e-06	-2.072449e-03	8.021654e+00
2.260000e-06	-6.221514e-03	8.106339e+00
2.270000e-06	-2.116465e-03	8.167469e+00
2.280000e-06	2.289292e-03	8.243633e+00
2.290000e-06	-4.369658e-03	8.284287e+00
2.300000e-06	-5.753139e-03	8.367418e+00
2.310000e-06	1.492731e-03	8.411547e+00
2.320000e-06	-1.817811e-03	8.452657e+00
2.330000e-06	-5.421279e-03	8.494708e+00
2.340000e-06	-3.428750e-03	8.515442e+00
2.350000e-06	7.368014e-04	8.586450e+00
2.360000e-06	-1.864402e-03	8.631574e+00
2.370000e-06	-1.979311e-03	8.641602e+00
2.380000e-06	-3.064898e-03	8.683685e+00
2.390000e-06	-3.784851e-03	8.755765e+00
2.400000e-06	-2.715119e-03	8.725845e+00
2.410000e-06	-8.636498e-04	8.755942e+00
2.420000e-06	-1.853561e-03	8.788526e+00
2.430000e-06	-5.136510e-03	8.789025e+00
2.440000e-06	-3.395328e-03	8.831074e+00
2.450000e-06	-2.745492e-03	8.792629e+00
2.460000e-06	-1.839211e-03	8.802079e+00
2.470000e-06	-3.521174e-03	8.851629e+00
2.480000e-06	-2.756601e-03	8.842205e+00
2.490000e-06	-3.043355e-03	8.843182e+00
2.500000e-06	-2.425268e-03	8.894205e+00
2.510000e-06	-2.387625e-03	8.842680e+00
2.520000e-06	-2.661114e-03	8.843633e+00
2.530000e-06	-2.816874e-03	8.831208e+00
2.540000e-06	-4.288479e-03	8.830631e+00
2.550000e-06	-2.958137e-03	8.812601e+00
2.560000e-06	-2.571268e-03	8.799053e+00
2.570000e-06	-2.119810e-03	8.771499e+00
2.580000e-06	-2.984940e-03	8.778968e+00
2.590000e-06	-3.370089e-03	8.727894e+00
2.600000e-06	-1.223856e-03	8.705220e+00
2.610000e-06	-4.028407e-03	8.673783e+00
2.620000e-06	-2.781850e-03	8.613133e+00
2.630000e-06	-3.498939e-03	8.612004e+00
2.640000e-06	-1.560596e-03	8.576921e+00
2.650000e-06	-2.943758e-03	8.494916e+00
2.660000e-06	-2.855552e-03	8.423760e+00
2.670000e-06	-3.310406e-03	8.442607e+00
2.680000e-06	-2.948640e-03	8.369498e+00
2.690000e-06	-3.858179e-03	8.316799e+00
2.700000e-06	-3.441459e-03	8.222736e+00
2.710000e-06	-3.146398e-03	8.148471e+00
2.720000e-06	-2.041862e-03	8.073367e+00
2.730000e-06	-3.655502e-03	7.992558e+00
2.740000e-06	-2.630889e-03	7.956547e+00
2.750000e-06	-2.902849e-03	7.895763e+00
2.760000e-06	-2.590139e-03	7.781504e+00
2.770000e-06	-4.347910e-03	7.675867e+00
2.780000e-06	-2.955830e-03	7.640580e+00
2.790000e-06	-4.230858e-03	7.569350e+00
2.800000e-06	-2.779606e-03	7.434183e+00
2.810000e-06	-4.473169e-03	7.246222e+00
2.820000e-06	-1.530622e-03	7.183586e+00
2.830000e-06	-4.180149e-03	7.096918e+00
2.840000e-06	-2.673447e-03	7.032233e+00
2.850000e-06	-3.357395e-03	6.886446e+00
2.860000e-06	-1.960885e-03	6.823108e+00
2.870000e-06	-3.183149e-03	6.749424e+00
2.880000e-06	-3.192443e-03	6.623516e+00
2.890000e-06	-3.966831e-03	6.475184e+00
2.900000e-06	-2.217338e-03	6.329478e+00
2.910000e-06	-3.556449e-03	6.243738e+00
2.920000e-06	-2.882845e-03	6.128946e+00
2.930000e-06	-3.139145e-03	6.053107e+00
2.940000e-06	-3.557198e-03	5.929874e+00
2.950000e-06	-3.664987e-03	5.759480e+00
2.960000e-06	-3.758103e-03	5.582629e+00
2.970000e-06	-2.476331e-03	5.517266e+00
2.980000e-06	-2.903422e-03	5.370449e+00
2.990000e-06	-3.445214e-03	5.184658e+00
3.000000e-06	-3.048547e-03	5.016244e+00
3.010000e-06	-3.973458e-03	4.922767e+00
3.020000e-06	-2.866951e-03	4.728870e+00
3.030000e-06	-3.283198e-03	4.571480e+00
3.040000e-06	-3.957622e-03	4.463662e+00
3.050000e-06	-4.129446e-03	4.349402e+00
3.060000e-06	-3.353450e-03	4.150652e+00
3.070000e-06	-3.674224e-03	4.012103e+00
3.080000e-06	-3.994139e-03	3.866742e+00
3.090000e-06	-3.598847e-03	3.748872e+00
3.100000e-06	-3.054037e-03	3.621103e+00
3.110000e-06	-3.340996e-03	3.454140e+00
3.120000e-06	-4.319485e-03	3.272820e+00
3.130000e-06	-3.517923e-03	3.147872e+00
3.140000e-06	-3.380936e-03	2.973008e+00
3.150000e-06	-3.268191e-03	2.862087e+00
3.160000e-06	-3.764839e-03	2.727270e+00
3.170000e-06	-2.889917e-03	2.506846e+00
3.180000e-06	-3.110010e-03	2.349496e+00
3.190000e-06	-3.569997e-03	2.180429e+00
3.200000e-06	-3.483608e-03	2.023711e+00
3.210000e-06	-3.898448e-03	1.926399e+00
3.220000e-06	-4.043929e-03	1.749425e+00
3.230000e-06	-3.642751e-03	1.550480e+00
3.240000e-06	-3.007334e-03	1.430960e+00
3.250000e-06	-3.350147e-03	1.212636e+00
3.260000e-06	-4.164516e-03	1.024612e+00
3.270000e-06	-4.416963e-03	8.325831e-01
3.280000e-06	-2.995908e-03	6.847383e-01
3.290000e-06	-3.441369e-03	5.362934e-01
3.300000e-06	-3.106897e-03	3.799763e-01
3.310000e-06	-3.257009e-03	1.621578e-01
3.320000e-06	-1.817837e-03	1.097913e-02
3.330000e-06	1.449560e-03	-1.548881e-01
3.340000e-06	2.065587e-03	-2.831552e-01
3.350000e-06	-2.052866e-03	-4.190223e-01
3.360000e-06	6.425274e-04	-5.489134e-01
3.370000e-06	-2.361187e-03	-7.253155e-01
3.380000e-06	-3.998803e-04	-9.031328e-01
3.390000e-06	-1.734390e-04	-1.019024e+00
3.400000e-06	1.585448e-02	-1.177367e+00
3.410000e-06	7.680742e-02	-1.345283e+00
3.420000e-06	-2.105034e-02	-1.567972e+00
3.430000e-06	-3.872048e-02	-1.851098e+00
3.440000e-06	-6.929508e-02	-1.988972e+00
3.450000e-06	-5.474431e-02	-2.064705e+00
3.460000e-06	1.548562e-01	-2.092263e+00
3.470000e-06	-6.662727e-02	-2.275183e+00
3.480000e-06	-8.918115e-02	-2.556858e+00
3.490000e-06	1.703302e-01	-2.619549e+00
3.500000e-06	-1.205750e-01	-2.777365e+00
3.510000e-06	-7.694621e-02	-2.966914e+00
3.520000e-06	1.621488e-01	-3.176857e+00
3.530000e-06	-1.022997e-01	-3.331204e+00
3.540000e-06	-1.614189e-02	-3.451627e+00
3.550000e-06	1.148558e-01	-3.534866e+00
3.560000e-06	-1.315769e-01	-3.753782e+00
3.570000e-06	7.505886e-02	-3.924809e+00
3.580000e-06	-1.039273e-02	-4.082076e+00
3.590000e-06	-7.796394e-02	-4.230573e+00
3.600000e-06	1.200832e-01	-4.344336e+00
3.610000e-06	-7.718793e-02	-4.410025e+00
3.620000e-06	3.975563e-03	-4.649097e+00
3.630000e-06	6.790272e-02	-4.767865e+00
3.640000e-06	-6.750296e-02	-4.945856e+00
3.650000e-06	2.444469e-02	-5.061103e+00
3.660000e-06	-4.003964e-02	-5.187921e+00
3.670000e-06	3.123566e-02	-5.376417e+00
3.680000e-06	2.437283e-02	-5.475410e+00
3.690000e-06	-6.981228e-02	-5.672627e+00
3.700000e-06	7.123748e-02	-5.768921e+00
3.710000e-06	-3.404817e-02	-5.912233e+00
3.720000e-06	-1.459040e-02	-6.009574e+00
3.730000e-06	6.616669e-03	-6.073238e+00
3.740000e-06	-9.624316e-03	-6.261254e+00
3.750000e-06	6.371041e-02	-6.378497e+00
3.760000e-06	-7.465978e-02	-6.501658e+00
3.770000e-06	1.401130e-03	-6.609521e+00
3.780000e-06	3.078755e-02	-6.694233e+00
3.790000e-06	-1.470567e-02	-6.788997e+00
3.800000e-06	7.585241e-04	-6.873707e+00
3.810000e-06	-2.426864e-02	-6.999146e+00
3.820000e-06	4.613687e-02	-7.166445e+00
3.830000e-06	-2.606073e-02	-7.240628e+00
3.840000e-06	-2.323801e-02	-7.326313e+00
3.850000e-06	1.858122e-02	-7.411579e+00
3.860000e-06	-3.837357e-04	-7.544882e+00
3.870000e-06	-1.937300e-03	-7.621602e+00
3.880000e-06	-2.252772e-02	-7.683441e+00
3.890000e-06	2.300762e-02	-7.832176e+00
3.900000e-06	-1.650384e-03	-7.905918e+00
3.910000e-06	-1.686074e-02	-8.031522e+00
3.920000e-06	1.200980e-04	-8.073757e+00
3.930000e-06	2.967312e-03	-8.157791e+00
3.940000e-06	2.180530e-03	-8.221098e+00
3.950000e-06	-1.125234e-02	-8.263730e+00
3.960000e-06	4.785773e-03	-8.306941e+00
3.970000e-06	-3.533434e-04	-8.388972e+00
3.980000e-06	-7.668789e-03	-8.421052e+00
3.990000e-06	-1.597444e-03	-8.482083e+00
4.000000e-06	1.492299e-04	-8.434763e+00
4.010000e-06	7.996958e-04	-8.564845e+00
4.020000e-06	-3.466294e-03	-8.600449e+00
4.030000e-06	-3.017442e-03	-8.660687e+00
4.040000e-06	-4.318271e-03	-8.745785e+00
4.050000e-06	-4.301411e-03	-8.708391e+00
4.060000e-06	-9.687242e-04	-8.768444e+00
4.070000e-06	-2.099401e-03	-8.821999e+00
4.080000e-06	-5.638812e-03	-8.841101e+00
4.090000e-06	-2.395778e-03	-8.851130e+00
4.100000e-06	-7.943669e-04	-8.863129e+00
4.110000e-06	-4.654343e-03	-8.862682e+00
4.120000e-06	-5.757188e-03	-8.842683e+00
4.130000e-06	-1.721619e-03	-8.864759e+00
4.140000e-06	-1.197882e-03	-8.894210e+00
4.150000e-06	-4.888352e-03	-8.874187e+00
4.160000e-06	-3.978860e-03	-8.863658e+00
4.170000e-06	-2.443519e-03	-8.894211e+00
4.180000e-06	-2.431716e-03	-8.884683e+00
4.190000e-06	-4.777070e-03	-8.853763e+00
4.200000e-06	-2.226599e-03	-8.872686e+00
4.210000e-06	-2.446913e-03	-8.822079e+00
4.220000e-06	-2.421626e-03	-8.850627e+00
4.230000e-06	-4.385059e-03	-8.811025e+00
4.240000e-06	-3.142007e-03	-8.810975e+00
4.250000e-06	-2.819122e-03	-8.757050e+00
4.260000e-06	-3.151051e-03	-8.696848e+00
4.270000e-06	-3.724414e-03	-8.693236e+00
4.280000e-06	-3.774188e-03	-8.634607e+00
4.290000e-06	-1.250378e-03	-8.559499e+00
4.300000e-06	-2.697675e-03	-8.496787e+00
4.310000e-06	-4.617579e-03	-8.483132e+00
4.320000e-06	-4.229744e-03	-8.421054e+00
4.330000e-06	-2.166813e-03	-8.399473e+00
4.340000e-06	-2.451115e-03	-8.294795e+00
4.350000e-06	-3.393719e-03	-8.263184e+00
4.360000e-06	-4.225748e-03	-8.190604e+00
4.370000e-06	-4.481431e-03	-8.155818e+00
4.380000e-06	-3.696540e-03	-8.073185e+00
4.390000e-06	-3.898495e-03	-8.012078e+00
4.400000e-06	-3.371928e-03	-7.968869e+00
4.410000e-06	-4.160175e-03	-7.853604e+00
4.420000e-06	-2.996526e-03	-7.723796e+00
4.430000e-06	-3.420259e-03	-7.652604e+00
4.440000e-06	-4.295271e-03	-7.528396e+00
4.450000e-06	-4.415282e-03	-7.473635e+00
4.460000e-06	-3.788164e-03	-7.390972e+00
4.470000e-06	-3.367509e-03	-7.263235e+00
4.480000e-06	-4.205599e-03	-7.200052e+00
4.490000e-06	-3.806583e-03	-7.114891e+00
4.500000e-06	-1.785297e-03	-6.960582e+00
4.510000e-06	-3.495536e-03	-6.885143e+00
4.520000e-06	-4.931760e-03	-6.769979e+00
4.530000e-06	-3.382226e-03	-6.643661e+00
4.540000e-06	-2.172361e-03	-6.579449e+00
4.550000e-06	-3.790499e-03	-6.452136e+00
4.560000e-06	-4.741811e-03	-6.368924e+00
4.570000e-06	-3.771623e-03	-6.232061e+00
4.580000e-06	-3.134807e-03	-6.053233e+00
4.590000e-06	-4.827292e-03	-5.938996e+00
4.600000e-06	-4.240477e-03	-5.862161e+00
4.610000e-06	-2.856235e-03	-5.727790e+00
4.620000e-06	-3.704663e-03	-5.641954e+00
4.630000e-06	-4.284425e-03	-5.455165e+00
4.640000e-06	-3.956213e-03	-5.325316e+00
4.650000e-06	-4.177481e-03	-5.147345e+00
4.660000e-06	-4.420292e-03	-5.010080e+00
4.670000e-06	-4.358115e-03	-4.761559e+00
4.680000e-06	-3.796012e-03	-4.673514e+00
4.690000e-06	-4.640689e-03	-4.548397e+00
4.700000e-06	-4.145938e-03	-4.410605e+00
4.710000e-06	-4.248814e-03	-4.344838e+00
4.720000e-06	-4.904246e-03	-4.209398e+00
4.730000e-06	-5.952954e-03	-4.052605e+00
4.740000e-06	-3.701987e-03	-3.875866e+00
4.750000e-06	-5.347666e-03	-3.705269e+00
4.760000e-06	-4.042031e-03	-3.569425e+00
4.770000e-06	-6.047177e-03	-3.432657e+00
4.780000e-06	-3.091248e-03	-3.276162e+00
4.790000e-06	-4.512165e-03	-3.137971e+00
4.800000e-06	-3.789358e-03	-2.927897e+00
4.810000e-06	-4.591200e-03	-2.809427e+00
4.820000e-06	-3.813813e-03	-2.662662e+00
4.830000e-06	-4.217028e-03	-2.474163e+00
4.840000e-06	-5.647343e-03	-2.348428e+00
4.850000e-06	-5.360017e-03	-2.149399e+00
4.860000e-06	-2.989649e-03	-2.001030e+00
4.870000e-06	-2.966705e-03	-1.833111e+00
4.880000e-06	-4.512042e-03	-1.684319e+00
4.890000e-06	-5.040800e-03	-1.578845e+00
4.900000e-06	-4.514513e-03	-1.327431e+00
4.910000e-06	-3.101748e-03	-1.187870e+00
4.920000e-06	-4.762055e-03	-1.020946e+00
4.930000e-06	-4.576089e-03	-8.226078e-01
4.940000e-06	-4.760147e-03	-6.736357e-01
4.950000e-06	-3.417328e-03	-4.636657e-01
4.960000e-06	-4.321402e-03	-3.268695e-01
4.970000e-06	-4.634676e-03	-1.390024e-01
4.980000e-06	-2.661651e-03	-1.158051e-02
4.990000e-06	1.881918e-03	1.357832e-01
5.000000e-06	-1.194406e-03	2.964307e-01
5.010000e-06	-8.355083e-04	4.621775e-01
5.020000e-06	-1.620773e-03	6.089460e-01
5.030000e-06	-1.938261e-03	7.768919e-01
5.040000e-06	-3.972538e-03	8.522064e-01
5.050000e-06	-1.336786e-03	1.052723e+00
5.060000e-06	9.819552e-03	1.230499e+00
5.070000e-06	5.154873e-02	1.489472e+00
5.080000e-06	2.732840e-02	1.673756e+00
5.090000e-06	-4.840627e-02	1.861705e+00
5.100000e-06	-4.048646e-02	2.019525e+00
5.110000e-06	-8.373151e-02	2.115787e+00
5.120000e-06	2.910314e-02	2.219501e+00
5.130000e-06	1.215211e-01	2.388872e+00
5.140000e-06	-1.308109e-01	2.505791e+00
5.150000e-06	3.826366e-02	2.612599e+00
5.160000e-06	8.179458e-02	2.830075e+00
5.170000e-06	-1.310099e-01	3.028997e+00
5.180000e-06	4.191542e-02	3.103232e+00
5.190000e-06	7.970715e-02	3.233125e+00
5.200000e-06	-1.228694e-01	3.433201e+00
5.210000e-06	6.479185e-02	3.579496e+00
5.220000e-06	2.082597e-02	3.734862e+00
5.230000e-06	-5.884354e-02	3.884254e+00
5.240000e-06	4.230408e-02	4.002101e+00
5.250000e-06	-3.317307e-02	4.199946e+00
5.260000e-06	-7.746172e-03	4.378518e+00
5.270000e-06	2.355920e-02	4.504737e+00
5.280000e-06	-1.482312e-02	4.652777e+00
5.290000e-06	1.148954e-02	4.809997e+00
5.300000e-06	1.083305e-02	4.958795e+00
5.310000e-06	-2.107017e-02	5.189421e+00
5.320000e-06	-1.986023e-02	5.316284e+00
5.330000e-06	9.144507e-03	5.463249e+00
5.340000e-06	2.676248e-02	5.569498e+00
5.350000e-06	-2.705789e-02	5.653158e+00
5.360000e-06	-1.321680e-03	5.830575e+00
5.370000e-06	4.053302e-03	5.969548e+00
5.380000e-06	-9.259099e-03	6.083257e+00
5.390000e-06	1.444808e-03	6.179969e+00
5.400000e-06	-1.438902e-02	6.294759e+00
5.410000e-06	1.982097e-02	6.419775e+00
5.420000e-06	-2.505851e-04	6.503237e+00
5.430000e-06	-1.999154e-02	6.685251e+00
5.440000e-06	-1.618927e-03	6.788949e+00
5.450000e-06	1.024398e-02	6.832634e+00
5.460000e-06	-2.958627e-03	6.945866e+00
5.470000e-06	-1.647529e-02	7.032629e+00
5.480000e-06	8.114890e-03	7.137442e+00
5.490000e-06	9.840604e-03	7.223132e+00
5.500000e-06	-1.428494e-02	7.305390e+00
5.510000e-06	-1.087894e-02	7.423633e+00
5.520000e-06	5.680941e-03	7.568997e+00
5.530000e-06	2.719417e-03	7.694187e+00
5.540000e-06	-7.400017e-03	7.757867e+00
5.550000e-06	-5.536171e-03	7.853131e+00
5.560000e-06	4.249517e-03	7.957920e+00
5.570000e-06	-6.035549e-03	8.094629e+00
5.580000e-06	-4.445635e-03	8.097941e+00
5.590000e-06	-3.886306e-04	8.191528e+00
5.600000e-06	-4.579034e-04	8.275308e+00
5.610000e-06	-3.971154e-03	8.305343e+00
5.620000e-06	-2.528479e-03	8.370425e+00
5.630000e-06	1.735192e-03	8.421056e+00
5.640000e-06	-5.536833e-03	8.442581e+00
5.650000e-06	-4.588403e-03	8.493237e+00
5.660000e-06	-1.404295e-03	8.527965e+00
5.670000e-06	-7.494518e-04	8.590523e+00
5.680000e-06	-1.556769e-03	8.611601e+00
5.690000e-06	-2.835007e-03	8.662183e+00
5.700000e-06	-3.038841e-03	8.695240e+00
5.710000e-06	-5.037064e-03	8.736417e+00
5.720000e-06	-2.781943e-03	8.737915e+00
5.730000e-06	-3.790250e-04	8.769419e+00
5.740000e-06	-2.223202e-03	8.769524e+00
5.750000e-06	-4.132701e-03	8.780025e+00
5.760000e-06	-4.324251e-03	8.820526e+00
5.770000e-06	-1.280229e-03	8.811032e+00
5.780000e-06	-3.732166e-03	8.842158e+00
5.790000e-06	-3.105945e-03	8.832630e+00
5.800000e-06	-2.758335e-03	8.843157e+00
5.810000e-06	-1.507326e-03	8.864632e+00
5.820000e-06	-3.076925e-03	8.842157e+00
5.830000e-06	-1.740069e-03	8.832157e+00
5.840000e-06	-3.648982e-03	8.832159e+00
5.850000e-06	-3.757696e-03	8.842631e+00
5.860000e-06	-4.295788e-03	8.881555e+00
5.870000e-06	-2.125827e-03	8.840053e+00
5.880000e-06	-2.326298e-03	8.812080e+00
5.890000e-06	-4.250084e-03	8.778498e+00
5.900000e-06	-3.209038e-03	8.738875e+00
5.910000e-06	-3.261855e-03	8.705417e+00
5.920000e-06	-1.723537e-03	8.684737e+00
5.930000e-06	-3.046318e-03	8.634660e+00
5.940000e-06	-2.729953e-03	8.613106e+00
5.950000e-06	-3.723943e-03	8.568053e+00
5.960000e-06	-2.816256e-03	8.528894e+00
5.970000e-06	-3.212138e-03	8.478211e+00
5.980000e-06	-4.048528e-03	8.443630e+00
5.990000e-06	-2.784611e-03	8.371026e+00
6.000000e-06	-2.835346e-03	8.329346e+00
6.010000e-06	-3.217601e-03	8.254789e+00
6.020000e-06	-3.819622e-03	8.212030e+00
6.030000e-06	-2.778290e-03	8.139420e+00
6.040000e-06	-2.891003e-03	8.086264e+00
6.050000e-06	-3.852910e-03	7.992689e+00
6.060000e-06	-2.762186e-03	7.936821e+00
6.070000e-06	-3.121937e-03	7.862184e+00
6.080000e-06	-2.680609e-03	7.759549e+00
6.090000e-06	-4.458846e-03	7.665284e+00
6.100000e-06	-1.514331e-03	7.592579e+00
6.110000e-06	-3.445189e-03	7.468243e+00
6.120000e-06	-1.814426e-03	7.380503e+00
6.130000e-06	-3.470420e-03	7.284686e+00
6.140000e-06	-2.409610e-03	7.179027e+00
6.150000e-06	-4.825220e-03	7.065795e+00
6.160000e-06	-3.165386e-03	6.990526e+00
6.170000e-06	-3.508583e-03	6.894266e+00
6.180000e-06	-2.883411e-03	6.810131e+00
6.190000e-06	-3.655280e-03	6.686746e+00
6.200000e-06	-2.711405e-03	6.560903e+00
6.210000e-06	-3.184087e-03	6.383727e+00
6.220000e-06	-3.082657e-03	6.296871e+00
6.230000e-06	-3.199927e-03	6.232159e+00
6.240000e-06	-2.621600e-03	6.116295e+00
6.250000e-06	-2.760187e-03	6.011081e+00
6.260000e-06	-3.739020e-03	5.897792e+00
6.270000e-06	-2.758935e-03	5.694277e+00
6.280000e-06	-3.951538e-03	5.580976e+00
6.290000e-06	-3.883148e-03	5.463161e+00
6.300000e-06	-3.447721e-03	5.338347e+00
6.310000e-06	-2.258981e-03	5.170527e+00
6.320000e-06	-2.492089e-03	5.014982e+00
6.330000e-06	-3.075120e-03	4.832556e+00
6.340000e-06	-3.465689e-03	4.665744e+00
6.350000e-06	-3.179267e-03	4.507924e+00
6.360000e-06	-2.963632e-03	4.423129e+00
6.370000e-06	-4.179139e-03	4.298347e+00
6.380000e-06	-4.279627e-03	4.107344e+00
6.390000e-06	-3.365737e-03	3.960978e+00
6.400000e-06	-3.683658e-03	3.862633e+00
6.410000e-06	-3.402171e-03	3.695266e+00
6.420000e-06	-2.280142e-03	3.579028e+00
6.430000e-06	-4.614950e-03	3.381506e+00
6.440000e-06	-2.234676e-03	3.213182e+00
6.450000e-06	-3.383715e-03	3.075842e+00
6.460000e-06	-3.999638e-03	2.918376e+00
6.470000e-06	-3.685667e-03	2.801530e+00
6.480000e-06	-4.175688e-03	2.645106e+00
6.490000e-06	-3.343608e-03	2.424691e+00
6.500000e-06	-4.282700e-03	2.305314e+00
6.510000e-06	-2.999423e-03	2.148400e+00
6.520000e-06	-3.312476e-03	2.000504e+00
6.530000e-06	-3.708233e-03	1.853638e+00
6.540000e-06	-3.328200e-03	1.685738e+00
6.550000e-06	-3.175463e-03	1.475716e+00
6.560000e-06	-3.459916e-03	1.367472e+00
6.570000e-06	-3.983211e-03	1.169476e+00
6.580000e-06	-3.476633e-03	9.165050e-01
6.590000e-06	-3.569213e-03	8.000015e-01
6.600000e-06	-4.301734e-03	6.220817e-01
6.610000e-06	-4.113681e-03	4.841893e-01
6.620000e-06	-2.884316e-03	3.373172e-01
6.630000e-06	-4.208970e-03	1.197685e-01
6.640000e-06	-7.599980e-04	-2.162614e-02
6.650000e-06	2.721195e-03	-2.089947e-01
6.660000e-06	1.332511e-04	-3.462107e-01
6.670000e-06	-2.718264e-04	-4.516263e-01
6.680000e-06	-1.821783e-03	-6.705761e-01
6.690000e-06	-6.329082e-04	-8.294685e-01
6.700000e-06	-2.740847e-03	-9.257868e-01
6.710000e-06	2.354370e-03	-1.073525e+00
6.720000e-06	3.212208e-02	-1.209495e+00
6.730000e-06	7.084871e-02	-1.419450e+00
6.740000e-06	-5.637716e-02	-1.712554e+00
6.750000e-06	-2.338052e-02	-1.944704e+00
6.760000e-06	-1.059506e-01	-2.041049e+00
6.770000e-06	4.465359e-02	-2.082633e+00
6.780000e-06	1.146051e-01	-2.122842e+00
6.790000e-06	-1.531822e-01	-2.428542e+00
6.800000e-06	4.475597e-02	-2.557994e+00
6.810000e-06	1.164583e-01	-2.631577e+00
6.820000e-06	-1.708489e-01	-2.830096e+00
6.830000e-06	5.743413e-02	-3.050201e+00
6.840000e-06	1.037675e-01	-3.168966e+00
6.850000e-06	-1.492093e-01	-3.345362e+00
6.860000e-06	9.989506e-02	-3.463703e+00
6.870000e-06	1.201687e-02	-3.607996e+00
6.880000e-06	-9.557559e-02	-3.837994e+00
6.890000e-06	1.092377e-01	-3.976895e+00
6.900000e-06	-8.845660e-02	-4.112807e+00
6.910000e-06	9.511622e-03	-4.262729e+00
6.920000e-06	8.416570e-02	-4.368937e+00
6.930000e-06	-1.133308e-01	-4.542708e+00
6.940000e-06	7.704899e-02	-4.693705e+00
6.950000e-06	2.354477e-03	-4.788500e+00
6.960000e-06	-4.080600e-02	-4.989491e+00
6.970000e-06	2.182085e-02	-5.063658e+00
6.980000e-06	-4.560731e-02	-5.232026e+00
6.990000e-06	7.119078e-02	-5.408577e+00
7.000000e-06	-4.032787e-02	-5.568414e+00
7.010000e-06	-1.815124e-02	-5.703233e+00
7.020000e-06	5.817068e-02	-5.800078e+00
7.030000e-06	-6.095886e-02	-5.957393e+00
7.040000e-06	1.938794e-02	-6.041601e+00
7.050000e-06	-2.199189e-02	-6.175868e+00
7.060000e-06	3.404262e-02	-6.326279e+00
7.070000e-06	2.291214e-02	-6.419603e+00
7.080000e-06	-7.668228e-02	-6.535313e+00
7.090000e-06	3.972296e-02	-6.622103e+00
7.100000e-06	1.444822e-03	-6.766312e+00
7.110000e-06	-3.087306e-03	-6.840551e+00
7.120000e-06	-1.558350e-02	-6.944787e+00
7.130000e-06	-5.531705e-04	-7.102830e+00
7.140000e-06	3.814426e-02	-7.178472e+00
7.150000e-06	-4.574149e-02	-7.282755e+00
7.160000e-06	3.410174e-03	-7.387999e+00
7.170000e-06	9.815173e-03	-7.472078e+00
7.180000e-06	4.466912e-04	-7.516917e+00
7.190000e-06	-1.203673e-02	-7.661025e+00
7.200000e-06	-1.169258e-02	-7.766467e+00
7.210000e-06	2.683866e-02	-7.843157e+00
7.220000e-06	-1.741557e-02	-7.988465e+00
7.230000e-06	-8.164009e-03	-8.000056e+00
7.240000e-06	1.793875e-04	-8.092657e+00
7.250000e-06	4.601364e-03	-8.167970e+00
7.260000e-06	-2.346983e-03	-8.220052e+00
7.270000e-06	-8.707825e-03	-8.303713e+00
7.280000e-06	7.209828e-03	-8.364892e+00
7.290000e-06	-8.307921e-03	-8.388995e+00
7.300000e-06	-5.460189e-03	-8.411052e+00
7.310000e-06	-4.081975e-04	-8.441710e+00
7.320000e-06	1.438509e-03	-8.534870e+00
7.330000e-06	-2.176690e-03	-8.526923e+00
7.340000e-06	-4.767194e-03	-8.660073e+00
7.350000e-06	-1.604811e-03	-8.693791e+00
7.360000e-06	-4.178267e-03	-8.674844e+00
7.370000e-06	-1.967345e-03	-8.787846e+00
7.380000e-06	-1.950058e-03	-8.779871e+00
7.390000e-06	-3.303401e-03	-8.829076e+00
7.400000e-06	-4.948665e-03	-8.822105e+00
7.410000e-06	-1.483310e-03	-8.851204e+00
7.420000e-06	-1.589244e-03	-8.852133e+00
7.430000e-06	-4.952573e-03	-8.862656e+00
7.440000e-06	-4.606659e-03	-8.853636e+00
7.450000e-06	-1.316754e-03	-8.894714e+00
7.460000e-06	-2.098870e-03	-8.832238e+00
7.470000e-06	-3.919957e-03	-8.842258e+00
7.480000e-06	-2.967792e-03	-8.906285e+00
7.490000e-06	-4.453668e-03	-8.914738e+00
7.500000e-06	-3.386865e-03	-8.905686e+00
7.510000e-06	-3.406219e-03	-8.842609e+00
7.520000e-06	-2.010630e-03	-8.852154e+00
7.530000e-06	-3.248324e-03	-8.861156e+00
7.540000e-06	-3.453964e-03	-8.822579e+00
7.550000e-06	-4.086457e-03	-8.800078e+00
7.560000e-06	-2.851603e-03	-8.790025e+00
7.570000e-06	-2.348572e-03	-8.736370e+00
7.580000e-06	-2.638119e-03	-8.755791e+00
7.590000e-06	-3.143926e-03	-8.653728e+00
7.600000e-06	-3.790247e-03	-8.631025e+00
7.610000e-06	-2.347350e-03	-8.536547e+00
7.620000e-06	-2.759026e-03	-8.472834e+00
7.630000e-06	-4.526758e-03	-8.422083e+00
7.640000e-06	-4.283994e-03	-8.409999e+00
7.650000e-06	-3.421890e-03	-8.367472e+00
7.660000e-06	-2.962302e-03	-8.265237e+00
7.670000e-06	-3.621084e-03	-8.272108e+00
7.680000e-06	-3.778707e-03	-8.177375e+00
7.690000e-06	-2.974716e-03	-8.065816e+00
7.700000e-06	-4.590574e-03	-8.062632e+00
7.710000e-06	-3.309849e-03	-7.991025e+00
7.720000e-06	-3.508348e-03	-7.957820e+00
7.730000e-06	-4.420021e-03	-7.801135e+00
7.740000e-06	-4.344555e-03	-7.675318e+00
7.750000e-06	-3.815720e-03	-7.602053e+00
7.760000e-06	-3.711197e-03	-7.495822e+00
7.770000e-06	-3.965952e-03	-7.431552e+00
7.780000e-06	-3.393571e-03	-7.345895e+00
7.790000e-06	-3.157796e-03	-7.253186e+00
7.800000e-06	-4.615535e-03	-7.209494e+00
7.810000e-06	-4.173328e-03	-7.044743e+00
7.820000e-06	-2.948473e-03	-6.956870e+00
7.830000e-06	-4.114434e-03	-6.831603e+00
7.840000e-06	-4.025213e-03	-6.748418e+00
7.850000e-06	-3.582943e-03	-6.612128e+00
7.860000e-06	-2.857717e-03	-6.545296e+00
7.870000e-06	-3.741737e-03	-6.423104e+00
7.880000e-06	-3.320965e-03	-6.325896e+00
7.890000e-06	-4.251659e-03	-6.138925e+00
7.900000e-06	-4.159720e-03	-6.032154e+00
7.910000e-06	-4.347823e-03	-5.957870e+00
7.920000e-06	-3.813667e-03	-5.810557e+00
7.930000e-06	-3.474121e-03	-5.663139e+00
7.940000e-06	-4.350812e-03	-5.539018e+00
7.950000e-06	-3.866933e-03	-5.429485e+00
7.960000e-06	-3.708374e-03	-5.210636e+00
7.970000e-06	-3.954939e-03	-5.084215e+00
7.980000e-06	-5.023277e-03	-4.949423e+00
7.990000e-06	-4.716077e-03	-4.727417e+00
8.000000e-06	-4.589922e-03	-4.612555e+00
8.010000e-06	-3.965591e-03	-4.474763e+00
8.020000e-06	-4.300038e-03	-4.369500e+00
8.030000e-06	-3.717310e-03	-4.262633e+00
8.040000e-06	-5.508749e-03	-4.056342e+00
8.050000e-06	-5.152880e-03	-4.009980e+00
8.060000e-06	-4.690720e-03	-3.853658e+00
8.070000e-06	-3.155350e-03	-3.664134e+00
8.080000e-06	-3.787800e-03	-3.536767e+00
8.090000e-06	-4.625786e-03	-3.359426e+00
8.100000e-06	-3.384248e-03	-3.251630e+00
8.110000e-06	-3.645145e-03	-3.085769e+00
8.120000e-06	-4.322190e-03	-2.885712e+00
8.130000e-06	-3.994498e-03	-2.758372e+00
8.140000e-06	-5.137131e-03	-2.601505e+00
8.150000e-06	-5.055186e-03	-2.452685e+00
8.160000e-06	-5.873093e-03	-2.286290e+00
8.170000e-06	-2.978588e-03	-2.084811e+00
8.180000e-06	-3.725462e-03	-1.977399e+00
8.190000e-06	-3.457032e-03	-1.831528e+00
8.200000e-06	-5.027503e-03	-1.642133e+00
8.210000e-06	-3.885825e-03	-1.504117e+00
8.220000e-06	-4.253281e-03	-1.294186e+00
8.230000e-06	-4.001361e-03	-1.065714e+00
8.240000e-06	-5.192293e-03	-9.258185e-01
8.250000e-06	-3.772053e-03	-7.608702e-01
8.260000e-06	-4.983897e-03	-6.120265e-01
8.270000e-06	-3.705339e-03	-4.120568e-01
8.280000e-06	-4.734840e-03	-2.726894e-01
8.290000e-06	-4.390705e-03	-1.068449e-01
8.300000e-06	-1.389879e-03	9.551307e-03
8.310000e-06	1.581950e-03	1.779985e-01
8.320000e-06	-3.015173e-03	3.779207e-01
8.330000e-06	4.795242e-04	5.037342e-01
8.340000e-06	-3.136868e-03	6.731590e-01
8.350000e-06	-2.511170e-03	8.089497e-01
8.360000e-06	-3.939085e-03	8.862631e-01
8.370000e-06	2.950018e-03	1.114888e+00
8.380000e-06	1.859466e-02	1.284182e+00
8.390000e-06	6.261505e-02	1.513257e+00
8.400000e-06	-1.152413e-02	1.756538e+00
8.410000e-06	-4.443192e-02	1.924807e+00
8.420000e-06	-5.120359e-02	2.012100e+00
8.430000e-06	-7.495105e-02	2.126443e+00
8.440000e-06	1.036186e-01	2.273654e+00
8.450000e-06	4.049857e-02	2.381624e+00
8.460000e-06	-1.409337e-01	2.536861e+00
8.470000e-06	1.294616e-01	2.672711e+00
8.480000e-06	-1.998924e-02	2.874233e+00
8.490000e-06	-1.034678e-01	3.030703e+00
8.500000e-06	1.069207e-01	3.157261e+00
8.510000e-06	-8.388101e-03	3.304760e+00
8.520000e-06	-9.034141e-02	3.535758e+00
8.530000e-06	9.997784e-02	3.632054e+00
8.540000e-06	-3.983718e-02	3.767992e+00
8.550000e-06	-1.930284e-02	3.957341e+00
8.560000e-06	3.342961e-02	4.051633e+00
8.570000e-06	-4.867760e-02	4.243228e+00
8.580000e-06	1.810411e-02	4.400549e+00
8.590000e-06	5.034071e-03	4.538416e+00
8.600000e-06	-9.382886e-03	4.706434e+00
8.610000e-06	1.714186e-02	4.810055e+00
8.620000e-06	-2.012283e-03	5.082098e+00
8.630000e-06	-2.308390e-02	5.212581e+00
8.640000e-06	-1.463471e-02	5.357422e+00
8.650000e-06	2.560225e-02	5.466307e+00
8.660000e-06	6.237124e-03	5.579975e+00
8.670000e-06	-2.597901e-02	5.704764e+00
8.680000e-06	8.284010e-03	5.873827e+00
8.690000e-06	-2.840895e-03	5.990500e+00
8.700000e-06	-4.903995e-03	6.095791e+00
8.710000e-06	-3.240073e-03	6.232682e+00
8.720000e-06	-6.524041e-03	6.356416e+00
8.730000e-06	2.195482e-02	6.402050e+00
8.740000e-06	-1.349668e-02	6.586896e+00
8.750000e-06	-1.676396e-02	6.724889e+00
8.760000e-06	6.507947e-03	6.780497e+00
8.770000e-06	6.699429e-03	6.883859e+00
8.780000e-06	-7.574669e-03	6.978972e+00
8.790000e-06	-1.324337e-02	7.083682e+00
8.800000e-06	1.647643e-02	7.179000e+00
8.810000e-06	-1.526300e-03	7.242108e+00
8.820000e-06	-1.485465e-02	7.339371e+00
8.830000e-06	-5.519944e-03	7.515386e+00
8.840000e-06	7.827811e-03	7.611625e+00
8.850000e-06	-7.272219e-04	7.714738e+00
8.860000e-06	-9.862594e-03	7.748899e+00
8.870000e-06	1.073246e-03	7.873138e+00
8.880000e-06	8.186004e-04	7.989077e+00
8.890000e-06	-6.132444e-03	8.083263e+00
8.900000e-06	-4.535437e-03	8.139968e+00
8.910000e-06	1.258968e-03	8.233553e+00
8.920000e-06	-2.270466e-03	8.305213e+00
8.930000e-06	-4.859119e-03	8.326392e+00
8.940000e-06	-3.018037e-04	8.389474e+00
8.950000e-06	-5.646024e-04	8.451083e+00
8.960000e-06	-5.880977e-03	8.442236e+00
8.970000e-06	-3.714823e-03	8.493312e+00
8.980000e-06	1.488796e-04	8.558899e+00
8.990000e-06	-1.010501e-03	8.590529e+00
9.000000e-06	-2.017701e-03	8.652106e+00
9.010000e-06	-3.067070e-03	8.662809e+00
9.020000e-06	-3.768032e-03	8.685815e+00
9.030000e-06	-5.301161e-03	8.736344e+00
9.040000e-06	-4.624200e-04	8.758866e+00
9.050000e-06	4.837902e-04	8.780500e+00
9.060000e-06	-4.078434e-03	8.818451e+00
9.070000e-06	-4.171529e-03	8.800524e+00
9.080000e-06	-2.861802e-03	8.821529e+00
9.090000e-06	-5.641904e-04	8.831082e+00
9.100000e-06	-4.115086e-03	8.832154e+00
9.110000e-06	-3.067248e-03	8.833083e+00
9.120000e-06	-2.578557e-03	8.833732e+00
9.130000e-06	-2.870052e-03	8.852158e+00
9.140000e-06	-2.797163e-03	8.824509e+00
9.150000e-06	-2.799435e-03	8.822709e+00
9.160000e-06	-2.272885e-03	8.822055e+00
9.170000e-06	-3.165649e-03	8.841604e+00
9.180000e-06	-2.969936e-03	8.810629e+00
9.190000e-06	-2.550902e-03	8.828601e+00
9.200000e-06	-3.160822e-03	8.769926e+00
9.210000e-06	-3.180187e-03	8.738548e+00
9.220000e-06	-2.515649e-03	8.707341e+00
9.230000e-06	-3.766923e-03	8.715820e+00
9.240000e-06	-3.015782e-03	8.695209e+00
9.250000e-06	-3.088232e-03	8.704183e+00
9.260000e-06	-3.275314e-03	8.620553e+00
9.270000e-06	-3.387969e-03	8.570623e+00
9.280000e-06	-3.028623e-03	8.476892e+00
9.290000e-06	-3.147668e-03	8.463789e+00
9.300000e-06	-3.842378e-03	8.422132e+00
9.310000e-06	-3.645097e-03	8.380023e+00
9.320000e-06	-3.358371e-03	8.346370e+00
9.330000e-06	-2.947907e-03	8.272688e+00
9.340000e-06	-3.511958e-03	8.170081e+00
9.350000e-06	-4.061185e-03	8.147945e+00
9.360000e-06	-2.966151e-03	8.054634e+00
9.370000e-06	-3.705334e-03	7.958579e+00
9.380000e-06	-2.105815e-03	7.875811e+00
9.390000e-06	-3.639425e-03	7.842582e+00
9.400000e-06	-4.161447e-03	7.698892e+00
9.410000e-06	-4.805580e-03	7.653714e+00
9.420000e-06	-2.532704e-03	7.580976e+00
9.430000e-06	-3.784608e-03	7.464144e+00
9.440000e-06	-3.725609e-03	7.377920e+00
9.450000e-06	-2.385128e-03	7.232186e+00
9.460000e-06	-2.169782e-03	7.178496e+00
9.470000e-06	-3.664634e-03	7.025184e+00
9.480000e-06	-3.961657e-03	6.940900e+00
9.490000e-06	-2.978741e-03	6.863663e+00
9.500000e-06	-3.621418e-03	6.790026e+00
9.510000e-06	-3.608385e-03	6.644641e+00
9.520000e-06	-3.742014e-03	6.506846e+00
9.530000e-06	-2.454142e-03	6.391599e+00
9.540000e-06	-3.242822e-03	6.287190e+00
9.550000e-06	-2.798470e-03	6.189954e+00
9.560000e-06	-3.372926e-03	6.075212e+00
9.570000e-06	-3.555380e-03	5.959025e+00
9.580000e-06	-3.458959e-03	5.814634e+00
9.590000e-06	-2.923075e-03	5.665133e+00
9.600000e-06	-3.674123e-03	5.548896e+00
9.610000e-06	-3.779873e-03	5.383058e+00
9.620000e-06	-3.258003e-03	5.277746e+00
9.630000e-06	-3.044494e-03	5.078970e+00
9.640000e-06	-3.073386e-03	4.938925e+00
9.650000e-06	-3.582721e-03	4.759002e+00
9.660000e-06	-3.972823e-03	4.601687e+00
9.670000e-06	-3.674384e-03	4.515793e+00
9.680000e-06	-2.824426e-03	4.400029e+00
9.690000e-06	-3.523424e-03	4.204192e+00
9.700000e-06	-4.047717e-03	4.033718e+00
9.710000e-06	-3.341242e-03	3.907371e+00
9.720000e-06	-3.084965e-03	3.781455e+00
9.730000e-06	-3.218433e-03	3.634138e+00
9.740000e-06	-3.668217e-03	3.498370e+00
9.750000e-06	-2.784712e-03	3.299879e+00
9.760000e-06	-2.705474e-03	3.159000e+00
9.770000e-06	-3.762939e-03	3.083610e+00
9.780000e-06	-4.098012e-03	2.835341e+00
9.790000e-06	-3.188904e-03	2.789950e+00
9.800000e-06	-2.824897e-03	2.561535e+00
9.810000e-06	-3.598246e-03	2.420481e+00
9.820000e-06	-4.073736e-03	2.263658e+00
9.830000e-06	-3.029198e-03	2.106242e+00
9.840000e-06	-3.564844e-03	1.949378e+00
9.850000e-06	-3.372698e-03	1.800057e+00
9.860000e-06	-3.695001e-03	1.612107e+00
9.870000e-06	-2.574412e-03	1.444632e+00
9.880000e-06	-3.394909e-03	1.274717e+00
9.890000e-06	-4.317759e-03	1.087320e+00
9.900000e-06	-3.661461e-03	9.152158e-01
9.910000e-06	-3.163385e-03	7.177948e-01
9.920000e-06	-3.983363e-03	5.694726e-01
9.930000e-06	-3.191771e-03	4.220578e-01
9.940000e-06	-5.094957e-03	2.747654e-01
9.950000e-06	-5.076300e-04	4.471302e-02
9.960000e-06	4.695256e-04	-1.226293e-01
9.970000e-06	2.032529e-03	-2.110275e-01
9.980000e-06	-1.867070e-03	-3.869659e-01
9.990000e-06	-7.797384e-05	-5.047580e-01
1.000000e-05	-2.125160e-03	-7.012503e-01
1.001000e-05	-2.031411e-03	-8.200273e-01
1.002000e-05	-1.329384e-03	-9.559196e-01
1.003000e-05	7.992024e-03	-1.115808e+00
1.004000e-05	5.888634e-02	-1.261654e+00
1.005000e-05	2.482776e-02	-1.582679e+00
1.006000e-05	-5.535238e-02	-1.787011e+00
1.007000e-05	-3.732411e-02	-1.957913e+00
1.008000e-05	-1.033075e-01	-2.110606e+00
1.009000e-05	1.310515e-01	-2.065832e+00
1.010000e-05	2.576124e-02	-2.217567e+00
1.011000e-05	-1.564917e-01	-2.461702e+00
1.012000e-05	1.417393e-01	-2.621001e+00
1.013000e-05	-1.741554e-02	-2.683729e+00
1.014000e-05	-1.566581e-01	-2.915255e+00
1.015000e-05	1.419633e-01	-3.114210e+00
1.016000e-05	-3.661239e-03	-3.209550e+00
1.017000e-05	-1.052939e-01	-3.388921e+00
1.018000e-05	1.458417e-01	-3.544862e+00
1.019000e-05	-9.974047e-02	-3.651605e+00
1.020000e-05	-3.293635e-03	-3.902228e+00
1.021000e-05	6.508012e-02	-4.031049e+00
1.022000e-05	-1.135202e-01	-4.176469e+00
1.023000e-05	9.082192e-02	-4.295708e+00
1.024000e-05	-3.364279e-03	-4.399894e+00
1.025000e-05	-6.989894e-02	-4.597942e+00
1.026000e-05	9.862214e-02	-4.744311e+00
1.027000e-05	-5.394700e-02	-4.862155e+00
1.028000e-05	1.775063e-03	-5.019052e+00
1.029000e-05	-9.795884e-03	-5.146261e+00
1.030000e-05	-1.334529e-02	-5.295284e+00
1.031000e-05	6.730889e-02	-5.463155e+00
1.032000e-05	-7.772793e-02	-5.630496e+00
1.033000e-05	4.311998e-02	-5.735892e+00
1.034000e-05	8.883563e-03	-5.871653e+00
1.035000e-05	-4.697591e-02	-5.988546e+00
1.036000e-05	2.639184e-02	-6.072605e+00
1.037000e-05	-2.998479e-02	-6.187518e+00
1.038000e-05	6.598799e-02	-6.377940e+00
1.039000e-05	-3.717053e-02	-6.472128e+00
1.040000e-05	-4.075345e-02	-6.568916e+00
1.041000e-05	4.674369e-02	-6.683130e+00
1.042000e-05	-1.535011e-02	-6.798871e+00
1.043000e-05	5.293757e-03	-6.822058e+00
1.044000e-05	-2.836108e-02	-6.958916e+00
1.045000e-05	3.047604e-02	-7.135865e+00
1.046000e-05	6.104292e-03	-7.240476e+00
1.047000e-05	-4.052771e-02	-7.312757e+00
1.048000e-05	1.869371e-02	-7.379021e+00
1.049000e-05	2.082484e-03	-7.462583e+00
1.050000e-05	2.459582e-03	-7.538446e+00
1.051000e-05	-2.171010e-02	-7.683262e+00
1.052000e-05	7.566965e-03	-7.788595e+00
1.053000e-05	1.340812e-02	-7.914335e+00
1.054000e-05	-2.174658e-02	-8.019969e+00
1.055000e-05	-1.307287e-03	-8.042130e+00
1.056000e-05	2.302436e-04	-8.124733e+00
1.057000e-05	5.569228e-03	-8.189920e+00
1.058000e-05	-8.858828e-03	-8.262102e+00
1.059000e-05	-1.804364e-03	-8.337316e+00
1.060000e-05	4.040900e-03	-8.357894e+00
1.061000e-05	-1.026647e-02	-8.398553e+00
1.062000e-05	-9.240120e-04	-8.420078e+00
1.063000e-05	4.990658e-04	-8.484236e+00
1.064000e-05	-3.420108e-04	-8.546386e+00
1.065000e-05	-3.742701e-03	-8.639974e+00
1.066000e-05	-2.937951e-03	-8.694256e+00
1.067000e-05	-3.645432e-03	-8.704284e+00
1.068000e-05	-3.978325e-03	-8.724890e+00
1.069000e-05	-1.010005e-03	-8.777842e+00
1.070000e-05	3.837209e-05	-8.778999e+00
1.071000e-05	-4.730004e-03	-8.830050e+00
1.072000e-05	-4.329978e-03	-8.821604e+00
1.073000e-05	1.631135e-04	-8.801130e+00
1.074000e-05	-4.296622e-03	-8.832556e+00
1.075000e-05	-5.528924e-03	-8.872607e+00
1.076000e-05	-3.866794e-03	-8.864187e+00
1.077000e-05	-6.775324e-04	-8.886314e+00
1.078000e-05	-2.652022e-03	-8.904207e+00
1.079000e-05	-4.027292e-03	-8.871210e+00
1.080000e-05	-2.337505e-03	-8.885259e+00
1.081000e-05	-2.098979e-03	-8.903209e+00
1.082000e-05	-2.724227e-03	-8.853079e+00
1.083000e-05	-2.793103e-03	-8.863157e+00
1.084000e-05	-2.538139e-03	-8.822584e+00
1.085000e-05	-3.239703e-03	-8.852103e+00
1.086000e-05	-4.151634e-03	-8.812030e+00
1.087000e-05	-3.144756e-03	-8.809551e+00
1.088000e-05	-2.606704e-03	-8.767974e+00
1.089000e-05	-1.955578e-03	-8.755771e+00
1.090000e-05	-2.829664e-03	-8.704815e+00
1.091000e-05	-3.653137e-03	-8.662161e+00
1.092000e-05	-2.853941e-03	-8.532027e+00
1.093000e-05	-2.956100e-03	-8.525418e+00
1.094000e-05	-3.795422e-03	-8.433691e+00
1.095000e-05	-4.831788e-03	-8.430103e+00
1.096000e-05	-2.948378e-03	-8.368950e+00
1.097000e-05	-2.475265e-03	-8.317392e+00
1.098000e-05	-3.089318e-03	-8.304688e+00
1.099000e-05	-3.439819e-03	-8.222078e+00
1.100000e-05	-3.662541e-03	-8.138421e+00
1.101000e-05	-4.096443e-03	-8.074738e+00
1.102000e-05	-3.757273e-03	-8.032631e+00
1.103000e-05	-2.989419e-03	-8.009972e+00
1.104000e-05	-3.998284e-03	-7.935863e+00
1.105000e-05	-4.554937e-03	-7.790928e+00
1.106000e-05	-3.675350e-03	-7.592604e+00
1.107000e-05	-3.356069e-03	-7.590420e+00
1.108000e-05	-4.700571e-03	-7.503713e+00
1.109000e-05	-3.855988e-03	-7.380003e+00
1.110000e-05	-2.823381e-03	-7.285192e+00
1.111000e-05	-3.249545e-03	-7.191605e+00
1.112000e-05	-5.003336e-03	-7.138970e+00
1.113000e-05	-4.704137e-03	-7.023059e+00
1.114000e-05	-3.503636e-03	-6.875337e+00
1.115000e-05	-4.110061e-03	-6.801029e+00
1.116000e-05	-4.143756e-03	-6.694266e+00
1.117000e-05	-2.338106e-03	-6.610979e+00
1.118000e-05	-2.899894e-03	-6.476236e+00
1.119000e-05	-4.465611e-03	-6.400047e+00
1.120000e-05	-4.238035e-03	-6.265667e+00
1.121000e-05	-3.783142e-03	-6.135269e+00
1.122000e-05	-3.906899e-03	-6.000524e+00
1.123000e-05	-4.917067e-03	-5.896793e+00
1.124000e-05	-3.483960e-03	-5.719399e+00
1.125000e-05	-4.068690e-03	-5.623075e+00
1.126000e-05	-5.092588e-03	-5.498346e+00
1.127000e-05	-4.295576e-03	-5.368299e+00
1.128000e-05	-4.277171e-03	-5.168425e+00
1.129000e-05	-4.506698e-03	-5.044132e+00
1.130000e-05	-4.072728e-03	-4.876765e+00
1.131000e-05	-3.545797e-03	-4.705712e+00
1.132000e-05	-5.195417e-03	-4.570500e+00
1.133000e-05	-5.593016e-03	-4.452131e+00
1.134000e-05	-4.912719e-03	-4.326345e+00
1.135000e-05	-2.865510e-03	-4.229531e+00
1.136000e-05	-5.217668e-03	-4.060584e+00
1.137000e-05	-3.793647e-03	-3.948420e+00
1.138000e-05	-4.787389e-03	-3.770478e+00
1.139000e-05	-3.417958e-03	-3.581551e+00
1.140000e-05	-5.421586e-03	-3.485766e+00
1.141000e-05	-3.756402e-03	-3.325819e+00
1.142000e-05	-4.351929e-03	-3.240500e+00
1.143000e-05	-3.015018e-03	-3.020533e+00
1.144000e-05	-4.371124e-03	-2.824135e+00
1.145000e-05	-4.272313e-03	-2.656791e+00
1.146000e-05	-4.362510e-03	-2.567393e+00
1.147000e-05	-4.351042e-03	-2.410000e+00
1.148000e-05	-4.972844e-03	-2.241035e+00
1.149000e-05	-3.492656e-03	-2.032083e+00
1.150000e-05	-4.198325e-03	-1.895214e+00
1.151000e-05	-3.826212e-03	-1.747849e+00
1.152000e-05	-4.743330e-03	-1.611053e+00
1.153000e-05	-3.904991e-03	-1.409056e+00
1.154000e-05	-4.371778e-03	-1.210952e+00
1.155000e-05	-4.620980e-03	-1.022657e+00
1.156000e-05	-4.541842e-03	-8.541894e-01
1.157000e-05	-3.957370e-03	-7.168450e-01
1.158000e-05	-3.976580e-03	-4.774209e-01
1.159000e-05	-4.314240e-03	-3.779224e-01
1.160000e-05	-5.235541e-03	-2.121080e-01
1.161000e-05	-3.582202e-03	-8.220541e-02
1.162000e-05	-7.146571e-04	3.315664e-02
1.163000e-05	5.486791e-04	2.637542e-01
1.164000e-05	-2.668503e-03	4.095274e-01
1.165000e-05	5.704947e-04	5.368157e-01
1.166000e-05	-2.330394e-03	7.141155e-01
1.167000e-05	-8.903492e-04	8.016013e-01
1.168000e-05	-2.674384e-03	1.009599e+00
1.169000e-05	5.729757e-03	1.159894e+00
1.170000e-05	3.339592e-02	1.356869e+00
1.171000e-05	5.246938e-02	1.597540e+00
1.172000e-05	-4.058380e-02	1.790523e+00
1.173000e-05	-3.931147e-02	1.985890e+00
1.174000e-05	-7.116543e-02	2.093285e+00
1.175000e-05	-2.915158e-02	2.209971e+00
1.176000e-05	1.417526e-01	2.275764e+00
1.177000e-05	-6.230973e-02	2.422703e+00
1.178000e-05	-6.669730e-02	2.598472e+00
1.179000e-05	1.395659e-01	2.745368e+00
1.180000e-05	-1.024315e-01	2.956437e+00
1.181000e-05	-3.082859e-02	3.083729e+00
1.182000e-05	1.166942e-01	3.168521e+00
1.183000e-05	-9.434515e-02	3.378467e+00
1.184000e-05	-6.005611e-03	3.548415e+00
1.185000e-05	7.523602e-02	3.674207e+00
1.186000e-05	-6.625059e-02	3.820729e+00
1.187000e-05	2.499973e-02	3.978946e+00
1.188000e-05	-3.773630e-03	4.199392e+00
1.189000e-05	-3.441769e-02	4.295390e+00
1.190000e-05	2.803698e-02	4.471579e+00
1.191000e-05	-1.147723e-02	4.610549e+00
1.192000e-05	3.390640e-03	4.758841e+00
1.193000e-05	1.717723e-02	4.915716e+00
1.194000e-05	-1.513883e-02	5.086808e+00
1.195000e-05	-2.265821e-02	5.262684e+00
1.196000e-05	-4.371274e-03	5.399023e+00
1.197000e-05	3.409477e-02	5.527387e+00
1.198000e-05	-1.566474e-02	5.640533e+00
1.199000e-05	-1.468613e-02	5.778492e+00
1.200000e-05	6.875843e-03	5.927468e+00
1.201000e-05	-6.679330e-03	6.043131e+00
1.202000e-05	8.311545e-04	6.128343e+00
1.203000e-05	-1.264486e-02	6.303158e+00
1.204000e-05	7.957452e-03	6.358595e+00
1.205000e-05	1.370731e-02	6.462686e+00
1.206000e-05	-2.001325e-02	6.640598e+00
1.207000e-05	-9.064857e-03	6.769420e+00
1.208000e-05	1.138546e-02	6.831604e+00
1.209000e-05	1.733503e-03	6.914841e+00
1.210000e-05	-1.451671e-02	7.011000e+00
1.211000e-05	-2.393205e-03	7.087863e+00
1.212000e-05	1.693506e-02	7.221522e+00
1.213000e-05	-9.639649e-03	7.304709e+00
1.214000e-05	-1.414246e-02	7.449059e+00
1.215000e-05	1.419647e-03	7.565919e+00
1.216000e-05	6.037748e-03	7.641656e+00
1.217000e-05	-4.326534e-03	7.726337e+00
1.218000e-05	-7.838153e-03	7.790126e+00
1.219000e-05	4.970572e-03	7.929412e+00
1.220000e-05	-3.773678e-03	8.120556e+00
1.221000e-05	-6.181467e-03	8.135290e+00
1.222000e-05	-1.486332e-03	8.150467e+00
1.223000e-05	1.469416e-03	8.231154e+00
1.224000e-05	-4.647610e-03	8.306163e+00
1.225000e-05	-5.053418e-03	8.359421e+00
1.226000e-05	2.101968e-03	8.400552e+00
1.227000e-05	-3.110379e-03	8.442132e+00
1.228000e-05	-5.590281e-03	8.473234e+00
1.229000e-05	-2.838418e-03	8.528340e+00
1.230000e-05	1.141762e-03	8.588502e+00
1.231000e-05	-1.576077e-03	8.590075e+00
1.232000e-05	-1.837505e-03	8.631631e+00
1.233000e-05	-3.077500e-03	8.653838e+00
1.234000e-05	-5.299756e-03	8.675842e+00
1.235000e-05	-3.224073e-03	8.728291e+00
1.236000e-05	-5.957165e-05	8.798472e+00
1.237000e-05	-1.034048e-03	8.788925e+00
1.238000e-05	-5.057291e-03	8.800999e+00
1.239000e-05	-3.403479e-03	8.790599e+00
1.240000e-05	-2.253520e-03	8.821630e+00
1.241000e-05	-1.733200e-03	8.834079e+00
1.242000e-05	-4.125235e-03	8.831605e+00
1.243000e-05	-3.246350e-03	8.861606e+00
1.244000e-05	-2.431680e-03	8.822686e+00
1.245000e-05	-3.049097e-03	8.844237e+00
1.246000e-05	-2.482728e-03	8.832230e+00
1.247000e-05	-2.652961e-03	8.810679e+00
1.248000e-05	-3.265079e-03	8.823130e+00
1.249000e-05	-4.110726e-03	8.821582e+00
1.250000e-05	-2.834417e-03	8.831128e+00
1.251000e-05	-2.419992e-03	8.780078e+00
1.252000e-05	-2.650496e-03	8.758974e+00
1.253000e-05	-3.892501e-03	8.757924e+00
1.254000e-05	-3.674450e-03	8.737395e+00
1.255000e-05	-2.246397e-03	8.664812e+00
1.256000e-05	-2.218278e-03	8.674140e+00
1.257000e-05	-2.733881e-03	8.643153e+00
1.258000e-05	-3.715901e-03	8.570557e+00
1.259000e-05	-2.351620e-03	8.549418e+00
1.260000e-05	-2.865586e-03	8.496244e+00
1.261000e-05	-3.921502e-03	8.442157e+00
1.262000e-05	-3.727764e-03	8.412077e+00
1.263000e-05	-3.103568e-03	8.379999e+00
1.264000e-05	-3.297372e-03	8.326367e+00
1.265000e-05	-3.537974e-03	8.222609e+00
1.266000e-05	-2.099733e-03	8.170000e+00
1.267000e-05	-1.751376e-03	8.084817e+00
1.268000e-05	-2.195130e-03	8.054033e+00
1.269000e-05	-3.974234e-03	7.958918e+00
1.270000e-05	-2.925041e-03	7.874212e+00
1.271000e-05	-4.047203e-03	7.809508e+00
1.272000e-05	-2.712206e-03	7.697839e+00
1.273000e-05	-3.216732e-03	7.629158e+00
1.274000e-05	-2.961573e-03	7.569421e+00
1.275000e-05	-2.550490e-03	7.363509e+00
1.276000e-05	-3.189074e-03	7.285296e+00
1.277000e-05	-3.143404e-03	7.190504e+00
1.278000e-05	-3.904362e-03	7.118292e+00
1.279000e-05	-3.342777e-03	7.011582e+00
1.280000e-05	-2.771645e-03	6.907943e+00
1.281000e-05	-2.965977e-03	6.832106e+00
1.282000e-05	-3.448374e-03	6.759850e+00
1.283000e-05	-2.892658e-03	6.581662e+00
1.284000e-05	-3.697555e-03	6.453116e+00
1.285000e-05	-3.178906e-03	6.359475e+00
1.286000e-05	-3.583228e-03	6.263159e+00
1.287000e-05	-3.075327e-03	6.117895e+00
1.288000e-05	-3.325359e-03	6.031584e+00
1.289000e-05	-3.689276e-03	5.928372e+00
1.290000e-05	-3.515446e-03	5.779924e+00
1.291000e-05	-2.785328e-03	5.621055e+00
1.292000e-05	-3.587890e-03	5.505744e+00
1.293000e-05	-2.974990e-03	5.349403e+00
1.294000e-05	-3.606855e-03	5.232583e+00
1.295000e-05	-3.308092e-03	5.084138e+00
1.296000e-05	-4.144615e-03	4.875715e+00
1.297000e-05	-3.238266e-03	4.717343e+00
1.298000e-05	-3.492233e-03	4.601603e+00
1.299000e-05	-3.892917e-03	4.434188e+00
1.300000e-05	-3.401407e-03	4.359274e+00
1.301000e-05	-2.889193e-03	4.141903e+00
1.302000e-05	-4.032987e-03	3.982080e+00
1.303000e-05	-3.821440e-03	3.856267e+00
1.304000e-05	-3.373899e-03	3.727321e+00
1.305000e-05	-3.572986e-03	3.630582e+00
1.306000e-05	-3.164707e-03	3.466665e+00
1.307000e-05	-3.433736e-03	3.296167e+00
1.308000e-05	-2.988168e-03	3.157845e+00
1.309000e-05	-3.796945e-03	2.980527e+00
1.310000e-05	-3.802250e-03	2.862163e+00
1.311000e-05	-3.928789e-03	2.747820e+00
1.312000e-05	-2.801099e-03	2.555746e+00
1.313000e-05	-3.675670e-03	2.357926e+00
1.314000e-05	-3.606611e-03	2.172029e+00
1.315000e-05	-3.961495e-03	2.042660e+00
1.316000e-05	-3.359458e-03	1.888245e+00
1.317000e-05	-3.788473e-03	1.737351e+00
1.318000e-05	-2.915408e-03	1.541450e+00
1.319000e-05	-3.556524e-03	1.350008e+00
1.320000e-05	-3.668458e-03	1.222080e+00
1.321000e-05	-3.081573e-03	1.012108e+00
1.322000e-05	-3.924962e-03	8.030828e-01
1.323000e-05	-4.087223e-03	6.561407e-01
1.324000e-05	-3.578155e-03	4.978184e-01
1.325000e-05	-3.343711e-03	3.599502e-01
1.326000e-05	-3.238673e-03	1.500791e-01
1.327000e-05	-2.244617e-03	3.103301e-02
1.328000e-05	1.639812e-03	-1.473094e-01
1.329000e-05	1.302535e-03	-2.836778e-01
1.330000e-05	-1.185633e-03	-4.110248e-01
1.331000e-05	4.377609e-04	-5.973894e-01
1.332000e-05	-2.450039e-03	-7.659134e-01
1.333000e-05	-9.113694e-04	-9.027065e-01
1.334000e-05	1.509124e-04	-1.040601e+00
1.335000e-05	1.734163e-02	-1.187438e+00
1.336000e-05	7.802112e-02	-1.356787e+00
1.337000e-05	-2.780140e-02	-1.608565e+00
1.338000e-05	-3.456753e-02	-1.850099e+00
1.339000e-05	-7.559993e-02	-1.979071e+00
1.340000e-05	-4.051294e-02	-2.072155e+00
1.341000e-05	1.521656e-01	-2.053762e+00
1.342000e-05	-8.255129e-02	-2.361729e+00
1.343000e-05	-6.662013e-02	-2.576913e+00
1.344000e-05	1.702187e-01	-2.591528e+00
1.345000e-05	-1.305043e-01	-2.768892e+00
1.346000e-05	-5.857549e-02	-3.009015e+00
1.347000e-05	1.562255e-01	-3.156863e+00
1.348000e-05	-1.116579e-01	-3.283130e+00
1.349000e-05	5.670956e-03	-3.451555e+00
1.350000e-05	1.026512e-01	-3.546442e+00
1.351000e-05	-1.282130e-01	-3.745713e+00
1.352000e-05	8.461125e-02	-3.935859e+00
1.353000e-05	-2.353540e-02	-4.081652e+00
1.354000e-05	-6.702367e-02	-4.240096e+00
1.355000e-05	1.174988e-01	-4.336711e+00
1.356000e-05	-8.761382e-02	-4.441551e+00
1.357000e-05	1.523038e-02	-4.609600e+00
1.358000e-05	6.058353e-02	-4.728847e+00
1.359000e-05	-6.498333e-02	-4.964383e+00
1.360000e-05	2.735255e-02	-5.072630e+00
1.361000e-05	-4.139968e-02	-5.198445e+00
1.362000e-05	3.902785e-02	-5.397843e+00
1.363000e-05	1.490893e-02	-5.538867e+00
1.364000e-05	-6.437990e-02	-5.702104e+00
1.365000e-05	7.256535e-02	-5.778920e+00
1.366000e-05	-4.069124e-02	-5.936257e+00
1.367000e-05	-1.036839e-02	-6.011022e+00
1.368000e-05	3.643118e-03	-6.083263e+00
1.369000e-05	-3.008765e-03	-6.293204e+00
1.370000e-05	5.985083e-02	-6.409521e+00
1.371000e-05	-7.829253e-02	-6.502785e+00
1.372000e-05	9.801512e-03	-6.609076e+00
1.373000e-05	2.644664e-02	-6.704286e+00
1.374000e-05	-1.457101e-02	-6.800496e+00
1.375000e-05	-7.987599e-04	-6.873210e+00
1.376000e-05	-2.216879e-02	-7.052210e+00
1.377000e-05	4.677114e-02	-7.176489e+00
1.378000e-05	-2.973316e-02	-7.252104e+00
1.379000e-05	-1.660926e-02	-7.375866e+00
1.380000e-05	1.764482e-02	-7.450571e+00
1.381000e-05	-1.894168e-03	-7.514368e+00
1.382000e-05	-2.609356e-03	-7.610475e+00
1.383000e-05	-2.092369e-02	-7.765887e+00
1.384000e-05	2.289772e-02	-7.831679e+00
1.385000e-05	-5.041927e-03	-7.944814e+00
1.386000e-05	-1.510373e-02	-8.012104e+00
1.387000e-05	2.140879e-04	-8.051683e+00
1.388000e-05	2.671006e-03	-8.126393e+00
1.389000e-05	2.925689e-03	-8.199571e+00
1.390000e-05	-1.171865e-02	-8.293157e+00
1.391000e-05	3.885980e-03	-8.314770e+00
1.392000e-05	-3.095305e-03	-8.380425e+00
1.393000e-05	-6.830937e-03	-8.429575e+00
1.394000e-05	-4.487750e-04	-8.471158e+00
1.395000e-05	-1.222775e-03	-8.504864e+00
1.396000e-05	-9.218535e-04	-8.546374e+00
1.397000e-05	-2.691626e-03	-8.581502e+00
1.398000e-05	-2.079906e-03	-8.611708e+00
1.399000e-05	-4.246970e-03	-8.716338e+00
1.400000e-05	-3.840054e-03	-8.757890e+00
1.401000e-05	-5.369362e-04	-8.787947e+00
1.402000e-05	-2.333435e-03	-8.811004e+00
1.403000e-05	-5.048461e-03	-8.810577e+00
1.404000e-05	-1.763142e-03	-8.861075e+00
1.405000e-05	-8.303970e-04	-8.852657e+00
1.406000e-05	-5.371327e-03	-8.832579e+00
1.407000e-05	-5.479164e-03	-8.873730e+00
1.408000e-05	-1.101150e-03	-8.902786e+00
1.409000e-05	-7.472687e-04	-8.882764e+00
1.410000e-05	-3.524440e-03	-8.883639e+00
1.411000e-05	-4.708544e-03	-8.884209e+00
1.412000e-05	-2.956129e-03	-8.913761e+00
1.413000e-05	-2.727575e-03	-8.873734e+00
1.414000e-05	-3.380870e-03	-8.852683e+00
1.415000e-05	-2.283276e-03	-8.831133e+00
1.416000e-05	-2.291764e-03	-8.822679e+00
1.417000e-05	-3.158668e-03	-8.833128e+00
1.418000e-05	-4.375573e-03	-8.841058e+00
1.419000e-05	-2.856983e-03	-8.769999e+00
1.420000e-05	-1.254791e-03	-8.799423e+00
1.421000e-05	-2.647009e-03	-8.728814e+00
1.422000e-05	-3.355172e-03	-8.674285e+00
1.423000e-05	-3.689178e-03	-8.600657e+00
1.424000e-05	-2.447142e-03	-8.557023e+00
1.425000e-05	-3.098614e-03	-8.504760e+00
1.426000e-05	-4.101472e-03	-8.435131e+00
1.427000e-05	-3.789729e-03	-8.401152e+00
1.428000e-05	-3.365205e-03	-8.358421e+00
1.429000e-05	-2.564390e-03	-8.326264e+00
1.430000e-05	-3.720640e-03	-8.234133e+00
1.431000e-05	-3.425494e-03	-8.180024e+00
1.432000e-05	-3.861988e-03	-8.126312e+00
1.433000e-05	-3.503749e-03	-8.043685e+00
1.434000e-05	-3.994873e-03	-7.990600e+00
1.435000e-05	-3.047108e-03	-7.936945e+00
1.436000e-05	-4.380788e-03	-7.871163e+00
1.437000e-05	-3.822334e-03	-7.757317e+00
1.438000e-05	-3.826961e-03	-7.641534e+00
1.439000e-05	-3.973968e-03	-7.537817e+00
1.440000e-05	-4.019580e-03	-7.443155e+00
1.441000e-05	-3.798982e-03	-7.349448e+00
1.442000e-05	-3.257580e-03	-7.241188e+00
1.443000e-05	-4.056526e-03	-7.201550e+00
1.444000e-05	-4.105772e-03	-7.135818e+00
1.445000e-05	-3.774880e-03	-6.959497e+00
1.446000e-05	-4.192613e-03	-6.883686e+00
1.447000e-05	-3.949829e-03	-6.778995e+00
1.448000e-05	-3.374285e-03	-6.664161e+00
1.449000e-05	-3.539669e-03	-6.558524e+00
1.450000e-05	-4.498388e-03	-6.483630e+00
1.451000e-05	-4.138359e-03	-6.360273e+00
1.452000e-05	-2.562420e-03	-6.211034e+00
1.453000e-05	-3.541177e-03	-6.073711e+00
1.454000e-05	-5.316774e-03	-5.998971e+00
1.455000e-05	-4.630607e-03	-5.820711e+00
1.456000e-05	-4.156943e-03	-5.709318e+00
1.457000e-05	-4.812029e-03	-5.600479e+00
1.458000e-05	-5.582560e-03	-5.413664e+00
1.459000e-05	-3.904521e-03	-5.275140e+00
1.460000e-05	-3.147259e-03	-5.136373e+00
1.461000e-05	-4.326357e-03	-4.970979e+00
1.462000e-05	-4.291595e-03	-4.789983e+00
1.463000e-05	-4.208251e-03	-4.662107e+00
1.464000e-05	-4.052525e-03	-4.527370e+00
1.465000e-05	-5.131108e-03	-4.421582e+00
1.466000e-05	-4.789819e-03	-4.305242e+00
1.467000e-05	-4.308471e-03	-4.147799e+00
1.468000e-05	-5.060821e-03	-4.011507e+00
1.469000e-05	-3.808852e-03	-3.886192e+00
1.470000e-05	-4.119037e-03	-3.715343e+00
1.471000e-05	-2.642764e-03	-3.530900e+00
1.472000e-05	-4.823079e-03	-3.421583e+00
1.473000e-05	-4.218536e-03	-3.274162e+00
1.474000e-05	-4.452748e-03	-3.116894e+00
1.475000e-05	-3.792726e-03	-2.927480e+00
1.476000e-05	-4.120028e-03	-2.799450e+00
1.477000e-05	-4.926307e-03	-2.612611e+00
1.478000e-05	-3.858055e-03	-2.455689e+00
1.479000e-05	-4.953619e-03	-2.339822e+00
1.480000e-05	-4.047321e-03	-2.138947e+00
1.481000e-05	-3.985252e-03	-2.012024e+00
1.482000e-05	-3.718973e-03	-1.834609e+00
1.483000e-05	-4.916234e-03	-1.673738e+00
1.484000e-05	-3.840288e-03	-1.559347e+00
1.485000e-05	-4.121007e-03	-1.326371e+00
1.486000e-05	-4.216313e-03	-1.109371e+00
1.487000e-05	-4.717567e-03	-9.805038e-01
1.488000e-05	-4.467623e-03	-8.316528e-01
1.489000e-05	-5.274164e-03	-6.031582e-01
1.490000e-05	-4.031845e-03	-4.426608e-01
1.491000e-05	-4.099770e-03	-3.168197e-01
1.492000e-05	-3.899324e-03	-1.698936e-01
1.493000e-05	-1.730806e-03	-1.027819e-03
1.494000e-05	1.971165e-03	1.373681e-01
1.495000e-05	-2.562492e-03	3.468107e-01
1.496000e-05	-1.323274e-03	4.816566e-01
1.497000e-05	-1.676663e-03	5.885760e-01
1.498000e-05	-2.739867e-03	7.678184e-01
1.499000e-05	-3.668000e-03	8.931801e-01
1.500000e-05	-8.130342e-04	1.095105e+00
1.501000e-05	1.210809e-02	1.251128e+00
1.502000e-05	5.337940e-02	1.420050e+00
1.503000e-05	2.251335e-02	1.683757e+00
1.504000e-05	-4.844516e-02	1.874633e+00
1.505000e-05	-4.151791e-02	2.010000e+00
1.506000e-05	-8.404933e-02	2.146387e+00
1.507000e-05	4.100591e-02	2.220629e+00
1.508000e-05	1.110524e-01	2.388012e+00
1.509000e-05	-1.357143e-01	2.533133e+00
1.510000e-05	5.292784e-02	2.670671e+00
1.511000e-05	6.612021e-02	2.840550e+00
1.512000e-05	-1.278103e-01	2.968999e+00
1.513000e-05	5.456105e-02	3.054284e+00
1.514000e-05	6.734464e-02	3.261605e+00
1.515000e-05	-1.221210e-01	3.501203e+00
1.516000e-05	7.198515e-02	3.569976e+00
1.517000e-05	1.097812e-02	3.725787e+00
1.518000e-05	-5.410821e-02	3.912810e+00
1.519000e-05	4.383444e-02	4.039575e+00
1.520000e-05	-3.744009e-02	4.220526e+00
1.521000e-05	-3.617746e-03	4.368943e+00
1.522000e-05	2.007324e-02	4.503209e+00
1.523000e-05	-1.465097e-02	4.684232e+00
1.524000e-05	1.400402e-02	4.789471e+00
1.525000e-05	9.050731e-03	4.986519e+00
1.526000e-05	-2.208961e-02	5.160921e+00
1.527000e-05	-1.965478e-02	5.294286e+00
1.528000e-05	1.137901e-02	5.451704e+00
1.529000e-05	2.463598e-02	5.559470e+00
1.530000e-05	-2.652341e-02	5.682683e+00
1.531000e-05	1.129424e-03	5.829674e+00
1.532000e-05	1.781329e-03	5.958920e+00
1.533000e-05	-8.410348e-03	6.102234e+00
1.534000e-05	1.550414e-03	6.188474e+00
1.535000e-05	-1.393997e-02	6.304187e+00
1.536000e-05	2.056180e-02	6.411074e+00
1.537000e-05	-2.715594e-03	6.472788e+00
1.538000e-05	-2.014542e-02	6.685705e+00
1.539000e-05	-1.327003e-04	6.770424e+00
1.540000e-05	1.026261e-02	6.852258e+00
1.541000e-05	-3.346880e-03	6.955889e+00
1.542000e-05	-1.544387e-02	7.083229e+00
1.543000e-05	9.315647e-03	7.147919e+00
1.544000e-05	8.452431e-03	7.221131e+00
1.545000e-05	-1.416477e-02	7.345817e+00
1.546000e-05	-9.354659e-03	7.474254e+00
1.547000e-05	6.617166e-03	7.579572e+00
1.548000e-05	1.300047e-03	7.663760e+00
1.549000e-05	-7.941823e-03	7.776945e+00
1.550000e-05	-3.622331e-03	7.871683e+00
1.551000e-05	4.827430e-03	8.017896e+00
1.552000e-05	-5.705009e-03	8.035688e+00
1.553000e-05	-4.683519e-03	8.136439e+00
1.554000e-05	9.799311e-04	8.219005e+00
1.555000e-05	-9.734050e-04	8.252738e+00
1.556000e-05	-4.452944e-03	8.327789e+00
1.557000e-05	-2.538793e-03	8.350499e+00
1.558000e-05	1.925765e-03	8.431554e+00
1.559000e-05	-5.726331e-03	8.443187e+00
1.560000e-05	-4.432757e-03	8.534713e+00
1.561000e-05	-2.689528e-04	8.516395e+00
1.562000e-05	-2.893875e-04	8.609576e+00
1.563000e-05	-1.840022e-03	8.640582e+00
1.564000e-05	-2.515264e-03	8.623657e+00
1.565000e-05	-2.859508e-03	8.686317e+00
1.566000e-05	-5.536568e-03	8.677821e+00
1.567000e-05	-1.247012e-03	8.746945e+00
1.568000e-05	1.943156e-04	8.789421e+00
1.569000e-05	-3.195753e-03	8.768973e+00
1.570000e-05	-4.865820e-03	8.810528e+00
1.571000e-05	-2.693238e-03	8.811029e+00
1.572000e-05	-2.765658e-03	8.832602e+00
1.573000e-05	-3.306281e-03	8.832203e+00
1.574000e-05	-3.987697e-03	8.832682e+00
1.575000e-05	-1.271846e-03	8.842632e+00
1.576000e-05	-1.019752e-03	8.833161e+00
1.577000e-05	-3.237772e-03	8.862157e+00
1.578000e-05	-3.356672e-03	8.812230e+00
1.579000e-05	-4.709849e-03	8.843183e+00
1.580000e-05	-2.847631e-03	8.853630e+00
1.581000e-05	-3.663268e-03	8.822128e+00
1.582000e-05	-2.599267e-03	8.821023e+00
1.583000e-05	-1.956819e-03	8.791500e+00
1.584000e-05	-4.349362e-03	8.768995e+00
1.585000e-05	-2.729615e-03	8.768421e+00
1.586000e-05	-2.982187e-03	8.687394e+00
1.587000e-05	-1.926204e-03	8.722789e+00
1.588000e-05	-3.712333e-03	8.642657e+00
1.589000e-05	-4.107985e-03	8.592131e+00
1.590000e-05	-4.428902e-03	8.589999e+00
1.591000e-05	-2.685865e-03	8.535364e+00
1.592000e-05	-2.303444e-03	8.435262e+00
1.593000e-05	-2.703905e-03	8.422130e+00
1.594000e-05	-2.473604e-03	8.400552e+00
1.595000e-05	-2.558915e-03	8.327444e+00
1.596000e-05	-3.103715e-03	8.294689e+00
1.597000e-05	-3.708903e-03	8.211084e+00
1.598000e-05	-2.960601e-03	8.140346e+00
1.599000e-05	-3.601654e-03	8.093157e+00
1.600000e-05	-3.744755e-03	7.942454e+00
1.601000e-05	-1.997983e-03	7.928324e+00
1.602000e-05	-2.556702e-03	7.842084e+00
1.603000e-05	-2.542598e-03	7.736871e+00
1.604000e-05	-3.408239e-03	7.665239e+00
1.605000e-05	-2.010352e-03	7.591605e+00
1.606000e-05	-3.709293e-03	7.536841e+00
1.607000e-05	-2.505158e-03	7.328103e+00
1.608000e-05	-2.690647e-03	7.265715e+00
1.609000e-05	-2.380884e-03	7.180024e+00
1.610000e-05	-4.294161e-03	7.074738e+00
1.611000e-05	-3.221148e-03	7.000374e+00
1.612000e-05	-3.089412e-03	6.895788e+00
1.613000e-05	-2.018496e-03	6.781600e+00
1.614000e-05	-4.350709e-03	6.676268e+00
1.615000e-05	-3.241797e-03	6.497475e+00
1.616000e-05	-3.479669e-03	6.432129e+00
1.617000e-05	-2.558683e-03	6.327845e+00
1.618000e-05	-3.179410e-03	6.171561e+00
1.619000e-05	-2.821890e-03	6.106295e+00
1.620000e-05	-3.574882e-03	5.992004e+00
1.621000e-05	-3.674699e-03	5.925291e+00
1.622000e-05	-2.992209e-03	5.686767e+00
1.623000e-05	-2.542595e-03	5.569553e+00
1.624000e-05	-2.588972e-03	5.464609e+00
1.625000e-05	-3.413671e-03	5.307367e+00
1.626000e-05	-2.573381e-03	5.180428e+00
1.627000e-05	-3.957361e-03	4.951432e+00
1.628000e-05	-3.823668e-03	4.803083e+00
1.629000e-05	-3.905451e-03	4.684790e+00
1.630000e-05	-3.165150e-03	4.537449e+00
1.631000e-05	-3.467752e-03	4.412159e+00
1.632000e-05	-2.698294e-03	4.286367e+00
1.633000e-05	-2.563694e-03	4.097770e+00
1.634000e-05	-4.378076e-03	3.959450e+00
1.635000e-05	-3.698446e-03	3.813162e+00
1.636000e-05	-3.304435e-03	3.696316e+00
1.637000e-05	-3.085373e-03	3.588400e+00
1.638000e-05	-4.183357e-03	3.411533e+00
1.639000e-05	-3.872471e-03	3.232102e+00
1.640000e-05	-4.158281e-03	3.097192e+00
1.641000e-05	-4.300494e-03	2.946900e+00
1.642000e-05	-3.390374e-03	2.792579e+00
1.643000e-05	-2.182212e-03	2.652135e+00
1.644000e-05	-3.971437e-03	2.462136e+00
1.645000e-05	-4.015223e-03	2.304769e+00
1.646000e-05	-3.595347e-03	2.126896e+00
1.647000e-05	-3.583656e-03	1.991529e+00
1.648000e-05	-3.733473e-03	1.843735e+00
1.649000e-05	-3.973509e-03	1.645290e+00
1.650000e-05	-3.378234e-03	1.495293e+00
1.651000e-05	-3.998005e-03	1.277296e+00
1.652000e-05	-3.498524e-03	1.149903e+00
1.653000e-05	-3.494185e-03	9.189023e-01
1.654000e-05	-2.898657e-03	7.785263e-01
1.655000e-05	-3.694181e-03	6.115842e-01
1.656000e-05	-3.869920e-03	4.451843e-01
1.657000e-05	-4.468186e-03	2.974146e-01
1.658000e-05	-3.979897e-03	6.637105e-02
1.659000e-05	-1.319695e-04	-7.162508e-02
1.660000e-05	3.621677e-03	-1.983945e-01
1.661000e-05	-1.003662e-03	-3.363129e-01
1.662000e-05	-1.382612e-03	-4.610552e-01
1.663000e-05	-1.952481e-03	-6.521013e-01
1.664000e-05	-3.932925e-04	-8.300473e-01
1.665000e-05	-1.669390e-03	-9.458382e-01
1.666000e-05	3.049138e-03	-1.073630e+00
1.667000e-05	3.583043e-02	-1.228099e+00
1.668000e-05	6.405775e-02	-1.457524e+00
1.669000e-05	-5.785384e-02	-1.681655e+00
1.670000e-05	-2.405454e-02	-1.925160e+00
1.671000e-05	-1.077821e-01	-2.022078e+00
1.672000e-05	6.006467e-02	-2.082655e+00
1.673000e-05	1.032824e-01	-2.145892e+00
1.674000e-05	-1.563626e-01	-2.439569e+00
1.675000e-05	6.005399e-02	-2.578497e+00
1.676000e-05	9.475841e-02	-2.641626e+00
1.677000e-05	-1.773305e-01	-2.841103e+00
1.678000e-05	7.280768e-02	-3.072702e+00
1.679000e-05	9.068698e-02	-3.159467e+00
1.680000e-05	-1.449773e-01	-3.365890e+00
1.681000e-05	1.100442e-01	-3.482231e+00
1.682000e-05	-5.959527e-03	-3.619520e+00
1.683000e-05	-8.267141e-02	-3.800568e+00
1.684000e-05	1.032933e-01	-3.968869e+00
1.685000e-05	-9.657488e-02	-4.175711e+00
1.686000e-05	2.460862e-02	-4.242659e+00
1.687000e-05	7.301723e-02	-4.377320e+00
1.688000e-05	-1.100794e-01	-4.522810e+00
1.689000e-05	8.307754e-02	-4.704305e+00
1.690000e-05	-7.643897e-03	-4.790522e+00
1.691000e-05	-3.577698e-02	-5.007970e+00
1.692000e-05	1.993997e-02	-5.104681e+00
1.693000e-05	-4.183099e-02	-5.301625e+00
1.694000e-05	7.249074e-02	-5.440448e+00
1.695000e-05	-4.812884e-02	-5.587917e+00
1.696000e-05	-6.608598e-03	-5.685786e+00
1.697000e-05	5.262155e-02	-5.840546e+00
1.698000e-05	-6.181175e-02	-5.968365e+00
1.699000e-05	2.179128e-02	-6.010975e+00
1.700000e-05	-2.358503e-02	-6.136290e+00
1.701000e-05	3.977373e-02	-6.325838e+00
1.702000e-05	1.330701e-02	-6.431529e+00
1.703000e-05	-7.171964e-02	-6.544914e+00
1.704000e-05	4.290816e-02	-6.621650e+00
1.705000e-05	-3.358796e-03	-6.765892e+00
1.706000e-05	-2.197332e-03	-6.810046e+00
1.707000e-05	-1.680968e-02	-6.925864e+00
1.708000e-05	4.394474e-03	-7.103232e+00
1.709000e-05	3.342710e-02	-7.199021e+00
1.710000e-05	-4.654943e-02	-7.273186e+00
1.711000e-05	7.830086e-03	-7.377949e+00
1.712000e-05	7.134872e-03	-7.479627e+00
1.713000e-05	8.255435e-04	-7.536367e+00
1.714000e-05	-1.369062e-02	-7.651079e+00
1.715000e-05	-7.521383e-03	-7.768966e+00
1.716000e-05	2.444719e-02	-7.872736e+00
1.717000e-05	-1.854005e-02	-7.968997e+00
1.718000e-05	-6.452186e-03	-8.041080e+00
1.719000e-05	2.141666e-04	-8.093759e+00
1.720000e-05	4.950139e-03	-8.178847e+00
1.721000e-05	-3.648720e-03	-8.230601e+00
1.722000e-05	-7.802121e-03	-8.243709e+00
1.723000e-05	6.976209e-03	-8.356466e+00
1.724000e-05	-9.182089e-03	-8.409972e+00
1.725000e-05	-4.213351e-03	-8.430077e+00
1.726000e-05	-4.408083e-04	-8.485111e+00
1.727000e-05	1.326828e-03	-8.523341e+00
1.728000e-05	-2.751033e-03	-8.517449e+00
1.729000e-05	-4.121283e-03	-8.633703e+00
1.730000e-05	-1.010258e-03	-8.642583e+00
1.731000e-05	-4.522984e-03	-8.675769e+00
1.732000e-05	-1.725992e-03	-8.747446e+00
1.733000e-05	-2.189257e-03	-8.808921e+00
1.734000e-05	-3.038937e-03	-8.811449e+00
1.735000e-05	-4.664278e-03	-8.821076e+00
1.736000e-05	-4.687603e-04	-8.822107e+00
1.737000e-05	-1.583503e-03	-8.842155e+00
1.738000e-05	-5.470162e-03	-8.842630e+00
1.739000e-05	-3.726949e-03	-8.843587e+00
1.740000e-05	-1.055985e-03	-8.904763e+00
1.741000e-05	-2.190525e-03	-8.853264e+00
1.742000e-05	-3.590658e-03	-8.862134e+00
1.743000e-05	-3.266955e-03	-8.864786e+00
1.744000e-05	-2.723883e-03	-8.906789e+00
1.745000e-05	-2.961894e-03	-8.892633e+00
1.746000e-05	-3.615686e-03	-8.823209e+00
1.747000e-05	-1.219999e-03	-8.832658e+00
1.748000e-05	-3.038767e-03	-8.862523e+00
1.749000e-05	-3.890474e-03	-8.809579e+00
1.750000e-05	-4.080019e-03	-8.790023e+00
1.751000e-05	-2.557166e-03	-8.810928e+00
1.752000e-05	-1.230496e-03	-8.769917e+00
1.753000e-05	-2.874886e-03	-8.685291e+00
1.754000e-05	-3.254241e-03	-8.666186e+00
1.755000e-05	-2.814170e-03	-8.630984e+00
1.756000e-05	-2.432528e-03	-8.526424e+00
1.757000e-05	-3.869854e-03	-8.493219e+00
1.758000e-05	-4.923058e-03	-8.400578e+00
1.759000e-05	-3.109180e-03	-8.411552e+00
1.760000e-05	-3.352028e-03	-8.337370e+00
1.761000e-05	-2.957952e-03	-8.304241e+00
1.762000e-05	-3.710494e-03	-8.232079e+00
1.763000e-05	-3.528745e-03	-8.168471e+00
1.764000e-05	-3.183527e-03	-8.136263e+00
1.765000e-05	-4.601183e-03	-8.033130e+00
1.766000e-05	-3.658510e-03	-7.969547e+00
1.767000e-05	-4.056542e-03	-7.964844e+00
1.768000e-05	-3.190832e-03	-7.820454e+00
1.769000e-05	-4.337958e-03	-7.665763e+00
1.770000e-05	-3.718144e-03	-7.570477e+00
1.771000e-05	-3.289156e-03	-7.505816e+00
1.772000e-05	-3.496645e-03	-7.460005e+00
1.773000e-05	-4.068145e-03	-7.308346e+00
1.774000e-05	-3.790822e-03	-7.261159e+00
1.775000e-05	-3.820036e-03	-7.199949e+00
1.776000e-05	-3.810670e-03	-7.085065e+00
1.777000e-05	-4.028002e-03	-6.947347e+00
1.778000e-05	-5.208319e-03	-6.830105e+00
1.779000e-05	-4.305959e-03	-6.737345e+00
1.780000e-05	-2.054170e-03	-6.631607e+00
1.781000e-05	-2.349916e-03	-6.545319e+00
1.782000e-05	-5.124150e-03	-6.421581e+00
1.783000e-05	-4.389074e-03	-6.327843e+00
1.784000e-05	-3.495944e-03	-6.186925e+00
1.785000e-05	-3.949212e-03	-6.010531e+00
1.786000e-05	-4.747075e-03	-5.898344e+00
1.787000e-05	-3.860700e-03	-5.821476e+00
1.788000e-05	-3.185336e-03	-5.663634e+00
1.789000e-05	-4.418289e-03	-5.568925e+00
1.790000e-05	-4.669284e-03	-5.391907e+00
1.791000e-05	-3.882680e-03	-5.251554e+00
1.792000e-05	-4.406798e-03	-5.095690e+00
1.793000e-05	-4.334306e-03	-4.875971e+00
1.794000e-05	-3.630938e-03	-4.725400e+00
1.795000e-05	-3.407923e-03	-4.601078e+00
1.796000e-05	-4.215724e-03	-4.464188e+00
1.797000e-05	-4.627904e-03	-4.340476e+00
1.798000e-05	-4.415851e-03	-4.223162e+00
1.799000e-05	-5.230727e-03	-4.105790e+00
1.800000e-05	-4.859176e-03	-4.011401e+00
1.801000e-05	-4.518088e-03	-3.832134e+00
1.802000e-05	-3.425144e-03	-3.652552e+00
1.803000e-05	-2.911947e-03	-3.526770e+00
1.804000e-05	-4.012065e-03	-3.389955e+00
1.805000e-05	-4.279638e-03	-3.231653e+00
1.806000e-05	-4.491848e-03	-3.053221e+00
1.807000e-05	-4.120612e-03	-2.874688e+00
1.808000e-05	-3.599185e-03	-2.758374e+00
1.809000e-05	-5.148637e-03	-2.580503e+00
1.810000e-05	-4.811913e-03	-2.473083e+00
1.811000e-05	-5.870004e-03	-2.326766e+00
1.812000e-05	-2.716787e-03	-2.074661e+00
1.813000e-05	-4.561783e-03	-1.928319e+00
1.814000e-05	-3.608243e-03	-1.830003e+00
1.815000e-05	-4.136554e-03	-1.642486e+00
1.816000e-05	-3.283695e-03	-1.475542e+00
1.817000e-05	-4.443253e-03	-1.243588e+00
1.818000e-05	-4.299453e-03	-1.066290e+00
1.819000e-05	-4.963033e-03	-8.863410e-01
1.820000e-05	-4.621292e-03	-7.789236e-01
1.821000e-05	-5.175186e-03	-5.810564e-01
1.822000e-05	-4.344216e-03	-4.110051e-01
1.823000e-05	-4.441565e-03	-2.321867e-01
1.824000e-05	-3.274224e-03	-1.368441e-01
1.825000e-05	-8.847392e-04	5.057620e-02
1.826000e-05	2.584167e-03	2.215736e-01
1.827000e-05	-2.831350e-03	3.794947e-01
1.828000e-05	-4.397132e-04	5.158368e-01
1.829000e-05	-3.593481e-03	6.731327e-01
1.830000e-05	-1.645616e-03	7.984962e-01
1.831000e-05	-3.194634e-03	1.017886e+00
1.832000e-05	2.697523e-03	1.166913e+00
1.833000e-05	2.042719e-02	1.302812e+00
1.834000e-05	6.192858e-02	1.514706e+00
1.835000e-05	-1.634966e-02	1.835888e+00
1.836000e-05	-4.299681e-02	1.964312e+00
1.837000e-05	-5.471920e-02	2.032580e+00
1.838000e-05	-6.918405e-02	2.158445e+00
1.839000e-05	1.110372e-01	2.281180e+00
1.840000e-05	2.405479e-02	2.391549e+00
1.841000e-05	-1.343020e-01	2.545316e+00
1.842000e-05	1.332584e-01	2.742838e+00
1.843000e-05	-3.447652e-02	2.895236e+00
1.844000e-05	-9.178397e-02	3.022049e+00
1.845000e-05	1.122732e-01	3.157869e+00
1.846000e-05	-2.322200e-02	3.334389e+00
1.847000e-05	-7.997022e-02	3.523715e+00
1.848000e-05	9.880440e-02	3.612579e+00
1.849000e-05	-4.661515e-02	3.820471e+00
1.850000e-05	-1.321562e-02	3.986968e+00
1.851000e-05	2.744149e-02	4.086259e+00
1.852000e-05	-4.401772e-02	4.291637e+00
1.853000e-05	2.125167e-02	4.430075e+00
1.854000e-05	7.769835e-04	4.545917e+00
1.855000e-05	-7.201474e-03	4.675287e+00
1.856000e-05	1.900049e-02	4.801632e+00
1.857000e-05	-5.631580e-03	5.073599e+00
1.858000e-05	-2.514447e-02	5.211129e+00
1.859000e-05	-1.299685e-02	5.368392e+00
1.860000e-05	2.833547e-02	5.495882e+00
1.861000e-05	1.473267e-03	5.619552e+00
1.862000e-05	-2.386337e-02	5.683759e+00
1.863000e-05	8.916523e-03	5.926284e+00
1.864000e-05	-1.106388e-03	6.031052e+00
1.865000e-05	-3.497319e-03	6.105318e+00
1.866000e-05	-5.027615e-03	6.232080e+00
1.867000e-05	-5.432039e-03	6.357908e+00
1.868000e-05	2.086333e-02	6.422580e+00
1.869000e-05	-1.541504e-02	6.555919e+00
1.870000e-05	-1.590389e-02	6.737890e+00
1.871000e-05	7.375057e-03	6.811053e+00
1.872000e-05	7.552242e-03	6.873789e+00
1.873000e-05	-7.774825e-03	6.970025e+00
1.874000e-05	-1.163173e-02	7.124388e+00
1.875000e-05	1.711825e-02	7.199023e+00
1.876000e-05	-2.745063e-03	7.291757e+00
1.877000e-05	-1.589950e-02	7.378946e+00
1.878000e-05	-4.483555e-03	7.536934e+00
1.879000e-05	6.842870e-03	7.601577e+00
1.880000e-05	-1.111390e-03	7.726233e+00
1.881000e-05	-8.607535e-03	7.818599e+00
1.882000e-05	1.468399e-03	7.885191e+00
1.883000e-05	5.691865e-04	8.011120e+00
1.884000e-05	-6.202818e-03	8.133758e+00
1.885000e-05	-3.349412e-03	8.166920e+00
1.886000e-05	1.001825e-03	8.262652e+00
1.887000e-05	-3.684371e-03	8.294283e+00
1.888000e-05	-5.167741e-03	8.346844e+00
1.889000e-05	6.052972e-04	8.412027e+00
1.890000e-05	-9.533122e-04	8.432632e+00
1.891000e-05	-5.932690e-03	8.442136e+00
1.892000e-05	-3.569398e-03	8.485860e+00
1.893000e-05	1.273481e-03	8.556948e+00
1.894000e-05	-1.019551e-03	8.632004e+00
1.895000e-05	-1.265296e-03	8.643079e+00
1.896000e-05	-3.087700e-03	8.664232e+00
1.897000e-05	-3.105364e-03	8.693841e+00
1.898000e-05	-4.358316e-03	8.757294e+00
1.899000e-05	-4.674663e-04	8.747417e+00
1.900000e-05	-3.810119e-05	8.768401e+00
1.901000e-05	-4.315388e-03	8.780525e+00
1.902000e-05	-3.471391e-03	8.789552e+00
1.903000e-05	-2.843763e-03	8.810552e+00
1.904000e-05	-2.001869e-03	8.822103e+00
1.905000e-05	-4.107190e-03	8.831080e+00
1.906000e-05	-2.739955e-03	8.831608e+00
1.907000e-05	-3.623772e-03	8.861607e+00
1.908000e-05	-3.139727e-03	8.841734e+00
1.909000e-05	-3.182721e-03	8.823159e+00
1.910000e-05	-2.542405e-03	8.842107e+00
1.911000e-05	-2.687867e-03	8.834683e+00
1.912000e-05	-3.557337e-03	8.831077e+00
1.913000e-05	-2.511973e-03	8.821574e+00
1.914000e-05	-2.821246e-03	8.831128e+00
1.915000e-05	-2.854310e-03	8.779549e+00
1.916000e-05	-4.085422e-03	8.738470e+00
1.917000e-05	-3.342472e-03	8.747921e+00
1.918000e-05	-2.942882e-03	8.717818e+00
1.919000e-05	-2.571723e-03	8.675718e+00
1.920000e-05	-3.027419e-03	8.642611e+00
1.921000e-05	-3.698471e-03	8.601575e+00
1.922000e-05	-3.170911e-03	8.578998e+00
1.923000e-05	-3.197096e-03	8.498296e+00
1.924000e-05	-3.257124e-03	8.453685e+00
1.925000e-05	-3.883158e-03	8.442132e+00
1.926000e-05	-3.022633e-03	8.380549e+00
1.927000e-05	-2.157551e-03	8.348874e+00
1.928000e-05	-3.293321e-03	8.273663e+00
1.929000e-05	-2.759151e-03	8.191449e+00
1.930000e-05	-3.648660e-03	8.087788e+00
1.931000e-05	-2.801814e-03	8.094713e+00
1.932000e-05	-3.953361e-03	7.969075e+00
1.933000e-05	-2.335209e-03	7.906745e+00
1.934000e-05	-3.244217e-03	7.812629e+00
1.935000e-05	-3.291447e-03	7.726346e+00
1.936000e-05	-2.668326e-03	7.643212e+00
1.937000e-05	-3.098160e-03	7.548976e+00
1.938000e-05	-3.555796e-03	7.435341e+00
1.939000e-05	-4.176134e-03	7.337418e+00
1.940000e-05	-3.043657e-03	7.232157e+00
1.941000e-05	-2.952012e-03	7.138495e+00
1.942000e-05	-3.206234e-03	7.024134e+00
1.943000e-05	-3.515715e-03	6.928424e+00
1.944000e-05	-3.145649e-03	6.863687e+00
1.945000e-05	-3.436622e-03	6.769475e+00
1.946000e-05	-2.589685e-03	6.635089e+00
1.947000e-05	-3.572410e-03	6.485396e+00
1.948000e-05	-3.081841e-03	6.380000e+00
1.949000e-05	-4.219122e-03	6.294218e+00
1.950000e-05	-3.384957e-03	6.179451e+00
1.951000e-05	-3.797573e-03	6.074209e+00
1.952000e-05	-2.664096e-03	5.980001e+00
1.953000e-05	-3.288413e-03	5.801736e+00
1.954000e-05	-3.148444e-03	5.672762e+00
1.955000e-05	-3.116956e-03	5.538896e+00
1.956000e-05	-2.372638e-03	5.400558e+00
1.957000e-05	-3.783437e-03	5.253187e+00
1.958000e-05	-4.079684e-03	5.086321e+00
1.959000e-05	-4.697659e-03	4.887373e+00
1.960000e-05	-3.427933e-03	4.740899e+00
1.961000e-05	-3.598359e-03	4.653060e+00
1.962000e-05	-2.794642e-03	4.497316e+00
1.963000e-05	-2.654235e-03	4.360977e+00
1.964000e-05	-2.438733e-03	4.252615e+00
1.965000e-05	-3.672659e-03	4.024713e+00
1.966000e-05	-4.288759e-03	3.885897e+00
1.967000e-05	-4.016000e-03	3.769003e+00
1.968000e-05	-3.888455e-03	3.642683e+00
1.969000e-05	-3.893421e-03	3.527369e+00
1.970000e-05	-4.010725e-03	3.308475e+00
1.971000e-05	-3.179925e-03	3.190024e+00
1.972000e-05	-3.460735e-03	3.022585e+00
1.973000e-05	-3.923894e-03	2.876239e+00
1.974000e-05	-3.683695e-03	2.728980e+00
1.975000e-05	-2.759223e-03	2.559101e+00
1.976000e-05	-3.443811e-03	2.380077e+00
1.977000e-05	-4.479461e-03	2.241584e+00
1.978000e-05	-4.431713e-03	2.054766e+00
1.979000e-05	-3.628871e-03	1.968850e+00
1.980000e-05	-3.793712e-03	1.771533e+00
1.981000e-05	-3.498222e-03	1.582533e+00
1.982000e-05	-3.653394e-03	1.422634e+00
1.983000e-05	-3.964996e-03	1.265189e+00
1.984000e-05	-4.051145e-03	1.074846e+00
1.985000e-05	-3.469653e-03	8.256683e-01
1.986000e-05	-3.502828e-03	7.278222e-01
1.987000e-05	-3.804297e-03	5.689226e-01
1.988000e-05	-3.804981e-03	4.210366e-01
1.989000e-05	-3.873385e-03	2.236108e-01
1.990000e-05	-3.376996e-03	6.358952e-02
1.991000e-05	1.258350e-04	-8.373177e-02
1.992000e-05	3.070102e-03	-2.310775e-01
1.993000e-05	-1.985170e-03	-3.978947e-01
1.994000e-05	4.189621e-04	-5.346802e-01
1.995000e-05	-2.755160e-03	-7.257079e-01
1.996000e-05	3.942007e-05	-8.216286e-01
1.997000e-05	-1.138389e-03	-9.589410e-01
1.998000e-05	8.606972e-03	-1.115831e+00
1.999000e-05	6.270138e-02	-1.284157e+00
2.000000e-05	1.693419e-02	-1.465229e+00
2.001000e-05	-5.449982e-02	-1.796492e+00
2.002000e-05	-4.327940e-02	-1.989416e+00
2.003000e-05	-9.618858e-02	-2.031180e+00
2.004000e-05	1.368826e-01	-2.091687e+00
2.005000e-05	1.018524e-02	-2.270021e+00
2.006000e-05	-1.466121e-01	-2.534210e+00
2.007000e-05	1.489410e-01	-2.610499e+00
2.008000e-05	-3.716821e-02	-2.723684e+00
2.009000e-05	-1.428918e-01	-2.955758e+00
2.010000e-05	1.479131e-01	-3.082716e+00
2.011000e-05	-2.245707e-02	-3.251125e+00
2.012000e-05	-9.104978e-02	-3.430017e+00
2.013000e-05	1.422577e-01	-3.495285e+00
2.014000e-05	-1.072191e-01	-3.672655e+00
2.015000e-05	1.302588e-02	-3.844706e+00
2.016000e-05	5.248508e-02	-4.010999e+00
2.017000e-05	-1.103302e-01	-4.167919e+00
2.018000e-05	9.715809e-02	-4.275759e+00
2.019000e-05	-1.723189e-02	-4.398496e+00
2.020000e-05	-5.802053e-02	-4.567963e+00
2.021000e-05	9.596331e-02	-4.744812e+00
2.022000e-05	-5.908548e-02	-4.893232e+00
2.023000e-05	5.737252e-03	-5.039548e+00
2.024000e-05	-1.537741e-02	-5.165838e+00
2.025000e-05	-6.330811e-03	-5.345761e+00
2.026000e-05	6.110083e-02	-5.521584e+00
2.027000e-05	-7.707291e-02	-5.611048e+00
2.028000e-05	5.046572e-02	-5.716892e+00
2.029000e-05	5.439848e-04	-5.851679e+00
2.030000e-05	-4.267892e-02	-6.008568e+00
2.031000e-05	2.422681e-02	-6.042054e+00
2.032000e-05	-2.792637e-02	-6.200020e+00
2.033000e-05	6.467164e-02	-6.390442e+00
2.034000e-05	-4.433202e-02	-6.452130e+00
2.035000e-05	-3.489863e-02	-6.557843e+00
2.036000e-05	4.689689e-02	-6.664176e+00
2.037000e-05	-1.648983e-02	-6.787940e+00
2.038000e-05	5.482530e-03	-6.872158e+00
2.039000e-05	-2.892546e-02	-6.998892e+00
2.040000e-05	3.224532e-02	-7.106916e+00
2.041000e-05	9.372899e-04	-7.211529e+00
2.042000e-05	-3.811099e-02	-7.333814e+00
2.043000e-05	1.729567e-02	-7.398974e+00
2.044000e-05	2.014403e-04	-7.483737e+00
2.045000e-05	4.996221e-04	-7.528875e+00
2.046000e-05	-2.114621e-02	-7.723708e+00
2.047000e-05	1.116955e-02	-7.779545e+00
2.048000e-05	1.251126e-02	-7.926836e+00
2.049000e-05	-2.024486e-02	-8.020550e+00
2.050000e-05	-1.247350e-03	-8.032105e+00
2.051000e-05	4.263352e-04	-8.126238e+00
2.052000e-05	5.359226e-03	-8.178971e+00
2.053000e-05	-1.013182e-02	-8.272079e+00
2.054000e-05	-1.591024e-03	-8.314763e+00
2.055000e-05	2.929904e-03	-8.327946e+00
2.056000e-05	-8.976295e-03	-8.440525e+00
2.057000e-05	-3.074324e-04	-8.432105e+00
2.058000e-05	-8.643698e-05	-8.473738e+00
2.059000e-05	1.160355e-03	-8.495868e+00
2.060000e-05	-3.469614e-03	-8.541502e+00
2.061000e-05	-4.001961e-03	-8.672175e+00
2.062000e-05	-2.594233e-03	-8.654734e+00
2.063000e-05	-4.282183e-03	-8.746869e+00
2.064000e-05	-9.024190e-04	-8.757918e+00
2.065000e-05	-1.564387e-03	-8.789548e+00
2.066000e-05	-4.979460e-03	-8.811471e+00
2.067000e-05	-3.550675e-03	-8.851605e+00
2.068000e-05	-1.707570e-04	-8.832182e+00
2.069000e-05	-1.986366e-03	-8.851058e+00
2.070000e-05	-6.059466e-03	-8.893133e+00
2.071000e-05	-2.417877e-03	-8.863761e+00
2.072000e-05	-1.002775e-03	-8.913763e+00
2.073000e-05	-3.570240e-03	-8.872688e+00
2.074000e-05	-4.054725e-03	-8.854212e+00
2.075000e-05	-2.788246e-03	-8.875216e+00
2.076000e-05	-2.877881e-03	-8.874204e+00
2.077000e-05	-3.288403e-03	-8.874658e+00
2.078000e-05	-2.844867e-03	-8.854106e+00
2.079000e-05	-2.570707e-03	-8.821627e+00
2.080000e-05	-3.188542e-03	-8.833155e+00
2.081000e-05	-3.949787e-03	-8.841478e+00
2.082000e-05	-3.383707e-03	-8.790403e+00
2.083000e-05	-1.851502e-03	-8.758469e+00
2.084000e-05	-2.338783e-03	-8.717290e+00
2.085000e-05	-3.433241e-03	-8.692794e+00
2.086000e-05	-3.578681e-03	-8.653234e+00
2.087000e-05	-2.982951e-03	-8.559450e+00
2.088000e-05	-2.486009e-03	-8.496744e+00
2.089000e-05	-3.515692e-03	-8.443107e+00
2.090000e-05	-3.722263e-03	-8.421033e+00
2.091000e-05	-2.441639e-03	-8.378973e+00
2.092000e-05	-3.835347e-03	-8.346741e+00
2.093000e-05	-3.778623e-03	-8.263134e+00
2.094000e-05	-4.062205e-03	-8.230978e+00
2.095000e-05	-3.277657e-03	-8.147895e+00
2.096000e-05	-4.501991e-03	-8.024180e+00
2.097000e-05	-3.613945e-03	-8.042128e+00
2.098000e-05	-3.570018e-03	-7.979372e+00
2.099000e-05	-3.935171e-03	-7.863712e+00
2.100000e-05	-4.590544e-03	-7.729349e+00
2.101000e-05	-3.629171e-03	-7.623685e+00
2.102000e-05	-4.108008e-03	-7.568321e+00
2.103000e-05	-4.549812e-03	-7.482662e+00
2.104000e-05	-4.279793e-03	-7.390025e+00
2.105000e-05	-2.678874e-03	-7.296794e+00
2.106000e-05	-3.690431e-03	-7.211580e+00
2.107000e-05	-4.316074e-03	-7.096295e+00
2.108000e-05	-4.185990e-03	-7.061978e+00
2.109000e-05	-3.077864e-03	-6.924237e+00
2.110000e-05	-3.995780e-03	-6.771600e+00
2.111000e-05	-3.486319e-03	-6.717291e+00
2.112000e-05	-3.227455e-03	-6.559550e+00
2.113000e-05	-4.114353e-03	-6.503716e+00
2.114000e-05	-4.827761e-03	-6.419529e+00
2.115000e-05	-3.657002e-03	-6.214186e+00
2.116000e-05	-2.931680e-03	-6.103766e+00
2.117000e-05	-3.806249e-03	-5.980004e+00
2.118000e-05	-4.378076e-03	-5.885715e+00
2.119000e-05	-4.670985e-03	-5.758869e+00
2.120000e-05	-4.348404e-03	-5.661606e+00
2.121000e-05	-4.526003e-03	-5.538291e+00
2.122000e-05	-4.256079e-03	-5.308896e+00
2.123000e-05	-3.483568e-03	-5.188527e+00
2.124000e-05	-4.391271e-03	-5.061684e+00
2.125000e-05	-5.038102e-03	-4.804766e+00
2.126000e-05	-3.821311e-03	-4.723162e+00
2.127000e-05	-4.426798e-03	-4.549449e+00
2.128000e-05	-4.186101e-03	-4.472732e+00
2.129000e-05	-4.421549e-03	-4.327815e+00
2.130000e-05	-2.968217e-03	-4.212029e+00
2.131000e-05	-5.040566e-03	-4.085209e+00
2.132000e-05	-3.394610e-03	-3.977921e+00
2.133000e-05	-5.108547e-03	-3.746954e+00
2.134000e-05	-3.755750e-03	-3.582055e+00
2.135000e-05	-6.074993e-03	-3.474186e+00
2.136000e-05	-3.947807e-03	-3.317794e+00
2.137000e-05	-4.224445e-03	-3.169501e+00
2.138000e-05	-2.576163e-03	-3.003604e+00
2.139000e-05	-4.279462e-03	-2.822059e+00
2.140000e-05	-4.285662e-03	-2.676313e+00
2.141000e-05	-5.577145e-03	-2.517295e+00
2.142000e-05	-4.840509e-03	-2.400473e+00
2.143000e-05	-4.205669e-03	-2.249560e+00
2.144000e-05	-3.089482e-03	-2.023561e+00
2.145000e-05	-4.225241e-03	-1.885716e+00
2.146000e-05	-4.078135e-03	-1.746821e+00
2.147000e-05	-4.343415e-03	-1.610004e+00
2.148000e-05	-3.681516e-03	-1.390926e+00
2.149000e-05	-4.547314e-03	-1.189979e+00
2.150000e-05	-5.132204e-03	-1.032082e+00
2.151000e-05	-4.579677e-03	-8.536332e-01
2.152000e-05	-5.580630e-03	-6.777686e-01
2.153000e-05	-2.747130e-03	-5.362484e-01
2.154000e-05	-4.766692e-03	-3.704212e-01
2.155000e-05	-3.118798e-03	-1.920053e-01
2.156000e-05	-2.967196e-03	-4.255909e-02
2.157000e-05	2.804393e-04	9.320902e-02
2.158000e-05	-8.340293e-04	2.732326e-01
2.159000e-05	-3.289623e-03	4.315239e-01
2.160000e-05	1.039462e-04	5.754459e-01
2.161000e-05	-2.808912e-03	7.038356e-01
2.162000e-05	-1.682794e-03	8.315536e-01
2.163000e-05	-2.277922e-03	1.000492e+00
2.164000e-05	6.576363e-03	1.189500e+00
2.165000e-05	3.735583e-02	1.357917e+00
2.166000e-05	4.823932e-02	1.579546e+00
2.167000e-05	-4.172647e-02	1.889069e+00
2.168000e-05	-3.971211e-02	1.967913e+00
2.169000e-05	-7.367574e-02	2.133708e+00
2.170000e-05	-1.982467e-02	2.220497e+00
2.171000e-05	1.382398e-01	2.324287e+00
2.172000e-05	-7.566742e-02	2.452657e+00
2.173000e-05	-4.995621e-02	2.588466e+00
2.174000e-05	1.297863e-01	2.747942e+00
2.175000e-05	-1.088663e-01	2.989818e+00
2.176000e-05	-1.549772e-02	3.071685e+00
2.177000e-05	1.140397e-01	3.218871e+00
2.178000e-05	-9.918786e-02	3.409471e+00
2.179000e-05	6.851332e-03	3.548866e+00
2.180000e-05	6.452222e-02	3.703233e+00
2.181000e-05	-6.811959e-02	3.861104e+00
2.182000e-05	2.706310e-02	3.968545e+00
2.183000e-05	-9.139006e-03	4.187996e+00
2.184000e-05	-2.799799e-02	4.385891e+00
2.185000e-05	2.856494e-02	4.502703e+00
2.186000e-05	-1.360951e-02	4.609647e+00
2.187000e-05	5.595329e-03	4.788391e+00
2.188000e-05	1.670357e-02	4.924238e+00
2.189000e-05	-1.654082e-02	5.135413e+00
2.190000e-05	-2.211494e-02	5.322633e+00
2.191000e-05	-1.758447e-03	5.410028e+00
2.192000e-05	3.174036e-02	5.566316e+00
2.193000e-05	-1.830320e-02	5.632031e+00
2.194000e-05	-1.010237e-02	5.757446e+00
2.195000e-05	6.717793e-03	5.925887e+00
2.196000e-05	-8.226678e-03	6.033133e+00
2.197000e-05	1.837904e-03	6.148946e+00
2.198000e-05	-1.230811e-02	6.322186e+00
2.199000e-05	1.008924e-02	6.370500e+00
2.200000e-05	1.085750e-02	6.432655e+00
2.201000e-05	-2.003068e-02	6.660646e+00
2.202000e-05	-7.900303e-03	6.787442e+00
2.203000e-05	1.060763e-02	6.831605e+00
2.204000e-05	2.217503e-03	6.903862e+00
2.205000e-05	-1.414357e-02	7.040574e+00
2.206000e-05	-2.083102e-03	7.135864e+00
2.207000e-05	1.476266e-02	7.252099e+00
2.208000e-05	-1.051134e-02	7.312788e+00
2.209000e-05	-1.221646e-02	7.429156e+00
2.210000e-05	2.472476e-03	7.578491e+00
2.211000e-05	4.186397e-03	7.642229e+00
2.212000e-05	-4.867589e-03	7.728365e+00
2.213000e-05	-8.560792e-03	7.840580e+00
2.214000e-05	4.883049e-03	7.933367e+00
2.215000e-05	-4.118006e-03	8.022701e+00
2.216000e-05	-5.551442e-03	8.147312e+00
2.217000e-05	-1.167922e-03	8.170047e+00
2.218000e-05	4.154205e-04	8.233109e+00
2.219000e-05	-3.428457e-03	8.294888e+00
2.220000e-05	-4.203379e-03	8.368946e+00
2.221000e-05	2.436231e-03	8.420023e+00
2.222000e-05	-4.049353e-03	8.462133e+00
2.223000e-05	-5.805078e-03	8.473711e+00
2.224000e-05	-2.351549e-03	8.556791e+00
2.225000e-05	4.276159e-04	8.618026e+00
2.226000e-05	-2.214425e-03	8.620999e+00
2.227000e-05	-3.090244e-03	8.641609e+00
2.228000e-05	-3.453112e-03	8.703707e+00
2.229000e-05	-4.449015e-03	8.697341e+00
2.230000e-05	-2.813055e-03	8.715891e+00
2.231000e-05	-2.209073e-04	8.745925e+00
2.232000e-05	-1.671847e-03	8.789498e+00
2.233000e-05	-6.075324e-03	8.789048e+00
2.234000e-05	-3.979023e-03	8.822601e+00
2.235000e-05	-2.884515e-03	8.822099e+00
2.236000e-05	-2.053187e-03	8.851108e+00
2.237000e-05	-3.403235e-03	8.811678e+00
2.238000e-05	-3.469670e-03	8.851580e+00
2.239000e-05	-2.219844e-03	8.863682e+00
2.240000e-05	-3.412101e-03	8.843160e+00
2.241000e-05	-1.442893e-03	8.812630e+00
2.242000e-05	-3.249074e-03	8.852079e+00
2.243000e-05	-3.431405e-03	8.842632e+00
2.244000e-05	-4.484884e-03	8.812207e+00
2.245000e-05	-1.546582e-03	8.790624e+00
2.246000e-05	-2.760560e-03	8.798573e+00
2.247000e-05	-3.761158e-03	8.760475e+00
2.248000e-05	-3.752633e-03	8.787444e+00
2.249000e-05	-3.517095e-03	8.725896e+00
2.250000e-05	-2.455887e-03	8.685816e+00
2.251000e-05	-2.460535e-03	8.644711e+00
2.252000e-05	-2.017169e-03	8.592102e+00
2.253000e-05	-3.755625e-03	8.622500e+00
2.254000e-05	-4.167235e-03	8.539396e+00
2.255000e-05	-2.593773e-03	8.475242e+00
2.256000e-05	-2.632247e-03	8.463659e+00
2.257000e-05	-3.294952e-03	8.420581e+00
2.258000e-05	-2.603851e-03	8.379447e+00
2.259000e-05	-2.746187e-03	8.304890e+00
2.260000e-05	-3.499091e-03	8.205084e+00
2.261000e-05	-2.204246e-03	8.169029e+00
2.262000e-05	-2.408594e-03	8.095362e+00
2.263000e-05	-2.333481e-03	8.019555e+00
2.264000e-05	-4.101441e-03	7.988377e+00
2.265000e-05	-3.687028e-03	7.843185e+00
2.266000e-05	-3.212683e-03	7.809999e+00
2.267000e-05	-3.143412e-03	7.695343e+00
2.268000e-05	-2.281190e-03	7.661130e+00
2.269000e-05	-3.613250e-03	7.557496e+00
2.270000e-05	-3.180931e-03	7.414657e+00
2.271000e-05	-3.029741e-03	7.295692e+00
2.272000e-05	-1.751003e-03	7.190631e+00
2.273000e-05	-3.749894e-03	7.106743e+00
2.274000e-05	-3.688736e-03	6.991129e+00
2.275000e-05	-3.358443e-03	6.917317e+00
2.276000e-05	-2.650671e-03	6.862112e+00
2.277000e-05	-3.979545e-03	6.737345e+00
2.278000e-05	-2.896450e-03	6.579958e+00
2.279000e-05	-2.557268e-03	6.433712e+00
2.280000e-05	-3.141505e-03	6.381021e+00
2.281000e-05	-4.113733e-03	6.254181e+00
2.282000e-05	-2.667971e-03	6.128895e+00
2.283000e-05	-3.589137e-03	6.053603e+00
2.284000e-05	-3.256636e-03	5.947946e+00
2.285000e-05	-3.298263e-03	5.761006e+00
2.286000e-05	-3.161647e-03	5.590629e+00
2.287000e-05	-3.687465e-03	5.496242e+00
2.288000e-05	-3.184665e-03	5.329973e+00
2.289000e-05	-3.459027e-03	5.201579e+00
2.290000e-05	-3.618888e-03	4.973088e+00
2.291000e-05	-3.462637e-03	4.883785e+00
2.292000e-05	-2.808681e-03	4.717994e+00
2.293000e-05	-3.684057e-03	4.561029e+00
2.294000e-05	-3.993934e-03	4.423733e+00
2.295000e-05	-3.954623e-03	4.339923e+00
2.296000e-05	-3.682664e-03	4.200949e+00
2.297000e-05	-3.867966e-03	4.011154e+00
2.298000e-05	-3.883746e-03	3.894690e+00
2.299000e-05	-3.493462e-03	3.758320e+00
2.300000e-05	-2.948419e-03	3.611630e+00
2.301000e-05	-3.889516e-03	3.446162e+00
2.302000e-05	-4.998044e-03	3.244235e+00
2.303000e-05	-3.298690e-03	3.117846e+00
2.304000e-05	-3.334652e-03	2.989954e+00
2.305000e-05	-4.247739e-03	2.834132e+00
2.306000e-05	-4.382225e-03	2.726795e+00
2.307000e-05	-3.762723e-03	2.487242e+00
2.308000e-05	-3.780958e-03	2.338896e+00
2.309000e-05	-3.575758e-03	2.169998e+00
2.310000e-05	-3.572263e-03	2.032655e+00
2.311000e-05	-3.187245e-03	1.897291e+00
2.312000e-05	-3.988725e-03	1.726868e+00
2.313000e-05	-4.340162e-03	1.498974e+00
2.314000e-05	-3.687870e-03	1.381101e+00
2.315000e-05	-3.705295e-03	1.221980e+00
2.316000e-05	-2.970209e-03	1.031480e+00
2.317000e-05	-3.915790e-03	8.326279e-01
2.318000e-05	-3.369937e-03	6.552357e-01
2.319000e-05	-3.737421e-03	5.077707e-01
2.320000e-05	-3.634602e-03	3.498752e-01
2.321000e-05	-3.644160e-03	2.024562e-01
2.322000e-05	-1.824691e-03	-9.995872e-03
2.323000e-05	1.873917e-03	-1.657643e-01
2.324000e-05	1.412673e-03	-3.137328e-01
2.325000e-05	-1.489816e-03	-4.599989e-01
2.326000e-05	-1.937791e-04	-5.559197e-01
2.327000e-05	-1.051479e-03	-7.878407e-01
2.328000e-05	-6.470324e-04	-8.832091e-01
2.329000e-05	-3.773026e-04	-1.060524e+00
2.330000e-05	1.893158e-02	-1.177420e+00
2.331000e-05	7.719527e-02	-1.365365e+00
2.332000e-05	-3.289046e-02	-1.639497e+00
2.333000e-05	-3.280744e-02	-1.892151e+00
2.334000e-05	-8.167090e-02	-2.019995e+00
2.335000e-05	-2.480760e-02	-2.083105e+00
2.336000e-05	1.459115e-01	-2.072337e+00
2.337000e-05	-9.675603e-02	-2.334807e+00
2.338000e-05	-4.387280e-02	-2.566889e+00
2.339000e-05	1.645096e-01	-2.611504e+00
2.340000e-05	-1.383064e-01	-2.817342e+00
2.341000e-05	-3.771748e-02	-3.026371e+00
2.342000e-05	1.496869e-01	-3.197289e+00
2.343000e-05	-1.182236e-01	-3.304183e+00
2.344000e-05	2.248457e-02	-3.460634e+00
2.345000e-05	8.755731e-02	-3.535342e+00
2.346000e-05	-1.253876e-01	-3.784368e+00
2.347000e-05	9.000120e-02	-3.956338e+00
2.348000e-05	-3.473537e-02	-4.053654e+00
2.349000e-05	-5.422013e-02	-4.260027e+00
2.350000e-05	1.135852e-01	-4.326265e+00
2.351000e-05	-9.424630e-02	-4.471579e+00
2.352000e-05	2.792135e-02	-4.681201e+00
2.353000e-05	5.184831e-02	-4.778916e+00
2.354000e-05	-6.372032e-02	-4.938388e+00
2.355000e-05	2.711311e-02	-5.072605e+00
2.356000e-05	-4.370139e-02	-5.220022e+00
2.357000e-05	4.490341e-02	-5.419269e+00
2.358000e-05	5.849086e-03	-5.506832e+00
2.359000e-05	-5.547410e-02	-5.682757e+00
2.360000e-05	7.096278e-02	-5.789421e+00
2.361000e-05	-4.675925e-02	-5.945334e+00
2.362000e-05	-4.352357e-03	-6.009551e+00
2.363000e-05	-4.392826e-04	-6.111685e+00
2.364000e-05	2.408952e-03	-6.310678e+00
2.365000e-05	5.421666e-02	-6.389445e+00
2.366000e-05	-7.859094e-02	-6.533259e+00
2.367000e-05	1.464490e-02	-6.629099e+00
2.368000e-05	2.085353e-02	-6.715833e+00
2.369000e-05	-1.172272e-02	-6.788896e+00
2.370000e-05	-1.717884e-03	-6.894758e+00
2.371000e-05	-2.054628e-02	-7.013674e+00
2.372000e-05	4.553623e-02	-7.188944e+00
2.373000e-05	-3.303179e-02	-7.251106e+00
2.374000e-05	-1.335422e-02	-7.325291e+00
2.375000e-05	1.552105e-02	-7.401529e+00
2.376000e-05	-1.218278e-03	-7.494263e+00
2.377000e-05	-3.493524e-03	-7.638975e+00
2.378000e-05	-2.028335e-02	-7.754687e+00
2.379000e-05	2.442617e-02	-7.853679e+00
2.380000e-05	-6.093107e-03	-7.977367e+00
2.381000e-05	-1.348288e-02	-8.021151e+00
2.382000e-05	-5.315983e-04	-8.061709e+00
2.383000e-05	2.587845e-03	-8.186338e+00
2.384000e-05	2.384341e-03	-8.208025e+00
2.385000e-05	-1.092513e-02	-8.272783e+00
2.386000e-05	4.338470e-03	-8.355840e+00
2.387000e-05	-2.552914e-03	-8.369449e+00
2.388000e-05	-7.958457e-03	-8.430504e+00
2.389000e-05	-2.500946e-04	-8.442159e+00
2.390000e-05	-5.843391e-04	-8.514240e+00
2.391000e-05	7.410074e-04	-8.545344e+00
2.392000e-05	-3.421742e-03	-8.622028e+00
2.393000e-05	-1.751816e-03	-8.623710e+00
2.394000e-05	-5.041304e-03	-8.776286e+00
2.395000e-05	-3.549642e-03	-8.727888e+00
2.396000e-05	-1.351269e-03	-8.787895e+00
2.397000e-05	-3.321154e-03	-8.790499e+00
2.398000e-05	-4.552403e-03	-8.829078e+00
2.399000e-05	-1.696802e-03	-8.841580e+00
2.400000e-05	-1.813471e-03	-8.842579e+00
2.401000e-05	-4.276573e-03	-8.832557e+00
2.402000e-05	-4.588970e-03	-8.863179e+00
2.403000e-05	-8.270123e-04	-8.863193e+00
2.404000e-05	-1.964283e-03	-8.913287e+00
2.405000e-05	-3.693369e-03	-8.894637e+00
2.406000e-05	-3.180095e-03	-8.863309e+00
2.407000e-05	-2.759105e-03	-8.884361e+00
2.408000e-05	-3.313094e-03	-8.843734e+00
2.409000e-05	-4.913376e-03	-8.852104e+00
2.410000e-05	-2.144737e-03	-8.862658e+00
2.411000e-05	-2.024749e-03	-8.812103e+00
2.412000e-05	-3.654477e-03	-8.842532e+00
2.413000e-05	-3.599096e-03	-8.790528e+00
2.414000e-05	-3.068407e-03	-8.790454e+00
2.415000e-05	-2.316535e-03	-8.777945e+00
2.416000e-05	-4.126772e-03	-8.685342e+00
2.417000e-05	-3.348075e-03	-8.694228e+00
2.418000e-05	-3.213041e-03	-8.642179e+00
2.419000e-05	-1.873354e-03	-8.568895e+00
2.420000e-05	-3.127053e-03	-8.503718e+00
2.421000e-05	-4.526281e-03	-8.432185e+00
2.422000e-05	-4.434217e-03	-8.399578e+00
2.423000e-05	-2.831163e-03	-8.387375e+00
2.424000e-05	-3.551251e-03	-8.284763e+00
2.425000e-05	-4.199150e-03	-8.223632e+00
2.426000e-05	-4.135756e-03	-8.209472e+00
2.427000e-05	-3.273448e-03	-8.176896e+00
2.428000e-05	-3.990735e-03	-8.063634e+00
2.429000e-05	-3.877944e-03	-8.030100e+00
2.430000e-05	-2.447178e-03	-7.977344e+00
2.431000e-05	-4.004023e-03	-7.822261e+00
2.432000e-05	-4.786795e-03	-7.716341e+00
2.433000e-05	-4.563752e-03	-7.612624e+00
2.434000e-05	-3.669184e-03	-7.567868e+00
2.435000e-05	-3.940524e-03	-7.462659e+00
2.436000e-05	-4.054975e-03	-7.326898e+00
2.437000e-05	-2.929622e-03	-7.283612e+00
2.438000e-05	-4.058967e-03	-7.178977e+00
2.439000e-05	-4.335596e-03	-7.116268e+00
2.440000e-05	-4.258914e-03	-6.945400e+00
2.441000e-05	-4.414664e-03	-6.862186e+00
2.442000e-05	-4.431310e-03	-6.747950e+00
2.443000e-05	-3.838500e-03	-6.603190e+00
2.444000e-05	-2.669951e-03	-6.548396e+00
2.445000e-05	-4.145243e-03	-6.453134e+00
2.446000e-05	-3.699112e-03	-6.327928e+00
2.447000e-05	-4.438060e-03	-6.210529e+00
2.448000e-05	-4.133960e-03	-6.073684e+00
2.449000e-05	-4.543732e-03	-5.947521e+00
2.450000e-05	-3.294768e-03	-5.862159e+00
2.451000e-05	-3.167960e-03	-5.686241e+00
2.452000e-05	-4.306273e-03	-5.612028e+00
2.453000e-05	-5.087376e-03	-5.463186e+00
2.454000e-05	-3.984002e-03	-5.283711e+00
2.455000e-05	-4.163477e-03	-5.107320e+00
2.456000e-05	-4.853545e-03	-4.988400e+00
2.457000e-05	-4.156516e-03	-4.769480e+00
2.458000e-05	-3.570678e-03	-4.663154e+00
2.459000e-05	-4.196879e-03	-4.516196e+00
2.460000e-05	-5.147416e-03	-4.421000e+00
2.461000e-05	-4.851091e-03	-4.293737e+00
2.462000e-05	-4.643707e-03	-4.139376e+00
2.463000e-05	-4.628100e-03	-3.980049e+00
2.464000e-05	-4.211445e-03	-3.897290e+00
2.465000e-05	-4.166584e-03	-3.664320e+00
2.466000e-05	-3.578677e-03	-3.577849e+00
2.467000e-05	-5.683112e-03	-3.411606e+00
2.468000e-05	-3.491834e-03	-3.273662e+00
2.469000e-05	-4.251172e-03	-3.166797e+00
2.470000e-05	-2.747568e-03	-2.924892e+00
2.471000e-05	-4.105512e-03	-2.780500e+00
2.472000e-05	-5.035302e-03	-2.611609e+00
2.473000e-05	-5.127973e-03	-2.444716e+00
2.474000e-05	-4.667312e-03	-2.358271e+00
2.475000e-05	-3.706071e-03	-2.156924e+00
2.476000e-05	-4.719912e-03	-1.980476e+00
2.477000e-05	-3.467859e-03	-1.805084e+00
2.478000e-05	-4.743447e-03	-1.655212e+00
2.479000e-05	-3.409320e-03	-1.537345e+00
2.480000e-05	-5.310185e-03	-1.304751e+00
2.481000e-05	-4.175374e-03	-1.106947e+00
2.482000e-05	-3.521046e-03	-9.469511e-01
2.483000e-05	-4.247943e-03	-7.819779e-01
2.484000e-05	-5.800244e-03	-6.451344e-01
2.485000e-05	-3.929558e-03	-4.526305e-01
2.486000e-05	-4.238508e-03	-3.282419e-01
2.487000e-05	-4.506341e-03	-2.320015e-01
2.488000e-05	-2.719879e-03	3.103019e-02
2.489000e-05	1.386148e-03	1.869156e-01
2.490000e-05	-1.927479e-03	3.483407e-01
2.491000e-05	-6.707245e-04	4.536817e-01
2.492000e-05	-2.342084e-03	6.315727e-01
2.493000e-05	-2.637216e-03	7.979437e-01
2.494000e-05	-3.834097e-03	8.822094e-01
2.495000e-05	-2.174276e-04	1.104310e+00
2.496000e-05	1.190423e-02	1.261628e+00
2.497000e-05	5.539105e-02	1.470649e+00
2.498000e-05	1.633848e-02	1.713804e+00
2.499000e-05	-4.762566e-02	1.853155e+00
2.500000e-05	-4.393226e-02	2.019049e+00
2.501000e-05	-8.286984e-02	2.127317e+00
2.502000e-05	5.221999e-02	2.221050e+00
2.503000e-05	9.785563e-02	2.387421e+00
2.504000e-05	-1.376473e-01	2.533661e+00
2.505000e-05	6.661776e-02	2.641228e+00
2.506000e-05	5.270255e-02	2.822103e+00
2.507000e-05	-1.276652e-01	2.990026e+00
2.508000e-05	6.166597e-02	3.124860e+00
2.509000e-05	5.210116e-02	3.251703e+00
2.510000e-05	-1.164438e-01	3.482074e+00
2.511000e-05	8.030203e-02	3.590527e+00
2.512000e-05	3.565653e-03	3.706437e+00
2.513000e-05	-4.883047e-02	3.894387e+00
2.514000e-05	3.969696e-02	4.052077e+00
2.515000e-05	-4.095225e-02	4.230628e+00
2.516000e-05	1.924785e-03	4.397970e+00
2.517000e-05	2.021224e-02	4.524865e+00
2.518000e-05	-1.422643e-02	4.683153e+00
2.519000e-05	1.267012e-02	4.790472e+00
2.520000e-05	5.546778e-03	4.977491e+00
2.521000e-05	-2.241940e-02	5.187019e+00
2.522000e-05	-1.702892e-02	5.347015e+00
2.523000e-05	1.468577e-02	5.413585e+00
2.524000e-05	2.078005e-02	5.598472e+00
2.525000e-05	-2.765209e-02	5.672210e+00
2.526000e-05	2.509896e-03	5.783676e+00
2.527000e-05	3.178987e-03	5.987947e+00
2.528000e-05	-7.968953e-03	6.114233e+00
2.529000e-05	-1.249431e-04	6.211098e+00
2.530000e-05	-1.343508e-02	6.325312e+00
2.531000e-05	2.111476e-02	6.391003e+00
2.532000e-05	-3.726157e-03	6.496287e+00
2.533000e-05	-1.778369e-02	6.702261e+00
2.534000e-05	1.527915e-03	6.779503e+00
2.535000e-05	8.274304e-03	6.863154e+00
2.536000e-05	-5.422537e-03	6.977968e+00
2.537000e-05	-1.434092e-02	7.082706e+00
2.538000e-05	1.187343e-02	7.169440e+00
2.539000e-05	7.087112e-03	7.231632e+00
2.540000e-05	-1.499250e-02	7.316341e+00
2.541000e-05	-8.867271e-03	7.522259e+00
2.542000e-05	6.470171e-03	7.569548e+00
2.543000e-05	1.715098e-03	7.683258e+00
2.544000e-05	-7.507319e-03	7.758447e+00
2.545000e-05	-3.447764e-03	7.873209e+00
2.546000e-05	3.434433e-03	7.971065e+00
2.547000e-05	-6.176164e-03	8.052787e+00
2.548000e-05	-3.992701e-03	8.167940e+00
2.549000e-05	6.596360e-04	8.220054e+00
2.550000e-05	-1.775338e-03	8.303656e+00
2.551000e-05	-5.576557e-03	8.356290e+00
2.552000e-05	-1.686179e-03	8.399444e+00
2.553000e-05	1.713924e-03	8.430132e+00
2.554000e-05	-5.346022e-03	8.453184e+00
2.555000e-05	-4.964919e-03	8.484812e+00
2.556000e-05	-9.591482e-04	8.548344e+00
2.557000e-05	-1.055010e-03	8.599499e+00
2.558000e-05	-2.006217e-03	8.593601e+00
2.559000e-05	-3.036325e-03	8.652232e+00
2.560000e-05	-3.600224e-03	8.694315e+00
2.561000e-05	-5.794547e-03	8.677315e+00
2.562000e-05	-1.688924e-03	8.707970e+00
2.563000e-05	2.144902e-04	8.758470e+00
2.564000e-05	-2.657241e-03	8.809000e+00
2.565000e-05	-4.671406e-03	8.781048e+00
2.566000e-05	-3.746660e-03	8.822099e+00
2.567000e-05	-1.285676e-03	8.810630e+00
2.568000e-05	-3.747708e-03	8.841105e+00
2.569000e-05	-2.956708e-03	8.812154e+00
2.570000e-05	-3.021059e-03	8.822058e+00
2.571000e-05	-2.174767e-03	8.872659e+00
2.572000e-05	-3.988699e-03	8.852656e+00
2.573000e-05	-2.785184e-03	8.821783e+00
2.574000e-05	-3.333647e-03	8.843654e+00
2.575000e-05	-3.228091e-03	8.842157e+00
2.576000e-05	-2.775386e-03	8.801630e+00
2.577000e-05	-2.307595e-03	8.811028e+00
2.578000e-05	-2.143005e-03	8.759953e+00
2.579000e-05	-4.043673e-03	8.780475e+00
2.580000e-05	-2.848176e-03	8.726398e+00
2.581000e-05	-3.052465e-03	8.707191e+00
2.582000e-05	-2.035557e-03	8.664863e+00
2.583000e-05	-2.042882e-03	8.624131e+00
2.584000e-05	-3.028531e-03	8.642031e+00
2.585000e-05	-3.499317e-03	8.569450e+00
2.586000e-05	-2.451123e-03	8.515393e+00
2.587000e-05	-3.152617e-03	8.445242e+00
2.588000e-05	-3.760129e-03	8.442258e+00
2.589000e-05	-2.579179e-03	8.441553e+00
2.590000e-05	-2.834688e-03	8.398422e+00
2.591000e-05	-2.516883e-03	8.295291e+00
2.592000e-05	-2.973863e-03	8.190554e+00
2.593000e-05	-2.981276e-03	8.138872e+00
2.594000e-05	-2.861793e-03	8.073687e+00
2.595000e-05	-4.099105e-03	8.009579e+00
2.596000e-05	-2.463963e-03	7.926345e+00
2.597000e-05	-3.573440e-03	7.801637e+00
2.598000e-05	-2.237749e-03	7.758478e+00
2.599000e-05	-4.087737e-03	7.655112e+00
2.600000e-05	-2.105549e-03	7.631577e+00
2.601000e-05	-3.314019e-03	7.507641e+00
2.602000e-05	-1.598341e-03	7.361453e+00
2.603000e-05	-3.509920e-03	7.272608e+00
2.604000e-05	-2.120595e-03	7.160024e+00
2.605000e-05	-3.831202e-03	7.063741e+00
2.606000e-05	-2.755543e-03	6.990003e+00
2.607000e-05	-2.693139e-03	6.884238e+00
2.608000e-05	-2.926410e-03	6.799578e+00
2.609000e-05	-3.744767e-03	6.657344e+00
2.610000e-05	-3.036279e-03	6.527951e+00
2.611000e-05	-3.173143e-03	6.421505e+00
2.612000e-05	-2.826355e-03	6.327896e+00
2.613000e-05	-3.392771e-03	6.192107e+00
2.614000e-05	-3.752541e-03	6.084738e+00
2.615000e-05	-3.789702e-03	5.990551e+00
2.616000e-05	-3.699619e-03	5.846267e+00
2.617000e-05	-3.291967e-03	5.698323e+00
2.618000e-05	-3.520791e-03	5.540474e+00
2.619000e-05	-3.893184e-03	5.443109e+00
2.620000e-05	-4.097230e-03	5.287842e+00
2.621000e-05	-3.552753e-03	5.140026e+00
2.622000e-05	-3.312313e-03	4.939005e+00
2.623000e-05	-3.759229e-03	4.803154e+00
2.624000e-05	-2.992242e-03	4.694216e+00
2.625000e-05	-4.069450e-03	4.527894e+00
2.626000e-05	-3.588758e-03	4.422583e+00
2.627000e-05	-3.998732e-03	4.304211e+00
2.628000e-05	-3.979896e-03	4.086792e+00
2.629000e-05	-3.988718e-03	3.958476e+00
2.630000e-05	-3.901451e-03	3.823107e+00
2.631000e-05	-3.576461e-03	3.682713e+00
2.632000e-05	-3.382749e-03	3.570471e+00
2.633000e-05	-3.776506e-03	3.402982e+00
2.634000e-05	-3.298629e-03	3.221205e+00
2.635000e-05	-3.773381e-03	3.085764e+00
2.636000e-05	-4.477443e-03	2.917871e+00
2.637000e-05	-4.286015e-03	2.801553e+00
2.638000e-05	-2.900774e-03	2.603133e+00
2.639000e-05	-3.786923e-03	2.443609e+00
2.640000e-05	-3.993220e-03	2.284267e+00
2.641000e-05	-3.969021e-03	2.129370e+00
2.642000e-05	-3.764457e-03	2.001029e+00
2.643000e-05	-3.290364e-03	1.803637e+00
2.644000e-05	-3.477977e-03	1.674659e+00
2.645000e-05	-3.608541e-03	1.466266e+00
2.646000e-05	-4.475487e-03	1.286269e+00
2.647000e-05	-4.000736e-03	1.189424e+00
2.648000e-05	-3.909968e-03	9.798984e-01
2.649000e-05	-2.883213e-03	7.490263e-01
2.650000e-05	-3.868695e-03	6.220340e-01
2.651000e-05	-3.594949e-03	4.236368e-01
2.652000e-05	-3.172912e-03	3.072922e-01
2.653000e-05	-3.564260e-03	9.676736e-02
2.654000e-05	-4.647724e-04	-5.063007e-02
2.655000e-05	2.205026e-03	-1.994685e-01
2.656000e-05	-8.063623e-04	-3.352620e-01
2.657000e-05	6.606008e-04	-4.737028e-01
2.658000e-05	-1.753060e-03	-6.721289e-01
2.659000e-05	-1.384225e-03	-8.215236e-01
2.660000e-05	-2.053470e-03	-9.459382e-01
2.661000e-05	4.716236e-03	-1.082182e+00
2.662000e-05	4.051466e-02	-1.240052e+00
2.663000e-05	5.695293e-02	-1.483024e+00
2.664000e-05	-5.851581e-02	-1.733129e+00
2.665000e-05	-2.672335e-02	-1.955785e+00
2.666000e-05	-1.065330e-01	-2.021024e+00
2.667000e-05	7.346887e-02	-2.054159e+00
2.668000e-05	8.825457e-02	-2.154892e+00
2.669000e-05	-1.587316e-01	-2.451593e+00
2.670000e-05	7.646015e-02	-2.589524e+00
2.671000e-05	7.512723e-02	-2.691658e+00
2.672000e-05	-1.771276e-01	-2.889603e+00
2.673000e-05	8.709765e-02	-3.064304e+00
2.674000e-05	7.428084e-02	-3.199472e+00
2.675000e-05	-1.409402e-01	-3.357362e+00
2.676000e-05	1.181173e-01	-3.502737e+00
2.677000e-05	-2.243601e-02	-3.608475e+00
2.678000e-05	-6.699918e-02	-3.858547e+00
2.679000e-05	9.909045e-02	-3.998948e+00
2.680000e-05	-1.014926e-01	-4.155436e+00
2.681000e-05	3.546772e-02	-4.263205e+00
2.682000e-05	5.893959e-02	-4.366868e+00
2.683000e-05	-1.043814e-01	-4.523261e+00
2.684000e-05	8.857053e-02	-4.684211e+00
2.685000e-05	-1.607999e-02	-4.820998e+00
2.686000e-05	-3.027884e-02	-4.978992e+00
2.687000e-05	1.536196e-02	-5.162809e+00
2.688000e-05	-3.924887e-02	-5.282104e+00
2.689000e-05	7.212688e-02	-5.441553e+00
2.690000e-05	-5.447936e-02	-5.559470e+00
2.691000e-05	2.396973e-03	-5.714688e+00
2.692000e-05	4.560541e-02	-5.820546e+00
2.693000e-05	-5.972531e-02	-5.977892e+00
2.694000e-05	2.383841e-02	-6.010579e+00
2.695000e-05	-2.517562e-02	-6.216261e+00
2.696000e-05	4.365172e-02	-6.317683e+00
2.697000e-05	4.393898e-03	-6.431125e+00
2.698000e-05	-6.780627e-02	-6.535366e+00
2.699000e-05	4.534703e-02	-6.642130e+00
2.700000e-05	-5.571171e-03	-6.776487e+00
2.701000e-05	-6.087005e-04	-6.830004e+00
2.702000e-05	-1.987869e-02	-6.945840e+00
2.703000e-05	8.497688e-03	-7.104782e+00
2.704000e-05	3.005258e-02	-7.208525e+00
2.705000e-05	-4.563334e-02	-7.281709e+00
2.706000e-05	8.693687e-03	-7.418949e+00
2.707000e-05	6.399295e-03	-7.452175e+00
2.708000e-05	1.950076e-03	-7.577393e+00
2.709000e-05	-1.603432e-02	-7.632083e+00
2.710000e-05	-5.506332e-03	-7.787515e+00
2.711000e-05	2.456039e-02	-7.874739e+00
2.712000e-05	-1.759446e-02	-7.989925e+00
2.713000e-05	-6.003810e-03	-8.022080e+00
2.714000e-05	-2.664782e-04	-8.085759e+00
2.715000e-05	5.006718e-03	-8.138898e+00
2.716000e-05	-4.582605e-03	-8.231527e+00
2.717000e-05	-7.099667e-03	-8.294262e+00
2.718000e-05	6.967562e-03	-8.366972e+00
2.719000e-05	-8.762793e-03	-8.409475e+00
2.720000e-05	-3.972512e-03	-8.421076e+00
2.721000e-05	-1.831352e-03	-8.453130e+00
2.722000e-05	1.957617e-03	-8.535392e+00
2.723000e-05	-1.878401e-03	-8.545522e+00
2.724000e-05	-3.552183e-03	-8.674600e+00
2.725000e-05	-1.704917e-03	-8.725262e+00
2.726000e-05	-4.844881e-03	-8.727391e+00
2.727000e-05	-1.733696e-03	-8.767442e+00
2.728000e-05	-1.589023e-03	-8.779498e+00
2.729000e-05	-3.671540e-03	-8.810077e+00
2.730000e-05	-5.779302e-03	-8.831079e+00
2.731000e-05	-1.573383e-04	-8.841583e+00
2.732000e-05	-1.258536e-03	-8.852156e+00
2.733000e-05	-5.125217e-03	-8.832684e+00
2.734000e-05	-3.967274e-03	-8.854182e+00
2.735000e-05	-6.550413e-04	-8.905286e+00
2.736000e-05	-2.162324e-03	-8.834709e+00
2.737000e-05	-4.330154e-03	-8.873763e+00
2.738000e-05	-3.305107e-03	-8.883759e+00
2.739000e-05	-2.357722e-03	-8.874236e+00
2.740000e-05	-3.006157e-03	-8.872687e+00
2.741000e-05	-3.240993e-03	-8.864111e+00
2.742000e-05	-1.940302e-03	-8.823156e+00
2.743000e-05	-1.926699e-03	-8.842133e+00
2.744000e-05	-3.652547e-03	-8.830626e+00
2.745000e-05	-3.709886e-03	-8.800496e+00
2.746000e-05	-2.866554e-03	-8.780499e+00
2.747000e-05	-1.683494e-03	-8.746444e+00
2.748000e-05	-3.562857e-03	-8.707885e+00
2.749000e-05	-4.259680e-03	-8.671688e+00
2.750000e-05	-4.050216e-03	-8.590533e+00
2.751000e-05	-2.734912e-03	-8.517890e+00
2.752000e-05	-3.683904e-03	-8.464662e+00
2.753000e-05	-3.748236e-03	-8.413103e+00
2.754000e-05	-2.488537e-03	-8.388973e+00
2.755000e-05	-2.160483e-03	-8.367947e+00
2.756000e-05	-3.930336e-03	-8.274163e+00
2.757000e-05	-5.074788e-03	-8.280107e+00
2.758000e-05	-4.169280e-03	-8.158974e+00
2.759000e-05	-3.775056e-03	-8.085211e+00
2.760000e-05	-4.201518e-03	-8.051633e+00
2.761000e-05	-3.283726e-03	-8.009076e+00
2.762000e-05	-2.959887e-03	-7.896770e+00
2.763000e-05	-2.726460e-03	-7.809077e+00
2.764000e-05	-3.714641e-03	-7.685734e+00
2.765000e-05	-4.587385e-03	-7.579104e+00
2.766000e-05	-4.704982e-03	-7.514264e+00
2.767000e-05	-3.814247e-03	-7.431028e+00
2.768000e-05	-3.255959e-03	-7.335844e+00
2.769000e-05	-4.307979e-03	-7.273006e+00
2.770000e-05	-4.525620e-03	-7.169424e+00
2.771000e-05	-3.620734e-03	-7.065713e+00
2.772000e-05	-2.587809e-03	-6.896423e+00
2.773000e-05	-3.766735e-03	-6.832079e+00
2.774000e-05	-3.357257e-03	-6.717345e+00
2.775000e-05	-2.667384e-03	-6.630054e+00
2.776000e-05	-3.481343e-03	-6.507269e+00
2.777000e-05	-4.700538e-03	-6.391553e+00
2.778000e-05	-3.714843e-03	-6.315773e+00
2.779000e-05	-3.245245e-03	-6.118373e+00
2.780000e-05	-3.943958e-03	-6.001626e+00
2.781000e-05	-5.137830e-03	-5.906296e+00
2.782000e-05	-2.943472e-03	-5.770550e+00
2.783000e-05	-3.223670e-03	-5.691584e+00
2.784000e-05	-4.206723e-03	-5.518851e+00
2.785000e-05	-4.520340e-03	-5.369583e+00
2.786000e-05	-4.201761e-03	-5.220582e+00
2.787000e-05	-4.996001e-03	-5.063162e+00
2.788000e-05	-5.257409e-03	-4.937872e+00
2.789000e-05	-4.111706e-03	-4.738246e+00
2.790000e-05	-3.779027e-03	-4.610482e+00
2.791000e-05	-3.989902e-03	-4.474689e+00
2.792000e-05	-4.465552e-03	-4.378925e+00
2.793000e-05	-3.820397e-03	-4.243709e+00
2.794000e-05	-4.936615e-03	-4.074310e+00
2.795000e-05	-4.031665e-03	-3.959028e+00
2.796000e-05	-3.804106e-03	-3.843133e+00
2.797000e-05	-3.690154e-03	-3.640658e+00
2.798000e-05	-4.433749e-03	-3.495716e+00
2.799000e-05	-4.347442e-03	-3.358345e+00
2.800000e-05	-4.179950e-03	-3.221533e+00
2.801000e-05	-3.280762e-03	-3.074239e+00
2.802000e-05	-3.703346e-03	-2.874661e+00
2.803000e-05	-3.433736e-03	-2.727899e+00
2.804000e-05	-5.442543e-03	-2.607483e+00
2.805000e-05	-3.907409e-03	-2.373585e+00
2.806000e-05	-4.866332e-03	-2.283765e+00
2.807000e-05	-4.179048e-03	-2.074141e+00
2.808000e-05	-4.811816e-03	-1.946320e+00
2.809000e-05	-3.161197e-03	-1.789425e+00
2.810000e-05	-4.276628e-03	-1.621681e+00
2.811000e-05	-4.219917e-03	-1.452209e+00
2.812000e-05	-4.831855e-03	-1.212108e+00
2.813000e-05	-4.069413e-03	-1.074266e+00
2.814000e-05	-5.151393e-03	-8.753184e-01
2.815000e-05	-4.833089e-03	-7.983991e-01
2.816000e-05	-5.163159e-03	-5.805274e-01
2.817000e-05	-4.494778e-03	-3.810339e-01
2.818000e-05	-4.225575e-03	-2.631867e-01
2.819000e-05	-3.985917e-03	-1.152644e-01
2.820000e-05	-6.055924e-04	6.157494e-02
2.821000e-05	1.399063e-03	2.426039e-01
2.822000e-05	-2.426278e-03	3.994972e-01
2.823000e-05	-2.945155e-04	5.262645e-01
2.824000e-05	-3.952069e-03	6.312339e-01
2.825000e-05	-3.015136e-03	8.194475e-01
2.826000e-05	-3.294210e-03	9.774408e-01
2.827000e-05	3.323836e-03	1.107392e+00
2.828000e-05	2.258201e-02	1.323735e+00
2.829000e-05	6.031585e-02	1.495734e+00
2.830000e-05	-2.106204e-02	1.748939e+00
2.831000e-05	-4.139970e-02	1.896362e+00
2.832000e-05	-5.778619e-02	2.052582e+00
2.833000e-05	-6.233504e-02	2.169394e+00
2.834000e-05	1.173379e-01	2.303807e+00
2.835000e-05	9.404300e-03	2.412129e+00
2.836000e-05	-1.231961e-01	2.557742e+00
2.837000e-05	1.352752e-01	2.725787e+00
2.838000e-05	-4.800416e-02	2.914308e+00
2.839000e-05	-8.175695e-02	3.061185e+00
2.840000e-05	1.139689e-01	3.236937e+00
2.841000e-05	-3.620898e-02	3.325312e+00
2.842000e-05	-6.521786e-02	3.525858e+00
2.843000e-05	9.560648e-02	3.631024e+00
2.844000e-05	-5.065764e-02	3.790573e+00
2.845000e-05	-7.059674e-03	3.977916e+00
2.846000e-05	2.422916e-02	4.084810e+00
2.847000e-05	-4.287678e-02	4.314377e+00
2.848000e-05	2.272224e-02	4.431524e+00
2.849000e-05	-2.310736e-03	4.579812e+00
2.850000e-05	-4.707918e-03	4.744789e+00
2.851000e-05	1.937029e-02	4.895133e+00
2.852000e-05	-7.437816e-03	5.096783e+00
2.853000e-05	-2.418953e-02	5.231603e+00
2.854000e-05	-1.094573e-02	5.378943e+00
2.855000e-05	2.910294e-02	5.524329e+00
2.856000e-05	3.520709e-05	5.588955e+00
2.857000e-05	-2.262543e-02	5.734712e+00
2.858000e-05	7.305892e-03	5.924834e+00
2.859000e-05	-4.427231e-03	6.000628e+00
2.860000e-05	-2.741038e-03	6.156863e+00
2.861000e-05	-4.770720e-03	6.222154e+00
2.862000e-05	-3.749326e-03	6.327865e+00
2.863000e-05	2.008169e-02	6.420607e+00
2.864000e-05	-1.638883e-02	6.600446e+00
2.865000e-05	-1.453019e-02	6.737364e+00
2.866000e-05	8.232599e-03	6.831528e+00
2.867000e-05	6.424092e-03	6.884837e+00
2.868000e-05	-9.502216e-03	7.028971e+00
2.869000e-05	-9.762266e-03	7.125762e+00
2.870000e-05	1.616952e-02	7.189478e+00
2.871000e-05	-4.392014e-03	7.282703e+00
2.872000e-05	-1.531813e-02	7.418044e+00
2.873000e-05	-2.979161e-03	7.567893e+00
2.874000e-05	6.808224e-03	7.641578e+00
2.875000e-05	-1.364228e-03	7.707238e+00
2.876000e-05	-8.635883e-03	7.771023e+00
2.877000e-05	2.980801e-03	7.924308e+00
2.878000e-05	-8.288068e-04	8.030574e+00
2.879000e-05	-6.927905e-03	8.095315e+00
2.880000e-05	-4.458338e-03	8.189496e+00
2.881000e-05	7.721062e-04	8.222655e+00
2.882000e-05	-3.434933e-03	8.323787e+00
2.883000e-05	-4.252072e-03	8.367346e+00
2.884000e-05	1.114025e-03	8.401048e+00
2.885000e-05	-1.001267e-03	8.443108e+00
2.886000e-05	-6.690242e-03	8.483211e+00
2.887000e-05	-3.618620e-03	8.486840e+00
2.888000e-05	6.353513e-04	8.559524e+00
2.889000e-05	-1.197287e-03	8.621181e+00
2.890000e-05	-2.311033e-03	8.631231e+00
2.891000e-05	-2.801934e-03	8.663712e+00
2.892000e-05	-4.262526e-03	8.695269e+00
2.893000e-05	-5.124187e-03	8.746817e+00
2.894000e-05	-1.386425e-03	8.768419e+00
2.895000e-05	-4.318662e-04	8.788971e+00
2.896000e-05	-3.940320e-03	8.789998e+00
2.897000e-05	-4.420465e-03	8.810978e+00
2.898000e-05	-2.342817e-03	8.791079e+00
2.899000e-05	-1.170402e-03	8.851079e+00
2.900000e-05	-4.109195e-03	8.853078e+00
2.901000e-05	-3.320945e-03	8.831633e+00
2.902000e-05	-2.547873e-03	8.873080e+00
2.903000e-05	-2.420115e-03	8.844606e+00
2.904000e-05	-2.989235e-03	8.852633e+00
2.905000e-05	-2.101648e-03	8.803657e+00
2.906000e-05	-2.349015e-03	8.843127e+00
2.907000e-05	-3.280701e-03	8.831629e+00
2.908000e-05	-2.980542e-03	8.822080e+00
2.909000e-05	-3.091471e-03	8.790605e+00
2.910000e-05	-2.738233e-03	8.808548e+00
2.911000e-05	-3.695652e-03	8.777495e+00
2.912000e-05	-2.962163e-03	8.766869e+00
2.913000e-05	-2.569172e-03	8.716840e+00
2.914000e-05	-2.034274e-03	8.694266e+00
2.915000e-05	-3.155111e-03	8.632103e+00
2.916000e-05	-4.662477e-03	8.610504e+00
2.917000e-05	-2.558074e-03	8.547451e+00
2.918000e-05	-2.561899e-03	8.537371e+00
2.919000e-05	-2.533237e-03	8.443265e+00
2.920000e-05	-3.980265e-03	8.432129e+00
2.921000e-05	-2.781079e-03	8.379577e+00
2.922000e-05	-2.350537e-03	8.315970e+00
2.923000e-05	-3.057207e-03	8.244141e+00
2.924000e-05	-2.884121e-03	8.147977e+00
2.925000e-05	-3.467760e-03	8.126890e+00
2.926000e-05	-2.436563e-03	8.054210e+00
2.927000e-05	-3.892214e-03	7.949974e+00
2.928000e-05	-2.148167e-03	7.873738e+00
2.929000e-05	-3.397411e-03	7.771578e+00
2.930000e-05	-2.772178e-03	7.737819e+00
2.931000e-05	-3.423211e-03	7.644209e+00
2.932000e-05	-3.036933e-03	7.569997e+00
2.933000e-05	-4.184900e-03	7.453661e+00
2.934000e-05	-2.679067e-03	7.297324e+00
2.935000e-05	-2.858261e-03	7.223228e+00
2.936000e-05	-2.964926e-03	7.127849e+00
2.937000e-05	-3.299280e-03	7.056158e+00
2.938000e-05	-3.478598e-03	6.939974e+00
2.939000e-05	-3.072116e-03	6.833207e+00
2.940000e-05	-3.073360e-03	6.790925e+00
2.941000e-05	-2.990221e-03	6.653137e+00
2.942000e-05	-2.582088e-03	6.486791e+00
2.943000e-05	-3.476346e-03	6.380576e+00
2.944000e-05	-3.182456e-03	6.255788e+00
2.945000e-05	-4.128357e-03	6.178478e+00
2.946000e-05	-4.236336e-03	6.034162e+00
2.947000e-05	-2.892150e-03	5.978999e+00
2.948000e-05	-3.909931e-03	5.833655e+00
2.949000e-05	-9.780616e-04	5.644141e+00
2.950000e-05	-2.597085e-03	5.517317e+00
2.951000e-05	-3.773298e-03	5.400082e+00
2.952000e-05	-3.005998e-03	5.265268e+00
2.953000e-05	-4.904362e-03	5.085749e+00
2.954000e-05	-4.538398e-03	4.957772e+00
2.955000e-05	-5.032797e-03	4.720023e+00
2.956000e-05	-4.231833e-03	4.613029e+00
2.957000e-05	-2.329679e-03	4.507263e+00
2.958000e-05	-2.054990e-03	4.350925e+00
2.959000e-05	-2.307515e-03	4.191506e+00
2.960000e-05	-2.064454e-03	4.054738e+00
2.961000e-05	-5.029709e-03	3.918797e+00
2.962000e-05	-4.798947e-03	3.769551e+00
2.963000e-05	-5.676673e-03	3.642684e+00
2.964000e-05	-3.377934e-03	3.486819e+00
2.965000e-05	-4.533981e-03	3.310347e+00
2.966000e-05	-2.910205e-03	3.158925e+00
2.967000e-05	-3.754488e-03	3.013105e+00
2.968000e-05	-2.904701e-03	2.876734e+00
2.969000e-05	-2.274424e-03	2.767422e+00
2.970000e-05	-3.402979e-03	2.539051e+00
2.971000e-05	-4.298245e-03	2.359103e+00
2.972000e-05	-3.885191e-03	2.242584e+00
2.973000e-05	-4.764484e-03	2.095162e+00
2.974000e-05	-3.649478e-03	1.948922e+00
2.975000e-05	-4.254957e-03	1.741128e+00
2.976000e-05	-2.623940e-03	1.601525e+00
2.977000e-05	-2.639104e-03	1.401129e+00
2.978000e-05	-2.503250e-03	1.273687e+00
2.979000e-05	-2.760963e-03	1.076188e+00
2.980000e-05	-4.015912e-03	8.546867e-01
2.981000e-05	-4.084498e-03	6.968671e-01
2.982000e-05	-4.879273e-03	5.593751e-01
2.983000e-05	-3.949144e-03	3.910802e-01
2.984000e-05	-3.028237e-03	2.426591e-01
2.985000e-05	-2.563229e-03	4.261047e-02
2.986000e-05	1.786959e-03	-1.237356e-01
2.987000e-05	3.010891e-03	-2.402050e-01
2.988000e-05	-1.577819e-03	-3.779684e-01
2.989000e-05	8.656802e-04	-5.036545e-01
2.990000e-05	-2.465052e-03	-7.548104e-01
2.991000e-05	-9.228066e-04	-8.416775e-01
2.992000e-05	-1.587189e-03	-9.874923e-01
2.993000e-05	1.084670e-02	-1.165836e+00
2.994000e-05	6.668533e-02	-1.303659e+00
2.995000e-05	8.927990e-03	-1.574813e+00
2.996000e-05	-5.026565e-02	-1.777545e+00
2.997000e-05	-4.918491e-02	-1.976516e+00
2.998000e-05	-8.575804e-02	-2.051608e+00
2.999000e-05	1.392175e-01	-2.132684e+00
3.000000e-05	-6.720554e-03	-2.230125e+00
3.001000e-05	-1.351164e-01	-2.524757e+00
3.002000e-05	1.529884e-01	-2.610476e+00
3.003000e-05	-5.374540e-02	-2.725762e+00
3.004000e-05	-1.296002e-01	-2.973861e+00
3.005000e-05	1.503397e-01	-3.145359e+00
3.006000e-05	-4.130977e-02	-3.241626e+00
3.007000e-05	-7.420166e-02	-3.408499e+00
3.008000e-05	1.386205e-01	-3.534782e+00
3.009000e-05	-1.101263e-01	-3.684157e+00
3.010000e-05	2.632304e-02	-3.922853e+00
3.011000e-05	3.815588e-02	-3.999979e+00
3.012000e-05	-1.046689e-01	-4.218994e+00
3.013000e-05	1.038598e-01	-4.356761e+00
3.014000e-05	-3.211013e-02	-4.428973e+00
3.015000e-05	-4.588609e-02	-4.597817e+00
3.016000e-05	9.169234e-02	-4.737792e+00
3.017000e-05	-6.064083e-02	-4.893734e+00
3.018000e-05	1.019969e-02	-5.010048e+00
3.019000e-05	-1.948504e-02	-5.177370e+00
3.020000e-05	1.828016e-03	-5.374807e+00
3.021000e-05	5.215380e-02	-5.461679e+00
3.022000e-05	-7.738816e-02	-5.671051e+00
3.023000e-05	5.484589e-02	-5.787393e+00
3.024000e-05	-6.727103e-03	-5.891732e+00
3.025000e-05	-3.877501e-02	-5.999473e+00
3.026000e-05	2.132309e-02	-6.052657e+00
3.027000e-05	-2.322588e-02	-6.200022e+00
3.028000e-05	6.750242e-02	-6.387945e+00
3.029000e-05	-5.283577e-02	-6.491709e+00
3.030000e-05	-2.526654e-02	-6.595470e+00
3.031000e-05	4.210064e-02	-6.633284e+00
3.032000e-05	-1.668705e-02	-6.789970e+00
3.033000e-05	3.749148e-03	-6.882679e+00
3.034000e-05	-2.839900e-02	-6.959467e+00
3.035000e-05	3.712872e-02	-7.175938e+00
3.036000e-05	-4.210950e-03	-7.240529e+00
3.037000e-05	-3.405928e-02	-7.324812e+00
3.038000e-05	1.780502e-02	-7.428996e+00
3.039000e-05	-4.435099e-04	-7.533687e+00
3.040000e-05	1.386996e-03	-7.589020e+00
3.041000e-05	-2.226789e-02	-7.703187e+00
3.042000e-05	1.342132e-02	-7.829147e+00
3.043000e-05	9.492736e-03	-7.903792e+00
3.044000e-05	-2.003082e-02	-7.998126e+00
3.045000e-05	-1.385595e-03	-8.072131e+00
3.046000e-05	-3.793682e-04	-8.135841e+00
3.047000e-05	5.515811e-03	-8.169472e+00
3.048000e-05	-8.937376e-03	-8.251655e+00
3.049000e-05	2.366954e-04	-8.334892e+00
3.050000e-05	1.391452e-03	-8.357445e+00
3.051000e-05	-9.070295e-03	-8.441026e+00
3.052000e-05	-9.589209e-04	-8.452604e+00
3.053000e-05	-2.275207e-05	-8.503736e+00
3.054000e-05	6.571970e-04	-8.514841e+00
3.055000e-05	-2.322265e-03	-8.571444e+00
3.056000e-05	-2.129400e-03	-8.693236e+00
3.057000e-05	-2.528508e-03	-8.674292e+00
3.058000e-05	-4.487616e-03	-8.756416e+00
3.059000e-05	6.852940e-05	-8.779446e+00
3.060000e-05	-2.111049e-03	-8.767049e+00
3.061000e-05	-4.837984e-03	-8.820499e+00
3.062000e-05	-3.159137e-03	-8.821105e+00
3.063000e-05	4.010325e-04	-8.862557e+00
3.064000e-05	-2.300418e-03	-8.843158e+00
3.065000e-05	-5.603667e-03	-8.872111e+00
3.066000e-05	-3.051410e-03	-8.871737e+00
3.067000e-05	-1.138544e-03	-8.863664e+00
3.068000e-05	-2.367813e-03	-8.864159e+00
3.069000e-05	-3.860061e-03	-8.863739e+00
3.070000e-05	-2.887441e-03	-8.863212e+00
3.071000e-05	-2.757645e-03	-8.865737e+00
3.072000e-05	-3.347944e-03	-8.852704e+00
3.073000e-05	-3.262400e-03	-8.843133e+00
3.074000e-05	-2.303342e-03	-8.851656e+00
3.075000e-05	-3.772313e-03	-8.852155e+00
3.076000e-05	-4.314035e-03	-8.792104e+00
3.077000e-05	-3.549717e-03	-8.829524e+00
3.078000e-05	-2.405085e-03	-8.759350e+00
3.079000e-05	-2.934519e-03	-8.747320e+00
3.080000e-05	-3.073173e-03	-8.674787e+00
3.081000e-05	-4.389575e-03	-8.632703e+00
3.082000e-05	-2.967339e-03	-8.569473e+00
3.083000e-05	-2.726874e-03	-8.505344e+00
3.084000e-05	-3.800204e-03	-8.454210e+00
3.085000e-05	-4.222007e-03	-8.389603e+00
3.086000e-05	-3.357312e-03	-8.377499e+00
3.087000e-05	-3.121355e-03	-8.316944e+00
3.088000e-05	-3.351840e-03	-8.272158e+00
3.089000e-05	-3.825782e-03	-8.219576e+00
3.090000e-05	-3.594902e-03	-8.168396e+00
3.091000e-05	-3.190516e-03	-8.042735e+00
3.092000e-05	-4.485534e-03	-8.022105e+00
3.093000e-05	-2.468106e-03	-7.979422e+00
3.094000e-05	-3.774920e-03	-7.913737e+00
3.095000e-05	-2.925985e-03	-7.767930e+00
3.096000e-05	-5.144558e-03	-7.632758e+00
3.097000e-05	-3.084012e-03	-7.568947e+00
3.098000e-05	-4.456736e-03	-7.453637e+00
3.099000e-05	-2.490168e-03	-7.370450e+00
3.100000e-05	-3.208173e-03	-7.324635e+00
3.101000e-05	-3.953997e-03	-7.222077e+00
3.102000e-05	-4.806565e-03	-7.106914e+00
3.103000e-05	-2.999975e-03	-7.042005e+00
3.104000e-05	-3.374715e-03	-6.904787e+00
3.105000e-05	-3.800484e-03	-6.809448e+00
3.106000e-05	-3.918402e-03	-6.685691e+00
3.107000e-05	-3.281847e-03	-6.600999e+00
3.108000e-05	-3.609619e-03	-6.413187e+00
3.109000e-05	-4.087575e-03	-6.370503e+00
3.110000e-05	-3.214199e-03	-6.273242e+00
3.111000e-05	-3.453383e-03	-6.103742e+00
3.112000e-05	-4.173274e-03	-5.990529e+00
3.113000e-05	-4.322030e-03	-5.904212e+00
3.114000e-05	-3.063650e-03	-5.717371e+00
3.115000e-05	-4.140460e-03	-5.662104e+00
3.116000e-05	-5.246844e-03	-5.494820e+00
3.117000e-05	-3.971105e-03	-5.296892e+00
3.118000e-05	-3.219116e-03	-5.149100e+00
3.119000e-05	-4.411972e-03	-5.029154e+00
3.120000e-05	-4.752403e-03	-4.833787e+00
3.121000e-05	-3.339523e-03	-4.675163e+00
3.122000e-05	-4.357268e-03	-4.548921e+00
3.123000e-05	-4.170763e-03	-4.421634e+00
3.124000e-05	-4.760816e-03	-4.316316e+00
3.125000e-05	-3.850250e-03	-4.210581e+00
3.126000e-05	-5.331757e-03	-4.040636e+00
3.127000e-05	-4.373050e-03	-3.968895e+00
3.128000e-05	-4.739704e-03	-3.757876e+00
3.129000e-05	-2.730809e-03	-3.600554e+00
3.130000e-05	-4.103528e-03	-3.465636e+00
3.131000e-05	-4.109970e-03	-3.296315e+00
3.132000e-05	-4.529702e-03	-3.198398e+00
3.133000e-05	-3.767619e-03	-3.040054e+00
3.134000e-05	-4.110681e-03	-2.831480e+00
3.135000e-05	-5.124814e-03	-2.673712e+00
3.136000e-05	-4.722150e-03	-2.497898e+00
3.137000e-05	-5.177240e-03	-2.379473e+00
3.138000e-05	-4.151102e-03	-2.219956e+00
3.139000e-05	-3.759723e-03	-2.051532e+00
3.140000e-05	-4.009011e-03	-1.883668e+00
3.141000e-05	-4.458443e-03	-1.735820e+00
3.142000e-05	-4.298829e-03	-1.589399e+00
3.143000e-05	-4.700497e-03	-1.379453e+00
3.144000e-05	-4.640310e-03	-1.168901e+00
3.145000e-05	-4.581300e-03	-1.009484e+00
3.146000e-05	-5.092900e-03	-8.836329e-01
3.147000e-05	-5.690728e-03	-7.068673e-01
3.148000e-05	-4.865912e-03	-4.947935e-01
3.149000e-05	-3.475496e-03	-3.579212e-01
3.150000e-05	-4.341871e-03	-2.100053e-01
3.151000e-05	-3.417437e-03	-2.308546e-02
3.152000e-05	6.302713e-04	1.242580e-01
3.153000e-05	3.315975e-04	2.927117e-01
3.154000e-05	-2.276860e-03	4.205524e-01
3.155000e-05	-8.198053e-04	5.769173e-01
3.156000e-05	-3.310374e-03	7.247104e-01
3.157000e-05	-3.536592e-03	8.420250e-01
3.158000e-05	-2.331733e-03	1.060576e+00
3.159000e-05	7.267964e-03	1.170046e+00
3.160000e-05	4.124356e-02	1.368992e+00
3.161000e-05	4.417973e-02	1.611628e+00
3.162000e-05	-4.393247e-02	1.839052e+00
3.163000e-05	-4.120493e-02	1.947445e+00
3.164000e-05	-7.484590e-02	2.093738e+00
3.165000e-05	-9.039124e-03	2.199950e+00
3.166000e-05	1.331827e-01	2.324838e+00
3.167000e-05	-8.585217e-02	2.484134e+00
3.168000e-05	-2.846644e-02	2.619948e+00
3.169000e-05	1.186562e-01	2.788995e+00
3.170000e-05	-1.144969e-01	2.987417e+00
3.171000e-05	-4.015154e-03	3.072708e+00
3.172000e-05	1.064004e-01	3.221599e+00
3.173000e-05	-1.026583e-01	3.447549e+00
3.174000e-05	1.814230e-02	3.557889e+00
3.175000e-05	5.548534e-02	3.703234e+00
3.176000e-05	-6.503891e-02	3.861156e+00
3.177000e-05	2.996256e-02	3.978972e+00
3.178000e-05	-1.520213e-02	4.166917e+00
3.179000e-05	-2.365373e-02	4.336339e+00
3.180000e-05	2.897377e-02	4.452707e+00
3.181000e-05	-1.393363e-02	4.640075e+00
3.182000e-05	7.704131e-03	4.738491e+00
3.183000e-05	1.665794e-02	4.964441e+00
3.184000e-05	-1.894185e-02	5.146866e+00
3.185000e-05	-2.209715e-02	5.263678e+00
3.186000e-05	6.423565e-04	5.400650e+00
3.187000e-05	3.154683e-02	5.537466e+00
3.188000e-05	-1.951869e-02	5.653581e+00
3.189000e-05	-7.209587e-03	5.758996e+00
3.190000e-05	5.976067e-03	5.937369e+00
3.191000e-05	-9.020705e-03	6.062208e+00
3.192000e-05	-8.019771e-05	6.158020e+00
3.193000e-05	-1.186995e-02	6.273256e+00
3.194000e-05	1.199456e-02	6.399447e+00
3.195000e-05	7.677913e-03	6.461582e+00
3.196000e-05	-1.964373e-02	6.639176e+00
3.197000e-05	-4.956228e-03	6.779499e+00
3.198000e-05	1.118321e-02	6.831630e+00
3.199000e-05	-1.579650e-04	6.927264e+00
3.200000e-05	-1.436102e-02	7.040178e+00
3.201000e-05	9.121678e-04	7.135418e+00
3.202000e-05	1.414465e-02	7.221081e+00
3.203000e-05	-1.165544e-02	7.314738e+00
3.204000e-05	-1.263737e-02	7.411750e+00
3.205000e-05	2.802551e-03	7.558897e+00
3.206000e-05	3.375372e-03	7.663705e+00
3.207000e-05	-5.873172e-03	7.727842e+00
3.208000e-05	-7.045042e-03	7.872110e+00
3.209000e-05	4.596678e-03	7.904492e+00
3.210000e-05	-4.139577e-03	8.054181e+00
3.211000e-05	-6.230850e-03	8.147262e+00
3.212000e-05	-6.509157e-04	8.198547e+00
3.213000e-05	3.729885e-04	8.272704e+00
3.214000e-05	-4.669198e-03	8.326264e+00
3.215000e-05	-4.419079e-03	8.369468e+00
3.216000e-05	1.743867e-03	8.411074e+00
3.217000e-05	-3.921640e-03	8.441131e+00
3.218000e-05	-5.483601e-03	8.483736e+00
3.219000e-05	-2.446333e-03	8.499243e+00
3.220000e-05	4.669167e-04	8.579098e+00
3.221000e-05	-2.000201e-03	8.620603e+00
3.222000e-05	-1.730387e-03	8.651128e+00
3.223000e-05	-3.508277e-03	8.693211e+00
3.224000e-05	-5.195230e-03	8.717911e+00
3.225000e-05	-3.857569e-03	8.716293e+00
3.226000e-05	-2.160226e-04	8.787922e+00
3.227000e-05	-1.483150e-03	8.779472e+00
3.228000e-05	-4.888806e-03	8.770646e+00
3.229000e-05	-3.393835e-03	8.821074e+00
3.230000e-05	-9.215789e-04	8.841077e+00
3.231000e-05	-1.743050e-03	8.823129e+00
3.232000e-05	-3.425496e-03	8.811627e+00
3.233000e-05	-3.551938e-03	8.854084e+00
3.234000e-05	-1.401333e-03	8.853178e+00
3.235000e-05	-3.011376e-03	8.863207e+00
3.236000e-05	-2.732108e-03	8.843183e+00
3.237000e-05	-3.250974e-03	8.812084e+00
3.238000e-05	-2.651766e-03	8.841578e+00
3.239000e-05	-3.488966e-03	8.832104e+00
3.240000e-05	-3.107872e-03	8.841602e+00
3.241000e-05	-2.302309e-03	8.821074e+00
3.242000e-05	-3.386862e-03	8.758923e+00
3.243000e-05	-3.103751e-03	8.717870e+00
3.244000e-05	-3.168639e-03	8.697317e+00
3.245000e-05	-1.622338e-03	8.707788e+00
3.246000e-05	-2.021313e-03	8.634688e+00
3.247000e-05	-2.645900e-03	8.601656e+00
3.248000e-05	-3.208653e-03	8.590525e+00
3.249000e-05	-2.241559e-03	8.548871e+00
3.250000e-05	-2.837822e-03	8.474765e+00
3.251000e-05	-2.849091e-03	8.443707e+00
3.252000e-05	-3.387443e-03	8.441552e+00
3.253000e-05	-2.129561e-03	8.359997e+00
3.254000e-05	-2.186400e-03	8.265362e+00
3.255000e-05	-2.877243e-03	8.243561e+00
3.256000e-05	-1.511906e-03	8.170394e+00
3.257000e-05	-2.838495e-03	8.124787e+00
3.258000e-05	-2.406634e-03	7.993056e+00
3.259000e-05	-3.599788e-03	7.958366e+00
3.260000e-05	-2.541067e-03	7.873662e+00
3.261000e-05	-3.687409e-03	7.750049e+00
3.262000e-05	-3.497098e-03	7.715238e+00
3.263000e-05	-1.727115e-03	7.633627e+00
3.264000e-05	-3.477601e-03	7.537370e+00
3.265000e-05	-2.653497e-03	7.361559e+00
3.266000e-05	-3.960675e-03	7.307288e+00
3.267000e-05	-2.020856e-03	7.202655e+00
3.268000e-05	-3.377371e-03	7.086840e+00
3.269000e-05	-3.378135e-03	7.011130e+00
3.270000e-05	-4.067387e-03	6.898318e+00
3.271000e-05	-3.615636e-03	6.812108e+00
3.272000e-05	-3.408468e-03	6.698320e+00
3.273000e-05	-2.168667e-03	6.609999e+00
3.274000e-05	-2.518784e-03	6.425237e+00
3.275000e-05	-3.216412e-03	6.329924e+00
3.276000e-05	-3.356207e-03	6.242682e+00
3.277000e-05	-3.533904e-03	6.096872e+00
3.278000e-05	-3.447908e-03	6.041629e+00
3.279000e-05	-3.845039e-03	5.906920e+00
3.280000e-05	-3.374411e-03	5.727954e+00
3.281000e-05	-2.960891e-03	5.601703e+00
3.282000e-05	-3.287918e-03	5.454716e+00
3.283000e-05	-3.101945e-03	5.348496e+00
3.284000e-05	-3.190352e-03	5.180582e+00
3.285000e-05	-3.177625e-03	5.052609e+00
3.286000e-05	-3.784859e-03	4.854240e+00
3.287000e-05	-3.834815e-03	4.686317e+00
3.288000e-05	-3.848934e-03	4.570025e+00
3.289000e-05	-3.568874e-03	4.425656e+00
3.290000e-05	-3.781889e-03	4.359371e+00
3.291000e-05	-2.378645e-03	4.120450e+00
3.292000e-05	-3.205920e-03	3.981579e+00
3.293000e-05	-3.315169e-03	3.874213e+00
3.294000e-05	-4.387284e-03	3.697343e+00
3.295000e-05	-3.662400e-03	3.580600e+00
3.296000e-05	-3.470709e-03	3.434717e+00
3.297000e-05	-3.700202e-03	3.263643e+00
3.298000e-05	-3.259935e-03	3.125872e+00
3.299000e-05	-3.383646e-03	2.981525e+00
3.300000e-05	-4.074235e-03	2.852662e+00
3.301000e-05	-3.468085e-03	2.675665e+00
3.302000e-05	-3.312547e-03	2.486212e+00
3.303000e-05	-4.064459e-03	2.288292e+00
3.304000e-05	-4.009663e-03	2.161451e+00
3.305000e-05	-3.180867e-03	2.042584e+00
3.306000e-05	-3.099250e-03	1.885772e+00
3.307000e-05	-3.691035e-03	1.718791e+00
3.308000e-05	-4.073174e-03	1.528899e+00
3.309000e-05	-3.346339e-03	1.369526e+00
3.310000e-05	-4.209451e-03	1.232507e+00
3.311000e-05	-3.684698e-03	1.021530e+00
3.312000e-05	-3.965498e-03	8.014540e-01
3.313000e-05	-3.383698e-03	6.631357e-01
3.314000e-05	-3.309813e-03	4.851870e-01
3.315000e-05	-3.397920e-03	3.488750e-01
3.316000e-05	-3.703696e-03	1.408287e-01
3.317000e-05	-1.700704e-03	-2.001607e-02
3.318000e-05	2.684939e-03	-1.764160e-01
3.319000e-05	7.810757e-05	-3.132793e-01
3.320000e-05	-7.147431e-04	-4.210236e-01
3.321000e-05	-1.598916e-04	-6.074660e-01
3.322000e-05	-1.445637e-03	-7.894194e-01
3.323000e-05	-1.666618e-03	-9.337554e-01
3.324000e-05	4.342995e-04	-1.040074e+00
3.325000e-05	2.272309e-02	-1.186417e+00
3.326000e-05	7.541034e-02	-1.406888e+00
3.327000e-05	-3.782926e-02	-1.620569e+00
3.328000e-05	-3.243708e-02	-1.882648e+00
3.329000e-05	-8.550850e-02	-2.000581e+00
3.330000e-05	-8.920499e-03	-2.071708e+00
3.331000e-05	1.387659e-01	-2.094761e+00
3.332000e-05	-1.074209e-01	-2.394359e+00
3.333000e-05	-2.146827e-02	-2.577445e+00
3.334000e-05	1.546757e-01	-2.632628e+00
3.335000e-05	-1.436364e-01	-2.757942e+00
3.336000e-05	-1.751081e-02	-3.009125e+00
3.337000e-05	1.407986e-01	-3.176361e+00
3.338000e-05	-1.239761e-01	-3.293233e+00
3.339000e-05	3.871181e-02	-3.451130e+00
3.340000e-05	7.045259e-02	-3.547847e+00
3.341000e-05	-1.206250e-01	-3.775317e+00
3.342000e-05	9.245532e-02	-3.945361e+00
3.343000e-05	-4.819252e-02	-4.082729e+00
3.344000e-05	-3.838646e-02	-4.230127e+00
3.345000e-05	1.090968e-01	-4.336342e+00
3.346000e-05	-1.006475e-01	-4.491105e+00
3.347000e-05	3.785867e-02	-4.691626e+00
3.348000e-05	4.233861e-02	-4.777446e+00
3.349000e-05	-6.177304e-02	-4.915366e+00
3.350000e-05	2.695391e-02	-5.082179e+00
3.351000e-05	-4.243825e-02	-5.207973e+00
3.352000e-05	5.147609e-02	-5.345490e+00
3.353000e-05	-4.403774e-03	-5.516361e+00
3.354000e-05	-4.865397e-02	-5.691153e+00
3.355000e-05	6.852088e-02	-5.818971e+00
3.356000e-05	-4.983388e-02	-5.914859e+00
3.357000e-05	5.147516e-04	-6.011004e+00
3.358000e-05	-4.841423e-03	-6.093236e+00
3.359000e-05	8.214061e-03	-6.290758e+00
3.360000e-05	4.782364e-02	-6.409071e+00
3.361000e-05	-7.765643e-02	-6.543682e+00
3.362000e-05	2.047606e-02	-6.620051e+00
3.363000e-05	1.615233e-02	-6.724308e+00
3.364000e-05	-1.074433e-02	-6.810001e+00
3.365000e-05	-3.533022e-03	-6.874312e+00
3.366000e-05	-1.531297e-02	-7.080129e+00
3.367000e-05	4.393256e-02	-7.199001e+00
3.368000e-05	-3.667589e-02	-7.262753e+00
3.369000e-05	-9.652801e-03	-7.326294e+00
3.370000e-05	1.394645e-02	-7.431077e+00
3.371000e-05	-4.601966e-04	-7.545341e+00
3.372000e-05	-4.751656e-03	-7.639150e+00
3.373000e-05	-1.797520e-02	-7.714363e+00
3.374000e-05	2.399139e-02	-7.891724e+00
3.375000e-05	-9.236248e-03	-7.987420e+00
3.376000e-05	-1.284000e-02	-8.020677e+00
3.377000e-05	9.352471e-04	-8.082202e+00
3.378000e-05	2.779836e-03	-8.146944e+00
3.379000e-05	1.441280e-03	-8.238624e+00
3.380000e-05	-1.071910e-02	-8.272658e+00
3.381000e-05	5.895801e-03	-8.357393e+00
3.382000e-05	-4.698746e-03	-8.388923e+00
3.383000e-05	-6.804707e-03	-8.420102e+00
3.384000e-05	-1.126797e-03	-8.451653e+00
3.385000e-05	1.394801e-03	-8.516362e+00
3.386000e-05	-3.950838e-04	-8.548325e+00
3.387000e-05	-4.221916e-03	-8.600078e+00
3.388000e-05	-2.599977e-03	-8.651683e+00
3.389000e-05	-3.944313e-03	-8.764811e+00
3.390000e-05	-2.628449e-03	-8.747892e+00
3.391000e-05	-1.240681e-03	-8.777968e+00
3.392000e-05	-2.311218e-03	-8.830502e+00
3.393000e-05	-5.328835e-03	-8.821074e+00
3.394000e-05	-2.167480e-03	-8.822105e+00
3.395000e-05	-8.537482e-04	-8.841634e+00
3.396000e-05	-4.681467e-03	-8.862107e+00
3.397000e-05	-5.249018e-03	-8.882684e+00
3.398000e-05	-1.207774e-03	-8.904184e+00
3.399000e-05	-1.356247e-03	-8.853784e+00
3.400000e-05	-3.582202e-03	-8.843680e+00
3.401000e-05	-4.005967e-03	-8.873734e+00
3.402000e-05	-2.858152e-03	-8.904708e+00
3.403000e-05	-3.563076e-03	-8.884162e+00
3.404000e-05	-3.778808e-03	-8.873684e+00
3.405000e-05	-1.930974e-03	-8.822581e+00
3.406000e-05	-2.547964e-03	-8.852635e+00
3.407000e-05	-4.395999e-03	-8.811527e+00
3.408000e-05	-3.871320e-03	-8.851073e+00
3.409000e-05	-3.233431e-03	-8.800001e+00
3.410000e-05	-2.826824e-03	-8.778894e+00
3.411000e-05	-3.162049e-03	-8.735891e+00
3.412000e-05	-2.867325e-03	-8.684263e+00
3.413000e-05	-3.896091e-03	-8.622711e+00
3.414000e-05	-3.246846e-03	-8.537994e+00
3.415000e-05	-3.201639e-03	-8.513213e+00
3.416000e-05	-4.717007e-03	-8.432083e+00
3.417000e-05	-3.665776e-03	-8.409027e+00
3.418000e-05	-3.251312e-03	-8.337393e+00
3.419000e-05	-2.171083e-03	-8.294660e+00
3.420000e-05	-4.013108e-03	-8.252106e+00
3.421000e-05	-3.561019e-03	-8.159046e+00
3.422000e-05	-3.894001e-03	-8.115267e+00
3.423000e-05	-4.300266e-03	-8.032184e+00
3.424000e-05	-4.124395e-03	-7.989053e+00
3.425000e-05	-3.157958e-03	-7.957946e+00
3.426000e-05	-3.900169e-03	-7.832087e+00
3.427000e-05	-3.321695e-03	-7.704741e+00
3.428000e-05	-3.830497e-03	-7.632059e+00
3.429000e-05	-4.370285e-03	-7.495891e+00
3.430000e-05	-4.281723e-03	-7.463133e+00
3.431000e-05	-3.404161e-03	-7.339996e+00
3.432000e-05	-2.562092e-03	-7.243183e+00
3.433000e-05	-3.910232e-03	-7.199474e+00
3.434000e-05	-4.108785e-03	-7.095264e+00
3.435000e-05	-3.258422e-03	-6.977895e+00
3.436000e-05	-3.833923e-03	-6.843106e+00
3.437000e-05	-4.526325e-03	-6.766970e+00
3.438000e-05	-3.289502e-03	-6.612163e+00
3.439000e-05	-3.293109e-03	-6.567371e+00
3.440000e-05	-3.900870e-03	-6.411630e+00
3.441000e-05	-3.690473e-03	-6.359442e+00
3.442000e-05	-2.916411e-03	-6.199529e+00
3.443000e-05	-3.564186e-03	-6.063157e+00
3.444000e-05	-4.022066e-03	-5.958495e+00
3.445000e-05	-3.515838e-03	-5.813588e+00
3.446000e-05	-3.755907e-03	-5.706318e+00
3.447000e-05	-5.026990e-03	-5.600548e+00
3.448000e-05	-4.686632e-03	-5.435586e+00
3.449000e-05	-3.899566e-03	-5.282710e+00
3.450000e-05	-3.399946e-03	-5.096867e+00
3.451000e-05	-4.734253e-03	-4.998924e+00
3.452000e-05	-4.046605e-03	-4.776979e+00
3.453000e-05	-3.199310e-03	-4.612135e+00
3.454000e-05	-4.039514e-03	-4.559294e+00
3.455000e-05	-5.026541e-03	-4.410576e+00
3.456000e-05	-4.845306e-03	-4.274715e+00
3.457000e-05	-3.485299e-03	-4.146295e+00
3.458000e-05	-4.575403e-03	-4.033050e+00
3.459000e-05	-3.605941e-03	-3.875594e+00
3.460000e-05	-4.427394e-03	-3.693266e+00
3.461000e-05	-3.114016e-03	-3.528320e+00
3.462000e-05	-5.095979e-03	-3.431555e+00
3.463000e-05	-3.780223e-03	-3.203613e+00
3.464000e-05	-4.634314e-03	-3.147772e+00
3.465000e-05	-3.113428e-03	-2.915272e+00
3.466000e-05	-3.884050e-03	-2.798451e+00
3.467000e-05	-4.781756e-03	-2.633609e+00
3.468000e-05	-4.635951e-03	-2.454192e+00
3.469000e-05	-5.466541e-03	-2.337974e+00
3.470000e-05	-4.207185e-03	-2.117244e+00
3.471000e-05	-4.367002e-03	-1.989447e+00
3.472000e-05	-3.984269e-03	-1.851583e+00
3.473000e-05	-5.044676e-03	-1.702738e+00
3.474000e-05	-3.818812e-03	-1.526393e+00
3.475000e-05	-4.641792e-03	-1.285270e+00
3.476000e-05	-3.294349e-03	-1.096768e+00
3.477000e-05	-4.825576e-03	-9.384264e-01
3.478000e-05	-5.017551e-03	-8.110526e-01
3.479000e-05	-5.948747e-03	-6.526579e-01
3.480000e-05	-4.305713e-03	-4.226355e-01
3.481000e-05	-3.815812e-03	-3.072919e-01
3.482000e-05	-3.329837e-03	-1.078923e-01
3.483000e-05	-2.500522e-03	4.473030e-04
3.484000e-05	1.648113e-03	1.468946e-01
3.485000e-05	-2.293570e-03	3.768933e-01
3.486000e-05	-1.087744e-04	4.937067e-01
3.487000e-05	-2.845087e-03	6.200488e-01
3.488000e-05	-1.538637e-03	7.669719e-01
3.489000e-05	-3.459133e-03	9.117593e-01
3.490000e-05	5.734826e-04	1.114152e+00
3.491000e-05	1.306503e-02	1.283183e+00
3.492000e-05	5.690010e-02	1.451004e+00
3.493000e-05	1.005175e-02	1.746887e+00
3.494000e-05	-4.679603e-02	1.875237e+00
3.495000e-05	-4.450759e-02	2.030026e+00
3.496000e-05	-7.987315e-02	2.138337e+00
3.497000e-05	6.399113e-02	2.220676e+00
3.498000e-05	8.415083e-02	2.418450e+00
3.499000e-05	-1.376865e-01	2.526238e+00
3.500000e-05	7.742640e-02	2.662133e+00
3.501000e-05	3.643685e-02	2.853626e+00
3.502000e-05	-1.203545e-01	3.000047e+00
3.503000e-05	7.428294e-02	3.135788e+00
3.504000e-05	3.935992e-02	3.273729e+00
3.505000e-05	-1.105686e-01	3.506203e+00
3.506000e-05	8.287983e-02	3.600572e+00
3.507000e-05	-6.067654e-03	3.777945e+00
3.508000e-05	-4.298592e-02	3.905256e+00
3.509000e-05	3.860701e-02	4.051630e+00
3.510000e-05	-4.174532e-02	4.260679e+00
3.511000e-05	4.561747e-03	4.360496e+00
3.512000e-05	1.545555e-02	4.525389e+00
3.513000e-05	-1.328638e-02	4.674807e+00
3.514000e-05	1.608167e-02	4.821975e+00
3.515000e-05	5.043601e-03	5.040673e+00
3.516000e-05	-2.325760e-02	5.211019e+00
3.517000e-05	-1.774723e-02	5.357838e+00
3.518000e-05	1.744250e-02	5.443730e+00
3.519000e-05	1.751722e-02	5.588942e+00
3.520000e-05	-2.639087e-02	5.663083e+00
3.521000e-05	3.601053e-03	5.842196e+00
3.522000e-05	1.351696e-03	5.980526e+00
3.523000e-05	-7.884558e-03	6.094286e+00
3.524000e-05	-4.451389e-04	6.221525e+00
3.525000e-05	-1.113420e-02	6.325811e+00
3.526000e-05	2.175677e-02	6.388499e+00
3.527000e-05	-6.650807e-03	6.506837e+00
3.528000e-05	-1.866152e-02	6.716282e+00
3.529000e-05	2.380798e-03	6.770002e+00
3.530000e-05	8.871650e-03	6.883180e+00
3.531000e-05	-5.797185e-03	6.958468e+00
3.532000e-05	-1.509759e-02	7.043756e+00
3.533000e-05	1.176202e-02	7.208474e+00
3.534000e-05	4.548795e-03	7.221606e+00
3.535000e-05	-1.565713e-02	7.345971e+00
3.536000e-05	-7.466502e-03	7.533258e+00
3.537000e-05	6.194535e-03	7.620504e+00
3.538000e-05	1.605194e-03	7.682734e+00
3.539000e-05	-8.575279e-03	7.758421e+00
3.540000e-05	-3.106593e-03	7.893107e+00
3.541000e-05	1.920208e-03	7.968192e+00
3.542000e-05	-6.027114e-03	8.114160e+00
3.543000e-05	-4.414232e-03	8.177921e+00
3.544000e-05	1.332425e-04	8.201479e+00
3.545000e-05	-2.159763e-03	8.265256e+00
3.546000e-05	-4.963144e-03	8.357417e+00
3.547000e-05	-1.602986e-03	8.378502e+00
3.548000e-05	5.990748e-04	8.441578e+00
3.549000e-05	-4.500181e-03	8.453158e+00
3.550000e-05	-4.337446e-03	8.464715e+00
3.551000e-05	-1.261214e-03	8.487970e+00
3.552000e-05	-1.583909e-03	8.580023e+00
3.553000e-05	-1.484500e-03	8.603125e+00
3.554000e-05	-2.851607e-03	8.662709e+00
3.555000e-05	-3.679869e-03	8.644740e+00
3.556000e-05	-5.561856e-03	8.669340e+00
3.557000e-05	-8.199019e-04	8.767392e+00
3.558000e-05	2.801446e-04	8.749496e+00
3.559000e-05	-2.053206e-03	8.790471e+00
3.560000e-05	-3.838704e-03	8.799950e+00
3.561000e-05	-4.063864e-03	8.842153e+00
3.562000e-05	-2.273461e-03	8.842103e+00
3.563000e-05	-3.151270e-03	8.811604e+00
3.564000e-05	-2.779436e-03	8.851506e+00
3.565000e-05	-3.032075e-03	8.822656e+00
3.566000e-05	-2.896077e-03	8.853662e+00
3.567000e-05	-3.209216e-03	8.843157e+00
3.568000e-05	-1.941847e-03	8.852704e+00
3.569000e-05	-2.534100e-03	8.823155e+00
3.570000e-05	-2.632361e-03	8.831584e+00
3.571000e-05	-3.161951e-03	8.812532e+00
3.572000e-05	-3.560488e-03	8.820605e+00
3.573000e-05	-2.452556e-03	8.751548e+00
3.574000e-05	-3.714942e-03	8.790496e+00
3.575000e-05	-2.554538e-03	8.756396e+00
3.576000e-05	-3.579541e-03	8.715814e+00
3.577000e-05	-2.146279e-03	8.684291e+00
3.578000e-05	-2.381159e-03	8.652663e+00
3.579000e-05	-2.532087e-03	8.611582e+00
3.580000e-05	-2.976904e-03	8.568999e+00
3.581000e-05	-3.017525e-03	8.516818e+00
3.582000e-05	-3.150874e-03	8.505211e+00
3.583000e-05	-3.881744e-03	8.424131e+00
3.584000e-05	-2.667639e-03	8.349552e+00
3.585000e-05	-2.021847e-03	8.349846e+00
3.586000e-05	-2.776606e-03	8.265711e+00
3.587000e-05	-2.587081e-03	8.230982e+00
3.588000e-05	-2.934292e-03	8.116892e+00
3.589000e-05	-2.112751e-03	8.055791e+00
3.590000e-05	-3.855886e-03	7.990124e+00
3.591000e-05	-2.250913e-03	7.867942e+00
3.592000e-05	-4.066267e-03	7.824555e+00
3.593000e-05	-3.033188e-03	7.738920e+00
3.594000e-05	-4.391163e-03	7.693737e+00
3.595000e-05	-1.606655e-03	7.611104e+00
3.596000e-05	-4.206644e-03	7.436771e+00
3.597000e-05	-2.623621e-03	7.308930e+00
3.598000e-05	-4.047147e-03	7.264682e+00
3.599000e-05	-2.395342e-03	7.190475e+00
3.600000e-05	-4.157393e-03	7.055237e+00
3.601000e-05	-2.967582e-03	6.970926e+00
3.602000e-05	-3.576583e-03	6.864212e+00
3.603000e-05	-2.936605e-03	6.741579e+00
3.604000e-05	-3.699469e-03	6.647263e+00
3.605000e-05	-3.056932e-03	6.519373e+00
3.606000e-05	-3.232345e-03	6.402575e+00
3.607000e-05	-2.881958e-03	6.296769e+00
3.608000e-05	-3.281647e-03	6.162029e+00
3.609000e-05	-3.632319e-03	6.085770e+00
3.610000e-05	-3.277408e-03	5.981029e+00
3.611000e-05	-2.854974e-03	5.875665e+00
3.612000e-05	-2.908184e-03	5.695238e+00
3.613000e-05	-3.882345e-03	5.560499e+00
3.614000e-05	-3.204485e-03	5.422634e+00
3.615000e-05	-3.353472e-03	5.357791e+00
3.616000e-05	-2.803938e-03	5.170449e+00
3.617000e-05	-2.782311e-03	4.959024e+00
3.618000e-05	-2.719257e-03	4.780555e+00
3.619000e-05	-3.569768e-03	4.677241e+00
3.620000e-05	-3.594721e-03	4.516345e+00
3.621000e-05	-3.403409e-03	4.422106e+00
3.622000e-05	-3.184426e-03	4.305213e+00
3.623000e-05	-2.776424e-03	4.084270e+00
3.624000e-05	-3.892449e-03	3.958423e+00
3.625000e-05	-3.480925e-03	3.802608e+00
3.626000e-05	-2.609007e-03	3.664691e+00
3.627000e-05	-3.660987e-03	3.548973e+00
3.628000e-05	-3.892928e-03	3.332080e+00
3.629000e-05	-4.181926e-03	3.202556e+00
3.630000e-05	-3.239362e-03	3.053766e+00
3.631000e-05	-3.163634e-03	2.916343e+00
3.632000e-05	-3.891612e-03	2.809978e+00
3.633000e-05	-3.874237e-03	2.623160e+00
3.634000e-05	-2.774690e-03	2.443708e+00
3.635000e-05	-3.426437e-03	2.275638e+00
3.636000e-05	-3.419472e-03	2.107820e+00
3.637000e-05	-3.732398e-03	1.989504e+00
3.638000e-05	-4.004687e-03	1.812585e+00
3.639000e-05	-3.483262e-03	1.641637e+00
3.640000e-05	-2.648446e-03	1.466771e+00
3.641000e-05	-3.744734e-03	1.276846e+00
3.642000e-05	-4.175913e-03	1.148897e+00
3.643000e-05	-3.683265e-03	9.083198e-01
3.644000e-05	-3.302960e-03	7.494973e-01
3.645000e-05	-3.307134e-03	5.819840e-01
3.646000e-05	-3.406952e-03	4.236629e-01
3.647000e-05	-3.597173e-03	2.968159e-01
3.648000e-05	-4.010549e-03	5.534222e-02
3.649000e-05	4.662003e-05	-6.217770e-02
3.650000e-05	2.726526e-03	-2.389461e-01
3.651000e-05	-8.459187e-04	-3.558171e-01
3.652000e-05	3.843528e-04	-5.431289e-01
3.653000e-05	-2.399298e-03	-6.910490e-01
3.654000e-05	-1.186702e-03	-8.199961e-01
3.655000e-05	-2.659051e-03	-9.462883e-01
3.656000e-05	5.120795e-03	-1.112180e+00
3.657000e-05	4.428687e-02	-1.249526e+00
3.658000e-05	4.938214e-02	-1.470626e+00
3.659000e-05	-5.783683e-02	-1.735259e+00
3.660000e-05	-2.978599e-02	-1.946837e+00
3.661000e-05	-1.057953e-01	-2.061554e+00
3.662000e-05	8.562578e-02	-2.062183e+00
3.663000e-05	7.442790e-02	-2.164819e+00
3.664000e-05	-1.578410e-01	-2.442125e+00
3.665000e-05	9.000728e-02	-2.607997e+00
3.666000e-05	5.307569e-02	-2.661707e+00
3.667000e-05	-1.753322e-01	-2.872599e+00
3.668000e-05	9.763419e-02	-3.052705e+00
3.669000e-05	5.714766e-02	-3.199522e+00
3.670000e-05	-1.319078e-01	-3.328916e+00
3.671000e-05	1.216003e-01	-3.483708e+00
3.672000e-05	-3.894728e-02	-3.609574e+00
3.673000e-05	-5.428280e-02	-3.837975e+00
3.674000e-05	9.230038e-02	-4.007921e+00
3.675000e-05	-1.048611e-01	-4.154887e+00
3.676000e-05	4.998939e-02	-4.294684e+00
3.677000e-05	4.681029e-02	-4.397394e+00
3.678000e-05	-9.895017e-02	-4.515860e+00
3.679000e-05	9.117411e-02	-4.683279e+00
3.680000e-05	-2.519038e-02	-4.850503e+00
3.681000e-05	-2.379063e-02	-4.998471e+00
3.682000e-05	1.043883e-02	-5.124290e+00
3.683000e-05	-3.253247e-02	-5.252734e+00
3.684000e-05	7.179367e-02	-5.480075e+00
3.685000e-05	-5.706241e-02	-5.587974e+00
3.686000e-05	1.152739e-02	-5.725363e+00
3.687000e-05	3.669080e-02	-5.830600e+00
3.688000e-05	-5.912588e-02	-5.987466e+00
3.689000e-05	2.483730e-02	-6.041032e+00
3.690000e-05	-2.591859e-02	-6.146367e+00
3.691000e-05	4.881670e-02	-6.305838e+00
3.692000e-05	-5.182649e-03	-6.431104e+00
3.693000e-05	-6.126956e-02	-6.556941e+00
3.694000e-05	4.610441e-02	-6.662653e+00
3.695000e-05	-9.235061e-03	-6.756940e+00
3.696000e-05	-9.122739e-04	-6.821029e+00
3.697000e-05	-2.127684e-02	-6.915937e+00
3.698000e-05	1.263331e-02	-7.123359e+00
3.699000e-05	2.464176e-02	-7.221526e+00
3.700000e-05	-4.506578e-02	-7.292184e+00
3.701000e-05	1.170448e-02	-7.388025e+00
3.702000e-05	5.320739e-03	-7.433631e+00
3.703000e-05	1.219888e-03	-7.554915e+00
3.704000e-05	-1.715679e-02	-7.671682e+00
3.705000e-05	-3.251681e-03	-7.756943e+00
3.706000e-05	2.182895e-02	-7.854807e+00
3.707000e-05	-1.918694e-02	-7.939024e+00
3.708000e-05	-4.953727e-03	-8.040180e+00
3.709000e-05	9.040104e-04	-8.105238e+00
3.710000e-05	5.863138e-03	-8.176997e+00
3.711000e-05	-5.837970e-03	-8.252103e+00
3.712000e-05	-6.725192e-03	-8.304311e+00
3.713000e-05	5.164801e-03	-8.358443e+00
3.714000e-05	-9.301107e-03	-8.410524e+00
3.715000e-05	-2.574177e-03	-8.433150e+00
3.716000e-05	4.293654e-04	-8.463633e+00
3.717000e-05	9.431489e-04	-8.537365e+00
3.718000e-05	-2.104511e-03	-8.556566e+00
3.719000e-05	-3.039821e-03	-8.632678e+00
3.720000e-05	-2.591631e-03	-8.694758e+00
3.721000e-05	-5.707695e-03	-8.697839e+00
3.722000e-05	-2.426548e-03	-8.699495e+00
3.723000e-05	-1.683033e-03	-8.779470e+00
3.724000e-05	-3.762548e-03	-8.840999e+00
3.725000e-05	-5.078139e-03	-8.841603e+00
3.726000e-05	-3.217601e-04	-8.842629e+00
3.727000e-05	-1.862872e-03	-8.861653e+00
3.728000e-05	-6.345098e-03	-8.832659e+00
3.729000e-05	-4.305391e-03	-8.833182e+00
3.730000e-05	-9.604776e-04	-8.893760e+00
3.731000e-05	-1.987920e-03	-8.863584e+00
3.732000e-05	-4.894218e-03	-8.874232e+00
3.733000e-05	-4.051416e-03	-8.853262e+00
3.734000e-05	-3.359605e-03	-8.893111e+00
3.735000e-05	-3.743178e-03	-8.873712e+00
3.736000e-05	-4.462259e-03	-8.863709e+00
3.737000e-05	-2.081708e-03	-8.842154e+00
3.738000e-05	-2.695088e-03	-8.821128e+00
3.739000e-05	-2.833153e-03	-8.821078e+00
3.740000e-05	-3.764695e-03	-8.761000e+00
3.741000e-05	-3.729315e-03	-8.778951e+00
3.742000e-05	-2.624859e-03	-8.705871e+00
3.743000e-05	-2.943673e-03	-8.715841e+00
3.744000e-05	-3.617640e-03	-8.641832e+00
3.745000e-05	-3.220630e-03	-8.591507e+00
3.746000e-05	-3.489320e-03	-8.556000e+00
3.747000e-05	-4.064465e-03	-8.513162e+00
3.748000e-05	-3.999958e-03	-8.421129e+00
3.749000e-05	-2.885708e-03	-8.377949e+00
3.750000e-05	-2.374886e-03	-8.336916e+00
3.751000e-05	-2.955639e-03	-8.283211e+00
3.752000e-05	-4.099361e-03	-8.222127e+00
3.753000e-05	-3.562695e-03	-8.156945e+00
3.754000e-05	-4.473505e-03	-8.116765e+00
3.755000e-05	-4.296047e-03	-8.052108e+00
3.756000e-05	-2.803398e-03	-7.988075e+00
3.757000e-05	-3.182684e-03	-7.887316e+00
3.758000e-05	-3.825292e-03	-7.768457e+00
3.759000e-05	-4.349376e-03	-7.714682e+00
3.760000e-05	-3.119120e-03	-7.570524e+00
3.761000e-05	-4.830264e-03	-7.513212e+00
3.762000e-05	-3.905059e-03	-7.410100e+00
3.763000e-05	-3.087908e-03	-7.285766e+00
3.764000e-05	-3.283855e-03	-7.223077e+00
3.765000e-05	-4.682260e-03	-7.147974e+00
3.766000e-05	-3.828252e-03	-7.060641e+00
3.767000e-05	-3.115664e-03	-6.933822e+00
3.768000e-05	-3.329464e-03	-6.822077e+00
3.769000e-05	-3.700753e-03	-6.726317e+00
3.770000e-05	-3.508675e-03	-6.620075e+00
3.771000e-05	-3.063882e-03	-6.516692e+00
3.772000e-05	-3.415446e-03	-6.401600e+00
3.773000e-05	-3.589241e-03	-6.286791e+00
3.774000e-05	-4.179137e-03	-6.106397e+00
3.775000e-05	-4.178458e-03	-6.001603e+00
3.776000e-05	-4.244188e-03	-5.905820e+00
3.777000e-05	-2.542525e-03	-5.809528e+00
3.778000e-05	-3.513658e-03	-5.665638e+00
3.779000e-05	-5.039528e-03	-5.498949e+00
3.780000e-05	-4.232066e-03	-5.371450e+00
3.781000e-05	-3.424228e-03	-5.211078e+00
3.782000e-05	-3.598507e-03	-5.043636e+00
3.783000e-05	-5.227249e-03	-4.928346e+00
3.784000e-05	-4.111503e-03	-4.706297e+00
3.785000e-05	-4.996791e-03	-4.549926e+00
3.786000e-05	-3.949662e-03	-4.484184e+00
3.787000e-05	-4.071036e-03	-4.358925e+00
3.788000e-05	-2.930725e-03	-4.262160e+00
3.789000e-05	-5.266231e-03	-4.095764e+00
3.790000e-05	-4.409137e-03	-3.969450e+00
3.791000e-05	-4.810161e-03	-3.821503e+00
3.792000e-05	-3.173760e-03	-3.622030e+00
3.793000e-05	-3.490692e-03	-3.504187e+00
3.794000e-05	-4.427691e-03	-3.349398e+00
3.795000e-05	-4.411274e-03	-3.220030e+00
3.796000e-05	-3.488034e-03	-3.033114e+00
3.797000e-05	-3.640426e-03	-2.894782e+00
3.798000e-05	-4.199534e-03	-2.707848e+00
3.799000e-05	-5.558817e-03	-2.559398e+00
3.800000e-05	-4.594761e-03	-2.422030e+00
3.801000e-05	-4.701123e-03	-2.256212e+00
3.802000e-05	-3.262021e-03	-2.084163e+00
3.803000e-05	-4.531316e-03	-1.916820e+00
3.804000e-05	-3.560169e-03	-1.778949e+00
3.805000e-05	-5.047357e-03	-1.631633e+00
3.806000e-05	-3.763119e-03	-1.445084e+00
3.807000e-05	-4.958977e-03	-1.272056e+00
3.808000e-05	-4.114960e-03	-1.042662e+00
3.809000e-05	-4.342203e-03	-9.157897e-01
3.810000e-05	-4.683419e-03	-7.502964e-01
3.811000e-05	-4.878670e-03	-5.775247e-01
3.812000e-05	-4.204674e-03	-4.305514e-01
3.813000e-05	-4.510290e-03	-2.626091e-01
3.814000e-05	-3.948301e-03	-9.571573e-02
3.815000e-05	-8.602318e-04	5.260250e-02
3.816000e-05	1.974511e-03	2.511013e-01
3.817000e-05	-2.347753e-03	3.899498e-01
3.818000e-05	1.088591e-03	5.158144e-01
3.819000e-05	-3.688982e-03	6.840793e-01
3.820000e-05	-2.320201e-03	7.901198e-01
3.821000e-05	-3.599953e-03	1.008392e+00
3.822000e-05	4.036434e-03	1.197467e+00
3.823000e-05	2.431076e-02	1.335842e+00
3.824000e-05	5.794998e-02	1.557332e+00
3.825000e-05	-2.421041e-02	1.799437e+00
3.826000e-05	-4.134926e-02	1.944364e+00
3.827000e-05	-6.103748e-02	2.052180e+00
3.828000e-05	-5.409984e-02	2.147946e+00
3.829000e-05	1.219626e-01	2.272162e+00
3.830000e-05	-6.523336e-03	2.431076e+00
3.831000e-05	-1.100584e-01	2.536816e+00
3.832000e-05	1.333704e-01	2.746312e+00
3.833000e-05	-5.910593e-02	2.915713e+00
3.834000e-05	-7.069373e-02	3.071706e+00
3.835000e-05	1.148185e-01	3.167917e+00
3.836000e-05	-4.702172e-02	3.348342e+00
3.837000e-05	-5.158636e-02	3.534858e+00
3.838000e-05	8.977901e-02	3.661105e+00
3.839000e-05	-5.380310e-02	3.820075e+00
3.840000e-05	2.200727e-04	3.947421e+00
3.841000e-05	1.718999e-02	4.084213e+00
3.842000e-05	-4.016995e-02	4.254257e+00
3.843000e-05	2.490198e-02	4.451076e+00
3.844000e-05	-4.760073e-03	4.569467e+00
3.845000e-05	-4.970297e-03	4.715816e+00
3.846000e-05	1.954872e-02	4.852105e+00
3.847000e-05	-8.229626e-03	5.123680e+00
3.848000e-05	-2.348856e-02	5.251628e+00
3.849000e-05	-9.856548e-03	5.387467e+00
3.850000e-05	2.894088e-02	5.513865e+00
3.851000e-05	-3.801927e-03	5.590124e+00
3.852000e-05	-1.983809e-02	5.724787e+00
3.853000e-05	8.115740e-03	5.926890e+00
3.854000e-05	-5.556997e-03	6.001578e+00
3.855000e-05	-3.106905e-03	6.116369e+00
3.856000e-05	-6.586994e-03	6.242578e+00
3.857000e-05	1.047763e-05	6.369394e+00
3.858000e-05	1.850438e-02	6.423580e+00
3.859000e-05	-1.754224e-02	6.605923e+00
3.860000e-05	-1.347179e-02	6.737917e+00
3.861000e-05	8.020358e-03	6.832053e+00
3.862000e-05	4.848946e-03	6.943712e+00
3.863000e-05	-9.834618e-03	7.010947e+00
3.864000e-05	-9.469242e-03	7.135309e+00
3.865000e-05	1.593723e-02	7.189999e+00
3.866000e-05	-5.870667e-03	7.253713e+00
3.867000e-05	-1.364769e-02	7.459371e+00
3.868000e-05	-1.937337e-03	7.578442e+00
3.869000e-05	6.318762e-03	7.661106e+00
3.870000e-05	-2.828969e-03	7.715316e+00
3.871000e-05	-9.770107e-03	7.790603e+00
3.872000e-05	2.553075e-03	7.915315e+00
3.873000e-05	-9.160418e-04	8.011004e+00
3.874000e-05	-6.276331e-03	8.083743e+00
3.875000e-05	-3.714313e-03	8.158893e+00
3.876000e-05	1.007605e-03	8.231526e+00
3.877000e-05	-2.495463e-03	8.345264e+00
3.878000e-05	-5.122719e-03	8.376769e+00
3.879000e-05	5.556142e-04	8.370573e+00
3.880000e-05	-1.520352e-03	8.432107e+00
3.881000e-05	-4.855624e-03	8.453736e+00
3.882000e-05	-3.344315e-03	8.515866e+00
3.883000e-05	3.513381e-04	8.556473e+00
3.884000e-05	-1.767481e-03	8.600579e+00
3.885000e-05	-2.011255e-03	8.671657e+00
3.886000e-05	-3.403913e-03	8.653133e+00
3.887000e-05	-4.162835e-03	8.724291e+00
3.888000e-05	-3.014797e-03	8.736242e+00
3.889000e-05	-9.502137e-04	8.747395e+00
3.890000e-05	-7.331088e-04	8.789472e+00
3.891000e-05	-4.730613e-03	8.800549e+00
3.892000e-05	-4.515790e-03	8.789549e+00
3.893000e-05	-2.123362e-03	8.820576e+00
3.894000e-05	-1.909879e-03	8.834083e+00
3.895000e-05	-4.359437e-03	8.824107e+00
3.896000e-05	-2.722100e-03	8.842633e+00
3.897000e-05	-3.071910e-03	8.843157e+00
3.898000e-05	-2.934106e-03	8.823137e+00
3.899000e-05	-2.800162e-03	8.842658e+00
3.900000e-05	-2.562504e-03	8.832629e+00
3.901000e-05	-2.723684e-03	8.822682e+00
3.902000e-05	-3.252011e-03	8.832155e+00
3.903000e-05	-3.347352e-03	8.801552e+00
3.904000e-05	-3.221941e-03	8.790125e+00
3.905000e-05	-3.152094e-03	8.821497e+00
3.906000e-05	-3.679709e-03	8.747471e+00
3.907000e-05	-3.273128e-03	8.716870e+00
3.908000e-05	-3.078616e-03	8.705795e+00
3.909000e-05	-2.030558e-03	8.644717e+00
3.910000e-05	-2.970597e-03	8.622582e+00
3.911000e-05	-3.876806e-03	8.610531e+00
3.912000e-05	-3.038428e-03	8.549968e+00
3.913000e-05	-3.337049e-03	8.506819e+00
3.914000e-05	-3.128208e-03	8.454160e+00
3.915000e-05	-3.910410e-03	8.410078e+00
3.916000e-05	-2.840342e-03	8.400528e+00
3.917000e-05	-2.551069e-03	8.327344e+00
3.918000e-05	-2.977688e-03	8.264141e+00
3.919000e-05	-2.969903e-03	8.179372e+00
3.920000e-05	-3.642751e-03	8.047418e+00
3.921000e-05	-2.724537e-03	8.032588e+00
3.922000e-05	-3.794452e-03	7.966526e+00
3.923000e-05	-2.421915e-03	7.886113e+00
3.924000e-05	-4.130720e-03	7.782604e+00
3.925000e-05	-3.254926e-03	7.739843e+00
3.926000e-05	-2.667162e-03	7.643180e+00
3.927000e-05	-2.696915e-03	7.549476e+00
3.928000e-05	-3.524663e-03	7.393112e+00
3.929000e-05	-3.770839e-03	7.315948e+00
3.930000e-05	-2.688320e-03	7.202588e+00
3.931000e-05	-3.348100e-03	7.137469e+00
3.932000e-05	-4.070538e-03	7.032655e+00
3.933000e-05	-3.852275e-03	6.928849e+00
3.934000e-05	-2.046400e-03	6.842112e+00
3.935000e-05	-3.169862e-03	6.738997e+00
3.936000e-05	-2.944147e-03	6.633165e+00
3.937000e-05	-3.748334e-03	6.477765e+00
3.938000e-05	-3.139815e-03	6.362425e+00
3.939000e-05	-3.695705e-03	6.265713e+00
3.940000e-05	-2.077230e-03	6.158975e+00
3.941000e-05	-3.364335e-03	6.062638e+00
3.942000e-05	-3.599673e-03	5.958972e+00
3.943000e-05	-4.261228e-03	5.783610e+00
3.944000e-05	-2.697084e-03	5.623737e+00
3.945000e-05	-2.931624e-03	5.497817e+00
3.946000e-05	-3.100727e-03	5.381105e+00
3.947000e-05	-3.406944e-03	5.213161e+00
3.948000e-05	-3.445105e-03	5.056842e+00
3.949000e-05	-3.072100e-03	4.905269e+00
3.950000e-05	-3.081721e-03	4.747899e+00
3.951000e-05	-3.256999e-03	4.621084e+00
3.952000e-05	-3.735217e-03	4.506216e+00
3.953000e-05	-3.573941e-03	4.380503e+00
3.954000e-05	-3.656436e-03	4.214609e+00
3.955000e-05	-3.522247e-03	4.015609e+00
3.956000e-05	-3.818376e-03	3.894270e+00
3.957000e-05	-3.914937e-03	3.770504e+00
3.958000e-05	-3.878399e-03	3.630588e+00
3.959000e-05	-2.693943e-03	3.455243e+00
3.960000e-05	-3.080212e-03	3.316841e+00
3.961000e-05	-3.883000e-03	3.188424e+00
3.962000e-05	-4.064139e-03	3.021158e+00
3.963000e-05	-4.186913e-03	2.854211e+00
3.964000e-05	-3.012153e-03	2.778400e+00
3.965000e-05	-3.258181e-03	2.548821e+00
3.966000e-05	-3.730684e-03	2.348000e+00
3.967000e-05	-3.798698e-03	2.202135e+00
3.968000e-05	-3.035415e-03	2.065188e+00
3.969000e-05	-3.127960e-03	1.928347e+00
3.970000e-05	-3.895387e-03	1.750429e+00
3.971000e-05	-3.780179e-03	1.579499e+00
3.972000e-05	-3.528438e-03	1.411063e+00
3.973000e-05	-3.596961e-03	1.273660e+00
3.974000e-05	-3.588447e-03	1.053638e+00
3.975000e-05	-3.754423e-03	8.546656e-01
3.976000e-05	-2.993700e-03	6.674146e-01
3.977000e-05	-3.927459e-03	5.288199e-01
3.978000e-05	-3.993345e-03	4.109802e-01
3.979000e-05	-3.219582e-03	2.231303e-01
3.980000e-05	-2.068242e-03	4.355796e-02
3.981000e-05	1.932752e-03	-1.132356e-01
3.982000e-05	1.856326e-03	-2.725564e-01
3.983000e-05	-1.967849e-03	-4.279447e-01
3.984000e-05	2.056945e-04	-5.458145e-01
3.985000e-05	-2.620465e-03	-7.657881e-01
3.986000e-05	-1.505523e-03	-8.516288e-01
3.987000e-05	-8.997371e-04	-1.027472e+00
3.988000e-05	1.249577e-02	-1.125312e+00
3.989000e-05	6.963657e-02	-1.313229e+00
3.990000e-05	5.002103e-04	-1.564836e+00
3.991000e-05	-4.860200e-02	-1.807497e+00
3.992000e-05	-5.505760e-02	-1.998018e+00
3.993000e-05	-7.445868e-02	-2.102135e+00
3.994000e-05	1.405507e-01	-2.081632e+00
3.995000e-05	-2.380115e-02	-2.271075e+00
3.996000e-05	-1.211785e-01	-2.525287e+00
3.997000e-05	1.541026e-01	-2.610000e+00
3.998000e-05	-6.901092e-02	-2.733786e+00
3.999000e-05	-1.155681e-01	-2.964990e+00
4.000000e-05	1.515768e-01	-3.104314e+00
4.001000e-05	-5.566438e-02	-3.251576e+00
4.002000e-05	-5.471477e-02	-3.458025e+00
4.003000e-05	1.310280e-01	-3.504812e+00
4.004000e-05	-1.136597e-01	-3.743258e+00
4.005000e-05	3.716852e-02	-3.933257e+00
4.006000e-05	2.527000e-02	-4.049601e+00
4.007000e-05	-9.424515e-02	-4.227551e+00
4.008000e-05	1.075696e-01	-4.324315e+00
4.009000e-05	-4.388104e-02	-4.419524e+00
4.010000e-05	-3.171826e-02	-4.648471e+00
4.011000e-05	8.587369e-02	-4.755415e+00
4.012000e-05	-6.265173e-02	-4.944783e+00
4.013000e-05	1.418089e-02	-5.061601e+00
4.014000e-05	-2.340479e-02	-5.148867e+00
4.015000e-05	6.884881e-03	-5.355766e+00
4.016000e-05	4.376903e-02	-5.535330e+00
4.017000e-05	-7.164549e-02	-5.661551e+00
4.018000e-05	5.873826e-02	-5.748042e+00
4.019000e-05	-1.411756e-02	-5.892680e+00
4.020000e-05	-3.219136e-02	-5.988470e+00
4.021000e-05	1.746888e-02	-6.091608e+00
4.022000e-05	-1.972434e-02	-6.240700e+00
4.023000e-05	6.437435e-02	-6.397999e+00
4.024000e-05	-5.608453e-02	-6.472707e+00
4.025000e-05	-1.754689e-02	-6.599472e+00
4.026000e-05	3.796695e-02	-6.682658e+00
4.027000e-05	-1.736238e-02	-6.788972e+00
4.028000e-05	4.849268e-03	-6.853605e+00
4.029000e-05	-2.709313e-02	-7.028970e+00
4.030000e-05	3.701613e-02	-7.186893e+00
4.031000e-05	-1.045696e-02	-7.220578e+00
4.032000e-05	-3.007939e-02	-7.315819e+00
4.033000e-05	1.853642e-02	-7.398449e+00
4.034000e-05	-1.098767e-03	-7.485289e+00
4.035000e-05	8.590286e-04	-7.598497e+00
4.036000e-05	-2.284438e-02	-7.731213e+00
4.037000e-05	1.487156e-02	-7.872101e+00
4.038000e-05	6.917135e-03	-7.933889e+00
4.039000e-05	-1.786383e-02	-7.981050e+00
4.040000e-05	-6.068460e-04	-8.062658e+00
4.041000e-05	1.035765e-03	-8.105412e+00
4.042000e-05	3.654851e-03	-8.190547e+00
4.043000e-05	-9.664300e-03	-8.281733e+00
4.044000e-05	8.594355e-04	-8.325840e+00
4.045000e-05	1.261783e-03	-8.378998e+00
4.046000e-05	-9.613902e-03	-8.400001e+00
4.047000e-05	-1.205071e-03	-8.431582e+00
4.048000e-05	-7.877469e-04	-8.505186e+00
4.049000e-05	8.953741e-04	-8.527418e+00
4.050000e-05	-3.803345e-03	-8.580623e+00
4.051000e-05	-2.632875e-03	-8.673206e+00
4.052000e-05	-2.889084e-03	-8.704841e+00
4.053000e-05	-4.509161e-03	-8.757992e+00
4.054000e-05	-1.436545e-03	-8.777000e+00
4.055000e-05	-3.154384e-03	-8.798553e+00
4.056000e-05	-4.831068e-03	-8.811527e+00
4.057000e-05	-3.189656e-03	-8.831629e+00
4.058000e-05	-7.144373e-05	-8.842132e+00
4.059000e-05	-3.159301e-03	-8.863209e+00
4.060000e-05	-5.636812e-03	-8.873208e+00
4.061000e-05	-2.155910e-03	-8.901659e+00
4.062000e-05	-8.337973e-04	-8.874263e+00
4.063000e-05	-3.708025e-03	-8.864264e+00
4.064000e-05	-4.484823e-03	-8.884238e+00
4.065000e-05	-2.752632e-03	-8.903233e+00
4.066000e-05	-3.182814e-03	-8.874236e+00
4.067000e-05	-3.846367e-03	-8.862635e+00
4.068000e-05	-2.443739e-03	-8.842661e+00
4.069000e-05	-2.299888e-03	-8.822157e+00
4.070000e-05	-3.855801e-03	-8.812580e+00
4.071000e-05	-4.196630e-03	-8.812026e+00
4.072000e-05	-3.584742e-03	-8.809575e+00
4.073000e-05	-2.131114e-03	-8.767473e+00
4.074000e-05	-3.266837e-03	-8.725894e+00
4.075000e-05	-3.353538e-03	-8.673262e+00
4.076000e-05	-3.330011e-03	-8.584087e+00
4.077000e-05	-2.247849e-03	-8.607978e+00
4.078000e-05	-3.565668e-03	-8.526791e+00
4.079000e-05	-2.875020e-03	-8.471762e+00
4.080000e-05	-3.748957e-03	-8.421577e+00
4.081000e-05	-2.878714e-03	-8.388972e+00
4.082000e-05	-3.504689e-03	-8.336892e+00
4.083000e-05	-4.376906e-03	-8.282184e+00
4.084000e-05	-3.799499e-03	-8.210026e+00
4.085000e-05	-4.215507e-03	-8.136867e+00
4.086000e-05	-4.805519e-03	-8.094213e+00
4.087000e-05	-2.821420e-03	-8.039556e+00
4.088000e-05	-3.353757e-03	-7.986949e+00
4.089000e-05	-2.714558e-03	-7.884790e+00
4.090000e-05	-4.795800e-03	-7.758049e+00
4.091000e-05	-4.004838e-03	-7.641628e+00
4.092000e-05	-3.182868e-03	-7.557947e+00
4.093000e-05	-5.616944e-03	-7.453739e+00
4.094000e-05	-3.885500e-03	-7.399498e+00
4.095000e-05	-5.156821e-03	-7.294211e+00
4.096000e-05	-3.274872e-03	-7.211127e+00
4.097000e-05	-4.220927e-03	-7.144944e+00
4.098000e-05	-2.204123e-03	-6.988957e+00
4.099000e-05	-2.077318e-03	-6.884291e+00
4.100000e-05	-5.411148e-03	-6.779027e+00
4.101000e-05	-5.008810e-03	-6.664238e+00
4.102000e-05	-4.552912e-03	-6.578573e+00
4.103000e-05	-3.200411e-03	-6.453741e+00
4.104000e-05	-3.536351e-03	-6.349525e+00
4.105000e-05	-3.280123e-03	-6.251212e+00
4.106000e-05	-2.557255e-03	-6.074317e+00
4.107000e-05	-4.407001e-03	-5.978974e+00
4.108000e-05	-5.541514e-03	-5.872214e+00
4.109000e-05	-3.689251e-03	-5.739372e+00
4.110000e-05	-4.097646e-03	-5.601105e+00
4.111000e-05	-4.136113e-03	-5.494715e+00
4.112000e-05	-3.816088e-03	-5.325287e+00
4.113000e-05	-3.678670e-03	-5.137499e+00
4.114000e-05	-4.636214e-03	-5.020109e+00
4.115000e-05	-5.146595e-03	-4.823165e+00
4.116000e-05	-4.693014e-03	-4.683296e+00
4.117000e-05	-5.283587e-03	-4.517371e+00
4.118000e-05	-3.986519e-03	-4.442607e+00
4.119000e-05	-4.447380e-03	-4.316295e+00
4.120000e-05	-4.004312e-03	-4.191057e+00
4.121000e-05	-5.156814e-03	-4.062686e+00
4.122000e-05	-3.164918e-03	-3.947872e+00
4.123000e-05	-5.108630e-03	-3.719470e+00
4.124000e-05	-3.663535e-03	-3.580074e+00
4.125000e-05	-5.040665e-03	-3.452530e+00
4.126000e-05	-4.294809e-03	-3.285188e+00
4.127000e-05	-4.621026e-03	-3.158422e+00
4.128000e-05	-3.763979e-03	-2.989030e+00
4.129000e-05	-4.410638e-03	-2.821105e+00
4.130000e-05	-4.516235e-03	-2.686185e+00
4.131000e-05	-4.762233e-03	-2.528396e+00
4.132000e-05	-4.656907e-03	-2.350000e+00
4.133000e-05	-4.820755e-03	-2.181004e+00
4.134000e-05	-3.575897e-03	-2.041057e+00
4.135000e-05	-3.756136e-03	-1.863736e+00
4.136000e-05	-4.017732e-03	-1.707343e+00
4.137000e-05	-4.597444e-03	-1.559525e+00
4.138000e-05	-4.061918e-03	-1.339951e+00
4.139000e-05	-3.858691e-03	-1.161022e+00
4.140000e-05	-4.147356e-03	-1.011529e+00
4.141000e-05	-4.454532e-03	-8.626605e-01
4.142000e-05	-5.458222e-03	-6.862409e-01
4.143000e-05	-4.756880e-03	-4.532147e-01
4.144000e-05	-4.290814e-03	-3.679473e-01
4.145000e-05	-4.923812e-03	-2.005513e-01
4.146000e-05	-3.073837e-03	-5.018284e-02
4.147000e-05	1.170439e-03	9.476290e-02
4.148000e-05	-6.463939e-05	3.457865e-01
4.149000e-05	-1.500845e-03	4.520564e-01
4.150000e-05	-9.394279e-04	5.879397e-01
4.151000e-05	-3.224244e-03	6.852881e-01
4.152000e-05	-3.121546e-03	8.730801e-01
4.153000e-05	-2.127145e-03	1.020078e+00
4.154000e-05	9.038357e-03	1.231550e+00
4.155000e-05	4.364498e-02	1.387470e+00
4.156000e-05	3.922474e-02	1.643100e+00
4.157000e-05	-4.443942e-02	1.823051e+00
4.158000e-05	-4.159567e-02	1.989447e+00
4.159000e-05	-7.712254e-02	2.144184e+00
4.160000e-05	2.782016e-03	2.180025e+00
4.161000e-05	1.270442e-01	2.365288e+00
4.162000e-05	-9.589971e-02	2.483611e+00
4.163000e-05	-9.429834e-03	2.581497e+00
4.164000e-05	1.071850e-01	2.799996e+00
4.165000e-05	-1.157864e-01	2.969396e+00
4.166000e-05	8.968758e-03	3.094662e+00
4.167000e-05	9.588817e-02	3.200045e+00
4.168000e-05	-1.057572e-01	3.402024e+00
4.169000e-05	2.978747e-02	3.578471e+00
4.170000e-05	4.359937e-02	3.705237e+00
4.171000e-05	-6.306466e-02	3.824105e+00
4.172000e-05	3.475134e-02	3.999997e+00
4.173000e-05	-1.891615e-02	4.228342e+00
4.174000e-05	-2.124479e-02	4.338841e+00
4.175000e-05	2.650474e-02	4.503184e+00
4.176000e-05	-1.354317e-02	4.642104e+00
4.177000e-05	9.275721e-03	4.758424e+00
4.178000e-05	1.384694e-02	4.946787e+00
4.179000e-05	-1.951216e-02	5.157945e+00
4.180000e-05	-2.042183e-02	5.304708e+00
4.181000e-05	3.288050e-03	5.440552e+00
4.182000e-05	2.911420e-02	5.536866e+00
4.183000e-05	-2.076676e-02	5.631554e+00
4.184000e-05	-6.688534e-03	5.829119e+00
4.185000e-05	4.038119e-03	5.959442e+00
4.186000e-05	-8.839678e-03	6.104084e+00
4.187000e-05	2.003036e-03	6.147921e+00
4.188000e-05	-1.211872e-02	6.313736e+00
4.189000e-05	1.395833e-02	6.349499e+00
4.190000e-05	6.385593e-03	6.493209e+00
4.191000e-05	-2.056444e-02	6.643200e+00
4.192000e-05	-4.682286e-03	6.780073e+00
4.193000e-05	1.008423e-02	6.813607e+00
4.194000e-05	-6.857683e-04	6.925767e+00
4.195000e-05	-1.480983e-02	7.010628e+00
4.196000e-05	1.868234e-03	7.147418e+00
4.197000e-05	1.265561e-02	7.221078e+00
4.198000e-05	-1.204820e-02	7.285262e+00
4.199000e-05	-1.094327e-02	7.462249e+00
4.200000e-05	3.449966e-03	7.561970e+00
4.201000e-05	4.040590e-03	7.652628e+00
4.202000e-05	-6.013547e-03	7.748320e+00
4.203000e-05	-7.373435e-03	7.843177e+00
4.204000e-05	4.355870e-03	7.958966e+00
4.205000e-05	-3.983256e-03	8.053608e+00
4.206000e-05	-4.282169e-03	8.156291e+00
4.207000e-05	-8.802965e-04	8.180098e+00
4.208000e-05	9.646729e-05	8.252780e+00
4.209000e-05	-3.465761e-03	8.305291e+00
4.210000e-05	-3.488680e-03	8.369970e+00
4.211000e-05	1.560852e-03	8.411079e+00
4.212000e-05	-4.936245e-03	8.421107e+00
4.213000e-05	-4.796542e-03	8.483236e+00
4.214000e-05	-1.347135e-03	8.535944e+00
4.215000e-05	7.956728e-04	8.559474e+00
4.216000e-05	-1.783920e-03	8.632154e+00
4.217000e-05	-2.512466e-03	8.623157e+00
4.218000e-05	-3.301944e-03	8.673232e+00
4.219000e-05	-5.585828e-03	8.696842e+00
4.220000e-05	-3.168965e-03	8.748496e+00
4.221000e-05	7.577270e-04	8.757973e+00
4.222000e-05	-1.565903e-03	8.760026e+00
4.223000e-05	-5.171854e-03	8.819026e+00
4.224000e-05	-3.783489e-03	8.811055e+00
4.225000e-05	-1.418652e-03	8.822706e+00
4.226000e-05	-2.106464e-03	8.822630e+00
4.227000e-05	-3.593732e-03	8.852605e+00
4.228000e-05	-3.337911e-03	8.822702e+00
4.229000e-05	-1.617638e-03	8.873134e+00
4.230000e-05	-2.982357e-03	8.832661e+00
4.231000e-05	-2.051073e-03	8.843110e+00
4.232000e-05	-2.145854e-03	8.841079e+00
4.233000e-05	-2.352652e-03	8.832158e+00
4.234000e-05	-4.120678e-03	8.812654e+00
4.235000e-05	-3.087805e-03	8.801553e+00
4.236000e-05	-1.936528e-03	8.802075e+00
4.237000e-05	-2.322832e-03	8.778421e+00
4.238000e-05	-2.378978e-03	8.756846e+00
4.239000e-05	-3.367929e-03	8.707346e+00
4.240000e-05	-2.050871e-03	8.735366e+00
4.241000e-05	-3.219561e-03	8.673685e+00
4.242000e-05	-2.744039e-03	8.622632e+00
4.243000e-05	-3.689132e-03	8.609952e+00
4.244000e-05	-2.762186e-03	8.488395e+00
4.245000e-05	-3.029373e-03	8.484290e+00
4.246000e-05	-3.253295e-03	8.442708e+00
4.247000e-05	-3.533102e-03	8.391527e+00
4.248000e-05	-3.134383e-03	8.379477e+00
4.249000e-05	-3.455740e-03	8.276291e+00
4.250000e-05	-3.647891e-03	8.203107e+00
4.251000e-05	-2.365011e-03	8.127420e+00
4.252000e-05	-2.728583e-03	8.076391e+00
4.253000e-05	-3.658709e-03	7.972055e+00
4.254000e-05	-3.394015e-03	7.936923e+00
4.255000e-05	-3.139387e-03	7.824807e+00
4.256000e-05	-2.546285e-03	7.769999e+00
4.257000e-05	-4.266750e-03	7.696291e+00
4.258000e-05	-1.156791e-03	7.631104e+00
4.259000e-05	-3.454971e-03	7.578923e+00
4.260000e-05	-2.149653e-03	7.392555e+00
4.261000e-05	-4.093854e-03	7.285264e+00
4.262000e-05	-2.625790e-03	7.200575e+00
4.263000e-05	-4.194249e-03	7.125820e+00
4.264000e-05	-2.566221e-03	6.990053e+00
4.265000e-05	-3.853868e-03	6.904768e+00
4.266000e-05	-2.612029e-03	6.830631e+00
4.267000e-05	-3.889434e-03	6.716844e+00
4.268000e-05	-3.278228e-03	6.611000e+00
4.269000e-05	-3.776875e-03	6.435685e+00
4.270000e-05	-3.223346e-03	6.338396e+00
4.271000e-05	-3.189448e-03	6.223132e+00
4.272000e-05	-2.770119e-03	6.108267e+00
4.273000e-05	-3.578374e-03	6.014083e+00
4.274000e-05	-3.854658e-03	5.906370e+00
4.275000e-05	-3.429149e-03	5.739321e+00
4.276000e-05	-2.309845e-03	5.591100e+00
4.277000e-05	-3.254171e-03	5.454188e+00
4.278000e-05	-3.439023e-03	5.328920e+00
4.279000e-05	-2.984186e-03	5.221607e+00
4.280000e-05	-1.956258e-03	5.030487e+00
4.281000e-05	-3.488912e-03	4.873138e+00
4.282000e-05	-3.754250e-03	4.736270e+00
4.283000e-05	-3.920666e-03	4.550023e+00
4.284000e-05	-2.772881e-03	4.435159e+00
4.285000e-05	-4.593447e-03	4.317422e+00
4.286000e-05	-2.948167e-03	4.119375e+00
4.287000e-05	-3.634990e-03	3.990550e+00
4.288000e-05	-2.703669e-03	3.823663e+00
4.289000e-05	-4.262494e-03	3.747267e+00
4.290000e-05	-3.262084e-03	3.581049e+00
4.291000e-05	-3.488056e-03	3.433609e+00
4.292000e-05	-3.411361e-03	3.251683e+00
4.293000e-05	-3.991954e-03	3.077892e+00
4.294000e-05	-3.489722e-03	2.940399e+00
4.295000e-05	-3.152166e-03	2.783108e+00
4.296000e-05	-2.991440e-03	2.676220e+00
4.297000e-05	-3.877143e-03	2.465221e+00
4.298000e-05	-3.680882e-03	2.297844e+00
4.299000e-05	-3.563522e-03	2.129553e+00
4.300000e-05	-2.907243e-03	2.052160e+00
4.301000e-05	-3.282254e-03	1.886263e+00
4.302000e-05	-3.890966e-03	1.687270e+00
4.303000e-05	-3.804236e-03	1.516921e+00
4.304000e-05	-3.488173e-03	1.309849e+00
4.305000e-05	-3.563723e-03	1.172029e+00
4.306000e-05	-3.382144e-03	9.498836e-01
4.307000e-05	-3.494166e-03	7.910566e-01
4.308000e-05	-3.314746e-03	6.526905e-01
4.309000e-05	-4.583950e-03	4.762371e-01
4.310000e-05	-3.728484e-03	3.088725e-01
4.311000e-05	-3.673424e-03	1.079237e-01
4.312000e-05	-9.547424e-04	-3.854863e-02
4.313000e-05	2.089956e-03	-1.463920e-01
4.314000e-05	-1.330330e-04	-3.146867e-01
4.315000e-05	-2.462467e-04	-4.600498e-01
4.316000e-05	-1.159422e-03	-6.579936e-01
4.317000e-05	-1.701031e-03	-8.089672e-01
4.318000e-05	-2.214385e-03	-8.947607e-01
4.319000e-05	1.920922e-03	-1.041600e+00
4.320000e-05	2.603192e-02	-1.178918e+00
4.321000e-05	7.283133e-02	-1.415892e+00
4.322000e-05	-4.183214e-02	-1.651630e+00
4.323000e-05	-3.117483e-02	-1.882730e+00
4.324000e-05	-9.064401e-02	-2.040075e+00
4.325000e-05	7.514069e-03	-2.083154e+00
4.326000e-05	1.296531e-01	-2.124314e+00
4.327000e-05	-1.184135e-01	-2.406933e+00
4.328000e-05	-1.478142e-03	-2.578020e+00
4.329000e-05	1.434119e-01	-2.619548e+00
4.330000e-05	-1.472918e-01	-2.827992e+00
4.331000e-05	5.311828e-03	-3.049574e+00
4.332000e-05	1.286850e-01	-3.167366e+00
4.333000e-05	-1.283201e-01	-3.303709e+00
4.334000e-05	5.248423e-02	-3.481729e+00
4.335000e-05	5.136588e-02	-3.587419e+00
4.336000e-05	-1.127957e-01	-3.766868e+00
4.337000e-05	9.544943e-02	-3.968441e+00
4.338000e-05	-5.720803e-02	-4.083682e+00
4.339000e-05	-2.491255e-02	-4.242577e+00
4.340000e-05	9.989488e-02	-4.355869e+00
4.341000e-05	-1.033610e-01	-4.512655e+00
4.342000e-05	4.716338e-02	-4.661655e+00
4.343000e-05	3.267337e-02	-4.788995e+00
4.344000e-05	-5.519727e-02	-4.967893e+00
4.345000e-05	2.649254e-02	-5.084184e+00
4.346000e-05	-4.236047e-02	-5.250499e+00
4.347000e-05	5.274446e-02	-5.428118e+00
4.348000e-05	-1.285509e-02	-5.566391e+00
4.349000e-05	-3.934634e-02	-5.693104e+00
4.350000e-05	6.468120e-02	-5.779523e+00
4.351000e-05	-5.149029e-02	-5.954791e+00
4.352000e-05	5.804078e-03	-6.030024e+00
4.353000e-05	-8.909707e-03	-6.094811e+00
4.354000e-05	1.338585e-02	-6.324307e+00
4.355000e-05	4.016476e-02	-6.430546e+00
4.356000e-05	-7.527513e-02	-6.532308e+00
4.357000e-05	2.620731e-02	-6.589602e+00
4.358000e-05	1.244759e-02	-6.755839e+00
4.359000e-05	-1.001621e-02	-6.800021e+00
4.360000e-05	-6.162975e-03	-6.883236e+00
4.361000e-05	-1.212153e-02	-7.093253e+00
4.362000e-05	4.096705e-02	-7.157470e+00
4.363000e-05	-3.806003e-02	-7.272107e+00
4.364000e-05	-5.617739e-03	-7.367391e+00
4.365000e-05	1.251219e-02	-7.430605e+00
4.366000e-05	-1.353166e-03	-7.527366e+00
4.367000e-05	-6.663709e-03	-7.640601e+00
4.368000e-05	-1.569421e-02	-7.753444e+00
4.369000e-05	2.476084e-02	-7.883285e+00
4.370000e-05	-1.121728e-02	-7.987942e+00
4.371000e-05	-1.078084e-02	-8.010551e+00
4.372000e-05	4.790628e-04	-8.083158e+00
4.373000e-05	2.870485e-03	-8.166447e+00
4.374000e-05	-8.838826e-04	-8.219075e+00
4.375000e-05	-1.039474e-02	-8.312782e+00
4.376000e-05	6.011480e-03	-8.375841e+00
4.377000e-05	-4.647177e-03	-8.399499e+00
4.378000e-05	-5.334950e-03	-8.420552e+00
4.379000e-05	-1.278534e-03	-8.482131e+00
4.380000e-05	-1.113943e-04	-8.553691e+00
4.381000e-05	-9.873000e-04	-8.536872e+00
4.382000e-05	-4.015493e-03	-8.681553e+00
4.383000e-05	-3.111057e-03	-8.673787e+00
4.384000e-05	-5.070897e-03	-8.736319e+00
4.385000e-05	-2.301375e-03	-8.777921e+00
4.386000e-05	-1.540526e-03	-8.788944e+00
4.387000e-05	-2.862247e-03	-8.821549e+00
4.388000e-05	-5.858910e-03	-8.820073e+00
4.389000e-05	-1.139598e-03	-8.842104e+00
4.390000e-05	-1.532034e-03	-8.843159e+00
4.391000e-05	-4.981152e-03	-8.833082e+00
4.392000e-05	-5.057037e-03	-8.851159e+00
4.393000e-05	3.124365e-05	-8.882736e+00
4.394000e-05	-1.987015e-03	-8.855737e+00
4.395000e-05	-4.568699e-03	-8.882713e+00
4.396000e-05	-3.700046e-03	-8.896262e+00
4.397000e-05	-2.969090e-03	-8.933784e+00
4.398000e-05	-2.633577e-03	-8.853162e+00
4.399000e-05	-4.389995e-03	-8.863682e+00
4.400000e-05	-2.015801e-03	-8.843103e+00
4.401000e-05	-2.186456e-03	-8.833579e+00
4.402000e-05	-4.084642e-03	-8.813103e+00
4.403000e-05	-4.206756e-03	-8.809103e+00
4.404000e-05	-3.648664e-03	-8.819972e+00
4.405000e-05	-1.934951e-03	-8.739423e+00
4.406000e-05	-3.150553e-03	-8.713390e+00
4.407000e-05	-3.704677e-03	-8.673312e+00
4.408000e-05	-3.230431e-03	-8.621052e+00
4.409000e-05	-2.862812e-03	-8.566425e+00
4.410000e-05	-3.897855e-03	-8.504762e+00
4.411000e-05	-4.580300e-03	-8.440630e+00
4.412000e-05	-3.729183e-03	-8.420500e+00
4.413000e-05	-3.182103e-03	-8.368448e+00
4.414000e-05	-3.912438e-03	-8.294741e+00
4.415000e-05	-4.039533e-03	-8.201184e+00
4.416000e-05	-3.667734e-03	-8.169021e+00
4.417000e-05	-3.078445e-03	-8.133793e+00
4.418000e-05	-3.362186e-03	-8.063708e+00
4.419000e-05	-4.009724e-03	-8.020530e+00
4.420000e-05	-3.520407e-03	-7.947371e+00
4.421000e-05	-4.850045e-03	-7.870560e+00
4.422000e-05	-3.864712e-03	-7.696394e+00
4.423000e-05	-4.452710e-03	-7.611529e+00
4.424000e-05	-3.900697e-03	-7.506870e+00
4.425000e-05	-3.905460e-03	-7.422657e+00
4.426000e-05	-3.600895e-03	-7.379374e+00
4.427000e-05	-3.644419e-03	-7.272658e+00
4.428000e-05	-3.865474e-03	-7.160528e+00
4.429000e-05	-3.720285e-03	-7.086687e+00
4.430000e-05	-3.159211e-03	-6.907926e+00
4.431000e-05	-4.238750e-03	-6.842212e+00
4.432000e-05	-4.008315e-03	-6.737896e+00
4.433000e-05	-3.204143e-03	-6.653182e+00
4.434000e-05	-3.593277e-03	-6.556894e+00
4.435000e-05	-4.625750e-03	-6.461607e+00
4.436000e-05	-4.138301e-03	-6.369971e+00
4.437000e-05	-3.478837e-03	-6.168454e+00
4.438000e-05	-3.999916e-03	-6.033607e+00
4.439000e-05	-4.631130e-03	-5.947274e+00
4.440000e-05	-2.869612e-03	-5.831030e+00
4.441000e-05	-4.454623e-03	-5.685742e+00
4.442000e-05	-5.211523e-03	-5.610500e+00
4.443000e-05	-5.476827e-03	-5.383636e+00
4.444000e-05	-2.829251e-03	-5.224659e+00
4.445000e-05	-3.999232e-03	-5.126767e+00
4.446000e-05	-4.817268e-03	-4.919503e+00
4.447000e-05	-4.201916e-03	-4.777001e+00
4.448000e-05	-4.280731e-03	-4.604627e+00
4.449000e-05	-4.201787e-03	-4.506268e+00
4.450000e-05	-4.607855e-03	-4.401052e+00
4.451000e-05	-3.813842e-03	-4.264242e+00
4.452000e-05	-4.510058e-03	-4.127872e+00
4.453000e-05	-4.376365e-03	-4.022053e+00
4.454000e-05	-3.826203e-03	-3.836713e+00
4.455000e-05	-3.335390e-03	-3.665242e+00
4.456000e-05	-3.863417e-03	-3.538398e+00
4.457000e-05	-5.621012e-03	-3.411008e+00
4.458000e-05	-3.624951e-03	-3.233637e+00
4.459000e-05	-3.613998e-03	-3.106318e+00
4.460000e-05	-3.285924e-03	-2.957863e+00
4.461000e-05	-4.099511e-03	-2.769425e+00
4.462000e-05	-4.909606e-03	-2.621029e+00
4.463000e-05	-4.920818e-03	-2.474637e+00
4.464000e-05	-5.652933e-03	-2.327819e+00
4.465000e-05	-3.360537e-03	-2.174918e+00
4.466000e-05	-4.911477e-03	-1.957976e+00
4.467000e-05	-3.699944e-03	-1.832077e+00
4.468000e-05	-4.402703e-03	-1.663637e+00
4.469000e-05	-3.010046e-03	-1.506842e+00
4.470000e-05	-3.290885e-03	-1.264190e+00
4.471000e-05	-2.539878e-03	-1.105870e+00
4.472000e-05	-6.008408e-03	-9.483210e-01
4.473000e-05	-4.613279e-03	-8.195276e-01
4.474000e-05	-6.569612e-03	-6.536581e-01
4.475000e-05	-3.849553e-03	-4.520054e-01
4.476000e-05	-5.488225e-03	-2.957894e-01
4.477000e-05	-4.619556e-03	-1.268198e-01
4.478000e-05	-1.625232e-03	1.946730e-02
4.479000e-05	3.183632e-03	1.484436e-01
4.480000e-05	-5.545601e-04	3.884434e-01
4.481000e-05	6.459680e-04	5.152104e-01
4.482000e-05	-2.245606e-03	6.204736e-01
4.483000e-05	-3.345692e-03	7.769184e-01
4.484000e-05	-5.484124e-03	8.942628e-01
4.485000e-05	2.704320e-04	1.105309e+00
4.486000e-05	1.525990e-02	1.303580e+00
4.487000e-05	5.869363e-02	1.463178e+00
4.488000e-05	5.596459e-03	1.741809e+00
4.489000e-05	-4.446692e-02	1.904762e+00
4.490000e-05	-4.660200e-02	2.031503e+00
4.491000e-05	-7.650285e-02	2.145866e+00
4.492000e-05	7.479778e-02	2.251580e+00
4.493000e-05	6.918032e-02	2.348468e+00
4.494000e-05	-1.360782e-01	2.553791e+00
4.495000e-05	8.804468e-02	2.653103e+00
4.496000e-05	2.098712e-02	2.874131e+00
4.497000e-05	-1.125798e-01	2.999999e+00
4.498000e-05	8.187444e-02	3.114360e+00
4.499000e-05	2.606978e-02	3.282630e+00
4.500000e-05	-1.009747e-01	3.463254e+00
4.501000e-05	8.467734e-02	3.620499e+00
4.502000e-05	-1.566254e-02	3.756416e+00
4.503000e-05	-3.711845e-02	3.914739e+00
4.504000e-05	3.562814e-02	4.052105e+00
4.505000e-05	-4.255946e-02	4.272028e+00
4.506000e-05	7.864321e-03	4.420001e+00
4.507000e-05	1.164617e-02	4.536866e+00
4.508000e-05	-1.229100e-02	4.663633e+00
4.509000e-05	1.651322e-02	4.841556e+00
4.510000e-05	2.727732e-03	5.049955e+00
4.511000e-05	-2.340845e-02	5.199473e+00
4.512000e-05	-1.543670e-02	5.347390e+00
4.513000e-05	1.790572e-02	5.443253e+00
4.514000e-05	1.338862e-02	5.597947e+00
4.515000e-05	-2.636012e-02	5.663085e+00
4.516000e-05	3.960657e-03	5.854729e+00
4.517000e-05	-2.041311e-05	5.969550e+00
4.518000e-05	-6.932081e-03	6.094709e+00
4.519000e-05	-1.135090e-03	6.180049e+00
4.520000e-05	-8.798186e-03	6.325911e+00
4.521000e-05	2.110295e-02	6.401003e+00
4.522000e-05	-8.667257e-03	6.535667e+00
4.523000e-05	-1.821511e-02	6.696808e+00
4.524000e-05	3.567501e-03	6.800451e+00
4.525000e-05	7.938079e-03	6.903633e+00
4.526000e-05	-5.866132e-03	6.960041e+00
4.527000e-05	-1.289942e-02	7.082759e+00
4.528000e-05	1.332656e-02	7.167970e+00
4.529000e-05	2.776075e-03	7.242678e+00
4.530000e-05	-1.548773e-02	7.356342e+00
4.531000e-05	-6.907990e-03	7.464258e+00
4.532000e-05	6.689330e-03	7.638554e+00
4.533000e-05	5.238404e-04	7.653284e+00
4.534000e-05	-9.082269e-03	7.759445e+00
4.535000e-05	-1.240359e-03	7.893738e+00
4.536000e-05	3.346736e-03	7.999425e+00
4.537000e-05	-5.676428e-03	8.033208e+00
4.538000e-05	-4.664361e-03	8.147967e+00
4.539000e-05	9.422029e-04	8.232551e+00
4.540000e-05	-1.569493e-03	8.243358e+00
4.541000e-05	-5.049042e-03	8.328347e+00
4.542000e-05	-1.273039e-03	8.409499e+00
4.543000e-05	4.943827e-04	8.422579e+00
4.544000e-05	-6.567725e-03	8.444710e+00
4.545000e-05	-4.997218e-03	8.442737e+00
4.546000e-05	-1.691568e-05	8.549496e+00
4.547000e-05	-5.042897e-05	8.600026e+00
4.548000e-05	-1.130977e-03	8.570052e+00
4.549000e-05	-2.904362e-03	8.664106e+00
4.550000e-05	-3.493128e-03	8.705261e+00
4.551000e-05	-5.305718e-03	8.706371e+00
4.552000e-05	-1.069891e-03	8.728369e+00
4.553000e-05	-7.052805e-04	8.776371e+00
4.554000e-05	-3.637805e-03	8.799002e+00
4.555000e-05	-4.666819e-03	8.820501e+00
4.556000e-05	-2.986852e-03	8.840604e+00
4.557000e-05	-8.887087e-04	8.830080e+00
4.558000e-05	-3.011495e-03	8.813108e+00
4.559000e-05	-3.330811e-03	8.832132e+00
4.560000e-05	-2.237535e-03	8.862057e+00
4.561000e-05	-2.236896e-03	8.841608e+00
4.562000e-05	-3.807584e-03	8.852584e+00
4.563000e-05	-3.426547e-03	8.852157e+00
4.564000e-05	-3.056213e-03	8.822159e+00
4.565000e-05	-3.862361e-03	8.821559e+00
4.566000e-05	-2.870535e-03	8.821080e+00
4.567000e-05	-3.221772e-03	8.810530e+00
4.568000e-05	-2.221579e-03	8.800001e+00
4.569000e-05	-3.392200e-03	8.748995e+00
4.570000e-05	-3.152383e-03	8.727345e+00
4.571000e-05	-3.655152e-03	8.706895e+00
4.572000e-05	-2.828667e-03	8.673660e+00
4.573000e-05	-4.057817e-03	8.634708e+00
4.574000e-05	-3.111885e-03	8.601099e+00
4.575000e-05	-3.352887e-03	8.559479e+00
4.576000e-05	-2.662289e-03	8.486845e+00
4.577000e-05	-3.754084e-03	8.474687e+00
4.578000e-05	-4.382733e-03	8.433682e+00
4.579000e-05	-2.402099e-03	8.390054e+00
4.580000e-05	-2.304605e-03	8.358373e+00
4.581000e-05	-2.870864e-03	8.222714e+00
4.582000e-05	-4.044772e-03	8.180451e+00
4.583000e-05	-3.512047e-03	8.118867e+00
4.584000e-05	-3.192806e-03	8.034733e+00
4.585000e-05	-3.975689e-03	7.960024e+00
4.586000e-05	-2.022858e-03	7.905821e+00
4.587000e-05	-4.258901e-03	7.833679e+00
4.588000e-05	-2.374634e-03	7.769840e+00
4.589000e-05	-4.010948e-03	7.654688e+00
4.590000e-05	-1.665104e-03	7.590001e+00
4.591000e-05	-3.986723e-03	7.455693e+00
4.592000e-05	-3.210635e-03	7.339527e+00
4.593000e-05	-4.010196e-03	7.233734e+00
4.594000e-05	-2.070330e-03	7.158399e+00
4.595000e-05	-3.532198e-03	7.083090e+00
4.596000e-05	-3.339324e-03	6.939625e+00
4.597000e-05	-2.483474e-03	6.874189e+00
4.598000e-05	-3.135819e-03	6.790001e+00
4.599000e-05	-3.009920e-03	6.634187e+00
4.600000e-05	-3.036036e-03	6.507396e+00
4.601000e-05	-1.949920e-03	6.412102e+00
4.602000e-05	-3.259149e-03	6.297341e+00
4.603000e-05	-2.958613e-03	6.191052e+00
4.604000e-05	-3.117287e-03	6.065191e+00
4.605000e-05	-3.964625e-03	5.988976e+00
4.606000e-05	-4.194950e-03	5.843162e+00
4.607000e-05	-3.107972e-03	5.684792e+00
4.608000e-05	-2.061633e-03	5.539971e+00
4.609000e-05	-3.478198e-03	5.402136e+00
4.610000e-05	-2.748634e-03	5.286371e+00
4.611000e-05	-3.693946e-03	5.099400e+00
4.612000e-05	-4.135410e-03	4.947399e+00
4.613000e-05	-3.180666e-03	4.779504e+00
4.614000e-05	-3.112214e-03	4.653187e+00
4.615000e-05	-3.123174e-03	4.498819e+00
4.616000e-05	-2.940185e-03	4.411128e+00
4.617000e-05	-3.140161e-03	4.234766e+00
4.618000e-05	-2.958924e-03	4.055243e+00
4.619000e-05	-3.508683e-03	3.958923e+00
4.620000e-05	-3.224203e-03	3.802030e+00
4.621000e-05	-2.278385e-03	3.675209e+00
4.622000e-05	-2.780248e-03	3.499421e+00
4.623000e-05	-3.674520e-03	3.321003e+00
4.624000e-05	-3.014713e-03	3.179550e+00
4.625000e-05	-4.383475e-03	3.055163e+00
4.626000e-05	-3.464763e-03	2.868270e+00
4.627000e-05	-3.542400e-03	2.791928e+00
4.628000e-05	-2.473296e-03	2.583004e+00
4.629000e-05	-2.203361e-03	2.412480e+00
4.630000e-05	-3.195233e-03	2.274686e+00
4.631000e-05	-3.598750e-03	2.056845e+00
4.632000e-05	-4.049946e-03	1.980054e+00
4.633000e-05	-4.408915e-03	1.821058e+00
4.634000e-05	-4.389438e-03	1.633060e+00
4.635000e-05	-3.482693e-03	1.475693e+00
4.636000e-05	-3.683707e-03	1.286742e+00
4.637000e-05	-2.620237e-03	1.147819e+00
4.638000e-05	-2.563186e-03	8.972411e-01
4.639000e-05	-2.271946e-03	7.273712e-01
4.640000e-05	-2.873670e-03	5.824751e-01
4.641000e-05	-3.989210e-03	4.330805e-01
4.642000e-05	-4.593769e-03	2.541957e-01
4.643000e-05	-4.678425e-03	5.516586e-02
4.644000e-05	-9.006612e-04	-1.127078e-01
4.645000e-05	2.752838e-03	-2.290486e-01
4.646000e-05	-9.547437e-04	-3.559144e-01
4.647000e-05	1.296650e-03	-4.622841e-01
4.648000e-05	-8.930460e-04	-7.032040e-01
4.649000e-05	-3.966565e-05	-8.405774e-01
4.650000e-05	-2.298654e-03	-9.468620e-01
4.651000e-05	4.742380e-03	-1.115233e+00
4.652000e-05	4.804311e-02	-1.230626e+00
4.653000e-05	4.034159e-02	-1.490709e+00
4.654000e-05	-5.720105e-02	-1.755285e+00
4.655000e-05	-3.424488e-02	-1.975892e+00
4.656000e-05	-1.011051e-01	-2.062158e+00
4.657000e-05	9.703869e-02	-2.053635e+00
4.658000e-05	6.099680e-02	-2.197013e+00
4.659000e-05	-1.524355e-01	-2.461148e+00
4.660000e-05	9.793215e-02	-2.588999e+00
4.661000e-05	2.879714e-02	-2.673130e+00
4.662000e-05	-1.688191e-01	-2.923156e+00
4.663000e-05	1.073485e-01	-3.102733e+00
4.664000e-05	3.954789e-02	-3.207023e+00
4.665000e-05	-1.227350e-01	-3.375916e+00
4.666000e-05	1.265322e-01	-3.512708e+00
4.667000e-05	-5.490289e-02	-3.650622e+00
4.668000e-05	-3.956407e-02	-3.868050e+00
4.669000e-05	8.265692e-02	-3.997967e+00
4.670000e-05	-1.038708e-01	-4.175442e+00
4.671000e-05	5.968685e-02	-4.333733e+00
4.672000e-05	2.992725e-02	-4.369022e+00
4.673000e-05	-9.038042e-02	-4.565814e+00
4.674000e-05	9.138161e-02	-4.712635e+00
4.675000e-05	-3.163805e-02	-4.892675e+00
4.676000e-05	-1.785898e-02	-4.968450e+00
4.677000e-05	7.761752e-03	-5.115762e+00
4.678000e-05	-2.698530e-02	-5.292634e+00
4.679000e-05	6.570139e-02	-5.522055e+00
4.680000e-05	-6.200202e-02	-5.598497e+00
4.681000e-05	1.837209e-02	-5.735913e+00
4.682000e-05	2.958057e-02	-5.831578e+00
4.683000e-05	-5.460158e-02	-5.966917e+00
4.684000e-05	2.462486e-02	-6.040600e+00
4.685000e-05	-2.511715e-02	-6.176143e+00
4.686000e-05	5.249834e-02	-6.355940e+00
4.687000e-05	-1.315281e-02	-6.431601e+00
4.688000e-05	-5.549689e-02	-6.586443e+00
4.689000e-05	4.526980e-02	-6.661184e+00
4.690000e-05	-1.074718e-02	-6.755997e+00
4.691000e-05	1.125256e-03	-6.831606e+00
4.692000e-05	-2.190843e-02	-6.974945e+00
4.693000e-05	1.734568e-02	-7.108860e+00
4.694000e-05	1.954708e-02	-7.209001e+00
4.695000e-05	-4.372536e-02	-7.302778e+00
4.696000e-05	1.234519e-02	-7.367547e+00
4.697000e-05	4.561204e-03	-7.462182e+00
4.698000e-05	1.848142e-03	-7.557921e+00
4.699000e-05	-1.827635e-02	-7.663233e+00
4.700000e-05	1.550944e-04	-7.808472e+00
4.701000e-05	1.945334e-02	-7.914211e+00
4.702000e-05	-1.904084e-02	-8.008547e+00
4.703000e-05	-4.571496e-03	-8.041681e+00
4.704000e-05	5.365835e-04	-8.103288e+00
4.705000e-05	4.698643e-03	-8.178522e+00
4.706000e-05	-5.895714e-03	-8.251625e+00
4.707000e-05	-5.641553e-03	-8.343337e+00
4.708000e-05	5.443952e-03	-8.357997e+00
4.709000e-05	-8.801474e-03	-8.379004e+00
4.710000e-05	-2.865562e-03	-8.420099e+00
4.711000e-05	-9.286409e-04	-8.503685e+00
4.712000e-05	7.226706e-04	-8.526866e+00
4.713000e-05	-2.261849e-03	-8.586544e+00
4.714000e-05	-3.985460e-03	-8.622258e+00
4.715000e-05	-2.439066e-03	-8.685337e+00
4.716000e-05	-5.331209e-03	-8.726364e+00
4.717000e-05	-1.090956e-03	-8.807444e+00
4.718000e-05	-9.597494e-04	-8.809496e+00
4.719000e-05	-3.768691e-03	-8.839053e+00
4.720000e-05	-5.752828e-03	-8.831529e+00
4.721000e-05	5.225429e-05	-8.841607e+00
4.722000e-05	-3.044786e-03	-8.852134e+00
4.723000e-05	-6.127950e-03	-8.843132e+00
4.724000e-05	-3.179709e-03	-8.882682e+00
4.725000e-05	-6.615238e-04	-8.884236e+00
4.726000e-05	-1.773971e-03	-8.864734e+00
4.727000e-05	-4.539843e-03	-8.862161e+00
4.728000e-05	-2.856195e-03	-8.884412e+00
4.729000e-05	-2.235902e-03	-8.853286e+00
4.730000e-05	-3.742382e-03	-8.872709e+00
4.731000e-05	-3.842453e-03	-8.853108e+00
4.732000e-05	-1.851197e-03	-8.843658e+00
4.733000e-05	-3.647545e-03	-8.839657e+00
4.734000e-05	-3.814217e-03	-8.820602e+00
4.735000e-05	-3.783230e-03	-8.800504e+00
4.736000e-05	-2.262570e-03	-8.789950e+00
4.737000e-05	-2.925341e-03	-8.727841e+00
4.738000e-05	-3.593748e-03	-8.672317e+00
4.739000e-05	-3.159252e-03	-8.639863e+00
4.740000e-05	-3.359415e-03	-8.590399e+00
4.741000e-05	-3.278715e-03	-8.527893e+00
4.742000e-05	-4.314099e-03	-8.464761e+00
4.743000e-05	-4.419688e-03	-8.431702e+00
4.744000e-05	-3.055263e-03	-8.381098e+00
4.745000e-05	-2.342671e-03	-8.346366e+00
4.746000e-05	-2.568364e-03	-8.273191e+00
4.747000e-05	-4.739123e-03	-8.221106e+00
4.748000e-05	-3.586669e-03	-8.168945e+00
4.749000e-05	-4.502946e-03	-8.102638e+00
4.750000e-05	-3.625470e-03	-8.051130e+00
4.751000e-05	-3.184131e-03	-7.978978e+00
4.752000e-05	-3.434145e-03	-7.895271e+00
4.753000e-05	-3.921413e-03	-7.799028e+00
4.754000e-05	-4.226248e-03	-7.683216e+00
4.755000e-05	-3.794741e-03	-7.610028e+00
4.756000e-05	-3.913305e-03	-7.463209e+00
4.757000e-05	-3.896753e-03	-7.410099e+00
4.758000e-05	-3.691128e-03	-7.316316e+00
4.759000e-05	-3.531885e-03	-7.221107e+00
4.760000e-05	-4.201690e-03	-7.168424e+00
4.761000e-05	-3.941178e-03	-7.054014e+00
4.762000e-05	-3.901314e-03	-6.915767e+00
4.763000e-05	-4.474449e-03	-6.811055e+00
4.764000e-05	-3.290805e-03	-6.736844e+00
4.765000e-05	-2.284968e-03	-6.618980e+00
4.766000e-05	-4.067184e-03	-6.475769e+00
4.767000e-05	-5.744508e-03	-6.432078e+00
4.768000e-05	-3.988478e-03	-6.303765e+00
4.769000e-05	-3.267387e-03	-6.094851e+00
4.770000e-05	-4.578993e-03	-6.020127e+00
4.771000e-05	-4.942272e-03	-5.914268e+00
4.772000e-05	-3.777570e-03	-5.789549e+00
4.773000e-05	-3.768508e-03	-5.654137e+00
4.774000e-05	-4.821491e-03	-5.526918e+00
4.775000e-05	-4.730018e-03	-5.328974e+00
4.776000e-05	-3.568962e-03	-5.229457e+00
4.777000e-05	-4.593347e-03	-5.043686e+00
4.778000e-05	-4.826416e-03	-4.876368e+00
4.779000e-05	-3.632464e-03	-4.706370e+00
4.780000e-05	-3.732637e-03	-4.591979e+00
4.781000e-05	-4.517209e-03	-4.484190e+00
4.782000e-05	-5.215975e-03	-4.337393e+00
4.783000e-05	-4.194658e-03	-4.190556e+00
4.784000e-05	-4.624906e-03	-4.074715e+00
4.785000e-05	-4.215638e-03	-3.969423e+00
4.786000e-05	-4.635630e-03	-3.781530e+00
4.787000e-05	-3.901070e-03	-3.602087e+00
4.788000e-05	-4.096986e-03	-3.504740e+00
4.789000e-05	-3.956803e-03	-3.349446e+00
4.790000e-05	-3.819315e-03	-3.202053e+00
4.791000e-05	-3.725429e-03	-3.073584e+00
4.792000e-05	-3.514977e-03	-2.824161e+00
4.793000e-05	-3.979309e-03	-2.706293e+00
4.794000e-05	-5.011066e-03	-2.599377e+00
4.795000e-05	-4.001917e-03	-2.431080e+00
4.796000e-05	-4.677700e-03	-2.253163e+00
4.797000e-05	-3.718270e-03	-2.074682e+00
4.798000e-05	-4.573865e-03	-1.936818e+00
4.799000e-05	-3.998530e-03	-1.760478e+00
4.800000e-05	-4.842805e-03	-1.611629e+00
4.801000e-05	-3.520725e-03	-1.453708e+00
4.802000e-05	-3.821993e-03	-1.209532e+00
4.803000e-05	-4.160499e-03	-1.063082e+00
4.804000e-05	-4.586381e-03	-8.958170e-01
4.805000e-05	-4.568532e-03	-7.693986e-01
4.806000e-05	-4.742831e-03	-5.364500e-01
4.807000e-05	-4.733754e-03	-4.005289e-01
4.808000e-05	-4.670590e-03	-2.636365e-01
4.809000e-05	-2.898975e-03	-1.147157e-01
4.810000e-05	-1.035848e-03	6.210020e-02
4.811000e-05	1.917731e-03	2.601241e-01
4.812000e-05	-2.617357e-03	4.100247e-01
4.813000e-05	6.684133e-04	5.367882e-01
4.814000e-05	-3.608007e-03	6.716542e-01
4.815000e-05	-2.556478e-03	8.199998e-01
4.816000e-05	-2.984393e-03	1.007891e+00
4.817000e-05	5.890743e-03	1.177968e+00
4.818000e-05	2.814245e-02	1.357242e+00
4.819000e-05	5.547711e-02	1.535385e+00
4.820000e-05	-2.870532e-02	1.778992e+00
4.821000e-05	-4.247649e-02	1.966367e+00
4.822000e-05	-6.363274e-02	2.064133e+00
4.823000e-05	-4.438138e-02	2.208446e+00
4.824000e-05	1.252706e-01	2.274308e+00
4.825000e-05	-2.128743e-02	2.431601e+00
4.826000e-05	-9.572712e-02	2.566892e+00
4.827000e-05	1.290443e-01	2.737362e+00
4.828000e-05	-6.839099e-02	2.914291e+00
4.829000e-05	-5.709246e-02	3.052203e+00
4.830000e-05	1.139621e-01	3.186495e+00
4.831000e-05	-5.749909e-02	3.346819e+00
4.832000e-05	-3.728606e-02	3.515862e+00
4.833000e-05	8.306369e-02	3.672632e+00
4.834000e-05	-5.564164e-02	3.810575e+00
4.835000e-05	4.818376e-03	3.968941e+00
4.836000e-05	1.019993e-02	4.113786e+00
4.837000e-05	-3.644943e-02	4.326289e+00
4.838000e-05	2.767686e-02	4.452628e+00
4.839000e-05	-6.662180e-03	4.600523e+00
4.840000e-05	-3.128388e-03	4.736391e+00
4.841000e-05	1.818770e-02	4.892184e+00
4.842000e-05	-1.119676e-02	5.115187e+00
4.843000e-05	-2.232414e-02	5.243032e+00
4.844000e-05	-6.556630e-03	5.389496e+00
4.845000e-05	2.916382e-02	5.515334e+00
4.846000e-05	-7.839916e-03	5.619492e+00
4.847000e-05	-1.787106e-02	5.777313e+00
4.848000e-05	7.822402e-03	5.905837e+00
4.849000e-05	-5.678268e-03	6.021553e+00
4.850000e-05	-2.099327e-03	6.137400e+00
4.851000e-05	-7.823546e-03	6.251709e+00
4.852000e-05	1.910686e-03	6.347946e+00
4.853000e-05	1.645027e-02	6.452555e+00
4.854000e-05	-1.822597e-02	6.579522e+00
4.855000e-05	-1.094986e-02	6.747470e+00
4.856000e-05	8.310702e-03	6.821501e+00
4.857000e-05	5.035615e-03	6.893738e+00
4.858000e-05	-1.018134e-02	7.029054e+00
4.859000e-05	-6.659420e-03	7.124810e+00
4.860000e-05	1.509027e-02	7.171025e+00
4.861000e-05	-6.591977e-03	7.304157e+00
4.862000e-05	-1.416514e-02	7.389500e+00
4.863000e-05	-4.670918e-04	7.558891e+00
4.864000e-05	6.032422e-03	7.640128e+00
4.865000e-05	-2.280749e-03	7.715388e+00
4.866000e-05	-8.989454e-03	7.779624e+00
4.867000e-05	3.036648e-03	7.927188e+00
4.868000e-05	-1.910553e-03	8.031748e+00
4.869000e-05	-5.914068e-03	8.093862e+00
4.870000e-05	-3.261011e-03	8.160843e+00
4.871000e-05	1.257694e-03	8.240558e+00
4.872000e-05	-3.270111e-03	8.275813e+00
4.873000e-05	-4.734173e-03	8.378419e+00
4.874000e-05	6.967852e-04	8.410578e+00
4.875000e-05	-2.126621e-03	8.451108e+00
4.876000e-05	-4.989929e-03	8.442708e+00
4.877000e-05	-3.271357e-03	8.515242e+00
4.878000e-05	3.805241e-04	8.548449e+00
4.879000e-05	-2.247217e-03	8.631129e+00
4.880000e-05	-1.823996e-03	8.642156e+00
4.881000e-05	-2.779194e-03	8.684765e+00
4.882000e-05	-3.482885e-03	8.694917e+00
4.883000e-05	-3.594884e-03	8.715317e+00
4.884000e-05	5.683048e-04	8.737946e+00
4.885000e-05	-1.336617e-03	8.776948e+00
4.886000e-05	-4.826208e-03	8.819547e+00
4.887000e-05	-4.200336e-03	8.800599e+00
4.888000e-05	-2.381700e-03	8.841978e+00
4.889000e-05	-1.038379e-03	8.812082e+00
4.890000e-05	-3.334263e-03	8.811056e+00
4.891000e-05	-3.122197e-03	8.821604e+00
4.892000e-05	-2.517155e-03	8.811080e+00
4.893000e-05	-2.310052e-03	8.855207e+00
4.894000e-05	-3.158435e-03	8.823128e+00
4.895000e-05	-3.122802e-03	8.843581e+00
4.896000e-05	-3.421620e-03	8.823132e+00
4.897000e-05	-3.476533e-03	8.821153e+00
4.898000e-05	-2.970402e-03	8.781005e+00
4.899000e-05	-3.357016e-03	8.800028e+00
4.900000e-05	-3.622812e-03	8.789451e+00
4.901000e-05	-3.498297e-03	8.760471e+00
4.902000e-05	-2.910375e-03	8.707419e+00
4.903000e-05	-2.532061e-03	8.687842e+00
4.904000e-05	-2.010581e-03	8.663262e+00
4.905000e-05	-2.861162e-03	8.611631e+00
4.906000e-05	-3.333179e-03	8.622053e+00
4.907000e-05	-2.542085e-03	8.539473e+00
4.908000e-05	-3.711308e-03	8.506315e+00
4.909000e-05	-2.932937e-03	8.474658e+00
4.910000e-05	-4.159005e-03	8.432107e+00
4.911000e-05	-3.071231e-03	8.358950e+00
4.912000e-05	-3.246757e-03	8.318345e+00
4.913000e-05	-2.533385e-03	8.251637e+00
4.914000e-05	-2.863707e-03	8.129524e+00
4.915000e-05	-3.559134e-03	8.155772e+00
4.916000e-05	-3.575956e-03	8.062639e+00
4.917000e-05	-3.189253e-03	7.939021e+00
4.918000e-05	-2.585057e-03	7.875244e+00
4.919000e-05	-3.070259e-03	7.762080e+00
4.920000e-05	-3.851606e-03	7.717294e+00
4.921000e-05	-2.112969e-03	7.641635e+00
4.922000e-05	-3.895659e-03	7.549945e+00
4.923000e-05	-2.033917e-03	7.385738e+00
4.924000e-05	-3.951883e-03	7.287322e+00
4.925000e-05	-3.383218e-03	7.232054e+00
4.926000e-05	-2.355163e-03	7.147344e+00
4.927000e-05	-4.154915e-03	7.032129e+00
4.928000e-05	-2.036572e-03	6.908024e+00
4.929000e-05	-2.843043e-03	6.853635e+00
4.930000e-05	-3.244948e-03	6.750425e+00
4.931000e-05	-2.164149e-03	6.573030e+00
4.932000e-05	-4.747849e-03	6.475737e+00
4.933000e-05	-3.317259e-03	6.380526e+00
4.934000e-05	-4.063452e-03	6.256693e+00
4.935000e-05	-3.254247e-03	6.159448e+00
4.936000e-05	-3.109215e-03	6.033659e+00
4.937000e-05	-3.647396e-03	5.928851e+00
4.938000e-05	-2.223955e-03	5.821904e+00
4.939000e-05	-2.422059e-03	5.622688e+00
4.940000e-05	-3.688554e-03	5.527745e+00
4.941000e-05	-4.293970e-03	5.380977e+00
4.942000e-05	-3.653291e-03	5.233142e+00
4.943000e-05	-2.658501e-03	5.036238e+00
4.944000e-05	-3.483274e-03	4.865237e+00
4.945000e-05	-3.490232e-03	4.707922e+00
4.946000e-05	-2.183803e-03	4.573057e+00
4.947000e-05	-3.292584e-03	4.485737e+00
4.948000e-05	-4.033852e-03	4.329924e+00
4.949000e-05	-3.489434e-03	4.192009e+00
4.950000e-05	-3.474045e-03	4.013127e+00
4.951000e-05	-3.044785e-03	3.895718e+00
4.952000e-05	-3.583513e-03	3.728001e+00
4.953000e-05	-3.092606e-03	3.611580e+00
4.954000e-05	-3.983144e-03	3.436821e+00
4.955000e-05	-3.895374e-03	3.305768e+00
4.956000e-05	-4.279137e-03	3.138423e+00
4.957000e-05	-3.180392e-03	2.971606e+00
4.958000e-05	-3.590023e-03	2.863611e+00
4.959000e-05	-3.673651e-03	2.718347e+00
4.960000e-05	-3.972738e-03	2.468894e+00
4.961000e-05	-3.783717e-03	2.349947e+00
4.962000e-05	-4.190943e-03	2.191028e+00
4.963000e-05	-3.669338e-03	2.053184e+00
4.964000e-05	-4.063740e-03	1.918897e+00
4.965000e-05	-3.588610e-03	1.740374e+00
4.966000e-05	-3.387670e-03	1.550479e+00
4.967000e-05	-4.067908e-03	1.391607e+00
4.968000e-05	-3.674271e-03	1.244161e+00
4.969000e-05	-3.995694e-03	1.012186e+00
4.970000e-05	-4.684543e-03	8.537157e-01
4.971000e-05	-3.484163e-03	6.747182e-01
4.972000e-05	-3.607313e-03	5.478985e-01
4.973000e-05	-3.637294e-03	3.809528e-01
4.974000e-05	-3.095407e-03	2.035791e-01
4.975000e-05	-2.742364e-03	1.559333e-03
4.976000e-05	1.403081e-03	-1.247830e-01
4.977000e-05	1.992814e-03	-2.711051e-01
4.978000e-05	-1.899484e-03	-4.089723e-01
4.979000e-05	-3.288098e-04	-5.567357e-01
4.980000e-05	-2.821713e-03	-7.657919e-01
4.981000e-05	-1.567503e-03	-8.611303e-01
4.982000e-05	-8.351719e-04	-9.784722e-01
4.983000e-05	1.391344e-02	-1.156863e+00
4.984000e-05	7.153646e-02	-1.263231e+00
4.985000e-05	-5.876354e-03	-1.587416e+00
4.986000e-05	-4.431386e-02	-1.838572e+00
4.987000e-05	-6.170978e-02	-2.007446e+00
4.988000e-05	-6.269648e-02	-2.063582e+00
4.989000e-05	1.394716e-01	-2.092737e+00
4.990000e-05	-4.085343e-02	-2.280154e+00
4.991000e-05	-1.031116e-01	-2.565212e+00
4.992000e-05	1.545568e-01	-2.640478e+00
4.993000e-05	-8.198508e-02	-2.763813e+00
4.994000e-05	-9.676311e-02	-3.017465e+00
4.995000e-05	1.494147e-01	-3.155838e+00
4.996000e-05	-6.861474e-02	-3.271152e+00
4.997000e-05	-3.500317e-02	-3.430020e+00
4.998000e-05	1.226427e-01	-3.524868e+00
4.999000e-05	-1.132123e-01	-3.714733e+00
