# 260408_14:12:16.369710
t	CH1	CH2
0.000000e+00	-3.441721e-03	6.215296e-02
1.000000e-08	1.150787e-03	-9.468384e-02
2.000000e-08	2.805593e-03	-2.190513e-01
3.000000e-08	-1.801649e-03	-3.584234e-01
4.000000e-08	1.743589e-03	-4.841878e-01
5.000000e-08	-2.698719e-03	-7.147417e-01
6.000000e-08	4.638363e-04	-8.016063e-01
7.000000e-08	-2.386078e-03	-9.678733e-01
8.000000e-08	6.957354e-03	-1.104742e+00
9.000000e-08	5.501052e-02	-1.252031e+00
1.000000e-07	4.241788e-02	-1.535738e+00
1.100000e-07	-7.442343e-02	-1.757845e+00
1.200000e-07	-1.838026e-02	-1.988370e+00
1.300000e-07	-1.325194e-01	-2.071032e+00
1.400000e-07	1.490361e-01	-2.083185e+00
1.500000e-07	4.323221e-02	-2.189871e+00
1.600000e-07	-2.027504e-01	-2.464689e+00
1.700000e-07	1.662346e-01	-2.629004e+00
1.800000e-07	-6.662192e-03	-2.704286e+00
1.900000e-07	-1.997656e-01	-2.935592e+00
2.000000e-07	1.700241e-01	-3.054639e+00
2.100000e-07	8.030605e-03	-3.221024e+00
2.200000e-07	-1.500169e-01	-3.390428e+00
2.300000e-07	1.911983e-01	-3.504166e+00
2.400000e-07	-1.189147e-01	-3.611559e+00
2.500000e-07	-1.430823e-02	-3.923689e+00
2.600000e-07	1.034085e-01	-3.990427e+00
2.700000e-07	-1.531883e-01	-4.178902e+00
2.800000e-07	1.111925e-01	-4.314691e+00
2.900000e-07	1.171420e-02	-4.408401e+00
3.000000e-07	-1.103847e-01	-4.578871e+00
3.100000e-07	1.380591e-01	-4.682792e+00
3.200000e-07	-7.213859e-02	-4.844662e+00
3.300000e-07	1.919721e-03	-5.019554e+00
3.400000e-07	2.490727e-03	-5.125292e+00
3.500000e-07	-3.409037e-02	-5.285717e+00
3.600000e-07	9.521149e-02	-5.482660e+00
3.700000e-07	-1.009086e-01	-5.630555e+00
3.800000e-07	5.455630e-02	-5.765797e+00
3.900000e-07	2.030732e-02	-5.852105e+00
4.000000e-07	-6.603874e-02	-5.998374e+00
4.100000e-07	4.706397e-02	-6.042034e+00
4.200000e-07	-4.862659e-02	-6.229954e+00
4.300000e-07	8.483185e-02	-6.387822e+00
4.400000e-07	-3.584544e-02	-6.473133e+00
4.500000e-07	-5.526831e-02	-6.598929e+00
4.600000e-07	6.724520e-02	-6.654108e+00
4.700000e-07	-2.609258e-02	-6.807349e+00
4.800000e-07	1.440628e-02	-6.822129e+00
4.900000e-07	-3.330739e-02	-7.027750e+00
5.000000e-07	3.420372e-02	-7.133421e+00
5.100000e-07	1.661341e-02	-7.221979e+00
5.200000e-07	-5.258094e-02	-7.304716e+00
5.300000e-07	2.936758e-02	-7.389876e+00
5.400000e-07	1.854086e-04	-7.494163e+00
5.500000e-07	6.919564e-03	-7.597850e+00
5.600000e-07	-2.407305e-02	-7.722589e+00
5.700000e-07	1.038090e-02	-7.819907e+00
5.800000e-07	2.590365e-02	-7.934664e+00
5.900000e-07	-2.546144e-02	-8.019974e+00
6.000000e-07	2.351373e-03	-8.053135e+00
6.100000e-07	1.138697e-03	-8.083767e+00
6.200000e-07	1.044728e-02	-8.168397e+00
6.300000e-07	-7.077439e-03	-8.272531e+00
6.400000e-07	2.559411e-04	-8.304743e+00
6.500000e-07	1.119003e-02	-8.386448e+00
6.600000e-07	-9.308931e-03	-8.430450e+00
6.700000e-07	1.617750e-03	-8.442056e+00
6.800000e-07	2.259281e-03	-8.493141e+00
6.900000e-07	6.314984e-03	-8.556745e+00
7.000000e-07	-1.027464e-03	-8.598380e+00
7.100000e-07	4.756180e-04	-8.651611e+00
7.200000e-07	3.261820e-03	-8.712164e+00
7.300000e-07	-2.158816e-03	-8.774300e+00
7.400000e-07	4.348947e-03	-8.788947e+00
7.500000e-07	3.963741e-03	-8.780024e+00
7.600000e-07	1.847131e-03	-8.860526e+00
7.700000e-07	6.898957e-05	-8.852454e+00
7.800000e-07	4.100925e-03	-8.843132e+00
7.900000e-07	3.802736e-03	-8.842559e+00
8.000000e-07	-4.590840e-04	-8.892612e+00
8.100000e-07	4.765245e-03	-8.883184e+00
8.200000e-07	5.505962e-03	-8.903189e+00
8.300000e-07	4.542448e-03	-8.864138e+00
8.400000e-07	2.763961e-03	-8.905237e+00
8.500000e-07	5.369496e-03	-8.912213e+00
8.600000e-07	5.677708e-03	-8.902054e+00
8.700000e-07	6.803087e-03	-8.883109e+00
8.800000e-07	7.455653e-03	-8.863109e+00
8.900000e-07	9.180844e-03	-8.862578e+00
9.000000e-07	8.863169e-03	-8.840607e+00
9.100000e-07	8.938344e-03	-8.798478e+00
9.200000e-07	1.052060e-02	-8.798928e+00
9.300000e-07	1.234060e-02	-8.769928e+00
9.400000e-07	1.431302e-02	-8.785292e+00
9.500000e-07	1.531079e-02	-8.673168e+00
9.600000e-07	1.620971e-02	-8.660606e+00
9.700000e-07	1.698889e-02	-8.598323e+00
9.800000e-07	1.894712e-02	-8.544763e+00
9.900000e-07	1.913608e-02	-8.482587e+00
1.000000e-06	1.957834e-02	-8.460082e+00
1.010000e-06	2.105560e-02	-8.417975e+00
1.020000e-06	2.114244e-02	-8.345741e+00
1.030000e-06	2.088975e-02	-8.282686e+00
1.040000e-06	1.824709e-02	-8.201479e+00
1.050000e-06	1.821943e-02	-8.156766e+00
1.060000e-06	1.618059e-02	-8.082733e+00
1.070000e-06	1.480322e-02	-8.041555e+00
1.080000e-06	1.302343e-02	-7.969524e+00
1.090000e-06	1.097914e-02	-7.894263e+00
1.100000e-06	1.011580e-02	-7.777871e+00
1.110000e-06	8.118379e-03	-7.662084e+00
1.120000e-06	7.639766e-03	-7.546949e+00
1.130000e-06	6.275541e-03	-7.504684e+00
1.140000e-06	6.063759e-03	-7.399428e+00
1.150000e-06	5.823471e-03	-7.324760e+00
1.160000e-06	5.348043e-03	-7.220104e+00
1.170000e-06	3.189360e-03	-7.195895e+00
1.180000e-06	2.873710e-03	-7.002579e+00
1.190000e-06	2.859161e-03	-6.923716e+00
1.200000e-06	1.494528e-03	-6.779000e+00
1.210000e-06	2.337352e-03	-6.716287e+00
1.220000e-06	3.222065e-03	-6.649473e+00
1.230000e-06	2.171036e-03	-6.474217e+00
1.240000e-06	-3.034193e-04	-6.418448e+00
1.250000e-06	1.449182e-03	-6.296266e+00
1.260000e-06	1.766087e-03	-6.114713e+00
1.270000e-06	-1.180302e-04	-5.989952e+00
1.280000e-06	-1.651478e-03	-5.914810e+00
1.290000e-06	-9.851766e-04	-5.755424e+00
1.300000e-06	-6.896150e-04	-5.670077e+00
1.310000e-06	-2.303981e-03	-5.508396e+00
1.320000e-06	-1.769671e-03	-5.355368e+00
1.330000e-06	-8.176525e-04	-5.168948e+00
1.340000e-06	-8.574692e-04	-5.033584e+00
1.350000e-06	-2.519464e-03	-4.839538e+00
1.360000e-06	-1.307210e-03	-4.684682e+00
1.370000e-06	-2.595024e-03	-4.559500e+00
1.380000e-06	-3.211415e-03	-4.452607e+00
1.390000e-06	-4.082295e-03	-4.356920e+00
1.400000e-06	-2.224522e-03	-4.230525e+00
1.410000e-06	-3.152768e-03	-4.082608e+00
1.420000e-06	-1.755152e-03	-3.988322e+00
1.430000e-06	-4.197195e-03	-3.827445e+00
1.440000e-06	-2.134575e-03	-3.618998e+00
1.450000e-06	-3.767917e-03	-3.482136e+00
1.460000e-06	-2.226859e-03	-3.305845e+00
1.470000e-06	-4.021252e-03	-3.229500e+00
1.480000e-06	-2.899332e-03	-3.001629e+00
1.490000e-06	-3.222406e-03	-2.813103e+00
1.500000e-06	-3.083587e-03	-2.765265e+00
1.510000e-06	-4.306825e-03	-2.555344e+00
1.520000e-06	-3.395481e-03	-2.400024e+00
1.530000e-06	-4.471028e-03	-2.220179e+00
1.540000e-06	-2.041793e-03	-2.052579e+00
1.550000e-06	-4.148299e-03	-1.885286e+00
1.560000e-06	-3.558206e-03	-1.757895e+00
1.570000e-06	-4.370065e-03	-1.630425e+00
1.580000e-06	-3.339601e-03	-1.389626e+00
1.590000e-06	-3.205101e-03	-1.210124e+00
1.600000e-06	-3.411359e-03	-1.072179e+00
1.610000e-06	-4.592065e-03	-8.132120e-01
1.620000e-06	-4.982280e-03	-7.152698e-01
1.630000e-06	-4.717295e-03	-5.459384e-01
1.640000e-06	-4.370756e-03	-3.678736e-01
1.650000e-06	-3.696239e-03	-2.010753e-01
1.660000e-06	-2.661605e-03	-6.373446e-02
1.670000e-06	5.142458e-04	2.568777e-02
1.680000e-06	1.888302e-03	2.920878e-01
1.690000e-06	-3.733146e-03	4.010512e-01
1.700000e-06	1.002960e-03	5.858656e-01
1.710000e-06	-3.895595e-03	7.061880e-01
1.720000e-06	-1.862383e-03	8.030488e-01
1.730000e-06	-4.238258e-03	1.010947e+00
1.740000e-06	6.367007e-03	1.200496e+00
1.750000e-06	2.925681e-02	1.337897e+00
1.760000e-06	6.752986e-02	1.597348e+00
1.770000e-06	-4.798305e-02	1.841503e+00
1.780000e-06	-3.568126e-02	1.957347e+00
1.790000e-06	-6.969492e-02	2.113710e+00
1.800000e-06	-5.038613e-02	2.169924e+00
1.810000e-06	1.653159e-01	2.305217e+00
1.820000e-06	-5.887503e-02	2.472210e+00
1.830000e-06	-1.078426e-01	2.588397e+00
1.840000e-06	1.823070e-01	2.777391e+00
1.850000e-06	-1.209160e-01	2.956369e+00
1.860000e-06	-4.369998e-02	3.063638e+00
1.870000e-06	1.500145e-01	3.198928e+00
1.880000e-06	-1.046563e-01	3.411472e+00
1.890000e-06	-2.443254e-02	3.576920e+00
1.900000e-06	1.025278e-01	3.683659e+00
1.910000e-06	-8.975324e-02	3.891080e+00
1.920000e-06	2.916485e-02	3.988956e+00
1.930000e-06	6.230179e-03	4.116317e+00
1.940000e-06	-4.641840e-02	4.366268e+00
1.950000e-06	3.860017e-02	4.493183e+00
1.960000e-06	-1.663479e-02	4.610004e+00
1.970000e-06	3.548996e-03	4.796791e+00
1.980000e-06	2.223116e-02	4.892717e+00
1.990000e-06	-1.949993e-02	5.126761e+00
2.000000e-06	-2.591224e-02	5.302182e+00
2.010000e-06	-1.028681e-02	5.390450e+00
2.020000e-06	3.916887e-02	5.546366e+00
2.030000e-06	-1.733995e-02	5.600004e+00
2.040000e-06	-1.608769e-02	5.748318e+00
2.050000e-06	9.615318e-03	5.954798e+00
2.060000e-06	-1.177376e-02	6.041579e+00
2.070000e-06	7.986052e-04	6.216318e+00
2.080000e-06	-1.212425e-02	6.273559e+00
2.090000e-06	3.790865e-03	6.398894e+00
2.100000e-06	1.808659e-02	6.524059e+00
2.110000e-06	-2.548045e-02	6.711005e+00
2.120000e-06	-1.114296e-02	6.796299e+00
2.130000e-06	1.028610e-02	6.871505e+00
2.140000e-06	8.020054e-04	6.934793e+00
2.150000e-06	-1.584892e-02	7.051453e+00
2.160000e-06	-9.971111e-03	7.164663e+00
2.170000e-06	2.236162e-02	7.229500e+00
2.180000e-06	-1.210466e-02	7.313662e+00
2.190000e-06	-1.591832e-02	7.500404e+00
2.200000e-06	-1.098469e-03	7.578422e+00
2.210000e-06	2.652538e-03	7.683059e+00
2.220000e-06	-7.755407e-03	7.773765e+00
2.230000e-06	-1.388064e-02	7.863028e+00
2.240000e-06	6.484257e-03	7.976271e+00
2.250000e-06	-4.831162e-03	8.061034e+00
2.260000e-06	-8.971315e-03	8.125687e+00
2.270000e-06	-4.355921e-03	8.269403e+00
2.280000e-06	9.815698e-04	8.271583e+00
2.290000e-06	-6.921210e-03	8.315340e+00
2.300000e-06	-8.998730e-03	8.385871e+00
2.310000e-06	-1.735718e-03	8.400474e+00
2.320000e-06	-7.569050e-03	8.471557e+00
2.330000e-06	-9.200168e-03	8.491706e+00
2.340000e-06	-6.813621e-03	8.556742e+00
2.350000e-06	-4.973627e-04	8.588999e+00
2.360000e-06	-4.857017e-03	8.691501e+00
2.370000e-06	-4.320201e-03	8.632631e+00
2.380000e-06	-6.867698e-03	8.702507e+00
2.390000e-06	-8.198086e-03	8.737263e+00
2.400000e-06	-8.591067e-03	8.746268e+00
2.410000e-06	-5.413656e-03	8.766896e+00
2.420000e-06	-6.373666e-03	8.815876e+00
2.430000e-06	-1.099564e-02	8.828924e+00
2.440000e-06	-7.928575e-03	8.818998e+00
2.450000e-06	-6.876282e-03	8.811026e+00
2.460000e-06	-6.422158e-03	8.840502e+00
2.470000e-06	-1.023809e-02	8.862532e+00
2.480000e-06	-9.183245e-03	8.842483e+00
2.490000e-06	-8.839960e-03	8.871505e+00
2.500000e-06	-1.134925e-02	8.842583e+00
2.510000e-06	-1.125727e-02	8.890529e+00
2.520000e-06	-1.173306e-02	8.860530e+00
2.530000e-06	-1.090046e-02	8.851005e+00
2.540000e-06	-1.397793e-02	8.851949e+00
2.550000e-06	-1.242337e-02	8.852053e+00
2.560000e-06	-1.390929e-02	8.820429e+00
2.570000e-06	-1.539291e-02	8.788000e+00
2.580000e-06	-1.716717e-02	8.776422e+00
2.590000e-06	-1.833252e-02	8.725420e+00
2.600000e-06	-1.953867e-02	8.726713e+00
2.610000e-06	-2.068721e-02	8.683683e+00
2.620000e-06	-2.156612e-02	8.630031e+00
2.630000e-06	-2.400367e-02	8.591024e+00
2.640000e-06	-2.369991e-02	8.556871e+00
2.650000e-06	-2.637457e-02	8.514712e+00
2.660000e-06	-2.683703e-02	8.452557e+00
2.670000e-06	-2.754959e-02	8.452056e+00
2.680000e-06	-2.559997e-02	8.369972e+00
2.690000e-06	-2.572945e-02	8.313866e+00
2.700000e-06	-2.538310e-02	8.263585e+00
2.710000e-06	-2.326909e-02	8.187924e+00
2.720000e-06	-2.206271e-02	8.123638e+00
2.730000e-06	-2.021150e-02	8.052105e+00
2.740000e-06	-2.015610e-02	7.959917e+00
2.750000e-06	-1.637366e-02	7.862607e+00
2.760000e-06	-1.623609e-02	7.829399e+00
2.770000e-06	-1.394239e-02	7.694788e+00
2.780000e-06	-1.432803e-02	7.642080e+00
2.790000e-06	-1.340184e-02	7.615971e+00
2.800000e-06	-1.178518e-02	7.452027e+00
2.810000e-06	-1.200739e-02	7.315817e+00
2.820000e-06	-9.501167e-03	7.290072e+00
2.830000e-06	-1.122105e-02	7.146312e+00
2.840000e-06	-8.867616e-03	7.041100e+00
2.850000e-06	-9.191273e-03	6.916266e+00
2.860000e-06	-7.584482e-03	6.850606e+00
2.870000e-06	-9.690377e-03	6.737845e+00
2.880000e-06	-7.244918e-03	6.650112e+00
2.890000e-06	-7.157156e-03	6.471633e+00
2.900000e-06	-6.942830e-03	6.357873e+00
2.910000e-06	-8.011863e-03	6.282582e+00
2.920000e-06	-6.197045e-03	6.146816e+00
2.930000e-06	-7.121591e-03	6.020530e+00
2.940000e-06	-6.338804e-03	5.958919e+00
2.950000e-06	-5.305542e-03	5.777970e+00
2.960000e-06	-5.059166e-03	5.631528e+00
2.970000e-06	-6.202998e-03	5.504283e+00
2.980000e-06	-5.478970e-03	5.369897e+00
2.990000e-06	-5.458920e-03	5.279577e+00
3.000000e-06	-4.938885e-03	5.064286e+00
3.010000e-06	-5.684914e-03	4.931658e+00
3.020000e-06	-4.848422e-03	4.727370e+00
3.030000e-06	-4.631647e-03	4.649025e+00
3.040000e-06	-4.965608e-03	4.463232e+00
3.050000e-06	-4.737134e-03	4.356421e+00
3.060000e-06	-4.228269e-03	4.206445e+00
3.070000e-06	-5.244357e-03	4.030602e+00
3.080000e-06	-4.858384e-03	3.874237e+00
3.090000e-06	-4.812832e-03	3.726866e+00
3.100000e-06	-4.510763e-03	3.631502e+00
3.110000e-06	-3.609819e-03	3.525235e+00
3.120000e-06	-4.253559e-03	3.312284e+00
3.130000e-06	-4.926063e-03	3.167321e+00
3.140000e-06	-4.426784e-03	2.980998e+00
3.150000e-06	-4.305775e-03	2.862177e+00
3.160000e-06	-3.438826e-03	2.727369e+00
3.170000e-06	-4.721023e-03	2.495307e+00
3.180000e-06	-4.800725e-03	2.356896e+00
3.190000e-06	-4.404530e-03	2.229418e+00
3.200000e-06	-3.107654e-03	2.052077e+00
3.210000e-06	-4.109726e-03	1.955316e+00
3.220000e-06	-3.866300e-03	1.766438e+00
3.230000e-06	-4.173494e-03	1.588495e+00
3.240000e-06	-4.046989e-03	1.399001e+00
3.250000e-06	-4.114231e-03	1.240578e+00
3.260000e-06	-4.092170e-03	1.052102e+00
3.270000e-06	-3.503488e-03	8.305478e-01
3.280000e-06	-4.293766e-03	6.941844e-01
3.290000e-06	-3.679482e-03	5.267847e-01
3.300000e-06	-3.267991e-03	3.989999e-01
3.310000e-06	-3.651699e-03	1.619942e-01
3.320000e-06	-3.311812e-03	-8.923431e-03
3.330000e-06	1.788715e-03	-1.478419e-01
3.340000e-06	1.113316e-03	-3.026130e-01
3.350000e-06	-3.287786e-03	-3.989986e-01
3.360000e-06	3.414207e-04	-5.673996e-01
3.370000e-06	-1.424404e-03	-7.667732e-01
3.380000e-06	8.689193e-04	-8.641590e-01
3.390000e-06	-1.898592e-03	-1.008927e+00
3.400000e-06	1.316673e-02	-1.168372e+00
3.410000e-06	8.767360e-02	-1.315814e+00
3.420000e-06	-2.426614e-02	-1.591850e+00
3.430000e-06	-4.146593e-02	-1.853126e+00
3.440000e-06	-6.383736e-02	-1.998976e+00
3.450000e-06	-7.551523e-02	-2.012693e+00
3.460000e-06	1.883264e-01	-2.082687e+00
3.470000e-06	-7.611017e-02	-2.305581e+00
3.480000e-06	-1.173345e-01	-2.557800e+00
3.490000e-06	2.128264e-01	-2.609528e+00
3.500000e-06	-1.389057e-01	-2.777344e+00
3.510000e-06	-8.862095e-02	-3.069530e+00
3.520000e-06	1.974534e-01	-3.136768e+00
3.530000e-06	-1.205411e-01	-3.284663e+00
3.540000e-06	-1.821856e-02	-3.431131e+00
3.550000e-06	1.554885e-01	-3.537745e+00
3.560000e-06	-1.760209e-01	-3.664791e+00
3.570000e-06	1.046928e-01	-3.926714e+00
3.580000e-06	-6.411051e-03	-4.052059e+00
3.590000e-06	-1.045495e-01	-4.220455e+00
3.600000e-06	1.584989e-01	-4.355288e+00
3.610000e-06	-1.006251e-01	-4.431031e+00
3.620000e-06	1.037141e-03	-4.621584e+00
3.630000e-06	9.559873e-02	-4.746217e+00
3.640000e-06	-9.405245e-02	-4.935814e+00
3.650000e-06	4.422568e-02	-5.052087e+00
3.660000e-06	-4.699050e-02	-5.198854e+00
3.670000e-06	3.192762e-02	-5.357355e+00
3.680000e-06	3.955978e-02	-5.535168e+00
3.690000e-06	-9.319961e-02	-5.673085e+00
3.700000e-06	9.764939e-02	-5.787921e+00
3.710000e-06	-4.615637e-02	-5.913739e+00
3.720000e-06	-1.702724e-02	-6.019979e+00
3.730000e-06	1.815702e-02	-6.053109e+00
3.740000e-06	-2.297946e-02	-6.261540e+00
3.750000e-06	9.046623e-02	-6.399501e+00
3.760000e-06	-9.535173e-02	-6.524138e+00
3.770000e-06	8.686326e-03	-6.618954e+00
3.780000e-06	4.165824e-02	-6.684739e+00
3.790000e-06	-2.369497e-02	-6.809979e+00
3.800000e-06	1.126633e-02	-6.833085e+00
3.810000e-06	-3.546212e-02	-7.112510e+00
3.820000e-06	6.223248e-02	-7.157400e+00
3.830000e-06	-3.019086e-02	-7.252030e+00
3.840000e-06	-2.184879e-02	-7.375295e+00
3.850000e-06	2.816845e-02	-7.449503e+00
3.860000e-06	-4.255749e-03	-7.536266e+00
3.870000e-06	2.167765e-03	-7.599454e+00
3.880000e-06	-2.753190e-02	-7.756195e+00
3.890000e-06	3.298205e-02	-7.852910e+00
3.900000e-06	1.133953e-03	-7.954243e+00
3.910000e-06	-1.796646e-02	-8.041004e+00
3.920000e-06	4.600233e-03	-8.052635e+00
3.930000e-06	4.285283e-03	-8.127797e+00
3.940000e-06	6.944065e-03	-8.220479e+00
3.950000e-06	-1.106781e-02	-8.303135e+00
3.960000e-06	1.044794e-02	-8.325794e+00
3.970000e-06	1.608735e-03	-8.367371e+00
3.980000e-06	-5.935603e-03	-8.428954e+00
3.990000e-06	3.968420e-03	-8.454058e+00
4.000000e-06	4.545817e-03	-8.513146e+00
4.010000e-06	2.973266e-03	-8.605746e+00
4.020000e-06	-1.522336e-03	-8.650981e+00
4.030000e-06	2.500266e-03	-8.691616e+00
4.040000e-06	1.225614e-03	-8.713716e+00
4.050000e-06	1.232974e-03	-8.756921e+00
4.060000e-06	3.499301e-03	-8.777899e+00
4.070000e-06	2.329871e-03	-8.818426e+00
4.080000e-06	-7.038982e-04	-8.821005e+00
4.090000e-06	2.677580e-03	-8.881530e+00
4.100000e-06	6.447819e-03	-8.872557e+00
4.110000e-06	1.988583e-03	-8.850633e+00
4.120000e-06	1.021206e-03	-8.892533e+00
4.130000e-06	5.453162e-03	-8.913693e+00
4.140000e-06	5.783866e-03	-8.874136e+00
4.150000e-06	3.097001e-03	-8.912614e+00
4.160000e-06	4.425510e-03	-8.884188e+00
4.170000e-06	6.373981e-03	-8.883188e+00
4.180000e-06	6.203063e-03	-8.893632e+00
4.190000e-06	5.339131e-03	-8.841630e+00
4.200000e-06	8.872749e-03	-8.830508e+00
4.210000e-06	9.179280e-03	-8.872087e+00
4.220000e-06	9.033109e-03	-8.840556e+00
4.230000e-06	9.151431e-03	-8.840026e+00
4.240000e-06	1.088721e-02	-8.829025e+00
4.250000e-06	1.278137e-02	-8.724349e+00
4.260000e-06	1.376449e-02	-8.735317e+00
4.270000e-06	1.533590e-02	-8.692841e+00
4.280000e-06	1.651556e-02	-8.641526e+00
4.290000e-06	1.864299e-02	-8.566198e+00
4.300000e-06	1.965558e-02	-8.512667e+00
4.310000e-06	1.954960e-02	-8.481611e+00
4.320000e-06	2.000843e-02	-8.419977e+00
4.330000e-06	2.148311e-02	-8.346899e+00
4.340000e-06	2.105610e-02	-8.305239e+00
4.350000e-06	1.990947e-02	-8.261159e+00
4.360000e-06	1.825082e-02	-8.229929e+00
4.370000e-06	1.787566e-02	-8.145764e+00
4.380000e-06	1.555339e-02	-8.052162e+00
4.390000e-06	1.322775e-02	-8.031501e+00
4.400000e-06	1.301711e-02	-7.978400e+00
4.410000e-06	1.062256e-02	-7.832185e+00
4.420000e-06	1.000975e-02	-7.746266e+00
4.430000e-06	7.346684e-03	-7.641458e+00
4.440000e-06	7.254539e-03	-7.567768e+00
4.450000e-06	4.758971e-03	-7.470583e+00
4.460000e-06	5.453893e-03	-7.355395e+00
4.470000e-06	5.468750e-03	-7.312632e+00
4.480000e-06	4.195994e-03	-7.199553e+00
4.490000e-06	3.565662e-03	-7.125316e+00
4.500000e-06	3.264709e-03	-6.989450e+00
4.510000e-06	2.166183e-03	-6.881608e+00
4.520000e-06	8.587020e-04	-6.808428e+00
4.530000e-06	2.900632e-03	-6.684281e+00
4.540000e-06	2.722394e-03	-6.576922e+00
4.550000e-06	1.452524e-03	-6.453055e+00
4.560000e-06	3.318014e-04	-6.369449e+00
4.570000e-06	1.245233e-03	-6.211108e+00
4.580000e-06	9.658829e-04	-6.061631e+00
4.590000e-06	-1.767055e-03	-5.957922e+00
4.600000e-06	-8.033515e-04	-5.893084e+00
4.610000e-06	2.025433e-04	-5.725388e+00
4.620000e-06	-9.323390e-04	-5.540527e+00
4.630000e-06	-1.213952e-03	-5.493165e+00
4.640000e-06	-1.328597e-03	-5.283113e+00
4.650000e-06	-1.273785e-03	-5.126772e+00
4.660000e-06	-2.593457e-03	-5.018379e+00
4.670000e-06	-2.736102e-03	-4.820525e+00
4.680000e-06	-2.405700e-03	-4.621981e+00
4.690000e-06	-3.215100e-03	-4.565819e+00
4.700000e-06	-3.104022e-03	-4.410076e+00
4.710000e-06	-2.947660e-03	-4.254841e+00
4.720000e-06	-2.506942e-03	-4.156944e+00
4.730000e-06	-4.186550e-03	-4.030051e+00
4.740000e-06	-2.621516e-03	-3.905345e+00
4.750000e-06	-3.157049e-03	-3.703237e+00
4.760000e-06	-1.483894e-03	-3.597947e+00
4.770000e-06	-4.887087e-03	-3.452079e+00
4.780000e-06	-2.606703e-03	-3.253237e+00
4.790000e-06	-4.088745e-03	-3.178319e+00
4.800000e-06	-1.622153e-03	-2.916894e+00
4.810000e-06	-3.122430e-03	-2.789499e+00
4.820000e-06	-3.473418e-03	-2.682136e+00
4.830000e-06	-3.174467e-03	-2.495283e+00
4.840000e-06	-4.235570e-03	-2.356920e+00
4.850000e-06	-3.760535e-03	-2.156992e+00
4.860000e-06	-3.945459e-03	-2.019501e+00
4.870000e-06	-3.419196e-03	-1.842683e+00
4.880000e-06	-4.359310e-03	-1.714708e+00
4.890000e-06	-3.682752e-03	-1.567900e+00
4.900000e-06	-4.031368e-03	-1.355886e+00
4.910000e-06	-1.998803e-03	-1.195917e+00
4.920000e-06	-3.533762e-03	-9.484727e-01
4.930000e-06	-2.977495e-03	-8.001530e-01
4.940000e-06	-5.738695e-03	-6.336879e-01
4.950000e-06	-3.977703e-03	-4.747017e-01
4.960000e-06	-5.613760e-03	-3.157947e-01
4.970000e-06	-5.380062e-03	-1.584199e-01
4.980000e-06	-2.960765e-03	-1.555438e-03
4.990000e-06	2.182289e-03	1.582469e-01
5.000000e-06	-1.629124e-04	3.567432e-01
5.010000e-06	-4.679513e-04	4.526563e-01
5.020000e-06	2.687412e-04	6.005261e-01
5.030000e-06	-1.948626e-03	8.059694e-01
5.040000e-06	-3.808768e-03	8.336829e-01
5.050000e-06	-1.733025e-03	1.104057e+00
5.060000e-06	8.354064e-03	1.231631e+00
5.070000e-06	5.112249e-02	1.399498e+00
5.080000e-06	3.607188e-02	1.714163e+00
5.090000e-06	-5.736516e-02	1.872634e+00
5.100000e-06	-3.561818e-02	1.990946e+00
5.110000e-06	-9.140062e-02	2.145768e+00
5.120000e-06	2.267696e-02	2.209503e+00
5.130000e-06	1.485602e-01	2.369345e+00
5.140000e-06	-1.526372e-01	2.474739e+00
5.150000e-06	3.478550e-02	2.680057e+00
5.160000e-06	1.065814e-01	2.831027e+00
5.170000e-06	-1.589087e-01	2.999851e+00
5.180000e-06	4.909350e-02	3.125661e+00
5.190000e-06	1.039029e-01	3.253105e+00
5.200000e-06	-1.528770e-01	3.471453e+00
5.210000e-06	7.898705e-02	3.597897e+00
5.220000e-06	2.309546e-02	3.775668e+00
5.230000e-06	-7.567761e-02	3.874140e+00
5.240000e-06	5.732796e-02	4.022526e+00
5.250000e-06	-4.334912e-02	4.220525e+00
5.260000e-06	-9.851455e-03	4.378445e+00
5.270000e-06	2.897282e-02	4.543668e+00
5.280000e-06	-2.399067e-02	4.672612e+00
5.290000e-06	1.717648e-02	4.799451e+00
5.300000e-06	1.633084e-02	5.018323e+00
5.310000e-06	-2.650046e-02	5.160426e+00
5.320000e-06	-2.098777e-02	5.355641e+00
5.330000e-06	5.038110e-03	5.463660e+00
5.340000e-06	3.355160e-02	5.588397e+00
5.350000e-06	-3.363789e-02	5.662105e+00
5.360000e-06	2.013725e-03	5.809955e+00
5.370000e-06	1.236432e-03	5.998922e+00
5.380000e-06	-1.174083e-02	6.104114e+00
5.390000e-06	5.731154e-03	6.209449e+00
5.400000e-06	-2.049870e-02	6.344215e+00
5.410000e-06	2.123833e-02	6.399549e+00
5.420000e-06	-3.511306e-04	6.505665e+00
5.430000e-06	-2.418880e-02	6.692637e+00
5.440000e-06	-3.758855e-03	6.787949e+00
5.450000e-06	1.044696e-02	6.862608e+00
5.460000e-06	-3.688712e-03	6.995872e+00
5.470000e-06	-1.926297e-02	7.053128e+00
5.480000e-06	6.291263e-03	7.156817e+00
5.490000e-06	1.173227e-02	7.233560e+00
5.500000e-06	-1.682856e-02	7.406189e+00
5.510000e-06	-1.300558e-02	7.523567e+00
5.520000e-06	4.570478e-03	7.609423e+00
5.530000e-06	-2.497787e-04	7.693160e+00
5.540000e-06	-9.217119e-03	7.797346e+00
5.550000e-06	-8.279671e-03	7.871112e+00
5.560000e-06	6.037573e-03	8.007399e+00
5.570000e-06	-9.433269e-03	8.044083e+00
5.580000e-06	-8.402738e-03	8.185344e+00
5.590000e-06	-1.714285e-03	8.191002e+00
5.600000e-06	-2.116270e-03	8.304086e+00
5.610000e-06	-8.102997e-03	8.335317e+00
5.620000e-06	-6.750212e-03	8.358922e+00
5.630000e-06	1.453243e-03	8.422503e+00
5.640000e-06	-8.779591e-03	8.471608e+00
5.650000e-06	-8.843832e-03	8.483734e+00
5.660000e-06	-3.797452e-03	8.584870e+00
5.670000e-06	-2.417291e-03	8.610951e+00
5.680000e-06	-5.679875e-03	8.620978e+00
5.690000e-06	-6.753769e-03	8.682058e+00
5.700000e-06	-6.857170e-03	8.693036e+00
5.710000e-06	-8.862165e-03	8.734744e+00
5.720000e-06	-6.513222e-03	8.776870e+00
5.730000e-06	-5.002917e-03	8.767367e+00
5.740000e-06	-7.058468e-03	8.758398e+00
5.750000e-06	-1.029453e-02	8.830025e+00
5.760000e-06	-7.983989e-03	8.820976e+00
5.770000e-06	-6.994805e-03	8.810528e+00
5.780000e-06	-8.761639e-03	8.861054e+00
5.790000e-06	-9.396358e-03	8.842030e+00
5.800000e-06	-9.992559e-03	8.901029e+00
5.810000e-06	-9.264403e-03	8.853008e+00
5.820000e-06	-1.125439e-02	8.882053e+00
5.830000e-06	-1.022999e-02	8.882504e+00
5.840000e-06	-1.219677e-02	8.842005e+00
5.850000e-06	-1.193181e-02	8.842033e+00
5.860000e-06	-1.408878e-02	8.839504e+00
5.870000e-06	-1.329766e-02	8.849480e+00
5.880000e-06	-1.359065e-02	8.800450e+00
5.890000e-06	-1.713580e-02	8.778378e+00
5.900000e-06	-1.777241e-02	8.758892e+00
5.910000e-06	-1.968013e-02	8.705216e+00
5.920000e-06	-1.974709e-02	8.695764e+00
5.930000e-06	-2.053332e-02	8.681634e+00
5.940000e-06	-2.199243e-02	8.622506e+00
5.950000e-06	-2.428571e-02	8.618948e+00
5.960000e-06	-2.387368e-02	8.566395e+00
5.970000e-06	-2.563214e-02	8.492659e+00
5.980000e-06	-2.759136e-02	8.441556e+00
5.990000e-06	-2.649113e-02	8.439525e+00
6.000000e-06	-2.650976e-02	8.376398e+00
6.010000e-06	-2.515341e-02	8.303715e+00
6.020000e-06	-2.475598e-02	8.210577e+00
6.030000e-06	-2.153688e-02	8.146921e+00
6.040000e-06	-1.962722e-02	8.144683e+00
6.050000e-06	-1.949680e-02	8.018025e+00
6.060000e-06	-1.797048e-02	7.967362e+00
6.070000e-06	-1.743275e-02	7.901112e+00
6.080000e-06	-1.537517e-02	7.754774e+00
6.090000e-06	-1.333818e-02	7.712208e+00
6.100000e-06	-1.232710e-02	7.629454e+00
6.110000e-06	-1.195023e-02	7.515787e+00
6.120000e-06	-1.067306e-02	7.410449e+00
6.130000e-06	-1.255946e-02	7.252604e+00
6.140000e-06	-9.056413e-03	7.218945e+00
6.150000e-06	-1.157582e-02	7.103663e+00
6.160000e-06	-8.008231e-03	7.010480e+00
6.170000e-06	-1.030693e-02	6.893716e+00
6.180000e-06	-6.633550e-03	6.849450e+00
6.190000e-06	-9.050060e-03	6.725788e+00
6.200000e-06	-6.887678e-03	6.596395e+00
6.210000e-06	-7.733564e-03	6.450602e+00
6.220000e-06	-6.658387e-03	6.377371e+00
6.230000e-06	-6.747632e-03	6.251052e+00
6.240000e-06	-6.345329e-03	6.115235e+00
6.250000e-06	-6.175213e-03	5.999553e+00
6.260000e-06	-5.596496e-03	5.927718e+00
6.270000e-06	-5.958988e-03	5.714265e+00
6.280000e-06	-4.274214e-03	5.589446e+00
6.290000e-06	-6.199961e-03	5.501608e+00
6.300000e-06	-5.959709e-03	5.316266e+00
6.310000e-06	-6.023882e-03	5.249898e+00
6.320000e-06	-5.436704e-03	4.970078e+00
6.330000e-06	-4.988167e-03	4.831127e+00
6.340000e-06	-4.963817e-03	4.715182e+00
6.350000e-06	-3.893181e-03	4.558844e+00
6.360000e-06	-4.762529e-03	4.461604e+00
6.370000e-06	-4.741633e-03	4.305767e+00
6.380000e-06	-4.662494e-03	4.117366e+00
6.390000e-06	-5.027141e-03	3.978898e+00
6.400000e-06	-4.882303e-03	3.862180e+00
6.410000e-06	-4.691427e-03	3.724764e+00
6.420000e-06	-3.930638e-03	3.598498e+00
6.430000e-06	-4.175730e-03	3.421003e+00
6.440000e-06	-4.574331e-03	3.200132e+00
6.450000e-06	-4.821018e-03	3.124841e+00
6.460000e-06	-4.899992e-03	2.957871e+00
6.470000e-06	-3.901465e-03	2.801551e+00
6.480000e-06	-3.950520e-03	2.684209e+00
6.490000e-06	-4.533911e-03	2.442728e+00
6.500000e-06	-4.804240e-03	2.305212e+00
6.510000e-06	-3.770450e-03	2.147945e+00
6.520000e-06	-3.524960e-03	1.990551e+00
6.530000e-06	-3.819451e-03	1.883708e+00
6.540000e-06	-4.294465e-03	1.644232e+00
6.550000e-06	-3.276334e-03	1.496286e+00
6.560000e-06	-2.885806e-03	1.338395e+00
6.570000e-06	-4.822349e-03	1.188473e+00
6.580000e-06	-4.373438e-03	9.459424e-01
6.590000e-06	-4.934953e-03	7.794211e-01
6.600000e-06	-3.085859e-03	6.336504e-01
6.610000e-06	-3.692912e-03	4.636581e-01
6.620000e-06	-3.557812e-03	3.488422e-01
6.630000e-06	-4.015437e-03	1.053374e-01
6.640000e-06	-7.404329e-04	-2.202651e-02
6.650000e-06	2.725868e-03	-1.883720e-01
6.660000e-06	-6.575067e-04	-3.372705e-01
6.670000e-06	-9.132365e-05	-4.416015e-01
6.680000e-06	-1.636922e-03	-6.635062e-01
6.690000e-06	-1.078974e-03	-7.899512e-01
6.700000e-06	-2.160720e-03	-9.168430e-01
6.710000e-06	1.688536e-03	-1.053083e+00
6.720000e-06	2.616962e-02	-1.180976e+00
6.730000e-06	8.760453e-02	-1.391980e+00
6.740000e-06	-7.106866e-02	-1.683687e+00
6.750000e-06	-1.247842e-02	-1.915240e+00
6.760000e-06	-1.159020e-01	-2.011031e+00
6.770000e-06	3.805434e-02	-2.053709e+00
6.780000e-06	1.429184e-01	-2.085669e+00
6.790000e-06	-1.716517e-01	-2.420930e+00
6.800000e-06	4.226430e-02	-2.608926e+00
6.810000e-06	1.585818e-01	-2.633128e+00
6.820000e-06	-2.026913e-01	-2.830532e+00
6.830000e-06	6.202238e-02	-3.041061e+00
6.840000e-06	1.377421e-01	-3.188376e+00
6.850000e-06	-1.862857e-01	-3.356769e+00
6.860000e-06	1.150982e-01	-3.494109e+00
6.870000e-06	2.205521e-02	-3.568851e+00
6.880000e-06	-1.333902e-01	-3.840379e+00
6.890000e-06	1.501360e-01	-3.987321e+00
6.900000e-06	-1.106824e-01	-4.096267e+00
6.910000e-06	3.314187e-03	-4.253613e+00
6.920000e-06	1.184582e-01	-4.376292e+00
6.930000e-06	-1.513483e-01	-4.484264e+00
6.940000e-06	1.008507e-01	-4.684085e+00
6.950000e-06	1.003314e-02	-4.791032e+00
6.960000e-06	-5.995388e-02	-4.998375e+00
6.970000e-06	4.400087e-02	-5.095239e+00
6.980000e-06	-6.550268e-02	-5.242083e+00
6.990000e-06	8.782065e-02	-5.399476e+00
7.000000e-06	-4.074975e-02	-5.597921e+00
7.010000e-06	-2.574781e-02	-5.705689e+00
7.020000e-06	8.196626e-02	-5.791978e+00
7.030000e-06	-8.031881e-02	-5.955321e+00
7.040000e-06	3.285341e-02	-6.032530e+00
7.050000e-06	-2.676991e-02	-6.118342e+00
7.060000e-06	3.115339e-02	-6.365742e+00
7.070000e-06	4.353640e-02	-6.390605e+00
7.080000e-06	-9.840815e-02	-6.566269e+00
7.090000e-06	5.639045e-02	-6.611055e+00
7.100000e-06	-8.760428e-04	-6.756295e+00
7.110000e-06	-3.304606e-03	-6.820553e+00
7.120000e-06	-8.620664e-03	-6.915766e+00
7.130000e-06	-9.362664e-03	-7.113642e+00
7.140000e-06	5.597640e-02	-7.188921e+00
7.150000e-06	-5.673403e-02	-7.293689e+00
7.160000e-06	1.029927e-02	-7.387398e+00
7.170000e-06	1.252639e-02	-7.483033e+00
7.180000e-06	2.225219e-03	-7.555870e+00
7.190000e-06	-8.607046e-03	-7.661479e+00
7.200000e-06	-1.502488e-02	-7.776346e+00
7.210000e-06	3.957979e-02	-7.902188e+00
7.220000e-06	-1.857353e-02	-7.985270e+00
7.230000e-06	-5.643148e-03	-8.042980e+00
7.240000e-06	2.711931e-03	-8.123166e+00
7.250000e-06	8.057763e-03	-8.177872e+00
7.260000e-06	4.257715e-04	-8.240050e+00
7.270000e-06	-8.527089e-03	-8.283689e+00
7.280000e-06	1.539954e-02	-8.358340e+00
7.290000e-06	-5.989050e-03	-8.389450e+00
7.300000e-06	-2.507749e-03	-8.410978e+00
7.310000e-06	2.276289e-03	-8.474031e+00
7.320000e-06	7.083305e-03	-8.557270e+00
7.330000e-06	1.898925e-03	-8.625821e+00
7.340000e-06	-9.311867e-04	-8.661601e+00
7.350000e-06	3.115087e-03	-8.672112e+00
7.360000e-06	-7.878280e-04	-8.734291e+00
7.370000e-06	3.090742e-03	-8.768372e+00
7.380000e-06	3.083053e-03	-8.809925e+00
7.390000e-06	2.330493e-03	-8.819979e+00
7.400000e-06	-1.443723e-03	-8.860505e+00
7.410000e-06	5.344245e-03	-8.861060e+00
7.420000e-06	5.021528e-03	-8.843533e+00
7.430000e-06	9.516992e-04	-8.880537e+00
7.440000e-06	2.284245e-03	-8.881013e+00
7.450000e-06	5.899026e-03	-8.875188e+00
7.460000e-06	5.177925e-03	-8.891662e+00
7.470000e-06	3.304835e-03	-8.884214e+00
7.480000e-06	5.191666e-03	-8.882640e+00
7.490000e-06	5.459493e-03	-8.883155e+00
7.500000e-06	6.768720e-03	-8.883587e+00
7.510000e-06	6.180994e-03	-8.871582e+00
7.520000e-06	9.696620e-03	-8.852083e+00
7.530000e-06	8.368058e-03	-8.882533e+00
7.540000e-06	8.315219e-03	-8.851505e+00
7.550000e-06	1.109280e-02	-8.830478e+00
7.560000e-06	1.223654e-02	-8.798928e+00
7.570000e-06	1.356291e-02	-8.756369e+00
7.580000e-06	1.477112e-02	-8.736345e+00
7.590000e-06	1.649798e-02	-8.691686e+00
7.600000e-06	1.604820e-02	-8.629506e+00
7.610000e-06	1.835581e-02	-8.545742e+00
7.620000e-06	1.922225e-02	-8.533162e+00
7.630000e-06	2.094624e-02	-8.441058e+00
7.640000e-06	2.184120e-02	-8.398977e+00
7.650000e-06	2.155489e-02	-8.337365e+00
7.660000e-06	2.064960e-02	-8.274240e+00
7.670000e-06	1.883510e-02	-8.240081e+00
7.680000e-06	1.922035e-02	-8.157915e+00
7.690000e-06	1.684303e-02	-8.114838e+00
7.700000e-06	1.509703e-02	-8.052080e+00
7.710000e-06	1.447697e-02	-8.019475e+00
7.720000e-06	1.261798e-02	-7.927296e+00
7.730000e-06	1.019307e-02	-7.849030e+00
7.740000e-06	8.646849e-03	-7.731609e+00
7.750000e-06	7.982570e-03	-7.627950e+00
7.760000e-06	6.250940e-03	-7.525844e+00
7.770000e-06	5.335909e-03	-7.419079e+00
7.780000e-06	5.409950e-03	-7.335297e+00
7.790000e-06	6.368382e-03	-7.262204e+00
7.800000e-06	3.302392e-03	-7.189446e+00
7.810000e-06	2.983030e-03	-7.104311e+00
7.820000e-06	2.875402e-03	-6.945795e+00
7.830000e-06	1.914495e-03	-6.841054e+00
7.840000e-06	2.471584e-03	-6.777868e+00
7.850000e-06	2.516330e-03	-6.612555e+00
7.860000e-06	2.321017e-03	-6.547292e+00
7.870000e-06	4.321576e-04	-6.412053e+00
7.880000e-06	7.571395e-04	-6.306246e+00
7.890000e-06	9.576198e-04	-6.208022e+00
7.900000e-06	4.679528e-05	-6.040056e+00
7.910000e-06	-1.296212e-03	-5.947265e+00
7.920000e-06	8.523028e-06	-5.830504e+00
7.930000e-06	-3.100380e-04	-5.713734e+00
7.940000e-06	-2.005073e-03	-5.579417e+00
7.950000e-06	-1.893444e-03	-5.378104e+00
7.960000e-06	-1.325331e-03	-5.272554e+00
7.970000e-06	-2.064691e-03	-5.103687e+00
7.980000e-06	-3.297902e-03	-4.966393e+00
7.990000e-06	-2.585498e-03	-4.737310e+00
8.000000e-06	-1.923984e-03	-4.599530e+00
8.010000e-06	-2.018812e-03	-4.512237e+00
8.020000e-06	-3.081713e-03	-4.408974e+00
8.030000e-06	-1.886554e-03	-4.273206e+00
8.040000e-06	-3.804304e-03	-4.136243e+00
8.050000e-06	-2.849150e-03	-4.009025e+00
8.060000e-06	-3.072813e-03	-3.853562e+00
8.070000e-06	-2.841928e-03	-3.663679e+00
8.080000e-06	-2.047465e-03	-3.546316e+00
8.090000e-06	-3.853789e-03	-3.418975e+00
8.100000e-06	-2.923614e-03	-3.272148e+00
8.110000e-06	-2.938407e-03	-3.083741e+00
8.120000e-06	-2.722517e-03	-2.913208e+00
8.130000e-06	-2.641394e-03	-2.747874e+00
8.140000e-06	-4.205925e-03	-2.629579e+00
8.150000e-06	-4.300510e-03	-2.492607e+00
8.160000e-06	-4.547146e-03	-2.283241e+00
8.170000e-06	-2.532558e-03	-2.083688e+00
8.180000e-06	-3.824060e-03	-1.978421e+00
8.190000e-06	-2.542956e-03	-1.819529e+00
8.200000e-06	-4.689087e-03	-1.662546e+00
8.210000e-06	-2.551348e-03	-1.492814e+00
8.220000e-06	-4.209340e-03	-1.252729e+00
8.230000e-06	-2.872649e-03	-1.063282e+00
8.240000e-06	-4.810608e-03	-9.578646e-01
8.250000e-06	-4.281205e-03	-7.899448e-01
8.260000e-06	-5.676695e-03	-6.205954e-01
8.270000e-06	-3.120177e-03	-4.015002e-01
8.280000e-06	-3.826424e-03	-2.742620e-01
8.290000e-06	-3.559514e-03	-1.038408e-01
8.300000e-06	-1.167246e-03	3.005394e-02
8.310000e-06	2.752112e-03	2.510537e-01
8.320000e-06	-3.354198e-03	3.689221e-01
8.330000e-06	1.132840e-03	5.437630e-01
8.340000e-06	-3.463561e-03	6.431362e-01
8.350000e-06	-1.471354e-03	7.883986e-01
8.360000e-06	-4.638783e-03	9.258157e-01
8.370000e-06	2.686114e-03	1.166339e+00
8.380000e-06	1.436557e-02	1.304264e+00
8.390000e-06	6.954581e-02	1.502760e+00
8.400000e-06	-9.471914e-03	1.786422e+00
8.410000e-06	-4.634284e-02	1.946717e+00
8.420000e-06	-4.721232e-02	2.031553e+00
8.430000e-06	-8.903761e-02	2.156847e+00
8.440000e-06	1.070771e-01	2.294130e+00
8.450000e-06	6.088111e-02	2.428979e+00
8.460000e-06	-1.776557e-01	2.514745e+00
8.470000e-06	1.488058e-01	2.713292e+00
8.480000e-06	-2.120962e-02	2.923635e+00
8.490000e-06	-1.250559e-01	3.009531e+00
8.500000e-06	1.215770e-01	3.135343e+00
8.510000e-06	1.188050e-03	3.284716e+00
8.520000e-06	-1.214393e-01	3.544714e+00
8.530000e-06	1.266883e-01	3.621054e+00
8.540000e-06	-5.233579e-02	3.788976e+00
8.550000e-06	-2.498746e-02	3.956218e+00
8.560000e-06	4.701248e-02	4.085057e+00
8.570000e-06	-6.417341e-02	4.302106e+00
8.580000e-06	2.205425e-02	4.392026e+00
8.590000e-06	5.163054e-03	4.566826e+00
8.600000e-06	-1.409334e-02	4.685168e+00
8.610000e-06	2.242793e-02	4.823580e+00
8.620000e-06	-2.406390e-03	5.072608e+00
8.630000e-06	-2.808593e-02	5.231050e+00
8.640000e-06	-1.692477e-02	5.387416e+00
8.650000e-06	2.602388e-02	5.495637e+00
8.660000e-06	9.442705e-03	5.599899e+00
8.670000e-06	-3.360950e-02	5.716288e+00
8.680000e-06	1.120109e-02	5.924164e+00
8.690000e-06	-4.927128e-03	5.991522e+00
8.700000e-06	-6.274521e-03	6.125765e+00
8.710000e-06	-9.449173e-04	6.202051e+00
8.720000e-06	-1.329191e-02	6.326791e+00
8.730000e-06	2.745375e-02	6.389978e+00
8.740000e-06	-1.841024e-02	6.538272e+00
8.750000e-06	-1.929403e-02	6.744221e+00
8.760000e-06	6.938786e-03	6.799530e+00
8.770000e-06	7.180880e-03	6.893211e+00
8.780000e-06	-1.003711e-02	6.988872e+00
8.790000e-06	-1.807105e-02	7.083710e+00
8.800000e-06	1.936128e-02	7.199924e+00
8.810000e-06	-3.339746e-03	7.261632e+00
8.820000e-06	-1.754154e-02	7.377377e+00
8.830000e-06	-7.623775e-03	7.525662e+00
8.840000e-06	7.610275e-03	7.659530e+00
8.850000e-06	-4.332200e-03	7.714187e+00
8.860000e-06	-1.288816e-02	7.808972e+00
8.870000e-06	-6.635631e-04	7.924137e+00
8.880000e-06	1.434452e-03	8.090057e+00
8.890000e-06	-1.038007e-02	8.074613e+00
8.900000e-06	-6.828903e-03	8.167868e+00
8.910000e-06	5.704474e-04	8.281579e+00
8.920000e-06	-5.448668e-03	8.283687e+00
8.930000e-06	-8.822028e-03	8.337342e+00
8.940000e-06	-3.362710e-03	8.390454e+00
8.950000e-06	-1.523905e-03	8.482031e+00
8.960000e-06	-1.047805e-02	8.483133e+00
8.970000e-06	-7.371479e-03	8.554215e+00
8.980000e-06	-2.567087e-03	8.598347e+00
8.990000e-06	-4.357802e-03	8.629953e+00
9.000000e-06	-5.677108e-03	8.609529e+00
9.010000e-06	-7.538703e-03	8.692161e+00
9.020000e-06	-6.858691e-03	8.704415e+00
9.030000e-06	-1.008673e-02	8.724290e+00
9.040000e-06	-4.683884e-03	8.797393e+00
9.050000e-06	-4.618122e-03	8.767918e+00
9.060000e-06	-8.749978e-03	8.768924e+00
9.070000e-06	-9.197687e-03	8.799429e+00
9.080000e-06	-9.057559e-03	8.820501e+00
9.090000e-06	-7.043542e-03	8.860478e+00
9.100000e-06	-1.106306e-02	8.821560e+00
9.110000e-06	-8.169855e-03	8.812535e+00
9.120000e-06	-1.019922e-02	8.892530e+00
9.130000e-06	-9.466698e-03	8.871085e+00
9.140000e-06	-1.077066e-02	8.852080e+00
9.150000e-06	-9.976428e-03	8.872054e+00
9.160000e-06	-1.169624e-02	8.881007e+00
9.170000e-06	-1.365094e-02	8.862030e+00
9.180000e-06	-1.338218e-02	8.830002e+00
9.190000e-06	-1.419900e-02	8.839471e+00
9.200000e-06	-1.501602e-02	8.810976e+00
9.210000e-06	-1.856551e-02	8.746948e+00
9.220000e-06	-1.720772e-02	8.747369e+00
9.230000e-06	-1.804796e-02	8.734240e+00
9.240000e-06	-1.937323e-02	8.684686e+00
9.250000e-06	-2.112060e-02	8.670135e+00
9.260000e-06	-2.233985e-02	8.640501e+00
9.270000e-06	-2.469977e-02	8.579325e+00
9.280000e-06	-2.560459e-02	8.555214e+00
9.290000e-06	-2.619251e-02	8.482082e+00
9.300000e-06	-2.799196e-02	8.432553e+00
9.310000e-06	-2.593652e-02	8.438476e+00
9.320000e-06	-2.621327e-02	8.335419e+00
9.330000e-06	-2.555711e-02	8.291632e+00
9.340000e-06	-2.525047e-02	8.189428e+00
9.350000e-06	-2.262252e-02	8.136241e+00
9.360000e-06	-2.053652e-02	8.082682e+00
9.370000e-06	-2.068697e-02	7.999954e+00
9.380000e-06	-1.534168e-02	7.915240e+00
9.390000e-06	-1.785587e-02	7.848949e+00
9.400000e-06	-1.403316e-02	7.746370e+00
9.410000e-06	-1.438153e-02	7.653182e+00
9.420000e-06	-1.140766e-02	7.560521e+00
9.430000e-06	-1.268882e-02	7.513229e+00
9.440000e-06	-1.121050e-02	7.395795e+00
9.450000e-06	-1.101359e-02	7.262028e+00
9.460000e-06	-9.803538e-03	7.156820e+00
9.470000e-06	-1.009630e-02	7.082105e+00
9.480000e-06	-8.159660e-03	6.976316e+00
9.490000e-06	-7.932783e-03	6.892083e+00
9.500000e-06	-8.031268e-03	6.790446e+00
9.510000e-06	-7.867994e-03	6.675610e+00
9.520000e-06	-6.856232e-03	6.545209e+00
9.530000e-06	-7.157516e-03	6.429528e+00
9.540000e-06	-7.062121e-03	6.304310e+00
9.550000e-06	-5.828857e-03	6.189952e+00
9.560000e-06	-5.700793e-03	6.052657e+00
9.570000e-06	-6.441869e-03	6.008925e+00
9.580000e-06	-6.230785e-03	5.842053e+00
9.590000e-06	-5.577842e-03	5.692705e+00
9.600000e-06	-5.884696e-03	5.597893e+00
9.610000e-06	-5.494696e-03	5.410577e+00
9.620000e-06	-5.032744e-03	5.304258e+00
9.630000e-06	-5.151601e-03	5.146843e+00
9.640000e-06	-5.748707e-03	4.954790e+00
9.650000e-06	-5.419571e-03	4.767971e+00
9.660000e-06	-4.667653e-03	4.651653e+00
9.670000e-06	-5.016371e-03	4.503791e+00
9.680000e-06	-4.836530e-03	4.410050e+00
9.690000e-06	-4.551555e-03	4.282684e+00
9.700000e-06	-5.044254e-03	4.063132e+00
9.710000e-06	-4.905896e-03	3.947347e+00
9.720000e-06	-4.826905e-03	3.820525e+00
9.730000e-06	-3.831652e-03	3.662657e+00
9.740000e-06	-4.550088e-03	3.546892e+00
9.750000e-06	-5.234344e-03	3.375870e+00
9.760000e-06	-4.709999e-03	3.198998e+00
9.770000e-06	-3.800211e-03	3.063162e+00
9.780000e-06	-4.316178e-03	2.896336e+00
9.790000e-06	-4.885605e-03	2.769424e+00
9.800000e-06	-4.211009e-03	2.569074e+00
9.810000e-06	-3.609634e-03	2.430052e+00
9.820000e-06	-4.133497e-03	2.253203e+00
9.830000e-06	-4.167805e-03	2.104685e+00
9.840000e-06	-4.795115e-03	1.988500e+00
9.850000e-06	-3.945499e-03	1.781175e+00
9.860000e-06	-3.765213e-03	1.572629e+00
9.870000e-06	-3.729486e-03	1.460606e+00
9.880000e-06	-4.073052e-03	1.264735e+00
9.890000e-06	-4.014264e-03	1.117266e+00
9.900000e-06	-3.723461e-03	8.947085e-01
9.910000e-06	-2.970247e-03	7.063873e-01
9.920000e-06	-4.529488e-03	5.879463e-01
9.930000e-06	-3.665547e-03	4.405527e-01
9.940000e-06	-3.913446e-03	2.538083e-01
9.950000e-06	-3.638249e-03	5.368172e-02
9.960000e-06	1.070274e-03	-7.418527e-02
9.970000e-06	3.230692e-03	-2.115288e-01
9.980000e-06	-1.787855e-03	-3.678734e-01
9.990000e-06	1.759259e-03	-4.832115e-01
1.000000e-05	-3.423934e-03	-6.836390e-01
1.001000e-05	-8.085215e-04	-8.510515e-01
1.002000e-05	-2.698633e-03	-9.473420e-01
1.003000e-05	7.113387e-03	-1.144163e+00
1.004000e-05	5.509668e-02	-1.233558e+00
1.005000e-05	4.149275e-02	-1.526616e+00
1.006000e-05	-7.282187e-02	-1.758372e+00
1.007000e-05	-1.960148e-02	-1.967923e+00
1.008000e-05	-1.300613e-01	-2.063630e+00
1.009000e-05	1.448183e-01	-2.051583e+00
1.010000e-05	4.460087e-02	-2.188896e+00
1.011000e-05	-1.994805e-01	-2.484064e+00
1.012000e-05	1.561006e-01	-2.620476e+00
1.013000e-05	-2.916960e-03	-2.694185e+00
1.014000e-05	-1.997371e-01	-2.967264e+00
1.015000e-05	1.642590e-01	-3.136239e+00
1.016000e-05	9.810107e-03	-3.200026e+00
1.017000e-05	-1.470809e-01	-3.420352e+00
1.018000e-05	1.842570e-01	-3.483667e+00
1.019000e-05	-1.151442e-01	-3.652050e+00
1.020000e-05	-1.702586e-02	-3.881589e+00
1.021000e-05	1.025170e-01	-3.998475e+00
1.022000e-05	-1.481954e-01	-4.187352e+00
1.023000e-05	1.069076e-01	-4.283189e+00
1.024000e-05	1.393967e-02	-4.398871e+00
1.025000e-05	-1.098171e-01	-4.547847e+00
1.026000e-05	1.363980e-01	-4.745589e+00
1.027000e-05	-6.923659e-02	-4.842585e+00
1.028000e-05	-1.531899e-03	-5.049500e+00
1.029000e-05	3.668450e-03	-5.146212e+00
1.030000e-05	-3.488321e-02	-5.294089e+00
1.031000e-05	9.311732e-02	-5.511008e+00
1.032000e-05	-9.639262e-02	-5.629079e+00
1.033000e-05	5.071872e-02	-5.778267e+00
1.034000e-05	2.206565e-02	-5.868584e+00
1.035000e-05	-6.636602e-02	-5.968370e+00
1.036000e-05	4.561075e-02	-6.001054e+00
1.037000e-05	-4.773404e-02	-6.198455e+00
1.038000e-05	8.192419e-02	-6.376324e+00
1.039000e-05	-3.272332e-02	-6.471580e+00
1.040000e-05	-5.701846e-02	-6.607318e+00
1.041000e-05	6.598696e-02	-6.651160e+00
1.042000e-05	-2.440019e-02	-6.787925e+00
1.043000e-05	1.413257e-02	-6.841033e+00
1.044000e-05	-3.249445e-02	-6.997801e+00
1.045000e-05	3.197694e-02	-7.115791e+00
1.046000e-05	1.845651e-02	-7.231006e+00
1.047000e-05	-5.169293e-02	-7.305197e+00
1.048000e-05	2.758124e-02	-7.390402e+00
1.049000e-05	5.964396e-04	-7.544114e+00
1.050000e-05	6.724925e-03	-7.568350e+00
1.051000e-05	-2.284201e-02	-7.693587e+00
1.052000e-05	8.485481e-03	-7.817826e+00
1.053000e-05	2.732854e-02	-7.944243e+00
1.054000e-05	-2.440652e-02	-8.008422e+00
1.055000e-05	1.405613e-03	-8.053606e+00
1.056000e-05	1.375041e-03	-8.165214e+00
1.057000e-05	1.020076e-02	-8.207425e+00
1.058000e-05	-6.688575e-03	-8.270982e+00
1.059000e-05	6.234194e-05	-8.343215e+00
1.060000e-05	1.073428e-02	-8.386321e+00
1.061000e-05	-9.135810e-03	-8.390403e+00
1.062000e-05	1.547843e-03	-8.421532e+00
1.063000e-05	3.630863e-03	-8.513161e+00
1.064000e-05	6.025153e-03	-8.566091e+00
1.065000e-05	3.647470e-04	-8.595849e+00
1.066000e-05	1.050521e-04	-8.651158e+00
1.067000e-05	3.013363e-03	-8.743686e+00
1.068000e-05	-1.038654e-03	-8.734420e+00
1.069000e-05	3.153454e-03	-8.786446e+00
1.070000e-05	3.503399e-03	-8.789926e+00
1.071000e-05	1.136041e-03	-8.829551e+00
1.072000e-05	5.930579e-04	-8.852029e+00
1.073000e-05	6.378727e-03	-8.832034e+00
1.074000e-05	3.823972e-03	-8.862004e+00
1.075000e-05	-9.243182e-04	-8.862108e+00
1.076000e-05	5.175316e-03	-8.895062e+00
1.077000e-05	4.988678e-03	-8.883634e+00
1.078000e-05	6.425558e-03	-8.903112e+00
1.079000e-05	3.084332e-03	-8.874136e+00
1.080000e-05	5.697437e-03	-8.894635e+00
1.081000e-05	6.348762e-03	-8.854134e+00
1.082000e-05	5.299539e-03	-8.871560e+00
1.083000e-05	7.351828e-03	-8.842657e+00
1.084000e-05	9.433331e-03	-8.832510e+00
1.085000e-05	1.003704e-02	-8.871530e+00
1.086000e-05	1.030184e-02	-8.850455e+00
1.087000e-05	1.062641e-02	-8.797974e+00
1.088000e-05	1.285567e-02	-8.778946e+00
1.089000e-05	1.364935e-02	-8.744921e+00
1.090000e-05	1.496849e-02	-8.683241e+00
1.091000e-05	1.727436e-02	-8.653456e+00
1.092000e-05	1.823314e-02	-8.580475e+00
1.093000e-05	2.051967e-02	-8.514842e+00
1.094000e-05	1.851685e-02	-8.493011e+00
1.095000e-05	1.953893e-02	-8.429551e+00
1.096000e-05	2.096260e-02	-8.378398e+00
1.097000e-05	2.206233e-02	-8.337320e+00
1.098000e-05	2.102976e-02	-8.283084e+00
1.099000e-05	1.863589e-02	-8.241501e+00
1.100000e-05	1.894107e-02	-8.156320e+00
1.101000e-05	1.641654e-02	-8.083211e+00
1.102000e-05	1.501289e-02	-7.961056e+00
1.103000e-05	1.283120e-02	-7.990972e+00
1.104000e-05	1.075841e-02	-7.862288e+00
1.105000e-05	1.050674e-02	-7.746904e+00
1.106000e-05	8.461871e-03	-7.691583e+00
1.107000e-05	8.068607e-03	-7.568368e+00
1.108000e-05	6.497473e-03	-7.512639e+00
1.109000e-05	6.003744e-03	-7.440474e+00
1.110000e-05	5.789982e-03	-7.312740e+00
1.111000e-05	4.921841e-03	-7.229505e+00
1.112000e-05	3.370964e-03	-7.137945e+00
1.113000e-05	4.040025e-03	-7.061978e+00
1.114000e-05	3.255173e-03	-6.933111e+00
1.115000e-05	1.875982e-03	-6.839998e+00
1.116000e-05	2.140219e-03	-6.714810e+00
1.117000e-05	2.491516e-03	-6.600503e+00
1.118000e-05	1.809012e-03	-6.502687e+00
1.119000e-05	-2.051482e-04	-6.390025e+00
1.120000e-05	1.373721e-03	-6.296285e+00
1.121000e-05	1.296433e-03	-6.103239e+00
1.122000e-05	3.696624e-04	-6.008450e+00
1.123000e-05	-1.271442e-03	-5.916213e+00
1.124000e-05	1.027258e-04	-5.767946e+00
1.125000e-05	-2.908068e-04	-5.660024e+00
1.126000e-05	-2.212313e-03	-5.487292e+00
1.127000e-05	-1.314746e-03	-5.317696e+00
1.128000e-05	-4.319225e-04	-5.157897e+00
1.129000e-05	-2.904222e-03	-5.031557e+00
1.130000e-05	-2.252366e-03	-4.894262e+00
1.131000e-05	-9.132135e-04	-4.674034e+00
1.132000e-05	-2.449176e-03	-4.588420e+00
1.133000e-05	-2.906756e-03	-4.471605e+00
1.134000e-05	-2.977655e-03	-4.316849e+00
1.135000e-05	-2.118683e-03	-4.232477e+00
1.136000e-05	-3.688982e-03	-4.072661e+00
1.137000e-05	-1.616482e-03	-3.918896e+00
1.138000e-05	-3.960291e-03	-3.745940e+00
1.139000e-05	-1.790661e-03	-3.629550e+00
1.140000e-05	-4.022635e-03	-3.474686e+00
1.141000e-05	-3.347019e-03	-3.337293e+00
1.142000e-05	-3.623985e-03	-3.208446e+00
1.143000e-05	-2.033024e-03	-3.023123e+00
1.144000e-05	-3.535173e-03	-2.833050e+00
1.145000e-05	-3.157560e-03	-2.714392e+00
1.146000e-05	-4.120050e-03	-2.549419e+00
1.147000e-05	-3.708146e-03	-2.391025e+00
1.148000e-05	-4.198507e-03	-2.213159e+00
1.149000e-05	-2.879782e-03	-2.022155e+00
1.150000e-05	-3.081237e-03	-1.893337e+00
1.151000e-05	-3.145645e-03	-1.768872e+00
1.152000e-05	-3.690053e-03	-1.612025e+00
1.153000e-05	-3.263183e-03	-1.367947e+00
1.154000e-05	-3.509517e-03	-1.189079e+00
1.155000e-05	-3.689687e-03	-1.042177e+00
1.156000e-05	-4.015093e-03	-8.747119e-01
1.157000e-05	-5.205588e-03	-7.158672e-01
1.158000e-05	-4.028524e-03	-4.669171e-01
1.159000e-05	-4.214700e-03	-3.985260e-01
1.160000e-05	-3.684284e-03	-2.210786e-01
1.161000e-05	-3.051238e-03	-4.315664e-02
1.162000e-05	-1.954933e-04	5.255639e-02
1.163000e-05	1.478558e-03	2.950652e-01
1.164000e-05	-2.885544e-03	4.210276e-01
1.165000e-05	1.437265e-03	5.553284e-01
1.166000e-05	-3.788531e-03	7.152117e-01
1.167000e-05	-2.569179e-03	8.305248e-01
1.168000e-05	-4.486309e-03	1.037902e+00
1.169000e-05	6.157550e-03	1.187925e+00
1.170000e-05	2.908838e-02	1.327870e+00
1.171000e-05	6.585611e-02	1.609423e+00
1.172000e-05	-4.574966e-02	1.789074e+00
1.173000e-05	-3.601538e-02	1.977897e+00
1.174000e-05	-6.984707e-02	2.113659e+00
1.175000e-05	-5.091952e-02	2.189472e+00
1.176000e-05	1.607913e-01	2.294266e+00
1.177000e-05	-5.423602e-02	2.462609e+00
1.178000e-05	-1.057041e-01	2.597429e+00
1.179000e-05	1.763269e-01	2.767842e+00
1.180000e-05	-1.147163e-01	2.958367e+00
1.181000e-05	-4.433626e-02	3.075135e+00
1.182000e-05	1.457871e-01	3.209346e+00
1.183000e-05	-1.010618e-01	3.387342e+00
1.184000e-05	-2.490625e-02	3.586841e+00
1.185000e-05	1.007325e-01	3.654236e+00
1.186000e-05	-8.717869e-02	3.841555e+00
1.187000e-05	2.672098e-02	3.998502e+00
1.188000e-05	5.565832e-03	4.137270e+00
1.189000e-05	-4.268327e-02	4.355316e+00
1.190000e-05	3.780565e-02	4.442605e+00
1.191000e-05	-1.654729e-02	4.650477e+00
1.192000e-05	2.568287e-03	4.757818e+00
1.193000e-05	2.361701e-02	4.896173e+00
1.194000e-05	-1.889494e-02	5.152763e+00
1.195000e-05	-2.594157e-02	5.303109e+00
1.196000e-05	-1.079138e-02	5.410453e+00
1.197000e-05	3.815916e-02	5.515815e+00
1.198000e-05	-1.685138e-02	5.640007e+00
1.199000e-05	-1.626129e-02	5.747373e+00
1.200000e-05	8.630341e-03	5.965842e+00
1.201000e-05	-1.068932e-02	6.041530e+00
1.202000e-05	1.225772e-03	6.177324e+00
1.203000e-05	-1.213645e-02	6.302612e+00
1.204000e-05	3.981784e-03	6.366846e+00
1.205000e-05	1.751587e-02	6.492582e+00
1.206000e-05	-2.450778e-02	6.638531e+00
1.207000e-05	-1.236165e-02	6.767871e+00
1.208000e-05	1.109533e-02	6.842008e+00
1.209000e-05	9.840882e-04	6.936164e+00
1.210000e-05	-1.443545e-02	7.020004e+00
1.211000e-05	-9.342488e-03	7.126774e+00
1.212000e-05	1.998692e-02	7.200475e+00
1.213000e-05	-1.159950e-02	7.276159e+00
1.214000e-05	-1.486907e-02	7.459058e+00
1.215000e-05	-1.463376e-03	7.596373e+00
1.216000e-05	3.952310e-03	7.671533e+00
1.217000e-05	-6.362045e-03	7.765793e+00
1.218000e-05	-1.278172e-02	7.861549e+00
1.219000e-05	5.112616e-03	7.965693e+00
1.220000e-05	-5.835878e-03	8.052031e+00
1.221000e-05	-8.820879e-03	8.127741e+00
1.222000e-05	-4.692300e-03	8.187452e+00
1.223000e-05	-4.035373e-04	8.272184e+00
1.224000e-05	-6.554665e-03	8.334242e+00
1.225000e-05	-8.004016e-03	8.357894e+00
1.226000e-05	-9.144809e-04	8.400953e+00
1.227000e-05	-6.159772e-03	8.482533e+00
1.228000e-05	-9.690989e-03	8.493167e+00
1.229000e-05	-4.886284e-03	8.525820e+00
1.230000e-05	-1.089675e-03	8.568926e+00
1.231000e-05	-5.528176e-03	8.640502e+00
1.232000e-05	-5.268396e-03	8.691556e+00
1.233000e-05	-6.096854e-03	8.722708e+00
1.234000e-05	-8.084004e-03	8.704766e+00
1.235000e-05	-8.035751e-03	8.746845e+00
1.236000e-05	-4.467406e-03	8.787818e+00
1.237000e-05	-5.794207e-03	8.769473e+00
1.238000e-05	-1.089212e-02	8.758950e+00
1.239000e-05	-8.527138e-03	8.821476e+00
1.240000e-05	-8.017525e-03	8.840480e+00
1.241000e-05	-6.502184e-03	8.821554e+00
1.242000e-05	-1.043103e-02	8.872534e+00
1.243000e-05	-8.944203e-03	8.872008e+00
1.244000e-05	-9.769982e-03	8.882557e+00
1.245000e-05	-1.099476e-02	8.873605e+00
1.246000e-05	-1.157706e-02	8.862608e+00
1.247000e-05	-1.149852e-02	8.861579e+00
1.248000e-05	-1.191997e-02	8.852032e+00
1.249000e-05	-1.356802e-02	8.842529e+00
1.250000e-05	-1.304642e-02	8.788579e+00
1.251000e-05	-1.427986e-02	8.810999e+00
1.252000e-05	-1.554267e-02	8.808925e+00
1.253000e-05	-1.749922e-02	8.797870e+00
1.254000e-05	-1.894181e-02	8.735291e+00
1.255000e-05	-1.834212e-02	8.724762e+00
1.256000e-05	-2.019001e-02	8.693134e+00
1.257000e-05	-2.116764e-02	8.632581e+00
1.258000e-05	-2.447049e-02	8.608475e+00
1.259000e-05	-2.429470e-02	8.605846e+00
1.260000e-05	-2.576773e-02	8.514237e+00
1.261000e-05	-2.680678e-02	8.472083e+00
1.262000e-05	-2.668435e-02	8.430581e+00
1.263000e-05	-2.586873e-02	8.418998e+00
1.264000e-05	-2.631923e-02	8.327789e+00
1.265000e-05	-2.525991e-02	8.212552e+00
1.266000e-05	-2.284161e-02	8.208879e+00
1.267000e-05	-2.207076e-02	8.134215e+00
1.268000e-05	-1.953299e-02	8.049979e+00
1.269000e-05	-1.927922e-02	7.966798e+00
1.270000e-05	-1.544357e-02	7.865105e+00
1.271000e-05	-1.641666e-02	7.838974e+00
1.272000e-05	-1.371864e-02	7.703288e+00
1.273000e-05	-1.373846e-02	7.641506e+00
1.274000e-05	-1.313767e-02	7.568417e+00
1.275000e-05	-1.191802e-02	7.491082e+00
1.276000e-05	-1.170842e-02	7.323744e+00
1.277000e-05	-9.045416e-03	7.250553e+00
1.278000e-05	-1.017006e-02	7.114311e+00
1.279000e-05	-8.484630e-03	7.031554e+00
1.280000e-05	-9.282896e-03	6.934314e+00
1.281000e-05	-7.543739e-03	6.831052e+00
1.282000e-05	-9.207356e-03	6.777818e+00
1.283000e-05	-6.915193e-03	6.620099e+00
1.284000e-05	-6.932934e-03	6.472582e+00
1.285000e-05	-6.230532e-03	6.388421e+00
1.286000e-05	-7.307855e-03	6.282609e+00
1.287000e-05	-5.986432e-03	6.175889e+00
1.288000e-05	-5.871568e-03	6.051079e+00
1.289000e-05	-6.321513e-03	5.966471e+00
1.290000e-05	-6.139026e-03	5.877899e+00
1.291000e-05	-5.152374e-03	5.621576e+00
1.292000e-05	-5.449459e-03	5.505162e+00
1.293000e-05	-5.298497e-03	5.399526e+00
1.294000e-05	-4.547445e-03	5.263628e+00
1.295000e-05	-5.066875e-03	5.082736e+00
1.296000e-05	-5.748647e-03	4.871708e+00
1.297000e-05	-5.896816e-03	4.746367e+00
1.298000e-05	-5.080390e-03	4.640551e+00
1.299000e-05	-4.532842e-03	4.474154e+00
1.300000e-05	-4.638673e-03	4.378425e+00
1.301000e-05	-4.035782e-03	4.211499e+00
1.302000e-05	-4.090566e-03	4.020555e+00
1.303000e-05	-5.591805e-03	3.913188e+00
1.304000e-05	-4.806591e-03	3.757867e+00
1.305000e-05	-3.864750e-03	3.621530e+00
1.306000e-05	-4.274611e-03	3.476286e+00
1.307000e-05	-5.176591e-03	3.335808e+00
1.308000e-05	-4.816302e-03	3.187969e+00
1.309000e-05	-4.401265e-03	2.999100e+00
1.310000e-05	-3.989803e-03	2.854129e+00
1.311000e-05	-3.200327e-03	2.697891e+00
1.312000e-05	-3.604230e-03	2.564756e+00
1.313000e-05	-4.077977e-03	2.379020e+00
1.314000e-05	-3.854828e-03	2.220977e+00
1.315000e-05	-4.159990e-03	2.051705e+00
1.316000e-05	-4.660243e-03	1.917764e+00
1.317000e-05	-4.183755e-03	1.707990e+00
1.318000e-05	-4.237471e-03	1.579945e+00
1.319000e-05	-4.110718e-03	1.422101e+00
1.320000e-05	-2.866521e-03	1.221678e+00
1.321000e-05	-4.196775e-03	1.020599e+00
1.322000e-05	-3.497996e-03	8.627515e-01
1.323000e-05	-4.184192e-03	7.032356e-01
1.324000e-05	-3.409198e-03	4.958112e-01
1.325000e-05	-2.422485e-03	3.999213e-01
1.326000e-05	-3.164972e-03	2.215477e-01
1.327000e-05	-2.622808e-03	2.955158e-02
1.328000e-05	1.010266e-03	-1.567908e-01
1.329000e-05	1.729365e-03	-2.846353e-01
1.330000e-05	-2.424620e-03	-4.099998e-01
1.331000e-05	1.944390e-03	-5.158957e-01
1.332000e-05	-2.654990e-03	-7.883707e-01
1.333000e-05	-6.884776e-04	-9.031653e-01
1.334000e-05	-1.872434e-03	-1.009950e+00
1.335000e-05	1.331221e-02	-1.188417e+00
1.336000e-05	8.656679e-02	-1.304166e+00
1.337000e-05	-2.215090e-02	-1.570398e+00
1.338000e-05	-4.108262e-02	-1.862527e+00
1.339000e-05	-6.418632e-02	-2.019453e+00
1.340000e-05	-7.470351e-02	-2.031634e+00
1.341000e-05	1.815308e-01	-2.043205e+00
1.342000e-05	-7.140394e-02	-2.303167e+00
1.343000e-05	-1.128977e-01	-2.566798e+00
1.344000e-05	2.054431e-01	-2.609450e+00
1.345000e-05	-1.307923e-01	-2.726819e+00
1.346000e-05	-8.954957e-02	-3.009467e+00
1.347000e-05	1.943769e-01	-3.094817e+00
1.348000e-05	-1.151944e-01	-3.262634e+00
1.349000e-05	-2.045166e-02	-3.431583e+00
1.350000e-05	1.521668e-01	-3.566791e+00
1.351000e-05	-1.704083e-01	-3.655169e+00
1.352000e-05	9.746974e-02	-3.914768e+00
1.353000e-05	-2.944860e-03	-4.061057e+00
1.354000e-05	-1.012357e-01	-4.231530e+00
1.355000e-05	1.534521e-01	-4.356840e+00
1.356000e-05	-9.800308e-02	-4.391999e+00
1.357000e-05	-2.104608e-03	-4.621476e+00
1.358000e-05	9.757794e-02	-4.779197e+00
1.359000e-05	-9.152963e-02	-4.947269e+00
1.360000e-05	4.039763e-02	-5.030507e+00
1.361000e-05	-4.489844e-02	-5.168850e+00
1.362000e-05	2.829554e-02	-5.388776e+00
1.363000e-05	4.036268e-02	-5.526166e+00
1.364000e-05	-9.026082e-02	-5.661609e+00
1.365000e-05	9.436068e-02	-5.787891e+00
1.366000e-05	-4.293531e-02	-5.934189e+00
1.367000e-05	-1.687520e-02	-6.009976e+00
1.368000e-05	1.726282e-02	-6.072684e+00
1.369000e-05	-2.433606e-02	-6.292485e+00
1.370000e-05	8.857408e-02	-6.400002e+00
1.371000e-05	-8.963061e-02	-6.485614e+00
1.372000e-05	5.198961e-03	-6.618427e+00
1.373000e-05	3.966870e-02	-6.714265e+00
1.374000e-05	-2.242863e-02	-6.820399e+00
1.375000e-05	1.235327e-02	-6.853634e+00
1.376000e-05	-3.584803e-02	-7.044579e+00
1.377000e-05	5.897722e-02	-7.168824e+00
1.378000e-05	-2.765366e-02	-7.221558e+00
1.379000e-05	-2.276712e-02	-7.366796e+00
1.380000e-05	2.603434e-02	-7.441453e+00
1.381000e-05	-3.088761e-03	-7.545797e+00
1.382000e-05	4.247775e-03	-7.628949e+00
1.383000e-05	-2.734454e-02	-7.755614e+00
1.384000e-05	3.075962e-02	-7.889958e+00
1.385000e-05	2.974593e-03	-7.965192e+00
1.386000e-05	-1.759426e-02	-7.999981e+00
1.387000e-05	3.370589e-03	-8.083634e+00
1.388000e-05	3.432357e-03	-8.137317e+00
1.389000e-05	7.097139e-03	-8.180427e+00
1.390000e-05	-1.102763e-02	-8.293588e+00
1.391000e-05	9.965928e-03	-8.326295e+00
1.392000e-05	2.683795e-03	-8.387374e+00
1.393000e-05	-7.345709e-03	-8.440527e+00
1.394000e-05	2.708899e-03	-8.443039e+00
1.395000e-05	4.521368e-03	-8.515671e+00
1.396000e-05	4.371161e-03	-8.516196e+00
1.397000e-05	-8.921894e-04	-8.589438e+00
1.398000e-05	2.311277e-03	-8.712067e+00
1.399000e-05	8.434494e-04	-8.714762e+00
1.400000e-05	8.349719e-05	-8.797771e+00
1.401000e-05	4.368458e-03	-8.778001e+00
1.402000e-05	3.592108e-03	-8.800429e+00
1.403000e-05	-9.031591e-04	-8.851529e+00
1.404000e-05	2.859054e-03	-8.822007e+00
1.405000e-05	5.698333e-03	-8.883037e+00
1.406000e-05	2.109807e-03	-8.872135e+00
1.407000e-05	6.054395e-04	-8.890513e+00
1.408000e-05	6.045687e-03	-8.903563e+00
1.409000e-05	6.485324e-03	-8.892634e+00
1.410000e-05	3.895772e-03	-8.914614e+00
1.411000e-05	4.524913e-03	-8.874636e+00
1.412000e-05	6.482383e-03	-8.872657e+00
1.413000e-05	7.087647e-03	-8.853659e+00
1.414000e-05	5.369615e-03	-8.873063e+00
1.415000e-05	8.748868e-03	-8.862584e+00
1.416000e-05	9.717441e-03	-8.841579e+00
1.417000e-05	8.847441e-03	-8.852579e+00
1.418000e-05	9.430640e-03	-8.811003e+00
1.419000e-05	1.163903e-02	-8.789400e+00
1.420000e-05	1.384630e-02	-8.787920e+00
1.421000e-05	1.458520e-02	-8.745368e+00
1.422000e-05	1.528716e-02	-8.643163e+00
1.423000e-05	1.671080e-02	-8.620056e+00
1.424000e-05	1.819842e-02	-8.576846e+00
1.425000e-05	1.991734e-02	-8.534736e+00
1.426000e-05	1.893144e-02	-8.450530e+00
1.427000e-05	2.119475e-02	-8.409528e+00
1.428000e-05	2.174959e-02	-8.368374e+00
1.429000e-05	2.166611e-02	-8.304217e+00
1.430000e-05	1.910364e-02	-8.271606e+00
1.431000e-05	1.824256e-02	-8.219426e+00
1.432000e-05	1.858103e-02	-8.137741e+00
1.433000e-05	1.594315e-02	-8.093130e+00
1.434000e-05	1.409925e-02	-8.040052e+00
1.435000e-05	1.275310e-02	-7.968295e+00
1.436000e-05	1.060687e-02	-7.832179e+00
1.437000e-05	9.660003e-03	-7.794215e+00
1.438000e-05	8.847526e-03	-7.692050e+00
1.439000e-05	7.349749e-03	-7.527795e+00
1.440000e-05	5.481956e-03	-7.483054e+00
1.441000e-05	5.548908e-03	-7.379425e+00
1.442000e-05	5.474114e-03	-7.294088e+00
1.443000e-05	3.809795e-03	-7.219479e+00
1.444000e-05	3.554273e-03	-7.156291e+00
1.445000e-05	3.658948e-03	-6.969850e+00
1.446000e-05	2.367082e-03	-6.892082e+00
1.447000e-05	1.796923e-03	-6.779474e+00
1.448000e-05	2.235882e-03	-6.684138e+00
1.449000e-05	2.431353e-03	-6.589476e+00
1.450000e-05	1.257201e-03	-6.485132e+00
1.451000e-05	4.339639e-04	-6.359450e+00
1.452000e-05	7.675796e-04	-6.254632e+00
1.453000e-05	1.206630e-03	-6.055132e+00
1.454000e-05	-1.331537e-03	-5.988374e+00
1.455000e-05	7.947800e-05	-5.853658e+00
1.456000e-05	6.030021e-04	-5.755264e+00
1.457000e-05	-1.839031e-03	-5.591479e+00
1.458000e-05	-2.902214e-03	-5.433759e+00
1.459000e-05	9.790214e-05	-5.294687e+00
1.460000e-05	-3.972777e-04	-5.097317e+00
1.461000e-05	-2.236013e-03	-5.000578e+00
1.462000e-05	-2.743832e-03	-4.789947e+00
1.463000e-05	-1.562945e-03	-4.712556e+00
1.464000e-05	-2.550968e-03	-4.545893e+00
1.465000e-05	-2.507454e-03	-4.428974e+00
1.466000e-05	-3.254658e-03	-4.316716e+00
1.467000e-05	-1.500312e-03	-4.180446e+00
1.468000e-05	-3.209849e-03	-4.071573e+00
1.469000e-05	-7.167770e-04	-3.877267e+00
1.470000e-05	-4.084447e-03	-3.696236e+00
1.471000e-05	-1.172673e-03	-3.589448e+00
1.472000e-05	-3.359965e-03	-3.411078e+00
1.473000e-05	-2.137180e-03	-3.245656e+00
1.474000e-05	-4.579111e-03	-3.187899e+00
1.475000e-05	-1.591871e-03	-2.897967e+00
1.476000e-05	-2.333435e-03	-2.800001e+00
1.477000e-05	-4.073924e-03	-2.672182e+00
1.478000e-05	-4.515240e-03	-2.473337e+00
1.479000e-05	-4.120554e-03	-2.378445e+00
1.480000e-05	-2.977625e-03	-2.117444e+00
1.481000e-05	-3.478258e-03	-2.029449e+00
1.482000e-05	-3.467569e-03	-1.853133e+00
1.483000e-05	-3.494971e-03	-1.664811e+00
1.484000e-05	-3.087978e-03	-1.565872e+00
1.485000e-05	-3.793035e-03	-1.306364e+00
1.486000e-05	-3.387450e-03	-1.138446e+00
1.487000e-05	-5.517328e-03	-9.914974e-01
1.488000e-05	-4.320851e-03	-8.210530e-01
1.489000e-05	-5.751804e-03	-6.637656e-01
1.490000e-05	-3.395554e-03	-4.332292e-01
1.491000e-05	-3.884737e-03	-3.173384e-01
1.492000e-05	-3.992995e-03	-1.079713e-01
1.493000e-05	-1.939226e-03	1.800237e-02
1.494000e-05	9.825480e-04	1.368408e-01
1.495000e-05	-8.144054e-04	3.558180e-01
1.496000e-05	-1.065638e-03	4.425828e-01
1.497000e-05	-1.193662e-04	5.790475e-01
1.498000e-05	-3.358587e-03	7.477920e-01
1.499000e-05	-3.074716e-03	8.136340e-01
1.500000e-05	-2.009076e-03	1.092108e+00
1.501000e-05	9.612242e-03	1.221030e+00
1.502000e-05	5.106646e-02	1.399949e+00
1.503000e-05	3.544002e-02	1.714088e+00
1.504000e-05	-5.581897e-02	1.853704e+00
1.505000e-05	-3.724274e-02	1.988950e+00
1.506000e-05	-9.190202e-02	2.126217e+00
1.507000e-05	2.196532e-02	2.220576e+00
1.508000e-05	1.442546e-01	2.347350e+00
1.509000e-05	-1.475764e-01	2.504662e+00
1.510000e-05	3.202216e-02	2.651529e+00
1.511000e-05	1.052406e-01	2.831005e+00
1.512000e-05	-1.518751e-01	3.018498e+00
1.513000e-05	4.415224e-02	3.134718e+00
1.514000e-05	9.926913e-02	3.231061e+00
1.515000e-05	-1.476111e-01	3.483609e+00
1.516000e-05	7.601126e-02	3.589496e+00
1.517000e-05	2.280858e-02	3.747818e+00
1.518000e-05	-7.422740e-02	3.894161e+00
1.519000e-05	5.600328e-02	3.992053e+00
1.520000e-05	-4.042630e-02	4.199978e+00
1.521000e-05	-1.110699e-02	4.378026e+00
1.522000e-05	2.873047e-02	4.533737e+00
1.523000e-05	-2.260942e-02	4.671585e+00
1.524000e-05	1.588427e-02	4.799476e+00
1.525000e-05	1.465497e-02	5.008448e+00
1.526000e-05	-2.696879e-02	5.189349e+00
1.527000e-05	-1.974018e-02	5.364266e+00
1.528000e-05	5.764648e-03	5.433610e+00
1.529000e-05	3.164683e-02	5.575347e+00
1.530000e-05	-3.175480e-02	5.682079e+00
1.531000e-05	1.483028e-03	5.849456e+00
1.532000e-05	9.524630e-04	5.986948e+00
1.533000e-05	-1.257878e-02	6.103111e+00
1.534000e-05	5.266493e-03	6.188922e+00
1.535000e-05	-1.868648e-02	6.304243e+00
1.536000e-05	2.048232e-02	6.409477e+00
1.537000e-05	-2.085647e-04	6.504237e+00
1.538000e-05	-2.475106e-02	6.740564e+00
1.539000e-05	-3.077399e-03	6.800474e+00
1.540000e-05	1.109323e-02	6.852583e+00
1.541000e-05	-3.691189e-03	6.923820e+00
1.542000e-05	-1.919217e-02	7.041635e+00
1.543000e-05	6.159451e-03	7.216799e+00
1.544000e-05	1.149564e-02	7.231555e+00
1.545000e-05	-1.764252e-02	7.325744e+00
1.546000e-05	-1.237257e-02	7.491640e+00
1.547000e-05	4.881489e-03	7.608980e+00
1.548000e-05	5.622213e-04	7.721209e+00
1.549000e-05	-9.917274e-03	7.775899e+00
1.550000e-05	-8.244913e-03	7.932531e+00
1.551000e-05	6.755596e-03	8.036477e+00
1.552000e-05	-8.601950e-03	8.124113e+00
1.553000e-05	-8.343657e-03	8.125789e+00
1.554000e-05	-1.773704e-03	8.230549e+00
1.555000e-05	-2.148304e-03	8.304162e+00
1.556000e-05	-7.856863e-03	8.325242e+00
1.557000e-05	-7.046916e-03	8.396377e+00
1.558000e-05	1.012648e-03	8.451503e+00
1.559000e-05	-9.335030e-03	8.492107e+00
1.560000e-05	-8.469414e-03	8.524683e+00
1.561000e-05	-4.507080e-03	8.565845e+00
1.562000e-05	-2.087616e-03	8.639955e+00
1.563000e-05	-5.385821e-03	8.619533e+00
1.564000e-05	-6.399500e-03	8.662609e+00
1.565000e-05	-6.930168e-03	8.706137e+00
1.566000e-05	-9.246213e-03	8.715915e+00
1.567000e-05	-7.139711e-03	8.784746e+00
1.568000e-05	-4.549756e-03	8.746395e+00
1.569000e-05	-7.418413e-03	8.787449e+00
1.570000e-05	-9.916851e-03	8.809500e+00
1.571000e-05	-7.598720e-03	8.830449e+00
1.572000e-05	-6.557118e-03	8.842503e+00
1.573000e-05	-8.962209e-03	8.862583e+00
1.574000e-05	-1.028096e-02	8.841030e+00
1.575000e-05	-1.048804e-02	8.851055e+00
1.576000e-05	-9.468575e-03	8.893038e+00
1.577000e-05	-1.123686e-02	8.882533e+00
1.578000e-05	-1.038761e-02	8.882028e+00
1.579000e-05	-1.129906e-02	8.873029e+00
1.580000e-05	-1.281427e-02	8.861529e+00
1.581000e-05	-1.445151e-02	8.861528e+00
1.582000e-05	-1.261972e-02	8.840475e+00
1.583000e-05	-1.331206e-02	8.798977e+00
1.584000e-05	-1.684916e-02	8.806948e+00
1.585000e-05	-1.871520e-02	8.778843e+00
1.586000e-05	-1.971040e-02	8.724693e+00
1.587000e-05	-1.965318e-02	8.726687e+00
1.588000e-05	-2.160936e-02	8.683156e+00
1.589000e-05	-2.140222e-02	8.661479e+00
1.590000e-05	-2.284506e-02	8.589927e+00
1.591000e-05	-2.392795e-02	8.586416e+00
1.592000e-05	-2.680078e-02	8.513137e+00
1.593000e-05	-2.730289e-02	8.452505e+00
1.594000e-05	-2.678278e-02	8.442004e+00
1.595000e-05	-2.723550e-02	8.377442e+00
1.596000e-05	-2.656657e-02	8.294664e+00
1.597000e-05	-2.502395e-02	8.250025e+00
1.598000e-05	-2.183187e-02	8.217345e+00
1.599000e-05	-1.994439e-02	8.105104e+00
1.600000e-05	-1.982149e-02	8.022078e+00
1.601000e-05	-1.867060e-02	7.913766e+00
1.602000e-05	-1.863220e-02	7.871029e+00
1.603000e-05	-1.385142e-02	7.766394e+00
1.604000e-05	-1.401368e-02	7.713585e+00
1.605000e-05	-1.099059e-02	7.650999e+00
1.606000e-05	-1.361061e-02	7.532812e+00
1.607000e-05	-1.051033e-02	7.399028e+00
1.608000e-05	-1.208099e-02	7.312631e+00
1.609000e-05	-8.926260e-03	7.178970e+00
1.610000e-05	-1.115383e-02	7.084258e+00
1.611000e-05	-8.688092e-03	7.039374e+00
1.612000e-05	-8.657121e-03	6.884263e+00
1.613000e-05	-7.797304e-03	6.839553e+00
1.614000e-05	-9.241025e-03	6.715240e+00
1.615000e-05	-7.286545e-03	6.577391e+00
1.616000e-05	-6.751941e-03	6.480029e+00
1.617000e-05	-5.783372e-03	6.327365e+00
1.618000e-05	-6.582343e-03	6.251603e+00
1.619000e-05	-6.326485e-03	6.095187e+00
1.620000e-05	-6.952011e-03	6.020004e+00
1.621000e-05	-6.456243e-03	5.906290e+00
1.622000e-05	-5.854225e-03	5.734812e+00
1.623000e-05	-5.191218e-03	5.599972e+00
1.624000e-05	-5.265469e-03	5.453154e+00
1.625000e-05	-5.134885e-03	5.325895e+00
1.626000e-05	-5.086885e-03	5.219950e+00
1.627000e-05	-4.670614e-03	5.049553e+00
1.628000e-05	-4.977918e-03	4.860078e+00
1.629000e-05	-4.659632e-03	4.715183e+00
1.630000e-05	-4.312658e-03	4.567995e+00
1.631000e-05	-5.202114e-03	4.472154e+00
1.632000e-05	-5.392077e-03	4.327397e+00
1.633000e-05	-4.868042e-03	4.175390e+00
1.634000e-05	-4.237317e-03	3.997450e+00
1.635000e-05	-4.607804e-03	3.852602e+00
1.636000e-05	-4.145714e-03	3.714333e+00
1.637000e-05	-4.145276e-03	3.579450e+00
1.638000e-05	-4.222977e-03	3.379548e+00
1.639000e-05	-4.811604e-03	3.251604e+00
1.640000e-05	-4.606065e-03	3.125340e+00
1.641000e-05	-4.329480e-03	2.976369e+00
1.642000e-05	-3.921056e-03	2.832049e+00
1.643000e-05	-4.197974e-03	2.654263e+00
1.644000e-05	-3.928453e-03	2.444079e+00
1.645000e-05	-4.620088e-03	2.336883e+00
1.646000e-05	-4.486680e-03	2.155920e+00
1.647000e-05	-4.155263e-03	2.010550e+00
1.648000e-05	-4.695760e-03	1.873806e+00
1.649000e-05	-4.105628e-03	1.713737e+00
1.650000e-05	-3.440015e-03	1.507336e+00
1.651000e-05	-4.000034e-03	1.357387e+00
1.652000e-05	-4.323522e-03	1.209948e+00
1.653000e-05	-4.834315e-03	9.479384e-01
1.654000e-05	-3.476492e-03	7.784251e-01
1.655000e-05	-3.755912e-03	6.211028e-01
1.656000e-05	-2.864652e-03	4.531556e-01
1.657000e-05	-4.152885e-03	3.463936e-01
1.658000e-05	-4.109577e-03	1.459359e-01
1.659000e-05	-1.161446e-03	-1.009004e-03
1.660000e-05	2.714261e-03	-2.084760e-01
1.661000e-05	3.229943e-04	-3.157957e-01
1.662000e-05	-9.932412e-05	-4.116026e-01
1.663000e-05	-7.284201e-04	-6.120036e-01
1.664000e-05	-2.110993e-03	-8.100259e-01
1.665000e-05	-1.787154e-03	-9.267680e-01
1.666000e-05	1.453737e-03	-1.073108e+00
1.667000e-05	2.700695e-02	-1.200000e+00
1.668000e-05	8.571325e-02	-1.420928e+00
1.669000e-05	-6.718453e-02	-1.691661e+00
1.670000e-05	-1.471037e-02	-1.915241e+00
1.671000e-05	-1.131176e-01	-2.021006e+00
1.672000e-05	3.687356e-02	-2.091668e+00
1.673000e-05	1.393443e-01	-2.144237e+00
1.674000e-05	-1.654386e-01	-2.396879e+00
1.675000e-05	4.054205e-02	-2.599401e+00
1.676000e-05	1.566637e-01	-2.651528e+00
1.677000e-05	-1.972480e-01	-2.791980e+00
1.678000e-05	5.678673e-02	-3.053583e+00
1.679000e-05	1.374773e-01	-3.189372e+00
1.680000e-05	-1.790949e-01	-3.346267e+00
1.681000e-05	1.090768e-01	-3.463587e+00
1.682000e-05	2.306850e-02	-3.600297e+00
1.683000e-05	-1.305256e-01	-3.778476e+00
1.684000e-05	1.434536e-01	-3.955295e+00
1.685000e-05	-1.051444e-01	-4.126589e+00
1.686000e-05	2.184720e-03	-4.262138e+00
1.687000e-05	1.176731e-01	-4.355844e+00
1.688000e-05	-1.473535e-01	-4.506087e+00
1.689000e-05	9.456018e-02	-4.715209e+00
1.690000e-05	1.250991e-02	-4.787880e+00
1.691000e-05	-5.965193e-02	-4.988898e+00
1.692000e-05	4.286417e-02	-5.094111e+00
1.693000e-05	-6.248736e-02	-5.274027e+00
1.694000e-05	8.337411e-02	-5.458955e+00
1.695000e-05	-3.767601e-02	-5.578373e+00
1.696000e-05	-2.701602e-02	-5.706140e+00
1.697000e-05	7.999241e-02	-5.809429e+00
1.698000e-05	-7.820849e-02	-5.977843e+00
1.699000e-05	3.000582e-02	-5.982499e+00
1.700000e-05	-2.506225e-02	-6.187317e+00
1.701000e-05	3.005919e-02	-6.336193e+00
1.702000e-05	4.347777e-02	-6.431029e+00
1.703000e-05	-9.604684e-02	-6.546846e+00
1.704000e-05	5.212421e-02	-6.640953e+00
1.705000e-05	2.035739e-05	-6.755816e+00
1.706000e-05	-3.446101e-03	-6.821478e+00
1.707000e-05	-7.827458e-03	-6.955745e+00
1.708000e-05	-9.178437e-03	-7.092641e+00
1.709000e-05	5.396271e-02	-7.179325e+00
1.710000e-05	-5.435059e-02	-7.265639e+00
1.711000e-05	8.545661e-03	-7.347321e+00
1.712000e-05	1.266314e-02	-7.422659e+00
1.713000e-05	2.121174e-03	-7.537794e+00
1.714000e-05	-8.418357e-03	-7.711135e+00
1.715000e-05	-1.594709e-02	-7.768750e+00
1.716000e-05	3.744528e-02	-7.911660e+00
1.717000e-05	-1.732750e-02	-8.018397e+00
1.718000e-05	-5.934800e-03	-8.052481e+00
1.719000e-05	2.714352e-03	-8.095710e+00
1.720000e-05	7.351438e-03	-8.188301e+00
1.721000e-05	-4.268570e-05	-8.251025e+00
1.722000e-05	-8.558263e-03	-8.313212e+00
1.723000e-05	1.435960e-02	-8.348368e+00
1.724000e-05	-4.855950e-03	-8.367929e+00
1.725000e-05	-2.145266e-03	-8.430504e+00
1.726000e-05	2.110354e-03	-8.443590e+00
1.727000e-05	5.727216e-03	-8.525145e+00
1.728000e-05	2.496843e-03	-8.587898e+00
1.729000e-05	-8.181356e-05	-8.670007e+00
1.730000e-05	3.996847e-03	-8.655236e+00
1.731000e-05	-2.308529e-03	-8.736245e+00
1.732000e-05	2.307755e-03	-8.746874e+00
1.733000e-05	1.893197e-03	-8.778449e+00
1.734000e-05	4.005782e-03	-8.821027e+00
1.735000e-05	6.356669e-08	-8.830504e+00
1.736000e-05	5.417750e-03	-8.832505e+00
1.737000e-05	4.535439e-03	-8.840604e+00
1.738000e-05	7.808820e-05	-8.862564e+00
1.739000e-05	1.229735e-03	-8.873212e+00
1.740000e-05	5.752981e-03	-8.922612e+00
1.741000e-05	6.192832e-03	-8.902613e+00
1.742000e-05	4.849949e-03	-8.893713e+00
1.743000e-05	4.464254e-03	-8.932614e+00
1.744000e-05	4.795634e-03	-8.862762e+00
1.745000e-05	7.016353e-03	-8.853162e+00
1.746000e-05	7.369260e-03	-8.892564e+00
1.747000e-05	9.249429e-03	-8.852550e+00
1.748000e-05	8.280257e-03	-8.870555e+00
1.749000e-05	8.098824e-03	-8.841531e+00
1.750000e-05	1.069102e-02	-8.819926e+00
1.751000e-05	1.312833e-02	-8.816920e+00
1.752000e-05	1.440393e-02	-8.786897e+00
1.753000e-05	1.384144e-02	-8.726392e+00
1.754000e-05	1.556917e-02	-8.674078e+00
1.755000e-05	1.809616e-02	-8.597952e+00
1.756000e-05	1.964192e-02	-8.577898e+00
1.757000e-05	1.904888e-02	-8.473665e+00
1.758000e-05	1.866658e-02	-8.451582e+00
1.759000e-05	2.032532e-02	-8.379998e+00
1.760000e-05	2.227397e-02	-8.347373e+00
1.761000e-05	2.242788e-02	-8.293659e+00
1.762000e-05	1.975906e-02	-8.251055e+00
1.763000e-05	1.790950e-02	-8.166873e+00
1.764000e-05	1.650037e-02	-8.124234e+00
1.765000e-05	1.396267e-02	-8.043026e+00
1.766000e-05	1.328709e-02	-8.019902e+00
1.767000e-05	1.298373e-02	-7.917316e+00
1.768000e-05	1.052822e-02	-7.799501e+00
1.769000e-05	8.906625e-03	-7.703313e+00
1.770000e-05	7.626378e-03	-7.621450e+00
1.771000e-05	7.207286e-03	-7.524714e+00
1.772000e-05	5.643891e-03	-7.462505e+00
1.773000e-05	5.501160e-03	-7.365842e+00
1.774000e-05	4.896939e-03	-7.302081e+00
1.775000e-05	3.364238e-03	-7.168953e+00
1.776000e-05	3.339611e-03	-7.073256e+00
1.777000e-05	3.465671e-03	-6.937294e+00
1.778000e-05	2.641782e-03	-6.832027e+00
1.779000e-05	1.417097e-03	-6.767815e+00
1.780000e-05	2.325556e-03	-6.661582e+00
1.781000e-05	2.430293e-03	-6.535265e+00
1.782000e-05	8.680086e-04	-6.440107e+00
1.783000e-05	1.646367e-03	-6.306295e+00
1.784000e-05	7.882540e-04	-6.167498e+00
1.785000e-05	5.454219e-04	-6.041029e+00
1.786000e-05	-1.723441e-03	-5.937867e+00
1.787000e-05	-3.027904e-04	-5.788550e+00
1.788000e-05	-8.416748e-05	-5.685212e+00
1.789000e-05	-1.594079e-03	-5.567421e+00
1.790000e-05	-1.773546e-03	-5.431222e+00
1.791000e-05	-3.507279e-05	-5.241554e+00
1.792000e-05	-1.638834e-03	-5.134711e+00
1.793000e-05	-2.512155e-03	-4.986876e+00
1.794000e-05	-1.750416e-03	-4.747815e+00
1.795000e-05	-2.126699e-03	-4.641553e+00
1.796000e-05	-2.297019e-03	-4.502736e+00
1.797000e-05	-3.360869e-03	-4.378444e+00
1.798000e-05	-2.905451e-03	-4.261682e+00
1.799000e-05	-2.582839e-03	-4.125816e+00
1.800000e-05	-2.037658e-03	-3.980924e+00
1.801000e-05	-2.053275e-03	-3.850583e+00
1.802000e-05	-2.452605e-03	-3.662655e+00
1.803000e-05	-1.481573e-03	-3.536290e+00
1.804000e-05	-3.324006e-03	-3.418450e+00
1.805000e-05	-2.357319e-03	-3.251654e+00
1.806000e-05	-2.527401e-03	-3.105237e+00
1.807000e-05	-3.022330e-03	-2.922163e+00
1.808000e-05	-2.621296e-03	-2.747399e+00
1.809000e-05	-4.099736e-03	-2.619453e+00
1.810000e-05	-2.635134e-03	-2.462106e+00
1.811000e-05	-4.522390e-03	-2.276237e+00
1.812000e-05	-2.736982e-03	-2.093813e+00
1.813000e-05	-4.412739e-03	-1.959321e+00
1.814000e-05	-3.471789e-03	-1.821025e+00
1.815000e-05	-4.244324e-03	-1.660627e+00
1.816000e-05	-2.577018e-03	-1.495712e+00
1.817000e-05	-3.698867e-03	-1.284208e+00
1.818000e-05	-2.847146e-03	-1.055737e+00
1.819000e-05	-4.532616e-03	-8.983435e-01
1.820000e-05	-4.610411e-03	-8.210728e-01
1.821000e-05	-5.349644e-03	-5.919963e-01
1.822000e-05	-3.088386e-03	-4.299778e-01
1.823000e-05	-4.514989e-03	-2.927582e-01
1.824000e-05	-3.284638e-03	-1.157884e-01
1.825000e-05	-1.932297e-03	2.027623e-03
1.826000e-05	2.319386e-03	2.499249e-01
1.827000e-05	-3.254956e-03	3.794985e-01
1.828000e-05	1.154671e-03	5.337617e-01
1.829000e-05	-3.868443e-03	6.605327e-01
1.830000e-05	-1.950205e-03	8.089736e-01
1.831000e-05	-4.774096e-03	9.052406e-01
1.832000e-05	2.184310e-03	1.126249e+00
1.833000e-05	1.457676e-02	1.322714e+00
1.834000e-05	6.757311e-02	1.473563e+00
1.835000e-05	-7.886678e-03	1.765347e+00
1.836000e-05	-4.593383e-02	1.966291e+00
1.837000e-05	-4.655909e-02	2.041530e+00
1.838000e-05	-8.723466e-02	2.169322e+00
1.839000e-05	1.051316e-01	2.300555e+00
1.840000e-05	5.891659e-02	2.468524e+00
1.841000e-05	-1.720235e-01	2.547870e+00
1.842000e-05	1.407376e-01	2.725214e+00
1.843000e-05	-1.904806e-02	2.944159e+00
1.844000e-05	-1.217601e-01	3.060005e+00
1.845000e-05	1.189932e-01	3.148794e+00
1.846000e-05	3.070139e-03	3.293187e+00
1.847000e-05	-1.168874e-01	3.506186e+00
1.848000e-05	1.208931e-01	3.622502e+00
1.849000e-05	-5.124977e-02	3.788847e+00
1.850000e-05	-2.764445e-02	3.945769e+00
1.851000e-05	4.701715e-02	4.064560e+00
1.852000e-05	-5.896385e-02	4.261584e+00
1.853000e-05	1.899293e-02	4.399475e+00
1.854000e-05	3.370721e-03	4.587400e+00
1.855000e-05	-1.449846e-02	4.733784e+00
1.856000e-05	2.426522e-02	4.801524e+00
1.857000e-05	-7.849530e-04	5.132956e+00
1.858000e-05	-2.868550e-02	5.200505e+00
1.859000e-05	-1.688154e-02	5.358370e+00
1.860000e-05	2.319358e-02	5.484189e+00
1.861000e-05	9.584723e-03	5.590449e+00
1.862000e-05	-3.050705e-02	5.726116e+00
1.863000e-05	1.114504e-02	5.893164e+00
1.864000e-05	-5.435845e-03	6.008478e+00
1.865000e-05	-5.977018e-03	6.143715e+00
1.866000e-05	-1.232139e-03	6.230479e+00
1.867000e-05	-1.355585e-02	6.354721e+00
1.868000e-05	2.516633e-02	6.411105e+00
1.869000e-05	-1.555012e-02	6.569420e+00
1.870000e-05	-2.008604e-02	6.752218e+00
1.871000e-05	6.241599e-03	6.810525e+00
1.872000e-05	7.499942e-03	6.924736e+00
1.873000e-05	-9.278186e-03	6.998397e+00
1.874000e-05	-1.800975e-02	7.103146e+00
1.875000e-05	1.719035e-02	7.200424e+00
1.876000e-05	-2.087477e-03	7.282533e+00
1.877000e-05	-1.721230e-02	7.347301e+00
1.878000e-05	-7.039084e-03	7.523740e+00
1.879000e-05	6.013196e-03	7.641479e+00
1.880000e-05	-4.454946e-03	7.736186e+00
1.881000e-05	-1.286336e-02	7.808974e+00
1.882000e-05	-1.138651e-04	7.923141e+00
1.883000e-05	1.344870e-03	8.040533e+00
1.884000e-05	-1.042988e-02	8.124661e+00
1.885000e-05	-7.043988e-03	8.197867e+00
1.886000e-05	-3.532597e-04	8.242130e+00
1.887000e-05	-4.552865e-03	8.333160e+00
1.888000e-05	-7.897329e-03	8.356793e+00
1.889000e-05	-3.871865e-03	8.438502e+00
1.890000e-05	-2.317902e-03	8.421061e+00
1.891000e-05	-1.110131e-02	8.503112e+00
1.892000e-05	-7.071373e-03	8.505685e+00
1.893000e-05	-8.183578e-04	8.548393e+00
1.894000e-05	-3.797532e-03	8.601902e+00
1.895000e-05	-5.644444e-03	8.641507e+00
1.896000e-05	-6.833638e-03	8.693132e+00
1.897000e-05	-7.277381e-03	8.725160e+00
1.898000e-05	-9.959434e-03	8.726315e+00
1.899000e-05	-5.468078e-03	8.737769e+00
1.900000e-05	-4.843857e-03	8.817417e+00
1.901000e-05	-1.023530e-02	8.809024e+00
1.902000e-05	-1.036529e-02	8.819978e+00
1.903000e-05	-8.188780e-03	8.809503e+00
1.904000e-05	-5.979975e-03	8.830500e+00
1.905000e-05	-9.924692e-03	8.860055e+00
1.906000e-05	-7.899372e-03	8.860529e+00
1.907000e-05	-1.037626e-02	8.833529e+00
1.908000e-05	-9.673636e-03	8.871558e+00
1.909000e-05	-1.288068e-02	8.852081e+00
1.910000e-05	-1.194841e-02	8.873055e+00
1.911000e-05	-1.290553e-02	8.873528e+00
1.912000e-05	-1.196763e-02	8.841003e+00
1.913000e-05	-1.214973e-02	8.830001e+00
1.914000e-05	-1.345878e-02	8.819923e+00
1.915000e-05	-1.349272e-02	8.828525e+00
1.916000e-05	-1.694919e-02	8.767850e+00
1.917000e-05	-1.856495e-02	8.734816e+00
1.918000e-05	-2.056350e-02	8.726793e+00
1.919000e-05	-2.046815e-02	8.675110e+00
1.920000e-05	-2.091134e-02	8.682207e+00
1.921000e-05	-2.291578e-02	8.660078e+00
1.922000e-05	-2.426887e-02	8.587895e+00
1.923000e-05	-2.375298e-02	8.556293e+00
1.924000e-05	-2.570319e-02	8.503108e+00
1.925000e-05	-2.787970e-02	8.442581e+00
1.926000e-05	-2.659952e-02	8.398977e+00
1.927000e-05	-2.588583e-02	8.357416e+00
1.928000e-05	-2.551604e-02	8.291734e+00
1.929000e-05	-2.509671e-02	8.190950e+00
1.930000e-05	-2.360512e-02	8.135267e+00
1.931000e-05	-2.041357e-02	8.080632e+00
1.932000e-05	-1.960973e-02	7.998451e+00
1.933000e-05	-1.489654e-02	7.905260e+00
1.934000e-05	-1.796503e-02	7.851573e+00
1.935000e-05	-1.422810e-02	7.765847e+00
1.936000e-05	-1.417309e-02	7.671562e+00
1.937000e-05	-1.125616e-02	7.609473e+00
1.938000e-05	-1.374364e-02	7.472713e+00
1.939000e-05	-1.149913e-02	7.347345e+00
1.940000e-05	-1.089932e-02	7.222105e+00
1.941000e-05	-7.780322e-03	7.166896e+00
1.942000e-05	-1.070121e-02	7.091606e+00
1.943000e-05	-8.799370e-03	7.009271e+00
1.944000e-05	-7.689157e-03	6.872659e+00
1.945000e-05	-7.439798e-03	6.769499e+00
1.946000e-05	-7.804479e-03	6.673761e+00
1.947000e-05	-6.944695e-03	6.525365e+00
1.948000e-05	-6.937315e-03	6.419473e+00
1.949000e-05	-6.967344e-03	6.314183e+00
1.950000e-05	-6.908192e-03	6.187949e+00
1.951000e-05	-5.894927e-03	6.093161e+00
1.952000e-05	-5.609722e-03	5.990474e+00
1.953000e-05	-5.008851e-03	5.872129e+00
1.954000e-05	-5.492872e-03	5.682628e+00
1.955000e-05	-5.793850e-03	5.548367e+00
1.956000e-05	-6.289851e-03	5.401504e+00
1.957000e-05	-5.492333e-03	5.324211e+00
1.958000e-05	-5.531429e-03	5.124918e+00
1.959000e-05	-5.261118e-03	4.955370e+00
1.960000e-05	-5.318183e-03	4.819950e+00
1.961000e-05	-5.192128e-03	4.662655e+00
1.962000e-05	-4.723037e-03	4.547312e+00
1.963000e-05	-4.657981e-03	4.410499e+00
1.964000e-05	-4.362734e-03	4.263654e+00
1.965000e-05	-4.440778e-03	4.093180e+00
1.966000e-05	-4.751481e-03	3.938341e+00
1.967000e-05	-4.718689e-03	3.808946e+00
1.968000e-05	-4.585578e-03	3.662131e+00
1.969000e-05	-4.620888e-03	3.538425e+00
1.970000e-05	-5.055880e-03	3.376913e+00
1.971000e-05	-4.626787e-03	3.219950e+00
1.972000e-05	-3.730290e-03	3.063157e+00
1.973000e-05	-4.420273e-03	2.925761e+00
1.974000e-05	-4.035503e-03	2.799451e+00
1.975000e-05	-4.315338e-03	2.648975e+00
1.976000e-05	-4.203139e-03	2.430452e+00
1.977000e-05	-4.865864e-03	2.292681e+00
1.978000e-05	-4.089604e-03	2.104810e+00
1.979000e-05	-3.877762e-03	1.949470e+00
1.980000e-05	-4.202339e-03	1.821199e+00
1.981000e-05	-3.767251e-03	1.631653e+00
1.982000e-05	-3.683636e-03	1.493183e+00
1.983000e-05	-3.792661e-03	1.284707e+00
1.984000e-05	-3.380587e-03	1.135340e+00
1.985000e-05	-3.575250e-03	9.353584e-01
1.986000e-05	-4.090489e-03	7.178671e-01
1.987000e-05	-4.590513e-03	5.989512e-01
1.988000e-05	-3.955451e-03	4.311514e-01
1.989000e-05	-3.258910e-03	2.962896e-01
1.990000e-05	-3.772736e-03	5.325452e-02
1.991000e-05	7.038875e-04	-5.463646e-02
1.992000e-05	3.354715e-03	-2.221051e-01
1.993000e-05	-1.470030e-03	-3.573722e-01
1.994000e-05	1.645546e-03	-4.956630e-01
1.995000e-05	-2.633357e-03	-6.751629e-01
1.996000e-05	1.043419e-05	-8.599824e-01
1.997000e-05	-2.913677e-03	-9.793972e-01
1.998000e-05	5.885829e-03	-1.126312e+00
1.999000e-05	5.546398e-02	-1.253633e+00
2.000000e-05	4.178240e-02	-1.525263e+00
2.001000e-05	-7.005307e-02	-1.757399e+00
2.002000e-05	-2.248275e-02	-1.967345e+00
2.003000e-05	-1.266498e-01	-2.060604e+00
2.004000e-05	1.391709e-01	-2.062688e+00
2.005000e-05	4.585842e-02	-2.218926e+00
2.006000e-05	-1.928663e-01	-2.513564e+00
2.007000e-05	1.465874e-01	-2.589001e+00
2.008000e-05	1.060165e-03	-2.684660e+00
2.009000e-05	-1.958209e-01	-2.894694e+00
2.010000e-05	1.579309e-01	-3.124553e+00
2.011000e-05	1.086749e-02	-3.200850e+00
2.012000e-05	-1.431444e-01	-3.410355e+00
2.013000e-05	1.767239e-01	-3.463663e+00
2.014000e-05	-1.073848e-01	-3.662981e+00
2.015000e-05	-1.963017e-02	-3.881160e+00
2.016000e-05	9.978767e-02	-4.000474e+00
2.017000e-05	-1.433314e-01	-4.189870e+00
2.018000e-05	1.010655e-01	-4.294693e+00
2.019000e-05	1.395206e-02	-4.398372e+00
2.020000e-05	-1.059141e-01	-4.578897e+00
2.021000e-05	1.324483e-01	-4.707716e+00
2.022000e-05	-6.498065e-02	-4.882088e+00
2.023000e-05	-5.800679e-03	-5.040454e+00
2.024000e-05	6.915334e-03	-5.145765e+00
2.025000e-05	-3.307014e-02	-5.315198e+00
2.026000e-05	8.846755e-02	-5.512163e+00
2.027000e-05	-9.187261e-02	-5.610032e+00
2.028000e-05	4.787411e-02	-5.745767e+00
2.029000e-05	2.240733e-02	-5.833084e+00
2.030000e-05	-6.552721e-02	-5.987848e+00
2.031000e-05	4.296369e-02	-6.021131e+00
2.032000e-05	-4.402128e-02	-6.209451e+00
2.033000e-05	7.796682e-02	-6.386922e+00
2.034000e-05	-2.967608e-02	-6.462058e+00
2.035000e-05	-5.635013e-02	-6.576397e+00
2.036000e-05	6.367143e-02	-6.643161e+00
2.037000e-05	-2.302341e-02	-6.787854e+00
2.038000e-05	1.237603e-02	-6.861536e+00
2.039000e-05	-3.204703e-02	-6.987875e+00
2.040000e-05	2.950611e-02	-7.126818e+00
2.041000e-05	1.912675e-02	-7.210974e+00
2.042000e-05	-5.094321e-02	-7.355691e+00
2.043000e-05	2.593172e-02	-7.388948e+00
2.044000e-05	1.473979e-03	-7.515211e+00
2.045000e-05	6.120547e-03	-7.569346e+00
2.046000e-05	-2.254909e-02	-7.702560e+00
2.047000e-05	7.667817e-03	-7.778331e+00
2.048000e-05	2.611215e-02	-7.932241e+00
2.049000e-05	-2.378606e-02	-7.979975e+00
2.050000e-05	1.332297e-03	-8.062585e+00
2.051000e-05	7.136318e-04	-8.124819e+00
2.052000e-05	9.605526e-03	-8.178377e+00
2.053000e-05	-6.331301e-03	-8.273060e+00
2.054000e-05	1.020228e-04	-8.355267e+00
2.055000e-05	1.121474e-02	-8.346348e+00
2.056000e-05	-1.002291e-02	-8.399924e+00
2.057000e-05	1.145809e-03	-8.452061e+00
2.058000e-05	3.733358e-03	-8.524142e+00
2.059000e-05	6.764793e-03	-8.567819e+00
2.060000e-05	8.008376e-04	-8.566779e+00
2.061000e-05	6.439217e-04	-8.691557e+00
2.062000e-05	3.732808e-03	-8.694785e+00
2.063000e-05	-2.516926e-03	-8.737343e+00
2.064000e-05	2.558285e-03	-8.796352e+00
2.065000e-05	3.799386e-03	-8.810451e+00
2.066000e-05	1.562162e-03	-8.801479e+00
2.067000e-05	5.143610e-04	-8.841500e+00
2.068000e-05	5.785226e-03	-8.832554e+00
2.069000e-05	3.581612e-03	-8.861585e+00
2.070000e-05	6.064443e-04	-8.882561e+00
2.071000e-05	3.683046e-03	-8.882207e+00
2.072000e-05	5.201588e-03	-8.913665e+00
2.073000e-05	4.958167e-03	-8.882613e+00
2.074000e-05	4.283703e-03	-8.873637e+00
2.075000e-05	6.304709e-03	-8.914112e+00
2.076000e-05	5.464685e-03	-8.853084e+00
2.077000e-05	5.359062e-03	-8.891110e+00
2.078000e-05	7.575444e-03	-8.863132e+00
2.079000e-05	1.014795e-02	-8.852059e+00
2.080000e-05	8.973259e-03	-8.822027e+00
2.081000e-05	8.863494e-03	-8.830526e+00
2.082000e-05	1.117761e-02	-8.778500e+00
2.083000e-05	1.241779e-02	-8.777346e+00
2.084000e-05	1.359134e-02	-8.756768e+00
2.085000e-05	1.444333e-02	-8.704667e+00
2.086000e-05	1.651915e-02	-8.690537e+00
2.087000e-05	1.787788e-02	-8.609870e+00
2.088000e-05	1.945664e-02	-8.495092e+00
2.089000e-05	1.834674e-02	-8.482058e+00
2.090000e-05	1.958472e-02	-8.460004e+00
2.091000e-05	2.174184e-02	-8.428475e+00
2.092000e-05	2.204890e-02	-8.356842e+00
2.093000e-05	1.934099e-02	-8.283611e+00
2.094000e-05	1.835836e-02	-8.241029e+00
2.095000e-05	1.892126e-02	-8.157372e+00
2.096000e-05	1.667622e-02	-8.113064e+00
2.097000e-05	1.331999e-02	-8.019555e+00
2.098000e-05	1.318946e-02	-7.958474e+00
2.099000e-05	1.209464e-02	-7.875268e+00
2.100000e-05	9.880428e-03	-7.778326e+00
2.101000e-05	8.846795e-03	-7.702058e+00
2.102000e-05	6.691275e-03	-7.567300e+00
2.103000e-05	6.202747e-03	-7.474684e+00
2.104000e-05	5.759669e-03	-7.429001e+00
2.105000e-05	5.657746e-03	-7.344162e+00
2.106000e-05	4.251317e-03	-7.211033e+00
2.107000e-05	3.582913e-03	-7.147844e+00
2.108000e-05	3.614199e-03	-7.040583e+00
2.109000e-05	3.371998e-03	-6.934092e+00
2.110000e-05	1.826042e-03	-6.790978e+00
2.111000e-05	1.450238e-03	-6.716288e+00
2.112000e-05	3.258252e-03	-6.620029e+00
2.113000e-05	1.902401e-03	-6.473709e+00
2.114000e-05	-1.563394e-04	-6.430475e+00
2.115000e-05	1.295205e-03	-6.244211e+00
2.116000e-05	1.383459e-03	-6.116667e+00
2.117000e-05	2.446806e-04	-6.009448e+00
2.118000e-05	-1.768901e-03	-5.914141e+00
2.119000e-05	-6.872781e-04	-5.787994e+00
2.120000e-05	-5.260357e-04	-5.641603e+00
2.121000e-05	-1.421002e-03	-5.526867e+00
2.122000e-05	-7.683490e-04	-5.355870e+00
2.123000e-05	-3.701589e-04	-5.197452e+00
2.124000e-05	-1.529318e-03	-5.013158e+00
2.125000e-05	-2.406682e-03	-4.884159e+00
2.126000e-05	-1.941087e-03	-4.734338e+00
2.127000e-05	-2.673998e-03	-4.568474e+00
2.128000e-05	-2.430001e-03	-4.472158e+00
2.129000e-05	-3.246484e-03	-4.357969e+00
2.130000e-05	-1.492172e-03	-4.219052e+00
2.131000e-05	-3.470661e-03	-4.044207e+00
2.132000e-05	-1.475690e-03	-3.978823e+00
2.133000e-05	-2.778460e-03	-3.781922e+00
2.134000e-05	-2.491381e-03	-3.600525e+00
2.135000e-05	-3.852895e-03	-3.493711e+00
2.136000e-05	-3.063323e-03	-3.295342e+00
2.137000e-05	-3.565985e-03	-3.219448e+00
2.138000e-05	-2.861181e-03	-3.042104e+00
2.139000e-05	-3.422345e-03	-2.862529e+00
2.140000e-05	-1.588198e-03	-2.766337e+00
2.141000e-05	-3.844286e-03	-2.529919e+00
2.142000e-05	-4.619424e-03	-2.419900e+00
2.143000e-05	-4.775590e-03	-2.222231e+00
2.144000e-05	-1.800811e-03	-2.051105e+00
2.145000e-05	-3.367521e-03	-1.864738e+00
2.146000e-05	-3.147205e-03	-1.738418e+00
2.147000e-05	-4.914900e-03	-1.641027e+00
2.148000e-05	-2.447030e-03	-1.430124e+00
2.149000e-05	-3.294000e-03	-1.231000e+00
2.150000e-05	-3.892921e-03	-1.071580e+00
2.151000e-05	-4.226624e-03	-8.648082e-01
2.152000e-05	-5.118784e-03	-7.169423e-01
2.153000e-05	-4.535484e-03	-5.163609e-01
2.154000e-05	-3.863688e-03	-3.589749e-01
2.155000e-05	-3.910376e-03	-2.105516e-01
2.156000e-05	-2.867602e-03	-2.355346e-02
2.157000e-05	1.646510e-04	5.113414e-02
2.158000e-05	1.228569e-03	2.747677e-01
2.159000e-05	-3.626116e-03	4.100013e-01
2.160000e-05	8.242078e-04	5.368208e-01
2.161000e-05	-3.871032e-03	6.851879e-01
2.162000e-05	-2.387866e-03	8.010777e-01
2.163000e-05	-3.688428e-03	9.783696e-01
2.164000e-05	5.695435e-03	1.189847e+00
2.165000e-05	2.913058e-02	1.357367e+00
2.166000e-05	6.417703e-02	1.626948e+00
2.167000e-05	-4.312373e-02	1.820973e+00
2.168000e-05	-3.797641e-02	1.986848e+00
2.169000e-05	-6.977992e-02	2.064588e+00
2.170000e-05	-4.870912e-02	2.189447e+00
2.171000e-05	1.552664e-01	2.335291e+00
2.172000e-05	-5.082323e-02	2.501708e+00
2.173000e-05	-1.017286e-01	2.597872e+00
2.174000e-05	1.682250e-01	2.745317e+00
2.175000e-05	-1.079337e-01	2.966797e+00
2.176000e-05	-4.689013e-02	3.103079e+00
2.177000e-05	1.411642e-01	3.198872e+00
2.178000e-05	-9.465721e-02	3.376875e+00
2.179000e-05	-2.516164e-02	3.558822e+00
2.180000e-05	9.696450e-02	3.652656e+00
2.181000e-05	-8.325696e-02	3.842481e+00
2.182000e-05	2.414558e-02	3.987451e+00
2.183000e-05	6.452563e-03	4.144748e+00
2.184000e-05	-4.262468e-02	4.343768e+00
2.185000e-05	3.641993e-02	4.453134e+00
2.186000e-05	-1.491354e-02	4.639980e+00
2.187000e-05	1.491133e-03	4.776270e+00
2.188000e-05	2.288897e-02	4.871741e+00
2.189000e-05	-1.921795e-02	5.135296e+00
2.190000e-05	-2.461808e-02	5.252610e+00
2.191000e-05	-8.741946e-03	5.399476e+00
2.192000e-05	3.595415e-02	5.568268e+00
2.193000e-05	-1.507939e-02	5.603025e+00
2.194000e-05	-1.651687e-02	5.774797e+00
2.195000e-05	7.666031e-03	5.956866e+00
2.196000e-05	-9.351565e-03	6.062009e+00
2.197000e-05	1.468552e-03	6.147370e+00
2.198000e-05	-1.210780e-02	6.302634e+00
2.199000e-05	3.925897e-03	6.387874e+00
2.200000e-05	1.660935e-02	6.452106e+00
2.201000e-05	-2.266973e-02	6.650381e+00
2.202000e-05	-1.228726e-02	6.796896e+00
2.203000e-05	1.186197e-02	6.831550e+00
2.204000e-05	1.698092e-03	6.934688e+00
2.205000e-05	-1.611941e-02	7.030004e+00
2.206000e-05	-9.488179e-03	7.136790e+00
2.207000e-05	1.931250e-02	7.200528e+00
2.208000e-05	-1.166620e-02	7.315663e+00
2.209000e-05	-1.563571e-02	7.508983e+00
2.210000e-05	-1.626181e-03	7.577897e+00
2.211000e-05	4.528861e-03	7.642104e+00
2.212000e-05	-6.944257e-03	7.736892e+00
2.213000e-05	-1.293847e-02	7.849581e+00
2.214000e-05	5.538756e-03	7.975767e+00
2.215000e-05	-4.960436e-03	8.072488e+00
2.216000e-05	-8.828513e-03	8.124562e+00
2.217000e-05	-5.984735e-03	8.189475e+00
2.218000e-05	-1.063106e-04	8.293483e+00
2.219000e-05	-7.026427e-03	8.315242e+00
2.220000e-05	-8.407980e-03	8.356368e+00
2.221000e-05	-8.636928e-04	8.429950e+00
2.222000e-05	-5.761048e-03	8.472080e+00
2.223000e-05	-8.659081e-03	8.493135e+00
2.224000e-05	-6.812095e-03	8.575793e+00
2.225000e-05	-2.300803e-03	8.569347e+00
2.226000e-05	-6.387698e-03	8.622026e+00
2.227000e-05	-5.589186e-03	8.661609e+00
2.228000e-05	-7.463235e-03	8.642636e+00
2.229000e-05	-8.199086e-03	8.745218e+00
2.230000e-05	-7.789788e-03	8.696266e+00
2.231000e-05	-5.043327e-03	8.787420e+00
2.232000e-05	-6.388200e-03	8.798400e+00
2.233000e-05	-1.113385e-02	8.816974e+00
2.234000e-05	-8.717820e-03	8.820000e+00
2.235000e-05	-6.876058e-03	8.810954e+00
2.236000e-05	-6.873343e-03	8.890978e+00
2.237000e-05	-1.052512e-02	8.810105e+00
2.238000e-05	-9.713255e-03	8.861508e+00
2.239000e-05	-1.025147e-02	8.852007e+00
2.240000e-05	-1.053933e-02	8.883535e+00
2.241000e-05	-1.112482e-02	8.872557e+00
2.242000e-05	-1.165250e-02	8.890552e+00
2.243000e-05	-1.226349e-02	8.871505e+00
2.244000e-05	-1.439105e-02	8.840480e+00
2.245000e-05	-1.336032e-02	8.890978e+00
2.246000e-05	-1.348976e-02	8.838975e+00
2.247000e-05	-1.657268e-02	8.818448e+00
2.248000e-05	-1.820447e-02	8.765846e+00
2.249000e-05	-1.840623e-02	8.754744e+00
2.250000e-05	-1.845202e-02	8.694238e+00
2.251000e-05	-2.028075e-02	8.693137e+00
2.252000e-05	-2.125318e-02	8.660053e+00
2.253000e-05	-2.286691e-02	8.609398e+00
2.254000e-05	-2.327968e-02	8.587392e+00
2.255000e-05	-2.516994e-02	8.534291e+00
2.256000e-05	-2.666630e-02	8.471131e+00
2.257000e-05	-2.789095e-02	8.440506e+00
2.258000e-05	-2.621419e-02	8.378925e+00
2.259000e-05	-2.508967e-02	8.346314e+00
2.260000e-05	-2.504340e-02	8.283558e+00
2.261000e-05	-2.344362e-02	8.179350e+00
2.262000e-05	-2.083946e-02	8.123766e+00
2.263000e-05	-2.018700e-02	8.043537e+00
2.264000e-05	-1.947971e-02	7.957496e+00
2.265000e-05	-1.639738e-02	7.884609e+00
2.266000e-05	-1.787201e-02	7.809451e+00
2.267000e-05	-1.271181e-02	7.714265e+00
2.268000e-05	-1.405345e-02	7.652529e+00
2.269000e-05	-1.075381e-02	7.566816e+00
2.270000e-05	-1.200197e-02	7.442104e+00
2.271000e-05	-1.035442e-02	7.303291e+00
2.272000e-05	-8.605655e-03	7.230053e+00
2.273000e-05	-1.207463e-02	7.124813e+00
2.274000e-05	-9.745449e-03	7.031029e+00
2.275000e-05	-9.953060e-03	6.965291e+00
2.276000e-05	-7.185503e-03	6.850525e+00
2.277000e-05	-8.389066e-03	6.747844e+00
2.278000e-05	-7.412423e-03	6.651549e+00
2.279000e-05	-5.652846e-03	6.503180e+00
2.280000e-05	-5.712204e-03	6.408899e+00
2.281000e-05	-7.115701e-03	6.273181e+00
2.282000e-05	-7.044290e-03	6.157392e+00
2.283000e-05	-7.061167e-03	6.051077e+00
2.284000e-05	-7.045492e-03	5.956366e+00
2.285000e-05	-7.505299e-03	5.780466e+00
2.286000e-05	-5.068681e-03	5.630001e+00
2.287000e-05	-4.263245e-03	5.524765e+00
2.288000e-05	-5.247708e-03	5.419471e+00
2.289000e-05	-5.453619e-03	5.262683e+00
2.290000e-05	-5.346884e-03	5.103085e+00
2.291000e-05	-4.633960e-03	4.903282e+00
2.292000e-05	-4.762471e-03	4.757366e+00
2.293000e-05	-5.272883e-03	4.611025e+00
2.294000e-05	-5.382146e-03	4.493183e+00
2.295000e-05	-5.687571e-03	4.378395e+00
2.296000e-05	-4.437230e-03	4.260024e+00
2.297000e-05	-4.322493e-03	4.011575e+00
2.298000e-05	-3.726966e-03	3.904812e+00
2.299000e-05	-4.321525e-03	3.736344e+00
2.300000e-05	-4.621500e-03	3.661077e+00
2.301000e-05	-5.351177e-03	3.514761e+00
2.302000e-05	-5.121651e-03	3.273710e+00
2.303000e-05	-4.332995e-03	3.147946e+00
2.304000e-05	-4.335259e-03	3.021026e+00
2.305000e-05	-4.011068e-03	2.883107e+00
2.306000e-05	-4.080950e-03	2.727294e+00
2.307000e-05	-3.488488e-03	2.536335e+00
2.308000e-05	-4.112274e-03	2.348345e+00
2.309000e-05	-3.929888e-03	2.210499e+00
2.310000e-05	-4.812475e-03	2.042705e+00
2.311000e-05	-4.570115e-03	1.927841e+00
2.312000e-05	-3.702041e-03	1.726367e+00
2.313000e-05	-3.391729e-03	1.537974e+00
2.314000e-05	-2.270638e-03	1.432050e+00
2.315000e-05	-4.700200e-03	1.252075e+00
2.316000e-05	-4.191001e-03	1.062150e+00
2.317000e-05	-4.506284e-03	8.521057e-01
2.318000e-05	-3.774213e-03	6.942857e-01
2.319000e-05	-3.498849e-03	5.252386e-01
2.320000e-05	-3.058709e-03	3.894737e-01
2.321000e-05	-3.874283e-03	2.011689e-01
2.322000e-05	-2.362926e-03	3.012407e-02
2.323000e-05	2.284523e-03	-1.357956e-01
2.324000e-05	3.825088e-03	-2.842379e-01
2.325000e-05	-1.895419e-03	-3.890263e-01
2.326000e-05	5.901674e-04	-5.793694e-01
2.327000e-05	-2.926100e-03	-7.763498e-01
2.328000e-05	-3.054890e-04	-8.626878e-01
2.329000e-05	-1.147251e-03	-1.031476e+00
2.330000e-05	1.415911e-02	-1.176421e+00
2.331000e-05	8.448784e-02	-1.335266e+00
2.332000e-05	-1.954218e-02	-1.578324e+00
2.333000e-05	-4.157745e-02	-1.832981e+00
2.334000e-05	-6.372255e-02	-1.969400e+00
2.335000e-05	-7.287549e-02	-2.013132e+00
2.336000e-05	1.741245e-01	-2.053110e+00
2.337000e-05	-6.768997e-02	-2.323164e+00
2.338000e-05	-1.082730e-01	-2.558351e+00
2.339000e-05	1.984033e-01	-2.610025e+00
2.340000e-05	-1.254502e-01	-2.755321e+00
2.341000e-05	-9.052507e-02	-2.978850e+00
2.342000e-05	1.885552e-01	-3.165742e+00
2.343000e-05	-1.081648e-01	-3.283635e+00
2.344000e-05	-2.160070e-02	-3.481554e+00
2.345000e-05	1.480523e-01	-3.524821e+00
2.346000e-05	-1.622535e-01	-3.696719e+00
2.347000e-05	9.132953e-02	-3.916241e+00
2.348000e-05	-2.242360e-03	-4.051035e+00
2.349000e-05	-1.003786e-01	-4.232004e+00
2.350000e-05	1.494246e-01	-4.345740e+00
2.351000e-05	-9.185758e-02	-4.401480e+00
2.352000e-05	-5.738259e-03	-4.609406e+00
2.353000e-05	9.508270e-02	-4.777316e+00
2.354000e-05	-8.849654e-02	-4.915751e+00
2.355000e-05	3.748384e-02	-5.041581e+00
2.356000e-05	-4.147982e-02	-5.189375e+00
2.357000e-05	2.598319e-02	-5.368345e+00
2.358000e-05	3.896606e-02	-5.533589e+00
2.359000e-05	-8.676871e-02	-5.661085e+00
2.360000e-05	8.918938e-02	-5.798845e+00
2.361000e-05	-3.958706e-02	-5.925088e+00
2.362000e-05	-1.797290e-02	-6.008451e+00
2.363000e-05	1.686013e-02	-6.103633e+00
2.364000e-05	-2.325264e-02	-6.311084e+00
2.365000e-05	8.533779e-02	-6.391375e+00
2.366000e-05	-8.608432e-02	-6.474113e+00
2.367000e-05	2.832901e-03	-6.598954e+00
2.368000e-05	3.886571e-02	-6.724139e+00
2.369000e-05	-2.147121e-02	-6.829399e+00
2.370000e-05	1.243258e-02	-6.901612e+00
2.371000e-05	-3.393391e-02	-7.038478e+00
2.372000e-05	5.696406e-02	-7.198346e+00
2.373000e-05	-2.674987e-02	-7.222059e+00
2.374000e-05	-2.304244e-02	-7.375296e+00
2.375000e-05	2.591436e-02	-7.410956e+00
2.376000e-05	-2.034175e-03	-7.515293e+00
2.377000e-05	2.567757e-03	-7.629479e+00
2.378000e-05	-2.662575e-02	-7.723189e+00
2.379000e-05	3.011714e-02	-7.910629e+00
2.380000e-05	3.550145e-03	-7.975742e+00
2.381000e-05	-1.805912e-02	-8.009954e+00
2.382000e-05	4.055150e-03	-8.093110e+00
2.383000e-05	4.192763e-03	-8.135848e+00
2.384000e-05	7.085964e-03	-8.219403e+00
2.385000e-05	-1.162180e-02	-8.303086e+00
2.386000e-05	8.948088e-03	-8.335371e+00
2.387000e-05	2.431341e-03	-8.405899e+00
2.388000e-05	-7.024992e-03	-8.400005e+00
2.389000e-05	2.530270e-03	-8.442005e+00
2.390000e-05	4.992197e-03	-8.494217e+00
2.391000e-05	4.419284e-03	-8.545665e+00
2.392000e-05	-6.428132e-04	-8.628904e+00
2.393000e-05	2.110469e-03	-8.703089e+00
2.394000e-05	1.696137e-03	-8.732691e+00
2.395000e-05	7.194675e-06	-8.745900e+00
2.396000e-05	3.415285e-03	-8.809923e+00
2.397000e-05	3.055879e-03	-8.811478e+00
2.398000e-05	-8.068080e-06	-8.830500e+00
2.399000e-05	3.280593e-03	-8.850557e+00
2.400000e-05	5.586188e-03	-8.861557e+00
2.401000e-05	2.322022e-03	-8.861584e+00
2.402000e-05	7.423219e-04	-8.892110e+00
2.403000e-05	5.853699e-03	-8.912137e+00
2.404000e-05	5.875189e-03	-8.873612e+00
2.405000e-05	3.413001e-03	-8.903188e+00
2.406000e-05	3.822136e-03	-8.903709e+00
2.407000e-05	6.250162e-03	-8.894137e+00
2.408000e-05	6.579377e-03	-8.872157e+00
2.409000e-05	5.299589e-03	-8.872610e+00
2.410000e-05	7.419614e-03	-8.862057e+00
2.411000e-05	9.844059e-03	-8.842058e+00
2.412000e-05	9.589202e-03	-8.851531e+00
2.413000e-05	8.677761e-03	-8.810028e+00
2.414000e-05	1.126848e-02	-8.818925e+00
2.415000e-05	1.315065e-02	-8.797396e+00
2.416000e-05	1.447765e-02	-8.714870e+00
2.417000e-05	1.566492e-02	-8.713616e+00
2.418000e-05	1.672021e-02	-8.630499e+00
2.419000e-05	1.873275e-02	-8.616840e+00
2.420000e-05	1.861785e-02	-8.535140e+00
2.421000e-05	1.880713e-02	-8.432558e+00
2.422000e-05	2.059916e-02	-8.429506e+00
2.423000e-05	2.132264e-02	-8.368445e+00
2.424000e-05	2.151831e-02	-8.304217e+00
2.425000e-05	1.871002e-02	-8.282704e+00
2.426000e-05	1.893699e-02	-8.199475e+00
2.427000e-05	1.850393e-02	-8.146867e+00
2.428000e-05	1.555383e-02	-8.073057e+00
2.429000e-05	1.346651e-02	-8.030501e+00
2.430000e-05	1.226743e-02	-7.987397e+00
2.431000e-05	1.072685e-02	-7.875162e+00
2.432000e-05	9.127587e-03	-7.746788e+00
2.433000e-05	8.943286e-03	-7.672109e+00
2.434000e-05	6.994397e-03	-7.565721e+00
2.435000e-05	5.372536e-03	-7.473082e+00
2.436000e-05	5.371909e-03	-7.367875e+00
2.437000e-05	5.654257e-03	-7.283231e+00
2.438000e-05	4.405043e-03	-7.240027e+00
2.439000e-05	3.167948e-03	-7.126340e+00
2.440000e-05	3.662236e-03	-6.990024e+00
2.441000e-05	3.762827e-03	-6.853086e+00
2.442000e-05	1.210462e-03	-6.777897e+00
2.443000e-05	2.311048e-03	-6.694213e+00
2.444000e-05	2.479744e-03	-6.588399e+00
2.445000e-05	1.954945e-03	-6.472708e+00
2.446000e-05	2.988771e-04	-6.378425e+00
2.447000e-05	5.156436e-04	-6.240007e+00
2.448000e-05	1.364360e-03	-6.072132e+00
2.449000e-05	4.687981e-04	-5.957949e+00
2.450000e-05	-7.164992e-04	-5.863659e+00
2.451000e-05	-5.746849e-04	-5.706240e+00
2.452000e-05	-1.238655e-03	-5.648477e+00
2.453000e-05	-5.830526e-04	-5.463738e+00
2.454000e-05	-1.156587e-04	-5.295158e+00
2.455000e-05	-6.838554e-04	-5.146845e+00
2.456000e-05	-3.207862e-03	-5.000529e+00
2.457000e-05	-2.571444e-03	-4.779973e+00
2.458000e-05	-1.547840e-03	-4.622160e+00
2.459000e-05	-2.132300e-03	-4.546842e+00
2.460000e-05	-2.461816e-03	-4.411005e+00
2.461000e-05	-2.451143e-03	-4.285812e+00
2.462000e-05	-1.986609e-03	-4.167421e+00
2.463000e-05	-3.812771e-03	-4.060500e+00
2.464000e-05	-1.401533e-03	-3.925764e+00
2.465000e-05	-2.901506e-03	-3.717261e+00
2.466000e-05	-1.274664e-03	-3.559421e+00
2.467000e-05	-4.429497e-03	-3.421577e+00
2.468000e-05	-2.847716e-03	-3.293712e+00
2.469000e-05	-3.684928e-03	-3.169346e+00
2.470000e-05	-1.877987e-03	-2.927919e+00
2.471000e-05	-3.943231e-03	-2.779500e+00
2.472000e-05	-3.365919e-03	-2.684704e+00
2.473000e-05	-3.654671e-03	-2.485832e+00
2.474000e-05	-3.838766e-03	-2.369348e+00
2.475000e-05	-3.184650e-03	-2.198420e+00
2.476000e-05	-3.227642e-03	-2.001499e+00
2.477000e-05	-2.545538e-03	-1.885255e+00
2.478000e-05	-4.295484e-03	-1.695313e+00
2.479000e-05	-3.987927e-03	-1.547922e+00
2.480000e-05	-3.742525e-03	-1.336860e+00
2.481000e-05	-3.599948e-03	-1.147421e+00
2.482000e-05	-4.627040e-03	-9.889974e-01
2.483000e-05	-4.015038e-03	-8.305277e-01
2.484000e-05	-5.366566e-03	-6.738120e-01
2.485000e-05	-3.182656e-03	-4.831307e-01
2.486000e-05	-3.900336e-03	-3.268422e-01
2.487000e-05	-4.007530e-03	-2.100750e-01
2.488000e-05	-1.792541e-03	1.002751e-02
2.489000e-05	2.323248e-03	1.462918e-01
2.490000e-05	-2.034204e-04	3.267682e-01
2.491000e-05	-6.616379e-04	4.320303e-01
2.492000e-05	-7.396007e-04	5.985226e-01
2.493000e-05	-3.293670e-03	7.784196e-01
2.494000e-05	-3.246589e-03	8.531840e-01
2.495000e-05	-1.100932e-03	1.021639e+00
2.496000e-05	9.371284e-03	1.281081e+00
2.497000e-05	5.125304e-02	1.389974e+00
2.498000e-05	3.521521e-02	1.683632e+00
2.499000e-05	-5.427686e-02	1.853060e+00
2.500000e-05	-3.852713e-02	1.999972e+00
2.501000e-05	-9.014378e-02	2.165288e+00
2.502000e-05	2.134434e-02	2.211524e+00
2.503000e-05	1.386856e-01	2.376843e+00
2.504000e-05	-1.400875e-01	2.536186e+00
2.505000e-05	2.758889e-02	2.631078e+00
2.506000e-05	1.009709e-01	2.821028e+00
2.507000e-05	-1.475619e-01	3.018426e+00
2.508000e-05	4.066840e-02	3.104337e+00
2.509000e-05	9.785633e-02	3.242029e+00
2.510000e-05	-1.405430e-01	3.471507e+00
2.511000e-05	7.041953e-02	3.577400e+00
2.512000e-05	2.377297e-02	3.755291e+00
2.513000e-05	-7.153672e-02	3.934192e+00
2.514000e-05	5.170371e-02	4.039500e+00
2.515000e-05	-3.857132e-02	4.210973e+00
2.516000e-05	-9.330618e-03	4.365825e+00
2.517000e-05	2.912028e-02	4.516163e+00
2.518000e-05	-2.292155e-02	4.671533e+00
2.519000e-05	1.583056e-02	4.779425e+00
2.520000e-05	1.565496e-02	4.947374e+00
2.521000e-05	-2.648180e-02	5.197450e+00
2.522000e-05	-2.019303e-02	5.344166e+00
2.523000e-05	5.996141e-03	5.452085e+00
2.524000e-05	2.967292e-02	5.577846e+00
2.525000e-05	-2.984727e-02	5.633114e+00
2.526000e-05	2.811100e-03	5.861503e+00
2.527000e-05	1.539944e-03	5.986871e+00
2.528000e-05	-1.291417e-02	6.123161e+00
2.529000e-05	4.125334e-03	6.191522e+00
2.530000e-05	-1.737619e-02	6.334664e+00
2.531000e-05	1.967310e-02	6.378474e+00
2.532000e-05	-2.446141e-05	6.505213e+00
2.533000e-05	-2.399942e-02	6.723138e+00
2.534000e-05	-3.288370e-03	6.808924e+00
2.535000e-05	1.012896e-02	6.883157e+00
2.536000e-05	-2.642351e-03	7.008270e+00
2.537000e-05	-1.741839e-02	7.080580e+00
2.538000e-05	5.010627e-03	7.166894e+00
2.539000e-05	9.212091e-03	7.222533e+00
2.540000e-05	-1.661174e-02	7.364713e+00
2.541000e-05	-1.211780e-02	7.531616e+00
2.542000e-05	3.880381e-03	7.619999e+00
2.543000e-05	-7.052669e-05	7.683664e+00
2.544000e-05	-9.492423e-03	7.787269e+00
2.545000e-05	-7.131966e-03	7.892104e+00
2.546000e-05	6.246515e-03	7.990972e+00
2.547000e-05	-8.212755e-03	8.112530e+00
2.548000e-05	-8.046655e-03	8.144194e+00
2.549000e-05	-3.816766e-03	8.231501e+00
2.550000e-05	-2.138434e-03	8.293185e+00
2.551000e-05	-8.014191e-03	8.365769e+00
2.552000e-05	-6.029935e-03	8.397947e+00
2.553000e-05	3.188538e-04	8.441527e+00
2.554000e-05	-7.827555e-03	8.452557e+00
2.555000e-05	-9.113769e-03	8.493311e+00
2.556000e-05	-4.490918e-03	8.586848e+00
2.557000e-05	-2.112546e-03	8.630029e+00
2.558000e-05	-6.119937e-03	8.650478e+00
2.559000e-05	-7.305471e-03	8.661579e+00
2.560000e-05	-6.148833e-03	8.704211e+00
2.561000e-05	-7.780510e-03	8.736238e+00
2.562000e-05	-6.519051e-03	8.756743e+00
2.563000e-05	-5.447453e-03	8.777845e+00
2.564000e-05	-7.390186e-03	8.779470e+00
2.565000e-05	-1.100864e-02	8.830400e+00
2.566000e-05	-8.453251e-03	8.829001e+00
2.567000e-05	-7.055348e-03	8.819500e+00
2.568000e-05	-8.311413e-03	8.881004e+00
2.569000e-05	-9.269051e-03	8.830554e+00
2.570000e-05	-9.951462e-03	8.882083e+00
2.571000e-05	-8.768442e-03	8.882555e+00
2.572000e-05	-1.146319e-02	8.882559e+00
2.573000e-05	-1.074694e-02	8.861557e+00
2.574000e-05	-1.218133e-02	8.882533e+00
2.575000e-05	-1.198448e-02	8.870525e+00
2.576000e-05	-1.348252e-02	8.831527e+00
2.577000e-05	-1.277492e-02	8.829978e+00
2.578000e-05	-1.520631e-02	8.798971e+00
2.579000e-05	-1.638092e-02	8.808395e+00
2.580000e-05	-1.723011e-02	8.726291e+00
2.581000e-05	-1.886741e-02	8.735295e+00
2.582000e-05	-1.934410e-02	8.704711e+00
2.583000e-05	-2.048515e-02	8.672611e+00
2.584000e-05	-2.094841e-02	8.641074e+00
2.585000e-05	-2.409404e-02	8.618972e+00
2.586000e-05	-2.510052e-02	8.524795e+00
2.587000e-05	-2.676391e-02	8.493760e+00
2.588000e-05	-2.633611e-02	8.481608e+00
2.589000e-05	-2.774123e-02	8.430003e+00
2.590000e-05	-2.621817e-02	8.376813e+00
2.591000e-05	-2.595797e-02	8.323241e+00
2.592000e-05	-2.523515e-02	8.229578e+00
2.593000e-05	-2.245375e-02	8.166369e+00
2.594000e-05	-2.044859e-02	8.116184e+00
2.595000e-05	-1.984004e-02	8.070603e+00
2.596000e-05	-1.860186e-02	7.944816e+00
2.597000e-05	-1.787368e-02	7.854606e+00
2.598000e-05	-1.435981e-02	7.776922e+00
2.599000e-05	-1.537853e-02	7.712683e+00
2.600000e-05	-1.084150e-02	7.641528e+00
2.601000e-05	-1.415605e-02	7.504815e+00
2.602000e-05	-9.787624e-03	7.357974e+00
2.603000e-05	-1.198321e-02	7.312561e+00
2.604000e-05	-8.579092e-03	7.197998e+00
2.605000e-05	-1.096290e-02	7.136236e+00
2.606000e-05	-8.608643e-03	7.038946e+00
2.607000e-05	-8.823918e-03	6.914663e+00
2.608000e-05	-7.670211e-03	6.818528e+00
2.609000e-05	-9.679330e-03	6.697738e+00
2.610000e-05	-6.287655e-03	6.569442e+00
2.611000e-05	-7.426258e-03	6.442053e+00
2.612000e-05	-5.964822e-03	6.327294e+00
2.613000e-05	-7.071912e-03	6.241529e+00
2.614000e-05	-5.573685e-03	6.135760e+00
2.615000e-05	-7.347312e-03	6.018975e+00
2.616000e-05	-6.123023e-03	5.906763e+00
2.617000e-05	-6.402714e-03	5.756236e+00
2.618000e-05	-4.818078e-03	5.598445e+00
2.619000e-05	-5.836071e-03	5.483631e+00
2.620000e-05	-5.582488e-03	5.357396e+00
2.621000e-05	-5.523411e-03	5.179970e+00
2.622000e-05	-4.890056e-03	4.979574e+00
2.623000e-05	-5.618680e-03	4.822104e+00
2.624000e-05	-4.443921e-03	4.695760e+00
2.625000e-05	-4.792671e-03	4.607446e+00
2.626000e-05	-5.571117e-03	4.430604e+00
2.627000e-05	-5.143442e-03	4.346237e+00
2.628000e-05	-4.876642e-03	4.134262e+00
2.629000e-05	-4.669584e-03	3.979499e+00
2.630000e-05	-5.427044e-03	3.882080e+00
2.631000e-05	-4.679528e-03	3.745834e+00
2.632000e-05	-4.072051e-03	3.609550e+00
2.633000e-05	-4.016131e-03	3.431551e+00
2.634000e-05	-5.320607e-03	3.261675e+00
2.635000e-05	-4.494541e-03	3.094765e+00
2.636000e-05	-4.064038e-03	2.978421e+00
2.637000e-05	-4.141805e-03	2.831574e+00
2.638000e-05	-4.591666e-03	2.712106e+00
2.639000e-05	-4.077535e-03	2.561256e+00
2.640000e-05	-4.127988e-03	2.306734e+00
2.641000e-05	-3.815755e-03	2.137521e+00
2.642000e-05	-3.564477e-03	2.011502e+00
2.643000e-05	-3.571814e-03	1.882688e+00
2.644000e-05	-3.837329e-03	1.743692e+00
2.645000e-05	-3.826751e-03	1.496763e+00
2.646000e-05	-3.291661e-03	1.366820e+00
2.647000e-05	-3.975024e-03	1.179523e+00
2.648000e-05	-3.914991e-03	9.585359e-01
2.649000e-05	-4.314014e-03	8.109726e-01
2.650000e-05	-3.536751e-03	6.616015e-01
2.651000e-05	-3.168886e-03	4.742557e-01
2.652000e-05	-3.005173e-03	3.459437e-01
2.653000e-05	-3.919013e-03	1.063374e-01
2.654000e-05	-9.026498e-04	-1.552501e-03
2.655000e-05	3.055864e-03	-1.784234e-01
2.656000e-05	4.210935e-04	-3.168444e-01
2.657000e-05	4.730302e-04	-4.320563e-01
2.658000e-05	-1.039872e-03	-5.985561e-01
2.659000e-05	-1.069702e-03	-7.994750e-01
2.660000e-05	-1.808215e-03	-9.457157e-01
2.661000e-05	1.256975e-03	-1.052130e+00
2.662000e-05	2.659604e-02	-1.188402e+00
2.663000e-05	8.311215e-02	-1.409477e+00
2.664000e-05	-6.260167e-02	-1.663634e+00
2.665000e-05	-1.715952e-02	-1.886217e+00
2.666000e-05	-1.109327e-01	-2.030531e+00
2.667000e-05	3.518704e-02	-2.073638e+00
2.668000e-05	1.359284e-01	-2.056186e+00
2.669000e-05	-1.603738e-01	-2.409351e+00
2.670000e-05	3.470100e-02	-2.608450e+00
2.671000e-05	1.543537e-01	-2.621555e+00
2.672000e-05	-1.895404e-01	-2.821503e+00
2.673000e-05	5.238572e-02	-3.030106e+00
2.674000e-05	1.326443e-01	-3.177922e+00
2.675000e-05	-1.716138e-01	-3.347769e+00
2.676000e-05	1.027134e-01	-3.512637e+00
2.677000e-05	2.539720e-02	-3.568849e+00
2.678000e-05	-1.254047e-01	-3.798427e+00
2.679000e-05	1.389869e-01	-3.978346e+00
2.680000e-05	-1.001388e-01	-4.124718e+00
2.681000e-05	-9.033695e-04	-4.283639e+00
2.682000e-05	1.137249e-01	-4.356346e+00
2.683000e-05	-1.415252e-01	-4.473237e+00
2.684000e-05	8.933177e-02	-4.723083e+00
2.685000e-05	1.596725e-02	-4.789048e+00
2.686000e-05	-5.929730e-02	-5.007272e+00
2.687000e-05	4.070471e-02	-5.094237e+00
2.688000e-05	-5.889296e-02	-5.231009e+00
2.689000e-05	7.934465e-02	-5.481534e+00
2.690000e-05	-3.693437e-02	-5.605850e+00
2.691000e-05	-2.761823e-02	-5.724113e+00
2.692000e-05	7.555093e-02	-5.800505e+00
2.693000e-05	-7.114940e-02	-5.978322e+00
2.694000e-05	2.689884e-02	-6.022054e+00
2.695000e-05	-1.987324e-02	-6.143696e+00
2.696000e-05	2.872756e-02	-6.384242e+00
2.697000e-05	4.152516e-02	-6.420504e+00
2.698000e-05	-9.515679e-02	-6.526741e+00
2.699000e-05	4.901824e-02	-6.650030e+00
2.700000e-05	1.915431e-03	-6.775318e+00
2.701000e-05	-3.644022e-03	-6.810004e+00
2.702000e-05	-7.112265e-03	-6.904172e+00
2.703000e-05	-8.322102e-03	-7.153564e+00
2.704000e-05	5.299785e-02	-7.190450e+00
2.705000e-05	-5.085880e-02	-7.313188e+00
2.706000e-05	8.181824e-03	-7.337899e+00
2.707000e-05	1.246563e-02	-7.461558e+00
2.708000e-05	-5.731729e-04	-7.565925e+00
2.709000e-05	-8.577223e-03	-7.631028e+00
2.710000e-05	-1.570093e-02	-7.747273e+00
2.711000e-05	3.711632e-02	-7.913085e+00
2.712000e-05	-1.442869e-02	-7.967423e+00
2.713000e-05	-5.010519e-03	-8.040629e+00
2.714000e-05	3.219805e-03	-8.124663e+00
2.715000e-05	7.497033e-03	-8.187876e+00
2.716000e-05	8.549300e-04	-8.229451e+00
2.717000e-05	-9.144743e-03	-8.283167e+00
2.718000e-05	1.278393e-02	-8.355374e+00
2.719000e-05	-4.944168e-03	-8.358424e+00
2.720000e-05	-1.623830e-03	-8.390979e+00
2.721000e-05	2.308264e-03	-8.454609e+00
2.722000e-05	6.699972e-03	-8.565264e+00
2.723000e-05	3.283074e-03	-8.618303e+00
2.724000e-05	-1.111516e-03	-8.670879e+00
2.725000e-05	2.605596e-03	-8.683190e+00
2.726000e-05	-8.245772e-04	-8.724238e+00
2.727000e-05	1.831282e-03	-8.776872e+00
2.728000e-05	3.522184e-03	-8.807950e+00
2.729000e-05	2.278798e-03	-8.811554e+00
2.730000e-05	-5.338742e-04	-8.851981e+00
2.731000e-05	4.259754e-03	-8.852505e+00
2.732000e-05	5.393256e-03	-8.861557e+00
2.733000e-05	1.714090e-03	-8.862634e+00
2.734000e-05	2.109026e-03	-8.874162e+00
2.735000e-05	5.539769e-03	-8.873685e+00
2.736000e-05	4.621869e-03	-8.883062e+00
2.737000e-05	3.637128e-03	-8.894213e+00
2.738000e-05	5.422171e-03	-8.883537e+00
2.739000e-05	5.604521e-03	-8.863638e+00
2.740000e-05	6.615038e-03	-8.872659e+00
2.741000e-05	6.390210e-03	-8.893564e+00
2.742000e-05	8.951457e-03	-8.832611e+00
2.743000e-05	8.688401e-03	-8.851530e+00
2.744000e-05	9.202897e-03	-8.841478e+00
2.745000e-05	9.050733e-03	-8.810500e+00
2.746000e-05	1.150445e-02	-8.767950e+00
2.747000e-05	1.394417e-02	-8.735950e+00
2.748000e-05	1.456464e-02	-8.716317e+00
2.749000e-05	1.619888e-02	-8.673610e+00
2.750000e-05	1.674052e-02	-8.581525e+00
2.751000e-05	1.923715e-02	-8.577246e+00
2.752000e-05	1.892209e-02	-8.503187e+00
2.753000e-05	1.953279e-02	-8.471584e+00
2.754000e-05	2.039580e-02	-8.419452e+00
2.755000e-05	2.155709e-02	-8.358398e+00
2.756000e-05	2.057509e-02	-8.262711e+00
2.757000e-05	1.941228e-02	-8.272526e+00
2.758000e-05	1.904657e-02	-8.206025e+00
2.759000e-05	1.667816e-02	-8.114742e+00
2.760000e-05	1.449908e-02	-8.072533e+00
2.761000e-05	1.237320e-02	-8.029951e+00
2.762000e-05	1.214602e-02	-7.904890e+00
2.763000e-05	1.008123e-02	-7.839460e+00
2.764000e-05	8.882170e-03	-7.736162e+00
2.765000e-05	8.887206e-03	-7.621055e+00
2.766000e-05	6.928133e-03	-7.504314e+00
2.767000e-05	4.993346e-03	-7.432106e+00
2.768000e-05	4.616931e-03	-7.356346e+00
2.769000e-05	6.047331e-03	-7.262131e+00
2.770000e-05	3.558168e-03	-7.210002e+00
2.771000e-05	3.249663e-03	-7.102791e+00
2.772000e-05	3.402758e-03	-6.964794e+00
2.773000e-05	3.036068e-03	-6.851604e+00
2.774000e-05	2.101978e-03	-6.767397e+00
2.775000e-05	2.550013e-03	-6.652553e+00
2.776000e-05	1.860223e-03	-6.545222e+00
2.777000e-05	5.220353e-05	-6.439508e+00
2.778000e-05	6.103544e-04	-6.307920e+00
2.779000e-05	1.168201e-03	-6.157421e+00
2.780000e-05	2.426405e-04	-6.060604e+00
2.781000e-05	-7.838771e-04	-5.936845e+00
2.782000e-05	-7.659807e-04	-5.819498e+00
2.783000e-05	3.047233e-04	-5.674204e+00
2.784000e-05	-1.258801e-03	-5.567426e+00
2.785000e-05	-1.224107e-03	-5.410078e+00
2.786000e-05	-1.460548e-03	-5.222055e+00
2.787000e-05	-2.251817e-03	-5.076211e+00
2.788000e-05	-2.321155e-03	-4.956346e+00
2.789000e-05	-2.011554e-03	-4.767915e+00
2.790000e-05	-1.524445e-03	-4.610004e+00
2.791000e-05	-2.935265e-03	-4.505236e+00
2.792000e-05	-2.742881e-03	-4.370474e+00
2.793000e-05	-2.318283e-03	-4.270656e+00
2.794000e-05	-2.420380e-03	-4.113266e+00
2.795000e-05	-3.179399e-03	-3.979029e+00
2.796000e-05	-2.319001e-03	-3.871680e+00
2.797000e-05	-2.054161e-03	-3.632582e+00
2.798000e-05	-2.579753e-03	-3.495868e+00
2.799000e-05	-3.516755e-03	-3.368924e+00
2.800000e-05	-2.130071e-03	-3.251575e+00
2.801000e-05	-2.487381e-03	-3.096288e+00
2.802000e-05	-2.535118e-03	-2.865262e+00
2.803000e-05	-2.695856e-03	-2.737974e+00
2.804000e-05	-4.321849e-03	-2.621504e+00
2.805000e-05	-3.099185e-03	-2.413081e+00
2.806000e-05	-4.839832e-03	-2.304841e+00
2.807000e-05	-2.070778e-03	-2.084837e+00
2.808000e-05	-3.605894e-03	-1.958896e+00
2.809000e-05	-2.826763e-03	-1.791024e+00
2.810000e-05	-4.753149e-03	-1.673128e+00
2.811000e-05	-3.596721e-03	-1.465266e+00
2.812000e-05	-4.142377e-03	-1.283237e+00
2.813000e-05	-2.747381e-03	-1.094259e+00
2.814000e-05	-4.660185e-03	-9.379199e-01
2.815000e-05	-4.068513e-03	-7.795260e-01
2.816000e-05	-5.183974e-03	-6.315039e-01
2.817000e-05	-3.628399e-03	-4.306028e-01
2.818000e-05	-4.574547e-03	-2.652080e-01
2.819000e-05	-3.332298e-03	-1.058270e-01
2.820000e-05	-7.484124e-04	2.100124e-02
2.821000e-05	3.193598e-03	1.888199e-01
2.822000e-05	-2.940182e-03	3.879248e-01
2.823000e-05	5.025829e-04	5.236880e-01
2.824000e-05	-4.349879e-03	6.605538e-01
2.825000e-05	-1.695157e-03	7.674771e-01
2.826000e-05	-4.294114e-03	9.661945e-01
2.827000e-05	2.595273e-03	1.145842e+00
2.828000e-05	1.539762e-02	1.314159e+00
2.829000e-05	6.682649e-02	1.484187e+00
2.830000e-05	-6.210101e-03	1.774719e+00
2.831000e-05	-4.615742e-02	1.945188e+00
2.832000e-05	-4.727330e-02	2.011152e+00
2.833000e-05	-8.502466e-02	2.155899e+00
2.834000e-05	1.017792e-01	2.273604e+00
2.835000e-05	5.883817e-02	2.409504e+00
2.836000e-05	-1.646381e-01	2.574716e+00
2.837000e-05	1.341129e-01	2.743218e+00
2.838000e-05	-1.402257e-02	2.892633e+00
2.839000e-05	-1.179865e-01	3.059558e+00
2.840000e-05	1.121569e-01	3.185266e+00
2.841000e-05	4.113990e-03	3.344610e+00
2.842000e-05	-1.121082e-01	3.525314e+00
2.843000e-05	1.151777e-01	3.621553e+00
2.844000e-05	-4.692613e-02	3.788373e+00
2.845000e-05	-2.779306e-02	3.996767e+00
2.846000e-05	4.520660e-02	4.073114e+00
2.847000e-05	-5.583190e-02	4.342205e+00
2.848000e-05	1.823152e-02	4.400451e+00
2.849000e-05	4.318358e-03	4.541268e+00
2.850000e-05	-1.607245e-02	4.703714e+00
2.851000e-05	2.389918e-02	4.840604e+00
2.852000e-05	-1.655206e-03	5.143559e+00
2.853000e-05	-2.744343e-02	5.250075e+00
2.854000e-05	-1.488549e-02	5.396369e+00
2.855000e-05	2.371769e-02	5.523160e+00
2.856000e-05	8.445253e-03	5.599974e+00
2.857000e-05	-3.017640e-02	5.745636e+00
2.858000e-05	9.505829e-03	5.924187e+00
2.859000e-05	-4.644862e-03	6.010400e+00
2.860000e-05	-6.516125e-03	6.094168e+00
2.861000e-05	-5.424437e-04	6.239933e+00
2.862000e-05	-1.257629e-02	6.345271e+00
2.863000e-05	2.500479e-02	6.430975e+00
2.864000e-05	-1.526302e-02	6.555393e+00
2.865000e-05	-2.013297e-02	6.744238e+00
2.866000e-05	5.099144e-03	6.840975e+00
2.867000e-05	7.365204e-03	6.895133e+00
2.868000e-05	-8.830164e-03	6.989273e+00
2.869000e-05	-1.843571e-02	7.134613e+00
2.870000e-05	1.573762e-02	7.187949e+00
2.871000e-05	-1.223922e-03	7.253583e+00
2.872000e-05	-1.690842e-02	7.429304e+00
2.873000e-05	-8.820000e-03	7.525267e+00
2.874000e-05	4.905060e-03	7.660026e+00
2.875000e-05	-2.919190e-03	7.685241e+00
2.876000e-05	-1.313015e-02	7.821445e+00
2.877000e-05	-9.114823e-04	7.913667e+00
2.878000e-05	1.720152e-03	8.049881e+00
2.879000e-05	-9.471934e-03	8.100863e+00
2.880000e-05	-7.566880e-03	8.177296e+00
2.881000e-05	-1.636575e-03	8.243022e+00
2.882000e-05	-4.527302e-03	8.303136e+00
2.883000e-05	-8.789558e-03	8.364718e+00
2.884000e-05	-2.788586e-03	8.399452e+00
2.885000e-05	-1.483753e-03	8.431033e+00
2.886000e-05	-1.039209e-02	8.462610e+00
2.887000e-05	-7.369994e-03	8.516291e+00
2.888000e-05	-1.729725e-03	8.587900e+00
2.889000e-05	-4.709331e-03	8.629504e+00
2.890000e-05	-6.054322e-03	8.670529e+00
2.891000e-05	-7.637918e-03	8.692635e+00
2.892000e-05	-6.462857e-03	8.693711e+00
2.893000e-05	-8.602981e-03	8.736093e+00
2.894000e-05	-6.311431e-03	8.806872e+00
2.895000e-05	-4.919512e-03	8.776420e+00
2.896000e-05	-9.052428e-03	8.807921e+00
2.897000e-05	-8.779652e-03	8.799499e+00
2.898000e-05	-7.807327e-03	8.850025e+00
2.899000e-05	-6.201022e-03	8.879505e+00
2.900000e-05	-1.065307e-02	8.841505e+00
2.901000e-05	-8.868561e-03	8.841504e+00
2.902000e-05	-1.092594e-02	8.881007e+00
2.903000e-05	-9.644416e-03	8.892033e+00
2.904000e-05	-1.086724e-02	8.871533e+00
2.905000e-05	-1.043836e-02	8.862033e+00
2.906000e-05	-1.136649e-02	8.862029e+00
2.907000e-05	-1.322537e-02	8.852003e+00
2.908000e-05	-1.316813e-02	8.849976e+00
2.909000e-05	-1.480471e-02	8.842550e+00
2.910000e-05	-1.410792e-02	8.859972e+00
2.911000e-05	-1.821352e-02	8.747925e+00
2.912000e-05	-1.699771e-02	8.756817e+00
2.913000e-05	-1.925162e-02	8.714766e+00
2.914000e-05	-1.906870e-02	8.683664e+00
2.915000e-05	-2.132158e-02	8.672081e+00
2.916000e-05	-2.292344e-02	8.638529e+00
2.917000e-05	-2.447964e-02	8.577923e+00
2.918000e-05	-2.464258e-02	8.536739e+00
2.919000e-05	-2.679879e-02	8.484635e+00
2.920000e-05	-2.818571e-02	8.462053e+00
2.921000e-05	-2.644495e-02	8.399451e+00
2.922000e-05	-2.520952e-02	8.338416e+00
2.923000e-05	-2.484183e-02	8.282610e+00
2.924000e-05	-2.398607e-02	8.220573e+00
2.925000e-05	-2.220985e-02	8.167342e+00
2.926000e-05	-1.963626e-02	8.061235e+00
2.927000e-05	-2.050448e-02	8.008396e+00
2.928000e-05	-1.625900e-02	7.966260e+00
2.929000e-05	-1.719185e-02	7.849027e+00
2.930000e-05	-1.415180e-02	7.756794e+00
2.931000e-05	-1.479509e-02	7.652657e+00
2.932000e-05	-1.178440e-02	7.558926e+00
2.933000e-05	-1.217368e-02	7.515234e+00
2.934000e-05	-1.146344e-02	7.387945e+00
2.935000e-05	-1.116811e-02	7.270607e+00
2.936000e-05	-9.661894e-03	7.157892e+00
2.937000e-05	-1.023762e-02	7.052605e+00
2.938000e-05	-9.137717e-03	6.977371e+00
2.939000e-05	-8.722040e-03	6.821608e+00
2.940000e-05	-8.895507e-03	6.789471e+00
2.941000e-05	-7.410744e-03	6.634134e+00
2.942000e-05	-6.949036e-03	6.545241e+00
2.943000e-05	-6.838179e-03	6.420423e+00
2.944000e-05	-7.127895e-03	6.324762e+00
2.945000e-05	-6.496507e-03	6.178474e+00
2.946000e-05	-6.194540e-03	6.083157e+00
2.947000e-05	-6.205803e-03	5.978401e+00
2.948000e-05	-6.032341e-03	5.851661e+00
2.949000e-05	-4.961234e-03	5.673708e+00
2.950000e-05	-5.457419e-03	5.566320e+00
2.951000e-05	-6.193911e-03	5.400626e+00
2.952000e-05	-5.174663e-03	5.304742e+00
2.953000e-05	-4.964449e-03	5.125371e+00
2.954000e-05	-5.032218e-03	4.937386e+00
2.955000e-05	-5.357882e-03	4.820475e+00
2.956000e-05	-4.839409e-03	4.654706e+00
2.957000e-05	-4.839456e-03	4.514291e+00
2.958000e-05	-5.166168e-03	4.440453e+00
2.959000e-05	-5.233532e-03	4.273734e+00
2.960000e-05	-4.827872e-03	4.073154e+00
2.961000e-05	-4.619543e-03	3.937342e+00
2.962000e-05	-4.782555e-03	3.830525e+00
2.963000e-05	-4.566633e-03	3.673233e+00
2.964000e-05	-4.482978e-03	3.546894e+00
2.965000e-05	-4.482017e-03	3.396918e+00
2.966000e-05	-4.541743e-03	3.239051e+00
2.967000e-05	-4.746019e-03	3.063731e+00
2.968000e-05	-4.301163e-03	2.894208e+00
2.969000e-05	-4.366666e-03	2.780000e+00
2.970000e-05	-3.480289e-03	2.599469e+00
2.971000e-05	-4.925103e-03	2.420026e+00
2.972000e-05	-4.045774e-03	2.243105e+00
2.973000e-05	-4.483855e-03	2.113912e+00
2.974000e-05	-3.636278e-03	1.998399e+00
2.975000e-05	-3.690642e-03	1.839650e+00
2.976000e-05	-3.085089e-03	1.651554e+00
2.977000e-05	-4.083075e-03	1.462234e+00
2.978000e-05	-4.720383e-03	1.304236e+00
2.979000e-05	-4.108525e-03	1.137242e+00
2.980000e-05	-3.732838e-03	8.548107e-01
2.981000e-05	-4.028189e-03	7.173734e-01
2.982000e-05	-3.295785e-03	5.790225e-01
2.983000e-05	-3.035922e-03	4.216265e-01
2.984000e-05	-3.437355e-03	2.572369e-01
2.985000e-05	-3.633211e-03	5.430434e-02
2.986000e-05	2.251457e-04	-6.273657e-02
2.987000e-05	3.436969e-03	-2.205788e-01
2.988000e-05	-2.440153e-03	-3.584499e-01
2.989000e-05	1.204328e-03	-4.937116e-01
2.990000e-05	-3.039519e-03	-7.267942e-01
2.991000e-05	1.728472e-04	-8.410289e-01
2.992000e-05	-3.114135e-03	-9.673497e-01
2.993000e-05	7.104780e-03	-1.135793e+00
2.994000e-05	5.480069e-02	-1.283056e+00
2.995000e-05	4.078639e-02	-1.514238e+00
2.996000e-05	-6.767775e-02	-1.747822e+00
2.997000e-05	-2.498536e-02	-1.957323e+00
2.998000e-05	-1.213491e-01	-2.042104e+00
2.999000e-05	1.329805e-01	-2.053653e+00
3.000000e-05	4.778725e-02	-2.229822e+00
3.001000e-05	-1.846945e-01	-2.494090e+00
3.002000e-05	1.393982e-01	-2.609003e+00
3.003000e-05	4.471353e-03	-2.685158e+00
3.004000e-05	-1.906712e-01	-2.895119e+00
3.005000e-05	1.490974e-01	-3.135762e+00
3.006000e-05	1.344247e-02	-3.190051e+00
3.007000e-05	-1.380169e-01	-3.399901e+00
3.008000e-05	1.685006e-01	-3.504189e+00
3.009000e-05	-1.015354e-01	-3.641481e+00
3.010000e-05	-2.281955e-02	-3.860140e+00
3.011000e-05	9.546404e-02	-3.999025e+00
3.012000e-05	-1.376108e-01	-4.156874e+00
3.013000e-05	9.709660e-02	-4.295365e+00
3.014000e-05	1.601593e-02	-4.416949e+00
3.015000e-05	-1.048571e-01	-4.545822e+00
3.016000e-05	1.264023e-01	-4.705163e+00
3.017000e-05	-5.797081e-02	-4.882534e+00
3.018000e-05	-8.596788e-03	-5.020998e+00
3.019000e-05	7.739818e-03	-5.155243e+00
3.020000e-05	-3.256484e-02	-5.321142e+00
3.021000e-05	8.397159e-02	-5.490633e+00
3.022000e-05	-8.651679e-02	-5.629551e+00
3.023000e-05	4.380128e-02	-5.757816e+00
3.024000e-05	2.406615e-02	-5.841087e+00
3.025000e-05	-6.255539e-02	-5.988424e+00
3.026000e-05	4.088148e-02	-6.032554e+00
3.027000e-05	-4.115805e-02	-6.248802e+00
3.028000e-05	7.355023e-02	-6.386924e+00
3.029000e-05	-2.725983e-02	-6.442034e+00
3.030000e-05	-5.538305e-02	-6.597849e+00
3.031000e-05	6.171353e-02	-6.672688e+00
3.032000e-05	-2.106240e-02	-6.777874e+00
3.033000e-05	1.110549e-02	-6.821559e+00
3.034000e-05	-2.903849e-02	-6.998822e+00
3.035000e-05	2.821136e-02	-7.164797e+00
3.036000e-05	1.846759e-02	-7.232027e+00
3.037000e-05	-4.829791e-02	-7.305693e+00
3.038000e-05	2.477875e-02	-7.408348e+00
3.039000e-05	1.617121e-03	-7.501613e+00
3.040000e-05	5.852645e-03	-7.608375e+00
3.041000e-05	-2.132554e-02	-7.683033e+00
3.042000e-05	6.376529e-03	-7.818854e+00
3.043000e-05	2.528489e-02	-7.915193e+00
3.044000e-05	-2.199812e-02	-8.008455e+00
3.045000e-05	1.321075e-03	-8.083610e+00
3.046000e-05	1.618628e-03	-8.085269e+00
3.047000e-05	9.050117e-03	-8.188498e+00
3.048000e-05	-6.053808e-03	-8.262608e+00
3.049000e-05	-7.389115e-04	-8.345241e+00
3.050000e-05	1.061666e-02	-8.335947e+00
3.051000e-05	-8.524950e-03	-8.418473e+00
3.052000e-05	1.431961e-03	-8.461552e+00
3.053000e-05	3.275732e-03	-8.493771e+00
3.054000e-05	6.136827e-03	-8.586825e+00
3.055000e-05	8.381004e-04	-8.646326e+00
3.056000e-05	3.062740e-04	-8.703158e+00
3.057000e-05	2.927080e-03	-8.734183e+00
3.058000e-05	-1.128364e-03	-8.745394e+00
3.059000e-05	3.957367e-03	-8.788899e+00
3.060000e-05	2.965236e-03	-8.800449e+00
3.061000e-05	1.295241e-03	-8.840029e+00
3.062000e-05	1.125784e-04	-8.831450e+00
3.063000e-05	5.322921e-03	-8.881485e+00
3.064000e-05	3.312439e-03	-8.812059e+00
3.065000e-05	-1.706236e-04	-8.873160e+00
3.066000e-05	3.873471e-03	-8.912559e+00
3.067000e-05	6.213181e-03	-8.872688e+00
3.068000e-05	4.890184e-03	-8.904112e+00
3.069000e-05	3.219797e-03	-8.873216e+00
3.070000e-05	5.378671e-03	-8.923138e+00
3.071000e-05	5.603396e-03	-8.892635e+00
3.072000e-05	6.359251e-03	-8.872109e+00
3.073000e-05	6.677245e-03	-8.882588e+00
3.074000e-05	9.583398e-03	-8.860055e+00
3.075000e-05	9.748167e-03	-8.812579e+00
3.076000e-05	8.753355e-03	-8.840977e+00
3.077000e-05	1.019637e-02	-8.799475e+00
3.078000e-05	1.313171e-02	-8.788950e+00
3.079000e-05	1.345307e-02	-8.746341e+00
3.080000e-05	1.379091e-02	-8.746763e+00
3.081000e-05	1.654339e-02	-8.721031e+00
3.082000e-05	1.649301e-02	-8.608900e+00
3.083000e-05	2.035595e-02	-8.523941e+00
3.084000e-05	1.784110e-02	-8.493637e+00
3.085000e-05	2.099809e-02	-8.411508e+00
3.086000e-05	2.189258e-02	-8.388999e+00
3.087000e-05	2.288077e-02	-8.335347e+00
3.088000e-05	2.096904e-02	-8.292661e+00
3.089000e-05	1.676576e-02	-8.232029e+00
3.090000e-05	1.734056e-02	-8.178374e+00
3.091000e-05	1.540399e-02	-8.084762e+00
3.092000e-05	1.390901e-02	-8.071506e+00
3.093000e-05	1.322713e-02	-8.017976e+00
3.094000e-05	1.089545e-02	-7.884264e+00
3.095000e-05	1.074706e-02	-7.769798e+00
3.096000e-05	1.013357e-02	-7.713067e+00
3.097000e-05	8.277375e-03	-7.568397e+00
3.098000e-05	5.101451e-03	-7.524184e+00
3.099000e-05	3.548021e-03	-7.400480e+00
3.100000e-05	5.402735e-03	-7.314266e+00
3.101000e-05	4.455596e-03	-7.251531e+00
3.102000e-05	3.088157e-03	-7.166919e+00
3.103000e-05	4.182897e-03	-7.002033e+00
3.104000e-05	3.798722e-03	-6.914758e+00
3.105000e-05	3.141573e-03	-6.810000e+00
3.106000e-05	2.305154e-03	-6.706817e+00
3.107000e-05	4.010754e-03	-6.641028e+00
3.108000e-05	1.378927e-03	-6.504808e+00
3.109000e-05	-7.024618e-05	-6.430604e+00
3.110000e-05	-5.634910e-04	-6.334263e+00
3.111000e-05	1.153881e-03	-6.125291e+00
3.112000e-05	-1.040271e-04	-6.019951e+00
3.113000e-05	-1.261376e-03	-5.934761e+00
3.114000e-05	1.279915e-03	-5.788898e+00
3.115000e-05	8.768762e-04	-5.643578e+00
3.116000e-05	-1.731243e-03	-5.526346e+00
3.117000e-05	-1.764685e-03	-5.317818e+00
3.118000e-05	-6.364265e-04	-5.157976e+00
3.119000e-05	-2.190638e-03	-5.051653e+00
3.120000e-05	-3.333766e-03	-4.893234e+00
3.121000e-05	-2.112771e-03	-4.673685e+00
3.122000e-05	-2.013931e-03	-4.580502e+00
3.123000e-05	-1.611101e-03	-4.442107e+00
3.124000e-05	-2.883152e-03	-4.336942e+00
3.125000e-05	-1.775399e-03	-4.193177e+00
3.126000e-05	-3.340845e-03	-4.092111e+00
3.127000e-05	-2.202781e-03	-3.960921e+00
3.128000e-05	-3.797155e-03	-3.748446e+00
3.129000e-05	-2.869130e-03	-3.640528e+00
3.130000e-05	-2.664666e-03	-3.443613e+00
3.131000e-05	-2.932847e-03	-3.325441e+00
3.132000e-05	-3.741307e-03	-3.220521e+00
3.133000e-05	-2.925184e-03	-3.052606e+00
3.134000e-05	-2.162040e-03	-2.872628e+00
3.135000e-05	-2.916828e-03	-2.655787e+00
3.136000e-05	-4.005244e-03	-2.578467e+00
3.137000e-05	-4.157089e-03	-2.388926e+00
3.138000e-05	-5.226447e-03	-2.215632e+00
3.139000e-05	-2.937027e-03	-2.041629e+00
3.140000e-05	-3.330489e-03	-1.906288e+00
3.141000e-05	-2.454233e-03	-1.729447e+00
3.142000e-05	-3.110864e-03	-1.591949e+00
3.143000e-05	-2.747058e-03	-1.471179e+00
3.144000e-05	-3.800017e-03	-1.210553e+00
3.145000e-05	-3.969514e-03	-1.033180e+00
3.146000e-05	-4.119439e-03	-8.746857e-01
3.147000e-05	-5.025398e-03	-7.478220e-01
3.148000e-05	-4.556558e-03	-5.279147e-01
3.149000e-05	-3.287612e-03	-3.694713e-01
3.150000e-05	-3.990969e-03	-2.425753e-01
3.151000e-05	-3.036596e-03	-6.373067e-02
3.152000e-05	-3.885540e-04	7.173145e-02
3.153000e-05	1.976396e-03	2.830614e-01
3.154000e-05	-2.867408e-03	4.305264e-01
3.155000e-05	8.447027e-04	5.163434e-01
3.156000e-05	-3.613743e-03	7.451893e-01
3.157000e-05	-2.489204e-03	8.181037e-01
3.158000e-05	-3.795180e-03	9.993450e-01
3.159000e-05	4.569911e-03	1.177451e+00
3.160000e-05	2.910272e-02	1.377366e+00
3.161000e-05	6.282227e-02	1.638947e+00
3.162000e-05	-3.974217e-02	1.818524e+00
3.163000e-05	-3.906747e-02	1.968347e+00
3.164000e-05	-6.873251e-02	2.094184e+00
3.165000e-05	-4.712152e-02	2.198449e+00
3.166000e-05	1.492240e-01	2.323716e+00
3.167000e-05	-4.606250e-02	2.432683e+00
3.168000e-05	-9.736110e-02	2.576902e+00
3.169000e-05	1.589522e-01	2.776873e+00
3.170000e-05	-1.014772e-01	2.965819e+00
3.171000e-05	-4.832420e-02	3.042684e+00
3.172000e-05	1.366557e-01	3.209949e+00
3.173000e-05	-8.781710e-02	3.398850e+00
3.174000e-05	-2.504131e-02	3.567295e+00
3.175000e-05	9.284583e-02	3.703137e+00
3.176000e-05	-7.857885e-02	3.840529e+00
3.177000e-05	2.132756e-02	3.988370e+00
3.178000e-05	5.365970e-03	4.175741e+00
3.179000e-05	-3.971556e-02	4.356266e+00
3.180000e-05	3.611603e-02	4.433057e+00
3.181000e-05	-1.461657e-02	4.609424e+00
3.182000e-05	2.189672e-04	4.756845e+00
3.183000e-05	2.411431e-02	4.862563e+00
3.184000e-05	-1.836512e-02	5.163718e+00
3.185000e-05	-2.591664e-02	5.253684e+00
3.186000e-05	-8.252932e-03	5.410476e+00
3.187000e-05	3.350516e-02	5.504740e+00
3.188000e-05	-1.446680e-02	5.661080e+00
3.189000e-05	-1.563960e-02	5.766790e+00
3.190000e-05	8.571804e-03	5.955265e+00
3.191000e-05	-1.047808e-02	6.050553e+00
3.192000e-05	3.193339e-04	6.168268e+00
3.193000e-05	-1.103604e-02	6.273159e+00
3.194000e-05	3.330933e-03	6.386972e+00
3.195000e-05	1.770473e-02	6.452134e+00
3.196000e-05	-2.332749e-02	6.648481e+00
3.197000e-05	-1.255339e-02	6.774922e+00
3.198000e-05	9.670409e-03	6.821055e+00
3.199000e-05	2.272628e-03	6.943245e+00
3.200000e-05	-1.391013e-02	6.980983e+00
3.201000e-05	-9.075102e-03	7.153767e+00
3.202000e-05	1.684359e-02	7.218479e+00
3.203000e-05	-1.057783e-02	7.388136e+00
3.204000e-05	-1.525911e-02	7.448861e+00
3.205000e-05	-1.295520e-03	7.575816e+00
3.206000e-05	3.296001e-03	7.652085e+00
3.207000e-05	-6.399313e-03	7.744791e+00
3.208000e-05	-1.272827e-02	7.810029e+00
3.209000e-05	3.193266e-03	7.986216e+00
3.210000e-05	-4.469688e-03	8.049587e+00
3.211000e-05	-8.506987e-03	8.145316e+00
3.212000e-05	-5.456480e-03	8.189926e+00
3.213000e-05	-1.631255e-03	8.282078e+00
3.214000e-05	-6.728980e-03	8.325340e+00
3.215000e-05	-7.794662e-03	8.375848e+00
3.216000e-05	-1.316031e-03	8.399950e+00
3.217000e-05	-5.374346e-03	8.452533e+00
3.218000e-05	-9.291453e-03	8.493137e+00
3.219000e-05	-6.108322e-03	8.546294e+00
3.220000e-05	-2.066839e-03	8.618902e+00
3.221000e-05	-4.952149e-03	8.680503e+00
3.222000e-05	-5.954111e-03	8.670507e+00
3.223000e-05	-7.954797e-03	8.682088e+00
3.224000e-05	-8.394358e-03	8.744690e+00
3.225000e-05	-8.332020e-03	8.734749e+00
3.226000e-05	-4.502432e-03	8.767323e+00
3.227000e-05	-5.964224e-03	8.769372e+00
3.228000e-05	-1.034385e-02	8.808428e+00
3.229000e-05	-8.562899e-03	8.809449e+00
3.230000e-05	-8.562472e-03	8.860479e+00
3.231000e-05	-7.543590e-03	8.850508e+00
3.232000e-05	-1.056587e-02	8.851033e+00
3.233000e-05	-8.348150e-03	8.851532e+00
3.234000e-05	-9.380040e-03	8.861557e+00
3.235000e-05	-9.420610e-03	8.841560e+00
3.236000e-05	-1.095409e-02	8.892133e+00
3.237000e-05	-1.153297e-02	8.830558e+00
3.238000e-05	-1.240423e-02	8.881529e+00
3.239000e-05	-1.309766e-02	8.839979e+00
3.240000e-05	-1.264207e-02	8.832474e+00
3.241000e-05	-1.392572e-02	8.839471e+00
3.242000e-05	-1.615388e-02	8.798446e+00
3.243000e-05	-1.791846e-02	8.796897e+00
3.244000e-05	-1.872428e-02	8.757291e+00
3.245000e-05	-1.967061e-02	8.714712e+00
3.246000e-05	-2.050000e-02	8.683585e+00
3.247000e-05	-2.016608e-02	8.671581e+00
3.248000e-05	-2.384940e-02	8.630528e+00
3.249000e-05	-2.441385e-02	8.576921e+00
3.250000e-05	-2.657110e-02	8.524265e+00
3.251000e-05	-2.605825e-02	8.482631e+00
3.252000e-05	-2.925536e-02	8.440979e+00
3.253000e-05	-2.508492e-02	8.388474e+00
3.254000e-05	-2.678114e-02	8.343864e+00
3.255000e-05	-2.285929e-02	8.251061e+00
3.256000e-05	-2.345008e-02	8.158897e+00
3.257000e-05	-2.106271e-02	8.195241e+00
3.258000e-05	-2.011719e-02	8.070684e+00
3.259000e-05	-2.012298e-02	7.966392e+00
3.260000e-05	-1.662230e-02	7.874159e+00
3.261000e-05	-1.611547e-02	7.797974e+00
3.262000e-05	-1.381128e-02	7.714835e+00
3.263000e-05	-1.431560e-02	7.661107e+00
3.264000e-05	-1.410291e-02	7.568845e+00
3.265000e-05	-1.197878e-02	7.492005e+00
3.266000e-05	-1.103276e-02	7.314136e+00
3.267000e-05	-9.033929e-03	7.240054e+00
3.268000e-05	-1.039689e-02	7.116766e+00
3.269000e-05	-9.136588e-03	7.041503e+00
3.270000e-05	-1.023043e-02	6.924266e+00
3.271000e-05	-8.420658e-03	6.831054e+00
3.272000e-05	-9.637972e-03	6.738945e+00
3.273000e-05	-7.666738e-03	6.641075e+00
3.274000e-05	-7.137379e-03	6.563708e+00
3.275000e-05	-6.277410e-03	6.398921e+00
3.276000e-05	-7.748481e-03	6.252658e+00
3.277000e-05	-5.107966e-03	6.197349e+00
3.278000e-05	-6.712278e-03	6.031080e+00
3.279000e-05	-6.833252e-03	5.946395e+00
3.280000e-05	-7.299879e-03	5.758926e+00
3.281000e-05	-4.605885e-03	5.633080e+00
3.282000e-05	-5.976449e-03	5.494761e+00
3.283000e-05	-5.584675e-03	5.407998e+00
3.284000e-05	-5.963236e-03	5.231581e+00
3.285000e-05	-5.020149e-03	5.093231e+00
3.286000e-05	-5.678924e-03	4.935258e+00
3.287000e-05	-5.113669e-03	4.755839e+00
3.288000e-05	-4.983883e-03	4.609000e+00
3.289000e-05	-4.327093e-03	4.472706e+00
3.290000e-05	-5.316637e-03	4.338470e+00
3.291000e-05	-4.506346e-03	4.217548e+00
3.292000e-05	-4.555067e-03	4.050554e+00
3.293000e-05	-4.442894e-03	3.906288e+00
3.294000e-05	-4.513767e-03	3.758269e+00
3.295000e-05	-4.246807e-03	3.631052e+00
3.296000e-05	-3.662293e-03	3.476712e+00
3.297000e-05	-4.351883e-03	3.284408e+00
3.298000e-05	-4.902281e-03	3.137896e+00
3.299000e-05	-4.212566e-03	3.011024e+00
3.300000e-05	-4.616267e-03	2.872154e+00
3.301000e-05	-4.270740e-03	2.707396e+00
3.302000e-05	-4.306198e-03	2.525310e+00
3.303000e-05	-3.516804e-03	2.378420e+00
3.304000e-05	-4.426194e-03	2.240554e+00
3.305000e-05	-4.206067e-03	2.034154e+00
3.306000e-05	-3.839763e-03	1.936891e+00
3.307000e-05	-4.050263e-03	1.776993e+00
3.308000e-05	-3.488711e-03	1.589000e+00
3.309000e-05	-3.338959e-03	1.390625e+00
3.310000e-05	-3.914450e-03	1.263178e+00
3.311000e-05	-3.925436e-03	1.071582e+00
3.312000e-05	-3.214438e-03	8.511305e-01
3.313000e-05	-3.580210e-03	6.851895e-01
3.314000e-05	-3.878925e-03	5.063134e-01
3.315000e-05	-3.353146e-03	3.995238e-01
3.316000e-05	-3.913585e-03	2.430053e-01
3.317000e-05	-1.761054e-03	3.110170e-02
3.318000e-05	1.473982e-03	-1.053169e-01
3.319000e-05	1.860890e-03	-2.930891e-01
3.320000e-05	-1.793388e-03	-4.100499e-01
3.321000e-05	4.429735e-04	-5.477907e-01
3.322000e-05	-2.356408e-03	-7.673969e-01
3.323000e-05	-5.198889e-04	-8.626315e-01
3.324000e-05	-6.787357e-04	-9.804763e-01
3.325000e-05	1.337608e-02	-1.137343e+00
3.326000e-05	8.313741e-02	-1.306187e+00
3.327000e-05	-1.753026e-02	-1.537824e+00
3.328000e-05	-4.184308e-02	-1.840982e+00
3.329000e-05	-6.360304e-02	-1.979952e+00
3.330000e-05	-7.010134e-02	-2.042083e+00
3.331000e-05	1.676239e-01	-2.064060e+00
3.332000e-05	-6.259976e-02	-2.271671e+00
3.333000e-05	-1.057045e-01	-2.546748e+00
3.334000e-05	1.893248e-01	-2.610499e+00
3.335000e-05	-1.189507e-01	-2.745823e+00
3.336000e-05	-8.998933e-02	-2.979506e+00
3.337000e-05	1.824712e-01	-3.169362e+00
3.338000e-05	-1.017558e-01	-3.262634e+00
3.339000e-05	-2.516380e-02	-3.441108e+00
3.340000e-05	1.427818e-01	-3.565766e+00
3.341000e-05	-1.527276e-01	-3.715699e+00
3.342000e-05	8.508275e-02	-3.945193e+00
3.343000e-05	7.172559e-04	-4.063079e+00
3.344000e-05	-9.748769e-02	-4.198931e+00
3.345000e-05	1.428209e-01	-4.346892e+00
3.346000e-05	-8.710283e-02	-4.410058e+00
3.347000e-05	-7.332939e-03	-4.671410e+00
3.348000e-05	9.451776e-02	-4.725772e+00
3.349000e-05	-8.495996e-02	-4.954694e+00
3.350000e-05	3.298040e-02	-5.061584e+00
3.351000e-05	-3.661001e-02	-5.187376e+00
3.352000e-05	2.263039e-02	-5.367727e+00
3.353000e-05	3.831623e-02	-5.543120e+00
3.354000e-05	-8.218093e-02	-5.640959e+00
3.355000e-05	8.541695e-02	-5.787349e+00
3.356000e-05	-3.650319e-02	-5.914719e+00
3.357000e-05	-1.878910e-02	-5.999974e+00
3.358000e-05	1.677162e-02	-6.073184e+00
3.359000e-05	-2.162544e-02	-6.290033e+00
3.360000e-05	8.165929e-02	-6.397401e+00
3.361000e-05	-8.034579e-02	-6.503159e+00
3.362000e-05	7.302307e-04	-6.599427e+00
3.363000e-05	3.976858e-02	-6.704211e+00
3.364000e-05	-2.054799e-02	-6.809452e+00
3.365000e-05	1.136132e-02	-6.833660e+00
3.366000e-05	-3.175575e-02	-7.058011e+00
3.367000e-05	5.448128e-02	-7.178373e+00
3.368000e-05	-2.246664e-02	-7.222059e+00
3.369000e-05	-2.379150e-02	-7.374843e+00
3.370000e-05	2.448434e-02	-7.430451e+00
3.371000e-05	-1.203806e-03	-7.514743e+00
3.372000e-05	3.598367e-03	-7.618327e+00
3.373000e-05	-2.690239e-02	-7.713766e+00
3.374000e-05	2.782109e-02	-7.871062e+00
3.375000e-05	4.910832e-03	-7.967895e+00
3.376000e-05	-1.659355e-02	-8.030030e+00
3.377000e-05	3.567793e-03	-8.072087e+00
3.378000e-05	2.887693e-03	-8.146792e+00
3.379000e-05	7.282306e-03	-8.239952e+00
3.380000e-05	-1.035894e-02	-8.282085e+00
3.381000e-05	8.960379e-03	-8.366269e+00
3.382000e-05	2.827511e-03	-8.376923e+00
3.383000e-05	-6.939153e-03	-8.431506e+00
3.384000e-05	2.136952e-03	-8.433508e+00
3.385000e-05	4.183340e-03	-8.476195e+00
3.386000e-05	5.437297e-03	-8.525842e+00
3.387000e-05	-2.049438e-04	-8.649926e+00
3.388000e-05	1.378037e-03	-8.718565e+00
3.389000e-05	5.127577e-05	-8.714720e+00
3.390000e-05	-2.333854e-04	-8.745872e+00
3.391000e-05	3.617021e-03	-8.785900e+00
3.392000e-05	3.379404e-03	-8.859925e+00
3.393000e-05	-9.413294e-04	-8.831005e+00
3.394000e-05	2.364846e-03	-8.840529e+00
3.395000e-05	5.863460e-03	-8.882030e+00
3.396000e-05	2.501506e-03	-8.861557e+00
3.397000e-05	1.039238e-03	-8.891660e+00
3.398000e-05	4.943742e-03	-8.893663e+00
3.399000e-05	5.122183e-03	-8.903636e+00
3.400000e-05	3.728013e-03	-8.881688e+00
3.401000e-05	4.215789e-03	-8.904637e+00
3.402000e-05	6.159605e-03	-8.911638e+00
3.403000e-05	7.013796e-03	-8.873082e+00
3.404000e-05	5.492691e-03	-8.902084e+00
3.405000e-05	7.809932e-03	-8.862533e+00
3.406000e-05	9.294048e-03	-8.811528e+00
3.407000e-05	8.786461e-03	-8.850578e+00
3.408000e-05	9.566411e-03	-8.812504e+00
3.409000e-05	1.155793e-02	-8.788999e+00
3.410000e-05	1.392303e-02	-8.776324e+00
3.411000e-05	1.342973e-02	-8.735316e+00
3.412000e-05	1.547098e-02	-8.683238e+00
3.413000e-05	1.592405e-02	-8.650533e+00
3.414000e-05	1.860417e-02	-8.577924e+00
3.415000e-05	1.856759e-02	-8.525142e+00
3.416000e-05	1.813787e-02	-8.463533e+00
3.417000e-05	2.056823e-02	-8.420531e+00
3.418000e-05	2.179657e-02	-8.387875e+00
3.419000e-05	2.097533e-02	-8.314762e+00
3.420000e-05	1.969874e-02	-8.263158e+00
3.421000e-05	1.912311e-02	-8.228976e+00
3.422000e-05	1.790913e-02	-8.116267e+00
3.423000e-05	1.593020e-02	-8.073008e+00
3.424000e-05	1.306355e-02	-8.060553e+00
3.425000e-05	1.302563e-02	-7.958302e+00
3.426000e-05	1.061249e-02	-7.911634e+00
3.427000e-05	7.993144e-03	-7.746819e+00
3.428000e-05	9.067626e-03	-7.639080e+00
3.429000e-05	6.383614e-03	-7.595873e+00
3.430000e-05	7.268103e-03	-7.472609e+00
3.431000e-05	5.547722e-03	-7.390424e+00
3.432000e-05	5.778963e-03	-7.293083e+00
3.433000e-05	5.406654e-03	-7.250478e+00
3.434000e-05	1.863259e-03	-7.125843e+00
3.435000e-05	2.958609e-03	-7.020374e+00
3.436000e-05	1.547993e-03	-6.903138e+00
3.437000e-05	1.011735e-03	-6.817949e+00
3.438000e-05	2.907090e-03	-6.684161e+00
3.439000e-05	3.185867e-03	-6.628324e+00
3.440000e-05	2.635971e-03	-6.463134e+00
3.441000e-05	-1.881196e-04	-6.409949e+00
3.442000e-05	4.898979e-04	-6.252103e+00
3.443000e-05	8.489382e-04	-6.084638e+00
3.444000e-05	-1.523139e-03	-5.948948e+00
3.445000e-05	-9.657555e-04	-5.852712e+00
3.446000e-05	-6.892827e-04	-5.706787e+00
3.447000e-05	-1.394392e-03	-5.619029e+00
3.448000e-05	-6.250764e-04	-5.474708e+00
3.449000e-05	-4.611218e-04	-5.284661e+00
3.450000e-05	-1.416351e-03	-5.165415e+00
3.451000e-05	-2.829762e-03	-5.020976e+00
3.452000e-05	-2.732352e-03	-4.810396e+00
3.453000e-05	-1.271937e-03	-4.662606e+00
3.454000e-05	-2.242511e-03	-4.537793e+00
3.455000e-05	-3.456967e-03	-4.430581e+00
3.456000e-05	-3.736155e-03	-4.325339e+00
3.457000e-05	-2.331069e-03	-4.206924e+00
3.458000e-05	-2.198795e-03	-4.011077e+00
3.459000e-05	-1.429289e-03	-3.895320e+00
3.460000e-05	-3.614131e-03	-3.745269e+00
3.461000e-05	-2.499355e-03	-3.619396e+00
3.462000e-05	-4.280109e-03	-3.442581e+00
3.463000e-05	-2.161216e-03	-3.286712e+00
3.464000e-05	-2.303746e-03	-3.187369e+00
3.465000e-05	-2.484176e-03	-2.970421e+00
3.466000e-05	-3.958383e-03	-2.810001e+00
3.467000e-05	-5.184707e-03	-2.663656e+00
3.468000e-05	-2.904162e-03	-2.455868e+00
3.469000e-05	-3.376524e-03	-2.308396e+00
3.470000e-05	-2.590999e-03	-2.190370e+00
3.471000e-05	-4.875644e-03	-2.010476e+00
3.472000e-05	-3.210782e-03	-1.854154e+00
3.473000e-05	-3.754149e-03	-1.715837e+00
3.474000e-05	-2.919689e-03	-1.558872e+00
3.475000e-05	-3.709219e-03	-1.295368e+00
3.476000e-05	-3.562639e-03	-1.148425e+00
3.477000e-05	-4.980394e-03	-9.799263e-01
3.478000e-05	-4.475730e-03	-8.315032e-01
3.479000e-05	-4.757415e-03	-6.842356e-01
3.480000e-05	-3.692444e-03	-4.637819e-01
3.481000e-05	-4.089631e-03	-2.983197e-01
3.482000e-05	-4.490222e-03	-1.889985e-01
3.483000e-05	-1.821490e-03	-3.097789e-02
3.484000e-05	1.081758e-03	1.452891e-01
3.485000e-05	-6.888897e-04	3.548420e-01
3.486000e-05	-1.407024e-03	4.420827e-01
3.487000e-05	-9.479626e-04	5.889496e-01
3.488000e-05	-2.670083e-03	7.587921e-01
3.489000e-05	-3.227703e-03	9.031578e-01
3.490000e-05	-1.564467e-03	1.065538e+00
3.491000e-05	9.201733e-03	1.220378e+00
3.492000e-05	5.121108e-02	1.388924e+00
3.493000e-05	3.583460e-02	1.695640e+00
3.494000e-05	-5.074559e-02	1.853608e+00
3.495000e-05	-3.925149e-02	1.979474e+00
3.496000e-05	-8.810844e-02	2.146715e+00
3.497000e-05	2.061620e-02	2.190101e+00
3.498000e-05	1.334535e-01	2.386896e+00
3.499000e-05	-1.324728e-01	2.492713e+00
3.500000e-05	2.313466e-02	2.612004e+00
3.501000e-05	9.815173e-02	2.818980e+00
3.502000e-05	-1.383515e-01	2.987502e+00
3.503000e-05	3.698349e-02	3.065262e+00
3.504000e-05	9.360662e-02	3.230103e+00
3.505000e-05	-1.331786e-01	3.500480e+00
3.506000e-05	6.545886e-02	3.580021e+00
3.507000e-05	2.492625e-02	3.744766e+00
3.508000e-05	-7.037514e-02	3.892734e+00
3.509000e-05	4.871713e-02	4.009080e+00
3.510000e-05	-3.593452e-02	4.280426e+00
3.511000e-05	-1.100220e-02	4.377425e+00
3.512000e-05	2.794770e-02	4.494165e+00
3.513000e-05	-2.270970e-02	4.653630e+00
3.514000e-05	1.517147e-02	4.839451e+00
3.515000e-05	1.554879e-02	4.916801e+00
3.516000e-05	-2.669035e-02	5.188375e+00
3.517000e-05	-1.951653e-02	5.314768e+00
3.518000e-05	6.187756e-03	5.460154e+00
3.519000e-05	2.821945e-02	5.586823e+00
3.520000e-05	-2.892206e-02	5.630659e+00
3.521000e-05	1.048136e-03	5.831355e+00
3.522000e-05	5.477284e-04	5.997924e+00
3.523000e-05	-1.062277e-02	6.072709e+00
3.524000e-05	3.253095e-03	6.199851e+00
3.525000e-05	-1.717056e-02	6.323238e+00
3.526000e-05	1.733225e-02	6.387976e+00
3.527000e-05	6.530750e-04	6.515164e+00
3.528000e-05	-2.319502e-02	6.722637e+00
3.529000e-05	-3.504244e-03	6.808451e+00
3.530000e-05	9.620850e-03	6.863083e+00
3.531000e-05	-2.925990e-03	6.955242e+00
3.532000e-05	-1.771033e-02	7.063558e+00
3.533000e-05	4.750210e-03	7.155820e+00
3.534000e-05	9.871684e-03	7.220557e+00
3.535000e-05	-1.568699e-02	7.306211e+00
3.536000e-05	-1.290080e-02	7.491734e+00
3.537000e-05	3.716340e-03	7.569004e+00
3.538000e-05	1.132461e-03	7.682117e+00
3.539000e-05	-9.487276e-03	7.767370e+00
3.540000e-05	-7.933280e-03	7.872636e+00
3.541000e-05	5.090657e-03	7.989872e+00
3.542000e-05	-7.801370e-03	8.082085e+00
3.543000e-05	-8.018948e-03	8.135266e+00
3.544000e-05	-3.447362e-03	8.228953e+00
3.545000e-05	-1.779819e-03	8.291709e+00
3.546000e-05	-7.789985e-03	8.323816e+00
3.547000e-05	-5.930481e-03	8.386948e+00
3.548000e-05	-7.614508e-05	8.420528e+00
3.549000e-05	-8.500475e-03	8.462061e+00
3.550000e-05	-8.765749e-03	8.463162e+00
3.551000e-05	-4.119785e-03	8.555768e+00
3.552000e-05	-2.899902e-03	8.610474e+00
3.553000e-05	-5.907248e-03	8.640528e+00
3.554000e-05	-6.306317e-03	8.662108e+00
3.555000e-05	-6.637449e-03	8.714712e+00
3.556000e-05	-9.215930e-03	8.752718e+00
3.557000e-05	-6.635062e-03	8.737369e+00
3.558000e-05	-4.969953e-03	8.797421e+00
3.559000e-05	-7.058128e-03	8.769945e+00
3.560000e-05	-1.082607e-02	8.789903e+00
3.561000e-05	-7.402386e-03	8.830502e+00
3.562000e-05	-7.283670e-03	8.820956e+00
3.563000e-05	-8.535490e-03	8.863005e+00
3.564000e-05	-1.002323e-02	8.899533e+00
3.565000e-05	-1.007510e-02	8.893005e+00
3.566000e-05	-8.960444e-03	8.843008e+00
3.567000e-05	-1.043556e-02	8.862557e+00
3.568000e-05	-1.093637e-02	8.873060e+00
3.569000e-05	-1.220218e-02	8.850107e+00
3.570000e-05	-1.283859e-02	8.818979e+00
3.571000e-05	-1.372785e-02	8.860584e+00
3.572000e-05	-1.337330e-02	8.820503e+00
3.573000e-05	-1.449991e-02	8.800503e+00
3.574000e-05	-1.783463e-02	8.797872e+00
3.575000e-05	-1.699250e-02	8.807296e+00
3.576000e-05	-1.839214e-02	8.744741e+00
3.577000e-05	-1.935166e-02	8.705315e+00
3.578000e-05	-2.092706e-02	8.703110e+00
3.579000e-05	-2.157158e-02	8.661554e+00
3.580000e-05	-2.380941e-02	8.598476e+00
3.581000e-05	-2.508544e-02	8.546289e+00
3.582000e-05	-2.716843e-02	8.484712e+00
3.583000e-05	-2.696080e-02	8.471080e+00
3.584000e-05	-2.683292e-02	8.420524e+00
3.585000e-05	-2.560076e-02	8.356925e+00
3.586000e-05	-2.545451e-02	8.314840e+00
3.587000e-05	-2.510133e-02	8.270607e+00
3.588000e-05	-2.282244e-02	8.148818e+00
3.589000e-05	-2.128034e-02	8.104687e+00
3.590000e-05	-2.016596e-02	8.018653e+00
3.591000e-05	-1.821751e-02	7.947340e+00
3.592000e-05	-1.769120e-02	7.861057e+00
3.593000e-05	-1.478939e-02	7.817396e+00
3.594000e-05	-1.571519e-02	7.715214e+00
3.595000e-05	-1.108832e-02	7.641026e+00
3.596000e-05	-1.389075e-02	7.514746e+00
3.597000e-05	-1.026861e-02	7.408000e+00
3.598000e-05	-1.215839e-02	7.263083e+00
3.599000e-05	-9.295933e-03	7.176951e+00
3.600000e-05	-1.084196e-02	7.085761e+00
3.601000e-05	-7.662477e-03	6.998475e+00
3.602000e-05	-8.857075e-03	6.913736e+00
3.603000e-05	-7.441479e-03	6.808529e+00
3.604000e-05	-9.131471e-03	6.735813e+00
3.605000e-05	-6.673388e-03	6.568340e+00
3.606000e-05	-7.354284e-03	6.431105e+00
3.607000e-05	-6.587880e-03	6.345815e+00
3.608000e-05	-7.665934e-03	6.261604e+00
3.609000e-05	-6.199240e-03	6.167336e+00
3.610000e-05	-5.927368e-03	6.011030e+00
3.611000e-05	-6.281512e-03	5.936390e+00
3.612000e-05	-5.389690e-03	5.745287e+00
3.613000e-05	-4.882649e-03	5.629448e+00
3.614000e-05	-6.101866e-03	5.484182e+00
3.615000e-05	-5.556749e-03	5.355371e+00
3.616000e-05	-5.464238e-03	5.200968e+00
3.617000e-05	-4.998297e-03	5.029000e+00
3.618000e-05	-5.792885e-03	4.840475e+00
3.619000e-05	-4.882111e-03	4.725737e+00
3.620000e-05	-4.801435e-03	4.578946e+00
3.621000e-05	-5.028095e-03	4.433607e+00
3.622000e-05	-4.939127e-03	4.376822e+00
3.623000e-05	-4.612653e-03	4.166360e+00
3.624000e-05	-4.953122e-03	3.969398e+00
3.625000e-05	-4.584531e-03	3.851604e+00
3.626000e-05	-4.438652e-03	3.704760e+00
3.627000e-05	-4.340084e-03	3.620549e+00
3.628000e-05	-4.594353e-03	3.422653e+00
3.629000e-05	-5.059818e-03	3.261679e+00
3.630000e-05	-4.566729e-03	3.124719e+00
3.631000e-05	-4.425064e-03	2.967917e+00
3.632000e-05	-4.191091e-03	2.830578e+00
3.633000e-05	-4.306982e-03	2.684303e+00
3.634000e-05	-4.132731e-03	2.474708e+00
3.635000e-05	-4.326575e-03	2.324289e+00
3.636000e-05	-3.722079e-03	2.158922e+00
3.637000e-05	-3.975971e-03	2.020603e+00
3.638000e-05	-4.609762e-03	1.894657e+00
3.639000e-05	-4.020292e-03	1.694308e+00
3.640000e-05	-4.054253e-03	1.495314e+00
3.641000e-05	-4.159088e-03	1.337920e+00
3.642000e-05	-3.785290e-03	1.200020e+00
3.643000e-05	-4.356794e-03	9.865185e-01
3.644000e-05	-3.817285e-03	7.690003e-01
3.645000e-05	-3.552269e-03	6.405767e-01
3.646000e-05	-3.678775e-03	4.537282e-01
3.647000e-05	-3.478878e-03	3.379662e-01
3.648000e-05	-3.772405e-03	1.263937e-01
3.649000e-05	-1.584534e-03	9.972368e-03
3.650000e-05	2.203359e-03	-1.578709e-01
3.651000e-05	5.019634e-04	-3.457169e-01
3.652000e-05	-3.413499e-04	-4.115000e-01
3.653000e-05	-9.523931e-04	-6.120786e-01
3.654000e-05	-1.699422e-03	-8.194973e-01
3.655000e-05	-1.923480e-03	-9.747145e-01
3.656000e-05	1.895960e-03	-1.052510e+00
3.657000e-05	2.691178e-02	-1.187997e+00
3.658000e-05	8.033546e-02	-1.449381e+00
3.659000e-05	-5.805287e-02	-1.672114e+00
3.660000e-05	-2.107509e-02	-1.914216e+00
3.661000e-05	-1.077969e-01	-2.030526e+00
3.662000e-05	3.264262e-02	-2.072159e+00
3.663000e-05	1.337227e-01	-2.133664e+00
3.664000e-05	-1.535015e-01	-2.429957e+00
3.665000e-05	2.742737e-02	-2.599901e+00
3.666000e-05	1.467594e-01	-2.620529e+00
3.667000e-05	-1.802361e-01	-2.829004e+00
3.668000e-05	4.817325e-02	-3.071985e+00
3.669000e-05	1.304999e-01	-3.176846e+00
3.670000e-05	-1.616630e-01	-3.336194e+00
3.671000e-05	9.662055e-02	-3.462185e+00
3.672000e-05	2.737426e-02	-3.606924e+00
3.673000e-05	-1.225705e-01	-3.790426e+00
3.674000e-05	1.289266e-01	-3.966874e+00
3.675000e-05	-9.231055e-02	-4.114664e+00
3.676000e-05	-1.609525e-03	-4.292559e+00
3.677000e-05	1.104119e-01	-4.386846e+00
3.678000e-05	-1.356204e-01	-4.442163e+00
3.679000e-05	8.264643e-02	-4.682058e+00
3.680000e-05	1.810103e-02	-4.800528e+00
3.681000e-05	-5.949938e-02	-4.986823e+00
3.682000e-05	4.029841e-02	-5.084213e+00
3.683000e-05	-5.486907e-02	-5.270507e+00
3.684000e-05	7.263212e-02	-5.467436e+00
3.685000e-05	-3.130518e-02	-5.586347e+00
3.686000e-05	-2.637396e-02	-5.744113e+00
3.687000e-05	7.454369e-02	-5.789478e+00
3.688000e-05	-6.942566e-02	-5.965297e+00
3.689000e-05	2.361485e-02	-5.999054e+00
3.690000e-05	-1.984279e-02	-6.146697e+00
3.691000e-05	2.605509e-02	-6.372638e+00
3.692000e-05	4.235282e-02	-6.410529e+00
3.693000e-05	-8.987046e-02	-6.525819e+00
3.694000e-05	4.556480e-02	-6.649578e+00
3.695000e-05	3.695045e-03	-6.756292e+00
3.696000e-05	-3.970085e-03	-6.830980e+00
3.697000e-05	-5.870125e-03	-6.904638e+00
3.698000e-05	-9.378715e-03	-7.132537e+00
3.699000e-05	4.915465e-02	-7.219902e+00
3.700000e-05	-4.923744e-02	-7.273113e+00
3.701000e-05	5.691076e-03	-7.377900e+00
3.702000e-05	1.404988e-02	-7.491508e+00
3.703000e-05	1.741014e-03	-7.557344e+00
3.704000e-05	-6.413248e-03	-7.620956e+00
3.705000e-05	-1.478296e-02	-7.754721e+00
3.706000e-05	3.570406e-02	-7.899513e+00
3.707000e-05	-1.369171e-02	-7.968374e+00
3.708000e-05	-6.824700e-03	-8.041479e+00
3.709000e-05	2.499616e-03	-8.073688e+00
3.710000e-05	7.128082e-03	-8.166875e+00
3.711000e-05	1.038671e-03	-8.231454e+00
3.712000e-05	-8.849313e-03	-8.303064e+00
3.713000e-05	1.315968e-02	-8.366791e+00
3.714000e-05	-4.248500e-03	-8.391447e+00
3.715000e-05	-1.698230e-03	-8.440502e+00
3.716000e-05	2.061776e-03	-8.471588e+00
3.717000e-05	5.678148e-03	-8.515296e+00
3.718000e-05	2.816989e-03	-8.618825e+00
3.719000e-05	-2.472914e-04	-8.612601e+00
3.720000e-05	2.714241e-03	-8.753190e+00
3.721000e-05	-1.383579e-03	-8.743693e+00
3.722000e-05	2.841918e-03	-8.726397e+00
3.723000e-05	3.724939e-03	-8.819924e+00
3.724000e-05	2.510815e-03	-8.851506e+00
3.725000e-05	-8.953109e-04	-8.859498e+00
3.726000e-05	5.096367e-03	-8.851537e+00
3.727000e-05	5.362996e-03	-8.831054e+00
3.728000e-05	-1.023336e-04	-8.863109e+00
3.729000e-05	1.597273e-03	-8.882614e+00
3.730000e-05	6.422498e-03	-8.894237e+00
3.731000e-05	4.878437e-03	-8.863135e+00
3.732000e-05	2.480374e-03	-8.924140e+00
3.733000e-05	5.522728e-03	-8.914707e+00
3.734000e-05	6.578398e-03	-8.882082e+00
3.735000e-05	6.632376e-03	-8.862613e+00
3.736000e-05	4.898696e-03	-8.851589e+00
3.737000e-05	8.964555e-03	-8.882508e+00
3.738000e-05	1.020060e-02	-8.842133e+00
3.739000e-05	8.671399e-03	-8.811005e+00
3.740000e-05	1.007547e-02	-8.819477e+00
3.741000e-05	1.172948e-02	-8.808926e+00
3.742000e-05	1.462346e-02	-8.787394e+00
3.743000e-05	1.430699e-02	-8.734791e+00
3.744000e-05	1.563280e-02	-8.693116e+00
3.745000e-05	1.697697e-02	-8.651580e+00
3.746000e-05	1.913579e-02	-8.546796e+00
3.747000e-05	1.917402e-02	-8.502659e+00
3.748000e-05	1.874835e-02	-8.462084e+00
3.749000e-05	2.063085e-02	-8.421475e+00
3.750000e-05	2.231978e-02	-8.365768e+00
3.751000e-05	2.172656e-02	-8.284190e+00
3.752000e-05	1.954709e-02	-8.282083e+00
3.753000e-05	1.833532e-02	-8.208970e+00
3.754000e-05	1.696985e-02	-8.115661e+00
3.755000e-05	1.558673e-02	-8.052057e+00
3.756000e-05	1.388298e-02	-8.009956e+00
3.757000e-05	1.202089e-02	-7.875816e+00
3.758000e-05	9.928103e-03	-7.850059e+00
3.759000e-05	8.556087e-03	-7.713666e+00
3.760000e-05	8.595753e-03	-7.618004e+00
3.761000e-05	6.819162e-03	-7.506742e+00
3.762000e-05	5.000059e-03	-7.430481e+00
3.763000e-05	4.889112e-03	-7.375417e+00
3.764000e-05	5.559668e-03	-7.263034e+00
3.765000e-05	3.611489e-03	-7.208875e+00
3.766000e-05	3.747997e-03	-7.042236e+00
3.767000e-05	3.554200e-03	-6.946741e+00
3.768000e-05	3.128309e-03	-6.810528e+00
3.769000e-05	1.500301e-03	-6.798317e+00
3.770000e-05	2.356938e-03	-6.692183e+00
3.771000e-05	2.941818e-03	-6.537292e+00
3.772000e-05	2.878584e-04	-6.441028e+00
3.773000e-05	3.915183e-04	-6.326247e+00
3.774000e-05	1.153358e-03	-6.166997e+00
3.775000e-05	5.576130e-04	-6.041029e+00
3.776000e-05	-2.057621e-03	-5.906316e+00
3.777000e-05	-7.068802e-04	-5.831605e+00
3.778000e-05	-2.174346e-04	-5.692211e+00
3.779000e-05	-1.482764e-03	-5.579999e+00
3.780000e-05	-1.155009e-03	-5.402532e+00
3.781000e-05	-7.631298e-04	-5.252579e+00
3.782000e-05	-1.831656e-03	-5.104210e+00
3.783000e-05	-3.350605e-03	-4.947791e+00
3.784000e-05	-2.436738e-03	-4.757435e+00
3.785000e-05	-2.175531e-03	-4.640154e+00
3.786000e-05	-2.429746e-03	-4.495262e+00
3.787000e-05	-2.551379e-03	-4.367448e+00
3.788000e-05	-2.661767e-03	-4.293061e+00
3.789000e-05	-2.762717e-03	-4.126365e+00
3.790000e-05	-2.237217e-03	-4.010401e+00
3.791000e-05	-3.309801e-03	-3.832715e+00
3.792000e-05	-3.063832e-03	-3.642156e+00
3.793000e-05	-3.159657e-03	-3.527320e+00
3.794000e-05	-3.978650e-03	-3.388952e+00
3.795000e-05	-3.240195e-03	-3.260602e+00
3.796000e-05	-3.299496e-03	-3.125741e+00
3.797000e-05	-1.346990e-03	-2.905707e+00
3.798000e-05	-1.541314e-03	-2.757925e+00
3.799000e-05	-4.010011e-03	-2.559998e+00
3.800000e-05	-3.876248e-03	-2.483203e+00
3.801000e-05	-6.727103e-03	-2.345916e+00
3.802000e-05	-3.927771e-03	-2.084287e+00
3.803000e-05	-4.582871e-03	-1.959370e+00
3.804000e-05	-3.407706e-03	-1.800478e+00
3.805000e-05	-4.021174e-03	-1.623578e+00
3.806000e-05	-1.798343e-03	-1.505792e+00
3.807000e-05	-2.835626e-03	-1.282206e+00
3.808000e-05	-2.370033e-03	-1.084736e+00
3.809000e-05	-4.491992e-03	-9.274159e-01
3.810000e-05	-6.000191e-03	-8.009728e-01
3.811000e-05	-6.543233e-03	-5.916002e-01
3.812000e-05	-4.534755e-03	-4.306003e-01
3.813000e-05	-4.111387e-03	-2.642606e-01
3.814000e-05	-3.090011e-03	-1.073098e-01
3.815000e-05	-3.323598e-04	-9.448881e-03
3.816000e-05	3.039286e-03	2.191247e-01
3.817000e-05	-1.550259e-03	3.789735e-01
3.818000e-05	8.963380e-04	5.355868e-01
3.819000e-05	-2.840442e-03	6.415265e-01
3.820000e-05	-2.581647e-03	8.004224e-01
3.821000e-05	-5.573316e-03	9.458080e-01
3.822000e-05	4.315611e-04	1.116767e+00
3.823000e-05	1.472219e-02	1.314210e+00
3.824000e-05	6.646049e-02	1.482583e+00
3.825000e-05	-4.254807e-03	1.747372e+00
3.826000e-05	-4.499417e-02	1.916193e+00
3.827000e-05	-4.898968e-02	2.032054e+00
3.828000e-05	-8.229062e-02	2.168870e+00
3.829000e-05	9.688633e-02	2.241128e+00
3.830000e-05	5.800429e-02	2.408454e+00
3.831000e-05	-1.558053e-01	2.516915e+00
3.832000e-05	1.240517e-01	2.704089e+00
3.833000e-05	-9.630509e-03	2.903660e+00
3.834000e-05	-1.153642e-01	3.020078e+00
3.835000e-05	1.076414e-01	3.147248e+00
3.836000e-05	5.618195e-03	3.315688e+00
3.837000e-05	-1.063354e-01	3.524187e+00
3.838000e-05	1.081492e-01	3.629551e+00
3.839000e-05	-4.210170e-02	3.808445e+00
3.840000e-05	-2.879440e-02	3.975268e+00
3.841000e-05	4.132410e-02	4.062684e+00
3.842000e-05	-5.245455e-02	4.263656e+00
3.843000e-05	1.732572e-02	4.430499e+00
3.844000e-05	5.975153e-03	4.565820e+00
3.845000e-05	-1.546444e-02	4.694162e+00
3.846000e-05	2.281281e-02	4.790054e+00
3.847000e-05	-1.372536e-03	5.110954e+00
3.848000e-05	-2.826807e-02	5.201000e+00
3.849000e-05	-1.456074e-02	5.378372e+00
3.850000e-05	2.350171e-02	5.483262e+00
3.851000e-05	8.303554e-03	5.609971e+00
3.852000e-05	-2.796876e-02	5.735663e+00
3.853000e-05	9.533888e-03	5.881559e+00
3.854000e-05	-4.679873e-03	6.009999e+00
3.855000e-05	-7.380126e-03	6.113217e+00
3.856000e-05	-1.331309e-03	6.222504e+00
3.857000e-05	-1.124622e-02	6.356770e+00
3.858000e-05	2.450894e-02	6.418551e+00
3.859000e-05	-1.493736e-02	6.525293e+00
3.860000e-05	-2.059108e-02	6.732842e+00
3.861000e-05	4.717695e-03	6.819078e+00
3.862000e-05	7.104718e-03	6.852633e+00
3.863000e-05	-8.109867e-03	6.968400e+00
3.864000e-05	-1.684286e-02	7.122690e+00
3.865000e-05	1.499827e-02	7.188875e+00
3.866000e-05	-1.082456e-03	7.264587e+00
3.867000e-05	-1.709731e-02	7.406799e+00
3.868000e-05	-7.552612e-03	7.525191e+00
3.869000e-05	6.075117e-03	7.638879e+00
3.870000e-05	-2.982695e-03	7.713708e+00
3.871000e-05	-1.360326e-02	7.798401e+00
3.872000e-05	-8.944402e-04	7.874688e+00
3.873000e-05	2.008801e-03	8.009901e+00
3.874000e-05	-7.753044e-03	8.155264e+00
3.875000e-05	-7.761795e-03	8.167772e+00
3.876000e-05	-1.248294e-03	8.281979e+00
3.877000e-05	-4.412879e-03	8.314237e+00
3.878000e-05	-7.390264e-03	8.345845e+00
3.879000e-05	-4.100016e-03	8.399949e+00
3.880000e-05	-2.311973e-03	8.441032e+00
3.881000e-05	-9.285311e-03	8.463560e+00
3.882000e-05	-7.527629e-03	8.484214e+00
3.883000e-05	-2.425998e-03	8.566395e+00
3.884000e-05	-3.857841e-03	8.589002e+00
3.885000e-05	-4.887361e-03	8.690977e+00
3.886000e-05	-6.916959e-03	8.701109e+00
3.887000e-05	-7.120386e-03	8.702662e+00
3.888000e-05	-8.797663e-03	8.704237e+00
3.889000e-05	-5.789862e-03	8.765895e+00
3.890000e-05	-5.193343e-03	8.758872e+00
3.891000e-05	-9.158914e-03	8.799921e+00
3.892000e-05	-9.609955e-03	8.819926e+00
3.893000e-05	-7.806015e-03	8.830000e+00
3.894000e-05	-6.621029e-03	8.810504e+00
3.895000e-05	-9.867771e-03	8.842029e+00
3.896000e-05	-8.998212e-03	8.881529e+00
3.897000e-05	-9.748058e-03	8.893053e+00
3.898000e-05	-9.303184e-03	8.892007e+00
3.899000e-05	-1.090672e-02	8.891032e+00
3.900000e-05	-1.155610e-02	8.862507e+00
3.901000e-05	-1.221273e-02	8.841578e+00
3.902000e-05	-1.320517e-02	8.860979e+00
3.903000e-05	-1.346834e-02	8.820500e+00
3.904000e-05	-1.359915e-02	8.800003e+00
3.905000e-05	-1.500591e-02	8.818972e+00
3.906000e-05	-1.717446e-02	8.799325e+00
3.907000e-05	-1.757262e-02	8.757419e+00
3.908000e-05	-1.928256e-02	8.705266e+00
3.909000e-05	-1.918237e-02	8.673731e+00
3.910000e-05	-2.094039e-02	8.682607e+00
3.911000e-05	-2.304229e-02	8.641584e+00
3.912000e-05	-2.497465e-02	8.560425e+00
3.913000e-05	-2.471626e-02	8.544790e+00
3.914000e-05	-2.541892e-02	8.475686e+00
3.915000e-05	-2.756194e-02	8.421606e+00
3.916000e-05	-2.694537e-02	8.400577e+00
3.917000e-05	-2.620293e-02	8.358394e+00
3.918000e-05	-2.463916e-02	8.261663e+00
3.919000e-05	-2.413382e-02	8.209525e+00
3.920000e-05	-2.292988e-02	8.156216e+00
3.921000e-05	-2.069783e-02	8.063737e+00
3.922000e-05	-1.952601e-02	8.028449e+00
3.923000e-05	-1.693808e-02	7.926712e+00
3.924000e-05	-1.852536e-02	7.841500e+00
3.925000e-05	-1.332804e-02	7.746891e+00
3.926000e-05	-1.443534e-02	7.671636e+00
3.927000e-05	-1.160583e-02	7.568424e+00
3.928000e-05	-1.325105e-02	7.533135e+00
3.929000e-05	-1.070865e-02	7.355800e+00
3.930000e-05	-1.120919e-02	7.269605e+00
3.931000e-05	-8.828442e-03	7.147289e+00
3.932000e-05	-1.098217e-02	7.062636e+00
3.933000e-05	-8.938317e-03	6.968420e+00
3.934000e-05	-8.295498e-03	6.842656e+00
3.935000e-05	-8.352753e-03	6.808873e+00
3.936000e-05	-8.586521e-03	6.721684e+00
3.937000e-05	-6.537965e-03	6.546210e+00
3.938000e-05	-6.752686e-03	6.451028e+00
3.939000e-05	-7.725008e-03	6.294817e+00
3.940000e-05	-6.443350e-03	6.198423e+00
3.941000e-05	-5.990240e-03	6.075182e+00
3.942000e-05	-6.026804e-03	6.018523e+00
3.943000e-05	-7.126675e-03	5.831136e+00
3.944000e-05	-5.882337e-03	5.690579e+00
3.945000e-05	-5.052961e-03	5.547367e+00
3.946000e-05	-5.589327e-03	5.431550e+00
3.947000e-05	-5.388785e-03	5.315711e+00
3.948000e-05	-5.054559e-03	5.176396e+00
3.949000e-05	-4.813147e-03	4.955846e+00
3.950000e-05	-5.062623e-03	4.829499e+00
3.951000e-05	-5.068909e-03	4.652103e+00
3.952000e-05	-4.477846e-03	4.537342e+00
3.953000e-05	-4.552865e-03	4.431000e+00
3.954000e-05	-4.936334e-03	4.264106e+00
3.955000e-05	-4.668081e-03	4.113682e+00
3.956000e-05	-4.427572e-03	3.937887e+00
3.957000e-05	-4.310856e-03	3.821051e+00
3.958000e-05	-5.020803e-03	3.673157e+00
3.959000e-05	-4.530605e-03	3.546896e+00
3.960000e-05	-3.647610e-03	3.357914e+00
3.961000e-05	-3.845780e-03	3.209525e+00
3.962000e-05	-4.336103e-03	3.062082e+00
3.963000e-05	-4.541440e-03	2.885762e+00
3.964000e-05	-3.930973e-03	2.808947e+00
3.965000e-05	-4.573638e-03	2.610541e+00
3.966000e-05	-4.076128e-03	2.389554e+00
3.967000e-05	-4.579313e-03	2.284183e+00
3.968000e-05	-4.094208e-03	2.125813e+00
3.969000e-05	-3.600516e-03	1.998524e+00
3.970000e-05	-3.503977e-03	1.820672e+00
3.971000e-05	-3.629498e-03	1.632604e+00
3.972000e-05	-3.517209e-03	1.473657e+00
3.973000e-05	-4.004209e-03	1.305758e+00
3.974000e-05	-4.580592e-03	1.135265e+00
3.975000e-05	-4.873964e-03	8.827545e-01
3.976000e-05	-3.268908e-03	7.478924e-01
3.977000e-05	-4.692183e-03	5.794712e-01
3.978000e-05	-3.607719e-03	4.125765e-01
3.979000e-05	-2.495106e-03	2.637370e-01
3.980000e-05	-2.914571e-03	6.415678e-02
3.981000e-05	-2.913034e-04	-3.365914e-02
3.982000e-05	2.757106e-03	-2.029549e-01
3.983000e-05	-1.535549e-03	-3.483485e-01
3.984000e-05	1.819391e-03	-4.427340e-01
3.985000e-05	-2.318790e-03	-7.252157e-01
3.986000e-05	-6.474472e-04	-8.200776e-01
3.987000e-05	-2.118774e-03	-9.689022e-01
3.988000e-05	5.547074e-03	-1.094769e+00
3.989000e-05	5.488596e-02	-1.211603e+00
3.990000e-05	3.900773e-02	-1.533167e+00
3.991000e-05	-6.492824e-02	-1.737823e+00
3.992000e-05	-2.835557e-02	-1.957873e+00
3.993000e-05	-1.166109e-01	-2.032084e+00
3.994000e-05	1.257356e-01	-2.083135e+00
3.995000e-05	4.815119e-02	-2.228956e+00
3.996000e-05	-1.754468e-01	-2.512092e+00
3.997000e-05	1.346649e-01	-2.610501e+00
3.998000e-05	5.878650e-03	-2.724634e+00
3.999000e-05	-1.846072e-01	-2.933669e+00
4.000000e-05	1.395955e-01	-3.093112e+00
4.001000e-05	1.721714e-02	-3.209501e+00
4.002000e-05	-1.314154e-01	-3.379404e+00
4.003000e-05	1.590550e-01	-3.552591e+00
4.004000e-05	-9.596834e-02	-3.661084e+00
4.005000e-05	-2.596143e-02	-3.852613e+00
4.006000e-05	9.311528e-02	-4.007025e+00
4.007000e-05	-1.314370e-01	-4.178371e+00
4.008000e-05	9.028443e-02	-4.315193e+00
4.009000e-05	1.849485e-02	-4.368425e+00
4.010000e-05	-1.001479e-01	-4.576322e+00
4.011000e-05	1.191137e-01	-4.725763e+00
4.012000e-05	-5.318563e-02	-4.864557e+00
4.013000e-05	-8.525578e-03	-5.010506e+00
4.014000e-05	8.523354e-03	-5.144793e+00
4.015000e-05	-3.133082e-02	-5.334588e+00
4.016000e-05	7.914708e-02	-5.452634e+00
4.017000e-05	-7.977998e-02	-5.619500e+00
4.018000e-05	3.989818e-02	-5.745722e+00
4.019000e-05	2.378032e-02	-5.851537e+00
4.020000e-05	-6.007986e-02	-5.997851e+00
4.021000e-05	3.844445e-02	-6.021558e+00
4.022000e-05	-3.807339e-02	-6.189854e+00
4.023000e-05	6.944965e-02	-6.387345e+00
4.024000e-05	-2.360086e-02	-6.472534e+00
4.025000e-05	-5.508065e-02	-6.566330e+00
4.026000e-05	5.818845e-02	-6.681555e+00
4.027000e-05	-1.953772e-02	-6.777825e+00
4.028000e-05	1.039783e-02	-6.872059e+00
4.029000e-05	-2.675773e-02	-6.988881e+00
4.030000e-05	2.681223e-02	-7.166250e+00
4.031000e-05	1.956204e-02	-7.210503e+00
4.032000e-05	-4.802338e-02	-7.344743e+00
4.033000e-05	2.220211e-02	-7.387425e+00
4.034000e-05	2.347161e-03	-7.513664e+00
4.035000e-05	5.747778e-03	-7.607847e+00
4.036000e-05	-1.988719e-02	-7.703615e+00
4.037000e-05	6.191106e-03	-7.818356e+00
4.038000e-05	2.543466e-02	-7.945211e+00
4.039000e-05	-2.156432e-02	-7.988401e+00
4.040000e-05	-1.666576e-04	-8.062106e+00
4.041000e-05	2.274825e-03	-8.135163e+00
4.042000e-05	9.645992e-03	-8.157401e+00
4.043000e-05	-6.338577e-03	-8.272537e+00
4.044000e-05	-1.075036e-03	-8.313668e+00
4.045000e-05	9.863326e-03	-8.386871e+00
4.046000e-05	-7.066726e-03	-8.409428e+00
4.047000e-05	1.076211e-03	-8.422554e+00
4.048000e-05	2.938446e-03	-8.535636e+00
4.049000e-05	5.911842e-03	-8.557274e+00
4.050000e-05	1.124409e-03	-8.609350e+00
4.051000e-05	8.799998e-04	-8.672061e+00
4.052000e-05	2.303842e-03	-8.703210e+00
4.053000e-05	-1.295852e-03	-8.744345e+00
4.054000e-05	2.953202e-03	-8.788921e+00
4.055000e-05	3.268626e-03	-8.797978e+00
4.056000e-05	1.669589e-03	-8.842033e+00
4.057000e-05	7.567058e-04	-8.801030e+00
4.058000e-05	4.872242e-03	-8.872083e+00
4.059000e-05	3.748443e-03	-8.873559e+00
4.060000e-05	1.142448e-04	-8.881564e+00
4.061000e-05	4.327024e-03	-8.913613e+00
4.062000e-05	6.215019e-03	-8.895163e+00
4.063000e-05	4.927318e-03	-8.903138e+00
4.064000e-05	3.695634e-03	-8.893693e+00
4.065000e-05	5.079854e-03	-8.903163e+00
4.066000e-05	6.399054e-03	-8.904634e+00
4.067000e-05	6.087862e-03	-8.853137e+00
4.068000e-05	7.530127e-03	-8.872661e+00
4.069000e-05	1.006347e-02	-8.872055e+00
4.070000e-05	8.957457e-03	-8.842529e+00
4.071000e-05	8.862304e-03	-8.850980e+00
4.072000e-05	1.075331e-02	-8.777948e+00
4.073000e-05	1.301654e-02	-8.786921e+00
4.074000e-05	1.394293e-02	-8.744797e+00
4.075000e-05	1.455706e-02	-8.706242e+00
4.076000e-05	1.668921e-02	-8.663106e+00
4.077000e-05	1.737162e-02	-8.646777e+00
4.078000e-05	1.935493e-02	-8.585669e+00
4.079000e-05	1.914483e-02	-8.482663e+00
4.080000e-05	1.974914e-02	-8.460505e+00
4.081000e-05	2.153133e-02	-8.419499e+00
4.082000e-05	2.075703e-02	-8.326369e+00
4.083000e-05	2.044626e-02	-8.283661e+00
4.084000e-05	1.874384e-02	-8.250979e+00
4.085000e-05	1.900059e-02	-8.166920e+00
4.086000e-05	1.593112e-02	-8.104234e+00
4.087000e-05	1.462135e-02	-8.061504e+00
4.088000e-05	1.357437e-02	-7.958427e+00
4.089000e-05	1.085419e-02	-7.903763e+00
4.090000e-05	9.600557e-03	-7.759398e+00
4.091000e-05	8.762831e-03	-7.702085e+00
4.092000e-05	7.790151e-03	-7.588930e+00
4.093000e-05	6.009330e-03	-7.463738e+00
4.094000e-05	5.379549e-03	-7.420448e+00
4.095000e-05	5.981846e-03	-7.315265e+00
4.096000e-05	4.949384e-03	-7.242030e+00
4.097000e-05	2.777014e-03	-7.207391e+00
4.098000e-05	3.038271e-03	-7.002079e+00
4.099000e-05	3.551672e-03	-6.934710e+00
4.100000e-05	2.931967e-03	-6.819501e+00
4.101000e-05	2.035114e-03	-6.724737e+00
4.102000e-05	2.011618e-03	-6.619529e+00
4.103000e-05	1.706262e-03	-6.485642e+00
4.104000e-05	8.177445e-04	-6.410031e+00
4.105000e-05	3.426558e-04	-6.305217e+00
4.106000e-05	1.298765e-04	-6.146218e+00
4.107000e-05	-1.349673e-05	-6.029475e+00
4.108000e-05	-1.228174e-03	-5.935741e+00
4.109000e-05	-1.856025e-05	-5.769348e+00
4.110000e-05	-1.329784e-03	-5.673153e+00
4.111000e-05	-1.483765e-03	-5.554894e+00
4.112000e-05	-2.045073e-03	-5.338425e+00
4.113000e-05	-1.147078e-03	-5.158424e+00
4.114000e-05	-7.032590e-04	-5.054610e+00
4.115000e-05	-2.619329e-03	-4.875312e+00
4.116000e-05	-1.764965e-03	-4.684236e+00
4.117000e-05	-2.299838e-03	-4.560450e+00
4.118000e-05	-2.320119e-03	-4.493081e+00
4.119000e-05	-3.026416e-03	-4.347371e+00
4.120000e-05	-2.090503e-03	-4.231458e+00
4.121000e-05	-3.485747e-03	-4.064706e+00
4.122000e-05	-2.838445e-03	-3.986976e+00
4.123000e-05	-3.238268e-03	-3.770949e+00
4.124000e-05	-2.926094e-03	-3.580050e+00
4.125000e-05	-3.723207e-03	-3.485261e+00
4.126000e-05	-3.073074e-03	-3.347867e+00
4.127000e-05	-3.547970e-03	-3.200051e+00
4.128000e-05	-2.402974e-03	-3.062182e+00
4.129000e-05	-2.932168e-03	-2.831082e+00
4.130000e-05	-2.737771e-03	-2.726372e+00
4.131000e-05	-3.892856e-03	-2.559950e+00
4.132000e-05	-4.370359e-03	-2.410552e+00
4.133000e-05	-4.200604e-03	-2.253184e+00
4.134000e-05	-2.518504e-03	-2.071604e+00
4.135000e-05	-3.496101e-03	-1.936342e+00
4.136000e-05	-3.102910e-03	-1.768949e+00
4.137000e-05	-4.216081e-03	-1.650526e+00
4.138000e-05	-3.341896e-03	-1.453550e+00
4.139000e-05	-3.916317e-03	-1.251526e+00
4.140000e-05	-4.284739e-03	-1.042153e+00
4.141000e-05	-4.921781e-03	-8.852870e-01
4.142000e-05	-4.515603e-03	-7.578674e-01
4.143000e-05	-4.852094e-03	-5.183624e-01
4.144000e-05	-3.766006e-03	-3.788975e-01
4.145000e-05	-3.695465e-03	-2.136287e-01
4.146000e-05	-2.321285e-03	-7.376052e-02
4.147000e-05	3.722334e-04	5.155770e-02
4.148000e-05	1.439053e-03	2.526844e-01
4.149000e-05	-3.413107e-03	4.105275e-01
4.150000e-05	9.332230e-04	5.657907e-01
4.151000e-05	-3.253919e-03	6.837169e-01
4.152000e-05	-2.535986e-03	8.199724e-01
4.153000e-05	-3.918903e-03	9.779011e-01
4.154000e-05	5.941888e-03	1.218475e+00
4.155000e-05	3.018284e-02	1.336794e+00
4.156000e-05	6.203560e-02	1.597423e+00
4.157000e-05	-3.679226e-02	1.799524e+00
4.158000e-05	-4.096640e-02	1.948348e+00
4.159000e-05	-6.908572e-02	2.093664e+00
4.160000e-05	-4.478437e-02	2.199447e+00
4.161000e-05	1.449173e-01	2.304216e+00
4.162000e-05	-4.241991e-02	2.452057e+00
4.163000e-05	-9.400905e-02	2.579372e+00
4.164000e-05	1.491295e-01	2.745372e+00
4.165000e-05	-9.414149e-02	2.946821e+00
4.166000e-05	-4.744150e-02	3.062083e+00
4.167000e-05	1.305147e-01	3.197470e+00
4.168000e-05	-8.217362e-02	3.406451e+00
4.169000e-05	-2.642946e-02	3.566796e+00
4.170000e-05	8.775144e-02	3.672087e+00
4.171000e-05	-7.435117e-02	3.860028e+00
4.172000e-05	1.839312e-02	3.967946e+00
4.173000e-05	4.425051e-03	4.145392e+00
4.174000e-05	-3.860752e-02	4.345342e+00
4.175000e-05	3.510413e-02	4.462058e+00
4.176000e-05	-1.372922e-02	4.629450e+00
4.177000e-05	-3.018122e-04	4.767345e+00
4.178000e-05	2.219934e-02	4.924658e+00
4.179000e-05	-1.809722e-02	5.144291e+00
4.180000e-05	-2.547879e-02	5.283052e+00
4.181000e-05	-7.664646e-03	5.368950e+00
4.182000e-05	3.302179e-02	5.547316e+00
4.183000e-05	-1.299853e-02	5.619978e+00
4.184000e-05	-1.534135e-02	5.787843e+00
4.185000e-05	7.935123e-03	5.975762e+00
4.186000e-05	-1.142712e-02	6.032581e+00
4.187000e-05	3.136993e-04	6.186316e+00
4.188000e-05	-1.122981e-02	6.281034e+00
4.189000e-05	2.572596e-03	6.386820e+00
4.190000e-05	1.627674e-02	6.481631e+00
4.191000e-05	-2.184383e-02	6.652475e+00
4.192000e-05	-1.173808e-02	6.777346e+00
4.193000e-05	8.666258e-03	6.821980e+00
4.194000e-05	1.573226e-03	6.935767e+00
4.195000e-05	-1.254453e-02	6.998930e+00
4.196000e-05	-8.602863e-03	7.133290e+00
4.197000e-05	1.718626e-02	7.231479e+00
4.198000e-05	-1.003258e-02	7.293708e+00
4.199000e-05	-1.585871e-02	7.488981e+00
4.200000e-05	-2.567271e-03	7.588366e+00
4.201000e-05	2.868626e-03	7.702604e+00
4.202000e-05	-4.784928e-03	7.745267e+00
4.203000e-05	-1.221351e-02	7.831954e+00
4.204000e-05	5.126474e-03	7.905888e+00
4.205000e-05	-3.085456e-03	8.050085e+00
4.206000e-05	-8.738518e-03	8.136236e+00
4.207000e-05	-6.385126e-03	8.229925e+00
4.208000e-05	-2.097555e-03	8.272058e+00
4.209000e-05	-5.793029e-03	8.354315e+00
4.210000e-05	-9.585191e-03	8.346871e+00
4.211000e-05	2.618798e-04	8.399500e+00
4.212000e-05	-6.854061e-03	8.452082e+00
4.213000e-05	-6.973288e-03	8.492661e+00
4.214000e-05	-6.298325e-03	8.525841e+00
4.215000e-05	-6.922287e-04	8.607424e+00
4.216000e-05	-4.991238e-03	8.670455e+00
4.217000e-05	-6.957847e-03	8.661504e+00
4.218000e-05	-7.072209e-03	8.652186e+00
4.219000e-05	-9.102461e-03	8.743190e+00
4.220000e-05	-7.442082e-03	8.784265e+00
4.221000e-05	-5.451886e-03	8.795369e+00
4.222000e-05	-6.259172e-03	8.777398e+00
4.223000e-05	-1.004190e-02	8.798976e+00
4.224000e-05	-7.431259e-03	8.821001e+00
4.225000e-05	-7.181052e-03	8.830499e+00
4.226000e-05	-7.226127e-03	8.861531e+00
4.227000e-05	-1.175644e-02	8.840505e+00
4.228000e-05	-9.339581e-03	8.832506e+00
4.229000e-05	-8.970385e-03	8.872032e+00
4.230000e-05	-1.042261e-02	8.881609e+00
4.231000e-05	-1.093647e-02	8.882135e+00
4.232000e-05	-1.159200e-02	8.872582e+00
4.233000e-05	-1.178062e-02	8.851582e+00
4.234000e-05	-1.368276e-02	8.851978e+00
4.235000e-05	-1.286592e-02	8.830509e+00
4.236000e-05	-1.411503e-02	8.840423e+00
4.237000e-05	-1.637184e-02	8.808950e+00
4.238000e-05	-1.872398e-02	8.746920e+00
4.239000e-05	-1.920311e-02	8.735744e+00
4.240000e-05	-1.946236e-02	8.684341e+00
4.241000e-05	-2.029747e-02	8.722687e+00
4.242000e-05	-2.146662e-02	8.701550e+00
4.243000e-05	-2.367078e-02	8.619507e+00
4.244000e-05	-2.382338e-02	8.576395e+00
4.245000e-05	-2.595137e-02	8.554314e+00
4.246000e-05	-2.631475e-02	8.471581e+00
4.247000e-05	-2.776225e-02	8.450556e+00
4.248000e-05	-2.772047e-02	8.400454e+00
4.249000e-05	-2.609775e-02	8.334317e+00
4.250000e-05	-2.519930e-02	8.243054e+00
4.251000e-05	-2.204339e-02	8.227397e+00
4.252000e-05	-2.178278e-02	8.123212e+00
4.253000e-05	-1.970074e-02	8.021554e+00
4.254000e-05	-1.999859e-02	8.008924e+00
4.255000e-05	-1.673129e-02	7.853606e+00
4.256000e-05	-1.664992e-02	7.821000e+00
4.257000e-05	-1.558605e-02	7.726263e+00
4.258000e-05	-1.339220e-02	7.661581e+00
4.259000e-05	-1.242938e-02	7.558295e+00
4.260000e-05	-1.120283e-02	7.451150e+00
4.261000e-05	-1.226825e-02	7.314685e+00
4.262000e-05	-9.296744e-03	7.259024e+00
4.263000e-05	-1.082086e-02	7.136341e+00
4.264000e-05	-9.076426e-03	7.022031e+00
4.265000e-05	-1.007761e-02	6.925744e+00
4.266000e-05	-7.700619e-03	6.850553e+00
4.267000e-05	-8.938168e-03	6.768864e+00
4.268000e-05	-7.285742e-03	6.600550e+00
4.269000e-05	-7.176645e-03	6.473182e+00
4.270000e-05	-6.447040e-03	6.388401e+00
4.271000e-05	-7.653086e-03	6.293108e+00
4.272000e-05	-5.493051e-03	6.176871e+00
4.273000e-05	-6.291272e-03	6.062129e+00
4.274000e-05	-6.076101e-03	5.957401e+00
4.275000e-05	-6.990591e-03	5.828449e+00
4.276000e-05	-4.638638e-03	5.620578e+00
4.277000e-05	-5.395201e-03	5.516338e+00
4.278000e-05	-5.664669e-03	5.378971e+00
4.279000e-05	-5.431621e-03	5.242652e+00
4.280000e-05	-4.687120e-03	5.113232e+00
4.281000e-05	-5.079182e-03	4.913682e+00
4.282000e-05	-5.137807e-03	4.768420e+00
4.283000e-05	-5.530431e-03	4.611503e+00
4.284000e-05	-4.440996e-03	4.512708e+00
4.285000e-05	-5.007323e-03	4.399448e+00
4.286000e-05	-4.707119e-03	4.222501e+00
4.287000e-05	-4.146384e-03	4.021054e+00
4.288000e-05	-4.865583e-03	3.935260e+00
4.289000e-05	-5.081841e-03	3.749470e+00
4.290000e-05	-4.449762e-03	3.642054e+00
4.291000e-05	-4.140016e-03	3.505787e+00
4.292000e-05	-5.045607e-03	3.302784e+00
4.293000e-05	-4.681612e-03	3.146893e+00
4.294000e-05	-4.356361e-03	3.011048e+00
4.295000e-05	-4.350267e-03	2.852230e+00
4.296000e-05	-4.364191e-03	2.706422e+00
4.297000e-05	-3.737271e-03	2.565785e+00
4.298000e-05	-4.189223e-03	2.388896e+00
4.299000e-05	-3.663265e-03	2.201076e+00
4.300000e-05	-4.231975e-03	2.073682e+00
4.301000e-05	-4.621739e-03	1.916863e+00
4.302000e-05	-4.404835e-03	1.745990e+00
4.303000e-05	-3.957515e-03	1.570930e+00
4.304000e-05	-3.541886e-03	1.410023e+00
4.305000e-05	-3.701289e-03	1.214103e+00
4.306000e-05	-3.985584e-03	1.072123e+00
4.307000e-05	-3.731438e-03	8.131028e-01
4.308000e-05	-4.095489e-03	6.847343e-01
4.309000e-05	-3.970010e-03	5.073135e-01
4.310000e-05	-4.252173e-03	3.880488e-01
4.311000e-05	-3.456483e-03	1.810005e-01
4.312000e-05	-2.328606e-03	2.157664e-02
4.313000e-05	1.508929e-03	-1.162631e-01
4.314000e-05	2.302540e-03	-3.041615e-01
4.315000e-05	-1.582123e-03	-4.094737e-01
4.316000e-05	3.227067e-04	-5.383180e-01
4.317000e-05	-3.101690e-03	-7.688733e-01
4.318000e-05	-5.025408e-04	-8.621840e-01
4.319000e-05	-7.669938e-04	-9.980286e-01
4.320000e-05	1.392878e-02	-1.157346e+00
4.321000e-05	8.022693e-02	-1.283787e+00
4.322000e-05	-1.593707e-02	-1.598426e+00
4.323000e-05	-4.204706e-02	-1.841053e+00
4.324000e-05	-6.453878e-02	-2.010000e+00
4.325000e-05	-6.537911e-02	-2.041583e+00
4.326000e-05	1.592594e-01	-2.065608e+00
4.327000e-05	-5.804234e-02	-2.303095e+00
4.328000e-05	-1.016145e-01	-2.546297e+00
4.329000e-05	1.790635e-01	-2.608975e+00
4.330000e-05	-1.118567e-01	-2.715796e+00
4.331000e-05	-8.869626e-02	-3.008880e+00
4.332000e-05	1.722202e-01	-3.166848e+00
4.333000e-05	-9.497603e-02	-3.262614e+00
4.334000e-05	-2.432234e-02	-3.432583e+00
4.335000e-05	1.354256e-01	-3.547343e+00
4.336000e-05	-1.439499e-01	-3.697139e+00
4.337000e-05	7.767088e-02	-3.925247e+00
4.338000e-05	2.616778e-03	-4.051004e+00
4.339000e-05	-9.322463e-02	-4.230556e+00
4.340000e-05	1.356975e-01	-4.345268e+00
4.341000e-05	-8.101938e-02	-4.441078e+00
4.342000e-05	-9.130854e-03	-4.681003e+00
4.343000e-05	9.222985e-02	-4.726293e+00
4.344000e-05	-7.987758e-02	-4.945219e+00
4.345000e-05	2.979112e-02	-5.020605e+00
4.346000e-05	-3.404954e-02	-5.207429e+00
4.347000e-05	2.104730e-02	-5.397320e+00
4.348000e-05	3.777354e-02	-5.554796e+00
4.349000e-05	-7.694835e-02	-5.662584e+00
4.350000e-05	7.875315e-02	-5.787901e+00
4.351000e-05	-3.205897e-02	-5.923690e+00
4.352000e-05	-1.995881e-02	-5.989476e+00
4.353000e-05	1.543136e-02	-6.084085e+00
4.354000e-05	-1.961607e-02	-6.312610e+00
4.355000e-05	7.822648e-02	-6.389399e+00
4.356000e-05	-7.563557e-02	-6.484110e+00
4.357000e-05	-1.345327e-03	-6.599027e+00
4.358000e-05	3.884950e-02	-6.703742e+00
4.359000e-05	-1.904164e-02	-6.798453e+00
4.360000e-05	9.154060e-03	-6.894561e+00
4.361000e-05	-3.035293e-02	-7.080586e+00
4.362000e-05	5.071199e-02	-7.187899e+00
4.363000e-05	-2.096198e-02	-7.221530e+00
4.364000e-05	-2.461773e-02	-7.354820e+00
4.365000e-05	2.414320e-02	-7.449004e+00
4.366000e-05	-1.215687e-03	-7.517191e+00
4.367000e-05	2.825259e-03	-7.638953e+00
4.368000e-05	-2.480978e-02	-7.694141e+00
4.369000e-05	2.631032e-02	-7.871559e+00
4.370000e-05	4.854796e-03	-7.954772e+00
4.371000e-05	-1.650496e-02	-8.051481e+00
4.372000e-05	3.095169e-03	-8.063187e+00
4.373000e-05	4.067102e-03	-8.126244e+00
4.374000e-05	6.694604e-03	-8.189501e+00
4.375000e-05	-1.072407e-02	-8.292132e+00
4.376000e-05	7.964168e-03	-8.326796e+00
4.377000e-05	3.176568e-03	-8.388395e+00
4.378000e-05	-6.104173e-03	-8.409977e+00
4.379000e-05	2.727605e-03	-8.433084e+00
4.380000e-05	4.800531e-03	-8.496190e+00
4.381000e-05	5.075020e-03	-8.586795e+00
4.382000e-05	-1.199817e-03	-8.680958e+00
4.383000e-05	1.763200e-03	-8.663136e+00
4.384000e-05	3.054047e-04	-8.695817e+00
4.385000e-05	-2.465785e-05	-8.725846e+00
4.386000e-05	3.259156e-03	-8.790424e+00
4.387000e-05	3.233636e-03	-8.840926e+00
4.388000e-05	1.429834e-03	-8.819005e+00
4.389000e-05	3.680847e-03	-8.842034e+00
4.390000e-05	5.781634e-03	-8.862030e+00
4.391000e-05	1.616212e-03	-8.831080e+00
4.392000e-05	1.385457e-04	-8.874134e+00
4.393000e-05	4.366743e-03	-8.913112e+00
4.394000e-05	4.400126e-03	-8.893240e+00
4.395000e-05	2.721342e-03	-8.873663e+00
4.396000e-05	4.602715e-03	-8.915163e+00
4.397000e-05	7.391644e-03	-8.902659e+00
4.398000e-05	7.473070e-03	-8.864060e+00
4.399000e-05	5.707245e-03	-8.863637e+00
4.400000e-05	9.056743e-03	-8.851137e+00
4.401000e-05	9.444855e-03	-8.831557e+00
4.402000e-05	8.051381e-03	-8.852530e+00
4.403000e-05	8.484721e-03	-8.831524e+00
4.404000e-05	1.028090e-02	-8.778905e+00
4.405000e-05	1.300217e-02	-8.768923e+00
4.406000e-05	1.501629e-02	-8.746325e+00
4.407000e-05	1.690686e-02	-8.705632e+00
4.408000e-05	1.743091e-02	-8.683529e+00
4.409000e-05	1.888193e-02	-8.536323e+00
4.410000e-05	1.912189e-02	-8.525667e+00
4.411000e-05	1.883677e-02	-8.502562e+00
4.412000e-05	1.968046e-02	-8.411007e+00
4.413000e-05	2.156491e-02	-8.349897e+00
4.414000e-05	2.134897e-02	-8.334813e+00
4.415000e-05	2.019420e-02	-8.263085e+00
4.416000e-05	1.878929e-02	-8.219551e+00
4.417000e-05	1.891097e-02	-8.132293e+00
4.418000e-05	1.677767e-02	-8.084636e+00
4.419000e-05	1.399028e-02	-8.011503e+00
4.420000e-05	1.164315e-02	-7.978394e+00
4.421000e-05	1.081537e-02	-7.869659e+00
4.422000e-05	8.901538e-03	-7.778292e+00
4.423000e-05	8.662406e-03	-7.640080e+00
4.424000e-05	7.760725e-03	-7.576347e+00
4.425000e-05	6.291293e-03	-7.473583e+00
4.426000e-05	5.457286e-03	-7.358949e+00
4.427000e-05	5.398696e-03	-7.314635e+00
4.428000e-05	4.632730e-03	-7.230524e+00
4.429000e-05	2.459546e-03	-7.116316e+00
4.430000e-05	2.322748e-03	-6.999450e+00
4.431000e-05	2.473306e-03	-6.881611e+00
4.432000e-05	2.212476e-03	-6.800449e+00
4.433000e-05	2.708993e-03	-6.673213e+00
4.434000e-05	3.151850e-03	-6.578950e+00
4.435000e-05	1.554174e-03	-6.483132e+00
4.436000e-05	-1.374243e-03	-6.387976e+00
4.437000e-05	1.237596e-03	-6.220633e+00
4.438000e-05	5.677465e-04	-6.092662e+00
4.439000e-05	-6.361697e-04	-5.999949e+00
4.440000e-05	3.889202e-04	-5.863633e+00
4.441000e-05	-2.235207e-04	-5.705794e+00
4.442000e-05	-1.926578e-03	-5.640579e+00
4.443000e-05	-2.459889e-03	-5.464288e+00
4.444000e-05	-1.156844e-03	-5.315236e+00
4.445000e-05	-1.516168e-03	-5.147367e+00
4.446000e-05	-2.801827e-03	-5.009927e+00
4.447000e-05	-3.175330e-03	-4.820077e+00
4.448000e-05	-5.596913e-04	-4.651107e+00
4.449000e-05	-3.007513e-03	-4.536916e+00
4.450000e-05	-3.094571e-03	-4.422077e+00
4.451000e-05	-3.057963e-03	-4.304742e+00
4.452000e-05	-2.278076e-03	-4.187971e+00
4.453000e-05	-4.075688e-03	-4.052057e+00
4.454000e-05	-2.560227e-03	-3.914887e+00
4.455000e-05	-2.281343e-03	-3.735867e+00
4.456000e-05	-1.364571e-03	-3.599950e+00
4.457000e-05	-3.825371e-03	-3.421082e+00
4.458000e-05	-2.985199e-03	-3.284786e+00
4.459000e-05	-2.847487e-03	-3.158421e+00
4.460000e-05	-3.119191e-03	-2.958966e+00
4.461000e-05	-3.199163e-03	-2.840026e+00
4.462000e-05	-4.257374e-03	-2.663781e+00
4.463000e-05	-3.079706e-03	-2.494786e+00
4.464000e-05	-4.700790e-03	-2.368973e+00
4.465000e-05	-3.010426e-03	-2.177950e+00
4.466000e-05	-3.647694e-03	-1.980553e+00
4.467000e-05	-2.413862e-03	-1.844182e+00
4.468000e-05	-4.670724e-03	-1.694762e+00
4.469000e-05	-2.490284e-03	-1.559396e+00
4.470000e-05	-4.203311e-03	-1.338545e+00
4.471000e-05	-3.000466e-03	-1.156895e+00
4.472000e-05	-4.880928e-03	-9.700564e-01
4.473000e-05	-4.034317e-03	-8.330779e-01
4.474000e-05	-4.660855e-03	-7.258356e-01
4.475000e-05	-4.306429e-03	-4.642292e-01
4.476000e-05	-4.075288e-03	-3.279159e-01
4.477000e-05	-3.995277e-03	-1.690237e-01
4.478000e-05	-1.540193e-03	-4.160658e-02
4.479000e-05	8.525776e-04	1.157157e-01
4.480000e-05	-5.988084e-04	3.458207e-01
4.481000e-05	-1.176734e-03	4.310778e-01
4.482000e-05	-1.449290e-03	5.793723e-01
4.483000e-05	-3.384860e-03	7.553684e-01
4.484000e-05	-3.032377e-03	8.406026e-01
4.485000e-05	-1.321392e-03	1.052110e+00
4.486000e-05	9.187534e-03	1.232027e+00
4.487000e-05	4.966848e-02	1.387972e+00
4.488000e-05	3.498035e-02	1.694064e+00
4.489000e-05	-4.836562e-02	1.851612e+00
4.490000e-05	-4.092018e-02	2.009424e+00
4.491000e-05	-8.611299e-02	2.156841e+00
4.492000e-05	1.997520e-02	2.190500e+00
4.493000e-05	1.281117e-01	2.366768e+00
4.494000e-05	-1.240577e-01	2.513687e+00
4.495000e-05	2.121249e-02	2.629901e+00
4.496000e-05	9.318929e-02	2.790004e+00
4.497000e-05	-1.323440e-01	2.989849e+00
4.498000e-05	3.348583e-02	3.114116e+00
4.499000e-05	8.977045e-02	3.211001e+00
4.500000e-05	-1.253798e-01	3.460558e+00
4.501000e-05	5.900158e-02	3.607921e+00
4.502000e-05	2.496983e-02	3.724165e+00
4.503000e-05	-6.530454e-02	3.873134e+00
4.504000e-05	4.443859e-02	4.008450e+00
4.505000e-05	-3.431268e-02	4.239460e+00
4.506000e-05	-1.037646e-02	4.367394e+00
4.507000e-05	2.755003e-02	4.515213e+00
4.508000e-05	-2.270706e-02	4.661082e+00
4.509000e-05	1.385558e-02	4.807951e+00
4.510000e-05	1.677020e-02	4.988831e+00
4.511000e-05	-2.609948e-02	5.189421e+00
4.512000e-05	-1.992451e-02	5.353167e+00
4.513000e-05	6.655737e-03	5.452030e+00
4.514000e-05	2.563732e-02	5.577847e+00
4.515000e-05	-2.801897e-02	5.682679e+00
4.516000e-05	-2.017543e-04	5.879951e+00
4.517000e-05	1.678751e-03	5.987375e+00
4.518000e-05	-1.042292e-02	6.103059e+00
4.519000e-05	2.027966e-03	6.209497e+00
4.520000e-05	-1.590695e-02	6.335091e+00
4.521000e-05	1.763495e-02	6.409849e+00
4.522000e-05	1.538388e-03	6.473610e+00
4.523000e-05	-2.359175e-02	6.732637e+00
4.524000e-05	-3.400872e-03	6.777975e+00
4.525000e-05	9.022269e-03	6.872082e+00
4.526000e-05	-3.226735e-03	6.975294e+00
4.527000e-05	-1.829706e-02	7.072010e+00
4.528000e-05	3.232782e-03	7.175846e+00
4.529000e-05	9.801794e-03	7.221528e+00
4.530000e-05	-1.489749e-02	7.334829e+00
4.531000e-05	-1.190291e-02	7.541583e+00
4.532000e-05	3.079871e-03	7.579026e+00
4.533000e-05	-3.917355e-04	7.672659e+00
4.534000e-05	-8.935157e-03	7.767322e+00
4.535000e-05	-7.986762e-03	7.872609e+00
4.536000e-05	5.480910e-03	8.029449e+00
4.537000e-05	-6.700134e-03	8.071109e+00
4.538000e-05	-7.891497e-03	8.134242e+00
4.539000e-05	-3.532677e-03	8.239001e+00
4.540000e-05	-2.793707e-03	8.252658e+00
4.541000e-05	-7.785580e-03	8.304292e+00
4.542000e-05	-5.315920e-03	8.369423e+00
4.543000e-05	-3.006269e-04	8.429477e+00
4.544000e-05	-8.346679e-03	8.463057e+00
4.545000e-05	-7.917370e-03	8.502238e+00
4.546000e-05	-3.305447e-03	8.535821e+00
4.547000e-05	-2.445675e-03	8.589425e+00
4.548000e-05	-5.513131e-03	8.650529e+00
4.549000e-05	-7.153522e-03	8.671482e+00
4.550000e-05	-7.164168e-03	8.693788e+00
4.551000e-05	-9.380201e-03	8.734269e+00
4.552000e-05	-6.044034e-03	8.736770e+00
4.553000e-05	-4.131425e-03	8.786924e+00
4.554000e-05	-7.308139e-03	8.808953e+00
4.555000e-05	-1.073518e-02	8.820950e+00
4.556000e-05	-9.116318e-03	8.850528e+00
4.557000e-05	-7.049224e-03	8.799499e+00
4.558000e-05	-9.253943e-03	8.831980e+00
4.559000e-05	-9.793964e-03	8.821578e+00
4.560000e-05	-9.282255e-03	8.851505e+00
4.561000e-05	-8.823143e-03	8.850509e+00
4.562000e-05	-1.163578e-02	8.872056e+00
4.563000e-05	-1.178628e-02	8.871060e+00
4.564000e-05	-1.257880e-02	8.861005e+00
4.565000e-05	-1.192401e-02	8.852004e+00
4.566000e-05	-1.371374e-02	8.881055e+00
4.567000e-05	-1.365819e-02	8.830980e+00
4.568000e-05	-1.388144e-02	8.808951e+00
4.569000e-05	-1.691501e-02	8.798500e+00
4.570000e-05	-1.787998e-02	8.746920e+00
4.571000e-05	-1.954280e-02	8.734313e+00
4.572000e-05	-1.946749e-02	8.724762e+00
4.573000e-05	-2.103634e-02	8.674633e+00
4.574000e-05	-2.118433e-02	8.621604e+00
4.575000e-05	-2.366783e-02	8.618924e+00
4.576000e-05	-2.476576e-02	8.525319e+00
4.577000e-05	-2.638989e-02	8.513710e+00
4.578000e-05	-2.703110e-02	8.451604e+00
4.579000e-05	-2.712172e-02	8.419974e+00
4.580000e-05	-2.551094e-02	8.398343e+00
4.581000e-05	-2.548373e-02	8.316315e+00
4.582000e-05	-2.473748e-02	8.230526e+00
4.583000e-05	-2.313147e-02	8.115918e+00
4.584000e-05	-2.152983e-02	8.084639e+00
4.585000e-05	-1.942057e-02	8.070553e+00
4.586000e-05	-1.834261e-02	7.936290e+00
4.587000e-05	-1.755935e-02	7.881579e+00
4.588000e-05	-1.587090e-02	7.747399e+00
4.589000e-05	-1.390830e-02	7.704159e+00
4.590000e-05	-1.081207e-02	7.620025e+00
4.591000e-05	-1.348798e-02	7.497389e+00
4.592000e-05	-1.086295e-02	7.418022e+00
4.593000e-05	-1.284234e-02	7.302106e+00
4.594000e-05	-8.199123e-03	7.209899e+00
4.595000e-05	-1.123754e-02	7.084734e+00
4.596000e-05	-7.917903e-03	6.999546e+00
4.597000e-05	-9.344013e-03	6.882683e+00
4.598000e-05	-7.573826e-03	6.832525e+00
4.599000e-05	-8.925448e-03	6.703884e+00
4.600000e-05	-6.844346e-03	6.546397e+00
4.601000e-05	-7.876238e-03	6.471032e+00
4.602000e-05	-6.426052e-03	6.356345e+00
4.603000e-05	-6.792661e-03	6.261035e+00
4.604000e-05	-5.898988e-03	6.096311e+00
4.605000e-05	-6.712780e-03	6.019477e+00
4.606000e-05	-5.705790e-03	5.924858e+00
4.607000e-05	-5.285953e-03	5.735244e+00
4.608000e-05	-6.653936e-03	5.578900e+00
4.609000e-05	-5.275024e-03	5.484204e+00
4.610000e-05	-6.364199e-03	5.368844e+00
4.611000e-05	-3.451660e-03	5.218475e+00
4.612000e-05	-5.191679e-03	5.010528e+00
4.613000e-05	-5.484393e-03	4.860128e+00
4.614000e-05	-4.953596e-03	4.725786e+00
4.615000e-05	-5.926684e-03	4.540396e+00
4.616000e-05	-4.946370e-03	4.473129e+00
4.617000e-05	-6.441844e-03	4.315742e+00
4.618000e-05	-3.846279e-03	4.127841e+00
4.619000e-05	-4.191118e-03	3.989474e+00
4.620000e-05	-5.045906e-03	3.841630e+00
4.621000e-05	-4.262555e-03	3.704862e+00
4.622000e-05	-4.535037e-03	3.589923e+00
4.623000e-05	-4.245539e-03	3.421649e+00
4.624000e-05	-5.106059e-03	3.241054e+00
4.625000e-05	-5.910316e-03	3.096332e+00
4.626000e-05	-4.574752e-03	2.947446e+00
4.627000e-05	-4.706037e-03	2.842052e+00
4.628000e-05	-3.561287e-03	2.665180e+00
4.629000e-05	-4.005499e-03	2.462181e+00
4.630000e-05	-4.060463e-03	2.335812e+00
4.631000e-05	-3.909850e-03	2.178969e+00
4.632000e-05	-3.480009e-03	2.041077e+00
4.633000e-05	-4.060587e-03	1.894727e+00
4.634000e-05	-4.274038e-03	1.715811e+00
4.635000e-05	-4.649051e-03	1.527787e+00
4.636000e-05	-3.605471e-03	1.347969e+00
4.637000e-05	-3.918954e-03	1.169923e+00
4.638000e-05	-3.120201e-03	9.578648e-01
4.639000e-05	-3.969244e-03	7.700000e-01
4.640000e-05	-3.640269e-03	6.421281e-01
4.641000e-05	-3.438960e-03	4.737569e-01
4.642000e-05	-3.557181e-03	3.478423e-01
4.643000e-05	-4.274790e-03	1.354121e-01
4.644000e-05	-1.310634e-03	-3.100125e-02
4.645000e-05	2.295273e-03	-1.694496e-01
4.646000e-05	-1.569306e-04	-3.252982e-01
4.647000e-05	-3.490145e-04	-4.510801e-01
4.648000e-05	-9.503618e-04	-6.415046e-01
4.649000e-05	-7.855404e-04	-7.994999e-01
4.650000e-05	-2.180629e-03	-9.066893e-01
4.651000e-05	2.966296e-03	-1.063577e+00
4.652000e-05	2.849750e-02	-1.208926e+00
4.653000e-05	7.822840e-02	-1.429501e+00
4.654000e-05	-5.507355e-02	-1.663083e+00
4.655000e-05	-2.383215e-02	-1.914142e+00
4.656000e-05	-1.053931e-01	-2.021032e+00
4.657000e-05	3.015003e-02	-2.043712e+00
4.658000e-05	1.282920e-01	-2.133737e+00
4.659000e-05	-1.447486e-01	-2.398951e+00
4.660000e-05	2.401785e-02	-2.570499e+00
4.661000e-05	1.378654e-01	-2.631555e+00
4.662000e-05	-1.694620e-01	-2.809501e+00
4.663000e-05	4.181485e-02	-3.061234e+00
4.664000e-05	1.256060e-01	-3.208823e+00
4.665000e-05	-1.509002e-01	-3.335223e+00
4.666000e-05	9.150394e-02	-3.460607e+00
4.667000e-05	2.804959e-02	-3.587347e+00
4.668000e-05	-1.149996e-01	-3.821906e+00
4.669000e-05	1.201065e-01	-3.998325e+00
4.670000e-05	-8.819085e-02	-4.154692e+00
4.671000e-05	-2.133738e-03	-4.292607e+00
4.672000e-05	1.081234e-01	-4.365341e+00
4.673000e-05	-1.286049e-01	-4.474090e+00
4.674000e-05	7.641007e-02	-4.712163e+00
4.675000e-05	2.058678e-02	-4.849452e+00
4.676000e-05	-5.914767e-02	-4.978772e+00
4.677000e-05	3.620081e-02	-5.104632e+00
4.678000e-05	-4.984739e-02	-5.230010e+00
4.679000e-05	6.922236e-02	-5.460986e+00
4.680000e-05	-2.915393e-02	-5.576322e+00
4.681000e-05	-2.751161e-02	-5.714167e+00
4.682000e-05	7.039942e-02	-5.801480e+00
4.683000e-05	-6.493853e-02	-5.936322e+00
4.684000e-05	2.082092e-02	-6.010475e+00
4.685000e-05	-1.729408e-02	-6.124188e+00
4.686000e-05	2.637275e-02	-6.356268e+00
4.687000e-05	3.931317e-02	-6.430479e+00
4.688000e-05	-8.478537e-02	-6.494822e+00
4.689000e-05	4.189302e-02	-6.650531e+00
4.690000e-05	4.785190e-03	-6.765768e+00
4.691000e-05	-4.938038e-03	-6.820505e+00
4.692000e-05	-5.508531e-03	-6.903663e+00
4.693000e-05	-8.533009e-03	-7.103039e+00
4.694000e-05	4.798162e-02	-7.199453e+00
4.695000e-05	-4.697474e-02	-7.252637e+00
4.696000e-05	4.182053e-03	-7.347372e+00
4.697000e-05	1.354713e-02	-7.441533e+00
4.698000e-05	1.533457e-03	-7.567868e+00
4.699000e-05	-7.241666e-03	-7.670506e+00
4.700000e-05	-1.459667e-02	-7.736742e+00
4.701000e-05	3.318843e-02	-7.870786e+00
4.702000e-05	-1.331012e-02	-8.008398e+00
4.703000e-05	-7.375823e-03	-8.030555e+00
4.704000e-05	3.431739e-03	-8.113159e+00
4.705000e-05	6.954041e-03	-8.178347e+00
4.706000e-05	6.609552e-04	-8.249005e+00
4.707000e-05	-7.941221e-03	-8.304663e+00
4.708000e-05	1.243413e-02	-8.336843e+00
4.709000e-05	-3.120445e-03	-8.398926e+00
4.710000e-05	-3.569195e-03	-8.410508e+00
4.711000e-05	2.387639e-03	-8.463013e+00
4.712000e-05	5.746945e-03	-8.554697e+00
4.713000e-05	3.748281e-03	-8.585375e+00
4.714000e-05	-2.168344e-04	-8.638534e+00
4.715000e-05	3.185009e-03	-8.683216e+00
4.716000e-05	-1.003858e-03	-8.702367e+00
4.717000e-05	8.918978e-04	-8.777447e+00
4.718000e-05	3.214044e-03	-8.797949e+00
4.719000e-05	3.125605e-03	-8.861003e+00
4.720000e-05	-3.303209e-04	-8.852029e+00
4.721000e-05	3.403475e-03	-8.840584e+00
4.722000e-05	5.130479e-03	-8.861654e+00
4.723000e-05	1.052135e-03	-8.871534e+00
4.724000e-05	1.964315e-03	-8.855216e+00
4.725000e-05	5.133507e-03	-8.884189e+00
4.726000e-05	5.587397e-03	-8.893163e+00
4.727000e-05	3.693732e-03	-8.903212e+00
4.728000e-05	5.513730e-03	-8.894188e+00
4.729000e-05	5.284646e-03	-8.905160e+00
4.730000e-05	6.457227e-03	-8.883135e+00
4.731000e-05	5.482509e-03	-8.862133e+00
4.732000e-05	9.652939e-03	-8.872560e+00
4.733000e-05	9.737928e-03	-8.822605e+00
4.734000e-05	9.552161e-03	-8.861552e+00
4.735000e-05	9.848773e-03	-8.830004e+00
4.736000e-05	1.197316e-02	-8.787376e+00
4.737000e-05	1.340274e-02	-8.788421e+00
4.738000e-05	1.381569e-02	-8.695346e+00
4.739000e-05	1.604391e-02	-8.681667e+00
4.740000e-05	1.689433e-02	-8.619000e+00
4.741000e-05	1.926996e-02	-8.516819e+00
4.742000e-05	1.924294e-02	-8.523661e+00
4.743000e-05	1.962059e-02	-8.501010e+00
4.744000e-05	2.056732e-02	-8.419979e+00
4.745000e-05	2.153389e-02	-8.356846e+00
4.746000e-05	2.130750e-02	-8.274765e+00
4.747000e-05	1.939245e-02	-8.260958e+00
4.748000e-05	1.876099e-02	-8.178897e+00
4.749000e-05	1.606474e-02	-8.114738e+00
4.750000e-05	1.535046e-02	-8.091639e+00
4.751000e-05	1.400130e-02	-7.999975e+00
4.752000e-05	1.269135e-02	-7.936369e+00
4.753000e-05	1.013938e-02	-7.839628e+00
4.754000e-05	8.546193e-03	-7.733769e+00
4.755000e-05	8.197231e-03	-7.620004e+00
4.756000e-05	6.913283e-03	-7.525789e+00
4.757000e-05	4.998678e-03	-7.430105e+00
4.758000e-05	5.699624e-03	-7.376394e+00
4.759000e-05	4.879443e-03	-7.263132e+00
4.760000e-05	4.075503e-03	-7.219449e+00
4.761000e-05	3.688976e-03	-7.101712e+00
4.762000e-05	3.992751e-03	-6.967341e+00
4.763000e-05	1.747633e-03	-6.860058e+00
4.764000e-05	1.259510e-03	-6.728370e+00
4.765000e-05	2.585531e-03	-6.641580e+00
4.766000e-05	2.217450e-03	-6.537365e+00
4.767000e-05	1.407223e-04	-6.462007e+00
4.768000e-05	1.217213e-04	-6.318896e+00
4.769000e-05	1.728157e-03	-6.190017e+00
4.770000e-05	1.022215e-03	-6.051055e+00
4.771000e-05	-1.256005e-03	-5.936370e+00
4.772000e-05	-6.777713e-04	-5.871077e+00
4.773000e-05	-1.241126e-03	-5.683238e+00
4.774000e-05	-2.439343e-03	-5.569874e+00
4.775000e-05	-2.308990e-03	-5.442528e+00
4.776000e-05	-1.751121e-03	-5.243079e+00
4.777000e-05	-3.829659e-04	-5.114786e+00
4.778000e-05	-1.733052e-03	-4.936370e+00
4.779000e-05	-1.290460e-03	-4.768350e+00
4.780000e-05	-2.240186e-03	-4.602055e+00
4.781000e-05	-2.130993e-03	-4.506236e+00
4.782000e-05	-3.331375e-03	-4.410449e+00
4.783000e-05	-3.136379e-03	-4.264158e+00
4.784000e-05	-4.311937e-03	-4.126341e+00
4.785000e-05	-2.756537e-03	-3.999479e+00
4.786000e-05	-2.600288e-03	-3.842603e+00
4.787000e-05	-2.097115e-03	-3.663711e+00
4.788000e-05	-1.489754e-03	-3.577339e+00
4.789000e-05	-2.614380e-03	-3.390523e+00
4.790000e-05	-2.901811e-03	-3.253609e+00
4.791000e-05	-3.609480e-03	-3.096737e+00
4.792000e-05	-3.584215e-03	-2.915787e+00
4.793000e-05	-2.993473e-03	-2.748919e+00
4.794000e-05	-4.385886e-03	-2.611980e+00
4.795000e-05	-3.880464e-03	-2.464211e+00
4.796000e-05	-3.793255e-03	-2.316843e+00
4.797000e-05	-1.639145e-03	-2.107287e+00
4.798000e-05	-2.874758e-03	-1.958444e+00
4.799000e-05	-2.159303e-03	-1.821552e+00
4.800000e-05	-3.820429e-03	-1.652636e+00
4.801000e-05	-3.058745e-03	-1.457238e+00
4.802000e-05	-5.111417e-03	-1.296711e+00
4.803000e-05	-3.730618e-03	-1.095786e+00
4.804000e-05	-3.996121e-03	-9.670186e-01
4.805000e-05	-3.781503e-03	-8.110528e-01
4.806000e-05	-4.674629e-03	-6.226265e-01
4.807000e-05	-3.226628e-03	-4.210016e-01
4.808000e-05	-3.397493e-03	-2.747059e-01
4.809000e-05	-3.568251e-03	-1.279172e-01
4.810000e-05	-1.093737e-03	2.625047e-05
4.811000e-05	1.826636e-03	2.165222e-01
4.812000e-05	-2.382957e-03	3.669709e-01
4.813000e-05	1.539840e-04	5.231805e-01
4.814000e-05	-2.838011e-03	6.520776e-01
4.815000e-05	-1.846069e-03	7.689212e-01
4.816000e-05	-4.251505e-03	9.036121e-01
4.817000e-05	2.240241e-03	1.133719e+00
4.818000e-05	1.570932e-02	1.293184e+00
4.819000e-05	6.412967e-02	1.504189e+00
4.820000e-05	-4.347587e-03	1.758294e+00
4.821000e-05	-4.486121e-02	1.935191e+00
4.822000e-05	-4.946072e-02	2.032050e+00
4.823000e-05	-8.030855e-02	2.156345e+00
4.824000e-05	9.342577e-02	2.271603e+00
4.825000e-05	5.571904e-02	2.388900e+00
4.826000e-05	-1.472755e-01	2.525794e+00
4.827000e-05	1.169103e-01	2.722732e+00
4.828000e-05	-5.382031e-03	2.914113e+00
4.829000e-05	-1.098866e-01	3.052081e+00
4.830000e-05	1.011912e-01	3.145767e+00
4.831000e-05	4.782159e-03	3.302618e+00
4.832000e-05	-1.023306e-01	3.523640e+00
4.833000e-05	1.008257e-01	3.630576e+00
4.834000e-05	-3.833838e-02	3.779000e+00
4.835000e-05	-2.690705e-02	3.944693e+00
4.836000e-05	3.923967e-02	4.085108e+00
4.837000e-05	-4.959150e-02	4.293664e+00
4.838000e-05	1.441701e-02	4.389925e+00
4.839000e-05	5.055545e-03	4.566298e+00
4.840000e-05	-1.592759e-02	4.764763e+00
4.841000e-05	2.319813e-02	4.823004e+00
4.842000e-05	-9.856460e-04	5.110380e+00
4.843000e-05	-2.826331e-02	5.239924e+00
4.844000e-05	-1.408250e-02	5.357272e+00
4.845000e-05	2.246344e-02	5.490635e+00
4.846000e-05	7.486131e-03	5.617477e+00
4.847000e-05	-2.751240e-02	5.684614e+00
4.848000e-05	7.792729e-03	5.891515e+00
4.849000e-05	-4.975538e-03	6.000979e+00
4.850000e-05	-5.546236e-03	6.084816e+00
4.851000e-05	-2.638697e-03	6.239480e+00
4.852000e-05	-1.149030e-02	6.346272e+00
4.853000e-05	2.165141e-02	6.399454e+00
4.854000e-05	-1.296304e-02	6.605741e+00
4.855000e-05	-2.021153e-02	6.775266e+00
4.856000e-05	4.845292e-03	6.811001e+00
4.857000e-05	6.895872e-03	6.903658e+00
4.858000e-05	-8.440193e-03	6.978396e+00
4.859000e-05	-1.685261e-02	7.094712e+00
4.860000e-05	1.405783e-02	7.176373e+00
4.861000e-05	-3.501252e-04	7.253009e+00
4.862000e-05	-1.680369e-02	7.397416e+00
4.863000e-05	-8.714306e-03	7.553791e+00
4.864000e-05	4.118543e-03	7.651080e+00
4.865000e-05	-2.101130e-03	7.733187e+00
4.866000e-05	-1.259136e-02	7.789445e+00
4.867000e-05	-1.503216e-03	7.885135e+00
4.868000e-05	8.591844e-04	8.049429e+00
4.869000e-05	-8.536959e-03	8.113713e+00
4.870000e-05	-6.691064e-03	8.148797e+00
4.871000e-05	-1.001007e-03	8.231029e+00
4.872000e-05	-5.332403e-03	8.313190e+00
4.873000e-05	-8.393139e-03	8.336765e+00
4.874000e-05	-3.560032e-03	8.397926e+00
4.875000e-05	-2.253739e-03	8.451582e+00
4.876000e-05	-9.063294e-03	8.462166e+00
4.877000e-05	-7.062820e-03	8.503165e+00
4.878000e-05	-2.675226e-03	8.567379e+00
4.879000e-05	-4.237552e-03	8.638028e+00
4.880000e-05	-5.859297e-03	8.641524e+00
4.881000e-05	-6.906683e-03	8.642611e+00
4.882000e-05	-7.282334e-03	8.723168e+00
4.883000e-05	-8.764971e-03	8.733342e+00
4.884000e-05	-7.182331e-03	8.734445e+00
4.885000e-05	-3.209379e-03	8.757494e+00
4.886000e-05	-1.063939e-02	8.797951e+00
4.887000e-05	-7.636187e-03	8.820001e+00
4.888000e-05	-8.916019e-03	8.797978e+00
4.889000e-05	-5.697545e-03	8.841000e+00
4.890000e-05	-9.866561e-03	8.840530e+00
4.891000e-05	-9.370061e-03	8.871505e+00
4.892000e-05	-1.082250e-02	8.872058e+00
4.893000e-05	-1.043798e-02	8.872057e+00
4.894000e-05	-1.037071e-02	8.861557e+00
4.895000e-05	-1.033736e-02	8.861610e+00
4.896000e-05	-1.223445e-02	8.860480e+00
4.897000e-05	-1.145855e-02	8.831028e+00
4.898000e-05	-1.308342e-02	8.841478e+00
4.899000e-05	-1.337373e-02	8.830927e+00
4.900000e-05	-1.542103e-02	8.808500e+00
4.901000e-05	-1.745898e-02	8.767949e+00
4.902000e-05	-1.774446e-02	8.765320e+00
4.903000e-05	-1.965220e-02	8.717310e+00
4.904000e-05	-1.935665e-02	8.702662e+00
4.905000e-05	-2.064629e-02	8.642106e+00
4.906000e-05	-2.311153e-02	8.622450e+00
4.907000e-05	-2.388069e-02	8.587399e+00
4.908000e-05	-2.532938e-02	8.545241e+00
4.909000e-05	-2.578612e-02	8.473161e+00
4.910000e-05	-2.735393e-02	8.433054e+00
4.911000e-05	-2.640109e-02	8.409501e+00
4.912000e-05	-2.571798e-02	8.338318e+00
4.913000e-05	-2.479331e-02	8.284288e+00
4.914000e-05	-2.440859e-02	8.199900e+00
4.915000e-05	-2.211322e-02	8.157321e+00
4.916000e-05	-1.994174e-02	8.063684e+00
4.917000e-05	-1.993056e-02	7.998949e+00
4.918000e-05	-1.724536e-02	7.904239e+00
4.919000e-05	-1.783463e-02	7.820002e+00
4.920000e-05	-1.436528e-02	7.777343e+00
4.921000e-05	-1.517387e-02	7.674634e+00
4.922000e-05	-1.118523e-02	7.618949e+00
4.923000e-05	-1.275842e-02	7.442688e+00
4.924000e-05	-1.072284e-02	7.346873e+00
4.925000e-05	-1.036890e-02	7.270057e+00
4.926000e-05	-8.755601e-03	7.187821e+00
4.927000e-05	-9.897591e-03	7.081107e+00
4.928000e-05	-9.012575e-03	6.977395e+00
4.929000e-05	-8.546558e-03	6.854658e+00
4.930000e-05	-7.220305e-03	6.787899e+00
4.931000e-05	-7.529527e-03	6.682681e+00
4.932000e-05	-6.578698e-03	6.515363e+00
4.933000e-05	-7.293132e-03	6.429504e+00
4.934000e-05	-7.352693e-03	6.295338e+00
4.935000e-05	-7.084559e-03	6.230003e+00
4.936000e-05	-5.805785e-03	6.082179e+00
4.937000e-05	-6.145713e-03	5.999999e+00
4.938000e-05	-5.832040e-03	5.853727e+00
4.939000e-05	-5.202587e-03	5.673756e+00
4.940000e-05	-5.283197e-03	5.585391e+00
4.941000e-05	-6.305198e-03	5.470553e+00
4.942000e-05	-5.479199e-03	5.285263e+00
4.943000e-05	-5.266383e-03	5.157445e+00
4.944000e-05	-5.532144e-03	4.987864e+00
4.945000e-05	-5.454907e-03	4.839025e+00
4.946000e-05	-5.051391e-03	4.671656e+00
4.947000e-05	-4.867278e-03	4.546238e+00
4.948000e-05	-4.664177e-03	4.410024e+00
4.949000e-05	-4.841308e-03	4.245708e+00
4.950000e-05	-4.647108e-03	4.102729e+00
4.951000e-05	-4.358094e-03	3.916420e+00
4.952000e-05	-4.737590e-03	3.801498e+00
4.953000e-05	-4.545048e-03	3.673682e+00
4.954000e-05	-5.009814e-03	3.517869e+00
4.955000e-05	-4.509517e-03	3.398443e+00
4.956000e-05	-3.826380e-03	3.211028e+00
4.957000e-05	-3.839852e-03	3.052654e+00
4.958000e-05	-4.427738e-03	2.915336e+00
4.959000e-05	-4.326291e-03	2.790424e+00
4.960000e-05	-3.575810e-03	2.571522e+00
4.961000e-05	-4.209542e-03	2.431576e+00
4.962000e-05	-3.711507e-03	2.254729e+00
4.963000e-05	-4.181331e-03	2.105812e+00
4.964000e-05	-4.175734e-03	1.968997e+00
4.965000e-05	-4.398816e-03	1.833074e+00
4.966000e-05	-4.622912e-03	1.652129e+00
4.967000e-05	-3.594044e-03	1.493653e+00
4.968000e-05	-3.579999e-03	1.295287e+00
4.969000e-05	-3.997088e-03	1.147817e+00
4.970000e-05	-4.185988e-03	9.047321e-01
4.971000e-05	-3.982440e-03	7.378897e-01
4.972000e-05	-3.478348e-03	5.984213e-01
4.973000e-05	-3.876200e-03	4.321267e-01
4.974000e-05	-3.579711e-03	2.848332e-01
4.975000e-05	-4.051815e-03	6.478446e-02
4.976000e-05	2.038209e-04	-1.037353e-01
4.977000e-05	3.264362e-03	-2.485562e-01
4.978000e-05	-1.480718e-03	-3.778472e-01
4.979000e-05	3.206859e-04	-4.856641e-01
4.980000e-05	-2.419350e-03	-6.936955e-01
4.981000e-05	-1.181136e-04	-8.005038e-01
4.982000e-05	-2.544027e-03	-9.778496e-01
4.983000e-05	5.914507e-03	-1.114717e+00
4.984000e-05	5.437047e-02	-1.261528e+00
4.985000e-05	3.799136e-02	-1.513714e+00
4.986000e-05	-6.076515e-02	-1.736398e+00
4.987000e-05	-3.061512e-02	-1.957897e+00
4.988000e-05	-1.113074e-01	-2.051108e+00
4.989000e-05	1.195895e-01	-2.073658e+00
4.990000e-05	4.688901e-02	-2.229375e+00
4.991000e-05	-1.664377e-01	-2.493114e+00
4.992000e-05	1.283360e-01	-2.599001e+00
4.993000e-05	9.431789e-03	-2.682659e+00
4.994000e-05	-1.756595e-01	-2.884634e+00
4.995000e-05	1.318500e-01	-3.082232e+00
4.996000e-05	1.909962e-02	-3.190501e+00
4.997000e-05	-1.246114e-01	-3.378901e+00
4.998000e-05	1.501273e-01	-3.533192e+00
4.999000e-05	-8.946024e-02	-3.630481e+00
