# 260408_14:32:49.679227
t	CH1	CH2
0.000000e+00	-2.460495e-03	6.255513e-02
1.000000e-08	-3.451678e-04	-6.260403e-02
2.000000e-08	1.213266e-03	-1.458196e-01
3.000000e-08	-1.760424e-03	-2.816827e-01
4.000000e-08	-1.934579e-03	-3.763173e-01
5.000000e-08	-1.700495e-03	-4.225277e-01
6.000000e-08	-8.422456e-04	-5.462910e-01
7.000000e-08	-2.319458e-03	-6.941594e-01
8.000000e-08	8.048449e-03	-7.679723e-01
9.000000e-08	4.918188e-02	-8.225841e-01
1.000000e-07	1.712850e-02	-9.990823e-01
1.100000e-07	-6.521197e-02	-1.189502e+00
1.200000e-07	-8.632195e-02	-1.439452e+00
1.300000e-07	4.559198e-02	-1.349134e+00
1.400000e-07	9.502769e-02	-1.392980e+00
1.500000e-07	-8.814978e-02	-1.618575e+00
1.600000e-07	-9.536059e-02	-1.776946e+00
1.700000e-07	1.572682e-01	-1.778999e+00
1.800000e-07	-1.352785e-01	-1.893108e+00
1.900000e-07	-1.066753e-01	-2.020528e+00
2.000000e-07	1.487105e-01	-2.073757e+00
2.100000e-07	1.193829e-02	-2.170478e+00
2.200000e-07	-1.497116e-01	-2.388050e+00
2.300000e-07	1.367863e-01	-2.431057e+00
2.400000e-07	-9.120676e-03	-2.575895e+00
2.500000e-07	-1.103682e-01	-2.713714e+00
2.600000e-07	8.061983e-02	-2.786948e+00
2.700000e-07	2.621395e-03	-2.832084e+00
2.800000e-07	-6.568079e-02	-2.999474e+00
2.900000e-07	8.712368e-02	-3.083216e+00
3.000000e-07	-6.486117e-02	-3.199998e+00
3.100000e-07	1.850381e-03	-3.304792e+00
3.200000e-07	9.122954e-02	-3.359025e+00
3.300000e-07	-1.322540e-01	-3.473733e+00
3.400000e-07	2.450384e-02	-3.587871e+00
3.500000e-07	9.195694e-02	-3.601000e+00
3.600000e-07	-8.903787e-02	-3.726211e+00
3.700000e-07	6.580157e-03	-3.851202e+00
3.800000e-07	4.805098e-02	-4.008872e+00
3.900000e-07	-3.198893e-02	-4.033605e+00
4.000000e-07	-7.624485e-03	-4.114712e+00
4.100000e-07	-2.363143e-02	-4.176948e+00
4.200000e-07	4.118657e-02	-4.263128e+00
4.300000e-07	3.156382e-02	-4.356396e+00
4.400000e-07	-7.997011e-02	-4.398976e+00
4.500000e-07	1.440401e-02	-4.401555e+00
4.600000e-07	4.195717e-02	-4.515343e+00
4.700000e-07	-1.652541e-02	-4.651683e+00
4.800000e-07	-2.572904e-02	-4.703810e+00
4.900000e-07	1.125510e-03	-4.727891e+00
5.000000e-07	4.881823e-02	-4.862630e+00
5.100000e-07	-3.823984e-02	-4.956345e+00
5.200000e-07	-2.732781e-02	-5.018024e+00
5.300000e-07	4.139240e-02	-5.043182e+00
5.400000e-07	-1.168963e-03	-5.147317e+00
5.500000e-07	-2.608490e-02	-5.189024e+00
5.600000e-07	-1.076434e-04	-5.202154e+00
5.700000e-07	1.813696e-02	-5.326340e+00
5.800000e-07	6.335202e-03	-5.443554e+00
5.900000e-07	-2.915565e-02	-5.524338e+00
6.000000e-07	7.420636e-03	-5.586922e+00
6.100000e-07	1.717633e-02	-5.579499e+00
6.200000e-07	-1.665666e-02	-5.610604e+00
6.300000e-07	2.372493e-03	-5.653209e+00
6.400000e-07	2.202917e-03	-5.686845e+00
6.500000e-07	2.473264e-03	-5.728418e+00
6.600000e-07	-6.666461e-03	-5.801050e+00
6.700000e-07	-2.093934e-03	-5.790574e+00
6.800000e-07	1.023068e-02	-5.823257e+00
6.900000e-07	-7.110347e-03	-5.882739e+00
7.000000e-07	1.430815e-03	-5.936896e+00
7.100000e-07	2.686251e-03	-5.958420e+00
7.200000e-07	-2.988623e-03	-5.988972e+00
7.300000e-07	-1.958548e-04	-5.999924e+00
7.400000e-07	1.748358e-03	-6.000500e+00
7.500000e-07	8.138981e-04	-5.999999e+00
7.600000e-07	-4.455116e-03	-6.020025e+00
7.700000e-07	1.078054e-03	-6.011607e+00
7.800000e-07	5.107540e-03	-6.011530e+00
7.900000e-07	-2.360356e-03	-6.011631e+00
8.000000e-07	-2.860251e-03	-6.043128e+00
8.100000e-07	4.538303e-03	-6.002608e+00
8.200000e-07	2.184793e-03	-6.052740e+00
8.300000e-07	-7.659535e-06	-6.041712e+00
8.400000e-07	8.948319e-04	-6.061634e+00
8.500000e-07	4.415929e-03	-6.013136e+00
8.600000e-07	1.929868e-03	-6.022632e+00
8.700000e-07	1.333091e-03	-6.053106e+00
8.800000e-07	4.425551e-03	-6.043654e+00
8.900000e-07	4.110544e-03	-6.022180e+00
9.000000e-07	4.322428e-03	-6.002053e+00
9.100000e-07	3.970292e-03	-6.010050e+00
9.200000e-07	5.556074e-03	-6.020580e+00
9.300000e-07	7.496651e-03	-5.990029e+00
9.400000e-07	7.491261e-03	-5.998500e+00
9.500000e-07	8.443053e-03	-5.988472e+00
9.600000e-07	9.078861e-03	-5.946870e+00
9.700000e-07	1.323732e-02	-5.935890e+00
9.800000e-07	1.445942e-02	-5.917310e+00
9.900000e-07	1.674148e-02	-5.813183e+00
1.000000e-06	1.874143e-02	-5.801607e+00
1.010000e-06	2.348348e-02	-5.779430e+00
1.020000e-06	2.470152e-02	-5.747967e+00
1.030000e-06	2.367772e-02	-5.676316e+00
1.040000e-06	2.189502e-02	-5.654685e+00
1.050000e-06	1.814079e-02	-5.590555e+00
1.060000e-06	1.507891e-02	-5.578499e+00
1.070000e-06	1.145050e-02	-5.559495e+00
1.080000e-06	9.922882e-03	-5.483791e+00
1.090000e-06	6.642402e-03	-5.432657e+00
1.100000e-06	7.624506e-03	-5.295872e+00
1.110000e-06	4.516149e-03	-5.232206e+00
1.120000e-06	3.065782e-03	-5.209049e+00
1.130000e-06	8.170566e-04	-5.126843e+00
1.140000e-06	3.827923e-03	-5.054211e+00
1.150000e-06	3.383199e-03	-4.980503e+00
1.160000e-06	1.574706e-03	-4.998469e+00
1.170000e-06	6.388384e-04	-4.850079e+00
1.180000e-06	1.851467e-03	-4.716337e+00
1.190000e-06	8.275927e-04	-4.644212e+00
1.200000e-06	-8.068126e-04	-4.630525e+00
1.210000e-06	5.117291e-04	-4.516865e+00
1.220000e-06	5.945828e-04	-4.453737e+00
1.230000e-06	-4.383525e-04	-4.410553e+00
1.240000e-06	-9.392668e-04	-4.307921e+00
1.250000e-06	-2.176095e-04	-4.305662e+00
1.260000e-06	-1.126843e-03	-4.190053e+00
1.270000e-06	-1.891312e-03	-4.114364e+00
1.280000e-06	-1.530151e-03	-4.011556e+00
1.290000e-06	-1.109352e-03	-3.968450e+00
1.300000e-06	-1.743497e-03	-3.865688e+00
1.310000e-06	-1.207411e-03	-3.715400e+00
1.320000e-06	-5.744454e-04	-3.613533e+00
1.330000e-06	-2.381283e-03	-3.578973e+00
1.340000e-06	-4.776864e-03	-3.484313e+00
1.350000e-06	-2.310624e-03	-3.380527e+00
1.360000e-06	-1.274269e-03	-3.283811e+00
1.370000e-06	-2.149145e-03	-3.211100e+00
1.380000e-06	-3.579706e-03	-3.138295e+00
1.390000e-06	-6.781890e-04	-2.999057e+00
1.400000e-06	-3.481318e-03	-2.864741e+00
1.410000e-06	-2.415120e-03	-2.789476e+00
1.420000e-06	-4.143031e-03	-2.714739e+00
1.430000e-06	-1.089815e-03	-2.578949e+00
1.440000e-06	-3.054077e-03	-2.505763e+00
1.450000e-06	-2.550359e-03	-2.399078e+00
1.460000e-06	-3.021840e-03	-2.336820e+00
1.470000e-06	-2.958298e-03	-2.200576e+00
1.480000e-06	-3.065397e-03	-2.044156e+00
1.490000e-06	-3.592238e-03	-1.957946e+00
1.500000e-06	-3.833704e-03	-1.843211e+00
1.510000e-06	-2.863271e-03	-1.738470e+00
1.520000e-06	-3.024144e-03	-1.663209e+00
1.530000e-06	-2.963382e-03	-1.598821e+00
1.540000e-06	-3.976884e-03	-1.435259e+00
1.550000e-06	-3.793844e-03	-1.233163e+00
1.560000e-06	-2.228384e-03	-1.137422e+00
1.570000e-06	-4.047949e-03	-1.022209e+00
1.580000e-06	-3.973814e-03	-8.962171e-01
1.590000e-06	-4.390945e-03	-7.821052e-01
1.600000e-06	-3.395213e-03	-7.278722e-01
1.610000e-06	-4.510236e-03	-5.595251e-01
1.620000e-06	-3.976797e-03	-4.516091e-01
1.630000e-06	-3.353600e-03	-3.384498e-01
1.640000e-06	-2.364612e-03	-2.421818e-01
1.650000e-06	-3.515663e-03	-1.679422e-01
1.660000e-06	-3.864562e-03	-4.313413e-02
1.670000e-06	-1.336648e-03	6.107775e-02
1.680000e-06	8.436698e-04	1.882647e-01
1.690000e-06	-2.888723e-03	3.347655e-01
1.700000e-06	-2.328678e-03	4.200249e-01
1.710000e-06	-3.529119e-03	4.856844e-01
1.720000e-06	-1.935584e-03	6.179488e-01
1.730000e-06	-2.039704e-03	7.132834e-01
1.740000e-06	4.805166e-03	7.989724e-01
1.750000e-06	3.115712e-02	8.757329e-01
1.760000e-06	3.831040e-02	1.112152e+00
1.770000e-06	-3.747072e-02	1.262155e+00
1.780000e-06	-7.477558e-02	1.397896e+00
1.790000e-06	-6.503332e-02	1.431081e+00
1.800000e-06	1.345142e-01	1.580912e+00
1.810000e-06	-5.071248e-03	1.745238e+00
1.820000e-06	-1.112280e-01	1.788996e+00
1.830000e-06	6.394948e-02	1.841107e+00
1.840000e-06	4.244358e-02	2.007449e+00
1.850000e-06	-1.364521e-01	2.093703e+00
1.860000e-06	4.632225e-02	2.106942e+00
1.870000e-06	1.076962e-01	2.231682e+00
1.880000e-06	-1.457604e-01	2.409547e+00
1.890000e-06	2.895565e-02	2.421553e+00
1.900000e-06	9.317018e-02	2.556442e+00
1.910000e-06	-9.244859e-02	2.746362e+00
1.920000e-06	-9.782903e-03	2.831574e+00
1.930000e-06	6.617109e-02	2.926764e+00
1.940000e-06	-7.079995e-02	3.018476e+00
1.950000e-06	2.008899e-02	3.137787e+00
1.960000e-06	2.440924e-02	3.219522e+00
1.970000e-06	-3.396342e-02	3.222133e+00
1.980000e-06	3.819834e-02	3.419947e+00
1.990000e-06	-2.343623e-02	3.525816e+00
2.000000e-06	-4.855859e-02	3.610026e+00
2.010000e-06	4.666649e-02	3.674636e+00
2.020000e-06	2.612991e-02	3.798474e+00
2.030000e-06	-6.243353e-02	3.873657e+00
2.040000e-06	1.841713e-02	3.968421e+00
2.050000e-06	7.802294e-03	4.020499e+00
2.060000e-06	-8.709193e-03	4.093713e+00
2.070000e-06	-1.679661e-02	4.187948e+00
2.080000e-06	1.176776e-03	4.315786e+00
2.090000e-06	2.211147e-02	4.400528e+00
2.100000e-06	-1.506021e-02	4.442707e+00
2.110000e-06	-2.396701e-02	4.528870e+00
2.120000e-06	-5.013821e-04	4.619525e+00
2.130000e-06	2.974834e-02	4.697163e+00
2.140000e-06	-2.676742e-02	4.748442e+00
2.150000e-06	-1.854215e-02	4.810528e+00
2.160000e-06	2.050356e-02	4.934260e+00
2.170000e-06	8.572547e-03	4.990125e+00
2.180000e-06	-3.100731e-02	5.096864e+00
2.190000e-06	-6.978494e-03	5.197500e+00
2.200000e-06	1.782509e-02	5.232579e+00
2.210000e-06	-1.161098e-02	5.335265e+00
2.220000e-06	-1.197971e-02	5.419449e+00
2.230000e-06	-2.754431e-03	5.452554e+00
2.240000e-06	9.006871e-03	5.494339e+00
2.250000e-06	-1.661786e-02	5.526370e+00
2.260000e-06	-5.312662e-03	5.588971e+00
2.270000e-06	4.371460e-03	5.610076e+00
2.280000e-06	-5.209170e-03	5.630579e+00
2.290000e-06	-9.717490e-03	5.673319e+00
2.300000e-06	-1.721398e-03	5.757936e+00
2.310000e-06	2.029436e-03	5.859455e+00
2.320000e-06	-1.317489e-02	5.854357e+00
2.330000e-06	-5.306314e-03	5.908345e+00
2.340000e-06	-1.750467e-03	5.989021e+00
2.350000e-06	-2.109366e-03	6.000499e+00
2.360000e-06	-6.712188e-03	6.010001e+00
2.370000e-06	-3.376885e-03	6.010028e+00
2.380000e-06	-6.235830e-03	6.031102e+00
2.390000e-06	-9.876523e-03	6.064183e+00
2.400000e-06	-1.727199e-03	6.074732e+00
2.410000e-06	-3.226118e-03	6.093837e+00
2.420000e-06	-6.788845e-03	6.115412e+00
2.430000e-06	-1.020340e-02	6.096366e+00
2.440000e-06	-2.463277e-03	6.108442e+00
2.450000e-06	-3.999555e-03	6.146920e+00
2.460000e-06	-9.090908e-03	6.159970e+00
2.470000e-06	-6.011215e-03	6.178949e+00
2.480000e-06	-5.643745e-03	6.166445e+00
2.490000e-06	-6.440207e-03	6.177476e+00
2.500000e-06	-9.799512e-03	6.168944e+00
2.510000e-06	-5.566058e-03	6.167870e+00
2.520000e-06	-8.981514e-03	6.169422e+00
2.530000e-06	-8.311922e-03	6.157970e+00
2.540000e-06	-9.239927e-03	6.126320e+00
2.550000e-06	-8.676245e-03	6.126896e+00
2.560000e-06	-9.433285e-03	6.165914e+00
2.570000e-06	-1.176310e-02	6.106688e+00
2.580000e-06	-1.148379e-02	6.115289e+00
2.590000e-06	-1.351745e-02	6.052679e+00
2.600000e-06	-1.244907e-02	6.063655e+00
2.610000e-06	-1.463513e-02	6.011503e+00
2.620000e-06	-1.612565e-02	6.001001e+00
2.630000e-06	-1.971049e-02	6.000000e+00
2.640000e-06	-2.036003e-02	5.998999e+00
2.650000e-06	-2.354296e-02	5.988820e+00
2.660000e-06	-2.645176e-02	5.926390e+00
2.670000e-06	-2.778966e-02	5.883607e+00
2.680000e-06	-2.916739e-02	5.749468e+00
2.690000e-06	-2.844347e-02	5.687741e+00
2.700000e-06	-2.694001e-02	5.643630e+00
2.710000e-06	-2.305716e-02	5.611078e+00
2.720000e-06	-2.095068e-02	5.580425e+00
2.730000e-06	-1.647445e-02	5.547998e+00
2.740000e-06	-1.310229e-02	5.544812e+00
2.750000e-06	-1.259756e-02	5.471157e+00
2.760000e-06	-1.181839e-02	5.391049e+00
2.770000e-06	-1.041487e-02	5.366944e+00
2.780000e-06	-7.960840e-03	5.335264e+00
2.790000e-06	-1.016663e-02	5.232553e+00
2.800000e-06	-7.898769e-03	5.186395e+00
2.810000e-06	-7.004470e-03	5.083232e+00
2.820000e-06	-6.087363e-03	4.908447e+00
2.830000e-06	-9.061299e-03	4.853183e+00
2.840000e-06	-6.571337e-03	4.800975e+00
2.850000e-06	-5.960123e-03	4.757442e+00
2.860000e-06	-5.849041e-03	4.713709e+00
2.870000e-06	-7.112567e-03	4.591022e+00
2.880000e-06	-5.154153e-03	4.546916e+00
2.890000e-06	-5.437188e-03	4.442582e+00
2.900000e-06	-5.534707e-03	4.400525e+00
2.910000e-06	-5.698684e-03	4.347894e+00
2.920000e-06	-4.356118e-03	4.241702e+00
2.930000e-06	-5.283661e-03	4.126861e+00
2.940000e-06	-5.303229e-03	4.031601e+00
2.950000e-06	-5.412543e-03	3.976822e+00
2.960000e-06	-4.184993e-03	3.835635e+00
2.970000e-06	-5.558620e-03	3.789447e+00
2.980000e-06	-4.358572e-03	3.714760e+00
2.990000e-06	-3.590968e-03	3.601477e+00
3.000000e-06	-4.477557e-03	3.537893e+00
3.010000e-06	-5.158133e-03	3.381106e+00
3.020000e-06	-4.120063e-03	3.293862e+00
3.030000e-06	-4.682784e-03	3.200999e+00
3.040000e-06	-4.761322e-03	3.116291e+00
3.050000e-06	-4.632640e-03	3.021152e+00
3.060000e-06	-3.614702e-03	2.939340e+00
3.070000e-06	-5.021965e-03	2.852528e+00
3.080000e-06	-5.266957e-03	2.758972e+00
3.090000e-06	-3.698025e-03	2.613186e+00
3.100000e-06	-3.569952e-03	2.486361e+00
3.110000e-06	-3.813541e-03	2.390473e+00
3.120000e-06	-4.952328e-03	2.304316e+00
3.130000e-06	-3.629000e-03	2.169049e+00
3.140000e-06	-3.997487e-03	2.084238e+00
3.150000e-06	-3.821467e-03	2.030574e+00
3.160000e-06	-4.277739e-03	1.915886e+00
3.170000e-06	-3.385449e-03	1.808942e+00
3.180000e-06	-3.995298e-03	1.704685e+00
3.190000e-06	-3.524712e-03	1.557949e+00
3.200000e-06	-3.783523e-03	1.464080e+00
3.210000e-06	-3.958233e-03	1.356418e+00
3.220000e-06	-3.885511e-03	1.220551e+00
3.230000e-06	-3.208282e-03	1.094687e+00
3.240000e-06	-3.604974e-03	9.173620e-01
3.250000e-06	-3.972586e-03	8.124763e-01
3.260000e-06	-2.976498e-03	7.148130e-01
3.270000e-06	-3.585511e-03	6.009999e-01
3.280000e-06	-3.700507e-03	4.947095e-01
3.290000e-06	-3.428256e-03	3.989999e-01
3.300000e-06	-3.795783e-03	3.068120e-01
3.310000e-06	-3.231982e-03	9.783834e-02
3.320000e-06	-2.797616e-03	3.250255e-02
3.330000e-06	-8.891505e-04	-7.310910e-02
3.340000e-06	3.627450e-04	-1.700448e-01
3.350000e-06	-7.526476e-04	-2.741868e-01
3.360000e-06	-2.687767e-04	-3.499724e-01
3.370000e-06	-1.677237e-03	-4.526577e-01
3.380000e-06	-1.331968e-03	-5.373923e-01
3.390000e-06	-1.033009e-04	-6.818654e-01
3.400000e-06	1.661338e-02	-7.910261e-01
3.410000e-06	5.531328e-02	-8.741618e-01
3.420000e-06	-1.776974e-02	-1.041157e+00
3.430000e-06	-6.727401e-02	-1.262140e+00
3.440000e-06	-8.794964e-02	-1.430652e+00
3.450000e-06	1.195209e-01	-1.389050e+00
3.460000e-06	2.638161e-02	-1.459559e+00
3.470000e-06	-1.087886e-01	-1.684657e+00
3.480000e-06	-8.829789e-03	-1.798472e+00
3.490000e-06	1.132701e-01	-1.770574e+00
3.500000e-06	-1.897642e-01	-1.925263e+00
3.510000e-06	-3.388220e-02	-2.052032e+00
3.520000e-06	1.713692e-01	-2.095214e+00
3.530000e-06	-8.423532e-02	-2.241559e+00
3.540000e-06	-8.270430e-02	-2.398524e+00
3.550000e-06	1.602224e-01	-2.444233e+00
3.560000e-06	-8.622755e-02	-2.628954e+00
3.570000e-06	-6.016347e-02	-2.774846e+00
3.580000e-06	1.054538e-01	-2.778947e+00
3.590000e-06	-6.202669e-02	-2.893686e+00
3.600000e-06	-3.416374e-03	-2.981103e+00
3.610000e-06	5.590229e-02	-3.097288e+00
3.620000e-06	-7.769891e-02	-3.241605e+00
3.630000e-06	5.170853e-02	-3.356344e+00
3.640000e-06	4.367007e-02	-3.390001e+00
3.650000e-06	-1.360136e-01	-3.525767e+00
3.660000e-06	9.134087e-02	-3.568474e+00
3.670000e-06	3.782429e-02	-3.651632e+00
3.680000e-06	-9.487372e-02	-3.769347e+00
3.690000e-06	4.969017e-02	-3.906788e+00
3.700000e-06	1.236152e-02	-4.009954e+00
3.710000e-06	-2.488270e-02	-4.033158e+00
3.720000e-06	-1.065652e-02	-4.125866e+00
3.730000e-06	-1.775018e-02	-4.178503e+00
3.740000e-06	6.333291e-02	-4.255341e+00
3.750000e-06	-1.068956e-02	-4.358450e+00
3.760000e-06	-6.782153e-02	-4.430051e+00
3.770000e-06	3.661870e-02	-4.443709e+00
3.780000e-06	2.843365e-02	-4.578425e+00
3.790000e-06	-2.689955e-02	-4.650603e+00
3.800000e-06	-2.264697e-02	-4.706342e+00
3.810000e-06	1.729972e-02	-4.798898e+00
3.820000e-06	3.913840e-02	-4.845187e+00
3.830000e-06	-5.682602e-02	-4.935843e+00
3.840000e-06	-1.379257e-03	-5.010030e+00
3.850000e-06	4.086653e-02	-5.064687e+00
3.860000e-06	-1.782598e-02	-5.146417e+00
3.870000e-06	-1.820174e-02	-5.219023e+00
3.880000e-06	2.260535e-03	-5.252712e+00
3.890000e-06	2.512221e-02	-5.349416e+00
3.900000e-06	-1.144127e-02	-5.473115e+00
3.910000e-06	-2.446774e-02	-5.536395e+00
3.920000e-06	1.851711e-02	-5.578900e+00
3.930000e-06	8.001863e-03	-5.599501e+00
3.940000e-06	-1.332221e-02	-5.632109e+00
3.950000e-06	5.822594e-03	-5.684683e+00
3.960000e-06	3.206488e-03	-5.726270e+00
3.970000e-06	-2.694530e-03	-5.778999e+00
3.980000e-06	-8.104725e-03	-5.780049e+00
3.990000e-06	3.955221e-03	-5.851208e+00
4.000000e-06	7.351380e-03	-5.853712e+00
4.010000e-06	-7.317648e-03	-5.875215e+00
4.020000e-06	3.851846e-03	-5.926896e+00
4.030000e-06	-6.203101e-04	-5.957922e+00
4.040000e-06	-4.201892e-03	-5.978474e+00
4.050000e-06	1.815363e-03	-5.960445e+00
4.060000e-06	1.689624e-03	-5.997999e+00
4.070000e-06	6.709945e-04	-6.001001e+00
4.080000e-06	-3.977914e-03	-5.999603e+00
4.090000e-06	3.940405e-03	-6.021101e+00
4.100000e-06	3.363919e-03	-6.030582e+00
4.110000e-06	-3.792530e-03	-6.011055e+00
4.120000e-06	-5.681582e-04	-6.000658e+00
4.130000e-06	4.595789e-03	-6.102633e+00
4.140000e-06	1.886975e-03	-6.083707e+00
4.150000e-06	-2.284153e-04	-6.041183e+00
4.160000e-06	3.234258e-03	-6.032153e+00
4.170000e-06	3.434448e-03	-6.050634e+00
4.180000e-06	1.619746e-03	-6.043162e+00
4.190000e-06	2.153983e-03	-6.042532e+00
4.200000e-06	4.512700e-03	-6.012205e+00
4.210000e-06	3.342277e-03	-6.021578e+00
4.220000e-06	3.288986e-03	-6.022529e+00
4.230000e-06	4.951304e-03	-6.000528e+00
4.240000e-06	6.978884e-03	-5.999500e+00
4.250000e-06	8.579308e-03	-6.000550e+00
4.260000e-06	7.284862e-03	-6.000024e+00
4.270000e-06	9.540649e-03	-5.967997e+00
4.280000e-06	9.155291e-03	-5.876970e+00
4.290000e-06	1.323650e-02	-5.916892e+00
4.300000e-06	1.411761e-02	-5.933737e+00
4.310000e-06	1.730829e-02	-5.832133e+00
4.320000e-06	2.147035e-02	-5.800551e+00
4.330000e-06	2.458457e-02	-5.788927e+00
4.340000e-06	2.449178e-02	-5.728339e+00
4.350000e-06	2.271237e-02	-5.674612e+00
4.360000e-06	2.089698e-02	-5.634180e+00
4.370000e-06	1.724000e-02	-5.580976e+00
4.380000e-06	1.359183e-02	-5.589974e+00
4.390000e-06	1.092797e-02	-5.557368e+00
4.400000e-06	8.649453e-03	-5.455166e+00
4.410000e-06	5.322308e-03	-5.429580e+00
4.420000e-06	5.012095e-03	-5.288213e+00
4.430000e-06	5.750327e-03	-5.251628e+00
4.440000e-06	4.150023e-03	-5.169950e+00
4.450000e-06	3.319903e-03	-5.126338e+00
4.460000e-06	3.557184e-03	-5.023134e+00
4.470000e-06	2.828588e-03	-5.010551e+00
4.480000e-06	1.331086e-04	-4.895821e+00
4.490000e-06	3.205927e-04	-4.750534e+00
4.500000e-06	1.288423e-03	-4.686317e+00
4.510000e-06	3.279165e-05	-4.631658e+00
4.520000e-06	-8.932839e-04	-4.590050e+00
4.530000e-06	1.576393e-03	-4.506342e+00
4.540000e-06	1.527392e-03	-4.443655e+00
4.550000e-06	-1.025980e-03	-4.379504e+00
4.560000e-06	-2.936415e-04	-4.337368e+00
4.570000e-06	-4.442262e-05	-4.242608e+00
4.580000e-06	-2.087477e-03	-4.189023e+00
4.590000e-06	-2.707547e-03	-4.095212e+00
4.600000e-06	-1.065893e-03	-3.998552e+00
4.610000e-06	-7.128742e-04	-3.968947e+00
4.620000e-06	-2.933310e-03	-3.833581e+00
4.630000e-06	-1.936980e-03	-3.704211e+00
4.640000e-06	6.789863e-05	-3.591625e+00
4.650000e-06	-1.371242e-03	-3.577922e+00
4.660000e-06	-3.260394e-03	-3.423208e+00
4.670000e-06	-2.445862e-03	-3.388495e+00
4.680000e-06	-2.106072e-03	-3.264136e+00
4.690000e-06	-3.151309e-03	-3.189500e+00
4.700000e-06	-3.584869e-03	-3.105764e+00
4.710000e-06	-2.112478e-03	-2.959972e+00
4.720000e-06	-3.103552e-03	-2.822162e+00
4.730000e-06	-2.142845e-03	-2.727501e+00
4.740000e-06	-2.876132e-03	-2.655216e+00
4.750000e-06	-1.590239e-03	-2.559455e+00
4.760000e-06	-3.033157e-03	-2.464213e+00
4.770000e-06	-3.656280e-03	-2.360499e+00
4.780000e-06	-2.429293e-03	-2.296113e+00
4.790000e-06	-4.093758e-03	-2.115023e+00
4.800000e-06	-3.490173e-03	-2.032030e+00
4.810000e-06	-4.055578e-03	-1.936895e+00
4.820000e-06	-2.182408e-03	-1.811580e+00
4.830000e-06	-3.214617e-03	-1.715845e+00
4.840000e-06	-3.095504e-03	-1.642055e+00
4.850000e-06	-3.652525e-03	-1.527796e+00
4.860000e-06	-3.101489e-03	-1.350581e+00
4.870000e-06	-3.706751e-03	-1.212108e+00
4.880000e-06	-3.151358e-03	-1.105918e+00
4.890000e-06	-5.055862e-03	-9.610038e-01
4.900000e-06	-3.608391e-03	-8.737393e-01
4.910000e-06	-3.885752e-03	-8.124724e-01
4.920000e-06	-3.003666e-03	-7.252907e-01
4.930000e-06	-3.665187e-03	-5.169484e-01
4.940000e-06	-3.449636e-03	-4.115564e-01
4.950000e-06	-3.633470e-03	-3.468421e-01
4.960000e-06	-4.614681e-03	-2.521314e-01
4.970000e-06	-3.506151e-03	-7.636840e-02
4.980000e-06	-2.551251e-03	-6.210631e-02
4.990000e-06	-1.061862e-03	4.370652e-02
5.000000e-06	-1.295550e-03	2.499711e-01
5.010000e-06	-1.942336e-03	3.864449e-01
5.020000e-06	-5.929163e-04	4.205766e-01
5.030000e-06	-2.917653e-03	5.462870e-01
5.040000e-06	-3.056555e-03	5.925539e-01
5.050000e-06	-1.738108e-03	7.668434e-01
5.060000e-06	9.930219e-03	8.100564e-01
5.070000e-06	3.902783e-02	9.167659e-01
5.080000e-06	1.966032e-02	1.136740e+00
5.090000e-06	-5.303890e-02	1.314233e+00
5.100000e-06	-8.729883e-02	1.408974e+00
5.110000e-06	-7.033760e-03	1.481549e+00
5.120000e-06	1.340909e-01	1.631328e+00
5.130000e-06	-5.331435e-02	1.786467e+00
5.140000e-06	-1.086212e-01	1.787520e+00
5.150000e-06	1.325448e-01	1.865707e+00
5.160000e-06	-5.346804e-02	2.021053e+00
5.170000e-06	-9.200993e-02	2.094784e+00
5.180000e-06	9.568820e-02	2.159347e+00
5.190000e-06	3.936882e-02	2.325261e+00
5.200000e-06	-1.496254e-01	2.399550e+00
5.210000e-06	9.862349e-02	2.452604e+00
5.220000e-06	3.559499e-02	2.620455e+00
5.230000e-06	-1.044759e-01	2.768921e+00
5.240000e-06	4.266921e-02	2.823580e+00
5.250000e-06	2.109788e-02	2.965820e+00
5.260000e-06	-6.277120e-02	3.010002e+00
5.270000e-06	3.890465e-02	3.135792e+00
5.280000e-06	5.428708e-03	3.220524e+00
5.290000e-06	-3.052780e-02	3.285236e+00
5.300000e-06	5.195902e-02	3.429128e+00
5.310000e-06	-6.267281e-02	3.576944e+00
5.320000e-06	-1.220385e-02	3.630553e+00
5.330000e-06	5.299228e-02	3.686215e+00
5.340000e-06	-9.146695e-03	3.809523e+00
5.350000e-06	-4.570809e-02	3.965161e+00
5.360000e-06	2.460691e-02	3.969127e+00
5.370000e-06	7.378848e-03	4.021031e+00
5.380000e-06	-2.163199e-02	4.086262e+00
5.390000e-06	-5.020588e-03	4.293603e+00
5.400000e-06	1.619315e-03	4.367870e+00
5.410000e-06	2.518264e-02	4.431504e+00
5.420000e-06	-2.913737e-02	4.514159e+00
5.430000e-06	-1.679382e-02	4.588447e+00
5.440000e-06	1.362276e-02	4.632034e+00
5.450000e-06	1.756614e-02	4.714713e+00
5.460000e-06	-3.312756e-02	4.788921e+00
5.470000e-06	-9.108513e-03	4.800079e+00
5.480000e-06	2.994962e-02	4.933841e+00
5.490000e-06	-1.185075e-02	5.102555e+00
5.500000e-06	-2.474965e-02	5.157817e+00
5.510000e-06	1.388618e-03	5.200078e+00
5.520000e-06	1.639191e-02	5.264156e+00
5.530000e-06	-1.934978e-02	5.356372e+00
5.540000e-06	-8.387483e-03	5.380525e+00
5.550000e-06	4.365634e-03	5.441532e+00
5.560000e-06	5.845623e-04	5.503333e+00
5.570000e-06	-1.523111e-02	5.557899e+00
5.580000e-06	-3.486116e-03	5.598926e+00
5.590000e-06	5.630613e-03	5.620551e+00
5.600000e-06	-1.198835e-02	5.673111e+00
5.610000e-06	-5.251263e-03	5.655386e+00
5.620000e-06	-1.107043e-04	5.787413e+00
5.630000e-06	-1.530288e-03	5.842258e+00
5.640000e-06	-1.285765e-02	5.885362e+00
5.650000e-06	-3.240926e-03	5.976372e+00
5.660000e-06	1.814238e-04	5.979000e+00
5.670000e-06	-5.934814e-03	5.999049e+00
5.680000e-06	-5.393893e-03	6.000576e+00
5.690000e-06	-4.192887e-03	6.011104e+00
5.700000e-06	-6.132042e-03	6.043128e+00
5.710000e-06	-9.833250e-03	6.043183e+00
5.720000e-06	3.249202e-05	6.063813e+00
5.730000e-06	-3.791511e-03	6.064691e+00
5.740000e-06	-9.267043e-03	6.106369e+00
5.750000e-06	-8.535930e-03	6.145740e+00
5.760000e-06	-3.472931e-03	6.156370e+00
5.770000e-06	-5.029244e-03	6.157422e+00
5.780000e-06	-1.021781e-02	6.148472e+00
5.790000e-06	-5.512577e-03	6.167420e+00
5.800000e-06	-6.651061e-03	6.178445e+00
5.810000e-06	-6.281924e-03	6.178446e+00
5.820000e-06	-8.347331e-03	6.178945e+00
5.830000e-06	-6.279355e-03	6.179498e+00
5.840000e-06	-9.990635e-03	6.147421e+00
5.850000e-06	-8.698610e-03	6.168943e+00
5.860000e-06	-7.911628e-03	6.127372e+00
5.870000e-06	-9.144630e-03	6.117319e+00
5.880000e-06	-9.677825e-03	6.144342e+00
5.890000e-06	-1.207420e-02	6.136239e+00
5.900000e-06	-1.110247e-02	6.073686e+00
5.910000e-06	-1.298981e-02	6.053658e+00
5.920000e-06	-1.246316e-02	6.021629e+00
5.930000e-06	-1.510975e-02	6.011078e+00
5.940000e-06	-1.730410e-02	6.011074e+00
5.950000e-06	-1.999497e-02	5.990025e+00
5.960000e-06	-2.118185e-02	5.959993e+00
5.970000e-06	-2.456409e-02	5.938368e+00
5.980000e-06	-2.813944e-02	5.915335e+00
5.990000e-06	-2.877981e-02	5.854102e+00
6.000000e-06	-2.974561e-02	5.746491e+00
6.010000e-06	-2.846212e-02	5.706179e+00
6.020000e-06	-2.551911e-02	5.641156e+00
6.030000e-06	-2.210831e-02	5.601025e+00
6.040000e-06	-1.960045e-02	5.598972e+00
6.050000e-06	-1.719802e-02	5.538418e+00
6.060000e-06	-1.398204e-02	5.443663e+00
6.070000e-06	-1.331252e-02	5.421633e+00
6.080000e-06	-1.050256e-02	5.379499e+00
6.090000e-06	-1.014732e-02	5.347422e+00
6.100000e-06	-8.975947e-03	5.262237e+00
6.110000e-06	-1.007140e-02	5.208999e+00
6.120000e-06	-8.696481e-03	5.085893e+00
6.130000e-06	-7.406850e-03	5.051679e+00
6.140000e-06	-7.538610e-03	4.897361e+00
6.150000e-06	-6.921213e-03	4.832682e+00
6.160000e-06	-6.572320e-03	4.790499e+00
6.170000e-06	-6.294029e-03	4.736942e+00
6.180000e-06	-7.576508e-03	4.653685e+00
6.190000e-06	-5.396181e-03	4.569580e+00
6.200000e-06	-6.489425e-03	4.524865e+00
6.210000e-06	-4.902712e-03	4.423101e+00
6.220000e-06	-7.125949e-03	4.390025e+00
6.230000e-06	-2.631183e-03	4.346916e+00
6.240000e-06	-5.151817e-03	4.190550e+00
6.250000e-06	-5.289689e-03	4.054787e+00
6.260000e-06	-5.769707e-03	3.960027e+00
6.270000e-06	-3.818698e-03	3.927391e+00
6.280000e-06	-5.255722e-03	3.863108e+00
6.290000e-06	-6.004346e-03	3.786941e+00
6.300000e-06	-5.236378e-03	3.673233e+00
6.310000e-06	-2.649578e-03	3.589971e+00
6.320000e-06	-4.230392e-03	3.527316e+00
6.330000e-06	-4.856307e-03	3.430053e+00
6.340000e-06	-4.643464e-03	3.273630e+00
6.350000e-06	-3.599330e-03	3.179471e+00
6.360000e-06	-5.050166e-03	3.064283e+00
6.370000e-06	-4.552115e-03	2.992999e+00
6.380000e-06	-4.423478e-03	2.885711e+00
6.390000e-06	-4.228042e-03	2.800652e+00
6.400000e-06	-4.624744e-03	2.727944e+00
6.410000e-06	-4.031035e-03	2.640200e+00
6.420000e-06	-3.991311e-03	2.463258e+00
6.430000e-06	-3.819286e-03	2.348896e+00
6.440000e-06	-3.015451e-03	2.233159e+00
6.450000e-06	-4.103008e-03	2.169497e+00
6.460000e-06	-4.579958e-03	2.054158e+00
6.470000e-06	-3.782324e-03	1.989526e+00
6.480000e-06	-3.186038e-03	1.883857e+00
6.490000e-06	-3.662760e-03	1.747947e+00
6.500000e-06	-4.390450e-03	1.604590e+00
6.510000e-06	-4.207459e-03	1.516337e+00
6.520000e-06	-2.699159e-03	1.431000e+00
6.530000e-06	-3.867460e-03	1.315763e+00
6.540000e-06	-3.589509e-03	1.170500e+00
6.550000e-06	-3.182759e-03	1.063180e+00
6.560000e-06	-3.498798e-03	8.751857e-01
6.570000e-06	-3.387486e-03	7.889461e-01
6.580000e-06	-3.483431e-03	6.543106e-01
6.590000e-06	-3.470949e-03	5.393974e-01
6.600000e-06	-3.487702e-03	4.435829e-01
6.610000e-06	-3.485986e-03	3.604238e-01
6.620000e-06	-4.242309e-03	2.531829e-01
6.630000e-06	-2.230395e-03	7.673809e-02
6.640000e-06	-2.074987e-03	-2.052638e-02
6.650000e-06	1.715375e-03	-9.430954e-02
6.660000e-06	-1.030956e-03	-1.790513e-01
6.670000e-06	-1.688068e-03	-3.057132e-01
6.680000e-06	-1.536700e-03	-3.885236e-01
6.690000e-06	-2.070314e-03	-4.827065e-01
6.700000e-06	-2.730581e-03	-6.114478e-01
6.710000e-06	1.355190e-03	-7.478409e-01
6.720000e-06	2.855253e-02	-8.100276e-01
6.730000e-06	5.329936e-02	-9.447633e-01
6.740000e-06	-4.648085e-02	-1.113790e+00
6.750000e-06	-7.143925e-02	-1.375841e+00
6.760000e-06	-6.291737e-02	-1.451051e+00
6.770000e-06	1.504023e-01	-1.390051e+00
6.780000e-06	-3.570688e-02	-1.505817e+00
6.790000e-06	-1.223822e-01	-1.743763e+00
6.800000e-06	9.461686e-02	-1.818025e+00
6.810000e-06	2.323160e-02	-1.801903e+00
6.820000e-06	-1.823209e-01	-1.965842e+00
6.830000e-06	4.606610e-02	-2.063132e+00
6.840000e-06	1.390727e-01	-2.125738e+00
6.850000e-06	-1.491098e-01	-2.284717e+00
6.860000e-06	1.381702e-02	-2.410625e+00
6.870000e-06	1.156812e-01	-2.472212e+00
6.880000e-06	-1.301124e-01	-2.671503e+00
6.890000e-06	-1.878512e-03	-2.756416e+00
6.900000e-06	9.244741e-02	-2.810551e+00
6.910000e-06	-9.952653e-02	-2.946361e+00
6.920000e-06	5.825677e-02	-3.061584e+00
6.930000e-06	4.884815e-03	-3.146945e+00
6.940000e-06	-5.986704e-02	-3.260733e+00
6.950000e-06	9.053148e-02	-3.335895e+00
6.960000e-06	-3.174817e-02	-3.422030e+00
6.970000e-06	-9.482872e-02	-3.555916e+00
6.980000e-06	1.222354e-01	-3.600473e+00
6.990000e-06	-2.282565e-02	-3.652613e+00
7.000000e-06	-6.796785e-02	-3.820552e+00
7.010000e-06	7.181503e-02	-3.914822e+00
7.020000e-06	-1.725477e-02	-4.017028e+00
7.030000e-06	-1.437050e-02	-4.073608e+00
7.040000e-06	-1.715712e-02	-4.127916e+00
7.050000e-06	-2.140726e-03	-4.211502e+00
7.060000e-06	6.814504e-02	-4.305216e+00
7.070000e-06	-5.148639e-02	-4.377895e+00
7.080000e-06	-3.775095e-02	-4.400604e+00
7.090000e-06	4.699041e-02	-4.505213e+00
7.100000e-06	9.211528e-03	-4.619930e+00
7.110000e-06	-2.768759e-02	-4.663738e+00
7.120000e-06	-1.606275e-02	-4.716366e+00
7.130000e-06	3.478144e-02	-4.819526e+00
7.140000e-06	1.227704e-02	-4.844291e+00
7.150000e-06	-5.688375e-02	-4.968925e+00
7.160000e-06	2.169695e-02	-5.020532e+00
7.170000e-06	2.822165e-02	-5.084837e+00
7.180000e-06	-2.714853e-02	-5.157997e+00
7.190000e-06	-6.978456e-03	-5.209623e+00
7.200000e-06	5.026236e-03	-5.265664e+00
7.210000e-06	2.198797e-02	-5.396979e+00
7.220000e-06	-2.213071e-02	-5.523261e+00
7.230000e-06	-1.238929e-02	-5.596946e+00
7.240000e-06	2.378201e-02	-5.588975e+00
7.250000e-06	-7.955811e-03	-5.601500e+00
7.260000e-06	-7.331894e-03	-5.642582e+00
7.270000e-06	5.066603e-03	-5.693212e+00
7.280000e-06	3.279083e-03	-5.737919e+00
7.290000e-06	-5.369291e-03	-5.799524e+00
7.300000e-06	-6.319367e-03	-5.799499e+00
7.310000e-06	7.942299e-03	-5.831604e+00
7.320000e-06	1.500711e-03	-5.914108e+00
7.330000e-06	-7.138866e-03	-5.885840e+00
7.340000e-06	6.070417e-03	-5.936920e+00
7.350000e-06	-1.667401e-03	-5.937448e+00
7.360000e-06	-3.036336e-03	-5.978447e+00
7.370000e-06	2.127009e-03	-5.999500e+00
7.380000e-06	1.033576e-03	-5.999524e+00
7.390000e-06	-3.943803e-04	-6.009028e+00
7.400000e-06	-3.100603e-03	-6.011079e+00
7.410000e-06	5.130848e-03	-6.021630e+00
7.420000e-06	9.474885e-04	-6.021080e+00
7.430000e-06	-3.852200e-03	-6.022730e+00
7.440000e-06	2.642269e-03	-6.031054e+00
7.450000e-06	3.069295e-03	-6.041158e+00
7.460000e-06	8.301088e-04	-6.061663e+00
7.470000e-06	-8.519496e-04	-6.023606e+00
7.480000e-06	4.602581e-03	-6.073739e+00
7.490000e-06	1.537895e-03	-6.041757e+00
7.500000e-06	1.093706e-03	-6.051609e+00
7.510000e-06	3.792458e-03	-6.052655e+00
7.520000e-06	5.989383e-03	-6.052082e+00
7.530000e-06	4.042011e-03	-6.032180e+00
7.540000e-06	3.169836e-03	-6.011649e+00
7.550000e-06	4.956378e-03	-6.010051e+00
7.560000e-06	5.626661e-03	-5.990026e+00
7.570000e-06	7.169534e-03	-5.991075e+00
7.580000e-06	7.756574e-03	-5.990000e+00
7.590000e-06	1.024177e-02	-5.978972e+00
7.600000e-06	1.153861e-02	-5.958420e+00
7.610000e-06	1.304751e-02	-5.893716e+00
7.620000e-06	1.525673e-02	-5.852284e+00
7.630000e-06	1.717398e-02	-5.852633e+00
7.640000e-06	2.310993e-02	-5.810528e+00
7.650000e-06	2.309234e-02	-5.737894e+00
7.660000e-06	2.347927e-02	-5.705845e+00
7.670000e-06	2.140926e-02	-5.635117e+00
7.680000e-06	2.098879e-02	-5.621156e+00
7.690000e-06	1.612410e-02	-5.571025e+00
7.700000e-06	1.311494e-02	-5.558945e+00
7.710000e-06	1.048917e-02	-5.495416e+00
7.720000e-06	8.280641e-03	-5.465059e+00
7.730000e-06	5.284496e-03	-5.368003e+00
7.740000e-06	5.786377e-03	-5.292706e+00
7.750000e-06	3.812630e-03	-5.180030e+00
7.760000e-06	2.344952e-03	-5.158422e+00
7.770000e-06	2.632159e-03	-5.084763e+00
7.780000e-06	3.087684e-03	-5.023104e+00
7.790000e-06	1.813272e-03	-4.948394e+00
7.800000e-06	4.523085e-04	-4.896266e+00
7.810000e-06	2.283110e-03	-4.746420e+00
7.820000e-06	1.374976e-03	-4.665313e+00
7.830000e-06	-1.999578e-04	-4.641653e+00
7.840000e-06	2.979164e-04	-4.590022e+00
7.850000e-06	1.488107e-03	-4.496763e+00
7.860000e-06	-7.016962e-04	-4.412580e+00
7.870000e-06	-2.349978e-03	-4.369524e+00
7.880000e-06	-5.383641e-04	-4.274792e+00
7.890000e-06	1.110974e-03	-4.232055e+00
7.900000e-06	-1.474233e-03	-4.128894e+00
7.910000e-06	-2.256098e-03	-4.054837e+00
7.920000e-06	-6.105802e-04	-3.987001e+00
7.930000e-06	-4.048667e-04	-3.957318e+00
7.940000e-06	-2.933016e-03	-3.800650e+00
7.950000e-06	-2.115775e-03	-3.652734e+00
7.960000e-06	-1.423645e-03	-3.609975e+00
7.970000e-06	-2.421541e-03	-3.526342e+00
7.980000e-06	-2.219201e-03	-3.451582e+00
7.990000e-06	-1.088897e-03	-3.346371e+00
8.000000e-06	-1.589716e-03	-3.192160e+00
8.010000e-06	-3.739673e-03	-3.179478e+00
8.020000e-06	-2.046099e-03	-3.065168e+00
8.030000e-06	-2.221692e-03	-2.947865e+00
8.040000e-06	-3.026859e-03	-2.821551e+00
8.050000e-06	-3.149788e-03	-2.768317e+00
8.060000e-06	-2.317426e-03	-2.641628e+00
8.070000e-06	-1.947477e-03	-2.548862e+00
8.080000e-06	-3.452571e-03	-2.413586e+00
8.090000e-06	-2.322574e-03	-2.369949e+00
8.100000e-06	-2.440885e-03	-2.253163e+00
8.110000e-06	-4.192775e-03	-2.086368e+00
8.120000e-06	-4.084200e-03	-1.999953e+00
8.130000e-06	-3.971599e-03	-1.925761e+00
8.140000e-06	-2.649558e-03	-1.790528e+00
8.150000e-06	-3.770875e-03	-1.685812e+00
8.160000e-06	-2.540248e-03	-1.581629e+00
8.170000e-06	-3.463701e-03	-1.536241e+00
8.180000e-06	-2.542035e-03	-1.358475e+00
8.190000e-06	-4.296586e-03	-1.179503e+00
8.200000e-06	-2.603197e-03	-1.064738e+00
8.210000e-06	-4.590416e-03	-9.594724e-01
8.220000e-06	-3.064605e-03	-8.526843e-01
8.230000e-06	-4.814605e-03	-7.889738e-01
8.240000e-06	-3.614899e-03	-6.527368e-01
8.250000e-06	-3.862750e-03	-5.267632e-01
8.260000e-06	-2.967608e-03	-3.700002e-01
8.270000e-06	-4.019093e-03	-2.742369e-01
8.280000e-06	-4.505698e-03	-2.115039e-01
8.290000e-06	-3.357949e-03	-7.518927e-02
8.300000e-06	-1.141754e-03	-1.002513e-02
8.310000e-06	-7.040452e-06	1.047083e-01
8.320000e-06	-1.495699e-03	2.726277e-01
8.330000e-06	-2.400513e-03	3.279948e-01
8.340000e-06	-2.668539e-03	4.331290e-01
8.350000e-06	-2.532812e-03	5.477910e-01
8.360000e-06	-3.038079e-03	6.536567e-01
8.370000e-06	3.996032e-04	7.789683e-01
8.380000e-06	1.625286e-02	8.410577e-01
8.390000e-06	4.709108e-02	1.011549e+00
8.400000e-06	-2.897159e-03	1.196922e+00
8.410000e-06	-6.017354e-02	1.375815e+00
8.420000e-06	-9.815539e-02	1.409049e+00
8.430000e-06	6.267482e-02	1.493135e+00
8.440000e-06	9.021468e-02	1.702180e+00
8.450000e-06	-8.387383e-02	1.788920e+00
8.460000e-06	-6.751006e-02	1.798553e+00
8.470000e-06	1.402474e-01	1.926238e+00
8.480000e-06	-1.265113e-01	2.032603e+00
8.490000e-06	-3.706064e-02	2.105687e+00
8.500000e-06	1.269322e-01	2.198948e+00
8.510000e-06	-4.922716e-02	2.347363e+00
8.520000e-06	-9.609685e-02	2.420023e+00
8.530000e-06	1.299575e-01	2.484133e+00
8.540000e-06	-2.659298e-02	2.714633e+00
8.550000e-06	-8.406177e-02	2.818000e+00
8.560000e-06	7.633361e-02	2.852608e+00
8.570000e-06	-2.929956e-02	3.008447e+00
8.580000e-06	-3.262383e-02	3.053161e+00
8.590000e-06	4.313876e-02	3.207920e+00
8.600000e-06	-1.591978e-02	3.210576e+00
8.610000e-06	-9.789619e-03	3.294373e+00
8.620000e-06	3.891134e-02	3.495232e+00
8.630000e-06	-7.988325e-02	3.588995e+00
8.640000e-06	1.846544e-02	3.632078e+00
8.650000e-06	5.198921e-02	3.747913e+00
8.660000e-06	-4.462505e-02	3.843138e+00
8.670000e-06	-1.809048e-02	3.946264e+00
8.680000e-06	1.830877e-02	3.988498e+00
8.690000e-06	5.021644e-03	4.062083e+00
8.700000e-06	-2.798584e-02	4.118366e+00
8.710000e-06	2.254667e-03	4.294133e+00
8.720000e-06	7.033873e-03	4.398000e+00
8.730000e-06	1.541602e-02	4.411553e+00
8.740000e-06	-3.293792e-02	4.484237e+00
8.750000e-06	-1.135264e-02	4.609494e+00
8.760000e-06	2.632866e-02	4.652130e+00
8.770000e-06	-2.751854e-03	4.745388e+00
8.780000e-06	-3.059059e-02	4.800000e+00
8.790000e-06	9.164814e-04	4.863152e+00
8.800000e-06	3.060519e-02	4.967389e+00
8.810000e-06	-2.608284e-02	5.063787e+00
8.820000e-06	-1.719471e-02	5.166946e+00
8.830000e-06	8.367543e-03	5.222105e+00
8.840000e-06	7.500695e-03	5.282809e+00
8.850000e-06	-1.910259e-02	5.377946e+00
8.860000e-06	-6.574466e-03	5.421499e+00
8.870000e-06	8.970780e-03	5.453707e+00
8.880000e-06	-8.923793e-03	5.536815e+00
8.890000e-06	-1.131059e-02	5.567847e+00
8.900000e-06	-8.602749e-04	5.599525e+00
8.910000e-06	4.241392e-03	5.621604e+00
8.920000e-06	-1.423507e-02	5.653655e+00
8.930000e-06	-4.015888e-03	5.735411e+00
8.940000e-06	9.320817e-04	5.799474e+00
8.950000e-06	-5.437928e-03	5.863684e+00
8.960000e-06	-1.016255e-02	5.884869e+00
8.970000e-06	-3.321154e-03	5.966465e+00
8.980000e-06	4.747685e-04	5.989948e+00
8.990000e-06	-9.315468e-03	6.000526e+00
9.000000e-06	-2.326357e-03	6.020525e+00
9.010000e-06	-5.297383e-03	6.041653e+00
9.020000e-06	-7.205321e-03	6.063158e+00
9.030000e-06	-7.085111e-03	6.043131e+00
9.040000e-06	-7.764575e-04	6.104681e+00
9.050000e-06	-4.486162e-03	6.103812e+00
9.060000e-06	-1.083782e-02	6.115792e+00
9.070000e-06	-5.280688e-03	6.126291e+00
9.080000e-06	-4.043466e-03	6.136417e+00
9.090000e-06	-6.260965e-03	6.187873e+00
9.100000e-06	-9.313735e-03	6.178371e+00
9.110000e-06	-4.617556e-03	6.169424e+00
9.120000e-06	-7.473420e-03	6.178921e+00
9.130000e-06	-7.723916e-03	6.179495e+00
9.140000e-06	-7.354751e-03	6.189474e+00
9.150000e-06	-7.641383e-03	6.158820e+00
9.160000e-06	-9.052900e-03	6.179470e+00
9.170000e-06	-1.066296e-02	6.148015e+00
9.180000e-06	-7.532602e-03	6.127871e+00
9.190000e-06	-9.662954e-03	6.127391e+00
9.200000e-06	-1.010807e-02	6.116842e+00
9.210000e-06	-1.295146e-02	6.076808e+00
9.220000e-06	-1.173348e-02	6.062732e+00
9.230000e-06	-1.226693e-02	6.021658e+00
9.240000e-06	-1.461193e-02	6.030579e+00
9.250000e-06	-1.625799e-02	6.020049e+00
9.260000e-06	-1.930399e-02	5.999500e+00
9.270000e-06	-1.826571e-02	6.000000e+00
9.280000e-06	-2.268025e-02	5.958946e+00
9.290000e-06	-2.567537e-02	5.926420e+00
9.300000e-06	-2.824572e-02	5.935139e+00
9.310000e-06	-2.763631e-02	5.788553e+00
9.320000e-06	-2.961819e-02	5.716947e+00
9.330000e-06	-2.986555e-02	5.644713e+00
9.340000e-06	-2.567896e-02	5.611103e+00
9.350000e-06	-2.102020e-02	5.581025e+00
9.360000e-06	-1.814776e-02	5.578471e+00
9.370000e-06	-1.548530e-02	5.537318e+00
9.380000e-06	-1.277564e-02	5.462208e+00
9.390000e-06	-1.305657e-02	5.430051e+00
9.400000e-06	-1.180408e-02	5.339472e+00
9.410000e-06	-1.037691e-02	5.315318e+00
9.420000e-06	-9.822892e-03	5.243607e+00
9.430000e-06	-7.981004e-03	5.198599e+00
9.440000e-06	-7.956184e-03	5.074341e+00
9.450000e-06	-6.204683e-03	4.980651e+00
9.460000e-06	-9.229914e-03	4.856862e+00
9.470000e-06	-6.662718e-03	4.831029e+00
9.480000e-06	-7.363755e-03	4.758971e+00
9.490000e-06	-6.453441e-03	4.685765e+00
9.500000e-06	-7.922466e-03	4.620554e+00
9.510000e-06	-4.588354e-03	4.588475e+00
9.520000e-06	-4.974451e-03	4.473661e+00
9.530000e-06	-5.808789e-03	4.421103e+00
9.540000e-06	-6.394350e-03	4.359471e+00
9.550000e-06	-3.828054e-03	4.336288e+00
9.560000e-06	-5.258280e-03	4.180394e+00
9.570000e-06	-5.921149e-03	4.032109e+00
9.580000e-06	-5.347634e-03	3.969494e+00
9.590000e-06	-4.134613e-03	3.904313e+00
9.600000e-06	-5.246421e-03	3.791503e+00
9.610000e-06	-4.978532e-03	3.745816e+00
9.620000e-06	-4.446626e-03	3.602632e+00
9.630000e-06	-4.218635e-03	3.590420e+00
9.640000e-06	-4.745473e-03	3.505308e+00
9.650000e-06	-4.334092e-03	3.397395e+00
9.660000e-06	-3.988126e-03	3.220554e+00
9.670000e-06	-4.709850e-03	3.137967e+00
9.680000e-06	-5.151832e-03	3.023159e+00
9.690000e-06	-4.023764e-03	2.989444e+00
9.700000e-06	-4.204945e-03	2.864759e+00
9.710000e-06	-4.345328e-03	2.798550e+00
9.720000e-06	-4.314828e-03	2.735887e+00
9.730000e-06	-3.713053e-03	2.547549e+00
9.740000e-06	-3.904825e-03	2.434104e+00
9.750000e-06	-4.406751e-03	2.348367e+00
9.760000e-06	-4.284548e-03	2.244528e+00
9.770000e-06	-3.910022e-03	2.138367e+00
9.780000e-06	-4.240200e-03	2.032080e+00
9.790000e-06	-3.976261e-03	1.946944e+00
9.800000e-06	-3.299800e-03	1.891733e+00
9.810000e-06	-3.613773e-03	1.718840e+00
9.820000e-06	-3.813611e-03	1.610652e+00
9.830000e-06	-3.985671e-03	1.506263e+00
9.840000e-06	-3.894575e-03	1.368472e+00
9.850000e-06	-3.484918e-03	1.223682e+00
9.860000e-06	-3.857984e-03	1.166443e+00
9.870000e-06	-3.643731e-03	9.909699e-01
9.880000e-06	-3.865499e-03	8.431516e-01
9.890000e-06	-3.399724e-03	7.684197e-01
9.900000e-06	-3.198949e-03	6.516065e-01
9.910000e-06	-2.686474e-03	5.369122e-01
9.920000e-06	-3.349991e-03	4.525564e-01
9.930000e-06	-4.201503e-03	3.364198e-01
9.940000e-06	-3.139944e-03	2.207237e-01
9.950000e-06	-2.626543e-03	4.565807e-02
9.960000e-06	-1.923798e-03	-4.105501e-02
9.970000e-06	6.067918e-04	-1.463396e-01
9.980000e-06	-8.221265e-04	-2.610290e-01
9.990000e-06	-2.586597e-04	-3.163419e-01
1.000000e-05	-1.290316e-03	-4.100027e-01
1.001000e-05	-2.013309e-03	-5.046894e-01
1.002000e-05	-2.013682e-03	-6.522594e-01
1.003000e-05	4.010007e-03	-8.069487e-01
1.004000e-05	4.193050e-02	-8.311578e-01
1.005000e-05	3.298762e-02	-9.874685e-01
1.006000e-05	-6.217081e-02	-1.185847e+00
1.007000e-05	-8.068798e-02	-1.386870e+00
1.008000e-05	-1.126377e-03	-1.421061e+00
1.009000e-05	1.265287e-01	-1.399853e+00
1.010000e-05	-7.403393e-02	-1.568826e+00
1.011000e-05	-1.135067e-01	-1.757416e+00
1.012000e-05	1.551675e-01	-1.757978e+00
1.013000e-05	-8.281343e-02	-1.843083e+00
1.014000e-05	-1.404729e-01	-2.009048e+00
1.015000e-05	1.190980e-01	-2.082240e+00
1.016000e-05	6.395250e-02	-2.176346e+00
1.017000e-05	-1.654768e-01	-2.384970e+00
1.018000e-05	1.029332e-01	-2.458553e+00
1.019000e-05	3.763911e-02	-2.535843e+00
1.020000e-05	-1.253027e-01	-2.654561e+00
1.021000e-05	5.438726e-02	-2.767896e+00
1.022000e-05	3.704854e-02	-2.810532e+00
1.023000e-05	-8.876321e-02	-2.986243e+00
1.024000e-05	9.220248e-02	-3.069739e+00
1.025000e-05	-4.769847e-02	-3.186954e+00
1.026000e-05	-2.561012e-02	-3.264787e+00
1.027000e-05	1.037098e-01	-3.367945e+00
1.028000e-05	-1.056502e-01	-3.462082e+00
1.029000e-05	-2.053284e-02	-3.577970e+00
1.030000e-05	1.146026e-01	-3.600003e+00
1.031000e-05	-7.103507e-02	-3.675212e+00
1.032000e-05	-2.208983e-02	-3.874135e+00
1.033000e-05	6.092383e-02	-3.968370e+00
1.034000e-05	-3.034982e-02	-4.050559e+00
1.035000e-05	-5.317332e-03	-4.084290e+00
1.036000e-05	-2.307907e-02	-4.147371e+00
1.037000e-05	2.502760e-02	-4.231157e+00
1.038000e-05	5.155867e-02	-4.346820e+00
1.039000e-05	-7.690804e-02	-4.389475e+00
1.040000e-05	-3.992551e-03	-4.461085e+00
1.041000e-05	4.828570e-02	-4.485775e+00
1.042000e-05	-7.756130e-03	-4.629555e+00
1.043000e-05	-2.740465e-02	-4.662815e+00
1.044000e-05	-6.407276e-03	-4.737820e+00
1.045000e-05	4.995781e-02	-4.850630e+00
1.046000e-05	-2.199336e-02	-4.895891e+00
1.047000e-05	-4.254113e-02	-4.999500e+00
1.048000e-05	3.781958e-02	-5.063133e+00
1.049000e-05	1.079108e-02	-5.105813e+00
1.050000e-05	-2.940818e-02	-5.167971e+00
1.051000e-05	-1.211772e-03	-5.221083e+00
1.052000e-05	1.388887e-02	-5.314313e+00
1.053000e-05	1.321201e-02	-5.431197e+00
1.054000e-05	-2.980977e-02	-5.484367e+00
1.055000e-05	5.883220e-04	-5.557870e+00
1.056000e-05	2.208322e-02	-5.578529e+00
1.057000e-05	-1.639976e-02	-5.601050e+00
1.058000e-05	-2.385482e-04	-5.672687e+00
1.059000e-05	3.645950e-03	-5.685361e+00
1.060000e-05	1.588497e-03	-5.746897e+00
1.061000e-05	-7.174042e-03	-5.798949e+00
1.062000e-05	-3.138126e-03	-5.830052e+00
1.063000e-05	1.077207e-02	-5.842112e+00
1.064000e-05	-4.909431e-03	-5.905808e+00
1.065000e-05	-1.898608e-03	-5.925740e+00
1.066000e-05	4.193934e-03	-5.945975e+00
1.067000e-05	-3.548057e-03	-5.958447e+00
1.068000e-05	-2.084398e-03	-5.968500e+00
1.069000e-05	3.671148e-03	-5.989499e+00
1.070000e-05	1.359019e-03	-5.989974e+00
1.071000e-05	-2.931803e-03	-5.990056e+00
1.072000e-05	-1.284180e-03	-6.012001e+00
1.073000e-05	5.688819e-03	-6.022079e+00
1.074000e-05	-1.181329e-03	-6.020554e+00
1.075000e-05	-4.849361e-03	-6.051630e+00
1.076000e-05	3.818082e-03	-6.064634e+00
1.077000e-05	3.596116e-03	-6.062730e+00
1.078000e-05	1.131299e-03	-6.032658e+00
1.079000e-05	-6.617390e-04	-6.063686e+00
1.080000e-05	3.824481e-03	-6.032660e+00
1.081000e-05	2.429388e-03	-6.043229e+00
1.082000e-05	3.716191e-04	-6.053160e+00
1.083000e-05	3.483291e-03	-6.051605e+00
1.084000e-05	4.219809e-03	-6.002103e+00
1.085000e-05	4.395870e-03	-6.021082e+00
1.086000e-05	3.686914e-03	-6.010603e+00
1.087000e-05	5.383405e-03	-6.021054e+00
1.088000e-05	6.859233e-03	-6.010504e+00
1.089000e-05	7.951685e-03	-6.000024e+00
1.090000e-05	8.837615e-03	-5.979950e+00
1.091000e-05	1.008300e-02	-5.958474e+00
1.092000e-05	1.166194e-02	-5.947394e+00
1.093000e-05	1.331805e-02	-5.885290e+00
1.094000e-05	1.564266e-02	-5.841659e+00
1.095000e-05	1.848910e-02	-5.810554e+00
1.096000e-05	2.371845e-02	-5.748949e+00
1.097000e-05	2.392044e-02	-5.756392e+00
1.098000e-05	2.345547e-02	-5.694366e+00
1.099000e-05	2.182569e-02	-5.663162e+00
1.100000e-05	1.978974e-02	-5.631081e+00
1.101000e-05	1.584300e-02	-5.589527e+00
1.102000e-05	1.202869e-02	-5.559421e+00
1.103000e-05	1.069314e-02	-5.485742e+00
1.104000e-05	6.671967e-03	-5.380107e+00
1.105000e-05	5.377137e-03	-5.307992e+00
1.106000e-05	4.862339e-03	-5.273206e+00
1.107000e-05	3.862306e-03	-5.200102e+00
1.108000e-05	2.372365e-03	-5.156317e+00
1.109000e-05	2.307368e-03	-5.074237e+00
1.110000e-05	3.097592e-03	-5.030504e+00
1.111000e-05	1.430913e-03	-4.928420e+00
1.112000e-05	9.458812e-04	-4.884105e+00
1.113000e-05	1.969416e-03	-4.664877e+00
1.114000e-05	1.319470e-03	-4.665267e+00
1.115000e-05	-6.156710e-04	-4.621054e+00
1.116000e-05	2.645098e-04	-4.578898e+00
1.117000e-05	1.357271e-03	-4.453713e+00
1.118000e-05	-8.310772e-04	-4.410554e+00
1.119000e-05	-1.983379e-03	-4.358447e+00
1.120000e-05	5.195096e-04	-4.285766e+00
1.121000e-05	-5.030130e-04	-4.220578e+00
1.122000e-05	-2.397515e-03	-4.116817e+00
1.123000e-05	-2.200934e-03	-4.063209e+00
1.124000e-05	-6.172744e-04	-3.989951e+00
1.125000e-05	-2.229485e-03	-3.924743e+00
1.126000e-05	-2.839587e-03	-3.748975e+00
1.127000e-05	-1.058767e-03	-3.642733e+00
1.128000e-05	-1.664284e-03	-3.600499e+00
1.129000e-05	-3.444073e-03	-3.465291e+00
1.130000e-05	-2.821260e-03	-3.432503e+00
1.131000e-05	-1.683475e-03	-3.276892e+00
1.132000e-05	-1.893350e-03	-3.240553e+00
1.133000e-05	-3.481899e-03	-3.157921e+00
1.134000e-05	-2.209676e-03	-3.043205e+00
1.135000e-05	-3.176559e-03	-2.885866e+00
1.136000e-05	-2.942335e-03	-2.789501e+00
1.137000e-05	-2.570181e-03	-2.724818e+00
1.138000e-05	-2.976080e-03	-2.590624e+00
1.139000e-05	-3.440746e-03	-2.475892e+00
1.140000e-05	-3.451901e-03	-2.392052e+00
1.141000e-05	-2.127242e-03	-2.347919e+00
1.142000e-05	-2.403184e-03	-2.200610e+00
1.143000e-05	-4.728885e-03	-2.063631e+00
1.144000e-05	-3.507736e-03	-1.978977e+00
1.145000e-05	-4.415134e-03	-1.865812e+00
1.146000e-05	-2.040183e-03	-1.750474e+00
1.147000e-05	-3.642111e-03	-1.684236e+00
1.148000e-05	-2.790485e-03	-1.590000e+00
1.149000e-05	-3.674575e-03	-1.463788e+00
1.150000e-05	-3.281174e-03	-1.277393e+00
1.151000e-05	-4.253958e-03	-1.149451e+00
1.152000e-05	-2.877645e-03	-1.043282e+00
1.153000e-05	-4.805688e-03	-9.284236e-01
1.154000e-05	-3.759269e-03	-8.316538e-01
1.155000e-05	-4.211465e-03	-7.683486e-01
1.156000e-05	-3.393260e-03	-5.905776e-01
1.157000e-05	-3.752622e-03	-4.336316e-01
1.158000e-05	-3.357974e-03	-3.789486e-01
1.159000e-05	-4.574484e-03	-2.657330e-01
1.160000e-05	-3.883995e-03	-1.668736e-01
1.161000e-05	-1.980782e-03	-2.111442e-03
1.162000e-05	-1.078462e-03	5.207770e-02
1.163000e-05	-4.493126e-04	1.463648e-01
1.164000e-05	-3.051279e-03	3.046880e-01
1.165000e-05	-1.192212e-03	3.999987e-01
1.166000e-05	-2.241299e-03	4.631580e-01
1.167000e-05	-1.945803e-03	5.579935e-01
1.168000e-05	-2.601562e-03	7.038605e-01
1.169000e-05	3.347872e-03	8.384459e-01
1.170000e-05	2.567518e-02	8.515301e-01
1.171000e-05	4.511179e-02	1.073504e+00
1.172000e-05	-2.692774e-02	1.221606e+00
1.173000e-05	-6.814896e-02	1.368338e+00
1.174000e-05	-8.493048e-02	1.410051e+00
1.175000e-05	1.186633e-01	1.507716e+00
1.176000e-05	2.830051e-02	1.754687e+00
1.177000e-05	-1.049643e-01	1.777371e+00
1.178000e-05	1.243952e-02	1.821026e+00
1.179000e-05	9.008882e-02	1.957370e+00
1.180000e-05	-1.491571e-01	2.044207e+00
1.181000e-05	1.921301e-02	2.113868e+00
1.182000e-05	1.285942e-01	2.241580e+00
1.183000e-05	-1.247886e-01	2.378447e+00
1.184000e-05	-1.624135e-02	2.411554e+00
1.185000e-05	1.152192e-01	2.556765e+00
1.186000e-05	-7.598781e-02	2.705713e+00
1.187000e-05	-3.812620e-02	2.819522e+00
1.188000e-05	8.046975e-02	2.895287e+00
1.189000e-05	-6.532995e-02	2.989974e+00
1.190000e-05	2.846383e-03	3.095740e+00
1.191000e-05	3.513049e-02	3.198994e+00
1.192000e-05	-3.023962e-02	3.283107e+00
1.193000e-05	2.179589e-02	3.345367e+00
1.194000e-05	2.480948e-03	3.507838e+00
1.195000e-05	-6.542598e-02	3.609526e+00
1.196000e-05	3.753780e-02	3.643132e+00
1.197000e-05	3.822545e-02	3.769497e+00
1.198000e-05	-6.209820e-02	3.855129e+00
1.199000e-05	1.039663e-02	3.967344e+00
1.200000e-05	9.408349e-03	4.029075e+00
1.201000e-05	-3.916722e-03	4.062583e+00
1.202000e-05	-2.246378e-02	4.167946e+00
1.203000e-05	2.684781e-03	4.335885e+00
1.204000e-05	1.610229e-02	4.389521e+00
1.205000e-05	-4.701966e-03	4.452154e+00
1.206000e-05	-2.836808e-02	4.525816e+00
1.207000e-05	-5.410516e-03	4.620575e+00
1.208000e-05	3.217431e-02	4.665156e+00
1.209000e-05	-2.093079e-02	4.827367e+00
1.210000e-05	-2.333864e-02	4.840999e+00
1.211000e-05	1.315275e-02	4.866184e+00
1.212000e-05	1.847150e-02	4.997571e+00
1.213000e-05	-3.263424e-02	5.125310e+00
1.214000e-05	-9.682698e-03	5.169499e+00
1.215000e-05	1.714602e-02	5.211058e+00
1.216000e-05	-5.573976e-03	5.344788e+00
1.217000e-05	-1.597445e-02	5.389496e+00
1.218000e-05	-3.334594e-03	5.422076e+00
1.219000e-05	1.098638e-02	5.484287e+00
1.220000e-05	-1.571319e-02	5.547368e+00
1.221000e-05	-7.668142e-03	5.578896e+00
1.222000e-05	2.177483e-03	5.602051e+00
1.223000e-05	-1.166999e-03	5.631580e+00
1.224000e-05	-1.170053e-02	5.663711e+00
1.225000e-05	-2.729590e-03	5.729342e+00
1.226000e-05	2.756598e-03	5.842049e+00
1.227000e-05	-1.109040e-02	5.934157e+00
1.228000e-05	-6.639965e-03	5.937317e+00
1.229000e-05	-1.493213e-03	5.978946e+00
1.230000e-05	-6.721336e-04	5.989999e+00
1.231000e-05	-8.883715e-03	6.001575e+00
1.232000e-05	-1.640229e-03	6.010075e+00
1.233000e-05	-5.581949e-03	6.020126e+00
1.234000e-05	-8.444426e-03	6.023633e+00
1.235000e-05	-3.342706e-03	6.035135e+00
1.236000e-05	-1.509504e-03	6.092207e+00
1.237000e-05	-6.852233e-03	6.125313e+00
1.238000e-05	-1.041692e-02	6.135437e+00
1.239000e-05	-3.129450e-03	6.128413e+00
1.240000e-05	-3.580278e-03	6.155469e+00
1.241000e-05	-7.922104e-03	6.168871e+00
1.242000e-05	-7.691205e-03	6.157422e+00
1.243000e-05	-5.341616e-03	6.157970e+00
1.244000e-05	-6.131457e-03	6.169470e+00
1.245000e-05	-8.813514e-03	6.190948e+00
1.246000e-05	-6.525530e-03	6.169420e+00
1.247000e-05	-8.982320e-03	6.139394e+00
1.248000e-05	-8.050429e-03	6.137918e+00
1.249000e-05	-1.014519e-02	6.168442e+00
1.250000e-05	-7.817080e-03	6.128916e+00
1.251000e-05	-9.731501e-03	6.127370e+00
1.252000e-05	-1.006783e-02	6.104811e+00
1.253000e-05	-1.182353e-02	6.135313e+00
1.254000e-05	-1.322247e-02	6.042211e+00
1.255000e-05	-1.280168e-02	6.053680e+00
1.256000e-05	-1.568738e-02	6.002076e+00
1.257000e-05	-1.623977e-02	6.011526e+00
1.258000e-05	-1.967955e-02	6.010001e+00
1.259000e-05	-1.975348e-02	5.999474e+00
1.260000e-05	-2.290817e-02	5.968922e+00
1.261000e-05	-2.693323e-02	5.887814e+00
1.262000e-05	-2.886723e-02	5.864657e+00
1.263000e-05	-2.867234e-02	5.803653e+00
1.264000e-05	-2.855144e-02	5.706284e+00
1.265000e-05	-2.770651e-02	5.641109e+00
1.266000e-05	-2.397952e-02	5.601051e+00
1.267000e-05	-2.166278e-02	5.589526e+00
1.268000e-05	-1.762938e-02	5.579371e+00
1.269000e-05	-1.472887e-02	5.517337e+00
1.270000e-05	-1.263878e-02	5.432659e+00
1.271000e-05	-1.206535e-02	5.388026e+00
1.272000e-05	-1.087213e-02	5.378446e+00
1.273000e-05	-8.761663e-03	5.264787e+00
1.274000e-05	-1.036082e-02	5.222080e+00
1.275000e-05	-7.555344e-03	5.159523e+00
1.276000e-05	-8.013477e-03	5.083861e+00
1.277000e-05	-6.463151e-03	4.920048e+00
1.278000e-05	-9.791523e-03	4.844811e+00
1.279000e-05	-6.315179e-03	4.821079e+00
1.280000e-05	-6.222036e-03	4.747394e+00
1.281000e-05	-6.160957e-03	4.674262e+00
1.282000e-05	-6.939336e-03	4.601523e+00
1.283000e-05	-5.833164e-03	4.529412e+00
1.284000e-05	-5.197149e-03	4.463634e+00
1.285000e-05	-5.989487e-03	4.400026e+00
1.286000e-05	-5.763926e-03	4.359498e+00
1.287000e-05	-4.546069e-03	4.254080e+00
1.288000e-05	-5.677930e-03	4.097385e+00
1.289000e-05	-6.494963e-03	4.022504e+00
1.290000e-05	-4.915582e-03	3.990021e+00
1.291000e-05	-3.500008e-03	3.854713e+00
1.292000e-05	-5.957979e-03	3.829022e+00
1.293000e-05	-5.342184e-03	3.736738e+00
1.294000e-05	-4.395768e-03	3.601628e+00
1.295000e-05	-3.749829e-03	3.568845e+00
1.296000e-05	-5.166338e-03	3.445130e+00
1.297000e-05	-3.604103e-03	3.286393e+00
1.298000e-05	-4.608776e-03	3.191053e+00
1.299000e-05	-4.641809e-03	3.145797e+00
1.300000e-05	-4.387569e-03	3.031603e+00
1.301000e-05	-3.790257e-03	2.950371e+00
1.302000e-05	-4.311582e-03	2.852230e+00
1.303000e-05	-5.069591e-03	2.758996e+00
1.304000e-05	-3.925544e-03	2.674782e+00
1.305000e-05	-3.484508e-03	2.517940e+00
1.306000e-05	-5.030473e-03	2.439973e+00
1.307000e-05	-4.124529e-03	2.305813e+00
1.308000e-05	-3.490238e-03	2.201524e+00
1.309000e-05	-3.780125e-03	2.086766e+00
1.310000e-05	-3.900729e-03	2.001603e+00
1.311000e-05	-3.679704e-03	1.936392e+00
1.312000e-05	-3.560011e-03	1.852155e+00
1.313000e-05	-3.884581e-03	1.674786e+00
1.314000e-05	-4.299480e-03	1.572024e+00
1.315000e-05	-3.804687e-03	1.443231e+00
1.316000e-05	-3.365481e-03	1.347916e+00
1.317000e-05	-3.865051e-03	1.222080e+00
1.318000e-05	-4.025026e-03	1.126886e+00
1.319000e-05	-3.683679e-03	9.759960e-01
1.320000e-05	-3.604713e-03	7.915527e-01
1.321000e-05	-3.683248e-03	7.778384e-01
1.322000e-05	-4.253619e-03	5.700026e-01
1.323000e-05	-4.175111e-03	5.062881e-01
1.324000e-05	-3.261037e-03	3.989776e-01
1.325000e-05	-3.684723e-03	3.263368e-01
1.326000e-05	-3.367693e-03	1.273750e-01
1.327000e-05	-2.465007e-03	3.053757e-03
1.328000e-05	-4.084098e-04	-5.318264e-02
1.329000e-05	8.521385e-04	-1.679722e-01
1.330000e-05	-1.502596e-03	-2.426354e-01
1.331000e-05	-1.660452e-03	-3.673472e-01
1.332000e-05	-1.900000e-03	-4.400303e-01
1.333000e-05	-2.307468e-03	-5.563435e-01
1.334000e-05	-1.648883e-03	-7.127066e-01
1.335000e-05	1.149108e-02	-7.994775e-01
1.336000e-05	5.345047e-02	-8.641605e-01
1.337000e-05	2.189543e-03	-1.029605e+00
1.338000e-05	-6.679371e-02	-1.232001e+00
1.339000e-05	-8.914834e-02	-1.421122e+00
1.340000e-05	8.059808e-02	-1.359109e+00
1.341000e-05	6.428699e-02	-1.452605e+00
1.342000e-05	-9.791251e-02	-1.630080e+00
1.343000e-05	-6.219465e-02	-1.777946e+00
1.344000e-05	1.439681e-01	-1.788521e+00
1.345000e-05	-1.679225e-01	-1.894739e+00
1.346000e-05	-7.498467e-02	-2.050055e+00
1.347000e-05	1.673948e-01	-2.094810e+00
1.348000e-05	-3.358866e-02	-2.229505e+00
1.349000e-05	-1.267217e-01	-2.389474e+00
1.350000e-05	1.557165e-01	-2.491183e+00
1.351000e-05	-4.764176e-02	-2.587872e+00
1.352000e-05	-9.031255e-02	-2.705863e+00
1.353000e-05	9.751723e-02	-2.778475e+00
1.354000e-05	-2.914773e-02	-2.874058e+00
1.355000e-05	-4.042456e-02	-3.008303e+00
1.356000e-05	7.906170e-02	-3.113667e+00
1.357000e-05	-7.422309e-02	-3.261054e+00
1.358000e-05	2.338599e-02	-3.345340e+00
1.359000e-05	7.463224e-02	-3.358500e+00
1.360000e-05	-1.424075e-01	-3.494165e+00
1.361000e-05	5.792322e-02	-3.578949e+00
1.362000e-05	6.910311e-02	-3.630005e+00
1.363000e-05	-9.692680e-02	-3.786421e+00
1.364000e-05	3.074602e-02	-3.913763e+00
1.365000e-05	3.129189e-02	-3.958025e+00
1.366000e-05	-3.135265e-02	-4.031634e+00
1.367000e-05	-5.086212e-03	-4.125763e+00
1.368000e-05	-2.164984e-02	-4.178502e+00
1.369000e-05	5.078748e-02	-4.283311e+00
1.370000e-05	1.401776e-02	-4.324870e+00
1.371000e-05	-7.504328e-02	-4.420053e+00
1.372000e-05	2.549171e-02	-4.422555e+00
1.373000e-05	3.526600e-02	-4.566368e+00
1.374000e-05	-2.107845e-02	-4.673232e+00
1.375000e-05	-2.341265e-02	-4.703288e+00
1.376000e-05	6.526829e-03	-4.769300e+00
1.377000e-05	4.767310e-02	-4.873183e+00
1.378000e-05	-4.675457e-02	-4.976791e+00
1.379000e-05	-1.692438e-02	-5.000125e+00
1.380000e-05	4.154996e-02	-5.052734e+00
1.381000e-05	-7.960240e-03	-5.185296e+00
1.382000e-05	-2.133588e-02	-5.168050e+00
1.383000e-05	1.639582e-04	-5.229606e+00
1.384000e-05	2.162644e-02	-5.314342e+00
1.385000e-05	3.525973e-04	-5.430685e+00
1.386000e-05	-2.871339e-02	-5.524920e+00
1.387000e-05	1.347112e-02	-5.567895e+00
1.388000e-05	1.287370e-02	-5.590025e+00
1.389000e-05	-1.626909e-02	-5.601655e+00
1.390000e-05	2.841921e-03	-5.664135e+00
1.391000e-05	3.323131e-03	-5.705843e+00
1.392000e-05	1.760466e-04	-5.738421e+00
1.393000e-05	-8.557411e-03	-5.780526e+00
1.394000e-05	2.750124e-04	-5.830607e+00
1.395000e-05	9.956330e-03	-5.842659e+00
1.396000e-05	-8.116440e-03	-5.903236e+00
1.397000e-05	2.611688e-03	-5.916399e+00
1.398000e-05	2.090102e-03	-5.936894e+00
1.399000e-05	-3.949888e-03	-5.947474e+00
1.400000e-05	2.711330e-04	-5.979001e+00
1.401000e-05	2.342636e-03	-5.989025e+00
1.402000e-05	1.571581e-03	-6.020001e+00
1.403000e-05	-4.506978e-03	-5.990026e+00
1.404000e-05	1.949488e-03	-6.021130e+00
1.405000e-05	4.425448e-03	-6.022108e+00
1.406000e-05	-2.385668e-03	-6.032501e+00
1.407000e-05	-1.884352e-03	-6.052579e+00
1.408000e-05	4.399727e-03	-6.052683e+00
1.409000e-05	2.314220e-03	-6.032655e+00
1.410000e-05	-4.679378e-04	-6.021653e+00
1.411000e-05	1.057247e-03	-6.073059e+00
1.412000e-05	3.712249e-03	-6.093587e+00
1.413000e-05	2.510801e-03	-6.061208e+00
1.414000e-05	1.414817e-03	-6.032104e+00
1.415000e-05	5.107565e-03	-6.032482e+00
1.416000e-05	3.712817e-03	-6.061130e+00
1.417000e-05	3.896511e-03	-6.031007e+00
1.418000e-05	4.015565e-03	-6.030552e+00
1.419000e-05	6.452459e-03	-6.010024e+00
1.420000e-05	8.188708e-03	-6.000001e+00
1.421000e-05	7.585289e-03	-5.999025e+00
1.422000e-05	8.659148e-03	-5.959999e+00
1.423000e-05	1.060212e-02	-5.967872e+00
1.424000e-05	1.345936e-02	-5.897365e+00
1.425000e-05	1.443739e-02	-5.895311e+00
1.426000e-05	1.612532e-02	-5.812155e+00
1.427000e-05	1.936850e-02	-5.789549e+00
1.428000e-05	2.495646e-02	-5.789000e+00
1.429000e-05	2.504807e-02	-5.735845e+00
1.430000e-05	2.273689e-02	-5.673184e+00
1.431000e-05	2.170045e-02	-5.642606e+00
1.432000e-05	1.825520e-02	-5.622052e+00
1.433000e-05	1.404295e-02	-5.588474e+00
1.434000e-05	1.143344e-02	-5.589393e+00
1.435000e-05	1.081049e-02	-5.503264e+00
1.436000e-05	7.526778e-03	-5.349503e+00
1.437000e-05	4.558618e-03	-5.337893e+00
1.438000e-05	4.584119e-03	-5.232608e+00
1.439000e-05	4.011736e-03	-5.179928e+00
1.440000e-05	3.051757e-03	-5.106843e+00
1.441000e-05	2.160307e-03	-5.053132e+00
1.442000e-05	2.158595e-03	-4.960003e+00
1.443000e-05	1.743461e-03	-4.968892e+00
1.444000e-05	1.176882e-03	-4.813604e+00
1.445000e-05	1.614274e-03	-4.656317e+00
1.446000e-05	6.291685e-04	-4.693710e+00
1.447000e-05	-1.322121e-03	-4.610880e+00
1.448000e-05	7.977374e-04	-4.515947e+00
1.449000e-05	8.438281e-04	-4.451687e+00
1.450000e-05	-1.823316e-03	-4.399503e+00
1.451000e-05	-1.150541e-03	-4.346849e+00
1.452000e-05	-1.888759e-04	-4.232610e+00
1.453000e-05	-1.114845e-03	-4.161028e+00
1.454000e-05	-3.062524e-03	-4.074836e+00
1.455000e-05	-7.799063e-04	-4.011030e+00
1.456000e-05	-1.124359e-03	-3.959000e+00
1.457000e-05	-2.625029e-03	-3.850670e+00
1.458000e-05	-2.312791e-03	-3.706791e+00
1.459000e-05	-9.738914e-04	-3.621007e+00
1.460000e-05	-1.657339e-03	-3.549423e+00
1.461000e-05	-3.339148e-03	-3.433189e+00
1.462000e-05	-2.195488e-03	-3.390550e+00
1.463000e-05	-2.254712e-03	-3.294743e+00
1.464000e-05	-2.255736e-03	-3.189501e+00
1.465000e-05	-3.464875e-03	-3.128392e+00
1.466000e-05	-1.523476e-03	-3.022576e+00
1.467000e-05	-3.738088e-03	-2.883760e+00
1.468000e-05	-2.742832e-03	-2.778500e+00
1.469000e-05	-3.273412e-03	-2.694791e+00
1.470000e-05	-8.184401e-04	-2.589524e+00
1.471000e-05	-3.233557e-03	-2.462664e+00
1.472000e-05	-2.941547e-03	-2.401000e+00
1.473000e-05	-2.632607e-03	-2.356368e+00
1.474000e-05	-3.411673e-03	-2.181975e+00
1.475000e-05	-3.803985e-03	-2.001133e+00
1.476000e-05	-4.339986e-03	-1.956947e+00
1.477000e-05	-2.822648e-03	-1.894584e+00
1.478000e-05	-2.886886e-03	-1.736395e+00
1.479000e-05	-2.574006e-03	-1.631634e+00
1.480000e-05	-3.596533e-03	-1.569447e+00
1.481000e-05	-3.537426e-03	-1.422580e+00
1.482000e-05	-4.586215e-03	-1.251333e+00
1.483000e-05	-2.877593e-03	-1.117894e+00
1.484000e-05	-4.125696e-03	-1.033608e+00
1.485000e-05	-3.269850e-03	-9.338144e-01
1.486000e-05	-4.726204e-03	-8.019789e-01
1.487000e-05	-4.148268e-03	-7.163182e-01
1.488000e-05	-4.447847e-03	-5.594274e-01
1.489000e-05	-3.272483e-03	-4.211565e-01
1.490000e-05	-3.352315e-03	-3.188698e-01
1.491000e-05	-3.804744e-03	-2.625591e-01
1.492000e-05	-3.431245e-03	-1.473709e-01
1.493000e-05	-2.008703e-03	-2.160157e-02
1.494000e-05	-1.433827e-03	4.205382e-02
1.495000e-05	2.208576e-05	2.304687e-01
1.496000e-05	-2.829161e-03	3.371633e-01
1.497000e-05	-8.435051e-04	4.100238e-01
1.498000e-05	-3.103367e-03	5.066605e-01
1.499000e-05	-1.736100e-03	6.194237e-01
1.500000e-05	-1.810157e-03	7.058383e-01
1.501000e-05	7.689541e-03	7.800490e-01
1.502000e-05	3.556858e-02	8.957842e-01
1.503000e-05	3.082141e-02	1.103713e+00
1.504000e-05	-4.471386e-02	1.274687e+00
1.505000e-05	-8.053259e-02	1.399466e+00
1.506000e-05	-4.094109e-02	1.441055e+00
1.507000e-05	1.400965e-01	1.557892e+00
1.508000e-05	-2.914039e-02	1.767395e+00
1.509000e-05	-1.131697e-01	1.797471e+00
1.510000e-05	1.034315e-01	1.843534e+00
1.511000e-05	-1.574097e-03	2.011075e+00
1.512000e-05	-1.185677e-01	2.083759e+00
1.513000e-05	7.040883e-02	2.118392e+00
1.514000e-05	8.193651e-02	2.296108e+00
1.515000e-05	-1.553981e-01	2.418474e+00
1.516000e-05	6.449690e-02	2.432107e+00
1.517000e-05	6.896833e-02	2.627947e+00
1.518000e-05	-1.027957e-01	2.757970e+00
1.519000e-05	1.559583e-02	2.833604e+00
1.520000e-05	4.920415e-02	2.936791e+00
1.521000e-05	-7.099933e-02	3.000525e+00
1.522000e-05	3.003933e-02	3.135788e+00
1.523000e-05	1.597880e-02	3.208477e+00
1.524000e-05	-3.424130e-02	3.264753e+00
1.525000e-05	4.680742e-02	3.389476e+00
1.526000e-05	-4.215140e-02	3.566938e+00
1.527000e-05	-3.231378e-02	3.621550e+00
1.528000e-05	5.080281e-02	3.672686e+00
1.529000e-05	1.049611e-02	3.778497e+00
1.530000e-05	-5.682189e-02	3.924760e+00
1.531000e-05	2.437649e-02	3.967470e+00
1.532000e-05	6.913595e-03	4.040029e+00
1.533000e-05	-1.489787e-02	4.074158e+00
1.534000e-05	-1.054923e-02	4.260548e+00
1.535000e-05	7.564621e-04	4.356416e+00
1.536000e-05	2.399072e-02	4.409550e+00
1.537000e-05	-2.230079e-02	4.444583e+00
1.538000e-05	-2.114230e-02	4.535945e+00
1.539000e-05	5.449230e-03	4.612050e+00
1.540000e-05	2.673267e-02	4.734660e+00
1.541000e-05	-3.149163e-02	4.768470e+00
1.542000e-05	-1.463890e-02	4.810575e+00
1.543000e-05	2.538016e-02	4.894233e+00
1.544000e-05	1.841757e-04	4.979124e+00
1.545000e-05	-2.926396e-02	5.156842e+00
1.546000e-05	-2.841368e-03	5.190526e+00
1.547000e-05	1.944464e-02	5.242661e+00
1.548000e-05	-1.575927e-02	5.326392e+00
1.549000e-05	-1.066968e-02	5.379495e+00
1.550000e-05	-5.748263e-04	5.441080e+00
1.551000e-05	6.513021e-03	5.517241e+00
1.552000e-05	-1.629187e-02	5.548966e+00
1.553000e-05	-3.896564e-03	5.589974e+00
1.554000e-05	6.058741e-03	5.620073e+00
1.555000e-05	-7.528655e-03	5.651682e+00
1.556000e-05	-8.720098e-03	5.694282e+00
1.557000e-05	-1.482799e-03	5.798492e+00
1.558000e-05	5.750847e-04	5.881158e+00
1.559000e-05	-1.300828e-02	5.835383e+00
1.560000e-05	-4.395297e-03	5.936366e+00
1.561000e-05	4.739993e-04	5.999970e+00
1.562000e-05	-3.679828e-03	5.999501e+00
1.563000e-05	-5.929997e-03	6.000028e+00
1.564000e-05	-3.105502e-03	6.001078e+00
1.565000e-05	-6.126609e-03	6.032079e+00
1.566000e-05	-1.012547e-02	6.013654e+00
1.567000e-05	-1.389998e-03	6.093733e+00
1.568000e-05	-3.127200e-03	6.083739e+00
1.569000e-05	-7.375423e-03	6.114361e+00
1.570000e-05	-8.900812e-03	6.134841e+00
1.571000e-05	-1.940968e-03	6.146888e+00
1.572000e-05	-4.073652e-03	6.187894e+00
1.573000e-05	-8.723678e-03	6.155346e+00
1.574000e-05	-7.085856e-03	6.147946e+00
1.575000e-05	-6.580668e-03	6.158969e+00
1.576000e-05	-6.853200e-03	6.159974e+00
1.577000e-05	-8.801912e-03	6.168924e+00
1.578000e-05	-5.477054e-03	6.119420e+00
1.579000e-05	-8.680344e-03	6.176972e+00
1.580000e-05	-8.669283e-03	6.178418e+00
1.581000e-05	-8.586203e-03	6.156442e+00
1.582000e-05	-8.596456e-03	6.137466e+00
1.583000e-05	-9.745076e-03	6.137413e+00
1.584000e-05	-1.227340e-02	6.113311e+00
1.585000e-05	-1.149045e-02	6.084860e+00
1.586000e-05	-1.345510e-02	6.072756e+00
1.587000e-05	-1.256111e-02	6.011555e+00
1.588000e-05	-1.634466e-02	6.011078e+00
1.589000e-05	-1.657752e-02	6.010024e+00
1.590000e-05	-1.882168e-02	5.989975e+00
1.591000e-05	-1.945232e-02	5.979972e+00
1.592000e-05	-2.445415e-02	5.947944e+00
1.593000e-05	-2.864679e-02	5.935863e+00
1.594000e-05	-2.870114e-02	5.864753e+00
1.595000e-05	-3.047309e-02	5.789970e+00
1.596000e-05	-2.965681e-02	5.665287e+00
1.597000e-05	-2.781365e-02	5.651681e+00
1.598000e-05	-2.258149e-02	5.620026e+00
1.599000e-05	-2.008208e-02	5.599975e+00
1.600000e-05	-1.740551e-02	5.547475e+00
1.601000e-05	-1.297779e-02	5.504813e+00
1.602000e-05	-1.315654e-02	5.402055e+00
1.603000e-05	-1.075950e-02	5.410000e+00
1.604000e-05	-1.215336e-02	5.317473e+00
1.605000e-05	-9.394375e-03	5.253636e+00
1.606000e-05	-1.199568e-02	5.220629e+00
1.607000e-05	-7.753831e-03	5.179417e+00
1.608000e-05	-7.859008e-03	5.035788e+00
1.609000e-05	-5.304088e-03	4.926347e+00
1.610000e-05	-7.095224e-03	4.861732e+00
1.611000e-05	-6.311643e-03	4.789474e+00
1.612000e-05	-6.181253e-03	4.708391e+00
1.613000e-05	-7.618503e-03	4.652737e+00
1.614000e-05	-7.529243e-03	4.611026e+00
1.615000e-05	-5.803144e-03	4.516342e+00
1.616000e-05	-6.081746e-03	4.442659e+00
1.617000e-05	-5.913546e-03	4.390998e+00
1.618000e-05	-4.915880e-03	4.356441e+00
1.619000e-05	-4.249580e-03	4.190651e+00
1.620000e-05	-5.381562e-03	4.085837e+00
1.621000e-05	-5.329998e-03	3.993050e+00
1.622000e-05	-3.713750e-03	3.947916e+00
1.623000e-05	-4.814597e-03	3.841732e+00
1.624000e-05	-5.716616e-03	3.768420e+00
1.625000e-05	-5.955105e-03	3.684833e+00
1.626000e-05	-3.828049e-03	3.601026e+00
1.627000e-05	-4.416354e-03	3.497945e+00
1.628000e-05	-4.719899e-03	3.352153e+00
1.629000e-05	-4.021264e-03	3.236129e+00
1.630000e-05	-3.063235e-03	3.210450e+00
1.631000e-05	-4.238382e-03	3.105865e+00
1.632000e-05	-3.802400e-03	3.001501e+00
1.633000e-05	-4.889446e-03	2.936316e+00
1.634000e-05	-4.600128e-03	2.824582e+00
1.635000e-05	-5.117561e-03	2.728420e+00
1.636000e-05	-3.074773e-03	2.632601e+00
1.637000e-05	-3.753433e-03	2.465161e+00
1.638000e-05	-3.819668e-03	2.390421e+00
1.639000e-05	-3.520538e-03	2.293238e+00
1.640000e-05	-3.796461e-03	2.189998e+00
1.641000e-05	-3.975763e-03	2.103711e+00
1.642000e-05	-3.705338e-03	2.000550e+00
1.643000e-05	-3.669826e-03	1.925167e+00
1.644000e-05	-3.855748e-03	1.788972e+00
1.645000e-05	-4.284135e-03	1.634707e+00
1.646000e-05	-4.789063e-03	1.549470e+00
1.647000e-05	-2.896963e-03	1.412551e+00
1.648000e-05	-4.555801e-03	1.315739e+00
1.649000e-05	-2.014406e-03	1.212498e+00
1.650000e-05	-2.382700e-03	1.064687e+00
1.651000e-05	-3.020748e-03	8.842908e-01
1.652000e-05	-3.687677e-03	8.000001e-01
1.653000e-05	-5.581100e-03	6.952858e-01
1.654000e-05	-3.952846e-03	5.804475e-01
1.655000e-05	-4.566423e-03	4.742332e-01
1.656000e-05	-3.364201e-03	3.679701e-01
1.657000e-05	-3.664679e-03	2.541579e-01
1.658000e-05	-2.520048e-03	1.174132e-01
1.659000e-05	-1.566216e-03	1.055255e-02
1.660000e-05	2.584821e-04	-9.466292e-02
1.661000e-05	3.962969e-04	-2.009498e-01
1.662000e-05	-1.446326e-03	-2.927106e-01
1.663000e-05	-2.170630e-03	-3.884212e-01
1.664000e-05	-2.268961e-03	-4.421091e-01
1.665000e-05	-2.965437e-03	-5.878699e-01
1.666000e-05	-6.284179e-04	-7.469193e-01
1.667000e-05	2.134668e-02	-8.105514e-01
1.668000e-05	5.723596e-02	-8.758118e-01
1.669000e-05	-3.098020e-02	-1.083184e+00
1.670000e-05	-6.750179e-02	-1.346232e+00
1.671000e-05	-8.229693e-02	-1.429560e+00
1.672000e-05	1.398757e-01	-1.402009e+00
1.673000e-05	-4.639245e-03	-1.482641e+00
1.674000e-05	-1.158814e-01	-1.721634e+00
1.675000e-05	3.443294e-02	-1.799524e+00
1.676000e-05	7.810710e-02	-1.788501e+00
1.677000e-05	-1.928567e-01	-1.986870e+00
1.678000e-05	2.550505e-03	-2.031659e+00
1.679000e-05	1.655313e-01	-2.104816e+00
1.680000e-05	-1.196912e-01	-2.283608e+00
1.681000e-05	-4.185941e-02	-2.401504e+00
1.682000e-05	1.486177e-01	-2.473184e+00
1.683000e-05	-1.123979e-01	-2.620003e+00
1.684000e-05	-3.425985e-02	-2.785337e+00
1.685000e-05	1.065774e-01	-2.789550e+00
1.686000e-05	-8.483073e-02	-2.884685e+00
1.687000e-05	2.693252e-02	-3.071027e+00
1.688000e-05	3.471551e-02	-3.156390e+00
1.689000e-05	-7.279925e-02	-3.272108e+00
1.690000e-05	7.119742e-02	-3.346820e+00
1.691000e-05	1.263733e-02	-3.389525e+00
1.692000e-05	-1.242229e-01	-3.557315e+00
1.693000e-05	1.107709e-01	-3.578971e+00
1.694000e-05	1.035490e-02	-3.624059e+00
1.695000e-05	-8.770781e-02	-3.789001e+00
1.696000e-05	6.408294e-02	-3.906940e+00
1.697000e-05	-2.176899e-03	-4.000550e+00
1.698000e-05	-1.923968e-02	-4.044583e+00
1.699000e-05	-1.218030e-02	-4.137342e+00
1.700000e-05	-1.313791e-02	-4.230027e+00
1.701000e-05	6.836573e-02	-4.305187e+00
1.702000e-05	-2.954570e-02	-4.337945e+00
1.703000e-05	-5.667925e-02	-4.418529e+00
1.704000e-05	4.178643e-02	-4.464708e+00
1.705000e-05	2.029886e-02	-4.588921e+00
1.706000e-05	-2.654455e-02	-4.641235e+00
1.707000e-05	-2.026653e-02	-4.746268e+00
1.708000e-05	2.564444e-02	-4.781024e+00
1.709000e-05	2.919822e-02	-4.844728e+00
1.710000e-05	-5.982449e-02	-4.977441e+00
1.711000e-05	9.296934e-03	-5.010026e+00
1.712000e-05	3.699782e-02	-5.064761e+00
1.713000e-05	-2.253334e-02	-5.156894e+00
1.714000e-05	-1.311542e-02	-5.229528e+00
1.715000e-05	2.426924e-03	-5.273714e+00
1.716000e-05	2.526166e-02	-5.334874e+00
1.717000e-05	-1.608378e-02	-5.472182e+00
1.718000e-05	-1.993714e-02	-5.517871e+00
1.719000e-05	2.279679e-02	-5.597972e+00
1.720000e-05	-1.915453e-04	-5.610579e+00
1.721000e-05	-1.282240e-02	-5.613055e+00
1.722000e-05	5.201863e-03	-5.694762e+00
1.723000e-05	3.726370e-03	-5.725915e+00
1.724000e-05	-2.293138e-03	-5.776450e+00
1.725000e-05	-8.525191e-03	-5.799474e+00
1.726000e-05	6.484500e-03	-5.840630e+00
1.727000e-05	5.465312e-03	-5.811712e+00
1.728000e-05	-8.500042e-03	-5.936311e+00
1.729000e-05	4.156442e-03	-5.938343e+00
1.730000e-05	-7.636983e-04	-5.956897e+00
1.731000e-05	-4.040607e-03	-5.959000e+00
1.732000e-05	2.103271e-03	-5.989999e+00
1.733000e-05	1.128050e-03	-6.000024e+00
1.734000e-05	5.800359e-04	-6.030503e+00
1.735000e-05	-4.577036e-03	-6.021053e+00
1.736000e-05	4.516101e-03	-6.012553e+00
1.737000e-05	2.365269e-03	-6.022111e+00
1.738000e-05	-3.525800e-03	-6.052079e+00
1.739000e-05	9.309301e-06	-6.003685e+00
1.740000e-05	3.604753e-03	-6.093609e+00
1.741000e-05	8.413251e-04	-6.053209e+00
1.742000e-05	-2.794072e-04	-6.052658e+00
1.743000e-05	4.351092e-03	-6.044157e+00
1.744000e-05	3.003983e-03	-6.021589e+00
1.745000e-05	1.075703e-03	-6.062630e+00
1.746000e-05	2.360346e-03	-6.032657e+00
1.747000e-05	5.008293e-03	-6.053609e+00
1.748000e-05	4.330163e-03	-6.020659e+00
1.749000e-05	3.551835e-03	-6.011554e+00
1.750000e-05	4.951293e-03	-6.001504e+00
1.751000e-05	6.492097e-03	-6.019525e+00
1.752000e-05	7.810483e-03	-5.999476e+00
1.753000e-05	7.994184e-03	-5.999024e+00
1.754000e-05	9.460490e-03	-5.977898e+00
1.755000e-05	1.035647e-02	-5.947445e+00
1.756000e-05	1.477117e-02	-5.895767e+00
1.757000e-05	1.539707e-02	-5.873715e+00
1.758000e-05	1.734265e-02	-5.852632e+00
1.759000e-05	2.082752e-02	-5.811075e+00
1.760000e-05	2.456706e-02	-5.789024e+00
1.761000e-05	2.430044e-02	-5.736392e+00
1.762000e-05	2.226129e-02	-5.683656e+00
1.763000e-05	2.168399e-02	-5.581179e+00
1.764000e-05	1.710708e-02	-5.590579e+00
1.765000e-05	1.367527e-02	-5.589046e+00
1.766000e-05	1.071862e-02	-5.516893e+00
1.767000e-05	7.364457e-03	-5.454662e+00
1.768000e-05	6.209553e-03	-5.346046e+00
1.769000e-05	5.646352e-03	-5.264790e+00
1.770000e-05	5.041757e-03	-5.201055e+00
1.771000e-05	2.683502e-03	-5.178423e+00
1.772000e-05	2.621655e-03	-5.125369e+00
1.773000e-05	2.957657e-03	-5.003104e+00
1.774000e-05	2.527603e-03	-4.990025e+00
1.775000e-05	-2.859229e-05	-4.875742e+00
1.776000e-05	1.204436e-03	-4.789524e+00
1.777000e-05	1.588955e-03	-4.685292e+00
1.778000e-05	-7.049756e-04	-4.643479e+00
1.779000e-05	-1.429425e-03	-4.619475e+00
1.780000e-05	1.369215e-03	-4.505316e+00
1.781000e-05	-2.075032e-06	-4.442557e+00
1.782000e-05	-1.364986e-03	-4.389001e+00
1.783000e-05	-6.391061e-04	-4.327242e+00
1.784000e-05	4.279992e-04	-4.262629e+00
1.785000e-05	-1.886686e-03	-4.169423e+00
1.786000e-05	-3.201028e-03	-4.095735e+00
1.787000e-05	-1.622807e-03	-4.001523e+00
1.788000e-05	-3.062440e-04	-3.908919e+00
1.789000e-05	-3.150504e-03	-3.834057e+00
1.790000e-05	-2.623835e-03	-3.663440e+00
1.791000e-05	-1.282756e-03	-3.600104e+00
1.792000e-05	-2.528875e-03	-3.557365e+00
1.793000e-05	-3.652844e-03	-3.424636e+00
1.794000e-05	-2.329574e-03	-3.368397e+00
1.795000e-05	-1.573509e-03	-3.283662e+00
1.796000e-05	-3.388306e-03	-3.179501e+00
1.797000e-05	-2.597555e-03	-3.096263e+00
1.798000e-05	-3.135424e-03	-2.948945e+00
1.799000e-05	-3.244416e-03	-2.862081e+00
1.800000e-05	-3.563069e-03	-2.758445e+00
1.801000e-05	-2.718101e-03	-2.673606e+00
1.802000e-05	-1.946718e-03	-2.557420e+00
1.803000e-05	-2.838417e-03	-2.502160e+00
1.804000e-05	-2.155509e-03	-2.380024e+00
1.805000e-05	-2.928626e-03	-2.274183e+00
1.806000e-05	-3.993998e-03	-2.105391e+00
1.807000e-05	-3.369757e-03	-2.021050e+00
1.808000e-05	-4.007107e-03	-1.917395e+00
1.809000e-05	-2.968091e-03	-1.802082e+00
1.810000e-05	-3.579933e-03	-1.706792e+00
1.811000e-05	-1.762921e-03	-1.620607e+00
1.812000e-05	-3.155166e-03	-1.528292e+00
1.813000e-05	-2.970170e-03	-1.377980e+00
1.814000e-05	-3.246466e-03	-1.232507e+00
1.815000e-05	-3.075968e-03	-1.106789e+00
1.816000e-05	-4.013280e-03	-1.009576e+00
1.817000e-05	-3.814513e-03	-8.842365e-01
1.818000e-05	-3.793460e-03	-7.800513e-01
1.819000e-05	-3.696751e-03	-7.142894e-01
1.820000e-05	-3.971682e-03	-5.272946e-01
1.821000e-05	-3.343460e-03	-3.915025e-01
1.822000e-05	-3.251704e-03	-3.448147e-01
1.823000e-05	-3.309522e-03	-2.004777e-01
1.824000e-05	-3.090430e-03	-8.576321e-02
1.825000e-05	-2.517751e-03	-1.855137e-02
1.826000e-05	8.041629e-04	1.032330e-01
1.827000e-05	-6.758682e-04	2.110503e-01
1.828000e-05	-2.083757e-03	3.778698e-01
1.829000e-05	-2.505552e-03	4.610814e-01
1.830000e-05	-2.692667e-03	5.563696e-01
1.831000e-05	-2.075626e-03	6.415238e-01
1.832000e-05	-3.857755e-04	7.359683e-01
1.833000e-05	1.255889e-02	8.115038e-01
1.834000e-05	4.401291e-02	9.363134e-01
1.835000e-05	9.353990e-03	1.156917e+00
1.836000e-05	-5.637866e-02	1.304786e+00
1.837000e-05	-9.455410e-02	1.408951e+00
1.838000e-05	2.559398e-02	1.454611e+00
1.839000e-05	1.191815e-01	1.648548e+00
1.840000e-05	-7.004103e-02	1.736921e+00
1.841000e-05	-9.514688e-02	1.789078e+00
1.842000e-05	1.470031e-01	1.895661e+00
1.843000e-05	-9.043068e-02	2.030551e+00
1.844000e-05	-6.792861e-02	2.105288e+00
1.845000e-05	1.121544e-01	2.179449e+00
1.846000e-05	-5.512025e-04	2.346788e+00
1.847000e-05	-1.313317e-01	2.439624e+00
1.848000e-05	1.181728e-01	2.434106e+00
1.849000e-05	5.770431e-03	2.639082e+00
1.850000e-05	-9.800847e-02	2.778476e+00
1.851000e-05	6.200361e-02	2.854607e+00
1.852000e-05	-2.770674e-03	2.947393e+00
1.853000e-05	-5.212352e-02	3.053653e+00
1.854000e-05	4.405193e-02	3.158415e+00
1.855000e-05	-5.739068e-03	3.221534e+00
1.856000e-05	-2.299638e-02	3.295286e+00
1.857000e-05	4.902880e-02	3.474007e+00
1.858000e-05	-7.429660e-02	3.578472e+00
1.859000e-05	7.936724e-04	3.631004e+00
1.860000e-05	5.541560e-02	3.735768e+00
1.861000e-05	-2.418802e-02	3.862553e+00
1.862000e-05	-3.517859e-02	3.905792e+00
1.863000e-05	2.218422e-02	3.988472e+00
1.864000e-05	6.693035e-03	4.019575e+00
1.865000e-05	-2.543568e-02	4.106789e+00
1.866000e-05	-1.234406e-03	4.252599e+00
1.867000e-05	2.743026e-03	4.367394e+00
1.868000e-05	2.372310e-02	4.412053e+00
1.869000e-05	-3.174698e-02	4.485240e+00
1.870000e-05	-1.488062e-02	4.569896e+00
1.871000e-05	1.946662e-02	4.640060e+00
1.872000e-05	1.009868e-02	4.745665e+00
1.873000e-05	-3.407306e-02	4.788999e+00
1.874000e-05	-4.857641e-03	4.821107e+00
1.875000e-05	3.216931e-02	4.927371e+00
1.876000e-05	-1.878158e-02	5.071274e+00
1.877000e-05	-2.207207e-02	5.156872e+00
1.878000e-05	4.816816e-03	5.221552e+00
1.879000e-05	1.380189e-02	5.272661e+00
1.880000e-05	-1.983581e-02	5.327367e+00
1.881000e-05	-7.161406e-03	5.399523e+00
1.882000e-05	7.747587e-03	5.433084e+00
1.883000e-05	-3.317927e-03	5.506315e+00
1.884000e-05	-1.338138e-02	5.589418e+00
1.885000e-05	-2.904861e-03	5.590471e+00
1.886000e-05	6.251384e-03	5.640678e+00
1.887000e-05	-1.317235e-02	5.673680e+00
1.888000e-05	-3.454460e-03	5.684763e+00
1.889000e-05	1.004337e-03	5.782471e+00
1.890000e-05	-3.610608e-03	5.882205e+00
1.891000e-05	-1.134227e-02	5.876767e+00
1.892000e-05	-2.822193e-03	5.946945e+00
1.893000e-05	1.307029e-03	5.979922e+00
1.894000e-05	-8.268412e-03	5.999525e+00
1.895000e-05	-2.508957e-03	6.010501e+00
1.896000e-05	-4.756147e-03	6.040579e+00
1.897000e-05	-6.929324e-03	6.022152e+00
1.898000e-05	-8.746250e-03	6.044132e+00
1.899000e-05	2.937521e-05	6.074232e+00
1.900000e-05	-4.829015e-03	6.135736e+00
1.901000e-05	-9.849523e-03	6.134866e+00
1.902000e-05	-6.847383e-03	6.126867e+00
1.903000e-05	-2.985516e-03	6.148369e+00
1.904000e-05	-5.516456e-03	6.126970e+00
1.905000e-05	-9.667534e-03	6.187442e+00
1.906000e-05	-3.791907e-03	6.188471e+00
1.907000e-05	-7.103059e-03	6.158395e+00
1.908000e-05	-7.927717e-03	6.177946e+00
1.909000e-05	-8.431194e-03	6.186445e+00
1.910000e-05	-6.870353e-03	6.169422e+00
1.911000e-05	-8.123353e-03	6.177974e+00
1.912000e-05	-9.158370e-03	6.158921e+00
1.913000e-05	-7.991149e-03	6.138419e+00
1.914000e-05	-1.005297e-02	6.126416e+00
1.915000e-05	-9.704540e-03	6.087290e+00
1.916000e-05	-1.277588e-02	6.095341e+00
1.917000e-05	-1.141373e-02	6.093734e+00
1.918000e-05	-1.342055e-02	6.053630e+00
1.919000e-05	-1.261864e-02	6.041529e+00
1.920000e-05	-1.603674e-02	6.010576e+00
1.921000e-05	-1.891900e-02	5.999525e+00
1.922000e-05	-1.977421e-02	5.989950e+00
1.923000e-05	-2.150086e-02	5.988447e+00
1.924000e-05	-2.464606e-02	5.899391e+00
1.925000e-05	-2.875968e-02	5.886261e+00
1.926000e-05	-2.874084e-02	5.809658e+00
1.927000e-05	-2.955458e-02	5.717441e+00
1.928000e-05	-2.848280e-02	5.644161e+00
1.929000e-05	-2.540719e-02	5.633103e+00
1.930000e-05	-2.193947e-02	5.600528e+00
1.931000e-05	-1.863884e-02	5.589472e+00
1.932000e-05	-1.700343e-02	5.505868e+00
1.933000e-05	-1.259724e-02	5.493132e+00
1.934000e-05	-1.291590e-02	5.412624e+00
1.935000e-05	-1.022792e-02	5.379921e+00
1.936000e-05	-9.861548e-03	5.317292e+00
1.937000e-05	-1.011198e-02	5.243732e+00
1.938000e-05	-9.820701e-03	5.191073e+00
1.939000e-05	-7.921988e-03	5.106865e+00
1.940000e-05	-6.920170e-03	5.050177e+00
1.941000e-05	-8.864689e-03	4.907290e+00
1.942000e-05	-7.905760e-03	4.813603e+00
1.943000e-05	-6.868330e-03	4.799471e+00
1.944000e-05	-5.368866e-03	4.705893e+00
1.945000e-05	-6.822005e-03	4.642208e+00
1.946000e-05	-6.054057e-03	4.568998e+00
1.947000e-05	-5.584678e-03	4.515663e+00
1.948000e-05	-5.606972e-03	4.412154e+00
1.949000e-05	-5.505225e-03	4.378473e+00
1.950000e-05	-4.610377e-03	4.313262e+00
1.951000e-05	-5.431678e-03	4.178471e+00
1.952000e-05	-5.679996e-03	4.053661e+00
1.953000e-05	-4.937244e-03	3.969001e+00
1.954000e-05	-4.223025e-03	3.937866e+00
1.955000e-05	-5.245840e-03	3.831101e+00
1.956000e-05	-5.789960e-03	3.736917e+00
1.957000e-05	-3.807099e-03	3.642656e+00
1.958000e-05	-3.189830e-03	3.588999e+00
1.959000e-05	-5.036653e-03	3.465763e+00
1.960000e-05	-4.737882e-03	3.350446e+00
1.961000e-05	-3.405825e-03	3.242110e+00
1.962000e-05	-3.895109e-03	3.150442e+00
1.963000e-05	-5.313163e-03	3.074785e+00
1.964000e-05	-3.276041e-03	2.990449e+00
1.965000e-05	-3.670524e-03	2.854288e+00
1.966000e-05	-4.510538e-03	2.791053e+00
1.967000e-05	-5.021763e-03	2.696892e+00
1.968000e-05	-3.856995e-03	2.589425e+00
1.969000e-05	-3.408760e-03	2.434733e+00
1.970000e-05	-4.537068e-03	2.317469e+00
1.971000e-05	-4.471538e-03	2.253079e+00
1.972000e-05	-3.933219e-03	2.157971e+00
1.973000e-05	-3.687734e-03	2.043683e+00
1.974000e-05	-4.714020e-03	1.979047e+00
1.975000e-05	-4.398940e-03	1.894204e+00
1.976000e-05	-3.800909e-03	1.695946e+00
1.977000e-05	-2.340197e-03	1.642056e+00
1.978000e-05	-4.165227e-03	1.505887e+00
1.979000e-05	-4.663471e-03	1.388525e+00
1.980000e-05	-3.899538e-03	1.264735e+00
1.981000e-05	-2.794949e-03	1.178970e+00
1.982000e-05	-2.798453e-03	1.081178e+00
1.983000e-05	-3.189459e-03	9.026331e-01
1.984000e-05	-4.049755e-03	7.594435e-01
1.985000e-05	-3.977629e-03	6.441805e-01
1.986000e-05	-4.182652e-03	5.279459e-01
1.987000e-05	-4.186200e-03	4.035291e-01
1.988000e-05	-3.604447e-03	3.484175e-01
1.989000e-05	-3.477384e-03	2.321029e-01
1.990000e-05	-1.874657e-03	5.468545e-02
1.991000e-05	-3.130623e-03	-2.007889e-02
1.992000e-05	2.858217e-04	-1.252907e-01
1.993000e-05	2.211100e-04	-2.206789e-01
1.994000e-05	-7.451943e-04	-3.263194e-01
1.995000e-05	-2.204135e-03	-4.089238e-01
1.996000e-05	-2.614698e-03	-4.936832e-01
1.997000e-05	-2.187753e-03	-6.326028e-01
1.998000e-05	2.272901e-03	-7.564422e-01
1.999000e-05	3.448419e-02	-8.420540e-01
2.000000e-05	4.555753e-02	-9.278659e-01
2.001000e-05	-5.597251e-02	-1.137316e+00
2.002000e-05	-7.450152e-02	-1.395422e+00
2.003000e-05	-3.900292e-02	-1.441010e+00
2.004000e-05	1.468259e-01	-1.379125e+00
2.005000e-05	-5.630639e-02	-1.565286e+00
2.006000e-05	-1.234251e-01	-1.766769e+00
2.007000e-05	1.305375e-01	-1.786923e+00
2.008000e-05	-2.386549e-02	-1.800527e+00
2.009000e-05	-1.677263e-01	-2.008422e+00
2.010000e-05	8.070850e-02	-2.062634e+00
2.011000e-05	1.097221e-01	-2.154343e+00
2.012000e-05	-1.641673e-01	-2.335766e+00
2.013000e-05	5.655588e-02	-2.441126e+00
2.014000e-05	8.434181e-02	-2.486193e+00
2.015000e-05	-1.335063e-01	-2.671180e+00
2.016000e-05	2.589719e-02	-2.796892e+00
2.017000e-05	7.246785e-02	-2.810028e+00
2.018000e-05	-1.016571e-01	-2.938293e+00
2.019000e-05	7.929570e-02	-3.051683e+00
2.020000e-05	-2.024689e-02	-3.197876e+00
2.021000e-05	-4.690468e-02	-3.274184e+00
2.022000e-05	1.024371e-01	-3.356370e+00
2.023000e-05	-6.675441e-02	-3.432057e+00
2.024000e-05	-6.402162e-02	-3.576921e+00
2.025000e-05	1.252466e-01	-3.609499e+00
2.026000e-05	-4.663652e-02	-3.664163e+00
2.027000e-05	-4.930241e-02	-3.809609e+00
2.028000e-05	7.099173e-02	-3.955842e+00
2.029000e-05	-2.604495e-02	-4.021630e+00
2.030000e-05	-9.854912e-03	-4.052705e+00
2.031000e-05	-1.802413e-02	-4.125870e+00
2.032000e-05	1.022972e-02	-4.252107e+00
2.033000e-05	6.378999e-02	-4.326744e+00
2.034000e-05	-6.579005e-02	-4.390000e+00
2.035000e-05	-2.317366e-02	-4.420026e+00
2.036000e-05	4.886763e-02	-4.536738e+00
2.037000e-05	1.515219e-03	-4.610004e+00
2.038000e-05	-2.747226e-02	-4.684739e+00
2.039000e-05	-1.252472e-02	-4.736366e+00
2.040000e-05	4.377403e-02	-4.830053e+00
2.041000e-05	-2.723688e-03	-4.902812e+00
2.042000e-05	-5.175732e-02	-4.987449e+00
2.043000e-05	3.000633e-02	-5.040533e+00
2.044000e-05	2.144132e-02	-5.113708e+00
2.045000e-05	-2.955486e-02	-5.156424e+00
2.046000e-05	-4.406293e-03	-5.201054e+00
2.047000e-05	9.165464e-03	-5.284265e+00
2.048000e-05	2.052283e-02	-5.390876e+00
2.049000e-05	-2.640752e-02	-5.495259e+00
2.050000e-05	-7.905256e-03	-5.546899e+00
2.051000e-05	2.523162e-02	-5.598972e+00
2.052000e-05	-1.125063e-02	-5.599503e+00
2.053000e-05	-3.948384e-03	-5.673630e+00
2.054000e-05	3.302520e-03	-5.665310e+00
2.055000e-05	4.035960e-03	-5.716872e+00
2.056000e-05	-6.405930e-03	-5.787971e+00
2.057000e-05	-6.174957e-03	-5.840028e+00
2.058000e-05	1.000333e-02	-5.822107e+00
2.059000e-05	-1.275138e-03	-5.873662e+00
2.060000e-05	-4.797632e-03	-5.924918e+00
2.061000e-05	4.255491e-03	-5.948170e+00
2.062000e-05	-2.290438e-03	-5.957471e+00
2.063000e-05	-2.476588e-03	-5.989447e+00
2.064000e-05	3.598784e-03	-5.978974e+00
2.065000e-05	1.217035e-03	-5.999024e+00
2.066000e-05	-1.403189e-03	-6.011526e+00
2.067000e-05	-3.005022e-03	-6.031079e+00
2.068000e-05	6.057880e-03	-6.040578e+00
2.069000e-05	3.133648e-04	-6.010526e+00
2.070000e-05	-3.608086e-03	-6.022130e+00
2.071000e-05	3.179206e-03	-6.052658e+00
2.072000e-05	4.188716e-03	-6.031709e+00
2.073000e-05	1.165573e-03	-6.022114e+00
2.074000e-05	-1.074930e-03	-6.041657e+00
2.075000e-05	3.594192e-03	-6.043677e+00
2.076000e-05	2.738059e-03	-6.062779e+00
2.077000e-05	1.859206e-03	-6.053232e+00
2.078000e-05	4.331451e-03	-6.031579e+00
2.079000e-05	4.028103e-03	-6.042107e+00
2.080000e-05	3.869991e-03	-6.021529e+00
2.081000e-05	3.845706e-03	-6.009529e+00
2.082000e-05	6.277986e-03	-6.010026e+00
2.083000e-05	7.161624e-03	-5.990525e+00
2.084000e-05	7.677238e-03	-5.999999e+00
2.085000e-05	8.260420e-03	-5.969500e+00
2.086000e-05	1.066523e-02	-5.977972e+00
2.087000e-05	1.225364e-02	-5.966922e+00
2.088000e-05	1.409207e-02	-5.881838e+00
2.089000e-05	1.600417e-02	-5.884683e+00
2.090000e-05	1.821852e-02	-5.800100e+00
2.091000e-05	2.208027e-02	-5.770551e+00
2.092000e-05	2.484147e-02	-5.749900e+00
2.093000e-05	2.420489e-02	-5.684740e+00
2.094000e-05	2.184179e-02	-5.652685e+00
2.095000e-05	1.981312e-02	-5.581105e+00
2.096000e-05	1.526810e-02	-5.599501e+00
2.097000e-05	1.319106e-02	-5.548501e+00
2.098000e-05	1.036896e-02	-5.528389e+00
2.099000e-05	8.516164e-03	-5.433687e+00
2.100000e-05	5.118442e-03	-5.356345e+00
2.101000e-05	5.392630e-03	-5.274787e+00
2.102000e-05	3.830578e-03	-5.199577e+00
2.103000e-05	1.965151e-03	-5.146872e+00
2.104000e-05	3.135804e-03	-5.104237e+00
2.105000e-05	3.561894e-03	-5.020578e+00
2.106000e-05	1.200475e-03	-4.887524e+00
2.107000e-05	3.515841e-04	-4.913685e+00
2.108000e-05	1.149261e-03	-4.666350e+00
2.109000e-05	2.044748e-03	-4.685831e+00
2.110000e-05	-7.184376e-04	-4.630559e+00
2.111000e-05	-4.021145e-04	-4.550523e+00
2.112000e-05	8.291406e-04	-4.476291e+00
2.113000e-05	-5.130542e-04	-4.441104e+00
2.114000e-05	-2.050463e-03	-4.379424e+00
2.115000e-05	-2.312297e-04	-4.295842e+00
2.116000e-05	-9.009440e-05	-4.210630e+00
2.117000e-05	-2.787626e-03	-4.146422e+00
2.118000e-05	-1.874188e-03	-4.065210e+00
2.119000e-05	-2.330417e-04	-3.969499e+00
2.120000e-05	-1.212607e-03	-3.896792e+00
2.121000e-05	-3.908843e-03	-3.748998e+00
2.122000e-05	-2.170205e-03	-3.642232e+00
2.123000e-05	-7.042183e-04	-3.591500e+00
2.124000e-05	-2.976620e-03	-3.495888e+00
2.125000e-05	-3.071083e-03	-3.411576e+00
2.126000e-05	-2.212643e-03	-3.336392e+00
2.127000e-05	-1.893497e-03	-3.251057e+00
2.128000e-05	-3.967620e-03	-3.199476e+00
2.129000e-05	-2.601554e-03	-3.072185e+00
2.130000e-05	-2.459759e-03	-2.935366e+00
2.131000e-05	-3.093930e-03	-2.801581e+00
2.132000e-05	-3.584634e-03	-2.716871e+00
2.133000e-05	-3.416604e-03	-2.601681e+00
2.134000e-05	-2.626794e-03	-2.525687e+00
2.135000e-05	-2.956677e-03	-2.412549e+00
2.136000e-05	-3.445281e-03	-2.318474e+00
2.137000e-05	-3.655807e-03	-2.242740e+00
2.138000e-05	-4.173346e-03	-2.064211e+00
2.139000e-05	-3.719798e-03	-1.959450e+00
2.140000e-05	-3.278571e-03	-1.914839e+00
2.141000e-05	-2.263665e-03	-1.780002e+00
2.142000e-05	-3.911859e-03	-1.683783e+00
2.143000e-05	-2.432055e-03	-1.600576e+00
2.144000e-05	-3.577968e-03	-1.504769e+00
2.145000e-05	-2.604923e-03	-1.328896e+00
2.146000e-05	-4.066902e-03	-1.189525e+00
2.147000e-05	-2.146942e-03	-1.114262e+00
2.148000e-05	-4.325344e-03	-9.568998e-01
2.149000e-05	-3.799555e-03	-8.716853e-01
2.150000e-05	-5.014984e-03	-7.699963e-01
2.151000e-05	-3.898396e-03	-6.306153e-01
2.152000e-05	-3.280231e-03	-5.042356e-01
2.153000e-05	-3.073947e-03	-3.900511e-01
2.154000e-05	-3.583373e-03	-2.947842e-01
2.155000e-05	-4.290560e-03	-1.794987e-01
2.156000e-05	-1.820867e-03	-7.328669e-02
2.157000e-05	-1.663298e-03	3.902500e-02
2.158000e-05	-4.659876e-04	1.372329e-01
2.159000e-05	-2.581220e-03	3.138054e-01
2.160000e-05	-1.163536e-03	3.889211e-01
2.161000e-05	-2.730351e-03	4.631803e-01
2.162000e-05	-2.786815e-03	5.374172e-01
2.163000e-05	-3.003103e-03	6.747054e-01
2.164000e-05	1.998572e-03	7.788684e-01
2.165000e-05	2.163652e-02	8.521040e-01
2.166000e-05	4.741119e-02	1.000878e+00
2.167000e-05	-1.502551e-02	1.219520e+00
2.168000e-05	-6.324956e-02	1.338345e+00
2.169000e-05	-9.544213e-02	1.409531e+00
2.170000e-05	9.032233e-02	1.488632e+00
2.171000e-05	6.457970e-02	1.674161e+00
2.172000e-05	-9.471797e-02	1.820495e+00
2.173000e-05	-3.409225e-02	1.800499e+00
2.174000e-05	1.271850e-01	1.936318e+00
2.175000e-05	-1.467802e-01	2.053102e+00
2.176000e-05	-1.116279e-02	2.147462e+00
2.177000e-05	1.336542e-01	2.202025e+00
2.178000e-05	-8.664155e-02	2.358420e+00
2.179000e-05	-6.195544e-02	2.410031e+00
2.180000e-05	1.295935e-01	2.506763e+00
2.181000e-05	-5.150083e-02	2.693735e+00
2.182000e-05	-6.631399e-02	2.788999e+00
2.183000e-05	8.375197e-02	2.875182e+00
2.184000e-05	-4.801560e-02	2.977549e+00
2.185000e-05	-1.691000e-02	3.075707e+00
2.186000e-05	4.003027e-02	3.188892e+00
2.187000e-05	-2.318481e-02	3.231528e+00
2.188000e-05	4.568006e-03	3.367267e+00
2.189000e-05	2.421083e-02	3.472732e+00
2.190000e-05	-7.818083e-02	3.627499e+00
2.191000e-05	2.907234e-02	3.642102e+00
2.192000e-05	4.615107e-02	3.727872e+00
2.193000e-05	-5.422690e-02	3.811105e+00
2.194000e-05	-2.919268e-03	3.926416e+00
2.195000e-05	1.418201e-02	4.019549e+00
2.196000e-05	-6.722407e-04	4.052080e+00
2.197000e-05	-2.647756e-02	4.166847e+00
2.198000e-05	4.050797e-03	4.316288e+00
2.199000e-05	1.061928e-02	4.399525e+00
2.200000e-05	7.329304e-03	4.452053e+00
2.201000e-05	-3.035071e-02	4.515288e+00
2.202000e-05	-9.838149e-03	4.589024e+00
2.203000e-05	2.810827e-02	4.654654e+00
2.204000e-05	-9.616629e-03	4.747940e+00
2.205000e-05	-2.657732e-02	4.810473e+00
2.206000e-05	6.035218e-03	4.812678e+00
2.207000e-05	2.632618e-02	4.958469e+00
2.208000e-05	-2.954307e-02	5.075233e+00
2.209000e-05	-1.349354e-02	5.188994e+00
2.210000e-05	1.316532e-02	5.231026e+00
2.211000e-05	2.465445e-03	5.281685e+00
2.212000e-05	-1.692789e-02	5.367399e+00
2.213000e-05	-6.054211e-03	5.421555e+00
2.214000e-05	1.142283e-02	5.474213e+00
2.215000e-05	-1.186656e-02	5.557338e+00
2.216000e-05	-8.915344e-03	5.558470e+00
2.217000e-05	-3.380615e-04	5.609997e+00
2.218000e-05	2.942374e-03	5.622101e+00
2.219000e-05	-1.259885e-02	5.683685e+00
2.220000e-05	-2.812827e-03	5.726316e+00
2.221000e-05	1.789644e-03	5.781973e+00
2.222000e-05	-7.645578e-03	5.874213e+00
2.223000e-05	-8.500684e-03	5.884866e+00
2.224000e-05	-3.057430e-03	5.988445e+00
2.225000e-05	2.703560e-04	5.988950e+00
2.226000e-05	-9.499898e-03	5.999978e+00
2.227000e-05	-2.026687e-03	6.000004e+00
2.228000e-05	-4.343446e-03	6.002104e+00
2.229000e-05	-6.920005e-03	6.033082e+00
2.230000e-05	-5.952805e-03	6.072661e+00
2.231000e-05	-1.409422e-03	6.042688e+00
2.232000e-05	-4.606842e-03	6.126315e+00
2.233000e-05	-1.055455e-02	6.096388e+00
2.234000e-05	-4.988634e-03	6.137919e+00
2.235000e-05	-4.030286e-03	6.157019e+00
2.236000e-05	-6.580621e-03	6.177445e+00
2.237000e-05	-8.957733e-03	6.156872e+00
2.238000e-05	-5.230633e-03	6.137919e+00
2.239000e-05	-5.752799e-03	6.170471e+00
2.240000e-05	-8.511167e-03	6.189474e+00
2.241000e-05	-6.972834e-03	6.157496e+00
2.242000e-05	-8.189662e-03	6.188945e+00
2.243000e-05	-8.245622e-03	6.137446e+00
2.244000e-05	-9.565894e-03	6.136867e+00
2.245000e-05	-7.944799e-03	6.156421e+00
2.246000e-05	-1.076618e-02	6.098392e+00
2.247000e-05	-1.045801e-02	6.126790e+00
2.248000e-05	-1.152287e-02	6.075286e+00
2.249000e-05	-1.231673e-02	6.073659e+00
2.250000e-05	-1.280608e-02	6.032153e+00
2.251000e-05	-1.416098e-02	6.032605e+00
2.252000e-05	-1.567856e-02	6.011525e+00
2.253000e-05	-1.846029e-02	5.999999e+00
2.254000e-05	-1.908771e-02	5.998999e+00
2.255000e-05	-2.282192e-02	5.948447e+00
2.256000e-05	-2.571350e-02	5.928890e+00
2.257000e-05	-2.929657e-02	5.905187e+00
2.258000e-05	-2.889039e-02	5.750149e+00
2.259000e-05	-2.933250e-02	5.744937e+00
2.260000e-05	-2.802526e-02	5.633633e+00
2.261000e-05	-2.373889e-02	5.632053e+00
2.262000e-05	-2.103501e-02	5.570026e+00
2.263000e-05	-1.850204e-02	5.538950e+00
2.264000e-05	-1.581401e-02	5.524839e+00
2.265000e-05	-1.289495e-02	5.444204e+00
2.266000e-05	-1.300001e-02	5.422529e+00
2.267000e-05	-1.139223e-02	5.409949e+00
2.268000e-05	-9.337965e-03	5.323386e+00
2.269000e-05	-8.994757e-03	5.270632e+00
2.270000e-05	-8.677957e-03	5.177600e+00
2.271000e-05	-8.739850e-03	5.094837e+00
2.272000e-05	-5.512287e-03	4.991029e+00
2.273000e-05	-8.380702e-03	4.895308e+00
2.274000e-05	-7.092922e-03	4.830577e+00
2.275000e-05	-6.326836e-03	4.747447e+00
2.276000e-05	-6.178537e-03	4.715263e+00
2.277000e-05	-6.935393e-03	4.624101e+00
2.278000e-05	-5.505243e-03	4.547493e+00
2.279000e-05	-5.557456e-03	4.444687e+00
2.280000e-05	-5.746491e-03	4.400526e+00
2.281000e-05	-5.559443e-03	4.359472e+00
2.282000e-05	-4.135347e-03	4.335812e+00
2.283000e-05	-4.645627e-03	4.125899e+00
2.284000e-05	-5.705445e-03	4.021554e+00
2.285000e-05	-5.503717e-03	3.967469e+00
2.286000e-05	-4.246111e-03	3.884338e+00
2.287000e-05	-5.742121e-03	3.800021e+00
2.288000e-05	-4.867175e-03	3.685861e+00
2.289000e-05	-4.375610e-03	3.631082e+00
2.290000e-05	-3.948038e-03	3.579447e+00
2.291000e-05	-4.881377e-03	3.443237e+00
2.292000e-05	-4.010038e-03	3.286840e+00
2.293000e-05	-3.872323e-03	3.232528e+00
2.294000e-05	-4.883312e-03	3.137397e+00
2.295000e-05	-4.747050e-03	3.022658e+00
2.296000e-05	-4.549951e-03	2.947945e+00
2.297000e-05	-4.091106e-03	2.845130e+00
2.298000e-05	-4.941359e-03	2.789974e+00
2.299000e-05	-4.343728e-03	2.672362e+00
2.300000e-05	-3.292160e-03	2.537371e+00
2.301000e-05	-3.381713e-03	2.434627e+00
2.302000e-05	-4.017311e-03	2.356890e+00
2.303000e-05	-4.819773e-03	2.203053e+00
2.304000e-05	-4.894488e-03	2.106847e+00
2.305000e-05	-4.426292e-03	2.012129e+00
2.306000e-05	-4.131964e-03	1.929943e+00
2.307000e-05	-4.038971e-03	1.811184e+00
2.308000e-05	-4.562878e-03	1.746312e+00
2.309000e-05	-3.566467e-03	1.599972e+00
2.310000e-05	-3.393412e-03	1.444141e+00
2.311000e-05	-3.904019e-03	1.356945e+00
2.312000e-05	-4.969244e-03	1.272132e+00
2.313000e-05	-3.700176e-03	1.127366e+00
2.314000e-05	-3.429192e-03	9.591012e-01
2.315000e-05	-4.633439e-03	8.221040e-01
2.316000e-05	-3.989168e-03	7.453884e-01
2.317000e-05	-3.384525e-03	6.326316e-01
2.318000e-05	-3.779257e-03	5.363671e-01
2.319000e-05	-3.753458e-03	4.310514e-01
2.320000e-05	-3.588095e-03	3.463947e-01
2.321000e-05	-2.963959e-03	1.693986e-01
2.322000e-05	-3.351595e-03	1.255770e-02
2.323000e-05	-1.767875e-03	-5.157909e-02
2.324000e-05	1.018586e-03	-1.374448e-01
2.325000e-05	-5.562860e-04	-2.825328e-01
2.326000e-05	-1.247157e-03	-3.554421e-01
2.327000e-05	-1.414499e-03	-4.205264e-01
2.328000e-05	-1.607835e-03	-5.367170e-01
2.329000e-05	-2.723411e-03	-6.646268e-01
2.330000e-05	7.216781e-03	-7.859199e-01
2.331000e-05	4.831543e-02	-8.415542e-01
2.332000e-05	2.074679e-02	-1.030522e+00
2.333000e-05	-6.523476e-02	-1.199952e+00
2.334000e-05	-8.550369e-02	-1.408491e+00
2.335000e-05	3.520323e-02	-1.400180e+00
2.336000e-05	1.035336e-01	-1.441104e+00
2.337000e-05	-8.841545e-02	-1.608953e+00
2.338000e-05	-9.825635e-02	-1.788468e+00
2.339000e-05	1.576728e-01	-1.789000e+00
2.340000e-05	-1.273798e-01	-1.893158e+00
2.341000e-05	-1.113200e-01	-2.019028e+00
2.342000e-05	1.462142e-01	-2.082659e+00
2.343000e-05	2.067326e-02	-2.179999e+00
2.344000e-05	-1.549637e-01	-2.396999e+00
2.345000e-05	1.335440e-01	-2.452609e+00
2.346000e-05	-7.918916e-04	-2.596391e+00
2.347000e-05	-1.142252e-01	-2.704785e+00
2.348000e-05	8.003852e-02	-2.767000e+00
2.349000e-05	8.776355e-03	-2.861058e+00
2.350000e-05	-7.232029e-02	-2.996973e+00
2.351000e-05	9.207077e-02	-3.052764e+00
2.352000e-05	-6.400692e-02	-3.209503e+00
2.353000e-05	-4.963351e-03	-3.336787e+00
2.354000e-05	9.611357e-02	-3.367920e+00
2.355000e-05	-1.272814e-01	-3.462658e+00
2.356000e-05	1.686923e-02	-3.588446e+00
2.357000e-05	9.722304e-02	-3.611029e+00
2.358000e-05	-8.672438e-02	-3.706836e+00
2.359000e-05	2.143207e-03	-3.869608e+00
2.360000e-05	5.113901e-02	-3.965945e+00
2.361000e-05	-3.284165e-02	-4.020603e+00
2.362000e-05	-4.694736e-03	-4.104663e+00
2.363000e-05	-2.396158e-02	-4.199325e+00
2.364000e-05	3.840849e-02	-4.272284e+00
2.365000e-05	3.830754e-02	-4.326297e+00
2.366000e-05	-8.117573e-02	-4.390025e+00
2.367000e-05	8.754521e-03	-4.421605e+00
2.368000e-05	4.488039e-02	-4.535288e+00
2.369000e-05	-1.212574e-02	-4.673032e+00
2.370000e-05	-2.718623e-02	-4.663883e+00
2.371000e-05	-2.648942e-03	-4.726798e+00
2.372000e-05	5.221206e-02	-4.860755e+00
2.373000e-05	-3.510886e-02	-4.956246e+00
2.374000e-05	-3.294535e-02	-5.007525e+00
2.375000e-05	4.237109e-02	-5.021658e+00
2.376000e-05	3.260967e-03	-5.125367e+00
2.377000e-05	-2.747271e-02	-5.177925e+00
2.378000e-05	-9.703966e-04	-5.242081e+00
2.379000e-05	1.823643e-02	-5.366841e+00
2.380000e-05	8.471089e-03	-5.442154e+00
2.381000e-05	-3.069794e-02	-5.494766e+00
2.382000e-05	7.921522e-03	-5.537425e+00
2.383000e-05	1.838603e-02	-5.598972e+00
2.384000e-05	-1.777757e-02	-5.621079e+00
2.385000e-05	1.418499e-03	-5.622707e+00
2.386000e-05	3.690426e-03	-5.696293e+00
2.387000e-05	2.033995e-03	-5.795320e+00
2.388000e-05	-9.144614e-03	-5.788974e+00
2.389000e-05	-5.099846e-04	-5.830554e+00
2.390000e-05	1.190814e-02	-5.882632e+00
2.391000e-05	-7.091443e-03	-5.902291e+00
2.392000e-05	-5.354488e-04	-5.906345e+00
2.393000e-05	3.683584e-03	-5.948896e+00
2.394000e-05	-3.187492e-03	-5.968496e+00
2.395000e-05	-2.489231e-04	-5.978424e+00
2.396000e-05	2.636549e-03	-5.989523e+00
2.397000e-05	1.496879e-03	-5.989525e+00
2.398000e-05	-4.499030e-03	-6.010026e+00
2.399000e-05	8.191564e-04	-6.030553e+00
2.400000e-05	6.394811e-03	-6.020608e+00
2.401000e-05	-9.178275e-04	-6.011028e+00
2.402000e-05	-3.712919e-03	-6.041630e+00
2.403000e-05	4.063812e-03	-6.051631e+00
2.404000e-05	2.844481e-03	-6.082283e+00
2.405000e-05	9.232529e-04	-6.062632e+00
2.406000e-05	9.678740e-05	-6.044104e+00
2.407000e-05	3.411964e-03	-6.063779e+00
2.408000e-05	2.334981e-03	-6.044632e+00
2.409000e-05	2.695488e-03	-6.022157e+00
2.410000e-05	5.313226e-03	-6.040629e+00
2.411000e-05	4.356868e-03	-6.033584e+00
2.412000e-05	4.220745e-03	-6.021057e+00
2.413000e-05	3.472558e-03	-6.010104e+00
2.414000e-05	6.134999e-03	-5.990526e+00
2.415000e-05	6.807565e-03	-5.991076e+00
2.416000e-05	8.411889e-03	-5.990049e+00
2.417000e-05	9.332591e-03	-5.990447e+00
2.418000e-05	1.017560e-02	-5.978946e+00
2.419000e-05	1.325400e-02	-5.914841e+00
2.420000e-05	1.486681e-02	-5.884837e+00
2.421000e-05	1.687507e-02	-5.831657e+00
2.422000e-05	1.899514e-02	-5.841628e+00
2.423000e-05	2.358315e-02	-5.770496e+00
2.424000e-05	2.462545e-02	-5.776946e+00
2.425000e-05	2.413880e-02	-5.702241e+00
2.426000e-05	2.171070e-02	-5.633628e+00
2.427000e-05	1.849106e-02	-5.630053e+00
2.428000e-05	1.511056e-02	-5.589974e+00
2.429000e-05	1.152557e-02	-5.566946e+00
2.430000e-05	1.022436e-02	-5.493891e+00
2.431000e-05	6.483297e-03	-5.401653e+00
2.432000e-05	5.577312e-03	-5.286937e+00
2.433000e-05	4.176949e-03	-5.241782e+00
2.434000e-05	4.301672e-03	-5.198027e+00
2.435000e-05	1.926493e-03	-5.117945e+00
2.436000e-05	3.239646e-03	-5.083732e+00
2.437000e-05	2.668077e-03	-5.001075e+00
2.438000e-05	1.559156e-03	-4.957341e+00
2.439000e-05	1.076978e-03	-4.803059e+00
2.440000e-05	1.674448e-03	-4.735289e+00
2.441000e-05	4.887015e-05	-4.673859e+00
2.442000e-05	-9.307427e-04	-4.619576e+00
2.443000e-05	1.723954e-03	-4.508420e+00
2.444000e-05	9.497787e-04	-4.453613e+00
2.445000e-05	-1.541269e-03	-4.419576e+00
2.446000e-05	-1.590215e-03	-4.317997e+00
2.447000e-05	1.164020e-03	-4.264682e+00
2.448000e-05	-5.344177e-04	-4.201505e+00
2.449000e-05	-3.594209e-03	-4.125691e+00
2.450000e-05	-1.613953e-03	-3.992132e+00
2.451000e-05	5.998070e-04	-3.947924e+00
2.452000e-05	-2.628923e-03	-3.895812e+00
2.453000e-05	-3.972104e-03	-3.765943e+00
2.454000e-05	-1.802701e-03	-3.621662e+00
2.455000e-05	-6.879829e-04	-3.559499e+00
2.456000e-05	-3.979620e-03	-3.484233e+00
2.457000e-05	-2.363880e-03	-3.389028e+00
2.458000e-05	-2.908238e-03	-3.286292e+00
2.459000e-05	-1.963462e-03	-3.229604e+00
2.460000e-05	-3.479015e-03	-3.136395e+00
2.461000e-05	-1.722447e-03	-3.021604e+00
2.462000e-05	-4.147313e-03	-2.862237e+00
2.463000e-05	-2.012495e-03	-2.780525e+00
2.464000e-05	-3.036986e-03	-2.716343e+00
2.465000e-05	-1.419815e-03	-2.590580e+00
2.466000e-05	-3.008579e-03	-2.495690e+00
2.467000e-05	-2.447976e-03	-2.400481e+00
2.468000e-05	-2.754490e-03	-2.326342e+00
2.469000e-05	-3.299118e-03	-2.152099e+00
2.470000e-05	-5.323017e-03	-2.031659e+00
2.471000e-05	-2.774849e-03	-1.958922e+00
2.472000e-05	-3.458223e-03	-1.894258e+00
2.473000e-05	-3.227793e-03	-1.789921e+00
2.474000e-05	-2.532357e-03	-1.643659e+00
2.475000e-05	-2.821139e-03	-1.560026e+00
2.476000e-05	-2.763173e-03	-1.444252e+00
2.477000e-05	-3.178961e-03	-1.274219e+00
2.478000e-05	-3.151767e-03	-1.138450e+00
2.479000e-05	-3.787924e-03	-1.052633e+00
2.480000e-05	-3.888741e-03	-9.267961e-01
2.481000e-05	-4.370872e-03	-7.806315e-01
2.482000e-05	-3.931383e-03	-7.159197e-01
2.483000e-05	-3.414563e-03	-5.800553e-01
2.484000e-05	-3.479175e-03	-4.517590e-01
2.485000e-05	-2.843388e-03	-3.494224e-01
2.486000e-05	-4.237742e-03	-2.626829e-01
2.487000e-05	-3.575997e-03	-2.000001e-01
2.488000e-05	-2.572615e-03	2.007500e-02
2.489000e-05	-1.645112e-03	5.205007e-02
2.490000e-05	-8.235359e-04	1.263156e-01
2.491000e-05	-2.583246e-03	3.272895e-01
2.492000e-05	-5.825385e-04	4.300263e-01
2.493000e-05	-3.397596e-03	4.741819e-01
2.494000e-05	-2.625996e-03	5.985275e-01
2.495000e-05	-2.798317e-03	7.458603e-01
2.496000e-05	4.785399e-03	7.990462e-01
2.497000e-05	3.019209e-02	8.541579e-01
2.498000e-05	4.008218e-02	1.092584e+00
2.499000e-05	-3.567261e-02	1.260630e+00
2.500000e-05	-7.353606e-02	1.367846e+00
2.501000e-05	-6.928278e-02	1.462579e+00
2.502000e-05	1.322303e-01	1.519791e+00
2.503000e-05	1.411665e-03	1.734311e+00
2.504000e-05	-1.097530e-01	1.788448e+00
2.505000e-05	5.247282e-02	1.821080e+00
2.506000e-05	5.226759e-02	2.007472e+00
2.507000e-05	-1.418158e-01	2.094285e+00
2.508000e-05	4.084896e-02	2.126814e+00
2.509000e-05	1.094223e-01	2.243128e+00
2.510000e-05	-1.427677e-01	2.398472e+00
2.511000e-05	2.169522e-02	2.400554e+00
2.512000e-05	9.896978e-02	2.548399e+00
2.513000e-05	-8.919848e-02	2.745391e+00
2.514000e-05	-1.310627e-02	2.830052e+00
2.515000e-05	6.638051e-02	2.904764e+00
2.516000e-05	-7.347599e-02	3.000004e+00
2.517000e-05	2.026164e-02	3.126737e+00
2.518000e-05	2.869916e-02	3.199496e+00
2.519000e-05	-3.630713e-02	3.234078e+00
2.520000e-05	3.566429e-02	3.387872e+00
2.521000e-05	-1.541719e-02	3.554793e+00
2.522000e-05	-5.348201e-02	3.629025e+00
2.523000e-05	4.515928e-02	3.665210e+00
2.524000e-05	2.789693e-02	3.776947e+00
2.525000e-05	-6.452394e-02	3.883159e+00
2.526000e-05	1.620252e-02	4.007946e+00
2.527000e-05	1.029392e-02	4.020501e+00
2.528000e-05	-6.769525e-03	4.072707e+00
2.529000e-05	-2.024938e-02	4.170403e+00
2.530000e-05	8.017550e-04	4.365717e+00
2.531000e-05	2.130968e-02	4.378448e+00
2.532000e-05	-1.184653e-02	4.482184e+00
2.533000e-05	-2.657511e-02	4.557872e+00
2.534000e-05	-2.638591e-04	4.630574e+00
2.535000e-05	3.127617e-02	4.663107e+00
2.536000e-05	-2.739723e-02	4.757418e+00
2.537000e-05	-1.973906e-02	4.799576e+00
2.538000e-05	2.062603e-02	4.884637e+00
2.539000e-05	1.177037e-02	5.028525e+00
2.540000e-05	-3.278314e-02	5.124371e+00
2.541000e-05	-7.460333e-03	5.170001e+00
2.542000e-05	1.928073e-02	5.261129e+00
2.543000e-05	-1.010560e-02	5.336287e+00
2.544000e-05	-1.287336e-02	5.387995e+00
2.545000e-05	-2.034417e-03	5.432080e+00
2.546000e-05	9.098892e-03	5.454260e+00
2.547000e-05	-1.726677e-02	5.545921e+00
2.548000e-05	-5.661047e-03	5.599472e+00
2.549000e-05	4.730543e-03	5.610075e+00
2.550000e-05	-3.812441e-03	5.670659e+00
2.551000e-05	-1.059571e-02	5.675163e+00
2.552000e-05	-2.560923e-03	5.725290e+00
2.553000e-05	1.762198e-03	5.812054e+00
2.554000e-05	-1.218711e-02	5.882735e+00
2.555000e-05	-5.798541e-03	5.955392e+00
2.556000e-05	-1.042352e-03	5.979950e+00
2.557000e-05	-2.745980e-03	6.000000e+00
2.558000e-05	-7.472208e-03	5.990524e+00
2.559000e-05	-2.362766e-03	6.030525e+00
2.560000e-05	-5.715129e-03	6.002153e+00
2.561000e-05	-9.742439e-03	6.032634e+00
2.562000e-05	-2.181199e-03	6.064683e+00
2.563000e-05	-1.803161e-03	6.085687e+00
2.564000e-05	-6.720770e-03	6.093838e+00
2.565000e-05	-1.061295e-02	6.117395e+00
2.566000e-05	-3.739450e-03	6.147396e+00
2.567000e-05	-3.778541e-03	6.138895e+00
2.568000e-05	-8.509458e-03	6.197397e+00
2.569000e-05	-7.209293e-03	6.128469e+00
2.570000e-05	-5.827403e-03	6.146496e+00
2.571000e-05	-7.275520e-03	6.158473e+00
2.572000e-05	-9.542804e-03	6.188498e+00
2.573000e-05	-5.333024e-03	6.178973e+00
2.574000e-05	-8.487996e-03	6.179395e+00
2.575000e-05	-8.274885e-03	6.188446e+00
2.576000e-05	-9.835448e-03	6.136344e+00
2.577000e-05	-7.884430e-03	6.128395e+00
2.578000e-05	-1.038502e-02	6.107395e+00
2.579000e-05	-1.177881e-02	6.098313e+00
2.580000e-05	-1.109751e-02	6.104767e+00
2.581000e-05	-1.322706e-02	6.011610e+00
2.582000e-05	-1.127167e-02	6.042155e+00
2.583000e-05	-1.554936e-02	6.001578e+00
2.584000e-05	-1.623225e-02	6.020526e+00
2.585000e-05	-1.941907e-02	5.980526e+00
2.586000e-05	-2.023793e-02	5.979449e+00
2.587000e-05	-2.433292e-02	5.958994e+00
2.588000e-05	-2.674465e-02	5.897340e+00
2.589000e-05	-2.790690e-02	5.853788e+00
2.590000e-05	-2.950714e-02	5.779950e+00
2.591000e-05	-2.936701e-02	5.696891e+00
2.592000e-05	-2.748993e-02	5.671132e+00
2.593000e-05	-2.237010e-02	5.601603e+00
2.594000e-05	-2.058017e-02	5.559972e+00
2.595000e-05	-1.771343e-02	5.556847e+00
2.596000e-05	-1.464887e-02	5.474790e+00
2.597000e-05	-1.300515e-02	5.441604e+00
2.598000e-05	-1.132050e-02	5.379926e+00
2.599000e-05	-1.083686e-02	5.328347e+00
2.600000e-05	-8.447277e-03	5.294713e+00
2.601000e-05	-1.016262e-02	5.212602e+00
2.602000e-05	-7.338778e-03	5.137397e+00
2.603000e-05	-7.054957e-03	5.115262e+00
2.604000e-05	-5.696951e-03	4.979345e+00
2.605000e-05	-8.275836e-03	4.854158e+00
2.606000e-05	-6.713378e-03	4.800024e+00
2.607000e-05	-7.245797e-03	4.758392e+00
2.608000e-05	-5.875012e-03	4.665261e+00
2.609000e-05	-5.837649e-03	4.613104e+00
2.610000e-05	-4.832720e-03	4.567863e+00
2.611000e-05	-5.327237e-03	4.443107e+00
2.612000e-05	-6.132986e-03	4.400498e+00
2.613000e-05	-4.899385e-03	4.338520e+00
2.614000e-05	-4.126776e-03	4.202503e+00
2.615000e-05	-5.723043e-03	4.085866e+00
2.616000e-05	-6.465019e-03	3.990076e+00
2.617000e-05	-4.178378e-03	3.928894e+00
2.618000e-05	-2.410537e-03	3.914137e+00
2.619000e-05	-5.179894e-03	3.789503e+00
2.620000e-05	-4.997907e-03	3.655711e+00
2.621000e-05	-4.090029e-03	3.601525e+00
2.622000e-05	-3.909040e-03	3.548371e+00
2.623000e-05	-5.829342e-03	3.454182e+00
2.624000e-05	-3.816789e-03	3.255212e+00
2.625000e-05	-4.379854e-03	3.179499e+00
2.626000e-05	-4.920565e-03	3.134867e+00
2.627000e-05	-4.813603e-03	3.032156e+00
2.628000e-05	-3.646751e-03	2.965892e+00
2.629000e-05	-4.094350e-03	2.873085e+00
2.630000e-05	-4.045045e-03	2.717945e+00
2.631000e-05	-4.284742e-03	2.652182e+00
2.632000e-05	-4.655285e-03	2.466239e+00
2.633000e-05	-4.800998e-03	2.370050e+00
2.634000e-05	-4.180753e-03	2.284861e+00
2.635000e-05	-4.334966e-03	2.190526e+00
2.636000e-05	-4.694039e-03	2.085638e+00
2.637000e-05	-4.879198e-03	2.031574e+00
2.638000e-05	-2.903925e-03	1.886892e+00
2.639000e-05	-2.703418e-03	1.771100e+00
2.640000e-05	-4.615543e-03	1.655710e+00
2.641000e-05	-5.010452e-03	1.569497e+00
2.642000e-05	-3.804609e-03	1.434655e+00
2.643000e-05	-3.583486e-03	1.305363e+00
2.644000e-05	-4.703025e-03	1.190025e+00
2.645000e-05	-4.083174e-03	1.074811e+00
2.646000e-05	-4.179100e-03	8.878433e-01
2.647000e-05	-3.783538e-03	7.995236e-01
2.648000e-05	-4.499236e-03	7.053171e-01
2.649000e-05	-3.409672e-03	5.815238e-01
2.650000e-05	-3.716835e-03	4.842608e-01
2.651000e-05	-3.057208e-03	3.799736e-01
2.652000e-05	-4.563075e-03	2.857606e-01
2.653000e-05	-3.065170e-03	1.068908e-01
2.654000e-05	-2.963087e-03	-8.973565e-03
2.655000e-05	-1.312774e-04	-1.036105e-01
2.656000e-05	2.448337e-04	-1.874998e-01
2.657000e-05	-9.627548e-04	-2.736606e-01
2.658000e-05	-1.305947e-03	-3.679473e-01
2.659000e-05	-2.201233e-03	-4.526541e-01
2.660000e-05	-2.272350e-03	-5.469196e-01
2.661000e-05	-1.076571e-03	-7.141407e-01
2.662000e-05	1.578203e-02	-7.994762e-01
2.663000e-05	5.656686e-02	-8.737142e-01
2.664000e-05	-1.297703e-02	-1.080155e+00
2.665000e-05	-6.774180e-02	-1.283109e+00
2.666000e-05	-8.822108e-02	-1.447504e+00
2.667000e-05	1.126744e-01	-1.429629e+00
2.668000e-05	3.525344e-02	-1.462033e+00
2.669000e-05	-1.078641e-01	-1.671129e+00
2.670000e-05	-2.470810e-02	-1.817974e+00
2.671000e-05	1.212823e-01	-1.800000e+00
2.672000e-05	-1.881201e-01	-1.905763e+00
2.673000e-05	-4.185669e-02	-2.050553e+00
2.674000e-05	1.716870e-01	-2.094288e+00
2.675000e-05	-7.345135e-02	-2.232129e+00
2.676000e-05	-9.129961e-02	-2.438050e+00
2.677000e-05	1.585556e-01	-2.443605e+00
2.678000e-05	-8.236882e-02	-2.598872e+00
2.679000e-05	-6.745632e-02	-2.745213e+00
2.680000e-05	1.074684e-01	-2.788475e+00
2.681000e-05	-5.656868e-02	-2.882562e+00
2.682000e-05	-1.147316e-02	-3.000130e+00
2.683000e-05	6.327467e-02	-3.105787e+00
2.684000e-05	-7.918015e-02	-3.262032e+00
2.685000e-05	4.492383e-02	-3.348417e+00
2.686000e-05	5.017338e-02	-3.390003e+00
2.687000e-05	-1.397072e-01	-3.503766e+00
2.688000e-05	8.666636e-02	-3.598474e+00
2.689000e-05	4.384498e-02	-3.632057e+00
2.690000e-05	-9.790077e-02	-3.767920e+00
2.691000e-05	4.845564e-02	-3.942667e+00
2.692000e-05	1.611902e-02	-3.999027e+00
2.693000e-05	-2.774142e-02	-4.091108e+00
2.694000e-05	-7.514254e-03	-4.104739e+00
2.695000e-05	-1.983376e-02	-4.210054e+00
2.696000e-05	5.990270e-02	-4.315141e+00
2.697000e-05	-4.608969e-03	-4.377394e+00
2.698000e-05	-6.904645e-02	-4.409053e+00
2.699000e-05	3.236415e-02	-4.513103e+00
2.700000e-05	2.837287e-02	-4.587455e+00
2.701000e-05	-2.380088e-02	-4.622657e+00
2.702000e-05	-2.269039e-02	-4.694812e+00
2.703000e-05	1.463487e-02	-4.789423e+00
2.704000e-05	4.190894e-02	-4.902202e+00
2.705000e-05	-5.517617e-02	-4.947917e+00
2.706000e-05	-5.184172e-03	-5.009001e+00
2.707000e-05	4.088479e-02	-5.021658e+00
2.708000e-05	-1.542520e-02	-5.116339e+00
2.709000e-05	-1.826834e-02	-5.207048e+00
2.710000e-05	3.167562e-04	-5.243581e+00
2.711000e-05	2.368824e-02	-5.324874e+00
2.712000e-05	-6.987825e-03	-5.523204e+00
2.713000e-05	-2.591703e-02	-5.566365e+00
2.714000e-05	1.860493e-02	-5.586396e+00
2.715000e-05	7.227890e-03	-5.590050e+00
2.716000e-05	-1.605499e-02	-5.681630e+00
2.717000e-05	4.791198e-03	-5.675187e+00
2.718000e-05	3.966349e-03	-5.755266e+00
2.719000e-05	-5.697881e-04	-5.788499e+00
2.720000e-05	-8.605336e-03	-5.809473e+00
2.721000e-05	3.434029e-03	-5.853105e+00
2.722000e-05	9.186802e-03	-5.861707e+00
2.723000e-05	-8.824646e-03	-5.885715e+00
2.724000e-05	3.617681e-03	-5.955817e+00
2.725000e-05	-7.392112e-04	-5.967870e+00
2.726000e-05	-3.890527e-03	-5.968945e+00
2.727000e-05	1.493347e-03	-5.989974e+00
2.728000e-05	2.329772e-03	-5.989474e+00
2.729000e-05	1.787823e-03	-6.009025e+00
2.730000e-05	-3.745735e-03	-6.000025e+00
2.731000e-05	4.247375e-03	-6.040103e+00
2.732000e-05	3.441097e-03	-6.029555e+00
2.733000e-05	-3.087014e-03	-6.041556e+00
2.734000e-05	-1.054328e-03	-6.061655e+00
2.735000e-05	4.150012e-03	-6.063229e+00
2.736000e-05	2.130505e-03	-6.053133e+00
2.737000e-05	-9.180131e-04	-6.052681e+00
2.738000e-05	3.576315e-03	-6.092658e+00
2.739000e-05	3.414885e-03	-6.043137e+00
2.740000e-05	2.294663e-03	-6.072232e+00
2.741000e-05	2.220521e-03	-6.021656e+00
2.742000e-05	5.242593e-03	-6.032180e+00
2.743000e-05	3.954908e-03	-6.030184e+00
2.744000e-05	3.671195e-03	-6.010629e+00
2.745000e-05	4.359292e-03	-6.000029e+00
2.746000e-05	6.626053e-03	-6.000526e+00
2.747000e-05	8.013647e-03	-6.000525e+00
2.748000e-05	8.095482e-03	-5.988974e+00
2.749000e-05	9.655700e-03	-5.968447e+00
2.750000e-05	1.021562e-02	-5.977422e+00
2.751000e-05	1.416866e-02	-5.894892e+00
2.752000e-05	1.441816e-02	-5.884216e+00
2.753000e-05	1.664938e-02	-5.833179e+00
2.754000e-05	2.026382e-02	-5.840553e+00
2.755000e-05	2.440067e-02	-5.779474e+00
2.756000e-05	2.347631e-02	-5.706394e+00
2.757000e-05	2.289526e-02	-5.665238e+00
2.758000e-05	2.189005e-02	-5.621605e+00
2.759000e-05	1.813565e-02	-5.599600e+00
2.760000e-05	1.419837e-02	-5.598972e+00
2.761000e-05	1.144045e-02	-5.567420e+00
2.762000e-05	8.987472e-03	-5.484260e+00
2.763000e-05	5.619204e-03	-5.408555e+00
2.764000e-05	4.632009e-03	-5.254840e+00
2.765000e-05	5.281603e-03	-5.211157e+00
2.766000e-05	3.095226e-03	-5.159500e+00
2.767000e-05	2.326877e-03	-5.085391e+00
2.768000e-05	2.930730e-03	-5.054734e+00
2.769000e-05	3.421951e-03	-4.991500e+00
2.770000e-05	1.061685e-03	-4.976838e+00
2.771000e-05	1.377379e-03	-4.810230e+00
2.772000e-05	2.265009e-03	-4.686867e+00
2.773000e-05	2.961490e-04	-4.652202e+00
2.774000e-05	-1.847063e-03	-4.581034e+00
2.775000e-05	7.068921e-04	-4.506938e+00
2.776000e-05	6.491096e-04	-4.442512e+00
2.777000e-05	-1.164440e-03	-4.390526e+00
2.778000e-05	-1.833118e-03	-4.316343e+00
2.779000e-05	1.760128e-04	-4.243586e+00
2.780000e-05	-1.160033e-03	-4.149473e+00
2.781000e-05	-1.670554e-03	-4.073744e+00
2.782000e-05	-7.968066e-04	-4.011130e+00
2.783000e-05	-9.718627e-04	-3.966946e+00
2.784000e-05	-3.025780e-03	-3.821262e+00
2.785000e-05	-2.398302e-03	-3.676294e+00
2.786000e-05	-1.266399e-03	-3.621077e+00
2.787000e-05	-2.804780e-03	-3.557469e+00
2.788000e-05	-3.491331e-03	-3.473133e+00
2.789000e-05	-2.874889e-03	-3.366473e+00
2.790000e-05	-1.880507e-03	-3.263637e+00
2.791000e-05	-3.166079e-03	-3.200550e+00
2.792000e-05	-3.044566e-03	-3.105765e+00
2.793000e-05	-2.351041e-03	-2.948051e+00
2.794000e-05	-3.318854e-03	-2.855208e+00
2.795000e-05	-3.236135e-03	-2.768451e+00
2.796000e-05	-2.927571e-03	-2.653686e+00
2.797000e-05	-2.852631e-03	-2.580471e+00
2.798000e-05	-3.331885e-03	-2.482689e+00
2.799000e-05	-2.720768e-03	-2.389499e+00
2.800000e-05	-1.761437e-03	-2.305838e+00
2.801000e-05	-3.379026e-03	-2.096919e+00
2.802000e-05	-3.300986e-03	-2.011079e+00
2.803000e-05	-3.881163e-03	-1.954366e+00
2.804000e-05	-3.527178e-03	-1.862632e+00
2.805000e-05	-3.730616e-03	-1.728017e+00
2.806000e-05	-2.570639e-03	-1.632637e+00
2.807000e-05	-3.002789e-03	-1.567895e+00
2.808000e-05	-3.476226e-03	-1.451506e+00
2.809000e-05	-3.790446e-03	-1.243262e+00
2.810000e-05	-2.660282e-03	-1.146442e+00
2.811000e-05	-3.518237e-03	-1.002029e+00
2.812000e-05	-4.684817e-03	-9.051109e-01
2.813000e-05	-4.182777e-03	-8.105476e-01
2.814000e-05	-2.679972e-03	-7.058435e-01
2.815000e-05	-3.855471e-03	-5.769948e-01
2.816000e-05	-3.968373e-03	-4.215517e-01
2.817000e-05	-3.636182e-03	-3.168183e-01
2.818000e-05	-3.719036e-03	-2.105803e-01
2.819000e-05	-3.929705e-03	-1.463122e-01
2.820000e-05	-2.011341e-03	5.952594e-02
2.821000e-05	-5.030570e-04	4.213677e-02
2.822000e-05	-8.616115e-04	1.665287e-01
2.823000e-05	-2.991476e-03	3.672672e-01
2.824000e-05	-2.372234e-03	4.300276e-01
2.825000e-05	-3.017130e-03	5.057845e-01
2.826000e-05	-3.034545e-03	6.210812e-01
2.827000e-05	-8.193064e-04	7.358933e-01
2.828000e-05	1.010451e-02	7.995000e-01
2.829000e-05	3.987227e-02	8.547672e-01
2.830000e-05	2.114141e-02	1.167312e+00
2.831000e-05	-5.116498e-02	1.273682e+00
2.832000e-05	-8.733115e-02	1.398471e+00
2.833000e-05	-1.401608e-02	1.493132e+00
2.834000e-05	1.350791e-01	1.579450e+00
2.835000e-05	-4.948463e-02	1.746368e+00
2.836000e-05	-1.069520e-01	1.738949e+00
2.837000e-05	1.280209e-01	1.863155e+00
2.838000e-05	-4.057565e-02	1.989553e+00
2.839000e-05	-9.911858e-02	2.095231e+00
2.840000e-05	9.160260e-02	2.156874e+00
2.841000e-05	4.842025e-02	2.311735e+00
2.842000e-05	-1.513158e-01	2.400050e+00
2.843000e-05	9.294949e-02	2.451659e+00
2.844000e-05	4.070122e-02	2.600448e+00
2.845000e-05	-1.058637e-01	2.767922e+00
2.846000e-05	3.959475e-02	2.831080e+00
2.847000e-05	2.876229e-02	2.936816e+00
2.848000e-05	-6.589639e-02	3.051056e+00
2.849000e-05	3.743934e-02	3.157365e+00
2.850000e-05	6.931471e-03	3.201003e+00
2.851000e-05	-2.982011e-02	3.295186e+00
2.852000e-05	5.067159e-02	3.421106e+00
2.853000e-05	-5.814221e-02	3.577899e+00
2.854000e-05	-1.785574e-02	3.631028e+00
2.855000e-05	5.405710e-02	3.705842e+00
2.856000e-05	-4.195593e-03	3.829419e+00
2.857000e-05	-4.761580e-02	3.925756e+00
2.858000e-05	2.490865e-02	3.958497e+00
2.859000e-05	5.579655e-03	4.010528e+00
2.860000e-05	-1.909205e-02	4.064763e+00
2.861000e-05	-4.573759e-03	4.243074e+00
2.862000e-05	1.046551e-03	4.377466e+00
2.863000e-05	2.443123e-02	4.431026e+00
2.864000e-05	-2.606701e-02	4.464259e+00
2.865000e-05	-1.823032e-02	4.579468e+00
2.866000e-05	1.036084e-02	4.602076e+00
2.867000e-05	2.072278e-02	4.744790e+00
2.868000e-05	-3.270655e-02	4.778900e+00
2.869000e-05	-1.139888e-02	4.810128e+00
2.870000e-05	2.858535e-02	4.936361e+00
2.871000e-05	-6.941452e-03	5.023132e+00
2.872000e-05	-2.512020e-02	5.144866e+00
2.873000e-05	-1.679507e-04	5.209526e+00
2.874000e-05	1.697281e-02	5.254734e+00
2.875000e-05	-1.761441e-02	5.334917e+00
2.876000e-05	-8.096567e-03	5.389494e+00
2.877000e-05	3.322584e-03	5.444557e+00
2.878000e-05	2.005279e-03	5.505762e+00
2.879000e-05	-1.625763e-02	5.516920e+00
2.880000e-05	-4.661891e-03	5.618474e+00
2.881000e-05	5.999256e-03	5.611026e+00
2.882000e-05	-9.830042e-03	5.663077e+00
2.883000e-05	-6.069759e-03	5.725261e+00
2.884000e-05	-9.779656e-04	5.770020e+00
2.885000e-05	-1.020007e-03	5.822580e+00
2.886000e-05	-1.279185e-02	5.893288e+00
2.887000e-05	-4.156982e-03	5.967316e+00
2.888000e-05	1.210763e-05	5.988947e+00
2.889000e-05	-5.891714e-03	6.000549e+00
2.890000e-05	-4.625837e-03	6.010076e+00
2.891000e-05	-4.432658e-03	6.030553e+00
2.892000e-05	-5.359396e-03	6.052079e+00
2.893000e-05	-1.004679e-02	6.031080e+00
2.894000e-05	2.346379e-04	6.054688e+00
2.895000e-05	-4.799957e-03	6.113764e+00
2.896000e-05	-9.210437e-03	6.135365e+00
2.897000e-05	-7.901196e-03	6.117817e+00
2.898000e-05	-3.449400e-03	6.146943e+00
2.899000e-05	-5.316798e-03	6.157921e+00
2.900000e-05	-1.018744e-02	6.166994e+00
2.901000e-05	-3.548964e-03	6.185923e+00
2.902000e-05	-6.706283e-03	6.169366e+00
2.903000e-05	-6.984678e-03	6.188945e+00
2.904000e-05	-9.168602e-03	6.159047e+00
2.905000e-05	-6.194915e-03	6.168420e+00
2.906000e-05	-9.303455e-03	6.147395e+00
2.907000e-05	-9.507072e-03	6.188365e+00
2.908000e-05	-8.536032e-03	6.138919e+00
2.909000e-05	-8.757587e-03	6.175891e+00
2.910000e-05	-9.584057e-03	6.123314e+00
2.911000e-05	-1.234427e-02	6.095238e+00
2.912000e-05	-1.074650e-02	6.074836e+00
2.913000e-05	-1.296230e-02	6.082630e+00
2.914000e-05	-1.281151e-02	6.031129e+00
2.915000e-05	-1.690473e-02	6.021054e+00
2.916000e-05	-1.827839e-02	6.000051e+00
2.917000e-05	-1.935167e-02	5.999999e+00
2.918000e-05	-2.118512e-02	5.957948e+00
2.919000e-05	-2.388583e-02	5.936871e+00
2.920000e-05	-2.794438e-02	5.916310e+00
2.921000e-05	-2.773562e-02	5.842702e+00
2.922000e-05	-2.941257e-02	5.746943e+00
2.923000e-05	-2.847748e-02	5.715387e+00
2.924000e-05	-2.616812e-02	5.632054e+00
2.925000e-05	-2.114487e-02	5.600076e+00
2.926000e-05	-1.982334e-02	5.578921e+00
2.927000e-05	-1.688572e-02	5.498392e+00
2.928000e-05	-1.249508e-02	5.475761e+00
2.929000e-05	-1.254268e-02	5.441605e+00
2.930000e-05	-1.039997e-02	5.410026e+00
2.931000e-05	-1.050711e-02	5.317845e+00
2.932000e-05	-8.190694e-03	5.263683e+00
2.933000e-05	-9.467818e-03	5.200550e+00
2.934000e-05	-7.445524e-03	5.178321e+00
2.935000e-05	-7.334385e-03	5.054229e+00
2.936000e-05	-7.353593e-03	4.906816e+00
2.937000e-05	-7.419272e-03	4.882128e+00
2.938000e-05	-6.847862e-03	4.810001e+00
2.939000e-05	-6.084656e-03	4.738419e+00
2.940000e-05	-7.031565e-03	4.652680e+00
2.941000e-05	-5.476083e-03	4.569527e+00
2.942000e-05	-4.577932e-03	4.495818e+00
2.943000e-05	-4.880194e-03	4.391102e+00
2.944000e-05	-4.977259e-03	4.380524e+00
2.945000e-05	-5.269617e-03	4.308362e+00
2.946000e-05	-5.845290e-03	4.250024e+00
2.947000e-05	-6.506410e-03	4.074686e+00
2.948000e-05	-5.070478e-03	4.020428e+00
2.949000e-05	-3.069072e-03	3.925863e+00
2.950000e-05	-4.295318e-03	3.831629e+00
2.951000e-05	-5.520892e-03	3.749469e+00
2.952000e-05	-5.332606e-03	3.674784e+00
2.953000e-05	-4.562040e-03	3.600049e+00
2.954000e-05	-4.730137e-03	3.546837e+00
2.955000e-05	-4.648390e-03	3.410599e+00
2.956000e-05	-4.208977e-03	3.233183e+00
2.957000e-05	-4.336467e-03	3.189525e+00
2.958000e-05	-5.327571e-03	3.075787e+00
2.959000e-05	-4.127530e-03	2.970976e+00
2.960000e-05	-4.196030e-03	2.887337e+00
2.961000e-05	-4.711050e-03	2.811526e+00
2.962000e-05	-4.643580e-03	2.766917e+00
2.963000e-05	-3.729924e-03	2.572178e+00
2.964000e-05	-3.908477e-03	2.445755e+00
2.965000e-05	-4.878764e-03	2.369994e+00
2.966000e-05	-5.105962e-03	2.243182e+00
2.967000e-05	-4.538460e-03	2.157970e+00
2.968000e-05	-4.233956e-03	2.033637e+00
2.969000e-05	-3.752276e-03	1.990022e+00
2.970000e-05	-3.769409e-03	1.874211e+00
2.971000e-05	-4.348579e-03	1.758775e+00
2.972000e-05	-4.028504e-03	1.643233e+00
2.973000e-05	-4.198513e-03	1.536415e+00
2.974000e-05	-3.700273e-03	1.391602e+00
2.975000e-05	-4.129061e-03	1.324808e+00
2.976000e-05	-3.994461e-03	1.189049e+00
2.977000e-05	-3.328201e-03	1.064158e+00
2.978000e-05	-4.153431e-03	8.663117e-01
2.979000e-05	-3.909214e-03	7.804737e-01
2.980000e-05	-3.728538e-03	7.152643e-01
2.981000e-05	-3.975784e-03	5.398224e-01
2.982000e-05	-4.378733e-03	4.341541e-01
2.983000e-05	-4.034181e-03	3.794236e-01
2.984000e-05	-3.492698e-03	3.052304e-01
2.985000e-05	-2.552132e-03	9.576327e-02
2.986000e-05	-2.506508e-03	-2.626219e-05
2.987000e-05	-1.837255e-04	-1.137895e-01
2.988000e-05	1.307417e-05	-1.994752e-01
2.989000e-05	-1.343962e-03	-3.227844e-01
2.990000e-05	-8.977467e-04	-3.989736e-01
2.991000e-05	-2.314999e-03	-4.542105e-01
2.992000e-05	-1.618046e-03	-5.973763e-01
2.993000e-05	3.446143e-04	-6.974444e-01
2.994000e-05	2.740759e-02	-8.100789e-01
2.995000e-05	5.305395e-02	-9.082882e-01
2.996000e-05	-4.409678e-02	-1.104235e+00
2.997000e-05	-7.075851e-02	-1.334270e+00
2.998000e-05	-6.630635e-02	-1.431554e+00
2.999000e-05	1.489000e-01	-1.419057e+00
3.000000e-05	-2.878430e-02	-1.502112e+00
3.001000e-05	-1.196358e-01	-1.734734e+00
3.002000e-05	8.116458e-02	-1.770000e+00
3.003000e-05	3.834126e-02	-1.820454e+00
3.004000e-05	-1.875461e-01	-1.958420e+00
3.005000e-05	3.773583e-02	-2.051109e+00
3.006000e-05	1.455577e-01	-2.105267e+00
3.007000e-05	-1.447122e-01	-2.293236e+00
3.008000e-05	-9.110234e-04	-2.420075e+00
3.009000e-05	1.242210e-01	-2.474212e+00
3.010000e-05	-1.275099e-01	-2.650001e+00
3.011000e-05	-8.252628e-03	-2.737395e+00
3.012000e-05	9.463490e-02	-2.799476e+00
3.013000e-05	-9.615621e-02	-2.905261e+00
3.014000e-05	5.314909e-02	-3.030581e+00
3.015000e-05	1.043791e-02	-3.146819e+00
3.016000e-05	-6.584174e-02	-3.262214e+00
3.017000e-05	8.869483e-02	-3.328421e+00
3.018000e-05	-2.206069e-02	-3.421079e+00
3.019000e-05	-1.029442e-01	-3.546340e+00
3.020000e-05	1.227207e-01	-3.589476e+00
3.021000e-05	-1.609240e-02	-3.672609e+00
3.022000e-05	-7.471538e-02	-3.833034e+00
3.023000e-05	7.108449e-02	-3.925287e+00
3.024000e-05	-1.344495e-02	-4.008979e+00
3.025000e-05	-1.691031e-02	-4.073607e+00
3.026000e-05	-1.401904e-02	-4.136315e+00
3.027000e-05	-3.972154e-03	-4.219529e+00
3.028000e-05	6.818880e-02	-4.296762e+00
3.029000e-05	-4.784717e-02	-4.388422e+00
3.030000e-05	-4.341622e-02	-4.430551e+00
3.031000e-05	4.547752e-02	-4.475364e+00
3.032000e-05	9.225495e-03	-4.558024e+00
3.033000e-05	-2.705064e-02	-4.714663e+00
3.034000e-05	-1.586857e-02	-4.695817e+00
3.035000e-05	3.465676e-02	-4.811076e+00
3.036000e-05	1.563026e-02	-4.875242e+00
3.037000e-05	-5.784796e-02	-4.967950e+00
3.038000e-05	2.038253e-02	-5.001053e+00
3.039000e-05	2.983834e-02	-5.114765e+00
3.040000e-05	-2.759049e-02	-5.156923e+00
3.041000e-05	-8.661073e-03	-5.208504e+00
3.042000e-05	4.269213e-03	-5.262190e+00
3.043000e-05	2.386703e-02	-5.378924e+00
3.044000e-05	-2.130801e-02	-5.484207e+00
3.045000e-05	-1.507753e-02	-5.575897e+00
3.046000e-05	2.442168e-02	-5.568999e+00
3.047000e-05	-4.957056e-03	-5.600550e+00
3.048000e-05	-8.888192e-03	-5.622156e+00
3.049000e-05	4.443096e-03	-5.713309e+00
3.050000e-05	2.946909e-03	-5.707867e+00
3.051000e-05	-4.920080e-03	-5.798474e+00
3.052000e-05	-7.894455e-03	-5.800001e+00
3.053000e-05	8.441795e-03	-5.871553e+00
3.054000e-05	3.925260e-03	-5.884712e+00
3.055000e-05	-6.469127e-03	-5.896711e+00
3.056000e-05	5.179461e-03	-5.927367e+00
3.057000e-05	-2.056548e-03	-5.967945e+00
3.058000e-05	-3.011758e-03	-5.978972e+00
3.059000e-05	2.220856e-03	-5.989499e+00
3.060000e-05	1.895548e-03	-5.998975e+00
3.061000e-05	-4.361174e-04	-6.010053e+00
3.062000e-05	-3.905490e-03	-6.009503e+00
3.063000e-05	5.551430e-03	-6.023079e+00
3.064000e-05	2.520588e-03	-6.003002e+00
3.065000e-05	-3.536830e-03	-6.020555e+00
3.066000e-05	2.162802e-03	-6.022132e+00
3.067000e-05	4.289447e-03	-6.091238e+00
3.068000e-05	1.444071e-03	-6.084611e+00
3.069000e-05	-1.987998e-03	-6.034082e+00
3.070000e-05	3.112165e-03	-6.032786e+00
3.071000e-05	3.247611e-03	-6.041587e+00
3.072000e-05	1.919657e-03	-6.033634e+00
3.073000e-05	3.280134e-03	-6.021606e+00
3.074000e-05	5.707461e-03	-6.012629e+00
3.075000e-05	4.040005e-03	-6.031104e+00
3.076000e-05	3.680222e-03	-6.021004e+00
3.077000e-05	4.646346e-03	-6.000053e+00
3.078000e-05	6.945067e-03	-5.999547e+00
3.079000e-05	8.711320e-03	-5.989526e+00
3.080000e-05	7.461265e-03	-5.999522e+00
3.081000e-05	1.005851e-02	-5.998474e+00
3.082000e-05	1.122218e-02	-5.927421e+00
3.083000e-05	1.494550e-02	-5.896290e+00
3.084000e-05	1.493932e-02	-5.873734e+00
3.085000e-05	1.786589e-02	-5.851082e+00
3.086000e-05	2.220767e-02	-5.830028e+00
3.087000e-05	2.377584e-02	-5.747801e+00
3.088000e-05	2.289652e-02	-5.714293e+00
3.089000e-05	2.163652e-02	-5.674158e+00
3.090000e-05	2.125944e-02	-5.622555e+00
3.091000e-05	1.685360e-02	-5.631050e+00
3.092000e-05	1.286720e-02	-5.569999e+00
3.093000e-05	1.057643e-02	-5.516268e+00
3.094000e-05	7.942840e-03	-5.444212e+00
3.095000e-05	5.560375e-03	-5.380450e+00
3.096000e-05	5.818545e-03	-5.265263e+00
3.097000e-05	4.849363e-03	-5.251028e+00
3.098000e-05	2.578461e-03	-5.126480e+00
3.099000e-05	2.530640e-03	-5.104788e+00
3.100000e-05	3.198391e-03	-5.030159e+00
3.101000e-05	2.006312e-03	-4.970420e+00
3.102000e-05	1.166840e-04	-4.904765e+00
3.103000e-05	1.823399e-03	-4.711029e+00
3.104000e-05	8.803360e-04	-4.694659e+00
3.105000e-05	7.602578e-04	-4.623135e+00
3.106000e-05	3.270482e-04	-4.528600e+00
3.107000e-05	1.223209e-03	-4.494365e+00
3.108000e-05	-3.677016e-04	-4.441057e+00
3.109000e-05	-2.774274e-03	-4.378899e+00
3.110000e-05	-6.474893e-04	-4.325842e+00
3.111000e-05	2.495759e-04	-4.241055e+00
3.112000e-05	-2.322184e-03	-4.138372e+00
3.113000e-05	-1.530312e-03	-4.063635e+00
3.114000e-05	3.663285e-04	-3.990550e+00
3.115000e-05	-4.468577e-04	-3.948418e+00
3.116000e-05	-3.319841e-03	-3.850528e+00
3.117000e-05	-1.303758e-03	-3.694212e+00
3.118000e-05	-1.253495e-03	-3.600477e+00
3.119000e-05	-3.127092e-03	-3.527895e+00
3.120000e-05	-3.543370e-03	-3.432104e+00
3.121000e-05	-2.479863e-03	-3.336420e+00
3.122000e-05	-1.463482e-03	-3.233156e+00
3.123000e-05	-3.159982e-03	-3.178497e+00
3.124000e-05	-1.926450e-03	-3.103737e+00
3.125000e-05	-1.217015e-03	-2.938444e+00
3.126000e-05	-2.831605e-03	-2.841580e+00
3.127000e-05	-3.869330e-03	-2.747972e+00
3.128000e-05	-3.223161e-03	-2.642109e+00
3.129000e-05	-2.119798e-03	-2.506922e+00
3.130000e-05	-2.850729e-03	-2.423632e+00
3.131000e-05	-3.316680e-03	-2.378976e+00
3.132000e-05	-2.642371e-03	-2.243687e+00
3.133000e-05	-3.686704e-03	-2.095872e+00
3.134000e-05	-3.393634e-03	-2.010076e+00
3.135000e-05	-3.553460e-03	-1.937262e+00
3.136000e-05	-2.679471e-03	-1.811575e+00
3.137000e-05	-3.232817e-03	-1.705787e+00
3.138000e-05	-2.801441e-03	-1.611029e+00
3.139000e-05	-3.789394e-03	-1.525416e+00
3.140000e-05	-3.582401e-03	-1.388450e+00
3.141000e-05	-4.212156e-03	-1.222130e+00
3.142000e-05	-2.741598e-03	-1.073713e+00
3.143000e-05	-4.649962e-03	-9.709662e-01
3.144000e-05	-3.814268e-03	-8.732155e-01
3.145000e-05	-4.232321e-03	-7.598989e-01
3.146000e-05	-3.173901e-03	-7.417107e-01
3.147000e-05	-4.859199e-03	-5.048658e-01
3.148000e-05	-3.062187e-03	-3.920266e-01
3.149000e-05	-3.283248e-03	-2.952645e-01
3.150000e-05	-4.769735e-03	-1.885014e-01
3.151000e-05	-3.478595e-03	-7.521321e-02
3.152000e-05	-1.696955e-03	5.224373e-04
3.153000e-05	6.136720e-04	1.066583e-01
3.154000e-05	-2.881811e-03	2.732025e-01
3.155000e-05	-1.883736e-03	3.778973e-01
3.156000e-05	-2.243022e-03	4.425776e-01
3.157000e-05	-2.952619e-03	5.267684e-01
3.158000e-05	-3.210545e-03	6.625790e-01
3.159000e-05	-6.969789e-05	7.378658e-01
3.160000e-05	1.627309e-02	8.406065e-01
3.161000e-05	4.640841e-02	9.573760e-01
3.162000e-05	-1.490921e-03	1.216423e+00
3.163000e-05	-6.010449e-02	1.306741e+00
3.164000e-05	-9.641117e-02	1.377477e+00
3.165000e-05	5.435613e-02	1.525180e+00
3.166000e-05	9.910060e-02	1.661087e+00
3.167000e-05	-8.393644e-02	1.759447e+00
3.168000e-05	-7.303451e-02	1.810997e+00
3.169000e-05	1.392890e-01	1.905684e+00
3.170000e-05	-1.202526e-01	2.061577e+00
3.171000e-05	-4.327731e-02	2.124712e+00
3.172000e-05	1.249922e-01	2.209475e+00
3.173000e-05	-3.711141e-02	2.347768e+00
3.174000e-05	-1.043703e-01	2.421027e+00
3.175000e-05	1.289406e-01	2.464139e+00
3.176000e-05	-2.117916e-02	2.714182e+00
3.177000e-05	-8.929246e-02	2.779024e+00
3.178000e-05	7.292719e-02	2.834657e+00
3.179000e-05	-2.283259e-02	2.978418e+00
3.180000e-05	-3.827030e-02	3.062132e+00
3.181000e-05	4.363932e-02	3.167920e+00
3.182000e-05	-1.479209e-02	3.250654e+00
3.183000e-05	-1.198013e-02	3.304163e+00
3.184000e-05	4.145155e-02	3.443606e+00
3.185000e-05	-7.886515e-02	3.597971e+00
3.186000e-05	1.432135e-02	3.631104e+00
3.187000e-05	5.194672e-02	3.746870e+00
3.188000e-05	-3.997049e-02	3.831529e+00
3.189000e-05	-2.054580e-02	3.945838e+00
3.190000e-05	2.068498e-02	3.989022e+00
3.191000e-05	3.033170e-03	4.061108e+00
3.192000e-05	-2.690184e-02	4.116938e+00
3.193000e-05	1.874794e-03	4.273636e+00
3.194000e-05	6.022058e-03	4.378499e+00
3.195000e-05	1.698506e-02	4.440027e+00
3.196000e-05	-3.145179e-02	4.516239e+00
3.197000e-05	-1.267126e-02	4.578521e+00
3.198000e-05	2.378119e-02	4.652629e+00
3.199000e-05	1.965303e-03	4.695388e+00
3.200000e-05	-3.057469e-02	4.799519e+00
3.201000e-05	-6.150027e-05	4.852105e+00
3.202000e-05	2.995907e-02	4.966717e+00
3.203000e-05	-2.412565e-02	5.063284e+00
3.204000e-05	-1.710039e-02	5.155844e+00
3.205000e-05	8.113957e-03	5.190022e+00
3.206000e-05	9.378062e-03	5.294137e+00
3.207000e-05	-1.968115e-02	5.346872e+00
3.208000e-05	-7.038516e-03	5.409475e+00
3.209000e-05	9.091006e-03	5.474155e+00
3.210000e-05	-6.869957e-03	5.526767e+00
3.211000e-05	-1.129517e-02	5.598918e+00
3.212000e-05	-1.525124e-03	5.600547e+00
3.213000e-05	4.895235e-03	5.610576e+00
3.214000e-05	-1.349123e-02	5.664730e+00
3.215000e-05	-4.145253e-03	5.693214e+00
3.216000e-05	1.444148e-03	5.781075e+00
3.217000e-05	-5.531466e-03	5.852185e+00
3.218000e-05	-1.103761e-02	5.875863e+00
3.219000e-05	-3.000705e-03	5.918947e+00
3.220000e-05	1.728228e-04	5.979974e+00
3.221000e-05	-7.580828e-03	5.989999e+00
3.222000e-05	-1.857064e-03	6.001003e+00
3.223000e-05	-4.748366e-03	6.031626e+00
3.224000e-05	-6.712045e-03	6.043607e+00
3.225000e-05	-8.173505e-03	6.042808e+00
3.226000e-05	-1.380029e-03	6.084129e+00
3.227000e-05	-6.020815e-03	6.113264e+00
3.228000e-05	-1.058930e-02	6.126864e+00
3.229000e-05	-5.108045e-03	6.147340e+00
3.230000e-05	-3.489506e-03	6.129416e+00
3.231000e-05	-5.325480e-03	6.146971e+00
3.232000e-05	-9.191689e-03	6.137441e+00
3.233000e-05	-3.939785e-03	6.148448e+00
3.234000e-05	-7.295673e-03	6.148921e+00
3.235000e-05	-8.859153e-03	6.157471e+00
3.236000e-05	-8.463963e-03	6.159446e+00
3.237000e-05	-7.042413e-03	6.158873e+00
3.238000e-05	-7.873088e-03	6.137469e+00
3.239000e-05	-9.982106e-03	6.147395e+00
3.240000e-05	-8.073322e-03	6.116841e+00
3.241000e-05	-9.651932e-03	6.097319e+00
3.242000e-05	-1.023038e-02	6.115365e+00
3.243000e-05	-1.176827e-02	6.075215e+00
3.244000e-05	-1.263326e-02	6.043734e+00
3.245000e-05	-1.239094e-02	6.052131e+00
3.246000e-05	-1.549720e-02	6.021153e+00
3.247000e-05	-1.507636e-02	6.020604e+00
3.248000e-05	-1.783603e-02	6.000500e+00
3.249000e-05	-1.847075e-02	5.989024e+00
3.250000e-05	-2.266765e-02	5.979019e+00
3.251000e-05	-2.554691e-02	5.938867e+00
3.252000e-05	-2.925451e-02	5.865883e+00
3.253000e-05	-2.813594e-02	5.790198e+00
3.254000e-05	-2.914828e-02	5.776740e+00
3.255000e-05	-2.786786e-02	5.653734e+00
3.256000e-05	-2.496649e-02	5.610078e+00
3.257000e-05	-2.036497e-02	5.600026e+00
3.258000e-05	-1.805364e-02	5.579497e+00
3.259000e-05	-1.632631e-02	5.496840e+00
3.260000e-05	-1.278140e-02	5.485287e+00
3.261000e-05	-1.190988e-02	5.400628e+00
3.262000e-05	-1.015544e-02	5.348947e+00
3.263000e-05	-9.644322e-03	5.316338e+00
3.264000e-05	-9.372637e-03	5.222158e+00
3.265000e-05	-9.204328e-03	5.170499e+00
3.266000e-05	-7.945323e-03	5.115813e+00
3.267000e-05	-6.157694e-03	5.004625e+00
3.268000e-05	-7.939249e-03	4.887290e+00
3.269000e-05	-6.403259e-03	4.801079e+00
3.270000e-05	-6.361791e-03	4.788421e+00
3.271000e-05	-5.168487e-03	4.713342e+00
3.272000e-05	-7.827650e-03	4.635580e+00
3.273000e-05	-5.286325e-03	4.557420e+00
3.274000e-05	-5.069397e-03	4.465186e+00
3.275000e-05	-5.899738e-03	4.390603e+00
3.276000e-05	-4.880727e-03	4.378424e+00
3.277000e-05	-3.909864e-03	4.297766e+00
3.278000e-05	-5.015358e-03	4.156949e+00
3.279000e-05	-6.064975e-03	4.041684e+00
3.280000e-05	-4.949472e-03	3.968994e+00
3.281000e-05	-3.889838e-03	3.905237e+00
3.282000e-05	-5.397131e-03	3.822026e+00
3.283000e-05	-5.679895e-03	3.724864e+00
3.284000e-05	-4.914760e-03	3.632553e+00
3.285000e-05	-3.906266e-03	3.628499e+00
3.286000e-05	-5.122617e-03	3.494767e+00
3.287000e-05	-4.428823e-03	3.314943e+00
3.288000e-05	-3.725664e-03	3.212603e+00
3.289000e-05	-4.725569e-03	3.138392e+00
3.290000e-05	-5.111939e-03	3.044709e+00
3.291000e-05	-4.241032e-03	2.958949e+00
3.292000e-05	-3.796786e-03	2.883758e+00
3.293000e-05	-4.448493e-03	2.791423e+00
3.294000e-05	-4.522465e-03	2.716815e+00
3.295000e-05	-3.172477e-03	2.538894e+00
3.296000e-05	-4.124241e-03	2.422103e+00
3.297000e-05	-4.839878e-03	2.347895e+00
3.298000e-05	-3.802713e-03	2.212629e+00
3.299000e-05	-4.733743e-03	2.136920e+00
3.300000e-05	-3.609730e-03	2.021605e+00
3.301000e-05	-4.410312e-03	1.959996e+00
3.302000e-05	-3.879459e-03	1.832259e+00
3.303000e-05	-3.620239e-03	1.736763e+00
3.304000e-05	-3.430940e-03	1.603555e+00
3.305000e-05	-3.418195e-03	1.506761e+00
3.306000e-05	-3.691513e-03	1.379992e+00
3.307000e-05	-4.210001e-03	1.264688e+00
3.308000e-05	-4.000987e-03	1.137467e+00
3.309000e-05	-3.808724e-03	1.020024e+00
3.310000e-05	-3.933457e-03	8.531330e-01
3.311000e-05	-3.388700e-03	7.679710e-01
3.312000e-05	-2.474698e-03	6.641090e-01
3.313000e-05	-3.499058e-03	5.483157e-01
3.314000e-05	-4.414709e-03	4.026303e-01
3.315000e-05	-4.188664e-03	3.503697e-01
3.316000e-05	-3.657955e-03	2.305263e-01
3.317000e-05	-2.644903e-03	8.365551e-02
3.318000e-05	-1.889768e-03	-4.160396e-02
3.319000e-05	1.263504e-03	-1.357896e-01
3.320000e-05	-7.195045e-04	-2.295265e-01
3.321000e-05	-1.662743e-03	-3.363409e-01
3.322000e-05	-2.592955e-03	-4.200039e-01
3.323000e-05	-6.072550e-04	-5.037155e-01
3.324000e-05	-1.319326e-03	-6.500603e-01
3.325000e-05	3.668587e-03	-7.678974e-01
3.326000e-05	4.045413e-02	-8.211353e-01
3.327000e-05	3.682490e-02	-9.774709e-01
3.328000e-05	-6.143275e-02	-1.188394e+00
3.329000e-05	-8.091958e-02	-1.375896e+00
3.330000e-05	-1.107585e-02	-1.442679e+00
3.331000e-05	1.332592e-01	-1.399958e+00
3.332000e-05	-7.062822e-02	-1.588923e+00
3.333000e-05	-1.133270e-01	-1.757494e+00
3.334000e-05	1.526316e-01	-1.769021e+00
3.335000e-05	-6.656917e-02	-1.842533e+00
3.336000e-05	-1.480364e-01	-2.028546e+00
3.337000e-05	1.098126e-01	-2.085139e+00
3.338000e-05	7.368814e-02	-2.155394e+00
3.339000e-05	-1.651286e-01	-2.326920e+00
3.340000e-05	9.536323e-02	-2.421600e+00
3.341000e-05	4.966123e-02	-2.534292e+00
3.342000e-05	-1.301086e-01	-2.683759e+00
3.343000e-05	5.028523e-02	-2.766420e+00
3.344000e-05	4.626067e-02	-2.821004e+00
3.345000e-05	-9.386570e-02	-2.947396e+00
3.346000e-05	8.917327e-02	-3.010585e+00
3.347000e-05	-4.178636e-02	-3.188471e+00
3.348000e-05	-3.046842e-02	-3.352237e+00
3.349000e-05	1.048866e-01	-3.347946e+00
3.350000e-05	-9.593824e-02	-3.473632e+00
3.351000e-05	-3.116562e-02	-3.568446e+00
3.352000e-05	1.176996e-01	-3.610553e+00
3.353000e-05	-6.741369e-02	-3.665188e+00
3.354000e-05	-2.764089e-02	-3.819656e+00
3.355000e-05	6.529106e-02	-3.977422e+00
3.356000e-05	-3.105614e-02	-4.030030e+00
3.357000e-05	-5.381128e-03	-4.083187e+00
3.358000e-05	-2.255826e-02	-4.168976e+00
3.359000e-05	1.966439e-02	-4.252608e+00
3.360000e-05	5.495139e-02	-4.335844e+00
3.361000e-05	-7.325604e-02	-4.409496e+00
3.362000e-05	-9.063528e-03	-4.430529e+00
3.363000e-05	4.742937e-02	-4.474293e+00
3.364000e-05	-5.184649e-03	-4.609026e+00
3.365000e-05	-2.724240e-02	-4.672736e+00
3.366000e-05	-9.080564e-03	-4.786296e+00
3.367000e-05	4.803265e-02	-4.861558e+00
3.368000e-05	-1.727127e-02	-4.923709e+00
3.369000e-05	-4.534229e-02	-4.988497e+00
3.370000e-05	3.683189e-02	-5.041103e+00
3.371000e-05	1.295133e-02	-5.086213e+00
3.372000e-05	-3.009733e-02	-5.155920e+00
3.373000e-05	-2.206376e-03	-5.220580e+00
3.374000e-05	1.297940e-02	-5.303788e+00
3.375000e-05	1.519766e-02	-5.381580e+00
3.376000e-05	-2.971618e-02	-5.503312e+00
3.377000e-05	-1.700534e-04	-5.557443e+00
3.378000e-05	2.432881e-02	-5.600001e+00
3.379000e-05	-1.604752e-02	-5.621056e+00
3.380000e-05	-8.735037e-04	-5.651132e+00
3.381000e-05	3.629391e-03	-5.714787e+00
3.382000e-05	1.899173e-03	-5.767344e+00
3.383000e-05	-8.562610e-03	-5.779024e+00
3.384000e-05	-2.624315e-03	-5.800101e+00
3.385000e-05	1.345061e-02	-5.873157e+00
3.386000e-05	-3.574709e-03	-5.883238e+00
3.387000e-05	-3.610769e-03	-5.924360e+00
3.388000e-05	5.448537e-03	-5.967895e+00
3.389000e-05	-3.761967e-03	-5.937997e+00
3.390000e-05	-2.699649e-03	-5.968972e+00
3.391000e-05	2.315049e-03	-5.990022e+00
3.392000e-05	2.597361e-03	-6.030525e+00
3.393000e-05	-2.466013e-03	-6.000028e+00
3.394000e-05	-2.103386e-03	-6.000527e+00
3.395000e-05	7.083733e-03	-6.031078e+00
3.396000e-05	-3.916485e-04	-6.019578e+00
3.397000e-05	-3.619297e-03	-6.051630e+00
3.398000e-05	3.575080e-03	-6.042607e+00
3.399000e-05	3.493375e-03	-6.093662e+00
3.400000e-05	3.941652e-04	-6.121104e+00
3.401000e-05	-1.670689e-03	-6.001131e+00
3.402000e-05	4.035694e-03	-6.061683e+00
3.403000e-05	2.974746e-03	-6.042106e+00
3.404000e-05	2.714033e-03	-6.031605e+00
3.405000e-05	3.584210e-03	-6.042255e+00
3.406000e-05	3.800988e-03	-6.011633e+00
3.407000e-05	4.135700e-03	-6.082075e+00
3.408000e-05	3.473896e-03	-6.021054e+00
3.409000e-05	5.450933e-03	-6.000050e+00
3.410000e-05	7.048169e-03	-6.010050e+00
3.411000e-05	6.895285e-03	-5.999476e+00
3.412000e-05	7.795657e-03	-5.977925e+00
3.413000e-05	1.070673e-02	-5.957873e+00
3.414000e-05	1.361700e-02	-5.936366e+00
3.415000e-05	1.380234e-02	-5.883213e+00
3.416000e-05	1.488034e-02	-5.882633e+00
3.417000e-05	1.840205e-02	-5.822607e+00
3.418000e-05	2.399402e-02	-5.808001e+00
3.419000e-05	2.397554e-02	-5.727442e+00
3.420000e-05	2.356076e-02	-5.695340e+00
3.421000e-05	2.154654e-02	-5.682659e+00
3.422000e-05	1.971189e-02	-5.592584e+00
3.423000e-05	1.445753e-02	-5.598975e+00
3.424000e-05	1.228682e-02	-5.576948e+00
3.425000e-05	1.111660e-02	-5.513738e+00
3.426000e-05	6.801488e-03	-5.422134e+00
3.427000e-05	4.478680e-03	-5.337320e+00
3.428000e-05	5.957682e-03	-5.213183e+00
3.429000e-05	4.802663e-03	-5.179604e+00
3.430000e-05	2.128423e-03	-5.158846e+00
3.431000e-05	2.406079e-03	-5.055288e+00
3.432000e-05	2.668693e-03	-4.971505e+00
3.433000e-05	1.494695e-03	-4.967870e+00
3.434000e-05	8.849108e-04	-4.872684e+00
3.435000e-05	1.406559e-03	-4.715447e+00
3.436000e-05	1.046744e-03	-4.712231e+00
3.437000e-05	-4.416367e-04	-4.661081e+00
3.438000e-05	2.723924e-04	-4.537947e+00
3.439000e-05	1.623591e-03	-4.463763e+00
3.440000e-05	-8.880060e-04	-4.430003e+00
3.441000e-05	-1.673396e-03	-4.367946e+00
3.442000e-05	5.760350e-04	-4.286738e+00
3.443000e-05	-1.128336e-03	-4.180482e+00
3.444000e-05	-2.745786e-03	-4.106269e+00
3.445000e-05	-1.754598e-04	-4.031727e+00
3.446000e-05	3.359966e-04	-3.980448e+00
3.447000e-05	-1.597791e-03	-3.934363e+00
3.448000e-05	-3.418604e-03	-3.739074e+00
3.449000e-05	-7.699334e-04	-3.633133e+00
3.450000e-05	-7.809023e-04	-3.588474e+00
3.451000e-05	-3.285244e-03	-3.495340e+00
3.452000e-05	-2.722418e-03	-3.410630e+00
3.453000e-05	-2.091169e-03	-3.284270e+00
3.454000e-05	-1.954670e-03	-3.191678e+00
3.455000e-05	-3.968636e-03	-3.148418e+00
3.456000e-05	-1.274304e-03	-3.053533e+00
3.457000e-05	-3.001128e-03	-2.893815e+00
3.458000e-05	-2.191368e-03	-2.801050e+00
3.459000e-05	-2.939359e-03	-2.706416e+00
3.460000e-05	-2.190701e-03	-2.599632e+00
3.461000e-05	-3.096363e-03	-2.484387e+00
3.462000e-05	-2.635629e-03	-2.400002e+00
3.463000e-05	-3.182532e-03	-2.367969e+00
3.464000e-05	-2.953374e-03	-2.201151e+00
3.465000e-05	-4.071511e-03	-2.053261e+00
3.466000e-05	-3.408461e-03	-1.948501e+00
3.467000e-05	-3.098295e-03	-1.895786e+00
3.468000e-05	-2.947711e-03	-1.719500e+00
3.469000e-05	-2.635364e-03	-1.684782e+00
3.470000e-05	-2.900465e-03	-1.610551e+00
3.471000e-05	-3.023447e-03	-1.463784e+00
3.472000e-05	-4.217834e-03	-1.325268e+00
3.473000e-05	-3.060907e-03	-1.189973e+00
3.474000e-05	-3.352122e-03	-1.061634e+00
3.475000e-05	-4.209428e-03	-9.479710e-01
3.476000e-05	-4.729769e-03	-8.800805e-01
3.477000e-05	-3.996550e-03	-7.874449e-01
3.478000e-05	-2.874934e-03	-5.725580e-01
3.479000e-05	-3.866390e-03	-4.537118e-01
3.480000e-05	-3.445050e-03	-3.794737e-01
3.481000e-05	-4.275463e-03	-2.442092e-01
3.482000e-05	-4.015010e-03	-1.280212e-01
3.483000e-05	-2.954174e-03	-3.266064e-02
3.484000e-05	-1.859798e-03	3.155520e-02
3.485000e-05	1.785636e-04	1.978109e-01
3.486000e-05	-3.026758e-03	3.052317e-01
3.487000e-05	-1.032366e-03	3.889699e-01
3.488000e-05	-3.451617e-03	4.436567e-01
3.489000e-05	-2.156124e-03	5.768698e-01
3.490000e-05	-2.735606e-03	6.846592e-01
3.491000e-05	3.442178e-03	7.779223e-01
3.492000e-05	2.391243e-02	9.031803e-01
3.493000e-05	4.539658e-02	1.032053e+00
3.494000e-05	-2.387002e-02	1.270428e+00
3.495000e-05	-6.883454e-02	1.357345e+00
3.496000e-05	-8.744564e-02	1.430076e+00
3.497000e-05	1.095714e-01	1.524318e+00
3.498000e-05	3.947467e-02	1.743737e+00
3.499000e-05	-1.028099e-01	1.757899e+00
3.500000e-05	-1.232600e-04	1.801528e+00
3.501000e-05	9.736958e-02	1.957417e+00
3.502000e-05	-1.501112e-01	2.083709e+00
3.503000e-05	1.260402e-02	2.107286e+00
3.504000e-05	1.268403e-01	2.211055e+00
3.505000e-05	-1.147233e-01	2.367395e+00
3.506000e-05	-2.651507e-02	2.410526e+00
3.507000e-05	1.196956e-01	2.535740e+00
3.508000e-05	-7.107260e-02	2.745258e+00
3.509000e-05	-4.439768e-02	2.799576e+00
3.510000e-05	8.122945e-02	2.894711e+00
3.511000e-05	-6.059576e-02	2.978931e+00
3.512000e-05	-3.079036e-03	3.095687e+00
3.513000e-05	3.433447e-02	3.188471e+00
3.514000e-05	-2.863725e-02	3.272079e+00
3.515000e-05	1.767823e-02	3.398319e+00
3.516000e-05	9.167497e-03	3.534262e+00
3.517000e-05	-7.086556e-02	3.587499e+00
3.518000e-05	3.727071e-02	3.694028e+00
3.519000e-05	3.849686e-02	3.767869e+00
3.520000e-05	-5.961895e-02	3.853158e+00
3.521000e-05	6.659973e-03	3.967816e+00
3.522000e-05	1.121550e-02	4.001006e+00
3.523000e-05	-4.185958e-03	4.082079e+00
3.524000e-05	-2.359911e-02	4.138447e+00
3.525000e-05	4.066935e-03	4.327242e+00
3.526000e-05	1.459091e-02	4.388472e+00
3.527000e-05	-6.946694e-04	4.442605e+00
3.528000e-05	-2.870833e-02	4.535263e+00
3.529000e-05	-7.287517e-03	4.631005e+00
3.530000e-05	3.064676e-02	4.666713e+00
3.531000e-05	-1.681292e-02	4.766941e+00
3.532000e-05	-2.445856e-02	4.810001e+00
3.533000e-05	1.086463e-02	4.813135e+00
3.534000e-05	2.023940e-02	5.030945e+00
3.535000e-05	-3.187765e-02	5.115340e+00
3.536000e-05	-1.161221e-02	5.189345e+00
3.537000e-05	1.508525e-02	5.252604e+00
3.538000e-05	-2.755747e-03	5.356262e+00
3.539000e-05	-1.550405e-02	5.377920e+00
3.540000e-05	-4.074588e-03	5.400599e+00
3.541000e-05	9.970806e-03	5.484257e+00
3.542000e-05	-1.347364e-02	5.557367e+00
3.543000e-05	-8.341404e-03	5.578446e+00
3.544000e-05	8.437990e-04	5.579026e+00
3.545000e-05	-8.122506e-04	5.623128e+00
3.546000e-05	-1.281782e-02	5.684164e+00
3.547000e-05	-1.762422e-03	5.707343e+00
3.548000e-05	3.180256e-03	5.773902e+00
3.549000e-05	-1.047209e-02	5.884337e+00
3.550000e-05	-6.954178e-03	5.916891e+00
3.551000e-05	-2.470261e-03	5.957376e+00
3.552000e-05	-5.554277e-04	5.978448e+00
3.553000e-05	-8.927040e-03	6.010001e+00
3.554000e-05	-1.682924e-03	6.020051e+00
3.555000e-05	-5.783114e-03	6.032132e+00
3.556000e-05	-1.002499e-02	6.042758e+00
3.557000e-05	-3.742744e-03	6.054185e+00
3.558000e-05	-2.065990e-03	6.093311e+00
3.559000e-05	-4.859696e-03	6.114260e+00
3.560000e-05	-1.056944e-02	6.145870e+00
3.561000e-05	-3.616702e-03	6.166412e+00
3.562000e-05	-3.880759e-03	6.165895e+00
3.563000e-05	-8.154327e-03	6.148947e+00
3.564000e-05	-8.245729e-03	6.158495e+00
3.565000e-05	-6.517685e-03	6.197470e+00
3.566000e-05	-7.303404e-03	6.188471e+00
3.567000e-05	-8.505770e-03	6.187994e+00
3.568000e-05	-5.765449e-03	6.200873e+00
3.569000e-05	-7.310192e-03	6.167490e+00
3.570000e-05	-9.324848e-03	6.147444e+00
3.571000e-05	-1.074456e-02	6.148019e+00
3.572000e-05	-8.360568e-03	6.128365e+00
3.573000e-05	-1.025028e-02	6.153869e+00
3.574000e-05	-1.015581e-02	6.146341e+00
3.575000e-05	-1.187964e-02	6.063761e+00
3.576000e-05	-1.254181e-02	6.052232e+00
3.577000e-05	-1.249993e-02	6.032658e+00
3.578000e-05	-1.472141e-02	6.011075e+00
3.579000e-05	-1.624331e-02	6.020551e+00
3.580000e-05	-1.982916e-02	5.999524e+00
3.581000e-05	-1.909706e-02	5.979497e+00
3.582000e-05	-2.280658e-02	5.967970e+00
3.583000e-05	-2.571391e-02	5.935766e+00
3.584000e-05	-2.846909e-02	5.882733e+00
3.585000e-05	-2.933189e-02	5.790020e+00
3.586000e-05	-3.005897e-02	5.727633e+00
3.587000e-05	-2.823626e-02	5.662255e+00
3.588000e-05	-2.230038e-02	5.611050e+00
3.589000e-05	-2.021532e-02	5.589976e+00
3.590000e-05	-1.718543e-02	5.567895e+00
3.591000e-05	-1.616096e-02	5.486313e+00
3.592000e-05	-1.285466e-02	5.443657e+00
3.593000e-05	-1.204084e-02	5.430521e+00
3.594000e-05	-1.021278e-02	5.370471e+00
3.595000e-05	-8.359685e-03	5.274862e+00
3.596000e-05	-9.474989e-03	5.222678e+00
3.597000e-05	-7.921697e-03	5.177399e+00
3.598000e-05	-9.200636e-03	5.035863e+00
3.599000e-05	-5.664538e-03	4.931546e+00
3.600000e-05	-8.556686e-03	4.883711e+00
3.601000e-05	-6.653249e-03	4.800530e+00
3.602000e-05	-6.287453e-03	4.748416e+00
3.603000e-05	-4.903018e-03	4.684234e+00
3.604000e-05	-5.813590e-03	4.601053e+00
3.605000e-05	-6.288974e-03	4.498396e+00
3.606000e-05	-6.773897e-03	4.433184e+00
3.607000e-05	-6.014874e-03	4.382000e+00
3.608000e-05	-4.664715e-03	4.338450e+00
3.609000e-05	-3.010693e-03	4.243833e+00
3.610000e-05	-5.176409e-03	4.116397e+00
3.611000e-05	-6.260538e-03	4.031529e+00
3.612000e-05	-5.378258e-03	3.968946e+00
3.613000e-05	-4.575967e-03	3.835233e+00
3.614000e-05	-5.291883e-03	3.788529e+00
3.615000e-05	-4.838861e-03	3.675788e+00
3.616000e-05	-3.835629e-03	3.622527e+00
3.617000e-05	-4.678605e-03	3.558471e+00
3.618000e-05	-5.267495e-03	3.453154e+00
3.619000e-05	-3.844743e-03	3.285717e+00
3.620000e-05	-2.745003e-03	3.220576e+00
3.621000e-05	-4.926628e-03	3.126366e+00
3.622000e-05	-4.956968e-03	3.013127e+00
3.623000e-05	-3.799367e-03	2.938393e+00
3.624000e-05	-3.929740e-03	2.842658e+00
3.625000e-05	-4.901527e-03	2.770446e+00
3.626000e-05	-4.098637e-03	2.666183e+00
3.627000e-05	-3.624552e-03	2.518814e+00
3.628000e-05	-3.749963e-03	2.451551e+00
3.629000e-05	-4.026300e-03	2.305867e+00
3.630000e-05	-4.298748e-03	2.211474e+00
3.631000e-05	-4.019003e-03	2.116862e+00
3.632000e-05	-4.000864e-03	2.031029e+00
3.633000e-05	-3.988560e-03	1.957869e+00
3.634000e-05	-4.282897e-03	1.773575e+00
3.635000e-05	-4.119489e-03	1.704688e+00
3.636000e-05	-4.168452e-03	1.599975e+00
3.637000e-05	-3.174422e-03	1.484132e+00
3.638000e-05	-3.914270e-03	1.336866e+00
3.639000e-05	-3.628785e-03	1.193131e+00
3.640000e-05	-3.468784e-03	1.116436e+00
3.641000e-05	-3.248769e-03	9.383196e-01
3.642000e-05	-4.020235e-03	8.320803e-01
3.643000e-05	-4.279037e-03	7.273170e-01
3.644000e-05	-4.084259e-03	6.115240e-01
3.645000e-05	-3.437943e-03	5.252868e-01
3.646000e-05	-2.869371e-03	4.000514e-01
3.647000e-05	-2.570238e-03	3.453644e-01
3.648000e-05	-3.369718e-03	1.399988e-01
3.649000e-05	-2.700636e-03	1.110157e-02
3.650000e-05	-7.691403e-04	-4.261167e-02
3.651000e-05	1.268559e-03	-1.762697e-01
3.652000e-05	-5.261980e-04	-2.525605e-01
3.653000e-05	-1.095008e-03	-3.663710e-01
3.654000e-05	-2.299600e-03	-4.110300e-01
3.655000e-05	-1.423055e-03	-5.348995e-01
3.656000e-05	-1.275117e-03	-6.832393e-01
3.657000e-05	1.066575e-02	-7.889986e-01
3.658000e-05	5.243196e-02	-8.831354e-01
3.659000e-05	6.851624e-03	-1.031526e+00
3.660000e-05	-6.660550e-02	-1.250054e+00
3.661000e-05	-8.705183e-02	-1.460579e+00
3.662000e-05	6.712334e-02	-1.430084e+00
3.663000e-05	7.609650e-02	-1.390980e+00
3.664000e-05	-1.001483e-01	-1.650003e+00
3.665000e-05	-7.093416e-02	-1.806974e+00
3.666000e-05	1.463793e-01	-1.768974e+00
3.667000e-05	-1.578634e-01	-1.885163e+00
3.668000e-05	-8.343672e-02	-2.018530e+00
3.669000e-05	1.606237e-01	-2.054264e+00
3.670000e-05	-2.018590e-02	-2.209503e+00
3.671000e-05	-1.313870e-01	-2.409546e+00
3.672000e-05	1.503060e-01	-2.453157e+00
3.673000e-05	-3.757993e-02	-2.558346e+00
3.674000e-05	-9.602731e-02	-2.723811e+00
3.675000e-05	9.356389e-02	-2.767446e+00
3.676000e-05	-2.142551e-02	-2.872608e+00
3.677000e-05	-4.829171e-02	-2.999051e+00
3.678000e-05	8.518422e-02	-3.094242e+00
3.679000e-05	-7.488628e-02	-3.212023e+00
3.680000e-05	1.556463e-02	-3.375315e+00
3.681000e-05	7.992297e-02	-3.379900e+00
3.682000e-05	-1.370465e-01	-3.492735e+00
3.683000e-05	4.870395e-02	-3.598449e+00
3.684000e-05	7.640256e-02	-3.601528e+00
3.685000e-05	-9.548216e-02	-3.687742e+00
3.686000e-05	2.378122e-02	-3.902238e+00
3.687000e-05	3.599631e-02	-3.988472e+00
3.688000e-05	-3.362003e-02	-4.042109e+00
3.689000e-05	-2.684961e-03	-4.086264e+00
3.690000e-05	-2.213454e-02	-4.179999e+00
3.691000e-05	4.636186e-02	-4.312611e+00
3.692000e-05	2.048285e-02	-4.366947e+00
3.693000e-05	-7.597991e-02	-4.408978e+00
3.694000e-05	2.150699e-02	-4.450658e+00
3.695000e-05	3.581421e-02	-4.552768e+00
3.696000e-05	-1.738630e-02	-4.671680e+00
3.697000e-05	-2.382884e-02	-4.695742e+00
3.698000e-05	2.838576e-03	-4.798467e+00
3.699000e-05	4.773488e-02	-4.852105e+00
3.700000e-05	-4.327574e-02	-4.897368e+00
3.701000e-05	-2.053213e-02	-5.004551e+00
3.702000e-05	4.005516e-02	-5.034085e+00
3.703000e-05	-6.236211e-03	-5.125867e+00
3.704000e-05	-2.127209e-02	-5.179499e+00
3.705000e-05	-8.051945e-04	-5.242154e+00
3.706000e-05	1.887056e-02	-5.327471e+00
3.707000e-05	3.298042e-03	-5.451600e+00
3.708000e-05	-2.745344e-02	-5.546812e+00
3.709000e-05	1.151872e-02	-5.567400e+00
3.710000e-05	1.456654e-02	-5.609550e+00
3.711000e-05	-1.666350e-02	-5.621055e+00
3.712000e-05	2.974045e-03	-5.653234e+00
3.713000e-05	2.352611e-03	-5.725862e+00
3.714000e-05	1.743715e-03	-5.758918e+00
3.715000e-05	-7.848713e-03	-5.768476e+00
3.716000e-05	1.298027e-05	-5.811604e+00
3.717000e-05	9.833178e-03	-5.842183e+00
3.718000e-05	-7.773620e-03	-5.895187e+00
3.719000e-05	2.226012e-03	-5.945872e+00
3.720000e-05	1.809646e-03	-5.956797e+00
3.721000e-05	-3.048091e-03	-5.958446e+00
3.722000e-05	2.962480e-04	-5.977947e+00
3.723000e-05	2.011807e-03	-5.999500e+00
3.724000e-05	1.005228e-03	-5.990004e+00
3.725000e-05	-3.859173e-03	-6.000026e+00
3.726000e-05	2.186158e-03	-6.030576e+00
3.727000e-05	5.009036e-03	-6.032078e+00
3.728000e-05	-2.094739e-03	-6.000080e+00
3.729000e-05	-2.344921e-03	-6.031634e+00
3.730000e-05	4.634703e-03	-6.033110e+00
3.731000e-05	2.513091e-03	-6.082234e+00
3.732000e-05	-7.038523e-04	-6.002156e+00
3.733000e-05	5.684689e-04	-6.072138e+00
3.734000e-05	3.274786e-03	-6.041732e+00
3.735000e-05	2.424378e-03	-6.032106e+00
3.736000e-05	1.467541e-03	-6.051658e+00
3.737000e-05	4.699109e-03	-6.041658e+00
3.738000e-05	3.979377e-03	-6.010733e+00
3.739000e-05	4.718008e-03	-6.031130e+00
3.740000e-05	3.500754e-03	-6.000528e+00
3.741000e-05	5.974282e-03	-6.019451e+00
3.742000e-05	7.200932e-03	-5.990500e+00
3.743000e-05	7.889570e-03	-5.990050e+00
3.744000e-05	9.417881e-03	-5.958972e+00
3.745000e-05	1.020566e-02	-5.978446e+00
3.746000e-05	1.320255e-02	-5.917816e+00
3.747000e-05	1.383272e-02	-5.884816e+00
3.748000e-05	1.708500e-02	-5.813688e+00
3.749000e-05	1.933542e-02	-5.831107e+00
3.750000e-05	2.468667e-02	-5.801047e+00
3.751000e-05	2.488636e-02	-5.776322e+00
3.752000e-05	2.244343e-02	-5.664237e+00
3.753000e-05	2.147831e-02	-5.641158e+00
3.754000e-05	1.892478e-02	-5.610507e+00
3.755000e-05	1.528943e-02	-5.589524e+00
3.756000e-05	1.077353e-02	-5.558893e+00
3.757000e-05	1.006174e-02	-5.505313e+00
3.758000e-05	6.647385e-03	-5.390202e+00
3.759000e-05	5.744121e-03	-5.295841e+00
3.760000e-05	4.656779e-03	-5.243231e+00
3.761000e-05	3.271039e-03	-5.167500e+00
3.762000e-05	2.430092e-03	-5.138344e+00
3.763000e-05	2.752182e-03	-5.051712e+00
3.764000e-05	3.158405e-03	-4.970130e+00
3.765000e-05	1.353832e-04	-4.928370e+00
3.766000e-05	2.284193e-04	-4.839008e+00
3.767000e-05	2.097698e-03	-4.717921e+00
3.768000e-05	9.098594e-04	-4.652682e+00
3.769000e-05	-1.064124e-03	-4.631029e+00
3.770000e-05	1.044826e-03	-4.546346e+00
3.771000e-05	1.598952e-03	-4.483285e+00
3.772000e-05	-1.871670e-03	-4.419979e+00
3.773000e-05	-1.217304e-03	-4.356894e+00
3.774000e-05	3.952808e-04	-4.293758e+00
3.775000e-05	-8.902966e-05	-4.179501e+00
3.776000e-05	-2.409949e-03	-4.104364e+00
3.777000e-05	-1.168802e-03	-4.010580e+00
3.778000e-05	-5.158134e-04	-3.978944e+00
3.779000e-05	-2.210302e-03	-3.883209e+00
3.780000e-05	-2.347830e-03	-3.696393e+00
3.781000e-05	-8.074842e-04	-3.622657e+00
3.782000e-05	-6.764946e-04	-3.560450e+00
3.783000e-05	-2.844850e-03	-3.453286e+00
3.784000e-05	-2.185652e-03	-3.388026e+00
3.785000e-05	-2.374221e-03	-3.255788e+00
3.786000e-05	-2.833421e-03	-3.180954e+00
3.787000e-05	-3.031344e-03	-3.127370e+00
3.788000e-05	-1.467787e-03	-2.980581e+00
3.789000e-05	-2.322507e-03	-2.852235e+00
3.790000e-05	-1.822872e-03	-2.820050e+00
3.791000e-05	-3.609569e-03	-2.684791e+00
3.792000e-05	-1.322559e-03	-2.590474e+00
3.793000e-05	-4.046064e-03	-2.473664e+00
3.794000e-05	-2.553244e-03	-2.379476e+00
3.795000e-05	-3.322778e-03	-2.354893e+00
3.796000e-05	-3.645865e-03	-2.160901e+00
3.797000e-05	-4.383696e-03	-2.012131e+00
3.798000e-05	-3.875462e-03	-1.959849e+00
3.799000e-05	-3.064605e-03	-1.882660e+00
3.800000e-05	-3.151733e-03	-1.748367e+00
3.801000e-05	-1.831692e-03	-1.642208e+00
3.802000e-05	-2.650642e-03	-1.569900e+00
3.803000e-05	-3.370695e-03	-1.433159e+00
3.804000e-05	-3.858113e-03	-1.244758e+00
3.805000e-05	-3.120624e-03	-1.118396e+00
3.806000e-05	-4.788957e-03	-1.021678e+00
3.807000e-05	-4.522202e-03	-8.963897e-01
3.808000e-05	-4.405255e-03	-8.205803e-01
3.809000e-05	-3.592958e-03	-7.358109e-01
3.810000e-05	-3.897724e-03	-5.900509e-01
3.811000e-05	-3.084643e-03	-4.231303e-01
3.812000e-05	-3.168821e-03	-3.579436e-01
3.813000e-05	-3.763452e-03	-2.041578e-01
3.814000e-05	-3.774435e-03	-1.368935e-01
3.815000e-05	-2.842919e-03	-2.308157e-02
3.816000e-05	-1.149034e-03	6.410640e-02
3.817000e-05	-6.842592e-04	1.993224e-01
3.818000e-05	-3.705723e-03	3.343432e-01
3.819000e-05	1.007883e-04	4.095013e-01
3.820000e-05	-2.522129e-03	5.046604e-01
3.821000e-05	-2.343134e-03	6.194725e-01
3.822000e-05	-2.296091e-03	7.242933e-01
3.823000e-05	6.482792e-03	8.200211e-01
3.824000e-05	3.343371e-02	9.042405e-01
3.825000e-05	3.350368e-02	1.133639e+00
3.826000e-05	-4.261629e-02	1.283153e+00
3.827000e-05	-7.915362e-02	1.387445e+00
3.828000e-05	-4.776396e-02	1.442053e+00
3.829000e-05	1.356115e-01	1.606271e+00
3.830000e-05	-2.103647e-02	1.734864e+00
3.831000e-05	-1.096720e-01	1.807996e+00
3.832000e-05	8.821232e-02	1.862682e+00
3.833000e-05	1.429354e-02	2.017996e+00
3.834000e-05	-1.275432e-01	2.082206e+00
3.835000e-05	6.369828e-02	2.156917e+00
3.836000e-05	8.779871e-02	2.263737e+00
3.837000e-05	-1.506907e-01	2.377971e+00
3.838000e-05	5.492819e-02	2.454555e+00
3.839000e-05	7.748798e-02	2.620995e+00
3.840000e-05	-1.010714e-01	2.747340e+00
3.841000e-05	8.195289e-03	2.820605e+00
3.842000e-05	5.578960e-02	2.915768e+00
3.843000e-05	-6.924662e-02	3.030550e+00
3.844000e-05	2.676286e-02	3.125839e+00
3.845000e-05	1.632766e-02	3.208524e+00
3.846000e-05	-3.300127e-02	3.242183e+00
3.847000e-05	4.410674e-02	3.407873e+00
3.848000e-05	-3.506359e-02	3.536918e+00
3.849000e-05	-3.708614e-02	3.620026e+00
3.850000e-05	5.183115e-02	3.713134e+00
3.851000e-05	1.260698e-02	3.809449e+00
3.852000e-05	-5.967062e-02	3.883157e+00
3.853000e-05	2.556422e-02	3.968421e+00
3.854000e-05	6.920903e-03	4.011026e+00
3.855000e-05	-1.463497e-02	4.133712e+00
3.856000e-05	-1.340298e-02	4.190025e+00
3.857000e-05	1.336008e-03	4.368392e+00
3.858000e-05	2.175688e-02	4.421079e+00
3.859000e-05	-1.797614e-02	4.443661e+00
3.860000e-05	-2.092550e-02	4.596817e+00
3.861000e-05	3.328667e-03	4.649052e+00
3.862000e-05	2.581462e-02	4.693312e+00
3.863000e-05	-2.923668e-02	4.757343e+00
3.864000e-05	-1.460411e-02	4.810478e+00
3.865000e-05	2.253713e-02	4.855692e+00
3.866000e-05	1.590856e-03	4.992028e+00
3.867000e-05	-3.062151e-02	5.105834e+00
3.868000e-05	-3.016073e-03	5.199548e+00
3.869000e-05	1.895124e-02	5.261685e+00
3.870000e-05	-1.309216e-02	5.324817e+00
3.871000e-05	-1.145563e-02	5.399475e+00
3.872000e-05	-1.449230e-03	5.461103e+00
3.873000e-05	7.286008e-03	5.495363e+00
3.874000e-05	-1.612592e-02	5.516344e+00
3.875000e-05	-5.064095e-03	5.578447e+00
3.876000e-05	4.595258e-03	5.600550e+00
3.877000e-05	-6.258635e-03	5.662654e+00
3.878000e-05	-9.341999e-03	5.684312e+00
3.879000e-05	-7.250550e-04	5.796897e+00
3.880000e-05	2.072114e-03	5.833074e+00
3.881000e-05	-1.371222e-02	5.895789e+00
3.882000e-05	-4.183792e-03	5.936891e+00
3.883000e-05	-1.295420e-03	5.998497e+00
3.884000e-05	-3.351676e-03	5.999500e+00
3.885000e-05	-6.688286e-03	6.001030e+00
3.886000e-05	-2.962941e-03	6.030028e+00
3.887000e-05	-6.248007e-03	6.052601e+00
3.888000e-05	-1.012550e-02	6.053107e+00
3.889000e-05	-1.101326e-03	6.094732e+00
3.890000e-05	-2.305098e-03	6.085312e+00
3.891000e-05	-7.583414e-03	6.136293e+00
3.892000e-05	-1.001373e-02	6.135392e+00
3.893000e-05	-3.163860e-03	6.186420e+00
3.894000e-05	-4.099734e-03	6.128465e+00
3.895000e-05	-9.540171e-03	6.187970e+00
3.896000e-05	-5.741788e-03	6.167472e+00
3.897000e-05	-5.674721e-03	6.199520e+00
3.898000e-05	-6.729322e-03	6.188474e+00
3.899000e-05	-1.031072e-02	6.188470e+00
3.900000e-05	-5.759602e-03	6.179921e+00
3.901000e-05	-8.890561e-03	6.147921e+00
3.902000e-05	-8.301632e-03	6.189944e+00
3.903000e-05	-9.343941e-03	6.178371e+00
3.904000e-05	-8.267842e-03	6.158394e+00
3.905000e-05	-8.883822e-03	6.137367e+00
3.906000e-05	-1.165318e-02	6.115812e+00
3.907000e-05	-1.140276e-02	6.093289e+00
3.908000e-05	-1.321951e-02	6.062183e+00
3.909000e-05	-1.242708e-02	6.040132e+00
3.910000e-05	-1.535808e-02	6.050553e+00
3.911000e-05	-1.679448e-02	6.010525e+00
3.912000e-05	-1.972113e-02	5.999975e+00
3.913000e-05	-1.951964e-02	5.979999e+00
3.914000e-05	-2.372247e-02	5.957873e+00
3.915000e-05	-2.780757e-02	5.897291e+00
3.916000e-05	-2.850104e-02	5.854225e+00
3.917000e-05	-2.922862e-02	5.817446e+00
3.918000e-05	-2.907681e-02	5.696684e+00
3.919000e-05	-2.772211e-02	5.644154e+00
3.920000e-05	-2.195766e-02	5.600504e+00
3.921000e-05	-1.946165e-02	5.598972e+00
3.922000e-05	-1.619279e-02	5.558892e+00
3.923000e-05	-1.382191e-02	5.475787e+00
3.924000e-05	-1.333350e-02	5.443130e+00
3.925000e-05	-1.129548e-02	5.399550e+00
3.926000e-05	-1.110188e-02	5.367395e+00
3.927000e-05	-8.893684e-03	5.314212e+00
3.928000e-05	-9.740659e-03	5.171154e+00
3.929000e-05	-8.171938e-03	5.128917e+00
3.930000e-05	-6.520661e-03	5.063681e+00
3.931000e-05	-6.980097e-03	4.938895e+00
3.932000e-05	-7.647023e-03	4.853183e+00
3.933000e-05	-6.952320e-03	4.810026e+00
3.934000e-05	-6.269551e-03	4.756940e+00
3.935000e-05	-6.975169e-03	4.675107e+00
3.936000e-05	-6.108219e-03	4.600577e+00
3.937000e-05	-5.588195e-03	4.556287e+00
3.938000e-05	-5.259946e-03	4.422129e+00
3.939000e-05	-6.824429e-03	4.410026e+00
3.940000e-05	-4.936699e-03	4.335866e+00
3.941000e-05	-3.526469e-03	4.200654e+00
3.942000e-05	-5.383267e-03	4.114812e+00
3.943000e-05	-6.325008e-03	3.990051e+00
3.944000e-05	-5.261629e-03	3.945871e+00
3.945000e-05	-4.119542e-03	3.854707e+00
3.946000e-05	-5.254892e-03	3.760497e+00
3.947000e-05	-4.840546e-03	3.684214e+00
3.948000e-05	-4.394416e-03	3.609525e+00
3.949000e-05	-4.340321e-03	3.546892e+00
3.950000e-05	-5.055685e-03	3.440648e+00
3.951000e-05	-4.041477e-03	3.315210e+00
3.952000e-05	-4.008985e-03	3.169975e+00
3.953000e-05	-4.238613e-03	3.096313e+00
3.954000e-05	-5.180908e-03	3.021076e+00
3.955000e-05	-4.552786e-03	2.926867e+00
3.956000e-05	-4.198838e-03	2.801603e+00
3.957000e-05	-4.716618e-03	2.777995e+00
3.958000e-05	-4.500452e-03	2.654283e+00
3.959000e-05	-3.824921e-03	2.494208e+00
3.960000e-05	-3.120751e-03	2.370023e+00
3.961000e-05	-4.225814e-03	2.296238e+00
3.962000e-05	-5.053928e-03	2.182500e+00
3.963000e-05	-3.843757e-03	2.054210e+00
3.964000e-05	-3.850026e-03	1.981526e+00
3.965000e-05	-3.682405e-03	1.935811e+00
3.966000e-05	-3.998848e-03	1.800971e+00
3.967000e-05	-4.069469e-03	1.643206e+00
3.968000e-05	-3.471721e-03	1.538495e+00
3.969000e-05	-3.813634e-03	1.451579e+00
3.970000e-05	-4.329527e-03	1.316318e+00
3.971000e-05	-4.112913e-03	1.219476e+00
3.972000e-05	-3.217179e-03	1.045711e+00
3.973000e-05	-3.238505e-03	8.972870e-01
3.974000e-05	-3.416030e-03	7.895001e-01
3.975000e-05	-3.784982e-03	7.048117e-01
3.976000e-05	-3.979668e-03	6.009226e-01
3.977000e-05	-3.859539e-03	4.656830e-01
3.978000e-05	-3.082189e-03	3.799726e-01
3.979000e-05	-3.664511e-03	2.846841e-01
3.980000e-05	-2.518432e-03	1.352158e-01
3.981000e-05	-3.135853e-03	1.205262e-02
3.982000e-05	9.894515e-04	-9.366047e-02
3.983000e-05	4.473210e-04	-1.794236e-01
3.984000e-05	-9.004540e-04	-2.942092e-01
3.985000e-05	-2.063584e-03	-3.979774e-01
3.986000e-05	-3.013648e-03	-4.715089e-01
3.987000e-05	-1.997849e-03	-5.593747e-01
3.988000e-05	-6.134674e-04	-7.458171e-01
3.989000e-05	1.978744e-02	-7.994765e-01
3.990000e-05	5.556624e-02	-9.146870e-01
3.991000e-05	-2.570012e-02	-1.073184e+00
3.992000e-05	-6.804677e-02	-1.314162e+00
3.993000e-05	-8.020087e-02	-1.419528e+00
3.994000e-05	1.306488e-01	-1.419854e+00
3.995000e-05	8.579240e-03	-1.452634e+00
3.996000e-05	-1.149570e-01	-1.701154e+00
3.997000e-05	1.663386e-02	-1.798471e+00
3.998000e-05	8.629741e-02	-1.829525e+00
3.999000e-05	-1.927224e-01	-1.946241e+00
4.000000e-05	-5.933707e-03	-2.081635e+00
4.001000e-05	1.663726e-01	-2.106792e+00
4.002000e-05	-1.077261e-01	-2.273612e+00
4.003000e-05	-5.357122e-02	-2.399554e+00
4.004000e-05	1.492329e-01	-2.505186e+00
4.005000e-05	-1.063181e-01	-2.579001e+00
4.006000e-05	-4.277907e-02	-2.737343e+00
4.007000e-05	1.068727e-01	-2.789922e+00
4.008000e-05	-7.754340e-02	-2.915159e+00
4.009000e-05	1.691403e-02	-3.059079e+00
4.010000e-05	4.279670e-02	-3.125318e+00
4.011000e-05	-7.718879e-02	-3.262682e+00
4.012000e-05	6.522556e-02	-3.386370e+00
4.013000e-05	2.208346e-02	-3.391950e+00
4.014000e-05	-1.276733e-01	-3.543742e+00
4.015000e-05	1.052648e-01	-3.578025e+00
4.016000e-05	1.691828e-02	-3.642107e+00
4.017000e-05	-8.993629e-02	-3.816871e+00
4.018000e-05	6.132991e-02	-3.895718e+00
4.019000e-05	1.582394e-03	-3.979499e+00
4.020000e-05	-2.280101e-02	-4.062210e+00
4.021000e-05	-9.509542e-03	-4.126368e+00
4.022000e-05	-1.468665e-02	-4.230103e+00
4.023000e-05	6.428344e-02	-4.265315e+00
4.024000e-05	-2.311554e-02	-4.357500e+00
4.025000e-05	-5.931071e-02	-4.401026e+00
4.026000e-05	3.888144e-02	-4.433634e+00
4.027000e-05	2.169739e-02	-4.579005e+00
4.028000e-05	-2.482742e-02	-4.642158e+00
4.029000e-05	-1.947510e-02	-4.706387e+00
4.030000e-05	2.128817e-02	-4.800875e+00
4.031000e-05	3.173891e-02	-4.863640e+00
4.032000e-05	-5.830123e-02	-4.948450e+00
4.033000e-05	5.696583e-03	-5.009526e+00
4.034000e-05	3.772190e-02	-5.073663e+00
4.035000e-05	-1.979741e-02	-5.156321e+00
4.036000e-05	-1.383417e-02	-5.199502e+00
4.037000e-05	7.859608e-04	-5.242162e+00
4.038000e-05	2.478231e-02	-5.327895e+00
4.039000e-05	-1.320012e-02	-5.502663e+00
4.040000e-05	-2.199789e-02	-5.547371e+00
4.041000e-05	2.139567e-02	-5.548949e+00
4.042000e-05	2.404909e-03	-5.609025e+00
4.043000e-05	-1.269888e-02	-5.670132e+00
4.044000e-05	4.302609e-03	-5.674136e+00
4.045000e-05	2.749438e-03	-5.776297e+00
4.046000e-05	-2.671108e-03	-5.747448e+00
4.047000e-05	-7.582691e-03	-5.799050e+00
4.048000e-05	5.845182e-03	-5.832577e+00
4.049000e-05	5.815907e-03	-5.823207e+00
4.050000e-05	-9.163908e-03	-5.885292e+00
4.051000e-05	5.132868e-03	-5.925343e+00
4.052000e-05	3.307484e-05	-5.968420e+00
4.053000e-05	-3.666176e-03	-5.958524e+00
4.054000e-05	1.598399e-03	-5.960501e+00
4.055000e-05	2.695444e-03	-5.999000e+00
4.056000e-05	3.080688e-04	-5.999029e+00
4.057000e-05	-5.686998e-03	-6.020525e+00
4.058000e-05	3.804251e-03	-6.001054e+00
4.059000e-05	3.148953e-03	-6.021180e+00
4.060000e-05	-3.206613e-03	-6.022054e+00
4.061000e-05	4.068287e-04	-6.041133e+00
4.062000e-05	4.512486e-03	-6.073235e+00
4.063000e-05	1.866086e-03	-6.055132e+00
4.064000e-05	-4.644384e-04	-6.022205e+00
4.065000e-05	3.095809e-03	-6.071206e+00
4.066000e-05	2.849021e-03	-6.042707e+00
4.067000e-05	1.609981e-03	-6.060682e+00
4.068000e-05	2.065266e-03	-6.022208e+00
4.069000e-05	4.492422e-03	-6.081633e+00
4.070000e-05	3.858076e-03	-6.052579e+00
4.071000e-05	4.269931e-03	-6.021579e+00
4.072000e-05	4.727571e-03	-6.030500e+00
4.073000e-05	6.482068e-03	-6.009975e+00
4.074000e-05	7.502942e-03	-6.000526e+00
4.075000e-05	7.990278e-03	-5.989000e+00
4.076000e-05	1.004453e-02	-5.988897e+00
4.077000e-05	9.768895e-03	-5.937420e+00
4.078000e-05	1.408530e-02	-5.936366e+00
4.079000e-05	1.464269e-02	-5.884136e+00
4.080000e-05	1.770290e-02	-5.842157e+00
4.081000e-05	2.088752e-02	-5.791004e+00
4.082000e-05	2.406067e-02	-5.760474e+00
4.083000e-05	2.519228e-02	-5.717866e+00
4.084000e-05	2.214873e-02	-5.694183e+00
4.085000e-05	2.175703e-02	-5.640679e+00
4.086000e-05	1.769684e-02	-5.620000e+00
4.087000e-05	1.248093e-02	-5.588474e+00
4.088000e-05	1.099896e-02	-5.555396e+00
4.089000e-05	8.334730e-03	-5.475785e+00
4.090000e-05	5.509582e-03	-5.370030e+00
4.091000e-05	5.477673e-03	-5.302165e+00
4.092000e-05	4.964622e-03	-5.230632e+00
4.093000e-05	2.984667e-03	-5.158974e+00
4.094000e-05	2.291233e-03	-5.085338e+00
4.095000e-05	3.169794e-03	-5.043557e+00
4.096000e-05	2.654830e-03	-4.979002e+00
4.097000e-05	1.178618e-03	-4.836468e+00
4.098000e-05	1.385477e-03	-4.807574e+00
4.099000e-05	1.572004e-03	-4.695290e+00
4.100000e-05	3.972362e-04	-4.631636e+00
4.101000e-05	-8.054685e-04	-4.549999e+00
4.102000e-05	2.023248e-03	-4.537270e+00
4.103000e-05	2.133806e-04	-4.442107e+00
4.104000e-05	-2.113613e-03	-4.390048e+00
4.105000e-05	-9.583095e-04	-4.345346e+00
4.106000e-05	4.648976e-04	-4.223632e+00
4.107000e-05	-1.807828e-03	-4.158474e+00
4.108000e-05	-2.890826e-03	-4.083664e+00
4.109000e-05	-3.564162e-04	-4.000029e+00
4.110000e-05	-1.140671e-03	-3.948446e+00
4.111000e-05	-2.901483e-03	-3.852128e+00
4.112000e-05	-1.741022e-03	-3.706311e+00
4.113000e-05	-8.699397e-04	-3.610526e+00
4.114000e-05	-1.518621e-03	-3.547395e+00
4.115000e-05	-3.758711e-03	-3.423207e+00
4.116000e-05	-2.839748e-03	-3.348447e+00
4.117000e-05	-1.570811e-03	-3.232684e+00
4.118000e-05	-2.752236e-03	-3.211049e+00
4.119000e-05	-3.222866e-03	-3.074767e+00
4.120000e-05	-2.983499e-03	-2.998549e+00
4.121000e-05	-3.770190e-03	-2.843083e+00
4.122000e-05	-3.236855e-03	-2.748970e+00
4.123000e-05	-2.091345e-03	-2.664184e+00
4.124000e-05	-2.671977e-03	-2.569451e+00
4.125000e-05	-2.839930e-03	-2.462687e+00
4.126000e-05	-2.836818e-03	-2.400026e+00
4.127000e-05	-2.634146e-03	-2.295287e+00
4.128000e-05	-4.447854e-03	-2.127871e+00
4.129000e-05	-4.104754e-03	-2.001154e+00
4.130000e-05	-4.379105e-03	-1.916421e+00
4.131000e-05	-2.332705e-03	-1.831579e+00
4.132000e-05	-2.343429e-03	-1.716815e+00
4.133000e-05	-2.272121e-03	-1.621608e+00
4.134000e-05	-4.687107e-03	-1.554867e+00
4.135000e-05	-2.782952e-03	-1.340028e+00
4.136000e-05	-3.790979e-03	-1.243080e+00
4.137000e-05	-1.777584e-03	-1.075766e+00
4.138000e-05	-5.075972e-03	-1.010004e+00
4.139000e-05	-3.893469e-03	-8.832632e-01
4.140000e-05	-4.391238e-03	-8.000751e-01
4.141000e-05	-2.722635e-03	-6.953157e-01
4.142000e-05	-4.185973e-03	-4.784649e-01
4.143000e-05	-3.688463e-03	-4.315289e-01
4.144000e-05	-3.858664e-03	-3.068909e-01
4.145000e-05	-3.423939e-03	-1.905562e-01
4.146000e-05	-3.403622e-03	-1.268409e-01
4.147000e-05	-1.704979e-03	-1.100394e-02
4.148000e-05	-8.352739e-04	8.155527e-02
4.149000e-05	-2.086838e-03	2.315989e-01
4.150000e-05	-2.391234e-03	3.674209e-01
4.151000e-05	-2.498991e-03	4.626289e-01
4.152000e-05	-1.527673e-03	5.353156e-01
4.153000e-05	-3.390091e-03	6.115252e-01
4.154000e-05	2.369743e-04	7.568384e-01
4.155000e-05	1.131075e-02	8.415287e-01
4.156000e-05	4.316313e-02	9.383187e-01
4.157000e-05	1.120844e-02	1.176890e+00
4.158000e-05	-5.344672e-02	1.295210e+00
4.159000e-05	-9.033389e-02	1.401521e+00
4.160000e-05	1.556720e-02	1.493085e+00
4.161000e-05	1.213948e-01	1.660556e+00
4.162000e-05	-6.693643e-02	1.767918e+00
4.163000e-05	-9.440479e-02	1.789473e+00
4.164000e-05	1.416765e-01	1.895188e+00
4.165000e-05	-7.482154e-02	2.010604e+00
4.166000e-05	-7.682355e-02	2.115886e+00
4.167000e-05	1.068725e-01	2.169446e+00
4.168000e-05	1.328303e-02	2.305812e+00
4.169000e-05	-1.356073e-01	2.419500e+00
4.170000e-05	1.099259e-01	2.474153e+00
4.171000e-05	1.406853e-02	2.613228e+00
4.172000e-05	-1.008703e-01	2.797497e+00
4.173000e-05	5.463374e-02	2.881629e+00
4.174000e-05	7.220757e-03	2.956343e+00
4.175000e-05	-5.187830e-02	3.052607e+00
4.176000e-05	4.381491e-02	3.166841e+00
4.177000e-05	-5.519645e-03	3.230078e+00
4.178000e-05	-2.565348e-02	3.286233e+00
4.179000e-05	5.057189e-02	3.500607e+00
4.180000e-05	-6.926060e-02	3.598469e+00
4.181000e-05	-4.383151e-03	3.630553e+00
4.182000e-05	5.484450e-02	3.715797e+00
4.183000e-05	-2.054444e-02	3.821025e+00
4.184000e-05	-3.855143e-02	3.916217e+00
4.185000e-05	2.583833e-02	3.978500e+00
4.186000e-05	5.473190e-03	4.042054e+00
4.187000e-05	-2.313295e-02	4.126890e+00
4.188000e-05	-2.690945e-03	4.235660e+00
4.189000e-05	3.461758e-03	4.348946e+00
4.190000e-05	2.232232e-02	4.430978e+00
4.191000e-05	-2.985279e-02	4.494712e+00
4.192000e-05	-1.618088e-02	4.598922e+00
4.193000e-05	1.619281e-02	4.611502e+00
4.194000e-05	1.154858e-02	4.715236e+00
4.195000e-05	-3.314347e-02	4.769523e+00
4.196000e-05	-5.148488e-03	4.830607e+00
4.197000e-05	3.044679e-02	4.954840e+00
4.198000e-05	-1.604056e-02	5.103609e+00
4.199000e-05	-2.383928e-02	5.107394e+00
4.200000e-05	2.437490e-03	5.230603e+00
4.201000e-05	1.374523e-02	5.283281e+00
4.202000e-05	-1.906827e-02	5.307897e+00
4.203000e-05	-6.817473e-03	5.398474e+00
4.204000e-05	6.032210e-03	5.461153e+00
4.205000e-05	9.338998e-04	5.526342e+00
4.206000e-05	-1.434240e-02	5.558445e+00
4.207000e-05	-3.385577e-03	5.569974e+00
4.208000e-05	4.512573e-03	5.630579e+00
4.209000e-05	-1.370456e-02	5.663110e+00
4.210000e-05	-6.313558e-03	5.714841e+00
4.211000e-05	-1.577267e-04	5.827974e+00
4.212000e-05	-2.313544e-03	5.892608e+00
4.213000e-05	-1.144313e-02	5.895863e+00
4.214000e-05	-1.977298e-03	5.955368e+00
4.215000e-05	2.482266e-03	6.009999e+00
4.216000e-05	-6.452565e-03	6.008999e+00
4.217000e-05	-4.432660e-03	5.990053e+00
4.218000e-05	-5.583456e-03	6.051081e+00
4.219000e-05	-7.499734e-03	6.072179e+00
4.220000e-05	-1.044731e-02	6.084136e+00
4.221000e-05	-1.487851e-03	6.085261e+00
4.222000e-05	-3.541093e-03	6.105762e+00
4.223000e-05	-7.714419e-03	6.106343e+00
4.224000e-05	-5.969668e-03	6.126871e+00
4.225000e-05	-2.922935e-03	6.156970e+00
4.226000e-05	-5.278756e-03	6.197894e+00
4.227000e-05	-1.059985e-02	6.149896e+00
4.228000e-05	-6.214068e-03	6.138001e+00
4.229000e-05	-7.930083e-03	6.178974e+00
4.230000e-05	-7.491950e-03	6.198995e+00
4.231000e-05	-7.773768e-03	6.199999e+00
4.232000e-05	-5.830659e-03	6.148448e+00
4.233000e-05	-8.292621e-03	6.188948e+00
4.234000e-05	-8.768400e-03	6.157318e+00
4.235000e-05	-8.617671e-03	6.155946e+00
4.236000e-05	-9.637418e-03	6.157414e+00
4.237000e-05	-9.293902e-03	6.135315e+00
4.238000e-05	-1.233876e-02	6.096343e+00
4.239000e-05	-1.131195e-02	6.065689e+00
4.240000e-05	-1.287914e-02	6.033179e+00
4.241000e-05	-1.376226e-02	6.041557e+00
4.242000e-05	-1.656428e-02	6.031577e+00
4.243000e-05	-1.751414e-02	6.000001e+00
4.244000e-05	-1.877472e-02	6.009525e+00
4.245000e-05	-2.172896e-02	5.977974e+00
4.246000e-05	-2.490953e-02	5.957916e+00
4.247000e-05	-2.806070e-02	5.906263e+00
4.248000e-05	-2.860032e-02	5.883178e+00
4.249000e-05	-3.004858e-02	5.778897e+00
4.250000e-05	-2.859133e-02	5.676330e+00
4.251000e-05	-2.579780e-02	5.631054e+00
4.252000e-05	-2.123405e-02	5.601574e+00
4.253000e-05	-1.954453e-02	5.588424e+00
4.254000e-05	-1.635239e-02	5.538891e+00
4.255000e-05	-1.312030e-02	5.454284e+00
4.256000e-05	-1.230643e-02	5.443129e+00
4.257000e-05	-1.168170e-02	5.369448e+00
4.258000e-05	-1.037276e-02	5.306292e+00
4.259000e-05	-9.185434e-03	5.224681e+00
4.260000e-05	-8.524215e-03	5.229080e+00
4.261000e-05	-7.860758e-03	5.146415e+00
4.262000e-05	-7.049061e-03	5.003129e+00
4.263000e-05	-8.312610e-03	4.907391e+00
4.264000e-05	-6.859289e-03	4.820607e+00
4.265000e-05	-6.567755e-03	4.790949e+00
4.266000e-05	-5.383435e-03	4.708843e+00
4.267000e-05	-7.328066e-03	4.663658e+00
4.268000e-05	-5.894828e-03	4.599472e+00
4.269000e-05	-6.304442e-03	4.504263e+00
4.270000e-05	-5.657605e-03	4.450578e+00
4.271000e-05	-6.449481e-03	4.389974e+00
4.272000e-05	-3.547120e-03	4.284914e+00
4.273000e-05	-5.051543e-03	4.151100e+00
4.274000e-05	-6.413896e-03	4.114130e+00
4.275000e-05	-5.796452e-03	4.010500e+00
4.276000e-05	-3.831570e-03	3.907311e+00
4.277000e-05	-5.208524e-03	3.823580e+00
4.278000e-05	-5.472168e-03	3.748492e+00
4.279000e-05	-4.926883e-03	3.632181e+00
4.280000e-05	-3.841034e-03	3.560049e+00
4.281000e-05	-5.045280e-03	3.496360e+00
4.282000e-05	-4.366587e-03	3.368995e+00
4.283000e-05	-3.795149e-03	3.233057e+00
4.284000e-05	-4.286013e-03	3.158447e+00
4.285000e-05	-4.791567e-03	3.103212e+00
4.286000e-05	-4.012477e-03	2.988499e+00
4.287000e-05	-4.269299e-03	2.906335e+00
4.288000e-05	-4.725026e-03	2.819577e+00
4.289000e-05	-4.546006e-03	2.746767e+00
4.290000e-05	-3.633550e-03	2.580176e+00
4.291000e-05	-4.029561e-03	2.433106e+00
4.292000e-05	-4.216300e-03	2.348442e+00
4.293000e-05	-4.094811e-03	2.272156e+00
4.294000e-05	-4.140000e-03	2.178396e+00
4.295000e-05	-3.995265e-03	2.042709e+00
4.296000e-05	-3.656589e-03	1.969471e+00
4.297000e-05	-3.002345e-03	1.885206e+00
4.298000e-05	-3.809018e-03	1.696820e+00
4.299000e-05	-4.499987e-03	1.664158e+00
4.300000e-05	-4.380002e-03	1.506267e+00
4.301000e-05	-3.198723e-03	1.400077e+00
4.302000e-05	-4.340746e-03	1.285783e+00
4.303000e-05	-4.084583e-03	1.159474e+00
4.304000e-05	-3.146445e-03	9.836287e-01
4.305000e-05	-3.139786e-03	8.346593e-01
4.306000e-05	-2.253988e-03	7.794476e-01
4.307000e-05	-2.681000e-03	6.342104e-01
4.308000e-05	-3.852992e-03	5.379684e-01
4.309000e-05	-3.955221e-03	4.626054e-01
4.310000e-05	-4.987728e-03	3.789472e-01
4.311000e-05	-4.069963e-03	2.026304e-01
4.312000e-05	-2.753197e-03	5.373564e-02
4.313000e-05	-1.299981e-03	-2.050007e-02
4.314000e-05	1.340811e-03	-1.352882e-01
4.315000e-05	1.800106e-04	-2.299528e-01
4.316000e-05	-1.759944e-03	-3.368145e-01
4.317000e-05	-1.894212e-03	-3.794761e-01
4.318000e-05	-1.505016e-03	-4.816117e-01
4.319000e-05	-2.573412e-03	-6.100790e-01
4.320000e-05	1.182946e-03	-7.573709e-01
4.321000e-05	3.349304e-02	-8.305514e-01
4.322000e-05	4.715247e-02	-9.452920e-01
4.323000e-05	-5.184408e-02	-1.126669e+00
4.324000e-05	-7.521230e-02	-1.386918e+00
4.325000e-05	-4.407256e-02	-1.373083e+00
4.326000e-05	1.459343e-01	-1.389973e+00
4.327000e-05	-4.980676e-02	-1.516743e+00
4.328000e-05	-1.189438e-01	-1.735338e+00
4.329000e-05	1.128973e-01	-1.797973e+00
4.330000e-05	-2.613110e-03	-1.801055e+00
4.331000e-05	-1.730948e-01	-1.987946e+00
4.332000e-05	6.917960e-02	-2.061659e+00
4.333000e-05	1.171690e-01	-2.126892e+00
4.334000e-05	-1.585996e-01	-2.344314e+00
4.335000e-05	4.014188e-02	-2.441079e+00
4.336000e-05	9.359939e-02	-2.474165e+00
4.337000e-05	-1.348051e-01	-2.672029e+00
4.338000e-05	1.989769e-02	-2.776946e+00
4.339000e-05	7.773442e-02	-2.780003e+00
4.340000e-05	-9.983561e-02	-2.947318e+00
4.341000e-05	7.176077e-02	-3.052508e+00
4.342000e-05	-1.272993e-02	-3.176945e+00
4.343000e-05	-5.214051e-02	-3.284237e+00
4.344000e-05	9.936126e-02	-3.338448e+00
4.345000e-05	-5.372478e-02	-3.432480e+00
4.346000e-05	-7.375361e-02	-3.586368e+00
4.347000e-05	1.246518e-01	-3.590503e+00
4.348000e-05	-4.108766e-02	-3.632709e+00
4.349000e-05	-5.551406e-02	-3.850554e+00
4.350000e-05	7.191875e-02	-3.966846e+00
4.351000e-05	-2.321556e-02	-4.001027e+00
4.352000e-05	-1.135297e-02	-4.093738e+00
4.353000e-05	-1.848536e-02	-4.148921e+00
4.354000e-05	4.954136e-03	-4.221079e+00
4.355000e-05	6.409219e-02	-4.333317e+00
4.356000e-05	-5.957099e-02	-4.389449e+00
4.357000e-05	-2.821870e-02	-4.411105e+00
4.358000e-05	4.806901e-02	-4.526167e+00
4.359000e-05	3.565039e-03	-4.649527e+00
4.360000e-05	-2.656806e-02	-4.633087e+00
4.361000e-05	-1.465304e-02	-4.725841e+00
4.362000e-05	3.977983e-02	-4.829528e+00
4.363000e-05	3.297770e-03	-4.893163e+00
4.364000e-05	-5.349485e-02	-4.988450e+00
4.365000e-05	2.742060e-02	-5.019556e+00
4.366000e-05	2.392015e-02	-5.084718e+00
4.367000e-05	-2.716897e-02	-5.097475e+00
4.368000e-05	-5.105013e-03	-5.230552e+00
4.369000e-05	6.362452e-03	-5.314809e+00
4.370000e-05	2.124546e-02	-5.400475e+00
4.371000e-05	-2.490285e-02	-5.505238e+00
4.372000e-05	-9.025009e-03	-5.537449e+00
4.373000e-05	2.332207e-02	-5.579499e+00
4.374000e-05	-1.052293e-02	-5.610529e+00
4.375000e-05	-5.979034e-03	-5.621184e+00
4.376000e-05	4.027562e-03	-5.664338e+00
4.377000e-05	4.046115e-03	-5.715990e+00
4.378000e-05	-5.425637e-03	-5.778973e+00
4.379000e-05	-5.689889e-03	-5.809977e+00
4.380000e-05	9.491208e-03	-5.811178e+00
4.381000e-05	-3.033538e-04	-5.893214e+00
4.382000e-05	-6.008980e-03	-5.896342e+00
4.383000e-05	5.114673e-03	-5.936846e+00
4.384000e-05	-3.354861e-03	-5.977449e+00
4.385000e-05	-3.522967e-03	-5.989496e+00
4.386000e-05	3.253306e-03	-5.989475e+00
4.387000e-05	1.480047e-03	-5.979500e+00
4.388000e-05	-7.945277e-04	-6.009975e+00
4.389000e-05	-2.943655e-03	-6.010550e+00
4.390000e-05	5.802989e-03	-6.022003e+00
4.391000e-05	6.199325e-04	-6.030630e+00
4.392000e-05	-4.631463e-03	-6.031130e+00
4.393000e-05	2.559045e-03	-6.081136e+00
4.394000e-05	3.185740e-03	-6.083259e+00
4.395000e-05	8.202057e-04	-6.034735e+00
4.396000e-05	-1.944921e-03	-6.041132e+00
4.397000e-05	4.890124e-03	-6.075164e+00
4.398000e-05	2.941643e-03	-6.034234e+00
4.399000e-05	1.281497e-03	-6.062654e+00
4.400000e-05	4.598905e-03	-6.043109e+00
4.401000e-05	4.232101e-03	-6.021181e+00
4.402000e-05	4.133552e-03	-6.042033e+00
4.403000e-05	2.680272e-03	-6.020131e+00
4.404000e-05	3.719228e-03	-6.011051e+00
4.405000e-05	6.665412e-03	-6.011050e+00
4.406000e-05	7.224001e-03	-5.998976e+00
4.407000e-05	9.840528e-03	-5.959475e+00
4.408000e-05	1.048839e-02	-5.987897e+00
4.409000e-05	1.208576e-02	-5.897291e+00
4.410000e-05	1.457259e-02	-5.915266e+00
4.411000e-05	1.499204e-02	-5.834238e+00
4.412000e-05	1.739353e-02	-5.832083e+00
4.413000e-05	2.248693e-02	-5.779549e+00
4.414000e-05	2.418095e-02	-5.748500e+00
4.415000e-05	2.434596e-02	-5.686295e+00
4.416000e-05	2.111657e-02	-5.703286e+00
4.417000e-05	2.093008e-02	-5.631579e+00
4.418000e-05	1.634585e-02	-5.589002e+00
4.419000e-05	1.279389e-02	-5.558919e+00
4.420000e-05	1.086719e-02	-5.556342e+00
4.421000e-05	6.980968e-03	-5.432586e+00
4.422000e-05	5.410041e-03	-5.348069e+00
4.423000e-05	4.161928e-03	-5.234137e+00
4.424000e-05	4.985876e-03	-5.200075e+00
4.425000e-05	2.736578e-03	-5.167420e+00
4.426000e-05	3.427258e-03	-5.066232e+00
4.427000e-05	3.388561e-03	-5.021109e+00
4.428000e-05	2.703033e-03	-4.948450e+00
4.429000e-05	1.136000e-03	-4.893310e+00
4.430000e-05	1.549135e-03	-4.758921e+00
4.431000e-05	7.782251e-04	-4.673236e+00
4.432000e-05	-1.789863e-03	-4.613030e+00
4.433000e-05	-5.900835e-04	-4.577949e+00
4.434000e-05	2.022544e-03	-4.473316e+00
4.435000e-05	9.096615e-04	-4.381105e+00
4.436000e-05	-1.657434e-03	-4.358525e+00
4.437000e-05	-4.748396e-04	-4.275337e+00
4.438000e-05	6.139261e-04	-4.211528e+00
4.439000e-05	-2.588371e-03	-4.107896e+00
4.440000e-05	-2.046412e-03	-4.052181e+00
4.441000e-05	1.092336e-04	-3.989527e+00
4.442000e-05	-1.462714e-03	-3.905788e+00
4.443000e-05	-2.744039e-03	-3.810524e+00
4.444000e-05	-1.886915e-03	-3.644789e+00
4.445000e-05	-7.599333e-04	-3.608499e+00
4.446000e-05	-3.265589e-03	-3.527320e+00
4.447000e-05	-3.027052e-03	-3.401603e+00
4.448000e-05	-1.573738e-03	-3.318292e+00
4.449000e-05	-2.066516e-03	-3.261659e+00
4.450000e-05	-4.278140e-03	-3.160424e+00
4.451000e-05	-2.398702e-03	-3.094659e+00
4.452000e-05	-2.850729e-03	-2.905795e+00
4.453000e-05	-3.042831e-03	-2.792056e+00
4.454000e-05	-3.588425e-03	-2.707415e+00
4.455000e-05	-2.693039e-03	-2.649584e+00
4.456000e-05	-2.462331e-03	-2.507321e+00
4.457000e-05	-3.538310e-03	-2.432058e+00
4.458000e-05	-2.634772e-03	-2.359471e+00
4.459000e-05	-2.515256e-03	-2.232161e+00
4.460000e-05	-4.667185e-03	-2.074263e+00
4.461000e-05	-3.797989e-03	-1.969049e+00
4.462000e-05	-4.206449e-03	-1.935292e+00
4.463000e-05	-2.465285e-03	-1.809001e+00
4.464000e-05	-3.020595e-03	-1.685316e+00
4.465000e-05	-2.169599e-03	-1.611505e+00
4.466000e-05	-4.090381e-03	-1.514342e+00
4.467000e-05	-3.710463e-03	-1.327997e+00
4.468000e-05	-3.364658e-03	-1.184028e+00
4.469000e-05	-3.067411e-03	-1.073234e+00
4.470000e-05	-4.781137e-03	-9.494724e-01
4.471000e-05	-4.024806e-03	-8.642068e-01
4.472000e-05	-3.500163e-03	-7.893686e-01
4.473000e-05	-3.082239e-03	-6.621807e-01
4.474000e-05	-3.503946e-03	-4.747132e-01
4.475000e-05	-4.094731e-03	-3.789764e-01
4.476000e-05	-4.513170e-03	-2.767079e-01
4.477000e-05	-3.892173e-03	-1.984999e-01
4.478000e-05	-3.552184e-03	-3.265926e-02
4.479000e-05	-1.269983e-03	3.002381e-02
4.480000e-05	5.800756e-04	7.428816e-02
4.481000e-05	-1.301715e-03	3.021802e-01
4.482000e-05	-2.621751e-03	3.774435e-01
4.483000e-05	-3.334948e-03	4.516066e-01
4.484000e-05	-2.135688e-03	5.868960e-01
4.485000e-05	-2.910239e-03	6.725567e-01
4.486000e-05	1.556250e-03	7.768685e-01
4.487000e-05	1.963455e-02	8.630552e-01
4.488000e-05	4.723481e-02	1.020900e+00
4.489000e-05	-1.042302e-02	1.219042e+00
4.490000e-05	-6.439149e-02	1.367815e+00
4.491000e-05	-9.363955e-02	1.449506e+00
4.492000e-05	7.891861e-02	1.514710e+00
4.493000e-05	7.635717e-02	1.662333e+00
4.494000e-05	-9.366586e-02	1.777893e+00
4.495000e-05	-4.313029e-02	1.801501e+00
4.496000e-05	1.270169e-01	1.936291e+00
4.497000e-05	-1.367810e-01	2.081128e+00
4.498000e-05	-1.827684e-02	2.115863e+00
4.499000e-05	1.280374e-01	2.230974e+00
4.500000e-05	-7.141956e-02	2.355318e+00
4.501000e-05	-7.147220e-02	2.410504e+00
4.502000e-05	1.285804e-01	2.515362e+00
4.503000e-05	-4.521355e-02	2.733709e+00
4.504000e-05	-7.220999e-02	2.788522e+00
4.505000e-05	7.932090e-02	2.874682e+00
4.506000e-05	-4.035632e-02	2.997946e+00
4.507000e-05	-2.241926e-02	3.065134e+00
4.508000e-05	4.156353e-02	3.168372e+00
4.509000e-05	-2.222411e-02	3.261580e+00
4.510000e-05	1.163707e-04	3.366861e+00
4.511000e-05	2.796832e-02	3.533713e+00
4.512000e-05	-7.795694e-02	3.578024e+00
4.513000e-05	2.482444e-02	3.642157e+00
4.514000e-05	4.649811e-02	3.745915e+00
4.515000e-05	-4.989571e-02	3.861103e+00
4.516000e-05	-8.645701e-03	3.946920e+00
4.517000e-05	1.684810e-02	3.999524e+00
4.518000e-05	1.196183e-04	4.042229e+00
4.519000e-05	-2.583357e-02	4.156844e+00
4.520000e-05	3.776144e-03	4.314736e+00
4.521000e-05	7.680732e-03	4.389476e+00
4.522000e-05	1.026060e-02	4.432083e+00
4.523000e-05	-3.120552e-02	4.504239e+00
4.524000e-05	-1.055186e-02	4.599520e+00
4.525000e-05	2.567656e-02	4.681707e+00
4.526000e-05	-4.905119e-03	4.757340e+00
4.527000e-05	-2.793364e-02	4.790024e+00
4.528000e-05	4.567632e-03	4.872209e+00
4.529000e-05	2.610386e-02	5.009505e+00
4.530000e-05	-2.796083e-02	5.044134e+00
4.531000e-05	-1.401587e-02	5.187920e+00
4.532000e-05	1.102603e-02	5.231553e+00
4.533000e-05	3.821965e-03	5.293210e+00
4.534000e-05	-1.784820e-02	5.357946e+00
4.535000e-05	-6.627663e-03	5.420026e+00
4.536000e-05	9.795079e-03	5.454584e+00
4.537000e-05	-1.011592e-02	5.546815e+00
4.538000e-05	-1.028916e-02	5.557946e+00
4.539000e-05	-5.000407e-04	5.610000e+00
4.540000e-05	3.297171e-03	5.662103e+00
4.541000e-05	-1.272040e-02	5.692178e+00
4.542000e-05	-3.671686e-03	5.737913e+00
4.543000e-05	1.670933e-03	5.791046e+00
4.544000e-05	-7.232093e-03	5.862755e+00
4.545000e-05	-9.504886e-03	5.954861e+00
4.546000e-05	-2.849204e-03	5.968499e+00
4.547000e-05	1.267584e-03	5.999971e+00
4.548000e-05	-8.129731e-03	6.000502e+00
4.549000e-05	-2.821709e-03	6.001549e+00
4.550000e-05	-5.422335e-03	6.032528e+00
4.551000e-05	-7.325554e-03	6.062653e+00
4.552000e-05	-6.849111e-03	6.094657e+00
4.553000e-05	-1.088906e-03	6.084733e+00
4.554000e-05	-5.449996e-03	6.135288e+00
4.555000e-05	-1.050376e-02	6.106390e+00
4.556000e-05	-4.323775e-03	6.157391e+00
4.557000e-05	-3.648498e-03	6.146867e+00
4.558000e-05	-6.558777e-03	6.157394e+00
4.559000e-05	-9.043666e-03	6.187520e+00
4.560000e-05	-4.891966e-03	6.166921e+00
4.561000e-05	-6.878036e-03	6.178469e+00
4.562000e-05	-9.158309e-03	6.159016e+00
4.563000e-05	-7.342190e-03	6.148498e+00
4.564000e-05	-7.878360e-03	6.168470e+00
4.565000e-05	-8.110918e-03	6.158994e+00
4.566000e-05	-9.063668e-03	6.176968e+00
4.567000e-05	-7.053079e-03	6.166417e+00
4.568000e-05	-9.845267e-03	6.115366e+00
4.569000e-05	-1.041942e-02	6.106891e+00
4.570000e-05	-1.262462e-02	6.086716e+00
4.571000e-05	-1.250655e-02	6.053707e+00
4.572000e-05	-1.240342e-02	6.023634e+00
4.573000e-05	-1.502043e-02	6.012028e+00
4.574000e-05	-1.597214e-02	5.990551e+00
4.575000e-05	-1.920269e-02	6.000049e+00
4.576000e-05	-1.919945e-02	5.989499e+00
4.577000e-05	-2.241163e-02	5.969498e+00
4.578000e-05	-2.576201e-02	5.937869e+00
4.579000e-05	-2.825159e-02	5.905312e+00
4.580000e-05	-2.936141e-02	5.809720e+00
4.581000e-05	-2.974524e-02	5.685915e+00
4.582000e-05	-2.921705e-02	5.683258e+00
4.583000e-05	-2.466627e-02	5.620578e+00
4.584000e-05	-2.118862e-02	5.579574e+00
4.585000e-05	-1.698670e-02	5.579546e+00
4.586000e-05	-1.588334e-02	5.525864e+00
4.587000e-05	-1.229038e-02	5.463707e+00
4.588000e-05	-1.218554e-02	5.399028e+00
4.589000e-05	-1.046317e-02	5.369473e+00
4.590000e-05	-9.444127e-03	5.298316e+00
4.591000e-05	-9.707974e-03	5.244132e+00
4.592000e-05	-8.557701e-03	5.168547e+00
4.593000e-05	-8.655942e-03	5.075862e+00
4.594000e-05	-6.364937e-03	5.030525e+00
4.595000e-05	-8.236334e-03	4.872742e+00
4.596000e-05	-6.382406e-03	4.811074e+00
4.597000e-05	-7.319381e-03	4.757971e+00
4.598000e-05	-5.628670e-03	4.705363e+00
4.599000e-05	-6.727856e-03	4.631680e+00
4.600000e-05	-5.581977e-03	4.578465e+00
4.601000e-05	-6.099872e-03	4.434237e+00
4.602000e-05	-5.848515e-03	4.421603e+00
4.603000e-05	-5.808887e-03	4.368470e+00
4.604000e-05	-4.230515e-03	4.274678e+00
4.605000e-05	-4.867905e-03	4.146069e+00
4.606000e-05	-5.693530e-03	4.023682e+00
4.607000e-05	-4.877846e-03	3.979477e+00
4.608000e-05	-4.604929e-03	3.854361e+00
4.609000e-05	-5.422198e-03	3.820629e+00
4.610000e-05	-4.385757e-03	3.746887e+00
4.611000e-05	-4.473590e-03	3.621128e+00
4.612000e-05	-4.243700e-03	3.588494e+00
4.613000e-05	-5.338332e-03	3.474854e+00
4.614000e-05	-4.325853e-03	3.347345e+00
4.615000e-05	-3.375285e-03	3.192131e+00
4.616000e-05	-4.494898e-03	3.148369e+00
4.617000e-05	-5.544087e-03	3.073654e+00
4.618000e-05	-4.139618e-03	2.949922e+00
4.619000e-05	-3.783928e-03	2.853658e+00
4.620000e-05	-5.106104e-03	2.789524e+00
4.621000e-05	-4.710263e-03	2.693884e+00
4.622000e-05	-3.322895e-03	2.557469e+00
4.623000e-05	-3.401014e-03	2.392103e+00
4.624000e-05	-4.897053e-03	2.336940e+00
4.625000e-05	-3.815073e-03	2.212131e+00
4.626000e-05	-4.028735e-03	2.126845e+00
4.627000e-05	-3.895301e-03	2.032152e+00
4.628000e-05	-3.470472e-03	1.907871e+00
4.629000e-05	-4.109887e-03	1.844630e+00
4.630000e-05	-4.374296e-03	1.686761e+00
4.631000e-05	-3.905789e-03	1.611999e+00
4.632000e-05	-3.760497e-03	1.454215e+00
4.633000e-05	-4.085699e-03	1.359896e+00
4.634000e-05	-3.589033e-03	1.243234e+00
4.635000e-05	-3.269464e-03	1.126866e+00
4.636000e-05	-3.743707e-03	9.889712e-01
4.637000e-05	-3.900441e-03	8.341578e-01
4.638000e-05	-4.070624e-03	7.483924e-01
4.639000e-05	-3.569765e-03	6.116526e-01
4.640000e-05	-3.253081e-03	4.958107e-01
4.641000e-05	-3.283160e-03	4.010789e-01
4.642000e-05	-3.963695e-03	3.379383e-01
4.643000e-05	-3.566418e-03	2.095186e-01
4.644000e-05	-2.516061e-03	6.358045e-02
4.645000e-05	-1.544192e-03	-2.058153e-02
4.646000e-05	7.406279e-04	-8.684080e-02
4.647000e-05	-8.128236e-04	-2.325317e-01
4.648000e-05	-1.747149e-03	-3.173709e-01
4.649000e-05	-2.572536e-03	-4.115514e-01
4.650000e-05	-2.187730e-03	-5.247406e-01
4.651000e-05	-2.308160e-03	-7.031590e-01
4.652000e-05	6.371222e-03	-7.779499e-01
4.653000e-05	4.543826e-02	-8.316079e-01
4.654000e-05	2.397680e-02	-9.874051e-01
4.655000e-05	-6.458208e-02	-1.198526e+00
4.656000e-05	-8.395808e-02	-1.430375e+00
4.657000e-05	2.095759e-02	-1.492033e+00
4.658000e-05	1.122609e-01	-1.390401e+00
4.659000e-05	-8.591712e-02	-1.639927e+00
4.660000e-05	-9.939074e-02	-1.778344e+00
4.661000e-05	1.558386e-01	-1.788950e+00
4.662000e-05	-1.104450e-01	-1.862657e+00
4.663000e-05	-1.206083e-01	-2.020530e+00
4.664000e-05	1.362262e-01	-2.084157e+00
4.665000e-05	3.442859e-02	-2.188473e+00
4.666000e-05	-1.551190e-01	-2.367450e+00
4.667000e-05	1.243853e-01	-2.422159e+00
4.668000e-05	1.418287e-02	-2.535771e+00
4.669000e-05	-1.215532e-01	-2.693660e+00
4.670000e-05	7.196147e-02	-2.787422e+00
4.671000e-05	1.939754e-02	-2.832054e+00
4.672000e-05	-7.731478e-02	-2.999371e+00
4.673000e-05	8.985815e-02	-3.103583e+00
4.674000e-05	-5.797620e-02	-3.219001e+00
4.675000e-05	-1.031550e-02	-3.305317e+00
4.676000e-05	9.593361e-02	-3.398896e+00
4.677000e-05	-1.173657e-01	-3.493111e+00
4.678000e-05	5.635291e-03	-3.587471e+00
4.679000e-05	1.029155e-01	-3.609526e+00
4.680000e-05	-8.347379e-02	-3.704211e+00
4.681000e-05	-4.102315e-03	-3.863688e+00
4.682000e-05	5.585262e-02	-3.977869e+00
4.683000e-05	-3.553312e-02	-4.031559e+00
4.684000e-05	-3.197632e-03	-4.104711e+00
4.685000e-05	-2.141207e-02	-4.167924e+00
4.686000e-05	3.172943e-02	-4.260608e+00
4.687000e-05	4.113315e-02	-4.356818e+00
4.688000e-05	-7.534661e-02	-4.389550e+00
4.689000e-05	5.518346e-03	-4.432083e+00
4.690000e-05	4.180771e-02	-4.535741e+00
4.691000e-05	-1.171804e-02	-4.651030e+00
4.692000e-05	-2.375256e-02	-4.735738e+00
4.693000e-05	-4.882265e-03	-4.746866e+00
4.694000e-05	4.877238e-02	-4.842055e+00
4.695000e-05	-2.787397e-02	-4.925792e+00
4.696000e-05	-3.466972e-02	-4.998051e+00
4.697000e-05	3.812459e-02	-5.072054e+00
4.698000e-05	5.218011e-03	-5.105838e+00
4.699000e-05	-2.446495e-02	-5.187949e+00
4.700000e-05	-2.412545e-03	-5.223079e+00
4.701000e-05	1.372485e-02	-5.276862e+00
4.702000e-05	1.118632e-02	-5.392030e+00
4.703000e-05	-2.963813e-02	-5.484838e+00
4.704000e-05	3.233453e-03	-5.556424e+00
4.705000e-05	2.011635e-02	-5.580001e+00
4.706000e-05	-1.550457e-02	-5.660554e+00
4.707000e-05	8.209943e-04	-5.653109e+00
4.708000e-05	2.393554e-03	-5.744396e+00
4.709000e-05	3.058532e-03	-5.748894e+00
4.710000e-05	-6.991983e-03	-5.787998e+00
4.711000e-05	-3.944784e-03	-5.850000e+00
4.712000e-05	1.078882e-02	-5.872603e+00
4.713000e-05	-5.380304e-03	-5.882758e+00
4.714000e-05	-4.724201e-04	-5.946391e+00
4.715000e-05	2.484480e-03	-5.917396e+00
4.716000e-05	-3.566574e-03	-5.958445e+00
4.717000e-05	-1.693781e-03	-5.989500e+00
4.718000e-05	1.944320e-03	-5.979025e+00
4.719000e-05	1.706394e-03	-6.010500e+00
4.720000e-05	-2.707555e-03	-5.999575e+00
4.721000e-05	-7.382085e-04	-6.031055e+00
4.722000e-05	4.708082e-03	-6.020680e+00
4.723000e-05	-1.494031e-03	-6.032607e+00
4.724000e-05	-3.109971e-03	-6.012028e+00
4.725000e-05	4.458468e-03	-6.063132e+00
4.726000e-05	2.358433e-03	-6.052261e+00
4.727000e-05	4.680593e-04	-6.094079e+00
4.728000e-05	-5.728686e-04	-6.064233e+00
4.729000e-05	3.605757e-03	-6.082688e+00
4.730000e-05	1.940602e-03	-6.053185e+00
4.731000e-05	1.154653e-03	-6.033158e+00
4.732000e-05	4.796249e-03	-6.011603e+00
4.733000e-05	3.932395e-03	-6.082103e+00
4.734000e-05	3.601286e-03	-6.011630e+00
4.735000e-05	2.919764e-03	-6.012626e+00
4.736000e-05	5.755703e-03	-6.020054e+00
4.737000e-05	6.364672e-03	-5.989550e+00
4.738000e-05	8.086295e-03	-6.010524e+00
4.739000e-05	9.716881e-03	-5.948899e+00
4.740000e-05	1.105944e-02	-5.967347e+00
4.741000e-05	1.228332e-02	-5.948392e+00
4.742000e-05	1.426911e-02	-5.915315e+00
4.743000e-05	1.617131e-02	-5.862609e+00
4.744000e-05	1.835031e-02	-5.810579e+00
4.745000e-05	2.234394e-02	-5.798525e+00
4.746000e-05	2.442111e-02	-5.737370e+00
4.747000e-05	2.335261e-02	-5.704843e+00
4.748000e-05	2.258046e-02	-5.642134e+00
4.749000e-05	1.926724e-02	-5.620576e+00
4.750000e-05	1.550658e-02	-5.599025e+00
4.751000e-05	1.222477e-02	-5.557374e+00
4.752000e-05	1.000720e-02	-5.495363e+00
4.753000e-05	6.120678e-03	-5.410589e+00
4.754000e-05	5.499249e-03	-5.327422e+00
4.755000e-05	5.453356e-03	-5.262615e+00
4.756000e-05	3.392041e-03	-5.180025e+00
4.757000e-05	1.901876e-03	-5.117348e+00
4.758000e-05	2.952153e-03	-5.073213e+00
4.759000e-05	3.837535e-03	-5.010631e+00
4.760000e-05	1.969937e-03	-4.938373e+00
4.761000e-05	-1.341916e-04	-4.863109e+00
4.762000e-05	7.132750e-04	-4.756812e+00
4.763000e-05	1.559559e-03	-4.653258e+00
4.764000e-05	-6.166902e-04	-4.670029e+00
4.765000e-05	4.377506e-04	-4.516892e+00
4.766000e-05	4.492255e-04	-4.453237e+00
4.767000e-05	-1.507552e-03	-4.400549e+00
4.768000e-05	-1.156434e-03	-4.338497e+00
4.769000e-05	-1.858828e-04	-4.274715e+00
4.770000e-05	-8.247291e-04	-4.170477e+00
4.771000e-05	-3.110498e-03	-4.147945e+00
4.772000e-05	-1.034920e-03	-4.021582e+00
4.773000e-05	-1.310445e-05	-3.968972e+00
4.774000e-05	-2.108426e-03	-3.895838e+00
4.775000e-05	-3.054134e-03	-3.756949e+00
4.776000e-05	-1.076226e-03	-3.642134e+00
4.777000e-05	-1.771894e-03	-3.568501e+00
4.778000e-05	-4.221642e-03	-3.503212e+00
4.779000e-05	-2.821696e-03	-3.379026e+00
4.780000e-05	-1.979716e-03	-3.316338e+00
4.781000e-05	-2.229555e-03	-3.241578e+00
4.782000e-05	-3.875758e-03	-3.158896e+00
4.783000e-05	-1.220266e-03	-3.031559e+00
4.784000e-05	-2.306265e-03	-2.884760e+00
4.785000e-05	-2.185447e-03	-2.800003e+00
4.786000e-05	-3.887626e-03	-2.716364e+00
4.787000e-05	-2.421993e-03	-2.592632e+00
4.788000e-05	-3.806591e-03	-2.473291e+00
4.789000e-05	-2.745024e-03	-2.399999e+00
4.790000e-05	-2.900305e-03	-2.347370e+00
4.791000e-05	-3.120024e-03	-2.189597e+00
4.792000e-05	-3.585501e-03	-2.055160e+00
4.793000e-05	-3.052726e-03	-1.948421e+00
4.794000e-05	-4.094656e-03	-1.844739e+00
4.795000e-05	-3.080872e-03	-1.758949e+00
4.796000e-05	-3.928880e-03	-1.654208e+00
4.797000e-05	-2.468037e-03	-1.590473e+00
4.798000e-05	-3.659620e-03	-1.463734e+00
4.799000e-05	-2.868412e-03	-1.265293e+00
4.800000e-05	-3.353725e-03	-1.158473e+00
4.801000e-05	-2.586717e-03	-1.073132e+00
4.802000e-05	-4.401067e-03	-9.373934e-01
4.803000e-05	-4.030301e-03	-8.311327e-01
4.804000e-05	-4.809263e-03	-7.273937e-01
4.805000e-05	-3.672713e-03	-6.130328e-01
4.806000e-05	-2.988166e-03	-4.321643e-01
4.807000e-05	-3.778924e-03	-3.584711e-01
4.808000e-05	-4.518010e-03	-2.731817e-01
4.809000e-05	-3.879789e-03	-1.499449e-01
4.810000e-05	-2.534131e-03	-4.365670e-02
4.811000e-05	-8.194140e-04	2.210402e-02
4.812000e-05	-7.152937e-04	1.368421e-01
4.813000e-05	-2.800059e-03	3.452156e-01
4.814000e-05	-1.507479e-03	4.199999e-01
4.815000e-05	-2.730851e-03	4.836606e-01
4.816000e-05	-2.520593e-03	5.879748e-01
4.817000e-05	-2.231509e-03	6.946591e-01
4.818000e-05	4.497570e-03	7.889475e-01
4.819000e-05	2.952167e-02	8.942078e-01
4.820000e-05	4.153919e-02	1.134183e+00
4.821000e-05	-3.099418e-02	1.269575e+00
4.822000e-05	-7.277993e-02	1.387890e+00
4.823000e-05	-7.123896e-02	1.402053e+00
4.824000e-05	1.223132e-01	1.536365e+00
4.825000e-05	1.299558e-02	1.756710e+00
4.826000e-05	-1.064135e-01	1.777499e+00
4.827000e-05	3.667668e-02	1.831556e+00
4.828000e-05	6.562491e-02	1.997947e+00
4.829000e-05	-1.441283e-01	2.075207e+00
4.830000e-05	3.751398e-02	2.156416e+00
4.831000e-05	1.122534e-01	2.251608e+00
4.832000e-05	-1.339674e-01	2.389396e+00
4.833000e-05	8.507497e-03	2.411580e+00
4.834000e-05	1.038899e-01	2.557890e+00
4.835000e-05	-8.582500e-02	2.724312e+00
4.836000e-05	-2.166315e-02	2.801580e+00
4.837000e-05	7.118029e-02	2.883785e+00
4.838000e-05	-6.794707e-02	3.030504e+00
4.839000e-05	1.140664e-02	3.094788e+00
4.840000e-05	2.852319e-02	3.179975e+00
4.841000e-05	-3.219737e-02	3.241107e+00
4.842000e-05	3.076895e-02	3.399320e+00
4.843000e-05	-9.558473e-03	3.526789e+00
4.844000e-05	-5.813496e-02	3.620525e+00
4.845000e-05	4.404181e-02	3.664763e+00
4.846000e-05	2.784612e-02	3.777919e+00
4.847000e-05	-6.260152e-02	3.861209e+00
4.848000e-05	1.536328e-02	3.976398e+00
4.849000e-05	8.685966e-03	4.000051e+00
4.850000e-05	-8.350827e-03	4.063087e+00
4.851000e-05	-1.863671e-02	4.170523e+00
4.852000e-05	2.590502e-03	4.355265e+00
4.853000e-05	1.660387e-02	4.429000e+00
4.854000e-05	-9.054158e-03	4.462107e+00
4.855000e-05	-2.580761e-02	4.536891e+00
4.856000e-05	-2.745730e-03	4.607949e+00
4.857000e-05	3.049586e-02	4.675688e+00
4.858000e-05	-2.329730e-02	4.757418e+00
4.859000e-05	-2.072531e-02	4.800524e+00
4.860000e-05	1.493178e-02	4.905235e+00
4.861000e-05	1.310624e-02	5.011345e+00
4.862000e-05	-3.074986e-02	5.126217e+00
4.863000e-05	-7.254535e-03	5.168948e+00
4.864000e-05	1.572709e-02	5.273611e+00
4.865000e-05	-8.132007e-03	5.344812e+00
4.866000e-05	-1.295703e-02	5.398445e+00
4.867000e-05	-2.683072e-03	5.450554e+00
4.868000e-05	8.691958e-03	5.444833e+00
4.869000e-05	-1.531095e-02	5.536916e+00
4.870000e-05	-6.193893e-03	5.567472e+00
4.871000e-05	2.600693e-03	5.620550e+00
4.872000e-05	-3.003746e-03	5.653179e+00
4.873000e-05	-1.086284e-02	5.724287e+00
4.874000e-05	-2.065241e-03	5.736372e+00
4.875000e-05	1.614987e-03	5.810605e+00
4.876000e-05	-1.158265e-02	5.874337e+00
4.877000e-05	-4.529424e-03	5.957393e+00
4.878000e-05	-1.443270e-04	5.988446e+00
4.879000e-05	-3.147949e-03	6.000496e+00
4.880000e-05	-9.471765e-03	6.010001e+00
4.881000e-05	-1.741072e-03	6.011529e+00
4.882000e-05	-4.196393e-03	6.001702e+00
4.883000e-05	-9.527080e-03	6.094207e+00
4.884000e-05	-3.348803e-03	6.064283e+00
4.885000e-05	-2.024538e-03	6.146838e+00
4.886000e-05	-5.702048e-03	6.134315e+00
4.887000e-05	-1.170200e-02	6.145790e+00
4.888000e-05	-3.790396e-03	6.136818e+00
4.889000e-05	-4.185002e-03	6.187444e+00
4.890000e-05	-7.779497e-03	6.178895e+00
4.891000e-05	-7.120519e-03	6.158491e+00
4.892000e-05	-5.679053e-03	6.149946e+00
4.893000e-05	-5.941881e-03	6.178994e+00
4.894000e-05	-9.104535e-03	6.169344e+00
4.895000e-05	-5.910362e-03	6.186923e+00
4.896000e-05	-8.964805e-03	6.169941e+00
4.897000e-05	-8.667140e-03	6.118916e+00
4.898000e-05	-9.670641e-03	6.168998e+00
4.899000e-05	-8.625934e-03	6.166894e+00
4.900000e-05	-1.064574e-02	6.146867e+00
4.901000e-05	-1.095492e-02	6.094768e+00
4.902000e-05	-1.096875e-02	6.115262e+00
4.903000e-05	-1.309301e-02	6.053159e+00
4.904000e-05	-1.283076e-02	6.053153e+00
4.905000e-05	-1.521805e-02	6.021080e+00
4.906000e-05	-1.591812e-02	6.021003e+00
4.907000e-05	-2.007962e-02	5.999525e+00
4.908000e-05	-2.079980e-02	5.978425e+00
4.909000e-05	-2.326457e-02	5.968946e+00
4.910000e-05	-2.592673e-02	5.896840e+00
4.911000e-05	-2.839623e-02	5.845209e+00
4.912000e-05	-3.006309e-02	5.789073e+00
4.913000e-05	-2.957925e-02	5.715411e+00
4.914000e-05	-2.807499e-02	5.642656e+00
4.915000e-05	-2.216462e-02	5.620578e+00
4.916000e-05	-2.011350e-02	5.599999e+00
4.917000e-05	-1.724988e-02	5.527971e+00
4.918000e-05	-1.532268e-02	5.496340e+00
4.919000e-05	-1.268261e-02	5.451654e+00
4.920000e-05	-1.157501e-02	5.399996e+00
4.921000e-05	-1.142389e-02	5.347971e+00
4.922000e-05	-8.772601e-03	5.284336e+00
4.923000e-05	-1.028929e-02	5.212603e+00
4.924000e-05	-7.733396e-03	5.158998e+00
4.925000e-05	-8.485961e-03	5.093781e+00
4.926000e-05	-6.258668e-03	4.982022e+00
4.927000e-05	-8.955712e-03	4.853709e+00
4.928000e-05	-6.771574e-03	4.790100e+00
4.929000e-05	-6.326143e-03	4.738470e+00
4.930000e-05	-5.742268e-03	4.674235e+00
4.931000e-05	-6.836615e-03	4.611655e+00
4.932000e-05	-5.307699e-03	4.535868e+00
4.933000e-05	-5.567980e-03	4.453082e+00
4.934000e-05	-5.710011e-03	4.390524e+00
4.935000e-05	-5.442631e-03	4.368370e+00
4.936000e-05	-3.964829e-03	4.232729e+00
4.937000e-05	-5.479936e-03	4.075342e+00
4.938000e-05	-5.310729e-03	4.010603e+00
4.939000e-05	-4.144366e-03	3.938895e+00
4.940000e-05	-4.534002e-03	3.863711e+00
4.941000e-05	-5.184903e-03	3.800571e+00
4.942000e-05	-5.068660e-03	3.694308e+00
4.943000e-05	-4.078520e-03	3.602050e+00
4.944000e-05	-4.422476e-03	3.557446e+00
4.945000e-05	-5.623667e-03	3.454103e+00
4.946000e-05	-3.525842e-03	3.274359e+00
4.947000e-05	-4.093764e-03	3.189549e+00
4.948000e-05	-3.855026e-03	3.106341e+00
4.949000e-05	-4.925082e-03	3.011628e+00
4.950000e-05	-3.519468e-03	2.936896e+00
4.951000e-05	-4.000307e-03	2.843678e+00
4.952000e-05	-4.844386e-03	2.769944e+00
4.953000e-05	-4.388745e-03	2.636707e+00
4.954000e-05	-4.163574e-03	2.526836e+00
4.955000e-05	-4.893502e-03	2.380573e+00
4.956000e-05	-3.998547e-03	2.294841e+00
4.957000e-05	-3.404037e-03	2.190076e+00
4.958000e-05	-3.575816e-03	2.095788e+00
4.959000e-05	-4.708069e-03	1.981550e+00
4.960000e-05	-4.183933e-03	1.927442e+00
4.961000e-05	-4.394307e-03	1.790425e+00
4.962000e-05	-4.475235e-03	1.653737e+00
4.963000e-05	-4.250426e-03	1.579097e+00
4.964000e-05	-2.783076e-03	1.424633e+00
4.965000e-05	-3.683839e-03	1.305892e+00
4.966000e-05	-4.179800e-03	1.202578e+00
4.967000e-05	-3.864482e-03	1.085809e+00
4.968000e-05	-3.570434e-03	9.194460e-01
4.969000e-05	-4.309222e-03	7.915789e-01
4.970000e-05	-4.290393e-03	6.958657e-01
4.971000e-05	-3.577453e-03	5.810240e-01
4.972000e-05	-3.198547e-03	4.747333e-01
4.973000e-05	-2.803500e-03	3.815250e-01
4.974000e-05	-3.860316e-03	3.152868e-01
4.975000e-05	-3.417872e-03	1.788160e-01
4.976000e-05	-2.928829e-03	4.302775e-02
4.977000e-05	-5.213061e-04	-5.360921e-02
4.978000e-05	8.426614e-04	-1.764725e-01
4.979000e-05	-1.940023e-03	-2.736594e-01
4.980000e-05	-9.774923e-04	-3.478959e-01
4.981000e-05	-9.925000e-04	-4.215266e-01
4.982000e-05	-1.683981e-03	-5.273685e-01
4.983000e-05	-2.305935e-03	-7.451379e-01
4.984000e-05	1.471644e-02	-8.090261e-01
4.985000e-05	5.445838e-02	-8.646354e-01
4.986000e-05	-6.458668e-03	-1.070580e+00
4.987000e-05	-6.870165e-02	-1.250055e+00
4.988000e-05	-8.519447e-02	-1.381678e+00
4.989000e-05	9.626789e-02	-1.401534e+00
4.990000e-05	4.847321e-02	-1.481084e+00
4.991000e-05	-1.072202e-01	-1.671582e+00
4.992000e-05	-3.567023e-02	-1.778948e+00
4.993000e-05	1.235809e-01	-1.809450e+00
4.994000e-05	-1.807101e-01	-1.904287e+00
4.995000e-05	-5.010522e-02	-2.020103e+00
4.996000e-05	1.669589e-01	-2.095791e+00
4.997000e-05	-5.926314e-02	-2.272104e+00
4.998000e-05	-1.002602e-01	-2.408973e+00
4.999000e-05	1.544268e-01	-2.472108e+00
