# 260408_13:52:46.576328
t	CH1	CH2
0.000000e+00	-4.091363e-03	1.213484e+00
1.000000e-08	-4.386481e-03	9.802984e-01
2.000000e-08	-4.099935e-03	7.073220e-01
3.000000e-08	-4.979133e-03	4.871894e-01
4.000000e-08	-3.332986e-03	3.171682e-01
5.000000e-08	-3.443146e-03	3.511039e-02
6.000000e-08	3.913231e-03	-1.664184e-01
7.000000e-08	2.922694e-03	-3.469198e-01
8.000000e-08	-9.012573e-04	-5.848859e-01
9.000000e-08	7.686532e-05	-8.075925e-01
1.000000e-07	-2.620707e-03	-1.018523e+00
1.100000e-07	4.116953e-04	-1.206995e+00
1.200000e-07	1.806887e-03	-1.460574e+00
1.300000e-07	3.733098e-02	-1.640554e+00
1.400000e-07	8.088638e-02	-1.828548e+00
1.500000e-07	-5.492788e-02	-2.143811e+00
1.600000e-07	-2.772407e-02	-2.470608e+00
1.700000e-07	-3.754708e-02	-2.691733e+00
1.800000e-07	-7.078312e-02	-2.799576e+00
1.900000e-07	4.901867e-02	-2.905259e+00
2.000000e-07	1.111589e-01	-3.111736e+00
2.100000e-07	-1.689044e-01	-3.356521e+00
2.200000e-07	1.519888e-01	-3.557346e+00
2.300000e-07	-6.235888e-02	-3.725415e+00
2.400000e-07	-5.676731e-02	-4.028475e+00
2.500000e-07	1.337494e-01	-4.167371e+00
2.600000e-07	-1.139526e-01	-4.388495e+00
2.700000e-07	5.648640e-02	-4.639599e+00
2.800000e-07	4.916856e-02	-4.776994e+00
2.900000e-07	-1.112349e-01	-5.071705e+00
3.000000e-07	1.226613e-01	-5.272607e+00
3.100000e-07	-1.076176e-01	-5.551312e+00
3.200000e-07	4.546550e-02	-5.754840e+00
3.300000e-07	1.697837e-02	-5.904287e+00
3.400000e-07	-5.204426e-02	-6.113210e+00
3.500000e-07	9.216000e-02	-6.335837e+00
3.600000e-07	-7.914529e-02	-6.545890e+00
3.700000e-07	7.426540e-02	-6.745315e+00
3.800000e-07	-4.974908e-02	-6.903182e+00
3.900000e-07	-2.086231e-02	-7.124393e+00
4.000000e-07	6.284239e-02	-7.303233e+00
4.100000e-07	-6.071333e-02	-7.493686e+00
4.200000e-07	6.844504e-02	-7.692103e+00
4.300000e-07	-4.305735e-02	-7.880229e+00
4.400000e-07	2.321487e-02	-8.071206e+00
4.500000e-07	-1.269006e-02	-8.238075e+00
4.600000e-07	-2.010747e-02	-8.397443e+00
4.700000e-07	4.309567e-02	-8.534286e+00
4.800000e-07	-1.816102e-02	-8.701841e+00
4.900000e-07	2.419448e-02	-8.902659e+00
5.000000e-07	-3.956713e-02	-8.998524e+00
5.100000e-07	2.660457e-02	-9.123815e+00
5.200000e-07	-6.073259e-04	-9.281075e+00
5.300000e-07	-2.344214e-03	-9.428552e+00
5.400000e-07	2.853755e-03	-9.537418e+00
5.500000e-07	3.199528e-03	-9.684260e+00
5.600000e-07	1.156928e-02	-9.819577e+00
5.700000e-07	-1.923210e-02	-9.947847e+00
5.800000e-07	1.148683e-02	-1.008366e+01
5.900000e-07	-3.033112e-04	-1.020953e+01
6.000000e-07	6.624400e-03	-1.032689e+01
6.100000e-07	-9.305245e-03	-1.047215e+01
6.200000e-07	1.302027e-02	-1.057750e+01
6.300000e-07	7.009345e-03	-1.063316e+01
6.400000e-07	-1.219386e-03	-1.077790e+01
6.500000e-07	-3.787625e-03	-1.087163e+01
6.600000e-07	3.847749e-03	-1.099544e+01
6.700000e-07	8.343207e-03	-1.101113e+01
6.800000e-07	-2.110736e-03	-1.115732e+01
6.900000e-07	7.264949e-03	-1.128066e+01
7.000000e-07	1.834923e-03	-1.132373e+01
7.100000e-07	4.107347e-03	-1.136900e+01
7.200000e-07	-1.002874e-03	-1.146155e+01
7.300000e-07	9.482782e-03	-1.156840e+01
7.400000e-07	6.412449e-03	-1.157900e+01
7.500000e-07	6.222627e-03	-1.164426e+01
7.600000e-07	3.320087e-03	-1.175480e+01
7.700000e-07	4.988582e-03	-1.177800e+01
7.800000e-07	6.112833e-03	-1.182953e+01
7.900000e-07	4.801516e-03	-1.182119e+01
8.000000e-07	8.225379e-03	-1.193674e+01
8.100000e-07	4.677533e-03	-1.195782e+01
8.200000e-07	8.245226e-03	-1.194889e+01
8.300000e-07	1.047262e-02	-1.200003e+01
8.400000e-07	1.061444e-02	-1.199013e+01
8.500000e-07	8.501152e-03	-1.201111e+01
8.600000e-07	1.014419e-02	-1.204014e+01
8.700000e-07	1.373446e-02	-1.205318e+01
8.800000e-07	1.359900e-02	-1.208221e+01
8.900000e-07	1.356373e-02	-1.207321e+01
9.000000e-07	1.616525e-02	-1.206213e+01
9.100000e-07	1.665510e-02	-1.203324e+01
9.200000e-07	1.915786e-02	-1.207210e+01
9.300000e-07	2.038068e-02	-1.201103e+01
9.400000e-07	2.340012e-02	-1.198945e+01
9.500000e-07	2.244222e-02	-1.200040e+01
9.600000e-07	2.312687e-02	-1.192737e+01
9.700000e-07	2.405957e-02	-1.186576e+01
9.800000e-07	2.444969e-02	-1.184268e+01
9.900000e-07	2.306045e-02	-1.179961e+01
1.000000e-06	2.176889e-02	-1.171887e+01
1.010000e-06	1.904984e-02	-1.170406e+01
1.020000e-06	1.886696e-02	-1.157998e+01
1.030000e-06	1.743007e-02	-1.152782e+01
1.040000e-06	1.435793e-02	-1.146366e+01
1.050000e-06	1.249009e-02	-1.134793e+01
1.060000e-06	1.271515e-02	-1.122569e+01
1.070000e-06	1.185554e-02	-1.117988e+01
1.080000e-06	9.535077e-03	-1.112484e+01
1.090000e-06	7.650037e-03	-1.099148e+01
1.100000e-06	7.901956e-03	-1.092524e+01
1.110000e-06	5.095131e-03	-1.081200e+01
1.120000e-06	4.847670e-03	-1.073790e+01
1.130000e-06	4.467096e-03	-1.065413e+01
1.140000e-06	4.257315e-03	-1.052687e+01
1.150000e-06	3.354271e-03	-1.044366e+01
1.160000e-06	2.857216e-03	-1.033787e+01
1.170000e-06	3.075345e-03	-1.022251e+01
1.180000e-06	2.427294e-03	-1.007461e+01
1.190000e-06	1.855541e-03	-9.938821e+00
1.200000e-06	1.909312e-03	-9.822112e+00
1.210000e-06	1.132395e-03	-9.736288e+00
1.220000e-06	7.571326e-04	-9.590503e+00
1.230000e-06	6.994718e-04	-9.443612e+00
1.240000e-06	9.574961e-04	-9.266794e+00
1.250000e-06	4.313015e-04	-9.189424e+00
1.260000e-06	1.979588e-04	-9.012905e+00
1.270000e-06	1.701051e-03	-8.895265e+00
1.280000e-06	6.235225e-04	-8.686790e+00
1.290000e-06	-1.418054e-03	-8.549877e+00
1.300000e-06	-1.563034e-03	-8.432027e+00
1.310000e-06	-3.416146e-04	-8.243686e+00
1.320000e-06	-1.631385e-03	-8.094191e+00
1.330000e-06	-2.978682e-03	-7.895850e+00
1.340000e-06	-3.018288e-03	-7.696397e+00
1.350000e-06	-1.951059e-03	-7.477220e+00
1.360000e-06	-1.924595e-03	-7.349422e+00
1.370000e-06	-3.453029e-03	-7.149470e+00
1.380000e-06	-2.511119e-03	-6.948797e+00
1.390000e-06	-3.343590e-03	-6.757880e+00
1.400000e-06	-2.879209e-03	-6.590974e+00
1.410000e-06	-3.368957e-03	-6.372055e+00
1.420000e-06	-3.687933e-03	-6.213529e+00
1.430000e-06	-3.468672e-03	-6.001505e+00
1.440000e-06	-3.199883e-03	-5.801504e+00
1.450000e-06	-3.635251e-03	-5.631010e+00
1.460000e-06	-4.320265e-03	-5.414136e+00
1.470000e-06	-3.712504e-03	-5.141499e+00
1.480000e-06	-2.442172e-03	-4.930368e+00
1.490000e-06	-3.965122e-03	-4.665718e+00
1.500000e-06	-4.245582e-03	-4.474742e+00
1.510000e-06	-4.380747e-03	-4.308895e+00
1.520000e-06	-4.029292e-03	-4.106750e+00
1.530000e-06	-3.819837e-03	-3.927949e+00
1.540000e-06	-3.934802e-03	-3.687841e+00
1.550000e-06	-3.686247e-03	-3.507319e+00
1.560000e-06	-3.469497e-03	-3.285718e+00
1.570000e-06	-4.672556e-03	-3.065816e+00
1.580000e-06	-4.206376e-03	-2.844634e+00
1.590000e-06	-5.489300e-03	-2.633659e+00
1.600000e-06	-3.929933e-03	-2.414054e+00
1.610000e-06	-4.786982e-03	-2.211452e+00
1.620000e-06	-3.753204e-03	-1.929924e+00
1.630000e-06	-4.827986e-03	-1.750924e+00
1.640000e-06	-4.445476e-03	-1.499994e+00
1.650000e-06	-5.102087e-03	-1.274710e+00
1.660000e-06	-4.906085e-03	-9.825305e-01
1.670000e-06	-5.064236e-03	-8.220552e-01
1.680000e-06	-5.011103e-03	-5.814513e-01
1.690000e-06	-5.406152e-03	-3.494471e-01
1.700000e-06	-4.326015e-03	-1.272972e-01
1.710000e-06	-8.032789e-04	9.105407e-02
1.720000e-06	4.889843e-03	3.242645e-01
1.730000e-06	-3.780453e-03	4.842856e-01
1.740000e-06	7.300944e-04	7.127332e-01
1.750000e-06	-4.135370e-03	9.022267e-01
1.760000e-06	-5.759738e-04	1.166441e+00
1.770000e-06	-2.669685e-03	1.365441e+00
1.780000e-06	4.608790e-03	1.539394e+00
1.790000e-06	2.794103e-02	1.820525e+00
1.800000e-06	6.820433e-02	2.049448e+00
1.810000e-06	-3.111593e-02	2.282132e+00
1.820000e-06	-4.893095e-02	2.534207e+00
1.830000e-06	-2.749332e-02	2.747393e+00
1.840000e-06	-3.793663e-02	2.937437e+00
1.850000e-06	-5.558742e-02	3.102733e+00
1.860000e-06	1.276948e-01	3.269582e+00
1.870000e-06	-3.568370e-02	3.514285e+00
1.880000e-06	-6.763301e-02	3.642155e+00
1.890000e-06	1.408011e-01	3.840199e+00
1.900000e-06	-1.162937e-01	4.125160e+00
1.910000e-06	3.213583e-02	4.313315e+00
1.920000e-06	3.592717e-02	4.544289e+00
1.930000e-06	-6.466383e-02	4.734740e+00
1.940000e-06	4.355549e-02	4.964444e+00
1.950000e-06	-1.801607e-02	5.252104e+00
1.960000e-06	-6.596401e-03	5.481130e+00
1.970000e-06	8.476206e-03	5.722103e+00
1.980000e-06	-2.903021e-02	5.952159e+00
1.990000e-06	9.438683e-03	6.103178e+00
2.000000e-06	-1.671890e-02	6.260706e+00
2.010000e-06	3.362358e-02	6.503152e+00
2.020000e-06	-1.397045e-02	6.681209e+00
2.030000e-06	-6.606378e-03	6.902154e+00
2.040000e-06	8.198358e-03	7.051153e+00
2.050000e-06	-3.594564e-02	7.230502e+00
2.060000e-06	1.964055e-02	7.368048e+00
2.070000e-06	-6.201951e-03	7.619603e+00
2.080000e-06	7.475967e-04	7.839024e+00
2.090000e-06	1.731261e-04	8.020524e+00
2.100000e-06	-1.989764e-02	8.188525e+00
2.110000e-06	2.882506e-03	8.344893e+00
2.120000e-06	-6.878869e-03	8.501658e+00
2.130000e-06	4.796828e-03	8.638031e+00
2.140000e-06	-1.026509e-02	8.786916e+00
2.150000e-06	3.294112e-03	8.925263e+00
2.160000e-06	-1.271777e-04	9.082629e+00
2.170000e-06	-1.535033e-02	9.242028e+00
2.180000e-06	7.127993e-04	9.347473e+00
2.190000e-06	-5.619719e-03	9.503187e+00
2.200000e-06	1.736004e-04	9.641554e+00
2.210000e-06	-1.042490e-02	9.836373e+00
2.220000e-06	1.773718e-03	9.885864e+00
2.230000e-06	-5.679198e-03	1.005306e+01
2.240000e-06	-9.751268e-03	1.019840e+01
2.250000e-06	-7.478732e-03	1.029416e+01
2.260000e-06	-2.253178e-03	1.039150e+01
2.270000e-06	-4.110644e-03	1.053536e+01
2.280000e-06	-1.009758e-02	1.061305e+01
2.290000e-06	-3.214705e-03	1.076737e+01
2.300000e-06	-6.167854e-03	1.094253e+01
2.310000e-06	-7.456174e-03	1.092745e+01
2.320000e-06	-9.554559e-03	1.104113e+01
2.330000e-06	-5.197983e-03	1.112686e+01
2.340000e-06	-7.150205e-03	1.121258e+01
2.350000e-06	-8.863964e-03	1.130671e+01
2.360000e-06	-6.253687e-03	1.138845e+01
2.370000e-06	-9.186171e-03	1.144424e+01
2.380000e-06	-9.256250e-03	1.155989e+01
2.390000e-06	-9.250781e-03	1.162208e+01
2.400000e-06	-4.729203e-03	1.172624e+01
2.410000e-06	-8.598569e-03	1.174840e+01
2.420000e-06	-1.018159e-02	1.181045e+01
2.430000e-06	-1.277379e-02	1.185160e+01
2.440000e-06	-1.248730e-02	1.189416e+01
2.450000e-06	-1.209980e-02	1.189429e+01
2.460000e-06	-1.253730e-02	1.192687e+01
2.470000e-06	-1.101082e-02	1.197942e+01
2.480000e-06	-1.471086e-02	1.200141e+01
2.490000e-06	-1.481643e-02	1.196048e+01
2.500000e-06	-1.497604e-02	1.201358e+01
2.510000e-06	-1.562389e-02	1.202068e+01
2.520000e-06	-1.799821e-02	1.205361e+01
2.530000e-06	-1.989660e-02	1.203464e+01
2.540000e-06	-1.938322e-02	1.206366e+01
2.550000e-06	-2.115907e-02	1.211363e+01
2.560000e-06	-2.128078e-02	1.207364e+01
2.570000e-06	-2.419658e-02	1.201261e+01
2.580000e-06	-2.528450e-02	1.207456e+01
2.590000e-06	-2.746481e-02	1.203201e+01
2.600000e-06	-2.799374e-02	1.194940e+01
2.610000e-06	-2.952690e-02	1.195947e+01
2.620000e-06	-2.937366e-02	1.191784e+01
2.630000e-06	-2.927579e-02	1.189524e+01
2.640000e-06	-2.881820e-02	1.185413e+01
2.650000e-06	-2.779447e-02	1.180098e+01
2.660000e-06	-2.656420e-02	1.176842e+01
2.670000e-06	-2.337768e-02	1.169732e+01
2.680000e-06	-2.362631e-02	1.167358e+01
2.690000e-06	-2.158956e-02	1.154945e+01
2.700000e-06	-2.147768e-02	1.143419e+01
2.710000e-06	-2.092426e-02	1.137148e+01
2.720000e-06	-1.815141e-02	1.131472e+01
2.730000e-06	-1.655239e-02	1.124343e+01
2.740000e-06	-1.375652e-02	1.112727e+01
2.750000e-06	-1.481740e-02	1.104508e+01
2.760000e-06	-1.236403e-02	1.094992e+01
2.770000e-06	-1.256378e-02	1.088466e+01
2.780000e-06	-1.120975e-02	1.075935e+01
2.790000e-06	-1.175597e-02	1.063474e+01
2.800000e-06	-1.100131e-02	1.052840e+01
2.810000e-06	-1.091690e-02	1.043348e+01
2.820000e-06	-1.026361e-02	1.029819e+01
2.830000e-06	-8.930418e-03	1.018195e+01
2.840000e-06	-8.779015e-03	1.006616e+01
2.850000e-06	-7.256007e-03	9.981496e+00
2.860000e-06	-7.960741e-03	9.782631e+00
2.870000e-06	-7.210823e-03	9.666191e+00
2.880000e-06	-7.381575e-03	9.548843e+00
2.890000e-06	-7.481060e-03	9.431557e+00
2.900000e-06	-7.364107e-03	9.266192e+00
2.910000e-06	-6.161554e-03	9.139999e+00
2.920000e-06	-6.116373e-03	9.005579e+00
2.930000e-06	-6.448139e-03	8.803058e+00
2.940000e-06	-5.726796e-03	8.667189e+00
2.950000e-06	-5.809207e-03	8.517298e+00
2.960000e-06	-5.913590e-03	8.351477e+00
2.970000e-06	-6.739314e-03	8.221605e+00
2.980000e-06	-5.559951e-03	7.996590e+00
2.990000e-06	-5.129735e-03	7.864138e+00
3.000000e-06	-5.384206e-03	7.655668e+00
3.010000e-06	-5.003713e-03	7.475717e+00
3.020000e-06	-5.349595e-03	7.274767e+00
3.030000e-06	-5.773696e-03	7.097192e+00
3.040000e-06	-6.013451e-03	6.885771e+00
3.050000e-06	-5.562899e-03	6.759950e+00
3.060000e-06	-4.811533e-03	6.507767e+00
3.070000e-06	-5.192607e-03	6.311799e+00
3.080000e-06	-4.956882e-03	6.130472e+00
3.090000e-06	-5.123118e-03	5.981479e+00
3.100000e-06	-4.224026e-03	5.743974e+00
3.110000e-06	-4.873808e-03	5.550424e+00
3.120000e-06	-5.246472e-03	5.390478e+00
3.130000e-06	-5.640659e-03	5.128803e+00
3.140000e-06	-4.721017e-03	4.824736e+00
3.150000e-06	-4.539027e-03	4.675264e+00
3.160000e-06	-4.333102e-03	4.465187e+00
3.170000e-06	-4.651118e-03	4.326765e+00
3.180000e-06	-4.832316e-03	4.054663e+00
3.190000e-06	-4.929767e-03	3.854132e+00
3.200000e-06	-4.511843e-03	3.666160e+00
3.210000e-06	-4.807026e-03	3.445666e+00
3.220000e-06	-4.598538e-03	3.223503e+00
3.230000e-06	-4.215580e-03	3.023453e+00
3.240000e-06	-4.403294e-03	2.801684e+00
3.250000e-06	-4.136952e-03	2.581958e+00
3.260000e-06	-4.462690e-03	2.330320e+00
3.270000e-06	-3.790838e-03	2.107298e+00
3.280000e-06	-4.165261e-03	1.938324e+00
3.290000e-06	-4.181713e-03	1.644239e+00
3.300000e-06	-4.808242e-03	1.435158e+00
3.310000e-06	-3.992139e-03	1.204034e+00
3.320000e-06	-4.332078e-03	9.513498e-01
3.330000e-06	-4.312430e-03	7.293408e-01
3.340000e-06	-4.398978e-03	5.077396e-01
3.350000e-06	-2.406183e-03	2.987933e-01
3.360000e-06	-2.689503e-03	2.321152e-02
3.370000e-06	2.936461e-03	-1.964184e-01
3.380000e-06	3.388153e-03	-3.369422e-01
3.390000e-06	-1.675356e-03	-6.154186e-01
3.400000e-06	1.000533e-03	-8.174976e-01
3.410000e-06	-2.468909e-03	-1.028021e+00
3.420000e-06	5.232738e-06	-1.185968e+00
3.430000e-06	1.385496e-03	-1.499049e+00
3.440000e-06	3.475242e-02	-1.649073e+00
3.450000e-06	8.250411e-02	-1.848603e+00
3.460000e-06	-5.160619e-02	-2.153628e+00
3.470000e-06	-3.075037e-02	-2.440630e+00
3.480000e-06	-3.465066e-02	-2.721732e+00
3.490000e-06	-7.025110e-02	-2.829979e+00
3.500000e-06	4.002029e-02	-2.944766e+00
3.510000e-06	1.209469e-01	-3.104812e+00
3.520000e-06	-1.689449e-01	-3.394495e+00
3.530000e-06	1.445611e-01	-3.536446e+00
3.540000e-06	-5.166959e-02	-3.704760e+00
3.550000e-06	-6.804271e-02	-4.048500e+00
3.560000e-06	1.384100e-01	-4.178447e+00
3.570000e-06	-1.097141e-01	-4.375920e+00
3.580000e-06	4.626684e-02	-4.629494e+00
3.590000e-06	5.806488e-02	-4.764920e+00
3.600000e-06	-1.166378e-01	-5.080678e+00
3.610000e-06	1.226766e-01	-5.252704e+00
3.620000e-06	-1.008157e-01	-5.544334e+00
3.630000e-06	3.858007e-02	-5.746740e+00
3.640000e-06	2.497763e-02	-5.934239e+00
3.650000e-06	-5.977896e-02	-6.175236e+00
3.660000e-06	9.332927e-02	-6.324317e+00
3.670000e-06	-7.835129e-02	-6.575341e+00
3.680000e-06	7.050434e-02	-6.723820e+00
3.690000e-06	-4.188902e-02	-6.872806e+00
3.700000e-06	-2.803019e-02	-7.153894e+00
3.710000e-06	6.729302e-02	-7.272786e+00
3.720000e-06	-6.229518e-02	-7.441708e+00
3.730000e-06	6.761614e-02	-7.692728e+00
3.740000e-06	-4.051894e-02	-7.881236e+00
3.750000e-06	1.831653e-02	-8.072681e+00
3.760000e-06	-8.482773e-03	-8.219025e+00
3.770000e-06	-2.411372e-02	-8.325945e+00
3.780000e-06	4.565083e-02	-8.502335e+00
3.790000e-06	-1.911681e-02	-8.712811e+00
3.800000e-06	2.426862e-02	-8.842033e+00
3.810000e-06	-3.980611e-02	-9.006475e+00
3.820000e-06	2.401774e-02	-9.123292e+00
3.830000e-06	1.934635e-03	-9.249551e+00
3.840000e-06	-4.837782e-03	-9.468928e+00
3.850000e-06	2.175957e-03	-9.525839e+00
3.860000e-06	2.734388e-03	-9.713239e+00
3.870000e-06	1.481779e-02	-9.839527e+00
3.880000e-06	-1.913142e-02	-9.937446e+00
3.890000e-06	1.020093e-02	-1.004261e+01
3.900000e-06	-1.667614e-04	-1.020000e+01
3.910000e-06	6.818058e-03	-1.034690e+01
3.920000e-06	-9.519122e-03	-1.045256e+01
3.930000e-06	1.141485e-02	-1.059795e+01
3.940000e-06	7.395872e-03	-1.068316e+01
3.950000e-06	-1.589200e-03	-1.077847e+01
3.960000e-06	-2.801814e-03	-1.087215e+01
3.970000e-06	2.735552e-03	-1.095635e+01
3.980000e-06	8.610946e-03	-1.104053e+01
3.990000e-06	-1.589997e-03	-1.112582e+01
4.000000e-06	8.278726e-03	-1.125956e+01
4.010000e-06	1.690107e-03	-1.132482e+01
4.020000e-06	3.987810e-03	-1.138952e+01
4.030000e-06	2.793462e-05	-1.146358e+01
4.040000e-06	8.545093e-03	-1.156787e+01
4.050000e-06	5.488652e-03	-1.159952e+01
4.060000e-06	5.704399e-03	-1.166179e+01
4.070000e-06	3.841003e-03	-1.171432e+01
4.080000e-06	4.502716e-03	-1.177861e+01
4.090000e-06	4.804111e-03	-1.180106e+01
4.100000e-06	4.897039e-03	-1.186323e+01
4.110000e-06	9.294982e-03	-1.190639e+01
4.120000e-06	5.298406e-03	-1.192429e+01
4.130000e-06	8.054715e-03	-1.195745e+01
4.140000e-06	9.138418e-03	-1.198910e+01
4.150000e-06	9.640257e-03	-1.204861e+01
4.160000e-06	8.280000e-03	-1.202201e+01
4.170000e-06	1.091472e-02	-1.205311e+01
4.180000e-06	1.325315e-02	-1.209316e+01
4.190000e-06	1.404934e-02	-1.209268e+01
4.200000e-06	1.397823e-02	-1.207413e+01
4.210000e-06	1.553143e-02	-1.204314e+01
4.220000e-06	1.914966e-02	-1.206121e+01
4.230000e-06	1.953468e-02	-1.206408e+01
4.240000e-06	1.917368e-02	-1.199205e+01
4.250000e-06	2.314551e-02	-1.199140e+01
4.260000e-06	2.124696e-02	-1.195898e+01
4.270000e-06	2.455103e-02	-1.195687e+01
4.280000e-06	2.380000e-02	-1.190372e+01
4.290000e-06	2.480880e-02	-1.181261e+01
4.300000e-06	2.226953e-02	-1.182053e+01
4.310000e-06	2.133499e-02	-1.174692e+01
4.320000e-06	2.072240e-02	-1.169427e+01
4.330000e-06	1.895400e-02	-1.159993e+01
4.340000e-06	1.624814e-02	-1.151940e+01
4.350000e-06	1.460918e-02	-1.144206e+01
4.360000e-06	1.386201e-02	-1.136942e+01
4.370000e-06	1.227683e-02	-1.128471e+01
4.380000e-06	1.099378e-02	-1.117853e+01
4.390000e-06	8.540049e-03	-1.107826e+01
4.400000e-06	8.052871e-03	-1.098103e+01
4.410000e-06	6.851176e-03	-1.090434e+01
4.420000e-06	6.612296e-03	-1.083261e+01
4.430000e-06	6.275659e-03	-1.074840e+01
4.440000e-06	5.747966e-03	-1.063316e+01
4.450000e-06	3.895783e-03	-1.053945e+01
4.460000e-06	2.868416e-03	-1.045416e+01
4.470000e-06	2.172926e-03	-1.031535e+01
4.480000e-06	2.275909e-03	-1.017208e+01
4.490000e-06	2.720448e-03	-1.007571e+01
4.500000e-06	8.062857e-04	-9.936874e+00
4.510000e-06	4.132496e-03	-9.842157e+00
4.520000e-06	-8.587568e-04	-9.717270e+00
4.530000e-06	3.282728e-03	-9.579028e+00
4.540000e-06	1.002247e-03	-9.473185e+00
4.550000e-06	1.864002e-03	-9.295819e+00
4.560000e-06	7.255047e-04	-9.150449e+00
4.570000e-06	-2.897310e-03	-9.032632e+00
4.580000e-06	-6.277162e-04	-8.894791e+00
4.590000e-06	-3.597607e-03	-8.736874e+00
4.600000e-06	-1.188803e-03	-8.568973e+00
4.610000e-06	-5.224161e-04	-8.391006e+00
4.620000e-06	4.383291e-04	-8.234161e+00
4.630000e-06	3.299816e-04	-8.045318e+00
4.640000e-06	-9.150038e-04	-7.938321e+00
4.650000e-06	-8.043110e-04	-7.706262e+00
4.660000e-06	-3.345513e-03	-7.506319e+00
4.670000e-06	-4.362372e-03	-7.308825e+00
4.680000e-06	-4.748361e-03	-7.177004e+00
4.690000e-06	-3.522865e-03	-6.938873e+00
4.700000e-06	-2.646117e-03	-6.749474e+00
4.710000e-06	-3.378713e-03	-6.590979e+00
4.720000e-06	-2.064489e-03	-6.390557e+00
4.730000e-06	-1.691413e-03	-6.222028e+00
4.740000e-06	-2.513192e-03	-5.980479e+00
4.750000e-06	-4.115509e-03	-5.820582e+00
4.760000e-06	-4.887756e-03	-5.585108e+00
4.770000e-06	-4.275464e-03	-5.393130e+00
4.780000e-06	-5.101734e-03	-5.160983e+00
4.790000e-06	-4.398921e-03	-4.910399e+00
4.800000e-06	-4.305763e-03	-4.717189e+00
4.810000e-06	-3.720120e-03	-4.496766e+00
4.820000e-06	-2.794665e-03	-4.310449e+00
4.830000e-06	-3.444346e-03	-4.128348e+00
4.840000e-06	-3.226436e-03	-3.948448e+00
4.850000e-06	-3.479763e-03	-3.677248e+00
4.860000e-06	-3.704868e-03	-3.548320e+00
4.870000e-06	-5.019695e-03	-3.295767e+00
4.880000e-06	-6.264130e-03	-3.097769e+00
4.890000e-06	-4.016125e-03	-2.834139e+00
4.900000e-06	-4.757963e-03	-2.634111e+00
4.910000e-06	-3.307618e-03	-2.434561e+00
4.920000e-06	-4.838311e-03	-2.223503e+00
4.930000e-06	-2.957279e-03	-1.939400e+00
4.940000e-06	-4.141646e-03	-1.781954e+00
4.950000e-06	-3.940403e-03	-1.499447e+00
4.960000e-06	-6.670297e-03	-1.224664e+00
4.970000e-06	-5.717050e-03	-1.014133e+00
4.980000e-06	-5.684220e-03	-8.140750e-01
4.990000e-06	-3.762043e-03	-5.709039e-01
5.000000e-06	-5.574665e-03	-3.588985e-01
5.010000e-06	-3.683254e-03	-9.742099e-02
5.020000e-06	6.139416e-04	7.213182e-02
5.030000e-06	4.607481e-03	2.933070e-01
5.040000e-06	-5.052958e-03	5.242605e-01
5.050000e-06	7.027484e-04	7.147621e-01
5.060000e-06	-3.963610e-03	9.212318e-01
5.070000e-06	-6.324843e-04	1.156288e+00
5.080000e-06	-4.456852e-03	1.336864e+00
5.090000e-06	3.263633e-03	1.579896e+00
5.100000e-06	2.927520e-02	1.798475e+00
5.110000e-06	6.906960e-02	2.002496e+00
5.120000e-06	-2.764789e-02	2.260080e+00
5.130000e-06	-5.150359e-02	2.523705e+00
5.140000e-06	-2.630109e-02	2.776869e+00
5.150000e-06	-3.609967e-02	2.967891e+00
5.160000e-06	-5.719677e-02	3.123158e+00
5.170000e-06	1.226081e-01	3.229575e+00
5.180000e-06	-2.493172e-02	3.505257e+00
5.190000e-06	-7.799674e-02	3.652175e+00
5.200000e-06	1.452165e-01	3.860100e+00
5.210000e-06	-1.134158e-01	4.092131e+00
5.220000e-06	2.775736e-02	4.343783e+00
5.230000e-06	4.288064e-02	4.535209e+00
5.240000e-06	-6.694260e-02	4.747341e+00
5.250000e-06	3.941963e-02	4.985839e+00
5.260000e-06	-1.564772e-02	5.248626e+00
5.270000e-06	-7.848699e-03	5.452077e+00
5.280000e-06	1.039925e-02	5.643105e+00
5.290000e-06	-2.966171e-02	5.863162e+00
5.300000e-06	8.668460e-03	6.062182e+00
5.310000e-06	-1.682607e-02	6.331603e+00
5.320000e-06	3.230160e-02	6.422079e+00
5.330000e-06	-1.131289e-02	6.671154e+00
5.340000e-06	-7.529753e-03	6.892102e+00
5.350000e-06	1.015532e-02	7.050608e+00
5.360000e-06	-3.843768e-02	7.209129e+00
5.370000e-06	1.703049e-02	7.396946e+00
5.380000e-06	-4.198642e-03	7.610503e+00
5.390000e-06	5.140699e-04	7.840073e+00
5.400000e-06	2.005284e-03	8.060499e+00
5.410000e-06	-2.069903e-02	8.229023e+00
5.420000e-06	2.853058e-03	8.337395e+00
5.430000e-06	-7.733107e-03	8.484209e+00
5.440000e-06	5.422012e-03	8.589554e+00
5.450000e-06	-1.160796e-02	8.815874e+00
5.460000e-06	1.854737e-03	8.927215e+00
5.470000e-06	-2.734995e-04	9.062683e+00
5.480000e-06	-1.511614e-02	9.260979e+00
5.490000e-06	9.028522e-04	9.376894e+00
5.500000e-06	-5.395260e-03	9.494710e+00
5.510000e-06	-2.908660e-04	9.620526e+00
5.520000e-06	-1.090037e-02	9.806848e+00
5.530000e-06	1.463783e-03	9.904266e+00
5.540000e-06	-6.092724e-03	1.004166e+01
5.550000e-06	-1.103997e-02	1.017887e+01
5.560000e-06	-8.083675e-03	1.030221e+01
5.570000e-06	-2.449502e-03	1.042952e+01
5.580000e-06	-3.116479e-03	1.058724e+01
5.590000e-06	-9.812522e-03	1.062201e+01
5.600000e-06	-2.623660e-03	1.074742e+01
5.610000e-06	-5.047927e-03	1.088368e+01
5.620000e-06	-7.885616e-03	1.097787e+01
5.630000e-06	-1.011315e-02	1.100058e+01
5.640000e-06	-4.682754e-03	1.112577e+01
5.650000e-06	-7.750440e-03	1.119163e+01
5.660000e-06	-8.875377e-03	1.129524e+01
5.670000e-06	-6.118942e-03	1.139905e+01
5.680000e-06	-9.002120e-03	1.147316e+01
5.690000e-06	-9.064611e-03	1.155844e+01
5.700000e-06	-9.689529e-03	1.160303e+01
5.710000e-06	-5.183960e-03	1.168379e+01
5.720000e-06	-8.517348e-03	1.177832e+01
5.730000e-06	-1.114503e-02	1.180052e+01
5.740000e-06	-1.170957e-02	1.183053e+01
5.750000e-06	-1.219901e-02	1.186371e+01
5.760000e-06	-1.230723e-02	1.189519e+01
5.770000e-06	-1.253888e-02	1.193787e+01
5.780000e-06	-1.097004e-02	1.199932e+01
5.790000e-06	-1.459676e-02	1.204097e+01
5.800000e-06	-1.393081e-02	1.201105e+01
5.810000e-06	-1.564393e-02	1.203158e+01
5.820000e-06	-1.492163e-02	1.202513e+01
5.830000e-06	-1.862554e-02	1.206214e+01
5.840000e-06	-1.924347e-02	1.206358e+01
5.850000e-06	-1.866567e-02	1.208471e+01
5.860000e-06	-2.009780e-02	1.207369e+01
5.870000e-06	-2.179282e-02	1.205563e+01
5.880000e-06	-2.426910e-02	1.208258e+01
5.890000e-06	-2.572873e-02	1.204461e+01
5.900000e-06	-2.695424e-02	1.200198e+01
5.910000e-06	-2.814868e-02	1.198993e+01
5.920000e-06	-2.888147e-02	1.197105e+01
5.930000e-06	-2.947275e-02	1.191839e+01
5.940000e-06	-2.946824e-02	1.188679e+01
5.950000e-06	-2.855405e-02	1.186461e+01
5.960000e-06	-2.726034e-02	1.183105e+01
5.970000e-06	-2.664678e-02	1.173805e+01
5.980000e-06	-2.420502e-02	1.170627e+01
5.990000e-06	-2.375726e-02	1.162308e+01
6.000000e-06	-2.199603e-02	1.154942e+01
6.010000e-06	-2.054693e-02	1.146819e+01
6.020000e-06	-1.887999e-02	1.138990e+01
6.030000e-06	-1.838841e-02	1.129469e+01
6.040000e-06	-1.728173e-02	1.123348e+01
6.050000e-06	-1.396984e-02	1.112837e+01
6.060000e-06	-1.474162e-02	1.103258e+01
6.070000e-06	-1.214886e-02	1.093742e+01
6.080000e-06	-1.377757e-02	1.085516e+01
6.090000e-06	-1.247528e-02	1.076137e+01
6.100000e-06	-1.277270e-02	1.061669e+01
6.110000e-06	-9.445964e-03	1.053980e+01
6.120000e-06	-9.854851e-03	1.042351e+01
6.130000e-06	-9.618032e-03	1.030779e+01
6.140000e-06	-1.015353e-02	1.017145e+01
6.150000e-06	-9.250508e-03	1.009581e+01
6.160000e-06	-8.684459e-03	9.950871e+00
6.170000e-06	-8.807378e-03	9.813156e+00
6.180000e-06	-6.643173e-03	9.687220e+00
6.190000e-06	-7.222861e-03	9.528400e+00
6.200000e-06	-7.064614e-03	9.442533e+00
6.210000e-06	-7.559434e-03	9.306741e+00
6.220000e-06	-6.151113e-03	9.159874e+00
6.230000e-06	-6.580269e-03	9.011108e+00
6.240000e-06	-6.689884e-03	8.854607e+00
6.250000e-06	-6.737360e-03	8.654767e+00
6.260000e-06	-5.475189e-03	8.537844e+00
6.270000e-06	-6.245712e-03	8.389454e+00
6.280000e-06	-5.673948e-03	8.303056e+00
6.290000e-06	-5.943310e-03	8.025108e+00
6.300000e-06	-5.767662e-03	7.865111e+00
6.310000e-06	-5.469391e-03	7.696688e+00
6.320000e-06	-5.072199e-03	7.477795e+00
6.330000e-06	-4.491971e-03	7.276670e+00
6.340000e-06	-5.277610e-03	7.116220e+00
6.350000e-06	-5.389474e-03	6.897293e+00
6.360000e-06	-5.448597e-03	6.741377e+00
6.370000e-06	-5.449356e-03	6.509324e+00
6.380000e-06	-5.201728e-03	6.341392e+00
6.390000e-06	-5.018321e-03	6.170924e+00
6.400000e-06	-4.322261e-03	5.991980e+00
6.410000e-06	-5.047069e-03	5.772449e+00
6.420000e-06	-4.536167e-03	5.580949e+00
6.430000e-06	-5.181819e-03	5.370479e+00
6.440000e-06	-4.897395e-03	5.139882e+00
6.450000e-06	-5.493078e-03	4.868318e+00
6.460000e-06	-4.703632e-03	4.684738e+00
6.470000e-06	-4.546581e-03	4.506766e+00
6.480000e-06	-4.255656e-03	4.287294e+00
6.490000e-06	-4.464205e-03	4.036687e+00
6.500000e-06	-4.207392e-03	3.844612e+00
6.510000e-06	-4.762613e-03	3.684737e+00
6.520000e-06	-4.695543e-03	3.467213e+00
6.530000e-06	-4.574187e-03	3.194084e+00
6.540000e-06	-5.030093e-03	3.002603e+00
6.550000e-06	-4.812115e-03	2.843558e+00
6.560000e-06	-4.265491e-03	2.551077e+00
6.570000e-06	-3.911502e-03	2.339821e+00
6.580000e-06	-4.277085e-03	2.128816e+00
6.590000e-06	-4.616201e-03	1.889322e+00
6.600000e-06	-3.907763e-03	1.706313e+00
6.610000e-06	-4.370766e-03	1.435514e+00
6.620000e-06	-4.112052e-03	1.244507e+00
6.630000e-06	-4.355798e-03	9.699272e-01
6.640000e-06	-4.374187e-03	7.277961e-01
6.650000e-06	-4.189972e-03	4.987894e-01
6.660000e-06	-2.895138e-03	3.082434e-01
6.670000e-06	-2.782906e-03	2.575795e-02
6.680000e-06	2.792975e-03	-1.738396e-01
6.690000e-06	3.064144e-03	-3.568895e-01
6.700000e-06	-2.022261e-03	-6.148896e-01
6.710000e-06	1.791172e-03	-8.374737e-01
6.720000e-06	-2.036740e-03	-9.679971e-01
6.730000e-06	6.267474e-04	-1.197418e+00
6.740000e-06	8.183087e-04	-1.429074e+00
6.750000e-06	3.234553e-02	-1.599551e+00
6.760000e-06	8.430370e-02	-1.817474e+00
6.770000e-06	-4.776080e-02	-2.151732e+00
6.780000e-06	-3.302363e-02	-2.479573e+00
6.790000e-06	-3.352650e-02	-2.682204e+00
6.800000e-06	-6.943625e-02	-2.790000e+00
6.810000e-06	3.112826e-02	-2.915810e+00
6.820000e-06	1.308231e-01	-3.071660e+00
6.830000e-06	-1.661729e-01	-3.377990e+00
6.840000e-06	1.360728e-01	-3.538319e+00
6.850000e-06	-4.042172e-02	-3.752310e+00
6.860000e-06	-7.849008e-02	-3.977474e+00
6.870000e-06	1.402560e-01	-4.196445e+00
6.880000e-06	-1.060195e-01	-4.386473e+00
6.890000e-06	3.784622e-02	-4.647070e+00
6.900000e-06	6.784435e-02	-4.768461e+00
6.910000e-06	-1.215130e-01	-5.039605e+00
6.920000e-06	1.237521e-01	-5.292127e+00
6.930000e-06	-9.593464e-02	-5.541259e+00
6.940000e-06	2.959503e-02	-5.754766e+00
6.950000e-06	3.201564e-02	-5.913282e+00
6.960000e-06	-6.407336e-02	-6.133408e+00
6.970000e-06	9.502870e-02	-6.335713e+00
6.980000e-06	-7.506922e-02	-6.544761e+00
6.990000e-06	6.559215e-02	-6.713786e+00
7.000000e-06	-3.576005e-02	-6.841181e+00
7.010000e-06	-3.740961e-02	-7.125840e+00
7.020000e-06	7.237845e-02	-7.322710e+00
7.030000e-06	-6.337024e-02	-7.482704e+00
7.040000e-06	6.628724e-02	-7.661103e+00
7.050000e-06	-3.720647e-02	-7.852178e+00
7.060000e-06	1.501025e-02	-8.089679e+00
7.070000e-06	-4.282380e-03	-8.188079e+00
7.080000e-06	-2.807807e-02	-8.339845e+00
7.090000e-06	4.767320e-02	-8.523237e+00
7.100000e-06	-2.015057e-02	-8.685236e+00
7.110000e-06	2.387538e-02	-8.861977e+00
7.120000e-06	-3.799734e-02	-8.987018e+00
7.130000e-06	2.239770e-02	-9.115263e+00
7.140000e-06	5.493525e-03	-9.251631e+00
7.150000e-06	-6.641863e-03	-9.408024e+00
7.160000e-06	4.759752e-03	-9.536289e+00
7.170000e-06	-2.104556e-04	-9.713736e+00
7.180000e-06	1.555707e-02	-9.829553e+00
7.190000e-06	-1.990967e-02	-9.945817e+00
7.200000e-06	9.758319e-03	-1.005120e+01
7.210000e-06	1.142145e-04	-1.019800e+01
7.220000e-06	6.965499e-03	-1.032379e+01
7.230000e-06	-9.526509e-03	-1.044264e+01
7.240000e-06	1.069322e-02	-1.058743e+01
7.250000e-06	8.170617e-03	-1.067108e+01
7.260000e-06	-1.819084e-03	-1.074742e+01
7.270000e-06	-2.932690e-03	-1.080208e+01
7.280000e-06	3.132967e-03	-1.095687e+01
7.290000e-06	9.700498e-03	-1.105256e+01
7.300000e-06	-2.104789e-03	-1.113489e+01
7.310000e-06	6.864080e-03	-1.122156e+01
7.320000e-06	2.973148e-03	-1.133531e+01
7.330000e-06	5.185734e-03	-1.140797e+01
7.340000e-06	-3.913685e-04	-1.144106e+01
7.350000e-06	8.849049e-03	-1.156542e+01
7.360000e-06	6.250098e-03	-1.157945e+01
7.370000e-06	5.482434e-03	-1.161221e+01
7.380000e-06	4.432597e-03	-1.171274e+01
7.390000e-06	4.595818e-03	-1.178803e+01
7.400000e-06	5.698934e-03	-1.181148e+01
7.410000e-06	4.680699e-03	-1.189216e+01
7.420000e-06	8.517926e-03	-1.186482e+01
7.430000e-06	6.108073e-03	-1.194927e+01
7.440000e-06	8.028894e-03	-1.193943e+01
7.450000e-06	9.441966e-03	-1.201000e+01
7.460000e-06	9.845277e-03	-1.201006e+01
7.470000e-06	7.851589e-03	-1.206306e+01
7.480000e-06	1.087904e-02	-1.205216e+01
7.490000e-06	1.354371e-02	-1.205369e+01
7.500000e-06	1.392571e-02	-1.205124e+01
7.510000e-06	1.326925e-02	-1.207371e+01
7.520000e-06	1.639876e-02	-1.205313e+01
7.530000e-06	1.795858e-02	-1.208266e+01
7.540000e-06	1.934065e-02	-1.204313e+01
7.550000e-06	1.950351e-02	-1.204205e+01
7.560000e-06	2.239011e-02	-1.203155e+01
7.570000e-06	2.326661e-02	-1.193840e+01
7.580000e-06	2.278984e-02	-1.194794e+01
7.590000e-06	2.381989e-02	-1.188384e+01
7.600000e-06	2.444034e-02	-1.184311e+01
7.610000e-06	2.285870e-02	-1.179098e+01
7.620000e-06	2.131155e-02	-1.171798e+01
7.630000e-06	1.974012e-02	-1.164526e+01
7.640000e-06	1.888198e-02	-1.159115e+01
7.650000e-06	1.688370e-02	-1.151787e+01
7.660000e-06	1.433868e-02	-1.146268e+01
7.670000e-06	1.287272e-02	-1.136005e+01
7.680000e-06	1.213457e-02	-1.126269e+01
7.690000e-06	1.229930e-02	-1.119040e+01
7.700000e-06	9.646519e-03	-1.111674e+01
7.710000e-06	7.220178e-03	-1.097090e+01
7.720000e-06	6.600667e-03	-1.090629e+01
7.730000e-06	7.125171e-03	-1.084208e+01
7.740000e-06	4.984739e-03	-1.072740e+01
7.750000e-06	4.188410e-03	-1.064564e+01
7.760000e-06	3.926164e-03	-1.054843e+01
7.770000e-06	4.017931e-03	-1.043061e+01
7.780000e-06	3.477446e-03	-1.032675e+01
7.790000e-06	2.232451e-03	-1.021056e+01
7.800000e-06	2.626090e-03	-1.003369e+01
7.810000e-06	1.536011e-03	-9.917447e+00
7.820000e-06	2.325325e-03	-9.842087e+00
7.830000e-06	1.299766e-03	-9.696394e+00
7.840000e-06	1.355658e-03	-9.628053e+00
7.850000e-06	7.702910e-04	-9.473707e+00
7.860000e-06	1.031972e-03	-9.308773e+00
7.870000e-06	-3.528999e-04	-9.159976e+00
7.880000e-06	-2.662872e-04	-9.043655e+00
7.890000e-06	4.616478e-04	-8.875318e+00
7.900000e-06	2.567789e-04	-8.749424e+00
7.910000e-06	-1.932797e-03	-8.567923e+00
7.920000e-06	-1.302697e-03	-8.402500e+00
7.930000e-06	-6.557947e-04	-8.252634e+00
7.940000e-06	-5.301477e-04	-8.096142e+00
7.950000e-06	-2.299718e-03	-7.919292e+00
7.960000e-06	-1.528938e-03	-7.694720e+00
7.970000e-06	-2.090784e-03	-7.505320e+00
7.980000e-06	-2.806794e-03	-7.310447e+00
7.990000e-06	-3.903046e-03	-7.129994e+00
8.000000e-06	-2.996185e-03	-6.928851e+00
8.010000e-06	-2.842841e-03	-6.759423e+00
8.020000e-06	-3.435674e-03	-6.560524e+00
8.030000e-06	-3.808933e-03	-6.432007e+00
8.040000e-06	-2.874435e-03	-6.202137e+00
8.050000e-06	-3.109434e-03	-5.999980e+00
8.060000e-06	-3.749698e-03	-5.792105e+00
8.070000e-06	-4.433648e-03	-5.634633e+00
8.080000e-06	-4.403791e-03	-5.403186e+00
8.090000e-06	-4.490090e-03	-5.182528e+00
8.100000e-06	-3.381010e-03	-4.949446e+00
8.110000e-06	-3.708322e-03	-4.674775e+00
8.120000e-06	-4.046363e-03	-4.484318e+00
8.130000e-06	-3.574154e-03	-4.318521e+00
8.140000e-06	-4.108671e-03	-4.127275e+00
8.150000e-06	-3.863584e-03	-3.980900e+00
8.160000e-06	-3.531887e-03	-3.678944e+00
8.170000e-06	-2.678735e-03	-3.527320e+00
8.180000e-06	-3.674248e-03	-3.308346e+00
8.190000e-06	-5.553587e-03	-3.126891e+00
8.200000e-06	-4.365556e-03	-2.846611e+00
8.210000e-06	-5.019222e-03	-2.623683e+00
8.220000e-06	-3.589470e-03	-2.423059e+00
8.230000e-06	-5.269382e-03	-2.192530e+00
8.240000e-06	-3.589437e-03	-1.980474e+00
8.250000e-06	-4.901484e-03	-1.790477e+00
8.260000e-06	-3.893013e-03	-1.548945e+00
8.270000e-06	-5.074546e-03	-1.305265e+00
8.280000e-06	-4.355267e-03	-1.033659e+00
8.290000e-06	-5.248235e-03	-8.036278e-01
8.300000e-06	-5.355552e-03	-6.015064e-01
8.310000e-06	-5.141766e-03	-3.584449e-01
8.320000e-06	-4.489950e-03	-1.399436e-01
8.330000e-06	-8.766257e-04	9.162520e-02
8.340000e-06	4.358111e-03	3.238331e-01
8.350000e-06	-3.971670e-03	4.742094e-01
8.360000e-06	1.174071e-03	6.752620e-01
8.370000e-06	-3.511084e-03	9.246290e-01
8.380000e-06	-5.401272e-04	1.163861e+00
8.390000e-06	-4.548178e-03	1.366816e+00
8.400000e-06	3.260928e-03	1.578940e+00
8.410000e-06	2.573210e-02	1.827524e+00
8.420000e-06	6.994032e-02	2.009975e+00
8.430000e-06	-2.333686e-02	2.229630e+00
8.440000e-06	-5.268653e-02	2.522683e+00
8.450000e-06	-2.728607e-02	2.747821e+00
8.460000e-06	-3.632212e-02	2.945913e+00
8.470000e-06	-5.867405e-02	3.086079e+00
8.480000e-06	1.179901e-01	3.233026e+00
8.490000e-06	-1.387476e-02	3.512212e+00
8.500000e-06	-8.733257e-02	3.672029e+00
8.510000e-06	1.482890e-01	3.850498e+00
8.520000e-06	-1.106508e-01	4.114786e+00
8.530000e-06	2.117960e-02	4.302313e+00
8.540000e-06	4.557592e-02	4.524286e+00
8.550000e-06	-6.794869e-02	4.725292e+00
8.560000e-06	3.910050e-02	4.945313e+00
8.570000e-06	-1.049060e-02	5.259128e+00
8.580000e-06	-1.031543e-02	5.469077e+00
8.590000e-06	1.098828e-02	5.631076e+00
8.600000e-06	-2.973436e-02	5.849632e+00
8.610000e-06	8.107281e-03	6.102082e+00
8.620000e-06	-1.775131e-02	6.262579e+00
8.630000e-06	3.053204e-02	6.462077e+00
8.640000e-06	-8.143919e-03	6.672099e+00
8.650000e-06	-1.188596e-02	6.882153e+00
8.660000e-06	1.134094e-02	7.062630e+00
8.670000e-06	-3.709257e-02	7.201003e+00
8.680000e-06	1.785152e-02	7.438365e+00
8.690000e-06	-4.101980e-03	7.629975e+00
8.700000e-06	-2.891209e-03	7.819023e+00
8.710000e-06	3.259670e-03	8.037499e+00
8.720000e-06	-2.099464e-02	8.201996e+00
8.730000e-06	3.671517e-03	8.325295e+00
8.740000e-06	-7.671846e-03	8.504137e+00
8.750000e-06	5.152593e-03	8.619976e+00
8.760000e-06	-1.124040e-02	8.788016e+00
8.770000e-06	1.897764e-03	8.914761e+00
8.780000e-06	-1.068935e-04	9.073633e+00
8.790000e-06	-1.496376e-02	9.251550e+00
8.800000e-06	6.547964e-04	9.367937e+00
8.810000e-06	-4.934293e-03	9.525211e+00
8.820000e-06	-9.179623e-04	9.631053e+00
8.830000e-06	-1.072034e-02	9.766918e+00
8.840000e-06	1.301532e-03	9.896218e+00
8.850000e-06	-5.621544e-03	1.005163e+01
8.860000e-06	-1.050495e-02	1.015847e+01
8.870000e-06	-8.092385e-03	1.029316e+01
8.880000e-06	-1.648897e-03	1.039940e+01
8.890000e-06	-2.785208e-03	1.053626e+01
8.900000e-06	-1.069152e-02	1.067058e+01
8.910000e-06	-3.828017e-03	1.073799e+01
8.920000e-06	-4.809068e-03	1.084313e+01
8.930000e-06	-8.707753e-03	1.096640e+01
8.940000e-06	-1.138830e-02	1.100116e+01
8.950000e-06	-4.468023e-03	1.114427e+01
8.960000e-06	-7.363245e-03	1.120095e+01
8.970000e-06	-7.261318e-03	1.132476e+01
8.980000e-06	-5.010099e-03	1.135003e+01
8.990000e-06	-9.426541e-03	1.144411e+01
9.000000e-06	-9.874477e-03	1.152927e+01
9.010000e-06	-1.254633e-02	1.163201e+01
9.020000e-06	-5.580704e-03	1.171468e+01
9.030000e-06	-1.037786e-02	1.174792e+01
9.040000e-06	-1.093107e-02	1.179795e+01
9.050000e-06	-1.080315e-02	1.184056e+01
9.060000e-06	-1.026359e-02	1.185313e+01
9.070000e-06	-1.021464e-02	1.186421e+01
9.080000e-06	-1.131761e-02	1.196684e+01
9.090000e-06	-1.190135e-02	1.195837e+01
9.100000e-06	-1.579852e-02	1.199147e+01
9.110000e-06	-1.726732e-02	1.201210e+01
9.120000e-06	-1.604455e-02	1.198148e+01
9.130000e-06	-1.577827e-02	1.205248e+01
9.140000e-06	-1.785175e-02	1.207358e+01
9.150000e-06	-1.834764e-02	1.209514e+01
9.160000e-06	-1.807973e-02	1.202518e+01
9.170000e-06	-2.006689e-02	1.206363e+01
9.180000e-06	-2.138408e-02	1.205261e+01
9.190000e-06	-2.452171e-02	1.204258e+01
9.200000e-06	-2.571997e-02	1.203250e+01
9.210000e-06	-2.916905e-02	1.197200e+01
9.220000e-06	-2.892102e-02	1.198990e+01
9.230000e-06	-2.938209e-02	1.195992e+01
9.240000e-06	-2.925002e-02	1.196684e+01
9.250000e-06	-2.861806e-02	1.188572e+01
9.260000e-06	-2.824790e-02	1.182411e+01
9.270000e-06	-2.739601e-02	1.183150e+01
9.280000e-06	-2.677976e-02	1.177940e+01
9.290000e-06	-2.419826e-02	1.172732e+01
9.300000e-06	-2.467710e-02	1.164511e+01
9.310000e-06	-2.229073e-02	1.157890e+01
9.320000e-06	-2.140662e-02	1.142569e+01
9.330000e-06	-2.001160e-02	1.135996e+01
9.340000e-06	-1.832150e-02	1.128680e+01
9.350000e-06	-1.644991e-02	1.122251e+01
9.360000e-06	-1.276988e-02	1.110829e+01
9.370000e-06	-1.459863e-02	1.103358e+01
9.380000e-06	-1.270428e-02	1.095937e+01
9.390000e-06	-1.414995e-02	1.087416e+01
9.400000e-06	-1.185496e-02	1.078142e+01
9.410000e-06	-1.236166e-02	1.064517e+01
9.420000e-06	-1.062385e-02	1.055943e+01
9.430000e-06	-9.952396e-03	1.040408e+01
9.440000e-06	-9.218874e-03	1.030682e+01
9.450000e-06	-9.646467e-03	1.020103e+01
9.460000e-06	-8.931457e-03	1.010529e+01
9.470000e-06	-7.401732e-03	9.940401e+00
9.480000e-06	-7.940139e-03	9.812661e+00
9.490000e-06	-6.107413e-03	9.665771e+00
9.500000e-06	-8.057313e-03	9.537371e+00
9.510000e-06	-7.620193e-03	9.393533e+00
9.520000e-06	-7.673839e-03	9.277366e+00
9.530000e-06	-6.237195e-03	9.171951e+00
9.540000e-06	-6.305081e-03	9.012505e+00
9.550000e-06	-5.506105e-03	8.834556e+00
9.560000e-06	-6.255754e-03	8.676265e+00
9.570000e-06	-6.196222e-03	8.517899e+00
9.580000e-06	-6.451100e-03	8.411053e+00
9.590000e-06	-6.220478e-03	8.182561e+00
9.600000e-06	-5.998939e-03	8.034685e+00
9.610000e-06	-6.083976e-03	7.874712e+00
9.620000e-06	-5.347223e-03	7.686268e+00
9.630000e-06	-5.248731e-03	7.495819e+00
9.640000e-06	-4.817807e-03	7.286268e+00
9.650000e-06	-5.464109e-03	7.097292e+00
9.660000e-06	-5.433386e-03	6.909772e+00
9.670000e-06	-5.697736e-03	6.759897e+00
9.680000e-06	-4.953624e-03	6.518776e+00
9.690000e-06	-4.767420e-03	6.349921e+00
9.700000e-06	-4.201590e-03	6.199400e+00
9.710000e-06	-5.331628e-03	5.983004e+00
9.720000e-06	-5.671811e-03	5.762032e+00
9.730000e-06	-5.428147e-03	5.572455e+00
9.740000e-06	-3.931570e-03	5.431478e+00
9.750000e-06	-4.158405e-03	5.162977e+00
9.760000e-06	-5.097018e-03	4.877191e+00
9.770000e-06	-5.222162e-03	4.675741e+00
9.780000e-06	-4.536619e-03	4.464866e+00
9.790000e-06	-4.126112e-03	4.327797e+00
9.800000e-06	-4.340782e-03	4.056643e+00
9.810000e-06	-4.247265e-03	3.823211e+00
9.820000e-06	-4.815775e-03	3.685663e+00
9.830000e-06	-4.918027e-03	3.454169e+00
9.840000e-06	-5.486603e-03	3.194055e+00
9.850000e-06	-3.906324e-03	3.023505e+00
9.860000e-06	-5.161802e-03	2.794084e+00
9.870000e-06	-4.006803e-03	2.591005e+00
9.880000e-06	-4.951310e-03	2.328875e+00
9.890000e-06	-3.899851e-03	2.149872e+00
9.900000e-06	-2.700803e-03	1.919897e+00
9.910000e-06	-2.194749e-03	1.697318e+00
9.920000e-06	-5.341711e-03	1.494714e+00
9.930000e-06	-4.114259e-03	1.244507e+00
9.940000e-06	-6.105066e-03	9.303999e-01
9.950000e-06	-3.574778e-03	6.778173e-01
9.960000e-06	-5.012016e-03	4.872931e-01
9.970000e-06	-2.760485e-03	3.077682e-01
9.980000e-06	-3.350915e-03	4.566164e-02
9.990000e-06	2.860856e-03	-1.358409e-01
1.000000e-05	4.584782e-03	-3.463672e-01
1.001000e-05	-2.369239e-03	-5.448322e-01
1.002000e-05	2.674594e-03	-7.895225e-01
1.003000e-05	-3.345288e-03	-9.559186e-01
1.004000e-05	6.478977e-04	-1.176417e+00
1.005000e-05	1.782825e-04	-1.397048e+00
1.006000e-05	3.139431e-02	-1.608018e+00
1.007000e-05	8.408581e-02	-1.829548e+00
1.008000e-05	-4.419721e-02	-2.102202e+00
1.009000e-05	-3.572685e-02	-2.459928e+00
1.010000e-05	-3.043702e-02	-2.660656e+00
1.011000e-05	-6.733543e-02	-2.810549e+00
1.012000e-05	2.351098e-02	-2.893262e+00
1.013000e-05	1.380008e-01	-3.051234e+00
1.014000e-05	-1.650728e-01	-3.367444e+00
1.015000e-05	1.260770e-01	-3.567339e+00
1.016000e-05	-3.019960e-02	-3.722760e+00
1.017000e-05	-8.788528e-02	-3.976924e+00
1.018000e-05	1.447945e-01	-4.166968e+00
1.019000e-05	-9.901122e-02	-4.374916e+00
1.020000e-05	2.726860e-02	-4.609043e+00
1.021000e-05	7.720074e-02	-4.763889e+00
1.022000e-05	-1.280912e-01	-5.070081e+00
1.023000e-05	1.200862e-01	-5.271527e+00
1.024000e-05	-8.979216e-02	-5.504263e+00
1.025000e-05	2.196038e-02	-5.724815e+00
1.026000e-05	3.903336e-02	-5.881607e+00
1.027000e-05	-6.938875e-02	-6.102283e+00
1.028000e-05	9.653333e-02	-6.313739e+00
1.029000e-05	-7.316784e-02	-6.534310e+00
1.030000e-05	5.984004e-02	-6.714362e+00
1.031000e-05	-2.733115e-02	-6.891755e+00
1.032000e-05	-4.319259e-02	-7.124282e+00
1.033000e-05	7.572947e-02	-7.254261e+00
1.034000e-05	-6.473115e-02	-7.480184e+00
1.035000e-05	6.394343e-02	-7.651028e+00
1.036000e-05	-3.371215e-02	-7.879137e+00
1.037000e-05	1.087646e-02	-8.051603e+00
1.038000e-05	6.272193e-04	-8.188998e+00
1.039000e-05	-3.157720e-02	-8.344816e+00
1.040000e-05	4.763554e-02	-8.493257e+00
1.041000e-05	-1.988441e-02	-8.701106e+00
1.042000e-05	2.404968e-02	-8.811606e+00
1.043000e-05	-3.738268e-02	-8.967949e+00
1.044000e-05	1.869472e-02	-9.124764e+00
1.045000e-05	7.249261e-03	-9.170572e+00
1.046000e-05	-8.180211e-03	-9.418024e+00
1.047000e-05	6.012099e-03	-9.536414e+00
1.048000e-05	-8.769885e-04	-9.721708e+00
1.049000e-05	1.662462e-02	-9.818497e+00
1.050000e-05	-2.064674e-02	-9.945741e+00
1.051000e-05	8.694343e-03	-1.007271e+01
1.052000e-05	2.377781e-04	-1.021642e+01
1.053000e-05	6.729127e-03	-1.033387e+01
1.054000e-05	-8.796692e-03	-1.045106e+01
1.055000e-05	1.014385e-02	-1.052847e+01
1.056000e-05	9.055586e-03	-1.066313e+01
1.057000e-05	-2.140473e-03	-1.074782e+01
1.058000e-05	-2.254292e-03	-1.087103e+01
1.059000e-05	1.871411e-03	-1.097324e+01
1.060000e-05	1.007714e-02	-1.102113e+01
1.061000e-05	-2.194979e-03	-1.118432e+01
1.062000e-05	8.047718e-03	-1.123170e+01
1.063000e-05	2.048129e-03	-1.130426e+01
1.064000e-05	4.561055e-03	-1.140105e+01
1.065000e-05	-6.350785e-04	-1.146911e+01
1.066000e-05	8.709201e-03	-1.153639e+01
1.067000e-05	6.176007e-03	-1.160900e+01
1.068000e-05	5.987961e-03	-1.165117e+01
1.069000e-05	4.292457e-03	-1.173527e+01
1.070000e-05	5.397542e-03	-1.179847e+01
1.071000e-05	5.993187e-03	-1.181113e+01
1.072000e-05	4.175474e-03	-1.187271e+01
1.073000e-05	8.819711e-03	-1.190478e+01
1.074000e-05	5.660266e-03	-1.191634e+01
1.075000e-05	7.943662e-03	-1.195848e+01
1.076000e-05	9.848591e-03	-1.200955e+01
1.077000e-05	1.043047e-02	-1.203208e+01
1.078000e-05	8.190344e-03	-1.203113e+01
1.079000e-05	9.569022e-03	-1.203156e+01
1.080000e-05	1.295766e-02	-1.208256e+01
1.081000e-05	1.421710e-02	-1.209321e+01
1.082000e-05	1.415055e-02	-1.207316e+01
1.083000e-05	1.545545e-02	-1.204401e+01
1.084000e-05	1.787707e-02	-1.203273e+01
1.085000e-05	1.945792e-02	-1.209461e+01
1.086000e-05	2.048579e-02	-1.200253e+01
1.087000e-05	2.199531e-02	-1.199013e+01
1.088000e-05	2.257813e-02	-1.197000e+01
1.089000e-05	2.286897e-02	-1.196744e+01
1.090000e-05	2.439016e-02	-1.189631e+01
1.091000e-05	2.341033e-02	-1.182423e+01
1.092000e-05	2.310845e-02	-1.176898e+01
1.093000e-05	2.255460e-02	-1.174742e+01
1.094000e-05	2.031186e-02	-1.169526e+01
1.095000e-05	1.896262e-02	-1.156950e+01
1.096000e-05	1.681367e-02	-1.155582e+01
1.097000e-05	1.485449e-02	-1.144421e+01
1.098000e-05	1.267494e-02	-1.136800e+01
1.099000e-05	1.172500e-02	-1.125469e+01
1.100000e-05	1.232500e-02	-1.120951e+01
1.101000e-05	9.424455e-03	-1.108531e+01
1.102000e-05	7.609357e-03	-1.101195e+01
1.103000e-05	6.691922e-03	-1.090429e+01
1.104000e-05	5.905036e-03	-1.083108e+01
1.105000e-05	5.008196e-03	-1.077735e+01
1.106000e-05	4.523858e-03	-1.067424e+01
1.107000e-05	4.406267e-03	-1.050939e+01
1.108000e-05	3.917787e-03	-1.046366e+01
1.109000e-05	2.267231e-03	-1.034685e+01
1.110000e-05	2.443157e-03	-1.016103e+01
1.111000e-05	2.741186e-03	-1.006624e+01
1.112000e-05	2.128558e-03	-9.959874e+00
1.113000e-05	2.068318e-03	-9.863107e+00
1.114000e-05	1.765472e-03	-9.756346e+00
1.115000e-05	2.025860e-03	-9.594454e+00
1.116000e-05	6.618654e-04	-9.474769e+00
1.117000e-05	1.259169e-04	-9.327864e+00
1.118000e-05	2.112937e-04	-9.190428e+00
1.119000e-05	4.041481e-04	-9.063084e+00
1.120000e-05	7.035614e-04	-8.864839e+00
1.121000e-05	-1.356038e-03	-8.747396e+00
1.122000e-05	-1.405341e-03	-8.540927e+00
1.123000e-05	-1.824730e-03	-8.391008e+00
1.124000e-05	-4.229607e-04	-8.264613e+00
1.125000e-05	-1.418187e-03	-8.098216e+00
1.126000e-05	-1.926767e-03	-7.938320e+00
1.127000e-05	-2.340314e-03	-7.717295e+00
1.128000e-05	-2.600022e-03	-7.527318e+00
1.129000e-05	-2.815071e-03	-7.357871e+00
1.130000e-05	-3.222628e-03	-7.190928e+00
1.131000e-05	-2.246386e-03	-6.950854e+00
1.132000e-05	-2.932186e-03	-6.739954e+00
1.133000e-05	-3.279640e-03	-6.582453e+00
1.134000e-05	-3.915718e-03	-6.423106e+00
1.135000e-05	-2.984641e-03	-6.214107e+00
1.136000e-05	-3.577952e-03	-5.991555e+00
1.137000e-05	-3.366423e-03	-5.792131e+00
1.138000e-05	-3.601291e-03	-5.633587e+00
1.139000e-05	-3.990519e-03	-5.423707e+00
1.140000e-05	-3.297466e-03	-5.190033e+00
1.141000e-05	-3.278973e-03	-4.951002e+00
1.142000e-05	-4.130372e-03	-4.737269e+00
1.143000e-05	-4.615339e-03	-4.537851e+00
1.144000e-05	-3.536656e-03	-4.359424e+00
1.145000e-05	-3.545553e-03	-4.138799e+00
1.146000e-05	-4.176447e-03	-3.947904e+00
1.147000e-05	-3.530833e-03	-3.738845e+00
1.148000e-05	-3.094746e-03	-3.517317e+00
1.149000e-05	-2.959986e-03	-3.308896e+00
1.150000e-05	-5.306609e-03	-3.108344e+00
1.151000e-05	-4.774497e-03	-2.843689e+00
1.152000e-05	-4.983424e-03	-2.646158e+00
1.153000e-05	-3.480300e-03	-2.433584e+00
1.154000e-05	-4.822398e-03	-2.180658e+00
1.155000e-05	-3.968438e-03	-1.980928e+00
1.156000e-05	-4.943397e-03	-1.771500e+00
1.157000e-05	-4.095239e-03	-1.561449e+00
1.158000e-05	-5.471899e-03	-1.255740e+00
1.159000e-05	-4.225763e-03	-1.033112e+00
1.160000e-05	-4.548177e-03	-8.320840e-01
1.161000e-05	-4.902080e-03	-5.820315e-01
1.162000e-05	-5.788524e-03	-3.579209e-01
1.163000e-05	-4.431810e-03	-1.493486e-01
1.164000e-05	-8.307424e-04	5.100071e-02
1.165000e-05	5.230356e-03	3.422317e-01
1.166000e-05	-3.739425e-03	4.937605e-01
1.167000e-05	7.122812e-04	7.237315e-01
1.168000e-05	-3.293824e-03	8.701566e-01
1.169000e-05	-4.219444e-05	1.102278e+00
1.170000e-05	-4.254977e-03	1.354362e+00
1.171000e-05	1.241125e-03	1.585492e+00
1.172000e-05	2.544667e-02	1.789019e+00
1.173000e-05	7.008614e-02	2.010048e+00
1.174000e-05	-1.813589e-02	2.239078e+00
1.175000e-05	-5.443461e-02	2.524654e+00
1.176000e-05	-2.637094e-02	2.726338e+00
1.177000e-05	-3.551664e-02	2.935262e+00
1.178000e-05	-6.002748e-02	3.072153e+00
1.179000e-05	1.123065e-01	3.231600e+00
1.180000e-05	-2.543957e-03	3.481654e+00
1.181000e-05	-9.585021e-02	3.651605e+00
1.182000e-05	1.510075e-01	3.868972e+00
1.183000e-05	-1.078070e-01	4.091657e+00
1.184000e-05	1.259192e-02	4.292707e+00
1.185000e-05	5.158940e-02	4.504234e+00
1.186000e-05	-6.643701e-02	4.706312e+00
1.187000e-05	3.800872e-02	4.934365e+00
1.188000e-05	-8.525488e-03	5.249999e+00
1.189000e-05	-1.332853e-02	5.468604e+00
1.190000e-05	1.213918e-02	5.652079e+00
1.191000e-05	-3.025198e-02	5.872605e+00
1.192000e-05	7.485802e-03	6.081630e+00
1.193000e-05	-1.576728e-02	6.274103e+00
1.194000e-05	2.968337e-02	6.440078e+00
1.195000e-05	-6.557174e-03	6.630107e+00
1.196000e-05	-1.417964e-02	6.841657e+00
1.197000e-05	1.440506e-02	7.082183e+00
1.198000e-05	-3.785535e-02	7.201528e+00
1.199000e-05	1.533954e-02	7.396448e+00
1.200000e-05	-3.057156e-03	7.650002e+00
1.201000e-05	-2.198428e-03	7.850495e+00
1.202000e-05	5.989894e-03	8.028510e+00
1.203000e-05	-2.283558e-02	8.168421e+00
1.204000e-05	2.737225e-03	8.326319e+00
1.205000e-05	-8.006043e-03	8.484183e+00
1.206000e-05	5.725563e-03	8.630526e+00
1.207000e-05	-1.192577e-02	8.757891e+00
1.208000e-05	4.434455e-04	8.905807e+00
1.209000e-05	2.219718e-03	9.060655e+00
1.210000e-05	-1.405239e-02	9.252105e+00
1.211000e-05	-4.627156e-05	9.346869e+00
1.212000e-05	-6.408243e-03	9.515110e+00
1.213000e-05	-3.370532e-04	9.628977e+00
1.214000e-05	-1.107399e-02	9.785345e+00
1.215000e-05	4.514198e-04	9.894362e+00
1.216000e-05	-5.241068e-03	1.001310e+01
1.217000e-05	-1.066789e-02	1.018837e+01
1.218000e-05	-8.097963e-03	1.027371e+01
1.219000e-05	-2.137205e-03	1.038895e+01
1.220000e-05	-3.324456e-03	1.050580e+01
1.221000e-05	-1.029331e-02	1.063011e+01
1.222000e-05	-3.134430e-03	1.075687e+01
1.223000e-05	-5.448013e-03	1.087406e+01
1.224000e-05	-7.491788e-03	1.096839e+01
1.225000e-05	-1.022362e-02	1.102205e+01
1.226000e-05	-5.809256e-03	1.111579e+01
1.227000e-05	-8.350891e-03	1.122063e+01
1.228000e-05	-9.982097e-03	1.132566e+01
1.229000e-05	-5.731866e-03	1.139943e+01
1.230000e-05	-7.092966e-03	1.144513e+01
1.231000e-05	-8.949241e-03	1.154889e+01
1.232000e-05	-1.071162e-02	1.161155e+01
1.233000e-05	-6.799027e-03	1.167574e+01
1.234000e-05	-1.071284e-02	1.177729e+01
1.235000e-05	-1.150720e-02	1.177043e+01
1.236000e-05	-1.099009e-02	1.182158e+01
1.237000e-05	-1.057124e-02	1.187408e+01
1.238000e-05	-1.123653e-02	1.191526e+01
1.239000e-05	-1.382751e-02	1.191884e+01
1.240000e-05	-1.175130e-02	1.197945e+01
1.241000e-05	-1.401412e-02	1.198898e+01
1.242000e-05	-1.496383e-02	1.202303e+01
1.243000e-05	-1.641000e-02	1.202203e+01
1.244000e-05	-1.628617e-02	1.207261e+01
1.245000e-05	-1.762532e-02	1.207301e+01
1.246000e-05	-1.864811e-02	1.208256e+01
1.247000e-05	-1.957541e-02	1.206373e+01
1.248000e-05	-2.133298e-02	1.206316e+01
1.249000e-05	-2.220977e-02	1.205416e+01
1.250000e-05	-2.349147e-02	1.205206e+01
1.251000e-05	-2.466918e-02	1.203313e+01
1.252000e-05	-2.737916e-02	1.203198e+01
1.253000e-05	-2.789512e-02	1.199950e+01
1.254000e-05	-2.982745e-02	1.197890e+01
1.255000e-05	-2.980504e-02	1.193837e+01
1.256000e-05	-2.900173e-02	1.188666e+01
1.257000e-05	-2.785139e-02	1.187414e+01
1.258000e-05	-2.779591e-02	1.182205e+01
1.259000e-05	-2.728443e-02	1.174950e+01
1.260000e-05	-2.485816e-02	1.169829e+01
1.261000e-05	-2.371883e-02	1.162258e+01
1.262000e-05	-2.187592e-02	1.154988e+01
1.263000e-05	-2.077840e-02	1.140573e+01
1.264000e-05	-1.931519e-02	1.140050e+01
1.265000e-05	-1.805197e-02	1.132567e+01
1.266000e-05	-1.643082e-02	1.121153e+01
1.267000e-05	-1.439313e-02	1.109882e+01
1.268000e-05	-1.463887e-02	1.104364e+01
1.269000e-05	-1.317166e-02	1.093792e+01
1.270000e-05	-1.315769e-02	1.086419e+01
1.271000e-05	-1.181678e-02	1.077047e+01
1.272000e-05	-1.171195e-02	1.065532e+01
1.273000e-05	-1.079356e-02	1.056890e+01
1.274000e-05	-1.061548e-02	1.046356e+01
1.275000e-05	-9.902736e-03	1.033632e+01
1.276000e-05	-9.419921e-03	1.019101e+01
1.277000e-05	-7.228697e-03	1.008374e+01
1.278000e-05	-8.558593e-03	9.962424e+00
1.279000e-05	-9.028708e-03	9.841084e+00
1.280000e-05	-7.816749e-03	9.677272e+00
1.281000e-05	-7.426070e-03	9.538875e+00
1.282000e-05	-6.696223e-03	9.422506e+00
1.283000e-05	-7.339548e-03	9.286218e+00
1.284000e-05	-6.658380e-03	9.141447e+00
1.285000e-05	-7.889534e-03	8.982583e+00
1.286000e-05	-6.361194e-03	8.843986e+00
1.287000e-05	-6.712806e-03	8.645769e+00
1.288000e-05	-4.895763e-03	8.538374e+00
1.289000e-05	-5.540508e-03	8.381579e+00
1.290000e-05	-6.073636e-03	8.233133e+00
1.291000e-05	-6.073224e-03	8.074113e+00
1.292000e-05	-5.371564e-03	7.847214e+00
1.293000e-05	-5.453350e-03	7.680216e+00
1.294000e-05	-5.327699e-03	7.520317e+00
1.295000e-05	-5.273655e-03	7.303791e+00
1.296000e-05	-4.864309e-03	7.098847e+00
1.297000e-05	-5.444071e-03	6.938346e+00
1.298000e-05	-5.027048e-03	6.780996e+00
1.299000e-05	-5.254722e-03	6.533868e+00
1.300000e-05	-4.463471e-03	6.318396e+00
1.301000e-05	-5.127242e-03	6.170426e+00
1.302000e-05	-4.326179e-03	6.012503e+00
1.303000e-05	-5.062158e-03	5.802556e+00
1.304000e-05	-5.344160e-03	5.592581e+00
1.305000e-05	-4.921394e-03	5.381476e+00
1.306000e-05	-5.326931e-03	5.151950e+00
1.307000e-05	-4.622430e-03	4.898246e+00
1.308000e-05	-4.736653e-03	4.675795e+00
1.309000e-05	-4.757392e-03	4.487716e+00
1.310000e-05	-4.422280e-03	4.338319e+00
1.311000e-05	-5.127031e-03	4.066143e+00
1.312000e-05	-4.325447e-03	3.834714e+00
1.313000e-05	-4.331029e-03	3.685189e+00
1.314000e-05	-4.831043e-03	3.456166e+00
1.315000e-05	-4.152603e-03	3.182656e+00
1.316000e-05	-5.021179e-03	3.022633e+00
1.317000e-05	-5.031176e-03	2.823108e+00
1.318000e-05	-3.910616e-03	2.602013e+00
1.319000e-05	-4.317082e-03	2.309404e+00
1.320000e-05	-3.840465e-03	2.108845e+00
1.321000e-05	-4.404735e-03	1.960299e+00
1.322000e-05	-4.125424e-03	1.716918e+00
1.323000e-05	-4.142554e-03	1.454109e+00
1.324000e-05	-3.996602e-03	1.253610e+00
1.325000e-05	-4.514601e-03	9.209199e-01
1.326000e-05	-4.094313e-03	6.993459e-01
1.327000e-05	-4.331800e-03	5.077945e-01
1.328000e-05	-2.977222e-03	3.083196e-01
1.329000e-05	-2.862851e-03	1.615784e-02
1.330000e-05	2.448346e-03	-1.444148e-01
1.331000e-05	4.266070e-03	-3.753907e-01
1.332000e-05	-2.261390e-03	-5.319657e-01
1.333000e-05	2.196211e-03	-7.759501e-01
1.334000e-05	-3.568248e-03	-9.959424e-01
1.335000e-05	1.030371e-03	-1.185920e+00
1.336000e-05	1.312948e-03	-1.448425e+00
1.337000e-05	2.983013e-02	-1.639950e+00
1.338000e-05	8.435555e-02	-1.806992e+00
1.339000e-05	-3.878921e-02	-2.101254e+00
1.340000e-05	-3.905497e-02	-2.429599e+00
1.341000e-05	-2.889347e-02	-2.691555e+00
1.342000e-05	-6.711620e-02	-2.829476e+00
1.343000e-05	1.663226e-02	-2.943761e+00
1.344000e-05	1.457921e-01	-3.090604e+00
1.345000e-05	-1.611279e-01	-3.395885e+00
1.346000e-05	1.177429e-01	-3.556365e+00
1.347000e-05	-1.944852e-02	-3.702654e+00
1.348000e-05	-9.603148e-02	-3.995874e+00
1.349000e-05	1.453775e-01	-4.137421e+00
1.350000e-05	-9.284255e-02	-4.376946e+00
1.351000e-05	1.690932e-02	-4.578445e+00
1.352000e-05	8.456619e-02	-4.776846e+00
1.353000e-05	-1.317594e-01	-5.040000e+00
1.354000e-05	1.191574e-01	-5.260527e+00
1.355000e-05	-8.142681e-02	-5.490659e+00
1.356000e-05	1.298168e-02	-5.714286e+00
1.357000e-05	4.788577e-02	-5.901684e+00
1.358000e-05	-7.410479e-02	-6.132031e+00
1.359000e-05	9.540826e-02	-6.292706e+00
1.360000e-05	-7.078526e-02	-6.515313e+00
1.361000e-05	5.421286e-02	-6.732291e+00
1.362000e-05	-1.814423e-02	-6.862202e+00
1.363000e-05	-5.028761e-02	-7.115315e+00
1.364000e-05	7.990717e-02	-7.333704e+00
1.365000e-05	-6.462972e-02	-7.472180e+00
1.366000e-05	6.212949e-02	-7.632733e+00
1.367000e-05	-3.079313e-02	-7.831629e+00
1.368000e-05	5.155625e-03	-8.060557e+00
1.369000e-05	4.642232e-03	-8.198573e+00
1.370000e-05	-3.442699e-02	-8.333845e+00
1.371000e-05	5.035681e-02	-8.522708e+00
1.372000e-05	-1.889988e-02	-8.681056e+00
1.373000e-05	2.271232e-02	-8.830474e+00
1.374000e-05	-3.632858e-02	-8.977946e+00
1.375000e-05	1.618881e-02	-9.103789e+00
1.376000e-05	1.054247e-02	-9.251553e+00
1.377000e-05	-9.880979e-03	-9.398025e+00
1.378000e-05	7.168322e-03	-9.556341e+00
1.379000e-05	-2.845982e-03	-9.703235e+00
1.380000e-05	1.738295e-02	-9.839475e+00
1.381000e-05	-2.067703e-02	-9.937315e+00
1.382000e-05	8.210010e-03	-1.004053e+01
1.383000e-05	4.960936e-04	-1.021740e+01
1.384000e-05	5.686337e-03	-1.033579e+01
1.385000e-05	-6.919889e-03	-1.046205e+01
1.386000e-05	8.687403e-03	-1.056702e+01
1.387000e-05	1.023242e-02	-1.067161e+01
1.388000e-05	-3.112867e-03	-1.077640e+01
1.389000e-05	-2.699674e-03	-1.082316e+01
1.390000e-05	2.220778e-03	-1.091534e+01
1.391000e-05	1.006815e-02	-1.104057e+01
1.392000e-05	-1.836035e-03	-1.111527e+01
1.393000e-05	7.809795e-03	-1.123148e+01
1.394000e-05	2.699266e-03	-1.132326e+01
1.395000e-05	4.131306e-03	-1.134905e+01
1.396000e-05	-1.741952e-04	-1.144066e+01
1.397000e-05	8.008779e-03	-1.153729e+01
1.398000e-05	6.545281e-03	-1.161047e+01
1.399000e-05	5.073328e-03	-1.167323e+01
1.400000e-05	4.133677e-03	-1.170627e+01
1.401000e-05	4.086295e-03	-1.173743e+01
1.402000e-05	6.745634e-03	-1.180955e+01
1.403000e-05	5.021618e-03	-1.185471e+01
1.404000e-05	8.096975e-03	-1.189477e+01
1.405000e-05	5.204513e-03	-1.191880e+01
1.406000e-05	7.280710e-03	-1.192945e+01
1.407000e-05	9.675452e-03	-1.196048e+01
1.408000e-05	1.003495e-02	-1.200258e+01
1.409000e-05	8.000144e-03	-1.203213e+01
1.410000e-05	1.028816e-02	-1.206008e+01
1.411000e-05	1.406596e-02	-1.208258e+01
1.412000e-05	1.420008e-02	-1.210364e+01
1.413000e-05	1.319424e-02	-1.209316e+01
1.414000e-05	1.563992e-02	-1.204261e+01
1.415000e-05	1.699314e-02	-1.203208e+01
1.416000e-05	1.914867e-02	-1.207308e+01
1.417000e-05	1.958801e-02	-1.204214e+01
1.418000e-05	2.304240e-02	-1.203203e+01
1.419000e-05	2.326919e-02	-1.198002e+01
1.420000e-05	2.322264e-02	-1.190840e+01
1.421000e-05	2.449539e-02	-1.188526e+01
1.422000e-05	2.358416e-02	-1.185363e+01
1.423000e-05	2.307854e-02	-1.181003e+01
1.424000e-05	2.110038e-02	-1.176597e+01
1.425000e-05	2.008196e-02	-1.170316e+01
1.426000e-05	1.829320e-02	-1.163203e+01
1.427000e-05	1.800427e-02	-1.151829e+01
1.428000e-05	1.484547e-02	-1.147524e+01
1.429000e-05	1.189618e-02	-1.138995e+01
1.430000e-05	1.199610e-02	-1.125419e+01
1.431000e-05	1.192804e-02	-1.118155e+01
1.432000e-05	1.061607e-02	-1.108462e+01
1.433000e-05	7.810104e-03	-1.100308e+01
1.434000e-05	6.653502e-03	-1.091834e+01
1.435000e-05	5.926824e-03	-1.081363e+01
1.436000e-05	5.457900e-03	-1.073842e+01
1.437000e-05	5.431883e-03	-1.066366e+01
1.438000e-05	3.934804e-03	-1.054845e+01
1.439000e-05	3.795260e-03	-1.044324e+01
1.440000e-05	2.849132e-03	-1.033684e+01
1.441000e-05	3.315134e-03	-1.021153e+01
1.442000e-05	2.133800e-03	-1.010312e+01
1.443000e-05	1.655989e-03	-9.957901e+00
1.444000e-05	2.372551e-03	-9.862631e+00
1.445000e-05	1.783279e-03	-9.747367e+00
1.446000e-05	-1.580066e-04	-9.613529e+00
1.447000e-05	-4.296860e-05	-9.483289e+00
1.448000e-05	1.317807e-03	-9.286297e+00
1.449000e-05	8.045920e-04	-9.190449e+00
1.450000e-05	-6.430552e-04	-9.053562e+00
1.451000e-05	-8.998917e-04	-8.896366e+00
1.452000e-05	-2.563246e-04	-8.759468e+00
1.453000e-05	5.661839e-05	-8.571478e+00
1.454000e-05	-1.583494e-03	-8.382976e+00
1.455000e-05	-1.171167e-03	-8.264184e+00
1.456000e-05	-2.084709e-03	-8.096265e+00
1.457000e-05	-1.540975e-03	-7.906890e+00
1.458000e-05	-2.216402e-03	-7.739416e+00
1.459000e-05	-3.333289e-03	-7.528245e+00
1.460000e-05	-2.662407e-03	-7.339472e+00
1.461000e-05	-1.759118e-03	-7.159523e+00
1.462000e-05	-1.637040e-03	-6.949875e+00
1.463000e-05	-2.734391e-03	-6.739971e+00
1.464000e-05	-4.374748e-03	-6.602505e+00
1.465000e-05	-3.365458e-03	-6.421556e+00
1.466000e-05	-3.298658e-03	-6.204583e+00
1.467000e-05	-4.416921e-03	-6.001030e+00
1.468000e-05	-3.281489e-03	-5.821037e+00
1.469000e-05	-2.364023e-03	-5.622188e+00
1.470000e-05	-3.693552e-03	-5.425183e+00
1.471000e-05	-4.581787e-03	-5.161453e+00
1.472000e-05	-3.196494e-03	-4.940453e+00
1.473000e-05	-3.441697e-03	-4.716794e+00
1.474000e-05	-4.545346e-03	-4.517822e+00
1.475000e-05	-4.268423e-03	-4.359451e+00
1.476000e-05	-3.605092e-03	-4.149479e+00
1.477000e-05	-3.145722e-03	-3.970474e+00
1.478000e-05	-4.236003e-03	-3.718871e+00
1.479000e-05	-3.904136e-03	-3.527371e+00
1.480000e-05	-3.755974e-03	-3.324696e+00
1.481000e-05	-4.333147e-03	-3.106866e+00
1.482000e-05	-4.315614e-03	-2.864686e+00
1.483000e-05	-6.000223e-03	-2.675213e+00
1.484000e-05	-3.394998e-03	-2.440583e+00
1.485000e-05	-4.194554e-03	-2.191132e+00
1.486000e-05	-3.445657e-03	-2.011476e+00
1.487000e-05	-5.131943e-03	-1.799975e+00
1.488000e-05	-4.249938e-03	-1.509449e+00
1.489000e-05	-5.454939e-03	-1.267819e+00
1.490000e-05	-3.492536e-03	-1.043659e+00
1.491000e-05	-5.961510e-03	-8.246599e-01
1.492000e-05	-4.726390e-03	-5.915063e-01
1.493000e-05	-5.610137e-03	-3.699224e-01
1.494000e-05	-3.955538e-03	-1.394000e-01
1.495000e-05	-1.539115e-03	1.907268e-02
1.496000e-05	3.069883e-03	3.227295e-01
1.497000e-05	-3.919213e-03	5.031067e-01
1.498000e-05	1.732220e-03	7.031583e-01
1.499000e-05	-3.043793e-03	8.726541e-01
1.500000e-05	-9.399500e-04	1.092733e+00
1.501000e-05	-4.349927e-03	1.345839e+00
1.502000e-05	2.909347e-03	1.555437e+00
1.503000e-05	2.351407e-02	1.815976e+00
1.504000e-05	6.858381e-02	1.968973e+00
1.505000e-05	-1.391252e-02	2.239503e+00
1.506000e-05	-5.654245e-02	2.501728e+00
1.507000e-05	-2.593297e-02	2.755267e+00
1.508000e-05	-3.501704e-02	2.905791e+00
1.509000e-05	-5.985602e-02	3.052705e+00
1.510000e-05	1.072555e-01	3.200553e+00
1.511000e-05	7.493861e-03	3.474704e+00
1.512000e-05	-1.063668e-01	3.651526e+00
1.513000e-05	1.549509e-01	3.818971e+00
1.514000e-05	-1.008910e-01	4.090579e+00
1.515000e-05	6.498354e-03	4.280611e+00
1.516000e-05	5.426686e-02	4.513209e+00
1.517000e-05	-6.686971e-02	4.733211e+00
1.518000e-05	3.541695e-02	4.928332e+00
1.519000e-05	-6.304970e-03	5.207503e+00
1.520000e-05	-1.574790e-02	5.440029e+00
1.521000e-05	1.449135e-02	5.660523e+00
1.522000e-05	-2.835026e-02	5.889578e+00
1.523000e-05	6.674025e-03	6.061654e+00
1.524000e-05	-1.645921e-02	6.271533e+00
1.525000e-05	2.679880e-02	6.380575e+00
1.526000e-05	-1.496549e-03	6.649554e+00
1.527000e-05	-1.580937e-02	6.841582e+00
1.528000e-05	1.519992e-02	7.040631e+00
1.529000e-05	-3.920640e-02	7.169999e+00
1.530000e-05	1.455526e-02	7.437866e+00
1.531000e-05	-1.574288e-03	7.598525e+00
1.532000e-05	-2.480842e-03	7.791946e+00
1.533000e-05	6.286355e-03	8.019026e+00
1.534000e-05	-2.254049e-02	8.188950e+00
1.535000e-05	2.369416e-03	8.346291e+00
1.536000e-05	-8.617811e-03	8.473156e+00
1.537000e-05	5.341498e-03	8.638524e+00
1.538000e-05	-1.064551e-02	8.766820e+00
1.539000e-05	1.808685e-03	8.914660e+00
1.540000e-05	1.222810e-03	9.051605e+00
1.541000e-05	-1.583044e-02	9.242524e+00
1.542000e-05	3.627446e-04	9.368268e+00
1.543000e-05	-4.463434e-03	9.503708e+00
1.544000e-05	5.410392e-05	9.619975e+00
1.545000e-05	-1.199564e-02	9.776291e+00
1.546000e-05	1.127030e-03	9.905158e+00
1.547000e-05	-5.127728e-03	1.001215e+01
1.548000e-05	-1.013835e-02	1.015692e+01
1.549000e-05	-8.532064e-03	1.025256e+01
1.550000e-05	-2.287639e-03	1.036895e+01
1.551000e-05	-2.656450e-03	1.052484e+01
1.552000e-05	-1.056167e-02	1.064155e+01
1.553000e-05	-4.033587e-03	1.074782e+01
1.554000e-05	-6.187720e-03	1.084266e+01
1.555000e-05	-7.005714e-03	1.096629e+01
1.556000e-05	-1.051284e-02	1.105253e+01
1.557000e-05	-5.220097e-03	1.111634e+01
1.558000e-05	-7.358596e-03	1.117110e+01
1.559000e-05	-8.359284e-03	1.130426e+01
1.560000e-05	-6.000791e-03	1.141887e+01
1.561000e-05	-9.051691e-03	1.142263e+01
1.562000e-05	-1.007350e-02	1.152724e+01
1.563000e-05	-1.062755e-02	1.164153e+01
1.564000e-05	-5.162899e-03	1.168429e+01
1.565000e-05	-9.006526e-03	1.175739e+01
1.566000e-05	-1.008138e-02	1.178900e+01
1.567000e-05	-1.119781e-02	1.185161e+01
1.568000e-05	-1.135973e-02	1.183416e+01
1.569000e-05	-1.310560e-02	1.193676e+01
1.570000e-05	-1.392692e-02	1.195679e+01
1.571000e-05	-1.208133e-02	1.196844e+01
1.572000e-05	-1.491209e-02	1.197892e+01
1.573000e-05	-1.413161e-02	1.200245e+01
1.574000e-05	-1.506460e-02	1.201246e+01
1.575000e-05	-1.482854e-02	1.205261e+01
1.576000e-05	-1.909575e-02	1.206313e+01
1.577000e-05	-1.957313e-02	1.208218e+01
1.578000e-05	-1.980558e-02	1.207320e+01
1.579000e-05	-2.030787e-02	1.204258e+01
1.580000e-05	-2.160083e-02	1.209166e+01
1.581000e-05	-2.456927e-02	1.205359e+01
1.582000e-05	-2.629025e-02	1.201353e+01
1.583000e-05	-2.718419e-02	1.202103e+01
1.584000e-05	-2.690524e-02	1.198148e+01
1.585000e-05	-2.905133e-02	1.197045e+01
1.586000e-05	-3.020117e-02	1.190629e+01
1.587000e-05	-2.940567e-02	1.189569e+01
1.588000e-05	-2.857292e-02	1.185371e+01
1.589000e-05	-2.754023e-02	1.184058e+01
1.590000e-05	-2.647504e-02	1.175790e+01
1.591000e-05	-2.419875e-02	1.169487e+01
1.592000e-05	-2.399049e-02	1.163371e+01
1.593000e-05	-2.195983e-02	1.154993e+01
1.594000e-05	-2.088754e-02	1.147619e+01
1.595000e-05	-1.896944e-02	1.140208e+01
1.596000e-05	-1.793691e-02	1.129522e+01
1.597000e-05	-1.740636e-02	1.120203e+01
1.598000e-05	-1.380343e-02	1.110032e+01
1.599000e-05	-1.505811e-02	1.105266e+01
1.600000e-05	-1.397965e-02	1.093942e+01
1.601000e-05	-1.346776e-02	1.087419e+01
1.602000e-05	-1.209745e-02	1.082998e+01
1.603000e-05	-1.135645e-02	1.067476e+01
1.604000e-05	-1.051957e-02	1.053893e+01
1.605000e-05	-9.948196e-03	1.041161e+01
1.606000e-05	-9.232733e-03	1.032787e+01
1.607000e-05	-1.021234e-02	1.020253e+01
1.608000e-05	-9.042100e-03	1.009674e+01
1.609000e-05	-9.184376e-03	1.002158e+01
1.610000e-05	-8.314458e-03	9.813155e+00
1.611000e-05	-7.275562e-03	9.665770e+00
1.612000e-05	-6.933658e-03	9.548350e+00
1.613000e-05	-7.292277e-03	9.373035e+00
1.614000e-05	-7.234127e-03	9.317290e+00
1.615000e-05	-5.626879e-03	9.189448e+00
1.616000e-05	-6.710520e-03	9.002609e+00
1.617000e-05	-7.830939e-03	8.815112e+00
1.618000e-05	-6.811372e-03	8.687267e+00
1.619000e-05	-5.980041e-03	8.538395e+00
1.620000e-05	-5.775186e-03	8.381052e+00
1.621000e-05	-6.000012e-03	8.193208e+00
1.622000e-05	-5.483984e-03	8.075660e+00
1.623000e-05	-6.094682e-03	7.805713e+00
1.624000e-05	-5.944380e-03	7.717767e+00
1.625000e-05	-6.052909e-03	7.478770e+00
1.626000e-05	-4.768880e-03	7.289842e+00
1.627000e-05	-5.083754e-03	7.116320e+00
1.628000e-05	-6.189901e-03	6.919347e+00
1.629000e-05	-5.557999e-03	6.770429e+00
1.630000e-05	-5.784768e-03	6.510373e+00
1.631000e-05	-4.924194e-03	6.349897e+00
1.632000e-05	-5.446892e-03	6.180004e+00
1.633000e-05	-5.451614e-03	6.010479e+00
1.634000e-05	-4.972677e-03	5.784556e+00
1.635000e-05	-4.927680e-03	5.583001e+00
1.636000e-05	-4.938631e-03	5.393026e+00
1.637000e-05	-5.348856e-03	5.162554e+00
1.638000e-05	-4.722833e-03	4.879841e+00
1.639000e-05	-4.946660e-03	4.707866e+00
1.640000e-05	-4.126269e-03	4.506771e+00
1.641000e-05	-4.841857e-03	4.297869e+00
1.642000e-05	-4.631839e-03	4.084742e+00
1.643000e-05	-4.738423e-03	3.864688e+00
1.644000e-05	-4.626553e-03	3.656612e+00
1.645000e-05	-4.246492e-03	3.486715e+00
1.646000e-05	-4.341651e-03	3.204535e+00
1.647000e-05	-3.837342e-03	3.013660e+00
1.648000e-05	-4.637172e-03	2.823509e+00
1.649000e-05	-3.926569e-03	2.661981e+00
1.650000e-05	-4.211269e-03	2.389425e+00
1.651000e-05	-4.830798e-03	2.137846e+00
1.652000e-05	-4.099504e-03	1.929376e+00
1.653000e-05	-4.009925e-03	1.707873e+00
1.654000e-05	-4.321251e-03	1.465714e+00
1.655000e-05	-4.615604e-03	1.203184e+00
1.656000e-05	-3.930365e-03	9.809536e-01
1.657000e-05	-3.070054e-03	7.173459e-01
1.658000e-05	-3.700214e-03	4.678720e-01
1.659000e-05	-4.064763e-03	3.108722e-01
1.660000e-05	-2.472376e-03	8.816427e-02
1.661000e-05	2.214591e-03	-1.552345e-01
1.662000e-05	4.253682e-03	-3.248145e-01
1.663000e-05	-3.123544e-03	-5.343359e-01
1.664000e-05	3.051522e-03	-7.684963e-01
1.665000e-05	-2.422606e-03	-9.653434e-01
1.666000e-05	-2.325028e-04	-1.167418e+00
1.667000e-05	1.632993e-04	-1.387463e+00
1.668000e-05	2.804666e-02	-1.609525e+00
1.669000e-05	8.426764e-02	-1.786969e+00
1.670000e-05	-3.430429e-02	-2.110157e+00
1.671000e-05	-4.228195e-02	-2.446523e+00
1.672000e-05	-2.718434e-02	-2.673626e+00
1.673000e-05	-6.521537e-02	-2.798973e+00
1.674000e-05	8.108693e-03	-2.893862e+00
1.675000e-05	1.506271e-01	-3.062709e+00
1.676000e-05	-1.564330e-01	-3.344439e+00
1.677000e-05	1.078803e-01	-3.514791e+00
1.678000e-05	-7.732172e-03	-3.691781e+00
1.679000e-05	-1.055602e-01	-3.957392e+00
1.680000e-05	1.475342e-01	-4.156868e+00
1.681000e-05	-8.559146e-02	-4.356866e+00
1.682000e-05	6.676191e-03	-4.585951e+00
1.683000e-05	9.166824e-02	-4.786444e+00
1.684000e-05	-1.347609e-01	-5.037580e+00
1.685000e-05	1.164025e-01	-5.209577e+00
1.686000e-05	-7.468463e-02	-5.480188e+00
1.687000e-05	3.538522e-03	-5.723763e+00
1.688000e-05	5.469743e-02	-5.922183e+00
1.689000e-05	-7.736619e-02	-6.111229e+00
1.690000e-05	9.625358e-02	-6.270607e+00
1.691000e-05	-6.735651e-02	-6.534362e+00
1.692000e-05	4.872720e-02	-6.693238e+00
1.693000e-05	-1.190672e-02	-6.891179e+00
1.694000e-05	-5.840176e-02	-7.094243e+00
1.695000e-05	8.146211e-02	-7.320602e+00
1.696000e-05	-6.338970e-02	-7.460030e+00
1.697000e-05	6.041359e-02	-7.648555e+00
1.698000e-05	-2.507569e-02	-7.860101e+00
1.699000e-05	1.667933e-03	-8.071204e+00
1.700000e-05	7.382268e-03	-8.187471e+00
1.701000e-05	-3.845843e-02	-8.365894e+00
1.702000e-05	5.068901e-02	-8.501760e+00
1.703000e-05	-1.775592e-02	-8.651731e+00
1.704000e-05	2.260879e-02	-8.850652e+00
1.705000e-05	-3.352223e-02	-8.996420e+00
1.706000e-05	1.376245e-02	-9.094713e+00
1.707000e-05	1.153261e-02	-9.251579e+00
1.708000e-05	-1.275570e-02	-9.439027e+00
1.709000e-05	7.074745e-03	-9.526743e+00
1.710000e-05	-3.866642e-03	-9.672760e+00
1.711000e-05	1.877241e-02	-9.820000e+00
1.712000e-05	-1.998616e-02	-9.925741e+00
1.713000e-05	9.113409e-03	-1.004268e+01
1.714000e-05	1.873819e-03	-1.022595e+01
1.715000e-05	6.701024e-03	-1.029380e+01
1.716000e-05	-8.174522e-03	-1.040953e+01
1.717000e-05	7.432252e-03	-1.055649e+01
1.718000e-05	9.874815e-03	-1.064111e+01
1.719000e-05	-3.310632e-03	-1.075732e+01
1.720000e-05	-1.898180e-03	-1.083063e+01
1.721000e-05	1.028726e-03	-1.094624e+01
1.722000e-05	1.098537e-02	-1.101010e+01
1.723000e-05	-1.246830e-03	-1.112634e+01
1.724000e-05	8.112464e-03	-1.121208e+01
1.725000e-05	1.886535e-03	-1.133379e+01
1.726000e-05	3.067075e-03	-1.138898e+01
1.727000e-05	-6.443759e-05	-1.144161e+01
1.728000e-05	7.191353e-03	-1.155682e+01
1.729000e-05	6.062887e-03	-1.153950e+01
1.730000e-05	4.877097e-03	-1.167213e+01
1.731000e-05	5.097784e-03	-1.167620e+01
1.732000e-05	5.103956e-03	-1.177792e+01
1.733000e-05	6.307608e-03	-1.181807e+01
1.734000e-05	4.576147e-03	-1.188474e+01
1.735000e-05	8.132133e-03	-1.189576e+01
1.736000e-05	5.350620e-03	-1.194587e+01
1.737000e-05	6.551462e-03	-1.199797e+01
1.738000e-05	9.182936e-03	-1.198150e+01
1.739000e-05	9.729994e-03	-1.201006e+01
1.740000e-05	8.683173e-03	-1.203016e+01
1.741000e-05	9.238684e-03	-1.200366e+01
1.742000e-05	1.355470e-02	-1.208414e+01
1.743000e-05	1.488954e-02	-1.209319e+01
1.744000e-05	1.502246e-02	-1.209366e+01
1.745000e-05	1.538332e-02	-1.206368e+01
1.746000e-05	1.730916e-02	-1.202363e+01
1.747000e-05	1.841968e-02	-1.203263e+01
1.748000e-05	1.963944e-02	-1.208206e+01
1.749000e-05	2.148034e-02	-1.202050e+01
1.750000e-05	2.261124e-02	-1.198942e+01
1.751000e-05	2.258715e-02	-1.196879e+01
1.752000e-05	2.364311e-02	-1.187579e+01
1.753000e-05	2.435437e-02	-1.186516e+01
1.754000e-05	2.387062e-02	-1.178106e+01
1.755000e-05	2.263531e-02	-1.176695e+01
1.756000e-05	2.002507e-02	-1.170367e+01
1.757000e-05	1.858319e-02	-1.163055e+01
1.758000e-05	1.625753e-02	-1.151792e+01
1.759000e-05	1.426375e-02	-1.147563e+01
1.760000e-05	1.295173e-02	-1.136545e+01
1.761000e-05	1.143512e-02	-1.128524e+01
1.762000e-05	1.122131e-02	-1.122015e+01
1.763000e-05	1.095655e-02	-1.112534e+01
1.764000e-05	8.452118e-03	-1.103195e+01
1.765000e-05	6.990966e-03	-1.089684e+01
1.766000e-05	5.360705e-03	-1.086156e+01
1.767000e-05	5.423965e-03	-1.073940e+01
1.768000e-05	4.356569e-03	-1.066521e+01
1.769000e-05	3.994399e-03	-1.050850e+01
1.770000e-05	3.299002e-03	-1.044471e+01
1.771000e-05	3.859483e-03	-1.033677e+01
1.772000e-05	3.040242e-03	-1.018253e+01
1.773000e-05	2.619077e-03	-1.007577e+01
1.774000e-05	1.378650e-03	-9.959950e+00
1.775000e-05	1.676270e-03	-9.833209e+00
1.776000e-05	9.889375e-04	-9.736894e+00
1.777000e-05	1.175837e-03	-9.642583e+00
1.778000e-05	1.319333e-03	-9.485790e+00
1.779000e-05	9.169932e-04	-9.329325e+00
1.780000e-05	-1.810877e-03	-9.208979e+00
1.781000e-05	-3.557788e-04	-9.064684e+00
1.782000e-05	4.853223e-04	-8.897393e+00
1.783000e-05	-2.168764e-04	-8.708920e+00
1.784000e-05	-1.037943e-03	-8.579405e+00
1.785000e-05	-6.486397e-04	-8.393056e+00
1.786000e-05	9.837083e-07	-8.224734e+00
1.787000e-05	-1.706925e-03	-8.077246e+00
1.788000e-05	-1.409014e-03	-7.909946e+00
1.789000e-05	-1.831276e-03	-7.679799e+00
1.790000e-05	-1.705983e-03	-7.578346e+00
1.791000e-05	-3.336931e-03	-7.349324e+00
1.792000e-05	-2.827236e-03	-7.191005e+00
1.793000e-05	-2.817522e-03	-7.010499e+00
1.794000e-05	-2.388394e-03	-6.780473e+00
1.795000e-05	-3.660460e-03	-6.602083e+00
1.796000e-05	-2.780095e-03	-6.423105e+00
1.797000e-05	-3.249554e-03	-6.214537e+00
1.798000e-05	-3.662674e-03	-6.022674e+00
1.799000e-05	-4.177651e-03	-5.801484e+00
1.800000e-05	-4.045962e-03	-5.614709e+00
1.801000e-05	-3.729201e-03	-5.485311e+00
1.802000e-05	-3.019064e-03	-5.174002e+00
1.803000e-05	-3.995285e-03	-5.001530e+00
1.804000e-05	-3.714869e-03	-4.676821e+00
1.805000e-05	-3.941092e-03	-4.538373e+00
1.806000e-05	-2.832629e-03	-4.359025e+00
1.807000e-05	-4.160594e-03	-4.140950e+00
1.808000e-05	-4.863373e-03	-3.990029e+00
1.809000e-05	-3.063989e-03	-3.739801e+00
1.810000e-05	-3.322158e-03	-3.537897e+00
1.811000e-05	-3.208785e-03	-3.328824e+00
1.812000e-05	-5.331918e-03	-3.127896e+00
1.813000e-05	-3.937217e-03	-2.856741e+00
1.814000e-05	-5.480788e-03	-2.685137e+00
1.815000e-05	-3.191477e-03	-2.415111e+00
1.816000e-05	-4.718167e-03	-2.232562e+00
1.817000e-05	-3.423534e-03	-1.961526e+00
1.818000e-05	-5.042716e-03	-1.790575e+00
1.819000e-05	-4.093201e-03	-1.508904e+00
1.820000e-05	-4.652195e-03	-1.306365e+00
1.821000e-05	-4.264004e-03	-1.055662e+00
1.822000e-05	-5.154014e-03	-8.136067e-01
1.823000e-05	-5.321719e-03	-6.630790e-01
1.824000e-05	-5.284546e-03	-3.899499e-01
1.825000e-05	-4.206763e-03	-1.294524e-01
1.826000e-05	-1.363654e-03	4.000249e-02
1.827000e-05	4.088620e-03	2.931276e-01
1.828000e-05	-3.733472e-03	4.927304e-01
1.829000e-05	4.864415e-04	7.041317e-01
1.830000e-05	-3.091285e-03	8.426513e-01
1.831000e-05	-5.707159e-04	1.143762e+00
1.832000e-05	-4.269175e-03	1.344336e+00
1.833000e-05	1.622851e-03	1.534366e+00
1.834000e-05	2.263243e-02	1.767496e+00
1.835000e-05	6.836414e-02	1.968468e+00
1.836000e-05	-9.655709e-03	2.242524e+00
1.837000e-05	-5.864615e-02	2.502181e+00
1.838000e-05	-2.534740e-02	2.715242e+00
1.839000e-05	-3.464319e-02	2.934289e+00
1.840000e-05	-6.097061e-02	3.042653e+00
1.841000e-05	1.003439e-01	3.219575e+00
1.842000e-05	2.004672e-02	3.511113e+00
1.843000e-05	-1.144393e-01	3.641505e+00
1.844000e-05	1.541927e-01	3.849019e+00
1.845000e-05	-9.687770e-02	4.081602e+00
1.846000e-05	-4.737429e-04	4.283606e+00
1.847000e-05	5.983143e-02	4.502682e+00
1.848000e-05	-6.690942e-02	4.703716e+00
1.849000e-05	3.010017e-02	4.923729e+00
1.850000e-05	-1.697832e-03	5.238346e+00
1.851000e-05	-1.624696e-02	5.410547e+00
1.852000e-05	1.676801e-02	5.621026e+00
1.853000e-05	-2.979741e-02	5.842055e+00
1.854000e-05	5.491830e-03	6.013628e+00
1.855000e-05	-1.687951e-02	6.231629e+00
1.856000e-05	2.424770e-02	6.419499e+00
1.857000e-05	1.268281e-03	6.621007e+00
1.858000e-05	-1.736942e-02	6.852578e+00
1.859000e-05	1.803738e-02	7.020652e+00
1.860000e-05	-4.056375e-02	7.168452e+00
1.861000e-05	1.403304e-02	7.378896e+00
1.862000e-05	2.605932e-04	7.599499e+00
1.863000e-05	-4.460773e-03	7.819926e+00
1.864000e-05	6.777963e-03	7.998473e+00
1.865000e-05	-2.288353e-02	8.218496e+00
1.866000e-05	3.155764e-03	8.315216e+00
1.867000e-05	-9.111784e-03	8.462580e+00
1.868000e-05	5.396828e-03	8.580924e+00
1.869000e-05	-1.044705e-02	8.778367e+00
1.870000e-05	2.667338e-04	8.893683e+00
1.871000e-05	1.238066e-03	9.042580e+00
1.872000e-05	-1.530059e-02	9.219548e+00
1.873000e-05	8.670571e-04	9.335844e+00
1.874000e-05	-5.355942e-03	9.513660e+00
1.875000e-05	-4.049358e-04	9.602097e+00
1.876000e-05	-1.194979e-02	9.757244e+00
1.877000e-05	1.314009e-03	9.886738e+00
1.878000e-05	-4.996254e-03	1.005211e+01
1.879000e-05	-1.040421e-02	1.015797e+01
1.880000e-05	-9.587079e-03	1.027214e+01
1.881000e-05	-2.746050e-03	1.036047e+01
1.882000e-05	-2.153205e-03	1.054486e+01
1.883000e-05	-1.027592e-02	1.063111e+01
1.884000e-05	-3.812475e-03	1.078632e+01
1.885000e-05	-6.003026e-03	1.083311e+01
1.886000e-05	-7.692615e-03	1.094732e+01
1.887000e-05	-1.098604e-02	1.105118e+01
1.888000e-05	-5.172846e-03	1.115576e+01
1.889000e-05	-7.742209e-03	1.117103e+01
1.890000e-05	-9.296343e-03	1.131424e+01
1.891000e-05	-6.315500e-03	1.136745e+01
1.892000e-05	-8.237141e-03	1.146306e+01
1.893000e-05	-1.006174e-02	1.156587e+01
1.894000e-05	-1.112217e-02	1.165358e+01
1.895000e-05	-5.187757e-03	1.169474e+01
1.896000e-05	-8.715970e-03	1.172787e+01
1.897000e-05	-1.074320e-02	1.180050e+01
1.898000e-05	-1.181531e-02	1.181063e+01
1.899000e-05	-1.177332e-02	1.186466e+01
1.900000e-05	-1.169406e-02	1.190421e+01
1.901000e-05	-1.371091e-02	1.190779e+01
1.902000e-05	-1.181790e-02	1.196790e+01
1.903000e-05	-1.460623e-02	1.196043e+01
1.904000e-05	-1.487308e-02	1.199110e+01
1.905000e-05	-1.517352e-02	1.204303e+01
1.906000e-05	-1.509550e-02	1.205261e+01
1.907000e-05	-1.819618e-02	1.203466e+01
1.908000e-05	-1.924210e-02	1.206371e+01
1.909000e-05	-1.999800e-02	1.210508e+01
1.910000e-05	-2.103623e-02	1.204366e+01
1.911000e-05	-2.171402e-02	1.205366e+01
1.912000e-05	-2.428330e-02	1.204315e+01
1.913000e-05	-2.525903e-02	1.204306e+01
1.914000e-05	-2.775975e-02	1.204411e+01
1.915000e-05	-2.809726e-02	1.204395e+01
1.916000e-05	-2.877091e-02	1.191742e+01
1.917000e-05	-2.886996e-02	1.194582e+01
1.918000e-05	-2.921349e-02	1.188684e+01
1.919000e-05	-2.887144e-02	1.184266e+01
1.920000e-05	-2.822335e-02	1.181298e+01
1.921000e-05	-2.683797e-02	1.174000e+01
1.922000e-05	-2.404391e-02	1.171729e+01
1.923000e-05	-2.329259e-02	1.162356e+01
1.924000e-05	-2.185211e-02	1.155985e+01
1.925000e-05	-2.097339e-02	1.147709e+01
1.926000e-05	-1.932521e-02	1.140106e+01
1.927000e-05	-1.882687e-02	1.131537e+01
1.928000e-05	-1.701140e-02	1.119258e+01
1.929000e-05	-1.557562e-02	1.110840e+01
1.930000e-05	-1.465700e-02	1.104263e+01
1.931000e-05	-1.230865e-02	1.091890e+01
1.932000e-05	-1.316376e-02	1.087529e+01
1.933000e-05	-1.289276e-02	1.081200e+01
1.934000e-05	-1.283188e-02	1.065626e+01
1.935000e-05	-9.478195e-03	1.057100e+01
1.936000e-05	-1.071515e-02	1.046411e+01
1.937000e-05	-1.015305e-02	1.032787e+01
1.938000e-05	-1.051563e-02	1.021306e+01
1.939000e-05	-8.140084e-03	1.008582e+01
1.940000e-05	-8.868970e-03	9.979355e+00
1.941000e-05	-8.436205e-03	9.797264e+00
1.942000e-05	-7.870422e-03	9.668216e+00
1.943000e-05	-6.905640e-03	9.539952e+00
1.944000e-05	-7.575208e-03	9.422533e+00
1.945000e-05	-7.743688e-03	9.306792e+00
1.946000e-05	-6.427313e-03	9.180000e+00
1.947000e-05	-6.807722e-03	8.983605e+00
1.948000e-05	-6.647116e-03	8.855088e+00
1.949000e-05	-5.856503e-03	8.686165e+00
1.950000e-05	-6.106768e-03	8.550376e+00
1.951000e-05	-6.178441e-03	8.400502e+00
1.952000e-05	-5.498786e-03	8.263111e+00
1.953000e-05	-5.074681e-03	8.015211e+00
1.954000e-05	-6.260206e-03	7.837188e+00
1.955000e-05	-5.924956e-03	7.696763e+00
1.956000e-05	-4.368388e-03	7.528819e+00
1.957000e-05	-5.156633e-03	7.308220e+00
1.958000e-05	-5.523426e-03	7.099370e+00
1.959000e-05	-5.473688e-03	6.929847e+00
1.960000e-05	-5.389695e-03	6.771503e+00
1.961000e-05	-4.682931e-03	6.551923e+00
1.962000e-05	-5.526379e-03	6.328949e+00
1.963000e-05	-4.513857e-03	6.201474e+00
1.964000e-05	-4.182340e-03	5.992533e+00
1.965000e-05	-5.557421e-03	5.774558e+00
1.966000e-05	-6.091482e-03	5.592057e+00
1.967000e-05	-4.188365e-03	5.431531e+00
1.968000e-05	-4.447105e-03	5.191899e+00
1.969000e-05	-5.032377e-03	4.898350e+00
1.970000e-05	-5.531548e-03	4.687846e+00
1.971000e-05	-4.233391e-03	4.478789e+00
1.972000e-05	-3.852138e-03	4.318844e+00
1.973000e-05	-4.981342e-03	4.087718e+00
1.974000e-05	-4.941286e-03	3.857241e+00
1.975000e-05	-4.517014e-03	3.676264e+00
1.976000e-05	-3.916622e-03	3.478317e+00
1.977000e-05	-4.105553e-03	3.235535e+00
1.978000e-05	-4.865350e-03	3.014105e+00
1.979000e-05	-4.765856e-03	2.843158e+00
1.980000e-05	-4.341743e-03	2.575054e+00
1.981000e-05	-3.940293e-03	2.350448e+00
1.982000e-05	-4.981304e-03	2.138948e+00
1.983000e-05	-3.695114e-03	1.950401e+00
1.984000e-05	-3.721826e-03	1.707747e+00
1.985000e-05	-3.946261e-03	1.497241e+00
1.986000e-05	-3.727105e-03	1.265610e+00
1.987000e-05	-4.484126e-03	9.744302e-01
1.988000e-05	-4.490214e-03	7.209034e-01
1.989000e-05	-3.305291e-03	5.283909e-01
1.990000e-05	-3.089559e-03	3.474422e-01
1.991000e-05	-2.852207e-03	4.713822e-02
1.992000e-05	1.703319e-03	-1.458881e-01
1.993000e-05	5.004469e-03	-3.553132e-01
1.994000e-05	-2.448018e-03	-5.042632e-01
1.995000e-05	2.908099e-03	-7.763699e-01
1.996000e-05	-3.242505e-03	-9.663910e-01
1.997000e-05	9.642473e-04	-1.166440e+00
1.998000e-05	-2.427273e-05	-1.407465e+00
1.999000e-05	2.626383e-02	-1.606973e+00
2.000000e-05	8.341539e-02	-1.776489e+00
2.001000e-05	-2.857552e-02	-2.079078e+00
2.002000e-05	-4.552184e-02	-2.396051e+00
2.003000e-05	-2.604506e-02	-2.699579e+00
2.004000e-05	-6.395631e-02	-2.799599e+00
2.005000e-05	2.857256e-03	-2.934289e+00
2.006000e-05	1.553528e-01	-3.101158e+00
2.007000e-05	-1.500869e-01	-3.315812e+00
2.008000e-05	9.834224e-02	-3.555867e+00
2.009000e-05	5.215803e-03	-3.672183e+00
2.010000e-05	-1.129681e-01	-3.904895e+00
2.011000e-05	1.460356e-01	-4.135293e+00
2.012000e-05	-8.035877e-02	-4.375392e+00
2.013000e-05	-2.862310e-03	-4.606589e+00
2.014000e-05	1.022592e-01	-4.776388e+00
2.015000e-05	-1.349237e-01	-5.027974e+00
2.016000e-05	1.124161e-01	-5.240024e+00
2.017000e-05	-6.722172e-02	-5.420078e+00
2.018000e-05	-6.360119e-03	-5.693260e+00
2.019000e-05	6.058062e-02	-5.881708e+00
2.020000e-05	-7.990285e-02	-6.100629e+00
2.021000e-05	9.525078e-02	-6.262159e+00
2.022000e-05	-6.183158e-02	-6.492784e+00
2.023000e-05	4.130773e-02	-6.723790e+00
2.024000e-05	-3.347107e-03	-6.862154e+00
2.025000e-05	-6.342711e-02	-7.091792e+00
2.026000e-05	8.473316e-02	-7.302158e+00
2.027000e-05	-6.437204e-02	-7.432133e+00
2.028000e-05	5.539770e-02	-7.610504e+00
2.029000e-05	-2.081789e-02	-7.847054e+00
2.030000e-05	-2.344913e-03	-8.020557e+00
2.031000e-05	1.322271e-02	-8.147920e+00
2.032000e-05	-4.183324e-02	-8.336272e+00
2.033000e-05	4.949164e-02	-8.513134e+00
2.034000e-05	-1.803171e-02	-8.672033e+00
2.035000e-05	2.272762e-02	-8.851004e+00
2.036000e-05	-3.098284e-02	-8.947418e+00
2.037000e-05	1.040718e-02	-9.103839e+00
2.038000e-05	1.524956e-02	-9.250548e+00
2.039000e-05	-1.270178e-02	-9.387971e+00
2.040000e-05	9.697652e-03	-9.546841e+00
2.041000e-05	-5.331855e-03	-9.693661e+00
2.042000e-05	1.972368e-02	-9.828003e+00
2.043000e-05	-1.976016e-02	-9.936864e+00
2.044000e-05	6.949172e-03	-1.010178e+01
2.045000e-05	2.042866e-03	-1.016785e+01
2.046000e-05	6.412135e-03	-1.031529e+01
2.047000e-05	-6.994782e-03	-1.043253e+01
2.048000e-05	6.171373e-03	-1.058684e+01
2.049000e-05	1.153905e-02	-1.063108e+01
2.050000e-05	-3.942940e-03	-1.077732e+01
2.051000e-05	-1.914204e-03	-1.085058e+01
2.052000e-05	7.084734e-04	-1.097484e+01
2.053000e-05	1.107765e-02	-1.104303e+01
2.054000e-05	-9.428713e-04	-1.113379e+01
2.055000e-05	8.108352e-03	-1.123053e+01
2.056000e-05	2.606740e-03	-1.131424e+01
2.057000e-05	4.582028e-03	-1.132947e+01
2.058000e-05	-1.949601e-03	-1.144965e+01
2.059000e-05	7.823105e-03	-1.156589e+01
2.060000e-05	5.274851e-03	-1.158940e+01
2.061000e-05	5.101258e-03	-1.162271e+01
2.062000e-05	4.093314e-03	-1.172432e+01
2.063000e-05	5.302625e-03	-1.175753e+01
2.064000e-05	6.810676e-03	-1.181061e+01
2.065000e-05	4.396222e-03	-1.186323e+01
2.066000e-05	8.632117e-03	-1.190579e+01
2.067000e-05	5.644862e-03	-1.194677e+01
2.068000e-05	6.942976e-03	-1.199745e+01
2.069000e-05	8.596126e-03	-1.199048e+01
2.070000e-05	9.286174e-03	-1.197893e+01
2.071000e-05	8.511778e-03	-1.205210e+01
2.072000e-05	9.826236e-03	-1.204218e+01
2.073000e-05	1.304825e-02	-1.207311e+01
2.074000e-05	1.489039e-02	-1.206363e+01
2.075000e-05	1.382481e-02	-1.208369e+01
2.076000e-05	1.649456e-02	-1.208216e+01
2.077000e-05	1.665014e-02	-1.199470e+01
2.078000e-05	1.937395e-02	-1.206161e+01
2.079000e-05	1.871228e-02	-1.203198e+01
2.080000e-05	2.075480e-02	-1.199003e+01
2.081000e-05	2.270795e-02	-1.194898e+01
2.082000e-05	2.313254e-02	-1.189939e+01
2.083000e-05	2.456441e-02	-1.190676e+01
2.084000e-05	2.444014e-02	-1.179424e+01
2.085000e-05	2.381060e-02	-1.180905e+01
2.086000e-05	2.252563e-02	-1.171898e+01
2.087000e-05	1.985141e-02	-1.170369e+01
2.088000e-05	1.775352e-02	-1.164258e+01
2.089000e-05	1.558278e-02	-1.153785e+01
2.090000e-05	1.534082e-02	-1.144476e+01
2.091000e-05	1.320815e-02	-1.140995e+01
2.092000e-05	1.207972e-02	-1.128576e+01
2.093000e-05	1.210978e-02	-1.120858e+01
2.094000e-05	1.097591e-02	-1.107671e+01
2.095000e-05	7.620684e-03	-1.101156e+01
2.096000e-05	5.647391e-03	-1.090787e+01
2.097000e-05	5.693539e-03	-1.082253e+01
2.098000e-05	6.568518e-03	-1.071890e+01
2.099000e-05	4.941533e-03	-1.067464e+01
2.100000e-05	3.776518e-03	-1.058047e+01
2.101000e-05	3.580050e-03	-1.047521e+01
2.102000e-05	3.343722e-03	-1.033690e+01
2.103000e-05	3.132106e-03	-1.020206e+01
2.104000e-05	2.145664e-03	-1.008372e+01
2.105000e-05	2.780575e-03	-9.938374e+00
2.106000e-05	1.895301e-03	-9.843657e+00
2.107000e-05	1.900043e-03	-9.718422e+00
2.108000e-05	-2.721256e-04	-9.631506e+00
2.109000e-05	1.863296e-04	-9.486341e+00
2.110000e-05	2.112438e-03	-9.308874e+00
2.111000e-05	1.144888e-04	-9.159976e+00
2.112000e-05	1.512481e-04	-9.074162e+00
2.113000e-05	4.894758e-05	-8.937241e+00
2.114000e-05	9.085512e-04	-8.749399e+00
2.115000e-05	-4.428115e-04	-8.537976e+00
2.116000e-05	-1.458467e-03	-8.423558e+00
2.117000e-05	-7.768197e-04	-8.254741e+00
2.118000e-05	-6.846413e-04	-8.117821e+00
2.119000e-05	-2.402177e-03	-7.948401e+00
2.120000e-05	-2.101065e-03	-7.738522e+00
2.121000e-05	-2.585072e-03	-7.547349e+00
2.122000e-05	-1.660379e-03	-7.318899e+00
2.123000e-05	-2.386778e-03	-7.130022e+00
2.124000e-05	-2.537089e-03	-6.949531e+00
2.125000e-05	-2.800920e-03	-6.770580e+00
2.126000e-05	-3.283560e-03	-6.591504e+00
2.127000e-05	-2.388348e-03	-6.433632e+00
2.128000e-05	-2.873175e-03	-6.233631e+00
2.129000e-05	-3.246922e-03	-6.023558e+00
2.130000e-05	-3.974989e-03	-5.832507e+00
2.131000e-05	-3.282624e-03	-5.650584e+00
2.132000e-05	-3.895513e-03	-5.494236e+00
2.133000e-05	-3.848939e-03	-5.191507e+00
2.134000e-05	-3.666212e-03	-5.001032e+00
2.135000e-05	-2.411870e-03	-4.679276e+00
2.136000e-05	-4.530612e-03	-4.548347e+00
2.137000e-05	-3.547684e-03	-4.380524e+00
2.138000e-05	-4.862145e-03	-4.171427e+00
2.139000e-05	-3.848421e-03	-4.009103e+00
2.140000e-05	-4.510540e-03	-3.719397e+00
2.141000e-05	-3.558594e-03	-3.528445e+00
2.142000e-05	-3.921160e-03	-3.347899e+00
2.143000e-05	-3.738682e-03	-3.156895e+00
2.144000e-05	-4.430026e-03	-2.885167e+00
2.145000e-05	-5.527584e-03	-2.686189e+00
2.146000e-05	-4.878391e-03	-2.443157e+00
2.147000e-05	-5.716804e-03	-2.195132e+00
2.148000e-05	-2.698246e-03	-1.981531e+00
2.149000e-05	-5.134894e-03	-1.811528e+00
2.150000e-05	-4.270267e-03	-1.600921e+00
2.151000e-05	-5.342158e-03	-1.347341e+00
2.152000e-05	-3.040396e-03	-1.083262e+00
2.153000e-05	-5.594434e-03	-8.537105e-01
2.154000e-05	-5.060345e-03	-5.937342e-01
2.155000e-05	-4.944758e-03	-3.909763e-01
2.156000e-05	-4.614550e-03	-1.814537e-01
2.157000e-05	-2.787653e-03	3.905144e-02
2.158000e-05	3.508466e-03	2.921253e-01
2.159000e-05	-2.902784e-03	4.737540e-01
2.160000e-05	1.160416e-03	6.826078e-01
2.161000e-05	-2.206477e-03	8.731027e-01
2.162000e-05	-1.898516e-03	1.113659e+00
2.163000e-05	-3.272453e-03	1.335311e+00
2.164000e-05	3.073777e-03	1.554341e+00
2.165000e-05	2.153161e-02	1.770472e+00
2.166000e-05	6.561016e-02	1.987497e+00
2.167000e-05	-5.657827e-03	2.208044e+00
2.168000e-05	-5.924365e-02	2.460157e+00
2.169000e-05	-2.386305e-02	2.734308e+00
2.170000e-05	-3.385959e-02	2.944237e+00
2.171000e-05	-6.129414e-02	3.082664e+00
2.172000e-05	9.318792e-02	3.238975e+00
2.173000e-05	3.100616e-02	3.479130e+00
2.174000e-05	-1.225267e-01	3.640599e+00
2.175000e-05	1.540716e-01	3.778471e+00
2.176000e-05	-9.067572e-02	4.081629e+00
2.177000e-05	-6.481362e-03	4.281588e+00
2.178000e-05	6.328733e-02	4.462104e+00
2.179000e-05	-6.720736e-02	4.684661e+00
2.180000e-05	2.611937e-02	4.902189e+00
2.181000e-05	2.503851e-03	5.165970e+00
2.182000e-05	-1.758589e-02	5.448474e+00
2.183000e-05	1.667572e-02	5.610058e+00
2.184000e-05	-2.991400e-02	5.852079e+00
2.185000e-05	5.070609e-03	6.002104e+00
2.186000e-05	-1.392349e-02	6.229507e+00
2.187000e-05	2.259421e-02	6.429475e+00
2.188000e-05	3.951288e-03	6.622024e+00
2.189000e-05	-1.956722e-02	6.861629e+00
2.190000e-05	1.954059e-02	7.032004e+00
2.191000e-05	-4.022012e-02	7.168969e+00
2.192000e-05	1.261875e-02	7.356368e+00
2.193000e-05	1.824625e-03	7.598999e+00
2.194000e-05	-4.160917e-03	7.779394e+00
2.195000e-05	7.565080e-03	7.997416e+00
2.196000e-05	-2.367785e-02	8.166393e+00
2.197000e-05	3.575764e-03	8.316290e+00
2.198000e-05	-8.292626e-03	8.453036e+00
2.199000e-05	4.191628e-03	8.609077e+00
2.200000e-05	-1.073407e-02	8.736766e+00
2.201000e-05	2.285012e-04	8.913234e+00
2.202000e-05	3.415300e-03	9.052632e+00
2.203000e-05	-1.543260e-02	9.201051e+00
2.204000e-05	-9.486032e-04	9.315970e+00
2.205000e-05	-5.728115e-03	9.514135e+00
2.206000e-05	5.382105e-04	9.588498e+00
2.207000e-05	-1.176049e-02	9.786319e+00
2.208000e-05	8.556347e-04	9.894837e+00
2.209000e-05	-3.594373e-03	1.003156e+01
2.210000e-05	-9.388719e-03	1.015734e+01
2.211000e-05	-8.920712e-03	1.026268e+01
2.212000e-05	-3.509736e-03	1.037903e+01
2.213000e-05	-2.290247e-03	1.051273e+01
2.214000e-05	-9.742347e-03	1.061995e+01
2.215000e-05	-4.105395e-03	1.073484e+01
2.216000e-05	-5.789093e-03	1.085258e+01
2.217000e-05	-6.827817e-03	1.095534e+01
2.218000e-05	-1.114738e-02	1.101003e+01
2.219000e-05	-5.548845e-03	1.110521e+01
2.220000e-05	-7.998372e-03	1.120108e+01
2.221000e-05	-9.084794e-03	1.129411e+01
2.222000e-05	-7.014230e-03	1.136800e+01
2.223000e-05	-8.427226e-03	1.144111e+01
2.224000e-05	-1.010361e-02	1.155891e+01
2.225000e-05	-1.017031e-02	1.158000e+01
2.226000e-05	-5.702630e-03	1.165521e+01
2.227000e-05	-9.105379e-03	1.177740e+01
2.228000e-05	-1.028370e-02	1.178897e+01
2.229000e-05	-1.263358e-02	1.181108e+01
2.230000e-05	-1.163472e-02	1.187466e+01
2.231000e-05	-1.189379e-02	1.187519e+01
2.232000e-05	-1.275351e-02	1.196637e+01
2.233000e-05	-1.160759e-02	1.196887e+01
2.234000e-05	-1.453271e-02	1.199093e+01
2.235000e-05	-1.421317e-02	1.201148e+01
2.236000e-05	-1.508588e-02	1.204158e+01
2.237000e-05	-1.514286e-02	1.206301e+01
2.238000e-05	-1.803157e-02	1.206361e+01
2.239000e-05	-1.824641e-02	1.204458e+01
2.240000e-05	-1.881357e-02	1.207368e+01
2.241000e-05	-2.103033e-02	1.203311e+01
2.242000e-05	-2.233979e-02	1.208364e+01
2.243000e-05	-2.387480e-02	1.206363e+01
2.244000e-05	-2.599120e-02	1.206151e+01
2.245000e-05	-2.785921e-02	1.200253e+01
2.246000e-05	-2.758280e-02	1.200151e+01
2.247000e-05	-2.804412e-02	1.196983e+01
2.248000e-05	-2.917996e-02	1.192837e+01
2.249000e-05	-2.968179e-02	1.191627e+01
2.250000e-05	-2.904840e-02	1.186316e+01
2.251000e-05	-2.763656e-02	1.181218e+01
2.252000e-05	-2.639124e-02	1.174990e+01
2.253000e-05	-2.442773e-02	1.167777e+01
2.254000e-05	-2.342657e-02	1.165419e+01
2.255000e-05	-2.170137e-02	1.155045e+01
2.256000e-05	-2.017762e-02	1.144576e+01
2.257000e-05	-1.880531e-02	1.139153e+01
2.258000e-05	-1.853363e-02	1.136728e+01
2.259000e-05	-1.802282e-02	1.124155e+01
2.260000e-05	-1.406566e-02	1.111987e+01
2.261000e-05	-1.573579e-02	1.109313e+01
2.262000e-05	-1.390001e-02	1.096942e+01
2.263000e-05	-1.260746e-02	1.086524e+01
2.264000e-05	-1.130025e-02	1.079148e+01
2.265000e-05	-1.272711e-02	1.065671e+01
2.266000e-05	-1.095644e-02	1.058848e+01
2.267000e-05	-1.062571e-02	1.043361e+01
2.268000e-05	-9.256894e-03	1.029787e+01
2.269000e-05	-9.495597e-03	1.021303e+01
2.270000e-05	-1.019852e-02	1.008679e+01
2.271000e-05	-8.222446e-03	1.000996e+01
2.272000e-05	-8.541002e-03	9.865738e+00
2.273000e-05	-8.090264e-03	9.737765e+00
2.274000e-05	-7.628755e-03	9.530899e+00
2.275000e-05	-7.279089e-03	9.433603e+00
2.276000e-05	-6.968174e-03	9.296720e+00
2.277000e-05	-6.001853e-03	9.182528e+00
2.278000e-05	-5.871437e-03	9.023558e+00
2.279000e-05	-6.762628e-03	8.843637e+00
2.280000e-05	-6.835242e-03	8.677767e+00
2.281000e-05	-6.175028e-03	8.549923e+00
2.282000e-05	-6.084501e-03	8.413083e+00
2.283000e-05	-6.041538e-03	8.295663e+00
2.284000e-05	-4.993983e-03	8.035712e+00
2.285000e-05	-6.051507e-03	7.893738e+00
2.286000e-05	-5.384658e-03	7.708373e+00
2.287000e-05	-4.688421e-03	7.529895e+00
2.288000e-05	-5.268355e-03	7.290846e+00
2.289000e-05	-5.072656e-03	7.109914e+00
2.290000e-05	-5.377183e-03	6.920427e+00
2.291000e-05	-5.319260e-03	6.762473e+00
2.292000e-05	-5.576419e-03	6.548951e+00
2.293000e-05	-5.358102e-03	6.380949e+00
2.294000e-05	-4.727856e-03	6.160930e+00
2.295000e-05	-5.262908e-03	6.023082e+00
2.296000e-05	-4.870195e-03	5.794629e+00
2.297000e-05	-4.651716e-03	5.592529e+00
2.298000e-05	-4.518144e-03	5.413532e+00
2.299000e-05	-4.931543e-03	5.202026e+00
2.300000e-05	-4.852944e-03	4.908365e+00
2.301000e-05	-5.081345e-03	4.717795e+00
2.302000e-05	-4.501363e-03	4.507742e+00
2.303000e-05	-4.558455e-03	4.339918e+00
2.304000e-05	-4.646607e-03	4.078214e+00
2.305000e-05	-3.826116e-03	3.865766e+00
2.306000e-05	-4.260880e-03	3.688238e+00
2.307000e-05	-4.322418e-03	3.508366e+00
2.308000e-05	-4.147252e-03	3.234210e+00
2.309000e-05	-4.605775e-03	3.034089e+00
2.310000e-05	-4.807603e-03	2.845110e+00
2.311000e-05	-3.614832e-03	2.637259e+00
2.312000e-05	-4.617502e-03	2.359549e+00
2.313000e-05	-3.570540e-03	2.140422e+00
2.314000e-05	-3.854816e-03	1.959870e+00
2.315000e-05	-4.219546e-03	1.718921e+00
2.316000e-05	-4.371564e-03	1.476243e+00
2.317000e-05	-4.511326e-03	1.235163e+00
2.318000e-05	-3.978814e-03	9.814551e-01
2.319000e-05	-3.709159e-03	7.518972e-01
2.320000e-05	-3.569211e-03	5.088932e-01
2.321000e-05	-3.152437e-03	3.293673e-01
2.322000e-05	-3.159930e-03	1.057930e-01
2.323000e-05	1.090054e-03	-1.338144e-01
2.324000e-05	5.158373e-03	-3.233644e-01
2.325000e-05	-3.386259e-03	-5.121870e-01
2.326000e-05	2.886363e-03	-7.959199e-01
2.327000e-05	-2.463174e-03	-9.268672e-01
2.328000e-05	1.608210e-03	-1.166316e+00
2.329000e-05	-8.170137e-04	-1.388516e+00
2.330000e-05	2.599400e-02	-1.639000e+00
2.331000e-05	8.261292e-02	-1.776923e+00
2.332000e-05	-2.327363e-02	-2.078628e+00
2.333000e-05	-4.851507e-02	-2.397423e+00
2.334000e-05	-2.390607e-02	-2.639623e+00
2.335000e-05	-6.438430e-02	-2.819974e+00
2.336000e-05	-4.353085e-03	-2.913182e+00
2.337000e-05	1.588868e-01	-3.068030e+00
2.338000e-05	-1.402680e-01	-3.333862e+00
2.339000e-05	8.705833e-02	-3.526342e+00
2.340000e-05	1.653192e-02	-3.691654e+00
2.341000e-05	-1.219996e-01	-3.994318e+00
2.342000e-05	1.438534e-01	-4.155839e+00
2.343000e-05	-7.216831e-02	-4.344317e+00
2.344000e-05	-1.132905e-02	-4.556441e+00
2.345000e-05	1.083975e-01	-4.744891e+00
2.346000e-05	-1.363375e-01	-5.029597e+00
2.347000e-05	1.069656e-01	-5.229028e+00
2.348000e-05	-5.779944e-02	-5.449232e+00
2.349000e-05	-1.527503e-02	-5.712759e+00
2.350000e-05	6.739809e-02	-5.871133e+00
2.351000e-05	-8.318235e-02	-6.082206e+00
2.352000e-05	9.289177e-02	-6.262188e+00
2.353000e-05	-5.792528e-02	-6.513734e+00
2.354000e-05	3.553707e-02	-6.703238e+00
2.355000e-05	5.721341e-03	-6.873655e+00
2.356000e-05	-6.967711e-02	-7.143655e+00
2.357000e-05	8.578094e-02	-7.233633e+00
2.358000e-05	-6.172470e-02	-7.421103e+00
2.359000e-05	5.242991e-02	-7.620628e+00
2.360000e-05	-1.575499e-02	-7.870156e+00
2.361000e-05	-7.154894e-03	-8.051578e+00
2.362000e-05	1.694996e-02	-8.227970e+00
2.363000e-05	-4.388980e-02	-8.334341e+00
2.364000e-05	5.099506e-02	-8.453231e+00
2.365000e-05	-1.677512e-02	-8.640655e+00
2.366000e-05	2.048793e-02	-8.850025e+00
2.367000e-05	-2.869741e-02	-8.967471e+00
2.368000e-05	7.388935e-03	-9.063212e+00
2.369000e-05	1.791181e-02	-9.209575e+00
2.370000e-05	-1.527158e-02	-9.407524e+00
2.371000e-05	9.328002e-03	-9.493216e+00
2.372000e-05	-4.089049e-03	-9.682681e+00
2.373000e-05	2.084476e-02	-9.807923e+00
2.374000e-05	-1.973464e-02	-9.923337e+00
2.375000e-05	6.107995e-03	-1.004165e+01
2.376000e-05	2.665509e-03	-1.020735e+01
2.377000e-05	6.165818e-03	-1.028276e+01
2.378000e-05	-7.038612e-03	-1.044855e+01
2.379000e-05	5.105601e-03	-1.055632e+01
2.380000e-05	1.305446e-02	-1.063063e+01
2.381000e-05	-2.362219e-03	-1.072582e+01
2.382000e-05	-1.010765e-03	-1.083255e+01
2.383000e-05	-2.938555e-04	-1.096434e+01
2.384000e-05	1.181235e-02	-1.098060e+01
2.385000e-05	-1.594647e-03	-1.110577e+01
2.386000e-05	6.740635e-03	-1.127103e+01
2.387000e-05	1.986914e-03	-1.130326e+01
2.388000e-05	3.829350e-03	-1.135890e+01
2.389000e-05	1.891906e-03	-1.143061e+01
2.390000e-05	6.771265e-03	-1.153684e+01
2.391000e-05	6.319725e-03	-1.157905e+01
2.392000e-05	3.996013e-03	-1.167210e+01
2.393000e-05	5.193329e-03	-1.168329e+01
2.394000e-05	4.919581e-03	-1.180743e+01
2.395000e-05	5.422490e-03	-1.183863e+01
2.396000e-05	3.879795e-03	-1.184323e+01
2.397000e-05	8.615026e-03	-1.189624e+01
2.398000e-05	6.155638e-03	-1.190592e+01
2.399000e-05	6.242682e-03	-1.197002e+01
2.400000e-05	9.184103e-03	-1.197948e+01
2.401000e-05	1.047088e-02	-1.200048e+01
2.402000e-05	8.968629e-03	-1.202266e+01
2.403000e-05	8.618558e-03	-1.207106e+01
2.404000e-05	1.333225e-02	-1.207273e+01
2.405000e-05	1.346507e-02	-1.208326e+01
2.406000e-05	1.315493e-02	-1.206364e+01
2.407000e-05	1.517881e-02	-1.204213e+01
2.408000e-05	1.702377e-02	-1.208319e+01
2.409000e-05	2.016885e-02	-1.206260e+01
2.410000e-05	2.170003e-02	-1.202269e+01
2.411000e-05	2.187402e-02	-1.202951e+01
2.412000e-05	2.148376e-02	-1.199105e+01
2.413000e-05	2.083736e-02	-1.190492e+01
2.414000e-05	2.343029e-02	-1.185569e+01
2.415000e-05	2.450059e-02	-1.182318e+01
2.416000e-05	2.286705e-02	-1.178306e+01
2.417000e-05	2.128602e-02	-1.176605e+01
2.418000e-05	2.150182e-02	-1.168577e+01
2.419000e-05	2.095796e-02	-1.156105e+01
2.420000e-05	1.887849e-02	-1.152842e+01
2.421000e-05	1.447824e-02	-1.148422e+01
2.422000e-05	1.148465e-02	-1.138992e+01
2.423000e-05	9.414838e-03	-1.124379e+01
2.424000e-05	9.504501e-03	-1.119906e+01
2.425000e-05	9.105131e-03	-1.108672e+01
2.426000e-05	9.539882e-03	-1.098153e+01
2.427000e-05	8.853145e-03	-1.093774e+01
2.428000e-05	6.899741e-03	-1.083366e+01
2.429000e-05	5.165673e-03	-1.075990e+01
2.430000e-05	5.331057e-03	-1.065381e+01
2.431000e-05	5.640587e-03	-1.053045e+01
2.432000e-05	3.084558e-03	-1.045469e+01
2.433000e-05	1.102009e-03	-1.036895e+01
2.434000e-05	1.237607e-03	-1.019168e+01
2.435000e-05	2.361062e-03	-1.011521e+01
2.436000e-05	2.780325e-03	-9.959449e+00
2.437000e-05	3.340990e-03	-9.844690e+00
2.438000e-05	3.364004e-03	-9.749421e+00
2.439000e-05	1.143267e-03	-9.591960e+00
2.440000e-05	6.654045e-04	-9.494189e+00
2.441000e-05	-1.038430e-04	-9.307850e+00
2.442000e-05	-1.903832e-04	-9.191531e+00
2.443000e-05	-5.910842e-04	-9.004186e+00
2.444000e-05	-1.129954e-03	-8.945370e+00
2.445000e-05	-6.358709e-04	-8.729400e+00
2.446000e-05	-6.556041e-04	-8.580056e+00
2.447000e-05	-2.323601e-04	-8.422509e+00
2.448000e-05	1.613091e-03	-8.304764e+00
2.449000e-05	-1.197817e-03	-8.116293e+00
2.450000e-05	-2.650010e-03	-7.960497e+00
2.451000e-05	-2.776717e-03	-7.727999e+00
2.452000e-05	-2.562310e-03	-7.579421e+00
2.453000e-05	-2.565281e-03	-7.358500e+00
2.454000e-05	-2.660546e-03	-7.141054e+00
2.455000e-05	-2.837517e-03	-6.980505e+00
2.456000e-05	-2.426671e-03	-6.809551e+00
2.457000e-05	-2.769308e-03	-6.622031e+00
2.458000e-05	-3.184446e-03	-6.443634e+00
2.459000e-05	-3.414276e-03	-6.234162e+00
2.460000e-05	-3.866147e-03	-6.014110e+00
2.461000e-05	-4.099824e-03	-5.811187e+00
2.462000e-05	-4.369662e-03	-5.664037e+00
2.463000e-05	-3.874680e-03	-5.465787e+00
2.464000e-05	-3.608915e-03	-5.201609e+00
2.465000e-05	-3.033558e-03	-4.962076e+00
2.466000e-05	-3.949329e-03	-4.708879e+00
2.467000e-05	-4.107519e-03	-4.528398e+00
2.468000e-05	-2.123860e-03	-4.329425e+00
2.469000e-05	-3.935236e-03	-4.200973e+00
2.470000e-05	-3.552291e-03	-3.941076e+00
2.471000e-05	-5.026052e-03	-3.761374e+00
2.472000e-05	-2.936725e-03	-3.558422e+00
2.473000e-05	-3.978708e-03	-3.329396e+00
2.474000e-05	-4.913427e-03	-3.149371e+00
2.475000e-05	-4.336081e-03	-2.876194e+00
2.476000e-05	-4.663966e-03	-2.695263e+00
2.477000e-05	-2.801074e-03	-2.455217e+00
2.478000e-05	-5.093225e-03	-2.244612e+00
2.479000e-05	-3.981997e-03	-2.002576e+00
2.480000e-05	-4.647332e-03	-1.792578e+00
2.481000e-05	-3.989122e-03	-1.622128e+00
2.482000e-05	-5.263334e-03	-1.358316e+00
2.483000e-05	-5.246025e-03	-1.054239e+00
2.484000e-05	-5.474752e-03	-8.846180e-01
2.485000e-05	-3.757675e-03	-6.046092e-01
2.486000e-05	-6.193958e-03	-3.900013e-01
2.487000e-05	-4.720248e-03	-2.215565e-01
2.488000e-05	-2.256665e-03	4.102782e-02
2.489000e-05	5.114494e-03	2.900776e-01
2.490000e-05	-2.788793e-03	4.811565e-01
2.491000e-05	-1.901369e-04	6.615815e-01
2.492000e-05	-2.602771e-03	9.110538e-01
2.493000e-05	-1.716031e-03	1.100782e+00
2.494000e-05	-4.264387e-03	1.336309e+00
2.495000e-05	1.853217e-03	1.545782e+00
2.496000e-05	2.072396e-02	1.787446e+00
2.497000e-05	6.674380e-02	1.985419e+00
2.498000e-05	-6.092526e-04	2.209551e+00
2.499000e-05	-6.105630e-02	2.460151e+00
2.500000e-05	-2.425114e-02	2.704312e+00
2.501000e-05	-3.395952e-02	2.915312e+00
2.502000e-05	-6.139251e-02	3.083132e+00
2.503000e-05	8.502689e-02	3.218949e+00
2.504000e-05	4.103647e-02	3.470678e+00
2.505000e-05	-1.293126e-01	3.630051e+00
2.506000e-05	1.545851e-01	3.829972e+00
2.507000e-05	-8.371597e-02	4.049604e+00
2.508000e-05	-1.503956e-02	4.270130e+00
2.509000e-05	6.462203e-02	4.472630e+00
2.510000e-05	-6.500766e-02	4.674234e+00
2.511000e-05	2.598273e-02	4.951285e+00
2.512000e-05	6.446357e-03	5.208420e+00
2.513000e-05	-2.139887e-02	5.449047e+00
2.514000e-05	1.720282e-02	5.570497e+00
2.515000e-05	-2.842253e-02	5.840183e+00
2.516000e-05	3.879815e-03	6.069104e+00
2.517000e-05	-1.341520e-02	6.228528e+00
2.518000e-05	2.093362e-02	6.400978e+00
2.519000e-05	6.907492e-03	6.599055e+00
2.520000e-05	-2.252046e-02	6.841508e+00
2.521000e-05	2.003805e-02	7.041475e+00
2.522000e-05	-3.935696e-02	7.189952e+00
2.523000e-05	1.187877e-02	7.365315e+00
2.524000e-05	2.180935e-03	7.598425e+00
2.525000e-05	-7.732146e-03	7.827897e+00
2.526000e-05	8.898043e-03	7.987973e+00
2.527000e-05	-2.198788e-02	8.147941e+00
2.528000e-05	4.483667e-03	8.355286e+00
2.529000e-05	-1.094764e-02	8.441131e+00
2.530000e-05	6.153155e-03	8.578022e+00
2.531000e-05	-1.154627e-02	8.715339e+00
2.532000e-05	1.373119e-03	8.882684e+00
2.533000e-05	2.750921e-03	9.031080e+00
2.534000e-05	-1.506487e-02	9.229530e+00
2.535000e-05	-1.315881e-03	9.346816e+00
2.536000e-05	-6.035121e-03	9.493231e+00
2.537000e-05	6.664251e-04	9.569548e+00
2.538000e-05	-1.092474e-02	9.746841e+00
2.539000e-05	3.951919e-04	9.924133e+00
2.540000e-05	-3.041781e-03	1.005103e+01
2.541000e-05	-1.183739e-02	1.016792e+01
2.542000e-05	-1.012594e-02	1.026265e+01
2.543000e-05	-2.856682e-03	1.038885e+01
2.544000e-05	-8.639727e-04	1.049376e+01
2.545000e-05	-9.975935e-03	1.061102e+01
2.546000e-05	-4.898401e-03	1.068631e+01
2.547000e-05	-4.908173e-03	1.083358e+01
2.548000e-05	-7.709752e-03	1.093639e+01
2.549000e-05	-1.097347e-02	1.101053e+01
2.550000e-05	-5.955034e-03	1.108626e+01
2.551000e-05	-7.566857e-03	1.121045e+01
2.552000e-05	-8.255603e-03	1.131373e+01
2.553000e-05	-6.773301e-03	1.137845e+01
2.554000e-05	-6.942988e-03	1.146273e+01
2.555000e-05	-9.679726e-03	1.150537e+01
2.556000e-05	-1.065960e-02	1.160960e+01
2.557000e-05	-6.857133e-03	1.166574e+01
2.558000e-05	-9.498668e-03	1.170839e+01
2.559000e-05	-9.504725e-03	1.181097e+01
2.560000e-05	-1.175624e-02	1.180156e+01
2.561000e-05	-1.128287e-02	1.185331e+01
2.562000e-05	-1.223537e-02	1.187519e+01
2.563000e-05	-1.265410e-02	1.192627e+01
2.564000e-05	-1.251965e-02	1.198992e+01
2.565000e-05	-1.418659e-02	1.198990e+01
2.566000e-05	-1.456875e-02	1.204250e+01
2.567000e-05	-1.446105e-02	1.204203e+01
2.568000e-05	-1.506267e-02	1.201410e+01
2.569000e-05	-1.880887e-02	1.205256e+01
2.570000e-05	-1.865763e-02	1.204419e+01
2.571000e-05	-1.985540e-02	1.208511e+01
2.572000e-05	-2.051276e-02	1.206359e+01
2.573000e-05	-2.198154e-02	1.203466e+01
2.574000e-05	-2.436977e-02	1.206416e+01
2.575000e-05	-2.495856e-02	1.205213e+01
2.576000e-05	-2.687044e-02	1.199258e+01
2.577000e-05	-2.798301e-02	1.201247e+01
2.578000e-05	-2.894756e-02	1.201089e+01
2.579000e-05	-2.913889e-02	1.192887e+01
2.580000e-05	-2.949224e-02	1.190724e+01
2.581000e-05	-2.872745e-02	1.186416e+01
2.582000e-05	-2.844564e-02	1.183251e+01
2.583000e-05	-2.696345e-02	1.174945e+01
2.584000e-05	-2.475350e-02	1.167689e+01
2.585000e-05	-2.378675e-02	1.164319e+01
2.586000e-05	-2.162067e-02	1.156000e+01
2.587000e-05	-2.137166e-02	1.146571e+01
2.588000e-05	-1.971531e-02	1.138206e+01
2.589000e-05	-1.973190e-02	1.132727e+01
2.590000e-05	-1.805618e-02	1.120150e+01
2.591000e-05	-1.593065e-02	1.109785e+01
2.592000e-05	-1.384978e-02	1.104366e+01
2.593000e-05	-1.368951e-02	1.097097e+01
2.594000e-05	-1.279563e-02	1.087479e+01
2.595000e-05	-1.309571e-02	1.079250e+01
2.596000e-05	-1.329065e-02	1.066774e+01
2.597000e-05	-1.041502e-02	1.053942e+01
2.598000e-05	-1.045665e-02	1.043411e+01
2.599000e-05	-9.651767e-03	1.037879e+01
2.600000e-05	-9.922146e-03	1.020311e+01
2.601000e-05	-9.426630e-03	1.008682e+01
2.602000e-05	-8.662266e-03	1.003095e+01
2.603000e-05	-8.375016e-03	9.866712e+00
2.604000e-05	-7.716162e-03	9.646916e+00
2.605000e-05	-7.454643e-03	9.559402e+00
2.606000e-05	-7.210173e-03	9.414161e+00
2.607000e-05	-7.548353e-03	9.295843e+00
2.608000e-05	-6.552692e-03	9.181955e+00
2.609000e-05	-7.206331e-03	8.983184e+00
2.610000e-05	-6.562231e-03	8.836262e+00
2.611000e-05	-6.140538e-03	8.715317e+00
2.612000e-05	-6.414535e-03	8.569395e+00
2.613000e-05	-6.680213e-03	8.402082e+00
2.614000e-05	-6.435288e-03	8.243715e+00
2.615000e-05	-5.753685e-03	8.053263e+00
2.616000e-05	-5.415787e-03	7.886263e+00
2.617000e-05	-5.279187e-03	7.730344e+00
2.618000e-05	-5.535773e-03	7.529368e+00
2.619000e-05	-5.148104e-03	7.327296e+00
2.620000e-05	-6.092934e-03	7.137446e+00
2.621000e-05	-6.172761e-03	6.929924e+00
2.622000e-05	-4.985732e-03	6.791526e+00
2.623000e-05	-5.185882e-03	6.612501e+00
2.624000e-05	-5.582657e-03	6.361923e+00
2.625000e-05	-5.498174e-03	6.191579e+00
2.626000e-05	-4.469843e-03	6.012583e+00
2.627000e-05	-4.931571e-03	5.823535e+00
2.628000e-05	-5.156394e-03	5.574604e+00
2.629000e-05	-5.961945e-03	5.402532e+00
2.630000e-05	-4.069915e-03	5.212056e+00
2.631000e-05	-4.438795e-03	4.900950e+00
2.632000e-05	-4.852554e-03	4.710293e+00
2.633000e-05	-5.038930e-03	4.508443e+00
2.634000e-05	-4.257805e-03	4.330449e+00
2.635000e-05	-3.937295e-03	4.078392e+00
2.636000e-05	-5.633004e-03	3.907318e+00
2.637000e-05	-4.546805e-03	3.676795e+00
2.638000e-05	-4.099655e-03	3.500264e+00
2.639000e-05	-4.019065e-03	3.234162e+00
2.640000e-05	-4.328855e-03	3.053109e+00
2.641000e-05	-4.148591e-03	2.864183e+00
2.642000e-05	-4.146305e-03	2.624682e+00
2.643000e-05	-4.023326e-03	2.382526e+00
2.644000e-05	-4.209500e-03	2.129897e+00
2.645000e-05	-4.479552e-03	1.959951e+00
2.646000e-05	-4.409406e-03	1.737901e+00
2.647000e-05	-3.600288e-03	1.456241e+00
2.648000e-05	-4.421424e-03	1.286734e+00
2.649000e-05	-4.199002e-03	9.845340e-01
2.650000e-05	-3.890003e-03	7.503061e-01
2.651000e-05	-4.202626e-03	5.289460e-01
2.652000e-05	-3.896226e-03	3.083722e-01
2.653000e-05	-2.599843e-03	5.774066e-02
2.654000e-05	1.890029e-03	-1.648607e-01
2.655000e-05	4.831106e-03	-3.142396e-01
2.656000e-05	-3.151748e-03	-5.332357e-01
2.657000e-05	1.967372e-03	-7.537611e-01
2.658000e-05	-3.238542e-03	-9.543646e-01
2.659000e-05	1.284030e-03	-1.145287e+00
2.660000e-05	-7.707287e-04	-1.405415e+00
2.661000e-05	2.331417e-02	-1.596972e+00
2.662000e-05	8.249194e-02	-1.786468e+00
2.663000e-05	-1.864933e-02	-2.059000e+00
2.664000e-05	-5.139882e-02	-2.396918e+00
2.665000e-05	-2.187498e-02	-2.639027e+00
2.666000e-05	-6.447779e-02	-2.758473e+00
2.667000e-05	-1.106336e-02	-2.903308e+00
2.668000e-05	1.618471e-01	-3.039695e+00
2.669000e-05	-1.308998e-01	-3.343756e+00
2.670000e-05	7.550625e-02	-3.544815e+00
2.671000e-05	2.647317e-02	-3.731653e+00
2.672000e-05	-1.301297e-01	-3.945372e+00
2.673000e-05	1.440190e-01	-4.155317e+00
2.674000e-05	-6.429617e-02	-4.324365e+00
2.675000e-05	-2.318279e-02	-4.586438e+00
2.676000e-05	1.129263e-01	-4.793844e+00
2.677000e-05	-1.350109e-01	-4.998996e+00
2.678000e-05	1.019465e-01	-5.210977e+00
2.679000e-05	-4.839033e-02	-5.460108e+00
2.680000e-05	-2.345423e-02	-5.703307e+00
2.681000e-05	7.333405e-02	-5.879529e+00
2.682000e-05	-8.489490e-02	-6.100682e+00
2.683000e-05	9.064666e-02	-6.290137e+00
2.684000e-05	-5.155820e-02	-6.501656e+00
2.685000e-05	2.739151e-02	-6.702186e+00
2.686000e-05	1.341071e-02	-6.841626e+00
2.687000e-05	-7.592355e-02	-7.072683e+00
2.688000e-05	8.803972e-02	-7.273629e+00
2.689000e-05	-6.012310e-02	-7.471500e+00
2.690000e-05	4.927621e-02	-7.631027e+00
2.691000e-05	-1.112580e-02	-7.820528e+00
2.692000e-05	-1.240142e-02	-8.100077e+00
2.693000e-05	2.036854e-02	-8.187945e+00
2.694000e-05	-4.599530e-02	-8.335316e+00
2.695000e-05	5.118145e-02	-8.502731e+00
2.696000e-05	-1.577011e-02	-8.659182e+00
2.697000e-05	1.944123e-02	-8.871502e+00
2.698000e-05	-2.707822e-02	-8.955794e+00
2.699000e-05	3.363745e-03	-9.093662e+00
2.700000e-05	2.039789e-02	-9.181029e+00
2.701000e-05	-1.576079e-02	-9.365943e+00
2.702000e-05	1.180536e-02	-9.523742e+00
2.703000e-05	-6.783045e-03	-9.680635e+00
2.704000e-05	2.090465e-02	-9.759000e+00
2.705000e-05	-1.940808e-02	-9.933740e+00
2.706000e-05	5.660888e-03	-1.003163e+01
2.707000e-05	2.536641e-03	-1.019650e+01
2.708000e-05	6.154791e-03	-1.029476e+01
2.709000e-05	-4.899444e-03	-1.045955e+01
2.710000e-05	4.757956e-03	-1.055737e+01
2.711000e-05	1.282275e-02	-1.066113e+01
2.712000e-05	-3.739517e-03	-1.071689e+01
2.713000e-05	-5.696943e-04	-1.081098e+01
2.714000e-05	-6.168764e-04	-1.097732e+01
2.715000e-05	1.150626e-02	-1.099858e+01
2.716000e-05	-1.942817e-03	-1.111529e+01
2.717000e-05	7.077361e-03	-1.124858e+01
2.718000e-05	3.542117e-03	-1.130431e+01
2.719000e-05	3.266034e-03	-1.133698e+01
2.720000e-05	7.959307e-04	-1.146010e+01
2.721000e-05	6.844500e-03	-1.150430e+01
2.722000e-05	7.594253e-03	-1.159845e+01
2.723000e-05	4.152780e-03	-1.163264e+01
2.724000e-05	5.194611e-03	-1.168427e+01
2.725000e-05	3.985340e-03	-1.173645e+01
2.726000e-05	5.644859e-03	-1.180063e+01
2.727000e-05	4.409686e-03	-1.187368e+01
2.728000e-05	8.060801e-03	-1.188632e+01
2.729000e-05	6.420152e-03	-1.191537e+01
2.730000e-05	7.458458e-03	-1.199835e+01
2.731000e-05	8.913736e-03	-1.201945e+01
2.732000e-05	9.095499e-03	-1.200205e+01
2.733000e-05	8.490587e-03	-1.203111e+01
2.734000e-05	9.728676e-03	-1.203311e+01
2.735000e-05	1.314287e-02	-1.205168e+01
2.736000e-05	1.335209e-02	-1.207161e+01
2.737000e-05	1.309903e-02	-1.207319e+01
2.738000e-05	1.489728e-02	-1.205316e+01
2.739000e-05	1.731293e-02	-1.206171e+01
2.740000e-05	1.947338e-02	-1.203308e+01
2.741000e-05	1.969523e-02	-1.204215e+01
2.742000e-05	2.208343e-02	-1.202153e+01
2.743000e-05	2.293122e-02	-1.195897e+01
2.744000e-05	2.225249e-02	-1.194787e+01
2.745000e-05	2.438510e-02	-1.190486e+01
2.746000e-05	2.481559e-02	-1.186324e+01
2.747000e-05	2.345852e-02	-1.180053e+01
2.748000e-05	2.182528e-02	-1.174692e+01
2.749000e-05	2.012489e-02	-1.169626e+01
2.750000e-05	1.844297e-02	-1.158950e+01
2.751000e-05	1.639473e-02	-1.151735e+01
2.752000e-05	1.496449e-02	-1.139414e+01
2.753000e-05	1.264794e-02	-1.140948e+01
2.754000e-05	1.058835e-02	-1.125619e+01
2.755000e-05	1.172477e-02	-1.118106e+01
2.756000e-05	1.145289e-02	-1.111712e+01
2.757000e-05	9.922831e-03	-1.099207e+01
2.758000e-05	8.427176e-03	-1.092734e+01
2.759000e-05	6.310295e-03	-1.083313e+01
2.760000e-05	5.439005e-03	-1.073742e+01
2.761000e-05	3.296584e-03	-1.069324e+01
2.762000e-05	2.736740e-03	-1.053843e+01
2.763000e-05	2.428995e-03	-1.047274e+01
2.764000e-05	3.471956e-03	-1.040145e+01
2.765000e-05	3.402843e-03	-1.020263e+01
2.766000e-05	3.412568e-03	-1.010625e+01
2.767000e-05	3.305270e-03	-9.940950e+00
2.768000e-05	2.883028e-03	-9.843712e+00
2.769000e-05	1.146215e-03	-9.730423e+00
2.770000e-05	-5.467044e-05	-9.633055e+00
2.771000e-05	-9.273908e-04	-9.467266e+00
2.772000e-05	-3.791023e-04	-9.328446e+00
2.773000e-05	-1.919772e-04	-9.210981e+00
2.774000e-05	1.450353e-04	-9.084734e+00
2.775000e-05	-4.164791e-04	-8.906372e+00
2.776000e-05	-3.962131e-04	-8.738902e+00
2.777000e-05	2.486811e-04	-8.580081e+00
2.778000e-05	-6.315818e-04	-8.402631e+00
2.779000e-05	-1.678573e-03	-8.244715e+00
2.780000e-05	-2.334144e-03	-8.106820e+00
2.781000e-05	-2.860913e-03	-7.949472e+00
2.782000e-05	-2.353745e-03	-7.721424e+00
2.783000e-05	-2.598798e-03	-7.547852e+00
2.784000e-05	-2.572319e-03	-7.379954e+00
2.785000e-05	-2.169593e-03	-7.220979e+00
2.786000e-05	-3.171134e-03	-6.967608e+00
2.787000e-05	-2.772027e-03	-6.790529e+00
2.788000e-05	-3.115381e-03	-6.642531e+00
2.789000e-05	-3.013906e-03	-6.403163e+00
2.790000e-05	-5.078205e-03	-6.233786e+00
2.791000e-05	-4.816720e-03	-6.014036e+00
2.792000e-05	-4.076739e-03	-5.822586e+00
2.793000e-05	-3.078875e-03	-5.674264e+00
2.794000e-05	-3.516778e-03	-5.475262e+00
2.795000e-05	-3.785996e-03	-5.212083e+00
2.796000e-05	-3.192754e-03	-4.961629e+00
2.797000e-05	-2.726006e-03	-4.743403e+00
2.798000e-05	-5.217319e-03	-4.539547e+00
2.799000e-05	-4.177189e-03	-4.380576e+00
2.800000e-05	-4.427581e-03	-4.190500e+00
2.801000e-05	-3.559633e-03	-3.991651e+00
2.802000e-05	-3.887569e-03	-3.741905e+00
2.803000e-05	-4.364681e-03	-3.549925e+00
2.804000e-05	-3.503467e-03	-3.327449e+00
2.805000e-05	-4.783609e-03	-3.138443e+00
2.806000e-05	-4.031501e-03	-2.896321e+00
2.807000e-05	-5.643219e-03	-2.655792e+00
2.808000e-05	-4.613536e-03	-2.464716e+00
2.809000e-05	-4.353867e-03	-2.275213e+00
2.810000e-05	-4.010228e-03	-1.991551e+00
2.811000e-05	-5.746065e-03	-1.813206e+00
2.812000e-05	-4.720317e-03	-1.591005e+00
2.813000e-05	-4.759629e-03	-1.328875e+00
2.814000e-05	-3.821751e-03	-1.074764e+00
2.815000e-05	-5.377871e-03	-8.752130e-01
2.816000e-05	-4.634836e-03	-6.311342e-01
2.817000e-05	-5.674975e-03	-4.010552e-01
2.818000e-05	-4.145072e-03	-2.005286e-01
2.819000e-05	-2.885523e-03	1.947244e-02
2.820000e-05	3.786404e-03	2.401002e-01
2.821000e-05	-1.849380e-03	4.816539e-01
2.822000e-05	3.082712e-04	6.521077e-01
2.823000e-05	-2.000415e-03	8.600003e-01
2.824000e-05	-1.810721e-03	1.040678e+00
2.825000e-05	-3.653129e-03	1.314761e+00
2.826000e-05	1.866367e-03	1.502740e+00
2.827000e-05	2.019221e-02	1.780967e+00
2.828000e-05	6.556352e-02	1.957366e+00
2.829000e-05	3.928162e-03	2.197948e+00
2.830000e-05	-6.211729e-02	2.471654e+00
2.831000e-05	-2.344845e-02	2.724782e+00
2.832000e-05	-3.422810e-02	2.933804e+00
2.833000e-05	-6.116963e-02	3.062654e+00
2.834000e-05	7.864594e-02	3.176971e+00
2.835000e-05	5.235371e-02	3.440622e+00
2.836000e-05	-1.351896e-01	3.620028e+00
2.837000e-05	1.517941e-01	3.779943e+00
2.838000e-05	-7.650155e-02	4.021055e+00
2.839000e-05	-2.283248e-02	4.231602e+00
2.840000e-05	6.664755e-02	4.471604e+00
2.841000e-05	-6.260893e-02	4.695186e+00
2.842000e-05	2.307347e-02	4.953707e+00
2.843000e-05	9.714447e-03	5.186294e+00
2.844000e-05	-2.398481e-02	5.421027e+00
2.845000e-05	1.759979e-02	5.578522e+00
2.846000e-05	-2.823767e-02	5.827577e+00
2.847000e-05	2.210120e-03	6.041553e+00
2.848000e-05	-1.164065e-02	6.260072e+00
2.849000e-05	1.818094e-02	6.429495e+00
2.850000e-05	9.306408e-03	6.630025e+00
2.851000e-05	-2.454661e-02	6.870574e+00
2.852000e-05	2.172486e-02	7.018049e+00
2.853000e-05	-3.842077e-02	7.189924e+00
2.854000e-05	9.216852e-03	7.325411e+00
2.855000e-05	3.620154e-03	7.628398e+00
2.856000e-05	-7.719680e-03	7.767444e+00
2.857000e-05	8.789743e-03	7.986400e+00
2.858000e-05	-2.174994e-02	8.166320e+00
2.859000e-05	3.103342e-03	8.345291e+00
2.860000e-05	-8.424536e-03	8.452106e+00
2.861000e-05	4.348006e-03	8.600969e+00
2.862000e-05	-9.884327e-03	8.707337e+00
2.863000e-05	-8.309050e-04	8.934787e+00
2.864000e-05	3.161466e-03	9.031533e+00
2.865000e-05	-1.459077e-02	9.169528e+00
2.866000e-05	-1.412430e-03	9.378337e+00
2.867000e-05	-4.434687e-03	9.442085e+00
2.868000e-05	4.730894e-04	9.560450e+00
2.869000e-05	-1.073726e-02	9.725793e+00
2.870000e-05	-7.377996e-04	9.895232e+00
2.871000e-05	-4.607477e-03	1.002005e+01
2.872000e-05	-9.851681e-03	1.014785e+01
2.873000e-05	-9.594467e-03	1.024256e+01
2.874000e-05	-2.608933e-03	1.034997e+01
2.875000e-05	-2.302514e-03	1.050479e+01
2.876000e-05	-9.435088e-03	1.060851e+01
2.877000e-05	-3.821289e-03	1.072689e+01
2.878000e-05	-5.798708e-03	1.085206e+01
2.879000e-05	-7.100822e-03	1.093689e+01
2.880000e-05	-1.113088e-02	1.105003e+01
2.881000e-05	-5.336362e-03	1.111524e+01
2.882000e-05	-7.832348e-03	1.123950e+01
2.883000e-05	-9.145821e-03	1.125424e+01
2.884000e-05	-6.784918e-03	1.137850e+01
2.885000e-05	-7.190085e-03	1.145021e+01
2.886000e-05	-9.475050e-03	1.149830e+01
2.887000e-05	-1.050732e-02	1.160053e+01
2.888000e-05	-7.130609e-03	1.165371e+01
2.889000e-05	-8.297540e-03	1.171592e+01
2.890000e-05	-9.175315e-03	1.176895e+01
2.891000e-05	-1.070860e-02	1.184213e+01
2.892000e-05	-1.078295e-02	1.189318e+01
2.893000e-05	-1.234995e-02	1.187621e+01
2.894000e-05	-1.222823e-02	1.191782e+01
2.895000e-05	-1.222978e-02	1.195742e+01
2.896000e-05	-1.460178e-02	1.199097e+01
2.897000e-05	-1.383843e-02	1.201405e+01
2.898000e-05	-1.393295e-02	1.203250e+01
2.899000e-05	-1.429103e-02	1.206113e+01
2.900000e-05	-1.857081e-02	1.203363e+01
2.901000e-05	-2.052840e-02	1.206716e+01
2.902000e-05	-1.711569e-02	1.205219e+01
2.903000e-05	-2.194402e-02	1.208321e+01
2.904000e-05	-2.031008e-02	1.205418e+01
2.905000e-05	-2.410470e-02	1.203358e+01
2.906000e-05	-2.417792e-02	1.202153e+01
2.907000e-05	-2.752743e-02	1.204358e+01
2.908000e-05	-3.036999e-02	1.197098e+01
2.909000e-05	-2.975791e-02	1.196940e+01
2.910000e-05	-3.075270e-02	1.191832e+01
2.911000e-05	-2.801084e-02	1.189676e+01
2.912000e-05	-2.736640e-02	1.185424e+01
2.913000e-05	-2.882236e-02	1.180361e+01
2.914000e-05	-2.640315e-02	1.180095e+01
2.915000e-05	-2.463324e-02	1.172631e+01
2.916000e-05	-2.299323e-02	1.161417e+01
2.917000e-05	-2.209462e-02	1.159995e+01
2.918000e-05	-2.118320e-02	1.148526e+01
2.919000e-05	-1.950501e-02	1.142250e+01
2.920000e-05	-1.991686e-02	1.133640e+01
2.921000e-05	-1.765462e-02	1.120160e+01
2.922000e-05	-1.539752e-02	1.112987e+01
2.923000e-05	-1.426932e-02	1.104321e+01
2.924000e-05	-1.293806e-02	1.094990e+01
2.925000e-05	-1.306706e-02	1.088579e+01
2.926000e-05	-1.139946e-02	1.078143e+01
2.927000e-05	-1.223763e-02	1.065724e+01
2.928000e-05	-1.076131e-02	1.054953e+01
2.929000e-05	-1.148662e-02	1.042451e+01
2.930000e-05	-9.858754e-03	1.031885e+01
2.931000e-05	-1.056283e-02	1.017408e+01
2.932000e-05	-9.077404e-03	1.009829e+01
2.933000e-05	-8.937570e-03	9.991003e+00
2.934000e-05	-7.915672e-03	9.826688e+00
2.935000e-05	-6.880489e-03	9.718270e+00
2.936000e-05	-6.983234e-03	9.569947e+00
2.937000e-05	-8.278013e-03	9.423608e+00
2.938000e-05	-8.802472e-03	9.296744e+00
2.939000e-05	-7.458030e-03	9.201925e+00
2.940000e-05	-6.528365e-03	9.045109e+00
2.941000e-05	-6.352493e-03	8.836160e+00
2.942000e-05	-6.275265e-03	8.717291e+00
2.943000e-05	-6.809435e-03	8.549396e+00
2.944000e-05	-5.994062e-03	8.441057e+00
2.945000e-05	-5.893960e-03	8.213715e+00
2.946000e-05	-5.704560e-03	8.047285e+00
2.947000e-05	-6.105678e-03	7.867218e+00
2.948000e-05	-4.969748e-03	7.749341e+00
2.949000e-05	-5.279275e-03	7.519848e+00
2.950000e-05	-4.721229e-03	7.337824e+00
2.951000e-05	-6.054861e-03	7.097848e+00
2.952000e-05	-5.104097e-03	6.990899e+00
2.953000e-05	-5.172508e-03	6.751003e+00
2.954000e-05	-4.736970e-03	6.571479e+00
2.955000e-05	-5.873959e-03	6.371496e+00
2.956000e-05	-4.052682e-03	6.201503e+00
2.957000e-05	-5.816315e-03	6.023586e+00
2.958000e-05	-4.921981e-03	5.844710e+00
2.959000e-05	-4.378881e-03	5.631531e+00
2.960000e-05	-5.791886e-03	5.413084e+00
2.961000e-05	-3.357439e-03	5.213008e+00
2.962000e-05	-4.320796e-03	4.971872e+00
2.963000e-05	-4.657604e-03	4.708417e+00
2.964000e-05	-3.535167e-03	4.529344e+00
2.965000e-05	-6.041142e-03	4.340447e+00
2.966000e-05	-4.090559e-03	4.066766e+00
2.967000e-05	-5.756722e-03	3.876739e+00
2.968000e-05	-4.008764e-03	3.687265e+00
2.969000e-05	-3.906299e-03	3.508818e+00
2.970000e-05	-3.214069e-03	3.274185e+00
2.971000e-05	-4.186391e-03	3.075113e+00
2.972000e-05	-5.466292e-03	2.844665e+00
2.973000e-05	-5.305727e-03	2.655083e+00
2.974000e-05	-4.008948e-03	2.363052e+00
2.975000e-05	-3.895066e-03	2.171422e+00
2.976000e-05	-4.699227e-03	1.981024e+00
2.977000e-05	-3.667454e-03	1.760896e+00
2.978000e-05	-3.095271e-03	1.497266e+00
2.979000e-05	-3.515586e-03	1.247212e+00
2.980000e-05	-5.246826e-03	1.034138e+00
2.981000e-05	-4.412753e-03	7.823974e-01
2.982000e-05	-3.893702e-03	5.289224e-01
2.983000e-05	-3.110183e-03	3.694959e-01
2.984000e-05	-2.647596e-03	8.928548e-02
2.985000e-05	1.006148e-03	-1.337131e-01
2.986000e-05	6.277094e-03	-3.033345e-01
2.987000e-05	-3.809441e-03	-5.237042e-01
2.988000e-05	1.501399e-03	-7.748437e-01
2.989000e-05	-3.749100e-03	-9.448110e-01
2.990000e-05	1.855039e-03	-1.134790e+00
2.991000e-05	-5.650554e-04	-1.396941e+00
2.992000e-05	2.233273e-02	-1.578973e+00
2.993000e-05	8.127024e-02	-1.775397e+00
2.994000e-05	-1.305925e-02	-2.050049e+00
2.995000e-05	-5.471270e-02	-2.386370e+00
2.996000e-05	-2.058203e-02	-2.637554e+00
2.997000e-05	-6.394142e-02	-2.809399e+00
2.998000e-05	-1.799867e-02	-2.941685e+00
2.999000e-05	1.629085e-01	-3.080129e+00
3.000000e-05	-1.213541e-01	-3.313212e+00
3.001000e-05	6.424791e-02	-3.555343e+00
3.002000e-05	3.652969e-02	-3.661081e+00
3.003000e-05	-1.386780e-01	-3.984711e+00
3.004000e-05	1.394864e-01	-4.134864e+00
3.005000e-05	-5.586080e-02	-4.373340e+00
3.006000e-05	-3.020584e-02	-4.566464e+00
3.007000e-05	1.201498e-01	-4.736786e+00
3.008000e-05	-1.340586e-01	-4.977396e+00
3.009000e-05	9.463230e-02	-5.239523e+00
3.010000e-05	-3.987820e-02	-5.449049e+00
3.011000e-05	-3.442791e-02	-5.731235e+00
3.012000e-05	7.832182e-02	-5.861154e+00
3.013000e-05	-8.582140e-02	-6.101656e+00
3.014000e-05	8.797151e-02	-6.270688e+00
3.015000e-05	-4.502682e-02	-6.492257e+00
3.016000e-05	2.071435e-02	-6.693160e+00
3.017000e-05	2.120318e-02	-6.871026e+00
3.018000e-05	-8.118172e-02	-7.111713e+00
3.019000e-05	8.775275e-02	-7.282583e+00
3.020000e-05	-5.917525e-02	-7.438030e+00
3.021000e-05	4.403399e-02	-7.590979e+00
3.022000e-05	-4.785466e-03	-7.810078e+00
3.023000e-05	-1.601793e-02	-8.050553e+00
3.024000e-05	2.415641e-02	-8.167416e+00
3.025000e-05	-4.786578e-02	-8.326337e+00
3.026000e-05	5.032590e-02	-8.460206e+00
3.027000e-05	-1.496505e-02	-8.639156e+00
3.028000e-05	1.804296e-02	-8.819529e+00
3.029000e-05	-2.402104e-02	-8.965342e+00
3.030000e-05	1.287158e-03	-9.104213e+00
3.031000e-05	2.229970e-02	-9.190102e+00
3.032000e-05	-1.746847e-02	-9.374895e+00
3.033000e-05	1.298585e-02	-9.506243e+00
3.034000e-05	-7.440920e-03	-9.701658e+00
3.035000e-05	2.071941e-02	-9.827497e+00
3.036000e-05	-1.941399e-02	-9.925787e+00
3.037000e-05	4.821338e-03	-1.006210e+01
3.038000e-05	3.292306e-03	-1.018695e+01
3.039000e-05	5.144199e-03	-1.028277e+01
3.040000e-05	-4.364189e-03	-1.038958e+01
3.041000e-05	2.689510e-03	-1.054635e+01
3.042000e-05	1.363464e-02	-1.061968e+01
3.043000e-05	-4.410228e-03	-1.074689e+01
3.044000e-05	7.740649e-05	-1.085055e+01
3.045000e-05	-1.093757e-03	-1.096484e+01
3.046000e-05	1.209682e-02	-1.106011e+01
3.047000e-05	-2.739887e-03	-1.112074e+01
3.048000e-05	7.229272e-03	-1.122155e+01
3.049000e-05	3.573772e-03	-1.133379e+01
3.050000e-05	4.055123e-03	-1.137995e+01
3.051000e-05	-2.095228e-04	-1.143913e+01
3.052000e-05	6.707204e-03	-1.152574e+01
3.053000e-05	8.682224e-03	-1.161800e+01
3.054000e-05	4.879019e-03	-1.167963e+01
3.055000e-05	4.702385e-03	-1.174579e+01
3.056000e-05	4.191587e-03	-1.175592e+01
3.057000e-05	6.867362e-03	-1.179755e+01
3.058000e-05	4.792233e-03	-1.187116e+01
3.059000e-05	7.685542e-03	-1.191421e+01
3.060000e-05	7.164345e-03	-1.197734e+01
3.061000e-05	7.327336e-03	-1.193743e+01
3.062000e-05	8.866955e-03	-1.199000e+01
3.063000e-05	8.611753e-03	-1.201151e+01
3.064000e-05	9.101846e-03	-1.202116e+01
3.065000e-05	1.023962e-02	-1.202166e+01
3.066000e-05	1.271072e-02	-1.208266e+01
3.067000e-05	1.448894e-02	-1.205429e+01
3.068000e-05	1.355768e-02	-1.208321e+01
3.069000e-05	1.591111e-02	-1.207311e+01
3.070000e-05	1.650832e-02	-1.203269e+01
3.071000e-05	1.883214e-02	-1.202213e+01
3.072000e-05	1.963320e-02	-1.200263e+01
3.073000e-05	2.195804e-02	-1.201003e+01
3.074000e-05	2.295292e-02	-1.200850e+01
3.075000e-05	2.267260e-02	-1.192782e+01
3.076000e-05	2.378063e-02	-1.187482e+01
3.077000e-05	2.369597e-02	-1.186279e+01
3.078000e-05	2.410796e-02	-1.181965e+01
3.079000e-05	2.092678e-02	-1.172695e+01
3.080000e-05	2.022033e-02	-1.169474e+01
3.081000e-05	1.925475e-02	-1.162051e+01
3.082000e-05	1.728980e-02	-1.153885e+01
3.083000e-05	1.469899e-02	-1.147374e+01
3.084000e-05	1.262680e-02	-1.136003e+01
3.085000e-05	1.186572e-02	-1.127624e+01
3.086000e-05	1.158621e-02	-1.121166e+01
3.087000e-05	1.056840e-02	-1.112582e+01
3.088000e-05	8.204512e-03	-1.096051e+01
3.089000e-05	6.881440e-03	-1.093739e+01
3.090000e-05	5.732281e-03	-1.082266e+01
3.091000e-05	5.280750e-03	-1.075845e+01
3.092000e-05	5.913436e-03	-1.067426e+01
3.093000e-05	4.598855e-03	-1.055042e+01
3.094000e-05	3.980137e-03	-1.046624e+01
3.095000e-05	1.764890e-03	-1.029890e+01
3.096000e-05	2.881464e-03	-1.022151e+01
3.097000e-05	3.016330e-03	-1.007637e+01
3.098000e-05	2.725761e-03	-9.979926e+00
3.099000e-05	1.732852e-03	-9.854261e+00
3.100000e-05	1.527608e-03	-9.727395e+00
3.101000e-05	1.346366e-03	-9.623636e+00
3.102000e-05	1.389575e-03	-9.415895e+00
3.103000e-05	5.988824e-04	-9.367948e+00
3.104000e-05	-4.761163e-05	-9.190978e+00
3.105000e-05	-1.394477e-04	-9.033264e+00
3.106000e-05	-2.622607e-04	-8.925867e+00
3.107000e-05	-6.360380e-04	-8.771452e+00
3.108000e-05	-1.417815e-03	-8.600056e+00
3.109000e-05	-1.697649e-03	-8.443610e+00
3.110000e-05	-6.977045e-04	-8.284315e+00
3.111000e-05	-1.142870e-03	-8.129370e+00
3.112000e-05	-2.088925e-03	-7.948975e+00
3.113000e-05	-2.475210e-03	-7.719425e+00
3.114000e-05	-2.474198e-03	-7.569850e+00
3.115000e-05	-2.596422e-03	-7.350025e+00
3.116000e-05	-2.758090e-03	-7.182077e+00
3.117000e-05	-2.142019e-03	-7.011984e+00
3.118000e-05	-2.431051e-03	-6.801980e+00
3.119000e-05	-4.552368e-03	-6.612435e+00
3.120000e-05	-3.792682e-03	-6.434188e+00
3.121000e-05	-3.274607e-03	-6.283712e+00
3.122000e-05	-2.837616e-03	-6.024112e+00
3.123000e-05	-3.882002e-03	-5.833239e+00
3.124000e-05	-3.977872e-03	-5.694689e+00
3.125000e-05	-4.311266e-03	-5.485815e+00
3.126000e-05	-4.286418e-03	-5.243557e+00
3.127000e-05	-4.118300e-03	-5.003030e+00
3.128000e-05	-3.413839e-03	-4.738527e+00
3.129000e-05	-4.621705e-03	-4.526449e+00
3.130000e-05	-2.970868e-03	-4.359526e+00
3.131000e-05	-4.725034e-03	-4.162608e+00
3.132000e-05	-3.589387e-03	-3.980056e+00
3.133000e-05	-4.714857e-03	-3.749553e+00
3.134000e-05	-2.968688e-03	-3.540876e+00
3.135000e-05	-3.898510e-03	-3.327876e+00
3.136000e-05	-5.166073e-03	-3.140972e+00
3.137000e-05	-5.245031e-03	-2.927266e+00
3.138000e-05	-5.476670e-03	-2.695292e+00
3.139000e-05	-4.724746e-03	-2.494168e+00
3.140000e-05	-4.627567e-03	-2.245687e+00
3.141000e-05	-3.791462e-03	-1.992581e+00
3.142000e-05	-5.035890e-03	-1.823082e+00
3.143000e-05	-4.057864e-03	-1.632030e+00
3.144000e-05	-6.042109e-03	-1.369919e+00
3.145000e-05	-4.969917e-03	-1.056692e+00
3.146000e-05	-5.997372e-03	-8.362153e-01
3.147000e-05	-4.732437e-03	-6.356893e-01
3.148000e-05	-6.071028e-03	-3.820027e-01
3.149000e-05	-3.830314e-03	-2.030275e-01
3.150000e-05	-2.792600e-03	-1.152763e-02
3.151000e-05	4.186618e-03	2.601054e-01
3.152000e-05	-2.792932e-03	4.835764e-01
3.153000e-05	2.692746e-04	6.406267e-01
3.154000e-05	-1.623177e-03	8.310513e-01
3.155000e-05	-1.827857e-03	1.070203e+00
3.156000e-05	-4.290135e-03	1.313734e+00
3.157000e-05	1.365563e-03	1.546187e+00
3.158000e-05	1.882134e-02	1.788372e+00
3.159000e-05	6.434046e-02	1.955865e+00
3.160000e-05	8.368299e-03	2.218971e+00
3.161000e-05	-6.352573e-02	2.461034e+00
3.162000e-05	-2.392131e-02	2.695787e+00
3.163000e-05	-3.412176e-02	2.923632e+00
3.164000e-05	-5.994432e-02	3.042128e+00
3.165000e-05	7.183585e-02	3.190471e+00
3.166000e-05	6.168337e-02	3.429023e+00
3.167000e-05	-1.416329e-01	3.608549e+00
3.168000e-05	1.483446e-01	3.776869e+00
3.169000e-05	-6.849166e-02	4.038507e+00
3.170000e-05	-2.870371e-02	4.240128e+00
3.171000e-05	7.164941e-02	4.492132e+00
3.172000e-05	-6.109566e-02	4.694633e+00
3.173000e-05	1.589667e-02	4.931710e+00
3.174000e-05	1.212680e-02	5.147369e+00
3.175000e-05	-2.524766e-02	5.469396e+00
3.176000e-05	1.909425e-02	5.599949e+00
3.177000e-05	-2.681517e-02	5.838925e+00
3.178000e-05	1.617138e-03	6.030530e+00
3.179000e-05	-1.112454e-02	6.229553e+00
3.180000e-05	1.565329e-02	6.358400e+00
3.181000e-05	1.188875e-02	6.639549e+00
3.182000e-05	-2.601229e-02	6.819952e+00
3.183000e-05	2.190829e-02	7.030651e+00
3.184000e-05	-3.871408e-02	7.167025e+00
3.185000e-05	7.092514e-03	7.396288e+00
3.186000e-05	5.944358e-03	7.556442e+00
3.187000e-05	-8.594811e-03	7.768416e+00
3.188000e-05	1.038118e-02	7.977367e+00
3.189000e-05	-2.328823e-02	8.165415e+00
3.190000e-05	2.272519e-03	8.295290e+00
3.191000e-05	-9.341884e-03	8.462057e+00
3.192000e-05	4.957526e-03	8.608923e+00
3.193000e-05	-9.319345e-03	8.704815e+00
3.194000e-05	-3.037819e-03	8.903156e+00
3.195000e-05	2.448646e-03	9.010028e+00
3.196000e-05	-1.579045e-02	9.168503e+00
3.197000e-05	-4.805938e-04	9.344315e+00
3.198000e-05	-3.582871e-03	9.422129e+00
3.199000e-05	8.912916e-04	9.560423e+00
3.200000e-05	-1.058778e-02	9.746337e+00
3.201000e-05	-7.248947e-04	9.872107e+00
3.202000e-05	-4.313963e-03	1.001053e+01
3.203000e-05	-1.081075e-02	1.012742e+01
3.204000e-05	-1.184202e-02	1.025258e+01
3.205000e-05	-3.763691e-03	1.035939e+01
3.206000e-05	-2.065779e-03	1.048324e+01
3.207000e-05	-7.669642e-03	1.058845e+01
3.208000e-05	-2.473583e-03	1.072736e+01
3.209000e-05	-4.363802e-03	1.085156e+01
3.210000e-05	-6.731263e-03	1.094586e+01
3.211000e-05	-1.132419e-02	1.102050e+01
3.212000e-05	-7.319137e-03	1.112519e+01
3.213000e-05	-8.477271e-03	1.117042e+01
3.214000e-05	-9.852280e-03	1.128423e+01
3.215000e-05	-6.263972e-03	1.140845e+01
3.216000e-05	-6.797724e-03	1.144218e+01
3.217000e-05	-8.813975e-03	1.150782e+01
3.218000e-05	-9.578645e-03	1.161055e+01
3.219000e-05	-5.035961e-03	1.168463e+01
3.220000e-05	-8.221326e-03	1.171692e+01
3.221000e-05	-1.059615e-02	1.180902e+01
3.222000e-05	-1.276107e-02	1.184000e+01
3.223000e-05	-1.216654e-02	1.185266e+01
3.224000e-05	-1.200978e-02	1.189426e+01
3.225000e-05	-1.329272e-02	1.189729e+01
3.226000e-05	-1.175523e-02	1.193842e+01
3.227000e-05	-1.350044e-02	1.199000e+01
3.228000e-05	-1.422589e-02	1.201100e+01
3.229000e-05	-1.577740e-02	1.202155e+01
3.230000e-05	-1.456453e-02	1.204268e+01
3.231000e-05	-1.838808e-02	1.204466e+01
3.232000e-05	-1.929234e-02	1.207466e+01
3.233000e-05	-2.040300e-02	1.206266e+01
3.234000e-05	-2.036702e-02	1.206468e+01
3.235000e-05	-2.193528e-02	1.204523e+01
3.236000e-05	-2.361317e-02	1.203316e+01
3.237000e-05	-2.515216e-02	1.205263e+01
3.238000e-05	-2.733964e-02	1.202212e+01
3.239000e-05	-2.778850e-02	1.199095e+01
3.240000e-05	-2.872794e-02	1.196048e+01
3.241000e-05	-3.011760e-02	1.194087e+01
3.242000e-05	-2.959295e-02	1.189626e+01
3.243000e-05	-2.900759e-02	1.185421e+01
3.244000e-05	-2.790254e-02	1.183259e+01
3.245000e-05	-2.664874e-02	1.177998e+01
3.246000e-05	-2.564710e-02	1.171530e+01
3.247000e-05	-2.367809e-02	1.167316e+01
3.248000e-05	-2.184216e-02	1.155940e+01
3.249000e-05	-2.086370e-02	1.146426e+01
3.250000e-05	-1.940828e-02	1.138206e+01
3.251000e-05	-2.019191e-02	1.132642e+01
3.252000e-05	-1.793005e-02	1.120253e+01
3.253000e-05	-1.483322e-02	1.114993e+01
3.254000e-05	-1.671834e-02	1.105258e+01
3.255000e-05	-1.276456e-02	1.095998e+01
3.256000e-05	-1.316421e-02	1.091579e+01
3.257000e-05	-1.057447e-02	1.080150e+01
3.258000e-05	-1.246666e-02	1.067679e+01
3.259000e-05	-1.034439e-02	1.057898e+01
3.260000e-05	-1.061653e-02	1.044361e+01
3.261000e-05	-9.458842e-03	1.034840e+01
3.262000e-05	-1.122582e-02	1.020318e+01
3.263000e-05	-8.638035e-03	1.013734e+01
3.264000e-05	-8.038245e-03	9.982078e+00
3.265000e-05	-8.510977e-03	9.875214e+00
3.266000e-05	-8.529292e-03	9.665843e+00
3.267000e-05	-7.594468e-03	9.549452e+00
3.268000e-05	-6.798698e-03	9.414162e+00
3.269000e-05	-7.468662e-03	9.297866e+00
3.270000e-05	-6.429945e-03	9.239530e+00
3.271000e-05	-5.823613e-03	9.054765e+00
3.272000e-05	-7.207143e-03	8.924112e+00
3.273000e-05	-6.545824e-03	8.697800e+00
3.274000e-05	-6.611327e-03	8.560403e+00
3.275000e-05	-6.279396e-03	8.381557e+00
3.276000e-05	-6.233473e-03	8.265239e+00
3.277000e-05	-4.991288e-03	8.116813e+00
3.278000e-05	-5.400900e-03	7.866292e+00
3.279000e-05	-4.201682e-03	7.737343e+00
3.280000e-05	-5.688253e-03	7.529494e+00
3.281000e-05	-5.181684e-03	7.318348e+00
3.282000e-05	-4.862494e-03	7.118900e+00
3.283000e-05	-5.570451e-03	6.970420e+00
3.284000e-05	-5.970615e-03	6.772051e+00
3.285000e-05	-5.644460e-03	6.592476e+00
3.286000e-05	-4.576207e-03	6.390508e+00
3.287000e-05	-4.506367e-03	6.202554e+00
3.288000e-05	-4.882924e-03	5.983179e+00
3.289000e-05	-5.452929e-03	5.885287e+00
3.290000e-05	-5.318420e-03	5.622033e+00
3.291000e-05	-4.337577e-03	5.413132e+00
3.292000e-05	-4.365081e-03	5.203526e+00
3.293000e-05	-4.037132e-03	4.959475e+00
3.294000e-05	-4.445854e-03	4.719395e+00
3.295000e-05	-5.450327e-03	4.529926e+00
3.296000e-05	-5.654554e-03	4.370999e+00
3.297000e-05	-4.417110e-03	4.119795e+00
3.298000e-05	-3.332337e-03	3.898317e+00
3.299000e-05	-3.701295e-03	3.687742e+00
3.300000e-05	-5.446999e-03	3.517842e+00
3.301000e-05	-3.895795e-03	3.265816e+00
3.302000e-05	-3.824036e-03	3.065187e+00
3.303000e-05	-3.911069e-03	2.855237e+00
3.304000e-05	-4.843524e-03	2.625637e+00
3.305000e-05	-4.984608e-03	2.371981e+00
3.306000e-05	-4.659857e-03	2.171897e+00
3.307000e-05	-4.312453e-03	1.981025e+00
3.308000e-05	-3.932984e-03	1.740449e+00
3.309000e-05	-4.604471e-03	1.469218e+00
3.310000e-05	-3.603298e-03	1.267768e+00
3.311000e-05	-3.594998e-03	1.002633e+00
3.312000e-05	-3.694918e-03	7.810211e-01
3.313000e-05	-4.895454e-03	5.789009e-01
3.314000e-05	-3.876447e-03	3.899461e-01
3.315000e-05	-2.991843e-03	7.634065e-02
3.316000e-05	-4.067885e-04	-9.213705e-02
3.317000e-05	5.521859e-03	-3.342632e-01
3.318000e-05	-2.849179e-03	-4.822095e-01
3.319000e-05	3.298136e-03	-7.638386e-01
3.320000e-05	-3.253754e-03	-9.147847e-01
3.321000e-05	1.489671e-03	-1.123315e+00
3.322000e-05	-1.343951e-03	-1.373216e+00
3.323000e-05	2.100375e-02	-1.596949e+00
3.324000e-05	7.920000e-02	-1.775841e+00
3.325000e-05	-7.189565e-03	-2.034951e+00
3.326000e-05	-5.749127e-02	-2.335946e+00
3.327000e-05	-1.804056e-02	-2.619973e+00
3.328000e-05	-6.271430e-02	-2.769395e+00
3.329000e-05	-2.390047e-02	-2.883762e+00
3.330000e-05	1.622984e-01	-3.037599e+00
3.331000e-05	-1.120138e-01	-3.312736e+00
3.332000e-05	5.215894e-02	-3.513242e+00
3.333000e-05	4.870940e-02	-3.671100e+00
3.334000e-05	-1.451408e-01	-3.946368e+00
3.335000e-05	1.367546e-01	-4.164839e+00
3.336000e-05	-4.668314e-02	-4.323787e+00
3.337000e-05	-4.032368e-02	-4.554864e+00
3.338000e-05	1.252055e-01	-4.706192e+00
3.339000e-05	-1.317778e-01	-5.005445e+00
3.340000e-05	8.802027e-02	-5.199499e+00
3.341000e-05	-3.152296e-02	-5.507054e+00
3.342000e-05	-4.230057e-02	-5.702686e+00
3.343000e-05	8.515402e-02	-5.851049e+00
3.344000e-05	-8.527395e-02	-6.068030e+00
3.345000e-05	8.446733e-02	-6.271129e+00
3.346000e-05	-4.013413e-02	-6.513131e+00
3.347000e-05	1.281733e-02	-6.672686e+00
3.348000e-05	2.797689e-02	-6.819552e+00
3.349000e-05	-8.541496e-02	-7.080233e+00
3.350000e-05	8.838442e-02	-7.263127e+00
3.351000e-05	-5.531264e-02	-7.420524e+00
3.352000e-05	4.012182e-02	-7.609023e+00
3.353000e-05	2.096680e-04	-7.819127e+00
3.354000e-05	-1.957038e-02	-8.010129e+00
3.355000e-05	2.643823e-02	-8.175869e+00
3.356000e-05	-5.019694e-02	-8.302763e+00
3.357000e-05	4.987819e-02	-8.482631e+00
3.358000e-05	-1.290808e-02	-8.651103e+00
3.359000e-05	1.671739e-02	-8.799524e+00
3.360000e-05	-2.078770e-02	-8.966891e+00
3.361000e-05	-1.753441e-03	-9.132663e+00
3.362000e-05	2.490450e-02	-9.209027e+00
3.363000e-05	-1.984650e-02	-9.377366e+00
3.364000e-05	1.283571e-02	-9.504216e+00
3.365000e-05	-7.690432e-03	-9.631160e+00
3.366000e-05	2.182100e-02	-9.768500e+00
3.367000e-05	-1.836006e-02	-9.904236e+00
3.368000e-05	3.420260e-03	-1.003163e+01
3.369000e-05	4.309566e-03	-1.016542e+01
3.370000e-05	4.852353e-03	-1.031330e+01
3.371000e-05	-4.573576e-03	-1.039905e+01
3.372000e-05	2.150790e-03	-1.054544e+01
3.373000e-05	1.393931e-02	-1.062163e+01
3.374000e-05	-3.997249e-03	-1.073679e+01
3.375000e-05	-1.229448e-04	-1.082255e+01
3.376000e-05	-1.414617e-03	-1.096384e+01
3.377000e-05	1.111079e-02	-1.097008e+01
3.378000e-05	-1.033935e-03	-1.111281e+01
3.379000e-05	6.593470e-03	-1.120855e+01
3.380000e-05	2.823299e-03	-1.129326e+01
3.381000e-05	3.541522e-03	-1.137740e+01
3.382000e-05	1.317927e-03	-1.141103e+01
3.383000e-05	6.727175e-03	-1.148474e+01
3.384000e-05	8.306222e-03	-1.162747e+01
3.385000e-05	4.617338e-03	-1.166170e+01
3.386000e-05	5.639138e-03	-1.171377e+01
3.387000e-05	3.400899e-03	-1.178688e+01
3.388000e-05	5.811829e-03	-1.180805e+01
3.389000e-05	4.271385e-03	-1.185111e+01
3.390000e-05	8.044861e-03	-1.190424e+01
3.391000e-05	6.267305e-03	-1.193589e+01
3.392000e-05	6.636621e-03	-1.199842e+01
3.393000e-05	8.968040e-03	-1.197100e+01
3.394000e-05	9.798791e-03	-1.201198e+01
3.395000e-05	8.281113e-03	-1.203313e+01
3.396000e-05	9.737596e-03	-1.208216e+01
3.397000e-05	1.229362e-02	-1.204206e+01
3.398000e-05	1.409640e-02	-1.206416e+01
3.399000e-05	1.355310e-02	-1.207321e+01
3.400000e-05	1.559258e-02	-1.207369e+01
3.401000e-05	1.665543e-02	-1.207265e+01
3.402000e-05	1.924310e-02	-1.207368e+01
3.403000e-05	1.915304e-02	-1.206158e+01
3.404000e-05	2.204403e-02	-1.202008e+01
3.405000e-05	2.324940e-02	-1.195145e+01
3.406000e-05	2.351721e-02	-1.195945e+01
3.407000e-05	2.431558e-02	-1.189431e+01
3.408000e-05	2.344449e-02	-1.183324e+01
3.409000e-05	2.241465e-02	-1.179113e+01
3.410000e-05	2.219223e-02	-1.173695e+01
3.411000e-05	2.043226e-02	-1.171444e+01
3.412000e-05	1.915850e-02	-1.165103e+01
3.413000e-05	1.779255e-02	-1.152888e+01
3.414000e-05	1.566602e-02	-1.147626e+01
3.415000e-05	1.315189e-02	-1.141100e+01
3.416000e-05	1.216610e-02	-1.128639e+01
3.417000e-05	1.142088e-02	-1.123255e+01
3.418000e-05	1.007786e-02	-1.113527e+01
3.419000e-05	8.826870e-03	-1.102413e+01
3.420000e-05	7.557006e-03	-1.091539e+01
3.421000e-05	5.796979e-03	-1.086318e+01
3.422000e-05	4.883586e-03	-1.076895e+01
3.423000e-05	4.727958e-03	-1.068424e+01
3.424000e-05	4.364601e-03	-1.055843e+01
3.425000e-05	4.489188e-03	-1.049566e+01
3.426000e-05	3.177698e-03	-1.034940e+01
3.427000e-05	3.427347e-03	-1.024161e+01
3.428000e-05	2.361751e-03	-1.007625e+01
3.429000e-05	2.260163e-03	-9.959024e+00
3.430000e-05	1.376653e-03	-9.854708e+00
3.431000e-05	2.395353e-03	-9.699346e+00
3.432000e-05	1.406922e-03	-9.603059e+00
3.433000e-05	1.691905e-03	-9.525850e+00
3.434000e-05	-4.022798e-04	-9.325921e+00
3.435000e-05	3.228625e-05	-9.200952e+00
3.436000e-05	-7.504782e-04	-9.054237e+00
3.437000e-05	5.112858e-04	-8.927797e+00
3.438000e-05	-5.343070e-04	-8.750998e+00
3.439000e-05	-1.657366e-03	-8.572108e+00
3.440000e-05	-7.237603e-04	-8.424061e+00
3.441000e-05	-1.002982e-03	-8.325255e+00
3.442000e-05	-1.628915e-03	-8.137771e+00
3.443000e-05	-1.905210e-03	-7.920051e+00
3.444000e-05	-2.674967e-03	-7.749978e+00
3.445000e-05	-2.097915e-03	-7.530924e+00
3.446000e-05	-3.431350e-03	-7.389003e+00
3.447000e-05	-2.987078e-03	-7.132900e+00
3.448000e-05	-2.806747e-03	-7.002604e+00
3.449000e-05	-3.023260e-03	-6.840980e+00
3.450000e-05	-3.643405e-03	-6.613582e+00
3.451000e-05	-3.144407e-03	-6.424209e+00
3.452000e-05	-3.324247e-03	-6.263767e+00
3.453000e-05	-3.144106e-03	-6.045136e+00
3.454000e-05	-4.728893e-03	-5.834162e+00
3.455000e-05	-4.313722e-03	-5.654263e+00
3.456000e-05	-4.681858e-03	-5.486192e+00
3.457000e-05	-3.894293e-03	-5.203134e+00
3.458000e-05	-3.750552e-03	-4.952681e+00
3.459000e-05	-3.524980e-03	-4.729356e+00
3.460000e-05	-4.503119e-03	-4.560000e+00
3.461000e-05	-2.825918e-03	-4.381026e+00
3.462000e-05	-4.461655e-03	-4.213023e+00
3.463000e-05	-3.592212e-03	-4.003648e+00
3.464000e-05	-4.797080e-03	-3.789477e+00
3.465000e-05	-3.485059e-03	-3.560048e+00
3.466000e-05	-3.815599e-03	-3.339973e+00
3.467000e-05	-5.015066e-03	-3.156475e+00
3.468000e-05	-4.467432e-03	-2.928271e+00
3.469000e-05	-4.998220e-03	-2.685865e+00
3.470000e-05	-4.260488e-03	-2.506758e+00
3.471000e-05	-4.883112e-03	-2.236291e+00
3.472000e-05	-3.979646e-03	-2.013055e+00
3.473000e-05	-5.072142e-03	-1.803131e+00
3.474000e-05	-3.646007e-03	-1.592601e+00
3.475000e-05	-5.657658e-03	-1.329471e+00
3.476000e-05	-3.910841e-03	-1.076813e+00
3.477000e-05	-5.114427e-03	-8.241643e-01
3.478000e-05	-5.138333e-03	-6.537630e-01
3.479000e-05	-6.309972e-03	-3.920263e-01
3.480000e-05	-4.236580e-03	-1.830788e-01
3.481000e-05	-2.614951e-03	-2.552578e-03
3.482000e-05	4.058150e-03	2.520987e-01
3.483000e-05	-1.827464e-03	4.615290e-01
3.484000e-05	-2.703184e-04	6.305529e-01
3.485000e-05	-1.794303e-03	8.495239e-01
3.486000e-05	-2.155475e-03	1.030024e+00
3.487000e-05	-3.750068e-03	1.303788e+00
3.488000e-05	6.333937e-04	1.485237e+00
3.489000e-05	1.847373e-02	1.758317e+00
3.490000e-05	6.318879e-02	1.936340e+00
3.491000e-05	1.336767e-02	2.198400e+00
3.492000e-05	-6.477041e-02	2.431527e+00
3.493000e-05	-2.401997e-02	2.692733e+00
3.494000e-05	-3.392104e-02	2.895658e+00
3.495000e-05	-6.009514e-02	3.090630e+00
3.496000e-05	6.454143e-02	3.218997e+00
3.497000e-05	7.134687e-02	3.408129e+00
3.498000e-05	-1.450244e-01	3.599899e+00
3.499000e-05	1.440694e-01	3.796816e+00
3.500000e-05	-6.040273e-02	4.030555e+00
3.501000e-05	-3.713674e-02	4.252053e+00
3.502000e-05	7.387820e-02	4.492129e+00
3.503000e-05	-5.861452e-02	4.671133e+00
3.504000e-05	1.075967e-02	4.867177e+00
3.505000e-05	1.435585e-02	5.166370e+00
3.506000e-05	-2.544835e-02	5.390075e+00
3.507000e-05	2.177823e-02	5.597476e+00
3.508000e-05	-2.734666e-02	5.819019e+00
3.509000e-05	-8.218179e-04	6.040003e+00
3.510000e-05	-9.458305e-03	6.189502e+00
3.511000e-05	1.464504e-02	6.389400e+00
3.512000e-05	1.517542e-02	6.639475e+00
3.513000e-05	-2.823069e-02	6.799979e+00
3.514000e-05	2.232866e-02	7.027428e+00
3.515000e-05	-3.758834e-02	7.190396e+00
3.516000e-05	5.576069e-03	7.355235e+00
3.517000e-05	7.845005e-03	7.547370e+00
3.518000e-05	-8.753283e-03	7.757341e+00
3.519000e-05	1.096952e-02	7.955870e+00
3.520000e-05	-2.367765e-02	8.157345e+00
3.521000e-05	7.844877e-04	8.303285e+00
3.522000e-05	-7.967180e-03	8.453102e+00
3.523000e-05	5.101587e-03	8.579897e+00
3.524000e-05	-8.646343e-03	8.725791e+00
3.525000e-05	-1.965073e-03	8.922608e+00
3.526000e-05	4.607152e-03	9.040480e+00
3.527000e-05	-1.395629e-02	9.198903e+00
3.528000e-05	-2.517378e-03	9.314838e+00
3.529000e-05	-4.511721e-03	9.451582e+00
3.530000e-05	-1.159966e-03	9.610499e+00
3.531000e-05	-1.068096e-02	9.724317e+00
3.532000e-05	2.887303e-04	9.883633e+00
3.533000e-05	-2.016398e-03	1.003905e+01
3.534000e-05	-8.965618e-03	1.016684e+01
3.535000e-05	-1.080154e-02	1.023163e+01
3.536000e-05	-3.179549e-03	1.036839e+01
3.537000e-05	-2.361223e-03	1.049471e+01
3.538000e-05	-9.012002e-03	1.061000e+01
3.539000e-05	-5.688282e-03	1.070729e+01
3.540000e-05	-4.889192e-03	1.081113e+01
3.541000e-05	-6.722353e-03	1.094682e+01
3.542000e-05	-1.025185e-02	1.101058e+01
3.543000e-05	-5.744516e-03	1.108674e+01
3.544000e-05	-6.001365e-03	1.119000e+01
3.545000e-05	-8.865403e-03	1.129479e+01
3.546000e-05	-6.717172e-03	1.136735e+01
3.547000e-05	-7.705246e-03	1.142363e+01
3.548000e-05	-9.893513e-03	1.151679e+01
3.549000e-05	-1.003387e-02	1.165962e+01
3.550000e-05	-6.339123e-03	1.164614e+01
3.551000e-05	-8.758004e-03	1.173687e+01
3.552000e-05	-9.494086e-03	1.176895e+01
3.553000e-05	-1.201661e-02	1.181055e+01
3.554000e-05	-1.098487e-02	1.186461e+01
3.555000e-05	-1.149984e-02	1.185519e+01
3.556000e-05	-1.281112e-02	1.192629e+01
3.557000e-05	-1.259606e-02	1.195990e+01
3.558000e-05	-1.429089e-02	1.197055e+01
3.559000e-05	-1.424173e-02	1.198053e+01
3.560000e-05	-1.491692e-02	1.205045e+01
3.561000e-05	-1.470306e-02	1.204368e+01
3.562000e-05	-1.750059e-02	1.207258e+01
3.563000e-05	-1.901187e-02	1.208524e+01
3.564000e-05	-1.987873e-02	1.207378e+01
3.565000e-05	-1.968571e-02	1.203623e+01
3.566000e-05	-2.169429e-02	1.207316e+01
3.567000e-05	-2.344387e-02	1.203518e+01
3.568000e-05	-2.605291e-02	1.205108e+01
3.569000e-05	-2.774517e-02	1.200200e+01
3.570000e-05	-2.759460e-02	1.197097e+01
3.571000e-05	-2.931233e-02	1.197042e+01
3.572000e-05	-2.953084e-02	1.191837e+01
3.573000e-05	-2.910096e-02	1.190577e+01
3.574000e-05	-2.825025e-02	1.187471e+01
3.575000e-05	-2.803214e-02	1.181306e+01
3.576000e-05	-2.765860e-02	1.177992e+01
3.577000e-05	-2.476151e-02	1.169782e+01
3.578000e-05	-2.339998e-02	1.167516e+01
3.579000e-05	-2.182108e-02	1.161110e+01
3.580000e-05	-2.085846e-02	1.150782e+01
3.581000e-05	-1.947027e-02	1.139358e+01
3.582000e-05	-1.938655e-02	1.129684e+01
3.583000e-05	-1.786946e-02	1.120411e+01
3.584000e-05	-1.533210e-02	1.112939e+01
3.585000e-05	-1.478663e-02	1.104274e+01
3.586000e-05	-1.231483e-02	1.096140e+01
3.587000e-05	-1.381580e-02	1.087626e+01
3.588000e-05	-1.132418e-02	1.084208e+01
3.589000e-05	-1.362125e-02	1.069626e+01
3.590000e-05	-9.843117e-03	1.058063e+01
3.591000e-05	-1.083260e-02	1.043511e+01
3.592000e-05	-8.247068e-03	1.033887e+01
3.593000e-05	-1.022245e-02	1.024258e+01
3.594000e-05	-9.361389e-03	1.010785e+01
3.595000e-05	-9.568322e-03	9.952531e+00
3.596000e-05	-8.115536e-03	9.845312e+00
3.597000e-05	-7.631239e-03	9.708848e+00
3.598000e-05	-7.279824e-03	9.600899e+00
3.599000e-05	-7.878679e-03	9.443684e+00
3.600000e-05	-7.297175e-03	9.299870e+00
3.601000e-05	-6.452705e-03	9.213051e+00
3.602000e-05	-5.840252e-03	9.033612e+00
3.603000e-05	-6.998308e-03	8.857763e+00
3.604000e-05	-6.404853e-03	8.707794e+00
3.605000e-05	-6.293572e-03	8.570948e+00
3.606000e-05	-5.286508e-03	8.393109e+00
3.607000e-05	-5.325587e-03	8.246690e+00
3.608000e-05	-5.919386e-03	8.035189e+00
3.609000e-05	-5.643313e-03	7.938345e+00
3.610000e-05	-4.953861e-03	7.729896e+00
3.611000e-05	-5.608894e-03	7.578925e+00
3.612000e-05	-5.360433e-03	7.310396e+00
3.613000e-05	-5.397772e-03	7.169424e+00
3.614000e-05	-4.518909e-03	6.961471e+00
3.615000e-05	-4.657482e-03	6.781553e+00
3.616000e-05	-5.993033e-03	6.612128e+00
3.617000e-05	-5.242743e-03	6.353530e+00
3.618000e-05	-4.628360e-03	6.211552e+00
3.619000e-05	-5.776769e-03	6.033157e+00
3.620000e-05	-3.970557e-03	5.824688e+00
3.621000e-05	-6.512131e-03	5.614634e+00
3.622000e-05	-2.005369e-03	5.443007e+00
3.623000e-05	-4.407630e-03	5.233607e+00
3.624000e-05	-5.394816e-03	4.918457e+00
3.625000e-05	-4.251378e-03	4.740853e+00
3.626000e-05	-5.977520e-03	4.569893e+00
3.627000e-05	-3.185629e-03	4.331001e+00
3.628000e-05	-5.945053e-03	4.088896e+00
3.629000e-05	-4.194807e-03	3.917368e+00
3.630000e-05	-3.781542e-03	3.677371e+00
3.631000e-05	-5.210505e-03	3.547347e+00
3.632000e-05	-2.769899e-03	3.257186e+00
3.633000e-05	-5.297038e-03	3.064187e+00
3.634000e-05	-4.292152e-03	2.864689e+00
3.635000e-05	-4.230867e-03	2.676765e+00
3.636000e-05	-4.263818e-03	2.401531e+00
3.637000e-05	-3.734553e-03	2.164000e+00
3.638000e-05	-4.861253e-03	1.983549e+00
3.639000e-05	-3.655685e-03	1.770326e+00
3.640000e-05	-4.411176e-03	1.497442e+00
3.641000e-05	-4.547800e-03	1.306313e+00
3.642000e-05	-3.843501e-03	1.037062e+00
3.643000e-05	-3.452458e-03	8.010550e-01
3.644000e-05	-2.524700e-03	5.509698e-01
3.645000e-05	-3.504273e-03	3.294248e-01
3.646000e-05	-3.136392e-03	9.687210e-02
3.647000e-05	-5.790883e-06	-1.142568e-01
3.648000e-05	6.011897e-03	-3.222341e-01
3.649000e-05	-3.818441e-03	-4.727094e-01
3.650000e-05	2.186686e-03	-7.452436e-01
3.651000e-05	-2.898701e-03	-9.437386e-01
3.652000e-05	1.688805e-03	-1.094359e+00
3.653000e-05	-4.592913e-04	-1.321265e+00
3.654000e-05	1.991043e-02	-1.557896e+00
3.655000e-05	7.844418e-02	-1.756396e+00
3.656000e-05	-3.018912e-03	-2.038499e+00
3.657000e-05	-6.022351e-02	-2.414316e+00
3.658000e-05	-1.701356e-02	-2.618449e+00
3.659000e-05	-6.225920e-02	-2.797924e+00
3.660000e-05	-2.818341e-02	-2.912712e+00
3.661000e-05	1.613502e-01	-3.069985e+00
3.662000e-05	-1.015101e-01	-3.331738e+00
3.663000e-05	4.149520e-02	-3.532842e+00
3.664000e-05	6.014315e-02	-3.651104e+00
3.665000e-05	-1.519915e-01	-3.953837e+00
3.666000e-05	1.317271e-01	-4.123867e+00
3.667000e-05	-3.637698e-02	-4.343786e+00
3.668000e-05	-5.075253e-02	-4.513865e+00
3.669000e-05	1.282643e-01	-4.774793e+00
3.670000e-05	-1.296031e-01	-4.966371e+00
3.671000e-05	7.870578e-02	-5.148950e+00
3.672000e-05	-2.052087e-02	-5.437608e+00
3.673000e-05	-4.993486e-02	-5.683613e+00
3.674000e-05	9.037860e-02	-5.851155e+00
3.675000e-05	-8.688611e-02	-6.071052e+00
3.676000e-05	7.986611e-02	-6.249689e+00
3.677000e-05	-3.349418e-02	-6.473082e+00
3.678000e-05	4.340366e-03	-6.691208e+00
3.679000e-05	3.457508e-02	-6.820078e+00
3.680000e-05	-8.935065e-02	-7.078210e+00
3.681000e-05	8.853099e-02	-7.262132e+00
3.682000e-05	-5.050475e-02	-7.408524e+00
3.683000e-05	3.534136e-02	-7.619028e+00
3.684000e-05	5.503017e-03	-7.787546e+00
3.685000e-05	-2.422027e-02	-8.069505e+00
3.686000e-05	3.012234e-02	-8.156390e+00
3.687000e-05	-5.212991e-02	-8.332712e+00
3.688000e-05	4.755818e-02	-8.452630e+00
3.689000e-05	-9.766105e-03	-8.618023e+00
3.690000e-05	1.632607e-02	-8.808555e+00
3.691000e-05	-1.916368e-02	-8.956370e+00
3.692000e-05	-6.317012e-03	-9.082211e+00
3.693000e-05	2.690467e-02	-9.211000e+00
3.694000e-05	-1.863001e-02	-9.395389e+00
3.695000e-05	1.345715e-02	-9.473635e+00
3.696000e-05	-9.449361e-03	-9.661607e+00
3.697000e-05	2.230093e-02	-9.776051e+00
3.698000e-05	-1.695958e-02	-9.935136e+00
3.699000e-05	1.576354e-03	-1.000156e+01
3.700000e-05	4.352265e-03	-1.016489e+01
3.701000e-05	4.017835e-03	-1.028482e+01
3.702000e-05	-3.144386e-03	-1.043093e+01
3.703000e-05	1.254608e-03	-1.053532e+01
3.704000e-05	1.585897e-02	-1.061058e+01
3.705000e-05	-3.243239e-03	-1.070537e+01
3.706000e-05	-4.319121e-04	-1.083153e+01
3.707000e-05	-2.746199e-03	-1.095379e+01
3.708000e-05	1.222592e-02	-1.098738e+01
3.709000e-05	-1.354711e-03	-1.112524e+01
3.710000e-05	6.560917e-03	-1.119858e+01
3.711000e-05	3.441860e-03	-1.131424e+01
3.712000e-05	2.837002e-03	-1.136645e+01
3.713000e-05	9.389811e-04	-1.147010e+01
3.714000e-05	5.779052e-03	-1.155434e+01
3.715000e-05	8.841835e-03	-1.154845e+01
3.716000e-05	4.405718e-03	-1.166113e+01
3.717000e-05	6.403799e-03	-1.171334e+01
3.718000e-05	3.475382e-03	-1.171587e+01
3.719000e-05	5.884662e-03	-1.179001e+01
3.720000e-05	3.785700e-03	-1.183303e+01
3.721000e-05	8.164378e-03	-1.188376e+01
3.722000e-05	7.442908e-03	-1.193637e+01
3.723000e-05	7.417107e-03	-1.194852e+01
3.724000e-05	9.569672e-03	-1.198800e+01
3.725000e-05	9.379311e-03	-1.201158e+01
3.726000e-05	8.853544e-03	-1.207166e+01
3.727000e-05	8.613257e-03	-1.206261e+01
3.728000e-05	1.277569e-02	-1.208366e+01
3.729000e-05	1.478762e-02	-1.206373e+01
3.730000e-05	1.400258e-02	-1.209519e+01
3.731000e-05	1.522994e-02	-1.206164e+01
3.732000e-05	1.649583e-02	-1.204316e+01
3.733000e-05	1.879334e-02	-1.208266e+01
3.734000e-05	1.968495e-02	-1.203113e+01
3.735000e-05	2.215543e-02	-1.198250e+01
3.736000e-05	2.386370e-02	-1.198998e+01
3.737000e-05	2.231759e-02	-1.195887e+01
3.738000e-05	2.425655e-02	-1.188779e+01
3.739000e-05	2.482048e-02	-1.185119e+01
3.740000e-05	2.360319e-02	-1.180266e+01
3.741000e-05	2.261007e-02	-1.176893e+01
3.742000e-05	2.011111e-02	-1.175427e+01
3.743000e-05	1.938158e-02	-1.165253e+01
3.744000e-05	1.771084e-02	-1.152838e+01
3.745000e-05	1.498420e-02	-1.147574e+01
3.746000e-05	1.348245e-02	-1.140051e+01
3.747000e-05	1.204229e-02	-1.127479e+01
3.748000e-05	1.242613e-02	-1.123011e+01
3.749000e-05	1.040890e-02	-1.114742e+01
3.750000e-05	8.991671e-03	-1.099298e+01
3.751000e-05	7.371660e-03	-1.090742e+01
3.752000e-05	5.506284e-03	-1.085318e+01
3.753000e-05	5.255233e-03	-1.075048e+01
3.754000e-05	5.154102e-03	-1.068474e+01
3.755000e-05	5.224809e-03	-1.057900e+01
3.756000e-05	3.695987e-03	-1.045429e+01
3.757000e-05	3.504446e-03	-1.037945e+01
3.758000e-05	2.753870e-03	-1.020414e+01
3.759000e-05	3.132116e-03	-1.010534e+01
3.760000e-05	1.673816e-03	-9.989353e+00
3.761000e-05	1.694053e-03	-9.834237e+00
3.762000e-05	2.416273e-03	-9.728900e+00
3.763000e-05	3.858810e-04	-9.643161e+00
3.764000e-05	7.680310e-04	-9.516343e+00
3.765000e-05	8.504001e-04	-9.357922e+00
3.766000e-05	-4.443934e-04	-9.232506e+00
3.767000e-05	-5.024746e-04	-9.032741e+00
3.768000e-05	7.062049e-04	-8.917421e+00
3.769000e-05	-5.863862e-04	-8.770924e+00
3.770000e-05	-1.131061e-03	-8.591631e+00
3.771000e-05	-1.933179e-03	-8.453111e+00
3.772000e-05	-1.045418e-03	-8.315294e+00
3.773000e-05	-1.436684e-03	-8.148974e+00
3.774000e-05	-1.684739e-03	-7.971000e+00
3.775000e-05	-1.473549e-03	-7.749478e+00
3.776000e-05	-2.074932e-03	-7.571876e+00
3.777000e-05	-3.522002e-03	-7.381575e+00
3.778000e-05	-4.210077e-03	-7.211006e+00
3.779000e-05	-3.265657e-03	-7.003110e+00
3.780000e-05	-1.157378e-03	-6.792064e+00
3.781000e-05	-2.758858e-03	-6.642583e+00
3.782000e-05	-3.478246e-03	-6.454634e+00
3.783000e-05	-4.154756e-03	-6.334362e+00
3.784000e-05	-4.264404e-03	-6.073186e+00
3.785000e-05	-4.105711e-03	-5.854711e+00
3.786000e-05	-3.472907e-03	-5.685637e+00
3.787000e-05	-3.446328e-03	-5.517895e+00
3.788000e-05	-3.380398e-03	-5.236657e+00
3.789000e-05	-4.115057e-03	-5.052062e+00
3.790000e-05	-2.976838e-03	-4.728877e+00
3.791000e-05	-4.947123e-03	-4.570450e+00
3.792000e-05	-3.814457e-03	-4.432028e+00
3.793000e-05	-4.930856e-03	-4.162130e+00
3.794000e-05	-3.063897e-03	-4.042082e+00
3.795000e-05	-4.222066e-03	-3.841005e+00
3.796000e-05	-1.998827e-03	-3.550476e+00
3.797000e-05	-3.990927e-03	-3.370424e+00
3.798000e-05	-5.130290e-03	-3.172454e+00
3.799000e-05	-5.769681e-03	-2.887795e+00
3.800000e-05	-5.276946e-03	-2.686316e+00
3.801000e-05	-3.962014e-03	-2.477243e+00
3.802000e-05	-4.329276e-03	-2.235289e+00
3.803000e-05	-4.001315e-03	-2.002609e+00
3.804000e-05	-4.643881e-03	-1.823158e+00
3.805000e-05	-3.945963e-03	-1.604531e+00
3.806000e-05	-5.257817e-03	-1.310447e+00
3.807000e-05	-4.506338e-03	-1.067341e+00
3.808000e-05	-6.238760e-03	-8.657103e-01
3.809000e-05	-4.976365e-03	-6.752103e-01
3.810000e-05	-6.230526e-03	-4.220553e-01
3.811000e-05	-3.647075e-03	-2.020301e-01
3.812000e-05	-2.349985e-03	7.946303e-03
3.813000e-05	4.167280e-03	2.275550e-01
3.814000e-05	-1.234561e-03	4.315515e-01
3.815000e-05	-4.038020e-04	6.620762e-01
3.816000e-05	-2.092297e-03	8.394739e-01
3.817000e-05	-1.940150e-03	1.080578e+00
3.818000e-05	-4.236846e-03	1.284784e+00
3.819000e-05	7.226520e-04	1.505210e+00
3.820000e-05	1.740797e-02	1.785295e+00
3.821000e-05	6.201481e-02	1.955865e+00
3.822000e-05	1.754436e-02	2.178915e+00
3.823000e-05	-6.489364e-02	2.398505e+00
3.824000e-05	-2.386135e-02	2.723136e+00
3.825000e-05	-3.545978e-02	2.882681e+00
3.826000e-05	-5.795722e-02	3.072103e+00
3.827000e-05	5.718152e-02	3.188500e+00
3.828000e-05	8.109404e-02	3.419047e+00
3.829000e-05	-1.492531e-01	3.610476e+00
3.830000e-05	1.385307e-01	3.785864e+00
3.831000e-05	-5.087171e-02	4.009948e+00
3.832000e-05	-4.516673e-02	4.240450e+00
3.833000e-05	7.355428e-02	4.451605e+00
3.834000e-05	-5.661156e-02	4.681539e+00
3.835000e-05	8.873139e-03	4.890104e+00
3.836000e-05	1.989576e-02	5.156790e+00
3.837000e-05	-2.745421e-02	5.428399e+00
3.838000e-05	2.120859e-02	5.599446e+00
3.839000e-05	-2.622696e-02	5.797024e+00
3.840000e-05	-3.581413e-03	6.049000e+00
3.841000e-05	-9.206228e-03	6.188946e+00
3.842000e-05	1.207104e-02	6.379894e+00
3.843000e-05	1.694191e-02	6.599394e+00
3.844000e-05	-2.984935e-02	6.829954e+00
3.845000e-05	2.403199e-02	7.028525e+00
3.846000e-05	-3.445074e-02	7.177894e+00
3.847000e-05	3.190724e-03	7.336732e+00
3.848000e-05	6.890193e-03	7.575795e+00
3.849000e-05	-1.097838e-02	7.756346e+00
3.850000e-05	1.128335e-02	7.945891e+00
3.851000e-05	-2.226450e-02	8.096916e+00
3.852000e-05	2.889241e-03	8.295267e+00
3.853000e-05	-7.707717e-03	8.432503e+00
3.854000e-05	3.462297e-03	8.617943e+00
3.855000e-05	-8.482667e-03	8.705214e+00
3.856000e-05	-3.514604e-03	8.873232e+00
3.857000e-05	4.013365e-03	9.000580e+00
3.858000e-05	-1.430345e-02	9.189499e+00
3.859000e-05	-1.848025e-03	9.325690e+00
3.860000e-05	-3.410922e-03	9.461208e+00
3.861000e-05	-7.173824e-04	9.577343e+00
3.862000e-05	-9.379668e-03	9.744817e+00
3.863000e-05	-1.144310e-03	9.832633e+00
3.864000e-05	-3.541917e-03	1.000100e+01
3.865000e-05	-9.601668e-03	1.012584e+01
3.866000e-05	-1.005185e-02	1.024156e+01
3.867000e-05	-1.790558e-03	1.036789e+01
3.868000e-05	-2.306252e-03	1.046506e+01
3.869000e-05	-1.110870e-02	1.059885e+01
3.870000e-05	-4.322612e-03	1.070524e+01
3.871000e-05	-5.266125e-03	1.082153e+01
3.872000e-05	-5.004015e-03	1.092576e+01
3.873000e-05	-1.130862e-02	1.100105e+01
3.874000e-05	-6.067995e-03	1.108466e+01
3.875000e-05	-5.931731e-03	1.120144e+01
3.876000e-05	-1.030706e-02	1.128469e+01
3.877000e-05	-6.818512e-03	1.135735e+01
3.878000e-05	-8.057224e-03	1.141105e+01
3.879000e-05	-8.374339e-03	1.157734e+01
3.880000e-05	-1.009607e-02	1.162208e+01
3.881000e-05	-6.849891e-03	1.167566e+01
3.882000e-05	-7.783714e-03	1.175527e+01
3.883000e-05	-1.004943e-02	1.177000e+01
3.884000e-05	-1.111133e-02	1.183053e+01
3.885000e-05	-1.166665e-02	1.185461e+01
3.886000e-05	-1.172506e-02	1.189424e+01
3.887000e-05	-1.207408e-02	1.192887e+01
3.888000e-05	-1.261146e-02	1.192684e+01
3.889000e-05	-1.436760e-02	1.196047e+01
3.890000e-05	-1.525508e-02	1.197050e+01
3.891000e-05	-1.391223e-02	1.204155e+01
3.892000e-05	-1.388482e-02	1.203256e+01
3.893000e-05	-1.766978e-02	1.204366e+01
3.894000e-05	-1.864775e-02	1.205220e+01
3.895000e-05	-1.959146e-02	1.206524e+01
3.896000e-05	-2.016126e-02	1.207316e+01
3.897000e-05	-2.256528e-02	1.205419e+01
3.898000e-05	-2.420735e-02	1.206518e+01
3.899000e-05	-2.425716e-02	1.206411e+01
3.900000e-05	-2.577275e-02	1.205153e+01
3.901000e-05	-2.709306e-02	1.201158e+01
3.902000e-05	-2.891601e-02	1.196987e+01
3.903000e-05	-2.922320e-02	1.196787e+01
3.904000e-05	-2.958909e-02	1.187585e+01
3.905000e-05	-2.921598e-02	1.187564e+01
3.906000e-05	-2.817272e-02	1.182216e+01
3.907000e-05	-2.637449e-02	1.176885e+01
3.908000e-05	-2.548865e-02	1.171737e+01
3.909000e-05	-2.370581e-02	1.163421e+01
3.910000e-05	-2.384261e-02	1.156252e+01
3.911000e-05	-1.887873e-02	1.149532e+01
3.912000e-05	-1.912020e-02	1.137209e+01
3.913000e-05	-1.986699e-02	1.130680e+01
3.914000e-05	-1.714119e-02	1.125198e+01
3.915000e-05	-1.698837e-02	1.113947e+01
3.916000e-05	-1.420636e-02	1.107414e+01
3.917000e-05	-1.410902e-02	1.094890e+01
3.918000e-05	-1.183787e-02	1.087627e+01
3.919000e-05	-1.131963e-02	1.081106e+01
3.920000e-05	-1.422800e-02	1.068476e+01
3.921000e-05	-9.502766e-03	1.057103e+01
3.922000e-05	-1.124754e-02	1.047556e+01
3.923000e-05	-8.536677e-03	1.032832e+01
3.924000e-05	-1.155772e-02	1.024315e+01
3.925000e-05	-7.393320e-03	1.009787e+01
3.926000e-05	-8.815755e-03	1.001260e+01
3.927000e-05	-8.496720e-03	9.875261e+00
3.928000e-05	-8.618557e-03	9.696794e+00
3.929000e-05	-8.041199e-03	9.570949e+00
3.930000e-05	-8.330497e-03	9.473708e+00
3.931000e-05	-7.569528e-03	9.327816e+00
3.932000e-05	-6.472763e-03	9.201451e+00
3.933000e-05	-5.395313e-03	9.035236e+00
3.934000e-05	-6.473410e-03	8.876283e+00
3.935000e-05	-6.290474e-03	8.719295e+00
3.936000e-05	-6.005815e-03	8.560423e+00
3.937000e-05	-5.794186e-03	8.434154e+00
3.938000e-05	-7.124363e-03	8.244766e+00
3.939000e-05	-5.304584e-03	8.084819e+00
3.940000e-05	-5.098112e-03	7.918820e+00
3.941000e-05	-5.461325e-03	7.746892e+00
3.942000e-05	-5.089423e-03	7.510973e+00
3.943000e-05	-4.437365e-03	7.349927e+00
3.944000e-05	-4.851670e-03	7.141901e+00
3.945000e-05	-5.864422e-03	6.971476e+00
3.946000e-05	-5.479620e-03	6.781029e+00
3.947000e-05	-5.238817e-03	6.582580e+00
3.948000e-05	-4.848746e-03	6.402975e+00
3.949000e-05	-4.766360e-03	6.173579e+00
3.950000e-05	-5.340983e-03	6.032658e+00
3.951000e-05	-4.456197e-03	5.836737e+00
3.952000e-05	-4.543974e-03	5.612604e+00
3.953000e-05	-5.252406e-03	5.414104e+00
3.954000e-05	-4.425460e-03	5.212553e+00
3.955000e-05	-4.236829e-03	4.950901e+00
3.956000e-05	-4.817613e-03	4.750895e+00
3.957000e-05	-4.542628e-03	4.548897e+00
3.958000e-05	-4.716859e-03	4.350451e+00
3.959000e-05	-4.341248e-03	4.120267e+00
3.960000e-05	-4.016788e-03	3.868845e+00
3.961000e-05	-3.892031e-03	3.698345e+00
3.962000e-05	-5.397137e-03	3.517887e+00
3.963000e-05	-4.615297e-03	3.265264e+00
3.964000e-05	-4.421119e-03	3.025736e+00
3.965000e-05	-4.035092e-03	2.854767e+00
3.966000e-05	-4.781019e-03	2.687286e+00
3.967000e-05	-4.281366e-03	2.403451e+00
3.968000e-05	-4.279284e-03	2.131024e+00
3.969000e-05	-4.111258e-03	1.992025e+00
3.970000e-05	-5.109853e-03	1.752925e+00
3.971000e-05	-4.310240e-03	1.537770e+00
3.972000e-05	-3.710275e-03	1.298813e+00
3.973000e-05	-4.204294e-03	1.023665e+00
3.974000e-05	-4.465220e-03	7.720250e-01
3.975000e-05	-3.916208e-03	5.304749e-01
3.976000e-05	-3.754392e-03	3.309273e-01
3.977000e-05	-3.651155e-03	9.976948e-02
3.978000e-05	-6.144878e-05	-1.212332e-01
3.979000e-05	7.110391e-03	-2.846844e-01
3.980000e-05	-2.042216e-03	-5.117078e-01
3.981000e-05	1.903167e-03	-7.747884e-01
3.982000e-05	-4.350060e-03	-9.242634e-01
3.983000e-05	2.055217e-03	-1.134262e+00
3.984000e-05	-1.704052e-03	-1.333384e+00
3.985000e-05	1.860040e-02	-1.627446e+00
3.986000e-05	7.591872e-02	-1.744819e+00
3.987000e-05	4.716997e-03	-2.035968e+00
3.988000e-05	-6.277982e-02	-2.374799e+00
3.989000e-05	-1.578788e-02	-2.608075e+00
3.990000e-05	-6.113949e-02	-2.788470e+00
3.991000e-05	-3.401760e-02	-2.903734e+00
3.992000e-05	1.613606e-01	-3.019024e+00
3.993000e-05	-9.505961e-02	-3.282111e+00
3.994000e-05	2.857566e-02	-3.535743e+00
3.995000e-05	7.174853e-02	-3.648600e+00
3.996000e-05	-1.572323e-01	-3.924321e+00
3.997000e-05	1.295844e-01	-4.126389e+00
3.998000e-05	-2.697977e-02	-4.335292e+00
3.999000e-05	-5.825268e-02	-4.564242e+00
4.000000e-05	1.303750e-01	-4.764732e+00
4.001000e-05	-1.255955e-01	-4.985941e+00
4.002000e-05	7.060777e-02	-5.197950e+00
4.003000e-05	-1.069954e-02	-5.449603e+00
4.004000e-05	-6.009339e-02	-5.672655e+00
4.005000e-05	9.251167e-02	-5.871630e+00
4.006000e-05	-8.495075e-02	-6.019554e+00
4.007000e-05	7.674180e-02	-6.251116e+00
4.008000e-05	-2.531351e-02	-6.472531e+00
4.009000e-05	-2.592174e-03	-6.663137e+00
4.010000e-05	4.206592e-02	-6.800597e+00
4.011000e-05	-9.272968e-02	-7.049706e+00
4.012000e-05	8.556904e-02	-7.210557e+00
4.013000e-05	-4.824082e-02	-7.399050e+00
4.014000e-05	3.011397e-02	-7.628576e+00
4.015000e-05	1.107070e-02	-7.827051e+00
4.016000e-05	-2.834634e-02	-7.988503e+00
4.017000e-05	3.356684e-02	-8.146942e+00
4.018000e-05	-5.215087e-02	-8.313787e+00
4.019000e-05	4.699438e-02	-8.492078e+00
4.020000e-05	-8.702385e-03	-8.629557e+00
4.021000e-05	1.332571e-02	-8.809476e+00
4.022000e-05	-1.625781e-02	-8.954870e+00
4.023000e-05	-9.575509e-03	-9.072734e+00
4.024000e-05	2.787472e-02	-9.200449e+00
4.025000e-05	-1.886802e-02	-9.395849e+00
4.026000e-05	1.462168e-02	-9.504713e+00
4.027000e-05	-1.010926e-02	-9.651108e+00
4.028000e-05	2.129472e-02	-9.778470e+00
4.029000e-05	-1.611353e-02	-9.886733e+00
4.030000e-05	1.590600e-03	-9.999105e+00
4.031000e-05	4.571720e-03	-1.016640e+01
4.032000e-05	3.342961e-03	-1.027124e+01
4.033000e-05	-2.290803e-03	-1.043903e+01
4.034000e-05	3.181463e-04	-1.053534e+01
4.035000e-05	1.572731e-02	-1.063055e+01
4.036000e-05	-2.872891e-03	-1.075382e+01
4.037000e-05	6.029688e-04	-1.082055e+01
4.038000e-05	-3.490590e-03	-1.094421e+01
4.039000e-05	1.056354e-02	-1.103055e+01
4.040000e-05	-1.398586e-03	-1.111284e+01
4.041000e-05	6.448067e-03	-1.121898e+01
4.042000e-05	4.398569e-03	-1.126369e+01
4.043000e-05	3.032918e-03	-1.139000e+01
4.044000e-05	1.505297e-03	-1.142108e+01
4.045000e-05	5.444253e-03	-1.151577e+01
4.046000e-05	8.433058e-03	-1.164847e+01
4.047000e-05	3.278562e-03	-1.166166e+01
4.048000e-05	5.369000e-03	-1.167482e+01
4.049000e-05	4.468801e-03	-1.172690e+01
4.050000e-05	6.720841e-03	-1.178003e+01
4.051000e-05	3.255269e-03	-1.183263e+01
4.052000e-05	7.608078e-03	-1.189484e+01
4.053000e-05	6.767012e-03	-1.194689e+01
4.054000e-05	7.380664e-03	-1.196795e+01
4.055000e-05	9.884028e-03	-1.200860e+01
4.056000e-05	1.078710e-02	-1.202211e+01
4.057000e-05	8.398134e-03	-1.202153e+01
4.058000e-05	8.511509e-03	-1.206216e+01
4.059000e-05	1.288695e-02	-1.206221e+01
4.060000e-05	1.453238e-02	-1.207371e+01
4.061000e-05	1.286411e-02	-1.204324e+01
4.062000e-05	1.601266e-02	-1.206222e+01
4.063000e-05	1.724358e-02	-1.204269e+01
4.064000e-05	1.942205e-02	-1.207216e+01
4.065000e-05	1.948423e-02	-1.205258e+01
4.066000e-05	2.104793e-02	-1.202003e+01
4.067000e-05	2.374351e-02	-1.201107e+01
4.068000e-05	2.274449e-02	-1.195945e+01
4.069000e-05	2.402024e-02	-1.186534e+01
4.070000e-05	2.391083e-02	-1.185321e+01
4.071000e-05	2.379609e-02	-1.182361e+01
4.072000e-05	2.149128e-02	-1.178640e+01
4.073000e-05	2.066595e-02	-1.167529e+01
4.074000e-05	1.938498e-02	-1.161208e+01
4.075000e-05	1.782764e-02	-1.152895e+01
4.076000e-05	1.567710e-02	-1.152427e+01
4.077000e-05	1.298481e-02	-1.138155e+01
4.078000e-05	1.191046e-02	-1.131627e+01
4.079000e-05	1.220973e-02	-1.120003e+01
4.080000e-05	1.066752e-02	-1.110639e+01
4.081000e-05	8.724307e-03	-1.102153e+01
4.082000e-05	7.184449e-03	-1.094897e+01
4.083000e-05	5.735655e-03	-1.087318e+01
4.084000e-05	5.478044e-03	-1.074045e+01
4.085000e-05	5.351221e-03	-1.067626e+01
4.086000e-05	4.437303e-03	-1.060048e+01
4.087000e-05	4.003526e-03	-1.050629e+01
4.088000e-05	2.773970e-03	-1.038944e+01
4.089000e-05	3.228138e-03	-1.021421e+01
4.090000e-05	2.551579e-03	-1.011629e+01
4.091000e-05	1.879618e-03	-9.969425e+00
4.092000e-05	2.020839e-03	-9.874812e+00
4.093000e-05	2.009206e-03	-9.719449e+00
4.094000e-05	5.867762e-04	-9.633236e+00
4.095000e-05	1.101300e-03	-9.527292e+00
4.096000e-05	9.679267e-04	-9.359978e+00
4.097000e-05	7.164883e-04	-9.190500e+00
4.098000e-05	-5.924536e-05	-9.074366e+00
4.099000e-05	-9.904746e-04	-8.935948e+00
4.100000e-05	-3.042168e-04	-8.791575e+00
4.101000e-05	-6.425492e-04	-8.571610e+00
4.102000e-05	-1.332009e-03	-8.453182e+00
4.103000e-05	-1.432882e-03	-8.306292e+00
4.104000e-05	-1.188618e-03	-8.137947e+00
4.105000e-05	-1.680179e-03	-7.970501e+00
4.106000e-05	-3.216059e-03	-7.750555e+00
4.107000e-05	-1.869599e-03	-7.568975e+00
4.108000e-05	-2.804731e-03	-7.391028e+00
4.109000e-05	-2.231309e-03	-7.231653e+00
4.110000e-05	-2.868380e-03	-7.012532e+00
4.111000e-05	-2.842625e-03	-6.802554e+00
4.112000e-05	-3.294169e-03	-6.653212e+00
4.113000e-05	-3.497638e-03	-6.444186e+00
4.114000e-05	-3.584702e-03	-6.276314e+00
4.115000e-05	-3.047592e-03	-6.046216e+00
4.116000e-05	-4.190684e-03	-5.834163e+00
4.117000e-05	-3.572864e-03	-5.686817e+00
4.118000e-05	-4.410860e-03	-5.476336e+00
4.119000e-05	-3.282990e-03	-5.274759e+00
4.120000e-05	-4.231502e-03	-5.043632e+00
4.121000e-05	-2.762331e-03	-4.740952e+00
4.122000e-05	-4.472217e-03	-4.569450e+00
4.123000e-05	-3.298203e-03	-4.411103e+00
4.124000e-05	-5.308431e-03	-4.232533e+00
4.125000e-05	-3.683445e-03	-4.021632e+00
4.126000e-05	-3.760349e-03	-3.802632e+00
4.127000e-05	-2.392068e-03	-3.600478e+00
4.128000e-05	-3.355213e-03	-3.410574e+00
4.129000e-05	-4.907600e-03	-3.201028e+00
4.130000e-05	-4.175977e-03	-2.917963e+00
4.131000e-05	-5.487446e-03	-2.705395e+00
4.132000e-05	-4.554266e-03	-2.478216e+00
4.133000e-05	-4.384978e-03	-2.285844e+00
4.134000e-05	-3.308521e-03	-2.013185e+00
4.135000e-05	-4.441694e-03	-1.834083e+00
4.136000e-05	-4.026229e-03	-1.633609e+00
4.137000e-05	-5.851822e-03	-1.370403e+00
4.138000e-05	-4.030836e-03	-1.097341e+00
4.139000e-05	-5.750971e-03	-8.862919e-01
4.140000e-05	-4.820746e-03	-6.768146e-01
4.141000e-05	-5.669503e-03	-3.921040e-01
4.142000e-05	-3.061326e-03	-1.820576e-01
4.143000e-05	-2.829274e-03	-1.358020e-02
4.144000e-05	3.784401e-03	2.290001e-01
4.145000e-05	-1.784231e-03	4.406001e-01
4.146000e-05	-6.078453e-04	6.390514e-01
4.147000e-05	-1.116749e-03	8.294724e-01
4.148000e-05	-1.601149e-03	1.039679e+00
4.149000e-05	-3.002244e-03	1.283759e+00
4.150000e-05	1.981771e-04	1.534158e+00
4.151000e-05	1.608586e-02	1.766393e+00
4.152000e-05	5.989094e-02	1.966871e+00
4.153000e-05	2.166887e-02	2.207390e+00
4.154000e-05	-6.673015e-02	2.438448e+00
4.155000e-05	-2.348000e-02	2.663183e+00
4.156000e-05	-3.363269e-02	2.893209e+00
4.157000e-05	-5.702753e-02	3.093555e+00
4.158000e-05	4.939668e-02	3.158897e+00
4.159000e-05	8.898967e-02	3.450499e+00
4.160000e-05	-1.512364e-01	3.609974e+00
4.161000e-05	1.314005e-01	3.767893e+00
4.162000e-05	-4.206035e-02	4.008499e+00
4.163000e-05	-4.866845e-02	4.217423e+00
4.164000e-05	7.815299e-02	4.462103e+00
4.165000e-05	-5.393647e-02	4.663103e+00
4.166000e-05	2.842223e-03	4.861033e+00
4.167000e-05	2.318113e-02	5.126295e+00
4.168000e-05	-2.967235e-02	5.409019e+00
4.169000e-05	1.877799e-02	5.546844e+00
4.170000e-05	-2.606435e-02	5.808447e+00
4.171000e-05	-2.105780e-03	6.040000e+00
4.172000e-05	-5.968897e-03	6.188448e+00
4.173000e-05	9.442344e-03	6.378421e+00
4.174000e-05	1.919241e-02	6.598521e+00
4.175000e-05	-2.919526e-02	6.809923e+00
4.176000e-05	2.330763e-02	7.027451e+00
4.177000e-05	-3.721412e-02	7.156371e+00
4.178000e-05	1.151824e-03	7.356710e+00
4.179000e-05	1.095496e-02	7.547394e+00
4.180000e-05	-1.046371e-02	7.777842e+00
4.181000e-05	1.154250e-02	7.985365e+00
4.182000e-05	-2.203422e-02	8.156292e+00
4.183000e-05	8.912899e-04	8.314663e+00
4.184000e-05	-8.274254e-03	8.432079e+00
4.185000e-05	3.977228e-03	8.578920e+00
4.186000e-05	-7.331708e-03	8.704237e+00
4.187000e-05	-3.288990e-03	8.863007e+00
4.188000e-05	3.414979e-03	9.038527e+00
4.189000e-05	-1.408206e-02	9.167526e+00
4.190000e-05	-3.604316e-03	9.325240e+00
4.191000e-05	-3.578143e-03	9.420578e+00
4.192000e-05	4.164884e-04	9.588950e+00
4.193000e-05	-9.239260e-03	9.737217e+00
4.194000e-05	-1.982899e-03	9.850134e+00
4.195000e-05	-2.839959e-03	9.999500e+00
4.196000e-05	-9.411907e-03	1.016742e+01
4.197000e-05	-1.090480e-02	1.025200e+01
4.198000e-05	-2.795188e-03	1.037582e+01
4.199000e-05	-1.806724e-03	1.048271e+01
4.200000e-05	-7.694193e-03	1.059747e+01
4.201000e-05	-6.058001e-03	1.072674e+01
4.202000e-05	-4.626421e-03	1.081051e+01
4.203000e-05	-7.144231e-03	1.091529e+01
4.204000e-05	-1.000177e-02	1.101950e+01
4.205000e-05	-5.566298e-03	1.111628e+01
4.206000e-05	-7.214557e-03	1.116990e+01
4.207000e-05	-7.915215e-03	1.128216e+01
4.208000e-05	-7.421739e-03	1.137791e+01
4.209000e-05	-7.211434e-03	1.142268e+01
4.210000e-05	-1.017081e-02	1.154684e+01
4.211000e-05	-1.006812e-02	1.157905e+01
4.212000e-05	-6.166184e-03	1.169471e+01
4.213000e-05	-7.939691e-03	1.172639e+01
4.214000e-05	-1.014712e-02	1.179940e+01
4.215000e-05	-1.200955e-02	1.183151e+01
4.216000e-05	-1.103625e-02	1.184261e+01
4.217000e-05	-1.320697e-02	1.188626e+01
4.218000e-05	-1.239157e-02	1.192629e+01
4.219000e-05	-1.231560e-02	1.192727e+01
4.220000e-05	-1.377164e-02	1.197847e+01
4.221000e-05	-1.495164e-02	1.202250e+01
4.222000e-05	-1.511117e-02	1.200300e+01
4.223000e-05	-1.432631e-02	1.205205e+01
4.224000e-05	-1.776627e-02	1.204206e+01
4.225000e-05	-1.872362e-02	1.207418e+01
4.226000e-05	-1.980976e-02	1.210415e+01
4.227000e-05	-2.027920e-02	1.208366e+01
4.228000e-05	-2.168680e-02	1.208166e+01
4.229000e-05	-2.373190e-02	1.206261e+01
4.230000e-05	-2.460771e-02	1.205300e+01
4.231000e-05	-2.751418e-02	1.206158e+01
4.232000e-05	-2.776631e-02	1.199248e+01
4.233000e-05	-2.922990e-02	1.196942e+01
4.234000e-05	-2.876021e-02	1.191942e+01
4.235000e-05	-3.009203e-02	1.190582e+01
4.236000e-05	-2.884367e-02	1.187464e+01
4.237000e-05	-2.842487e-02	1.183208e+01
4.238000e-05	-2.687076e-02	1.176890e+01
4.239000e-05	-2.502929e-02	1.172779e+01
4.240000e-05	-2.420454e-02	1.163416e+01
4.241000e-05	-2.257221e-02	1.159955e+01
4.242000e-05	-2.143629e-02	1.150824e+01
4.243000e-05	-1.931532e-02	1.138208e+01
4.244000e-05	-1.827196e-02	1.133885e+01
4.245000e-05	-1.738495e-02	1.122256e+01
4.246000e-05	-1.499636e-02	1.112887e+01
4.247000e-05	-1.462873e-02	1.105468e+01
4.248000e-05	-1.270612e-02	1.098203e+01
4.249000e-05	-1.273173e-02	1.091679e+01
4.250000e-05	-1.201161e-02	1.078250e+01
4.251000e-05	-1.266390e-02	1.069727e+01
4.252000e-05	-9.853351e-03	1.057956e+01
4.253000e-05	-1.065271e-02	1.048511e+01
4.254000e-05	-8.951617e-03	1.034837e+01
4.255000e-05	-1.078771e-02	1.022256e+01
4.256000e-05	-8.347415e-03	1.012734e+01
4.257000e-05	-9.538307e-03	1.004216e+01
4.258000e-05	-7.965869e-03	9.866717e+00
4.259000e-05	-8.436229e-03	9.728398e+00
4.260000e-05	-7.257653e-03	9.600474e+00
4.261000e-05	-8.130116e-03	9.444285e+00
4.262000e-05	-7.124750e-03	9.307266e+00
4.263000e-05	-7.084310e-03	9.222553e+00
4.264000e-05	-6.040399e-03	9.065110e+00
4.265000e-05	-6.824192e-03	8.886263e+00
4.266000e-05	-6.365564e-03	8.707370e+00
4.267000e-05	-5.987085e-03	8.549952e+00
4.268000e-05	-5.455090e-03	8.423210e+00
4.269000e-05	-6.470474e-03	8.264262e+00
4.270000e-05	-5.193181e-03	8.076261e+00
4.271000e-05	-5.800208e-03	7.956292e+00
4.272000e-05	-4.957646e-03	7.709899e+00
4.273000e-05	-5.368583e-03	7.559978e+00
4.274000e-05	-5.491598e-03	7.309849e+00
4.275000e-05	-5.589890e-03	7.159470e+00
4.276000e-05	-5.143346e-03	6.961479e+00
4.277000e-05	-4.836951e-03	6.782530e+00
4.278000e-05	-5.331497e-03	6.573527e+00
4.279000e-05	-5.571842e-03	6.392977e+00
4.280000e-05	-5.722591e-03	6.213080e+00
4.281000e-05	-3.691713e-03	6.054084e+00
4.282000e-05	-5.543366e-03	5.855738e+00
4.283000e-05	-5.044236e-03	5.636581e+00
4.284000e-05	-4.752322e-03	5.425157e+00
4.285000e-05	-3.815912e-03	5.224184e+00
4.286000e-05	-5.036722e-03	4.972433e+00
4.287000e-05	-5.312031e-03	4.720896e+00
4.288000e-05	-4.822250e-03	4.519373e+00
4.289000e-05	-4.731278e-03	4.361999e+00
4.290000e-05	-5.026863e-03	4.109348e+00
4.291000e-05	-4.327855e-03	3.919892e+00
4.292000e-05	-3.715080e-03	3.738895e+00
4.293000e-05	-4.391692e-03	3.569396e+00
4.294000e-05	-5.209429e-03	3.286671e+00
4.295000e-05	-4.526898e-03	3.075639e+00
4.296000e-05	-4.414984e-03	2.865765e+00
4.297000e-05	-4.131577e-03	2.657737e+00
4.298000e-05	-4.596061e-03	2.412601e+00
4.299000e-05	-4.691259e-03	2.191501e+00
4.300000e-05	-3.389113e-03	2.013054e+00
4.301000e-05	-4.038572e-03	1.770952e+00
4.302000e-05	-4.542697e-03	1.486791e+00
4.303000e-05	-5.042349e-03	1.247765e+00
4.304000e-05	-3.921965e-03	1.057189e+00
4.305000e-05	-4.298017e-03	7.720526e-01
4.306000e-05	-3.997932e-03	5.804261e-01
4.307000e-05	-3.790336e-03	3.709974e-01
4.308000e-05	-2.233693e-03	1.283432e-01
4.309000e-05	-1.421886e-04	-1.227592e-01
4.310000e-05	7.115856e-03	-2.826843e-01
4.311000e-05	-2.968764e-03	-4.506530e-01
4.312000e-05	1.503700e-03	-7.342661e-01
4.313000e-05	-3.617377e-03	-9.228133e-01
4.314000e-05	2.574503e-03	-1.093709e+00
4.315000e-05	-1.199286e-03	-1.382917e+00
4.316000e-05	1.721977e-02	-1.566870e+00
4.317000e-05	7.401389e-02	-1.743817e+00
4.318000e-05	1.028105e-02	-2.007394e+00
4.319000e-05	-6.419255e-02	-2.374343e+00
4.320000e-05	-1.423956e-02	-2.649549e+00
4.321000e-05	-6.078653e-02	-2.765897e+00
4.322000e-05	-3.796531e-02	-2.921784e+00
4.323000e-05	1.597454e-01	-3.038504e+00
4.324000e-05	-8.622015e-02	-3.301156e+00
4.325000e-05	1.537766e-02	-3.524313e+00
4.326000e-05	8.238394e-02	-3.601003e+00
4.327000e-05	-1.637474e-01	-3.924788e+00
4.328000e-05	1.236516e-01	-4.124387e+00
4.329000e-05	-1.629368e-02	-4.303262e+00
4.330000e-05	-6.492541e-02	-4.575237e+00
4.331000e-05	1.327022e-01	-4.724266e+00
4.332000e-05	-1.216963e-01	-4.966312e+00
4.333000e-05	6.118240e-02	-5.169449e+00
4.334000e-05	-2.978729e-04	-5.447549e+00
4.335000e-05	-6.618091e-02	-5.651735e+00
4.336000e-05	9.670957e-02	-5.851128e+00
4.337000e-05	-8.426571e-02	-6.009054e+00
4.338000e-05	6.930484e-02	-6.243107e+00
4.339000e-05	-1.880876e-02	-6.489528e+00
4.340000e-05	-9.040433e-03	-6.663211e+00
4.341000e-05	5.029775e-02	-6.830074e+00
4.342000e-05	-9.606613e-02	-7.068106e+00
4.343000e-05	8.433858e-02	-7.272028e+00
4.344000e-05	-4.456008e-02	-7.379471e+00
4.345000e-05	2.450409e-02	-7.599024e+00
4.346000e-05	1.590790e-02	-7.825976e+00
4.347000e-05	-3.195597e-02	-8.020053e+00
4.348000e-05	3.567610e-02	-8.146917e+00
4.349000e-05	-5.243850e-02	-8.282212e+00
4.350000e-05	4.538757e-02	-8.451030e+00
4.351000e-05	-6.287980e-03	-8.596527e+00
4.352000e-05	1.111241e-02	-8.788499e+00
4.353000e-05	-1.411557e-02	-8.943789e+00
4.354000e-05	-1.274112e-02	-9.032159e+00
4.355000e-05	3.024429e-02	-9.167971e+00
4.356000e-05	-2.129165e-02	-9.344918e+00
4.357000e-05	1.371755e-02	-9.504216e+00
4.358000e-05	-9.521450e-03	-9.650608e+00
4.359000e-05	2.175893e-02	-9.756928e+00
4.360000e-05	-1.457940e-02	-9.903190e+00
4.361000e-05	-5.888879e-05	-1.002060e+01
4.362000e-05	5.023464e-03	-1.015479e+01
4.363000e-05	2.033022e-03	-1.032321e+01
4.364000e-05	-2.251960e-03	-1.040108e+01
4.365000e-05	-1.632808e-03	-1.053440e+01
4.366000e-05	1.569527e-02	-1.067103e+01
4.367000e-05	-3.711001e-03	-1.074522e+01
4.368000e-05	1.359395e-03	-1.082158e+01
4.369000e-05	-3.002841e-03	-1.095484e+01
4.370000e-05	1.217300e-02	-1.101043e+01
4.371000e-05	-8.573226e-04	-1.109569e+01
4.372000e-05	5.526482e-03	-1.118903e+01
4.373000e-05	4.195865e-03	-1.132429e+01
4.374000e-05	2.408212e-03	-1.133887e+01
4.375000e-05	1.466098e-03	-1.141961e+01
4.376000e-05	4.595482e-03	-1.149526e+01
4.377000e-05	8.888351e-03	-1.159740e+01
4.378000e-05	3.602352e-03	-1.165068e+01
4.379000e-05	6.378335e-03	-1.168429e+01
4.380000e-05	4.354924e-03	-1.178680e+01
4.381000e-05	6.846428e-03	-1.177256e+01
4.382000e-05	3.163681e-03	-1.185266e+01
4.383000e-05	7.132647e-03	-1.189524e+01
4.384000e-05	6.646925e-03	-1.191582e+01
4.385000e-05	6.257080e-03	-1.198797e+01
4.386000e-05	9.178625e-03	-1.200943e+01
4.387000e-05	1.045492e-02	-1.199953e+01
4.388000e-05	9.462655e-03	-1.206211e+01
4.389000e-05	9.732782e-03	-1.203211e+01
4.390000e-05	1.243002e-02	-1.206373e+01
4.391000e-05	1.452665e-02	-1.206266e+01
4.392000e-05	1.271633e-02	-1.205211e+01
4.393000e-05	1.593190e-02	-1.207468e+01
4.394000e-05	1.604069e-02	-1.208216e+01
4.395000e-05	1.912256e-02	-1.205316e+01
4.396000e-05	1.967043e-02	-1.206158e+01
4.397000e-05	2.163246e-02	-1.201001e+01
4.398000e-05	2.368391e-02	-1.198003e+01
4.399000e-05	2.230043e-02	-1.198935e+01
4.400000e-05	2.420880e-02	-1.186677e+01
4.401000e-05	2.484763e-02	-1.184219e+01
4.402000e-05	2.377996e-02	-1.182103e+01
4.403000e-05	2.214254e-02	-1.171813e+01
4.404000e-05	1.981141e-02	-1.169521e+01
4.405000e-05	1.997498e-02	-1.162211e+01
4.406000e-05	1.793227e-02	-1.155895e+01
4.407000e-05	1.412375e-02	-1.146532e+01
4.408000e-05	1.379250e-02	-1.142093e+01
4.409000e-05	1.142099e-02	-1.126437e+01
4.410000e-05	1.509000e-02	-1.121258e+01
4.411000e-05	1.085667e-02	-1.110677e+01
4.412000e-05	7.487224e-03	-1.098210e+01
4.413000e-05	7.420762e-03	-1.093835e+01
4.414000e-05	4.245803e-03	-1.085268e+01
4.415000e-05	6.603200e-03	-1.075990e+01
4.416000e-05	3.449847e-03	-1.065726e+01
4.417000e-05	6.326543e-03	-1.058100e+01
4.418000e-05	3.300556e-03	-1.050681e+01
4.419000e-05	3.771689e-03	-1.040897e+01
4.420000e-05	2.959927e-03	-1.015274e+01
4.421000e-05	2.936881e-03	-1.013687e+01
4.422000e-05	2.230265e-03	-9.980424e+00
4.423000e-05	1.105791e-03	-9.894188e+00
4.424000e-05	-2.899775e-04	-9.760450e+00
4.425000e-05	1.903410e-03	-9.653582e+00
4.426000e-05	2.723333e-03	-9.516941e+00
4.427000e-05	2.382691e-03	-9.357455e+00
4.428000e-05	-1.189660e-03	-9.220602e+00
4.429000e-05	-2.749607e-04	-9.075295e+00
4.430000e-05	6.749285e-04	-8.946867e+00
4.431000e-05	-1.899792e-03	-8.802008e+00
4.432000e-05	5.829514e-04	-8.631611e+00
4.433000e-05	-4.108850e-03	-8.424612e+00
4.434000e-05	2.354395e-03	-8.285267e+00
4.435000e-05	-1.437119e-03	-8.159450e+00
4.436000e-05	-1.794786e-03	-7.980083e+00
4.437000e-05	-8.172546e-04	-7.770029e+00
4.438000e-05	-4.095257e-03	-7.590449e+00
4.439000e-05	-3.726358e-03	-7.400034e+00
4.440000e-05	-4.856605e-03	-7.203607e+00
4.441000e-05	-2.068605e-03	-7.023134e+00
4.442000e-05	-1.780124e-03	-6.831582e+00
4.443000e-05	-3.851919e-03	-6.634633e+00
4.444000e-05	-3.352917e-03	-6.443741e+00
4.445000e-05	-2.953891e-03	-6.284841e+00
4.446000e-05	-1.400162e-03	-6.034137e+00
4.447000e-05	-4.025283e-03	-5.835216e+00
4.448000e-05	-4.774925e-03	-5.694791e+00
4.449000e-05	-6.312565e-03	-5.524843e+00
4.450000e-05	-4.160679e-03	-5.255717e+00
4.451000e-05	-3.529271e-03	-5.014137e+00
4.452000e-05	-1.039633e-03	-4.791979e+00
4.453000e-05	-4.241232e-03	-4.591451e+00
4.454000e-05	-2.376903e-03	-4.412058e+00
4.455000e-05	-6.121813e-03	-4.232583e+00
4.456000e-05	-3.173417e-03	-4.032188e+00
4.457000e-05	-4.439624e-03	-3.782057e+00
4.458000e-05	-2.684884e-03	-3.601500e+00
4.459000e-05	-4.204655e-03	-3.370480e+00
4.460000e-05	-4.795861e-03	-3.160551e+00
4.461000e-05	-4.857980e-03	-2.898321e+00
4.462000e-05	-4.774122e-03	-2.686316e+00
4.463000e-05	-3.543822e-03	-2.497816e+00
4.464000e-05	-4.299704e-03	-2.328291e+00
4.465000e-05	-3.889597e-03	-2.023713e+00
4.466000e-05	-5.207911e-03	-1.803660e+00
4.467000e-05	-4.240794e-03	-1.622107e+00
4.468000e-05	-4.958585e-03	-1.318605e+00
4.469000e-05	-4.026346e-03	-1.127868e+00
4.470000e-05	-5.869776e-03	-8.962945e-01
4.471000e-05	-4.924905e-03	-6.853134e-01
4.472000e-05	-5.298673e-03	-4.135788e-01
4.473000e-05	-3.908963e-03	-2.536565e-01
4.474000e-05	-3.015304e-03	-4.210646e-02
4.475000e-05	4.199838e-03	2.389936e-01
4.476000e-05	-1.502152e-03	4.510739e-01
4.477000e-05	-2.334343e-03	6.225250e-01
4.478000e-05	-1.306574e-03	7.989698e-01
4.479000e-05	-1.525895e-03	1.058574e+00
4.480000e-05	-1.856242e-03	1.281732e+00
4.481000e-05	-3.818606e-04	1.474208e+00
4.482000e-05	1.556800e-02	1.735317e+00
4.483000e-05	5.798934e-02	1.935336e+00
4.484000e-05	2.534163e-02	2.156364e+00
4.485000e-05	-6.656497e-02	2.387498e+00
4.486000e-05	-2.346628e-02	2.652657e+00
4.487000e-05	-3.374032e-02	2.913134e+00
4.488000e-05	-5.672373e-02	3.041574e+00
4.489000e-05	4.267665e-02	3.177871e+00
4.490000e-05	9.761951e-02	3.407420e+00
4.491000e-05	-1.511925e-01	3.579926e+00
4.492000e-05	1.252848e-01	3.758311e+00
4.493000e-05	-3.135430e-02	4.006395e+00
4.494000e-05	-5.796563e-02	4.240474e+00
4.495000e-05	7.739714e-02	4.441054e+00
4.496000e-05	-5.035500e-02	4.682128e+00
4.497000e-05	5.702238e-04	4.842079e+00
4.498000e-05	2.573177e-02	5.165787e+00
4.499000e-05	-3.334384e-02	5.386943e+00
4.500000e-05	1.918880e-02	5.577445e+00
4.501000e-05	-2.293796e-02	5.807866e+00
4.502000e-05	-3.747870e-03	6.008976e+00
4.503000e-05	-5.879736e-03	6.177996e+00
4.504000e-05	6.425727e-03	6.378369e+00
4.505000e-05	2.282223e-02	6.607391e+00
4.506000e-05	-3.161706e-02	6.828924e+00
4.507000e-05	2.253735e-02	6.966972e+00
4.508000e-05	-3.365878e-02	7.157370e+00
4.509000e-05	3.323994e-04	7.325210e+00
4.510000e-05	1.115859e-02	7.526341e+00
4.511000e-05	-1.230909e-02	7.706915e+00
4.512000e-05	1.093735e-02	7.974241e+00
4.513000e-05	-1.983510e-02	8.146363e+00
4.514000e-05	5.828677e-05	8.313586e+00
4.515000e-05	-8.134437e-03	8.430081e+00
4.516000e-05	2.339704e-03	8.598445e+00
4.517000e-05	-6.425792e-03	8.734185e+00
4.518000e-05	-3.366600e-03	8.832105e+00
4.519000e-05	4.326686e-03	9.010127e+00
4.520000e-05	-1.405800e-02	9.178395e+00
4.521000e-05	-3.454401e-03	9.324863e+00
4.522000e-05	-2.823359e-03	9.441559e+00
4.523000e-05	-5.025560e-04	9.557915e+00
4.524000e-05	-9.603384e-03	9.724258e+00
4.525000e-05	-2.516445e-03	9.831158e+00
4.526000e-05	-2.001157e-03	9.990503e+00
4.527000e-05	-8.917692e-03	1.011631e+01
4.528000e-05	-1.105799e-02	1.019161e+01
4.529000e-05	-2.910248e-03	1.035687e+01
4.530000e-05	-1.684340e-03	1.047163e+01
4.531000e-05	-8.542139e-03	1.055845e+01
4.532000e-05	-6.439653e-03	1.068584e+01
4.533000e-05	-5.028784e-03	1.082253e+01
4.534000e-05	-6.156329e-03	1.092536e+01
4.535000e-05	-1.012262e-02	1.102953e+01
4.536000e-05	-5.740066e-03	1.109521e+01
4.537000e-05	-7.105046e-03	1.117990e+01
4.538000e-05	-8.841055e-03	1.127166e+01
4.539000e-05	-7.282575e-03	1.136897e+01
4.540000e-05	-6.986641e-03	1.145110e+01
4.541000e-05	-1.017379e-02	1.148734e+01
4.542000e-05	-1.084922e-02	1.163245e+01
4.543000e-05	-6.347227e-03	1.166516e+01
4.544000e-05	-6.830786e-03	1.167629e+01
4.545000e-05	-9.784747e-03	1.175940e+01
4.546000e-05	-1.173705e-02	1.182048e+01
4.547000e-05	-1.120347e-02	1.185313e+01
4.548000e-05	-1.297351e-02	1.189464e+01
4.549000e-05	-1.267449e-02	1.190584e+01
4.550000e-05	-1.213565e-02	1.195680e+01
4.551000e-05	-1.316488e-02	1.199845e+01
4.552000e-05	-1.463462e-02	1.199190e+01
4.553000e-05	-1.502822e-02	1.203111e+01
4.554000e-05	-1.492228e-02	1.203206e+01
4.555000e-05	-1.704819e-02	1.203268e+01
4.556000e-05	-1.788746e-02	1.207256e+01
4.557000e-05	-1.975193e-02	1.204418e+01
4.558000e-05	-2.021105e-02	1.204368e+01
4.559000e-05	-2.170534e-02	1.208206e+01
4.560000e-05	-2.240367e-02	1.208321e+01
4.561000e-05	-2.472309e-02	1.202356e+01
4.562000e-05	-2.710304e-02	1.203313e+01
4.563000e-05	-2.780199e-02	1.202200e+01
4.564000e-05	-2.821905e-02	1.198097e+01
4.565000e-05	-2.889718e-02	1.192987e+01
4.566000e-05	-3.020342e-02	1.191677e+01
4.567000e-05	-2.865269e-02	1.189529e+01
4.568000e-05	-2.873178e-02	1.180258e+01
4.569000e-05	-2.639776e-02	1.179950e+01
4.570000e-05	-2.542537e-02	1.175734e+01
4.571000e-05	-2.410331e-02	1.165416e+01
4.572000e-05	-2.244369e-02	1.161000e+01
4.573000e-05	-2.076300e-02	1.147574e+01
4.574000e-05	-1.948522e-02	1.140113e+01
4.575000e-05	-1.895503e-02	1.134634e+01
4.576000e-05	-1.641606e-02	1.124503e+01
4.577000e-05	-1.498700e-02	1.115887e+01
4.578000e-05	-1.473987e-02	1.104469e+01
4.579000e-05	-1.412619e-02	1.098997e+01
4.580000e-05	-1.285574e-02	1.089627e+01
4.581000e-05	-1.153603e-02	1.082250e+01
4.582000e-05	-1.195971e-02	1.068579e+01
4.583000e-05	-9.881826e-03	1.058056e+01
4.584000e-05	-1.072667e-02	1.046371e+01
4.585000e-05	-8.522175e-03	1.035792e+01
4.586000e-05	-1.069521e-02	1.023316e+01
4.587000e-05	-8.538355e-03	1.007884e+01
4.588000e-05	-9.158770e-03	9.983576e+00
4.589000e-05	-7.217173e-03	9.873285e+00
4.590000e-05	-8.660743e-03	9.739896e+00
4.591000e-05	-6.763348e-03	9.592425e+00
4.592000e-05	-8.036111e-03	9.454710e+00
4.593000e-05	-5.943317e-03	9.316816e+00
4.594000e-05	-5.957170e-03	9.232583e+00
4.595000e-05	-5.735838e-03	9.044742e+00
4.596000e-05	-8.221298e-03	8.896764e+00
4.597000e-05	-6.956221e-03	8.719422e+00
4.598000e-05	-4.999524e-03	8.571454e+00
4.599000e-05	-5.394680e-03	8.462658e+00
4.600000e-05	-6.036261e-03	8.276245e+00
4.601000e-05	-5.930420e-03	8.088265e+00
4.602000e-05	-6.009243e-03	7.928368e+00
4.603000e-05	-6.096723e-03	7.780321e+00
4.604000e-05	-5.678976e-03	7.549470e+00
4.605000e-05	-4.312670e-03	7.349401e+00
4.606000e-05	-5.347062e-03	7.170425e+00
4.607000e-05	-5.576652e-03	6.970999e+00
4.608000e-05	-5.612249e-03	6.802032e+00
4.609000e-05	-4.983608e-03	6.613608e+00
4.610000e-05	-4.488805e-03	6.404055e+00
4.611000e-05	-5.549708e-03	6.222157e+00
4.612000e-05	-4.807668e-03	6.074635e+00
4.613000e-05	-4.651131e-03	5.856164e+00
4.614000e-05	-4.291792e-03	5.654134e+00
4.615000e-05	-5.081169e-03	5.456164e+00
4.616000e-05	-4.811156e-03	5.243686e+00
4.617000e-05	-5.033546e-03	4.980929e+00
4.618000e-05	-4.432270e-03	4.740971e+00
4.619000e-05	-4.116618e-03	4.530446e+00
4.620000e-05	-4.609665e-03	4.350975e+00
4.621000e-05	-5.548611e-03	4.139447e+00
4.622000e-05	-4.993055e-03	3.929395e+00
4.623000e-05	-4.167569e-03	3.707822e+00
4.624000e-05	-4.160418e-03	3.560419e+00
4.625000e-05	-4.770238e-03	3.296266e+00
4.626000e-05	-3.665201e-03	3.055838e+00
4.627000e-05	-4.705141e-03	2.866689e+00
4.628000e-05	-4.530413e-03	2.677290e+00
4.629000e-05	-5.157006e-03	2.393129e+00
4.630000e-05	-3.770904e-03	2.202451e+00
4.631000e-05	-4.141889e-03	2.001601e+00
4.632000e-05	-4.421162e-03	1.791999e+00
4.633000e-05	-4.255966e-03	1.538944e+00
4.634000e-05	-4.674926e-03	1.298318e+00
4.635000e-05	-2.893616e-03	1.085213e+00
4.636000e-05	-3.417114e-03	7.934988e-01
4.637000e-05	-4.196036e-03	6.104525e-01
4.638000e-05	-3.276413e-03	3.805500e-01
4.639000e-05	-2.530869e-03	1.289196e-01
4.640000e-05	-1.593198e-04	-8.270927e-02
4.641000e-05	5.282411e-03	-3.222094e-01
4.642000e-05	-3.448787e-03	-4.710793e-01
4.643000e-05	1.777064e-03	-7.347395e-01
4.644000e-05	-2.702086e-03	-9.132082e-01
4.645000e-05	1.599374e-03	-1.102736e+00
4.646000e-05	-1.646829e-03	-1.334215e+00
4.647000e-05	1.683552e-02	-1.567396e+00
4.648000e-05	7.297016e-02	-1.735238e+00
4.649000e-05	1.513238e-02	-1.985920e+00
4.650000e-05	-6.714511e-02	-2.364765e+00
4.651000e-05	-1.274201e-02	-2.589393e+00
4.652000e-05	-5.961501e-02	-2.798392e+00
4.653000e-05	-4.311584e-02	-2.873187e+00
4.654000e-05	1.563205e-01	-3.008525e+00
4.655000e-05	-7.683203e-02	-3.291133e+00
4.656000e-05	4.507474e-03	-3.505814e+00
4.657000e-05	9.382966e-02	-3.659499e+00
4.658000e-05	-1.674616e-01	-3.922712e+00
4.659000e-05	1.174048e-01	-4.142265e+00
4.660000e-05	-8.910935e-03	-4.295236e+00
4.661000e-05	-7.260492e-02	-4.554742e+00
4.662000e-05	1.345753e-01	-4.724712e+00
4.663000e-05	-1.152053e-01	-4.954289e+00
4.664000e-05	5.317195e-02	-5.148424e+00
4.665000e-05	9.149395e-03	-5.428553e+00
4.666000e-05	-7.402893e-02	-5.672607e+00
4.667000e-05	9.716648e-02	-5.860055e+00
4.668000e-05	-8.342600e-02	-6.030474e+00
4.669000e-05	6.490556e-02	-6.251582e+00
4.670000e-05	-1.198902e-02	-6.471128e+00
4.671000e-05	-1.606650e-02	-6.692633e+00
4.672000e-05	5.595799e-02	-6.770027e+00
4.673000e-05	-9.827646e-02	-7.028154e+00
4.674000e-05	8.185697e-02	-7.259927e+00
4.675000e-05	-3.986091e-02	-7.417973e+00
4.676000e-05	1.908514e-02	-7.597399e+00
4.677000e-05	2.166673e-02	-7.824401e+00
4.678000e-05	-3.663996e-02	-8.007050e+00
4.679000e-05	3.752461e-02	-8.156344e+00
4.680000e-05	-5.371887e-02	-8.282635e+00
4.681000e-05	4.359083e-02	-8.461610e+00
4.682000e-05	-4.019019e-03	-8.607601e+00
4.683000e-05	8.657332e-03	-8.818477e+00
4.684000e-05	-1.083120e-02	-8.944863e+00
4.685000e-05	-1.422790e-02	-9.062186e+00
4.686000e-05	3.202816e-02	-9.199450e+00
4.687000e-05	-2.213760e-02	-9.375896e+00
4.688000e-05	1.425459e-02	-9.512766e+00
4.689000e-05	-9.319890e-03	-9.621106e+00
4.690000e-05	2.088949e-02	-9.778498e+00
4.691000e-05	-1.452379e-02	-9.911710e+00
4.692000e-05	-2.371987e-04	-1.005005e+01
4.693000e-05	6.547804e-03	-1.015632e+01
4.694000e-05	2.004780e-03	-1.028216e+01
4.695000e-05	-1.409328e-03	-1.041008e+01
4.696000e-05	-7.548012e-04	-1.057484e+01
4.697000e-05	1.760955e-02	-1.064051e+01
4.698000e-05	-4.385964e-03	-1.072627e+01
4.699000e-05	3.193553e-04	-1.082958e+01
4.700000e-05	-3.186114e-03	-1.091331e+01
4.701000e-05	1.237924e-02	-1.097098e+01
4.702000e-05	-5.495013e-04	-1.108379e+01
4.703000e-05	4.789295e-03	-1.123908e+01
4.704000e-05	4.767527e-03	-1.130921e+01
4.705000e-05	3.160113e-03	-1.136742e+01
4.706000e-05	2.286904e-03	-1.142210e+01
4.707000e-05	3.964593e-03	-1.152579e+01
4.708000e-05	8.728828e-03	-1.155950e+01
4.709000e-05	3.727288e-03	-1.165066e+01
4.710000e-05	5.415981e-03	-1.173429e+01
4.711000e-05	3.243482e-03	-1.178690e+01
4.712000e-05	6.049764e-03	-1.183953e+01
4.713000e-05	4.691058e-03	-1.186016e+01
4.714000e-05	8.194648e-03	-1.190574e+01
4.715000e-05	8.072070e-03	-1.191529e+01
4.716000e-05	7.132478e-03	-1.192845e+01
4.717000e-05	1.017215e-02	-1.200800e+01
4.718000e-05	8.861960e-03	-1.200010e+01
4.719000e-05	6.897336e-03	-1.204008e+01
4.720000e-05	7.515508e-03	-1.205221e+01
4.721000e-05	1.227956e-02	-1.207066e+01
4.722000e-05	1.522236e-02	-1.206214e+01
4.723000e-05	1.446163e-02	-1.205323e+01
4.724000e-05	1.678309e-02	-1.205467e+01
4.725000e-05	1.738758e-02	-1.207121e+01
4.726000e-05	2.024487e-02	-1.206373e+01
4.727000e-05	1.974965e-02	-1.203158e+01
4.728000e-05	2.014085e-02	-1.202303e+01
4.729000e-05	2.153212e-02	-1.198900e+01
4.730000e-05	2.114088e-02	-1.196740e+01
4.731000e-05	2.409915e-02	-1.190579e+01
4.732000e-05	2.483055e-02	-1.184369e+01
4.733000e-05	2.422210e-02	-1.182861e+01
4.734000e-05	2.281736e-02	-1.174995e+01
4.735000e-05	2.065147e-02	-1.168432e+01
4.736000e-05	1.870414e-02	-1.160205e+01
4.737000e-05	1.772088e-02	-1.156842e+01
4.738000e-05	1.488252e-02	-1.148377e+01
4.739000e-05	1.361521e-02	-1.136948e+01
4.740000e-05	1.162098e-02	-1.132832e+01
4.741000e-05	1.200249e-02	-1.116059e+01
4.742000e-05	1.137765e-02	-1.116717e+01
4.743000e-05	9.656204e-03	-1.103158e+01
4.744000e-05	7.428820e-03	-1.092895e+01
4.745000e-05	6.226869e-03	-1.086216e+01
4.746000e-05	4.364715e-03	-1.080045e+01
4.747000e-05	4.992679e-03	-1.065529e+01
4.748000e-05	4.666828e-03	-1.061103e+01
4.749000e-05	3.315999e-03	-1.048434e+01
4.750000e-05	2.458472e-03	-1.039050e+01
4.751000e-05	2.240567e-03	-1.022369e+01
4.752000e-05	3.831549e-03	-1.010639e+01
4.753000e-05	1.725294e-03	-9.990003e+00
4.754000e-05	2.486351e-03	-9.864262e+00
4.755000e-05	1.138451e-03	-9.758975e+00
4.756000e-05	1.208181e-03	-9.643665e+00
4.757000e-05	5.608434e-04	-9.556365e+00
4.758000e-05	1.329314e-05	-9.349954e+00
4.759000e-05	1.131445e-05	-9.224110e+00
4.760000e-05	4.149287e-04	-9.096788e+00
4.761000e-05	1.002650e-04	-8.926876e+00
4.762000e-05	-6.648294e-04	-8.772030e+00
4.763000e-05	-1.133408e-03	-8.612187e+00
4.764000e-05	-6.434207e-04	-8.483661e+00
4.765000e-05	-1.323155e-03	-8.256816e+00
4.766000e-05	-2.334493e-03	-8.138375e+00
4.767000e-05	-1.955534e-03	-7.981606e+00
4.768000e-05	-1.411368e-03	-7.760554e+00
4.769000e-05	-1.554545e-03	-7.582999e+00
4.770000e-05	-3.196563e-03	-7.380586e+00
4.771000e-05	-3.572323e-03	-7.223158e+00
4.772000e-05	-2.702886e-03	-7.042663e+00
4.773000e-05	-1.878369e-03	-6.794658e+00
4.774000e-05	-3.137994e-03	-6.645612e+00
4.775000e-05	-2.842983e-03	-6.425761e+00
4.776000e-05	-3.437638e-03	-6.266866e+00
4.777000e-05	-3.052165e-03	-6.096761e+00
4.778000e-05	-3.979813e-03	-5.864791e+00
4.779000e-05	-3.658194e-03	-5.676818e+00
4.780000e-05	-4.633774e-03	-5.517445e+00
4.781000e-05	-2.919918e-03	-5.254715e+00
4.782000e-05	-4.386868e-03	-5.045614e+00
4.783000e-05	-2.529919e-03	-4.762484e+00
4.784000e-05	-4.433399e-03	-4.562530e+00
4.785000e-05	-2.762692e-03	-4.421583e+00
4.786000e-05	-4.498309e-03	-4.233132e+00
4.787000e-05	-3.171191e-03	-4.024133e+00
4.788000e-05	-4.298625e-03	-3.832105e+00
4.789000e-05	-2.342011e-03	-3.560586e+00
4.790000e-05	-4.159761e-03	-3.401080e+00
4.791000e-05	-4.920788e-03	-3.200600e+00
4.792000e-05	-4.465923e-03	-2.916901e+00
4.793000e-05	-4.577326e-03	-2.695821e+00
4.794000e-05	-4.445836e-03	-2.496747e+00
4.795000e-05	-3.802484e-03	-2.316316e+00
4.796000e-05	-3.594522e-03	-2.054159e+00
4.797000e-05	-4.292239e-03	-1.844661e+00
4.798000e-05	-4.729184e-03	-1.613135e+00
4.799000e-05	-6.027445e-03	-1.392879e+00
4.800000e-05	-4.319992e-03	-1.116770e+00
4.801000e-05	-5.048044e-03	-8.563384e-01
4.802000e-05	-4.150274e-03	-7.262158e-01
4.803000e-05	-5.386012e-03	-4.311353e-01
4.804000e-05	-4.114796e-03	-2.241555e-01
4.805000e-05	-3.008519e-03	-1.313027e-02
4.806000e-05	3.678656e-03	2.083961e-01
4.807000e-05	-1.437940e-03	4.195239e-01
4.808000e-05	-1.919312e-03	6.104987e-01
4.809000e-05	-7.839419e-04	7.999722e-01
4.810000e-05	-1.459874e-03	9.880011e-01
4.811000e-05	-2.613460e-03	1.323584e+00
4.812000e-05	8.059358e-04	1.502783e+00
4.813000e-05	1.465665e-02	1.744763e+00
4.814000e-05	5.745475e-02	1.965762e+00
4.815000e-05	2.925659e-02	2.125842e+00
4.816000e-05	-6.624321e-02	2.399547e+00
4.817000e-05	-2.385364e-02	2.670603e+00
4.818000e-05	-3.406153e-02	2.882630e+00
4.819000e-05	-5.604412e-02	3.040428e+00
4.820000e-05	3.512072e-02	3.176371e+00
4.821000e-05	1.045640e-01	3.427892e+00
4.822000e-05	-1.517427e-01	3.598973e+00
4.823000e-05	1.186713e-01	3.756790e+00
4.824000e-05	-2.172195e-02	3.967371e+00
4.825000e-05	-6.371969e-02	4.247601e+00
4.826000e-05	7.996184e-02	4.419953e+00
4.827000e-05	-4.690993e-02	4.681127e+00
4.828000e-05	-6.544959e-03	4.831578e+00
4.829000e-05	2.798461e-02	5.113210e+00
4.830000e-05	-3.281287e-02	5.377338e+00
4.831000e-05	2.124743e-02	5.598873e+00
4.832000e-05	-2.317740e-02	5.777421e+00
4.833000e-05	-7.281213e-03	5.978973e+00
4.834000e-05	-4.004252e-03	6.157947e+00
4.835000e-05	4.844089e-03	6.348420e+00
4.836000e-05	2.411258e-02	6.597392e+00
4.837000e-05	-3.093313e-02	6.799401e+00
4.838000e-05	2.344719e-02	7.007946e+00
4.839000e-05	-3.306329e-02	7.126769e+00
4.840000e-05	-3.002630e-03	7.364214e+00
4.841000e-05	1.155591e-02	7.534266e+00
4.842000e-05	-1.137590e-02	7.717315e+00
4.843000e-05	1.098970e-02	7.924763e+00
4.844000e-05	-1.983975e-02	8.126345e+00
4.845000e-05	-2.251337e-03	8.323187e+00
4.846000e-05	-7.245300e-03	8.420527e+00
4.847000e-05	4.080236e-03	8.548419e+00
4.848000e-05	-6.885889e-03	8.695162e+00
4.849000e-05	-3.684444e-03	8.841083e+00
4.850000e-05	5.196686e-03	9.041526e+00
4.851000e-05	-1.301014e-02	9.149926e+00
4.852000e-05	-4.103881e-03	9.285762e+00
4.853000e-05	-4.423907e-03	9.411582e+00
4.854000e-05	-1.145589e-04	9.558473e+00
4.855000e-05	-1.097727e-02	9.715759e+00
4.856000e-05	-2.440060e-03	9.912608e+00
4.857000e-05	-1.105739e-03	1.000900e+01
4.858000e-05	-7.358020e-03	1.015477e+01
4.859000e-05	-9.855105e-03	1.021108e+01
4.860000e-05	-3.735575e-03	1.033739e+01
4.861000e-05	-3.264749e-03	1.046216e+01
4.862000e-05	-8.266151e-03	1.059803e+01
4.863000e-05	-7.946881e-03	1.068627e+01
4.864000e-05	-2.137348e-03	1.083103e+01
4.865000e-05	-9.384827e-03	1.093677e+01
4.866000e-05	-9.093046e-03	1.101002e+01
4.867000e-05	-6.232702e-03	1.107619e+01
4.868000e-05	-4.989739e-03	1.117045e+01
4.869000e-05	-7.710443e-03	1.125163e+01
4.870000e-05	-9.599918e-03	1.133687e+01
4.871000e-05	-5.573056e-03	1.144156e+01
4.872000e-05	-1.150327e-02	1.149627e+01
4.873000e-05	-1.043813e-02	1.161098e+01
4.874000e-05	-6.578966e-03	1.167318e+01
4.875000e-05	-8.606635e-03	1.176736e+01
4.876000e-05	-9.588922e-03	1.176798e+01
4.877000e-05	-1.340102e-02	1.182056e+01
4.878000e-05	-8.412896e-03	1.187418e+01
4.879000e-05	-1.209506e-02	1.189519e+01
4.880000e-05	-1.249526e-02	1.192624e+01
4.881000e-05	-1.306712e-02	1.196789e+01
4.882000e-05	-1.339255e-02	1.198890e+01
4.883000e-05	-1.528203e-02	1.200995e+01
4.884000e-05	-1.689779e-02	1.202300e+01
4.885000e-05	-1.511346e-02	1.207153e+01
4.886000e-05	-1.690924e-02	1.204313e+01
4.887000e-05	-1.793340e-02	1.206376e+01
4.888000e-05	-1.948159e-02	1.202566e+01
4.889000e-05	-2.042474e-02	1.209266e+01
4.890000e-05	-2.161532e-02	1.205429e+01
4.891000e-05	-2.370236e-02	1.206253e+01
4.892000e-05	-2.568572e-02	1.205463e+01
4.893000e-05	-2.766901e-02	1.201215e+01
4.894000e-05	-2.725081e-02	1.200198e+01
4.895000e-05	-2.872494e-02	1.195937e+01
4.896000e-05	-2.941349e-02	1.193839e+01
4.897000e-05	-3.004603e-02	1.190777e+01
4.898000e-05	-2.863357e-02	1.184379e+01
4.899000e-05	-2.826961e-02	1.185153e+01
4.900000e-05	-2.749838e-02	1.177145e+01
4.901000e-05	-2.519930e-02	1.171845e+01
4.902000e-05	-2.370716e-02	1.164424e+01
4.903000e-05	-2.298855e-02	1.156048e+01
4.904000e-05	-2.130024e-02	1.148676e+01
4.905000e-05	-1.984452e-02	1.143318e+01
4.906000e-05	-1.770534e-02	1.134683e+01
4.907000e-05	-1.681556e-02	1.123353e+01
4.908000e-05	-1.438056e-02	1.114942e+01
4.909000e-05	-1.404226e-02	1.105526e+01
4.910000e-05	-1.395029e-02	1.095951e+01
4.911000e-05	-1.280995e-02	1.088584e+01
4.912000e-05	-1.215577e-02	1.081253e+01
4.913000e-05	-1.276803e-02	1.068732e+01
4.914000e-05	-1.026714e-02	1.056061e+01
4.915000e-05	-1.103251e-02	1.049514e+01
4.916000e-05	-7.743358e-03	1.036100e+01
4.917000e-05	-1.087238e-02	1.028306e+01
4.918000e-05	-9.367828e-03	1.011787e+01
4.919000e-05	-9.782993e-03	1.005309e+01
4.920000e-05	-6.985702e-03	9.868317e+00
4.921000e-05	-7.226882e-03	9.739373e+00
4.922000e-05	-7.466202e-03	9.581454e+00
4.923000e-05	-8.904858e-03	9.464186e+00
4.924000e-05	-6.729649e-03	9.327895e+00
4.925000e-05	-6.633617e-03	9.212554e+00
4.926000e-05	-6.249491e-03	9.046238e+00
4.927000e-05	-6.525669e-03	8.866791e+00
4.928000e-05	-5.729357e-03	8.738871e+00
4.929000e-05	-5.491827e-03	8.580903e+00
4.930000e-05	-5.894939e-03	8.445660e+00
4.931000e-05	-6.497573e-03	8.285393e+00
4.932000e-05	-5.397558e-03	8.096768e+00
4.933000e-05	-5.854175e-03	7.939323e+00
4.934000e-05	-5.554109e-03	7.758446e+00
4.935000e-05	-5.850238e-03	7.589976e+00
4.936000e-05	-4.145559e-03	7.349451e+00
4.937000e-05	-5.049714e-03	7.128979e+00
4.938000e-05	-5.743332e-03	6.980576e+00
4.939000e-05	-5.770398e-03	6.813053e+00
4.940000e-05	-4.672410e-03	6.674085e+00
4.941000e-05	-3.748195e-03	6.383560e+00
4.942000e-05	-4.337133e-03	6.213608e+00
4.943000e-05	-5.615387e-03	6.065212e+00
4.944000e-05	-5.329419e-03	5.856315e+00
4.945000e-05	-4.916899e-03	5.675185e+00
4.946000e-05	-4.436646e-03	5.445237e+00
4.947000e-05	-4.314630e-03	5.225734e+00
4.948000e-05	-5.490449e-03	4.972454e+00
4.949000e-05	-4.457516e-03	4.719923e+00
4.950000e-05	-4.233070e-03	4.570400e+00
4.951000e-05	-4.786293e-03	4.350975e+00
4.952000e-05	-4.962231e-03	4.171419e+00
4.953000e-05	-4.017827e-03	3.926400e+00
4.954000e-05	-4.244518e-03	3.728347e+00
4.955000e-05	-4.591302e-03	3.568876e+00
4.956000e-05	-5.126091e-03	3.277713e+00
4.957000e-05	-3.317087e-03	3.055791e+00
4.958000e-05	-4.116486e-03	2.897270e+00
4.959000e-05	-3.909830e-03	2.727767e+00
4.960000e-05	-5.231582e-03	2.424550e+00
4.961000e-05	-3.620542e-03	2.202555e+00
4.962000e-05	-4.222011e-03	2.031601e+00
4.963000e-05	-4.305113e-03	1.741978e+00
4.964000e-05	-4.699635e-03	1.538368e+00
4.965000e-05	-3.821775e-03	1.297843e+00
4.966000e-05	-4.381724e-03	1.096683e+00
4.967000e-05	-3.205475e-03	7.919802e-01
4.968000e-05	-3.993541e-03	5.910776e-01
4.969000e-05	-4.299205e-03	3.825538e-01
4.970000e-05	-2.637167e-03	1.295458e-01
4.971000e-05	-5.042550e-04	-8.221058e-02
4.972000e-05	6.206534e-03	-2.926329e-01
4.973000e-05	-2.421233e-03	-4.910539e-01
4.974000e-05	2.073029e-03	-6.927633e-01
4.975000e-05	-3.126311e-03	-9.312342e-01
4.976000e-05	2.027316e-03	-1.084233e+00
4.977000e-05	-2.693024e-03	-1.304687e+00
4.978000e-05	1.824258e-02	-1.566319e+00
4.979000e-05	6.844152e-02	-1.733737e+00
4.980000e-05	2.484855e-02	-2.005363e+00
4.981000e-05	-7.024650e-02	-2.351712e+00
4.982000e-05	-1.129053e-02	-2.597372e+00
4.983000e-05	-6.056377e-02	-2.767421e+00
4.984000e-05	-4.694080e-02	-2.894183e+00
4.985000e-05	1.540455e-01	-3.000451e+00
4.986000e-05	-6.712553e-02	-3.292553e+00
4.987000e-05	-4.982338e-03	-3.515233e+00
4.988000e-05	1.057345e-01	-3.600001e+00
4.989000e-05	-1.689592e-01	-3.903208e+00
4.990000e-05	1.115985e-01	-4.125760e+00
4.991000e-05	1.746025e-03	-4.322208e+00
4.992000e-05	-7.943228e-02	-4.523408e+00
4.993000e-05	1.341257e-01	-4.703156e+00
4.994000e-05	-1.092862e-01	-4.963765e+00
4.995000e-05	4.257293e-02	-5.207400e+00
4.996000e-05	1.979147e-02	-5.427019e+00
4.997000e-05	-8.132139e-02	-5.680628e+00
4.998000e-05	1.010659e-01	-5.839001e+00
4.999000e-05	-7.955498e-02	-6.000024e+00
