# 260408_14:23:17.193121
t	CH1	CH2
0.000000e+00	-2.977627e-03	9.668294e-02
1.000000e-08	-6.150720e-04	-7.223535e-02
2.000000e-08	1.530176e-03	-2.395775e-01
3.000000e-08	-9.163905e-04	-3.479697e-01
4.000000e-08	4.397489e-04	-4.732379e-01
5.000000e-08	-4.121291e-04	-6.902894e-01
6.000000e-08	-1.390319e-03	-8.421552e-01
7.000000e-08	-1.980802e-03	-9.689710e-01
8.000000e-08	5.792400e-03	-1.086337e+00
9.000000e-08	4.551695e-02	-1.222105e+00
1.000000e-07	4.913541e-02	-1.473809e+00
1.100000e-07	-5.355437e-02	-1.724947e+00
1.200000e-07	-3.138860e-02	-1.926446e+00
1.300000e-07	-1.004182e-01	-2.032130e+00
1.400000e-07	7.191066e-02	-2.052762e+00
1.500000e-07	8.149900e-02	-2.156477e+00
1.600000e-07	-1.458158e-01	-2.470758e+00
1.700000e-07	7.596548e-02	-2.589949e+00
1.800000e-07	5.790615e-02	-2.662687e+00
1.900000e-07	-1.682051e-01	-2.844341e+00
2.000000e-07	7.835437e-02	-3.123757e+00
2.100000e-07	6.296267e-02	-3.189550e+00
2.200000e-07	-1.274307e-01	-3.348075e+00
2.300000e-07	1.145013e-01	-3.522288e+00
2.400000e-07	-1.531561e-02	-3.590630e+00
2.500000e-07	-6.362355e-02	-3.881604e+00
2.600000e-07	9.167909e-02	-3.990022e+00
2.700000e-07	-9.623488e-02	-4.146971e+00
2.800000e-07	3.332143e-02	-4.284257e+00
2.900000e-07	6.125122e-02	-4.358947e+00
3.000000e-07	-9.504389e-02	-4.564420e+00
3.100000e-07	7.843478e-02	-4.725307e+00
3.200000e-07	-1.850885e-03	-4.842687e+00
3.300000e-07	-3.877071e-02	-5.039548e+00
3.400000e-07	1.234428e-02	-5.153813e+00
3.500000e-07	-2.088156e-02	-5.312688e+00
3.600000e-07	5.916164e-02	-5.341732e+00
3.700000e-07	-4.683679e-02	-5.588029e+00
3.800000e-07	5.068518e-03	-5.715845e+00
3.900000e-07	4.537904e-02	-5.840153e+00
4.000000e-07	-5.481816e-02	-5.978096e+00
4.100000e-07	1.525416e-02	-6.021078e+00
4.200000e-07	-1.066083e-02	-6.157521e+00
4.300000e-07	3.961420e-02	-6.355467e+00
4.400000e-07	4.743565e-03	-6.451080e+00
4.500000e-07	-6.004749e-02	-6.547449e+00
4.600000e-07	4.702589e-02	-6.651184e+00
4.700000e-07	4.007023e-04	-6.796372e+00
4.800000e-07	-8.406275e-03	-6.853082e+00
4.900000e-07	-9.320068e-03	-6.905821e+00
5.000000e-07	1.133601e-02	-7.095441e+00
5.100000e-07	2.714630e-02	-7.219026e+00
5.200000e-07	-3.768935e-02	-7.285288e+00
5.300000e-07	1.171310e-02	-7.395922e+00
5.400000e-07	1.199580e-02	-7.461211e+00
5.500000e-07	-7.575339e-04	-7.569467e+00
5.600000e-07	-7.405910e-03	-7.652213e+00
5.700000e-07	-5.883279e-04	-7.775998e+00
5.800000e-07	2.351467e-02	-7.921810e+00
5.900000e-07	-1.270478e-02	-7.947050e+00
6.000000e-07	-2.661860e-03	-8.051080e+00
6.100000e-07	7.426239e-03	-8.092738e+00
6.200000e-07	7.062393e-03	-8.178471e+00
6.300000e-07	2.366623e-03	-8.231630e+00
6.400000e-07	-1.117916e-03	-8.274813e+00
6.500000e-07	1.086954e-02	-8.377864e+00
6.600000e-07	-1.793093e-03	-8.389450e+00
6.700000e-07	3.451271e-03	-8.439574e+00
6.800000e-07	6.223409e-03	-8.501110e+00
6.900000e-07	6.399719e-03	-8.554790e+00
7.000000e-07	4.932827e-03	-8.555941e+00
7.100000e-07	3.433243e-03	-8.672130e+00
7.200000e-07	5.318340e-03	-8.693556e+00
7.300000e-07	2.851154e-03	-8.743389e+00
7.400000e-07	6.338258e-03	-8.725393e+00
7.500000e-07	8.236340e-03	-8.798926e+00
7.600000e-07	5.500924e-03	-8.799524e+00
7.700000e-07	4.381178e-03	-8.831050e+00
7.800000e-07	9.566021e-03	-8.839580e+00
7.900000e-07	8.781064e-03	-8.851600e+00
8.000000e-07	5.302592e-03	-8.863104e+00
8.100000e-07	7.566811e-03	-8.871552e+00
8.200000e-07	1.266421e-02	-8.872158e+00
8.300000e-07	1.214619e-02	-8.901655e+00
8.400000e-07	1.032097e-02	-8.863608e+00
8.500000e-07	1.178953e-02	-8.832534e+00
8.600000e-07	1.321960e-02	-8.901179e+00
8.700000e-07	1.438763e-02	-8.843132e+00
8.800000e-07	1.359823e-02	-8.863155e+00
8.900000e-07	1.765187e-02	-8.841004e+00
9.000000e-07	1.767240e-02	-8.821549e+00
9.100000e-07	1.689921e-02	-8.860954e+00
9.200000e-07	1.831019e-02	-8.789926e+00
9.300000e-07	2.007521e-02	-8.767844e+00
9.400000e-07	2.055265e-02	-8.738764e+00
9.500000e-07	2.013781e-02	-8.726736e+00
9.600000e-07	2.064923e-02	-8.623578e+00
9.700000e-07	2.037043e-02	-8.607970e+00
9.800000e-07	2.075053e-02	-8.523240e+00
9.900000e-07	1.895865e-02	-8.461586e+00
1.000000e-06	1.834376e-02	-8.421499e+00
1.010000e-06	1.851453e-02	-8.378370e+00
1.020000e-06	1.780930e-02	-8.327289e+00
1.030000e-06	1.682448e-02	-8.254609e+00
1.040000e-06	1.481372e-02	-8.211479e+00
1.050000e-06	1.350659e-02	-8.137817e+00
1.060000e-06	1.201428e-02	-8.074233e+00
1.070000e-06	1.115042e-02	-8.051555e+00
1.080000e-06	1.157663e-02	-7.979398e+00
1.090000e-06	9.628873e-03	-7.954210e+00
1.100000e-06	8.525727e-03	-7.785892e+00
1.110000e-06	8.096478e-03	-7.652080e+00
1.120000e-06	7.274862e-03	-7.588422e+00
1.130000e-06	5.290902e-03	-7.501136e+00
1.140000e-06	5.226655e-03	-7.410521e+00
1.150000e-06	5.216207e-03	-7.277314e+00
1.160000e-06	4.549398e-03	-7.242529e+00
1.170000e-06	3.885110e-03	-7.178791e+00
1.180000e-06	3.569973e-03	-7.032057e+00
1.190000e-06	3.231734e-03	-6.894613e+00
1.200000e-06	3.055252e-03	-6.789524e+00
1.210000e-06	2.817326e-03	-6.736210e+00
1.220000e-06	2.929637e-03	-6.591023e+00
1.230000e-06	2.524231e-03	-6.485713e+00
1.240000e-06	1.529277e-03	-6.408978e+00
1.250000e-06	2.278636e-03	-6.246158e+00
1.260000e-06	1.475273e-03	-6.116814e+00
1.270000e-06	7.268268e-04	-6.039521e+00
1.280000e-06	3.469204e-04	-5.873713e+00
1.290000e-06	1.159323e-03	-5.787869e+00
1.300000e-06	3.802000e-04	-5.632580e+00
1.310000e-06	-1.945464e-03	-5.528714e+00
1.320000e-06	-9.753859e-04	-5.385713e+00
1.330000e-06	-6.902759e-04	-5.219972e+00
1.340000e-06	-8.869080e-04	-5.053625e+00
1.350000e-06	-2.029862e-03	-4.896160e+00
1.360000e-06	-1.900155e-03	-4.710736e+00
1.370000e-06	-4.731766e-04	-4.579344e+00
1.380000e-06	1.952493e-04	-4.493055e+00
1.390000e-06	-2.844857e-03	-4.336894e+00
1.400000e-06	-1.312991e-03	-4.220526e+00
1.410000e-06	-3.533323e-03	-4.073682e+00
1.420000e-06	-2.844303e-03	-3.967394e+00
1.430000e-06	-4.952344e-03	-3.730870e+00
1.440000e-06	-2.402294e-03	-3.620474e+00
1.450000e-06	-3.016859e-03	-3.455711e+00
1.460000e-06	-1.006941e-03	-3.345766e+00
1.470000e-06	-1.371533e-03	-3.231000e+00
1.480000e-06	-1.717605e-03	-2.992481e+00
1.490000e-06	-3.688232e-03	-2.832574e+00
1.500000e-06	-4.953664e-03	-2.696338e+00
1.510000e-06	-4.168997e-03	-2.578739e+00
1.520000e-06	-3.263283e-03	-2.430975e+00
1.530000e-06	-4.306050e-03	-2.266028e+00
1.540000e-06	-4.133788e-03	-2.074082e+00
1.550000e-06	-2.928054e-03	-1.906240e+00
1.560000e-06	-2.118365e-03	-1.759420e+00
1.570000e-06	-2.501210e-03	-1.660454e+00
1.580000e-06	-3.357255e-03	-1.422002e+00
1.590000e-06	-4.630266e-03	-1.230473e+00
1.600000e-06	-5.496737e-03	-1.053058e+00
1.610000e-06	-5.150177e-03	-9.247121e-01
1.620000e-06	-3.991465e-03	-7.577137e-01
1.630000e-06	-4.037857e-03	-5.587401e-01
1.640000e-06	-3.789986e-03	-3.493987e-01
1.650000e-06	-4.029786e-03	-2.330265e-01
1.660000e-06	-3.055629e-03	-1.130607e-01
1.670000e-06	-6.138650e-04	5.970659e-02
1.680000e-06	9.961389e-04	2.541102e-01
1.690000e-06	-4.006894e-03	4.309749e-01
1.700000e-06	-8.647354e-04	5.048946e-01
1.710000e-06	-3.694561e-03	6.729404e-01
1.720000e-06	-1.748988e-03	8.095537e-01
1.730000e-06	-3.108975e-03	9.969981e-01
1.740000e-06	4.172571e-03	1.136953e+00
1.750000e-06	2.584211e-02	1.314872e+00
1.760000e-06	5.572645e-02	1.575995e+00
1.770000e-06	-2.072163e-02	1.770074e+00
1.780000e-06	-4.466727e-02	1.945395e+00
1.790000e-06	-6.052493e-02	2.072785e+00
1.800000e-06	-5.963796e-02	2.179423e+00
1.810000e-06	1.154867e-01	2.274713e+00
1.820000e-06	2.127871e-03	2.441656e+00
1.830000e-06	-1.085734e-01	2.556924e+00
1.840000e-06	1.242831e-01	2.724394e+00
1.850000e-06	-4.566071e-02	2.916818e+00
1.860000e-06	-7.745122e-02	3.033281e+00
1.870000e-06	1.063771e-01	3.199625e+00
1.880000e-06	-4.270457e-02	3.345927e+00
1.890000e-06	-6.183051e-02	3.527369e+00
1.900000e-06	9.407646e-02	3.652710e+00
1.910000e-06	-4.978900e-02	3.810082e+00
1.920000e-06	-4.979506e-03	4.008571e+00
1.930000e-06	2.043646e-02	4.086344e+00
1.940000e-06	-5.027745e-02	4.294338e+00
1.950000e-06	2.159259e-02	4.431654e+00
1.960000e-06	6.119134e-03	4.578028e+00
1.970000e-06	-1.305189e-02	4.705927e+00
1.980000e-06	1.782893e-02	4.873733e+00
1.990000e-06	-5.618664e-03	5.084440e+00
2.000000e-06	-3.034040e-02	5.280683e+00
2.010000e-06	-8.467451e-03	5.367548e+00
2.020000e-06	2.918400e-02	5.484814e+00
2.030000e-06	-5.266612e-03	5.651529e+00
2.040000e-06	-2.601196e-02	5.724995e+00
2.050000e-06	7.791053e-03	5.884338e+00
2.060000e-06	-6.420632e-03	6.040077e+00
2.070000e-06	-5.426559e-03	6.134443e+00
2.080000e-06	-8.540542e-03	6.281182e+00
2.090000e-06	-5.062804e-03	6.346972e+00
2.100000e-06	1.644068e-02	6.460604e+00
2.110000e-06	-1.739717e-02	6.598128e+00
2.120000e-06	-1.602252e-02	6.756296e+00
2.130000e-06	6.105318e-03	6.831030e+00
2.140000e-06	-1.534961e-05	6.864888e+00
2.150000e-06	-1.541797e-02	6.997599e+00
2.160000e-06	-9.379461e-03	7.154889e+00
2.170000e-06	1.297671e-02	7.172025e+00
2.180000e-06	-6.717679e-03	7.293237e+00
2.190000e-06	-1.993772e-02	7.378949e+00
2.200000e-06	-5.021078e-03	7.527341e+00
2.210000e-06	1.029569e-03	7.642079e+00
2.220000e-06	-4.771726e-03	7.705238e+00
2.230000e-06	-1.164604e-02	7.820055e+00
2.240000e-06	-3.209072e-03	7.915869e+00
2.250000e-06	-5.899149e-03	8.020252e+00
2.260000e-06	-1.057753e-02	8.083315e+00
2.270000e-06	-6.309117e-03	8.186420e+00
2.280000e-06	-4.836824e-03	8.242076e+00
2.290000e-06	-1.010810e-02	8.273288e+00
2.300000e-06	-9.381039e-03	8.376418e+00
2.310000e-06	-4.070664e-03	8.359023e+00
2.320000e-06	-6.136478e-03	8.412106e+00
2.330000e-06	-1.132088e-02	8.471633e+00
2.340000e-06	-9.093697e-03	8.504840e+00
2.350000e-06	-8.269482e-03	8.527969e+00
2.360000e-06	-8.974087e-03	8.599001e+00
2.370000e-06	-8.567741e-03	8.599510e+00
2.380000e-06	-1.053518e-02	8.650107e+00
2.390000e-06	-1.342272e-02	8.664786e+00
2.400000e-06	-1.305635e-02	8.725267e+00
2.410000e-06	-8.850754e-03	8.758293e+00
2.420000e-06	-8.701064e-03	8.768921e+00
2.430000e-06	-1.448228e-02	8.788974e+00
2.440000e-06	-1.450766e-02	8.768579e+00
2.450000e-06	-1.396861e-02	8.831028e+00
2.460000e-06	-1.251644e-02	8.810051e+00
2.470000e-06	-1.534619e-02	8.800451e+00
2.480000e-06	-1.586097e-02	8.819579e+00
2.490000e-06	-1.679492e-02	8.820552e+00
2.500000e-06	-1.723213e-02	8.851155e+00
2.510000e-06	-1.756551e-02	8.840505e+00
2.520000e-06	-1.904386e-02	8.840151e+00
2.530000e-06	-1.897531e-02	8.841055e+00
2.540000e-06	-2.217278e-02	8.789553e+00
2.550000e-06	-2.240871e-02	8.820529e+00
2.560000e-06	-2.252731e-02	8.789425e+00
2.570000e-06	-2.295202e-02	8.778398e+00
2.580000e-06	-2.493944e-02	8.747419e+00
2.590000e-06	-2.609441e-02	8.724290e+00
2.600000e-06	-2.616957e-02	8.724711e+00
2.610000e-06	-2.688639e-02	8.662186e+00
2.620000e-06	-2.591423e-02	8.630607e+00
2.630000e-06	-2.596207e-02	8.569473e+00
2.640000e-06	-2.519514e-02	8.547369e+00
2.650000e-06	-2.624747e-02	8.483810e+00
2.660000e-06	-2.564845e-02	8.441656e+00
2.670000e-06	-2.415582e-02	8.420977e+00
2.680000e-06	-2.183849e-02	8.357923e+00
2.690000e-06	-2.158481e-02	8.334738e+00
2.700000e-06	-2.120478e-02	8.228157e+00
2.710000e-06	-1.925064e-02	8.127921e+00
2.720000e-06	-1.867127e-02	8.083709e+00
2.730000e-06	-1.863694e-02	8.060084e+00
2.740000e-06	-1.797126e-02	7.959393e+00
2.750000e-06	-1.538441e-02	7.884637e+00
2.760000e-06	-1.559837e-02	7.788448e+00
2.770000e-06	-1.330306e-02	7.684789e+00
2.780000e-06	-1.345135e-02	7.642029e+00
2.790000e-06	-1.167157e-02	7.555997e+00
2.800000e-06	-1.260371e-02	7.450532e+00
2.810000e-06	-1.119630e-02	7.314240e+00
2.820000e-06	-1.157385e-02	7.218999e+00
2.830000e-06	-1.002742e-02	7.126768e+00
2.840000e-06	-9.530590e-03	7.021028e+00
2.850000e-06	-8.920089e-03	6.886187e+00
2.860000e-06	-9.127980e-03	6.811078e+00
2.870000e-06	-9.481275e-03	6.747893e+00
2.880000e-06	-8.429744e-03	6.590948e+00
2.890000e-06	-7.819900e-03	6.473181e+00
2.900000e-06	-8.283119e-03	6.388847e+00
2.910000e-06	-7.092737e-03	6.282129e+00
2.920000e-06	-6.357071e-03	6.168268e+00
2.930000e-06	-7.759077e-03	6.022105e+00
2.940000e-06	-7.353989e-03	5.937342e+00
2.950000e-06	-6.930660e-03	5.758949e+00
2.960000e-06	-5.669568e-03	5.618501e+00
2.970000e-06	-6.314568e-03	5.505662e+00
2.980000e-06	-5.603733e-03	5.408425e+00
2.990000e-06	-6.398997e-03	5.242003e+00
3.000000e-06	-5.968800e-03	5.092658e+00
3.010000e-06	-5.585948e-03	4.853710e+00
3.020000e-06	-5.504550e-03	4.746394e+00
3.030000e-06	-5.573737e-03	4.590941e+00
3.040000e-06	-5.267442e-03	4.506636e+00
3.050000e-06	-5.763321e-03	4.368421e+00
3.060000e-06	-5.653769e-03	4.198896e+00
3.070000e-06	-5.753354e-03	4.050528e+00
3.080000e-06	-5.460020e-03	3.897212e+00
3.090000e-06	-5.171722e-03	3.787793e+00
3.100000e-06	-4.815705e-03	3.589974e+00
3.110000e-06	-4.431370e-03	3.514662e+00
3.120000e-06	-4.646080e-03	3.294235e+00
3.130000e-06	-4.568641e-03	3.167897e+00
3.140000e-06	-4.746704e-03	3.000471e+00
3.150000e-06	-4.696112e-03	2.853635e+00
3.160000e-06	-4.827145e-03	2.756840e+00
3.170000e-06	-4.606306e-03	2.556187e+00
3.180000e-06	-4.151575e-03	2.368319e+00
3.190000e-06	-4.225754e-03	2.238976e+00
3.200000e-06	-4.404893e-03	2.054079e+00
3.210000e-06	-4.315486e-03	1.927815e+00
3.220000e-06	-4.836642e-03	1.717871e+00
3.230000e-06	-3.935890e-03	1.570295e+00
3.240000e-06	-3.861851e-03	1.408925e+00
3.250000e-06	-3.900489e-03	1.273550e+00
3.260000e-06	-4.246665e-03	1.045052e+00
3.270000e-06	-4.523763e-03	8.720015e-01
3.280000e-06	-4.110793e-03	6.766330e-01
3.290000e-06	-3.894976e-03	5.267682e-01
3.300000e-06	-3.444160e-03	3.904689e-01
3.310000e-06	-4.092223e-03	1.920514e-01
3.320000e-06	-2.749011e-03	3.999918e-02
3.330000e-06	5.130878e-04	-1.438919e-01
3.340000e-06	2.514600e-03	-2.622091e-01
3.350000e-06	-8.341238e-04	-4.295011e-01
3.360000e-06	2.520497e-04	-5.659911e-01
3.370000e-06	-2.550345e-03	-7.069409e-01
3.380000e-06	-5.867805e-04	-8.522342e-01
3.390000e-06	-5.085797e-04	-1.000151e+00
3.400000e-06	1.340960e-02	-1.137494e+00
3.410000e-06	6.443345e-02	-1.281339e+00
3.420000e-06	7.956622e-03	-1.578020e+00
3.430000e-06	-5.141640e-02	-1.779625e+00
3.440000e-06	-5.058708e-02	-1.998977e+00
3.450000e-06	-7.794816e-02	-2.051637e+00
3.460000e-06	1.362101e-01	-2.041662e+00
3.470000e-06	-1.704990e-02	-2.250312e+00
3.480000e-06	-1.166940e-01	-2.537443e+00
3.490000e-06	1.518453e-01	-2.611505e+00
3.500000e-06	-4.960653e-02	-2.746371e+00
3.510000e-06	-1.139993e-01	-2.987525e+00
3.520000e-06	1.458730e-01	-3.095343e+00
3.530000e-06	-4.050548e-02	-3.251157e+00
3.540000e-06	-6.215379e-02	-3.460604e+00
3.550000e-06	1.307931e-01	-3.515416e+00
3.560000e-06	-1.018902e-01	-3.693289e+00
3.570000e-06	2.306729e-02	-3.874241e+00
3.580000e-06	3.933577e-02	-4.041629e+00
3.590000e-06	-9.835576e-02	-4.210578e+00
3.600000e-06	9.870861e-02	-4.325767e+00
3.610000e-06	-2.115982e-02	-4.430651e+00
3.620000e-06	-4.936330e-02	-4.618054e+00
3.630000e-06	8.920959e-02	-4.777973e+00
3.640000e-06	-4.776348e-02	-4.893342e+00
3.650000e-06	-2.321638e-03	-5.030678e+00
3.660000e-06	-1.028938e-02	-5.185917e+00
3.670000e-06	7.684314e-03	-5.366445e+00
3.680000e-06	4.252623e-02	-5.493691e+00
3.690000e-06	-6.389580e-02	-5.662103e+00
3.700000e-06	5.170625e-02	-5.766921e+00
3.710000e-06	-1.259685e-03	-5.853784e+00
3.720000e-06	-3.776581e-02	-6.009550e+00
3.730000e-06	1.929725e-02	-6.091199e+00
3.740000e-06	-1.134118e-02	-6.230130e+00
3.750000e-06	5.817954e-02	-6.378975e+00
3.760000e-06	-4.397000e-02	-6.494212e+00
3.770000e-06	-2.331156e-02	-6.608527e+00
3.780000e-06	4.761221e-02	-6.673259e+00
3.790000e-06	-1.554308e-02	-6.809526e+00
3.800000e-06	-6.516323e-04	-6.881634e+00
3.810000e-06	-1.425544e-02	-6.999576e+00
3.820000e-06	3.324094e-02	-7.156397e+00
3.830000e-06	-1.667121e-03	-7.230128e+00
3.840000e-06	-3.036337e-02	-7.314314e+00
3.850000e-06	2.295362e-02	-7.420028e+00
3.860000e-06	3.988424e-03	-7.484289e+00
3.870000e-06	-2.290635e-06	-7.609579e+00
3.880000e-06	-1.349643e-02	-7.691237e+00
3.890000e-06	1.517419e-02	-7.829608e+00
3.900000e-06	1.280817e-02	-7.944370e+00
3.910000e-06	-1.633902e-02	-8.010551e+00
3.920000e-06	4.763025e-03	-8.051129e+00
3.930000e-06	8.054363e-03	-8.125292e+00
3.940000e-06	7.677995e-03	-8.230544e+00
3.950000e-06	-2.695616e-03	-8.272608e+00
3.960000e-06	4.624083e-03	-8.325390e+00
3.970000e-06	7.257827e-03	-8.346946e+00
3.980000e-06	-3.460246e-03	-8.410554e+00
3.990000e-06	5.146551e-03	-8.461229e+00
4.000000e-06	6.805788e-03	-8.502266e+00
4.010000e-06	6.148395e-03	-8.536791e+00
4.020000e-06	3.907172e-03	-8.568900e+00
4.030000e-06	4.493976e-03	-8.621658e+00
4.040000e-06	5.226804e-03	-8.704235e+00
4.050000e-06	3.017294e-03	-8.715789e+00
4.060000e-06	7.958220e-03	-8.799371e+00
4.070000e-06	6.972145e-03	-8.778973e+00
4.080000e-06	4.545337e-03	-8.820074e+00
4.090000e-06	6.451660e-03	-8.840054e+00
4.100000e-06	1.050823e-02	-8.870077e+00
4.110000e-06	7.748462e-03	-8.860178e+00
4.120000e-06	5.266687e-03	-8.872632e+00
4.130000e-06	9.892813e-03	-8.861606e+00
4.140000e-06	1.247766e-02	-8.873131e+00
4.150000e-06	1.091610e-02	-8.862581e+00
4.160000e-06	1.060290e-02	-8.852158e+00
4.170000e-06	1.232345e-02	-8.862708e+00
4.180000e-06	1.375896e-02	-8.831635e+00
4.190000e-06	1.353846e-02	-8.872082e+00
4.200000e-06	1.589439e-02	-8.840600e+00
4.210000e-06	1.698366e-02	-8.822082e+00
4.220000e-06	1.779350e-02	-8.861128e+00
4.230000e-06	1.726941e-02	-8.829531e+00
4.240000e-06	1.905223e-02	-8.798949e+00
4.250000e-06	2.070938e-02	-8.746871e+00
4.260000e-06	2.112814e-02	-8.725837e+00
4.270000e-06	2.030931e-02	-8.654207e+00
4.280000e-06	2.034825e-02	-8.667950e+00
4.290000e-06	2.056003e-02	-8.547769e+00
4.300000e-06	2.004348e-02	-8.495237e+00
4.310000e-06	1.861932e-02	-8.451631e+00
4.320000e-06	1.839641e-02	-8.409477e+00
4.330000e-06	1.848229e-02	-8.347368e+00
4.340000e-06	1.744391e-02	-8.306312e+00
4.350000e-06	1.554461e-02	-8.271133e+00
4.360000e-06	1.367180e-02	-8.179472e+00
4.370000e-06	1.271221e-02	-8.136786e+00
4.380000e-06	1.116652e-02	-8.053129e+00
4.390000e-06	1.153373e-02	-7.990003e+00
4.400000e-06	1.036681e-02	-7.977842e+00
4.410000e-06	9.516558e-03	-7.855106e+00
4.420000e-06	8.153788e-03	-7.764265e+00
4.430000e-06	7.863657e-03	-7.652056e+00
4.440000e-06	6.698210e-03	-7.526315e+00
4.450000e-06	5.874333e-03	-7.462130e+00
4.460000e-06	5.953764e-03	-7.317893e+00
4.470000e-06	5.518693e-03	-7.315083e+00
4.480000e-06	4.090468e-03	-7.210952e+00
4.490000e-06	3.645958e-03	-7.116715e+00
4.500000e-06	3.829026e-03	-7.036890e+00
4.510000e-06	3.057772e-03	-6.912607e+00
4.520000e-06	1.868978e-03	-6.787974e+00
4.530000e-06	2.299037e-03	-6.674137e+00
4.540000e-06	2.674578e-03	-6.585920e+00
4.550000e-06	8.845010e-04	-6.463108e+00
4.560000e-06	1.681493e-03	-6.317323e+00
4.570000e-06	1.674699e-03	-6.281557e+00
4.580000e-06	1.283123e-03	-6.093233e+00
4.590000e-06	-4.227275e-04	-5.978346e+00
4.600000e-06	1.440212e-04	-5.862158e+00
4.610000e-06	1.019650e-03	-5.716216e+00
4.620000e-06	-5.610671e-04	-5.649475e+00
4.630000e-06	-9.558255e-04	-5.504636e+00
4.640000e-06	4.379803e-04	-5.303609e+00
4.650000e-06	-8.623552e-04	-5.176269e+00
4.660000e-06	-2.289737e-03	-5.029428e+00
4.670000e-06	-2.781730e-03	-4.861504e+00
4.680000e-06	-9.583453e-04	-4.661652e+00
4.690000e-06	-1.560778e-03	-4.536169e+00
4.700000e-06	-2.659077e-03	-4.412473e+00
4.710000e-06	-2.101804e-03	-4.305737e+00
4.720000e-06	-2.348510e-03	-4.209340e+00
4.730000e-06	-2.572959e-03	-4.033074e+00
4.740000e-06	-2.642814e-03	-3.954713e+00
4.750000e-06	-2.500145e-03	-3.725241e+00
4.760000e-06	-1.914170e-03	-3.588346e+00
4.770000e-06	-3.092220e-03	-3.441004e+00
4.780000e-06	-2.670617e-03	-3.292636e+00
4.790000e-06	-3.122182e-03	-3.178866e+00
4.800000e-06	-2.168001e-03	-2.969368e+00
4.810000e-06	-2.222430e-03	-2.830024e+00
4.820000e-06	-3.858108e-03	-2.693586e+00
4.830000e-06	-4.043302e-03	-2.516690e+00
4.840000e-06	-3.509887e-03	-2.388441e+00
4.850000e-06	-3.528771e-03	-2.208849e+00
4.860000e-06	-3.718641e-03	-2.009475e+00
4.870000e-06	-3.391418e-03	-1.892582e+00
4.880000e-06	-3.329022e-03	-1.756162e+00
4.890000e-06	-3.607771e-03	-1.577864e+00
4.900000e-06	-2.936449e-03	-1.347240e+00
4.910000e-06	-4.077470e-03	-1.167791e+00
4.920000e-06	-4.174829e-03	-1.008948e+00
4.930000e-06	-3.936336e-03	-8.330226e-01
4.940000e-06	-4.673096e-03	-7.161596e-01
4.950000e-06	-3.649001e-03	-5.436081e-01
4.960000e-06	-4.699772e-03	-3.363422e-01
4.970000e-06	-4.910763e-03	-1.913901e-01
4.980000e-06	-1.794028e-03	-5.100420e-02
4.990000e-06	8.710377e-04	9.394167e-02
5.000000e-06	-3.728021e-04	3.243407e-01
5.010000e-06	-2.183826e-03	4.711076e-01
5.020000e-06	-3.895912e-04	5.786010e-01
5.030000e-06	-2.696461e-03	7.154195e-01
5.040000e-06	-3.292394e-03	8.827015e-01
5.050000e-06	-2.267029e-03	1.019858e+00
5.060000e-06	7.835327e-03	1.228657e+00
5.070000e-06	4.141850e-02	1.399572e+00
5.080000e-06	4.008983e-02	1.629259e+00
5.090000e-06	-4.223349e-02	1.821659e+00
5.100000e-06	-3.979099e-02	2.000051e+00
5.110000e-06	-7.679295e-02	2.115343e+00
5.120000e-06	-6.305640e-03	2.189552e+00
5.130000e-06	1.272425e-01	2.345951e+00
5.140000e-06	-8.691571e-02	2.512610e+00
5.150000e-06	-2.268701e-02	2.592151e+00
5.160000e-06	1.128916e-01	2.799101e+00
5.170000e-06	-1.141653e-01	2.979421e+00
5.180000e-06	9.197366e-04	3.074286e+00
5.190000e-06	9.557090e-02	3.230605e+00
5.200000e-06	-1.028625e-01	3.399678e+00
5.210000e-06	1.959488e-02	3.558925e+00
5.220000e-06	5.476090e-02	3.673390e+00
5.230000e-06	-6.806108e-02	3.864189e+00
5.240000e-06	3.089039e-02	4.019530e+00
5.250000e-06	-1.614388e-02	4.188077e+00
5.260000e-06	-3.143770e-02	4.326948e+00
5.270000e-06	3.135116e-02	4.474263e+00
5.280000e-06	-9.940178e-03	4.629656e+00
5.290000e-06	-1.895220e-03	4.767550e+00
5.300000e-06	1.732112e-02	4.964947e+00
5.310000e-06	-1.841940e-02	5.137995e+00
5.320000e-06	-2.697524e-02	5.283839e+00
5.330000e-06	4.495857e-03	5.419106e+00
5.340000e-06	2.747513e-02	5.507968e+00
5.350000e-06	-2.369973e-02	5.650631e+00
5.360000e-06	-1.030402e-02	5.778552e+00
5.370000e-06	6.412971e-03	5.918496e+00
5.380000e-06	-9.815567e-03	6.052683e+00
5.390000e-06	-3.122702e-03	6.167024e+00
5.400000e-06	-1.300862e-02	6.263812e+00
5.410000e-06	7.777509e-03	6.379998e+00
5.420000e-06	6.849882e-03	6.462160e+00
5.430000e-06	-2.301206e-02	6.640188e+00
5.440000e-06	-8.980904e-03	6.787520e+00
5.450000e-06	8.922776e-03	6.851656e+00
5.460000e-06	-5.422198e-03	6.915367e+00
5.470000e-06	-1.677053e-02	7.012181e+00
5.480000e-06	-5.312878e-04	7.197918e+00
5.490000e-06	1.003737e-02	7.219579e+00
5.500000e-06	-1.631692e-02	7.314293e+00
5.510000e-06	-1.374340e-02	7.392182e+00
5.520000e-06	4.022434e-04	7.566451e+00
5.530000e-06	3.555197e-04	7.642634e+00
5.540000e-06	-1.000507e-02	7.696867e+00
5.550000e-06	-1.121207e-02	7.852281e+00
5.560000e-06	1.769382e-04	7.935546e+00
5.570000e-06	-8.548618e-03	8.032633e+00
5.580000e-06	-9.903042e-03	8.141844e+00
5.590000e-06	-5.567332e-03	8.211047e+00
5.600000e-06	-4.353368e-03	8.281762e+00
5.610000e-06	-1.037464e-02	8.235413e+00
5.620000e-06	-9.153301e-03	8.348949e+00
5.630000e-06	-4.154485e-03	8.399024e+00
5.640000e-06	-9.420602e-03	8.461631e+00
5.650000e-06	-1.157772e-02	8.503212e+00
5.660000e-06	-8.606978e-03	8.494793e+00
5.670000e-06	-7.341799e-03	8.595896e+00
5.680000e-06	-8.791267e-03	8.579529e+00
5.690000e-06	-9.967052e-03	8.643129e+00
5.700000e-06	-1.147294e-02	8.682609e+00
5.710000e-06	-1.246459e-02	8.703762e+00
5.720000e-06	-1.061498e-02	8.715338e+00
5.730000e-06	-8.479397e-03	8.766395e+00
5.740000e-06	-1.181068e-02	8.758426e+00
5.750000e-06	-1.453690e-02	8.769523e+00
5.760000e-06	-1.411027e-02	8.839553e+00
5.770000e-06	-1.253237e-02	8.799001e+00
5.780000e-06	-1.356705e-02	8.820005e+00
5.790000e-06	-1.640824e-02	8.809578e+00
5.800000e-06	-1.496496e-02	8.861053e+00
5.810000e-06	-1.507903e-02	8.841106e+00
5.820000e-06	-1.762724e-02	8.841580e+00
5.830000e-06	-1.937685e-02	8.870556e+00
5.840000e-06	-1.992140e-02	8.820125e+00
5.850000e-06	-2.060731e-02	8.780529e+00
5.860000e-06	-2.158351e-02	8.831530e+00
5.870000e-06	-2.223497e-02	8.808525e+00
5.880000e-06	-2.262830e-02	8.789949e+00
5.890000e-06	-2.398824e-02	8.756899e+00
5.900000e-06	-2.483216e-02	8.756740e+00
5.910000e-06	-2.562882e-02	8.745237e+00
5.920000e-06	-2.585419e-02	8.663238e+00
5.930000e-06	-2.621669e-02	8.653135e+00
5.940000e-06	-2.659004e-02	8.630555e+00
5.950000e-06	-2.684645e-02	8.587971e+00
5.960000e-06	-2.569511e-02	8.494818e+00
5.970000e-06	-2.504808e-02	8.462258e+00
5.980000e-06	-2.418179e-02	8.431054e+00
5.990000e-06	-2.371320e-02	8.399474e+00
6.000000e-06	-2.225719e-02	8.388344e+00
6.010000e-06	-2.085860e-02	8.284709e+00
6.020000e-06	-2.034726e-02	8.229023e+00
6.030000e-06	-1.989758e-02	8.167293e+00
6.040000e-06	-1.938829e-02	8.062711e+00
6.050000e-06	-1.809371e-02	8.018499e+00
6.060000e-06	-1.619136e-02	7.915762e+00
6.070000e-06	-1.507648e-02	7.840078e+00
6.080000e-06	-1.490380e-02	7.738949e+00
6.090000e-06	-1.441119e-02	7.674684e+00
6.100000e-06	-1.243272e-02	7.620475e+00
6.110000e-06	-1.247355e-02	7.523659e+00
6.120000e-06	-1.175797e-02	7.378447e+00
6.130000e-06	-1.169156e-02	7.252734e+00
6.140000e-06	-1.039351e-02	7.167971e+00
6.150000e-06	-1.068793e-02	7.054232e+00
6.160000e-06	-1.030696e-02	6.988842e+00
6.170000e-06	-9.550433e-03	6.883659e+00
6.180000e-06	-8.392032e-03	6.819475e+00
6.190000e-06	-8.717410e-03	6.756737e+00
6.200000e-06	-8.699197e-03	6.588391e+00
6.210000e-06	-8.296002e-03	6.431053e+00
6.220000e-06	-6.660410e-03	6.327292e+00
6.230000e-06	-7.447961e-03	6.221052e+00
6.240000e-06	-7.305108e-03	6.075688e+00
6.250000e-06	-7.047945e-03	6.030026e+00
6.260000e-06	-7.157929e-03	5.897233e+00
6.270000e-06	-6.836439e-03	5.707316e+00
6.280000e-06	-6.049089e-03	5.598449e+00
6.290000e-06	-7.414831e-03	5.472132e+00
6.300000e-06	-5.619002e-03	5.357321e+00
6.310000e-06	-6.130996e-03	5.180899e+00
6.320000e-06	-5.799047e-03	4.990427e+00
6.330000e-06	-5.294214e-03	4.792105e+00
6.340000e-06	-6.240937e-03	4.704236e+00
6.350000e-06	-4.939969e-03	4.547895e+00
6.360000e-06	-4.754649e-03	4.431529e+00
6.370000e-06	-7.079426e-03	4.357765e+00
6.380000e-06	-4.947208e-03	4.108312e+00
6.390000e-06	-6.671922e-03	3.957947e+00
6.400000e-06	-3.868032e-03	3.813654e+00
6.410000e-06	-4.141846e-03	3.685766e+00
6.420000e-06	-2.566293e-03	3.590446e+00
6.430000e-06	-4.948147e-03	3.392001e+00
6.440000e-06	-6.353924e-03	3.232055e+00
6.450000e-06	-6.177406e-03	3.106811e+00
6.460000e-06	-6.402104e-03	2.977890e+00
6.470000e-06	-5.076389e-03	2.810029e+00
6.480000e-06	-4.101066e-03	2.666030e+00
6.490000e-06	-3.498541e-03	2.461154e+00
6.500000e-06	-3.162572e-03	2.315687e+00
6.510000e-06	-3.142996e-03	2.146420e+00
6.520000e-06	-4.077302e-03	2.050499e+00
6.530000e-06	-5.149859e-03	1.935209e+00
6.540000e-06	-5.381078e-03	1.735232e+00
6.550000e-06	-4.884489e-03	1.516664e+00
6.560000e-06	-3.480983e-03	1.338813e+00
6.570000e-06	-3.891379e-03	1.220044e+00
6.580000e-06	-4.917102e-03	9.714974e-01
6.590000e-06	-3.825452e-03	7.894961e-01
6.600000e-06	-2.420174e-03	6.205528e-01
6.610000e-06	-2.663789e-03	4.357118e-01
6.620000e-06	-2.784990e-03	3.188923e-01
6.630000e-06	-3.085179e-03	1.173172e-01
6.640000e-06	-1.418122e-03	-4.070140e-02
6.650000e-06	6.011731e-04	-1.884711e-01
6.660000e-06	-6.054598e-04	-3.063671e-01
6.670000e-06	-1.249667e-03	-4.316038e-01
6.680000e-06	5.262958e-04	-6.201515e-01
6.690000e-06	-1.043261e-03	-7.684723e-01
6.700000e-06	-8.288878e-04	-9.437634e-01
6.710000e-06	1.519017e-03	-1.051733e+00
6.720000e-06	2.711258e-02	-1.219001e+00
6.730000e-06	6.774855e-02	-1.356603e+00
6.740000e-06	-3.486518e-02	-1.653230e+00
6.750000e-06	-3.592849e-02	-1.873788e+00
6.760000e-06	-8.433804e-02	-1.991025e+00
6.770000e-06	-5.261483e-03	-2.074184e+00
6.780000e-06	1.365046e-01	-2.093783e+00
6.790000e-06	-1.073045e-01	-2.366624e+00
6.800000e-06	-1.606224e-02	-2.607949e+00
6.810000e-06	1.415983e-01	-2.640158e+00
6.820000e-06	-1.440052e-01	-2.818179e+00
6.830000e-06	-1.695733e-02	-3.011083e+00
6.840000e-06	1.303854e-01	-3.176920e+00
6.850000e-06	-1.199588e-01	-3.305414e+00
6.860000e-06	3.718054e-02	-3.454237e+00
6.870000e-06	6.506273e-02	-3.557051e+00
6.880000e-06	-1.136855e-01	-3.747476e+00
6.890000e-06	9.026642e-02	-3.957395e+00
6.900000e-06	-4.348568e-02	-4.074313e+00
6.910000e-06	-4.069968e-02	-4.222132e+00
6.920000e-06	1.058094e-01	-4.317370e+00
6.930000e-06	-8.729736e-02	-4.463290e+00
6.940000e-06	2.652693e-02	-4.629805e+00
6.950000e-06	4.940287e-02	-4.779976e+00
6.960000e-06	-5.558251e-02	-4.966999e+00
6.970000e-06	1.666016e-02	-5.085208e+00
6.980000e-06	-2.581810e-02	-5.240155e+00
6.990000e-06	4.588619e-02	-5.420555e+00
7.000000e-06	-6.085254e-03	-5.548394e+00
7.010000e-06	-4.035489e-02	-5.683737e+00
7.020000e-06	6.553169e-02	-5.799578e+00
7.030000e-06	-4.238477e-02	-5.944391e+00
7.040000e-06	-4.890172e-03	-6.010028e+00
7.050000e-06	2.719645e-03	-6.124891e+00
7.060000e-06	1.347940e-02	-6.285163e+00
7.070000e-06	4.215592e-02	-6.440131e+00
7.080000e-06	-7.041650e-02	-6.505266e+00
7.090000e-06	2.182256e-02	-6.610053e+00
7.100000e-06	2.575090e-02	-6.724818e+00
7.110000e-06	-1.416834e-02	-6.791107e+00
7.120000e-06	-3.621275e-03	-6.903260e+00
7.130000e-06	-6.112393e-03	-7.001785e+00
7.140000e-06	3.994126e-02	-7.228596e+00
7.150000e-06	-2.853026e-02	-7.271607e+00
7.160000e-06	-7.857589e-03	-7.375367e+00
7.170000e-06	2.058835e-02	-7.461080e+00
7.180000e-06	8.189692e-04	-7.556870e+00
7.190000e-06	-2.519450e-03	-7.659578e+00
7.200000e-06	-9.706014e-03	-7.726892e+00
7.210000e-06	2.573160e-02	-7.873533e+00
7.220000e-06	-3.304194e-03	-7.957400e+00
7.230000e-06	-1.056045e-02	-8.041128e+00
7.240000e-06	7.576853e-03	-8.062738e+00
7.250000e-06	7.832956e-03	-8.166471e+00
7.260000e-06	5.163544e-03	-8.220549e+00
7.270000e-06	-2.734474e-03	-8.273238e+00
7.280000e-06	9.729850e-03	-8.365820e+00
7.290000e-06	1.812547e-03	-8.357923e+00
7.300000e-06	-5.878830e-04	-8.440558e+00
7.310000e-06	7.156309e-03	-8.472684e+00
7.320000e-06	6.208910e-03	-8.533215e+00
7.330000e-06	5.663360e-03	-8.566348e+00
7.340000e-06	3.312190e-03	-8.627477e+00
7.350000e-06	5.969735e-03	-8.644060e+00
7.360000e-06	4.420099e-03	-8.703737e+00
7.370000e-06	4.990324e-03	-8.746865e+00
7.380000e-06	7.980573e-03	-8.768948e+00
7.390000e-06	5.921296e-03	-8.808448e+00
7.400000e-06	4.306204e-03	-8.840548e+00
7.410000e-06	9.180846e-03	-8.841580e+00
7.420000e-06	9.921927e-03	-8.840627e+00
7.430000e-06	5.796184e-03	-8.850629e+00
7.440000e-06	6.447006e-03	-8.872683e+00
7.450000e-06	1.196826e-02	-8.864229e+00
7.460000e-06	1.207906e-02	-8.912684e+00
7.470000e-06	1.078007e-02	-8.882735e+00
7.480000e-06	1.118496e-02	-8.853681e+00
7.490000e-06	1.258090e-02	-8.891203e+00
7.500000e-06	1.380045e-02	-8.853657e+00
7.510000e-06	1.333532e-02	-8.892580e+00
7.520000e-06	1.701368e-02	-8.881627e+00
7.530000e-06	1.641408e-02	-8.870001e+00
7.540000e-06	1.757760e-02	-8.781604e+00
7.550000e-06	1.616600e-02	-8.829994e+00
7.560000e-06	2.117528e-02	-8.769949e+00
7.570000e-06	2.128173e-02	-8.737371e+00
7.580000e-06	2.042659e-02	-8.736211e+00
7.590000e-06	2.024000e-02	-8.691035e+00
7.600000e-06	1.989691e-02	-8.599918e+00
7.610000e-06	2.034897e-02	-8.518291e+00
7.620000e-06	1.900858e-02	-8.475163e+00
7.630000e-06	1.933029e-02	-8.451028e+00
7.640000e-06	1.931724e-02	-8.410001e+00
7.650000e-06	1.741025e-02	-8.366819e+00
7.660000e-06	1.668665e-02	-8.304733e+00
7.670000e-06	1.552879e-02	-8.240504e+00
7.680000e-06	1.467587e-02	-8.158395e+00
7.690000e-06	1.205815e-02	-8.104187e+00
7.700000e-06	1.146789e-02	-8.062105e+00
7.710000e-06	1.159659e-02	-8.009401e+00
7.720000e-06	9.929818e-03	-7.927711e+00
7.730000e-06	8.524255e-03	-7.839550e+00
7.740000e-06	6.668188e-03	-7.684258e+00
7.750000e-06	7.087489e-03	-7.599395e+00
7.760000e-06	6.524691e-03	-7.505739e+00
7.770000e-06	6.068953e-03	-7.419052e+00
7.780000e-06	6.876684e-03	-7.366839e+00
7.790000e-06	4.601907e-03	-7.252107e+00
7.800000e-06	3.308224e-03	-7.208971e+00
7.810000e-06	3.168661e-03	-7.093135e+00
7.820000e-06	3.668748e-03	-6.917286e+00
7.830000e-06	3.092116e-03	-6.871552e+00
7.840000e-06	2.201823e-03	-6.748295e+00
7.850000e-06	3.920907e-03	-6.622082e+00
7.860000e-06	3.025346e-03	-6.557816e+00
7.870000e-06	5.163811e-04	-6.422004e+00
7.880000e-06	1.262392e-03	-6.337671e+00
7.890000e-06	1.989007e-03	-6.139470e+00
7.900000e-06	9.613705e-04	-6.031602e+00
7.910000e-06	-4.121045e-04	-5.906715e+00
7.920000e-06	-2.892060e-04	-5.822025e+00
7.930000e-06	1.015753e-03	-5.714136e+00
7.940000e-06	-9.385832e-04	-5.589296e+00
7.950000e-06	-2.184640e-03	-5.433918e+00
7.960000e-06	-2.857288e-04	-5.251557e+00
7.970000e-06	-1.326245e-04	-5.094712e+00
7.980000e-06	-1.191372e-03	-4.945817e+00
7.990000e-06	-2.588005e-03	-4.744765e+00
8.000000e-06	-1.025873e-03	-4.631522e+00
8.010000e-06	-2.844711e-03	-4.505186e+00
8.020000e-06	-2.822339e-03	-4.398899e+00
8.030000e-06	-2.712800e-03	-4.233583e+00
8.040000e-06	-1.877230e-03	-4.117687e+00
8.050000e-06	-2.936283e-03	-3.999500e+00
8.060000e-06	-2.826770e-03	-3.873554e+00
8.070000e-06	-2.859617e-03	-3.663607e+00
8.080000e-06	-1.825359e-03	-3.535341e+00
8.090000e-06	-2.777196e-03	-3.369996e+00
8.100000e-06	-2.641784e-03	-3.251529e+00
8.110000e-06	-2.671218e-03	-3.106687e+00
8.120000e-06	-2.811317e-03	-2.906683e+00
8.130000e-06	-2.625849e-03	-2.779870e+00
8.140000e-06	-3.645883e-03	-2.630997e+00
8.150000e-06	-3.677947e-03	-2.443528e+00
8.160000e-06	-5.330217e-03	-2.277737e+00
8.170000e-06	-2.963006e-03	-2.175686e+00
8.180000e-06	-3.070696e-03	-1.979417e+00
8.190000e-06	-2.423315e-03	-1.850474e+00
8.200000e-06	-3.967541e-03	-1.634154e+00
8.210000e-06	-3.562101e-03	-1.535661e+00
8.220000e-06	-3.990639e-03	-1.312584e+00
8.230000e-06	-3.797419e-03	-1.125662e+00
8.240000e-06	-4.931112e-03	-9.477899e-01
8.250000e-06	-4.310074e-03	-8.399738e-01
8.260000e-06	-5.492023e-03	-6.330529e-01
8.270000e-06	-3.193057e-03	-4.515015e-01
8.280000e-06	-4.798941e-03	-2.756595e-01
8.290000e-06	-4.203661e-03	-1.662871e-01
8.300000e-06	-1.863223e-03	-1.092025e-02
8.310000e-06	1.484493e-03	1.560773e-01
8.320000e-06	-1.678005e-03	3.784711e-01
8.330000e-06	-1.163756e-03	4.847904e-01
8.340000e-06	-2.577619e-03	6.407075e-01
8.350000e-06	-2.608002e-03	7.784286e-01
8.360000e-06	-3.197114e-03	9.248143e-01
8.370000e-06	1.150051e-03	1.113864e+00
8.380000e-06	1.521378e-02	1.262734e+00
8.390000e-06	5.628417e-02	1.491714e+00
8.400000e-06	8.556282e-03	1.727498e+00
8.410000e-06	-4.770770e-02	1.863816e+00
8.420000e-06	-4.649062e-02	2.051080e+00
8.430000e-06	-7.984273e-02	2.137395e+00
8.440000e-06	6.664798e-02	2.221554e+00
8.450000e-06	7.971719e-02	2.438054e+00
8.460000e-06	-1.339198e-01	2.485844e+00
8.470000e-06	7.666265e-02	2.623832e+00
8.480000e-06	3.352729e-02	2.882784e+00
8.490000e-06	-1.204519e-01	2.999529e+00
8.500000e-06	7.467791e-02	3.126368e+00
8.510000e-06	3.277522e-02	3.282665e+00
8.520000e-06	-1.059488e-01	3.464287e+00
8.530000e-06	8.225660e-02	3.609551e+00
8.540000e-06	-8.166745e-03	3.767048e+00
8.550000e-06	-4.501761e-02	3.904768e+00
8.560000e-06	3.992028e-02	4.071709e+00
8.570000e-06	-4.351706e-02	4.272130e+00
8.580000e-06	-7.372736e-04	4.399553e+00
8.590000e-06	2.021642e-02	4.555419e+00
8.600000e-06	-1.691229e-02	4.683786e+00
8.610000e-06	1.041562e-02	4.830536e+00
8.620000e-06	7.694156e-03	5.011154e+00
8.630000e-06	-2.746438e-02	5.218053e+00
8.640000e-06	-1.992652e-02	5.316368e+00
8.650000e-06	2.044904e-02	5.460708e+00
8.660000e-06	1.217486e-02	5.559000e+00
8.670000e-06	-3.148299e-02	5.672236e+00
8.680000e-06	3.692996e-03	5.832184e+00
8.690000e-06	-1.159875e-04	5.970052e+00
8.700000e-06	-9.819756e-03	6.072791e+00
8.710000e-06	-3.436188e-03	6.191050e+00
8.720000e-06	-1.219447e-02	6.295393e+00
8.730000e-06	1.707776e-02	6.440129e+00
8.740000e-06	-7.540087e-03	6.494941e+00
8.750000e-06	-2.126796e-02	6.675367e+00
8.760000e-06	6.847778e-05	6.839578e+00
8.770000e-06	6.090707e-03	6.873262e+00
8.780000e-06	-1.035175e-02	6.966920e+00
8.790000e-06	-1.612246e-02	7.084684e+00
8.800000e-06	8.347714e-03	7.168577e+00
8.810000e-06	1.663628e-03	7.262133e+00
8.820000e-06	-1.861676e-02	7.376418e+00
8.830000e-06	-1.058979e-02	7.464243e+00
8.840000e-06	2.743962e-03	7.639626e+00
8.850000e-06	-2.945268e-03	7.683209e+00
8.860000e-06	-1.132571e-02	7.738472e+00
8.870000e-06	-8.141094e-03	7.913762e+00
8.880000e-06	-1.894135e-03	7.989002e+00
8.890000e-06	-1.111459e-02	8.051734e+00
8.900000e-06	-7.404204e-03	8.156421e+00
8.910000e-06	-4.565816e-03	8.209551e+00
8.920000e-06	-6.920200e-03	8.281633e+00
8.930000e-06	-1.038805e-02	8.315344e+00
8.940000e-06	-6.568615e-03	8.368475e+00
8.950000e-06	-4.868569e-03	8.410553e+00
8.960000e-06	-1.125277e-02	8.461182e+00
8.970000e-06	-1.125134e-02	8.473734e+00
8.980000e-06	-7.280993e-03	8.557473e+00
8.990000e-06	-7.609971e-03	8.578924e+00
9.000000e-06	-8.637519e-03	8.648576e+00
9.010000e-06	-1.061957e-02	8.641608e+00
9.020000e-06	-1.104372e-02	8.693686e+00
9.030000e-06	-1.294357e-02	8.755364e+00
9.040000e-06	-1.015334e-02	8.694367e+00
9.050000e-06	-9.716900e-03	8.757397e+00
9.060000e-06	-1.240126e-02	8.778924e+00
9.070000e-06	-1.538188e-02	8.800001e+00
9.080000e-06	-1.435248e-02	8.799473e+00
9.090000e-06	-1.280477e-02	8.819600e+00
9.100000e-06	-1.517670e-02	8.829555e+00
9.110000e-06	-1.528573e-02	8.831526e+00
9.120000e-06	-1.613992e-02	8.821079e+00
9.130000e-06	-1.666549e-02	8.781556e+00
9.140000e-06	-1.833703e-02	8.850128e+00
9.150000e-06	-1.900832e-02	8.861104e+00
9.160000e-06	-2.018969e-02	8.821056e+00
9.170000e-06	-2.113948e-02	8.809525e+00
9.180000e-06	-2.150453e-02	8.799500e+00
9.190000e-06	-2.153506e-02	8.809021e+00
9.200000e-06	-2.240083e-02	8.787449e+00
9.210000e-06	-2.581883e-02	8.727395e+00
9.220000e-06	-2.583191e-02	8.716792e+00
9.230000e-06	-2.469598e-02	8.703162e+00
9.240000e-06	-2.555736e-02	8.663233e+00
9.250000e-06	-2.722255e-02	8.640631e+00
9.260000e-06	-2.671746e-02	8.611025e+00
9.270000e-06	-2.619975e-02	8.588373e+00
9.280000e-06	-2.468089e-02	8.545115e+00
9.290000e-06	-2.545142e-02	8.453633e+00
9.300000e-06	-2.426788e-02	8.431632e+00
9.310000e-06	-2.242582e-02	8.400423e+00
9.320000e-06	-2.146349e-02	8.356369e+00
9.330000e-06	-2.057754e-02	8.262678e+00
9.340000e-06	-2.073631e-02	8.178450e+00
9.350000e-06	-1.936747e-02	8.114292e+00
9.360000e-06	-1.857732e-02	8.054184e+00
9.370000e-06	-1.705503e-02	7.958344e+00
9.380000e-06	-1.461792e-02	7.884136e+00
9.390000e-06	-1.625511e-02	7.809978e+00
9.400000e-06	-1.421360e-02	7.707338e+00
9.410000e-06	-1.481200e-02	7.682130e+00
9.420000e-06	-1.232182e-02	7.608321e+00
9.430000e-06	-1.460964e-02	7.453183e+00
9.440000e-06	-1.126748e-02	7.295266e+00
9.450000e-06	-1.132737e-02	7.220004e+00
9.460000e-06	-1.027193e-02	7.165819e+00
9.470000e-06	-1.097509e-02	7.022078e+00
9.480000e-06	-9.673331e-03	6.948340e+00
9.490000e-06	-8.933434e-03	6.854129e+00
9.500000e-06	-8.823245e-03	6.799444e+00
9.510000e-06	-9.420879e-03	6.685582e+00
9.520000e-06	-7.740565e-03	6.526740e+00
9.530000e-06	-8.145413e-03	6.378922e+00
9.540000e-06	-7.720701e-03	6.305261e+00
9.550000e-06	-7.614626e-03	6.189920e+00
9.560000e-06	-6.684935e-03	6.073082e+00
9.570000e-06	-7.561758e-03	5.979396e+00
9.580000e-06	-7.074727e-03	5.913549e+00
9.590000e-06	-6.542964e-03	5.673135e+00
9.600000e-06	-6.785788e-03	5.547341e+00
9.610000e-06	-6.244600e-03	5.408476e+00
9.620000e-06	-5.763829e-03	5.273215e+00
9.630000e-06	-6.057401e-03	5.166945e+00
9.640000e-06	-6.054448e-03	4.916215e+00
9.650000e-06	-6.020748e-03	4.758424e+00
9.660000e-06	-5.691792e-03	4.663555e+00
9.670000e-06	-5.502722e-03	4.527762e+00
9.680000e-06	-5.313162e-03	4.399974e+00
9.690000e-06	-4.987418e-03	4.263604e+00
9.700000e-06	-5.134887e-03	4.073733e+00
9.710000e-06	-5.123624e-03	3.937818e+00
9.720000e-06	-4.927877e-03	3.780974e+00
9.730000e-06	-4.537652e-03	3.693131e+00
9.740000e-06	-5.708421e-03	3.548265e+00
9.750000e-06	-4.874395e-03	3.359289e+00
9.760000e-06	-4.972891e-03	3.190453e+00
9.770000e-06	-4.611691e-03	3.032580e+00
9.780000e-06	-4.421609e-03	2.897164e+00
9.790000e-06	-4.398799e-03	2.808970e+00
9.800000e-06	-4.832007e-03	2.611825e+00
9.810000e-06	-4.212087e-03	2.429924e+00
9.820000e-06	-3.811147e-03	2.243657e+00
9.830000e-06	-4.622516e-03	2.105259e+00
9.840000e-06	-4.392575e-03	1.999395e+00
9.850000e-06	-4.826565e-03	1.791948e+00
9.860000e-06	-4.016359e-03	1.640502e+00
9.870000e-06	-4.128912e-03	1.462610e+00
9.880000e-06	-3.926714e-03	1.265156e+00
9.890000e-06	-4.519829e-03	1.116762e+00
9.900000e-06	-4.085034e-03	9.162327e-01
9.910000e-06	-3.678995e-03	7.483197e-01
9.920000e-06	-3.514721e-03	5.398237e-01
9.930000e-06	-3.894743e-03	4.510040e-01
9.940000e-06	-3.367487e-03	2.947069e-01
9.950000e-06	-3.259498e-03	7.510808e-02
9.960000e-06	-1.951040e-05	-6.326279e-02
9.970000e-06	2.256584e-03	-2.206788e-01
9.980000e-06	-3.288408e-04	-3.388985e-01
9.990000e-06	2.231971e-04	-4.621582e-01
1.000000e-05	-2.296501e-03	-6.933856e-01
1.001000e-05	-1.164359e-03	-8.001052e-01
1.002000e-05	-7.131559e-04	-9.468972e-01
1.003000e-05	6.215216e-03	-1.103840e+00
1.004000e-05	4.799776e-02	-1.260108e+00
1.005000e-05	4.478883e-02	-1.435291e+00
1.006000e-05	-5.379953e-02	-1.736396e+00
1.007000e-05	-3.248617e-02	-1.947495e+00
1.008000e-05	-1.032134e-01	-2.051655e+00
1.009000e-05	8.523201e-02	-2.123083e+00
1.010000e-05	7.188305e-02	-2.175501e+00
1.011000e-05	-1.502288e-01	-2.442258e+00
1.012000e-05	8.954153e-02	-2.609502e+00
1.013000e-05	4.274356e-02	-2.663734e+00
1.014000e-05	-1.646392e-01	-2.912868e+00
1.015000e-05	9.498466e-02	-3.112316e+00
1.016000e-05	5.028345e-02	-3.199526e+00
1.017000e-05	-1.254993e-01	-3.388021e+00
1.018000e-05	1.214058e-01	-3.482237e+00
1.019000e-05	-3.215988e-02	-3.621133e+00
1.020000e-05	-5.301988e-02	-3.851156e+00
1.021000e-05	9.032395e-02	-4.017001e+00
1.022000e-05	-9.806532e-02	-4.135470e+00
1.023000e-05	4.456997e-02	-4.264190e+00
1.024000e-05	4.967439e-02	-4.419049e+00
1.025000e-05	-9.303124e-02	-4.565371e+00
1.026000e-05	8.277742e-02	-4.704361e+00
1.027000e-05	-1.143283e-02	-4.860704e+00
1.028000e-05	-3.090373e-02	-5.020553e+00
1.029000e-05	9.812812e-03	-5.094843e+00
1.030000e-05	-1.898883e-02	-5.301661e+00
1.031000e-05	6.026892e-02	-5.408179e+00
1.032000e-05	-5.118574e-02	-5.609571e+00
1.033000e-05	1.242820e-02	-5.715867e+00
1.034000e-05	3.809623e-02	-5.849207e+00
1.035000e-05	-5.287204e-02	-5.968971e+00
1.036000e-05	2.005440e-02	-6.061179e+00
1.037000e-05	-1.491452e-02	-6.178449e+00
1.038000e-05	4.463969e-02	-6.316845e+00
1.039000e-05	-1.222585e-03	-6.461180e+00
1.040000e-05	-5.654836e-02	-6.556442e+00
1.041000e-05	4.626663e-02	-6.672637e+00
1.042000e-05	-1.327543e-03	-6.756996e+00
1.043000e-05	-3.883320e-03	-6.841079e+00
1.044000e-05	-1.182830e-02	-6.965424e+00
1.045000e-05	1.513762e-02	-7.137391e+00
1.046000e-05	2.443515e-02	-7.219577e+00
1.047000e-05	-3.870502e-02	-7.294237e+00
1.048000e-05	1.305486e-02	-7.388450e+00
1.049000e-05	1.165690e-02	-7.480708e+00
1.050000e-05	1.562418e-03	-7.596966e+00
1.051000e-05	-9.430015e-03	-7.661683e+00
1.052000e-05	1.844240e-03	-7.777002e+00
1.053000e-05	2.487539e-02	-7.861837e+00
1.054000e-05	-1.369602e-02	-7.980025e+00
1.055000e-05	-1.771910e-03	-8.061155e+00
1.056000e-05	7.368093e-03	-8.093291e+00
1.057000e-05	8.553631e-03	-8.169445e+00
1.058000e-05	-4.397789e-04	-8.250153e+00
1.059000e-05	2.931445e-04	-8.313785e+00
1.060000e-05	1.199538e-02	-8.368346e+00
1.061000e-05	-2.229411e-03	-8.378003e+00
1.062000e-05	2.489091e-03	-8.399579e+00
1.063000e-05	6.802448e-03	-8.513686e+00
1.064000e-05	7.056978e-03	-8.534386e+00
1.065000e-05	4.041979e-03	-8.558922e+00
1.066000e-05	3.417244e-03	-8.691183e+00
1.067000e-05	7.403338e-03	-8.682685e+00
1.068000e-05	3.563715e-03	-8.754387e+00
1.069000e-05	5.420009e-03	-8.757392e+00
1.070000e-05	6.366137e-03	-8.769948e+00
1.071000e-05	5.489824e-03	-8.829074e+00
1.072000e-05	4.895308e-03	-8.788975e+00
1.073000e-05	9.510353e-03	-8.831576e+00
1.074000e-05	9.168413e-03	-8.829629e+00
1.075000e-05	5.011763e-03	-8.870604e+00
1.076000e-05	7.874990e-03	-8.862609e+00
1.077000e-05	1.257834e-02	-8.864183e+00
1.078000e-05	1.206811e-02	-8.891731e+00
1.079000e-05	9.615883e-03	-8.861659e+00
1.080000e-05	1.158445e-02	-8.895186e+00
1.081000e-05	1.339330e-02	-8.891632e+00
1.082000e-05	1.366374e-02	-8.852632e+00
1.083000e-05	1.502175e-02	-8.860682e+00
1.084000e-05	1.706846e-02	-8.840603e+00
1.085000e-05	1.755251e-02	-8.810603e+00
1.086000e-05	1.723405e-02	-8.821076e+00
1.087000e-05	1.904498e-02	-8.768446e+00
1.088000e-05	1.992036e-02	-8.766899e+00
1.089000e-05	1.934712e-02	-8.766241e+00
1.090000e-05	1.877570e-02	-8.723736e+00
1.091000e-05	2.033946e-02	-8.681103e+00
1.092000e-05	2.091953e-02	-8.588849e+00
1.093000e-05	2.193606e-02	-8.526739e+00
1.094000e-05	1.905040e-02	-8.472153e+00
1.095000e-05	1.791482e-02	-8.429053e+00
1.096000e-05	1.693725e-02	-8.378470e+00
1.097000e-05	1.750599e-02	-8.345766e+00
1.098000e-05	1.660257e-02	-8.274184e+00
1.099000e-05	1.478343e-02	-8.230525e+00
1.100000e-05	1.323344e-02	-8.155842e+00
1.101000e-05	1.183185e-02	-8.083161e+00
1.102000e-05	1.053248e-02	-8.031105e+00
1.103000e-05	1.122826e-02	-7.958949e+00
1.104000e-05	8.928567e-03	-7.924682e+00
1.105000e-05	8.015581e-03	-7.768391e+00
1.106000e-05	7.396980e-03	-7.662753e+00
1.107000e-05	7.403824e-03	-7.589841e+00
1.108000e-05	5.613341e-03	-7.493686e+00
1.109000e-05	4.608468e-03	-7.419448e+00
1.110000e-05	5.142497e-03	-7.343261e+00
1.111000e-05	4.402392e-03	-7.231628e+00
1.112000e-05	3.812935e-03	-7.146793e+00
1.113000e-05	3.992634e-03	-7.042073e+00
1.114000e-05	4.172187e-03	-6.914709e+00
1.115000e-05	2.636982e-03	-6.801000e+00
1.116000e-05	1.616062e-03	-6.704713e+00
1.117000e-05	3.465211e-03	-6.641949e+00
1.118000e-05	2.728878e-03	-6.514732e+00
1.119000e-05	1.187061e-03	-6.409474e+00
1.120000e-05	1.093737e-03	-6.294610e+00
1.121000e-05	1.293133e-03	-6.136787e+00
1.122000e-05	9.443757e-04	-6.028974e+00
1.123000e-05	-1.283157e-03	-5.925186e+00
1.124000e-05	3.050796e-04	-5.779921e+00
1.125000e-05	4.012688e-04	-5.671100e+00
1.126000e-05	-9.535094e-04	-5.486765e+00
1.127000e-05	-1.089193e-03	-5.395795e+00
1.128000e-05	-1.232117e-03	-5.219396e+00
1.129000e-05	-1.739671e-03	-5.034606e+00
1.130000e-05	-2.525561e-03	-4.842681e+00
1.131000e-05	-1.777712e-03	-4.714214e+00
1.132000e-05	-2.010271e-03	-4.609395e+00
1.133000e-05	-1.694864e-03	-4.463577e+00
1.134000e-05	-2.937591e-03	-4.347766e+00
1.135000e-05	-1.783223e-03	-4.209976e+00
1.136000e-05	-3.847411e-03	-4.092607e+00
1.137000e-05	-2.112989e-03	-3.969293e+00
1.138000e-05	-2.935084e-03	-3.770349e+00
1.139000e-05	-2.210488e-03	-3.619425e+00
1.140000e-05	-2.701928e-03	-3.494658e+00
1.141000e-05	-2.560945e-03	-3.345840e+00
1.142000e-05	-3.637954e-03	-3.199923e+00
1.143000e-05	-3.060219e-03	-3.081551e+00
1.144000e-05	-2.217168e-03	-2.852127e+00
1.145000e-05	-2.712392e-03	-2.745738e+00
1.146000e-05	-3.790051e-03	-2.557816e+00
1.147000e-05	-3.971409e-03	-2.390949e+00
1.148000e-05	-4.340640e-03	-2.273604e+00
1.149000e-05	-2.482156e-03	-2.072105e+00
1.150000e-05	-4.304948e-03	-1.916188e+00
1.151000e-05	-2.837805e-03	-1.728869e+00
1.152000e-05	-4.040262e-03	-1.630525e+00
1.153000e-05	-2.825258e-03	-1.403029e+00
1.154000e-05	-4.024830e-03	-1.232000e+00
1.155000e-05	-4.154251e-03	-1.043557e+00
1.156000e-05	-5.134780e-03	-8.851594e-01
1.157000e-05	-4.412915e-03	-7.173123e-01
1.158000e-05	-5.246507e-03	-6.077437e-01
1.159000e-05	-3.790288e-03	-3.688687e-01
1.160000e-05	-3.118753e-03	-2.520516e-01
1.161000e-05	-2.852768e-03	-9.408321e-02
1.162000e-05	-1.604654e-03	7.318522e-02
1.163000e-05	1.022381e-03	2.702138e-01
1.164000e-05	-1.492691e-03	3.804761e-01
1.165000e-05	2.395028e-04	5.274195e-01
1.166000e-05	-3.927128e-03	6.722655e-01
1.167000e-05	-2.405952e-03	8.200788e-01
1.168000e-05	-3.103163e-03	9.790035e-01
1.169000e-05	4.274039e-03	1.137950e+00
1.170000e-05	2.635705e-02	1.295393e+00
1.171000e-05	5.662305e-02	1.535952e+00
1.172000e-05	-2.412132e-02	1.799000e+00
1.173000e-05	-4.378198e-02	1.937943e+00
1.174000e-05	-6.279107e-02	2.061687e+00
1.175000e-05	-5.640771e-02	2.189922e+00
1.176000e-05	1.221991e-01	2.322842e+00
1.177000e-05	-9.658809e-03	2.441210e+00
1.178000e-05	-1.017402e-01	2.608891e+00
1.179000e-05	1.283055e-01	2.744894e+00
1.180000e-05	-5.799513e-02	2.925921e+00
1.181000e-05	-7.070466e-02	3.024254e+00
1.182000e-05	1.102612e-01	3.126997e+00
1.183000e-05	-5.198545e-02	3.367548e+00
1.184000e-05	-4.914506e-02	3.536921e+00
1.185000e-05	9.160437e-02	3.663634e+00
1.186000e-05	-5.669246e-02	3.811704e+00
1.187000e-05	-7.543505e-04	3.969573e+00
1.188000e-05	1.715049e-02	4.155342e+00
1.189000e-05	-4.582970e-02	4.293368e+00
1.190000e-05	2.400258e-02	4.461659e+00
1.191000e-05	1.903104e-03	4.580077e+00
1.192000e-05	-1.271137e-02	4.746422e+00
1.193000e-05	1.896560e-02	4.882816e+00
1.194000e-05	-5.912379e-03	5.065388e+00
1.195000e-05	-3.023039e-02	5.223181e+00
1.196000e-05	-9.019015e-03	5.398001e+00
1.197000e-05	2.989426e-02	5.484864e+00
1.198000e-05	-8.945590e-03	5.611578e+00
1.199000e-05	-2.340889e-02	5.745892e+00
1.200000e-05	9.666201e-03	5.915966e+00
1.201000e-05	-7.220465e-03	6.051584e+00
1.202000e-05	-6.549315e-03	6.145895e+00
1.203000e-05	-1.017848e-02	6.232260e+00
1.204000e-05	-2.185990e-03	6.367420e+00
1.205000e-05	1.613532e-02	6.480583e+00
1.206000e-05	-1.756777e-02	6.577576e+00
1.207000e-05	-1.537263e-02	6.756920e+00
1.208000e-05	6.428399e-03	6.820079e+00
1.209000e-05	-5.089671e-05	6.914887e+00
1.210000e-05	-1.543680e-02	6.999022e+00
1.211000e-05	-8.887016e-03	7.094295e+00
1.212000e-05	1.251543e-02	7.189055e+00
1.213000e-05	-9.233607e-03	7.252159e+00
1.214000e-05	-1.834436e-02	7.377076e+00
1.215000e-05	-4.872397e-03	7.544893e+00
1.216000e-05	1.934315e-03	7.672106e+00
1.217000e-05	-6.347672e-03	7.735288e+00
1.218000e-05	-1.285007e-02	7.791531e+00
1.219000e-05	-2.866328e-03	7.925365e+00
1.220000e-05	-5.713546e-03	8.020080e+00
1.221000e-05	-1.053896e-02	8.045214e+00
1.222000e-05	-6.881024e-03	8.176570e+00
1.223000e-05	-4.140605e-03	8.242179e+00
1.224000e-05	-9.060991e-03	8.316367e+00
1.225000e-05	-9.725542e-03	8.337869e+00
1.226000e-05	-4.915610e-03	8.420000e+00
1.227000e-05	-7.581712e-03	8.440106e+00
1.228000e-05	-1.192436e-02	8.471056e+00
1.229000e-05	-9.299620e-03	8.504813e+00
1.230000e-05	-7.690530e-03	8.565919e+00
1.231000e-05	-9.210384e-03	8.579475e+00
1.232000e-05	-8.648746e-03	8.649554e+00
1.233000e-05	-1.095925e-02	8.632184e+00
1.234000e-05	-1.213716e-02	8.684790e+00
1.235000e-05	-1.253930e-02	8.694264e+00
1.236000e-05	-9.459105e-03	8.757370e+00
1.237000e-05	-1.023786e-02	8.777424e+00
1.238000e-05	-1.523841e-02	8.806949e+00
1.239000e-05	-1.432452e-02	8.799499e+00
1.240000e-05	-1.246252e-02	8.808553e+00
1.241000e-05	-1.280830e-02	8.830053e+00
1.242000e-05	-1.610137e-02	8.820080e+00
1.243000e-05	-1.577443e-02	8.791529e+00
1.244000e-05	-1.568874e-02	8.840607e+00
1.245000e-05	-1.661755e-02	8.851026e+00
1.246000e-05	-1.857929e-02	8.830078e+00
1.247000e-05	-1.857452e-02	8.851601e+00
1.248000e-05	-2.016902e-02	8.850029e+00
1.249000e-05	-2.163329e-02	8.830001e+00
1.250000e-05	-2.128969e-02	8.809979e+00
1.251000e-05	-2.246148e-02	8.778523e+00
1.252000e-05	-2.384998e-02	8.777851e+00
1.253000e-05	-2.596269e-02	8.747395e+00
1.254000e-05	-2.564809e-02	8.727315e+00
1.255000e-05	-2.597238e-02	8.653261e+00
1.256000e-05	-2.682466e-02	8.643161e+00
1.257000e-05	-2.682711e-02	8.630580e+00
1.258000e-05	-2.718763e-02	8.570450e+00
1.259000e-05	-2.580271e-02	8.536289e+00
1.260000e-05	-2.572660e-02	8.486185e+00
1.261000e-05	-2.448703e-02	8.461682e+00
1.262000e-05	-2.422427e-02	8.410478e+00
1.263000e-05	-2.278077e-02	8.378320e+00
1.264000e-05	-2.154048e-02	8.303763e+00
1.265000e-05	-2.076239e-02	8.292079e+00
1.266000e-05	-1.982850e-02	8.197397e+00
1.267000e-05	-1.935688e-02	8.092110e+00
1.268000e-05	-1.818835e-02	8.054629e+00
1.269000e-05	-1.678191e-02	7.954738e+00
1.270000e-05	-1.555257e-02	7.843134e+00
1.271000e-05	-1.601694e-02	7.778878e+00
1.272000e-05	-1.375727e-02	7.724637e+00
1.273000e-05	-1.253159e-02	7.641552e+00
1.274000e-05	-1.217447e-02	7.558416e+00
1.275000e-05	-1.302959e-02	7.451999e+00
1.276000e-05	-1.163573e-02	7.304184e+00
1.277000e-05	-1.116936e-02	7.188974e+00
1.278000e-05	-1.074775e-02	7.114241e+00
1.279000e-05	-1.101807e-02	7.021679e+00
1.280000e-05	-9.876241e-03	6.905233e+00
1.281000e-05	-8.886575e-03	6.841027e+00
1.282000e-05	-1.005028e-02	6.747340e+00
1.283000e-05	-8.309638e-03	6.620425e+00
1.284000e-05	-7.840896e-03	6.442632e+00
1.285000e-05	-6.433289e-03	6.358891e+00
1.286000e-05	-7.909139e-03	6.272132e+00
1.287000e-05	-6.990921e-03	6.176815e+00
1.288000e-05	-7.172322e-03	6.063105e+00
1.289000e-05	-7.831669e-03	5.937817e+00
1.290000e-05	-6.956952e-03	5.757799e+00
1.291000e-05	-6.311527e-03	5.670026e+00
1.292000e-05	-6.287517e-03	5.514186e+00
1.293000e-05	-5.575264e-03	5.368900e+00
1.294000e-05	-6.381777e-03	5.241454e+00
1.295000e-05	-5.769100e-03	5.052114e+00
1.296000e-05	-5.879932e-03	4.873161e+00
1.297000e-05	-5.198691e-03	4.747216e+00
1.298000e-05	-7.090213e-03	4.599454e+00
1.299000e-05	-4.159819e-03	4.473107e+00
1.300000e-05	-6.957685e-03	4.377401e+00
1.301000e-05	-3.157572e-03	4.208372e+00
1.302000e-05	-5.954384e-03	4.031528e+00
1.303000e-05	-4.650269e-03	3.885688e+00
1.304000e-05	-4.863097e-03	3.726767e+00
1.305000e-05	-5.846721e-03	3.622500e+00
1.306000e-05	-5.173033e-03	3.534163e+00
1.307000e-05	-6.475246e-03	3.265158e+00
1.308000e-05	-4.132959e-03	3.147845e+00
1.309000e-05	-4.160872e-03	2.990446e+00
1.310000e-05	-4.505839e-03	2.863105e+00
1.311000e-05	-3.812341e-03	2.716290e+00
1.312000e-05	-3.964041e-03	2.535742e+00
1.313000e-05	-4.151253e-03	2.377847e+00
1.314000e-05	-5.241792e-03	2.212474e+00
1.315000e-05	-5.421377e-03	2.052632e+00
1.316000e-05	-5.080645e-03	1.945790e+00
1.317000e-05	-4.133669e-03	1.766838e+00
1.318000e-05	-3.749016e-03	1.590875e+00
1.319000e-05	-3.794499e-03	1.400421e+00
1.320000e-05	-3.956804e-03	1.241082e+00
1.321000e-05	-3.680988e-03	1.043530e+00
1.322000e-05	-4.585935e-03	8.330028e-01
1.323000e-05	-3.718314e-03	6.841332e-01
1.324000e-05	-4.426278e-03	5.282909e-01
1.325000e-05	-3.607915e-03	3.793712e-01
1.326000e-05	-4.192695e-03	2.129238e-01
1.327000e-05	-2.163593e-03	2.055412e-02
1.328000e-05	1.585888e-03	-1.163184e-01
1.329000e-05	1.643516e-03	-2.748340e-01
1.330000e-05	-1.393210e-03	-4.099999e-01
1.331000e-05	-2.069197e-04	-5.273718e-01
1.332000e-05	-1.546325e-03	-7.569670e-01
1.333000e-05	-1.116570e-03	-8.417329e-01
1.334000e-05	-3.217950e-04	-9.905764e-01
1.335000e-05	1.301146e-02	-1.148342e+00
1.336000e-05	6.827733e-02	-1.303396e+00
1.337000e-05	1.345084e-03	-1.558003e+00
1.338000e-05	-4.708746e-02	-1.831150e+00
1.339000e-05	-5.458769e-02	-1.979499e+00
1.340000e-05	-7.257712e-02	-2.063132e+00
1.341000e-05	1.406616e-01	-2.102610e+00
1.342000e-05	-2.827613e-02	-2.261712e+00
1.343000e-05	-1.087739e-01	-2.536916e+00
1.344000e-05	1.566985e-01	-2.591004e+00
1.345000e-05	-6.661695e-02	-2.766441e+00
1.346000e-05	-1.027217e-01	-2.930517e+00
1.347000e-05	1.500538e-01	-3.124416e+00
1.348000e-05	-5.403260e-02	-3.261209e+00
1.349000e-05	-5.018187e-02	-3.431505e+00
1.350000e-05	1.283070e-01	-3.505363e+00
1.351000e-05	-1.101793e-01	-3.693316e+00
1.352000e-05	3.504772e-02	-3.923859e+00
1.353000e-05	2.800964e-02	-4.061578e+00
1.354000e-05	-9.399163e-02	-4.250053e+00
1.355000e-05	1.043689e-01	-4.326291e+00
1.356000e-05	-3.140979e-02	-4.422104e+00
1.357000e-05	-3.857998e-02	-4.632077e+00
1.358000e-05	8.575594e-02	-4.766369e+00
1.359000e-05	-5.068803e-02	-4.905836e+00
1.360000e-05	1.822914e-03	-5.043130e+00
1.361000e-05	-1.641962e-02	-5.196525e+00
1.362000e-05	1.447668e-02	-5.364844e+00
1.363000e-05	3.874451e-02	-5.493886e+00
1.364000e-05	-6.423798e-02	-5.660609e+00
1.365000e-05	5.586875e-02	-5.758894e+00
1.366000e-05	-8.381635e-03	-5.885313e+00
1.367000e-05	-3.220012e-02	-5.990025e+00
1.368000e-05	1.644982e-02	-6.073636e+00
1.369000e-05	-1.108585e-02	-6.232732e+00
1.370000e-05	6.146263e-02	-6.409924e+00
1.371000e-05	-4.889105e-02	-6.473258e+00
1.372000e-05	-1.777199e-02	-6.639078e+00
1.373000e-05	4.361360e-02	-6.694662e+00
1.374000e-05	-1.401373e-02	-6.769524e+00
1.375000e-05	7.994292e-04	-6.891581e+00
1.376000e-05	-1.592880e-02	-7.040044e+00
1.377000e-05	3.555876e-02	-7.166970e+00
1.378000e-05	-5.135280e-03	-7.241106e+00
1.379000e-05	-2.775269e-02	-7.335214e+00
1.380000e-05	2.284139e-02	-7.379479e+00
1.381000e-05	2.984636e-03	-7.504338e+00
1.382000e-05	6.795641e-04	-7.579900e+00
1.383000e-05	-1.327638e-02	-7.683338e+00
1.384000e-05	1.840960e-02	-7.817608e+00
1.385000e-05	1.080309e-02	-7.946888e+00
1.386000e-05	-1.517256e-02	-8.020551e+00
1.387000e-05	4.802744e-03	-8.082207e+00
1.388000e-05	7.352414e-03	-8.155868e+00
1.389000e-05	7.218572e-03	-8.198000e+00
1.390000e-05	-3.368903e-03	-8.273132e+00
1.391000e-05	6.230226e-03	-8.345268e+00
1.392000e-05	7.596685e-03	-8.348940e+00
1.393000e-05	-3.095695e-03	-8.409025e+00
1.394000e-05	5.582495e-03	-8.470631e+00
1.395000e-05	7.047177e-03	-8.484182e+00
1.396000e-05	6.218912e-03	-8.574891e+00
1.397000e-05	3.327025e-03	-8.609028e+00
1.398000e-05	4.286806e-03	-8.643132e+00
1.399000e-05	5.280227e-03	-8.703710e+00
1.400000e-05	3.560952e-03	-8.737395e+00
1.401000e-05	8.207486e-03	-8.756445e+00
1.402000e-05	6.312394e-03	-8.809021e+00
1.403000e-05	5.537729e-03	-8.781025e+00
1.404000e-05	6.639237e-03	-8.849553e+00
1.405000e-05	1.005810e-02	-8.831603e+00
1.406000e-05	6.702167e-03	-8.811026e+00
1.407000e-05	5.338339e-03	-8.832208e+00
1.408000e-05	1.060546e-02	-8.853682e+00
1.409000e-05	1.229459e-02	-8.903128e+00
1.410000e-05	1.013131e-02	-8.872710e+00
1.411000e-05	1.025884e-02	-8.882133e+00
1.412000e-05	1.187130e-02	-8.882730e+00
1.413000e-05	1.339419e-02	-8.883182e+00
1.414000e-05	1.344007e-02	-8.852154e+00
1.415000e-05	1.583745e-02	-8.881128e+00
1.416000e-05	1.809841e-02	-8.840578e+00
1.417000e-05	1.758834e-02	-8.829128e+00
1.418000e-05	1.731189e-02	-8.821052e+00
1.419000e-05	1.833314e-02	-8.808947e+00
1.420000e-05	2.050056e-02	-8.768396e+00
1.421000e-05	2.033551e-02	-8.726211e+00
1.422000e-05	2.041798e-02	-8.695613e+00
1.423000e-05	2.052104e-02	-8.628874e+00
1.424000e-05	2.113680e-02	-8.537374e+00
1.425000e-05	2.023817e-02	-8.535164e+00
1.426000e-05	1.889433e-02	-8.450556e+00
1.427000e-05	1.759895e-02	-8.399426e+00
1.428000e-05	1.873758e-02	-8.348949e+00
1.429000e-05	1.686821e-02	-8.326235e+00
1.430000e-05	1.575662e-02	-8.242630e+00
1.431000e-05	1.339967e-02	-8.190475e+00
1.432000e-05	1.291612e-02	-8.162832e+00
1.433000e-05	1.179865e-02	-8.082155e+00
1.434000e-05	1.091653e-02	-8.020503e+00
1.435000e-05	1.023618e-02	-7.998345e+00
1.436000e-05	8.176144e-03	-7.864049e+00
1.437000e-05	9.165061e-03	-7.755790e+00
1.438000e-05	8.232852e-03	-7.610558e+00
1.439000e-05	5.965779e-03	-7.568416e+00
1.440000e-05	4.692049e-03	-7.481607e+00
1.441000e-05	5.602465e-03	-7.368416e+00
1.442000e-05	5.267672e-03	-7.313232e+00
1.443000e-05	4.000789e-03	-7.209999e+00
1.444000e-05	2.803148e-03	-7.128209e+00
1.445000e-05	4.099156e-03	-6.996894e+00
1.446000e-05	3.452383e-03	-6.893156e+00
1.447000e-05	2.305505e-03	-6.778420e+00
1.448000e-05	2.736558e-03	-6.684203e+00
1.449000e-05	2.587657e-03	-6.588346e+00
1.450000e-05	2.288396e-03	-6.473133e+00
1.451000e-05	1.351638e-03	-6.377419e+00
1.452000e-05	1.475464e-03	-6.210519e+00
1.453000e-05	8.939196e-04	-6.123603e+00
1.454000e-05	-6.134971e-05	-5.948871e+00
1.455000e-05	6.929236e-05	-5.853679e+00
1.456000e-05	8.616019e-04	-5.724811e+00
1.457000e-05	-8.370648e-04	-5.630001e+00
1.458000e-05	-1.555908e-03	-5.445007e+00
1.459000e-05	2.949628e-04	-5.335760e+00
1.460000e-05	-7.110807e-04	-5.166766e+00
1.461000e-05	-2.203308e-03	-5.019943e+00
1.462000e-05	-2.105150e-03	-4.889973e+00
1.463000e-05	-4.799217e-04	-4.681103e+00
1.464000e-05	-2.740925e-03	-4.506719e+00
1.465000e-05	-3.000151e-03	-4.420553e+00
1.466000e-05	-2.337077e-03	-4.295160e+00
1.467000e-05	-8.441964e-04	-4.200442e+00
1.468000e-05	-3.083687e-03	-4.021979e+00
1.469000e-05	-2.803096e-03	-3.917760e+00
1.470000e-05	-3.193682e-03	-3.727220e+00
1.471000e-05	-1.033455e-03	-3.538843e+00
1.472000e-05	-3.185402e-03	-3.461520e+00
1.473000e-05	-4.070668e-03	-3.254678e+00
1.474000e-05	-3.278646e-03	-3.157894e+00
1.475000e-05	-2.430838e-03	-2.987766e+00
1.476000e-05	-2.638169e-03	-2.819472e+00
1.477000e-05	-3.408906e-03	-2.664132e+00
1.478000e-05	-4.093548e-03	-2.536136e+00
1.479000e-05	-3.981455e-03	-2.369365e+00
1.480000e-05	-4.413804e-03	-2.200346e+00
1.481000e-05	-2.924446e-03	-2.009503e+00
1.482000e-05	-2.758244e-03	-1.853132e+00
1.483000e-05	-3.479423e-03	-1.714711e+00
1.484000e-05	-4.527766e-03	-1.579764e+00
1.485000e-05	-4.185175e-03	-1.357768e+00
1.486000e-05	-3.398596e-03	-1.158266e+00
1.487000e-05	-3.657477e-03	-1.051421e+00
1.488000e-05	-4.494896e-03	-8.515453e-01
1.489000e-05	-5.483376e-03	-7.156333e-01
1.490000e-05	-3.829377e-03	-4.931042e-01
1.491000e-05	-4.792698e-03	-2.977435e-01
1.492000e-05	-4.084514e-03	-2.098951e-01
1.493000e-05	-2.756048e-03	-5.279538e-04
1.494000e-05	4.079656e-04	1.138142e-01
1.495000e-05	-1.810660e-04	3.244155e-01
1.496000e-05	-1.895040e-03	4.406303e-01
1.497000e-05	-6.753266e-04	5.880522e-01
1.498000e-05	-3.366578e-03	7.053706e-01
1.499000e-05	-2.519105e-03	8.916653e-01
1.500000e-05	-2.276415e-03	1.042880e+00
1.501000e-05	7.954971e-03	1.241133e+00
1.502000e-05	4.407039e-02	1.379077e+00
1.503000e-05	3.768063e-02	1.651838e+00
1.504000e-05	-4.180197e-02	1.842159e+00
1.505000e-05	-4.074322e-02	1.990577e+00
1.506000e-05	-7.970041e-02	2.115842e+00
1.507000e-05	2.626960e-04	2.190576e+00
1.508000e-05	1.271274e-01	2.366370e+00
1.509000e-05	-9.792472e-02	2.456288e+00
1.510000e-05	-8.266155e-03	2.646630e+00
1.511000e-05	1.047069e-01	2.809981e+00
1.512000e-05	-1.166528e-01	2.948501e+00
1.513000e-05	8.318559e-03	3.083767e+00
1.514000e-05	8.936469e-02	3.279102e+00
1.515000e-05	-1.076100e-01	3.430180e+00
1.516000e-05	3.212640e-02	3.559500e+00
1.517000e-05	4.673680e-02	3.685419e+00
1.518000e-05	-6.706958e-02	3.886261e+00
1.519000e-05	3.359502e-02	4.020005e+00
1.520000e-05	-2.025840e-02	4.207595e+00
1.521000e-05	-2.682697e-02	4.377949e+00
1.522000e-05	3.025014e-02	4.492264e+00
1.523000e-05	-1.176403e-02	4.642163e+00
1.524000e-05	-7.913464e-04	4.769550e+00
1.525000e-05	1.664079e-02	4.935897e+00
1.526000e-05	-1.991347e-02	5.136944e+00
1.527000e-05	-2.663567e-02	5.303789e+00
1.528000e-05	6.382131e-03	5.429104e+00
1.529000e-05	2.641743e-02	5.607547e+00
1.530000e-05	-2.586908e-02	5.651680e+00
1.531000e-05	-6.931972e-03	5.759630e+00
1.532000e-05	6.368040e-03	5.977448e+00
1.533000e-05	-1.098101e-02	6.063135e+00
1.534000e-05	-2.967962e-03	6.167924e+00
1.535000e-05	-1.375713e-02	6.284784e+00
1.536000e-05	9.945065e-03	6.409556e+00
1.537000e-05	5.415975e-03	6.491164e+00
1.538000e-05	-2.135580e-02	6.620734e+00
1.539000e-05	-6.282193e-03	6.778996e+00
1.540000e-05	7.830202e-03	6.871660e+00
1.541000e-05	-6.089630e-03	6.933892e+00
1.542000e-05	-1.734326e-02	7.050729e+00
1.543000e-05	4.927026e-04	7.116895e+00
1.544000e-05	8.155099e-03	7.218977e+00
1.545000e-05	-1.567859e-02	7.314838e+00
1.546000e-05	-1.580057e-02	7.422308e+00
1.547000e-05	1.531128e-03	7.568550e+00
1.548000e-05	-1.848948e-03	7.671210e+00
1.549000e-05	-7.271415e-03	7.717395e+00
1.550000e-05	-1.079710e-02	7.870680e+00
1.551000e-05	4.953305e-06	7.897448e+00
1.552000e-05	-9.890573e-03	8.050180e+00
1.553000e-05	-1.065179e-02	8.144889e+00
1.554000e-05	-5.658160e-03	8.178476e+00
1.555000e-05	-5.361831e-03	8.252107e+00
1.556000e-05	-9.694083e-03	8.303787e+00
1.557000e-05	-8.224437e-03	8.347373e+00
1.558000e-05	-3.352468e-03	8.398577e+00
1.559000e-05	-8.742300e-03	8.451108e+00
1.560000e-05	-1.112521e-02	8.461686e+00
1.561000e-05	-7.860299e-03	8.527317e+00
1.562000e-05	-7.063560e-03	8.577895e+00
1.563000e-05	-1.025528e-02	8.618530e+00
1.564000e-05	-1.059590e-02	8.660081e+00
1.565000e-05	-1.066810e-02	8.681637e+00
1.566000e-05	-1.238409e-02	8.683388e+00
1.567000e-05	-1.028799e-02	8.743840e+00
1.568000e-05	-8.795435e-03	8.767952e+00
1.569000e-05	-1.112687e-02	8.737895e+00
1.570000e-05	-1.495765e-02	8.790921e+00
1.571000e-05	-1.340362e-02	8.758949e+00
1.572000e-05	-1.299858e-02	8.790025e+00
1.573000e-05	-1.486006e-02	8.830579e+00
1.574000e-05	-1.666913e-02	8.810076e+00
1.575000e-05	-1.588519e-02	8.841103e+00
1.576000e-05	-1.483490e-02	8.860079e+00
1.577000e-05	-1.688175e-02	8.821056e+00
1.578000e-05	-1.888103e-02	8.861106e+00
1.579000e-05	-1.957269e-02	8.850605e+00
1.580000e-05	-2.042873e-02	8.819980e+00
1.581000e-05	-2.197247e-02	8.820449e+00
1.582000e-05	-2.183996e-02	8.819503e+00
1.583000e-05	-2.221054e-02	8.788999e+00
1.584000e-05	-2.423674e-02	8.736895e+00
1.585000e-05	-2.659768e-02	8.786840e+00
1.586000e-05	-2.579045e-02	8.695766e+00
1.587000e-05	-2.465637e-02	8.692760e+00
1.588000e-05	-2.570933e-02	8.691581e+00
1.589000e-05	-2.691038e-02	8.609603e+00
1.590000e-05	-2.734654e-02	8.597926e+00
1.591000e-05	-2.544655e-02	8.545814e+00
1.592000e-05	-2.645644e-02	8.461636e+00
1.593000e-05	-2.415313e-02	8.432106e+00
1.594000e-05	-2.475783e-02	8.400475e+00
1.595000e-05	-1.957263e-02	8.367844e+00
1.596000e-05	-1.984740e-02	8.292238e+00
1.597000e-05	-2.044967e-02	8.210022e+00
1.598000e-05	-1.902546e-02	8.135293e+00
1.599000e-05	-1.991732e-02	8.093682e+00
1.600000e-05	-1.745782e-02	7.998075e+00
1.601000e-05	-1.827222e-02	7.894307e+00
1.602000e-05	-1.579419e-02	7.850505e+00
1.603000e-05	-1.379608e-02	7.808846e+00
1.604000e-05	-1.283412e-02	7.694157e+00
1.605000e-05	-1.208547e-02	7.628952e+00
1.606000e-05	-1.334652e-02	7.514684e+00
1.607000e-05	-1.075392e-02	7.380420e+00
1.608000e-05	-1.258476e-02	7.251128e+00
1.609000e-05	-1.140196e-02	7.157894e+00
1.610000e-05	-1.217914e-02	7.084136e+00
1.611000e-05	-1.038997e-02	7.018424e+00
1.612000e-05	-9.285228e-03	6.883237e+00
1.613000e-05	-8.305601e-03	6.798023e+00
1.614000e-05	-8.591996e-03	6.686157e+00
1.615000e-05	-7.937665e-03	6.590917e+00
1.616000e-05	-7.997684e-03	6.431501e+00
1.617000e-05	-7.251773e-03	6.335315e+00
1.618000e-05	-7.486723e-03	6.221529e+00
1.619000e-05	-7.436422e-03	6.114187e+00
1.620000e-05	-7.237331e-03	6.018499e+00
1.621000e-05	-8.271441e-03	5.916236e+00
1.622000e-05	-6.934760e-03	5.753812e+00
1.623000e-05	-5.098742e-03	5.578948e+00
1.624000e-05	-4.906818e-03	5.453081e+00
1.625000e-05	-6.594298e-03	5.356315e+00
1.626000e-05	-6.395698e-03	5.208926e+00
1.627000e-05	-5.473934e-03	5.028398e+00
1.628000e-05	-5.748534e-03	4.830025e+00
1.629000e-05	-5.974980e-03	4.714166e+00
1.630000e-05	-5.749453e-03	4.577343e+00
1.631000e-05	-4.760472e-03	4.431553e+00
1.632000e-05	-4.078630e-03	4.355665e+00
1.633000e-05	-4.924694e-03	4.159688e+00
1.634000e-05	-5.953885e-03	3.998520e+00
1.635000e-05	-5.878900e-03	3.851006e+00
1.636000e-05	-5.746848e-03	3.695639e+00
1.637000e-05	-4.901333e-03	3.578426e+00
1.638000e-05	-4.826170e-03	3.441353e+00
1.639000e-05	-4.577456e-03	3.260503e+00
1.640000e-05	-5.432618e-03	3.075183e+00
1.641000e-05	-4.943533e-03	2.928797e+00
1.642000e-05	-4.613708e-03	2.811527e+00
1.643000e-05	-4.857843e-03	2.654553e+00
1.644000e-05	-4.901592e-03	2.473609e+00
1.645000e-05	-4.794117e-03	2.296662e+00
1.646000e-05	-3.908991e-03	2.178867e+00
1.647000e-05	-3.946076e-03	1.990026e+00
1.648000e-05	-4.847812e-03	1.872577e+00
1.649000e-05	-4.610255e-03	1.653709e+00
1.650000e-05	-3.849956e-03	1.495168e+00
1.651000e-05	-3.811699e-03	1.326740e+00
1.652000e-05	-3.816238e-03	1.208870e+00
1.653000e-05	-3.913026e-03	9.297960e-01
1.654000e-05	-3.353226e-03	7.883712e-01
1.655000e-05	-4.198839e-03	6.519489e-01
1.656000e-05	-4.404769e-03	4.635841e-01
1.657000e-05	-4.286986e-03	3.288159e-01
1.658000e-05	-3.249189e-03	1.572358e-01
1.659000e-05	-1.528336e-03	-3.163021e-02
1.660000e-05	1.996287e-03	-1.784973e-01
1.661000e-05	-3.243321e-04	-3.358208e-01
1.662000e-05	-2.545191e-04	-4.421525e-01
1.663000e-05	-4.840789e-04	-6.001779e-01
1.664000e-05	-2.367284e-03	-7.695750e-01
1.665000e-05	-1.293526e-03	-9.338646e-01
1.666000e-05	2.037233e-03	-1.030737e+00
1.667000e-05	2.831734e-02	-1.210078e+00
1.668000e-05	6.879583e-02	-1.406601e+00
1.669000e-05	-3.972151e-02	-1.662233e+00
1.670000e-05	-3.257812e-02	-1.882861e+00
1.671000e-05	-9.006069e-02	-2.011130e+00
1.672000e-05	7.211761e-03	-2.032087e+00
1.673000e-05	1.312195e-01	-2.074337e+00
1.674000e-05	-1.174555e-01	-2.387601e+00
1.675000e-05	-2.211661e-03	-2.539950e+00
1.676000e-05	1.361757e-01	-2.610581e+00
1.677000e-05	-1.494353e-01	-2.820206e+00
1.678000e-05	-5.891491e-04	-3.081750e+00
1.679000e-05	1.254419e-01	-3.198921e+00
1.680000e-05	-1.260248e-01	-3.326945e+00
1.681000e-05	5.147355e-02	-3.462187e+00
1.682000e-05	5.255026e-02	-3.588521e+00
1.683000e-05	-1.114710e-01	-3.747575e+00
1.684000e-05	9.448069e-02	-3.946946e+00
1.685000e-05	-5.453514e-02	-4.103813e+00
1.686000e-05	-2.897617e-02	-4.260207e+00
1.687000e-05	1.032397e-01	-4.327967e+00
1.688000e-05	-9.222768e-02	-4.512660e+00
1.689000e-05	3.634450e-02	-4.634187e+00
1.690000e-05	4.093838e-02	-4.800528e+00
1.691000e-05	-5.293570e-02	-4.979022e+00
1.692000e-05	1.627351e-02	-5.052161e+00
1.693000e-05	-2.921274e-02	-5.241682e+00
1.694000e-05	5.215467e-02	-5.421099e+00
1.695000e-05	-1.299232e-02	-5.577923e+00
1.696000e-05	-3.287673e-02	-5.694242e+00
1.697000e-05	6.383806e-02	-5.818975e+00
1.698000e-05	-4.660731e-02	-5.916864e+00
1.699000e-05	1.200735e-04	-6.030079e+00
1.700000e-05	-1.166465e-03	-6.094817e+00
1.701000e-05	2.014515e-02	-6.294415e+00
1.702000e-05	3.871339e-02	-6.410050e+00
1.703000e-05	-7.036287e-02	-6.505417e+00
1.704000e-05	2.606666e-02	-6.632658e+00
1.705000e-05	2.026204e-02	-6.746942e+00
1.706000e-05	-1.428526e-02	-6.808525e+00
1.707000e-05	-4.628808e-03	-6.953762e+00
1.708000e-05	-3.191866e-03	-7.052802e+00
1.709000e-05	3.964074e-02	-7.169545e+00
1.710000e-05	-3.051208e-02	-7.273234e+00
1.711000e-05	-2.781315e-03	-7.365893e+00
1.712000e-05	1.797618e-02	-7.449654e+00
1.713000e-05	5.836030e-04	-7.577413e+00
1.714000e-05	-5.060350e-03	-7.610555e+00
1.715000e-05	-7.613615e-03	-7.776871e+00
1.716000e-05	2.616106e-02	-7.832679e+00
1.717000e-05	-5.035375e-03	-7.987993e+00
1.718000e-05	-8.109040e-03	-8.050154e+00
1.719000e-05	6.491446e-03	-8.102660e+00
1.720000e-05	8.388704e-03	-8.156422e+00
1.721000e-05	5.221367e-03	-8.229105e+00
1.722000e-05	-4.026531e-03	-8.283339e+00
1.723000e-05	1.024562e-02	-8.356866e+00
1.724000e-05	1.227905e-03	-8.398972e+00
1.725000e-05	6.290470e-05	-8.450027e+00
1.726000e-05	5.601420e-03	-8.451635e+00
1.727000e-05	5.390893e-03	-8.502715e+00
1.728000e-05	6.079764e-03	-8.564398e+00
1.729000e-05	4.343403e-03	-8.650585e+00
1.730000e-05	6.689979e-03	-8.674758e+00
1.731000e-05	4.264212e-03	-8.714735e+00
1.732000e-05	4.969318e-03	-8.776344e+00
1.733000e-05	7.127707e-03	-8.768974e+00
1.734000e-05	5.735192e-03	-8.798953e+00
1.735000e-05	4.176189e-03	-8.800578e+00
1.736000e-05	7.926902e-03	-8.850130e+00
1.737000e-05	9.543712e-03	-8.852155e+00
1.738000e-05	6.736719e-03	-8.850608e+00
1.739000e-05	7.592552e-03	-8.852630e+00
1.740000e-05	1.127894e-02	-8.883109e+00
1.741000e-05	1.167519e-02	-8.851762e+00
1.742000e-05	1.030049e-02	-8.871662e+00
1.743000e-05	1.082788e-02	-8.872158e+00
1.744000e-05	1.270554e-02	-8.872685e+00
1.745000e-05	1.365130e-02	-8.891711e+00
1.746000e-05	1.384084e-02	-8.882156e+00
1.747000e-05	1.676589e-02	-8.852181e+00
1.748000e-05	1.767139e-02	-8.850553e+00
1.749000e-05	1.671733e-02	-8.810603e+00
1.750000e-05	1.820924e-02	-8.799049e+00
1.751000e-05	1.911724e-02	-8.767971e+00
1.752000e-05	2.130509e-02	-8.756366e+00
1.753000e-05	1.943217e-02	-8.745166e+00
1.754000e-05	2.055129e-02	-8.672128e+00
1.755000e-05	2.060019e-02	-8.628545e+00
1.756000e-05	2.043638e-02	-8.536340e+00
1.757000e-05	1.989320e-02	-8.493733e+00
1.758000e-05	1.879779e-02	-8.441129e+00
1.759000e-05	1.902002e-02	-8.378474e+00
1.760000e-05	1.854015e-02	-8.338416e+00
1.761000e-05	1.654388e-02	-8.293710e+00
1.762000e-05	1.497381e-02	-8.250599e+00
1.763000e-05	1.356178e-02	-8.199974e+00
1.764000e-05	1.226457e-02	-8.115761e+00
1.765000e-05	1.220780e-02	-8.050583e+00
1.766000e-05	1.224112e-02	-7.976999e+00
1.767000e-05	1.043476e-02	-7.946367e+00
1.768000e-05	7.896089e-03	-7.821447e+00
1.769000e-05	6.814216e-03	-7.733288e+00
1.770000e-05	6.998233e-03	-7.579921e+00
1.771000e-05	7.628615e-03	-7.545713e+00
1.772000e-05	5.863655e-03	-7.440578e+00
1.773000e-05	5.583422e-03	-7.345789e+00
1.774000e-05	4.529362e-03	-7.272607e+00
1.775000e-05	4.098238e-03	-7.207923e+00
1.776000e-05	3.573784e-03	-7.094057e+00
1.777000e-05	3.604026e-03	-6.909816e+00
1.778000e-05	2.973620e-03	-6.851106e+00
1.779000e-05	2.332051e-03	-6.755844e+00
1.780000e-05	3.147910e-03	-6.654055e+00
1.781000e-05	1.731419e-03	-6.546817e+00
1.782000e-05	1.743083e-03	-6.431076e+00
1.783000e-05	1.387158e-03	-6.328762e+00
1.784000e-05	1.693770e-03	-6.199445e+00
1.785000e-05	7.474252e-04	-6.041100e+00
1.786000e-05	1.646361e-04	-5.946844e+00
1.787000e-05	2.870147e-04	-5.788502e+00
1.788000e-05	7.520915e-04	-5.664582e+00
1.789000e-05	-2.235933e-03	-5.607916e+00
1.790000e-05	-1.678264e-03	-5.432977e+00
1.791000e-05	3.952470e-04	-5.220024e+00
1.792000e-05	-6.231181e-04	-5.094712e+00
1.793000e-05	-2.100488e-03	-4.908365e+00
1.794000e-05	-1.889849e-03	-4.786692e+00
1.795000e-05	-1.143145e-03	-4.621504e+00
1.796000e-05	-2.619791e-03	-4.484234e+00
1.797000e-05	-2.786815e-03	-4.398424e+00
1.798000e-05	-2.494647e-03	-4.253084e+00
1.799000e-05	-2.480076e-03	-4.156166e+00
1.800000e-05	-1.886961e-03	-4.018951e+00
1.801000e-05	-3.077192e-03	-3.842081e+00
1.802000e-05	-3.022629e-03	-3.673130e+00
1.803000e-05	-2.155496e-03	-3.555813e+00
1.804000e-05	-3.000204e-03	-3.399846e+00
1.805000e-05	-2.525292e-03	-3.282157e+00
1.806000e-05	-2.891715e-03	-3.124238e+00
1.807000e-05	-2.464617e-03	-2.917162e+00
1.808000e-05	-2.536408e-03	-2.747342e+00
1.809000e-05	-4.347216e-03	-2.581528e+00
1.810000e-05	-3.185175e-03	-2.462554e+00
1.811000e-05	-4.973831e-03	-2.336737e+00
1.812000e-05	-2.836346e-03	-2.086637e+00
1.813000e-05	-3.586138e-03	-1.968815e+00
1.814000e-05	-2.865819e-03	-1.821000e+00
1.815000e-05	-4.184339e-03	-1.661028e+00
1.816000e-05	-3.066663e-03	-1.508808e+00
1.817000e-05	-4.187604e-03	-1.255079e+00
1.818000e-05	-3.860723e-03	-1.096735e+00
1.819000e-05	-4.809030e-03	-9.561924e-01
1.820000e-05	-4.802092e-03	-7.893214e-01
1.821000e-05	-5.810177e-03	-6.199004e-01
1.822000e-05	-4.536738e-03	-4.510766e-01
1.823000e-05	-3.376791e-03	-2.856606e-01
1.824000e-05	-3.547250e-03	-1.372872e-01
1.825000e-05	-3.866494e-04	-9.346300e-03
1.826000e-05	1.574486e-03	1.875498e-01
1.827000e-05	-1.707105e-03	3.599496e-01
1.828000e-05	-7.066390e-04	5.142854e-01
1.829000e-05	-3.816061e-03	6.311587e-01
1.830000e-05	-4.078040e-03	7.784499e-01
1.831000e-05	-3.767502e-03	9.648117e-01
1.832000e-05	9.165836e-04	1.126944e+00
1.833000e-05	1.544020e-02	1.243287e+00
1.834000e-05	5.782825e-02	1.461286e+00
1.835000e-05	4.863042e-03	1.696391e+00
1.836000e-05	-4.648652e-02	1.894289e+00
1.837000e-05	-4.629079e-02	2.041631e+00
1.838000e-05	-8.087101e-02	2.136892e+00
1.839000e-05	7.445255e-02	2.252079e+00
1.840000e-05	6.993842e-02	2.388527e+00
1.841000e-05	-1.360629e-01	2.504321e+00
1.842000e-05	8.867716e-02	2.622689e+00
1.843000e-05	2.114580e-02	2.841711e+00
1.844000e-05	-1.145837e-01	3.020055e+00
1.845000e-05	8.283963e-02	3.125913e+00
1.846000e-05	2.166408e-02	3.262788e+00
1.847000e-05	-1.039641e-01	3.493837e+00
1.848000e-05	8.618852e-02	3.630102e+00
1.849000e-05	-1.787465e-02	3.797398e+00
1.850000e-05	-3.942711e-02	3.897446e+00
1.851000e-05	4.036988e-02	4.061682e+00
1.852000e-05	-4.360720e-02	4.282638e+00
1.853000e-05	2.753161e-03	4.408501e+00
1.854000e-05	1.737821e-02	4.535898e+00
1.855000e-05	-1.664129e-02	4.665338e+00
1.856000e-05	1.174945e-02	4.849504e+00
1.857000e-05	6.218364e-03	5.010654e+00
1.858000e-05	-2.735781e-02	5.199131e+00
1.859000e-05	-2.048215e-02	5.357396e+00
1.860000e-05	2.188227e-02	5.491787e+00
1.861000e-05	1.072405e-02	5.591046e+00
1.862000e-05	-2.948093e-02	5.712162e+00
1.863000e-05	4.030800e-03	5.832784e+00
1.864000e-05	-2.189797e-03	6.009525e+00
1.865000e-05	-1.016637e-02	6.084263e+00
1.866000e-05	-4.030120e-03	6.230529e+00
1.867000e-05	-1.170654e-02	6.314842e+00
1.868000e-05	1.741665e-02	6.410454e+00
1.869000e-05	-7.921022e-03	6.524389e+00
1.870000e-05	-2.157567e-02	6.673289e+00
1.871000e-05	1.184087e-03	6.819604e+00
1.872000e-05	6.405504e-03	6.872688e+00
1.873000e-05	-1.018866e-02	6.976897e+00
1.874000e-05	-1.651232e-02	7.063708e+00
1.875000e-05	8.860648e-03	7.188422e+00
1.876000e-05	-2.630730e-04	7.241130e+00
1.877000e-05	-1.768369e-02	7.366367e+00
1.878000e-05	-1.009034e-02	7.474388e+00
1.879000e-05	2.845787e-03	7.619026e+00
1.880000e-05	-3.071386e-03	7.694214e+00
1.881000e-05	-1.136005e-02	7.739500e+00
1.882000e-05	-7.315248e-03	7.903185e+00
1.883000e-05	-2.544829e-03	7.969104e+00
1.884000e-05	-1.057225e-02	8.072733e+00
1.885000e-05	-8.707580e-03	8.114319e+00
1.886000e-05	-4.775723e-03	8.210599e+00
1.887000e-05	-7.166680e-03	8.252210e+00
1.888000e-05	-9.961092e-03	8.346291e+00
1.889000e-05	-6.144129e-03	8.347998e+00
1.890000e-05	-5.581569e-03	8.410002e+00
1.891000e-05	-1.148684e-02	8.482579e+00
1.892000e-05	-1.094997e-02	8.472712e+00
1.893000e-05	-6.290565e-03	8.547418e+00
1.894000e-05	-8.580274e-03	8.568971e+00
1.895000e-05	-9.067992e-03	8.632054e+00
1.896000e-05	-1.065786e-02	8.661108e+00
1.897000e-05	-1.107292e-02	8.672133e+00
1.898000e-05	-1.245262e-02	8.724258e+00
1.899000e-05	-9.180434e-03	8.716345e+00
1.900000e-05	-9.280756e-03	8.745345e+00
1.901000e-05	-1.297465e-02	8.766975e+00
1.902000e-05	-1.459042e-02	8.779475e+00
1.903000e-05	-1.266365e-02	8.809976e+00
1.904000e-05	-1.268904e-02	8.820051e+00
1.905000e-05	-1.568397e-02	8.820097e+00
1.906000e-05	-1.628950e-02	8.820028e+00
1.907000e-05	-1.667141e-02	8.821630e+00
1.908000e-05	-1.644622e-02	8.851630e+00
1.909000e-05	-1.842191e-02	8.840530e+00
1.910000e-05	-1.788928e-02	8.821529e+00
1.911000e-05	-1.960898e-02	8.830625e+00
1.912000e-05	-1.985154e-02	8.830027e+00
1.913000e-05	-2.203848e-02	8.828475e+00
1.914000e-05	-2.248652e-02	8.788476e+00
1.915000e-05	-2.280239e-02	8.788496e+00
1.916000e-05	-2.504636e-02	8.735895e+00
1.917000e-05	-2.586270e-02	8.718816e+00
1.918000e-05	-2.728463e-02	8.695140e+00
1.919000e-05	-2.594329e-02	8.693186e+00
1.920000e-05	-2.548391e-02	8.611082e+00
1.921000e-05	-2.535103e-02	8.659900e+00
1.922000e-05	-2.575061e-02	8.598318e+00
1.923000e-05	-2.584509e-02	8.475237e+00
1.924000e-05	-2.591952e-02	8.462161e+00
1.925000e-05	-2.556457e-02	8.420980e+00
1.926000e-05	-2.274516e-02	8.409402e+00
1.927000e-05	-2.193845e-02	8.337838e+00
1.928000e-05	-2.123611e-02	8.293676e+00
1.929000e-05	-2.024814e-02	8.197974e+00
1.930000e-05	-1.816403e-02	8.096316e+00
1.931000e-05	-1.800876e-02	8.031025e+00
1.932000e-05	-1.787844e-02	8.008370e+00
1.933000e-05	-1.729120e-02	7.896161e+00
1.934000e-05	-1.584584e-02	7.811574e+00
1.935000e-05	-1.427024e-02	7.725742e+00
1.936000e-05	-1.361115e-02	7.661104e+00
1.937000e-05	-1.236935e-02	7.558895e+00
1.938000e-05	-1.228193e-02	7.495699e+00
1.939000e-05	-1.206940e-02	7.337341e+00
1.940000e-05	-1.059840e-02	7.231051e+00
1.941000e-05	-1.087018e-02	7.167794e+00
1.942000e-05	-1.029216e-02	7.032078e+00
1.943000e-05	-9.577489e-03	6.956768e+00
1.944000e-05	-9.698903e-03	6.842629e+00
1.945000e-05	-8.742213e-03	6.747896e+00
1.946000e-05	-8.567396e-03	6.632481e+00
1.947000e-05	-7.765200e-03	6.515185e+00
1.948000e-05	-7.822519e-03	6.399475e+00
1.949000e-05	-7.576120e-03	6.304182e+00
1.950000e-05	-6.983736e-03	6.169420e+00
1.951000e-05	-7.693609e-03	6.063130e+00
1.952000e-05	-6.871605e-03	5.998825e+00
1.953000e-05	-5.984359e-03	5.791504e+00
1.954000e-05	-6.636044e-03	5.651661e+00
1.955000e-05	-6.796176e-03	5.567241e+00
1.956000e-05	-6.411040e-03	5.438399e+00
1.957000e-05	-6.197515e-03	5.286159e+00
1.958000e-05	-5.490403e-03	5.143715e+00
1.959000e-05	-6.211177e-03	4.996215e+00
1.960000e-05	-5.888802e-03	4.808946e+00
1.961000e-05	-5.469853e-03	4.662556e+00
1.962000e-05	-5.058410e-03	4.545713e+00
1.963000e-05	-5.670660e-03	4.428474e+00
1.964000e-05	-5.378574e-03	4.303530e+00
1.965000e-05	-5.245298e-03	4.052608e+00
1.966000e-05	-4.935911e-03	3.936817e+00
1.967000e-05	-5.577146e-03	3.789948e+00
1.968000e-05	-4.262117e-03	3.642629e+00
1.969000e-05	-4.143434e-03	3.568742e+00
1.970000e-05	-4.412407e-03	3.345346e+00
1.971000e-05	-5.648570e-03	3.219445e+00
1.972000e-05	-5.522278e-03	3.083532e+00
1.973000e-05	-4.320544e-03	2.905734e+00
1.974000e-05	-3.431620e-03	2.809391e+00
1.975000e-05	-4.450131e-03	2.578800e+00
1.976000e-05	-4.905252e-03	2.448995e+00
1.977000e-05	-4.319843e-03	2.264032e+00
1.978000e-05	-4.629807e-03	2.097259e+00
1.979000e-05	-4.324807e-03	1.958821e+00
1.980000e-05	-4.112302e-03	1.778426e+00
1.981000e-05	-5.940467e-03	1.623450e+00
1.982000e-05	-1.954899e-03	1.483076e+00
1.983000e-05	-6.224312e-03	1.295712e+00
1.984000e-05	-2.566288e-03	1.126666e+00
1.985000e-05	-4.319162e-03	8.861896e-01
1.986000e-05	-2.909238e-03	7.182699e-01
1.987000e-05	-4.152864e-03	5.594224e-01
1.988000e-05	-3.952414e-03	4.434752e-01
1.989000e-05	-3.133871e-03	2.554831e-01
1.990000e-05	-3.613864e-03	7.552934e-02
1.991000e-05	1.475633e-06	-7.273403e-02
1.992000e-05	2.223067e-03	-2.311550e-01
1.993000e-05	-1.028336e-03	-3.679447e-01
1.994000e-05	9.829198e-05	-5.037378e-01
1.995000e-05	-2.578915e-03	-7.348580e-01
1.996000e-05	-1.151064e-03	-8.510553e-01
1.997000e-05	-1.173851e-03	-9.600449e-01
1.998000e-05	6.131551e-03	-1.074790e+00
1.999000e-05	5.099533e-02	-1.240635e+00
2.000000e-05	3.985762e-02	-1.504343e+00
2.001000e-05	-5.412298e-02	-1.746393e+00
2.002000e-05	-3.462971e-02	-1.968420e+00
2.003000e-05	-1.054532e-01	-2.031629e+00
2.004000e-05	9.645373e-02	-2.093585e+00
2.005000e-05	6.157967e-02	-2.198055e+00
2.006000e-05	-1.521320e-01	-2.493783e+00
2.007000e-05	9.901215e-02	-2.611024e+00
2.008000e-05	2.685341e-02	-2.673813e+00
2.009000e-05	-1.651848e-01	-2.904863e+00
2.010000e-05	1.043157e-01	-3.132235e+00
2.011000e-05	3.851340e-02	-3.191103e+00
2.012000e-05	-1.180233e-01	-3.378524e+00
2.013000e-05	1.280696e-01	-3.493288e+00
2.014000e-05	-4.597859e-02	-3.632131e+00
2.015000e-05	-4.278236e-02	-3.853309e+00
2.016000e-05	8.424214e-02	-3.979101e+00
2.017000e-05	-1.038844e-01	-4.156922e+00
2.018000e-05	5.468169e-02	-4.303211e+00
2.019000e-05	4.011613e-02	-4.399001e+00
2.020000e-05	-8.790854e-02	-4.577424e+00
2.021000e-05	8.642549e-02	-4.746239e+00
2.022000e-05	-1.826920e-02	-4.852710e+00
2.023000e-05	-2.526163e-02	-5.000528e+00
2.024000e-05	4.715845e-03	-5.103839e+00
2.025000e-05	-1.501914e-02	-5.323688e+00
2.026000e-05	6.107995e-02	-5.472684e+00
2.027000e-05	-5.800876e-02	-5.590001e+00
2.028000e-05	2.037711e-02	-5.746342e+00
2.029000e-05	3.138925e-02	-5.821708e+00
2.030000e-05	-5.133451e-02	-5.967897e+00
2.031000e-05	1.954333e-02	-6.052105e+00
2.032000e-05	-1.487797e-02	-6.148600e+00
2.033000e-05	5.057176e-02	-6.328971e+00
2.034000e-05	-9.567353e-03	-6.431178e+00
2.035000e-05	-5.198635e-02	-6.557387e+00
2.036000e-05	4.560988e-02	-6.631634e+00
2.037000e-05	-4.032293e-03	-6.786445e+00
2.038000e-05	-3.668740e-03	-6.871679e+00
2.039000e-05	-1.375829e-02	-6.926449e+00
2.040000e-05	1.919403e-02	-7.107367e+00
2.041000e-05	1.975997e-02	-7.230578e+00
2.042000e-05	-3.571828e-02	-7.303339e+00
2.043000e-05	1.606572e-02	-7.388524e+00
2.044000e-05	1.065649e-02	-7.483209e+00
2.045000e-05	1.100280e-03	-7.568995e+00
2.046000e-05	-1.253011e-02	-7.671154e+00
2.047000e-05	4.291447e-03	-7.758101e+00
2.048000e-05	2.298518e-02	-7.904811e+00
2.049000e-05	-1.472906e-02	-8.019527e+00
2.050000e-05	-1.027615e-03	-8.052131e+00
2.051000e-05	7.213156e-03	-8.094290e+00
2.052000e-05	9.409698e-03	-8.177971e+00
2.053000e-05	-2.086829e-04	-8.211658e+00
2.054000e-05	1.054848e-03	-8.315264e+00
2.055000e-05	1.053355e-02	-8.357895e+00
2.056000e-05	-3.063639e-03	-8.399000e+00
2.057000e-05	1.984978e-03	-8.430154e+00
2.058000e-05	5.892549e-03	-8.511712e+00
2.059000e-05	6.917669e-03	-8.546265e+00
2.060000e-05	4.075206e-03	-8.607471e+00
2.061000e-05	3.814457e-03	-8.652631e+00
2.062000e-05	6.416165e-03	-8.681585e+00
2.063000e-05	3.735144e-03	-8.704266e+00
2.064000e-05	7.317401e-03	-8.787771e+00
2.065000e-05	6.551330e-03	-8.769447e+00
2.066000e-05	5.434062e-03	-8.810000e+00
2.067000e-05	4.390079e-03	-8.841574e+00
2.068000e-05	9.643283e-03	-8.831555e+00
2.069000e-05	8.870254e-03	-8.850602e+00
2.070000e-05	5.391306e-03	-8.892133e+00
2.071000e-05	8.399089e-03	-8.852634e+00
2.072000e-05	1.274926e-02	-8.871158e+00
2.073000e-05	1.169769e-02	-8.893657e+00
2.074000e-05	1.002020e-02	-8.900707e+00
2.075000e-05	1.100427e-02	-8.883187e+00
2.076000e-05	1.290310e-02	-8.861683e+00
2.077000e-05	1.327143e-02	-8.872157e+00
2.078000e-05	1.408593e-02	-8.832558e+00
2.079000e-05	1.760042e-02	-8.852080e+00
2.080000e-05	1.804864e-02	-8.831077e+00
2.081000e-05	1.768217e-02	-8.831053e+00
2.082000e-05	1.840195e-02	-8.830424e+00
2.083000e-05	2.006167e-02	-8.779392e+00
2.084000e-05	2.101261e-02	-8.746847e+00
2.085000e-05	2.053945e-02	-8.714710e+00
2.086000e-05	2.042348e-02	-8.683529e+00
2.087000e-05	2.048802e-02	-8.577369e+00
2.088000e-05	2.091390e-02	-8.535236e+00
2.089000e-05	1.897840e-02	-8.451657e+00
2.090000e-05	1.850295e-02	-8.440976e+00
2.091000e-05	1.913409e-02	-8.358917e+00
2.092000e-05	1.769045e-02	-8.327290e+00
2.093000e-05	1.592573e-02	-8.272659e+00
2.094000e-05	1.399747e-02	-8.220101e+00
2.095000e-05	1.327437e-02	-8.126392e+00
2.096000e-05	1.231101e-02	-8.083157e+00
2.097000e-05	1.167008e-02	-8.061080e+00
2.098000e-05	1.123497e-02	-7.968845e+00
2.099000e-05	8.326973e-03	-7.877083e+00
2.100000e-05	8.055910e-03	-7.787415e+00
2.101000e-05	8.024050e-03	-7.682155e+00
2.102000e-05	7.271597e-03	-7.567870e+00
2.103000e-05	6.024426e-03	-7.501635e+00
2.104000e-05	5.488668e-03	-7.388475e+00
2.105000e-05	5.429073e-03	-7.314212e+00
2.106000e-05	4.252784e-03	-7.232079e+00
2.107000e-05	3.801400e-03	-7.157290e+00
2.108000e-05	3.657148e-03	-7.051021e+00
2.109000e-05	4.306238e-03	-6.864211e+00
2.110000e-05	2.552681e-03	-6.799428e+00
2.111000e-05	2.850780e-03	-6.715190e+00
2.112000e-05	2.504067e-03	-6.589925e+00
2.113000e-05	1.977580e-03	-6.493712e+00
2.114000e-05	1.241282e-03	-6.441422e+00
2.115000e-05	1.060950e-03	-6.265085e+00
2.116000e-05	1.044973e-03	-6.136207e+00
2.117000e-05	6.932698e-04	-6.029973e+00
2.118000e-05	2.588949e-04	-5.895137e+00
2.119000e-05	1.321633e-05	-5.757392e+00
2.120000e-05	-5.456056e-06	-5.673050e+00
2.121000e-05	-7.251837e-04	-5.467164e+00
2.122000e-05	-5.650676e-04	-5.358287e+00
2.123000e-05	-6.069069e-04	-5.169447e+00
2.124000e-05	-1.183198e-03	-5.083994e+00
2.125000e-05	-2.784945e-03	-4.882585e+00
2.126000e-05	-1.250822e-03	-4.633661e+00
2.127000e-05	-1.879738e-03	-4.579894e+00
2.128000e-05	-1.762551e-03	-4.463051e+00
2.129000e-05	-2.828120e-03	-4.336794e+00
2.130000e-05	-2.451122e-03	-4.250925e+00
2.131000e-05	-3.509886e-03	-4.063655e+00
2.132000e-05	-2.654725e-03	-3.947345e+00
2.133000e-05	-2.799334e-03	-3.740844e+00
2.134000e-05	-1.717167e-03	-3.619525e+00
2.135000e-05	-3.279194e-03	-3.484635e+00
2.136000e-05	-2.834484e-03	-3.347665e+00
2.137000e-05	-3.383321e-03	-3.199401e+00
2.138000e-05	-1.941894e-03	-3.082003e+00
2.139000e-05	-2.538834e-03	-2.841078e+00
2.140000e-05	-2.964371e-03	-2.716685e+00
2.141000e-05	-3.838539e-03	-2.557768e+00
2.142000e-05	-4.471485e-03	-2.410523e+00
2.143000e-05	-4.649643e-03	-2.262977e+00
2.144000e-05	-2.688822e-03	-2.062054e+00
2.145000e-05	-3.423229e-03	-1.946236e+00
2.146000e-05	-3.274372e-03	-1.757368e+00
2.147000e-05	-4.416254e-03	-1.620526e+00
2.148000e-05	-3.774894e-03	-1.449377e+00
2.149000e-05	-3.800605e-03	-1.220950e+00
2.150000e-05	-3.152450e-03	-1.064078e+00
2.151000e-05	-4.807495e-03	-9.027083e-01
2.152000e-05	-5.288670e-03	-7.287912e-01
2.153000e-05	-4.776885e-03	-5.693173e-01
2.154000e-05	-3.695202e-03	-3.884211e-01
2.155000e-05	-2.793851e-03	-2.730553e-01
2.156000e-05	-2.472060e-03	-7.515801e-02
2.157000e-05	-6.810751e-05	3.268139e-02
2.158000e-05	3.922490e-04	2.542878e-01
2.159000e-05	-3.124188e-03	4.110262e-01
2.160000e-05	-3.028028e-04	5.378744e-01
2.161000e-05	-3.326037e-03	6.837617e-01
2.162000e-05	-2.785751e-03	7.995498e-01
2.163000e-05	-3.693199e-03	9.795334e-01
2.164000e-05	4.619164e-03	1.167499e+00
2.165000e-05	2.865375e-02	1.337418e+00
2.166000e-05	5.541017e-02	1.537050e+00
2.167000e-05	-2.738851e-02	1.779525e+00
2.168000e-05	-4.323835e-02	1.957892e+00
2.169000e-05	-6.397314e-02	2.073234e+00
2.170000e-05	-5.277153e-02	2.198028e+00
2.171000e-05	1.274947e-01	2.302765e+00
2.172000e-05	-2.174045e-02	2.413061e+00
2.173000e-05	-9.433736e-02	2.547999e+00
2.174000e-05	1.304048e-01	2.744897e+00
2.175000e-05	-6.824849e-02	2.935894e+00
2.176000e-05	-5.966333e-02	3.102162e+00
2.177000e-05	1.142854e-01	3.148976e+00
2.178000e-05	-6.297786e-02	3.345501e+00
2.179000e-05	-4.044344e-02	3.507421e+00
2.180000e-05	8.766979e-02	3.642234e+00
2.181000e-05	-6.074109e-02	3.799085e+00
2.182000e-05	3.206019e-03	3.959021e+00
2.183000e-05	1.342317e-02	4.147492e+00
2.184000e-05	-4.276637e-02	4.337892e+00
2.185000e-05	2.473154e-02	4.441184e+00
2.186000e-05	1.057326e-03	4.589100e+00
2.187000e-05	-9.902854e-03	4.775892e+00
2.188000e-05	1.872042e-02	4.874261e+00
2.189000e-05	-9.150869e-03	5.073314e+00
2.190000e-05	-2.965749e-02	5.211154e+00
2.191000e-05	-7.817322e-03	5.369049e+00
2.192000e-05	3.101143e-02	5.484367e+00
2.193000e-05	-1.115871e-02	5.570030e+00
2.194000e-05	-2.093127e-02	5.763468e+00
2.195000e-05	8.313824e-03	5.884368e+00
2.196000e-05	-9.755929e-03	6.060609e+00
2.197000e-05	-4.753643e-03	6.106863e+00
2.198000e-05	-8.779228e-03	6.250162e+00
2.199000e-05	-4.333558e-04	6.347445e+00
2.200000e-05	1.346947e-02	6.462729e+00
2.201000e-05	-1.882698e-02	6.548124e+00
2.202000e-05	-1.408176e-02	6.737371e+00
2.203000e-05	7.198528e-03	6.841554e+00
2.204000e-05	-7.379257e-04	6.925238e+00
2.205000e-05	-1.522934e-02	7.019027e+00
2.206000e-05	-8.486937e-03	7.125312e+00
2.207000e-05	1.297829e-02	7.189529e+00
2.208000e-05	-1.011028e-02	7.303141e+00
2.209000e-05	-1.780418e-02	7.379001e+00
2.210000e-05	-3.586753e-03	7.586921e+00
2.211000e-05	1.834057e-03	7.602656e+00
2.212000e-05	-6.529226e-03	7.704763e+00
2.213000e-05	-1.277532e-02	7.799504e+00
2.214000e-05	-1.635269e-03	7.913868e+00
2.215000e-05	-5.742361e-03	8.002024e+00
2.216000e-05	-1.042039e-02	8.074342e+00
2.217000e-05	-7.735439e-03	8.175443e+00
2.218000e-05	-2.741280e-03	8.231157e+00
2.219000e-05	-8.132426e-03	8.303263e+00
2.220000e-05	-9.972570e-03	8.335870e+00
2.221000e-05	-5.335020e-03	8.389449e+00
2.222000e-05	-6.685976e-03	8.430604e+00
2.223000e-05	-1.172956e-02	8.472683e+00
2.224000e-05	-9.715903e-03	8.524714e+00
2.225000e-05	-6.475692e-03	8.527471e+00
2.226000e-05	-8.735849e-03	8.608996e+00
2.227000e-05	-8.823197e-03	8.670578e+00
2.228000e-05	-1.044466e-02	8.692682e+00
2.229000e-05	-1.228320e-02	8.707187e+00
2.230000e-05	-1.220929e-02	8.724291e+00
2.231000e-05	-9.269900e-03	8.745818e+00
2.232000e-05	-9.929299e-03	8.757948e+00
2.233000e-05	-1.442065e-02	8.789024e+00
2.234000e-05	-1.383375e-02	8.819500e+00
2.235000e-05	-1.324584e-02	8.820024e+00
2.236000e-05	-1.331983e-02	8.820526e+00
2.237000e-05	-1.593607e-02	8.821505e+00
2.238000e-05	-1.488967e-02	8.801126e+00
2.239000e-05	-1.550833e-02	8.811603e+00
2.240000e-05	-1.713213e-02	8.840105e+00
2.241000e-05	-1.884959e-02	8.822130e+00
2.242000e-05	-1.936113e-02	8.811079e+00
2.243000e-05	-2.013996e-02	8.879052e+00
2.244000e-05	-2.098378e-02	8.840600e+00
2.245000e-05	-2.178846e-02	8.819524e+00
2.246000e-05	-2.260076e-02	8.778921e+00
2.247000e-05	-2.370590e-02	8.757870e+00
2.248000e-05	-2.476752e-02	8.777819e+00
2.249000e-05	-2.601728e-02	8.716316e+00
2.250000e-05	-2.593214e-02	8.694685e+00
2.251000e-05	-2.527593e-02	8.682160e+00
2.252000e-05	-2.644511e-02	8.623078e+00
2.253000e-05	-2.683693e-02	8.619394e+00
2.254000e-05	-2.610170e-02	8.545814e+00
2.255000e-05	-2.594243e-02	8.494260e+00
2.256000e-05	-2.433165e-02	8.460732e+00
2.257000e-05	-2.401806e-02	8.400552e+00
2.258000e-05	-2.198597e-02	8.358996e+00
2.259000e-05	-2.137517e-02	8.286266e+00
2.260000e-05	-2.048203e-02	8.230655e+00
2.261000e-05	-2.030506e-02	8.186817e+00
2.262000e-05	-1.859419e-02	8.104711e+00
2.263000e-05	-1.754749e-02	8.040200e+00
2.264000e-05	-1.692104e-02	7.937869e+00
2.265000e-05	-1.533999e-02	7.873655e+00
2.266000e-05	-1.623298e-02	7.789474e+00
2.267000e-05	-1.391066e-02	7.705161e+00
2.268000e-05	-1.266162e-02	7.601949e+00
2.269000e-05	-1.266687e-02	7.555267e+00
2.270000e-05	-1.232540e-02	7.432521e+00
2.271000e-05	-1.204193e-02	7.301683e+00
2.272000e-05	-1.102182e-02	7.199023e+00
2.273000e-05	-1.056311e-02	7.105737e+00
2.274000e-05	-1.009472e-02	7.020528e+00
2.275000e-05	-9.525521e-03	6.906187e+00
2.276000e-05	-9.004058e-03	6.830530e+00
2.277000e-05	-9.066013e-03	6.778770e+00
2.278000e-05	-8.521281e-03	6.631422e+00
2.279000e-05	-8.771342e-03	6.422635e+00
2.280000e-05	-7.206625e-03	6.368292e+00
2.281000e-05	-7.627409e-03	6.242633e+00
2.282000e-05	-6.582649e-03	6.147367e+00
2.283000e-05	-7.513709e-03	6.042604e+00
2.284000e-05	-7.021885e-03	5.937266e+00
2.285000e-05	-6.849386e-03	5.790870e+00
2.286000e-05	-5.436039e-03	5.600025e+00
2.287000e-05	-6.691054e-03	5.485237e+00
2.288000e-05	-6.596015e-03	5.390446e+00
2.289000e-05	-6.219201e-03	5.262127e+00
2.290000e-05	-5.298400e-03	5.062482e+00
2.291000e-05	-6.400513e-03	4.923606e+00
2.292000e-05	-5.643670e-03	4.756315e+00
2.293000e-05	-5.889430e-03	4.620974e+00
2.294000e-05	-4.963642e-03	4.471133e+00
2.295000e-05	-5.413724e-03	4.357341e+00
2.296000e-05	-5.237933e-03	4.169521e+00
2.297000e-05	-4.821327e-03	4.021525e+00
2.298000e-05	-4.871414e-03	3.883659e+00
2.299000e-05	-5.341898e-03	3.766917e+00
2.300000e-05	-5.053120e-03	3.620499e+00
2.301000e-05	-4.109770e-03	3.473660e+00
2.302000e-05	-4.728566e-03	3.303583e+00
2.303000e-05	-5.221679e-03	3.146843e+00
2.304000e-05	-4.911411e-03	3.050421e+00
2.305000e-05	-4.580815e-03	2.852607e+00
2.306000e-05	-4.521042e-03	2.766266e+00
2.307000e-05	-4.810332e-03	2.507687e+00
2.308000e-05	-4.846121e-03	2.388817e+00
2.309000e-05	-4.271280e-03	2.180449e+00
2.310000e-05	-4.884714e-03	2.094107e+00
2.311000e-05	-4.055573e-03	1.926338e+00
2.312000e-05	-3.940340e-03	1.728216e+00
2.313000e-05	-3.850008e-03	1.578870e+00
2.314000e-05	-3.650725e-03	1.410921e+00
2.315000e-05	-4.044778e-03	1.222500e+00
2.316000e-05	-4.290599e-03	1.032001e+00
2.317000e-05	-4.770246e-03	8.310278e-01
2.318000e-05	-4.380398e-03	7.346343e-01
2.319000e-05	-4.974240e-03	4.867195e-01
2.320000e-05	-4.472994e-03	3.788935e-01
2.321000e-05	-4.318751e-03	2.029002e-01
2.322000e-05	-1.667069e-03	-4.736342e-04
2.323000e-05	2.069121e-03	-1.268395e-01
2.324000e-05	3.717151e-03	-2.737855e-01
2.325000e-05	-7.422046e-04	-4.100286e-01
2.326000e-05	-9.613232e-05	-5.259448e-01
2.327000e-05	-2.941789e-03	-7.384748e-01
2.328000e-05	-1.666826e-03	-8.637080e-01
2.329000e-05	-2.289387e-03	-9.795763e-01
2.330000e-05	1.288088e-02	-1.126925e+00
2.331000e-05	7.265029e-02	-1.334869e+00
2.332000e-05	-3.906585e-03	-1.568501e+00
2.333000e-05	-4.230964e-02	-1.801180e+00
2.334000e-05	-5.853702e-02	-1.999528e+00
2.335000e-05	-6.582134e-02	-2.063080e+00
2.336000e-05	1.434115e-01	-2.112737e+00
2.337000e-05	-4.037445e-02	-2.282740e+00
2.338000e-05	-9.801571e-02	-2.526445e+00
2.339000e-05	1.618913e-01	-2.609975e+00
2.340000e-05	-7.881723e-02	-2.746395e+00
2.341000e-05	-9.277109e-02	-2.967925e+00
2.342000e-05	1.525676e-01	-3.156471e+00
2.343000e-05	-6.687957e-02	-3.241259e+00
2.344000e-05	-3.617910e-02	-3.431180e+00
2.345000e-05	1.242592e-01	-3.534866e+00
2.346000e-05	-1.161437e-01	-3.743817e+00
2.347000e-05	4.588453e-02	-3.885889e+00
2.348000e-05	1.738101e-02	-4.040654e+00
2.349000e-05	-8.814118e-02	-4.241650e+00
2.350000e-05	1.074063e-01	-4.316342e+00
2.351000e-05	-4.330707e-02	-4.420554e+00
2.352000e-05	-2.750293e-02	-4.599100e+00
2.353000e-05	8.130436e-02	-4.774945e+00
2.354000e-05	-5.299245e-02	-4.885915e+00
2.355000e-05	5.808790e-03	-5.071207e+00
2.356000e-05	-1.968568e-02	-5.169021e+00
2.357000e-05	2.030029e-02	-5.335847e+00
2.358000e-05	3.059802e-02	-5.476290e+00
2.359000e-05	-6.308826e-02	-5.681682e+00
2.360000e-05	5.967825e-02	-5.787425e+00
2.361000e-05	-1.499702e-02	-5.903738e+00
2.362000e-05	-2.660861e-02	-5.988503e+00
2.363000e-05	1.465941e-02	-6.101759e+00
2.364000e-05	-7.689689e-03	-6.230763e+00
2.365000e-05	5.983946e-02	-6.350474e+00
2.366000e-05	-5.485938e-02	-6.472737e+00
2.367000e-05	-1.073983e-02	-6.589504e+00
2.368000e-05	4.071105e-02	-6.685210e+00
2.369000e-05	-1.432278e-02	-6.788473e+00
2.370000e-05	4.996531e-04	-6.874107e+00
2.371000e-05	-1.541025e-02	-6.989676e+00
2.372000e-05	3.905687e-02	-7.167471e+00
2.373000e-05	-9.542800e-03	-7.241129e+00
2.374000e-05	-2.437931e-02	-7.334342e+00
2.375000e-05	2.159019e-02	-7.399530e+00
2.376000e-05	3.119622e-03	-7.525314e+00
2.377000e-05	1.456374e-03	-7.558525e+00
2.378000e-05	-1.452639e-02	-7.712789e+00
2.379000e-05	1.968806e-02	-7.759059e+00
2.380000e-05	8.924493e-03	-7.925265e+00
2.381000e-05	-1.484893e-02	-7.990054e+00
2.382000e-05	5.037721e-03	-8.061664e+00
2.383000e-05	7.092417e-03	-8.155870e+00
2.384000e-05	8.348281e-03	-8.170478e+00
2.385000e-05	-3.602321e-03	-8.272757e+00
2.386000e-05	6.952618e-03	-8.327291e+00
2.387000e-05	5.341180e-03	-8.337368e+00
2.388000e-05	-2.583890e-03	-8.419573e+00
2.389000e-05	5.627315e-03	-8.421082e+00
2.390000e-05	7.091518e-03	-8.532785e+00
2.391000e-05	5.263512e-03	-8.574892e+00
2.392000e-05	3.202019e-03	-8.620554e+00
2.393000e-05	5.433266e-03	-8.610163e+00
2.394000e-05	5.960043e-03	-8.649735e+00
2.395000e-05	4.116386e-03	-8.717844e+00
2.396000e-05	7.206252e-03	-8.768893e+00
2.397000e-05	7.393266e-03	-8.778999e+00
2.398000e-05	3.908304e-03	-8.780602e+00
2.399000e-05	6.360157e-03	-8.831577e+00
2.400000e-05	8.726020e-03	-8.820555e+00
2.401000e-05	7.711702e-03	-8.841179e+00
2.402000e-05	6.487735e-03	-8.862204e+00
2.403000e-05	1.139624e-02	-8.842760e+00
2.404000e-05	1.206421e-02	-8.881983e+00
2.405000e-05	9.662102e-03	-8.903133e+00
2.406000e-05	9.677580e-03	-8.873734e+00
2.407000e-05	1.171574e-02	-8.873084e+00
2.408000e-05	1.292187e-02	-8.873732e+00
2.409000e-05	1.404965e-02	-8.892655e+00
2.410000e-05	1.560021e-02	-8.863162e+00
2.411000e-05	1.828561e-02	-8.820054e+00
2.412000e-05	1.800319e-02	-8.811055e+00
2.413000e-05	1.744394e-02	-8.780549e+00
2.414000e-05	2.001363e-02	-8.809853e+00
2.415000e-05	1.841506e-02	-8.767346e+00
2.416000e-05	2.115086e-02	-8.684269e+00
2.417000e-05	1.974076e-02	-8.652684e+00
2.418000e-05	2.108842e-02	-8.631022e+00
2.419000e-05	2.198157e-02	-8.565917e+00
2.420000e-05	1.971499e-02	-8.493210e+00
2.421000e-05	1.885705e-02	-8.442582e+00
2.422000e-05	1.770976e-02	-8.388974e+00
2.423000e-05	1.930551e-02	-8.355891e+00
2.424000e-05	1.786259e-02	-8.296314e+00
2.425000e-05	1.427745e-02	-8.231157e+00
2.426000e-05	1.457401e-02	-8.228473e+00
2.427000e-05	1.313089e-02	-8.126243e+00
2.428000e-05	1.176889e-02	-8.044109e+00
2.429000e-05	1.161265e-02	-8.040077e+00
2.430000e-05	1.163683e-02	-7.976920e+00
2.431000e-05	9.772623e-03	-7.901008e+00
2.432000e-05	6.591810e-03	-7.716292e+00
2.433000e-05	6.345199e-03	-7.660074e+00
2.434000e-05	6.976069e-03	-7.537738e+00
2.435000e-05	6.438196e-03	-7.453580e+00
2.436000e-05	4.973097e-03	-7.368346e+00
2.437000e-05	4.853221e-03	-7.272707e+00
2.438000e-05	4.684802e-03	-7.229025e+00
2.439000e-05	3.873763e-03	-7.124287e+00
2.440000e-05	4.154738e-03	-6.959471e+00
2.441000e-05	3.253972e-03	-6.862582e+00
2.442000e-05	1.921506e-03	-6.748397e+00
2.443000e-05	2.331583e-03	-6.673633e+00
2.444000e-05	2.653305e-03	-6.557372e+00
2.445000e-05	7.044948e-04	-6.460629e+00
2.446000e-05	1.114896e-03	-6.389246e+00
2.447000e-05	1.775316e-03	-6.250047e+00
2.448000e-05	1.924151e-03	-6.073109e+00
2.449000e-05	8.783961e-04	-5.959450e+00
2.450000e-05	-3.338532e-04	-5.892557e+00
2.451000e-05	6.138019e-05	-5.743739e+00
2.452000e-05	-1.467043e-03	-5.629976e+00
2.453000e-05	-2.504047e-03	-5.494008e+00
2.454000e-05	-8.841196e-04	-5.313658e+00
2.455000e-05	-2.905188e-04	-5.147840e+00
2.456000e-05	-7.044644e-04	-5.018970e+00
2.457000e-05	-1.609741e-03	-4.820400e+00
2.458000e-05	-1.473382e-03	-4.660630e+00
2.459000e-05	-2.985781e-03	-4.526686e+00
2.460000e-05	-2.126763e-03	-4.430502e+00
2.461000e-05	-2.610800e-03	-4.294234e+00
2.462000e-05	-2.377419e-03	-4.166844e+00
2.463000e-05	-3.481852e-03	-4.041025e+00
2.464000e-05	-2.001791e-03	-3.894237e+00
2.465000e-05	-2.488947e-03	-3.714191e+00
2.466000e-05	-2.439237e-03	-3.558269e+00
2.467000e-05	-3.895673e-03	-3.461556e+00
2.468000e-05	-3.140850e-03	-3.234556e+00
2.469000e-05	-2.962183e-03	-3.138443e+00
2.470000e-05	-1.681968e-03	-2.917742e+00
2.471000e-05	-2.663302e-03	-2.828999e+00
2.472000e-05	-3.515873e-03	-2.694704e+00
2.473000e-05	-3.851018e-03	-2.514684e+00
2.474000e-05	-4.191531e-03	-2.368371e+00
2.475000e-05	-3.978236e-03	-2.129295e+00
2.476000e-05	-3.630574e-03	-2.000449e+00
2.477000e-05	-2.199812e-03	-1.853581e+00
2.478000e-05	-4.202950e-03	-1.704237e+00
2.479000e-05	-4.079127e-03	-1.556367e+00
2.480000e-05	-4.156465e-03	-1.326660e+00
2.481000e-05	-3.408785e-03	-1.187361e+00
2.482000e-05	-4.317618e-03	-1.010349e+00
2.483000e-05	-4.481544e-03	-8.435516e-01
2.484000e-05	-4.949799e-03	-6.636545e-01
2.485000e-05	-3.601262e-03	-4.731558e-01
2.486000e-05	-3.705802e-03	-3.257421e-01
2.487000e-05	-4.301730e-03	-2.310265e-01
2.488000e-05	-3.545667e-03	5.500063e-04
2.489000e-05	9.534076e-04	1.349441e-01
2.490000e-05	-1.751032e-04	3.158919e-01
2.491000e-05	-1.431828e-03	4.312052e-01
2.492000e-05	-1.705500e-03	6.195474e-01
2.493000e-05	-3.134168e-03	7.063433e-01
2.494000e-05	-2.669447e-03	9.017353e-01
2.495000e-05	-1.349938e-03	1.051311e+00
2.496000e-05	8.099933e-03	1.200601e+00
2.497000e-05	4.605615e-02	1.400081e+00
2.498000e-05	3.365519e-02	1.673295e+00
2.499000e-05	-4.399015e-02	1.842659e+00
2.500000e-05	-4.183369e-02	1.979500e+00
2.501000e-05	-8.087811e-02	2.104764e+00
2.502000e-05	8.781719e-03	2.202054e+00
2.503000e-05	1.240096e-01	2.335547e+00
2.504000e-05	-1.058689e-01	2.445715e+00
2.505000e-05	7.309259e-03	2.611154e+00
2.506000e-05	9.563178e-02	2.818606e+00
2.507000e-05	-1.208001e-01	2.991502e+00
2.508000e-05	1.501091e-02	3.073789e+00
2.509000e-05	8.317974e-02	3.230150e+00
2.510000e-05	-1.095238e-01	3.411230e+00
2.511000e-05	4.289656e-02	3.599524e+00
2.512000e-05	3.728246e-02	3.733442e+00
2.513000e-05	-6.543253e-02	3.883782e+00
2.514000e-05	3.742045e-02	3.998527e+00
2.515000e-05	-2.618163e-02	4.189624e+00
2.516000e-05	-2.290166e-02	4.338401e+00
2.517000e-05	2.958630e-02	4.473261e+00
2.518000e-05	-1.333812e-02	4.641158e+00
2.519000e-05	-1.756034e-03	4.751028e+00
2.520000e-05	1.533663e-02	4.926892e+00
2.521000e-05	-1.973163e-02	5.159445e+00
2.522000e-05	-2.624493e-02	5.292811e+00
2.523000e-05	8.256970e-03	5.451676e+00
2.524000e-05	2.604063e-02	5.536526e+00
2.525000e-05	-2.798606e-02	5.661156e+00
2.526000e-05	-6.314746e-03	5.838079e+00
2.527000e-05	4.824488e-03	5.978021e+00
2.528000e-05	-1.104745e-02	6.063212e+00
2.529000e-05	-2.818680e-03	6.187003e+00
2.530000e-05	-1.469923e-02	6.286284e+00
2.531000e-05	1.160187e-02	6.408950e+00
2.532000e-05	3.569063e-03	6.483312e+00
2.533000e-05	-2.282332e-02	6.620583e+00
2.534000e-05	-6.946128e-03	6.759975e+00
2.535000e-05	7.728124e-03	6.842607e+00
2.536000e-05	-5.944286e-03	6.914869e+00
2.537000e-05	-1.752981e-02	7.070183e+00
2.538000e-05	1.753578e-03	7.127423e+00
2.539000e-05	7.770186e-03	7.261578e+00
2.540000e-05	-1.553853e-02	7.322766e+00
2.541000e-05	-1.446228e-02	7.448508e+00
2.542000e-05	-3.095287e-05	7.588000e+00
2.543000e-05	-1.352167e-03	7.652657e+00
2.544000e-05	-9.381343e-03	7.735920e+00
2.545000e-05	-9.860248e-03	7.892681e+00
2.546000e-05	-7.703940e-04	7.985950e+00
2.547000e-05	-1.000931e-02	8.052604e+00
2.548000e-05	-9.852467e-03	8.146339e+00
2.549000e-05	-5.262906e-03	8.159955e+00
2.550000e-05	-5.553558e-03	8.251709e+00
2.551000e-05	-1.018277e-02	8.307842e+00
2.552000e-05	-7.748668e-03	8.368893e+00
2.553000e-05	-3.683336e-03	8.389975e+00
2.554000e-05	-1.076997e-02	8.441630e+00
2.555000e-05	-1.165197e-02	8.482685e+00
2.556000e-05	-7.654233e-03	8.522767e+00
2.557000e-05	-6.771561e-03	8.548941e+00
2.558000e-05	-8.855888e-03	8.617030e+00
2.559000e-05	-9.694224e-03	8.641058e+00
2.560000e-05	-1.104236e-02	8.673186e+00
2.561000e-05	-1.241061e-02	8.706215e+00
2.562000e-05	-1.065164e-02	8.714812e+00
2.563000e-05	-8.287912e-03	8.757841e+00
2.564000e-05	-1.129146e-02	8.767444e+00
2.565000e-05	-1.524478e-02	8.779551e+00
2.566000e-05	-1.491345e-02	8.768474e+00
2.567000e-05	-1.250510e-02	8.809503e+00
2.568000e-05	-1.441339e-02	8.820526e+00
2.569000e-05	-1.555472e-02	8.799550e+00
2.570000e-05	-1.605432e-02	8.840579e+00
2.571000e-05	-1.576436e-02	8.840608e+00
2.572000e-05	-1.890931e-02	8.851526e+00
2.573000e-05	-1.853609e-02	8.841603e+00
2.574000e-05	-1.982960e-02	8.839450e+00
2.575000e-05	-1.997683e-02	8.819601e+00
2.576000e-05	-2.180351e-02	8.829525e+00
2.577000e-05	-2.149320e-02	8.789976e+00
2.578000e-05	-2.261978e-02	8.789551e+00
2.579000e-05	-2.561826e-02	8.788921e+00
2.580000e-05	-2.555572e-02	8.737365e+00
2.581000e-05	-2.637847e-02	8.744243e+00
2.582000e-05	-2.573490e-02	8.704633e+00
2.583000e-05	-2.570453e-02	8.651579e+00
2.584000e-05	-2.650305e-02	8.590003e+00
2.585000e-05	-2.626319e-02	8.568395e+00
2.586000e-05	-2.592290e-02	8.505241e+00
2.587000e-05	-2.505865e-02	8.474638e+00
2.588000e-05	-2.574547e-02	8.452582e+00
2.589000e-05	-2.380491e-02	8.409452e+00
2.590000e-05	-2.182122e-02	8.337421e+00
2.591000e-05	-2.074869e-02	8.284633e+00
2.592000e-05	-2.063683e-02	8.198924e+00
2.593000e-05	-1.935341e-02	8.114842e+00
2.594000e-05	-1.790897e-02	8.064185e+00
2.595000e-05	-1.745904e-02	8.008923e+00
2.596000e-05	-1.706408e-02	7.927664e+00
2.597000e-05	-1.568757e-02	7.829030e+00
2.598000e-05	-1.370013e-02	7.757844e+00
2.599000e-05	-1.453407e-02	7.672610e+00
2.600000e-05	-1.244339e-02	7.598926e+00
2.601000e-05	-1.317467e-02	7.526641e+00
2.602000e-05	-1.041898e-02	7.379871e+00
2.603000e-05	-1.244982e-02	7.305605e+00
2.604000e-05	-1.072145e-02	7.177898e+00
2.605000e-05	-1.058268e-02	7.103084e+00
2.606000e-05	-8.180563e-03	6.978849e+00
2.607000e-05	-9.715404e-03	6.872634e+00
2.608000e-05	-9.322777e-03	6.780500e+00
2.609000e-05	-9.887978e-03	6.683661e+00
2.610000e-05	-7.501305e-03	6.569812e+00
2.611000e-05	-7.821591e-03	6.450603e+00
2.612000e-05	-7.460848e-03	6.306715e+00
2.613000e-05	-7.402491e-03	6.251453e+00
2.614000e-05	-6.405382e-03	6.084762e+00
2.615000e-05	-6.983393e-03	6.020498e+00
2.616000e-05	-8.159203e-03	5.926084e+00
2.617000e-05	-6.647784e-03	5.715684e+00
2.618000e-05	-5.689499e-03	5.598367e+00
2.619000e-05	-7.036495e-03	5.451628e+00
2.620000e-05	-5.824750e-03	5.326264e+00
2.621000e-05	-5.678956e-03	5.198875e+00
2.622000e-05	-5.434210e-03	4.958527e+00
2.623000e-05	-6.201277e-03	4.832604e+00
2.624000e-05	-5.664474e-03	4.685233e+00
2.625000e-05	-5.562615e-03	4.578394e+00
2.626000e-05	-5.367606e-03	4.422599e+00
2.627000e-05	-5.808668e-03	4.305687e+00
2.628000e-05	-4.583392e-03	4.107286e+00
2.629000e-05	-5.963073e-03	3.968920e+00
2.630000e-05	-5.098607e-03	3.842555e+00
2.631000e-05	-4.772162e-03	3.705211e+00
2.632000e-05	-4.601894e-03	3.578446e+00
2.633000e-05	-5.671118e-03	3.383019e+00
2.634000e-05	-4.322033e-03	3.250025e+00
2.635000e-05	-4.465973e-03	3.114737e+00
2.636000e-05	-4.756100e-03	2.938345e+00
2.637000e-05	-4.934144e-03	2.819501e+00
2.638000e-05	-4.025079e-03	2.665057e+00
2.639000e-05	-4.650041e-03	2.431134e+00
2.640000e-05	-4.226800e-03	2.294688e+00
2.641000e-05	-4.886102e-03	2.148844e+00
2.642000e-05	-4.684988e-03	2.019998e+00
2.643000e-05	-4.314752e-03	1.853030e+00
2.644000e-05	-4.580777e-03	1.765735e+00
2.645000e-05	-4.574826e-03	1.494663e+00
2.646000e-05	-4.088728e-03	1.357840e+00
2.647000e-05	-4.352853e-03	1.159896e+00
2.648000e-05	-3.515539e-03	9.473437e-01
2.649000e-05	-4.300985e-03	8.084448e-01
2.650000e-05	-3.753138e-03	6.219552e-01
2.651000e-05	-3.594176e-03	4.925592e-01
2.652000e-05	-3.879161e-03	3.278147e-01
2.653000e-05	-4.044565e-03	1.062881e-01
2.654000e-05	-1.755575e-03	-4.158152e-02
2.655000e-05	2.916575e-03	-1.895535e-01
2.656000e-05	1.678915e-04	-3.463908e-01
2.657000e-05	-1.569303e-04	-4.220814e-01
2.658000e-05	-1.729996e-03	-6.406562e-01
2.659000e-05	-1.382204e-03	-8.005037e-01
2.660000e-05	-1.734703e-03	-9.048607e-01
2.661000e-05	2.263293e-03	-1.052734e+00
2.662000e-05	2.938899e-02	-1.179004e+00
2.663000e-05	6.800647e-02	-1.389227e+00
2.664000e-05	-4.328678e-02	-1.662813e+00
2.665000e-05	-2.997296e-02	-1.896362e+00
2.666000e-05	-9.524535e-02	-2.040579e+00
2.667000e-05	1.891398e-02	-2.081657e+00
2.668000e-05	1.237011e-01	-2.125312e+00
2.669000e-05	-1.275911e-01	-2.358649e+00
2.670000e-05	1.131575e-02	-2.580496e+00
2.671000e-05	1.263372e-01	-2.630103e+00
2.672000e-05	-1.564570e-01	-2.801153e+00
2.673000e-05	1.420552e-02	-3.052003e+00
2.674000e-05	1.178615e-01	-3.187976e+00
2.675000e-05	-1.301449e-01	-3.326395e+00
2.676000e-05	6.691145e-02	-3.463733e+00
2.677000e-05	4.071241e-02	-3.578475e+00
2.678000e-05	-1.040232e-01	-3.788651e+00
2.679000e-05	9.668874e-02	-3.947947e+00
2.680000e-05	-6.317957e-02	-4.114845e+00
2.681000e-05	-1.741466e-02	-4.243184e+00
2.682000e-05	9.731133e-02	-4.327370e+00
2.683000e-05	-9.693852e-02	-4.513785e+00
2.684000e-05	4.576938e-02	-4.654062e+00
2.685000e-05	3.219765e-02	-4.837526e+00
2.686000e-05	-4.819005e-02	-4.958844e+00
2.687000e-05	1.581575e-02	-5.073162e+00
2.688000e-05	-2.992177e-02	-5.290153e+00
2.689000e-05	5.560944e-02	-5.371101e+00
2.690000e-05	-2.119752e-02	-5.535917e+00
2.691000e-05	-2.515004e-02	-5.714812e+00
2.692000e-05	6.101903e-02	-5.830604e+00
2.693000e-05	-4.903535e-02	-5.936392e+00
2.694000e-05	6.146479e-03	-6.031579e+00
2.695000e-05	-6.364044e-03	-6.094366e+00
2.696000e-05	2.227940e-02	-6.314393e+00
2.697000e-05	3.247639e-02	-6.391029e+00
2.698000e-05	-6.835006e-02	-6.514846e+00
2.699000e-05	3.008959e-02	-6.631052e+00
2.700000e-05	1.451627e-02	-6.755442e+00
2.701000e-05	-1.039237e-02	-6.820477e+00
2.702000e-05	-5.183823e-03	-6.885221e+00
2.703000e-05	-1.503486e-03	-7.063687e+00
2.704000e-05	3.834229e-02	-7.178974e+00
2.705000e-05	-3.302562e-02	-7.282761e+00
2.706000e-05	-9.155783e-04	-7.378369e+00
2.707000e-05	1.819816e-02	-7.440583e+00
2.708000e-05	1.412158e-03	-7.537342e+00
2.709000e-05	-5.275244e-03	-7.640154e+00
2.710000e-05	-8.558998e-03	-7.715867e+00
2.711000e-05	2.714635e-02	-7.892556e+00
2.712000e-05	-8.136665e-03	-7.938495e+00
2.713000e-05	-9.152405e-03	-8.050579e+00
2.714000e-05	6.922534e-03	-8.053237e+00
2.715000e-05	9.011947e-03	-8.167922e+00
2.716000e-05	4.216998e-03	-8.250523e+00
2.717000e-05	-2.659188e-03	-8.292711e+00
2.718000e-05	1.140327e-02	-8.325865e+00
2.719000e-05	1.247168e-03	-8.358922e+00
2.720000e-05	-2.427951e-03	-8.420101e+00
2.721000e-05	5.861604e-03	-8.482132e+00
2.722000e-05	5.404141e-03	-8.502841e+00
2.723000e-05	6.148676e-03	-8.546920e+00
2.724000e-05	1.886763e-03	-8.638999e+00
2.725000e-05	6.178480e-03	-8.661586e+00
2.726000e-05	5.559782e-03	-8.703810e+00
2.727000e-05	6.504286e-03	-8.759438e+00
2.728000e-05	7.389073e-03	-8.768970e+00
2.729000e-05	5.630515e-03	-8.787999e+00
2.730000e-05	3.112007e-03	-8.821476e+00
2.731000e-05	7.936088e-03	-8.820553e+00
2.732000e-05	8.775349e-03	-8.822177e+00
2.733000e-05	6.070755e-03	-8.840552e+00
2.734000e-05	8.246104e-03	-8.842609e+00
2.735000e-05	1.264862e-02	-8.861654e+00
2.736000e-05	1.317143e-02	-8.892706e+00
2.737000e-05	9.514307e-03	-8.883134e+00
2.738000e-05	9.667129e-03	-8.882787e+00
2.739000e-05	1.219796e-02	-8.892658e+00
2.740000e-05	1.408369e-02	-8.864606e+00
2.741000e-05	1.488798e-02	-8.843655e+00
2.742000e-05	1.745662e-02	-8.831131e+00
2.743000e-05	1.753031e-02	-8.830127e+00
2.744000e-05	1.611760e-02	-8.840554e+00
2.745000e-05	1.682645e-02	-8.808928e+00
2.746000e-05	1.975949e-02	-8.778996e+00
2.747000e-05	2.082579e-02	-8.717812e+00
2.748000e-05	2.132423e-02	-8.704809e+00
2.749000e-05	2.044225e-02	-8.693682e+00
2.750000e-05	2.039024e-02	-8.619497e+00
2.751000e-05	2.034782e-02	-8.555766e+00
2.752000e-05	1.961389e-02	-8.503631e+00
2.753000e-05	1.809952e-02	-8.412076e+00
2.754000e-05	1.818159e-02	-8.407951e+00
2.755000e-05	1.831930e-02	-8.348339e+00
2.756000e-05	1.788277e-02	-8.294611e+00
2.757000e-05	1.490672e-02	-8.270977e+00
2.758000e-05	1.379902e-02	-8.197442e+00
2.759000e-05	1.135089e-02	-8.064162e+00
2.760000e-05	1.174224e-02	-8.032028e+00
2.761000e-05	1.123859e-02	-7.969974e+00
2.762000e-05	1.010144e-02	-7.874313e+00
2.763000e-05	9.342147e-03	-7.799526e+00
2.764000e-05	8.873808e-03	-7.734732e+00
2.765000e-05	8.077143e-03	-7.569477e+00
2.766000e-05	5.246720e-03	-7.506211e+00
2.767000e-05	4.858544e-03	-7.421551e+00
2.768000e-05	6.554036e-03	-7.355710e+00
2.769000e-05	5.145865e-03	-7.242128e+00
2.770000e-05	3.290820e-03	-7.199873e+00
2.771000e-05	3.544754e-03	-7.103627e+00
2.772000e-05	5.219881e-03	-6.935738e+00
2.773000e-05	3.143382e-03	-6.831058e+00
2.774000e-05	8.872738e-04	-6.757786e+00
2.775000e-05	1.767475e-03	-6.631502e+00
2.776000e-05	3.245287e-03	-6.536745e+00
2.777000e-05	2.008614e-03	-6.441153e+00
2.778000e-05	1.024760e-03	-6.317662e+00
2.779000e-05	1.909758e-03	-6.148840e+00
2.780000e-05	1.071715e-03	-6.020102e+00
2.781000e-05	-4.676635e-04	-5.907788e+00
2.782000e-05	3.669413e-04	-5.830499e+00
2.783000e-05	4.615014e-04	-5.683211e+00
2.784000e-05	-6.283612e-04	-5.548293e+00
2.785000e-05	-1.879527e-03	-5.391053e+00
2.786000e-05	-1.023918e-03	-5.242052e+00
2.787000e-05	-1.237397e-03	-5.074187e+00
2.788000e-05	-2.295576e-03	-4.885813e+00
2.789000e-05	-1.711024e-03	-4.775266e+00
2.790000e-05	-1.857365e-03	-4.601527e+00
2.791000e-05	-2.129512e-03	-4.504684e+00
2.792000e-05	-1.410763e-03	-4.429870e+00
2.793000e-05	-1.256836e-03	-4.233053e+00
2.794000e-05	-3.116643e-03	-4.136212e+00
2.795000e-05	-3.898405e-03	-4.008974e+00
2.796000e-05	-3.493064e-03	-3.832478e+00
2.797000e-05	-1.801609e-03	-3.674082e+00
2.798000e-05	-1.690048e-03	-3.536287e+00
2.799000e-05	-4.173748e-03	-3.388341e+00
2.800000e-05	-3.336569e-03	-3.251553e+00
2.801000e-05	-2.086908e-03	-3.105137e+00
2.802000e-05	-1.921941e-03	-2.875636e+00
2.803000e-05	-3.058696e-03	-2.757869e+00
2.804000e-05	-4.190557e-03	-2.641474e+00
2.805000e-05	-3.274551e-03	-2.462577e+00
2.806000e-05	-4.412969e-03	-2.316759e+00
2.807000e-05	-3.371207e-03	-2.117733e+00
2.808000e-05	-3.576966e-03	-1.977893e+00
2.809000e-05	-2.963817e-03	-1.789999e+00
2.810000e-05	-3.799261e-03	-1.652578e+00
2.811000e-05	-3.543156e-03	-1.466231e+00
2.812000e-05	-4.416057e-03	-1.274577e+00
2.813000e-05	-3.570452e-03	-1.085236e+00
2.814000e-05	-4.234818e-03	-9.467436e-01
2.815000e-05	-3.416624e-03	-8.094737e-01
2.816000e-05	-5.248332e-03	-5.908503e-01
2.817000e-05	-4.074427e-03	-4.205290e-01
2.818000e-05	-3.894303e-03	-2.746119e-01
2.819000e-05	-4.289419e-03	-1.267644e-01
2.820000e-05	-2.157673e-03	-1.042142e-02
2.821000e-05	1.289055e-03	1.796786e-01
2.822000e-05	-2.130286e-03	3.689734e-01
2.823000e-05	1.957531e-05	4.947380e-01
2.824000e-05	-2.926874e-03	6.107052e-01
2.825000e-05	-2.701635e-03	7.800261e-01
2.826000e-05	-3.598339e-03	8.863617e-01
2.827000e-05	1.408896e-03	1.092892e+00
2.828000e-05	1.473401e-02	1.273266e+00
2.829000e-05	5.793631e-02	1.464363e+00
2.830000e-05	-1.308234e-04	1.776947e+00
2.831000e-05	-4.420601e-02	1.874791e+00
2.832000e-05	-4.866255e-02	2.041104e+00
2.833000e-05	-7.901597e-02	2.158421e+00
2.834000e-05	8.347672e-02	2.243758e+00
2.835000e-05	6.056798e-02	2.448929e+00
2.836000e-05	-1.369336e-01	2.534818e+00
2.837000e-05	9.671756e-02	2.702789e+00
2.838000e-05	7.689916e-03	2.863712e+00
2.839000e-05	-1.108016e-01	2.990576e+00
2.840000e-05	8.884555e-02	3.147295e+00
2.841000e-05	1.069860e-02	3.314266e+00
2.842000e-05	-9.678101e-02	3.504290e+00
2.843000e-05	9.012230e-02	3.600129e+00
2.844000e-05	-2.465935e-02	3.786426e+00
2.845000e-05	-3.421913e-02	3.954967e+00
2.846000e-05	3.684498e-02	4.051756e+00
2.847000e-05	-4.672725e-02	4.252733e+00
2.848000e-05	5.266171e-03	4.410076e+00
2.849000e-05	1.608423e-02	4.535893e+00
2.850000e-05	-1.583101e-02	4.673864e+00
2.851000e-05	1.280667e-02	4.841056e+00
2.852000e-05	5.334676e-03	4.981154e+00
2.853000e-05	-2.817755e-02	5.221576e+00
2.854000e-05	-2.046201e-02	5.326870e+00
2.855000e-05	2.353824e-02	5.442287e+00
2.856000e-05	7.667141e-03	5.618504e+00
2.857000e-05	-2.950169e-02	5.744793e+00
2.858000e-05	5.712956e-03	5.842191e+00
2.859000e-05	-2.400354e-03	6.020054e+00
2.860000e-05	-8.896278e-03	6.073290e+00
2.861000e-05	-5.507559e-03	6.250676e+00
2.862000e-05	-1.054982e-02	6.296895e+00
2.863000e-05	1.713538e-02	6.489501e+00
2.864000e-05	-8.321929e-03	6.523819e+00
2.865000e-05	-2.033637e-02	6.706322e+00
2.866000e-05	1.747847e-03	6.820053e+00
2.867000e-05	3.322729e-03	6.890738e+00
2.868000e-05	-1.025152e-02	6.966424e+00
2.869000e-05	-1.458957e-02	7.082737e+00
2.870000e-05	1.087374e-02	7.159475e+00
2.871000e-05	-1.854481e-03	7.270104e+00
2.872000e-05	-1.885613e-02	7.385445e+00
2.873000e-05	-8.670558e-03	7.472366e+00
2.874000e-05	2.076476e-03	7.642026e+00
2.875000e-05	-4.166221e-03	7.693188e+00
2.876000e-05	-1.213042e-02	7.778571e+00
2.877000e-05	-5.421197e-03	7.882218e+00
2.878000e-05	-3.118132e-03	7.959550e+00
2.879000e-05	-9.950379e-03	8.075213e+00
2.880000e-05	-8.105790e-03	8.145998e+00
2.881000e-05	-4.267200e-03	8.188955e+00
2.882000e-05	-8.266428e-03	8.263708e+00
2.883000e-05	-9.086151e-03	8.306346e+00
2.884000e-05	-5.905152e-03	8.389399e+00
2.885000e-05	-6.017099e-03	8.410579e+00
2.886000e-05	-1.232532e-02	8.461706e+00
2.887000e-05	-1.084549e-02	8.514261e+00
2.888000e-05	-6.025054e-03	8.516342e+00
2.889000e-05	-7.528910e-03	8.578499e+00
2.890000e-05	-8.478991e-03	8.588573e+00
2.891000e-05	-1.037924e-02	8.631086e+00
2.892000e-05	-1.154857e-02	8.664765e+00
2.893000e-05	-1.278618e-02	8.694363e+00
2.894000e-05	-9.495736e-03	8.726244e+00
2.895000e-05	-9.749220e-03	8.777419e+00
2.896000e-05	-1.425242e-02	8.758473e+00
2.897000e-05	-1.485316e-02	8.789948e+00
2.898000e-05	-1.259436e-02	8.798525e+00
2.899000e-05	-1.199132e-02	8.800525e+00
2.900000e-05	-1.597407e-02	8.819976e+00
2.901000e-05	-1.602713e-02	8.820979e+00
2.902000e-05	-1.592116e-02	8.820528e+00
2.903000e-05	-1.535594e-02	8.840580e+00
2.904000e-05	-1.850891e-02	8.851678e+00
2.905000e-05	-1.863173e-02	8.821078e+00
2.906000e-05	-1.989413e-02	8.840530e+00
2.907000e-05	-2.085350e-02	8.790625e+00
2.908000e-05	-2.178778e-02	8.840051e+00
2.909000e-05	-2.188997e-02	8.800449e+00
2.910000e-05	-2.286672e-02	8.757976e+00
2.911000e-05	-2.614728e-02	8.777872e+00
2.912000e-05	-2.574313e-02	8.744713e+00
2.913000e-05	-2.563450e-02	8.694736e+00
2.914000e-05	-2.507367e-02	8.683161e+00
2.915000e-05	-2.640103e-02	8.610603e+00
2.916000e-05	-2.735534e-02	8.609545e+00
2.917000e-05	-2.622483e-02	8.566371e+00
2.918000e-05	-2.540735e-02	8.504787e+00
2.919000e-05	-2.504296e-02	8.461659e+00
2.920000e-05	-2.454689e-02	8.439527e+00
2.921000e-05	-2.212525e-02	8.379423e+00
2.922000e-05	-2.128881e-02	8.346641e+00
2.923000e-05	-2.113649e-02	8.213612e+00
2.924000e-05	-1.990977e-02	8.188423e+00
2.925000e-05	-1.862290e-02	8.144262e+00
2.926000e-05	-1.700654e-02	8.072079e+00
2.927000e-05	-1.753482e-02	7.998875e+00
2.928000e-05	-1.519290e-02	7.887684e+00
2.929000e-05	-1.644810e-02	7.789478e+00
2.930000e-05	-1.458443e-02	7.745738e+00
2.931000e-05	-1.346464e-02	7.643080e+00
2.932000e-05	-1.185578e-02	7.618897e+00
2.933000e-05	-1.249960e-02	7.471558e+00
2.934000e-05	-1.044169e-02	7.316286e+00
2.935000e-05	-1.109871e-02	7.250979e+00
2.936000e-05	-9.952462e-03	7.148269e+00
2.937000e-05	-1.068622e-02	7.061434e+00
2.938000e-05	-9.802929e-03	6.927342e+00
2.939000e-05	-9.242023e-03	6.851604e+00
2.940000e-05	-9.569788e-03	6.780395e+00
2.941000e-05	-8.512695e-03	6.632629e+00
2.942000e-05	-7.168381e-03	6.495734e+00
2.943000e-05	-7.757708e-03	6.399944e+00
2.944000e-05	-8.373150e-03	6.295133e+00
2.945000e-05	-7.143197e-03	6.149795e+00
2.946000e-05	-7.274088e-03	6.063136e+00
2.947000e-05	-6.503473e-03	6.000346e+00
2.948000e-05	-6.981134e-03	5.839551e+00
2.949000e-05	-6.030536e-03	5.653633e+00
2.950000e-05	-5.672549e-03	5.547288e+00
2.951000e-05	-6.520063e-03	5.411476e+00
2.952000e-05	-6.385321e-03	5.274708e+00
2.953000e-05	-5.413232e-03	5.137265e+00
2.954000e-05	-5.854721e-03	4.966246e+00
2.955000e-05	-6.109735e-03	4.799896e+00
2.956000e-05	-5.404970e-03	4.641029e+00
2.957000e-05	-4.457551e-03	4.504739e+00
2.958000e-05	-5.231506e-03	4.410026e+00
2.959000e-05	-6.193831e-03	4.253483e+00
2.960000e-05	-5.946603e-03	4.074682e+00
2.961000e-05	-4.607675e-03	3.926787e+00
2.962000e-05	-4.047946e-03	3.768925e+00
2.963000e-05	-4.942219e-03	3.652132e+00
2.964000e-05	-5.022628e-03	3.547765e+00
2.965000e-05	-5.456935e-03	3.345792e+00
2.966000e-05	-4.557937e-03	3.179394e+00
2.967000e-05	-4.251566e-03	3.042050e+00
2.968000e-05	-4.144040e-03	2.903185e+00
2.969000e-05	-4.352143e-03	2.758794e+00
2.970000e-05	-5.205601e-03	2.539899e+00
2.971000e-05	-5.186818e-03	2.458948e+00
2.972000e-05	-4.980593e-03	2.273058e+00
2.973000e-05	-3.610319e-03	2.075136e+00
2.974000e-05	-4.405750e-03	1.968320e+00
2.975000e-05	-4.239190e-03	1.800871e+00
2.976000e-05	-4.131118e-03	1.610994e+00
2.977000e-05	-3.775151e-03	1.453555e+00
2.978000e-05	-4.340802e-03	1.293634e+00
2.979000e-05	-4.004988e-03	1.104735e+00
2.980000e-05	-4.508304e-03	8.936581e-01
2.981000e-05	-3.830564e-03	7.372658e-01
2.982000e-05	-3.576223e-03	5.288474e-01
2.983000e-05	-3.164800e-03	4.315252e-01
2.984000e-05	-2.997200e-03	2.945354e-01
2.985000e-05	-2.976968e-03	8.556026e-02
2.986000e-05	-1.112510e-04	-5.321274e-02
2.987000e-05	2.320956e-03	-2.521290e-01
2.988000e-05	-6.739737e-04	-3.684960e-01
2.989000e-05	-4.591806e-04	-5.047919e-01
2.990000e-05	-3.116764e-03	-6.848356e-01
2.991000e-05	-8.013972e-04	-8.326563e-01
2.992000e-05	-1.573469e-03	-9.784448e-01
2.993000e-05	6.561477e-03	-1.124890e+00
2.994000e-05	5.410793e-02	-1.301184e+00
2.995000e-05	3.511260e-02	-1.544362e+00
2.996000e-05	-5.303490e-02	-1.715970e+00
2.997000e-05	-3.664241e-02	-1.939947e+00
2.998000e-05	-1.044241e-01	-2.042657e+00
2.999000e-05	1.062556e-01	-2.053635e+00
3.000000e-05	5.124198e-02	-2.186004e+00
3.001000e-05	-1.528799e-01	-2.463834e+00
3.002000e-05	1.094118e-01	-2.590505e+00
3.003000e-05	1.115020e-02	-2.704787e+00
3.004000e-05	-1.596836e-01	-2.894867e+00
3.005000e-05	1.136107e-01	-3.083364e+00
3.006000e-05	2.394672e-02	-3.219655e+00
3.007000e-05	-1.132835e-01	-3.409047e+00
3.008000e-05	1.315550e-01	-3.506286e+00
3.009000e-05	-5.993401e-02	-3.651135e+00
3.010000e-05	-3.126450e-02	-3.840735e+00
3.011000e-05	7.850658e-02	-4.009526e+00
3.012000e-05	-1.047296e-01	-4.197445e+00
3.013000e-05	6.380038e-02	-4.282216e+00
3.014000e-05	2.732384e-02	-4.347469e+00
3.015000e-05	-8.197396e-02	-4.517920e+00
3.016000e-05	8.815324e-02	-4.695291e+00
3.017000e-05	-2.527231e-02	-4.851759e+00
3.018000e-05	-1.987085e-02	-5.020576e+00
3.019000e-05	1.509107e-03	-5.115841e+00
3.020000e-05	-1.097852e-02	-5.302789e+00
3.021000e-05	5.920668e-02	-5.470206e+00
3.022000e-05	-6.225961e-02	-5.599626e+00
3.023000e-05	2.755657e-02	-5.737341e+00
3.024000e-05	2.518013e-02	-5.850628e+00
3.025000e-05	-4.933785e-02	-5.957999e+00
3.026000e-05	2.103633e-02	-6.032605e+00
3.027000e-05	-1.800898e-02	-6.197950e+00
3.028000e-05	5.392913e-02	-6.365945e+00
3.029000e-05	-1.658249e-02	-6.451180e+00
3.030000e-05	-4.731808e-02	-6.576444e+00
3.031000e-05	4.679732e-02	-6.683207e+00
3.032000e-05	-6.335084e-03	-6.759024e+00
3.033000e-05	-1.012604e-03	-6.872132e+00
3.034000e-05	-1.677722e-02	-6.987467e+00
3.035000e-05	2.266837e-02	-7.135790e+00
3.036000e-05	1.765698e-02	-7.231029e+00
3.037000e-05	-3.549427e-02	-7.273812e+00
3.038000e-05	1.561331e-02	-7.358469e+00
3.039000e-05	8.085126e-03	-7.492763e+00
3.040000e-05	2.572757e-03	-7.578021e+00
3.041000e-05	-1.297776e-02	-7.681184e+00
3.042000e-05	5.348216e-03	-7.769645e+00
3.043000e-05	2.193733e-02	-7.895864e+00
3.044000e-05	-1.391943e-02	-8.039524e+00
3.045000e-05	-1.263352e-03	-8.052133e+00
3.046000e-05	6.531949e-03	-8.104815e+00
3.047000e-05	9.558128e-03	-8.188922e+00
3.048000e-05	-4.420492e-04	-8.222633e+00
3.049000e-05	2.968782e-04	-8.303789e+00
3.050000e-05	1.012628e-02	-8.376844e+00
3.051000e-05	-2.381806e-03	-8.407448e+00
3.052000e-05	2.925142e-03	-8.439528e+00
3.053000e-05	6.379995e-03	-8.492832e+00
3.054000e-05	7.373691e-03	-8.533265e+00
3.055000e-05	3.866979e-03	-8.597923e+00
3.056000e-05	3.428933e-03	-8.640581e+00
3.057000e-05	5.698234e-03	-8.663781e+00
3.058000e-05	3.372317e-03	-8.687812e+00
3.059000e-05	6.227825e-03	-8.738443e+00
3.060000e-05	7.242358e-03	-8.799966e+00
3.061000e-05	4.205809e-03	-8.829525e+00
3.062000e-05	4.698558e-03	-8.829528e+00
3.063000e-05	1.025850e-02	-8.850553e+00
3.064000e-05	9.544314e-03	-8.841580e+00
3.065000e-05	5.424411e-03	-8.861107e+00
3.066000e-05	7.726860e-03	-8.862557e+00
3.067000e-05	1.271336e-02	-8.902209e+00
3.068000e-05	1.054580e-02	-8.883708e+00
3.069000e-05	9.319911e-03	-8.883657e+00
3.070000e-05	1.250920e-02	-8.883683e+00
3.071000e-05	1.285396e-02	-8.882760e+00
3.072000e-05	1.565665e-02	-8.862558e+00
3.073000e-05	1.395700e-02	-8.832132e+00
3.074000e-05	1.638768e-02	-8.841179e+00
3.075000e-05	1.728161e-02	-8.819527e+00
3.076000e-05	1.652797e-02	-8.800549e+00
3.077000e-05	1.930528e-02	-8.778500e+00
3.078000e-05	1.960025e-02	-8.768945e+00
3.079000e-05	2.173201e-02	-8.746389e+00
3.080000e-05	2.073855e-02	-8.684739e+00
3.081000e-05	2.050931e-02	-8.640506e+00
3.082000e-05	2.050979e-02	-8.587895e+00
3.083000e-05	1.985050e-02	-8.505788e+00
3.084000e-05	1.936835e-02	-8.462656e+00
3.085000e-05	1.817620e-02	-8.409026e+00
3.086000e-05	1.864284e-02	-8.387971e+00
3.087000e-05	1.832899e-02	-8.335339e+00
3.088000e-05	1.565479e-02	-8.283684e+00
3.089000e-05	1.418419e-02	-8.220425e+00
3.090000e-05	1.331464e-02	-8.126916e+00
3.091000e-05	1.204094e-02	-8.083683e+00
3.092000e-05	1.186774e-02	-8.011580e+00
3.093000e-05	1.124266e-02	-7.978446e+00
3.094000e-05	1.009971e-02	-7.924201e+00
3.095000e-05	8.656654e-03	-7.777365e+00
3.096000e-05	7.628115e-03	-7.632683e+00
3.097000e-05	6.953486e-03	-7.545921e+00
3.098000e-05	5.150425e-03	-7.472633e+00
3.099000e-05	5.667887e-03	-7.420000e+00
3.100000e-05	5.457462e-03	-7.303210e+00
3.101000e-05	5.052129e-03	-7.221528e+00
3.102000e-05	2.989487e-03	-7.169371e+00
3.103000e-05	3.835424e-03	-7.061350e+00
3.104000e-05	4.189953e-03	-6.883687e+00
3.105000e-05	3.531565e-03	-6.819948e+00
3.106000e-05	2.312342e-03	-6.725186e+00
3.107000e-05	2.672365e-03	-6.628976e+00
3.108000e-05	1.725564e-03	-6.505112e+00
3.109000e-05	9.113455e-04	-6.416970e+00
3.110000e-05	1.359933e-03	-6.273584e+00
3.111000e-05	2.123952e-03	-6.115764e+00
3.112000e-05	7.263174e-04	-6.009522e+00
3.113000e-05	-4.361219e-04	-5.895633e+00
3.114000e-05	3.504948e-05	-5.718298e+00
3.115000e-05	8.236941e-04	-5.652603e+00
3.116000e-05	-1.620744e-03	-5.566686e+00
3.117000e-05	-1.112438e-03	-5.335791e+00
3.118000e-05	-1.374518e-03	-5.188973e+00
3.119000e-05	-2.018771e-03	-5.012601e+00
3.120000e-05	-2.044084e-03	-4.844107e+00
3.121000e-05	-1.589925e-03	-4.735733e+00
3.122000e-05	-1.603825e-03	-4.588797e+00
3.123000e-05	-2.135828e-03	-4.452003e+00
3.124000e-05	-2.788620e-03	-4.367764e+00
3.125000e-05	-1.765801e-03	-4.241575e+00
3.126000e-05	-3.372418e-03	-4.043683e+00
3.127000e-05	-1.805022e-03	-3.938341e+00
3.128000e-05	-2.393954e-03	-3.820867e+00
3.129000e-05	-1.919030e-03	-3.600022e+00
3.130000e-05	-2.837556e-03	-3.513660e+00
3.131000e-05	-3.262188e-03	-3.326791e+00
3.132000e-05	-1.975214e-03	-3.208468e+00
3.133000e-05	-2.491033e-03	-3.034024e+00
3.134000e-05	-3.346475e-03	-2.872579e+00
3.135000e-05	-2.658948e-03	-2.726187e+00
3.136000e-05	-3.531091e-03	-2.517814e+00
3.137000e-05	-3.775433e-03	-2.420498e+00
3.138000e-05	-4.533716e-03	-2.259004e+00
3.139000e-05	-3.538343e-03	-2.061701e+00
3.140000e-05	-3.613509e-03	-1.906688e+00
3.141000e-05	-3.579406e-03	-1.779894e+00
3.142000e-05	-2.924213e-03	-1.651424e+00
3.143000e-05	-3.473148e-03	-1.442953e+00
3.144000e-05	-3.636343e-03	-1.220974e+00
3.145000e-05	-4.160954e-03	-1.081605e+00
3.146000e-05	-4.704833e-03	-8.837044e-01
3.147000e-05	-4.799476e-03	-7.478949e-01
3.148000e-05	-4.365841e-03	-5.182425e-01
3.149000e-05	-3.583798e-03	-3.889212e-01
3.150000e-05	-4.325291e-03	-2.115753e-01
3.151000e-05	-3.156222e-03	-8.418170e-02
3.152000e-05	-6.762678e-04	7.171034e-02
3.153000e-05	1.866210e-04	2.037054e-01
3.154000e-05	-2.592174e-03	4.204749e-01
3.155000e-05	3.603413e-04	5.743195e-01
3.156000e-05	-3.212297e-03	6.827593e-01
3.157000e-05	-2.045338e-03	8.895775e-01
3.158000e-05	-3.300572e-03	9.801523e-01
3.159000e-05	5.030164e-03	1.188051e+00
3.160000e-05	2.903643e-02	1.346896e+00
3.161000e-05	5.491662e-02	1.606172e+00
3.162000e-05	-2.986700e-02	1.819577e+00
3.163000e-05	-4.146247e-02	1.927996e+00
3.164000e-05	-6.657667e-02	2.043709e+00
3.165000e-05	-4.827653e-02	2.178021e+00
3.166000e-05	1.305534e-01	2.303787e+00
3.167000e-05	-3.366248e-02	2.441130e+00
3.168000e-05	-8.276772e-02	2.568927e+00
3.169000e-05	1.302694e-01	2.746873e+00
3.170000e-05	-7.560674e-02	2.925344e+00
3.171000e-05	-5.386566e-02	3.063216e+00
3.172000e-05	1.094023e-01	3.248001e+00
3.173000e-05	-7.327769e-02	3.335545e+00
3.174000e-05	-2.597180e-02	3.558366e+00
3.175000e-05	8.421275e-02	3.642236e+00
3.176000e-05	-6.233787e-02	3.852235e+00
3.177000e-05	8.257854e-03	3.986977e+00
3.178000e-05	7.914764e-03	4.174343e+00
3.179000e-05	-4.107032e-02	4.255815e+00
3.180000e-05	2.686613e-02	4.431706e+00
3.181000e-05	-1.589619e-03	4.609555e+00
3.182000e-05	-1.006354e-02	4.755368e+00
3.183000e-05	1.789066e-02	4.893362e+00
3.184000e-05	-1.039636e-02	5.062867e+00
3.185000e-05	-2.874087e-02	5.252658e+00
3.186000e-05	-6.957062e-03	5.379102e+00
3.187000e-05	3.323042e-02	5.545309e+00
3.188000e-05	-1.688112e-02	5.611052e+00
3.189000e-05	-1.790413e-02	5.744946e+00
3.190000e-05	9.390576e-03	5.916291e+00
3.191000e-05	-8.350742e-03	6.041083e+00
3.192000e-05	-5.289568e-03	6.146368e+00
3.193000e-05	-1.328865e-02	6.290135e+00
3.194000e-05	4.304209e-04	6.337920e+00
3.195000e-05	1.315830e-02	6.463104e+00
3.196000e-05	-1.848510e-02	6.578103e+00
3.197000e-05	-1.261722e-02	6.756918e+00
3.198000e-05	5.938604e-03	6.831026e+00
3.199000e-05	-4.931105e-04	6.905713e+00
3.200000e-05	-1.417634e-02	6.998576e+00
3.201000e-05	-5.989903e-03	7.095862e+00
3.202000e-05	1.186694e-02	7.199526e+00
3.203000e-05	-1.257602e-02	7.260663e+00
3.204000e-05	-1.748384e-02	7.418551e+00
3.205000e-05	-2.395176e-03	7.526446e+00
3.206000e-05	1.061686e-03	7.661606e+00
3.207000e-05	-5.624828e-03	7.735313e+00
3.208000e-05	-1.241836e-02	7.829081e+00
3.209000e-05	-1.870782e-03	7.894464e+00
3.210000e-05	-7.140478e-03	8.041104e+00
3.211000e-05	-9.561162e-03	8.102292e+00
3.212000e-05	-6.044143e-03	8.158526e+00
3.213000e-05	-5.505144e-03	8.232555e+00
3.214000e-05	-8.819006e-03	8.315212e+00
3.215000e-05	-9.736294e-03	8.376394e+00
3.216000e-05	-4.530377e-03	8.390027e+00
3.217000e-05	-8.011954e-03	8.420601e+00
3.218000e-05	-1.083651e-02	8.462184e+00
3.219000e-05	-1.006373e-02	8.515316e+00
3.220000e-05	-7.355025e-03	8.535945e+00
3.221000e-05	-8.683610e-03	8.599483e+00
3.222000e-05	-8.384357e-03	8.621629e+00
3.223000e-05	-1.078928e-02	8.682608e+00
3.224000e-05	-1.304029e-02	8.715139e+00
3.225000e-05	-1.136203e-02	8.683813e+00
3.226000e-05	-8.958669e-03	8.735418e+00
3.227000e-05	-1.122833e-02	8.778371e+00
3.228000e-05	-1.580059e-02	8.859972e+00
3.229000e-05	-1.444255e-02	8.799400e+00
3.230000e-05	-1.327913e-02	8.810029e+00
3.231000e-05	-1.357476e-02	8.821004e+00
3.232000e-05	-1.603483e-02	8.820605e+00
3.233000e-05	-1.506066e-02	8.801153e+00
3.234000e-05	-1.572843e-02	8.810103e+00
3.235000e-05	-1.782403e-02	8.831579e+00
3.236000e-05	-1.870095e-02	8.841028e+00
3.237000e-05	-1.937869e-02	8.839525e+00
3.238000e-05	-1.949524e-02	8.811131e+00
3.239000e-05	-2.150344e-02	8.810479e+00
3.240000e-05	-2.266676e-02	8.818478e+00
3.241000e-05	-2.231679e-02	8.839924e+00
3.242000e-05	-2.322934e-02	8.768420e+00
3.243000e-05	-2.476434e-02	8.747798e+00
3.244000e-05	-2.564147e-02	8.725763e+00
3.245000e-05	-2.549451e-02	8.712665e+00
3.246000e-05	-2.629021e-02	8.663184e+00
3.247000e-05	-2.683793e-02	8.620627e+00
3.248000e-05	-2.742313e-02	8.609928e+00
3.249000e-05	-2.574801e-02	8.536295e+00
3.250000e-05	-2.518120e-02	8.513188e+00
3.251000e-05	-2.456203e-02	8.451107e+00
3.252000e-05	-2.394513e-02	8.441052e+00
3.253000e-05	-2.238154e-02	8.368919e+00
3.254000e-05	-2.189741e-02	8.272737e+00
3.255000e-05	-2.076156e-02	8.290030e+00
3.256000e-05	-2.040233e-02	8.145823e+00
3.257000e-05	-1.895072e-02	8.064233e+00
3.258000e-05	-1.798394e-02	8.052003e+00
3.259000e-05	-1.707112e-02	7.926868e+00
3.260000e-05	-1.485054e-02	7.882105e+00
3.261000e-05	-1.470176e-02	7.769421e+00
3.262000e-05	-1.388896e-02	7.693712e+00
3.263000e-05	-1.348618e-02	7.632555e+00
3.264000e-05	-1.291367e-02	7.565267e+00
3.265000e-05	-1.210655e-02	7.409500e+00
3.266000e-05	-1.085825e-02	7.293760e+00
3.267000e-05	-1.036477e-02	7.198953e+00
3.268000e-05	-1.145479e-02	7.135163e+00
3.269000e-05	-1.094276e-02	7.060928e+00
3.270000e-05	-9.810335e-03	6.915239e+00
3.271000e-05	-8.650370e-03	6.800579e+00
3.272000e-05	-9.280140e-03	6.717741e+00
3.273000e-05	-8.519521e-03	6.601971e+00
3.274000e-05	-7.775710e-03	6.432612e+00
3.275000e-05	-7.800660e-03	6.347818e+00
3.276000e-05	-7.453522e-03	6.262611e+00
3.277000e-05	-6.866593e-03	6.127236e+00
3.278000e-05	-7.647195e-03	6.061079e+00
3.279000e-05	-6.537873e-03	5.926843e+00
3.280000e-05	-6.394191e-03	5.779318e+00
3.281000e-05	-6.411750e-03	5.621451e+00
3.282000e-05	-6.861867e-03	5.474212e+00
3.283000e-05	-6.489151e-03	5.378899e+00
3.284000e-05	-5.027565e-03	5.222479e+00
3.285000e-05	-5.500434e-03	5.023007e+00
3.286000e-05	-5.781060e-03	4.864613e+00
3.287000e-05	-5.856624e-03	4.746743e+00
3.288000e-05	-5.184186e-03	4.590476e+00
3.289000e-05	-5.277969e-03	4.453628e+00
3.290000e-05	-5.672532e-03	4.369395e+00
3.291000e-05	-5.329594e-03	4.219425e+00
3.292000e-05	-4.156339e-03	4.049951e+00
3.293000e-05	-5.221449e-03	3.874233e+00
3.294000e-05	-5.460953e-03	3.717770e+00
3.295000e-05	-5.907102e-03	3.621023e+00
3.296000e-05	-4.642131e-03	3.454610e+00
3.297000e-05	-4.271820e-03	3.274662e+00
3.298000e-05	-4.653115e-03	3.168241e+00
3.299000e-05	-5.612628e-03	3.010972e+00
3.300000e-05	-4.146618e-03	2.852033e+00
3.301000e-05	-4.436345e-03	2.727266e+00
3.302000e-05	-4.617582e-03	2.486263e+00
3.303000e-05	-5.475354e-03	2.317294e+00
3.304000e-05	-4.807265e-03	2.209950e+00
3.305000e-05	-4.867063e-03	2.033580e+00
3.306000e-05	-4.431100e-03	1.898166e+00
3.307000e-05	-3.890852e-03	1.715838e+00
3.308000e-05	-3.599766e-03	1.558298e+00
3.309000e-05	-3.818230e-03	1.399947e+00
3.310000e-05	-4.008330e-03	1.221403e+00
3.311000e-05	-5.361790e-03	1.022985e+00
3.312000e-05	-4.275480e-03	8.414791e-01
3.313000e-05	-4.339690e-03	6.641105e-01
3.314000e-05	-3.312027e-03	5.067368e-01
3.315000e-05	-3.059288e-03	3.799487e-01
3.316000e-05	-3.961835e-03	2.009486e-01
3.317000e-05	-3.304870e-03	-9.047444e-03
3.318000e-05	1.161992e-03	-1.463957e-01
3.319000e-05	1.963474e-03	-2.652591e-01
3.320000e-05	-2.026777e-04	-4.005986e-01
3.321000e-05	4.528910e-05	-5.474948e-01
3.322000e-05	-1.936319e-03	-7.373447e-01
3.323000e-05	-1.192565e-03	-8.632366e-01
3.324000e-05	-4.810427e-04	-1.019100e+00
3.325000e-05	1.424155e-02	-1.148445e+00
3.326000e-05	7.445394e-02	-1.304838e+00
3.327000e-05	-1.084735e-02	-1.538524e+00
3.328000e-05	-3.970413e-02	-1.853235e+00
3.329000e-05	-6.624018e-02	-2.011076e+00
3.330000e-05	-5.838810e-02	-2.052658e+00
3.331000e-05	1.437496e-01	-2.104686e+00
3.332000e-05	-4.989688e-02	-2.304361e+00
3.333000e-05	-8.317502e-02	-2.564894e+00
3.334000e-05	1.637568e-01	-2.610053e+00
3.335000e-05	-9.065287e-02	-2.775945e+00
3.336000e-05	-7.995663e-02	-2.977446e+00
3.337000e-05	1.510984e-01	-3.126939e+00
3.338000e-05	-7.855681e-02	-3.293187e+00
3.339000e-05	-2.229357e-02	-3.461104e+00
3.340000e-05	1.147746e-01	-3.505920e+00
3.341000e-05	-1.183428e-01	-3.693461e+00
3.342000e-05	5.590894e-02	-3.945896e+00
3.343000e-05	6.757281e-03	-4.061131e+00
3.344000e-05	-8.025834e-02	-4.250630e+00
3.345000e-05	1.105550e-01	-4.314816e+00
3.346000e-05	-5.457629e-02	-4.431105e+00
3.347000e-05	-1.686431e-02	-4.632453e+00
3.348000e-05	7.407908e-02	-4.775944e+00
3.349000e-05	-5.352888e-02	-4.915895e+00
3.350000e-05	9.497070e-03	-5.041679e+00
3.351000e-05	-2.279544e-02	-5.188545e+00
3.352000e-05	2.670075e-02	-5.385470e+00
3.353000e-05	2.379981e-02	-5.545396e+00
3.354000e-05	-5.975035e-02	-5.653178e+00
3.355000e-05	6.352557e-02	-5.766845e+00
3.356000e-05	-2.195929e-02	-5.865261e+00
3.357000e-05	-2.307615e-02	-5.970480e+00
3.358000e-05	1.186437e-02	-6.103309e+00
3.359000e-05	-4.102808e-03	-6.241283e+00
3.360000e-05	5.888215e-02	-6.370024e+00
3.361000e-05	-5.913401e-02	-6.481733e+00
3.362000e-05	-3.773442e-03	-6.578596e+00
3.363000e-05	3.654330e-02	-6.703733e+00
3.364000e-05	-1.474437e-02	-6.830449e+00
3.365000e-05	1.038973e-03	-6.873083e+00
3.366000e-05	-1.535509e-02	-7.038677e+00
3.367000e-05	3.911514e-02	-7.157470e+00
3.368000e-05	-1.361823e-02	-7.231608e+00
3.369000e-05	-2.019554e-02	-7.325338e+00
3.370000e-05	2.100747e-02	-7.459553e+00
3.371000e-05	2.059500e-03	-7.514890e+00
3.372000e-05	1.679338e-03	-7.599471e+00
3.373000e-05	-1.474738e-02	-7.713839e+00
3.374000e-05	2.050935e-02	-7.819153e+00
3.375000e-05	6.016839e-03	-7.934393e+00
3.376000e-05	-1.303851e-02	-7.981050e+00
3.377000e-05	4.356566e-03	-8.071609e+00
3.378000e-05	6.886540e-03	-8.155895e+00
3.379000e-05	7.812738e-03	-8.179049e+00
3.380000e-05	-3.484863e-03	-8.251134e+00
3.381000e-05	7.352399e-03	-8.314862e+00
3.382000e-05	4.645922e-03	-8.377445e+00
3.383000e-05	-2.080778e-03	-8.370023e+00
3.384000e-05	4.680020e-03	-8.480611e+00
3.385000e-05	6.427197e-03	-8.524236e+00
3.386000e-05	5.817896e-03	-8.554770e+00
3.387000e-05	3.438645e-03	-8.609025e+00
3.388000e-05	5.389891e-03	-8.654107e+00
3.389000e-05	4.792058e-03	-8.711686e+00
3.390000e-05	4.355135e-03	-8.705815e+00
3.391000e-05	8.121219e-03	-8.778947e+00
3.392000e-05	6.686346e-03	-8.809520e+00
3.393000e-05	4.141226e-03	-8.840074e+00
3.394000e-05	6.776742e-03	-8.839578e+00
3.395000e-05	1.040573e-02	-8.829605e+00
3.396000e-05	7.306679e-03	-8.850657e+00
3.397000e-05	4.998225e-03	-8.863134e+00
3.398000e-05	1.001083e-02	-8.862211e+00
3.399000e-05	1.300361e-02	-8.883136e+00
3.400000e-05	1.115185e-02	-8.883183e+00
3.401000e-05	1.084158e-02	-8.872684e+00
3.402000e-05	1.189552e-02	-8.872683e+00
3.403000e-05	1.397446e-02	-8.863178e+00
3.404000e-05	1.409045e-02	-8.882132e+00
3.405000e-05	1.495029e-02	-8.861155e+00
3.406000e-05	1.674204e-02	-8.842653e+00
3.407000e-05	1.738527e-02	-8.830577e+00
3.408000e-05	1.737441e-02	-8.820549e+00
3.409000e-05	1.954736e-02	-8.790376e+00
3.410000e-05	2.118732e-02	-8.766866e+00
3.411000e-05	2.047725e-02	-8.717260e+00
3.412000e-05	2.104683e-02	-8.693680e+00
3.413000e-05	2.065176e-02	-8.630502e+00
3.414000e-05	2.061708e-02	-8.574893e+00
3.415000e-05	1.973051e-02	-8.503682e+00
3.416000e-05	1.905547e-02	-8.421628e+00
3.417000e-05	1.877956e-02	-8.409552e+00
3.418000e-05	1.812677e-02	-8.366370e+00
3.419000e-05	1.726005e-02	-8.324788e+00
3.420000e-05	1.531838e-02	-8.233105e+00
3.421000e-05	1.419417e-02	-8.179026e+00
3.422000e-05	1.249860e-02	-8.115265e+00
3.423000e-05	1.138539e-02	-8.061583e+00
3.424000e-05	1.104144e-02	-8.021000e+00
3.425000e-05	1.074032e-02	-7.927894e+00
3.426000e-05	8.342620e-03	-7.874580e+00
3.427000e-05	7.596765e-03	-7.735338e+00
3.428000e-05	7.399349e-03	-7.600999e+00
3.429000e-05	6.857094e-03	-7.526264e+00
3.430000e-05	5.444649e-03	-7.462555e+00
3.431000e-05	4.763349e-03	-7.337869e+00
3.432000e-05	5.428808e-03	-7.284158e+00
3.433000e-05	4.325011e-03	-7.199002e+00
3.434000e-05	3.649734e-03	-7.115661e+00
3.435000e-05	3.869699e-03	-6.999449e+00
3.436000e-05	3.204138e-03	-6.862130e+00
3.437000e-05	3.136188e-03	-6.758870e+00
3.438000e-05	2.315341e-03	-6.684135e+00
3.439000e-05	3.122569e-03	-6.518921e+00
3.440000e-05	9.129355e-04	-6.460128e+00
3.441000e-05	1.137076e-03	-6.399344e+00
3.442000e-05	1.979932e-03	-6.202001e+00
3.443000e-05	1.795688e-03	-6.042182e+00
3.444000e-05	-2.162316e-04	-5.957844e+00
3.445000e-05	-1.152856e-04	-5.833103e+00
3.446000e-05	5.216032e-04	-5.745782e+00
3.447000e-05	-1.184717e-04	-5.650999e+00
3.448000e-05	-2.085974e-03	-5.453102e+00
3.449000e-05	-4.598202e-04	-5.293607e+00
3.450000e-05	-7.726013e-04	-5.126717e+00
3.451000e-05	-5.287419e-04	-4.978951e+00
3.452000e-05	-2.177540e-03	-4.800870e+00
3.453000e-05	-1.244514e-03	-4.651032e+00
3.454000e-05	-2.497057e-03	-4.537294e+00
3.455000e-05	-2.145960e-03	-4.410050e+00
3.456000e-05	-2.623882e-03	-4.336237e+00
3.457000e-05	-2.686742e-03	-4.177796e+00
3.458000e-05	-2.887457e-03	-4.029544e+00
3.459000e-05	-2.332636e-03	-3.905687e+00
3.460000e-05	-2.863983e-03	-3.674709e+00
3.461000e-05	-3.385435e-03	-3.538371e+00
3.462000e-05	-3.063161e-03	-3.432552e+00
3.463000e-05	-2.360467e-03	-3.283611e+00
3.464000e-05	-2.992427e-03	-3.168815e+00
3.465000e-05	-2.022515e-03	-2.948890e+00
3.466000e-05	-3.083486e-03	-2.790421e+00
3.467000e-05	-3.658098e-03	-2.672079e+00
3.468000e-05	-3.924531e-03	-2.505661e+00
3.469000e-05	-4.211387e-03	-2.317844e+00
3.470000e-05	-2.718035e-03	-2.167796e+00
3.471000e-05	-3.559610e-03	-2.020024e+00
3.472000e-05	-2.856270e-03	-1.881532e+00
3.473000e-05	-3.770820e-03	-1.736140e+00
3.474000e-05	-3.221115e-03	-1.549444e+00
3.475000e-05	-4.454621e-03	-1.326261e+00
3.476000e-05	-3.708825e-03	-1.147841e+00
3.477000e-05	-5.032323e-03	-9.798964e-01
3.478000e-05	-4.313825e-03	-8.245528e-01
3.479000e-05	-5.207820e-03	-6.746067e-01
3.480000e-05	-3.722324e-03	-4.541080e-01
3.481000e-05	-4.720306e-03	-3.472147e-01
3.482000e-05	-4.308481e-03	-2.104214e-01
3.483000e-05	-2.179689e-03	-3.997769e-02
3.484000e-05	1.336372e-03	1.543946e-01
3.485000e-05	-1.491641e-03	3.258206e-01
3.486000e-05	-1.075550e-03	4.311328e-01
3.487000e-05	-1.300054e-03	6.090549e-01
3.488000e-05	-2.912126e-03	7.564173e-01
3.489000e-05	-4.092933e-03	8.722066e-01
3.490000e-05	-8.495329e-04	1.063185e+00
3.491000e-05	9.266289e-03	1.211658e+00
3.492000e-05	4.834153e-02	1.391057e+00
3.493000e-05	2.933486e-02	1.731334e+00
3.494000e-05	-4.321110e-02	1.862181e+00
3.495000e-05	-4.052484e-02	1.999071e+00
3.496000e-05	-8.234484e-02	2.124370e+00
3.497000e-05	1.679099e-02	2.189628e+00
3.498000e-05	1.184047e-01	2.357977e+00
3.499000e-05	-1.134858e-01	2.452814e+00
3.500000e-05	2.055941e-02	2.581577e+00
3.501000e-05	8.217714e-02	2.830127e+00
3.502000e-05	-1.201136e-01	2.998477e+00
3.503000e-05	2.696622e-02	3.093238e+00
3.504000e-05	7.680410e-02	3.272130e+00
3.505000e-05	-1.126503e-01	3.441687e+00
3.506000e-05	5.106019e-02	3.599976e+00
3.507000e-05	2.954558e-02	3.724341e+00
3.508000e-05	-6.247639e-02	3.853815e+00
3.509000e-05	3.669674e-02	4.050555e+00
3.510000e-05	-2.931229e-02	4.240430e+00
3.511000e-05	-1.888737e-02	4.377973e+00
3.512000e-05	2.744571e-02	4.505265e+00
3.513000e-05	-1.382358e-02	4.632258e+00
3.514000e-05	1.780681e-03	4.777530e+00
3.515000e-05	1.493808e-02	4.935972e+00
3.516000e-05	-2.094144e-02	5.175973e+00
3.517000e-05	-2.603508e-02	5.294391e+00
3.518000e-05	9.907136e-03	5.430578e+00
3.519000e-05	2.397267e-02	5.526445e+00
3.520000e-05	-2.828108e-02	5.651134e+00
3.521000e-05	-4.022346e-03	5.810249e+00
3.522000e-05	3.903468e-03	5.937472e+00
3.523000e-05	-1.234451e-02	6.073709e+00
3.524000e-05	-1.092261e-03	6.178076e+00
3.525000e-05	-1.390874e-02	6.286265e+00
3.526000e-05	1.197597e-02	6.409074e+00
3.527000e-05	5.770417e-04	6.483267e+00
3.528000e-05	-2.206008e-02	6.653738e+00
3.529000e-05	-5.405803e-03	6.778474e+00
3.530000e-05	7.322696e-03	6.851609e+00
3.531000e-05	-5.725393e-03	6.925317e+00
3.532000e-05	-1.799844e-02	7.051783e+00
3.533000e-05	3.433947e-03	7.156494e+00
3.534000e-05	6.978143e-03	7.211054e+00
3.535000e-05	-1.672428e-02	7.334914e+00
3.536000e-05	-1.533168e-02	7.462131e+00
3.537000e-05	6.738211e-04	7.597996e+00
3.538000e-05	-1.119628e-03	7.686210e+00
3.539000e-05	-9.645109e-03	7.735318e+00
3.540000e-05	-1.012388e-02	7.842631e+00
3.541000e-05	-9.354209e-04	7.957902e+00
3.542000e-05	-8.846106e-03	8.062751e+00
3.543000e-05	-9.624357e-03	8.115315e+00
3.544000e-05	-4.913577e-03	8.187526e+00
3.545000e-05	-5.458170e-03	8.272184e+00
3.546000e-05	-1.078726e-02	8.314792e+00
3.547000e-05	-8.996262e-03	8.378871e+00
3.548000e-05	-4.145940e-03	8.429552e+00
3.549000e-05	-1.046035e-02	8.441179e+00
3.550000e-05	-1.115387e-02	8.491213e+00
3.551000e-05	-7.853947e-03	8.524842e+00
3.552000e-05	-7.860523e-03	8.568495e+00
3.553000e-05	-8.339644e-03	8.609629e+00
3.554000e-05	-9.690464e-03	8.641049e+00
3.555000e-05	-1.070815e-02	8.671658e+00
3.556000e-05	-1.268578e-02	8.673787e+00
3.557000e-05	-1.068629e-02	8.714788e+00
3.558000e-05	-8.927677e-03	8.737344e+00
3.559000e-05	-1.283062e-02	8.778422e+00
3.560000e-05	-1.559772e-02	8.768473e+00
3.561000e-05	-1.427484e-02	8.779929e+00
3.562000e-05	-1.195437e-02	8.800551e+00
3.563000e-05	-1.489199e-02	8.799553e+00
3.564000e-05	-1.600004e-02	8.801553e+00
3.565000e-05	-1.589289e-02	8.821178e+00
3.566000e-05	-1.579085e-02	8.819079e+00
3.567000e-05	-1.840545e-02	8.820203e+00
3.568000e-05	-1.871782e-02	8.810630e+00
3.569000e-05	-1.949402e-02	8.821505e+00
3.570000e-05	-1.974133e-02	8.840554e+00
3.571000e-05	-2.246445e-02	8.819080e+00
3.572000e-05	-2.190219e-02	8.800000e+00
3.573000e-05	-2.313712e-02	8.789475e+00
3.574000e-05	-2.424226e-02	8.758972e+00
3.575000e-05	-2.598505e-02	8.766346e+00
3.576000e-05	-2.576568e-02	8.697212e+00
3.577000e-05	-2.518006e-02	8.683657e+00
3.578000e-05	-2.650452e-02	8.673082e+00
3.579000e-05	-2.712776e-02	8.640527e+00
3.580000e-05	-2.717786e-02	8.557421e+00
3.581000e-05	-2.494976e-02	8.515735e+00
3.582000e-05	-2.492048e-02	8.471657e+00
3.583000e-05	-2.455174e-02	8.410606e+00
3.584000e-05	-2.314303e-02	8.419499e+00
3.585000e-05	-2.130739e-02	8.335294e+00
3.586000e-05	-2.154270e-02	8.304687e+00
3.587000e-05	-2.062777e-02	8.198446e+00
3.588000e-05	-1.873372e-02	8.126343e+00
3.589000e-05	-1.699024e-02	8.072783e+00
3.590000e-05	-1.804455e-02	7.998470e+00
3.591000e-05	-1.643570e-02	7.914789e+00
3.592000e-05	-1.573029e-02	7.822051e+00
3.593000e-05	-1.426323e-02	7.748796e+00
3.594000e-05	-1.415988e-02	7.704111e+00
3.595000e-05	-1.279948e-02	7.618473e+00
3.596000e-05	-1.309837e-02	7.535758e+00
3.597000e-05	-1.106804e-02	7.368868e+00
3.598000e-05	-1.179965e-02	7.230133e+00
3.599000e-05	-1.058866e-02	7.198846e+00
3.600000e-05	-1.131197e-02	7.104206e+00
3.601000e-05	-9.452936e-03	6.988892e+00
3.602000e-05	-1.028348e-02	6.902685e+00
3.603000e-05	-9.266356e-03	6.789971e+00
3.604000e-05	-8.646475e-03	6.724612e+00
3.605000e-05	-7.106441e-03	6.514836e+00
3.606000e-05	-7.954608e-03	6.410578e+00
3.607000e-05	-8.378727e-03	6.315763e+00
3.608000e-05	-7.507797e-03	6.180000e+00
3.609000e-05	-6.921312e-03	6.104661e+00
3.610000e-05	-6.722440e-03	6.011026e+00
3.611000e-05	-7.266873e-03	5.906131e+00
3.612000e-05	-6.760517e-03	5.713810e+00
3.613000e-05	-5.828432e-03	5.587894e+00
3.614000e-05	-5.919062e-03	5.434678e+00
3.615000e-05	-6.014860e-03	5.316235e+00
3.616000e-05	-5.273248e-03	5.210344e+00
3.617000e-05	-5.469456e-03	4.989894e+00
3.618000e-05	-5.808713e-03	4.820029e+00
3.619000e-05	-5.969272e-03	4.655610e+00
3.620000e-05	-5.357011e-03	4.528317e+00
3.621000e-05	-5.368967e-03	4.431955e+00
3.622000e-05	-5.577896e-03	4.277159e+00
3.623000e-05	-5.037368e-03	4.114311e+00
3.624000e-05	-5.041498e-03	3.969399e+00
3.625000e-05	-5.176384e-03	3.833028e+00
3.626000e-05	-6.161658e-03	3.695707e+00
3.627000e-05	-4.930842e-03	3.587374e+00
3.628000e-05	-4.141375e-03	3.418948e+00
3.629000e-05	-4.225563e-03	3.171402e+00
3.630000e-05	-5.609672e-03	3.096184e+00
3.631000e-05	-5.142855e-03	2.927295e+00
3.632000e-05	-5.050805e-03	2.809999e+00
3.633000e-05	-4.004825e-03	2.664530e+00
3.634000e-05	-4.306319e-03	2.482027e+00
3.635000e-05	-4.426367e-03	2.284183e+00
3.636000e-05	-4.116539e-03	2.157790e+00
3.637000e-05	-4.132050e-03	2.031000e+00
3.638000e-05	-4.812982e-03	1.823978e+00
3.639000e-05	-4.824883e-03	1.703139e+00
3.640000e-05	-3.778639e-03	1.495211e+00
3.641000e-05	-3.301339e-03	1.377262e+00
3.642000e-05	-3.718052e-03	1.189866e+00
3.643000e-05	-3.921288e-03	9.851987e-01
3.644000e-05	-3.999738e-03	7.694449e-01
3.645000e-05	-3.806078e-03	6.329553e-01
3.646000e-05	-4.438950e-03	4.736328e-01
3.647000e-05	-2.893665e-03	3.068358e-01
3.648000e-05	-3.378225e-03	9.681571e-02
3.649000e-05	-9.642326e-04	-4.120515e-02
3.650000e-05	1.600803e-03	-2.094785e-01
3.651000e-05	-7.315951e-05	-3.368697e-01
3.652000e-05	1.105241e-04	-4.516317e-01
3.653000e-05	-1.631088e-03	-5.996564e-01
3.654000e-05	-5.787292e-04	-7.700500e-01
3.655000e-05	-1.014101e-03	-9.054146e-01
3.656000e-05	2.164874e-03	-1.081159e+00
3.657000e-05	3.071221e-02	-1.249580e+00
3.658000e-05	6.599142e-02	-1.409658e+00
3.659000e-05	-4.596019e-02	-1.683288e+00
3.660000e-05	-2.768320e-02	-1.875316e+00
3.661000e-05	-9.978419e-02	-2.011028e+00
3.662000e-05	3.222952e-02	-2.033579e+00
3.663000e-05	1.162978e-01	-2.126417e+00
3.664000e-05	-1.341773e-01	-2.371151e+00
3.665000e-05	2.708360e-02	-2.581473e+00
3.666000e-05	1.137243e-01	-2.661279e+00
3.667000e-05	-1.587434e-01	-2.818131e+00
3.668000e-05	2.762472e-02	-3.019709e+00
3.669000e-05	1.058086e-01	-3.188999e+00
3.670000e-05	-1.340801e-01	-3.314892e+00
3.671000e-05	8.018412e-02	-3.473161e+00
3.672000e-05	2.617647e-02	-3.578527e+00
3.673000e-05	-9.640560e-02	-3.781155e+00
3.674000e-05	9.820909e-02	-3.918472e+00
3.675000e-05	-7.081720e-02	-4.083416e+00
3.676000e-05	-6.311123e-03	-4.283637e+00
3.677000e-05	9.011521e-02	-4.356970e+00
3.678000e-05	-9.741026e-02	-4.494289e+00
3.679000e-05	5.380971e-02	-4.704238e+00
3.680000e-05	2.211660e-02	-4.831576e+00
3.681000e-05	-4.568497e-02	-4.969473e+00
3.682000e-05	1.615428e-02	-5.092737e+00
3.683000e-05	-2.854756e-02	-5.222685e+00
3.684000e-05	5.872395e-02	-5.430999e+00
3.685000e-05	-2.917637e-02	-5.565019e+00
3.686000e-05	-1.684591e-02	-5.685288e+00
3.687000e-05	5.808273e-02	-5.818029e+00
3.688000e-05	-5.264638e-02	-5.937820e+00
3.689000e-05	8.738079e-03	-6.020600e+00
3.690000e-05	-8.909641e-03	-6.044861e+00
3.691000e-05	2.856769e-02	-6.315738e+00
3.692000e-05	2.639710e-02	-6.430579e+00
3.693000e-05	-6.820018e-02	-6.526367e+00
3.694000e-05	3.484673e-02	-6.662055e+00
3.695000e-05	1.180829e-02	-6.715865e+00
3.696000e-05	-8.728540e-03	-6.810575e+00
3.697000e-05	-8.404998e-03	-6.924764e+00
3.698000e-05	2.523401e-03	-7.066310e+00
3.699000e-05	3.653082e-02	-7.209521e+00
3.700000e-05	-3.565890e-02	-7.282609e+00
3.701000e-05	1.757801e-03	-7.346870e+00
3.702000e-05	1.557767e-02	-7.461681e+00
3.703000e-05	2.898670e-03	-7.555343e+00
3.704000e-05	-5.612000e-03	-7.650224e+00
3.705000e-05	-7.214251e-03	-7.685421e+00
3.706000e-05	2.528405e-02	-7.873255e+00
3.707000e-05	-8.460980e-03	-7.977492e+00
3.708000e-05	-6.492488e-03	-8.041580e+00
3.709000e-05	6.463244e-03	-8.073738e+00
3.710000e-05	9.096392e-03	-8.146919e+00
3.711000e-05	3.774642e-03	-8.221574e+00
3.712000e-05	-2.540402e-03	-8.283736e+00
3.713000e-05	1.111210e-02	-8.356894e+00
3.714000e-05	-1.221349e-03	-8.358421e+00
3.715000e-05	1.062160e-04	-8.440053e+00
3.716000e-05	5.635884e-03	-8.481634e+00
3.717000e-05	6.628865e-03	-8.516190e+00
3.718000e-05	5.108822e-03	-8.544449e+00
3.719000e-05	3.890113e-03	-8.589977e+00
3.720000e-05	6.187781e-03	-8.664711e+00
3.721000e-05	4.292218e-03	-8.673835e+00
3.722000e-05	5.606580e-03	-8.744865e+00
3.723000e-05	7.400080e-03	-8.788425e+00
3.724000e-05	6.194859e-03	-8.800501e+00
3.725000e-05	3.692489e-03	-8.830528e+00
3.726000e-05	7.701921e-03	-8.821103e+00
3.727000e-05	8.360891e-03	-8.840084e+00
3.728000e-05	6.385006e-03	-8.871130e+00
3.729000e-05	7.734383e-03	-8.851208e+00
3.730000e-05	1.195957e-02	-8.842157e+00
3.731000e-05	1.238667e-02	-8.913059e+00
3.732000e-05	1.060070e-02	-8.852659e+00
3.733000e-05	1.123291e-02	-8.861238e+00
3.734000e-05	1.260762e-02	-8.834653e+00
3.735000e-05	1.262863e-02	-8.871163e+00
3.736000e-05	1.338989e-02	-8.861127e+00
3.737000e-05	1.575361e-02	-8.841629e+00
3.738000e-05	1.744442e-02	-8.851055e+00
3.739000e-05	1.718693e-02	-8.829550e+00
3.740000e-05	1.828338e-02	-8.810501e+00
3.741000e-05	2.069968e-02	-8.798396e+00
3.742000e-05	2.101259e-02	-8.739395e+00
3.743000e-05	2.074156e-02	-8.704214e+00
3.744000e-05	1.999046e-02	-8.642611e+00
3.745000e-05	1.984670e-02	-8.619472e+00
3.746000e-05	2.096282e-02	-8.535238e+00
3.747000e-05	1.922367e-02	-8.472730e+00
3.748000e-05	1.878568e-02	-8.430228e+00
3.749000e-05	1.900595e-02	-8.368973e+00
3.750000e-05	1.824179e-02	-8.367791e+00
3.751000e-05	1.727104e-02	-8.294684e+00
3.752000e-05	1.492628e-02	-8.241504e+00
3.753000e-05	1.351444e-02	-8.166365e+00
3.754000e-05	1.207430e-02	-8.105686e+00
3.755000e-05	1.048310e-02	-8.002054e+00
3.756000e-05	1.092211e-02	-7.958972e+00
3.757000e-05	9.957479e-03	-7.924236e+00
3.758000e-05	8.360949e-03	-7.800844e+00
3.759000e-05	8.168958e-03	-7.702633e+00
3.760000e-05	7.483612e-03	-7.579394e+00
3.761000e-05	6.445164e-03	-7.525138e+00
3.762000e-05	5.899323e-03	-7.388948e+00
3.763000e-05	4.849637e-03	-7.367816e+00
3.764000e-05	5.074895e-03	-7.241109e+00
3.765000e-05	3.857961e-03	-7.168947e+00
3.766000e-05	3.494646e-03	-7.073552e+00
3.767000e-05	3.182409e-03	-6.974766e+00
3.768000e-05	2.129855e-03	-6.831079e+00
3.769000e-05	2.860305e-03	-6.757291e+00
3.770000e-05	3.557668e-03	-6.652579e+00
3.771000e-05	2.958027e-03	-6.535886e+00
3.772000e-05	1.698513e-03	-6.441075e+00
3.773000e-05	1.239591e-03	-6.366641e+00
3.774000e-05	1.448411e-03	-6.176339e+00
3.775000e-05	-3.770816e-04	-6.040478e+00
3.776000e-05	-1.019821e-03	-5.957790e+00
3.777000e-05	4.231358e-04	-5.820027e+00
3.778000e-05	8.100488e-04	-5.714704e+00
3.779000e-05	-6.424578e-04	-5.578346e+00
3.780000e-05	-1.013211e-03	-5.369402e+00
3.781000e-05	-8.358244e-04	-5.262574e+00
3.782000e-05	-5.221656e-04	-5.084662e+00
3.783000e-05	-2.130263e-03	-4.967732e+00
3.784000e-05	-1.840901e-03	-4.786796e+00
3.785000e-05	-1.391454e-03	-4.621976e+00
3.786000e-05	-2.461738e-03	-4.504184e+00
3.787000e-05	-2.655365e-03	-4.388944e+00
3.788000e-05	-1.204773e-03	-4.253603e+00
3.789000e-05	-3.002547e-03	-4.095162e+00
3.790000e-05	-2.651843e-03	-3.958399e+00
3.791000e-05	-3.041024e-03	-3.852503e+00
3.792000e-05	-1.991092e-03	-3.642557e+00
3.793000e-05	-2.071795e-03	-3.524691e+00
3.794000e-05	-3.470270e-03	-3.399343e+00
3.795000e-05	-2.830029e-03	-3.261552e+00
3.796000e-05	-3.744616e-03	-3.096158e+00
3.797000e-05	-2.960971e-03	-2.904159e+00
3.798000e-05	-2.514906e-03	-2.747319e+00
3.799000e-05	-3.368962e-03	-2.640448e+00
3.800000e-05	-3.826286e-03	-2.432529e+00
3.801000e-05	-5.130068e-03	-2.318165e+00
3.802000e-05	-2.170390e-03	-2.105208e+00
3.803000e-05	-3.397475e-03	-1.908341e+00
3.804000e-05	-2.873542e-03	-1.841896e+00
3.805000e-05	-4.576549e-03	-1.651578e+00
3.806000e-05	-3.207732e-03	-1.496079e+00
3.807000e-05	-3.325538e-03	-1.253200e+00
3.808000e-05	-4.025684e-03	-1.085634e+00
3.809000e-05	-4.464619e-03	-9.277161e-01
3.810000e-05	-4.580936e-03	-8.004965e-01
3.811000e-05	-4.553683e-03	-6.304201e-01
3.812000e-05	-4.129987e-03	-4.300490e-01
3.813000e-05	-3.800789e-03	-2.441330e-01
3.814000e-05	-3.442975e-03	-1.267132e-01
3.815000e-05	-2.155494e-03	2.310363e-02
3.816000e-05	1.220625e-03	1.586497e-01
3.817000e-05	-1.381029e-03	3.690498e-01
3.818000e-05	-3.305498e-04	4.948167e-01
3.819000e-05	-3.574460e-03	6.521315e-01
3.820000e-05	-3.114396e-03	7.684986e-01
3.821000e-05	-3.403989e-03	9.454680e-01
3.822000e-05	1.702820e-03	1.087445e+00
3.823000e-05	1.638404e-02	1.302264e+00
3.824000e-05	5.936307e-02	1.471815e+00
3.825000e-05	-5.216480e-03	1.748923e+00
3.826000e-05	-4.313272e-02	1.915862e+00
3.827000e-05	-4.931251e-02	2.052205e+00
3.828000e-05	-7.643547e-02	2.165945e+00
3.829000e-05	9.072222e-02	2.240707e+00
3.830000e-05	4.826411e-02	2.430078e+00
3.831000e-05	-1.341022e-01	2.535922e+00
3.832000e-05	1.053802e-01	2.722767e+00
3.833000e-05	-4.674658e-03	2.893334e+00
3.834000e-05	-1.038995e-01	3.041556e+00
3.835000e-05	9.398772e-02	3.155397e+00
3.836000e-05	-2.423378e-04	3.303842e+00
3.837000e-05	-8.837853e-02	3.503812e+00
3.838000e-05	9.079091e-02	3.611104e+00
3.839000e-05	-3.142252e-02	3.756076e+00
3.840000e-05	-2.893635e-02	3.935991e+00
3.841000e-05	3.518309e-02	4.092785e+00
3.842000e-05	-4.573343e-02	4.263113e+00
3.843000e-05	9.977370e-03	4.409127e+00
3.844000e-05	1.326971e-02	4.577947e+00
3.845000e-05	-1.565270e-02	4.682693e+00
3.846000e-05	1.199517e-02	4.839684e+00
3.847000e-05	2.774837e-03	5.020606e+00
3.848000e-05	-2.710641e-02	5.208554e+00
3.849000e-05	-1.796031e-02	5.386945e+00
3.850000e-05	2.628079e-02	5.473210e+00
3.851000e-05	4.128509e-03	5.589023e+00
3.852000e-05	-2.837448e-02	5.711834e+00
3.853000e-05	6.449263e-03	5.860713e+00
3.854000e-05	-3.113929e-03	6.020052e+00
3.855000e-05	-8.469688e-03	6.094814e+00
3.856000e-05	-5.003959e-03	6.220604e+00
3.857000e-05	-7.999691e-03	6.327367e+00
3.858000e-05	1.696996e-02	6.439554e+00
3.859000e-05	-1.157968e-02	6.526494e+00
3.860000e-05	-1.987985e-02	6.723391e+00
3.861000e-05	3.022923e-03	6.830554e+00
3.862000e-05	3.760582e-03	6.904159e+00
3.863000e-05	-1.013255e-02	6.987447e+00
3.864000e-05	-1.409371e-02	7.092362e+00
3.865000e-05	1.090980e-02	7.159496e+00
3.866000e-05	-3.737348e-03	7.282179e+00
3.867000e-05	-1.812832e-02	7.418926e+00
3.868000e-05	-8.162169e-03	7.465368e+00
3.869000e-05	2.076309e-03	7.620606e+00
3.870000e-05	-3.837483e-03	7.683814e+00
3.871000e-05	-1.196437e-02	7.758023e+00
3.872000e-05	-5.159833e-03	7.873216e+00
3.873000e-05	-3.239647e-03	7.978503e+00
3.874000e-05	-1.068585e-02	8.114834e+00
3.875000e-05	-8.474148e-03	8.164869e+00
3.876000e-05	-3.547361e-03	8.241046e+00
3.877000e-05	-6.547633e-03	8.292740e+00
3.878000e-05	-1.012110e-02	8.386839e+00
3.879000e-05	-6.414892e-03	8.378497e+00
3.880000e-05	-6.897706e-03	8.429531e+00
3.881000e-05	-1.187963e-02	8.472159e+00
3.882000e-05	-1.043132e-02	8.474236e+00
3.883000e-05	-6.225782e-03	8.535844e+00
3.884000e-05	-8.703769e-03	8.578024e+00
3.885000e-05	-9.867432e-03	8.610104e+00
3.886000e-05	-1.124805e-02	8.642579e+00
3.887000e-05	-1.125403e-02	8.712258e+00
3.888000e-05	-1.229946e-02	8.716288e+00
3.889000e-05	-9.295230e-03	8.727316e+00
3.890000e-05	-9.251236e-03	8.728445e+00
3.891000e-05	-1.396997e-02	8.789424e+00
3.892000e-05	-1.534888e-02	8.788945e+00
3.893000e-05	-1.371717e-02	8.770553e+00
3.894000e-05	-1.275818e-02	8.799974e+00
3.895000e-05	-1.506366e-02	8.810054e+00
3.896000e-05	-1.477296e-02	8.810028e+00
3.897000e-05	-1.546120e-02	8.811580e+00
3.898000e-05	-1.663302e-02	8.830554e+00
3.899000e-05	-1.904716e-02	8.830579e+00
3.900000e-05	-1.900334e-02	8.851079e+00
3.901000e-05	-1.998025e-02	8.831004e+00
3.902000e-05	-2.115811e-02	8.820554e+00
3.903000e-05	-2.151851e-02	8.789403e+00
3.904000e-05	-2.201707e-02	8.788926e+00
3.905000e-05	-2.312981e-02	8.798948e+00
3.906000e-05	-2.529922e-02	8.768890e+00
3.907000e-05	-2.543844e-02	8.734340e+00
3.908000e-05	-2.551674e-02	8.706287e+00
3.909000e-05	-2.608710e-02	8.682787e+00
3.910000e-05	-2.711638e-02	8.640056e+00
3.911000e-05	-2.692137e-02	8.610549e+00
3.912000e-05	-2.586003e-02	8.527421e+00
3.913000e-05	-2.495415e-02	8.484290e+00
3.914000e-05	-2.523213e-02	8.462230e+00
3.915000e-05	-2.525336e-02	8.420553e+00
3.916000e-05	-2.240198e-02	8.418999e+00
3.917000e-05	-2.204289e-02	8.356815e+00
3.918000e-05	-2.093687e-02	8.251104e+00
3.919000e-05	-1.977232e-02	8.167923e+00
3.920000e-05	-1.846909e-02	8.154788e+00
3.921000e-05	-1.935852e-02	8.022079e+00
3.922000e-05	-1.798829e-02	7.958447e+00
3.923000e-05	-1.434770e-02	7.894108e+00
3.924000e-05	-1.603226e-02	7.829900e+00
3.925000e-05	-1.447683e-02	7.697766e+00
3.926000e-05	-1.458032e-02	7.641608e+00
3.927000e-05	-1.264356e-02	7.576942e+00
3.928000e-05	-1.138838e-02	7.420510e+00
3.929000e-05	-1.115977e-02	7.313260e+00
3.930000e-05	-1.061691e-02	7.212080e+00
3.931000e-05	-1.139659e-02	7.117292e+00
3.932000e-05	-1.098634e-02	7.021580e+00
3.933000e-05	-9.349409e-03	6.926340e+00
3.934000e-05	-9.056593e-03	6.833104e+00
3.935000e-05	-9.447497e-03	6.767972e+00
3.936000e-05	-9.357227e-03	6.631528e+00
3.937000e-05	-7.573694e-03	6.494235e+00
3.938000e-05	-7.292133e-03	6.388422e+00
3.939000e-05	-7.880189e-03	6.283208e+00
3.940000e-05	-7.978169e-03	6.157397e+00
3.941000e-05	-6.492980e-03	6.042133e+00
3.942000e-05	-6.535877e-03	5.988867e+00
3.943000e-05	-6.331720e-03	5.801971e+00
3.944000e-05	-6.424290e-03	5.663608e+00
3.945000e-05	-6.286536e-03	5.526842e+00
3.946000e-05	-6.296502e-03	5.420472e+00
3.947000e-05	-6.101024e-03	5.272108e+00
3.948000e-05	-5.992989e-03	5.116707e+00
3.949000e-05	-5.465034e-03	4.905242e+00
3.950000e-05	-6.078921e-03	4.777820e+00
3.951000e-05	-6.304440e-03	4.652504e+00
3.952000e-05	-5.666399e-03	4.484712e+00
3.953000e-05	-5.582746e-03	4.418496e+00
3.954000e-05	-4.787230e-03	4.232528e+00
3.955000e-05	-4.932695e-03	4.073158e+00
3.956000e-05	-5.177509e-03	3.937218e+00
3.957000e-05	-5.067220e-03	3.757446e+00
3.958000e-05	-4.610830e-03	3.643108e+00
3.959000e-05	-4.667799e-03	3.527166e+00
3.960000e-05	-4.752171e-03	3.297813e+00
3.961000e-05	-5.292733e-03	3.199000e+00
3.962000e-05	-4.391113e-03	3.052603e+00
3.963000e-05	-4.670571e-03	2.905209e+00
3.964000e-05	-4.428179e-03	2.779322e+00
3.965000e-05	-4.812405e-03	2.538921e+00
3.966000e-05	-5.248526e-03	2.378894e+00
3.967000e-05	-3.255672e-03	2.232505e+00
3.968000e-05	-5.801894e-03	2.074213e+00
3.969000e-05	-2.407164e-03	1.948268e+00
3.970000e-05	-4.597525e-03	1.809926e+00
3.971000e-05	-4.115767e-03	1.592025e+00
3.972000e-05	-4.853567e-03	1.462579e+00
3.973000e-05	-5.107126e-03	1.273584e+00
3.974000e-05	-3.071248e-03	1.055637e+00
3.975000e-05	-3.716305e-03	8.841591e-01
3.976000e-05	-2.984204e-03	7.388133e-01
3.977000e-05	-4.034487e-03	5.483210e-01
3.978000e-05	-4.165224e-03	4.424476e-01
3.979000e-05	-4.145236e-03	2.645841e-01
3.980000e-05	-3.334927e-03	5.255419e-02
3.981000e-05	1.654846e-04	-1.028131e-01
3.982000e-05	3.946769e-03	-2.321300e-01
3.983000e-05	-4.431632e-04	-3.689236e-01
3.984000e-05	1.710581e-03	-5.133143e-01
3.985000e-05	-2.889717e-03	-7.073394e-01
3.986000e-05	-7.213134e-04	-8.107052e-01
3.987000e-05	-1.597512e-03	-9.779698e-01
3.988000e-05	6.554399e-03	-1.104838e+00
3.989000e-05	5.698453e-02	-1.292257e+00
3.990000e-05	2.942344e-02	-1.491871e+00
3.991000e-05	-4.930015e-02	-1.736495e+00
3.992000e-05	-3.826004e-02	-1.957447e+00
3.993000e-05	-1.038185e-01	-2.051555e+00
3.994000e-05	1.140583e-01	-2.015636e+00
3.995000e-05	3.720974e-02	-2.201026e+00
3.996000e-05	-1.488103e-01	-2.495761e+00
3.997000e-05	1.176303e-01	-2.620001e+00
3.998000e-05	-2.361332e-03	-2.724811e+00
3.999000e-05	-1.523450e-01	-2.933843e+00
4.000000e-05	1.204807e-01	-3.096819e+00
4.001000e-05	9.593850e-03	-3.230576e+00
4.002000e-05	-1.004810e-01	-3.399024e+00
4.003000e-05	1.339192e-01	-3.526387e+00
4.004000e-05	-7.224437e-02	-3.671181e+00
4.005000e-05	-1.863575e-02	-3.854210e+00
4.006000e-05	7.117127e-02	-3.990149e+00
4.007000e-05	-1.047819e-01	-4.166997e+00
4.008000e-05	7.166717e-02	-4.304813e+00
4.009000e-05	1.711061e-02	-4.408076e+00
4.010000e-05	-7.256437e-02	-4.555422e+00
4.011000e-05	8.795801e-02	-4.696363e+00
4.012000e-05	-3.190658e-02	-4.872634e+00
4.013000e-05	-1.393876e-02	-5.010579e+00
4.014000e-05	-2.391995e-03	-5.146419e+00
4.015000e-05	-6.844978e-03	-5.316406e+00
4.016000e-05	5.665005e-02	-5.492709e+00
4.017000e-05	-6.458653e-02	-5.641527e+00
4.018000e-05	3.525776e-02	-5.766421e+00
4.019000e-05	1.788496e-02	-5.850683e+00
4.020000e-05	-4.670500e-02	-5.988925e+00
4.021000e-05	2.240333e-02	-6.081108e+00
4.022000e-05	-1.846220e-02	-6.187604e+00
4.023000e-05	5.830085e-02	-6.348970e+00
4.024000e-05	-2.368750e-02	-6.471155e+00
4.025000e-05	-4.289177e-02	-6.548921e+00
4.026000e-05	4.643608e-02	-6.692758e+00
4.027000e-05	-8.022851e-03	-6.749449e+00
4.028000e-05	1.534288e-03	-6.852079e+00
4.029000e-05	-1.834545e-02	-6.997045e+00
4.030000e-05	2.625452e-02	-7.135965e+00
4.031000e-05	1.276345e-02	-7.239580e+00
4.032000e-05	-3.467008e-02	-7.323363e+00
4.033000e-05	1.682443e-02	-7.408446e+00
4.034000e-05	7.451658e-03	-7.493261e+00
4.035000e-05	3.525824e-03	-7.586473e+00
4.036000e-05	-1.357786e-02	-7.643183e+00
4.037000e-05	8.696061e-03	-7.797071e+00
4.038000e-05	2.010193e-02	-7.905312e+00
4.039000e-05	-1.464302e-02	-8.020024e+00
4.040000e-05	-4.792286e-04	-8.052631e+00
4.041000e-05	6.785839e-03	-8.125266e+00
4.042000e-05	9.832767e-03	-8.187526e+00
4.043000e-05	-1.503017e-03	-8.251128e+00
4.044000e-05	2.752520e-03	-8.314763e+00
4.045000e-05	9.821883e-03	-8.347498e+00
4.046000e-05	-2.925452e-03	-8.398500e+00
4.047000e-05	3.124693e-03	-8.440102e+00
4.048000e-05	6.682568e-03	-8.491758e+00
4.049000e-05	7.238389e-03	-8.453811e+00
4.050000e-05	4.328325e-03	-8.585971e+00
4.051000e-05	4.329172e-03	-8.641102e+00
4.052000e-05	5.823777e-03	-8.675284e+00
4.053000e-05	3.467955e-03	-8.704839e+00
4.054000e-05	6.549094e-03	-8.746869e+00
4.055000e-05	7.774422e-03	-8.757999e+00
4.056000e-05	5.493607e-03	-8.820550e+00
4.057000e-05	5.421321e-03	-8.820529e+00
4.058000e-05	9.393662e-03	-8.830154e+00
4.059000e-05	7.955254e-03	-8.820553e+00
4.060000e-05	5.984388e-03	-8.850680e+00
4.061000e-05	9.064369e-03	-8.841680e+00
4.062000e-05	1.169506e-02	-8.863160e+00
4.063000e-05	1.134165e-02	-8.872762e+00
4.064000e-05	1.027219e-02	-8.852209e+00
4.065000e-05	1.233022e-02	-8.872132e+00
4.066000e-05	1.304497e-02	-8.852707e+00
4.067000e-05	1.328929e-02	-8.895184e+00
4.068000e-05	1.441056e-02	-8.860632e+00
4.069000e-05	1.662215e-02	-8.850054e+00
4.070000e-05	1.719013e-02	-8.830125e+00
4.071000e-05	1.750294e-02	-8.821074e+00
4.072000e-05	1.891428e-02	-8.790446e+00
4.073000e-05	1.991061e-02	-8.758398e+00
4.074000e-05	2.144565e-02	-8.745764e+00
4.075000e-05	2.012920e-02	-8.704662e+00
4.076000e-05	2.060620e-02	-8.650031e+00
4.077000e-05	2.061114e-02	-8.537371e+00
4.078000e-05	2.105178e-02	-8.503188e+00
4.079000e-05	1.849136e-02	-8.481682e+00
4.080000e-05	1.801020e-02	-8.430153e+00
4.081000e-05	1.843014e-02	-8.399423e+00
4.082000e-05	1.671345e-02	-8.316286e+00
4.083000e-05	1.579363e-02	-8.263134e+00
4.084000e-05	1.367030e-02	-8.199525e+00
4.085000e-05	1.302771e-02	-8.147445e+00
4.086000e-05	1.253354e-02	-8.073208e+00
4.087000e-05	1.137423e-02	-8.041076e+00
4.088000e-05	1.181934e-02	-7.948418e+00
4.089000e-05	9.500609e-03	-7.874579e+00
4.090000e-05	7.501937e-03	-7.796319e+00
4.091000e-05	7.558638e-03	-7.662532e+00
4.092000e-05	6.370692e-03	-7.579772e+00
4.093000e-05	5.090860e-03	-7.482633e+00
4.094000e-05	5.670831e-03	-7.408876e+00
4.095000e-05	6.099153e-03	-7.336291e+00
4.096000e-05	5.166314e-03	-7.231555e+00
4.097000e-05	4.061487e-03	-7.156765e+00
4.098000e-05	3.998288e-03	-7.021056e+00
4.099000e-05	2.971934e-03	-6.873661e+00
4.100000e-05	2.210438e-03	-6.819471e+00
4.101000e-05	2.824754e-03	-6.706658e+00
4.102000e-05	2.371897e-03	-6.599549e+00
4.103000e-05	2.554726e-03	-6.494158e+00
4.104000e-05	1.007818e-03	-6.429523e+00
4.105000e-05	1.696968e-03	-6.294231e+00
4.106000e-05	1.885262e-03	-6.133735e+00
4.107000e-05	1.078578e-03	-6.008899e+00
4.108000e-05	-2.668676e-04	-5.894658e+00
4.109000e-05	3.295792e-04	-5.767366e+00
4.110000e-05	-5.945650e-04	-5.651577e+00
4.111000e-05	-1.439041e-03	-5.525685e+00
4.112000e-05	-7.419290e-04	-5.346265e+00
4.113000e-05	-1.106953e-03	-5.180343e+00
4.114000e-05	-1.900175e-03	-5.051079e+00
4.115000e-05	-2.147752e-03	-4.895408e+00
4.116000e-05	-1.517523e-03	-4.684786e+00
4.117000e-05	-1.729775e-03	-4.548343e+00
4.118000e-05	-2.006371e-03	-4.472526e+00
4.119000e-05	-3.182779e-03	-4.336286e+00
4.120000e-05	-1.375168e-03	-4.220473e+00
4.121000e-05	-2.764768e-03	-4.063108e+00
4.122000e-05	-1.858692e-03	-3.949344e+00
4.123000e-05	-3.228132e-03	-3.789370e+00
4.124000e-05	-2.147596e-03	-3.610525e+00
4.125000e-05	-3.754835e-03	-3.453627e+00
4.126000e-05	-2.376932e-03	-3.315740e+00
4.127000e-05	-3.078634e-03	-3.230046e+00
4.128000e-05	-3.129333e-03	-2.990876e+00
4.129000e-05	-2.648832e-03	-2.852078e+00
4.130000e-05	-2.913336e-03	-2.706688e+00
4.131000e-05	-3.978090e-03	-2.566740e+00
4.132000e-05	-3.564447e-03	-2.400073e+00
4.133000e-05	-4.329839e-03	-2.242529e+00
4.134000e-05	-3.123051e-03	-2.031577e+00
4.135000e-05	-3.495985e-03	-1.893638e+00
4.136000e-05	-3.723108e-03	-1.757820e+00
4.137000e-05	-3.444262e-03	-1.639972e+00
4.138000e-05	-3.613426e-03	-1.419846e+00
4.139000e-05	-3.819846e-03	-1.240472e+00
4.140000e-05	-3.946176e-03	-1.063531e+00
4.141000e-05	-4.956853e-03	-8.937055e-01
4.142000e-05	-4.380757e-03	-7.077434e-01
4.143000e-05	-3.778167e-03	-5.262146e-01
4.144000e-05	-3.474512e-03	-3.783200e-01
4.145000e-05	-5.101837e-03	-2.520989e-01
4.146000e-05	-3.835859e-03	-6.365302e-02
4.147000e-05	-4.876637e-04	6.283379e-02
4.148000e-05	5.273765e-04	2.823116e-01
4.149000e-05	-2.305687e-03	4.000774e-01
4.150000e-05	-2.082421e-05	5.363983e-01
4.151000e-05	-3.554852e-03	6.843118e-01
4.152000e-05	-3.480286e-03	8.096061e-01
4.153000e-05	-3.956428e-03	1.000002e+00
4.154000e-05	5.607210e-03	1.199050e+00
4.155000e-05	3.177716e-02	1.328396e+00
4.156000e-05	5.318225e-02	1.568054e+00
4.157000e-05	-3.265204e-02	1.800577e+00
4.158000e-05	-4.139607e-02	1.967950e+00
4.159000e-05	-7.015711e-02	2.063285e+00
4.160000e-05	-4.138373e-02	2.189451e+00
4.161000e-05	1.315298e-01	2.306267e+00
4.162000e-05	-4.354123e-02	2.451659e+00
4.163000e-05	-6.890579e-02	2.598996e+00
4.164000e-05	1.271966e-01	2.717051e+00
4.165000e-05	-8.416822e-02	2.927297e+00
4.166000e-05	-4.582032e-02	3.071603e+00
4.167000e-05	1.085389e-01	3.168525e+00
4.168000e-05	-7.858808e-02	3.368446e+00
4.169000e-05	-1.447017e-02	3.537472e+00
4.170000e-05	7.689247e-02	3.682159e+00
4.171000e-05	-6.328158e-02	3.850632e+00
4.172000e-05	1.236980e-02	3.948000e+00
4.173000e-05	1.630053e-03	4.145921e+00
4.174000e-05	-3.636908e-02	4.305867e+00
4.175000e-05	2.961447e-02	4.441135e+00
4.176000e-05	-4.744382e-03	4.588081e+00
4.177000e-05	-1.052804e-02	4.725896e+00
4.178000e-05	1.778366e-02	4.902212e+00
4.179000e-05	-9.383760e-03	5.135766e+00
4.180000e-05	-2.780566e-02	5.253162e+00
4.181000e-05	-4.951296e-03	5.379503e+00
4.182000e-05	3.219196e-02	5.515269e+00
4.183000e-05	-1.804418e-02	5.629574e+00
4.184000e-05	-1.740783e-02	5.744892e+00
4.185000e-05	8.628040e-03	5.984843e+00
4.186000e-05	-9.519548e-03	6.011079e+00
4.187000e-05	-3.816934e-03	6.116896e+00
4.188000e-05	-1.312355e-02	6.272235e+00
4.189000e-05	3.352110e-03	6.338445e+00
4.190000e-05	1.170095e-02	6.451104e+00
4.191000e-05	-1.820642e-02	6.597651e+00
4.192000e-05	-1.361353e-02	6.747971e+00
4.193000e-05	6.014081e-03	6.820553e+00
4.194000e-05	-1.707012e-03	6.905288e+00
4.195000e-05	-1.496318e-02	7.018975e+00
4.196000e-05	-5.082319e-03	7.105367e+00
4.197000e-05	1.221658e-02	7.180503e+00
4.198000e-05	-1.182367e-02	7.271663e+00
4.199000e-05	-1.684840e-02	7.431580e+00
4.200000e-05	-3.318918e-03	7.557418e+00
4.201000e-05	8.988709e-04	7.629658e+00
4.202000e-05	-6.585137e-03	7.724839e+00
4.203000e-05	-1.218691e-02	7.850580e+00
4.204000e-05	-9.954861e-04	7.954813e+00
4.205000e-05	-6.567319e-03	8.041080e+00
4.206000e-05	-9.975751e-03	8.123784e+00
4.207000e-05	-6.991760e-03	8.178572e+00
4.208000e-05	-4.310134e-03	8.210704e+00
4.209000e-05	-8.716128e-03	8.254717e+00
4.210000e-05	-9.981269e-03	8.356892e+00
4.211000e-05	-4.116385e-03	8.389028e+00
4.212000e-05	-8.315314e-03	8.410578e+00
4.213000e-05	-1.120935e-02	8.471758e+00
4.214000e-05	-9.032447e-03	8.504787e+00
4.215000e-05	-6.466672e-03	8.546448e+00
4.216000e-05	-8.621490e-03	8.630419e+00
4.217000e-05	-8.925313e-03	8.600583e+00
4.218000e-05	-1.036693e-02	8.633157e+00
4.219000e-05	-1.317549e-02	8.652658e+00
4.220000e-05	-1.202356e-02	8.714313e+00
4.221000e-05	-9.575215e-03	8.737444e+00
4.222000e-05	-1.000947e-02	8.748371e+00
4.223000e-05	-1.432352e-02	8.776971e+00
4.224000e-05	-1.408156e-02	8.788926e+00
4.225000e-05	-1.404210e-02	8.799024e+00
4.226000e-05	-1.363463e-02	8.780551e+00
4.227000e-05	-1.605778e-02	8.840558e+00
4.228000e-05	-1.605648e-02	8.830104e+00
4.229000e-05	-1.540843e-02	8.841080e+00
4.230000e-05	-1.754230e-02	8.841105e+00
4.231000e-05	-1.844280e-02	8.811131e+00
4.232000e-05	-1.951665e-02	8.811051e+00
4.233000e-05	-2.005205e-02	8.831126e+00
4.234000e-05	-2.189373e-02	8.799076e+00
4.235000e-05	-2.132517e-02	8.779975e+00
4.236000e-05	-2.290603e-02	8.748473e+00
4.237000e-05	-2.384499e-02	8.798847e+00
4.238000e-05	-2.477586e-02	8.747392e+00
4.239000e-05	-2.539674e-02	8.725768e+00
4.240000e-05	-2.568554e-02	8.664163e+00
4.241000e-05	-2.627094e-02	8.671681e+00
4.242000e-05	-2.629675e-02	8.651499e+00
4.243000e-05	-2.731484e-02	8.558449e+00
4.244000e-05	-2.615075e-02	8.555841e+00
4.245000e-05	-2.469738e-02	8.494262e+00
4.246000e-05	-2.481778e-02	8.423553e+00
4.247000e-05	-2.424352e-02	8.390525e+00
4.248000e-05	-2.249545e-02	8.346868e+00
4.249000e-05	-2.118142e-02	8.323640e+00
4.250000e-05	-2.062908e-02	8.230979e+00
4.251000e-05	-1.898349e-02	8.156337e+00
4.252000e-05	-1.863533e-02	8.094263e+00
4.253000e-05	-1.808890e-02	8.019530e+00
4.254000e-05	-1.714588e-02	7.958237e+00
4.255000e-05	-1.584847e-02	7.861685e+00
4.256000e-05	-1.490708e-02	7.777920e+00
4.257000e-05	-1.339401e-02	7.664207e+00
4.258000e-05	-1.260669e-02	7.640078e+00
4.259000e-05	-1.294835e-02	7.524314e+00
4.260000e-05	-1.282293e-02	7.417450e+00
4.261000e-05	-1.277079e-02	7.302762e+00
4.262000e-05	-1.001610e-02	7.218424e+00
4.263000e-05	-1.016494e-02	7.115187e+00
4.264000e-05	-9.706209e-03	6.989927e+00
4.265000e-05	-9.903726e-03	6.865688e+00
4.266000e-05	-8.521168e-03	6.810052e+00
4.267000e-05	-1.009479e-02	6.757343e+00
4.268000e-05	-8.440123e-03	6.619472e+00
4.269000e-05	-7.880706e-03	6.413160e+00
4.270000e-05	-6.751711e-03	6.348369e+00
4.271000e-05	-7.830024e-03	6.211055e+00
4.272000e-05	-7.296639e-03	6.135815e+00
4.273000e-05	-7.232678e-03	6.031982e+00
4.274000e-05	-7.407161e-03	5.946712e+00
4.275000e-05	-6.362412e-03	5.757818e+00
4.276000e-05	-5.504501e-03	5.599551e+00
4.277000e-05	-6.111127e-03	5.463737e+00
4.278000e-05	-5.910326e-03	5.367818e+00
4.279000e-05	-5.489448e-03	5.192103e+00
4.280000e-05	-5.863387e-03	5.032553e+00
4.281000e-05	-6.159688e-03	4.844604e+00
4.282000e-05	-5.764775e-03	4.737791e+00
4.283000e-05	-5.404024e-03	4.599925e+00
4.284000e-05	-5.042946e-03	4.463179e+00
4.285000e-05	-5.493998e-03	4.307769e+00
4.286000e-05	-4.957704e-03	4.110770e+00
4.287000e-05	-5.668659e-03	4.010480e+00
4.288000e-05	-4.944109e-03	3.873631e+00
4.289000e-05	-4.873712e-03	3.737815e+00
4.290000e-05	-5.331682e-03	3.599998e+00
4.291000e-05	-4.842954e-03	3.454559e+00
4.292000e-05	-5.026797e-03	3.274161e+00
4.293000e-05	-4.833595e-03	3.135815e+00
4.294000e-05	-5.332918e-03	2.990452e+00
4.295000e-05	-4.723143e-03	2.842579e+00
4.296000e-05	-4.651057e-03	2.706138e+00
4.297000e-05	-4.540569e-03	2.526132e+00
4.298000e-05	-4.246655e-03	2.346817e+00
4.299000e-05	-4.432745e-03	2.208949e+00
4.300000e-05	-4.192767e-03	2.033610e+00
4.301000e-05	-4.096005e-03	1.882613e+00
4.302000e-05	-4.116641e-03	1.707242e+00
4.303000e-05	-4.322038e-03	1.527766e+00
4.304000e-05	-4.020275e-03	1.380346e+00
4.305000e-05	-4.135452e-03	1.230451e+00
4.306000e-05	-4.500743e-03	9.943504e-01
4.307000e-05	-3.690295e-03	8.299726e-01
4.308000e-05	-3.890540e-03	6.631330e-01
4.309000e-05	-3.729298e-03	5.366382e-01
4.310000e-05	-3.085197e-03	3.883423e-01
4.311000e-05	-4.153699e-03	1.898937e-01
4.312000e-05	-2.084479e-03	-2.050233e-02
4.313000e-05	5.745206e-04	-1.173934e-01
4.314000e-05	2.248505e-05	-2.842894e-01
4.315000e-05	-1.303747e-03	-3.995062e-01
4.316000e-05	5.347727e-04	-5.659250e-01
4.317000e-05	-3.745866e-04	-7.979721e-01
4.318000e-05	-2.017002e-03	-8.727604e-01
4.319000e-05	-3.925127e-04	-1.030556e+00
4.320000e-05	1.415346e-02	-1.146946e+00
4.321000e-05	7.551459e-02	-1.366943e+00
4.322000e-05	-1.694649e-02	-1.588579e+00
4.323000e-05	-3.509872e-02	-1.831706e+00
4.324000e-05	-7.054281e-02	-2.011049e+00
4.325000e-05	-4.871858e-02	-2.044278e+00
4.326000e-05	1.420409e-01	-2.074737e+00
4.327000e-05	-6.004329e-02	-2.326919e+00
4.328000e-05	-6.553089e-02	-2.557944e+00
4.329000e-05	1.616513e-01	-2.629608e+00
4.330000e-05	-1.013609e-01	-2.786474e+00
4.331000e-05	-6.822763e-02	-2.979626e+00
4.332000e-05	1.475069e-01	-3.136920e+00
4.333000e-05	-8.921964e-02	-3.242363e+00
4.334000e-05	-8.456561e-03	-3.451608e+00
4.335000e-05	1.051505e-01	-3.536945e+00
4.336000e-05	-1.179710e-01	-3.784522e+00
4.337000e-05	6.446444e-02	-3.937346e+00
4.338000e-05	-5.998742e-03	-4.051133e+00
4.339000e-05	-7.190665e-02	-4.232684e+00
4.340000e-05	1.110971e-01	-4.315342e+00
4.341000e-05	-6.423209e-02	-4.470584e+00
4.342000e-05	-5.890077e-03	-4.620130e+00
4.343000e-05	6.792124e-02	-4.798419e+00
4.344000e-05	-5.337367e-02	-4.955918e+00
4.345000e-05	1.084072e-02	-5.040633e+00
4.346000e-05	-2.544373e-02	-5.208053e+00
4.347000e-05	3.346694e-02	-5.377549e+00
4.348000e-05	1.620249e-02	-5.506818e+00
4.349000e-05	-5.519500e-02	-5.653235e+00
4.350000e-05	6.424268e-02	-5.769448e+00
4.351000e-05	-2.822108e-02	-5.902815e+00
4.352000e-05	-1.671810e-02	-5.969030e+00
4.353000e-05	8.197964e-03	-6.112738e+00
4.354000e-05	-1.004473e-03	-6.271234e+00
4.355000e-05	5.555187e-02	-6.388550e+00
4.356000e-05	-6.123345e-02	-6.502813e+00
4.357000e-05	2.556976e-03	-6.579980e+00
4.358000e-05	3.153156e-02	-6.692787e+00
4.359000e-05	-1.356549e-02	-6.809976e+00
4.360000e-05	4.497970e-04	-6.892237e+00
4.361000e-05	-1.403707e-02	-7.040154e+00
4.362000e-05	4.060251e-02	-7.178449e+00
4.363000e-05	-1.752922e-02	-7.252130e+00
4.364000e-05	-1.630296e-02	-7.325366e+00
4.365000e-05	1.951637e-02	-7.421600e+00
4.366000e-05	2.648200e-03	-7.505316e+00
4.367000e-05	1.717938e-03	-7.619125e+00
4.368000e-05	-1.413006e-02	-7.743785e+00
4.369000e-05	2.112520e-02	-7.834109e+00
4.370000e-05	3.467163e-03	-7.946446e+00
4.371000e-05	-1.173960e-02	-8.010504e+00
4.372000e-05	5.061466e-03	-8.062185e+00
4.373000e-05	7.324044e-03	-8.145918e+00
4.374000e-05	7.040491e-03	-8.189497e+00
4.375000e-05	-4.217688e-03	-8.292184e+00
4.376000e-05	7.747905e-03	-8.326392e+00
4.377000e-05	4.101828e-03	-8.358921e+00
4.378000e-05	-1.575766e-03	-8.430499e+00
4.379000e-05	6.242728e-03	-8.462133e+00
4.380000e-05	6.185374e-03	-8.482840e+00
4.381000e-05	5.747339e-03	-8.553819e+00
4.382000e-05	3.660984e-03	-8.629504e+00
4.383000e-05	5.733134e-03	-8.661262e+00
4.384000e-05	4.165353e-03	-8.695337e+00
4.385000e-05	4.537789e-03	-8.716418e+00
4.386000e-05	7.391800e-03	-8.757495e+00
4.387000e-05	7.336671e-03	-8.798524e+00
4.388000e-05	4.331362e-03	-8.800000e+00
4.389000e-05	7.515419e-03	-8.820578e+00
4.390000e-05	9.368690e-03	-8.831127e+00
4.391000e-05	7.223092e-03	-8.871658e+00
4.392000e-05	5.956521e-03	-8.861556e+00
4.393000e-05	1.058109e-02	-8.872683e+00
4.394000e-05	1.210020e-02	-8.883658e+00
4.395000e-05	1.024543e-02	-8.863233e+00
4.396000e-05	1.163225e-02	-8.842237e+00
4.397000e-05	1.271694e-02	-8.882611e+00
4.398000e-05	1.366817e-02	-8.862154e+00
4.399000e-05	1.368399e-02	-8.872583e+00
4.400000e-05	1.609009e-02	-8.852630e+00
4.401000e-05	1.740238e-02	-8.851583e+00
4.402000e-05	1.757857e-02	-8.860575e+00
4.403000e-05	1.708212e-02	-8.820601e+00
4.404000e-05	1.846264e-02	-8.799946e+00
4.405000e-05	2.095806e-02	-8.747345e+00
4.406000e-05	2.135760e-02	-8.713793e+00
4.407000e-05	2.113015e-02	-8.702232e+00
4.408000e-05	1.960444e-02	-8.632097e+00
4.409000e-05	2.071857e-02	-8.544873e+00
4.410000e-05	2.019979e-02	-8.474234e+00
4.411000e-05	1.854622e-02	-8.441104e+00
4.412000e-05	1.794863e-02	-8.389473e+00
4.413000e-05	1.776672e-02	-8.337867e+00
4.414000e-05	1.675356e-02	-8.316264e+00
4.415000e-05	1.507590e-02	-8.281653e+00
4.416000e-05	1.397843e-02	-8.187999e+00
4.417000e-05	1.305639e-02	-8.136237e+00
4.418000e-05	1.166566e-02	-8.071184e+00
4.419000e-05	1.043000e-02	-7.981029e+00
4.420000e-05	1.053098e-02	-7.966246e+00
4.421000e-05	9.370581e-03	-7.823107e+00
4.422000e-05	8.835512e-03	-7.746687e+00
4.423000e-05	6.967013e-03	-7.610155e+00
4.424000e-05	5.514331e-03	-7.536741e+00
4.425000e-05	5.167470e-03	-7.450631e+00
4.426000e-05	6.443160e-03	-7.385847e+00
4.427000e-05	5.757937e-03	-7.274156e+00
4.428000e-05	3.618759e-03	-7.230027e+00
4.429000e-05	3.284411e-03	-7.135615e+00
4.430000e-05	3.678175e-03	-6.947873e+00
4.431000e-05	3.443869e-03	-6.874108e+00
4.432000e-05	2.810312e-03	-6.758345e+00
4.433000e-05	3.227681e-03	-6.702657e+00
4.434000e-05	2.551859e-03	-6.577848e+00
4.435000e-05	1.224712e-03	-6.472108e+00
4.436000e-05	8.111680e-04	-6.398441e+00
4.437000e-05	2.215264e-03	-6.182026e+00
4.438000e-05	1.792849e-03	-6.072684e+00
4.439000e-05	-3.336622e-04	-5.917942e+00
4.440000e-05	7.958762e-05	-5.842527e+00
4.441000e-05	3.218519e-04	-5.706212e+00
4.442000e-05	-2.325035e-04	-5.600071e+00
4.443000e-05	-1.899354e-03	-5.453581e+00
4.444000e-05	-8.965119e-04	-5.255679e+00
4.445000e-05	-1.298559e-03	-5.106713e+00
4.446000e-05	-1.320786e-03	-4.981349e+00
4.447000e-05	-1.220014e-03	-4.839371e+00
4.448000e-05	-1.145798e-03	-4.634180e+00
4.449000e-05	-1.591029e-03	-4.514791e+00
4.450000e-05	-2.508074e-03	-4.409448e+00
4.451000e-05	-2.061738e-03	-4.305636e+00
4.452000e-05	-2.940439e-03	-4.137894e+00
4.453000e-05	-1.722632e-03	-4.022074e+00
4.454000e-05	-3.571512e-03	-3.916182e+00
4.455000e-05	-1.182619e-03	-3.684711e+00
4.456000e-05	-2.474313e-03	-3.547865e+00
4.457000e-05	-2.949206e-03	-3.410578e+00
4.458000e-05	-3.314428e-03	-3.275135e+00
4.459000e-05	-3.077677e-03	-3.136839e+00
4.460000e-05	-2.635613e-03	-2.936791e+00
4.461000e-05	-2.338131e-03	-2.809419e+00
4.462000e-05	-3.739109e-03	-2.643108e+00
4.463000e-05	-3.009735e-03	-2.515707e+00
4.464000e-05	-4.709076e-03	-2.348344e+00
4.465000e-05	-2.588009e-03	-2.157318e+00
4.466000e-05	-3.933945e-03	-1.999473e+00
4.467000e-05	-2.806260e-03	-1.862605e+00
4.468000e-05	-4.110859e-03	-1.686138e+00
4.469000e-05	-3.687409e-03	-1.548369e+00
4.470000e-05	-3.766599e-03	-1.328761e+00
4.471000e-05	-4.157261e-03	-1.146889e+00
4.472000e-05	-4.636103e-03	-9.909213e-01
4.473000e-05	-4.200379e-03	-8.430242e-01
4.474000e-05	-5.228867e-03	-6.651045e-01
4.475000e-05	-4.289086e-03	-4.825605e-01
4.476000e-05	-4.520052e-03	-2.968133e-01
4.477000e-05	-3.483829e-03	-1.588689e-01
4.478000e-05	-2.105518e-03	-3.097781e-02
4.479000e-05	1.135599e-03	1.359708e-01
4.480000e-05	-2.116842e-03	3.179408e-01
4.481000e-05	-1.110048e-03	4.427315e-01
4.482000e-05	-2.111774e-03	5.800510e-01
4.483000e-05	-3.071993e-03	7.068945e-01
4.484000e-05	-3.749941e-03	8.531864e-01
4.485000e-05	-9.588891e-04	1.082335e+00
4.486000e-05	9.041765e-03	1.251630e+00
4.487000e-05	5.085908e-02	1.401084e+00
4.488000e-05	2.641694e-02	1.682262e+00
4.489000e-05	-4.312192e-02	1.861708e+00
4.490000e-05	-4.188767e-02	2.010577e+00
4.491000e-05	-8.414035e-02	2.104739e+00
4.492000e-05	2.626327e-02	2.191030e+00
4.493000e-05	1.120843e-01	2.347943e+00
4.494000e-05	-1.174074e-01	2.464242e+00
4.495000e-05	3.444600e-02	2.609159e+00
4.496000e-05	6.905637e-02	2.810577e+00
4.497000e-05	-1.192855e-01	3.009500e+00
4.498000e-05	3.463877e-02	3.085312e+00
4.499000e-05	6.676007e-02	3.209633e+00
4.500000e-05	-1.111132e-01	3.441680e+00
4.501000e-05	6.112446e-02	3.598452e+00
4.502000e-05	2.030462e-02	3.735867e+00
4.503000e-05	-5.773421e-02	3.882785e+00
4.504000e-05	3.777069e-02	4.020104e+00
4.505000e-05	-3.309915e-02	4.149622e+00
4.506000e-05	-1.465118e-02	4.377425e+00
4.507000e-05	2.598786e-02	4.502868e+00
4.508000e-05	-1.409303e-02	4.612210e+00
4.509000e-05	2.317572e-03	4.787999e+00
4.510000e-05	1.480797e-02	4.936440e+00
4.511000e-05	-2.083327e-02	5.117998e+00
4.512000e-05	-2.466162e-02	5.314891e+00
4.513000e-05	1.272809e-02	5.451579e+00
4.514000e-05	2.104502e-02	5.566947e+00
4.515000e-05	-3.015108e-02	5.621110e+00
4.516000e-05	-1.002674e-03	5.870029e+00
4.517000e-05	3.275176e-03	5.968970e+00
4.518000e-05	-1.158244e-02	6.082814e+00
4.519000e-05	-2.981735e-03	6.209026e+00
4.520000e-05	-1.340335e-02	6.304212e+00
4.521000e-05	1.362233e-02	6.388000e+00
4.522000e-05	-8.244548e-04	6.503233e+00
4.523000e-05	-2.113880e-02	6.642707e+00
4.524000e-05	-3.840105e-03	6.789026e+00
4.525000e-05	5.116872e-03	6.861158e+00
4.526000e-05	-6.220045e-03	6.946416e+00
4.527000e-05	-1.688000e-02	7.032154e+00
4.528000e-05	6.398584e-03	7.157368e+00
4.529000e-05	4.361287e-03	7.209982e+00
4.530000e-05	-1.722154e-02	7.324264e+00
4.531000e-05	-1.290894e-02	7.419305e+00
4.532000e-05	9.708020e-04	7.608451e+00
4.533000e-05	-1.485985e-03	7.664137e+00
4.534000e-05	-9.943953e-03	7.717499e+00
4.535000e-05	-1.002105e-02	7.822187e+00
4.536000e-05	-2.211343e-03	7.987423e+00
4.537000e-05	-9.378503e-03	8.031207e+00
4.538000e-05	-8.694662e-03	8.115317e+00
4.539000e-05	-5.153336e-03	8.179372e+00
4.540000e-05	-5.666919e-03	8.242658e+00
4.541000e-05	-9.819000e-03	8.304813e+00
4.542000e-05	-7.785758e-03	8.366994e+00
4.543000e-05	-4.958042e-03	8.399528e+00
4.544000e-05	-1.020696e-02	8.441103e+00
4.545000e-05	-1.106263e-02	8.492261e+00
4.546000e-05	-8.824423e-03	8.515415e+00
4.547000e-05	-6.972801e-03	8.597948e+00
4.548000e-05	-8.365791e-03	8.659550e+00
4.549000e-05	-8.908700e-03	8.630179e+00
4.550000e-05	-1.135387e-02	8.652608e+00
4.551000e-05	-1.300656e-02	8.704237e+00
4.552000e-05	-9.860893e-03	8.735792e+00
4.553000e-05	-9.698357e-03	8.746866e+00
4.554000e-05	-1.234877e-02	8.727442e+00
4.555000e-05	-1.384202e-02	8.797900e+00
4.556000e-05	-1.379867e-02	8.789500e+00
4.557000e-05	-1.200754e-02	8.809951e+00
4.558000e-05	-1.508851e-02	8.809528e+00
4.559000e-05	-1.583484e-02	8.840554e+00
4.560000e-05	-1.622011e-02	8.860554e+00
4.561000e-05	-1.596825e-02	8.830050e+00
4.562000e-05	-1.868834e-02	8.821104e+00
4.563000e-05	-1.844686e-02	8.871105e+00
4.564000e-05	-2.002599e-02	8.800529e+00
4.565000e-05	-2.038159e-02	8.809575e+00
4.566000e-05	-2.196447e-02	8.829973e+00
4.567000e-05	-2.227444e-02	8.818926e+00
4.568000e-05	-2.284734e-02	8.769944e+00
4.569000e-05	-2.518757e-02	8.749321e+00
4.570000e-05	-2.615870e-02	8.754866e+00
4.571000e-05	-2.529491e-02	8.724161e+00
4.572000e-05	-2.556451e-02	8.694664e+00
4.573000e-05	-2.641628e-02	8.662534e+00
4.574000e-05	-2.637050e-02	8.620000e+00
4.575000e-05	-2.666250e-02	8.557419e+00
4.576000e-05	-2.544358e-02	8.496292e+00
4.577000e-05	-2.504224e-02	8.491607e+00
4.578000e-05	-2.481634e-02	8.422077e+00
4.579000e-05	-2.287736e-02	8.388949e+00
4.580000e-05	-2.268823e-02	8.337341e+00
4.581000e-05	-2.133615e-02	8.274085e+00
4.582000e-05	-2.004511e-02	8.218974e+00
4.583000e-05	-1.920228e-02	8.116216e+00
4.584000e-05	-1.864455e-02	8.072108e+00
4.585000e-05	-1.726042e-02	8.019420e+00
4.586000e-05	-1.531369e-02	7.914234e+00
4.587000e-05	-1.612132e-02	7.851524e+00
4.588000e-05	-1.476237e-02	7.726796e+00
4.589000e-05	-1.390624e-02	7.683733e+00
4.590000e-05	-1.243394e-02	7.588450e+00
4.591000e-05	-1.285034e-02	7.503082e+00
4.592000e-05	-1.173231e-02	7.346391e+00
4.593000e-05	-1.111168e-02	7.271105e+00
4.594000e-05	-1.057294e-02	7.168839e+00
4.595000e-05	-1.105719e-02	7.053633e+00
4.596000e-05	-9.778614e-03	6.967920e+00
4.597000e-05	-1.040927e-02	6.872132e+00
4.598000e-05	-9.216278e-03	6.799396e+00
4.599000e-05	-8.661498e-03	6.712081e+00
4.600000e-05	-8.055216e-03	6.537341e+00
4.601000e-05	-8.042869e-03	6.431050e+00
4.602000e-05	-7.454490e-03	6.335765e+00
4.603000e-05	-8.142499e-03	6.240970e+00
4.604000e-05	-6.902584e-03	6.073658e+00
4.605000e-05	-6.286920e-03	6.019477e+00
4.606000e-05	-6.558230e-03	5.922586e+00
4.607000e-05	-6.524973e-03	5.745213e+00
4.608000e-05	-5.865760e-03	5.559348e+00
4.609000e-05	-6.231054e-03	5.441604e+00
4.610000e-05	-6.501753e-03	5.336763e+00
4.611000e-05	-5.595702e-03	5.167821e+00
4.612000e-05	-5.476002e-03	4.977894e+00
4.613000e-05	-6.204497e-03	4.831453e+00
4.614000e-05	-5.984222e-03	4.684637e+00
4.615000e-05	-5.384735e-03	4.566764e+00
4.616000e-05	-4.968642e-03	4.441474e+00
4.617000e-05	-5.277199e-03	4.306212e+00
4.618000e-05	-5.177982e-03	4.113209e+00
4.619000e-05	-4.779008e-03	3.978842e+00
4.620000e-05	-5.565946e-03	3.851554e+00
4.621000e-05	-5.356397e-03	3.686184e+00
4.622000e-05	-4.645383e-03	3.577965e+00
4.623000e-05	-4.669352e-03	3.378274e+00
4.624000e-05	-4.623307e-03	3.260925e+00
4.625000e-05	-5.017070e-03	3.094709e+00
4.626000e-05	-5.233119e-03	2.946816e+00
4.627000e-05	-3.930705e-03	2.811425e+00
4.628000e-05	-4.011915e-03	2.663556e+00
4.629000e-05	-4.890800e-03	2.442075e+00
4.630000e-05	-4.355566e-03	2.285158e+00
4.631000e-05	-4.232334e-03	2.167296e+00
4.632000e-05	-4.500756e-03	2.019948e+00
4.633000e-05	-4.504180e-03	1.851079e+00
4.634000e-05	-4.229526e-03	1.661555e+00
4.635000e-05	-4.218850e-03	1.524613e+00
4.636000e-05	-3.788027e-03	1.316317e+00
4.637000e-05	-4.489215e-03	1.167344e+00
4.638000e-05	-3.927065e-03	9.278170e-01
4.639000e-05	-3.702548e-03	7.679462e-01
4.640000e-05	-3.514172e-03	6.535241e-01
4.641000e-05	-3.672835e-03	4.431353e-01
4.642000e-05	-3.462133e-03	3.083155e-01
4.643000e-05	-4.259446e-03	1.157132e-01
4.644000e-05	-6.369556e-04	-3.168022e-02
4.645000e-05	2.222754e-03	-1.794975e-01
4.646000e-05	-1.423137e-04	-3.353697e-01
4.647000e-05	-5.332467e-05	-4.305815e-01
4.648000e-05	-1.317258e-03	-6.322304e-01
4.649000e-05	-1.117165e-03	-7.900036e-01
4.650000e-05	-2.584464e-03	-9.153684e-01
4.651000e-05	2.445621e-03	-1.064259e+00
4.652000e-05	3.263745e-02	-1.179554e+00
4.653000e-05	6.341969e-02	-1.420203e+00
4.654000e-05	-4.729114e-02	-1.663861e+00
4.655000e-05	-2.691575e-02	-1.935338e+00
4.656000e-05	-1.027455e-01	-2.010604e+00
4.657000e-05	4.341942e-02	-2.064658e+00
4.658000e-05	1.063160e-01	-2.136488e+00
4.659000e-05	-1.389631e-01	-2.410681e+00
4.660000e-05	4.077703e-02	-2.579050e+00
4.661000e-05	1.004354e-01	-2.662204e+00
4.662000e-05	-1.606012e-01	-2.841683e+00
4.663000e-05	4.170489e-02	-3.073184e+00
4.664000e-05	9.542039e-02	-3.166551e+00
4.665000e-05	-1.340778e-01	-3.314842e+00
4.666000e-05	8.948865e-02	-3.493211e+00
4.667000e-05	1.335620e-02	-3.599576e+00
4.668000e-05	-8.396422e-02	-3.809079e+00
4.669000e-05	9.706037e-02	-3.979472e+00
4.670000e-05	-7.995983e-02	-4.124313e+00
4.671000e-05	3.477727e-03	-4.272187e+00
4.672000e-05	8.200103e-02	-4.336872e+00
4.673000e-05	-9.707242e-02	-4.503367e+00
4.674000e-05	6.083073e-02	-4.674766e+00
4.675000e-05	1.434450e-02	-4.849198e+00
4.676000e-05	-3.892078e-02	-4.989522e+00
4.677000e-05	1.465020e-02	-5.093764e+00
4.678000e-05	-2.805716e-02	-5.252658e+00
4.679000e-05	6.083750e-02	-5.420149e+00
4.680000e-05	-3.657243e-02	-5.568045e+00
4.681000e-05	-9.108010e-03	-5.692810e+00
4.682000e-05	5.264076e-02	-5.830576e+00
4.683000e-05	-5.227504e-02	-5.929396e+00
4.684000e-05	1.492409e-02	-6.041526e+00
4.685000e-05	-1.281690e-02	-6.124418e+00
4.686000e-05	3.316421e-02	-6.336845e+00
4.687000e-05	1.957206e-02	-6.431132e+00
4.688000e-05	-6.463713e-02	-6.507393e+00
4.689000e-05	3.700236e-02	-6.620604e+00
4.690000e-05	7.891998e-03	-6.736889e+00
4.691000e-05	-4.944485e-03	-6.791050e+00
4.692000e-05	-9.106020e-03	-6.942788e+00
4.693000e-05	5.437819e-03	-7.134339e+00
4.694000e-05	3.446779e-02	-7.169528e+00
4.695000e-05	-3.589803e-02	-7.252711e+00
4.696000e-05	4.574342e-03	-7.377897e+00
4.697000e-05	1.417764e-02	-7.430182e+00
4.698000e-05	3.514275e-03	-7.567371e+00
4.699000e-05	-6.634333e-03	-7.641054e+00
4.700000e-05	-5.858593e-03	-7.775993e+00
4.701000e-05	2.619308e-02	-7.863233e+00
4.702000e-05	-7.786345e-03	-7.999995e+00
4.703000e-05	-4.970054e-03	-8.050033e+00
4.704000e-05	5.706982e-03	-8.121712e+00
4.705000e-05	1.001497e-02	-8.179020e+00
4.706000e-05	2.603606e-03	-8.251028e+00
4.707000e-05	-3.506953e-03	-8.303763e+00
4.708000e-05	1.151007e-02	-8.327391e+00
4.709000e-05	-3.043991e-04	-8.378973e+00
4.710000e-05	1.846117e-03	-8.431053e+00
4.711000e-05	5.729056e-03	-8.482635e+00
4.712000e-05	7.304190e-03	-8.535210e+00
4.713000e-05	5.272878e-03	-8.586950e+00
4.714000e-05	4.043306e-03	-8.610577e+00
4.715000e-05	5.650983e-03	-8.654285e+00
4.716000e-05	4.615507e-03	-8.744781e+00
4.717000e-05	5.771709e-03	-8.748895e+00
4.718000e-05	7.569958e-03	-8.797448e+00
4.719000e-05	6.310436e-03	-8.788975e+00
4.720000e-05	4.728502e-03	-8.821153e+00
4.721000e-05	7.925229e-03	-8.831553e+00
4.722000e-05	9.043348e-03	-8.821605e+00
4.723000e-05	5.456439e-03	-8.851108e+00
4.724000e-05	8.560095e-03	-8.842632e+00
4.725000e-05	1.210174e-02	-8.872707e+00
4.726000e-05	1.204303e-02	-8.842159e+00
4.727000e-05	9.921159e-03	-8.881662e+00
4.728000e-05	1.138449e-02	-8.912689e+00
4.729000e-05	1.298259e-02	-8.882083e+00
4.730000e-05	1.362842e-02	-8.850711e+00
4.731000e-05	1.357142e-02	-8.842102e+00
4.732000e-05	1.685207e-02	-8.862105e+00
4.733000e-05	1.736940e-02	-8.861103e+00
4.734000e-05	1.717794e-02	-8.809554e+00
4.735000e-05	1.781091e-02	-8.829573e+00
4.736000e-05	2.007886e-02	-8.798396e+00
4.737000e-05	2.045579e-02	-8.737471e+00
4.738000e-05	2.023548e-02	-8.724215e+00
4.739000e-05	1.993778e-02	-8.650534e+00
4.740000e-05	2.126945e-02	-8.600972e+00
4.741000e-05	2.097538e-02	-8.536765e+00
4.742000e-05	1.918762e-02	-8.491583e+00
4.743000e-05	1.789725e-02	-8.431057e+00
4.744000e-05	1.931621e-02	-8.390000e+00
4.745000e-05	1.793880e-02	-8.294844e+00
4.746000e-05	1.638399e-02	-8.276685e+00
4.747000e-05	1.388976e-02	-8.241503e+00
4.748000e-05	1.374318e-02	-8.157395e+00
4.749000e-05	1.212995e-02	-8.134291e+00
4.750000e-05	1.097837e-02	-8.042554e+00
4.751000e-05	1.111614e-02	-7.968503e+00
4.752000e-05	1.000259e-02	-7.954792e+00
4.753000e-05	9.036254e-03	-7.820426e+00
4.754000e-05	8.139970e-03	-7.693256e+00
4.755000e-05	7.231806e-03	-7.608398e+00
4.756000e-05	6.268237e-03	-7.535811e+00
4.757000e-05	6.169339e-03	-7.399603e+00
4.758000e-05	6.012703e-03	-7.337291e+00
4.759000e-05	4.939643e-03	-7.232079e+00
4.760000e-05	3.697449e-03	-7.187918e+00
4.761000e-05	3.948972e-03	-7.093676e+00
4.762000e-05	4.119922e-03	-6.965763e+00
4.763000e-05	2.727063e-03	-6.811080e+00
4.764000e-05	2.961524e-03	-6.737341e+00
4.765000e-05	2.857641e-03	-6.630549e+00
4.766000e-05	3.060330e-03	-6.525787e+00
4.767000e-05	1.932217e-03	-6.450580e+00
4.768000e-05	1.416836e-03	-6.345789e+00
4.769000e-05	1.187698e-03	-6.126345e+00
4.770000e-05	6.913577e-04	-6.042004e+00
4.771000e-05	-1.957047e-04	-5.926216e+00
4.772000e-05	3.023181e-04	-5.819946e+00
4.773000e-05	5.801913e-04	-5.674136e+00
4.774000e-05	-1.044428e-03	-5.548944e+00
4.775000e-05	-5.598545e-04	-5.390897e+00
4.776000e-05	-1.531327e-03	-5.241050e+00
4.777000e-05	-3.607287e-04	-5.075207e+00
4.778000e-05	-2.320301e-03	-4.934867e+00
4.779000e-05	-7.799580e-04	-4.758815e+00
4.780000e-05	-2.194092e-03	-4.581474e+00
4.781000e-05	-1.213370e-03	-4.504707e+00
4.782000e-05	-2.910005e-03	-4.378845e+00
4.783000e-05	-1.244635e-03	-4.264106e+00
4.784000e-05	-3.453604e-03	-4.116737e+00
4.785000e-05	-3.085640e-03	-4.009894e+00
4.786000e-05	-2.302972e-03	-3.832006e+00
4.787000e-05	-1.209165e-03	-3.672128e+00
4.788000e-05	-2.351036e-03	-3.516713e+00
4.789000e-05	-3.188491e-03	-3.358895e+00
4.790000e-05	-2.907114e-03	-3.253579e+00
4.791000e-05	-3.132128e-03	-3.104606e+00
4.792000e-05	-2.636477e-03	-2.902161e+00
4.793000e-05	-2.952752e-03	-2.737344e+00
4.794000e-05	-4.560267e-03	-2.640048e+00
4.795000e-05	-3.963989e-03	-2.442133e+00
4.796000e-05	-3.933969e-03	-2.305636e+00
4.797000e-05	-2.646187e-03	-2.114683e+00
4.798000e-05	-4.075662e-03	-1.946764e+00
4.799000e-05	-3.252689e-03	-1.808448e+00
4.800000e-05	-3.800200e-03	-1.672580e+00
4.801000e-05	-3.742506e-03	-1.475667e+00
4.802000e-05	-3.911741e-03	-1.253127e+00
4.803000e-05	-3.474061e-03	-1.105183e+00
4.804000e-05	-4.469765e-03	-9.773432e-01
4.805000e-05	-5.131629e-03	-8.198976e-01
4.806000e-05	-5.188407e-03	-5.799013e-01
4.807000e-05	-4.271753e-03	-4.100014e-01
4.808000e-05	-3.391017e-03	-2.446329e-01
4.809000e-05	-3.662909e-03	-1.272659e-01
4.810000e-05	-1.976219e-03	2.155370e-02
4.811000e-05	2.078162e-03	1.705997e-01
4.812000e-05	-2.446868e-03	3.595510e-01
4.813000e-05	-2.722256e-05	5.152878e-01
4.814000e-05	-2.964263e-03	6.516564e-01
4.815000e-05	-2.158331e-03	7.684736e-01
4.816000e-05	-3.256169e-03	9.659184e-01
4.817000e-05	1.561607e-03	1.096896e+00
4.818000e-05	1.756718e-02	1.293814e+00
4.819000e-05	6.050380e-02	1.454337e+00
4.820000e-05	-9.525831e-03	1.706866e+00
4.821000e-05	-4.128024e-02	1.925391e+00
4.822000e-05	-5.284301e-02	2.060608e+00
4.823000e-05	-7.487554e-02	2.148418e+00
4.824000e-05	9.849848e-02	2.262260e+00
4.825000e-05	3.614052e-02	2.388554e+00
4.826000e-05	-1.279374e-01	2.525896e+00
4.827000e-05	1.130871e-01	2.713315e+00
4.828000e-05	-1.763569e-02	2.912785e+00
4.829000e-05	-9.719391e-02	3.021029e+00
4.830000e-05	9.722570e-02	3.115868e+00
4.831000e-05	-1.173829e-02	3.335367e+00
4.832000e-05	-7.932995e-02	3.515294e+00
4.833000e-05	9.150507e-02	3.600101e+00
4.834000e-05	-3.569781e-02	3.738050e+00
4.835000e-05	-2.163428e-02	3.946397e+00
4.836000e-05	3.104518e-02	4.042235e+00
4.837000e-05	-4.648137e-02	4.271733e+00
4.838000e-05	1.179035e-02	4.420001e+00
4.839000e-05	1.136649e-02	4.556947e+00
4.840000e-05	-1.392492e-02	4.714239e+00
4.841000e-05	1.371660e-02	4.830655e+00
4.842000e-05	1.603480e-03	5.031733e+00
4.843000e-05	-2.799379e-02	5.202580e+00
4.844000e-05	-1.881845e-02	5.357445e+00
4.845000e-05	2.798282e-02	5.464237e+00
4.846000e-05	6.188717e-04	5.538520e+00
4.847000e-05	-2.741183e-02	5.713764e+00
4.848000e-05	7.291383e-03	5.825182e+00
4.849000e-05	-4.009380e-03	6.000078e+00
4.850000e-05	-8.585740e-03	6.074862e+00
4.851000e-05	-6.302234e-03	6.220578e+00
4.852000e-05	-6.328745e-03	6.315895e+00
4.853000e-05	1.738037e-02	6.420551e+00
4.854000e-05	-1.238835e-02	6.517371e+00
4.855000e-05	-1.891547e-02	6.685365e+00
4.856000e-05	4.105814e-03	6.790001e+00
4.857000e-05	2.515805e-03	6.883684e+00
4.858000e-05	-1.207108e-02	6.955547e+00
4.859000e-05	-1.371223e-02	7.073787e+00
4.860000e-05	1.223685e-02	7.167995e+00
4.861000e-05	-5.026553e-03	7.251180e+00
4.862000e-05	-1.851365e-02	7.337445e+00
4.863000e-05	-8.175320e-03	7.474810e+00
4.864000e-05	2.164904e-03	7.600104e+00
4.865000e-05	-4.552342e-03	7.702240e+00
4.866000e-05	-1.216891e-02	7.797975e+00
4.867000e-05	-3.945392e-03	7.893214e+00
4.868000e-05	-3.308423e-03	7.999525e+00
4.869000e-05	-9.854404e-03	8.062658e+00
4.870000e-05	-8.816367e-03	8.145872e+00
4.871000e-05	-4.407416e-03	8.238452e+00
4.872000e-05	-7.681159e-03	8.252688e+00
4.873000e-05	-1.042219e-02	8.336789e+00
4.874000e-05	-5.114895e-03	8.399448e+00
4.875000e-05	-5.962575e-03	8.430599e+00
4.876000e-05	-1.107682e-02	8.442732e+00
4.877000e-05	-1.037601e-02	8.474737e+00
4.878000e-05	-5.821096e-03	8.557415e+00
4.879000e-05	-8.529900e-03	8.599421e+00
4.880000e-05	-9.082482e-03	8.621050e+00
4.881000e-05	-1.057908e-02	8.669581e+00
4.882000e-05	-1.284113e-02	8.673187e+00
4.883000e-05	-1.301809e-02	8.684818e+00
4.884000e-05	-9.422729e-03	8.786897e+00
4.885000e-05	-8.525789e-03	8.766921e+00
4.886000e-05	-1.347763e-02	8.747424e+00
4.887000e-05	-1.492162e-02	8.768499e+00
4.888000e-05	-1.335618e-02	8.809924e+00
4.889000e-05	-1.229309e-02	8.790026e+00
4.890000e-05	-1.686948e-02	8.829475e+00
4.891000e-05	-1.729316e-02	8.841079e+00
4.892000e-05	-1.576976e-02	8.829554e+00
4.893000e-05	-1.521653e-02	8.803105e+00
4.894000e-05	-1.781980e-02	8.831100e+00
4.895000e-05	-1.908328e-02	8.820034e+00
4.896000e-05	-1.950025e-02	8.820129e+00
4.897000e-05	-2.086264e-02	8.818003e+00
4.898000e-05	-2.222053e-02	8.799078e+00
4.899000e-05	-2.339666e-02	8.807950e+00
4.900000e-05	-2.240213e-02	8.769995e+00
4.901000e-05	-2.533010e-02	8.735316e+00
4.902000e-05	-2.617985e-02	8.725843e+00
4.903000e-05	-2.542494e-02	8.723736e+00
4.904000e-05	-2.505796e-02	8.672211e+00
4.905000e-05	-2.623306e-02	8.622150e+00
4.906000e-05	-2.670529e-02	8.589502e+00
4.907000e-05	-2.653100e-02	8.567345e+00
4.908000e-05	-2.474960e-02	8.505212e+00
4.909000e-05	-2.441860e-02	8.462136e+00
4.910000e-05	-2.436530e-02	8.440526e+00
4.911000e-05	-2.244079e-02	8.397548e+00
4.912000e-05	-2.213243e-02	8.304716e+00
4.913000e-05	-2.081624e-02	8.271153e+00
4.914000e-05	-2.033984e-02	8.189292e+00
4.915000e-05	-1.876312e-02	8.103241e+00
4.916000e-05	-1.775140e-02	8.053008e+00
4.917000e-05	-1.734734e-02	7.966924e+00
4.918000e-05	-1.607216e-02	7.873682e+00
4.919000e-05	-1.631982e-02	7.799399e+00
4.920000e-05	-1.403578e-02	7.726262e+00
4.921000e-05	-1.241296e-02	7.660605e+00
4.922000e-05	-1.176177e-02	7.558348e+00
4.923000e-05	-1.216360e-02	7.440553e+00
4.924000e-05	-1.214002e-02	7.325264e+00
4.925000e-05	-1.225488e-02	7.220550e+00
4.926000e-05	-1.060207e-02	7.116267e+00
4.927000e-05	-1.133579e-02	7.061525e+00
4.928000e-05	-9.821497e-03	6.937342e+00
4.929000e-05	-8.757200e-03	6.841630e+00
4.930000e-05	-8.942540e-03	6.777942e+00
4.931000e-05	-8.731068e-03	6.621001e+00
4.932000e-05	-8.081759e-03	6.462684e+00
4.933000e-05	-7.872217e-03	6.397949e+00
4.934000e-05	-7.733955e-03	6.314083e+00
4.935000e-05	-8.470918e-03	6.178899e+00
4.936000e-05	-7.237264e-03	6.054633e+00
4.937000e-05	-7.023881e-03	5.978420e+00
4.938000e-05	-6.556445e-03	5.820376e+00
4.939000e-05	-6.409472e-03	5.661138e+00
4.940000e-05	-5.935560e-03	5.537760e+00
4.941000e-05	-5.990795e-03	5.391950e+00
4.942000e-05	-6.210990e-03	5.263057e+00
4.943000e-05	-6.473602e-03	5.106165e+00
4.944000e-05	-5.274294e-03	4.903690e+00
4.945000e-05	-5.560041e-03	4.798369e+00
4.946000e-05	-5.879379e-03	4.641050e+00
4.947000e-05	-5.973942e-03	4.495161e+00
4.948000e-05	-5.268160e-03	4.419970e+00
4.949000e-05	-3.743879e-03	4.281074e+00
4.950000e-05	-5.973343e-03	4.062125e+00
4.951000e-05	-5.964826e-03	3.905740e+00
4.952000e-05	-5.648541e-03	3.770372e+00
4.953000e-05	-4.225564e-03	3.642528e+00
4.954000e-05	-4.661330e-03	3.515685e+00
4.955000e-05	-5.484633e-03	3.347640e+00
4.956000e-05	-4.848912e-03	3.169422e+00
4.957000e-05	-4.602677e-03	3.042530e+00
4.958000e-05	-4.745622e-03	2.876662e+00
4.959000e-05	-4.629780e-03	2.759917e+00
4.960000e-05	-4.712840e-03	2.567368e+00
4.961000e-05	-4.312263e-03	2.400420e+00
4.962000e-05	-5.002023e-03	2.212475e+00
4.963000e-05	-4.324501e-03	2.106158e+00
4.964000e-05	-3.714913e-03	1.986845e+00
4.965000e-05	-4.309544e-03	1.748348e+00
4.966000e-05	-4.201966e-03	1.569876e+00
4.967000e-05	-5.080165e-03	1.451577e+00
4.968000e-05	-3.898813e-03	1.274582e+00
4.969000e-05	-3.343837e-03	1.115636e+00
4.970000e-05	-4.500059e-03	8.557056e-01
4.971000e-05	-4.285672e-03	7.361894e-01
4.972000e-05	-4.384322e-03	5.283912e-01
4.973000e-05	-3.109961e-03	4.209777e-01
4.974000e-05	-3.474886e-03	2.740578e-01
4.975000e-05	-2.948892e-03	7.150794e-02
4.976000e-05	-1.173596e-05	-9.433816e-02
4.977000e-05	2.125491e-03	-2.525790e-01
4.978000e-05	-1.821658e-03	-3.484484e-01
4.979000e-05	1.467075e-04	-4.732894e-01
4.980000e-05	-1.834497e-03	-7.453669e-01
4.981000e-05	1.388780e-04	-8.521853e-01
4.982000e-05	-1.084474e-03	-9.574985e-01
4.983000e-05	7.187166e-03	-1.124364e+00
4.984000e-05	6.084981e-02	-1.291686e+00
4.985000e-05	2.334394e-02	-1.506736e+00
4.986000e-05	-4.773081e-02	-1.758547e+00
4.987000e-05	-4.270103e-02	-1.978947e+00
4.988000e-05	-9.975533e-02	-2.052657e+00
4.989000e-05	1.199688e-01	-2.064209e+00
4.990000e-05	2.581537e-02	-2.229704e+00
4.991000e-05	-1.424577e-01	-2.504815e+00
4.992000e-05	1.242341e-01	-2.631001e+00
4.993000e-05	-1.791533e-02	-2.692787e+00
4.994000e-05	-1.434059e-01	-2.915843e+00
4.995000e-05	1.261421e-01	-3.106866e+00
4.996000e-05	-3.403240e-03	-3.199126e+00
4.997000e-05	-8.920388e-02	-3.399054e+00
4.998000e-05	1.351842e-01	-3.495343e+00
4.999000e-05	-8.289907e-02	-3.652809e+00
