# 260408_10:44:17.910183
t	CH1	CH2
0.000000e+00	-4.251551e-03	2.760963e+00
1.000000e-08	-4.766063e-03	2.485770e+00
2.000000e-08	-5.002468e-03	2.178469e+00
3.000000e-08	-5.711880e-03	1.938303e+00
4.000000e-08	-3.827833e-03	1.602121e+00
5.000000e-08	-4.113148e-03	1.326883e+00
6.000000e-08	-4.231840e-03	9.900319e-01
7.000000e-08	-4.879727e-03	7.248028e-01
8.000000e-08	-4.420799e-03	4.510998e-01
9.000000e-08	-1.943363e-03	1.164605e-01
1.000000e-07	-8.990187e-04	-1.167513e-01
1.100000e-07	1.161702e-02	-4.004089e-01
1.200000e-07	-7.576080e-03	-6.851407e-01
1.300000e-07	6.457053e-03	-9.372511e-01
1.400000e-07	-5.216892e-03	-1.221983e+00
1.500000e-07	4.461260e-03	-1.488195e+00
1.600000e-07	-6.037657e-03	-1.738726e+00
1.700000e-07	2.251361e-02	-1.979776e+00
1.800000e-07	5.521722e-02	-2.210363e+00
1.900000e-07	6.912574e-02	-2.580385e+00
2.000000e-07	-1.180662e-01	-2.888798e+00
2.100000e-07	3.121089e-02	-3.277119e+00
2.200000e-07	-5.608567e-02	-3.485742e+00
2.300000e-07	8.906885e-04	-3.718799e+00
2.400000e-07	-1.104735e-01	-3.970404e+00
2.500000e-07	1.851206e-01	-4.148199e+00
2.600000e-07	-3.409958e-02	-4.350929e+00
2.700000e-07	-8.598040e-02	-4.676267e+00
2.800000e-07	1.770342e-01	-4.908768e+00
2.900000e-07	-2.091079e-01	-5.276645e+00
3.000000e-07	1.668272e-01	-5.521326e+00
3.100000e-07	-8.629112e-02	-5.792978e+00
3.200000e-07	2.110050e-02	-6.058062e+00
3.300000e-07	8.174180e-02	-6.301774e+00
3.400000e-07	-1.405502e-01	-6.645517e+00
3.500000e-07	1.286911e-01	-6.859115e+00
3.600000e-07	-9.893441e-02	-7.112458e+00
3.700000e-07	4.590455e-02	-7.436461e+00
3.800000e-07	-1.838678e-03	-7.690702e+00
3.900000e-07	-2.943666e-02	-7.986006e+00
4.000000e-07	1.039932e-01	-8.205487e+00
4.100000e-07	-1.186263e-01	-8.479144e+00
4.200000e-07	9.219503e-02	-8.742723e+00
4.300000e-07	-6.232094e-02	-8.982955e+00
4.400000e-07	3.335949e-02	-9.197504e+00
4.500000e-07	-1.944700e-02	-9.386458e+00
4.600000e-07	-8.691056e-04	-9.637462e+00
4.700000e-07	5.240885e-02	-9.838541e+00
4.800000e-07	-4.728975e-02	-1.007214e+01
4.900000e-07	2.940380e-02	-1.026964e+01
5.000000e-07	-4.614482e-02	-1.049029e+01
5.100000e-07	5.863109e-02	-1.066972e+01
5.200000e-07	-3.739209e-02	-1.087162e+01
5.300000e-07	2.062551e-02	-1.109062e+01
5.400000e-07	-5.764322e-03	-1.126914e+01
5.500000e-07	1.610929e-02	-1.146272e+01
5.600000e-07	-1.911543e-02	-1.167212e+01
5.700000e-07	-6.526845e-03	-1.186227e+01
5.800000e-07	2.487144e-02	-1.203959e+01
5.900000e-07	-3.257457e-03	-1.223859e+01
6.000000e-07	2.536678e-03	-1.237903e+01
6.100000e-07	-1.312125e-02	-1.255648e+01
6.200000e-07	2.499874e-02	-1.274830e+01
6.300000e-07	-1.949683e-02	-1.288216e+01
6.400000e-07	4.593609e-03	-1.303961e+01
6.500000e-07	-5.305183e-03	-1.322948e+01
6.600000e-07	2.065534e-02	-1.333627e+01
6.700000e-07	-9.039716e-03	-1.351209e+01
6.800000e-07	5.934763e-03	-1.364006e+01
6.900000e-07	3.907553e-03	-1.376790e+01
7.000000e-07	4.948220e-03	-1.392274e+01
7.100000e-07	-3.721906e-03	-1.400293e+01
7.200000e-07	4.261977e-03	-1.415683e+01
7.300000e-07	9.149981e-03	-1.426311e+01
7.400000e-07	1.964018e-03	-1.438643e+01
7.500000e-07	3.345446e-03	-1.449166e+01
7.600000e-07	2.842432e-03	-1.456693e+01
7.700000e-07	7.178242e-03	-1.461961e+01
7.800000e-07	3.345447e-03	-1.472322e+01
7.900000e-07	7.784446e-03	-1.479948e+01
8.000000e-07	6.343476e-03	-1.484213e+01
8.100000e-07	8.023742e-03	-1.490429e+01
8.200000e-07	4.484962e-03	-1.495735e+01
8.300000e-07	7.149031e-03	-1.500950e+01
8.400000e-07	4.659672e-03	-1.506208e+01
8.500000e-07	8.341695e-03	-1.510566e+01
8.600000e-07	1.027621e-02	-1.511624e+01
8.700000e-07	1.147371e-02	-1.513537e+01
8.800000e-07	1.133542e-02	-1.516790e+01
8.900000e-07	1.174326e-02	-1.517852e+01
9.000000e-07	1.526381e-02	-1.519860e+01
9.100000e-07	1.412805e-02	-1.523060e+01
9.200000e-07	1.916263e-02	-1.523066e+01
9.300000e-07	2.060850e-02	-1.527113e+01
9.400000e-07	2.406395e-02	-1.522005e+01
9.500000e-07	2.508457e-02	-1.520001e+01
9.600000e-07	2.822849e-02	-1.519900e+01
9.700000e-07	3.257267e-02	-1.520850e+01
9.800000e-07	3.520701e-02	-1.514787e+01
9.900000e-07	3.746141e-02	-1.515637e+01
1.000000e-06	3.885035e-02	-1.510466e+01
1.010000e-06	3.812853e-02	-1.505070e+01
1.020000e-06	3.609028e-02	-1.501943e+01
1.030000e-06	3.219201e-02	-1.496739e+01
1.040000e-06	2.794615e-02	-1.489331e+01
1.050000e-06	2.580997e-02	-1.482108e+01
1.060000e-06	2.296623e-02	-1.473884e+01
1.070000e-06	1.891622e-02	-1.467208e+01
1.080000e-06	1.721264e-02	-1.459700e+01
1.090000e-06	1.469563e-02	-1.447376e+01
1.100000e-06	1.271646e-02	-1.435700e+01
1.110000e-06	9.536998e-03	-1.428473e+01
1.120000e-06	8.560486e-03	-1.417642e+01
1.130000e-06	7.685413e-03	-1.407268e+01
1.140000e-06	5.706888e-03	-1.393414e+01
1.150000e-06	4.439106e-03	-1.381795e+01
1.160000e-06	4.624221e-03	-1.364923e+01
1.170000e-06	4.696727e-03	-1.353484e+01
1.180000e-06	3.340590e-03	-1.340900e+01
1.190000e-06	2.563360e-03	-1.329168e+01
1.200000e-06	1.532959e-03	-1.312477e+01
1.210000e-06	1.757533e-03	-1.298537e+01
1.220000e-06	4.023524e-04	-1.285821e+01
1.230000e-06	1.550020e-03	-1.269181e+01
1.240000e-06	-1.707199e-04	-1.250587e+01
1.250000e-06	-1.810182e-04	-1.236702e+01
1.260000e-06	4.655872e-05	-1.223700e+01
1.270000e-06	-2.545220e-04	-1.205955e+01
1.280000e-06	-1.451501e-03	-1.185070e+01
1.290000e-06	-1.275003e-03	-1.164005e+01
1.300000e-06	-2.836407e-04	-1.145060e+01
1.310000e-06	-1.176205e-03	-1.124762e+01
1.320000e-06	-2.187156e-03	-1.099947e+01
1.330000e-06	-2.572791e-03	-1.081757e+01
1.340000e-06	-1.772805e-03	-1.063762e+01
1.350000e-06	-3.563110e-03	-1.045707e+01
1.360000e-06	-2.342377e-03	-1.019799e+01
1.370000e-06	-2.842020e-03	-9.956016e+00
1.380000e-06	-2.264448e-03	-9.803414e+00
1.390000e-06	-4.244535e-03	-9.592386e+00
1.400000e-06	-3.778735e-03	-9.321312e+00
1.410000e-06	-3.600779e-03	-9.077229e+00
1.420000e-06	-4.193991e-03	-8.888682e+00
1.430000e-06	-4.994085e-03	-8.616120e+00
1.440000e-06	-4.274757e-03	-8.405389e+00
1.450000e-06	-4.636782e-03	-8.162362e+00
1.460000e-06	-5.029120e-03	-7.869199e+00
1.470000e-06	-4.953182e-03	-7.616020e+00
1.480000e-06	-3.726042e-03	-7.363386e+00
1.490000e-06	-5.055608e-03	-7.119335e+00
1.500000e-06	-4.972403e-03	-6.868124e+00
1.510000e-06	-5.065596e-03	-6.613025e+00
1.520000e-06	-4.548837e-03	-6.393484e+00
1.530000e-06	-5.420791e-03	-6.119207e+00
1.540000e-06	-4.823181e-03	-5.806049e+00
1.550000e-06	-5.052777e-03	-5.622367e+00
1.560000e-06	-4.046227e-03	-5.236274e+00
1.570000e-06	-7.305745e-03	-5.002547e+00
1.580000e-06	-4.541815e-03	-4.704648e+00
1.590000e-06	-5.313260e-03	-4.423624e+00
1.600000e-06	-4.235131e-03	-4.181442e+00
1.610000e-06	-5.468146e-03	-3.919384e+00
1.620000e-06	-4.170423e-03	-3.642996e+00
1.630000e-06	-5.168104e-03	-3.409841e+00
1.640000e-06	-5.601255e-03	-3.066298e+00
1.650000e-06	-5.699809e-03	-2.790512e+00
1.660000e-06	-6.871972e-03	-2.546281e+00
1.670000e-06	-4.784646e-03	-2.259590e+00
1.680000e-06	-5.425875e-03	-1.937836e+00
1.690000e-06	-5.336290e-03	-1.674150e+00
1.700000e-06	-5.951961e-03	-1.357358e+00
1.710000e-06	-5.077401e-03	-1.012145e+00
1.720000e-06	-6.205131e-03	-7.883107e-01
1.730000e-06	-5.530760e-03	-4.411999e-01
1.740000e-06	-5.874491e-03	-1.685382e-01
1.750000e-06	-1.414443e-03	6.369329e-02
1.760000e-06	6.974790e-03	3.904540e-01
1.770000e-06	-7.489314e-03	6.324868e-01
1.780000e-06	2.100521e-03	8.560958e-01
1.790000e-06	-4.128998e-03	1.191383e+00
1.800000e-06	2.846618e-03	1.462596e+00
1.810000e-06	-7.763430e-03	1.778950e+00
1.820000e-06	1.004497e-02	1.988400e+00
1.830000e-06	1.083532e-02	2.182507e+00
1.840000e-06	7.851276e-02	2.477222e+00
1.850000e-06	7.401048e-03	2.803037e+00
1.860000e-06	-8.103149e-02	3.117821e+00
1.870000e-06	-1.250154e-02	3.392459e+00
1.880000e-06	-2.025868e-02	3.645640e+00
1.890000e-06	-1.244992e-02	3.889250e+00
1.900000e-06	-4.901978e-02	4.068899e+00
1.910000e-06	3.135788e-02	4.352004e+00
1.920000e-06	8.882056e-02	4.634613e+00
1.930000e-06	-1.277239e-01	4.912374e+00
1.940000e-06	1.052495e-01	5.162509e+00
1.950000e-06	-2.871679e-02	5.476769e+00
1.960000e-06	-4.831062e-02	5.763423e+00
1.970000e-06	6.147636e-02	5.974587e+00
1.980000e-06	-4.419180e-02	6.268191e+00
1.990000e-06	3.771768e-02	6.522253e+00
2.000000e-06	-4.733300e-02	6.817113e+00
2.010000e-06	2.401522e-02	7.079672e+00
2.020000e-06	-2.236032e-04	7.363929e+00
2.030000e-06	-3.367163e-02	7.657191e+00
2.040000e-06	2.198988e-02	7.873753e+00
2.050000e-06	-2.352865e-02	8.214828e+00
2.060000e-06	4.592027e-02	8.415038e+00
2.070000e-06	-3.950650e-02	8.649092e+00
2.080000e-06	-8.239458e-03	8.862142e+00
2.090000e-06	1.749734e-02	9.131726e+00
2.100000e-06	-1.915770e-02	9.392954e+00
2.110000e-06	8.278295e-03	9.583853e+00
2.120000e-06	-2.648028e-02	9.817536e+00
2.130000e-06	3.386957e-02	1.001864e+01
2.140000e-06	-2.413133e-02	1.023704e+01
2.150000e-06	-4.207820e-03	1.045961e+01
2.160000e-06	-1.800155e-02	1.064906e+01
2.170000e-06	1.185879e-02	1.086011e+01
2.180000e-06	8.334612e-04	1.103014e+01
2.190000e-06	-2.343881e-02	1.121001e+01
2.200000e-06	8.819628e-03	1.139906e+01
2.210000e-06	-2.082276e-03	1.168061e+01
2.220000e-06	1.014605e-03	1.183861e+01
2.230000e-06	-2.604819e-02	1.200956e+01
2.240000e-06	1.301715e-02	1.219748e+01
2.250000e-06	-7.145439e-04	1.235642e+01
2.260000e-06	-9.212233e-03	1.255585e+01
2.270000e-06	-1.553919e-02	1.268320e+01
2.280000e-06	1.227190e-04	1.287321e+01
2.290000e-06	-9.345172e-04	1.302953e+01
2.300000e-06	-1.734703e-02	1.314680e+01
2.310000e-06	-2.479619e-03	1.328434e+01
2.320000e-06	-3.466463e-03	1.349266e+01
2.330000e-06	-1.426159e-03	1.356043e+01
2.340000e-06	-1.446974e-02	1.371690e+01
2.350000e-06	-3.701033e-03	1.390311e+01
2.360000e-06	-6.827026e-03	1.399901e+01
2.370000e-06	-1.107660e-02	1.411930e+01
2.380000e-06	-8.867694e-03	1.423364e+01
2.390000e-06	-7.029419e-03	1.437796e+01
2.400000e-06	-5.922315e-03	1.445271e+01
2.410000e-06	-1.324808e-02	1.455590e+01
2.420000e-06	-6.820909e-03	1.463159e+01
2.430000e-06	-1.103815e-02	1.470329e+01
2.440000e-06	-6.525446e-03	1.477801e+01
2.450000e-06	-9.631738e-03	1.486118e+01
2.460000e-06	-1.026202e-02	1.494382e+01
2.470000e-06	-1.260528e-02	1.497741e+01
2.480000e-06	-1.444809e-02	1.500045e+01
2.490000e-06	-1.229227e-02	1.508313e+01
2.500000e-06	-1.702488e-02	1.511724e+01
2.510000e-06	-1.629752e-02	1.513732e+01
2.520000e-06	-1.754082e-02	1.518895e+01
2.530000e-06	-1.543573e-02	1.518105e+01
2.540000e-06	-1.907187e-02	1.523165e+01
2.550000e-06	-2.035446e-02	1.523411e+01
2.560000e-06	-2.046256e-02	1.523313e+01
2.570000e-06	-2.344312e-02	1.525418e+01
2.580000e-06	-2.629131e-02	1.527426e+01
2.590000e-06	-3.075208e-02	1.525419e+01
2.600000e-06	-3.267948e-02	1.524471e+01
2.610000e-06	-3.647332e-02	1.525376e+01
2.620000e-06	-3.942771e-02	1.522013e+01
2.630000e-06	-4.191725e-02	1.517200e+01
2.640000e-06	-4.370482e-02	1.516692e+01
2.650000e-06	-4.272319e-02	1.515832e+01
2.660000e-06	-4.398495e-02	1.510568e+01
2.670000e-06	-4.155812e-02	1.504209e+01
2.680000e-06	-4.027797e-02	1.499797e+01
2.690000e-06	-3.521722e-02	1.490532e+01
2.700000e-06	-3.429061e-02	1.489074e+01
2.710000e-06	-3.019886e-02	1.481745e+01
2.720000e-06	-2.710017e-02	1.472432e+01
2.730000e-06	-2.205180e-02	1.466061e+01
2.740000e-06	-2.151046e-02	1.455639e+01
2.750000e-06	-1.852615e-02	1.445263e+01
2.760000e-06	-1.896278e-02	1.433642e+01
2.770000e-06	-1.716227e-02	1.422210e+01
2.780000e-06	-1.798555e-02	1.413484e+01
2.790000e-06	-1.427057e-02	1.398752e+01
2.800000e-06	-1.429856e-02	1.385268e+01
2.810000e-06	-1.061449e-02	1.369579e+01
2.820000e-06	-1.241940e-02	1.356860e+01
2.830000e-06	-1.023113e-02	1.347158e+01
2.840000e-06	-1.140249e-02	1.328387e+01
2.850000e-06	-7.459186e-03	1.316652e+01
2.860000e-06	-1.087635e-02	1.303913e+01
2.870000e-06	-8.734249e-03	1.289368e+01
2.880000e-06	-1.145450e-02	1.273477e+01
2.890000e-06	-8.406442e-03	1.258702e+01
2.900000e-06	-8.002949e-03	1.241858e+01
2.910000e-06	-6.989365e-03	1.227018e+01
2.920000e-06	-7.251957e-03	1.206281e+01
2.930000e-06	-6.437500e-03	1.193283e+01
2.940000e-06	-6.636503e-03	1.175439e+01
2.950000e-06	-6.648756e-03	1.155386e+01
2.960000e-06	-6.635595e-03	1.131373e+01
2.970000e-06	-6.721507e-03	1.112231e+01
2.980000e-06	-6.844526e-03	1.095379e+01
2.990000e-06	-5.625534e-03	1.073191e+01
3.000000e-06	-6.107123e-03	1.052191e+01
3.010000e-06	-5.700272e-03	1.029873e+01
3.020000e-06	-5.843269e-03	1.011126e+01
3.030000e-06	-4.161974e-03	9.869228e+00
3.040000e-06	-5.459286e-03	9.638594e+00
3.050000e-06	-5.143913e-03	9.405596e+00
3.060000e-06	-5.892401e-03	9.173491e+00
3.070000e-06	-5.398160e-03	8.953912e+00
3.080000e-06	-5.771518e-03	8.729329e+00
3.090000e-06	-5.566224e-03	8.477182e+00
3.100000e-06	-4.084122e-03	8.256148e+00
3.110000e-06	-4.169914e-03	7.995616e+00
3.120000e-06	-4.772530e-03	7.740782e+00
3.130000e-06	-4.839783e-03	7.469173e+00
3.140000e-06	-4.916055e-03	7.236191e+00
3.150000e-06	-5.316561e-03	6.983565e+00
3.160000e-06	-6.034059e-03	6.718356e+00
3.170000e-06	-5.134677e-03	6.435100e+00
3.180000e-06	-4.463346e-03	6.203967e+00
3.190000e-06	-4.380617e-03	5.960462e+00
3.200000e-06	-4.869130e-03	5.696153e+00
3.210000e-06	-4.033456e-03	5.434619e+00
3.220000e-06	-4.951468e-03	5.140455e+00
3.230000e-06	-4.539301e-03	4.861065e+00
3.240000e-06	-5.400799e-03	4.560409e+00
3.250000e-06	-4.512857e-03	4.307725e+00
3.260000e-06	-5.332865e-03	4.021988e+00
3.270000e-06	-4.960877e-03	3.699255e+00
3.280000e-06	-5.232774e-03	3.456280e+00
3.290000e-06	-4.224426e-03	3.190911e+00
3.300000e-06	-4.532878e-03	2.926255e+00
3.310000e-06	-4.324541e-03	2.642644e+00
3.320000e-06	-4.499740e-03	2.345279e+00
3.330000e-06	-4.801594e-03	2.044127e+00
3.340000e-06	-5.421092e-03	1.766930e+00
3.350000e-06	-4.306304e-03	1.444250e+00
3.360000e-06	-4.532478e-03	1.188512e+00
3.370000e-06	-4.603536e-03	8.000673e-01
3.380000e-06	-4.681526e-03	5.478368e-01
3.390000e-06	-3.358695e-03	2.949002e-01
3.400000e-06	-1.886187e-03	-1.088434e-02
3.410000e-06	5.423186e-03	-2.941919e-01
3.420000e-06	3.448220e-03	-4.973015e-01
3.430000e-06	-2.542519e-03	-8.325078e-01
3.440000e-06	2.670174e-03	-1.074165e+00
3.450000e-06	-1.283278e-03	-1.369334e+00
3.460000e-06	-1.166956e-03	-1.634067e+00
3.470000e-06	6.684640e-03	-1.866164e+00
3.480000e-06	2.907522e-02	-2.054645e+00
3.490000e-06	1.035829e-01	-2.402460e+00
3.500000e-06	-7.081816e-02	-2.721808e+00
3.510000e-06	-2.542336e-02	-3.150304e+00
3.520000e-06	-2.324737e-02	-3.402530e+00
3.530000e-06	-3.937645e-03	-3.601006e+00
3.540000e-06	-7.960154e-02	-3.885513e+00
3.550000e-06	2.145140e-02	-4.056564e+00
3.560000e-06	1.714957e-01	-4.245087e+00
3.570000e-06	-2.099142e-01	-4.530746e+00
3.580000e-06	1.827837e-01	-4.763558e+00
3.590000e-06	-6.954249e-02	-5.026625e+00
3.600000e-06	-4.768127e-02	-5.416438e+00
3.610000e-06	1.170252e-01	-5.686566e+00
3.620000e-06	-1.504651e-01	-5.931858e+00
3.630000e-06	1.716280e-01	-6.183987e+00
3.640000e-06	-1.100542e-01	-6.458668e+00
3.650000e-06	1.922332e-02	-6.762354e+00
3.660000e-06	4.698667e-02	-7.026594e+00
3.670000e-06	-9.778955e-02	-7.340724e+00
3.680000e-06	1.139703e-01	-7.563328e+00
3.690000e-06	-1.188694e-01	-7.879163e+00
3.700000e-06	1.296638e-01	-8.130701e+00
3.710000e-06	-6.092951e-02	-8.312828e+00
3.720000e-06	9.548641e-04	-8.657912e+00
3.730000e-06	3.476434e-02	-8.849116e+00
3.740000e-06	-5.799293e-02	-9.089646e+00
3.750000e-06	6.260800e-02	-9.240671e+00
3.760000e-06	-7.313753e-02	-9.512349e+00
3.770000e-06	8.965233e-02	-9.743905e+00
3.780000e-06	-4.420897e-02	-9.963950e+00
3.790000e-06	2.435067e-02	-1.016548e+01
3.800000e-06	-3.417030e-02	-1.032643e+01
3.810000e-06	1.879287e-02	-1.061798e+01
3.820000e-06	1.303333e-02	-1.079743e+01
3.830000e-06	-2.619840e-02	-1.099786e+01
3.840000e-06	2.618410e-02	-1.113588e+01
3.850000e-06	-1.165020e-02	-1.140998e+01
3.860000e-06	2.458813e-02	-1.160640e+01
3.870000e-06	-4.422360e-02	-1.173640e+01
3.880000e-06	4.003321e-02	-1.197643e+01
3.890000e-06	-1.219737e-02	-1.215428e+01
3.900000e-06	1.856467e-02	-1.230378e+01
3.910000e-06	-2.827975e-02	-1.248519e+01
3.920000e-06	2.291258e-02	-1.263167e+01
3.930000e-06	-4.982622e-03	-1.279913e+01
3.940000e-06	-5.777350e-03	-1.299791e+01
3.950000e-06	2.118745e-03	-1.310475e+01
3.960000e-06	8.609875e-03	-1.329317e+01
3.970000e-06	1.058755e-02	-1.341796e+01
3.980000e-06	-1.384328e-02	-1.354735e+01
3.990000e-06	1.306075e-02	-1.371329e+01
4.000000e-06	3.260944e-04	-1.383106e+01
4.010000e-06	5.095533e-03	-1.398632e+01
4.020000e-06	-7.383766e-03	-1.410519e+01
4.030000e-06	1.134613e-02	-1.424052e+01
4.040000e-06	3.682493e-03	-1.428482e+01
4.050000e-06	4.957262e-03	-1.439961e+01
4.060000e-06	3.811631e-03	-1.453432e+01
4.070000e-06	5.901466e-03	-1.463653e+01
4.080000e-06	3.199454e-03	-1.466069e+01
4.090000e-06	5.317590e-03	-1.471680e+01
4.100000e-06	8.270896e-03	-1.484053e+01
4.110000e-06	6.636089e-03	-1.486413e+01
4.120000e-06	4.674593e-03	-1.493582e+01
4.130000e-06	6.283705e-03	-1.497942e+01
4.140000e-06	6.741829e-03	-1.506003e+01
4.150000e-06	7.084035e-03	-1.510416e+01
4.160000e-06	1.077534e-02	-1.513637e+01
4.170000e-06	1.120817e-02	-1.513637e+01
4.180000e-06	1.063577e-02	-1.518645e+01
4.190000e-06	1.035014e-02	-1.518795e+01
4.200000e-06	1.460892e-02	-1.519808e+01
4.210000e-06	1.480280e-02	-1.523003e+01
4.220000e-06	1.766373e-02	-1.525103e+01
4.230000e-06	1.917346e-02	-1.525853e+01
4.240000e-06	2.114768e-02	-1.522268e+01
4.250000e-06	2.483488e-02	-1.520905e+01
4.260000e-06	2.553329e-02	-1.521963e+01
4.270000e-06	3.313883e-02	-1.518002e+01
4.280000e-06	3.286478e-02	-1.519794e+01
4.290000e-06	3.910977e-02	-1.515389e+01
4.300000e-06	3.881734e-02	-1.512637e+01
4.310000e-06	3.804760e-02	-1.507211e+01
4.320000e-06	3.814374e-02	-1.503005e+01
4.330000e-06	3.176777e-02	-1.496747e+01
4.340000e-06	3.168362e-02	-1.490426e+01
4.350000e-06	2.401061e-02	-1.488118e+01
4.360000e-06	2.627624e-02	-1.473845e+01
4.370000e-06	2.001777e-02	-1.469376e+01
4.380000e-06	1.872227e-02	-1.462008e+01
4.390000e-06	1.463625e-02	-1.452636e+01
4.400000e-06	1.517197e-02	-1.443967e+01
4.410000e-06	1.246847e-02	-1.433586e+01
4.420000e-06	1.002917e-02	-1.423048e+01
4.430000e-06	6.026167e-03	-1.408526e+01
4.440000e-06	6.392010e-03	-1.398787e+01
4.450000e-06	4.083895e-03	-1.379908e+01
4.460000e-06	5.232668e-03	-1.375384e+01
4.470000e-06	4.329251e-03	-1.361692e+01
4.480000e-06	4.864520e-03	-1.348110e+01
4.490000e-06	4.163332e-03	-1.331376e+01
4.500000e-06	2.236967e-03	-1.318652e+01
4.510000e-06	1.581375e-03	-1.305010e+01
4.520000e-06	5.626804e-04	-1.290266e+01
4.530000e-06	1.374439e-03	-1.276544e+01
4.540000e-06	1.269531e-04	-1.262005e+01
4.550000e-06	-2.057662e-03	-1.245068e+01
4.560000e-06	-5.988298e-04	-1.231116e+01
4.570000e-06	6.145638e-04	-1.212184e+01
4.580000e-06	3.419445e-04	-1.195281e+01
4.590000e-06	-1.706384e-03	-1.174536e+01
4.600000e-06	-1.728058e-03	-1.157532e+01
4.610000e-06	-1.016339e-03	-1.134228e+01
4.620000e-06	-1.302620e-03	-1.108238e+01
4.630000e-06	-2.725748e-03	-1.089886e+01
4.640000e-06	-2.658321e-03	-1.071279e+01
4.650000e-06	-2.188368e-03	-1.055336e+01
4.660000e-06	-3.945544e-03	-1.032078e+01
4.670000e-06	-2.222821e-03	-1.006976e+01
4.680000e-06	-2.919231e-03	-9.868704e+00
4.690000e-06	-2.375674e-03	-9.638182e+00
4.700000e-06	-3.879481e-03	-9.427494e+00
4.710000e-06	-4.204207e-03	-9.203570e+00
4.720000e-06	-5.309035e-03	-8.962442e+00
4.730000e-06	-4.845579e-03	-8.740885e+00
4.740000e-06	-3.918950e-03	-8.460710e+00
4.750000e-06	-3.514840e-03	-8.226624e+00
4.760000e-06	-5.420431e-03	-8.014628e+00
4.770000e-06	-5.236597e-03	-7.743386e+00
4.780000e-06	-4.439890e-03	-7.448203e+00
4.790000e-06	-4.737042e-03	-7.245548e+00
4.800000e-06	-4.962903e-03	-6.993463e+00
4.810000e-06	-5.774217e-03	-6.730832e+00
4.820000e-06	-4.254936e-03	-6.485255e+00
4.830000e-06	-5.041476e-03	-6.225569e+00
4.840000e-06	-4.445151e-03	-5.990937e+00
4.850000e-06	-5.696663e-03	-5.718283e+00
4.860000e-06	-3.623800e-03	-5.476121e+00
4.870000e-06	-6.220067e-03	-5.129908e+00
4.880000e-06	-4.538323e-03	-4.845142e+00
4.890000e-06	-5.344202e-03	-4.548808e+00
4.900000e-06	-3.935800e-03	-4.328811e+00
4.910000e-06	-5.722522e-03	-4.023529e+00
4.920000e-06	-4.150258e-03	-3.758886e+00
4.930000e-06	-6.083442e-03	-3.516734e+00
4.940000e-06	-4.363644e-03	-3.242623e+00
4.950000e-06	-6.138026e-03	-2.926828e+00
4.960000e-06	-4.774047e-03	-2.682695e+00
4.970000e-06	-7.066235e-03	-2.338893e+00
4.980000e-06	-3.727647e-03	-2.034575e+00
4.990000e-06	-6.839886e-03	-1.800968e+00
5.000000e-06	-4.720023e-03	-1.576253e+00
5.010000e-06	-6.747811e-03	-1.158939e+00
5.020000e-06	-4.993591e-03	-8.837738e-01
5.030000e-06	-5.818219e-03	-6.299646e-01
5.040000e-06	-5.219759e-03	-3.358328e-01
5.050000e-06	-4.944210e-03	-3.226372e-03
5.060000e-06	2.551443e-03	2.129880e-01
5.070000e-06	1.652003e-03	5.362224e-01
5.080000e-06	-4.837988e-03	7.594026e-01
5.090000e-06	2.830201e-03	1.073541e+00
5.100000e-06	-4.854044e-03	1.305821e+00
5.110000e-06	-7.497625e-04	1.614012e+00
5.120000e-06	-3.208891e-03	1.905666e+00
5.130000e-06	1.293895e-02	2.087696e+00
5.140000e-06	3.428665e-02	2.337827e+00
5.150000e-06	8.192580e-02	2.666571e+00
5.160000e-06	-8.400143e-02	2.950407e+00
5.170000e-06	-2.034721e-02	3.235210e+00
5.180000e-06	-3.323179e-02	3.550379e+00
5.190000e-06	4.541143e-03	3.812008e+00
5.200000e-06	-5.285272e-02	4.032510e+00
5.210000e-06	-4.270581e-03	4.247113e+00
5.220000e-06	7.290351e-02	4.488247e+00
5.230000e-06	-1.752941e-03	4.795035e+00
5.240000e-06	-8.061830e-02	5.017192e+00
5.250000e-06	1.471970e-01	5.361908e+00
5.260000e-06	-1.577441e-01	5.656588e+00
5.270000e-06	9.364992e-02	5.887845e+00
5.280000e-06	-3.705553e-02	6.131053e+00
5.290000e-06	1.799617e-02	6.406532e+00
5.300000e-06	-2.454196e-03	6.710325e+00
5.310000e-06	-3.751568e-02	6.951905e+00
5.320000e-06	5.483462e-02	7.216611e+00
5.330000e-06	-6.275285e-02	7.502403e+00
5.340000e-06	2.920679e-02	7.786533e+00
5.350000e-06	-2.865151e-02	8.081195e+00
5.360000e-06	3.309562e-02	8.309748e+00
5.370000e-06	3.280440e-03	8.521876e+00
5.380000e-06	-4.143232e-02	8.744882e+00
5.390000e-06	2.335027e-02	9.027584e+00
5.400000e-06	-1.455853e-02	9.238116e+00
5.410000e-06	6.088533e-03	9.440119e+00
5.420000e-06	-2.553794e-02	9.681166e+00
5.430000e-06	1.765735e-02	9.922281e+00
5.440000e-06	-1.328650e-03	1.013227e+01
5.450000e-06	-1.064738e-02	1.033438e+01
5.460000e-06	-1.866834e-02	1.052333e+01
5.470000e-06	9.686622e-04	1.077538e+01
5.480000e-06	9.256110e-03	1.096435e+01
5.490000e-06	-1.278823e-02	1.113435e+01
5.500000e-06	-7.479945e-03	1.133678e+01
5.510000e-06	4.191698e-03	1.153591e+01
5.520000e-06	3.642292e-03	1.176593e+01
5.530000e-06	-2.334615e-02	1.194435e+01
5.540000e-06	-1.592453e-03	1.209584e+01
5.550000e-06	5.116834e-03	1.230169e+01
5.560000e-06	-8.636505e-04	1.244961e+01
5.570000e-06	-1.957348e-02	1.259901e+01
5.580000e-06	-2.701342e-03	1.276748e+01
5.590000e-06	1.039347e-03	1.294687e+01
5.600000e-06	-1.116508e-02	1.306374e+01
5.610000e-06	-1.163726e-02	1.327059e+01
5.620000e-06	-2.182792e-03	1.339904e+01
5.630000e-06	1.638474e-03	1.354630e+01
5.640000e-06	-1.313972e-02	1.370422e+01
5.650000e-06	-6.053163e-03	1.379096e+01
5.660000e-06	-7.351362e-03	1.391740e+01
5.670000e-06	-7.246980e-03	1.410329e+01
5.680000e-06	-1.415439e-02	1.420108e+01
5.690000e-06	-5.116317e-03	1.436537e+01
5.700000e-06	-5.231642e-03	1.445169e+01
5.710000e-06	-1.009393e-02	1.452527e+01
5.720000e-06	-1.008806e-02	1.459898e+01
5.730000e-06	-1.068501e-02	1.468214e+01
5.740000e-06	-7.276091e-03	1.478600e+01
5.750000e-06	-1.144443e-02	1.479156e+01
5.760000e-06	-9.107690e-03	1.491319e+01
5.770000e-06	-1.218383e-02	1.491539e+01
5.780000e-06	-1.164898e-02	1.496900e+01
5.790000e-06	-1.432069e-02	1.504061e+01
5.800000e-06	-1.502646e-02	1.505321e+01
5.810000e-06	-1.572067e-02	1.510672e+01
5.820000e-06	-1.675926e-02	1.515730e+01
5.830000e-06	-1.506052e-02	1.519010e+01
5.840000e-06	-1.975598e-02	1.519158e+01
5.850000e-06	-1.947737e-02	1.521166e+01
5.860000e-06	-2.199862e-02	1.523311e+01
5.870000e-06	-2.149956e-02	1.523418e+01
5.880000e-06	-2.619833e-02	1.526621e+01
5.890000e-06	-2.787697e-02	1.527426e+01
5.900000e-06	-3.050075e-02	1.522470e+01
5.910000e-06	-3.410946e-02	1.524418e+01
5.920000e-06	-3.632543e-02	1.523266e+01
5.930000e-06	-4.131346e-02	1.520110e+01
5.940000e-06	-4.165228e-02	1.517950e+01
5.950000e-06	-4.508241e-02	1.517895e+01
5.960000e-06	-4.458685e-02	1.511487e+01
5.970000e-06	-4.414107e-02	1.509464e+01
5.980000e-06	-4.085989e-02	1.503053e+01
5.990000e-06	-3.761801e-02	1.497592e+01
6.000000e-06	-3.479426e-02	1.486326e+01
6.010000e-06	-3.028694e-02	1.484012e+01
6.020000e-06	-2.706953e-02	1.476740e+01
6.030000e-06	-2.383996e-02	1.468123e+01
6.040000e-06	-2.276436e-02	1.458797e+01
6.050000e-06	-2.177207e-02	1.449271e+01
6.060000e-06	-1.986790e-02	1.441892e+01
6.070000e-06	-1.663724e-02	1.432516e+01
6.080000e-06	-1.615671e-02	1.415752e+01
6.090000e-06	-1.512860e-02	1.405165e+01
6.100000e-06	-1.430119e-02	1.391479e+01
6.110000e-06	-1.363102e-02	1.384897e+01
6.120000e-06	-1.232159e-02	1.365218e+01
6.130000e-06	-1.106493e-02	1.349479e+01
6.140000e-06	-1.081869e-02	1.341752e+01
6.150000e-06	-9.971926e-03	1.326870e+01
6.160000e-06	-1.081921e-02	1.311218e+01
6.170000e-06	-8.473369e-03	1.296537e+01
6.180000e-06	-1.028483e-02	1.279905e+01
6.190000e-06	-6.822787e-03	1.266763e+01
6.200000e-06	-9.301720e-03	1.250276e+01
6.210000e-06	-6.873708e-03	1.233539e+01
6.220000e-06	-9.626451e-03	1.217699e+01
6.230000e-06	-6.270556e-03	1.203800e+01
6.240000e-06	-7.061681e-03	1.181647e+01
6.250000e-06	-6.051482e-03	1.159862e+01
6.260000e-06	-6.856184e-03	1.145007e+01
6.270000e-06	-6.309840e-03	1.120852e+01
6.280000e-06	-6.590694e-03	1.103550e+01
6.290000e-06	-6.291517e-03	1.081720e+01
6.300000e-06	-6.384961e-03	1.062800e+01
6.310000e-06	-5.594948e-03	1.040697e+01
6.320000e-06	-5.443812e-03	1.016497e+01
6.330000e-06	-5.310547e-03	9.983912e+00
6.340000e-06	-4.873484e-03	9.723837e+00
6.350000e-06	-5.044603e-03	9.479733e+00
6.360000e-06	-5.676989e-03	9.278134e+00
6.370000e-06	-4.968620e-03	9.048658e+00
6.380000e-06	-5.367235e-03	8.847049e+00
6.390000e-06	-4.822585e-03	8.582944e+00
6.400000e-06	-5.645935e-03	8.401962e+00
6.410000e-06	-4.658322e-03	8.102280e+00
6.420000e-06	-5.004295e-03	7.838200e+00
6.430000e-06	-5.652998e-03	7.584096e+00
6.440000e-06	-4.353115e-03	7.352757e+00
6.450000e-06	-4.888123e-03	7.078249e+00
6.460000e-06	-4.653458e-03	6.865553e+00
6.470000e-06	-5.210935e-03	6.594518e+00
6.480000e-06	-5.207270e-03	6.319732e+00
6.490000e-06	-4.518556e-03	6.056655e+00
6.500000e-06	-4.942921e-03	5.832597e+00
6.510000e-06	-5.662641e-03	5.560488e+00
6.520000e-06	-4.877118e-03	5.275729e+00
6.530000e-06	-5.162877e-03	4.961462e+00
6.540000e-06	-3.816393e-03	4.685224e+00
6.550000e-06	-4.935043e-03	4.423096e+00
6.560000e-06	-5.021067e-03	4.139879e+00
6.570000e-06	-4.621052e-03	3.853644e+00
6.580000e-06	-4.411304e-03	3.601492e+00
6.590000e-06	-4.712571e-03	3.315826e+00
6.600000e-06	-4.503376e-03	3.033171e+00
6.610000e-06	-4.213338e-03	2.809862e+00
6.620000e-06	-4.356789e-03	2.424596e+00
6.630000e-06	-4.946366e-03	2.149463e+00
6.640000e-06	-5.136527e-03	1.915335e+00
6.650000e-06	-4.310777e-03	1.641591e+00
6.660000e-06	-4.520316e-03	1.295754e+00
6.670000e-06	-5.234282e-03	1.058936e+00
6.680000e-06	-4.270014e-03	7.252789e-01
6.690000e-06	-3.666735e-03	4.410962e-01
6.700000e-06	-2.512260e-03	1.248541e-01
6.710000e-06	-1.098911e-03	-1.579787e-01
6.720000e-06	1.098160e-02	-4.203802e-01
6.730000e-06	-7.375778e-03	-7.266712e-01
6.740000e-06	6.460970e-03	-9.598026e-01
6.750000e-06	-5.523051e-03	-1.220085e+00
6.760000e-06	5.272476e-03	-1.518897e+00
6.770000e-06	-5.588061e-03	-1.769849e+00
6.780000e-06	2.353153e-02	-1.979379e+00
6.790000e-06	6.027999e-02	-2.253991e+00
6.800000e-06	5.732924e-02	-2.541460e+00
6.810000e-06	-1.138321e-01	-2.911356e+00
6.820000e-06	3.058117e-02	-3.256717e+00
6.830000e-06	-5.368552e-02	-3.516246e+00
6.840000e-06	-2.872404e-03	-3.689773e+00
6.850000e-06	-1.068131e-01	-4.011005e+00
6.860000e-06	1.974645e-01	-4.159824e+00
6.870000e-06	-6.280799e-02	-4.371459e+00
6.880000e-06	-5.730991e-02	-4.668170e+00
6.890000e-06	1.624929e-01	-4.930799e+00
6.900000e-06	-2.077742e-01	-5.278044e+00
6.910000e-06	1.797866e-01	-5.528749e+00
6.920000e-06	-1.108919e-01	-5.813034e+00
6.930000e-06	4.797362e-02	-6.089720e+00
6.940000e-06	6.386138e-02	-6.341299e+00
6.950000e-06	-1.303817e-01	-6.625991e+00
6.960000e-06	1.322030e-01	-6.870716e+00
6.970000e-06	-1.113947e-01	-7.203436e+00
6.980000e-06	6.388720e-02	-7.458589e+00
6.990000e-06	-2.020149e-02	-7.711747e+00
7.000000e-06	-9.558611e-03	-8.016138e+00
7.010000e-06	9.100474e-02	-8.227012e+00
7.020000e-06	-1.151069e-01	-8.429620e+00
7.030000e-06	9.421301e-02	-8.732771e+00
7.040000e-06	-6.991153e-02	-9.015433e+00
7.050000e-06	4.471466e-02	-9.194483e+00
7.060000e-06	-3.004039e-02	-9.416382e+00
7.070000e-06	1.192064e-02	-9.657562e+00
7.080000e-06	4.227505e-02	-9.859093e+00
7.090000e-06	-4.179324e-02	-1.008319e+01
7.100000e-06	2.348294e-02	-1.032277e+01
7.110000e-06	-4.282884e-02	-1.051325e+01
7.120000e-06	5.896455e-02	-1.068975e+01
7.130000e-06	-4.024974e-02	-1.088219e+01
7.140000e-06	2.516292e-02	-1.106024e+01
7.150000e-06	-8.811669e-03	-1.131122e+01
7.160000e-06	2.026016e-02	-1.151367e+01
7.170000e-06	-2.581323e-02	-1.165419e+01
7.180000e-06	-1.834192e-03	-1.189264e+01
7.190000e-06	2.017001e-02	-1.206016e+01
7.200000e-06	-7.402922e-04	-1.224801e+01
7.210000e-06	5.406188e-05	-1.242049e+01
7.220000e-06	-9.988205e-03	-1.255700e+01
7.230000e-06	2.326492e-02	-1.276580e+01
7.240000e-06	-1.920993e-02	-1.290580e+01
7.250000e-06	5.996975e-03	-1.307014e+01
7.260000e-06	-5.328380e-03	-1.318948e+01
7.270000e-06	2.135436e-02	-1.333585e+01
7.280000e-06	-1.093124e-02	-1.348311e+01
7.290000e-06	7.346733e-03	-1.366009e+01
7.300000e-06	9.997356e-04	-1.377838e+01
7.310000e-06	5.469507e-03	-1.391620e+01
7.320000e-06	-4.119458e-03	-1.401156e+01
7.330000e-06	6.429763e-03	-1.417795e+01
7.340000e-06	8.514394e-03	-1.427421e+01
7.350000e-06	1.950456e-03	-1.437745e+01
7.360000e-06	4.653070e-03	-1.447072e+01
7.370000e-06	4.057824e-03	-1.459793e+01
7.380000e-06	6.206056e-03	-1.462053e+01
7.390000e-06	2.507988e-03	-1.471317e+01
7.400000e-06	8.135457e-03	-1.479988e+01
7.410000e-06	6.446200e-03	-1.482311e+01
7.420000e-06	6.689716e-03	-1.485434e+01
7.430000e-06	4.245483e-03	-1.495785e+01
7.440000e-06	8.862471e-03	-1.504908e+01
7.450000e-06	6.500763e-03	-1.507106e+01
7.460000e-06	8.957485e-03	-1.509331e+01
7.470000e-06	9.878859e-03	-1.515520e+01
7.480000e-06	1.104606e-02	-1.514594e+01
7.490000e-06	1.073107e-02	-1.515635e+01
7.500000e-06	1.188149e-02	-1.520948e+01
7.510000e-06	1.504983e-02	-1.519095e+01
7.520000e-06	1.505733e-02	-1.523108e+01
7.530000e-06	1.953173e-02	-1.522011e+01
7.540000e-06	2.104993e-02	-1.521013e+01
7.550000e-06	2.359481e-02	-1.521008e+01
7.560000e-06	2.556967e-02	-1.523098e+01
7.570000e-06	2.993078e-02	-1.520008e+01
7.580000e-06	3.347305e-02	-1.514800e+01
7.590000e-06	3.476627e-02	-1.518842e+01
7.600000e-06	3.801035e-02	-1.509627e+01
7.610000e-06	3.925964e-02	-1.510474e+01
7.620000e-06	3.825965e-02	-1.506108e+01
7.630000e-06	3.496179e-02	-1.499898e+01
7.640000e-06	3.174884e-02	-1.492739e+01
7.650000e-06	2.916982e-02	-1.484328e+01
7.660000e-06	2.592819e-02	-1.481056e+01
7.670000e-06	2.199761e-02	-1.475529e+01
7.680000e-06	1.873890e-02	-1.466266e+01
7.690000e-06	1.661048e-02	-1.460792e+01
7.700000e-06	1.336930e-02	-1.448333e+01
7.710000e-06	1.241504e-02	-1.438797e+01
7.720000e-06	1.101905e-02	-1.427268e+01
7.730000e-06	9.462428e-03	-1.418589e+01
7.740000e-06	7.913444e-03	-1.402166e+01
7.750000e-06	6.471689e-03	-1.388469e+01
7.760000e-06	5.059797e-03	-1.378797e+01
7.770000e-06	4.913990e-03	-1.366171e+01
7.780000e-06	3.326736e-03	-1.352474e+01
7.790000e-06	2.730919e-03	-1.338857e+01
7.800000e-06	3.307644e-03	-1.323213e+01
7.810000e-06	2.397538e-03	-1.311326e+01
7.820000e-06	1.333757e-03	-1.295600e+01
7.830000e-06	1.363590e-04	-1.283913e+01
7.840000e-06	1.747376e-03	-1.266221e+01
7.850000e-06	3.361799e-04	-1.251382e+01
7.860000e-06	-4.953282e-04	-1.235689e+01
7.870000e-06	-3.876236e-06	-1.221799e+01
7.880000e-06	1.159990e-03	-1.208023e+01
7.890000e-06	-1.650959e-03	-1.184055e+01
7.900000e-06	-2.536808e-03	-1.166068e+01
7.910000e-06	-1.128160e-03	-1.142647e+01
7.920000e-06	-1.500698e-03	-1.118752e+01
7.930000e-06	-2.792613e-03	-1.101752e+01
7.940000e-06	-1.585212e-03	-1.083655e+01
7.950000e-06	-1.597844e-03	-1.064712e+01
7.960000e-06	-2.360669e-03	-1.041710e+01
7.970000e-06	-4.111140e-03	-1.021452e+01
7.980000e-06	-2.611094e-03	-9.983415e+00
7.990000e-06	-2.553711e-03	-9.762915e+00
8.000000e-06	-4.019274e-03	-9.523413e+00
8.010000e-06	-4.142781e-03	-9.310706e+00
8.020000e-06	-3.147464e-03	-9.107730e+00
8.030000e-06	-3.720950e-03	-8.896700e+00
8.040000e-06	-5.238327e-03	-8.635017e+00
8.050000e-06	-4.829872e-03	-8.392890e+00
8.060000e-06	-4.032051e-03	-8.131336e+00
8.070000e-06	-4.434357e-03	-7.889201e+00
8.080000e-06	-5.175844e-03	-7.603918e+00
8.090000e-06	-4.518062e-03	-7.331910e+00
8.100000e-06	-4.542507e-03	-7.116753e+00
8.110000e-06	-4.932135e-03	-6.855171e+00
8.120000e-06	-5.555555e-03	-6.591993e+00
8.130000e-06	-4.646143e-03	-6.339889e+00
8.140000e-06	-5.371041e-03	-6.076257e+00
8.150000e-06	-5.058746e-03	-5.824498e+00
8.160000e-06	-4.258563e-03	-5.558334e+00
8.170000e-06	-4.666235e-03	-5.267626e+00
8.180000e-06	-6.667509e-03	-5.021490e+00
8.190000e-06	-4.388990e-03	-4.645104e+00
8.200000e-06	-5.375386e-03	-4.433547e+00
8.210000e-06	-4.178134e-03	-4.199390e+00
8.220000e-06	-6.008416e-03	-3.927358e+00
8.230000e-06	-4.718312e-03	-3.602145e+00
8.240000e-06	-4.862633e-03	-3.359863e+00
8.250000e-06	-6.043278e-03	-3.065798e+00
8.260000e-06	-4.745603e-03	-2.789467e+00
8.270000e-06	-6.818587e-03	-2.525784e+00
8.280000e-06	-4.650455e-03	-2.270594e+00
8.290000e-06	-5.954515e-03	-1.936358e+00
8.300000e-06	-4.508862e-03	-1.673201e+00
8.310000e-06	-7.247659e-03	-1.324254e+00
8.320000e-06	-5.147574e-03	-1.021096e+00
8.330000e-06	-6.365807e-03	-7.773906e-01
8.340000e-06	-4.748637e-03	-4.411187e-01
8.350000e-06	-5.584093e-03	-1.684620e-01
8.360000e-06	-9.227638e-04	7.573981e-02
8.370000e-06	7.064510e-03	3.899816e-01
8.380000e-06	-8.148943e-03	6.431332e-01
8.390000e-06	3.184635e-03	8.542483e-01
8.400000e-06	-5.189115e-03	1.189960e+00
8.410000e-06	1.782472e-03	1.435595e+00
8.420000e-06	-8.896553e-03	1.743474e+00
8.430000e-06	1.078992e-02	1.990430e+00
8.440000e-06	1.171336e-02	2.183408e+00
8.450000e-06	8.325452e-02	2.467750e+00
8.460000e-06	-3.819344e-03	2.823037e+00
8.470000e-06	-7.524457e-02	3.148952e+00
8.480000e-06	-1.435807e-02	3.392982e+00
8.490000e-06	-1.815735e-02	3.677241e+00
8.500000e-06	-1.785670e-02	3.919746e+00
8.510000e-06	-4.602791e-02	4.119874e+00
8.520000e-06	3.501220e-02	4.383478e+00
8.530000e-06	8.870862e-02	4.626069e+00
8.540000e-06	-1.354790e-01	4.910896e+00
8.550000e-06	1.255755e-01	5.194037e+00
8.560000e-06	-5.466226e-02	5.558771e+00
8.570000e-06	-3.088772e-02	5.783980e+00
8.580000e-06	4.981944e-02	6.045086e+00
8.590000e-06	-3.777601e-02	6.279719e+00
8.600000e-06	3.820864e-02	6.562830e+00
8.610000e-06	-4.986400e-02	6.848563e+00
8.620000e-06	3.087115e-02	7.070145e+00
8.630000e-06	-9.771668e-03	7.428059e+00
8.640000e-06	-2.716578e-02	7.679141e+00
8.650000e-06	1.661608e-02	7.944275e+00
8.660000e-06	-1.729983e-02	8.244988e+00
8.670000e-06	4.458150e-02	8.468061e+00
8.680000e-06	-4.264572e-02	8.668116e+00
8.690000e-06	-5.453812e-03	8.912215e+00
8.700000e-06	1.558355e-02	9.152299e+00
8.710000e-06	-1.717374e-02	9.364899e+00
8.720000e-06	5.018030e-03	9.617556e+00
8.730000e-06	-2.398980e-02	9.817038e+00
8.740000e-06	3.251147e-02	1.005911e+01
8.750000e-06	-2.463160e-02	1.020859e+01
8.760000e-06	-3.083552e-03	1.047019e+01
8.770000e-06	-1.717708e-02	1.066966e+01
8.780000e-06	1.223838e-02	1.085871e+01
8.790000e-06	3.217318e-04	1.106952e+01
8.800000e-06	-2.425825e-02	1.129114e+01
8.810000e-06	1.418084e-02	1.146163e+01
8.820000e-06	-3.199155e-03	1.166314e+01
8.830000e-06	-6.823670e-04	1.184969e+01
8.840000e-06	-2.643195e-02	1.202008e+01
8.850000e-06	1.154201e-02	1.216701e+01
8.860000e-06	-1.652298e-03	1.234555e+01
8.870000e-06	-1.081496e-02	1.256585e+01
8.880000e-06	-1.223263e-02	1.270320e+01
8.890000e-06	1.335560e-03	1.289124e+01
8.900000e-06	-1.198338e-04	1.303901e+01
8.910000e-06	-1.635737e-02	1.315750e+01
8.920000e-06	-1.689956e-03	1.330380e+01
8.930000e-06	-3.087331e-03	1.349019e+01
8.940000e-06	-4.802429e-03	1.362116e+01
8.950000e-06	-1.457241e-02	1.374585e+01
8.960000e-06	-4.861374e-03	1.387412e+01
8.970000e-06	-6.489700e-03	1.400151e+01
8.980000e-06	-1.023016e-02	1.418837e+01
8.990000e-06	-7.285521e-03	1.427619e+01
9.000000e-06	-5.321356e-03	1.438890e+01
9.010000e-06	-6.119366e-03	1.451276e+01
9.020000e-06	-1.298670e-02	1.456693e+01
9.030000e-06	-8.037911e-03	1.469074e+01
9.040000e-06	-1.061033e-02	1.470580e+01
9.050000e-06	-9.466337e-03	1.478895e+01
9.060000e-06	-1.096047e-02	1.487179e+01
9.070000e-06	-1.147696e-02	1.493432e+01
9.080000e-06	-1.072467e-02	1.495703e+01
9.090000e-06	-1.338965e-02	1.500998e+01
9.100000e-06	-1.067046e-02	1.505219e+01
9.110000e-06	-1.635016e-02	1.512524e+01
9.120000e-06	-1.540142e-02	1.512830e+01
9.130000e-06	-1.784402e-02	1.519005e+01
9.140000e-06	-1.719006e-02	1.518997e+01
9.150000e-06	-2.045350e-02	1.520356e+01
9.160000e-06	-2.158867e-02	1.522263e+01
9.170000e-06	-2.035940e-02	1.523111e+01
9.180000e-06	-2.423523e-02	1.526323e+01
9.190000e-06	-2.601872e-02	1.524474e+01
9.200000e-06	-2.900939e-02	1.526471e+01
9.210000e-06	-3.067637e-02	1.524468e+01
9.220000e-06	-3.670805e-02	1.524266e+01
9.230000e-06	-3.964225e-02	1.518206e+01
9.240000e-06	-4.226753e-02	1.520295e+01
9.250000e-06	-4.452285e-02	1.517843e+01
9.260000e-06	-4.481924e-02	1.510772e+01
9.270000e-06	-4.534144e-02	1.508516e+01
9.280000e-06	-4.095485e-02	1.506205e+01
9.290000e-06	-3.864118e-02	1.498603e+01
9.300000e-06	-3.479752e-02	1.495435e+01
9.310000e-06	-3.358632e-02	1.486170e+01
9.320000e-06	-2.900246e-02	1.478657e+01
9.330000e-06	-2.689310e-02	1.471384e+01
9.340000e-06	-2.402495e-02	1.465118e+01
9.350000e-06	-2.249594e-02	1.452534e+01
9.360000e-06	-1.898260e-02	1.444066e+01
9.370000e-06	-1.874599e-02	1.433731e+01
9.380000e-06	-1.582397e-02	1.422003e+01
9.390000e-06	-1.636403e-02	1.407483e+01
9.400000e-06	-1.267685e-02	1.394699e+01
9.410000e-06	-1.327785e-02	1.386115e+01
9.420000e-06	-1.175116e-02	1.369486e+01
9.430000e-06	-1.309635e-02	1.358050e+01
9.440000e-06	-1.105436e-02	1.342913e+01
9.450000e-06	-1.046396e-02	1.330491e+01
9.460000e-06	-1.080332e-02	1.318607e+01
9.470000e-06	-9.189637e-03	1.300002e+01
9.480000e-06	-1.007295e-02	1.289415e+01
9.490000e-06	-7.162294e-03	1.271489e+01
9.500000e-06	-7.228897e-03	1.261604e+01
9.510000e-06	-7.598546e-03	1.238765e+01
9.520000e-06	-8.031094e-03	1.229065e+01
9.530000e-06	-8.539783e-03	1.208368e+01
9.540000e-06	-6.866939e-03	1.188326e+01
9.550000e-06	-8.125626e-03	1.172334e+01
9.560000e-06	-5.438084e-03	1.151631e+01
9.570000e-06	-6.110703e-03	1.131479e+01
9.580000e-06	-7.067125e-03	1.109336e+01
9.590000e-06	-5.708139e-03	1.092234e+01
9.600000e-06	-5.490533e-03	1.076229e+01
9.610000e-06	-4.963927e-03	1.053228e+01
9.620000e-06	-6.564182e-03	1.028928e+01
9.630000e-06	-5.385302e-03	1.013876e+01
9.640000e-06	-5.571692e-03	9.846570e+00
9.650000e-06	-6.075486e-03	9.587502e+00
9.660000e-06	-5.790447e-03	9.415068e+00
9.670000e-06	-5.173608e-03	9.203437e+00
9.680000e-06	-4.551668e-03	8.924387e+00
9.690000e-06	-5.056172e-03	8.687781e+00
9.700000e-06	-5.341950e-03	8.527205e+00
9.710000e-06	-3.858450e-03	8.256127e+00
9.720000e-06	-5.241935e-03	8.005466e+00
9.730000e-06	-5.344374e-03	7.760362e+00
9.740000e-06	-5.749171e-03	7.437148e+00
9.750000e-06	-4.527896e-03	7.215012e+00
9.760000e-06	-5.547670e-03	6.962435e+00
9.770000e-06	-5.443370e-03	6.719407e+00
9.780000e-06	-5.450593e-03	6.425620e+00
9.790000e-06	-4.950356e-03	6.183490e+00
9.800000e-06	-5.020816e-03	5.980912e+00
9.810000e-06	-4.608641e-03	5.656151e+00
9.820000e-06	-4.312018e-03	5.423070e+00
9.830000e-06	-4.853418e-03	5.118773e+00
9.840000e-06	-4.947607e-03	4.801962e+00
9.850000e-06	-5.333642e-03	4.539308e+00
9.860000e-06	-4.282592e-03	4.306749e+00
9.870000e-06	-5.114342e-03	3.990887e+00
9.880000e-06	-4.719292e-03	3.726808e+00
9.890000e-06	-4.951002e-03	3.453719e+00
9.900000e-06	-5.252835e-03	3.139414e+00
9.910000e-06	-4.617602e-03	2.895301e+00
9.920000e-06	-4.915578e-03	2.622571e+00
9.930000e-06	-4.486250e-03	2.296804e+00
9.940000e-06	-5.086925e-03	2.032646e+00
9.950000e-06	-4.011968e-03	1.777882e+00
9.960000e-06	-4.266111e-03	1.462121e+00
9.970000e-06	-5.032316e-03	1.127863e+00
9.980000e-06	-4.200738e-03	8.211174e-01
9.990000e-06	-4.394017e-03	5.473567e-01
1.000000e-05	-3.991802e-03	2.642989e-01
1.001000e-05	-3.664991e-03	-5.161064e-02
1.002000e-05	6.654727e-03	-2.661922e-01
1.003000e-05	2.539102e-03	-5.503275e-01
1.004000e-05	-7.137887e-04	-8.410842e-01
1.005000e-05	1.775233e-03	-1.084241e+00
1.006000e-05	-8.811397e-04	-1.381479e+00
1.007000e-05	-2.807945e-03	-1.673511e+00
1.008000e-05	9.675021e-03	-1.874696e+00
1.009000e-05	2.982759e-02	-2.146120e+00
1.010000e-05	1.067748e-01	-2.442909e+00
1.011000e-05	-8.369371e-02	-2.729859e+00
1.012000e-05	-1.213658e-02	-3.110358e+00
1.013000e-05	-3.191925e-02	-3.421459e+00
1.014000e-05	-9.776001e-05	-3.624611e+00
1.015000e-05	-8.848100e-02	-3.865725e+00
1.016000e-05	4.319298e-02	-4.046687e+00
1.017000e-05	1.576775e-01	-4.244139e+00
1.018000e-05	-2.098319e-01	-4.561359e+00
1.019000e-05	2.023219e-01	-4.824506e+00
1.020000e-05	-1.027380e-01	-5.089199e+00
1.021000e-05	-1.631198e-02	-5.456563e+00
1.022000e-05	9.972042e-02	-5.677146e+00
1.023000e-05	-1.393506e-01	-5.960930e+00
1.024000e-05	1.709635e-01	-6.196035e+00
1.025000e-05	-1.287765e-01	-6.458795e+00
1.026000e-05	3.922540e-02	-6.782329e+00
1.027000e-05	2.923604e-02	-7.027561e+00
1.028000e-05	-8.277124e-02	-7.342851e+00
1.029000e-05	1.090739e-01	-7.546434e+00
1.030000e-05	-1.195960e-01	-7.857697e+00
1.031000e-05	1.376030e-01	-8.122321e+00
1.032000e-05	-8.054274e-02	-8.402934e+00
1.033000e-05	2.066641e-02	-8.638563e+00
1.034000e-05	2.419960e-02	-8.878242e+00
1.035000e-05	-4.986219e-02	-9.091172e+00
1.036000e-05	5.670662e-02	-9.292220e+00
1.037000e-05	-7.387109e-02	-9.544833e+00
1.038000e-05	9.612774e-02	-9.774404e+00
1.039000e-05	-5.516753e-02	-9.994954e+00
1.040000e-05	3.099101e-02	-1.019488e+01
1.041000e-05	-4.124952e-02	-1.038756e+01
1.042000e-05	2.854345e-02	-1.061646e+01
1.043000e-05	7.293649e-03	-1.074548e+01
1.044000e-05	-2.193962e-02	-1.103750e+01
1.045000e-05	2.768315e-02	-1.118748e+01
1.046000e-05	-1.367323e-02	-1.143041e+01
1.047000e-05	2.047350e-02	-1.161790e+01
1.048000e-05	-4.398419e-02	-1.179988e+01
1.049000e-05	4.154901e-02	-1.200793e+01
1.050000e-05	-1.250828e-02	-1.218648e+01
1.051000e-05	1.722952e-02	-1.233335e+01
1.052000e-05	-2.598345e-02	-1.250062e+01
1.053000e-05	2.639562e-02	-1.268064e+01
1.054000e-05	-6.723116e-03	-1.286811e+01
1.055000e-05	-4.942088e-03	-1.299693e+01
1.056000e-05	-2.115448e-03	-1.311577e+01
1.057000e-05	1.006316e-02	-1.331419e+01
1.058000e-05	8.489598e-03	-1.341003e+01
1.059000e-05	-1.023121e-02	-1.355640e+01
1.060000e-05	1.231776e-02	-1.371322e+01
1.061000e-05	-9.956223e-04	-1.388354e+01
1.062000e-05	5.211364e-03	-1.397785e+01
1.063000e-05	-4.755834e-03	-1.408522e+01
1.064000e-05	1.193564e-02	-1.424956e+01
1.065000e-05	3.147999e-03	-1.430480e+01
1.066000e-05	3.842587e-03	-1.445958e+01
1.067000e-05	3.248521e-03	-1.451579e+01
1.068000e-05	5.497946e-03	-1.457903e+01
1.069000e-05	5.024055e-03	-1.465165e+01
1.070000e-05	5.685212e-03	-1.475635e+01
1.071000e-05	7.771033e-03	-1.485053e+01
1.072000e-05	5.349677e-03	-1.486471e+01
1.073000e-05	5.343542e-03	-1.493742e+01
1.074000e-05	7.448316e-03	-1.495885e+01
1.075000e-05	6.165993e-03	-1.500001e+01
1.076000e-05	6.681037e-03	-1.506361e+01
1.077000e-05	9.663980e-03	-1.509482e+01
1.078000e-05	1.164929e-02	-1.514579e+01
1.079000e-05	1.146432e-02	-1.513545e+01
1.080000e-05	1.174590e-02	-1.516795e+01
1.081000e-05	1.470919e-02	-1.516798e+01
1.082000e-05	1.413358e-02	-1.521803e+01
1.083000e-05	1.680210e-02	-1.527161e+01
1.084000e-05	1.945267e-02	-1.525063e+01
1.085000e-05	2.332833e-02	-1.524161e+01
1.086000e-05	2.479898e-02	-1.522008e+01
1.087000e-05	2.753526e-02	-1.522948e+01
1.088000e-05	3.111137e-02	-1.516845e+01
1.089000e-05	3.460174e-02	-1.514892e+01
1.090000e-05	3.720406e-02	-1.515644e+01
1.091000e-05	3.853275e-02	-1.512576e+01
1.092000e-05	3.903192e-02	-1.507311e+01
1.093000e-05	3.717385e-02	-1.502961e+01
1.094000e-05	3.427301e-02	-1.493787e+01
1.095000e-05	2.978867e-02	-1.490671e+01
1.096000e-05	2.708102e-02	-1.483209e+01
1.097000e-05	2.402011e-02	-1.479747e+01
1.098000e-05	2.052515e-02	-1.469321e+01
1.099000e-05	1.764936e-02	-1.460856e+01
1.100000e-05	1.585986e-02	-1.447338e+01
1.101000e-05	1.336352e-02	-1.443118e+01
1.102000e-05	1.089899e-02	-1.434519e+01
1.103000e-05	8.432248e-03	-1.422957e+01
1.104000e-05	8.906346e-03	-1.409368e+01
1.105000e-05	7.286194e-03	-1.392692e+01
1.106000e-05	4.571932e-03	-1.387111e+01
1.107000e-05	4.897286e-03	-1.372439e+01
1.108000e-05	4.466497e-03	-1.361497e+01
1.109000e-05	2.768862e-03	-1.349953e+01
1.110000e-05	2.266877e-03	-1.328424e+01
1.111000e-05	1.762600e-03	-1.320752e+01
1.112000e-05	2.105534e-03	-1.304805e+01
1.113000e-05	1.461015e-03	-1.290338e+01
1.114000e-05	2.093084e-05	-1.275487e+01
1.115000e-05	2.825847e-04	-1.260810e+01
1.116000e-05	-2.152247e-04	-1.247070e+01
1.117000e-05	-1.195161e-04	-1.226068e+01
1.118000e-05	2.045026e-04	-1.213321e+01
1.119000e-05	-1.131490e-03	-1.193341e+01
1.120000e-05	-4.590617e-04	-1.171274e+01
1.121000e-05	-1.414780e-03	-1.149331e+01
1.122000e-05	-1.532144e-03	-1.134224e+01
1.123000e-05	-2.489186e-03	-1.109175e+01
1.124000e-05	-2.151259e-03	-1.091978e+01
1.125000e-05	-1.878187e-03	-1.073079e+01
1.126000e-05	-2.111026e-03	-1.057168e+01
1.127000e-05	-3.275662e-03	-1.029071e+01
1.128000e-05	-2.124815e-03	-1.008063e+01
1.129000e-05	-2.854052e-03	-9.846178e+00
1.130000e-05	-4.368669e-03	-9.656699e+00
1.131000e-05	-4.689685e-03	-9.436523e+00
1.132000e-05	-3.248485e-03	-9.193470e+00
1.133000e-05	-3.587772e-03	-8.961863e+00
1.134000e-05	-4.465530e-03	-8.721463e+00
1.135000e-05	-4.647297e-03	-8.470629e+00
1.136000e-05	-4.826780e-03	-8.256622e+00
1.137000e-05	-4.021559e-03	-7.995145e+00
1.138000e-05	-4.741052e-03	-7.731388e+00
1.139000e-05	-4.211292e-03	-7.448651e+00
1.140000e-05	-4.735485e-03	-7.235045e+00
1.141000e-05	-4.555358e-03	-6.971365e+00
1.142000e-05	-6.087484e-03	-6.738828e+00
1.143000e-05	-4.615649e-03	-6.476680e+00
1.144000e-05	-5.287941e-03	-6.215092e+00
1.145000e-05	-3.451218e-03	-5.950463e+00
1.146000e-05	-5.697505e-03	-5.676679e+00
1.147000e-05	-4.387995e-03	-5.416091e+00
1.148000e-05	-5.895356e-03	-5.110781e+00
1.149000e-05	-3.195504e-03	-4.791488e+00
1.150000e-05	-4.439980e-03	-4.528309e+00
1.151000e-05	-4.967010e-03	-4.296779e+00
1.152000e-05	-5.424012e-03	-4.035120e+00
1.153000e-05	-3.723809e-03	-3.748964e+00
1.154000e-05	-5.491934e-03	-3.486229e+00
1.155000e-05	-5.434401e-03	-3.243992e+00
1.156000e-05	-6.187989e-03	-2.915878e+00
1.157000e-05	-4.245464e-03	-2.621571e+00
1.158000e-05	-7.075991e-03	-2.378930e+00
1.159000e-05	-4.243192e-03	-2.034671e+00
1.160000e-05	-6.799187e-03	-1.789837e+00
1.161000e-05	-3.967741e-03	-1.525653e+00
1.162000e-05	-7.199983e-03	-1.168412e+00
1.163000e-05	-4.490256e-03	-8.842277e-01
1.164000e-05	-6.611441e-03	-5.884357e-01
1.165000e-05	-4.743370e-03	-3.237564e-01
1.166000e-05	-5.282666e-03	-1.157492e-02
1.167000e-05	3.973523e-03	2.140696e-01
1.168000e-05	4.040452e-04	5.072722e-01
1.169000e-05	-4.679188e-03	7.598251e-01
1.170000e-05	1.556660e-03	1.044020e+00
1.171000e-05	-2.864664e-03	1.348326e+00
1.172000e-05	-2.549874e-03	1.655591e+00
1.173000e-05	-2.327025e-03	1.886217e+00
1.174000e-05	1.265897e-02	2.086217e+00
1.175000e-05	3.942671e-02	2.379927e+00
1.176000e-05	7.742809e-02	2.725622e+00
1.177000e-05	-9.035620e-02	2.994536e+00
1.178000e-05	-1.566413e-02	3.246640e+00
1.179000e-05	-3.354741e-02	3.570975e+00
1.180000e-05	5.532776e-03	3.813557e+00
1.181000e-05	-5.542422e-02	3.993987e+00
1.182000e-05	2.685949e-04	4.257245e+00
1.183000e-05	7.631211e-02	4.518296e+00
1.184000e-05	-1.923642e-02	4.823458e+00
1.185000e-05	-6.106459e-02	5.076191e+00
1.186000e-05	1.373959e-01	5.372955e+00
1.187000e-05	-1.540970e-01	5.676613e+00
1.188000e-05	9.909079e-02	5.900647e+00
1.189000e-05	-4.624058e-02	6.153433e+00
1.190000e-05	2.236596e-02	6.406236e+00
1.191000e-05	-7.599181e-03	6.730301e+00
1.192000e-05	-3.053399e-02	6.963504e+00
1.193000e-05	5.335958e-02	7.257621e+00
1.194000e-05	-6.639133e-02	7.553405e+00
1.195000e-05	3.213920e-02	7.806439e+00
1.196000e-05	-3.174577e-02	8.050267e+00
1.197000e-05	3.939052e-02	8.330826e+00
1.198000e-05	-2.806770e-03	8.572377e+00
1.199000e-05	-3.802771e-02	8.813533e+00
1.200000e-05	2.507732e-02	9.026612e+00
1.201000e-05	-1.882129e-02	9.249666e+00
1.202000e-05	7.218277e-03	9.509645e+00
1.203000e-05	-2.715499e-02	9.734673e+00
1.204000e-05	2.398525e-02	9.933300e+00
1.205000e-05	-5.771715e-03	1.012390e+01
1.206000e-05	-9.666501e-03	1.039543e+01
1.207000e-05	-1.960888e-02	1.054438e+01
1.208000e-05	4.788950e-03	1.073446e+01
1.209000e-05	9.222803e-03	1.095645e+01
1.210000e-05	-1.643920e-02	1.112595e+01
1.211000e-05	-4.661995e-03	1.134693e+01
1.212000e-05	3.861433e-03	1.156546e+01
1.213000e-05	4.475120e-03	1.177541e+01
1.214000e-05	-2.417834e-02	1.192430e+01
1.215000e-05	8.741354e-04	1.211378e+01
1.216000e-05	3.641530e-03	1.234169e+01
1.217000e-05	-1.246184e-03	1.248169e+01
1.218000e-05	-2.004355e-02	1.262063e+01
1.219000e-05	-1.088237e-03	1.278940e+01
1.220000e-05	2.400865e-03	1.294435e+01
1.221000e-05	-1.209428e-02	1.310382e+01
1.222000e-05	-1.069521e-02	1.326056e+01
1.223000e-05	-3.841807e-03	1.340993e+01
1.224000e-05	1.770020e-03	1.357685e+01
1.225000e-05	-1.289621e-02	1.366479e+01
1.226000e-05	-4.553464e-03	1.381854e+01
1.227000e-05	-7.338587e-03	1.396787e+01
1.228000e-05	-7.349019e-03	1.410567e+01
1.229000e-05	-1.365569e-02	1.419109e+01
1.230000e-05	-5.982598e-03	1.431638e+01
1.231000e-05	-5.912710e-03	1.443121e+01
1.232000e-05	-1.141061e-02	1.450582e+01
1.233000e-05	-8.339754e-03	1.462758e+01
1.234000e-05	-1.053325e-02	1.470322e+01
1.235000e-05	-7.645803e-03	1.481548e+01
1.236000e-05	-1.107335e-02	1.482961e+01
1.237000e-05	-8.933449e-03	1.488276e+01
1.238000e-05	-1.372757e-02	1.496635e+01
1.239000e-05	-1.257658e-02	1.497798e+01
1.240000e-05	-1.391850e-02	1.504256e+01
1.241000e-05	-1.314443e-02	1.507369e+01
1.242000e-05	-1.524842e-02	1.514884e+01
1.243000e-05	-1.884244e-02	1.518785e+01
1.244000e-05	-1.516319e-02	1.517100e+01
1.245000e-05	-1.916974e-02	1.521110e+01
1.246000e-05	-1.999108e-02	1.524258e+01
1.247000e-05	-2.200485e-02	1.522221e+01
1.248000e-05	-2.193654e-02	1.526371e+01
1.249000e-05	-2.611260e-02	1.527511e+01
1.250000e-05	-2.866846e-02	1.524569e+01
1.251000e-05	-3.072718e-02	1.526365e+01
1.252000e-05	-3.500722e-02	1.523461e+01
1.253000e-05	-3.640415e-02	1.520313e+01
1.254000e-05	-4.158983e-02	1.523200e+01
1.255000e-05	-4.244212e-02	1.515952e+01
1.256000e-05	-4.511962e-02	1.514692e+01
1.257000e-05	-4.430462e-02	1.516634e+01
1.258000e-05	-4.355177e-02	1.509216e+01
1.259000e-05	-4.162281e-02	1.501150e+01
1.260000e-05	-3.730093e-02	1.494645e+01
1.261000e-05	-3.526909e-02	1.489374e+01
1.262000e-05	-2.878057e-02	1.479955e+01
1.263000e-05	-2.636723e-02	1.475590e+01
1.264000e-05	-2.376857e-02	1.469116e+01
1.265000e-05	-2.296428e-02	1.456802e+01
1.266000e-05	-2.080435e-02	1.449381e+01
1.267000e-05	-1.899468e-02	1.438995e+01
1.268000e-05	-1.756962e-02	1.431171e+01
1.269000e-05	-1.628731e-02	1.417594e+01
1.270000e-05	-1.491755e-02	1.399065e+01
1.271000e-05	-1.320170e-02	1.390426e+01
1.272000e-05	-1.281122e-02	1.380897e+01
1.273000e-05	-1.267497e-02	1.368361e+01
1.274000e-05	-1.156163e-02	1.351629e+01
1.275000e-05	-1.127250e-02	1.339697e+01
1.276000e-05	-9.890003e-03	1.326113e+01
1.277000e-05	-1.000665e-02	1.312376e+01
1.278000e-05	-8.335258e-03	1.297591e+01
1.279000e-05	-9.933041e-03	1.277847e+01
1.280000e-05	-8.429361e-03	1.265063e+01
1.281000e-05	-8.526403e-03	1.251181e+01
1.282000e-05	-7.064723e-03	1.232344e+01
1.283000e-05	-8.024329e-03	1.217452e+01
1.284000e-05	-6.836726e-03	1.199802e+01
1.285000e-05	-7.323392e-03	1.183807e+01
1.286000e-05	-6.956885e-03	1.160807e+01
1.287000e-05	-6.342543e-03	1.144812e+01
1.288000e-05	-6.136782e-03	1.121905e+01
1.289000e-05	-6.602977e-03	1.100560e+01
1.290000e-05	-6.132083e-03	1.085715e+01
1.291000e-05	-4.803738e-03	1.060860e+01
1.292000e-05	-5.648150e-03	1.041850e+01
1.293000e-05	-6.184752e-03	1.018299e+01
1.294000e-05	-5.779710e-03	9.943508e+00
1.295000e-05	-5.167972e-03	9.731786e+00
1.296000e-05	-5.363959e-03	9.508279e+00
1.297000e-05	-5.860491e-03	9.299705e+00
1.298000e-05	-5.057357e-03	9.016095e+00
1.299000e-05	-4.892884e-03	8.785496e+00
1.300000e-05	-4.452198e-03	8.573994e+00
1.301000e-05	-5.414924e-03	8.361415e+00
1.302000e-05	-5.054072e-03	8.131309e+00
1.303000e-05	-5.671608e-03	7.866150e+00
1.304000e-05	-5.542171e-03	7.595072e+00
1.305000e-05	-5.413395e-03	7.320336e+00
1.306000e-05	-5.129171e-03	7.056253e+00
1.307000e-05	-4.977170e-03	6.814645e+00
1.308000e-05	-4.872108e-03	6.542388e+00
1.309000e-05	-5.561333e-03	6.307307e+00
1.310000e-05	-5.047570e-03	6.096705e+00
1.311000e-05	-4.927078e-03	5.783595e+00
1.312000e-05	-3.893107e-03	5.590413e+00
1.313000e-05	-5.101869e-03	5.257278e+00
1.314000e-05	-6.218344e-03	4.929803e+00
1.315000e-05	-5.180054e-03	4.643649e+00
1.316000e-05	-3.646130e-03	4.401991e+00
1.317000e-05	-4.415892e-03	4.068279e+00
1.318000e-05	-5.624268e-03	3.853545e+00
1.319000e-05	-4.851092e-03	3.580462e+00
1.320000e-05	-4.309689e-03	3.274279e+00
1.321000e-05	-4.728543e-03	2.991542e+00
1.322000e-05	-5.223581e-03	2.799432e+00
1.323000e-05	-4.740105e-03	2.443644e+00
1.324000e-05	-4.428156e-03	2.148383e+00
1.325000e-05	-4.415856e-03	1.904280e+00
1.326000e-05	-5.213806e-03	1.578963e+00
1.327000e-05	-4.541702e-03	1.304283e+00
1.328000e-05	-4.762305e-03	9.784894e-01
1.329000e-05	-4.061779e-03	6.931979e-01
1.330000e-05	-4.113950e-03	4.015449e-01
1.331000e-05	-2.047486e-03	8.475289e-02
1.332000e-05	8.042654e-04	-1.498789e-01
1.333000e-05	1.016897e-02	-4.119592e-01
1.334000e-05	-8.289833e-03	-6.962249e-01
1.335000e-05	7.471580e-03	-9.314513e-01
1.336000e-05	-5.155648e-03	-1.162614e+00
1.337000e-05	5.447284e-03	-1.499351e+00
1.338000e-05	-4.746375e-03	-1.770856e+00
1.339000e-05	2.440887e-02	-1.981404e+00
1.340000e-05	6.551453e-02	-2.275964e+00
1.341000e-05	4.448152e-02	-2.580909e+00
1.342000e-05	-1.080154e-01	-2.949385e+00
1.343000e-05	2.888644e-02	-3.318796e+00
1.344000e-05	-4.972696e-02	-3.537222e+00
1.345000e-05	-7.546808e-03	-3.721357e+00
1.346000e-05	-1.002830e-01	-3.992382e+00
1.347000e-05	2.065985e-01	-4.129351e+00
1.348000e-05	-9.280794e-02	-4.404461e+00
1.349000e-05	-2.818809e-02	-4.747701e+00
1.350000e-05	1.463408e-01	-4.921401e+00
1.351000e-05	-2.013137e-01	-5.258072e+00
1.352000e-05	1.902474e-01	-5.531904e+00
1.353000e-05	-1.285467e-01	-5.815017e+00
1.354000e-05	7.105088e-02	-6.059167e+00
1.355000e-05	4.134653e-02	-6.319776e+00
1.356000e-05	-1.199090e-01	-6.665593e+00
1.357000e-05	1.321133e-01	-6.880193e+00
1.358000e-05	-1.221255e-01	-7.186986e+00
1.359000e-05	7.938442e-02	-7.487642e+00
1.360000e-05	-3.955777e-02	-7.714277e+00
1.361000e-05	9.235520e-03	-8.026563e+00
1.362000e-05	7.651064e-02	-8.227017e+00
1.363000e-05	-1.057844e-01	-8.513146e+00
1.364000e-05	9.544635e-02	-8.774378e+00
1.365000e-05	-7.731625e-02	-8.935983e+00
1.366000e-05	5.249824e-02	-9.224533e+00
1.367000e-05	-4.080370e-02	-9.417513e+00
1.368000e-05	2.355057e-02	-9.700190e+00
1.369000e-05	3.065744e-02	-9.859195e+00
1.370000e-05	-3.387948e-02	-1.008260e+01
1.371000e-05	1.947018e-02	-1.026182e+01
1.372000e-05	-3.853130e-02	-1.051382e+01
1.373000e-05	5.722553e-02	-1.067267e+01
1.374000e-05	-4.293194e-02	-1.091372e+01
1.375000e-05	2.863017e-02	-1.109225e+01
1.376000e-05	-1.380168e-02	-1.131325e+01
1.377000e-05	2.354237e-02	-1.152330e+01
1.378000e-05	-3.029479e-02	-1.170317e+01
1.379000e-05	6.448310e-03	-1.190320e+01
1.380000e-05	1.603958e-02	-1.209369e+01
1.381000e-05	1.272868e-03	-1.225061e+01
1.382000e-05	-4.454455e-03	-1.241954e+01
1.383000e-05	-5.162033e-03	-1.258753e+01
1.384000e-05	2.048345e-02	-1.274540e+01
1.385000e-05	-1.931327e-02	-1.289482e+01
1.386000e-05	4.750333e-03	-1.304961e+01
1.387000e-05	-3.403221e-03	-1.322053e+01
1.388000e-05	2.128653e-02	-1.335792e+01
1.389000e-05	-1.250414e-02	-1.348377e+01
1.390000e-05	8.538942e-03	-1.367166e+01
1.391000e-05	1.897216e-03	-1.375803e+01
1.392000e-05	7.602727e-03	-1.393282e+01
1.393000e-05	-5.381705e-03	-1.402209e+01
1.394000e-05	6.464209e-03	-1.420698e+01
1.395000e-05	7.056325e-03	-1.427469e+01
1.396000e-05	2.635377e-03	-1.438645e+01
1.397000e-05	3.934719e-03	-1.448364e+01
1.398000e-05	3.980112e-03	-1.455693e+01
1.399000e-05	7.804340e-03	-1.464061e+01
1.400000e-05	3.201755e-03	-1.474364e+01
1.401000e-05	7.524071e-03	-1.476837e+01
1.402000e-05	4.971494e-03	-1.484156e+01
1.403000e-05	7.889003e-03	-1.492529e+01
1.404000e-05	6.021072e-03	-1.495693e+01
1.405000e-05	8.111380e-03	-1.500098e+01
1.406000e-05	4.590843e-03	-1.505358e+01
1.407000e-05	8.856085e-03	-1.509477e+01
1.408000e-05	1.130530e-02	-1.514535e+01
1.409000e-05	1.215853e-02	-1.515692e+01
1.410000e-05	1.050374e-02	-1.519702e+01
1.411000e-05	1.257381e-02	-1.520897e+01
1.412000e-05	1.543735e-02	-1.523002e+01
1.413000e-05	1.475028e-02	-1.524953e+01
1.414000e-05	1.863157e-02	-1.523058e+01
1.415000e-05	2.123242e-02	-1.522165e+01
1.416000e-05	2.495966e-02	-1.524100e+01
1.417000e-05	2.593825e-02	-1.521008e+01
1.418000e-05	2.838973e-02	-1.520951e+01
1.419000e-05	3.415944e-02	-1.516855e+01
1.420000e-05	3.634108e-02	-1.517599e+01
1.421000e-05	3.839012e-02	-1.514622e+01
1.422000e-05	3.831263e-02	-1.510376e+01
1.423000e-05	3.798546e-02	-1.509113e+01
1.424000e-05	3.593718e-02	-1.500100e+01
1.425000e-05	3.182758e-02	-1.493682e+01
1.426000e-05	2.730826e-02	-1.487323e+01
1.427000e-05	2.509321e-02	-1.479208e+01
1.428000e-05	2.212358e-02	-1.475484e+01
1.429000e-05	1.907715e-02	-1.464063e+01
1.430000e-05	1.532380e-02	-1.452647e+01
1.431000e-05	1.382472e-02	-1.446221e+01
1.432000e-05	1.237594e-02	-1.437540e+01
1.433000e-05	1.028036e-02	-1.425165e+01
1.434000e-05	9.304232e-03	-1.413689e+01
1.435000e-05	7.076167e-03	-1.402000e+01
1.436000e-05	5.275628e-03	-1.392321e+01
1.437000e-05	6.223682e-03	-1.378555e+01
1.438000e-05	5.314952e-03	-1.365865e+01
1.439000e-05	3.103911e-03	-1.349326e+01
1.440000e-05	2.035372e-03	-1.336552e+01
1.441000e-05	2.431922e-03	-1.326105e+01
1.442000e-05	2.328167e-03	-1.310276e+01
1.443000e-05	2.296831e-04	-1.297444e+01
1.444000e-05	8.016456e-04	-1.280910e+01
1.445000e-05	1.539860e-03	-1.268163e+01
1.446000e-05	4.724523e-04	-1.252521e+01
1.447000e-05	-6.803594e-04	-1.237537e+01
1.448000e-05	-6.574827e-04	-1.219537e+01
1.449000e-05	-6.472515e-04	-1.202765e+01
1.450000e-05	-8.930792e-04	-1.182810e+01
1.451000e-05	-1.153092e-03	-1.164853e+01
1.452000e-05	-1.545779e-03	-1.142655e+01
1.453000e-05	-9.624219e-04	-1.117544e+01
1.454000e-05	-2.222877e-03	-1.101647e+01
1.455000e-05	-2.093234e-03	-1.078607e+01
1.456000e-05	-2.225392e-03	-1.063555e+01
1.457000e-05	-2.563297e-03	-1.035650e+01
1.458000e-05	-3.177416e-03	-1.020434e+01
1.459000e-05	-3.545939e-03	-9.954370e+00
1.460000e-05	-3.972570e-03	-9.762341e+00
1.461000e-05	-3.921428e-03	-9.513384e+00
1.462000e-05	-3.198472e-03	-9.260755e+00
1.463000e-05	-3.213021e-03	-9.078180e+00
1.464000e-05	-3.685353e-03	-8.865202e+00
1.465000e-05	-3.931730e-03	-8.584390e+00
1.466000e-05	-3.713987e-03	-8.360935e+00
1.467000e-05	-5.189830e-03	-8.152311e+00
1.468000e-05	-5.333152e-03	-7.927726e+00
1.469000e-05	-5.072830e-03	-7.577042e+00
1.470000e-05	-4.462316e-03	-7.351387e+00
1.471000e-05	-5.273592e-03	-7.078728e+00
1.472000e-05	-4.972959e-03	-6.836146e+00
1.473000e-05	-4.587816e-03	-6.562940e+00
1.474000e-05	-3.535716e-03	-6.290388e+00
1.475000e-05	-5.339603e-03	-6.057680e+00
1.476000e-05	-4.630659e-03	-5.814043e+00
1.477000e-05	-5.451335e-03	-5.561984e+00
1.478000e-05	-4.334151e-03	-5.256700e+00
1.479000e-05	-5.102710e-03	-4.941907e+00
1.480000e-05	-3.704577e-03	-4.635021e+00
1.481000e-05	-5.769220e-03	-4.410521e+00
1.482000e-05	-4.951632e-03	-4.170982e+00
1.483000e-05	-5.195020e-03	-3.906705e+00
1.484000e-05	-4.048895e-03	-3.611595e+00
1.485000e-05	-4.958870e-03	-3.326911e+00
1.486000e-05	-6.332842e-03	-3.084170e+00
1.487000e-05	-5.271218e-03	-2.748937e+00
1.488000e-05	-7.325523e-03	-2.484700e+00
1.489000e-05	-5.442888e-03	-2.191663e+00
1.490000e-05	-6.523778e-03	-1.914785e+00
1.491000e-05	-4.443951e-03	-1.642124e+00
1.492000e-05	-6.834861e-03	-1.305829e+00
1.493000e-05	-4.347579e-03	-1.010961e+00
1.494000e-05	-7.135603e-03	-7.058079e-01
1.495000e-05	-4.515805e-03	-4.205949e-01
1.496000e-05	-5.240791e-03	-1.953404e-01
1.497000e-05	-2.087293e-03	1.042535e-01
1.498000e-05	5.559952e-03	4.000603e-01
1.499000e-05	-8.865930e-03	6.635421e-01
1.500000e-05	4.870695e-03	9.267713e-01
1.501000e-05	-5.518832e-03	1.211061e+00
1.502000e-05	2.470696e-03	1.475115e+00
1.503000e-05	-8.798677e-03	1.781457e+00
1.504000e-05	1.247413e-02	2.001557e+00
1.505000e-05	1.221837e-02	2.212534e+00
1.506000e-05	8.659392e-02	2.477724e+00
1.507000e-05	-1.600701e-02	2.854167e+00
1.508000e-05	-6.829195e-02	3.158824e+00
1.509000e-05	-1.893565e-02	3.403488e+00
1.510000e-05	-1.411792e-02	3.708195e+00
1.511000e-05	-2.237087e-02	3.960697e+00
1.512000e-05	-4.128621e-02	4.152452e+00
1.513000e-05	3.846726e-02	4.402005e+00
1.514000e-05	8.419364e-02	4.646571e+00
1.515000e-05	-1.430544e-01	4.954253e+00
1.516000e-05	1.441876e-01	5.225487e+00
1.517000e-05	-7.740934e-02	5.550275e+00
1.518000e-05	-1.031422e-02	5.762408e+00
1.519000e-05	3.755903e-02	6.068591e+00
1.520000e-05	-3.205297e-02	6.269775e+00
1.521000e-05	3.576435e-02	6.563984e+00
1.522000e-05	-5.305766e-02	6.880615e+00
1.523000e-05	3.806312e-02	7.130799e+00
1.524000e-05	-1.813929e-02	7.406088e+00
1.525000e-05	-1.803064e-02	7.689267e+00
1.526000e-05	1.146923e-02	7.963356e+00
1.527000e-05	-1.189637e-02	8.217959e+00
1.528000e-05	4.184711e-02	8.446619e+00
1.529000e-05	-4.604627e-02	8.677716e+00
1.530000e-05	-1.890862e-03	8.953744e+00
1.531000e-05	1.175538e-02	9.141804e+00
1.532000e-05	-1.366943e-02	9.383975e+00
1.533000e-05	2.543876e-03	9.618032e+00
1.534000e-05	-2.027587e-02	9.849064e+00
1.535000e-05	2.973641e-02	1.005966e+01
1.536000e-05	-2.353320e-02	1.024957e+01
1.537000e-05	-5.114963e-03	1.048117e+01
1.538000e-05	-1.487413e-02	1.066917e+01
1.539000e-05	1.262351e-02	1.087179e+01
1.540000e-05	-9.267618e-04	1.104916e+01
1.541000e-05	-2.189101e-02	1.124217e+01
1.542000e-05	1.066140e-02	1.149112e+01
1.543000e-05	-2.308798e-03	1.163164e+01
1.544000e-05	-3.333434e-03	1.183907e+01
1.545000e-05	-2.342437e-02	1.208108e+01
1.546000e-05	1.332014e-02	1.219853e+01
1.547000e-05	-1.188545e-03	1.235700e+01
1.548000e-05	-1.105929e-02	1.252687e+01
1.549000e-05	-1.203725e-02	1.269320e+01
1.550000e-05	8.673252e-04	1.288424e+01
1.551000e-05	-2.232309e-03	1.303994e+01
1.552000e-05	-1.725007e-02	1.315805e+01
1.553000e-05	-1.669389e-03	1.331580e+01
1.554000e-05	-2.110815e-03	1.350215e+01
1.555000e-05	-4.487337e-03	1.365156e+01
1.556000e-05	-1.204109e-02	1.374687e+01
1.557000e-05	-3.418502e-03	1.388472e+01
1.558000e-05	-6.496377e-03	1.404201e+01
1.559000e-05	-1.240827e-02	1.416038e+01
1.560000e-05	-8.676643e-03	1.426327e+01
1.561000e-05	-7.045559e-03	1.440745e+01
1.562000e-05	-6.582542e-03	1.449374e+01
1.563000e-05	-1.250568e-02	1.456695e+01
1.564000e-05	-7.906375e-03	1.464922e+01
1.565000e-05	-9.973166e-03	1.474630e+01
1.566000e-05	-9.053040e-03	1.478758e+01
1.567000e-05	-1.056373e-02	1.485264e+01
1.568000e-05	-1.131084e-02	1.491482e+01
1.569000e-05	-1.098624e-02	1.495090e+01
1.570000e-05	-1.457230e-02	1.502958e+01
1.571000e-05	-1.222689e-02	1.503261e+01
1.572000e-05	-1.772600e-02	1.515734e+01
1.573000e-05	-1.588452e-02	1.514785e+01
1.574000e-05	-1.643018e-02	1.519103e+01
1.575000e-05	-1.595780e-02	1.519100e+01
1.576000e-05	-1.996837e-02	1.521218e+01
1.577000e-05	-2.231017e-02	1.523366e+01
1.578000e-05	-2.135292e-02	1.526463e+01
1.579000e-05	-2.465639e-02	1.526473e+01
1.580000e-05	-2.649283e-02	1.527421e+01
1.581000e-05	-3.095332e-02	1.525271e+01
1.582000e-05	-3.125219e-02	1.525321e+01
1.583000e-05	-3.627254e-02	1.525316e+01
1.584000e-05	-3.922081e-02	1.523068e+01
1.585000e-05	-4.228403e-02	1.523000e+01
1.586000e-05	-4.432574e-02	1.515995e+01
1.587000e-05	-4.442515e-02	1.514692e+01
1.588000e-05	-4.563383e-02	1.509429e+01
1.589000e-05	-4.168994e-02	1.503256e+01
1.590000e-05	-3.937121e-02	1.496898e+01
1.591000e-05	-3.425761e-02	1.492333e+01
1.592000e-05	-3.286153e-02	1.485163e+01
1.593000e-05	-2.850107e-02	1.483650e+01
1.594000e-05	-2.610988e-02	1.473231e+01
1.595000e-05	-2.318363e-02	1.461095e+01
1.596000e-05	-2.231945e-02	1.452534e+01
1.597000e-05	-1.956770e-02	1.445160e+01
1.598000e-05	-1.998311e-02	1.436437e+01
1.599000e-05	-1.636810e-02	1.420915e+01
1.600000e-05	-1.692473e-02	1.407588e+01
1.601000e-05	-1.312520e-02	1.394692e+01
1.602000e-05	-1.362864e-02	1.386120e+01
1.603000e-05	-1.087178e-02	1.372671e+01
1.604000e-05	-1.216702e-02	1.357739e+01
1.605000e-05	-9.966973e-03	1.349068e+01
1.606000e-05	-1.193339e-02	1.330286e+01
1.607000e-05	-9.372991e-03	1.317594e+01
1.608000e-05	-9.914178e-03	1.304902e+01
1.609000e-05	-8.851951e-03	1.289171e+01
1.610000e-05	-9.518192e-03	1.268184e+01
1.611000e-05	-8.467355e-03	1.259445e+01
1.612000e-05	-7.427720e-03	1.241813e+01
1.613000e-05	-7.540590e-03	1.227010e+01
1.614000e-05	-8.317046e-03	1.204115e+01
1.615000e-05	-5.259565e-03	1.188978e+01
1.616000e-05	-8.912595e-03	1.170181e+01
1.617000e-05	-4.404024e-03	1.152238e+01
1.618000e-05	-6.414765e-03	1.127326e+01
1.619000e-05	-6.908101e-03	1.111123e+01
1.620000e-05	-4.888316e-03	1.091334e+01
1.621000e-05	-7.396001e-03	1.070183e+01
1.622000e-05	-3.816946e-03	1.048071e+01
1.623000e-05	-6.786358e-03	1.026865e+01
1.624000e-05	-4.925524e-03	1.008918e+01
1.625000e-05	-6.027173e-03	9.855994e+00
1.626000e-05	-6.274246e-03	9.585470e+00
1.627000e-05	-4.360034e-03	9.383494e+00
1.628000e-05	-6.248446e-03	9.173509e+00
1.629000e-05	-4.317887e-03	8.942807e+00
1.630000e-05	-6.462795e-03	8.658178e+00
1.631000e-05	-4.960208e-03	8.467182e+00
1.632000e-05	-4.584556e-03	8.186644e+00
1.633000e-05	-6.543108e-03	7.953511e+00
1.634000e-05	-5.348694e-03	7.752334e+00
1.635000e-05	-5.937695e-03	7.437773e+00
1.636000e-05	-5.046881e-03	7.213513e+00
1.637000e-05	-5.555346e-03	6.962390e+00
1.638000e-05	-4.936847e-03	6.680353e+00
1.639000e-05	-4.521568e-03	6.423544e+00
1.640000e-05	-5.547670e-03	6.202964e+00
1.641000e-05	-4.969120e-03	5.937884e+00
1.642000e-05	-5.545382e-03	5.636174e+00
1.643000e-05	-5.312338e-03	5.393549e+00
1.644000e-05	-5.121290e-03	5.066802e+00
1.645000e-05	-4.359208e-03	4.772486e+00
1.646000e-05	-3.811381e-03	4.497330e+00
1.647000e-05	-4.121045e-03	4.265251e+00
1.648000e-05	-4.421755e-03	3.999938e+00
1.649000e-05	-5.342583e-03	3.705707e+00
1.650000e-05	-5.014842e-03	3.432590e+00
1.651000e-05	-5.431678e-03	3.108362e+00
1.652000e-05	-4.622390e-03	2.854728e+00
1.653000e-05	-3.746130e-03	2.541463e+00
1.654000e-05	-3.915591e-03	2.294750e+00
1.655000e-05	-5.310429e-03	2.021616e+00
1.656000e-05	-5.114201e-03	1.766407e+00
1.657000e-05	-4.425440e-03	1.461093e+00
1.658000e-05	-4.525908e-03	1.146303e+00
1.659000e-05	-4.396045e-03	7.895684e-01
1.660000e-05	-4.025607e-03	5.068583e-01
1.661000e-05	-4.154697e-03	2.731972e-01
1.662000e-05	-1.008232e-03	-4.109053e-02
1.663000e-05	7.629608e-03	-2.962208e-01
1.664000e-05	4.636296e-04	-5.499328e-01
1.665000e-05	-5.706909e-04	-8.036370e-01
1.666000e-05	8.208515e-04	-1.074196e+00
1.667000e-05	8.122444e-04	-1.451964e+00
1.668000e-05	-3.058765e-03	-1.634093e+00
1.669000e-05	1.082114e-02	-1.864642e+00
1.670000e-05	3.182783e-02	-2.097775e+00
1.671000e-05	1.088968e-01	-2.402439e+00
1.672000e-05	-9.688329e-02	-2.781960e+00
1.673000e-05	-1.079320e-03	-3.190381e+00
1.674000e-05	-3.854661e-02	-3.423008e+00
1.675000e-05	5.628263e-03	-3.614034e+00
1.676000e-05	-9.722007e-02	-3.867675e+00
1.677000e-05	6.426687e-02	-4.077217e+00
1.678000e-05	1.382026e-01	-4.244566e+00
1.679000e-05	-2.069357e-01	-4.552935e+00
1.680000e-05	2.155876e-01	-4.825583e+00
1.681000e-05	-1.317163e-01	-5.101201e+00
1.682000e-05	1.306118e-02	-5.477589e+00
1.683000e-05	7.286122e-02	-5.667295e+00
1.684000e-05	-1.253307e-01	-5.993409e+00
1.685000e-05	1.721313e-01	-6.183613e+00
1.686000e-05	-1.380502e-01	-6.488249e+00
1.687000e-05	5.921191e-02	-6.773958e+00
1.688000e-05	1.081586e-02	-7.017591e+00
1.689000e-05	-7.052157e-02	-7.362729e+00
1.690000e-05	9.911688e-02	-7.604934e+00
1.691000e-05	-1.174715e-01	-7.899674e+00
1.692000e-05	1.437081e-01	-8.171327e+00
1.693000e-05	-9.375991e-02	-8.343033e+00
1.694000e-05	3.237785e-02	-8.647110e+00
1.695000e-05	1.126264e-02	-8.869645e+00
1.696000e-05	-3.793299e-02	-9.110801e+00
1.697000e-05	4.997367e-02	-9.274248e+00
1.698000e-05	-6.862406e-02	-9.534304e+00
1.699000e-05	9.256728e-02	-9.784427e+00
1.700000e-05	-5.749115e-02	-9.975432e+00
1.701000e-05	3.468691e-02	-1.022788e+01
1.702000e-05	-4.453346e-02	-1.041703e+01
1.703000e-05	3.621094e-02	-1.064748e+01
1.704000e-05	-3.761133e-04	-1.078891e+01
1.705000e-05	-1.780846e-02	-1.103748e+01
1.706000e-05	2.176983e-02	-1.117701e+01
1.707000e-05	-8.804740e-03	-1.138896e+01
1.708000e-05	1.679699e-02	-1.160948e+01
1.709000e-05	-4.125122e-02	-1.180703e+01
1.710000e-05	4.043533e-02	-1.200843e+01
1.711000e-05	-1.330816e-02	-1.216638e+01
1.712000e-05	1.757164e-02	-1.234588e+01
1.713000e-05	-2.653146e-02	-1.251324e+01
1.714000e-05	2.707940e-02	-1.277222e+01
1.715000e-05	-1.003122e-02	-1.279908e+01
1.716000e-05	-1.981302e-03	-1.300796e+01
1.717000e-05	-1.427320e-03	-1.311275e+01
1.718000e-05	1.225747e-02	-1.332374e+01
1.719000e-05	5.168429e-03	-1.344103e+01
1.720000e-05	-8.137395e-03	-1.354650e+01
1.721000e-05	1.114213e-02	-1.369477e+01
1.722000e-05	9.095569e-04	-1.389159e+01
1.723000e-05	3.853657e-03	-1.401185e+01
1.724000e-05	-2.484363e-03	-1.409532e+01
1.725000e-05	1.202500e-02	-1.423203e+01
1.726000e-05	2.990817e-03	-1.432482e+01
1.727000e-05	3.179544e-03	-1.447064e+01
1.728000e-05	3.582514e-03	-1.451532e+01
1.729000e-05	5.960251e-03	-1.459904e+01
1.730000e-05	4.092932e-03	-1.465419e+01
1.731000e-05	5.685529e-03	-1.478587e+01
1.732000e-05	7.332479e-03	-1.483108e+01
1.733000e-05	6.975207e-03	-1.486516e+01
1.734000e-05	5.177981e-03	-1.497734e+01
1.735000e-05	7.743524e-03	-1.497835e+01
1.736000e-05	5.459793e-03	-1.503208e+01
1.737000e-05	7.892987e-03	-1.508264e+01
1.738000e-05	9.935100e-03	-1.512477e+01
1.739000e-05	1.106241e-02	-1.514524e+01
1.740000e-05	1.112204e-02	-1.517745e+01
1.741000e-05	1.187961e-02	-1.519703e+01
1.742000e-05	1.376009e-02	-1.517955e+01
1.743000e-05	1.443760e-02	-1.521101e+01
1.744000e-05	1.785371e-02	-1.522010e+01
1.745000e-05	1.982346e-02	-1.525963e+01
1.746000e-05	2.373129e-02	-1.522065e+01
1.747000e-05	2.399675e-02	-1.524065e+01
1.748000e-05	2.719127e-02	-1.522905e+01
1.749000e-05	3.131230e-02	-1.518849e+01
1.750000e-05	3.504994e-02	-1.518790e+01
1.751000e-05	3.635998e-02	-1.516682e+01
1.752000e-05	3.779158e-02	-1.509579e+01
1.753000e-05	3.859003e-02	-1.508166e+01
1.754000e-05	3.676379e-02	-1.501995e+01
1.755000e-05	3.439331e-02	-1.496645e+01
1.756000e-05	2.884488e-02	-1.489421e+01
1.757000e-05	2.662136e-02	-1.487358e+01
1.758000e-05	2.344895e-02	-1.476790e+01
1.759000e-05	2.047007e-02	-1.467326e+01
1.760000e-05	1.616785e-02	-1.464853e+01
1.761000e-05	1.482680e-02	-1.450381e+01
1.762000e-05	1.281801e-02	-1.442057e+01
1.763000e-05	1.073355e-02	-1.429421e+01
1.764000e-05	9.386951e-03	-1.418952e+01
1.765000e-05	9.331817e-03	-1.410481e+01
1.766000e-05	7.322687e-03	-1.393729e+01
1.767000e-05	4.963696e-03	-1.382108e+01
1.768000e-05	4.622318e-03	-1.372178e+01
1.769000e-05	3.865747e-03	-1.355699e+01
1.770000e-05	2.853936e-03	-1.343153e+01
1.771000e-05	2.537270e-03	-1.328431e+01
1.772000e-05	2.576305e-03	-1.318791e+01
1.773000e-05	1.049301e-03	-1.304760e+01
1.774000e-05	6.630203e-04	-1.290081e+01
1.775000e-05	1.652674e-03	-1.275481e+01
1.776000e-05	3.721158e-04	-1.260650e+01
1.777000e-05	-4.855373e-04	-1.242913e+01
1.778000e-05	-5.742050e-04	-1.225968e+01
1.779000e-05	-1.730888e-04	-1.210181e+01
1.780000e-05	-1.313468e-03	-1.192433e+01
1.781000e-05	-2.580884e-03	-1.174276e+01
1.782000e-05	-6.130752e-04	-1.149282e+01
1.783000e-05	-1.696557e-03	-1.131273e+01
1.784000e-05	-1.779146e-03	-1.108023e+01
1.785000e-05	-2.400238e-03	-1.089918e+01
1.786000e-05	-1.488286e-03	-1.070880e+01
1.787000e-05	-2.230401e-03	-1.051131e+01
1.788000e-05	-3.227903e-03	-1.028065e+01
1.789000e-05	-2.945064e-03	-1.005020e+01
1.790000e-05	-2.076458e-03	-9.846123e+00
1.791000e-05	-3.238533e-03	-9.607670e+00
1.792000e-05	-4.531248e-03	-9.404973e+00
1.793000e-05	-4.109342e-03	-9.182391e+00
1.794000e-05	-3.597839e-03	-8.960908e+00
1.795000e-05	-3.786672e-03	-8.710733e+00
1.796000e-05	-3.610076e-03	-8.498057e+00
1.797000e-05	-4.585636e-03	-8.225526e+00
1.798000e-05	-4.858679e-03	-8.024071e+00
1.799000e-05	-5.101106e-03	-7.761909e+00
1.800000e-05	-4.669874e-03	-7.435599e+00
1.801000e-05	-4.718364e-03	-7.243496e+00
1.802000e-05	-4.447481e-03	-6.970916e+00
1.803000e-05	-5.259097e-03	-6.697758e+00
1.804000e-05	-3.964351e-03	-6.474629e+00
1.805000e-05	-5.549694e-03	-6.223544e+00
1.806000e-05	-4.503251e-03	-5.949283e+00
1.807000e-05	-5.749211e-03	-5.676203e+00
1.808000e-05	-3.219138e-03	-5.383566e+00
1.809000e-05	-6.066678e-03	-5.116707e+00
1.810000e-05	-4.076900e-03	-4.792919e+00
1.811000e-05	-5.402586e-03	-4.508705e+00
1.812000e-05	-4.176913e-03	-4.296157e+00
1.813000e-05	-4.651784e-03	-4.063061e+00
1.814000e-05	-4.084034e-03	-3.748836e+00
1.815000e-05	-5.772922e-03	-3.474750e+00
1.816000e-05	-5.367329e-03	-3.242463e+00
1.817000e-05	-6.539825e-03	-2.905200e+00
1.818000e-05	-4.756698e-03	-2.632063e+00
1.819000e-05	-7.181590e-03	-2.358436e+00
1.820000e-05	-4.889266e-03	-2.023145e+00
1.821000e-05	-6.246238e-03	-1.727913e+00
1.822000e-05	-5.070186e-03	-1.463653e+00
1.823000e-05	-7.316992e-03	-1.135334e+00
1.824000e-05	-5.598449e-03	-8.441526e-01
1.825000e-05	-4.774173e-03	-5.364382e-01
1.826000e-05	-5.449422e-03	-2.822538e-01
1.827000e-05	-5.343614e-03	-4.966748e-02
1.828000e-05	3.909043e-03	2.747459e-01
1.829000e-05	-6.093294e-04	5.097999e-01
1.830000e-05	-3.645147e-03	7.704543e-01
1.831000e-05	-6.506142e-04	1.096692e+00
1.832000e-05	-2.650771e-03	1.320300e+00
1.833000e-05	-1.374142e-03	1.676117e+00
1.834000e-05	-3.357361e-05	1.916773e+00
1.835000e-05	1.134178e-02	2.118272e+00
1.836000e-05	4.376201e-02	2.372385e+00
1.837000e-05	7.160206e-02	2.696671e+00
1.838000e-05	-9.429427e-02	2.992510e+00
1.839000e-05	-1.398644e-02	3.267121e+00
1.840000e-05	-3.400066e-02	3.563504e+00
1.841000e-05	6.516430e-03	3.832562e+00
1.842000e-05	-5.797973e-02	4.016637e+00
1.843000e-05	3.513094e-03	4.268719e+00
1.844000e-05	8.090355e-02	4.549276e+00
1.845000e-05	-3.490843e-02	4.853534e+00
1.846000e-05	-3.888814e-02	5.048674e+00
1.847000e-05	1.210239e-01	5.392483e+00
1.848000e-05	-1.502694e-01	5.656717e+00
1.849000e-05	1.004350e-01	5.920348e+00
1.850000e-05	-5.036067e-02	6.182408e+00
1.851000e-05	2.804175e-02	6.438590e+00
1.852000e-05	-1.376866e-02	6.740200e+00
1.853000e-05	-2.460283e-02	7.006478e+00
1.854000e-05	5.065881e-02	7.239269e+00
1.855000e-05	-6.583906e-02	7.542902e+00
1.856000e-05	3.453283e-02	7.788038e+00
1.857000e-05	-3.431716e-02	8.100775e+00
1.858000e-05	4.457060e-02	8.333425e+00
1.859000e-05	-8.498289e-03	8.563426e+00
1.860000e-05	-3.602854e-02	8.776505e+00
1.861000e-05	2.541439e-02	9.068211e+00
1.862000e-05	-1.979220e-02	9.259116e+00
1.863000e-05	1.128466e-02	9.501348e+00
1.864000e-05	-3.044981e-02	9.744298e+00
1.865000e-05	2.657032e-02	9.984853e+00
1.866000e-05	-8.990080e-03	1.014288e+01
1.867000e-05	-6.016520e-03	1.038543e+01
1.868000e-05	-2.015872e-02	1.057595e+01
1.869000e-05	5.833252e-03	1.079741e+01
1.870000e-05	8.011311e-03	1.095493e+01
1.871000e-05	-1.763001e-02	1.117838e+01
1.872000e-05	-2.613937e-03	1.133635e+01
1.873000e-05	2.061365e-03	1.157701e+01
1.874000e-05	5.288576e-03	1.174545e+01
1.875000e-05	-2.577569e-02	1.197532e+01
1.876000e-05	4.356553e-03	1.211427e+01
1.877000e-05	2.419962e-03	1.229322e+01
1.878000e-05	-5.921244e-04	1.249114e+01
1.879000e-05	-1.972721e-02	1.264954e+01
1.880000e-05	-1.360235e-03	1.277853e+01
1.881000e-05	1.050470e-03	1.292635e+01
1.882000e-05	-1.352014e-02	1.311435e+01
1.883000e-05	-8.104081e-03	1.323209e+01
1.884000e-05	-3.701294e-03	1.339851e+01
1.885000e-05	1.729631e-03	1.358788e+01
1.886000e-05	-1.530565e-02	1.365519e+01
1.887000e-05	-3.815648e-03	1.382009e+01
1.888000e-05	-7.925882e-03	1.398690e+01
1.889000e-05	-6.973398e-03	1.412424e+01
1.890000e-05	-1.247467e-02	1.424266e+01
1.891000e-05	-5.608827e-03	1.435680e+01
1.892000e-05	-6.885666e-03	1.444009e+01
1.893000e-05	-1.319283e-02	1.448535e+01
1.894000e-05	-7.839330e-03	1.457809e+01
1.895000e-05	-1.107120e-02	1.470329e+01
1.896000e-05	-6.038367e-03	1.479795e+01
1.897000e-05	-1.107247e-02	1.480906e+01
1.898000e-05	-9.260704e-03	1.488177e+01
1.899000e-05	-1.251991e-02	1.494635e+01
1.900000e-05	-1.338205e-02	1.495998e+01
1.901000e-05	-1.381330e-02	1.504161e+01
1.902000e-05	-1.581775e-02	1.507316e+01
1.903000e-05	-1.637462e-02	1.513534e+01
1.904000e-05	-1.711365e-02	1.515793e+01
1.905000e-05	-1.476144e-02	1.519060e+01
1.906000e-05	-2.047718e-02	1.517215e+01
1.907000e-05	-2.032156e-02	1.524313e+01
1.908000e-05	-2.049488e-02	1.524261e+01
1.909000e-05	-2.193345e-02	1.524478e+01
1.910000e-05	-2.628292e-02	1.530371e+01
1.911000e-05	-2.925362e-02	1.524369e+01
1.912000e-05	-3.029946e-02	1.523461e+01
1.913000e-05	-3.493828e-02	1.524511e+01
1.914000e-05	-3.774529e-02	1.521271e+01
1.915000e-05	-4.292667e-02	1.523211e+01
1.916000e-05	-4.136447e-02	1.517138e+01
1.917000e-05	-4.447954e-02	1.516735e+01
1.918000e-05	-4.380861e-02	1.514481e+01
1.919000e-05	-4.359220e-02	1.506461e+01
1.920000e-05	-4.055859e-02	1.498953e+01
1.921000e-05	-3.667152e-02	1.496637e+01
1.922000e-05	-3.593019e-02	1.488176e+01
1.923000e-05	-3.026550e-02	1.481963e+01
1.924000e-05	-2.749050e-02	1.474480e+01
1.925000e-05	-2.281887e-02	1.465123e+01
1.926000e-05	-2.271759e-02	1.456699e+01
1.927000e-05	-2.044196e-02	1.451284e+01
1.928000e-05	-1.807597e-02	1.437995e+01
1.929000e-05	-1.665931e-02	1.427078e+01
1.930000e-05	-1.648090e-02	1.415639e+01
1.931000e-05	-1.539727e-02	1.403113e+01
1.932000e-05	-1.387409e-02	1.391229e+01
1.933000e-05	-1.241376e-02	1.379899e+01
1.934000e-05	-1.335467e-02	1.365266e+01
1.935000e-05	-1.167851e-02	1.349526e+01
1.936000e-05	-1.114295e-02	1.338645e+01
1.937000e-05	-7.881209e-03	1.324120e+01
1.938000e-05	-9.830729e-03	1.310081e+01
1.939000e-05	-7.926703e-03	1.292441e+01
1.940000e-05	-1.013458e-02	1.280002e+01
1.941000e-05	-7.784739e-03	1.262860e+01
1.942000e-05	-8.124061e-03	1.251233e+01
1.943000e-05	-9.043209e-03	1.232283e+01
1.944000e-05	-9.876677e-03	1.219444e+01
1.945000e-05	-5.527091e-03	1.199752e+01
1.946000e-05	-8.429130e-03	1.181605e+01
1.947000e-05	-4.458009e-03	1.157657e+01
1.948000e-05	-5.642220e-03	1.139759e+01
1.949000e-05	-4.836293e-03	1.116752e+01
1.950000e-05	-5.796401e-03	1.099660e+01
1.951000e-05	-9.895155e-03	1.078563e+01
1.952000e-05	-6.458613e-03	1.061654e+01
1.953000e-05	-7.715171e-03	1.037490e+01
1.954000e-05	-4.896686e-03	1.016444e+01
1.955000e-05	-5.429538e-03	9.963859e+00
1.956000e-05	-4.403709e-03	9.690262e+00
1.957000e-05	-3.165236e-03	9.487679e+00
1.958000e-05	-4.998735e-03	9.307177e+00
1.959000e-05	-4.443406e-03	9.076044e+00
1.960000e-05	-6.792957e-03	8.766041e+00
1.961000e-05	-7.293820e-03	8.571415e+00
1.962000e-05	-5.935849e-03	8.320936e+00
1.963000e-05	-5.482174e-03	8.048676e+00
1.964000e-05	-4.866632e-03	7.834624e+00
1.965000e-05	-5.050363e-03	7.574040e+00
1.966000e-05	-3.394281e-03	7.290232e+00
1.967000e-05	-4.517419e-03	7.067178e+00
1.968000e-05	-4.428655e-03	6.814074e+00
1.969000e-05	-5.427005e-03	6.553040e+00
1.970000e-05	-4.872334e-03	6.248229e+00
1.971000e-05	-6.086457e-03	6.056674e+00
1.972000e-05	-6.380430e-03	5.794112e+00
1.973000e-05	-5.359730e-03	5.540334e+00
1.974000e-05	-4.003503e-03	5.235671e+00
1.975000e-05	-3.950815e-03	4.917906e+00
1.976000e-05	-4.306292e-03	4.665496e+00
1.977000e-05	-4.402008e-03	4.379490e+00
1.978000e-05	-4.580524e-03	4.126753e+00
1.979000e-05	-3.998464e-03	3.802143e+00
1.980000e-05	-5.896425e-03	3.559966e+00
1.981000e-05	-5.386977e-03	3.275150e+00
1.982000e-05	-5.764298e-03	2.971064e+00
1.983000e-05	-4.284865e-03	2.769409e+00
1.984000e-05	-4.190878e-03	2.442070e+00
1.985000e-05	-3.351992e-03	2.138962e+00
1.986000e-05	-4.294957e-03	1.924801e+00
1.987000e-05	-3.660388e-03	1.559561e+00
1.988000e-05	-4.355564e-03	1.283274e+00
1.989000e-05	-5.486555e-03	8.964293e-01
1.990000e-05	-5.041733e-03	6.636750e-01
1.991000e-05	-3.407758e-03	3.685410e-01
1.992000e-05	-2.606097e-03	1.028051e-01
1.993000e-05	3.320219e-04	-1.799052e-01
1.994000e-05	1.064677e-02	-4.505119e-01
1.995000e-05	-6.877829e-03	-7.381225e-01
1.996000e-05	7.193227e-03	-9.699803e-01
1.997000e-05	-5.608547e-03	-1.263590e+00
1.998000e-05	5.046287e-03	-1.567751e+00
1.999000e-05	-3.259332e-03	-1.780411e+00
2.000000e-05	2.448611e-02	-1.971410e+00
2.001000e-05	7.180052e-02	-2.285195e+00
2.002000e-05	2.969046e-02	-2.632937e+00
2.003000e-05	-1.007672e-01	-3.022039e+00
2.004000e-05	2.536776e-02	-3.318725e+00
2.005000e-05	-4.453230e-02	-3.518320e+00
2.006000e-05	-1.583352e-02	-3.750805e+00
2.007000e-05	-9.075971e-02	-4.021983e+00
2.008000e-05	2.146944e-01	-4.161900e+00
2.009000e-05	-1.195027e-01	-4.404537e+00
2.010000e-05	2.770352e-03	-4.740299e+00
2.011000e-05	1.239331e-01	-4.921905e+00
2.012000e-05	-1.911858e-01	-5.300196e+00
2.013000e-05	1.943036e-01	-5.551403e+00
2.014000e-05	-1.474914e-01	-5.847538e+00
2.015000e-05	9.345837e-02	-6.109720e+00
2.016000e-05	1.921968e-02	-6.402305e+00
2.017000e-05	-1.043427e-01	-6.667038e+00
2.018000e-05	1.285579e-01	-6.911297e+00
2.019000e-05	-1.290422e-01	-7.216012e+00
2.020000e-05	9.327982e-02	-7.449719e+00
2.021000e-05	-5.671046e-02	-7.744283e+00
2.022000e-05	2.893709e-02	-8.036163e+00
2.023000e-05	5.817865e-02	-8.246142e+00
2.024000e-05	-9.705251e-02	-8.521243e+00
2.025000e-05	9.311567e-02	-8.754430e+00
2.026000e-05	-8.204433e-02	-9.015482e+00
2.027000e-05	6.093051e-02	-9.187984e+00
2.028000e-05	-5.014434e-02	-9.417537e+00
2.029000e-05	3.761872e-02	-9.660115e+00
2.030000e-05	1.820140e-02	-9.839645e+00
2.031000e-05	-2.680220e-02	-1.011472e+01
2.032000e-05	1.251102e-02	-1.032327e+01
2.033000e-05	-3.337350e-02	-1.053417e+01
2.034000e-05	5.457468e-02	-1.069172e+01
2.035000e-05	-4.360852e-02	-1.094272e+01
2.036000e-05	3.230459e-02	-1.115428e+01
2.037000e-05	-1.672632e-02	-1.131170e+01
2.038000e-05	2.643431e-02	-1.152572e+01
2.039000e-05	-3.600864e-02	-1.171422e+01
2.040000e-05	1.191047e-02	-1.191122e+01
2.041000e-05	1.099728e-02	-1.207026e+01
2.042000e-05	5.457894e-03	-1.224066e+01
2.043000e-05	-7.532104e-03	-1.246061e+01
2.044000e-05	-2.570400e-03	-1.261746e+01
2.045000e-05	1.828760e-02	-1.276540e+01
2.046000e-05	-1.732735e-02	-1.292422e+01
2.047000e-05	5.696720e-03	-1.306164e+01
2.048000e-05	-3.643930e-03	-1.319856e+01
2.049000e-05	2.216120e-02	-1.336747e+01
2.050000e-05	-1.388598e-02	-1.353422e+01
2.051000e-05	9.230883e-03	-1.365062e+01
2.052000e-05	-1.156953e-03	-1.376905e+01
2.053000e-05	7.343227e-03	-1.395627e+01
2.054000e-05	-6.176703e-03	-1.402151e+01
2.055000e-05	7.724546e-03	-1.416645e+01
2.056000e-05	7.514062e-03	-1.429361e+01
2.057000e-05	3.597098e-03	-1.441750e+01
2.058000e-05	4.319848e-03	-1.449354e+01
2.059000e-05	3.127305e-03	-1.454795e+01
2.060000e-05	7.372089e-03	-1.462111e+01
2.061000e-05	3.776092e-03	-1.469482e+01
2.062000e-05	9.460670e-03	-1.481001e+01
2.063000e-05	4.846441e-03	-1.482216e+01
2.064000e-05	6.408975e-03	-1.486427e+01
2.065000e-05	5.578391e-03	-1.496742e+01
2.066000e-05	8.513671e-03	-1.502093e+01
2.067000e-05	5.429239e-03	-1.504306e+01
2.068000e-05	9.148662e-03	-1.505476e+01
2.069000e-05	1.104822e-02	-1.513632e+01
2.070000e-05	1.183708e-02	-1.514634e+01
2.071000e-05	1.069377e-02	-1.518740e+01
2.072000e-05	1.245226e-02	-1.519888e+01
2.073000e-05	1.548315e-02	-1.523048e+01
2.074000e-05	1.539909e-02	-1.525003e+01
2.075000e-05	1.935660e-02	-1.522068e+01
2.076000e-05	2.098725e-02	-1.522158e+01
2.077000e-05	2.452438e-02	-1.520998e+01
2.078000e-05	2.618326e-02	-1.521758e+01
2.079000e-05	2.949894e-02	-1.521105e+01
2.080000e-05	3.423575e-02	-1.518902e+01
2.081000e-05	3.631657e-02	-1.514647e+01
2.082000e-05	3.846677e-02	-1.515627e+01
2.083000e-05	3.871216e-02	-1.508271e+01
2.084000e-05	3.753940e-02	-1.503210e+01
2.085000e-05	3.519471e-02	-1.502045e+01
2.086000e-05	3.154771e-02	-1.491631e+01
2.087000e-05	2.764326e-02	-1.489273e+01
2.088000e-05	2.550673e-02	-1.479958e+01
2.089000e-05	2.208856e-02	-1.474579e+01
2.090000e-05	1.874272e-02	-1.467213e+01
2.091000e-05	1.580021e-02	-1.458697e+01
2.092000e-05	1.348343e-02	-1.444211e+01
2.093000e-05	1.201921e-02	-1.435749e+01
2.094000e-05	9.401602e-03	-1.424205e+01
2.095000e-05	8.603651e-03	-1.414639e+01
2.096000e-05	8.279203e-03	-1.399212e+01
2.097000e-05	5.695802e-03	-1.390219e+01
2.098000e-05	5.037503e-03	-1.376787e+01
2.099000e-05	5.029879e-03	-1.362063e+01
2.100000e-05	3.370091e-03	-1.351326e+01
2.101000e-05	2.633500e-03	-1.343735e+01
2.102000e-05	1.932729e-03	-1.323115e+01
2.103000e-05	1.914018e-03	-1.310276e+01
2.104000e-05	1.204362e-03	-1.297384e+01
2.105000e-05	-4.646517e-05	-1.281717e+01
2.106000e-05	2.036534e-04	-1.267011e+01
2.107000e-05	5.084661e-05	-1.248478e+01
2.108000e-05	4.505177e-04	-1.237541e+01
2.109000e-05	8.054697e-04	-1.216547e+01
2.110000e-05	-2.156934e-05	-1.198610e+01
2.111000e-05	-3.721196e-04	-1.179653e+01
2.112000e-05	-2.531747e-03	-1.159797e+01
2.113000e-05	-1.172457e-03	-1.138757e+01
2.114000e-05	-2.422797e-03	-1.117639e+01
2.115000e-05	-2.584170e-03	-1.096839e+01
2.116000e-05	-1.023904e-03	-1.078399e+01
2.117000e-05	-2.248616e-03	-1.061352e+01
2.118000e-05	-3.277975e-03	-1.033459e+01
2.119000e-05	-2.752363e-03	-1.021592e+01
2.120000e-05	-1.976402e-03	-9.932288e+00
2.121000e-05	-2.942780e-03	-9.771788e+00
2.122000e-05	-4.094228e-03	-9.490762e+00
2.123000e-05	-3.787798e-03	-9.291682e+00
2.124000e-05	-3.509446e-03	-9.036674e+00
2.125000e-05	-4.421942e-03	-8.856573e+00
2.126000e-05	-5.017480e-03	-8.585865e+00
2.127000e-05	-4.150216e-03	-8.319337e+00
2.128000e-05	-3.559302e-03	-8.139828e+00
2.129000e-05	-4.826392e-03	-7.867648e+00
2.130000e-05	-4.496555e-03	-7.552491e+00
2.131000e-05	-4.536856e-03	-7.331262e+00
2.132000e-05	-4.938331e-03	-7.099194e+00
2.133000e-05	-4.987035e-03	-6.805521e+00
2.134000e-05	-4.696778e-03	-6.590963e+00
2.135000e-05	-4.977169e-03	-6.309334e+00
2.136000e-05	-4.572053e-03	-6.005524e+00
2.137000e-05	-5.609460e-03	-5.802515e+00
2.138000e-05	-5.047487e-03	-5.528758e+00
2.139000e-05	-4.321749e-03	-5.223096e+00
2.140000e-05	-5.388983e-03	-4.939832e+00
2.141000e-05	-4.177042e-03	-4.623567e+00
2.142000e-05	-5.807697e-03	-4.391993e+00
2.143000e-05	-4.339154e-03	-4.189813e+00
2.144000e-05	-5.603755e-03	-3.846828e+00
2.145000e-05	-4.657111e-03	-3.571467e+00
2.146000e-05	-4.772966e-03	-3.337823e+00
2.147000e-05	-6.394569e-03	-3.022561e+00
2.148000e-05	-5.687747e-03	-2.759284e+00
2.149000e-05	-7.646294e-03	-2.495155e+00
2.150000e-05	-4.824641e-03	-2.169408e+00
2.151000e-05	-5.585219e-03	-1.905647e+00
2.152000e-05	-4.503168e-03	-1.592570e+00
2.153000e-05	-7.756542e-03	-1.335150e+00
2.154000e-05	-4.629627e-03	-1.048992e+00
2.155000e-05	-6.412012e-03	-7.138566e-01
2.156000e-05	-5.167490e-03	-4.390161e-01
2.157000e-05	-6.324820e-03	-1.268353e-01
2.158000e-05	-4.911669e-04	9.730494e-02
2.159000e-05	7.550537e-03	4.200817e-01
2.160000e-05	-9.700091e-03	6.642421e-01
2.161000e-05	3.693866e-03	8.772736e-01
2.162000e-05	-6.121146e-03	1.202062e+00
2.163000e-05	2.852645e-03	1.497772e+00
2.164000e-05	-9.798082e-03	1.802134e+00
2.165000e-05	1.329443e-02	1.972058e+00
2.166000e-05	1.411318e-02	2.245163e+00
2.167000e-05	9.079616e-02	2.498275e+00
2.168000e-05	-2.853250e-02	2.884143e+00
2.169000e-05	-6.222894e-02	3.249875e+00
2.170000e-05	-2.026131e-02	3.425143e+00
2.171000e-05	-9.590024e-03	3.727320e+00
2.172000e-05	-2.784246e-02	3.910408e+00
2.173000e-05	-3.886324e-02	4.161950e+00
2.174000e-05	4.247303e-02	4.394033e+00
2.175000e-05	7.900133e-02	4.688169e+00
2.176000e-05	-1.460906e-01	4.942328e+00
2.177000e-05	1.584642e-01	5.236141e+00
2.178000e-05	-9.922822e-02	5.541402e+00
2.179000e-05	1.154711e-02	5.784463e+00
2.180000e-05	2.508236e-02	6.060065e+00
2.181000e-05	-2.694575e-02	6.320795e+00
2.182000e-05	3.250436e-02	6.595507e+00
2.183000e-05	-5.361010e-02	6.860168e+00
2.184000e-05	4.381699e-02	7.120750e+00
2.185000e-05	-2.931028e-02	7.406462e+00
2.186000e-05	-1.095700e-02	7.691744e+00
2.187000e-05	4.965183e-03	7.942883e+00
2.188000e-05	-6.145139e-03	8.256637e+00
2.189000e-05	3.739815e-02	8.449641e+00
2.190000e-05	-4.603873e-02	8.678644e+00
2.191000e-05	4.551125e-03	8.902795e+00
2.192000e-05	8.157602e-03	9.183303e+00
2.193000e-05	-1.209302e-02	9.396510e+00
2.194000e-05	-1.066253e-03	9.635987e+00
2.195000e-05	-1.664247e-02	9.849158e+00
2.196000e-05	2.757665e-02	1.008009e+01
2.197000e-05	-2.194551e-02	1.025074e+01
2.198000e-05	-6.571210e-03	1.049319e+01
2.199000e-05	-1.187546e-02	1.065015e+01
2.200000e-05	1.332404e-02	1.088076e+01
2.201000e-05	-3.118914e-03	1.105086e+01
2.202000e-05	-2.135223e-02	1.125271e+01
2.203000e-05	1.051514e-02	1.149227e+01
2.204000e-05	-1.178434e-03	1.172277e+01
2.205000e-05	-5.360496e-03	1.187114e+01
2.206000e-05	-2.049097e-02	1.203159e+01
2.207000e-05	1.222176e-02	1.225861e+01
2.208000e-05	-4.456236e-04	1.239650e+01
2.209000e-05	-1.336280e-02	1.253495e+01
2.210000e-05	-1.050287e-02	1.272235e+01
2.211000e-05	1.003300e-03	1.288414e+01
2.212000e-05	-2.113267e-03	1.302008e+01
2.213000e-05	-1.860160e-02	1.312800e+01
2.214000e-05	-2.484655e-03	1.334430e+01
2.215000e-05	-2.123224e-03	1.351269e+01
2.216000e-05	-4.305002e-03	1.362216e+01
2.217000e-05	-1.159921e-02	1.375735e+01
2.218000e-05	-4.308229e-03	1.389522e+01
2.219000e-05	-5.911687e-03	1.403259e+01
2.220000e-05	-1.276894e-02	1.418948e+01
2.221000e-05	-7.976621e-03	1.430566e+01
2.222000e-05	-7.949801e-03	1.440006e+01
2.223000e-05	-7.389765e-03	1.453519e+01
2.224000e-05	-1.231772e-02	1.454755e+01
2.225000e-05	-7.516516e-03	1.466111e+01
2.226000e-05	-1.023499e-02	1.472684e+01
2.227000e-05	-9.726575e-03	1.484803e+01
2.228000e-05	-9.705326e-03	1.487171e+01
2.229000e-05	-1.221389e-02	1.491487e+01
2.230000e-05	-1.199208e-02	1.499843e+01
2.231000e-05	-1.432150e-02	1.502903e+01
2.232000e-05	-1.183030e-02	1.507153e+01
2.233000e-05	-1.696877e-02	1.512574e+01
2.234000e-05	-1.609138e-02	1.513695e+01
2.235000e-05	-1.686115e-02	1.518050e+01
2.236000e-05	-1.732631e-02	1.524112e+01
2.237000e-05	-2.008421e-02	1.524306e+01
2.238000e-05	-2.262926e-02	1.522273e+01
2.239000e-05	-2.055757e-02	1.524216e+01
2.240000e-05	-2.494060e-02	1.525373e+01
2.241000e-05	-2.566939e-02	1.530421e+01
2.242000e-05	-2.984473e-02	1.528316e+01
2.243000e-05	-3.148203e-02	1.526320e+01
2.244000e-05	-3.612234e-02	1.525313e+01
2.245000e-05	-3.923062e-02	1.520110e+01
2.246000e-05	-4.247381e-02	1.521058e+01
2.247000e-05	-4.499765e-02	1.518094e+01
2.248000e-05	-4.433280e-02	1.515727e+01
2.249000e-05	-4.488725e-02	1.508271e+01
2.250000e-05	-4.208617e-02	1.504151e+01
2.251000e-05	-3.936579e-02	1.496847e+01
2.252000e-05	-3.454693e-02	1.491381e+01
2.253000e-05	-3.159605e-02	1.487273e+01
2.254000e-05	-2.850645e-02	1.478790e+01
2.255000e-05	-2.682497e-02	1.470329e+01
2.256000e-05	-2.310694e-02	1.464010e+01
2.257000e-05	-2.252215e-02	1.453534e+01
2.258000e-05	-1.889686e-02	1.447115e+01
2.259000e-05	-1.844803e-02	1.428581e+01
2.260000e-05	-1.593534e-02	1.424953e+01
2.261000e-05	-1.582043e-02	1.412431e+01
2.262000e-05	-1.248328e-02	1.395692e+01
2.263000e-05	-1.321797e-02	1.384057e+01
2.264000e-05	-1.087886e-02	1.368528e+01
2.265000e-05	-1.240030e-02	1.357747e+01
2.266000e-05	-9.963449e-03	1.342908e+01
2.267000e-05	-1.193211e-02	1.330378e+01
2.268000e-05	-9.218450e-03	1.318389e+01
2.269000e-05	-1.036988e-02	1.303002e+01
2.270000e-05	-8.092235e-03	1.293165e+01
2.271000e-05	-9.354290e-03	1.269228e+01
2.272000e-05	-6.922371e-03	1.254495e+01
2.273000e-05	-7.905686e-03	1.242702e+01
2.274000e-05	-8.032922e-03	1.225012e+01
2.275000e-05	-7.034206e-03	1.207213e+01
2.276000e-05	-7.539468e-03	1.188126e+01
2.277000e-05	-6.321757e-03	1.171141e+01
2.278000e-05	-8.246088e-03	1.151328e+01
2.279000e-05	-5.815253e-03	1.132379e+01
2.280000e-05	-5.785061e-03	1.112038e+01
2.281000e-05	-6.229513e-03	1.091179e+01
2.282000e-05	-6.299951e-03	1.070074e+01
2.283000e-05	-5.305709e-03	1.047273e+01
2.284000e-05	-4.824983e-03	1.026818e+01
2.285000e-05	-5.827988e-03	1.008820e+01
2.286000e-05	-5.470689e-03	9.836174e+00
2.287000e-05	-6.399746e-03	9.584994e+00
2.288000e-05	-5.380197e-03	9.342941e+00
2.289000e-05	-5.670332e-03	9.151961e+00
2.290000e-05	-5.378370e-03	8.911759e+00
2.291000e-05	-5.184836e-03	8.697752e+00
2.292000e-05	-5.754697e-03	8.476152e+00
2.293000e-05	-5.012367e-03	8.213169e+00
2.294000e-05	-5.337195e-03	7.951435e+00
2.295000e-05	-5.450448e-03	7.729382e+00
2.296000e-05	-5.820434e-03	7.419123e+00
2.297000e-05	-5.071070e-03	7.181436e+00
2.298000e-05	-5.379591e-03	6.930357e+00
2.299000e-05	-4.984820e-03	6.658824e+00
2.300000e-05	-5.144048e-03	6.444545e+00
2.301000e-05	-4.919808e-03	6.182415e+00
2.302000e-05	-4.848115e-03	5.930857e+00
2.303000e-05	-5.433680e-03	5.654624e+00
2.304000e-05	-4.488952e-03	5.401490e+00
2.305000e-05	-5.046200e-03	5.047204e+00
2.306000e-05	-4.926852e-03	4.789412e+00
2.307000e-05	-4.583288e-03	4.525757e+00
2.308000e-05	-3.867085e-03	4.234171e+00
2.309000e-05	-5.849181e-03	3.989387e+00
2.310000e-05	-3.448343e-03	3.685233e+00
2.311000e-05	-5.623222e-03	3.433115e+00
2.312000e-05	-5.727379e-03	3.136882e+00
2.313000e-05	-3.225626e-03	2.854175e+00
2.314000e-05	-6.630358e-03	2.569488e+00
2.315000e-05	-2.155827e-04	2.274199e+00
2.316000e-05	-4.364857e-03	2.001570e+00
2.317000e-05	-3.934867e-03	1.726404e+00
2.318000e-05	-4.042019e-03	1.421118e+00
2.319000e-05	-5.926505e-03	1.134882e+00
2.320000e-05	-4.213011e-03	7.780933e-01
2.321000e-05	-8.016786e-03	4.947855e-01
2.322000e-05	-3.433121e-03	2.800685e-01
2.323000e-05	-1.389694e-03	-2.321334e-02
2.324000e-05	1.021354e-02	-2.882497e-01
2.325000e-05	1.871511e-03	-6.094590e-01
2.326000e-05	1.816505e-03	-8.936394e-01
2.327000e-05	1.928668e-05	-1.117271e+00
2.328000e-05	1.908689e-04	-1.440863e+00
2.329000e-05	-5.924963e-03	-1.633646e+00
2.330000e-05	1.239436e-02	-1.927247e+00
2.331000e-05	3.309373e-02	-2.100321e+00
2.332000e-05	1.082684e-01	-2.465438e+00
2.333000e-05	-1.058641e-01	-2.781910e+00
2.334000e-05	1.091566e-02	-3.171881e+00
2.335000e-05	-4.375511e-02	-3.413509e+00
2.336000e-05	9.860852e-03	-3.604613e+00
2.337000e-05	-1.050655e-01	-3.929096e+00
2.338000e-05	8.518615e-02	-4.086667e+00
2.339000e-05	1.137418e-01	-4.277145e+00
2.340000e-05	-2.000373e-01	-4.583459e+00
2.341000e-05	2.236655e-01	-4.814090e+00
2.342000e-05	-1.599743e-01	-5.108781e+00
2.343000e-05	4.624663e-02	-5.478089e+00
2.344000e-05	4.941616e-02	-5.690699e+00
2.345000e-05	-1.056415e-01	-5.995410e+00
2.346000e-05	1.665354e-01	-6.235412e+00
2.347000e-05	-1.508201e-01	-6.531203e+00
2.348000e-05	7.480355e-02	-6.824508e+00
2.349000e-05	-1.138756e-02	-7.017119e+00
2.350000e-05	-5.349098e-02	-7.402376e+00
2.351000e-05	8.970054e-02	-7.585954e+00
2.352000e-05	-1.105719e-01	-7.922274e+00
2.353000e-05	1.474745e-01	-8.141424e+00
2.354000e-05	-1.058366e-01	-8.365836e+00
2.355000e-05	4.779622e-02	-8.667670e+00
2.356000e-05	-3.614446e-03	-8.910269e+00
2.357000e-05	-2.834452e-02	-9.132170e+00
2.358000e-05	3.972518e-02	-9.352202e+00
2.359000e-05	-6.255996e-02	-9.564332e+00
2.360000e-05	9.190340e-02	-9.795404e+00
2.361000e-05	-6.013932e-02	-9.986529e+00
2.362000e-05	3.966178e-02	-1.021751e+01
2.363000e-05	-4.843731e-02	-1.042856e+01
2.364000e-05	4.316524e-02	-1.061751e+01
2.365000e-05	-7.991857e-03	-1.083798e+01
2.366000e-05	-1.053715e-02	-1.098798e+01
2.367000e-05	1.704737e-02	-1.118754e+01
2.368000e-05	-6.396572e-03	-1.141846e+01
2.369000e-05	1.183336e-02	-1.162150e+01
2.370000e-05	-3.816489e-02	-1.180853e+01
2.371000e-05	4.060543e-02	-1.202806e+01
2.372000e-05	-1.299788e-02	-1.217743e+01
2.373000e-05	1.838528e-02	-1.238742e+01
2.374000e-05	-2.534816e-02	-1.249375e+01
2.375000e-05	2.877367e-02	-1.264519e+01
2.376000e-05	-1.320354e-02	-1.282004e+01
2.377000e-05	-1.534871e-03	-1.298549e+01
2.378000e-05	-2.023874e-03	-1.314743e+01
2.379000e-05	1.415746e-02	-1.331572e+01
2.380000e-05	3.578243e-03	-1.341104e+01
2.381000e-05	-6.344786e-03	-1.358848e+01
2.382000e-05	1.115160e-02	-1.372682e+01
2.383000e-05	1.117253e-03	-1.386314e+01
2.384000e-05	3.017705e-03	-1.398133e+01
2.385000e-05	-2.361016e-03	-1.408472e+01
2.386000e-05	1.171761e-02	-1.426251e+01
2.387000e-05	1.772303e-03	-1.434537e+01
2.388000e-05	3.647196e-03	-1.448913e+01
2.389000e-05	3.076159e-03	-1.454622e+01
2.390000e-05	7.301767e-03	-1.459896e+01
2.391000e-05	4.085925e-03	-1.471157e+01
2.392000e-05	5.977603e-03	-1.476637e+01
2.393000e-05	6.960913e-03	-1.480253e+01
2.394000e-05	7.630805e-03	-1.488524e+01
2.395000e-05	5.577626e-03	-1.493832e+01
2.396000e-05	8.342621e-03	-1.498995e+01
2.397000e-05	5.003716e-03	-1.505248e+01
2.398000e-05	7.734383e-03	-1.510216e+01
2.399000e-05	9.214500e-03	-1.511469e+01
2.400000e-05	1.143883e-02	-1.510584e+01
2.401000e-05	1.085240e-02	-1.516792e+01
2.402000e-05	1.096801e-02	-1.519840e+01
2.403000e-05	1.501491e-02	-1.523055e+01
2.404000e-05	1.451781e-02	-1.523857e+01
2.405000e-05	1.873527e-02	-1.520863e+01
2.406000e-05	1.943009e-02	-1.520903e+01
2.407000e-05	2.264554e-02	-1.525058e+01
2.408000e-05	2.383423e-02	-1.520008e+01
2.409000e-05	2.826986e-02	-1.522113e+01
2.410000e-05	3.137029e-02	-1.517897e+01
2.411000e-05	3.584066e-02	-1.518745e+01
2.412000e-05	3.731939e-02	-1.515732e+01
2.413000e-05	3.912292e-02	-1.510419e+01
2.414000e-05	3.768779e-02	-1.508164e+01
2.415000e-05	3.617398e-02	-1.501102e+01
2.416000e-05	3.425189e-02	-1.494889e+01
2.417000e-05	2.883534e-02	-1.490533e+01
2.418000e-05	2.589625e-02	-1.485008e+01
2.419000e-05	2.252305e-02	-1.476633e+01
2.420000e-05	2.004595e-02	-1.467521e+01
2.421000e-05	1.700731e-02	-1.460848e+01
2.422000e-05	1.483175e-02	-1.451379e+01
2.423000e-05	1.325687e-02	-1.440957e+01
2.424000e-05	1.094881e-02	-1.428579e+01
2.425000e-05	8.686186e-03	-1.418737e+01
2.426000e-05	7.799291e-03	-1.407416e+01
2.427000e-05	6.352179e-03	-1.396634e+01
2.428000e-05	4.862944e-03	-1.386103e+01
2.429000e-05	3.910965e-03	-1.370324e+01
2.430000e-05	4.179190e-03	-1.353744e+01
2.431000e-05	3.333091e-03	-1.342100e+01
2.432000e-05	2.447954e-03	-1.331276e+01
2.433000e-05	2.908885e-03	-1.318792e+01
2.434000e-05	1.285606e-03	-1.301805e+01
2.435000e-05	-6.712020e-04	-1.288068e+01
2.436000e-05	2.472741e-03	-1.273454e+01
2.437000e-05	-2.637353e-04	-1.255442e+01
2.438000e-05	1.883571e-03	-1.245061e+01
2.439000e-05	-6.090537e-04	-1.224912e+01
2.440000e-05	5.509192e-04	-1.208168e+01
2.441000e-05	1.133429e-03	-1.190281e+01
2.442000e-05	-3.207495e-03	-1.170174e+01
2.443000e-05	1.469548e-04	-1.148226e+01
2.444000e-05	-4.387797e-03	-1.129371e+01
2.445000e-05	-8.738465e-04	-1.106123e+01
2.446000e-05	-3.328474e-03	-1.089768e+01
2.447000e-05	-1.188347e-03	-1.068916e+01
2.448000e-05	-1.539235e-03	-1.052068e+01
2.449000e-05	-1.759374e-03	-1.025961e+01
2.450000e-05	-2.052297e-03	-1.005866e+01
2.451000e-05	-3.056767e-03	-9.856026e+00
2.452000e-05	-4.477382e-03	-9.615550e+00
2.453000e-05	-2.894234e-03	-9.374922e+00
2.454000e-05	-4.907257e-03	-9.174311e+00
2.455000e-05	-5.033611e-03	-8.912884e+00
2.456000e-05	-5.200457e-03	-8.671302e+00
2.457000e-05	-3.107376e-03	-8.449077e+00
2.458000e-05	-2.752335e-03	-8.213994e+00
2.459000e-05	-5.001845e-03	-7.944542e+00
2.460000e-05	-3.538591e-03	-7.720158e+00
2.461000e-05	-4.416201e-03	-7.426066e+00
2.462000e-05	-4.178091e-03	-7.175045e+00
2.463000e-05	-5.946248e-03	-6.941863e+00
2.464000e-05	-5.932514e-03	-6.666780e+00
2.465000e-05	-4.204773e-03	-6.446575e+00
2.466000e-05	-5.168142e-03	-6.172939e+00
2.467000e-05	-3.532124e-03	-5.918282e+00
2.468000e-05	-5.062149e-03	-5.658649e+00
2.469000e-05	-3.189816e-03	-5.340465e+00
2.470000e-05	-5.934543e-03	-5.078730e+00
2.471000e-05	-3.642260e-03	-4.812838e+00
2.472000e-05	-6.137971e-03	-4.495203e+00
2.473000e-05	-4.679448e-03	-4.274751e+00
2.474000e-05	-5.689888e-03	-4.031524e+00
2.475000e-05	-3.714588e-03	-3.688780e+00
2.476000e-05	-5.782774e-03	-3.433150e+00
2.477000e-05	-4.610321e-03	-3.150439e+00
2.478000e-05	-5.822349e-03	-2.846124e+00
2.479000e-05	-5.375636e-03	-2.611044e+00
2.480000e-05	-7.123411e-03	-2.327234e+00
2.481000e-05	-4.911688e-03	-2.011515e+00
2.482000e-05	-5.335196e-03	-1.767912e+00
2.483000e-05	-4.899252e-03	-1.494148e+00
2.484000e-05	-7.817457e-03	-1.095281e+00
2.485000e-05	-5.403339e-03	-8.331749e-01
2.486000e-05	-5.383882e-03	-5.063080e-01
2.487000e-05	-4.744073e-03	-3.047028e-01
2.488000e-05	-5.309265e-03	2.156454e-03
2.489000e-05	4.593243e-03	2.752211e-01
2.490000e-05	-1.828855e-03	5.869263e-01
2.491000e-05	-2.991290e-03	7.824768e-01
2.492000e-05	-1.451409e-03	1.117145e+00
2.493000e-05	-2.401359e-03	1.389954e+00
2.494000e-05	-3.556765e-03	1.674093e+00
2.495000e-05	2.102403e-03	1.925796e+00
2.496000e-05	1.056097e-02	2.097299e+00
2.497000e-05	4.904829e-02	2.381482e+00
2.498000e-05	6.465647e-02	2.758252e+00
2.499000e-05	-9.570179e-02	3.034133e+00
2.500000e-05	-9.610985e-03	3.277747e+00
2.501000e-05	-3.495031e-02	3.593458e+00
2.502000e-05	5.218060e-03	3.854037e+00
2.503000e-05	-5.877034e-02	4.046687e+00
2.504000e-05	9.010052e-03	4.266746e+00
2.505000e-05	8.681656e-02	4.529375e+00
2.506000e-05	-5.209803e-02	4.834987e+00
2.507000e-05	-1.603293e-02	5.099878e+00
2.508000e-05	1.016849e-01	5.364007e+00
2.509000e-05	-1.434734e-01	5.688620e+00
2.510000e-05	9.906858e-02	5.950329e+00
2.511000e-05	-5.470385e-02	6.214454e+00
2.512000e-05	3.544035e-02	6.446137e+00
2.513000e-05	-1.930445e-02	6.761828e+00
2.514000e-05	-1.694175e-02	7.007013e+00
2.515000e-05	4.479620e-02	7.258169e+00
2.516000e-05	-6.649207e-02	7.594433e+00
2.517000e-05	3.744978e-02	7.857112e+00
2.518000e-05	-3.856429e-02	8.131322e+00
2.519000e-05	5.072798e-02	8.383355e+00
2.520000e-05	-1.497455e-02	8.563481e+00
2.521000e-05	-3.381086e-02	8.817511e+00
2.522000e-05	2.656029e-02	9.048163e+00
2.523000e-05	-2.200278e-02	9.299714e+00
2.524000e-05	1.519005e-02	9.519720e+00
2.525000e-05	-3.437287e-02	9.702751e+00
2.526000e-05	3.094843e-02	9.965399e+00
2.527000e-05	-1.400875e-02	1.017440e+01
2.528000e-05	-4.627544e-03	1.036551e+01
2.529000e-05	-2.001379e-02	1.059745e+01
2.530000e-05	7.123764e-03	1.078594e+01
2.531000e-05	7.816859e-03	1.096598e+01
2.532000e-05	-1.927954e-02	1.117548e+01
2.533000e-05	4.609482e-04	1.137751e+01
2.534000e-05	8.810650e-04	1.155793e+01
2.535000e-05	4.259902e-03	1.175750e+01
2.536000e-05	-2.825418e-02	1.196742e+01
2.537000e-05	5.221917e-03	1.212783e+01
2.538000e-05	1.396145e-03	1.229429e+01
2.539000e-05	-8.618924e-04	1.248324e+01
2.540000e-05	-1.831371e-02	1.264864e+01
2.541000e-05	-1.468247e-04	1.279750e+01
2.542000e-05	8.263597e-04	1.297743e+01
2.543000e-05	-1.423776e-02	1.312322e+01
2.544000e-05	-7.261437e-03	1.327032e+01
2.545000e-05	-4.164257e-03	1.341956e+01
2.546000e-05	8.396269e-04	1.357735e+01
2.547000e-05	-1.476320e-02	1.365524e+01
2.548000e-05	-2.182877e-03	1.384056e+01
2.549000e-05	-8.776158e-03	1.394842e+01
2.550000e-05	-8.190539e-03	1.411772e+01
2.551000e-05	-1.409483e-02	1.421316e+01
2.552000e-05	-5.105770e-03	1.432740e+01
2.553000e-05	-5.513625e-03	1.442161e+01
2.554000e-05	-1.179154e-02	1.450690e+01
2.555000e-05	-8.402462e-03	1.465956e+01
2.556000e-05	-1.251743e-02	1.469379e+01
2.557000e-05	-7.135384e-03	1.476550e+01
2.558000e-05	-1.168270e-02	1.484076e+01
2.559000e-05	-8.599697e-03	1.489521e+01
2.560000e-05	-1.221924e-02	1.495592e+01
2.561000e-05	-1.415208e-02	1.501011e+01
2.562000e-05	-1.358235e-02	1.505216e+01
2.563000e-05	-1.617332e-02	1.511319e+01
2.564000e-05	-1.465569e-02	1.515784e+01
2.565000e-05	-1.776697e-02	1.518940e+01
2.566000e-05	-1.395825e-02	1.520958e+01
2.567000e-05	-1.980335e-02	1.519108e+01
2.568000e-05	-1.951166e-02	1.522310e+01
2.569000e-05	-2.181507e-02	1.523211e+01
2.570000e-05	-2.250271e-02	1.525466e+01
2.571000e-05	-2.682503e-02	1.524618e+01
2.572000e-05	-2.885037e-02	1.525363e+01
2.573000e-05	-2.959885e-02	1.521421e+01
2.574000e-05	-3.448795e-02	1.520318e+01
2.575000e-05	-3.626414e-02	1.524308e+01
2.576000e-05	-4.230635e-02	1.521365e+01
2.577000e-05	-4.292775e-02	1.519944e+01
2.578000e-05	-4.515951e-02	1.516903e+01
2.579000e-05	-4.391914e-02	1.511624e+01
2.580000e-05	-4.266062e-02	1.508361e+01
2.581000e-05	-4.019463e-02	1.500853e+01
2.582000e-05	-3.570910e-02	1.496642e+01
2.583000e-05	-3.499281e-02	1.485319e+01
2.584000e-05	-2.914183e-02	1.482898e+01
2.585000e-05	-2.700795e-02	1.475587e+01
2.586000e-05	-2.318019e-02	1.469171e+01
2.587000e-05	-2.236321e-02	1.455739e+01
2.588000e-05	-1.968825e-02	1.448213e+01
2.589000e-05	-1.801248e-02	1.438694e+01
2.590000e-05	-1.666042e-02	1.428273e+01
2.591000e-05	-1.537328e-02	1.414844e+01
2.592000e-05	-1.590726e-02	1.399920e+01
2.593000e-05	-1.354270e-02	1.391484e+01
2.594000e-05	-1.280748e-02	1.379545e+01
2.595000e-05	-1.286573e-02	1.359165e+01
2.596000e-05	-9.749756e-03	1.351376e+01
2.597000e-05	-1.103457e-02	1.337442e+01
2.598000e-05	-8.440033e-03	1.319965e+01
2.599000e-05	-1.047155e-02	1.311133e+01
2.600000e-05	-9.158097e-03	1.295489e+01
2.601000e-05	-1.058057e-02	1.275652e+01
2.602000e-05	-7.755907e-03	1.261650e+01
2.603000e-05	-8.550230e-03	1.248166e+01
2.604000e-05	-7.853731e-03	1.232234e+01
2.605000e-05	-8.666510e-03	1.213391e+01
2.606000e-05	-5.478653e-03	1.193899e+01
2.607000e-05	-6.169212e-03	1.179547e+01
2.608000e-05	-6.461792e-03	1.158745e+01
2.609000e-05	-6.423207e-03	1.138787e+01
2.610000e-05	-6.247077e-03	1.117801e+01
2.611000e-05	-6.111389e-03	1.100552e+01
2.612000e-05	-8.112220e-03	1.075556e+01
2.613000e-05	-5.293253e-03	1.054497e+01
2.614000e-05	-6.298946e-03	1.036449e+01
2.615000e-05	-5.134345e-03	1.014339e+01
2.616000e-05	-5.343714e-03	9.912063e+00
2.617000e-05	-4.164353e-03	9.682732e+00
2.618000e-05	-5.782796e-03	9.438175e+00
2.619000e-05	-5.769396e-03	9.267726e+00
2.620000e-05	-5.157314e-03	9.096595e+00
2.621000e-05	-5.784265e-03	8.784516e+00
2.622000e-05	-5.499393e-03	8.561387e+00
2.623000e-05	-5.578612e-03	8.359337e+00
2.624000e-05	-4.152296e-03	8.039675e+00
2.625000e-05	-5.056959e-03	7.815045e+00
2.626000e-05	-5.112636e-03	7.573615e+00
2.627000e-05	-4.631455e-03	7.309206e+00
2.628000e-05	-5.163380e-03	7.056149e+00
2.629000e-05	-5.392730e-03	6.793546e+00
2.630000e-05	-6.148430e-03	6.530435e+00
2.631000e-05	-5.353887e-03	6.258227e+00
2.632000e-05	-5.203569e-03	6.045621e+00
2.633000e-05	-4.311827e-03	5.772943e+00
2.634000e-05	-4.622030e-03	5.527328e+00
2.635000e-05	-4.212145e-03	5.233590e+00
2.636000e-05	-4.441416e-03	4.901276e+00
2.637000e-05	-4.465257e-03	4.632568e+00
2.638000e-05	-5.036143e-03	4.379988e+00
2.639000e-05	-5.658508e-03	4.046726e+00
2.640000e-05	-4.827367e-03	3.822117e+00
2.641000e-05	-4.608632e-03	3.579511e+00
2.642000e-05	-3.836946e-03	3.245150e+00
2.643000e-05	-4.646980e-03	2.969537e+00
2.644000e-05	-4.230516e-03	2.737354e+00
2.645000e-05	-4.044573e-03	2.400565e+00
2.646000e-05	-4.520394e-03	2.125807e+00
2.647000e-05	-4.306607e-03	1.895230e+00
2.648000e-05	-4.916329e-03	1.565985e+00
2.649000e-05	-4.246542e-03	1.244298e+00
2.650000e-05	-4.932180e-03	9.279091e-01
2.651000e-05	-4.681166e-03	6.531474e-01
2.652000e-05	-3.623424e-03	3.785595e-01
2.653000e-05	-1.745437e-03	7.537394e-02
2.654000e-05	1.174767e-03	-1.709079e-01
2.655000e-05	1.062387e-02	-4.424581e-01
2.656000e-05	-6.761549e-03	-7.698035e-01
2.657000e-05	7.549554e-03	-1.000433e+00
2.658000e-05	-6.797004e-03	-1.244561e+00
2.659000e-05	3.623774e-03	-1.580405e+00
2.660000e-05	-2.130997e-03	-1.780509e+00
2.661000e-05	2.667909e-02	-2.003436e+00
2.662000e-05	7.991017e-02	-2.307169e+00
2.663000e-05	1.362190e-02	-2.601939e+00
2.664000e-05	-9.100470e-02	-3.012968e+00
2.665000e-05	1.970972e-02	-3.298272e+00
2.666000e-05	-4.003877e-02	-3.539849e+00
2.667000e-05	-2.531332e-02	-3.742382e+00
2.668000e-05	-8.086585e-02	-4.033553e+00
2.669000e-05	2.189977e-01	-4.192850e+00
2.670000e-05	-1.461493e-01	-4.435041e+00
2.671000e-05	3.561893e-02	-4.789753e+00
2.672000e-05	9.668641e-02	-4.981384e+00
2.673000e-05	-1.789757e-01	-5.290642e+00
2.674000e-05	1.957402e-01	-5.561853e+00
2.675000e-05	-1.586755e-01	-5.847567e+00
2.676000e-05	1.153911e-01	-6.153371e+00
2.677000e-05	-4.659777e-03	-6.351979e+00
2.678000e-05	-8.947451e-02	-6.689672e+00
2.679000e-05	1.238130e-01	-6.932699e+00
2.680000e-05	-1.330847e-01	-7.237467e+00
2.681000e-05	1.054689e-01	-7.479097e+00
2.682000e-05	-7.483546e-02	-7.764452e+00
2.683000e-05	5.003065e-02	-8.088086e+00
2.684000e-05	3.773936e-02	-8.279641e+00
2.685000e-05	-8.351843e-02	-8.592748e+00
2.686000e-05	9.000680e-02	-8.783932e+00
2.687000e-05	-8.397946e-02	-9.056059e+00
2.688000e-05	6.549012e-02	-9.215558e+00
2.689000e-05	-5.950437e-02	-9.439141e+00
2.690000e-05	4.999269e-02	-9.720116e+00
2.691000e-05	6.702795e-03	-9.880141e+00
2.692000e-05	-1.865198e-02	-1.009519e+01
2.693000e-05	4.686888e-03	-1.035130e+01
2.694000e-05	-2.620013e-02	-1.057225e+01
2.695000e-05	5.011449e-02	-1.073127e+01
2.696000e-05	-4.448112e-02	-1.093428e+01
2.697000e-05	3.461871e-02	-1.113425e+01
2.698000e-05	-1.798255e-02	-1.131582e+01
2.699000e-05	2.915669e-02	-1.149530e+01
2.700000e-05	-3.962756e-02	-1.171567e+01
2.701000e-05	1.812595e-02	-1.194433e+01
2.702000e-05	6.325958e-03	-1.206366e+01
2.703000e-05	7.509740e-03	-1.228209e+01
2.704000e-05	-1.124863e-02	-1.241151e+01
2.705000e-05	1.643348e-03	-1.264848e+01
2.706000e-05	1.620475e-02	-1.276635e+01
2.707000e-05	-1.804694e-02	-1.292682e+01
2.708000e-05	6.192045e-03	-1.306319e+01
2.709000e-05	-2.123970e-03	-1.323896e+01
2.710000e-05	2.082806e-02	-1.341795e+01
2.711000e-05	-1.428448e-02	-1.350477e+01
2.712000e-05	1.194472e-02	-1.368269e+01
2.713000e-05	-4.457673e-04	-1.377891e+01
2.714000e-05	8.647883e-03	-1.389428e+01
2.715000e-05	-6.601325e-03	-1.405309e+01
2.716000e-05	8.872173e-03	-1.420743e+01
2.717000e-05	6.026859e-03	-1.427472e+01
2.718000e-05	3.620041e-03	-1.436853e+01
2.719000e-05	3.657456e-03	-1.452419e+01
2.720000e-05	3.880634e-03	-1.460795e+01
2.721000e-05	7.097726e-03	-1.463161e+01
2.722000e-05	3.019690e-03	-1.476530e+01
2.723000e-05	8.799649e-03	-1.480043e+01
2.724000e-05	6.073256e-03	-1.482201e+01
2.725000e-05	7.661076e-03	-1.492732e+01
2.726000e-05	5.700099e-03	-1.497785e+01
2.727000e-05	7.873314e-03	-1.498948e+01
2.728000e-05	5.245267e-03	-1.506316e+01
2.729000e-05	9.777598e-03	-1.512417e+01
2.730000e-05	1.070186e-02	-1.514629e+01
2.731000e-05	1.127847e-02	-1.513795e+01
2.732000e-05	1.040214e-02	-1.515640e+01
2.733000e-05	1.288047e-02	-1.523940e+01
2.734000e-05	1.516734e-02	-1.523097e+01
2.735000e-05	1.638832e-02	-1.525148e+01
2.736000e-05	1.951329e-02	-1.523058e+01
2.737000e-05	2.162925e-02	-1.523213e+01
2.738000e-05	2.355555e-02	-1.523008e+01
2.739000e-05	2.626363e-02	-1.521060e+01
2.740000e-05	2.934877e-02	-1.520808e+01
2.741000e-05	3.449672e-02	-1.517842e+01
2.742000e-05	3.645293e-02	-1.514990e+01
2.743000e-05	3.799614e-02	-1.513537e+01
2.744000e-05	3.869408e-02	-1.508221e+01
2.745000e-05	3.727130e-02	-1.506058e+01
2.746000e-05	3.594316e-02	-1.498847e+01
2.747000e-05	3.194831e-02	-1.493731e+01
2.748000e-05	2.717334e-02	-1.489266e+01
2.749000e-05	2.420638e-02	-1.478860e+01
2.750000e-05	2.170681e-02	-1.471482e+01
2.751000e-05	1.820543e-02	-1.462958e+01
2.752000e-05	1.539417e-02	-1.458644e+01
2.753000e-05	1.341345e-02	-1.443063e+01
2.754000e-05	1.211090e-02	-1.437634e+01
2.755000e-05	9.402259e-03	-1.422005e+01
2.756000e-05	9.239158e-03	-1.416681e+01
2.757000e-05	8.343774e-03	-1.400095e+01
2.758000e-05	5.962411e-03	-1.390116e+01
2.759000e-05	4.323283e-03	-1.377390e+01
2.760000e-05	3.314481e-03	-1.363950e+01
2.761000e-05	4.452407e-03	-1.351216e+01
2.762000e-05	3.051882e-03	-1.338684e+01
2.763000e-05	1.906620e-03	-1.322058e+01
2.764000e-05	1.480311e-03	-1.310116e+01
2.765000e-05	1.699607e-03	-1.295432e+01
2.766000e-05	2.004682e-03	-1.280647e+01
2.767000e-05	9.257887e-04	-1.266065e+01
2.768000e-05	5.817547e-04	-1.250289e+01
2.769000e-05	5.000938e-04	-1.237504e+01
2.770000e-05	-2.723802e-05	-1.215600e+01
2.771000e-05	-1.520877e-03	-1.204654e+01
2.772000e-05	-1.510193e-03	-1.180647e+01
2.773000e-05	-2.481082e-05	-1.162002e+01
2.774000e-05	-5.776181e-04	-1.137452e+01
2.775000e-05	-1.787730e-03	-1.113634e+01
2.776000e-05	-1.917913e-03	-1.101597e+01
2.777000e-05	-1.092000e-03	-1.077539e+01
2.778000e-05	-2.837436e-03	-1.058502e+01
2.779000e-05	-3.392476e-03	-1.040449e+01
2.780000e-05	-3.023955e-03	-1.017291e+01
2.781000e-05	-2.710371e-03	-9.940761e+00
2.782000e-05	-3.083119e-03	-9.702307e+00
2.783000e-05	-3.840223e-03	-9.489633e+00
2.784000e-05	-3.269274e-03	-9.240181e+00
2.785000e-05	-3.975254e-03	-9.015600e+00
2.786000e-05	-4.624786e-03	-8.845574e+00
2.787000e-05	-4.339677e-03	-8.574315e+00
2.788000e-05	-3.107822e-03	-8.319707e+00
2.789000e-05	-4.911352e-03	-8.059310e+00
2.790000e-05	-5.463126e-03	-7.848570e+00
2.791000e-05	-4.948142e-03	-7.571938e+00
2.792000e-05	-4.522387e-03	-7.329832e+00
2.793000e-05	-4.527295e-03	-7.047601e+00
2.794000e-05	-4.968068e-03	-6.794468e+00
2.795000e-05	-4.322248e-03	-6.571411e+00
2.796000e-05	-5.821718e-03	-6.307705e+00
2.797000e-05	-5.046525e-03	-6.044047e+00
2.798000e-05	-5.262195e-03	-5.762469e+00
2.799000e-05	-4.900232e-03	-5.508809e+00
2.800000e-05	-5.059321e-03	-5.213966e+00
2.801000e-05	-6.100466e-03	-4.939807e+00
2.802000e-05	-3.815289e-03	-4.593067e+00
2.803000e-05	-6.079356e-03	-4.369968e+00
2.804000e-05	-4.531961e-03	-4.118884e+00
2.805000e-05	-4.422803e-03	-3.864144e+00
2.806000e-05	-4.721133e-03	-3.559913e+00
2.807000e-05	-5.161567e-03	-3.337855e+00
2.808000e-05	-6.621876e-03	-3.024046e+00
2.809000e-05	-5.132856e-03	-2.747808e+00
2.810000e-05	-7.368180e-03	-2.423624e+00
2.811000e-05	-5.431846e-03	-2.139584e+00
2.812000e-05	-7.011645e-03	-1.914725e+00
2.813000e-05	-4.088066e-03	-1.609496e+00
2.814000e-05	-6.933517e-03	-1.242672e+00
2.815000e-05	-4.656978e-03	-9.778894e-01
2.816000e-05	-6.844523e-03	-7.357728e-01
2.817000e-05	-4.938105e-03	-3.784948e-01
2.818000e-05	-5.858245e-03	-9.591426e-02
2.819000e-05	4.334383e-05	1.283538e-01
2.820000e-05	5.436953e-03	4.621115e-01
2.821000e-05	-8.259469e-03	6.746671e-01
2.822000e-05	3.670030e-03	8.778712e-01
2.823000e-05	-6.821739e-03	1.194564e+00
2.824000e-05	2.132307e-03	1.475795e+00
2.825000e-05	-8.228013e-03	1.833080e+00
2.826000e-05	1.481333e-02	2.031929e+00
2.827000e-05	1.498707e-02	2.253592e+00
2.828000e-05	9.240199e-02	2.548829e+00
2.829000e-05	-3.942836e-02	2.876244e+00
2.830000e-05	-5.380231e-02	3.171377e+00
2.831000e-05	-2.345705e-02	3.455290e+00
2.832000e-05	-7.197039e-03	3.739247e+00
2.833000e-05	-3.141044e-02	3.960476e+00
2.834000e-05	-3.173684e-02	4.152977e+00
2.835000e-05	4.668870e-02	4.426503e+00
2.836000e-05	7.188571e-02	4.777166e+00
2.837000e-05	-1.470387e-01	4.961329e+00
2.838000e-05	1.689162e-01	5.250162e+00
2.839000e-05	-1.183728e-01	5.602304e+00
2.840000e-05	3.057416e-02	5.773536e+00
2.841000e-05	1.424862e-02	6.079620e+00
2.842000e-05	-1.909169e-02	6.312325e+00
2.843000e-05	2.864233e-02	6.593909e+00
2.844000e-05	-5.505905e-02	6.879192e+00
2.845000e-05	4.987150e-02	7.134903e+00
2.846000e-05	-3.660456e-02	7.416591e+00
2.847000e-05	-2.178162e-03	7.690121e+00
2.848000e-05	-1.253881e-03	8.016888e+00
2.849000e-05	1.915051e-03	8.266592e+00
2.850000e-05	3.360896e-02	8.499691e+00
2.851000e-05	-4.760155e-02	8.680701e+00
2.852000e-05	8.388000e-03	8.923325e+00
2.853000e-05	3.948893e-03	9.184905e+00
2.854000e-05	-9.836602e-03	9.396032e+00
2.855000e-05	-3.945180e-03	9.648063e+00
2.856000e-05	-1.055686e-02	9.868664e+00
2.857000e-05	2.426871e-02	1.011972e+01
2.858000e-05	-2.174619e-02	1.027917e+01
2.859000e-05	-9.220771e-03	1.050114e+01
2.860000e-05	-9.414768e-03	1.069469e+01
2.861000e-05	1.275777e-02	1.088969e+01
2.862000e-05	-4.172052e-03	1.107117e+01
2.863000e-05	-2.023624e-02	1.128229e+01
2.864000e-05	9.593329e-03	1.148277e+01
2.865000e-05	-8.857708e-04	1.169312e+01
2.866000e-05	-7.759311e-03	1.186114e+01
2.867000e-05	-1.861016e-02	1.205364e+01
2.868000e-05	1.184594e-02	1.223909e+01
2.869000e-05	-3.917504e-04	1.239754e+01
2.870000e-05	-1.501586e-02	1.257740e+01
2.871000e-05	-8.601634e-03	1.274327e+01
2.872000e-05	5.173500e-04	1.290529e+01
2.873000e-05	-3.942921e-03	1.307113e+01
2.874000e-05	-1.803676e-02	1.318898e+01
2.875000e-05	-1.694219e-03	1.336635e+01
2.876000e-05	-4.454222e-04	1.350322e+01
2.877000e-05	-6.680446e-03	1.361314e+01
2.878000e-05	-1.115972e-02	1.374890e+01
2.879000e-05	-5.175807e-03	1.390379e+01
2.880000e-05	-5.094813e-03	1.405109e+01
2.881000e-05	-1.371830e-02	1.415047e+01
2.882000e-05	-7.818754e-03	1.428274e+01
2.883000e-05	-7.728467e-03	1.440951e+01
2.884000e-05	-7.411214e-03	1.450424e+01
2.885000e-05	-1.206942e-02	1.455645e+01
2.886000e-05	-9.145491e-03	1.468216e+01
2.887000e-05	-8.839722e-03	1.475482e+01
2.888000e-05	-9.382403e-03	1.477806e+01
2.889000e-05	-9.572397e-03	1.487416e+01
2.890000e-05	-1.271153e-02	1.493432e+01
2.891000e-05	-1.134430e-02	1.496993e+01
2.892000e-05	-1.460936e-02	1.501956e+01
2.893000e-05	-1.272586e-02	1.510411e+01
2.894000e-05	-1.713187e-02	1.510574e+01
2.895000e-05	-1.561938e-02	1.517739e+01
2.896000e-05	-1.599827e-02	1.516037e+01
2.897000e-05	-1.699639e-02	1.518357e+01
2.898000e-05	-2.008016e-02	1.521461e+01
2.899000e-05	-2.240025e-02	1.523310e+01
2.900000e-05	-2.116073e-02	1.525361e+01
2.901000e-05	-2.531056e-02	1.526475e+01
2.902000e-05	-2.616135e-02	1.528271e+01
2.903000e-05	-2.963271e-02	1.527523e+01
2.904000e-05	-3.250354e-02	1.526419e+01
2.905000e-05	-3.560841e-02	1.521111e+01
2.906000e-05	-4.095712e-02	1.522010e+01
2.907000e-05	-4.182215e-02	1.518105e+01
2.908000e-05	-4.441670e-02	1.521792e+01
2.909000e-05	-4.347216e-02	1.510932e+01
2.910000e-05	-4.500373e-02	1.510426e+01
2.911000e-05	-4.154598e-02	1.505111e+01
2.912000e-05	-3.888329e-02	1.497997e+01
2.913000e-05	-3.471634e-02	1.492494e+01
2.914000e-05	-3.259145e-02	1.486918e+01
2.915000e-05	-2.871664e-02	1.478707e+01
2.916000e-05	-2.564655e-02	1.469523e+01
2.917000e-05	-2.280625e-02	1.457903e+01
2.918000e-05	-2.217367e-02	1.451631e+01
2.919000e-05	-1.885765e-02	1.441160e+01
2.920000e-05	-1.807601e-02	1.430689e+01
2.921000e-05	-1.682611e-02	1.421855e+01
2.922000e-05	-1.684297e-02	1.407298e+01
2.923000e-05	-1.277902e-02	1.396644e+01
2.924000e-05	-1.201989e-02	1.382155e+01
2.925000e-05	-1.175225e-02	1.370429e+01
2.926000e-05	-1.338191e-02	1.355847e+01
2.927000e-05	-1.085251e-02	1.343106e+01
2.928000e-05	-1.037883e-02	1.329178e+01
2.929000e-05	-8.631821e-03	1.316344e+01
2.930000e-05	-1.021473e-02	1.297907e+01
2.931000e-05	-9.773185e-03	1.282115e+01
2.932000e-05	-8.943003e-03	1.268333e+01
2.933000e-05	-8.119891e-03	1.254489e+01
2.934000e-05	-7.661646e-03	1.243819e+01
2.935000e-05	-7.698274e-03	1.221953e+01
2.936000e-05	-6.439796e-03	1.206216e+01
2.937000e-05	-7.156946e-03	1.187070e+01
2.938000e-05	-7.001130e-03	1.169181e+01
2.939000e-05	-7.143416e-03	1.152229e+01
2.940000e-05	-6.115830e-03	1.126223e+01
2.941000e-05	-6.854315e-03	1.110178e+01
2.942000e-05	-6.874841e-03	1.091131e+01
2.943000e-05	-5.977449e-03	1.072226e+01
2.944000e-05	-5.721413e-03	1.047271e+01
2.945000e-05	-5.593709e-03	1.024670e+01
2.946000e-05	-6.607916e-03	1.001820e+01
2.947000e-05	-5.553710e-03	9.795598e+00
2.948000e-05	-5.842858e-03	9.562940e+00
2.949000e-05	-4.278756e-03	9.343388e+00
2.950000e-05	-5.689474e-03	9.130889e+00
2.951000e-05	-4.470421e-03	8.872226e+00
2.952000e-05	-6.253584e-03	8.646154e+00
2.953000e-05	-5.772696e-03	8.446097e+00
2.954000e-05	-5.657419e-03	8.225022e+00
2.955000e-05	-4.272607e-03	7.902409e+00
2.956000e-05	-4.889100e-03	7.739330e+00
2.957000e-05	-4.493334e-03	7.435969e+00
2.958000e-05	-4.956655e-03	7.160541e+00
2.959000e-05	-5.787665e-03	6.910359e+00
2.960000e-05	-5.163335e-03	6.677175e+00
2.961000e-05	-4.546670e-03	6.382012e+00
2.962000e-05	-5.852179e-03	6.160838e+00
2.963000e-05	-5.262377e-03	5.918327e+00
2.964000e-05	-4.469857e-03	5.633097e+00
2.965000e-05	-4.283302e-03	5.381439e+00
2.966000e-05	-5.646694e-03	5.076674e+00
2.967000e-05	-4.846553e-03	4.728409e+00
2.968000e-05	-4.233327e-03	4.486230e+00
2.969000e-05	-3.605653e-03	4.245171e+00
2.970000e-05	-5.015824e-03	3.938438e+00
2.971000e-05	-4.614903e-03	3.674204e+00
2.972000e-05	-4.743130e-03	3.413563e+00
2.973000e-05	-4.773915e-03	3.117277e+00
2.974000e-05	-4.953353e-03	2.834670e+00
2.975000e-05	-4.569315e-03	2.597430e+00
2.976000e-05	-3.720828e-03	2.264147e+00
2.977000e-05	-4.712081e-03	2.010039e+00
2.978000e-05	-4.697089e-03	1.708380e+00
2.979000e-05	-4.819387e-03	1.370016e+00
2.980000e-05	-4.520544e-03	1.135779e+00
2.981000e-05	-3.251465e-03	7.984694e-01
2.982000e-05	-3.021736e-03	4.958315e-01
2.983000e-05	-3.603044e-03	1.785659e-01
2.984000e-05	-2.185148e-03	-6.418973e-02
2.985000e-05	1.004262e-02	-3.273222e-01
2.986000e-05	-1.961347e-03	-5.699331e-01
2.987000e-05	2.190646e-03	-8.856408e-01
2.988000e-05	-2.220721e-03	-1.116345e+00
2.989000e-05	2.806314e-03	-1.425108e+00
2.990000e-05	-4.702144e-03	-1.654720e+00
2.991000e-05	1.666368e-02	-1.906795e+00
2.992000e-05	3.660209e-02	-2.129354e+00
2.993000e-05	1.056867e-01	-2.445666e+00
2.994000e-05	-1.158568e-01	-2.813488e+00
2.995000e-05	1.845258e-02	-3.212985e+00
2.996000e-05	-5.159578e-02	-3.423563e+00
2.997000e-05	1.199119e-02	-3.636513e+00
2.998000e-05	-1.113225e-01	-3.917152e+00
2.999000e-05	1.099323e-01	-4.098742e+00
3.000000e-05	9.277807e-02	-4.298145e+00
3.001000e-05	-1.898176e-01	-4.605587e+00
3.002000e-05	2.262582e-01	-4.866592e+00
3.003000e-05	-1.846250e-01	-5.132804e+00
3.004000e-05	7.602250e-02	-5.515165e+00
3.005000e-05	2.216200e-02	-5.719222e+00
3.006000e-05	-8.501906e-02	-6.044959e+00
3.007000e-05	1.588162e-01	-6.249012e+00
3.008000e-05	-1.569650e-01	-6.529300e+00
3.009000e-05	9.102533e-02	-6.806559e+00
3.010000e-05	-2.968668e-02	-7.089122e+00
3.011000e-05	-3.492036e-02	-7.404505e+00
3.012000e-05	7.752406e-02	-7.597011e+00
3.013000e-05	-1.028419e-01	-7.942329e+00
3.014000e-05	1.454731e-01	-8.179851e+00
3.015000e-05	-1.166627e-01	-8.396486e+00
3.016000e-05	6.150705e-02	-8.670637e+00
3.017000e-05	-1.506723e-02	-8.890624e+00
3.018000e-05	-1.637739e-02	-9.134266e+00
3.019000e-05	3.079554e-02	-9.282349e+00
3.020000e-05	-5.403207e-02	-9.615009e+00
3.021000e-05	8.987913e-02	-9.795437e+00
3.022000e-05	-6.324945e-02	-1.003743e+01
3.023000e-05	3.960315e-02	-1.026809e+01
3.024000e-05	-5.116723e-02	-1.042959e+01
3.025000e-05	4.849384e-02	-1.061859e+01
3.026000e-05	-1.623391e-02	-1.081903e+01
3.027000e-05	-4.311941e-03	-1.108854e+01
3.028000e-05	1.527456e-02	-1.124758e+01
3.029000e-05	-1.099878e-03	-1.146964e+01
3.030000e-05	6.677305e-03	-1.166099e+01
3.031000e-05	-3.350395e-02	-1.183051e+01
3.032000e-05	3.972930e-02	-1.207051e+01
3.033000e-05	-1.231362e-02	-1.219588e+01
3.034000e-05	1.469008e-02	-1.235635e+01
3.035000e-05	-2.509056e-02	-1.253370e+01
3.036000e-05	3.009551e-02	-1.267471e+01
3.037000e-05	-1.416555e-02	-1.287864e+01
3.038000e-05	9.287599e-04	-1.302006e+01
3.039000e-05	-3.803719e-03	-1.313438e+01
3.040000e-05	1.688168e-02	-1.332524e+01
3.041000e-05	5.710172e-04	-1.345159e+01
3.042000e-05	-4.373699e-03	-1.361788e+01
3.043000e-05	1.030238e-02	-1.377573e+01
3.044000e-05	1.988941e-03	-1.388261e+01
3.045000e-05	1.439730e-03	-1.398085e+01
3.046000e-05	-1.746203e-03	-1.412684e+01
3.047000e-05	1.234291e-02	-1.422256e+01
3.048000e-05	2.966981e-03	-1.432680e+01
3.049000e-05	3.929977e-03	-1.444121e+01
3.050000e-05	2.969028e-03	-1.452580e+01
3.051000e-05	5.720831e-03	-1.462948e+01
3.052000e-05	4.421427e-03	-1.470162e+01
3.053000e-05	7.763071e-03	-1.473593e+01
3.054000e-05	7.668911e-03	-1.485293e+01
3.055000e-05	7.155845e-03	-1.489566e+01
3.056000e-05	4.631697e-03	-1.493832e+01
3.057000e-05	8.292882e-03	-1.500895e+01
3.058000e-05	4.666606e-03	-1.504206e+01
3.059000e-05	7.476781e-03	-1.511374e+01
3.060000e-05	9.842529e-03	-1.512529e+01
3.061000e-05	1.208225e-02	-1.518742e+01
3.062000e-05	1.183606e-02	-1.516687e+01
3.063000e-05	1.036199e-02	-1.521895e+01
3.064000e-05	1.448512e-02	-1.522003e+01
3.065000e-05	1.383940e-02	-1.518713e+01
3.066000e-05	1.873405e-02	-1.523906e+01
3.067000e-05	1.972105e-02	-1.525110e+01
3.068000e-05	2.390039e-02	-1.522016e+01
3.069000e-05	2.465699e-02	-1.522110e+01
3.070000e-05	2.779687e-02	-1.522007e+01
3.071000e-05	3.139544e-02	-1.523805e+01
3.072000e-05	3.551542e-02	-1.517740e+01
3.073000e-05	3.704998e-02	-1.513724e+01
3.074000e-05	3.842222e-02	-1.512521e+01
3.075000e-05	3.724631e-02	-1.510313e+01
3.076000e-05	3.649787e-02	-1.500748e+01
3.077000e-05	3.369544e-02	-1.498644e+01
3.078000e-05	2.887100e-02	-1.490621e+01
3.079000e-05	2.716684e-02	-1.481158e+01
3.080000e-05	2.265507e-02	-1.475834e+01
3.081000e-05	1.974066e-02	-1.468414e+01
3.082000e-05	1.635250e-02	-1.460695e+01
3.083000e-05	1.490537e-02	-1.452281e+01
3.084000e-05	1.294777e-02	-1.439798e+01
3.085000e-05	9.522154e-03	-1.430426e+01
3.086000e-05	9.658262e-03	-1.422847e+01
3.087000e-05	9.468061e-03	-1.405418e+01
3.088000e-05	7.519543e-03	-1.394742e+01
3.089000e-05	4.634119e-03	-1.380015e+01
3.090000e-05	4.520327e-03	-1.368218e+01
3.091000e-05	4.365403e-03	-1.353479e+01
3.092000e-05	2.348381e-03	-1.344950e+01
3.093000e-05	2.525636e-03	-1.328271e+01
3.094000e-05	1.990281e-03	-1.320441e+01
3.095000e-05	2.040889e-03	-1.303705e+01
3.096000e-05	1.014080e-03	-1.287171e+01
3.097000e-05	1.669431e-03	-1.275516e+01
3.098000e-05	3.843732e-04	-1.258689e+01
3.099000e-05	-5.432490e-05	-1.241755e+01
3.100000e-05	1.271730e-04	-1.225710e+01
3.101000e-05	1.142994e-03	-1.210128e+01
3.102000e-05	-1.238228e-03	-1.189283e+01
3.103000e-05	-2.323657e-03	-1.172321e+01
3.104000e-05	-1.955708e-03	-1.149425e+01
3.105000e-05	-4.786815e-04	-1.128165e+01
3.106000e-05	-1.115713e-03	-1.107008e+01
3.107000e-05	-1.556897e-03	-1.086814e+01
3.108000e-05	-8.514763e-04	-1.067823e+01
3.109000e-05	-2.906138e-03	-1.050966e+01
3.110000e-05	-2.651895e-03	-1.028007e+01
3.111000e-05	-3.186539e-03	-1.002610e+01
3.112000e-05	-2.777956e-03	-9.816146e+00
3.113000e-05	-2.950338e-03	-9.644948e+00
3.114000e-05	-3.611964e-03	-9.343917e+00
3.115000e-05	-3.794950e-03	-9.131388e+00
3.116000e-05	-4.100769e-03	-8.939829e+00
3.117000e-05	-4.323880e-03	-8.690752e+00
3.118000e-05	-4.407205e-03	-8.428552e+00
3.119000e-05	-4.316055e-03	-8.213959e+00
3.120000e-05	-4.416128e-03	-7.973862e+00
3.121000e-05	-4.550438e-03	-7.690606e+00
3.122000e-05	-4.433331e-03	-7.395574e+00
3.123000e-05	-5.777636e-03	-7.182965e+00
3.124000e-05	-5.187125e-03	-6.960281e+00
3.125000e-05	-5.237123e-03	-6.688178e+00
3.126000e-05	-4.027757e-03	-6.415576e+00
3.127000e-05	-5.574907e-03	-6.202438e+00
3.128000e-05	-4.236320e-03	-5.917280e+00
3.129000e-05	-5.276997e-03	-5.655647e+00
3.130000e-05	-4.411028e-03	-5.381964e+00
3.131000e-05	-6.717150e-03	-5.067703e+00
3.132000e-05	-3.965003e-03	-4.740858e+00
3.133000e-05	-5.533245e-03	-4.487779e+00
3.134000e-05	-4.326299e-03	-4.274624e+00
3.135000e-05	-6.460168e-03	-4.010486e+00
3.136000e-05	-4.216205e-03	-3.705781e+00
3.137000e-05	-6.073647e-03	-3.451669e+00
3.138000e-05	-4.667958e-03	-3.188412e+00
3.139000e-05	-6.095199e-03	-2.833520e+00
3.140000e-05	-6.643539e-03	-2.607418e+00
3.141000e-05	-6.327031e-03	-2.308733e+00
3.142000e-05	-5.452245e-03	-2.011566e+00
3.143000e-05	-5.369169e-03	-1.707858e+00
3.144000e-05	-5.475497e-03	-1.419695e+00
3.145000e-05	-6.045847e-03	-1.115281e+00
3.146000e-05	-6.075734e-03	-7.805699e-01
3.147000e-05	-5.773327e-03	-5.063590e-01
3.148000e-05	-5.477745e-03	-2.830951e-01
3.149000e-05	-4.035800e-03	-1.004222e-02
3.150000e-05	5.491529e-03	3.462747e-01
3.151000e-05	-3.910959e-03	5.594038e-01
3.152000e-05	-1.711664e-03	8.621317e-01
3.153000e-05	-9.083607e-04	1.156748e+00
3.154000e-05	-1.138746e-03	1.329431e+00
3.155000e-05	-4.910479e-03	1.726245e+00
3.156000e-05	3.165940e-03	1.938375e+00
3.157000e-05	1.084681e-02	2.119252e+00
3.158000e-05	5.502683e-02	2.392014e+00
3.159000e-05	5.561137e-02	2.748855e+00
3.160000e-05	-9.691949e-02	3.024090e+00
3.161000e-05	-8.493797e-03	3.327748e+00
3.162000e-05	-3.330155e-02	3.602031e+00
3.163000e-05	2.947689e-03	3.834137e+00
3.164000e-05	-5.904816e-02	4.037166e+00
3.165000e-05	1.406439e-02	4.309221e+00
3.166000e-05	8.913230e-02	4.550851e+00
3.167000e-05	-7.092611e-02	4.798607e+00
3.168000e-05	8.662835e-03	5.111799e+00
3.169000e-05	8.062943e-02	5.433962e+00
3.170000e-05	-1.302504e-01	5.688771e+00
3.171000e-05	9.902154e-02	5.932925e+00
3.172000e-05	-5.533979e-02	6.195509e+00
3.173000e-05	3.716563e-02	6.458742e+00
3.174000e-05	-2.545497e-02	6.731376e+00
3.175000e-05	-9.541568e-03	7.035511e+00
3.176000e-05	3.833794e-02	7.281675e+00
3.177000e-05	-6.137730e-02	7.594034e+00
3.178000e-05	3.577756e-02	7.899114e+00
3.179000e-05	-3.506063e-02	8.112797e+00
3.180000e-05	4.910733e-02	8.391951e+00
3.181000e-05	-1.872606e-02	8.575507e+00
3.182000e-05	-3.025045e-02	8.798067e+00
3.183000e-05	2.636068e-02	9.080138e+00
3.184000e-05	-2.142311e-02	9.320741e+00
3.185000e-05	1.443518e-02	9.493249e+00
3.186000e-05	-3.450896e-02	9.734451e+00
3.187000e-05	3.361664e-02	9.966875e+00
3.188000e-05	-1.942571e-02	1.015548e+01
3.189000e-05	-2.439727e-03	1.042908e+01
3.190000e-05	-2.237335e-02	1.059650e+01
3.191000e-05	1.140730e-02	1.080748e+01
3.192000e-05	4.998336e-03	1.095546e+01
3.193000e-05	-2.198351e-02	1.117751e+01
3.194000e-05	2.200752e-03	1.137898e+01
3.195000e-05	1.456549e-03	1.162001e+01
3.196000e-05	6.939823e-03	1.178851e+01
3.197000e-05	-2.960089e-02	1.198688e+01
3.198000e-05	7.863234e-03	1.212650e+01
3.199000e-05	-6.564654e-04	1.228580e+01
3.200000e-05	-3.178349e-03	1.247374e+01
3.201000e-05	-1.843971e-02	1.263061e+01
3.202000e-05	5.750265e-04	1.283001e+01
3.203000e-05	1.623649e-03	1.294740e+01
3.204000e-05	-1.520091e-02	1.310629e+01
3.205000e-05	-6.227007e-03	1.329319e+01
3.206000e-05	-5.458416e-03	1.338904e+01
3.207000e-05	1.497135e-03	1.359853e+01
3.208000e-05	-1.611025e-02	1.368674e+01
3.209000e-05	-3.122911e-03	1.380253e+01
3.210000e-05	-9.346516e-03	1.394688e+01
3.211000e-05	-7.980683e-03	1.412572e+01
3.212000e-05	-1.170705e-02	1.424258e+01
3.213000e-05	-5.565166e-03	1.434727e+01
3.214000e-05	-6.045889e-03	1.441021e+01
3.215000e-05	-1.355454e-02	1.452545e+01
3.216000e-05	-6.498462e-03	1.459898e+01
3.217000e-05	-1.140585e-02	1.472372e+01
3.218000e-05	-5.675177e-03	1.479802e+01
3.219000e-05	-1.216611e-02	1.482960e+01
3.220000e-05	-9.698694e-03	1.488434e+01
3.221000e-05	-1.327350e-02	1.494785e+01
3.222000e-05	-1.446331e-02	1.499046e+01
3.223000e-05	-1.236778e-02	1.503106e+01
3.224000e-05	-1.574309e-02	1.508508e+01
3.225000e-05	-1.574414e-02	1.512532e+01
3.226000e-05	-1.863261e-02	1.514842e+01
3.227000e-05	-1.394375e-02	1.520140e+01
3.228000e-05	-1.881900e-02	1.521353e+01
3.229000e-05	-1.885440e-02	1.524168e+01
3.230000e-05	-2.246626e-02	1.525309e+01
3.231000e-05	-2.349296e-02	1.524376e+01
3.232000e-05	-2.573999e-02	1.525521e+01
3.233000e-05	-2.799013e-02	1.523471e+01
3.234000e-05	-3.013446e-02	1.522371e+01
3.235000e-05	-3.505335e-02	1.526361e+01
3.236000e-05	-3.765133e-02	1.523218e+01
3.237000e-05	-4.171007e-02	1.523106e+01
3.238000e-05	-4.319524e-02	1.518997e+01
3.239000e-05	-4.487266e-02	1.513742e+01
3.240000e-05	-4.452463e-02	1.513479e+01
3.241000e-05	-4.299377e-02	1.506206e+01
3.242000e-05	-4.053129e-02	1.501901e+01
3.243000e-05	-3.552546e-02	1.496440e+01
3.244000e-05	-3.444992e-02	1.485175e+01
3.245000e-05	-2.904973e-02	1.480805e+01
3.246000e-05	-2.704254e-02	1.474527e+01
3.247000e-05	-2.281559e-02	1.468366e+01
3.248000e-05	-2.246657e-02	1.453699e+01
3.249000e-05	-1.971080e-02	1.445373e+01
3.250000e-05	-1.847507e-02	1.442642e+01
3.251000e-05	-1.645548e-02	1.426215e+01
3.252000e-05	-1.678689e-02	1.412551e+01
3.253000e-05	-1.334116e-02	1.401110e+01
3.254000e-05	-1.403563e-02	1.388268e+01
3.255000e-05	-1.190550e-02	1.373797e+01
3.256000e-05	-1.382191e-02	1.362255e+01
3.257000e-05	-1.050527e-02	1.348268e+01
3.258000e-05	-1.225219e-02	1.340491e+01
3.259000e-05	-8.915975e-03	1.320658e+01
3.260000e-05	-1.055473e-02	1.307111e+01
3.261000e-05	-7.568606e-03	1.293443e+01
3.262000e-05	-9.933189e-03	1.276650e+01
3.263000e-05	-7.073533e-03	1.264765e+01
3.264000e-05	-1.008708e-02	1.247171e+01
3.265000e-05	-6.664023e-03	1.229175e+01
3.266000e-05	-9.700835e-03	1.216581e+01
3.267000e-05	-5.721669e-03	1.198537e+01
3.268000e-05	-6.951809e-03	1.183541e+01
3.269000e-05	-7.147185e-03	1.158594e+01
3.270000e-05	-6.051903e-03	1.132697e+01
3.271000e-05	-6.514896e-03	1.118695e+01
3.272000e-05	-7.215689e-03	1.095294e+01
3.273000e-05	-6.390763e-03	1.077507e+01
3.274000e-05	-5.249133e-03	1.057746e+01
3.275000e-05	-5.664157e-03	1.035287e+01
3.276000e-05	-6.886552e-03	1.014289e+01
3.277000e-05	-5.200437e-03	9.951381e+00
3.278000e-05	-5.713922e-03	9.669206e+00
3.279000e-05	-5.687751e-03	9.447127e+00
3.280000e-05	-5.754526e-03	9.236154e+00
3.281000e-05	-4.463386e-03	8.976000e+00
3.282000e-05	-4.792630e-03	8.783938e+00
3.283000e-05	-5.402348e-03	8.542889e+00
3.284000e-05	-5.462684e-03	8.350883e+00
3.285000e-05	-5.468179e-03	8.067727e+00
3.286000e-05	-5.947832e-03	7.836099e+00
3.287000e-05	-5.104670e-03	7.582486e+00
3.288000e-05	-5.337886e-03	7.279735e+00
3.289000e-05	-4.378119e-03	7.036050e+00
3.290000e-05	-4.898156e-03	6.801992e+00
3.291000e-05	-4.261679e-03	6.510204e+00
3.292000e-05	-5.348444e-03	6.295779e+00
3.293000e-05	-5.345401e-03	6.073094e+00
3.294000e-05	-6.162931e-03	5.724013e+00
3.295000e-05	-4.743405e-03	5.488253e+00
3.296000e-05	-5.028120e-03	5.234495e+00
3.297000e-05	-3.852820e-03	4.866795e+00
3.298000e-05	-4.687813e-03	4.592092e+00
3.299000e-05	-3.846581e-03	4.389529e+00
3.300000e-05	-4.921196e-03	4.064601e+00
3.301000e-05	-5.481147e-03	3.801568e+00
3.302000e-05	-4.862824e-03	3.558362e+00
3.303000e-05	-3.742400e-03	3.254621e+00
3.304000e-05	-4.516420e-03	2.968916e+00
3.305000e-05	-3.841265e-03	2.727805e+00
3.306000e-05	-4.412000e-03	2.369490e+00
3.307000e-05	-3.872857e-03	2.106807e+00
3.308000e-05	-5.226838e-03	1.853725e+00
3.309000e-05	-3.831096e-03	1.549881e+00
3.310000e-05	-4.352055e-03	1.251170e+00
3.311000e-05	-6.311500e-03	8.753541e-01
3.312000e-05	-2.364559e-03	6.516198e-01
3.313000e-05	-6.353473e-03	3.469423e-01
3.314000e-05	9.368959e-04	3.117388e-02
3.315000e-05	1.056008e-03	-2.004603e-01
3.316000e-05	9.060670e-03	-4.636418e-01
3.317000e-05	-6.639763e-03	-7.989514e-01
3.318000e-05	6.205265e-03	-1.012459e+00
3.319000e-05	-4.367622e-03	-1.285598e+00
3.320000e-05	2.514651e-03	-1.569926e+00
3.321000e-05	-2.607382e-04	-1.813457e+00
3.322000e-05	2.623564e-02	-2.012034e+00
3.323000e-05	8.282826e-02	-2.336349e+00
3.324000e-05	-2.645237e-03	-2.614590e+00
3.325000e-05	-7.922571e-02	-3.042993e+00
3.326000e-05	1.329733e-02	-3.358325e+00
3.327000e-05	-3.369813e-02	-3.549801e+00
3.328000e-05	-3.415498e-02	-3.792479e+00
3.329000e-05	-6.552056e-02	-4.034133e+00
3.330000e-05	2.181935e-01	-4.182027e+00
3.331000e-05	-1.707900e-01	-4.446711e+00
3.332000e-05	6.663612e-02	-4.781352e+00
3.333000e-05	6.899171e-02	-4.972434e+00
3.334000e-05	-1.613316e-01	-5.370276e+00
3.335000e-05	1.905126e-01	-5.564008e+00
3.336000e-05	-1.668957e-01	-5.818695e+00
3.337000e-05	1.344160e-01	-6.100846e+00
3.338000e-05	-2.790791e-02	-6.384460e+00
3.339000e-05	-7.098234e-02	-6.688096e+00
3.340000e-05	1.158806e-01	-7.012878e+00
3.341000e-05	-1.341598e-01	-7.217115e+00
3.342000e-05	1.131248e-01	-7.480250e+00
3.343000e-05	-9.113616e-02	-7.766328e+00
3.344000e-05	6.958581e-02	-8.068614e+00
3.345000e-05	2.041652e-02	-8.289719e+00
3.346000e-05	-6.896936e-02	-8.563875e+00
3.347000e-05	8.369310e-02	-8.795902e+00
3.348000e-05	-8.438198e-02	-9.027066e+00
3.349000e-05	6.990128e-02	-9.237040e+00
3.350000e-05	-6.656984e-02	-9.489140e+00
3.351000e-05	5.993455e-02	-9.712645e+00
3.352000e-05	-6.403783e-03	-9.892196e+00
3.353000e-05	-9.650259e-03	-1.016480e+01
3.354000e-05	-1.481932e-03	-1.033340e+01
3.355000e-05	-1.696279e-02	-1.057385e+01
3.356000e-05	4.751768e-02	-1.074072e+01
3.357000e-05	-4.240641e-02	-1.090530e+01
3.358000e-05	3.550502e-02	-1.114477e+01
3.359000e-05	-2.036901e-02	-1.135628e+01
3.360000e-05	2.927421e-02	-1.151373e+01
3.361000e-05	-4.441241e-02	-1.170487e+01
3.362000e-05	2.351204e-02	-1.191425e+01
3.363000e-05	2.190361e-03	-1.210117e+01
3.364000e-05	1.114179e-02	-1.231072e+01
3.365000e-05	-1.385022e-02	-1.245209e+01
3.366000e-05	8.506445e-03	-1.263851e+01
3.367000e-05	1.308783e-02	-1.280635e+01
3.368000e-05	-1.597153e-02	-1.297673e+01
3.369000e-05	4.181840e-03	-1.306062e+01
3.370000e-05	-1.786273e-03	-1.321151e+01
3.371000e-05	1.912282e-02	-1.336943e+01
3.372000e-05	-1.543728e-02	-1.351585e+01
3.373000e-05	1.339298e-02	-1.367117e+01
3.374000e-05	-2.809482e-04	-1.377948e+01
3.375000e-05	9.719171e-03	-1.391675e+01
3.376000e-05	-6.437663e-03	-1.404349e+01
3.377000e-05	1.000147e-02	-1.417848e+01
3.378000e-05	5.158115e-03	-1.429369e+01
3.379000e-05	2.035834e-03	-1.441895e+01
3.380000e-05	2.756696e-03	-1.447369e+01
3.381000e-05	3.822935e-03	-1.458835e+01
3.382000e-05	6.937374e-03	-1.461963e+01
3.383000e-05	5.139945e-03	-1.474525e+01
3.384000e-05	9.803277e-03	-1.478901e+01
3.385000e-05	6.359165e-03	-1.486208e+01
3.386000e-05	6.434022e-03	-1.486634e+01
3.387000e-05	5.545065e-03	-1.491792e+01
3.388000e-05	7.218676e-03	-1.502048e+01
3.389000e-05	5.425983e-03	-1.506413e+01
3.390000e-05	8.690024e-03	-1.509472e+01
3.391000e-05	1.048925e-02	-1.514519e+01
3.392000e-05	1.167414e-02	-1.515677e+01
3.393000e-05	1.095788e-02	-1.517750e+01
3.394000e-05	1.366972e-02	-1.517705e+01
3.395000e-05	1.567356e-02	-1.522910e+01
3.396000e-05	1.557281e-02	-1.524158e+01
3.397000e-05	1.958237e-02	-1.524368e+01
3.398000e-05	2.122031e-02	-1.526001e+01
3.399000e-05	2.328794e-02	-1.523258e+01
3.400000e-05	2.553429e-02	-1.524158e+01
3.401000e-05	2.917257e-02	-1.520102e+01
3.402000e-05	3.493401e-02	-1.519690e+01
3.403000e-05	3.630796e-02	-1.519594e+01
3.404000e-05	3.794732e-02	-1.515479e+01
3.405000e-05	3.822148e-02	-1.510361e+01
3.406000e-05	3.731490e-02	-1.508111e+01
3.407000e-05	3.483347e-02	-1.498940e+01
3.408000e-05	3.040112e-02	-1.494589e+01
3.409000e-05	2.777566e-02	-1.489318e+01
3.410000e-05	2.427018e-02	-1.480052e+01
3.411000e-05	2.185408e-02	-1.473629e+01
3.412000e-05	1.724505e-02	-1.465003e+01
3.413000e-05	1.617135e-02	-1.453637e+01
3.414000e-05	1.396544e-02	-1.446165e+01
3.415000e-05	1.238929e-02	-1.433587e+01
3.416000e-05	9.370301e-03	-1.424060e+01
3.417000e-05	9.124326e-03	-1.411582e+01
3.418000e-05	7.941839e-03	-1.399847e+01
3.419000e-05	5.344811e-03	-1.389271e+01
3.420000e-05	4.222015e-03	-1.378687e+01
3.421000e-05	4.230928e-03	-1.361954e+01
3.422000e-05	4.059586e-03	-1.348219e+01
3.423000e-05	3.222759e-03	-1.338691e+01
3.424000e-05	2.421513e-03	-1.324915e+01
3.425000e-05	2.603029e-03	-1.308073e+01
3.426000e-05	1.129033e-03	-1.294464e+01
3.427000e-05	5.474506e-04	-1.280605e+01
3.428000e-05	5.913536e-04	-1.268955e+01
3.429000e-05	1.208745e-03	-1.248429e+01
3.430000e-05	5.662578e-04	-1.234578e+01
3.431000e-05	-1.016211e-03	-1.219442e+01
3.432000e-05	-1.236704e-03	-1.197799e+01
3.433000e-05	-1.066572e-03	-1.178847e+01
3.434000e-05	-1.919187e-04	-1.154692e+01
3.435000e-05	-5.422471e-04	-1.138839e+01
3.436000e-05	-1.369022e-03	-1.120494e+01
3.437000e-05	-3.026401e-03	-1.094537e+01
3.438000e-05	-1.639747e-03	-1.078339e+01
3.439000e-05	-1.986514e-03	-1.059597e+01
3.440000e-05	-3.352256e-03	-1.040446e+01
3.441000e-05	-2.254306e-03	-1.013334e+01
3.442000e-05	-2.583841e-03	-9.910412e+00
3.443000e-05	-3.064432e-03	-9.710781e+00
3.444000e-05	-3.698776e-03	-9.519327e+00
3.445000e-05	-3.363461e-03	-9.260204e+00
3.446000e-05	-2.521001e-03	-9.025073e+00
3.447000e-05	-4.507028e-03	-8.784548e+00
3.448000e-05	-5.116273e-03	-8.584891e+00
3.449000e-05	-4.344803e-03	-8.309281e+00
3.450000e-05	-5.145457e-03	-8.089100e+00
3.451000e-05	-4.640867e-03	-7.877046e+00
3.452000e-05	-4.704757e-03	-7.542884e+00
3.453000e-05	-3.941529e-03	-7.288778e+00
3.454000e-05	-4.952840e-03	-7.085648e+00
3.455000e-05	-4.413042e-03	-6.802965e+00
3.456000e-05	-5.251023e-03	-6.550813e+00
3.457000e-05	-5.367268e-03	-6.316804e+00
3.458000e-05	-5.187166e-03	-6.012519e+00
3.459000e-05	-5.453659e-03	-5.792338e+00
3.460000e-05	-4.596838e-03	-5.528253e+00
3.461000e-05	-5.363170e-03	-5.252515e+00
3.462000e-05	-5.188968e-03	-4.928725e+00
3.463000e-05	-4.306550e-03	-4.611040e+00
3.464000e-05	-5.566306e-03	-4.370863e+00
3.465000e-05	-5.071702e-03	-4.146331e+00
3.466000e-05	-4.513279e-03	-3.842648e+00
3.467000e-05	-5.105205e-03	-3.558862e+00
3.468000e-05	-5.159656e-03	-3.306330e+00
3.469000e-05	-6.914768e-03	-2.995065e+00
3.470000e-05	-4.262260e-03	-2.727884e+00
3.471000e-05	-7.579368e-03	-2.490120e+00
3.472000e-05	-4.830111e-03	-2.147458e+00
3.473000e-05	-6.744900e-03	-1.853750e+00
3.474000e-05	-4.022416e-03	-1.608466e+00
3.475000e-05	-7.038669e-03	-1.220675e+00
3.476000e-05	-4.833104e-03	-9.479094e-01
3.477000e-05	-6.525491e-03	-6.942054e-01
3.478000e-05	-4.341539e-03	-3.790134e-01
3.479000e-05	-5.958276e-03	-1.333291e-01
3.480000e-05	-1.386462e-04	1.688254e-01
3.481000e-05	5.523030e-03	4.231381e-01
3.482000e-05	-7.824337e-03	6.541672e-01
3.483000e-05	3.899620e-03	9.408014e-01
3.484000e-05	-6.674936e-03	1.244590e+00
3.485000e-05	2.207120e-03	1.497272e+00
3.486000e-05	-9.086791e-03	1.832558e+00
3.487000e-05	1.490625e-02	2.032113e+00
3.488000e-05	1.702950e-02	2.266141e+00
3.489000e-05	9.432457e-02	2.550383e+00
3.490000e-05	-4.995945e-02	2.897699e+00
3.491000e-05	-4.685826e-02	3.171004e+00
3.492000e-05	-2.674074e-02	3.475696e+00
3.493000e-05	-2.514124e-03	3.759424e+00
3.494000e-05	-3.623474e-02	3.951401e+00
3.495000e-05	-2.740280e-02	4.193984e+00
3.496000e-05	5.045602e-02	4.454588e+00
3.497000e-05	6.356502e-02	4.740322e+00
3.498000e-05	-1.435990e-01	5.023407e+00
3.499000e-05	1.756454e-01	5.279200e+00
3.500000e-05	-1.361124e-01	5.562010e+00
3.501000e-05	4.919280e-02	5.865489e+00
3.502000e-05	2.248830e-03	6.109246e+00
3.503000e-05	-1.256641e-02	6.361826e+00
3.504000e-05	2.399035e-02	6.616587e+00
3.505000e-05	-5.390983e-02	6.901219e+00
3.506000e-05	5.444666e-02	7.153053e+00
3.507000e-05	-4.560246e-02	7.439117e+00
3.508000e-05	5.101967e-03	7.721799e+00
3.509000e-05	-6.387296e-03	8.014938e+00
3.510000e-05	8.878720e-03	8.238640e+00
3.511000e-05	2.841046e-02	8.489670e+00
3.512000e-05	-4.917167e-02	8.709723e+00
3.513000e-05	1.244819e-02	8.944832e+00
3.514000e-05	5.177756e-04	9.167461e+00
3.515000e-05	-6.968022e-03	9.436555e+00
3.516000e-05	-7.851260e-03	9.688612e+00
3.517000e-05	-4.950106e-03	9.850689e+00
3.518000e-05	2.010453e-02	1.007027e+01
3.519000e-05	-2.042362e-02	1.027072e+01
3.520000e-05	-1.068031e-02	1.050472e+01
3.521000e-05	-7.772920e-03	1.067082e+01
3.522000e-05	1.156090e-02	1.093324e+01
3.523000e-05	-6.215264e-03	1.107180e+01
3.524000e-05	-1.813152e-02	1.126522e+01
3.525000e-05	9.795826e-03	1.149471e+01
3.526000e-05	2.306428e-04	1.167529e+01
3.527000e-05	-1.154878e-02	1.188065e+01
3.528000e-05	-1.535075e-02	1.205267e+01
3.529000e-05	9.880345e-03	1.225924e+01
3.530000e-05	-2.997384e-04	1.240806e+01
3.531000e-05	-1.620313e-02	1.256895e+01
3.532000e-05	-8.427874e-03	1.271585e+01
3.533000e-05	8.816898e-04	1.285330e+01
3.534000e-05	-4.166676e-03	1.305906e+01
3.535000e-05	-1.676901e-02	1.319003e+01
3.536000e-05	-1.623707e-03	1.336735e+01
3.537000e-05	-9.678966e-04	1.348270e+01
3.538000e-05	-7.058868e-03	1.363164e+01
3.539000e-05	-9.826966e-03	1.375888e+01
3.540000e-05	-5.511946e-03	1.390614e+01
3.541000e-05	-6.009429e-03	1.403354e+01
3.542000e-05	-1.398197e-02	1.420050e+01
3.543000e-05	-6.554841e-03	1.428422e+01
3.544000e-05	-6.835579e-03	1.438808e+01
3.545000e-05	-8.016876e-03	1.451469e+01
3.546000e-05	-1.139052e-02	1.456795e+01
3.547000e-05	-8.369469e-03	1.467167e+01
3.548000e-05	-8.614297e-03	1.476585e+01
3.549000e-05	-9.729297e-03	1.481805e+01
3.550000e-05	-8.566897e-03	1.484271e+01
3.551000e-05	-1.250799e-02	1.495537e+01
3.552000e-05	-1.149783e-02	1.498850e+01
3.553000e-05	-1.534014e-02	1.502156e+01
3.554000e-05	-1.185109e-02	1.504416e+01
3.555000e-05	-1.723240e-02	1.515572e+01
3.556000e-05	-1.586239e-02	1.512682e+01
3.557000e-05	-1.566968e-02	1.516995e+01
3.558000e-05	-1.688561e-02	1.518305e+01
3.559000e-05	-1.879378e-02	1.523163e+01
3.560000e-05	-2.191350e-02	1.525208e+01
3.561000e-05	-2.096742e-02	1.523419e+01
3.562000e-05	-2.621019e-02	1.521426e+01
3.563000e-05	-2.696714e-02	1.527426e+01
3.564000e-05	-2.945244e-02	1.524319e+01
3.565000e-05	-3.179415e-02	1.526471e+01
3.566000e-05	-3.500787e-02	1.523411e+01
3.567000e-05	-3.977928e-02	1.521103e+01
3.568000e-05	-4.202519e-02	1.520902e+01
3.569000e-05	-4.543052e-02	1.511945e+01
3.570000e-05	-4.386242e-02	1.515681e+01
3.571000e-05	-4.436704e-02	1.506464e+01
3.572000e-05	-4.110923e-02	1.506953e+01
3.573000e-05	-3.851831e-02	1.496792e+01
3.574000e-05	-3.499546e-02	1.492336e+01
3.575000e-05	-3.085266e-02	1.481913e+01
3.576000e-05	-2.777572e-02	1.479697e+01
3.577000e-05	-2.551336e-02	1.470373e+01
3.578000e-05	-2.404514e-02	1.460765e+01
3.579000e-05	-2.215391e-02	1.450429e+01
3.580000e-05	-1.834191e-02	1.444060e+01
3.581000e-05	-1.805794e-02	1.429471e+01
3.582000e-05	-1.712456e-02	1.418953e+01
3.583000e-05	-1.673006e-02	1.406275e+01
3.584000e-05	-1.303302e-02	1.394589e+01
3.585000e-05	-1.268631e-02	1.384100e+01
3.586000e-05	-1.211978e-02	1.367476e+01
3.587000e-05	-1.227200e-02	1.355739e+01
3.588000e-05	-1.077751e-02	1.340953e+01
3.589000e-05	-1.094879e-02	1.330229e+01
3.590000e-05	-9.230206e-03	1.311441e+01
3.591000e-05	-1.005937e-02	1.296894e+01
3.592000e-05	-9.557501e-03	1.280913e+01
3.593000e-05	-9.620320e-03	1.267273e+01
3.594000e-05	-9.003971e-03	1.255339e+01
3.595000e-05	-6.128445e-03	1.236657e+01
3.596000e-05	-7.396792e-03	1.221910e+01
3.597000e-05	-6.752909e-03	1.202958e+01
3.598000e-05	-7.938455e-03	1.186873e+01
3.599000e-05	-6.225001e-03	1.167971e+01
3.600000e-05	-7.464197e-03	1.150171e+01
3.601000e-05	-6.229810e-03	1.123070e+01
3.602000e-05	-6.394691e-03	1.107065e+01
3.603000e-05	-6.990725e-03	1.086016e+01
3.604000e-05	-5.563513e-03	1.069020e+01
3.605000e-05	-6.264298e-03	1.045113e+01
3.606000e-05	-5.915351e-03	1.026660e+01
3.607000e-05	-5.564420e-03	1.001654e+01
3.608000e-05	-4.888758e-03	9.776996e+00
3.609000e-05	-5.403723e-03	9.570439e+00
3.610000e-05	-6.398927e-03	9.332363e+00
3.611000e-05	-5.270108e-03	9.171832e+00
3.612000e-05	-5.608485e-03	8.859130e+00
3.613000e-05	-5.382129e-03	8.638122e+00
3.614000e-05	-5.496897e-03	8.433523e+00
3.615000e-05	-4.955355e-03	8.153918e+00
3.616000e-05	-5.173757e-03	7.910433e+00
3.617000e-05	-4.574770e-03	7.667705e+00
3.618000e-05	-4.967246e-03	7.394096e+00
3.619000e-05	-4.846429e-03	7.151415e+00
3.620000e-05	-4.484943e-03	6.908807e+00
3.621000e-05	-4.563685e-03	6.627197e+00
3.622000e-05	-4.567496e-03	6.372513e+00
3.623000e-05	-4.745559e-03	6.140887e+00
3.624000e-05	-4.714871e-03	5.877855e+00
3.625000e-05	-4.873478e-03	5.635117e+00
3.626000e-05	-4.327858e-03	5.378913e+00
3.627000e-05	-4.752369e-03	5.015595e+00
3.628000e-05	-4.225065e-03	4.728258e+00
3.629000e-05	-4.570139e-03	4.466200e+00
3.630000e-05	-4.979619e-03	4.221041e+00
3.631000e-05	-4.832994e-03	3.917783e+00
3.632000e-05	-4.519653e-03	3.674150e+00
3.633000e-05	-4.465854e-03	3.420540e+00
3.634000e-05	-5.183608e-03	3.098728e+00
3.635000e-05	-5.027718e-03	2.844591e+00
3.636000e-05	-4.561863e-03	2.528358e+00
3.637000e-05	-4.008377e-03	2.252671e+00
3.638000e-05	-3.931588e-03	1.999490e+00
3.639000e-05	-4.947251e-03	1.645781e+00
3.640000e-05	-4.711102e-03	1.368491e+00
3.641000e-05	-4.534156e-03	1.094805e+00
3.642000e-05	-4.016262e-03	7.974595e-01
3.643000e-05	-3.478152e-03	4.632553e-01
3.644000e-05	-2.716551e-03	2.079685e-01
3.645000e-05	-1.884378e-03	-8.417099e-02
3.646000e-05	9.827977e-03	-3.573224e-01
3.647000e-05	-3.328804e-03	-6.203880e-01
3.648000e-05	4.727642e-03	-8.742409e-01
3.649000e-05	-3.285816e-03	-1.128776e+00
3.650000e-05	3.846068e-03	-1.463016e+00
3.651000e-05	-5.050394e-03	-1.686221e+00
3.652000e-05	1.793860e-02	-1.907725e+00
3.653000e-05	3.875893e-02	-2.149898e+00
3.654000e-05	1.015651e-01	-2.457147e+00
3.655000e-05	-1.212495e-01	-2.824595e+00
3.656000e-05	2.600728e-02	-3.182514e+00
3.657000e-05	-5.532857e-02	-3.425613e+00
3.658000e-05	1.335010e-02	-3.656188e+00
3.659000e-05	-1.163312e-01	-3.940219e+00
3.660000e-05	1.304910e-01	-4.098195e+00
3.661000e-05	6.367854e-02	-4.297723e+00
3.662000e-05	-1.742029e-01	-4.645533e+00
3.663000e-05	2.246767e-01	-4.876239e+00
3.664000e-05	-2.017957e-01	-5.161257e+00
3.665000e-05	1.043293e-01	-5.518115e+00
3.666000e-05	-6.666662e-03	-5.710749e+00
3.667000e-05	-6.337062e-02	-5.985608e+00
3.668000e-05	1.472851e-01	-6.185661e+00
3.669000e-05	-1.596653e-01	-6.531875e+00
3.670000e-05	1.065930e-01	-6.846561e+00
3.671000e-05	-4.884844e-02	-7.059674e+00
3.672000e-05	-1.656875e-02	-7.403533e+00
3.673000e-05	6.096653e-02	-7.638511e+00
3.674000e-05	-9.043983e-02	-7.982803e+00
3.675000e-05	1.435661e-01	-8.173854e+00
3.676000e-05	-1.232863e-01	-8.436513e+00
3.677000e-05	7.240681e-02	-8.718666e+00
3.678000e-05	-2.934210e-02	-8.931722e+00
3.679000e-05	-3.936078e-03	-9.133275e+00
3.680000e-05	1.977795e-02	-9.364873e+00
3.681000e-05	-4.299639e-02	-9.595934e+00
3.682000e-05	8.491231e-02	-9.815980e+00
3.683000e-05	-6.297809e-02	-9.996009e+00
3.684000e-05	3.954197e-02	-1.023811e+01
3.685000e-05	-5.315990e-02	-1.047861e+01
3.686000e-05	5.422342e-02	-1.064897e+01
3.687000e-05	-2.147619e-02	-1.082899e+01
3.688000e-05	2.324303e-03	-1.103903e+01
3.689000e-05	9.090148e-03	-1.126056e+01
3.690000e-05	2.529536e-03	-1.143056e+01
3.691000e-05	8.229860e-04	-1.162056e+01
3.692000e-05	-2.867809e-02	-1.184956e+01
3.693000e-05	3.792636e-02	-1.203896e+01
3.694000e-05	-1.163804e-02	-1.221653e+01
3.695000e-05	1.334141e-02	-1.235440e+01
3.696000e-05	-2.353995e-02	-1.252578e+01
3.697000e-05	3.076138e-02	-1.271373e+01
3.698000e-05	-1.718918e-02	-1.289014e+01
3.699000e-05	1.466139e-03	-1.302958e+01
3.700000e-05	-4.273880e-03	-1.316628e+01
3.701000e-05	2.010522e-02	-1.332377e+01
3.702000e-05	-1.959033e-03	-1.346164e+01
3.703000e-05	-2.524725e-03	-1.359943e+01
3.704000e-05	7.313675e-03	-1.373787e+01
3.705000e-05	3.588396e-03	-1.390612e+01
3.706000e-05	7.300910e-04	-1.401793e+01
3.707000e-05	-1.276781e-03	-1.412632e+01
3.708000e-05	1.186662e-02	-1.423306e+01
3.709000e-05	2.990502e-03	-1.431580e+01
3.710000e-05	3.729262e-03	-1.444171e+01
3.711000e-05	2.045798e-03	-1.452430e+01
3.712000e-05	6.430406e-03	-1.461053e+01
3.713000e-05	3.838086e-03	-1.470316e+01
3.714000e-05	7.385605e-03	-1.477795e+01
3.715000e-05	7.159820e-03	-1.483105e+01
3.716000e-05	7.263842e-03	-1.490481e+01
3.717000e-05	5.173456e-03	-1.493679e+01
3.718000e-05	7.803320e-03	-1.500943e+01
3.719000e-05	4.340051e-03	-1.502298e+01
3.720000e-05	7.825379e-03	-1.509476e+01
3.721000e-05	1.022271e-02	-1.512577e+01
3.722000e-05	1.229471e-02	-1.516779e+01
3.723000e-05	1.034319e-02	-1.517645e+01
3.724000e-05	1.011813e-02	-1.517887e+01
3.725000e-05	1.525761e-02	-1.516848e+01
3.726000e-05	1.505595e-02	-1.526158e+01
3.727000e-05	1.851792e-02	-1.520853e+01
3.728000e-05	1.890228e-02	-1.524010e+01
3.729000e-05	2.348267e-02	-1.520958e+01
3.730000e-05	2.536911e-02	-1.523108e+01
3.731000e-05	2.831538e-02	-1.519003e+01
3.732000e-05	3.104566e-02	-1.519745e+01
3.733000e-05	3.530528e-02	-1.516677e+01
3.734000e-05	3.767112e-02	-1.518632e+01
3.735000e-05	3.867930e-02	-1.512379e+01
3.736000e-05	3.716292e-02	-1.504305e+01
3.737000e-05	3.620805e-02	-1.501850e+01
3.738000e-05	3.423146e-02	-1.496582e+01
3.739000e-05	2.842226e-02	-1.489366e+01
3.740000e-05	2.549928e-02	-1.483113e+01
3.741000e-05	2.330043e-02	-1.477779e+01
3.742000e-05	2.042787e-02	-1.466121e+01
3.743000e-05	1.699160e-02	-1.463900e+01
3.744000e-05	1.381726e-02	-1.450339e+01
3.745000e-05	1.343640e-02	-1.440855e+01
3.746000e-05	1.109388e-02	-1.431271e+01
3.747000e-05	1.057831e-02	-1.418695e+01
3.748000e-05	8.601454e-03	-1.404173e+01
3.749000e-05	6.438631e-03	-1.392827e+01
3.750000e-05	4.719697e-03	-1.382805e+01
3.751000e-05	4.490550e-03	-1.369273e+01
3.752000e-05	4.405747e-03	-1.355442e+01
3.753000e-05	2.614319e-03	-1.343857e+01
3.754000e-05	3.138495e-03	-1.327271e+01
3.755000e-05	2.130041e-03	-1.315532e+01
3.756000e-05	2.306709e-03	-1.301752e+01
3.757000e-05	1.193599e-03	-1.288068e+01
3.758000e-05	1.535475e-03	-1.268436e+01
3.759000e-05	7.569309e-04	-1.258442e+01
3.760000e-05	-1.909791e-04	-1.236956e+01
3.761000e-05	-2.128496e-04	-1.223758e+01
3.762000e-05	5.897505e-05	-1.210071e+01
3.763000e-05	-6.465413e-04	-1.190210e+01
3.764000e-05	-1.608470e-03	-1.167416e+01
3.765000e-05	-7.448909e-04	-1.144125e+01
3.766000e-05	-8.318786e-04	-1.124968e+01
3.767000e-05	-2.382785e-03	-1.102765e+01
3.768000e-05	-2.109982e-03	-1.084963e+01
3.769000e-05	-1.008630e-03	-1.065968e+01
3.770000e-05	-2.202890e-03	-1.048076e+01
3.771000e-05	-3.324392e-03	-1.025005e+01
3.772000e-05	-3.043734e-03	-1.002547e+01
3.773000e-05	-2.851144e-03	-9.845589e+00
3.774000e-05	-3.268281e-03	-9.594473e+00
3.775000e-05	-3.467682e-03	-9.363939e+00
3.776000e-05	-3.273020e-03	-9.130833e+00
3.777000e-05	-3.568235e-03	-8.921663e+00
3.778000e-05	-4.910441e-03	-8.660279e+00
3.779000e-05	-4.726257e-03	-8.386545e+00
3.780000e-05	-4.329390e-03	-8.162944e+00
3.781000e-05	-4.523179e-03	-7.930938e+00
3.782000e-05	-4.437294e-03	-7.669704e+00
3.783000e-05	-4.625187e-03	-7.432971e+00
3.784000e-05	-4.435920e-03	-7.172966e+00
3.785000e-05	-4.730670e-03	-6.908784e+00
3.786000e-05	-5.352595e-03	-6.687150e+00
3.787000e-05	-4.930089e-03	-6.443043e+00
3.788000e-05	-5.762651e-03	-6.171361e+00
3.789000e-05	-4.233603e-03	-5.886729e+00
3.790000e-05	-5.170660e-03	-5.625148e+00
3.791000e-05	-3.892352e-03	-5.361863e+00
3.792000e-05	-7.505804e-03	-5.085153e+00
3.793000e-05	-4.093265e-03	-4.729830e+00
3.794000e-05	-5.403839e-03	-4.464204e+00
3.795000e-05	-4.191990e-03	-4.244000e+00
3.796000e-05	-6.616968e-03	-3.990965e+00
3.797000e-05	-4.364572e-03	-3.697275e+00
3.798000e-05	-6.204110e-03	-3.403616e+00
3.799000e-05	-5.890221e-03	-3.179987e+00
3.800000e-05	-6.475221e-03	-2.843598e+00
3.801000e-05	-6.201640e-03	-2.550941e+00
3.802000e-05	-5.215649e-03	-2.346273e+00
3.803000e-05	-3.786770e-03	-1.980515e+00
3.804000e-05	-4.566628e-03	-1.726782e+00
3.805000e-05	-5.819780e-03	-1.453065e+00
3.806000e-05	-6.194697e-03	-1.075231e+00
3.807000e-05	-7.097547e-03	-8.405924e-01
3.808000e-05	-7.122387e-03	-5.074264e-01
3.809000e-05	-6.300998e-03	-2.615975e-01
3.810000e-05	-3.459740e-03	4.151046e-02
3.811000e-05	6.755529e-03	3.576987e-01
3.812000e-05	-3.671502e-03	5.894326e-01
3.813000e-05	5.063308e-04	8.311093e-01
3.814000e-05	-1.063421e-03	1.138826e+00
3.815000e-05	4.228478e-04	1.400458e+00
3.816000e-05	-6.795624e-03	1.698697e+00
3.817000e-05	3.798017e-03	1.916851e+00
3.818000e-05	9.665404e-03	2.118878e+00
3.819000e-05	6.073568e-02	2.411586e+00
3.820000e-05	4.695034e-02	2.770279e+00
3.821000e-05	-9.562239e-02	3.035613e+00
3.822000e-05	-6.261316e-03	3.319197e+00
3.823000e-05	-2.983409e-02	3.644533e+00
3.824000e-05	1.145179e-03	3.845591e+00
3.825000e-05	-5.918701e-02	4.069146e+00
3.826000e-05	1.645597e-02	4.350276e+00
3.827000e-05	9.162701e-02	4.564908e+00
3.828000e-05	-8.896249e-02	4.817088e+00
3.829000e-05	3.284247e-02	5.140750e+00
3.830000e-05	5.831566e-02	5.403489e+00
3.831000e-05	-1.130157e-01	5.689690e+00
3.832000e-05	9.325927e-02	5.972407e+00
3.833000e-05	-5.777487e-02	6.224507e+00
3.834000e-05	3.999184e-02	6.471667e+00
3.835000e-05	-3.069137e-02	6.774405e+00
3.836000e-05	-2.432711e-03	7.025039e+00
3.837000e-05	3.072154e-02	7.262720e+00
3.838000e-05	-5.822439e-02	7.575484e+00
3.839000e-05	3.503861e-02	7.839092e+00
3.840000e-05	-3.530448e-02	8.151378e+00
3.841000e-05	5.145117e-02	8.365379e+00
3.842000e-05	-2.409693e-02	8.615931e+00
3.843000e-05	-2.476315e-02	8.829113e+00
3.844000e-05	2.541001e-02	9.060669e+00
3.845000e-05	-2.310148e-02	9.310221e+00
3.846000e-05	1.406165e-02	9.502449e+00
3.847000e-05	-3.410145e-02	9.793825e+00
3.848000e-05	3.589584e-02	1.001498e+01
3.849000e-05	-1.994034e-02	1.023596e+01
3.850000e-05	-2.402299e-03	1.039866e+01
3.851000e-05	-2.197408e-02	1.062691e+01
3.852000e-05	9.827239e-03	1.077598e+01
3.853000e-05	5.599136e-03	1.101658e+01
3.854000e-05	-2.336078e-02	1.117898e+01
3.855000e-05	3.336557e-03	1.141998e+01
3.856000e-05	-1.386038e-03	1.162938e+01
3.857000e-05	6.209420e-03	1.179746e+01
3.858000e-05	-3.034775e-02	1.198838e+01
3.859000e-05	9.767105e-03	1.216580e+01
3.860000e-05	4.700384e-04	1.232430e+01
3.861000e-05	-2.665321e-03	1.249370e+01
3.862000e-05	-1.891758e-02	1.267964e+01
3.863000e-05	6.752532e-04	1.280919e+01
3.864000e-05	1.405027e-03	1.295788e+01
3.865000e-05	-1.655798e-02	1.316540e+01
3.866000e-05	-6.061560e-03	1.332266e+01
3.867000e-05	-5.090258e-03	1.343056e+01
3.868000e-05	1.279343e-03	1.358935e+01
3.869000e-05	-1.490547e-02	1.370479e+01
3.870000e-05	-2.591739e-03	1.387204e+01
3.871000e-05	-7.232781e-03	1.395747e+01
3.872000e-05	-8.721949e-03	1.411687e+01
3.873000e-05	-1.211216e-02	1.426261e+01
3.874000e-05	-6.217594e-03	1.436687e+01
3.875000e-05	-5.888950e-03	1.448324e+01
3.876000e-05	-1.375266e-02	1.456635e+01
3.877000e-05	-6.411599e-03	1.461956e+01
3.878000e-05	-1.306575e-02	1.470329e+01
3.879000e-05	-6.564399e-03	1.477695e+01
3.880000e-05	-1.128404e-02	1.485966e+01
3.881000e-05	-8.761223e-03	1.492479e+01
3.882000e-05	-1.017421e-02	1.494587e+01
3.883000e-05	-1.463878e-02	1.499848e+01
3.884000e-05	-1.176536e-02	1.505213e+01
3.885000e-05	-1.666828e-02	1.509469e+01
3.886000e-05	-1.594872e-02	1.512677e+01
3.887000e-05	-1.786912e-02	1.517950e+01
3.888000e-05	-1.424997e-02	1.518205e+01
3.889000e-05	-1.854264e-02	1.522255e+01
3.890000e-05	-2.054188e-02	1.524316e+01
3.891000e-05	-2.161084e-02	1.526270e+01
3.892000e-05	-2.259699e-02	1.527228e+01
3.893000e-05	-2.530769e-02	1.523418e+01
3.894000e-05	-2.960117e-02	1.526466e+01
3.895000e-05	-3.023639e-02	1.528468e+01
3.896000e-05	-3.556307e-02	1.524464e+01
3.897000e-05	-3.668940e-02	1.523110e+01
3.898000e-05	-4.229217e-02	1.522253e+01
3.899000e-05	-4.455258e-02	1.521102e+01
3.900000e-05	-4.562111e-02	1.515680e+01
3.901000e-05	-4.415153e-02	1.513574e+01
3.902000e-05	-4.089891e-02	1.509264e+01
3.903000e-05	-3.945696e-02	1.501998e+01
3.904000e-05	-3.573311e-02	1.494635e+01
3.905000e-05	-3.460151e-02	1.489268e+01
3.906000e-05	-3.040397e-02	1.480008e+01
3.907000e-05	-2.661190e-02	1.470437e+01
3.908000e-05	-2.321987e-02	1.470016e+01
3.909000e-05	-2.282472e-02	1.454602e+01
3.910000e-05	-1.968126e-02	1.442276e+01
3.911000e-05	-1.871354e-02	1.438797e+01
3.912000e-05	-1.631726e-02	1.425811e+01
3.913000e-05	-1.712046e-02	1.414536e+01
3.914000e-05	-1.306518e-02	1.398909e+01
3.915000e-05	-1.334452e-02	1.386318e+01
3.916000e-05	-1.288297e-02	1.372584e+01
3.917000e-05	-1.290817e-02	1.359113e+01
3.918000e-05	-1.051350e-02	1.350123e+01
3.919000e-05	-1.218411e-02	1.338346e+01
3.920000e-05	-9.767646e-03	1.316904e+01
3.921000e-05	-1.044524e-02	1.307110e+01
3.922000e-05	-7.959342e-03	1.290436e+01
3.923000e-05	-1.039494e-02	1.278587e+01
3.924000e-05	-7.300700e-03	1.263760e+01
3.925000e-05	-9.114071e-03	1.245225e+01
3.926000e-05	-6.719661e-03	1.230328e+01
3.927000e-05	-8.037475e-03	1.214381e+01
3.928000e-05	-6.849622e-03	1.194747e+01
3.929000e-05	-6.901392e-03	1.176539e+01
3.930000e-05	-6.319984e-03	1.155446e+01
3.931000e-05	-6.684176e-03	1.134547e+01
3.932000e-05	-7.441244e-03	1.113494e+01
3.933000e-05	-6.311990e-03	1.097392e+01
3.934000e-05	-5.417325e-03	1.072504e+01
3.935000e-05	-5.102973e-03	1.058436e+01
3.936000e-05	-5.597436e-03	1.035291e+01
3.937000e-05	-5.825758e-03	1.013186e+01
3.938000e-05	-5.728674e-03	9.911733e+00
3.939000e-05	-5.632222e-03	9.659150e+00
3.940000e-05	-5.970231e-03	9.425125e+00
3.941000e-05	-5.791340e-03	9.245074e+00
3.942000e-05	-5.643181e-03	9.015044e+00
3.943000e-05	-5.121898e-03	8.781365e+00
3.944000e-05	-5.274431e-03	8.521907e+00
3.945000e-05	-5.148157e-03	8.338803e+00
3.946000e-05	-5.426429e-03	8.067627e+00
3.947000e-05	-5.436935e-03	7.764468e+00
3.948000e-05	-5.169383e-03	7.539808e+00
3.949000e-05	-4.889267e-03	7.239199e+00
3.950000e-05	-5.456097e-03	7.034543e+00
3.951000e-05	-4.856458e-03	6.793013e+00
3.952000e-05	-4.741196e-03	6.487707e+00
3.953000e-05	-5.045632e-03	6.246103e+00
3.954000e-05	-5.557144e-03	6.023046e+00
3.955000e-05	-5.169233e-03	5.801358e+00
3.956000e-05	-4.550957e-03	5.486804e+00
3.957000e-05	-4.071610e-03	5.172514e+00
3.958000e-05	-4.941094e-03	4.874075e+00
3.959000e-05	-4.516870e-03	4.602067e+00
3.960000e-05	-4.175949e-03	4.329908e+00
3.961000e-05	-5.446615e-03	4.063124e+00
3.962000e-05	-4.927955e-03	3.770491e+00
3.963000e-05	-4.741695e-03	3.548457e+00
3.964000e-05	-4.355919e-03	3.230567e+00
3.965000e-05	-4.899955e-03	2.927334e+00
3.966000e-05	-4.717317e-03	2.704755e+00
3.967000e-05	-4.727875e-03	2.368888e+00
3.968000e-05	-4.787092e-03	2.095777e+00
3.969000e-05	-4.321600e-03	1.853146e+00
3.970000e-05	-4.732804e-03	1.556859e+00
3.971000e-05	-4.336593e-03	1.212672e+00
3.972000e-05	-3.894237e-03	8.753265e-01
3.973000e-05	-4.221987e-03	5.810947e-01
3.974000e-05	-4.256024e-03	3.678622e-01
3.975000e-05	-3.227314e-03	6.209739e-02
3.976000e-05	3.282377e-03	-2.324817e-01
3.977000e-05	8.300647e-03	-4.336696e-01
3.978000e-05	-6.803820e-03	-7.993338e-01
3.979000e-05	5.821036e-03	-1.021955e+00
3.980000e-05	-4.845814e-03	-1.305696e+00
3.981000e-05	2.804863e-03	-1.591956e+00
3.982000e-05	5.119053e-04	-1.831461e+00
3.983000e-05	2.593456e-02	-2.063562e+00
3.984000e-05	9.078991e-02	-2.300349e+00
3.985000e-05	-1.970624e-02	-2.674541e+00
3.986000e-05	-6.770439e-02	-3.087642e+00
3.987000e-05	5.704203e-03	-3.389376e+00
3.988000e-05	-2.667825e-02	-3.549359e+00
3.989000e-05	-4.424394e-02	-3.823034e+00
3.990000e-05	-5.059385e-02	-4.024007e+00
3.991000e-05	2.161978e-01	-4.191953e+00
3.992000e-05	-1.872774e-01	-4.446640e+00
3.993000e-05	9.922537e-02	-4.760902e+00
3.994000e-05	3.693648e-02	-4.962961e+00
3.995000e-05	-1.426147e-01	-5.362900e+00
3.996000e-05	1.833371e-01	-5.611483e+00
3.997000e-05	-1.727208e-01	-5.889195e+00
3.998000e-05	1.498854e-01	-6.112371e+00
3.999000e-05	-5.014464e-02	-6.383882e+00
4.000000e-05	-5.214850e-02	-6.691796e+00
4.001000e-05	1.034459e-01	-6.951824e+00
4.002000e-05	-1.309272e-01	-7.259591e+00
4.003000e-05	1.193746e-01	-7.542768e+00
4.004000e-05	-1.021707e-01	-7.826458e+00
4.005000e-05	8.597477e-02	-8.079116e+00
4.006000e-05	1.183723e-03	-8.311123e+00
4.007000e-05	-5.442949e-02	-8.595399e+00
4.008000e-05	7.717546e-02	-8.826435e+00
4.009000e-05	-8.269328e-02	-9.048638e+00
4.010000e-05	7.226218e-02	-9.268615e+00
4.011000e-05	-7.314590e-02	-9.470642e+00
4.012000e-05	7.054008e-02	-9.711371e+00
4.013000e-05	-1.717534e-02	-9.922275e+00
4.014000e-05	8.409930e-04	-1.015477e+01
4.015000e-05	-1.075544e-02	-1.033490e+01
4.016000e-05	-8.667633e-03	-1.057388e+01
4.017000e-05	4.146984e-02	-1.074385e+01
4.018000e-05	-4.083405e-02	-1.094478e+01
4.019000e-05	3.495299e-02	-1.114423e+01
4.020000e-05	-2.162241e-02	-1.136630e+01
4.021000e-05	3.012133e-02	-1.154535e+01
4.022000e-05	-4.613007e-02	-1.167530e+01
4.023000e-05	3.106209e-02	-1.193585e+01
4.024000e-05	-9.162970e-04	-1.211477e+01
4.025000e-05	1.387466e-02	-1.231167e+01
4.026000e-05	-1.912485e-02	-1.243159e+01
4.027000e-05	1.180947e-02	-1.263951e+01
4.028000e-05	9.633863e-03	-1.279650e+01
4.029000e-05	-1.484888e-02	-1.294680e+01
4.030000e-05	3.179080e-03	-1.310369e+01
4.031000e-05	6.945733e-04	-1.325211e+01
4.032000e-05	1.901058e-02	-1.341848e+01
4.033000e-05	-1.487734e-02	-1.355622e+01
4.034000e-05	1.317209e-02	-1.371414e+01
4.035000e-05	2.578242e-04	-1.379006e+01
4.036000e-05	8.681347e-03	-1.398835e+01
4.037000e-05	-7.405369e-03	-1.407414e+01
4.038000e-05	9.582971e-03	-1.422901e+01
4.039000e-05	4.775309e-03	-1.430222e+01
4.040000e-05	2.559447e-03	-1.443906e+01
4.041000e-05	3.254588e-03	-1.449471e+01
4.042000e-05	4.745043e-03	-1.461906e+01
4.043000e-05	7.440640e-03	-1.465209e+01
4.044000e-05	4.857563e-03	-1.475482e+01
4.045000e-05	8.157939e-03	-1.482000e+01
4.046000e-05	5.836774e-03	-1.487418e+01
4.047000e-05	6.238538e-03	-1.495634e+01
4.048000e-05	6.515093e-03	-1.501885e+01
4.049000e-05	5.592714e-03	-1.502008e+01
4.050000e-05	4.935984e-03	-1.506221e+01
4.051000e-05	9.762594e-03	-1.509211e+01
4.052000e-05	1.149356e-02	-1.514632e+01
4.053000e-05	1.095605e-02	-1.514787e+01
4.054000e-05	1.116232e-02	-1.516735e+01
4.055000e-05	1.340953e-02	-1.520807e+01
4.056000e-05	1.516075e-02	-1.520803e+01
4.057000e-05	1.534583e-02	-1.522163e+01
4.058000e-05	1.885453e-02	-1.525110e+01
4.059000e-05	2.152947e-02	-1.524063e+01
4.060000e-05	2.387098e-02	-1.525008e+01
4.061000e-05	2.606128e-02	-1.521955e+01
4.062000e-05	2.991173e-02	-1.521655e+01
4.063000e-05	3.572945e-02	-1.518800e+01
4.064000e-05	3.655164e-02	-1.515789e+01
4.065000e-05	3.843776e-02	-1.511331e+01
4.066000e-05	3.796624e-02	-1.510261e+01
4.067000e-05	3.696942e-02	-1.500063e+01
4.068000e-05	3.471228e-02	-1.497892e+01
4.069000e-05	3.107647e-02	-1.494481e+01
4.070000e-05	2.717735e-02	-1.489216e+01
4.071000e-05	2.431044e-02	-1.481005e+01
4.072000e-05	2.186376e-02	-1.473376e+01
4.073000e-05	1.806640e-02	-1.463963e+01
4.074000e-05	1.574091e-02	-1.454487e+01
4.075000e-05	1.288789e-02	-1.446160e+01
4.076000e-05	1.109085e-02	-1.433484e+01
4.077000e-05	9.741934e-03	-1.425210e+01
4.078000e-05	7.760671e-03	-1.416426e+01
4.079000e-05	7.716178e-03	-1.400852e+01
4.080000e-05	6.121388e-03	-1.388411e+01
4.081000e-05	5.565632e-03	-1.372596e+01
4.082000e-05	4.407069e-03	-1.363855e+01
4.083000e-05	3.849447e-03	-1.348271e+01
4.084000e-05	2.890617e-03	-1.335292e+01
4.085000e-05	3.106588e-03	-1.319960e+01
4.086000e-05	1.692810e-03	-1.308111e+01
4.087000e-05	1.820779e-05	-1.294384e+01
4.088000e-05	1.127870e-03	-1.279705e+01
4.089000e-05	1.147331e-03	-1.261961e+01
4.090000e-05	8.463176e-04	-1.247168e+01
4.091000e-05	1.399535e-04	-1.229284e+01
4.092000e-05	1.014977e-03	-1.215439e+01
4.093000e-05	-2.214176e-04	-1.198591e+01
4.094000e-05	-1.423897e-03	-1.182892e+01
4.095000e-05	-1.789855e-03	-1.157787e+01
4.096000e-05	-1.251357e-03	-1.137497e+01
4.097000e-05	-2.678799e-03	-1.117339e+01
4.098000e-05	-2.623252e-03	-1.097441e+01
4.099000e-05	-1.594934e-03	-1.075289e+01
4.100000e-05	-1.756773e-03	-1.054447e+01
4.101000e-05	-2.417183e-03	-1.033494e+01
4.102000e-05	-3.105783e-03	-1.014231e+01
4.103000e-05	-2.859123e-03	-9.931831e+00
4.104000e-05	-3.868924e-03	-9.689311e+00
4.105000e-05	-4.015709e-03	-9.489179e+00
4.106000e-05	-3.791626e-03	-9.238571e+00
4.107000e-05	-3.973271e-03	-9.025471e+00
4.108000e-05	-4.872101e-03	-8.794540e+00
4.109000e-05	-4.416763e-03	-8.543366e+00
4.110000e-05	-3.809770e-03	-8.310279e+00
4.111000e-05	-4.624524e-03	-8.117726e+00
4.112000e-05	-4.922168e-03	-7.815017e+00
4.113000e-05	-5.471304e-03	-7.559386e+00
4.114000e-05	-4.739567e-03	-7.318758e+00
4.115000e-05	-5.386093e-03	-7.016174e+00
4.116000e-05	-5.408128e-03	-6.832938e+00
4.117000e-05	-4.643843e-03	-6.550361e+00
4.118000e-05	-4.736148e-03	-6.296252e+00
4.119000e-05	-4.805966e-03	-5.972495e+00
4.120000e-05	-5.970668e-03	-5.760863e+00
4.121000e-05	-4.194924e-03	-5.497805e+00
4.122000e-05	-6.058850e-03	-5.212590e+00
4.123000e-05	-5.485762e-03	-4.886704e+00
4.124000e-05	-5.414069e-03	-4.591992e+00
4.125000e-05	-4.974046e-03	-4.338912e+00
4.126000e-05	-5.382828e-03	-4.126834e+00
4.127000e-05	-4.374244e-03	-3.874570e+00
4.128000e-05	-5.492923e-03	-3.568861e+00
4.129000e-05	-4.446805e-03	-3.276249e+00
4.130000e-05	-6.004180e-03	-2.981461e+00
4.131000e-05	-4.547570e-03	-2.676307e+00
4.132000e-05	-7.354642e-03	-2.454121e+00
4.133000e-05	-4.547470e-03	-2.097859e+00
4.134000e-05	-7.056108e-03	-1.882647e+00
4.135000e-05	-4.391065e-03	-1.598391e+00
4.136000e-05	-7.111203e-03	-1.211591e+00
4.137000e-05	-4.422427e-03	-9.373870e-01
4.138000e-05	-6.109341e-03	-6.922277e-01
4.139000e-05	-4.326393e-03	-3.578910e-01
4.140000e-05	-5.504332e-03	-1.147580e-01
4.141000e-05	3.821792e-04	1.784115e-01
4.142000e-05	5.418686e-03	4.335870e-01
4.143000e-05	-8.938338e-03	6.667198e-01
4.144000e-05	3.718194e-03	9.694051e-01
4.145000e-05	-6.585616e-03	1.254639e+00
4.146000e-05	2.977745e-03	1.539354e+00
4.147000e-05	-8.350341e-03	1.812084e+00
4.148000e-05	1.494745e-02	2.022640e+00
4.149000e-05	2.005097e-02	2.277617e+00
4.150000e-05	9.508788e-02	2.572432e+00
4.151000e-05	-6.072277e-02	2.927826e+00
4.152000e-05	-3.938733e-02	3.201458e+00
4.153000e-05	-2.828709e-02	3.528145e+00
4.154000e-05	3.196021e-04	3.758879e+00
4.155000e-05	-4.161257e-02	3.981378e+00
4.156000e-05	-2.140477e-02	4.184458e+00
4.157000e-05	5.613697e-02	4.446091e+00
4.158000e-05	5.269157e-02	4.750804e+00
4.159000e-05	-1.363707e-01	4.965526e+00
4.160000e-05	1.785227e-01	5.258174e+00
4.161000e-05	-1.495482e-01	5.571507e+00
4.162000e-05	6.524737e-02	5.846515e+00
4.163000e-05	-9.320880e-03	6.099844e+00
4.164000e-05	-4.235226e-03	6.352851e+00
4.165000e-05	1.870492e-02	6.637561e+00
4.166000e-05	-5.321608e-02	6.900844e+00
4.167000e-05	5.678358e-02	7.151884e+00
4.168000e-05	-5.143714e-02	7.469143e+00
4.169000e-05	1.298624e-02	7.741901e+00
4.170000e-05	-1.470452e-02	8.026012e+00
4.171000e-05	1.493849e-02	8.277719e+00
4.172000e-05	2.350252e-02	8.509668e+00
4.173000e-05	-4.780243e-02	8.709799e+00
4.174000e-05	1.571808e-02	9.004905e+00
4.175000e-05	-3.912457e-03	9.225433e+00
4.176000e-05	-4.023889e-03	9.417537e+00
4.177000e-05	-1.315224e-02	9.620636e+00
4.178000e-05	9.201597e-04	9.838643e+00
4.179000e-05	1.507814e-02	1.011169e+01
4.180000e-05	-1.741895e-02	1.030225e+01
4.181000e-05	-1.313109e-02	1.053425e+01
4.182000e-05	-5.759394e-03	1.071277e+01
4.183000e-05	1.146953e-02	1.092277e+01
4.184000e-05	-7.519729e-03	1.110022e+01
4.185000e-05	-1.643398e-02	1.132475e+01
4.186000e-05	9.309551e-03	1.149385e+01
4.187000e-05	1.665450e-04	1.174322e+01
4.188000e-05	-1.412105e-02	1.187077e+01
4.189000e-05	-1.306104e-02	1.207417e+01
4.190000e-05	9.851245e-03	1.225113e+01
4.191000e-05	8.946380e-04	1.241856e+01
4.192000e-05	-1.704303e-02	1.259798e+01
4.193000e-05	-6.672420e-03	1.275582e+01
4.194000e-05	1.289464e-03	1.290427e+01
4.195000e-05	-6.044818e-03	1.306111e+01
4.196000e-05	-1.578752e-02	1.317806e+01
4.197000e-05	-2.357689e-03	1.340593e+01
4.198000e-05	-4.386766e-04	1.348322e+01
4.199000e-05	-9.581011e-03	1.364114e+01
4.200000e-05	-7.904020e-03	1.380098e+01
4.201000e-05	-5.742583e-03	1.393434e+01
4.202000e-05	-5.512043e-03	1.403261e+01
4.203000e-05	-1.458926e-02	1.418895e+01
4.204000e-05	-6.423299e-03	1.428430e+01
4.205000e-05	-6.320045e-03	1.444000e+01
4.206000e-05	-7.553569e-03	1.448332e+01
4.207000e-05	-1.156993e-02	1.458688e+01
4.208000e-05	-9.501643e-03	1.466216e+01
4.209000e-05	-7.922951e-03	1.472638e+01
4.210000e-05	-1.026376e-02	1.482900e+01
4.211000e-05	-9.925120e-03	1.487221e+01
4.212000e-05	-1.274258e-02	1.492635e+01
4.213000e-05	-1.192031e-02	1.500895e+01
4.214000e-05	-1.473714e-02	1.505108e+01
4.215000e-05	-1.224004e-02	1.506363e+01
4.216000e-05	-1.672400e-02	1.510582e+01
4.217000e-05	-1.657393e-02	1.515842e+01
4.218000e-05	-1.449066e-02	1.518998e+01
4.219000e-05	-1.763292e-02	1.520165e+01
4.220000e-05	-1.872641e-02	1.521202e+01
4.221000e-05	-2.199602e-02	1.523415e+01
4.222000e-05	-2.118047e-02	1.526411e+01
4.223000e-05	-2.642222e-02	1.524431e+01
4.224000e-05	-2.688360e-02	1.527508e+01
4.225000e-05	-2.929890e-02	1.525463e+01
4.226000e-05	-3.213534e-02	1.526263e+01
4.227000e-05	-3.660687e-02	1.523315e+01
4.228000e-05	-4.154763e-02	1.520198e+01
4.229000e-05	-4.197631e-02	1.522100e+01
4.230000e-05	-4.541075e-02	1.516982e+01
4.231000e-05	-4.362100e-02	1.513626e+01
4.232000e-05	-4.429367e-02	1.506364e+01
4.233000e-05	-4.082113e-02	1.499205e+01
4.234000e-05	-3.874406e-02	1.495642e+01
4.235000e-05	-3.463691e-02	1.491479e+01
4.236000e-05	-3.072178e-02	1.479061e+01
4.237000e-05	-2.708412e-02	1.478697e+01
4.238000e-05	-2.561862e-02	1.467319e+01
4.239000e-05	-2.324261e-02	1.459750e+01
4.240000e-05	-2.094658e-02	1.452486e+01
4.241000e-05	-2.158112e-02	1.443005e+01
4.242000e-05	-1.583968e-02	1.428541e+01
4.243000e-05	-1.931259e-02	1.419745e+01
4.244000e-05	-1.289510e-02	1.407215e+01
4.245000e-05	-1.449268e-02	1.393489e+01
4.246000e-05	-1.339075e-02	1.381005e+01
4.247000e-05	-1.145037e-02	1.367379e+01
4.248000e-05	-1.395517e-02	1.353486e+01
4.249000e-05	-9.686486e-03	1.341960e+01
4.250000e-05	-1.332925e-02	1.330231e+01
4.251000e-05	-8.409076e-03	1.312384e+01
4.252000e-05	-9.384626e-03	1.300702e+01
4.253000e-05	-8.790011e-03	1.283005e+01
4.254000e-05	-8.506360e-03	1.270073e+01
4.255000e-05	-8.145355e-03	1.252435e+01
4.256000e-05	-6.823153e-03	1.238737e+01
4.257000e-05	-9.970732e-03	1.221697e+01
4.258000e-05	-7.127716e-03	1.205962e+01
4.259000e-05	-7.817785e-03	1.182971e+01
4.260000e-05	-7.271418e-03	1.169070e+01
4.261000e-05	-6.981199e-03	1.147968e+01
4.262000e-05	-6.010264e-03	1.127110e+01
4.263000e-05	-5.465288e-03	1.104812e+01
4.264000e-05	-5.419370e-03	1.089872e+01
4.265000e-05	-4.695337e-03	1.068877e+01
4.266000e-05	-6.398923e-03	1.043858e+01
4.267000e-05	-5.915333e-03	1.022655e+01
4.268000e-05	-6.849161e-03	1.000599e+01
4.269000e-05	-5.708902e-03	9.784940e+00
4.270000e-05	-4.998702e-03	9.552364e+00
4.271000e-05	-5.333723e-03	9.360833e+00
4.272000e-05	-4.557772e-03	9.120887e+00
4.273000e-05	-4.914323e-03	8.850204e+00
4.274000e-05	-5.138081e-03	8.626076e+00
4.275000e-05	-5.063631e-03	8.434120e+00
4.276000e-05	-5.142945e-03	8.154888e+00
4.277000e-05	-5.038064e-03	7.909803e+00
4.278000e-05	-5.273197e-03	7.647225e+00
4.279000e-05	-5.302590e-03	7.394489e+00
4.280000e-05	-5.161984e-03	7.150409e+00
4.281000e-05	-5.158430e-03	6.899232e+00
4.282000e-05	-4.308125e-03	6.645175e+00
4.283000e-05	-4.352354e-03	6.370963e+00
4.284000e-05	-4.773123e-03	6.118333e+00
4.285000e-05	-4.003122e-03	5.878329e+00
4.286000e-05	-5.251075e-03	5.582045e+00
4.287000e-05	-4.200941e-03	5.360333e+00
4.288000e-05	-6.122379e-03	4.985568e+00
4.289000e-05	-4.517856e-03	4.727859e+00
4.290000e-05	-5.133080e-03	4.474575e+00
4.291000e-05	-3.734700e-03	4.201493e+00
4.292000e-05	-4.046943e-03	3.878328e+00
4.293000e-05	-4.312776e-03	3.612648e+00
4.294000e-05	-4.218278e-03	3.378933e+00
4.295000e-05	-4.902221e-03	3.066749e+00
4.296000e-05	-5.015744e-03	2.801569e+00
4.297000e-05	-4.501792e-03	2.486779e+00
4.298000e-05	-4.540077e-03	2.211621e+00
4.299000e-05	-4.920532e-03	1.987937e+00
4.300000e-05	-4.304409e-03	1.663197e+00
4.301000e-05	-4.131862e-03	1.358939e+00
4.302000e-05	-4.221880e-03	1.004121e+00
4.303000e-05	-4.201486e-03	7.163844e-01
4.304000e-05	-4.594442e-03	4.716764e-01
4.305000e-05	-3.132617e-03	1.683869e-01
4.306000e-05	-1.662475e-03	-9.526843e-02
4.307000e-05	1.012707e-02	-3.387772e-01
4.308000e-05	-5.455093e-03	-6.345632e-01
4.309000e-05	4.962018e-03	-9.027422e-01
4.310000e-05	-4.803430e-03	-1.178873e+00
4.311000e-05	4.825216e-03	-1.525096e+00
4.312000e-05	-6.500517e-03	-1.698295e+00
4.313000e-05	1.970292e-02	-1.938797e+00
4.314000e-05	4.163530e-02	-2.181456e+00
4.315000e-05	9.648361e-02	-2.496250e+00
4.316000e-05	-1.247509e-01	-2.855120e+00
4.317000e-05	3.013543e-02	-3.243488e+00
4.318000e-05	-5.850754e-02	-3.476167e+00
4.319000e-05	1.290801e-02	-3.667167e+00
4.320000e-05	-1.196532e-01	-3.971321e+00
4.321000e-05	1.509415e-01	-4.118793e+00
4.322000e-05	3.449848e-02	-4.320873e+00
4.323000e-05	-1.550461e-01	-4.665565e+00
4.324000e-05	2.187589e-01	-4.897641e+00
4.325000e-05	-2.169207e-01	-5.184434e+00
4.326000e-05	1.300407e-01	-5.528692e+00
4.327000e-05	-3.411074e-02	-5.720830e+00
4.328000e-05	-3.841696e-02	-6.028060e+00
4.329000e-05	1.329939e-01	-6.277617e+00
4.330000e-05	-1.590619e-01	-6.611904e+00
4.331000e-05	1.180401e-01	-6.840162e+00
4.332000e-05	-6.794127e-02	-7.119728e+00
4.333000e-05	3.052732e-03	-7.436429e+00
4.334000e-05	4.359295e-02	-7.639165e+00
4.335000e-05	-7.551320e-02	-7.943930e+00
4.336000e-05	1.374437e-01	-8.184928e+00
4.337000e-05	-1.266385e-01	-8.438067e+00
4.338000e-05	8.202760e-02	-8.690247e+00
4.339000e-05	-4.175235e-02	-8.930771e+00
4.340000e-05	8.765358e-03	-9.153853e+00
4.341000e-05	9.492737e-03	-9.365428e+00
4.342000e-05	-3.284304e-02	-9.617963e+00
4.343000e-05	7.747403e-02	-9.818008e+00
4.344000e-05	-6.005007e-02	-1.004066e+01
4.345000e-05	3.953958e-02	-1.026911e+01
4.346000e-05	-5.465988e-02	-1.047012e+01
4.347000e-05	5.738719e-02	-1.063804e+01
4.348000e-05	-2.775574e-02	-1.085854e+01
4.349000e-05	8.574989e-03	-1.106856e+01
4.350000e-05	3.767685e-03	-1.121954e+01
4.351000e-05	8.063256e-03	-1.148262e+01
4.352000e-05	-4.429851e-03	-1.163153e+01
4.353000e-05	-2.292329e-02	-1.183069e+01
4.354000e-05	3.419374e-02	-1.203108e+01
4.355000e-05	-8.725515e-03	-1.222701e+01
4.356000e-05	1.096521e-02	-1.238840e+01
4.357000e-05	-2.207096e-02	-1.254545e+01
4.358000e-05	2.930783e-02	-1.275432e+01
4.359000e-05	-1.859999e-02	-1.289119e+01
4.360000e-05	3.675688e-03	-1.303853e+01
4.361000e-05	-5.477442e-03	-1.316688e+01
4.362000e-05	1.916995e-02	-1.336672e+01
4.363000e-05	-4.406602e-03	-1.347314e+01
4.364000e-05	7.392936e-04	-1.364953e+01
4.365000e-05	7.144983e-03	-1.374733e+01
4.366000e-05	3.200196e-03	-1.391112e+01
4.367000e-05	-2.214068e-03	-1.401753e+01
4.368000e-05	5.783432e-04	-1.414585e+01
4.369000e-05	1.147523e-02	-1.425259e+01
4.370000e-05	2.228841e-03	-1.432632e+01
4.371000e-05	3.255452e-03	-1.447173e+01
4.372000e-05	2.912646e-03	-1.454735e+01
4.373000e-05	7.960432e-03	-1.461956e+01
4.374000e-05	3.312235e-03	-1.466366e+01
4.375000e-05	7.011172e-03	-1.479583e+01
4.376000e-05	6.642728e-03	-1.483200e+01
4.377000e-05	6.924162e-03	-1.488419e+01
4.378000e-05	4.675148e-03	-1.494577e+01
4.379000e-05	8.083300e-03	-1.500895e+01
4.380000e-05	4.892198e-03	-1.502143e+01
4.381000e-05	8.906487e-03	-1.509369e+01
4.382000e-05	9.284081e-03	-1.514374e+01
4.383000e-05	1.128919e-02	-1.515737e+01
4.384000e-05	1.147135e-02	-1.519792e+01
4.385000e-05	1.139441e-02	-1.519848e+01
4.386000e-05	1.542839e-02	-1.516905e+01
4.387000e-05	1.453774e-02	-1.522915e+01
4.388000e-05	1.882738e-02	-1.521210e+01
4.389000e-05	2.052148e-02	-1.523111e+01
4.390000e-05	2.416609e-02	-1.523108e+01
4.391000e-05	2.491359e-02	-1.524911e+01
4.392000e-05	2.814869e-02	-1.522100e+01
4.393000e-05	3.174753e-02	-1.519798e+01
4.394000e-05	3.524032e-02	-1.517629e+01
4.395000e-05	3.786344e-02	-1.509477e+01
4.396000e-05	3.858328e-02	-1.509419e+01
4.397000e-05	3.760980e-02	-1.509216e+01
4.398000e-05	3.628978e-02	-1.499995e+01
4.399000e-05	3.351971e-02	-1.496792e+01
4.400000e-05	2.939564e-02	-1.490426e+01
4.401000e-05	2.591771e-02	-1.485103e+01
4.402000e-05	2.236840e-02	-1.475597e+01
4.403000e-05	2.006147e-02	-1.467073e+01
4.404000e-05	1.715456e-02	-1.459700e+01
4.405000e-05	1.443632e-02	-1.450222e+01
4.406000e-05	1.269094e-02	-1.438805e+01
4.407000e-05	1.059249e-02	-1.431316e+01
4.408000e-05	1.049571e-02	-1.418747e+01
4.409000e-05	9.020352e-03	-1.405264e+01
4.410000e-05	6.725003e-03	-1.387431e+01
4.411000e-05	5.267798e-03	-1.381800e+01
4.412000e-05	4.132902e-03	-1.367326e+01
4.413000e-05	4.195392e-03	-1.355497e+01
4.414000e-05	3.017980e-03	-1.342002e+01
4.415000e-05	3.644156e-03	-1.330323e+01
4.416000e-05	2.791875e-03	-1.314639e+01
4.417000e-05	1.704636e-03	-1.301697e+01
4.418000e-05	1.137590e-04	-1.289123e+01
4.419000e-05	1.331786e-03	-1.271179e+01
4.420000e-05	9.406102e-04	-1.257646e+01
4.421000e-05	4.084900e-04	-1.238797e+01
4.422000e-05	-3.736654e-04	-1.223805e+01
4.423000e-05	-3.023073e-04	-1.208020e+01
4.424000e-05	-2.317819e-04	-1.187128e+01
4.425000e-05	-1.103897e-03	-1.166216e+01
4.426000e-05	-8.075135e-04	-1.145118e+01
4.427000e-05	-2.161047e-03	-1.123770e+01
4.428000e-05	-1.500037e-03	-1.104018e+01
4.429000e-05	-1.895405e-03	-1.084763e+01
4.430000e-05	-3.401265e-04	-1.066768e+01
4.431000e-05	-3.541205e-03	-1.043813e+01
4.432000e-05	-2.836039e-03	-1.022815e+01
4.433000e-05	-2.345588e-03	-1.001604e+01
4.434000e-05	-2.610942e-03	-9.774521e+00
4.435000e-05	-3.802868e-03	-9.554044e+00
4.436000e-05	-4.104807e-03	-9.344341e+00
4.437000e-05	-4.290509e-03	-9.169334e+00
4.438000e-05	-4.579883e-03	-8.920309e+00
4.439000e-05	-5.035234e-03	-8.666702e+00
4.440000e-05	-3.375601e-03	-8.394519e+00
4.441000e-05	-3.690165e-03	-8.183070e+00
4.442000e-05	-5.069970e-03	-7.942432e+00
4.443000e-05	-5.530383e-03	-7.658105e+00
4.444000e-05	-4.044480e-03	-7.364992e+00
4.445000e-05	-4.957152e-03	-7.162390e+00
4.446000e-05	-4.631514e-03	-6.898704e+00
4.447000e-05	-5.554241e-03	-6.625149e+00
4.448000e-05	-4.255730e-03	-6.424521e+00
4.449000e-05	-6.162519e-03	-6.140411e+00
4.450000e-05	-4.606887e-03	-5.897203e+00
4.451000e-05	-5.442408e-03	-5.656047e+00
4.452000e-05	-4.484112e-03	-5.350436e+00
4.453000e-05	-6.648714e-03	-5.004119e+00
4.454000e-05	-3.348777e-03	-4.698332e+00
4.455000e-05	-6.298759e-03	-4.486176e+00
4.456000e-05	-4.241864e-03	-4.244644e+00
4.457000e-05	-5.787631e-03	-3.980918e+00
4.458000e-05	-3.210092e-03	-3.664749e+00
4.459000e-05	-5.458443e-03	-3.410988e+00
4.460000e-05	-5.689302e-03	-3.137311e+00
4.461000e-05	-5.884241e-03	-2.830593e+00
4.462000e-05	-6.143369e-03	-2.568962e+00
4.463000e-05	-5.585460e-03	-2.314099e+00
4.464000e-05	-5.194179e-03	-1.960963e+00
4.465000e-05	-4.758798e-03	-1.727307e+00
4.466000e-05	-5.824504e-03	-1.420637e+00
4.467000e-05	-6.179587e-03	-1.094298e+00
4.468000e-05	-5.800580e-03	-8.094674e-01
4.469000e-05	-5.083255e-03	-5.138491e-01
4.470000e-05	-5.493544e-03	-2.220413e-01
4.471000e-05	-2.756702e-03	4.201047e-02
4.472000e-05	6.312827e-03	3.693012e-01
4.473000e-05	-5.278998e-03	5.909540e-01
4.474000e-05	5.788283e-04	8.025592e-01
4.475000e-05	-2.869325e-03	1.167722e+00
4.476000e-05	3.773792e-04	1.372984e+00
4.477000e-05	-7.094781e-03	1.705594e+00
4.478000e-05	7.315920e-03	1.969724e+00
4.479000e-05	1.081257e-02	2.161381e+00
4.480000e-05	6.634532e-02	2.395113e+00
4.481000e-05	3.669585e-02	2.770908e+00
4.482000e-05	-9.385798e-02	3.084697e+00
4.483000e-05	-7.753474e-03	3.338803e+00
4.484000e-05	-2.855468e-02	3.635088e+00
4.485000e-05	-1.878176e-03	3.876191e+00
4.486000e-05	-5.709278e-02	4.049220e+00
4.487000e-05	2.099294e-02	4.361274e+00
4.488000e-05	9.504129e-02	4.561958e+00
4.489000e-05	-1.039024e-01	4.897691e+00
4.490000e-05	5.785192e-02	5.180853e+00
4.491000e-05	3.076307e-02	5.436091e+00
4.492000e-05	-9.725423e-02	5.731297e+00
4.493000e-05	8.656532e-02	5.985480e+00
4.494000e-05	-5.531644e-02	6.226086e+00
4.495000e-05	4.163925e-02	6.480797e+00
4.496000e-05	-3.705373e-02	6.793934e+00
4.497000e-05	6.270681e-03	7.065586e+00
4.498000e-05	2.238357e-02	7.293300e+00
4.499000e-05	-5.173815e-02	7.595536e+00
4.500000e-05	3.186084e-02	7.902142e+00
4.501000e-05	-3.395006e-02	8.141903e+00
4.502000e-05	5.224568e-02	8.354958e+00
4.503000e-05	-3.073327e-02	8.594533e+00
4.504000e-05	-2.031929e-02	8.858613e+00
4.505000e-05	2.439602e-02	9.100241e+00
4.506000e-05	-2.342903e-02	9.331247e+00
4.507000e-05	1.329994e-02	9.571872e+00
4.508000e-05	-3.387474e-02	9.774876e+00
4.509000e-05	3.672456e-02	9.986434e+00
4.510000e-05	-2.382075e-02	1.018603e+01
4.511000e-05	-7.605455e-04	1.039848e+01
4.512000e-05	-2.026684e-02	1.058803e+01
4.513000e-05	1.109306e-02	1.081701e+01
4.514000e-05	3.989775e-03	1.098751e+01
4.515000e-05	-2.420379e-02	1.120998e+01
4.516000e-05	6.149287e-03	1.142903e+01
4.517000e-05	-1.922624e-03	1.163014e+01
4.518000e-05	4.782533e-03	1.180903e+01
4.519000e-05	-2.869655e-02	1.199700e+01
4.520000e-05	1.190643e-02	1.218691e+01
4.521000e-05	-1.055403e-03	1.234480e+01
4.522000e-05	-4.837115e-03	1.253427e+01
4.523000e-05	-1.812398e-02	1.266159e+01
4.524000e-05	3.970858e-04	1.282061e+01
4.525000e-05	1.565537e-03	1.298783e+01
4.526000e-05	-1.709855e-02	1.311392e+01
4.527000e-05	-3.846995e-03	1.327174e+01
4.528000e-05	-4.985121e-03	1.344209e+01
4.529000e-05	-1.908440e-04	1.360040e+01
4.530000e-05	-1.571170e-02	1.369534e+01
4.531000e-05	-2.711894e-03	1.392356e+01
4.532000e-05	-6.942217e-03	1.397841e+01
4.533000e-05	-9.007278e-03	1.415584e+01
4.534000e-05	-1.103073e-02	1.423413e+01
4.535000e-05	-6.320156e-03	1.437890e+01
4.536000e-05	-5.292526e-03	1.447266e+01
4.537000e-05	-1.396409e-02	1.454542e+01
4.538000e-05	-7.132769e-03	1.460008e+01
4.539000e-05	-1.144775e-02	1.473380e+01
4.540000e-05	-6.679306e-03	1.478750e+01
4.541000e-05	-1.108935e-02	1.484121e+01
4.542000e-05	-8.849149e-03	1.491624e+01
4.543000e-05	-1.161170e-02	1.496645e+01
4.544000e-05	-1.509092e-02	1.499895e+01
4.545000e-05	-1.148356e-02	1.504113e+01
4.546000e-05	-1.591376e-02	1.510361e+01
4.547000e-05	-1.517685e-02	1.514635e+01
4.548000e-05	-1.803825e-02	1.515893e+01
4.549000e-05	-1.471913e-02	1.521050e+01
4.550000e-05	-1.988351e-02	1.524148e+01
4.551000e-05	-2.043676e-02	1.519106e+01
4.552000e-05	-2.145388e-02	1.524368e+01
4.553000e-05	-2.366808e-02	1.526371e+01
4.554000e-05	-2.608440e-02	1.527568e+01
4.555000e-05	-2.946237e-02	1.525526e+01
4.556000e-05	-3.012976e-02	1.523363e+01
4.557000e-05	-3.596974e-02	1.523426e+01
4.558000e-05	-3.696782e-02	1.523356e+01
4.559000e-05	-4.209854e-02	1.522203e+01
4.560000e-05	-4.396951e-02	1.519847e+01
4.561000e-05	-4.530274e-02	1.518739e+01
4.562000e-05	-4.505335e-02	1.510484e+01
4.563000e-05	-4.208371e-02	1.507109e+01
4.564000e-05	-4.016825e-02	1.500950e+01
4.565000e-05	-3.466693e-02	1.494539e+01
4.566000e-05	-3.443604e-02	1.488326e+01
4.567000e-05	-2.938929e-02	1.479707e+01
4.568000e-05	-2.757372e-02	1.474522e+01
4.569000e-05	-2.356931e-02	1.465063e+01
4.570000e-05	-2.246151e-02	1.454539e+01
4.571000e-05	-2.006020e-02	1.446121e+01
4.572000e-05	-1.934701e-02	1.438679e+01
4.573000e-05	-1.644099e-02	1.422215e+01
4.574000e-05	-1.713086e-02	1.415596e+01
4.575000e-05	-1.379185e-02	1.398702e+01
4.576000e-05	-1.370467e-02	1.388268e+01
4.577000e-05	-1.174515e-02	1.374686e+01
4.578000e-05	-1.295263e-02	1.361950e+01
4.579000e-05	-1.015861e-02	1.346171e+01
4.580000e-05	-1.151345e-02	1.335489e+01
4.581000e-05	-9.668066e-03	1.321602e+01
4.582000e-05	-1.066104e-02	1.306167e+01
4.583000e-05	-8.628729e-03	1.290371e+01
4.584000e-05	-9.604588e-03	1.278489e+01
4.585000e-05	-7.128004e-03	1.261647e+01
4.586000e-05	-9.075756e-03	1.246020e+01
4.587000e-05	-7.635147e-03	1.231231e+01
4.588000e-05	-7.781034e-03	1.211329e+01
4.589000e-05	-6.792048e-03	1.195487e+01
4.590000e-05	-7.035894e-03	1.172447e+01
4.591000e-05	-7.566999e-03	1.157547e+01
4.592000e-05	-5.831167e-03	1.133544e+01
4.593000e-05	-6.499998e-03	1.111289e+01
4.594000e-05	-6.474816e-03	1.095244e+01
4.595000e-05	-5.889421e-03	1.075389e+01
4.596000e-05	-4.764657e-03	1.056482e+01
4.597000e-05	-5.573360e-03	1.033386e+01
4.598000e-05	-5.915006e-03	1.014283e+01
4.599000e-05	-5.550329e-03	9.921308e+00
4.600000e-05	-4.799971e-03	9.658126e+00
4.601000e-05	-4.648328e-03	9.426598e+00
4.602000e-05	-6.417836e-03	9.193574e+00
4.603000e-05	-6.197979e-03	8.974392e+00
4.604000e-05	-5.679369e-03	8.749885e+00
4.605000e-05	-4.498608e-03	8.541332e+00
4.606000e-05	-4.107122e-03	8.317651e+00
4.607000e-05	-4.668546e-03	8.025046e+00
4.608000e-05	-4.959107e-03	7.772943e+00
4.609000e-05	-6.027258e-03	7.530857e+00
4.610000e-05	-5.192303e-03	7.254150e+00
4.611000e-05	-5.573459e-03	7.024015e+00
4.612000e-05	-4.548346e-03	6.761968e+00
4.613000e-05	-4.341997e-03	6.519180e+00
4.614000e-05	-4.460244e-03	6.265651e+00
4.615000e-05	-5.252602e-03	6.034093e+00
4.616000e-05	-5.142357e-03	5.699308e+00
4.617000e-05	-4.017044e-03	5.456677e+00
4.618000e-05	-4.533572e-03	5.202567e+00
4.619000e-05	-5.487244e-03	4.814620e+00
4.620000e-05	-5.842329e-03	4.599918e+00
4.621000e-05	-3.826329e-03	4.318878e+00
4.622000e-05	-3.985345e-03	4.051069e+00
4.623000e-05	-4.509789e-03	3.739965e+00
4.624000e-05	-5.317344e-03	3.498250e+00
4.625000e-05	-4.621817e-03	3.191041e+00
4.626000e-05	-3.921293e-03	2.917283e+00
4.627000e-05	-3.931765e-03	2.664701e+00
4.628000e-05	-4.191902e-03	2.337812e+00
4.629000e-05	-5.112147e-03	2.094700e+00
4.630000e-05	-4.417261e-03	1.831067e+00
4.631000e-05	-4.736453e-03	1.475359e+00
4.632000e-05	-4.601794e-03	1.203120e+00
4.633000e-05	-4.710231e-03	8.521739e-01
4.634000e-05	-2.749963e-03	6.099696e-01
4.635000e-05	-3.703884e-03	3.473306e-01
4.636000e-05	-2.565013e-03	5.186028e-04
4.637000e-05	2.999174e-03	-2.230680e-01
4.638000e-05	7.768563e-03	-4.652420e-01
4.639000e-05	-5.994759e-03	-7.814303e-01
4.640000e-05	4.367249e-03	-1.052488e+00
4.641000e-05	-4.229338e-03	-1.297722e+00
4.642000e-05	2.593236e-03	-1.621483e+00
4.643000e-05	2.959589e-03	-1.853586e+00
4.644000e-05	2.693612e-02	-2.043568e+00
4.645000e-05	9.566449e-02	-2.350353e+00
4.646000e-05	-3.554780e-02	-2.686674e+00
4.647000e-05	-5.444401e-02	-3.097646e+00
4.648000e-05	-4.408932e-03	-3.381876e+00
4.649000e-05	-1.976433e-02	-3.588905e+00
4.650000e-05	-5.427522e-02	-3.855040e+00
4.651000e-05	-3.162569e-02	-4.045562e+00
4.652000e-05	2.095433e-01	-4.202932e+00
4.653000e-05	-2.027559e-01	-4.468695e+00
4.654000e-05	1.310405e-01	-4.761376e+00
4.655000e-05	4.969320e-03	-4.984090e+00
4.656000e-05	-1.202572e-01	-5.354413e+00
4.657000e-05	1.689106e-01	-5.624958e+00
4.658000e-05	-1.740920e-01	-5.921195e+00
4.659000e-05	1.615221e-01	-6.152350e+00
4.660000e-05	-7.014214e-02	-6.393987e+00
4.661000e-05	-3.291968e-02	-6.739750e+00
4.662000e-05	9.320319e-02	-6.985431e+00
4.663000e-05	-1.256794e-01	-7.291041e+00
4.664000e-05	1.261866e-01	-7.499799e+00
4.665000e-05	-1.153009e-01	-7.816542e+00
4.666000e-05	1.030477e-01	-8.099241e+00
4.667000e-05	-2.119149e-02	-8.300271e+00
4.668000e-05	-3.911669e-02	-8.585954e+00
4.669000e-05	6.634480e-02	-8.808586e+00
4.670000e-05	-7.727788e-02	-9.057087e+00
4.671000e-05	7.418799e-02	-9.271587e+00
4.672000e-05	-7.571410e-02	-9.491249e+00
4.673000e-05	8.064385e-02	-9.733772e+00
4.674000e-05	-2.695121e-02	-9.923276e+00
4.675000e-05	8.388519e-03	-1.017577e+01
4.676000e-05	-1.987620e-02	-1.035535e+01
4.677000e-05	-1.732961e-03	-1.061441e+01
4.678000e-05	3.285483e-02	-1.072383e+01
4.679000e-05	-3.815002e-02	-1.097540e+01
4.680000e-05	3.557495e-02	-1.118690e+01
4.681000e-05	-1.839586e-02	-1.136733e+01
4.682000e-05	3.112608e-02	-1.158583e+01
4.683000e-05	-4.670190e-02	-1.174532e+01
4.684000e-05	3.304113e-02	-1.195535e+01
4.685000e-05	-6.329251e-03	-1.210430e+01
4.686000e-05	1.414682e-02	-1.232124e+01
4.687000e-05	-2.202050e-02	-1.245314e+01
4.688000e-05	1.559110e-02	-1.264856e+01
4.689000e-05	4.761545e-03	-1.277950e+01
4.690000e-05	-1.244665e-02	-1.298788e+01
4.691000e-05	4.060705e-03	-1.308417e+01
4.692000e-05	4.071976e-03	-1.325269e+01
4.693000e-05	1.718027e-02	-1.342693e+01
4.694000e-05	-1.592793e-02	-1.353532e+01
4.695000e-05	1.351912e-02	-1.372312e+01
4.696000e-05	-9.983784e-04	-1.382956e+01
4.697000e-05	7.216306e-03	-1.392634e+01
4.698000e-05	-7.400999e-03	-1.408324e+01
4.699000e-05	1.074018e-02	-1.421048e+01
4.700000e-05	4.329763e-03	-1.432319e+01
4.701000e-05	2.706886e-03	-1.441008e+01
4.702000e-05	3.131988e-03	-1.447522e+01
4.703000e-05	5.315958e-03	-1.458898e+01
4.704000e-05	5.796119e-03	-1.465011e+01
4.705000e-05	3.943142e-03	-1.476585e+01
4.706000e-05	8.511670e-03	-1.480948e+01
4.707000e-05	6.374791e-03	-1.486326e+01
4.708000e-05	5.735223e-03	-1.492579e+01
4.709000e-05	7.334586e-03	-1.497890e+01
4.710000e-05	6.392409e-03	-1.502950e+01
4.711000e-05	5.640885e-03	-1.505311e+01
4.712000e-05	8.925318e-03	-1.509377e+01
4.713000e-05	1.073184e-02	-1.514532e+01
4.714000e-05	1.184092e-02	-1.516692e+01
4.715000e-05	1.066551e-02	-1.522693e+01
4.716000e-05	1.319325e-02	-1.518847e+01
4.717000e-05	1.495507e-02	-1.520950e+01
4.718000e-05	1.668269e-02	-1.522957e+01
4.719000e-05	1.975219e-02	-1.523855e+01
4.720000e-05	2.194181e-02	-1.523060e+01
4.721000e-05	2.288641e-02	-1.524815e+01
4.722000e-05	2.707600e-02	-1.524210e+01
4.723000e-05	3.006339e-02	-1.522945e+01
4.724000e-05	3.523786e-02	-1.515602e+01
4.725000e-05	3.633009e-02	-1.516837e+01
4.726000e-05	3.806439e-02	-1.511582e+01
4.727000e-05	3.868525e-02	-1.508373e+01
4.728000e-05	3.668059e-02	-1.506208e+01
4.729000e-05	3.536435e-02	-1.497748e+01
4.730000e-05	3.023143e-02	-1.493579e+01
4.731000e-05	2.743930e-02	-1.489316e+01
4.732000e-05	2.415256e-02	-1.478948e+01
4.733000e-05	2.149783e-02	-1.470421e+01
4.734000e-05	1.816752e-02	-1.461998e+01
4.735000e-05	1.561364e-02	-1.454541e+01
4.736000e-05	1.409796e-02	-1.446115e+01
4.737000e-05	1.177434e-02	-1.433492e+01
4.738000e-05	9.704144e-03	-1.425015e+01
4.739000e-05	8.878844e-03	-1.413429e+01
4.740000e-05	7.561085e-03	-1.399800e+01
4.741000e-05	4.787599e-03	-1.386213e+01
4.742000e-05	4.835230e-03	-1.374542e+01
4.743000e-05	4.166958e-03	-1.361810e+01
4.744000e-05	3.645012e-03	-1.348263e+01
4.745000e-05	2.625981e-03	-1.337531e+01
4.746000e-05	3.030579e-03	-1.324995e+01
4.747000e-05	1.925484e-03	-1.305165e+01
4.748000e-05	1.733184e-03	-1.292287e+01
4.749000e-05	6.674055e-04	-1.277690e+01
4.750000e-05	1.147898e-03	-1.265952e+01
4.751000e-05	1.461267e-04	-1.249161e+01
4.752000e-05	-1.224212e-03	-1.231228e+01
4.753000e-05	-1.996332e-04	-1.214241e+01
4.754000e-05	-1.142388e-03	-1.194592e+01
4.755000e-05	-3.619235e-04	-1.181689e+01
4.756000e-05	-5.415273e-04	-1.155649e+01
4.757000e-05	-6.467039e-04	-1.135389e+01
4.758000e-05	-2.063597e-03	-1.114377e+01
4.759000e-05	-2.430941e-03	-1.093384e+01
4.760000e-05	-1.064085e-03	-1.075186e+01
4.761000e-05	-2.322785e-03	-1.057339e+01
4.762000e-05	-3.823384e-03	-1.032284e+01
4.763000e-05	-3.346013e-03	-1.012324e+01
4.764000e-05	-2.424097e-03	-9.908783e+00
4.765000e-05	-2.842896e-03	-9.677681e+00
4.766000e-05	-4.184575e-03	-9.438122e+00
4.767000e-05	-3.163874e-03	-9.209022e+00
4.768000e-05	-3.983138e-03	-9.015495e+00
4.769000e-05	-4.415618e-03	-8.794990e+00
4.770000e-05	-3.937035e-03	-8.543387e+00
4.771000e-05	-3.413510e-03	-8.270253e+00
4.772000e-05	-5.417317e-03	-8.036628e+00
4.773000e-05	-5.476295e-03	-7.804994e+00
4.774000e-05	-4.608764e-03	-7.509282e+00
4.775000e-05	-4.615008e-03	-7.276703e+00
4.776000e-05	-4.700929e-03	-7.026071e+00
4.777000e-05	-5.372883e-03	-6.760437e+00
4.778000e-05	-4.106485e-03	-6.520308e+00
4.779000e-05	-5.268361e-03	-6.255198e+00
4.780000e-05	-3.456526e-03	-5.982040e+00
4.781000e-05	-5.346861e-03	-5.737836e+00
4.782000e-05	-4.016492e-03	-5.496783e+00
4.783000e-05	-6.542958e-03	-5.180888e+00
4.784000e-05	-4.103152e-03	-4.908803e+00
4.785000e-05	-4.795793e-03	-4.561466e+00
4.786000e-05	-4.345878e-03	-4.338365e+00
4.787000e-05	-5.471888e-03	-4.056308e+00
4.788000e-05	-4.070940e-03	-3.804021e+00
4.789000e-05	-5.145723e-03	-3.558362e+00
4.790000e-05	-4.432831e-03	-3.294779e+00
4.791000e-05	-6.845088e-03	-2.978888e+00
4.792000e-05	-4.970195e-03	-2.654134e+00
4.793000e-05	-7.662717e-03	-2.411120e+00
4.794000e-05	-4.047070e-03	-2.074804e+00
4.795000e-05	-7.027290e-03	-1.842047e+00
4.796000e-05	-3.989594e-03	-1.606862e+00
4.797000e-05	-6.795877e-03	-1.199545e+00
4.798000e-05	-4.646881e-03	-9.363318e-01
4.799000e-05	-6.319974e-03	-6.735975e-01
4.800000e-05	-4.668894e-03	-3.478618e-01
4.801000e-05	-4.709570e-03	-5.377914e-02
4.802000e-05	1.228011e-03	2.014855e-01
4.803000e-05	4.555508e-03	4.541682e-01
4.804000e-05	-8.223062e-03	7.263186e-01
4.805000e-05	3.891873e-03	9.494319e-01
4.806000e-05	-5.717696e-03	1.296713e+00
4.807000e-05	2.388405e-03	1.569950e+00
4.808000e-05	-6.751544e-03	1.825164e+00
4.809000e-05	1.422798e-02	2.074064e+00
4.810000e-05	2.337530e-02	2.306220e+00
4.811000e-05	9.360262e-02	2.583440e+00
4.812000e-05	-6.980307e-02	2.929856e+00
4.813000e-05	-3.287529e-02	3.224611e+00
4.814000e-05	-3.070401e-02	3.538750e+00
4.815000e-05	3.940856e-03	3.770382e+00
4.816000e-05	-4.519242e-02	3.972928e+00
4.817000e-05	-1.769258e-02	4.236554e+00
4.818000e-05	6.054339e-02	4.486713e+00
4.819000e-05	3.905336e-02	4.721909e+00
4.820000e-05	-1.261720e-01	4.986508e+00
4.821000e-05	1.774228e-01	5.300199e+00
4.822000e-05	-1.581983e-01	5.603508e+00
4.823000e-05	7.911946e-02	5.876593e+00
4.824000e-05	-2.194113e-02	6.130296e+00
4.825000e-05	1.354383e-03	6.363382e+00
4.826000e-05	1.447308e-02	6.659163e+00
4.827000e-05	-4.829605e-02	6.950320e+00
4.828000e-05	5.973669e-02	7.185435e+00
4.829000e-05	-5.855518e-02	7.499616e+00
4.830000e-05	1.850999e-02	7.753447e+00
4.831000e-05	-2.012338e-02	8.045063e+00
4.832000e-05	2.258252e-02	8.319817e+00
4.833000e-05	1.797809e-02	8.500198e+00
4.834000e-05	-4.749247e-02	8.752327e+00
4.835000e-05	1.755723e-02	9.004930e+00
4.836000e-05	-7.340427e-03	9.219909e+00
4.837000e-05	4.906791e-04	9.468537e+00
4.838000e-05	-1.637531e-02	9.670638e+00
4.839000e-05	6.845654e-03	9.879640e+00
4.840000e-05	9.170431e-03	1.011224e+01
4.841000e-05	-1.541887e-02	1.036230e+01
4.842000e-05	-1.621938e-02	1.051485e+01
4.843000e-05	-2.604575e-03	1.073385e+01
4.844000e-05	1.119668e-02	1.093277e+01
4.845000e-05	-8.973173e-03	1.113382e+01
4.846000e-05	-1.457359e-02	1.131382e+01
4.847000e-05	7.403279e-03	1.151527e+01
4.848000e-05	3.237523e-03	1.176384e+01
4.849000e-05	-1.610061e-02	1.190272e+01
4.850000e-05	-9.956076e-03	1.206222e+01
4.851000e-05	8.510421e-03	1.228114e+01
4.852000e-05	9.632273e-04	1.242016e+01
4.853000e-05	-1.773569e-02	1.260851e+01
4.854000e-05	-5.849700e-03	1.277640e+01
4.855000e-05	7.090801e-04	1.293479e+01
4.856000e-05	-7.463183e-03	1.306219e+01
4.857000e-05	-1.547221e-02	1.321853e+01
4.858000e-05	-2.182761e-03	1.338835e+01
4.859000e-05	1.575594e-03	1.354429e+01
4.860000e-05	-9.325091e-03	1.364213e+01
4.861000e-05	-7.080905e-03	1.379896e+01
4.862000e-05	-6.931920e-03	1.393679e+01
4.863000e-05	-4.909832e-03	1.410523e+01
4.864000e-05	-1.460303e-02	1.421101e+01
4.865000e-05	-6.145525e-03	1.436580e+01
4.866000e-05	-7.324020e-03	1.443850e+01
4.867000e-05	-9.189976e-03	1.450534e+01
4.868000e-05	-1.003133e-02	1.458843e+01
4.869000e-05	-9.423946e-03	1.469274e+01
4.870000e-05	-7.514352e-03	1.473692e+01
4.871000e-05	-9.053530e-03	1.483955e+01
4.872000e-05	-7.871648e-03	1.487371e+01
4.873000e-05	-1.251332e-02	1.493437e+01
4.874000e-05	-1.257265e-02	1.497843e+01
4.875000e-05	-1.529453e-02	1.503005e+01
4.876000e-05	-1.266760e-02	1.510169e+01
4.877000e-05	-1.654851e-02	1.509577e+01
4.878000e-05	-1.714175e-02	1.512787e+01
4.879000e-05	-1.535079e-02	1.516845e+01
4.880000e-05	-1.820558e-02	1.519098e+01
4.881000e-05	-1.937052e-02	1.524315e+01
4.882000e-05	-2.241506e-02	1.521303e+01
4.883000e-05	-2.176850e-02	1.525466e+01
4.884000e-05	-2.622022e-02	1.524564e+01
4.885000e-05	-2.757129e-02	1.526428e+01
4.886000e-05	-2.991837e-02	1.528468e+01
4.887000e-05	-3.358569e-02	1.522408e+01
4.888000e-05	-3.581015e-02	1.524263e+01
4.889000e-05	-4.141392e-02	1.521210e+01
4.890000e-05	-4.212678e-02	1.518965e+01
4.891000e-05	-4.465258e-02	1.511842e+01
4.892000e-05	-4.350883e-02	1.516576e+01
4.893000e-05	-4.559847e-02	1.510368e+01
4.894000e-05	-4.152115e-02	1.501053e+01
4.895000e-05	-3.754399e-02	1.495894e+01
4.896000e-05	-3.539240e-02	1.493489e+01
4.897000e-05	-3.020143e-02	1.483063e+01
4.898000e-05	-2.718129e-02	1.477595e+01
4.899000e-05	-2.431485e-02	1.466466e+01
4.900000e-05	-2.315291e-02	1.459850e+01
4.901000e-05	-2.111807e-02	1.450531e+01
4.902000e-05	-1.943996e-02	1.440055e+01
4.903000e-05	-1.793415e-02	1.430231e+01
4.904000e-05	-1.662421e-02	1.419852e+01
4.905000e-05	-1.495677e-02	1.406072e+01
4.906000e-05	-1.322871e-02	1.392639e+01
4.907000e-05	-1.272502e-02	1.384060e+01
4.908000e-05	-1.193342e-02	1.369365e+01
4.909000e-05	-1.169096e-02	1.355642e+01
4.910000e-05	-1.084922e-02	1.341707e+01
4.911000e-05	-1.069538e-02	1.326220e+01
4.912000e-05	-9.505833e-03	1.312434e+01
4.913000e-05	-9.109381e-03	1.296794e+01
4.914000e-05	-9.553788e-03	1.283105e+01
4.915000e-05	-9.031928e-03	1.266018e+01
4.916000e-05	-9.027649e-03	1.253479e+01
4.917000e-05	-7.381981e-03	1.238592e+01
4.918000e-05	-8.059829e-03	1.219745e+01
4.919000e-05	-6.332298e-03	1.201153e+01
4.920000e-05	-7.354171e-03	1.187913e+01
4.921000e-05	-6.738390e-03	1.164918e+01
4.922000e-05	-6.936317e-03	1.142913e+01
4.923000e-05	-6.725453e-03	1.128160e+01
4.924000e-05	-6.255977e-03	1.098808e+01
4.925000e-05	-6.610840e-03	1.085068e+01
4.926000e-05	-5.068111e-03	1.065768e+01
4.927000e-05	-5.693276e-03	1.042850e+01
4.928000e-05	-5.790528e-03	1.020602e+01
4.929000e-05	-6.413740e-03	9.995093e+00
4.930000e-05	-5.764549e-03	9.774841e+00
4.931000e-05	-5.167584e-03	9.590286e+00
4.932000e-05	-6.178438e-03	9.331338e+00
4.933000e-05	-4.534782e-03	9.099280e+00
4.934000e-05	-4.789032e-03	8.877723e+00
4.935000e-05	-5.439396e-03	8.626148e+00
4.936000e-05	-6.071648e-03	8.375066e+00
4.937000e-05	-4.531560e-03	8.132363e+00
4.938000e-05	-4.784124e-03	7.899705e+00
4.939000e-05	-4.980612e-03	7.666224e+00
4.940000e-05	-5.243706e-03	7.372895e+00
4.941000e-05	-5.228779e-03	7.119383e+00
4.942000e-05	-4.853397e-03	6.877207e+00
4.943000e-05	-5.152535e-03	6.633970e+00
4.944000e-05	-5.111885e-03	6.350342e+00
4.945000e-05	-4.615359e-03	6.128762e+00
4.946000e-05	-4.351934e-03	5.887180e+00
4.947000e-05	-5.155557e-03	5.601018e+00
4.948000e-05	-4.920917e-03	5.307908e+00
4.949000e-05	-5.012866e-03	4.961640e+00
4.950000e-05	-4.938383e-03	4.716307e+00
4.951000e-05	-4.917692e-03	4.434124e+00
4.952000e-05	-4.336468e-03	4.151938e+00
4.953000e-05	-4.312017e-03	3.847229e+00
4.954000e-05	-4.552681e-03	3.642544e+00
4.955000e-05	-3.810390e-03	3.378854e+00
4.956000e-05	-4.694129e-03	3.065672e+00
4.957000e-05	-4.883304e-03	2.812067e+00
4.958000e-05	-4.654995e-03	2.526853e+00
4.959000e-05	-3.627506e-03	2.199071e+00
4.960000e-05	-6.208254e-03	1.968438e+00
4.961000e-05	-2.912728e-03	1.623147e+00
4.962000e-05	-7.539002e-03	1.368286e+00
4.963000e-05	-1.311352e-03	1.060191e+00
4.964000e-05	-5.506774e-03	7.467841e-01
4.965000e-05	-3.400701e-03	4.816726e-01
4.966000e-05	-3.144442e-03	1.275168e-01
4.967000e-05	-2.641900e-03	-1.152447e-01
4.968000e-05	1.252478e-02	-3.793551e-01
4.969000e-05	-8.312404e-03	-6.755871e-01
4.970000e-05	7.075086e-03	-9.172497e-01
4.971000e-05	-4.440849e-03	-1.140454e+00
4.972000e-05	4.810051e-03	-1.498146e+00
4.973000e-05	-6.199727e-03	-1.707272e+00
4.974000e-05	1.963374e-02	-1.950348e+00
4.975000e-05	4.736059e-02	-2.172459e+00
4.976000e-05	8.846944e-02	-2.496750e+00
4.977000e-05	-1.251952e-01	-2.845196e+00
4.978000e-05	3.447615e-02	-3.265089e+00
4.979000e-05	-6.001669e-02	-3.496667e+00
4.980000e-05	1.131891e-02	-3.678720e+00
4.981000e-05	-1.216423e-01	-3.949378e+00
4.982000e-05	1.684061e-01	-4.118845e+00
4.983000e-05	3.672033e-03	-4.338875e+00
4.984000e-05	-1.330000e-01	-4.675618e+00
4.985000e-05	2.110142e-01	-4.858246e+00
4.986000e-05	-2.242645e-01	-5.243462e+00
4.987000e-05	1.534026e-01	-5.499271e+00
4.988000e-05	-5.972846e-02	-5.730403e+00
4.989000e-05	-1.306683e-02	-5.987989e+00
4.990000e-05	1.133245e-01	-6.248696e+00
4.991000e-05	-1.572556e-01	-6.575482e+00
4.992000e-05	1.275824e-01	-6.859091e+00
4.993000e-05	-8.397622e-02	-7.138828e+00
4.994000e-05	2.366726e-02	-7.367534e+00
4.995000e-05	2.505150e-02	-7.609115e+00
4.996000e-05	-5.915589e-02	-7.943857e+00
4.997000e-05	1.273529e-01	-8.185927e+00
4.998000e-05	-1.273524e-01	-8.437590e+00
4.999000e-05	8.971481e-02	-8.671121e+00
